seed,target,coverage,heterogeneity,budget,CollisionCount,CriticalCount,SeveritySum,CVS,CollisionCells,F,NewHistoricalFailureCount,function_queries,queried_indices,method,repeat,selection_seconds
20280317,Target-idm_mobil-leaveoneout,leave_one_out,idm_mobil,10,0,6,3.0,3.0,0,0.05144114069896796,3,cutin_braking:1;fast_intrusion:1;lead_braking:1;slow_lead_following:6;stop_and_go:1,438;308;467;481;468;435;458;237;159;14,NoComposition,0,0.3282158999936655
20280317,Target-idm_mobil-leaveoneout,leave_one_out,idm_mobil,20,0,15,7.5,6.5,0,0.07109661429592984,6,cutin_braking:1;fast_intrusion:1;lead_braking:1;slow_lead_following:10;stop_and_go:7,438;308;467;481;468;435;458;237;159;14;428;380;390;388;344;472;387;434;396;408,NoComposition,0,0.3282158999936655
20280317,Target-idm_mobil-leaveoneout,leave_one_out,idm_mobil,30,0,24,12.0,8.5,0,0.07961817445234887,8,cutin_braking:1;fast_intrusion:1;lead_braking:1;slow_lead_following:13;stop_and_go:14,438;308;467;481;468;435;458;237;159;14;428;380;390;388;344;472;387;434;396;408;319;444;440;410;302;335;336;320;346;376,NoComposition,0,0.3282158999936655
20280317,Target-idm_mobil-leaveoneout,leave_one_out,idm_mobil,50,0,42,21.0,9.0,0,0.08566394941058512,25,cutin_braking:1;fast_intrusion:1;lead_braking:1;slow_lead_following:32;stop_and_go:15,438;308;467;481;468;435;458;237;159;14;428;380;390;388;344;472;387;434;396;408;319;444;440;410;302;335;336;320;346;376;484;492;442;456;356;432;464;452;448;416;476;426;498;496;474;404;488;412;482;402,NoComposition,0,0.3282158999936655
20280317,Target-idm_mobil-leaveoneout,leave_one_out,idm_mobil,10,0,8,4.0,3.5,0,0.028823522683495577,0,cutin_braking:1;fast_intrusion:1;lead_braking:1;slow_lead_following:1;stop_and_go:6,438;308;380;390;388;344;387;281;193;77,NoNull,0,0.3289616000838578
20280317,Target-idm_mobil-leaveoneout,leave_one_out,idm_mobil,20,0,18,9.0,6.0,0,0.03848748412600002,0,cutin_braking:1;fast_intrusion:1;lead_braking:2;slow_lead_following:1;stop_and_go:15,438;308;380;390;388;344;387;281;193;77;251;396;319;302;335;336;320;346;376;356,NoNull,0,0.3289616000838578
20280317,Target-idm_mobil-leaveoneout,leave_one_out,idm_mobil,30,0,25,12.5,9.0,0,0.08308591844602975,7,cutin_braking:1;fast_intrusion:1;lead_braking:2;slow_lead_following:11;stop_and_go:15,438;308;380;390;388;344;387;281;193;77;251;396;319;302;335;336;320;346;376;356;468;467;435;458;428;434;472;440;408;444,NoNull,0,0.3289616000838578
20280317,Target-idm_mobil-leaveoneout,leave_one_out,idm_mobil,50,0,43,21.5,9.5,0,0.08986042500757771,25,cutin_braking:1;fast_intrusion:1;lead_braking:2;slow_lead_following:31;stop_and_go:15,438;308;380;390;388;344;387;281;193;77;251;396;319;302;335;336;320;346;376;356;468;467;435;458;428;434;472;440;408;444;410;484;492;442;456;432;464;452;448;416;476;426;498;496;474;404;488;412;482;402,NoNull,0,0.3289616000838578
20280317,Target-idm_mobil-leaveoneout,leave_one_out,idm_mobil,10,0,1,0.5,0.5,0,0.00446098333996592,0,cutin_braking:3;fast_intrusion:0;lead_braking:1;slow_lead_following:2;stop_and_go:4,389;138;166;380;411;180;296;349;362;423,Random,0,0.0001952000893652439
20280317,Target-idm_mobil-leaveoneout,leave_one_out,idm_mobil,20,0,5,2.5,2.0,0,0.026828229402746852,4,cutin_braking:6;fast_intrusion:0;lead_braking:3;slow_lead_following:4;stop_and_go:7,389;138;166;380;411;180;296;349;362;423;300;191;248;399;443;137;448;368;112;257,Random,0,0.0001952000893652439
20280317,Target-idm_mobil-leaveoneout,leave_one_out,idm_mobil,30,0,7,3.5,3.0,0,0.03164306711460645,6,cutin_braking:9;fast_intrusion:4;lead_braking:5;slow_lead_following:5;stop_and_go:7,389;138;166;380;411;180;296;349;362;423;300;191;248;399;443;137;448;368;112;257;454;56;81;155;256;150;117;274;96;5,Random,0,0.0001952000893652439
20280317,Target-idm_mobil-leaveoneout,leave_one_out,idm_mobil,50,0,9,4.5,4.0,0,0.04620247742130208,8,cutin_braking:12;fast_intrusion:8;lead_braking:10;slow_lead_following:7;stop_and_go:13,389;138;166;380;411;180;296;349;362;423;300;191;248;399;443;137;448;368;112;257;454;56;81;155;256;150;117;274;96;5;267;199;378;351;208;101;492;360;55;317;93;428;142;49;394;361;249;279;239;15,Random,0,0.0001952000893652439
20280317,Target-idm_mobil-leaveoneout,leave_one_out,idm_mobil,10,0,1,0.5,0.5,0,0.001966375432927167,1,cutin_braking:2;fast_intrusion:2;lead_braking:2;slow_lead_following:0;stop_and_go:4,214;284;141;185;59;7;384;399;315;374,Random,1,0.0001428000396117568
20280317,Target-idm_mobil-leaveoneout,leave_one_out,idm_mobil,20,0,2,1.0,1.0,0,0.0223698630140447,2,cutin_braking:6;fast_intrusion:2;lead_braking:5;slow_lead_following:3;stop_and_go:4,214;284;141;185;59;7;384;399;315;374;245;127;469;211;459;155;108;299;478;166,Random,1,0.0001428000396117568
20280317,Target-idm_mobil-leaveoneout,leave_one_out,idm_mobil,30,0,3,1.5,1.5,0,0.026386223404594594,3,cutin_braking:8;fast_intrusion:3;lead_braking:10;slow_lead_following:4;stop_and_go:5,214;284;141;185;59;7;384;399;315;374;245;127;469;211;459;155;108;299;478;166;235;369;43;266;256;264;124;153;445;257,Random,1,0.0001428000396117568
20280317,Target-idm_mobil-leaveoneout,leave_one_out,idm_mobil,50,0,9,4.5,4.5,0,0.05220161875277052,8,cutin_braking:13;fast_intrusion:8;lead_braking:11;slow_lead_following:10;stop_and_go:8,214;284;141;185;59;7;384;399;315;374;245;127;469;211;459;155;108;299;478;166;235;369;43;266;256;264;124;153;445;257;348;71;401;144;422;50;358;387;493;140;142;170;105;433;39;413;30;20;456;236,Random,1,0.0001428000396117568
20280317,Target-idm_mobil-leaveoneout,leave_one_out,idm_mobil,10,0,2,1.0,1.0,0,0.03088967267361428,2,cutin_braking:3;fast_intrusion:3;lead_braking:2;slow_lead_following:2;stop_and_go:0,52;128;124;46;268;79;426;413;245;122,Random,2,0.00011100003030151129
20280317,Target-idm_mobil-leaveoneout,leave_one_out,idm_mobil,20,0,5,2.5,2.5,0,0.04161931955016459,3,cutin_braking:7;fast_intrusion:4;lead_braking:2;slow_lead_following:5;stop_and_go:2,52;128;124;46;268;79;426;413;245;122;457;133;376;150;438;190;458;192;362;67,Random,2,0.00011100003030151129
20280317,Target-idm_mobil-leaveoneout,leave_one_out,idm_mobil,30,0,8,4.0,3.5,0,0.055146372160935264,5,cutin_braking:10;fast_intrusion:6;lead_braking:4;slow_lead_following:8;stop_and_go:2,52;128;124;46;268;79;426;413;245;122;457;133;376;150;438;190;458;192;362;67;435;422;237;179;205;468;199;49;17;169,Random,2,0.00011100003030151129
20280317,Target-idm_mobil-leaveoneout,leave_one_out,idm_mobil,50,0,11,5.5,4.5,0,0.06216635352995934,8,cutin_braking:13;fast_intrusion:12;lead_braking:10;slow_lead_following:10;stop_and_go:5,52;128;124;46;268;79;426;413;245;122;457;133;376;150;438;190;458;192;362;67;435;422;237;179;205;468;199;49;17;169;18;354;38;152;200;204;263;443;247;360;116;195;322;0;264;2;278;68;450;56,Random,2,0.00011100003030151129
20280317,Target-idm_mobil-leaveoneout,leave_one_out,idm_mobil,10,0,1,0.5,0.5,0,0.0018011496382258903,0,cutin_braking:3;fast_intrusion:4;lead_braking:2;slow_lead_following:0;stop_and_go:1,175;11;17;77;146;48;376;243;276;128,Random,3,0.00010820000898092985
20280317,Target-idm_mobil-leaveoneout,leave_one_out,idm_mobil,20,0,2,1.0,1.0,0,0.023921498483250706,1,cutin_braking:6;fast_intrusion:6;lead_braking:4;slow_lead_following:2;stop_and_go:2,175;11;17;77;146;48;376;243;276;128;260;38;201;183;327;161;453;7;171;461,Random,3,0.00010820000898092985
20280317,Target-idm_mobil-leaveoneout,leave_one_out,idm_mobil,30,0,3,1.5,1.5,0,0.026572265156379327,1,cutin_braking:9;fast_intrusion:8;lead_braking:4;slow_lead_following:5;stop_and_go:4,175;11;17;77;146;48;376;243;276;128;260;38;201;183;327;161;453;7;171;461;396;142;110;39;88;415;441;389;447;136,Random,3,0.00010820000898092985
20280317,Target-idm_mobil-leaveoneout,leave_one_out,idm_mobil,50,0,7,3.5,3.0,0,0.035683095923693106,2,cutin_braking:13;fast_intrusion:11;lead_braking:6;slow_lead_following:8;stop_and_go:12,175;11;17;77;146;48;376;243;276;128;260;38;201;183;327;161;453;7;171;461;396;142;110;39;88;415;441;389;447;136;333;169;32;109;174;417;388;99;36;332;331;477;308;293;119;399;339;319;261;405,Random,3,0.00010820000898092985
20280317,Target-idm_mobil-leaveoneout,leave_one_out,idm_mobil,10,0,0,0.0,0.0,0,0.0,0,cutin_braking:3;fast_intrusion:2;lead_braking:3;slow_lead_following:0;stop_and_go:2,292;259;98;154;128;115;361;301;219;6,Random,4,0.00010519998613744974
20280317,Target-idm_mobil-leaveoneout,leave_one_out,idm_mobil,20,0,3,1.5,1.5,0,0.009807668387161617,2,cutin_braking:6;fast_intrusion:3;lead_braking:4;slow_lead_following:1;stop_and_go:6,292;259;98;154;128;115;361;301;219;6;108;188;378;419;62;277;397;319;118;324,Random,4,0.00010519998613744974
20280317,Target-idm_mobil-leaveoneout,leave_one_out,idm_mobil,30,0,5,2.5,2.5,0,0.015497813647425224,4,cutin_braking:7;fast_intrusion:5;lead_braking:7;slow_lead_following:2;stop_and_go:9,292;259;98;154;128;115;361;301;219;6;108;188;378;419;62;277;397;319;118;324;298;481;87;150;398;225;312;99;227;368,Random,4,0.00010519998613744974
20280317,Target-idm_mobil-leaveoneout,leave_one_out,idm_mobil,50,0,7,3.5,3.0,0,0.03053885465043633,6,cutin_braking:13;fast_intrusion:10;lead_braking:10;slow_lead_following:6;stop_and_go:11,292;259;98;154;128;115;361;301;219;6;108;188;378;419;62;277;397;319;118;324;298;481;87;150;398;225;312;99;227;368;90;18;240;432;463;479;26;78;114;134;377;371;246;28;148;464;179;145;156;220,Random,4,0.00010519998613744974
20280317,Target-idm_mobil-leaveoneout,leave_one_out,idm_mobil,10,0,2,1.0,1.0,0,0.006135314234825915,2,cutin_braking:1;fast_intrusion:5;lead_braking:1;slow_lead_following:1;stop_and_go:2,325;368;15;132;61;91;47;18;288;419,Random,5,0.0001409999094903469
20280317,Target-idm_mobil-leaveoneout,leave_one_out,idm_mobil,20,0,3,1.5,1.5,0,0.008682686714165598,3,cutin_braking:4;fast_intrusion:7;lead_braking:2;slow_lead_following:2;stop_and_go:5,325;368;15;132;61;91;47;18;288;419;235;384;381;56;338;169;172;25;146;429,Random,5,0.0001409999094903469
20280317,Target-idm_mobil-leaveoneout,leave_one_out,idm_mobil,30,0,4,2.0,2.0,0,0.019840134915100043,4,cutin_braking:4;fast_intrusion:8;lead_braking:4;slow_lead_following:5;stop_and_go:9,325;368;15;132;61;91;47;18;288;419;235;384;381;56;338;169;172;25;146;429;451;342;395;293;40;225;337;314;493;494,Random,5,0.0001409999094903469
20280317,Target-idm_mobil-leaveoneout,leave_one_out,idm_mobil,50,0,8,4.0,3.0,0,0.047332498631879445,8,cutin_braking:7;fast_intrusion:16;lead_braking:6;slow_lead_following:12;stop_and_go:9,325;368;15;132;61;91;47;18;288;419;235;384;381;56;338;169;172;25;146;429;451;342;395;293;40;225;337;314;493;494;476;0;89;436;29;35;1;147;100;406;470;10;71;109;98;215;428;453;240;445,Random,5,0.0001409999094903469
20280317,Target-idm_mobil-leaveoneout,leave_one_out,idm_mobil,10,0,3,1.5,1.5,0,0.03821800344498718,3,cutin_braking:1;fast_intrusion:2;lead_braking:2;slow_lead_following:4;stop_and_go:1,409;23;84;231;257;461;429;193;363;467,Random,6,0.00011560006532818079
20280317,Target-idm_mobil-leaveoneout,leave_one_out,idm_mobil,20,0,5,2.5,2.5,0,0.046859154656776765,5,cutin_braking:2;fast_intrusion:3;lead_braking:5;slow_lead_following:7;stop_and_go:3,409;23;84;231;257;461;429;193;363;467;449;16;478;291;389;167;492;282;271;317,Random,6,0.00011560006532818079
20280317,Target-idm_mobil-leaveoneout,leave_one_out,idm_mobil,30,0,7,3.5,3.5,0,0.053867510476082375,6,cutin_braking:3;fast_intrusion:6;lead_braking:8;slow_lead_following:8;stop_and_go:5,409;23;84;231;257;461;429;193;363;467;449;16;478;291;389;167;492;282;271;317;56;380;374;258;36;487;3;273;227;154,Random,6,0.00011560006532818079
20280317,Target-idm_mobil-leaveoneout,leave_one_out,idm_mobil,50,0,10,5.0,5.0,0,0.06465520254427524,8,cutin_braking:10;fast_intrusion:9;lead_braking:12;slow_lead_following:11;stop_and_go:8,409;23;84;231;257;461;429;193;363;467;449;16;478;291;389;167;492;282;271;317;56;380;374;258;36;487;3;273;227;154;494;489;384;130;286;235;341;376;170;0;97;403;9;148;233;295;149;196;122;187,Random,6,0.00011560006532818079
20280317,Target-idm_mobil-leaveoneout,leave_one_out,idm_mobil,10,0,3,1.5,1.5,0,0.04323573647305612,3,cutin_braking:3;fast_intrusion:3;lead_braking:0;slow_lead_following:4;stop_and_go:0,461;95;88;164;94;456;433;446;157;115,Random,7,0.00010840001050382853
20280317,Target-idm_mobil-leaveoneout,leave_one_out,idm_mobil,20,0,5,2.5,2.5,0,0.058511789525268684,5,cutin_braking:5;fast_intrusion:4;lead_braking:3;slow_lead_following:5;stop_and_go:3,461;95;88;164;94;456;433;446;157;115;293;468;188;225;352;70;360;212;193;341,Random,7,0.00010840001050382853
20280317,Target-idm_mobil-leaveoneout,leave_one_out,idm_mobil,30,0,8,4.0,4.0,0,0.06514698552174028,7,cutin_braking:5;fast_intrusion:5;lead_braking:5;slow_lead_following:9;stop_and_go:6,461;95;88;164;94;456;433;446;157;115;293;468;188;225;352;70;360;212;193;341;97;209;287;479;497;397;429;469;336;365,Random,7,0.00010840001050382853
20280317,Target-idm_mobil-leaveoneout,leave_one_out,idm_mobil,50,0,11,5.5,5.5,0,0.0729263205343205,9,cutin_braking:8;fast_intrusion:10;lead_braking:10;slow_lead_following:13;stop_and_go:9,461;95;88;164;94;456;433;446;157;115;293;468;188;225;352;70;360;212;193;341;97;209;287;479;497;397;429;469;336;365;444;12;77;148;295;308;372;217;58;215;417;425;61;486;375;109;244;189;45;243,Random,7,0.00010840001050382853
20280317,Target-idm_mobil-leaveoneout,leave_one_out,idm_mobil,10,0,1,0.5,0.5,0,0.002482554021179113,1,cutin_braking:3;fast_intrusion:0;lead_braking:2;slow_lead_following:3;stop_and_go:2,477;371;138;122;208;405;173;393;286;481,Random,8,0.00010629999451339245
20280317,Target-idm_mobil-leaveoneout,leave_one_out,idm_mobil,20,0,3,1.5,1.5,0,0.007129516306235966,3,cutin_braking:5;fast_intrusion:1;lead_braking:7;slow_lead_following:3;stop_and_go:4,477;371;138;122;208;405;173;393;286;481;210;242;301;10;229;162;195;289;223;303,Random,8,0.00010629999451339245
20280317,Target-idm_mobil-leaveoneout,leave_one_out,idm_mobil,30,0,7,3.5,3.5,0,0.0168778715332867,6,cutin_braking:7;fast_intrusion:1;lead_braking:11;slow_lead_following:3;stop_and_go:8,477;371;138;122;208;405;173;393;286;481;210;242;301;10;229;162;195;289;223;303;322;249;271;278;118;345;294;368;396;170,Random,8,0.00010629999451339245
20280317,Target-idm_mobil-leaveoneout,leave_one_out,idm_mobil,50,0,9,4.5,4.5,0,0.021947273438056355,6,cutin_braking:9;fast_intrusion:9;lead_braking:15;slow_lead_following:5;stop_and_go:12,477;371;138;122;208;405;173;393;286;481;210;242;301;10;229;162;195;289;223;303;322;249;271;278;118;345;294;368;396;170;319;79;49;42;91;267;108;54;395;281;318;483;77;314;207;403;193;39;96;268,Random,8,0.00010629999451339245
20280317,Target-idm_mobil-leaveoneout,leave_one_out,idm_mobil,10,0,2,1.0,1.0,0,0.00766794771670209,2,cutin_braking:4;fast_intrusion:2;lead_braking:1;slow_lead_following:0;stop_and_go:3,341;358;359;249;85;37;139;101;195;120,Random,9,0.0001078000059351325
20280317,Target-idm_mobil-leaveoneout,leave_one_out,idm_mobil,20,0,5,2.5,2.5,0,0.03306503620832015,3,cutin_braking:5;fast_intrusion:3;lead_braking:4;slow_lead_following:2;stop_and_go:6,341;358;359;249;85;37;139;101;195;120;259;333;176;201;44;387;237;412;445;328,Random,9,0.0001078000059351325
20280317,Target-idm_mobil-leaveoneout,leave_one_out,idm_mobil,30,0,9,4.5,4.5,0,0.05540385358420751,6,cutin_braking:7;fast_intrusion:3;lead_braking:6;slow_lead_following:6;stop_and_go:8,341;358;359;249;85;37;139;101;195;120;259;333;176;201;44;387;237;412;445;328;471;423;413;396;353;238;132;482;206;147,Random,9,0.0001078000059351325
20280317,Target-idm_mobil-leaveoneout,leave_one_out,idm_mobil,50,0,11,5.5,5.5,0,0.05791927902100601,7,cutin_braking:10;fast_intrusion:8;lead_braking:11;slow_lead_following:9;stop_and_go:12,341;358;359;249;85;37;139;101;195;120;259;333;176;201;44;387;237;412;445;328;471;423;413;396;353;238;132;482;206;147;455;87;349;307;113;370;10;235;48;275;291;264;354;13;27;179;406;446;153;265,Random,9,0.0001078000059351325
20280317,Target-mcts_cv-leaveoneout,leave_one_out,mcts_cv,10,0,0,0.0,0.0,0,0.0,0,cutin_braking:1;fast_intrusion:1;lead_braking:1;slow_lead_following:2;stop_and_go:5,410;438;308;390;237;319;388;346;64;159,NoComposition,0,0.3527174999471754
20280317,Target-mcts_cv-leaveoneout,leave_one_out,mcts_cv,20,0,1,0.5,0.5,0,0.0018011496382258903,0,cutin_braking:1;fast_intrusion:1;lead_braking:1;slow_lead_following:5;stop_and_go:12,410;438;308;390;237;319;388;346;64;159;336;302;335;344;387;448;376;320;443;417,NoComposition,0,0.3527174999471754
20280317,Target-mcts_cv-leaveoneout,leave_one_out,mcts_cv,30,0,1,0.5,0.5,0,0.0018011496382258903,0,cutin_braking:3;fast_intrusion:5;lead_braking:2;slow_lead_following:7;stop_and_go:13,410;438;308;390;237;319;388;346;64;159;336;302;335;344;387;448;376;320;443;417;396;407;456;14;91;106;83;267;196;33,NoComposition,0,0.3527174999471754
20280317,Target-mcts_cv-leaveoneout,leave_one_out,mcts_cv,50,0,1,0.5,0.5,0,0.0018011496382258903,0,cutin_braking:12;fast_intrusion:10;lead_braking:7;slow_lead_following:7;stop_and_go:14,410;438;308;390;237;319;388;346;64;159;336;302;335;344;387;448;376;320;443;417;396;407;456;14;91;106;83;267;196;33;154;88;380;270;192;78;165;200;67;232;144;151;247;29;171;185;195;93;157;282,NoComposition,0,0.3527174999471754
20280317,Target-mcts_cv-leaveoneout,leave_one_out,mcts_cv,10,0,1,0.5,0.5,0,0.0039461727213419805,0,cutin_braking:1;fast_intrusion:1;lead_braking:2;slow_lead_following:2;stop_and_go:4,410;438;308;390;237;80;319;388;281;159,NoNull,0,0.3631664999993518
20280317,Target-mcts_cv-leaveoneout,leave_one_out,mcts_cv,20,0,1,0.5,0.5,0,0.0039461727213419805,0,cutin_braking:1;fast_intrusion:1;lead_braking:5;slow_lead_following:3;stop_and_go:10,410;438;308;390;237;80;319;388;281;159;203;346;274;365;336;302;335;448;284;344,NoNull,0,0.3631664999993518
20280317,Target-mcts_cv-leaveoneout,leave_one_out,mcts_cv,30,0,2,1.0,1.0,0,0.005747322359567869,0,cutin_braking:1;fast_intrusion:1;lead_braking:8;slow_lead_following:5;stop_and_go:15,410;438;308;390;237;80;319;388;281;159;203;346;274;365;336;302;335;448;284;344;209;387;376;320;495;417;245;396;350;252,NoNull,0,0.3631664999993518
20280317,Target-mcts_cv-leaveoneout,leave_one_out,mcts_cv,50,0,2,1.0,1.0,0,0.005747322359567869,0,cutin_braking:8;fast_intrusion:10;lead_braking:9;slow_lead_following:7;stop_and_go:16,410;438;308;390;237;80;319;388;281;159;203;346;274;365;336;302;335;448;284;344;209;387;376;320;495;417;245;396;350;252;456;403;14;91;154;196;32;380;83;106;33;22;192;88;183;228;165;67;144;29,NoNull,0,0.3631664999993518
20280317,Target-mcts_cv-leaveoneout,leave_one_out,mcts_cv,10,0,0,0.0,0.0,0,0.0,0,cutin_braking:0;fast_intrusion:2;lead_braking:2;slow_lead_following:3;stop_and_go:3,39;82;401;474;253;200;308;336;380;408,Random,0,0.00016010005492717028
20280317,Target-mcts_cv-leaveoneout,leave_one_out,mcts_cv,20,0,0,0.0,0.0,0,0.0,0,cutin_braking:2;fast_intrusion:3;lead_braking:6;slow_lead_following:4;stop_and_go:5,39;82;401;474;253;200;308;336;380;408;359;145;36;299;285;293;495;357;222;122,Random,0,0.00016010005492717028
20280317,Target-mcts_cv-leaveoneout,leave_one_out,mcts_cv,30,0,0,0.0,0.0,0,0.0,0,cutin_braking:3;fast_intrusion:7;lead_braking:6;slow_lead_following:8;stop_and_go:6,39;82;401;474;253;200;308;336;380;408;359;145;36;299;285;293;495;357;222;122;406;461;398;24;144;472;86;94;8;414,Random,0,0.00016010005492717028
20280317,Target-mcts_cv-leaveoneout,leave_one_out,mcts_cv,50,0,0,0.0,0.0,0,0.0,0,cutin_braking:8;fast_intrusion:10;lead_braking:11;slow_lead_following:14;stop_and_go:7,39;82;401;474;253;200;308;336;380;408;359;145;36;299;285;293;495;357;222;122;406;461;398;24;144;472;86;94;8;414;258;273;440;99;22;494;255;117;153;415;230;25;403;361;163;100;173;455;485;218,Random,0,0.00016010005492717028
20280317,Target-mcts_cv-leaveoneout,leave_one_out,mcts_cv,10,0,1,0.5,0.5,0,0.004380076804254021,0,cutin_braking:1;fast_intrusion:2;lead_braking:1;slow_lead_following:4;stop_and_go:2,454;135;370;472;218;466;72;465;349;93,Random,1,0.00014249992091208696
20280317,Target-mcts_cv-leaveoneout,leave_one_out,mcts_cv,20,0,1,0.5,0.5,0,0.004380076804254021,0,cutin_braking:2;fast_intrusion:5;lead_braking:2;slow_lead_following:7;stop_and_go:4,454;135;370;472;218;466;72;465;349;93;431;304;39;492;464;99;354;269;115;16,Random,1,0.00014249992091208696
20280317,Target-mcts_cv-leaveoneout,leave_one_out,mcts_cv,30,0,1,0.5,0.5,0,0.004380076804254021,0,cutin_braking:4;fast_intrusion:7;lead_braking:4;slow_lead_following:9;stop_and_go:6,454;135;370;472;218;466;72;465;349;93;431;304;39;492;464;99;354;269;115;16;484;74;208;255;489;314;151;382;167;38,Random,1,0.00014249992091208696
20280317,Target-mcts_cv-leaveoneout,leave_one_out,mcts_cv,50,0,2,1.0,1.0,0,0.007339683673914696,0,cutin_braking:8;fast_intrusion:11;lead_braking:8;slow_lead_following:13;stop_and_go:10,454;135;370;472;218;466;72;465;349;93;431;304;39;492;464;99;354;269;115;16;484;74;208;255;489;314;151;382;167;38;222;63;11;487;369;411;50;197;469;495;190;184;351;253;251;165;310;394;23;259,Random,1,0.00014249992091208696
20280317,Target-mcts_cv-leaveoneout,leave_one_out,mcts_cv,10,0,0,0.0,0.0,0,0.0,0,cutin_braking:4;fast_intrusion:3;lead_braking:1;slow_lead_following:1;stop_and_go:1,169;39;485;76;173;177;262;387;11;117,Random,2,0.0001319000730291009
20280317,Target-mcts_cv-leaveoneout,leave_one_out,mcts_cv,20,0,0,0.0,0.0,0,0.0,0,cutin_braking:6;fast_intrusion:4;lead_braking:6;slow_lead_following:3;stop_and_go:1,169;39;485;76;173;177;262;387;11;117;37;495;248;217;206;114;226;112;254;405,Random,2,0.0001319000730291009
20280317,Target-mcts_cv-leaveoneout,leave_one_out,mcts_cv,30,0,0,0.0,0.0,0,0.0,0,cutin_braking:10;fast_intrusion:5;lead_braking:6;slow_lead_following:4;stop_and_go:5,169;39;485;76;173;177;262;387;11;117;37;495;248;217;206;114;226;112;254;405;313;168;194;128;394;36;381;447;158;340,Random,2,0.0001319000730291009
20280317,Target-mcts_cv-leaveoneout,leave_one_out,mcts_cv,50,0,0,0.0,0.0,0,0.0,0,cutin_braking:17;fast_intrusion:10;lead_braking:8;slow_lead_following:7;stop_and_go:8,169;39;485;76;173;177;262;387;11;117;37;495;248;217;206;114;226;112;254;405;313;168;194;128;394;36;381;447;158;340;166;412;413;16;101;337;474;52;357;161;260;197;65;367;182;278;10;121;124;46,Random,2,0.0001319000730291009
20280317,Target-mcts_cv-leaveoneout,leave_one_out,mcts_cv,10,0,0,0.0,0.0,0,0.0,0,cutin_braking:0;fast_intrusion:3;lead_braking:1;slow_lead_following:3;stop_and_go:3,99;407;393;344;474;201;317;57;409;96,Random,3,0.00011280004400759935
20280317,Target-mcts_cv-leaveoneout,leave_one_out,mcts_cv,20,0,0,0.0,0.0,0,0.0,0,cutin_braking:6;fast_intrusion:4;lead_braking:2;slow_lead_following:3;stop_and_go:5,99;407;393;344;474;201;317;57;409;96;278;179;138;115;131;109;301;132;324;75,Random,3,0.00011280004400759935
20280317,Target-mcts_cv-leaveoneout,leave_one_out,mcts_cv,30,0,0,0.0,0.0,0,0.0,0,cutin_braking:8;fast_intrusion:6;lead_braking:4;slow_lead_following:5;stop_and_go:7,99;407;393;344;474;201;317;57;409;96;278;179;138;115;131;109;301;132;324;75;272;320;258;23;9;484;176;325;401;144,Random,3,0.00011280004400759935
20280317,Target-mcts_cv-leaveoneout,leave_one_out,mcts_cv,50,0,1,0.5,0.5,0,0.0018011496382258903,0,cutin_braking:11;fast_intrusion:11;lead_braking:9;slow_lead_following:7;stop_and_go:12,99;407;393;344;474;201;317;57;409;96;278;179;138;115;131;109;301;132;324;75;272;320;258;23;9;484;176;325;401;144;289;36;134;37;391;327;358;60;280;376;399;296;186;489;89;188;475;210;17;206,Random,3,0.00011280004400759935
20280317,Target-mcts_cv-leaveoneout,leave_one_out,mcts_cv,10,0,0,0.0,0.0,0,0.0,0,cutin_braking:1;fast_intrusion:1;lead_braking:0;slow_lead_following:5;stop_and_go:3,155;424;305;421;328;12;411;439;366;433,Random,4,0.0001354999840259552
20280317,Target-mcts_cv-leaveoneout,leave_one_out,mcts_cv,20,0,0,0.0,0.0,0,0.0,0,cutin_braking:3;fast_intrusion:3;lead_braking:3;slow_lead_following:8;stop_and_go:3,155;424;305;421;328;12;411;439;366;433;432;216;246;169;469;9;48;224;429;135,Random,4,0.0001354999840259552
20280317,Target-mcts_cv-leaveoneout,leave_one_out,mcts_cv,30,0,0,0.0,0.0,0,0.0,0,cutin_braking:7;fast_intrusion:6;lead_braking:5;slow_lead_following:9;stop_and_go:3,155;424;305;421;328;12;411;439;366;433;432;216;246;169;469;9;48;224;429;135;159;427;82;153;15;183;208;242;2;189,Random,4,0.0001354999840259552
20280317,Target-mcts_cv-leaveoneout,leave_one_out,mcts_cv,50,0,0,0.0,0.0,0,0.0,0,cutin_braking:13;fast_intrusion:10;lead_braking:9;slow_lead_following:12;stop_and_go:6,155;424;305;421;328;12;411;439;366;433;432;216;246;169;469;9;48;224;429;135;159;427;82;153;15;183;208;242;2;189;92;262;103;491;381;110;98;248;485;182;297;395;0;356;190;286;403;178;24;102,Random,4,0.0001354999840259552
20280317,Target-mcts_cv-leaveoneout,leave_one_out,mcts_cv,10,0,1,0.5,0.5,0,0.0039461727213419805,0,cutin_braking:1;fast_intrusion:3;lead_braking:2;slow_lead_following:2;stop_and_go:2,168;87;281;231;40;406;343;312;486;67,Random,5,0.00012209999840706587
20280317,Target-mcts_cv-leaveoneout,leave_one_out,mcts_cv,20,0,1,0.5,0.5,0,0.0039461727213419805,0,cutin_braking:4;fast_intrusion:5;lead_braking:3;slow_lead_following:4;stop_and_go:4,168;87;281;231;40;406;343;312;486;67;149;75;201;373;55;465;497;313;122;118,Random,5,0.00012209999840706587
20280317,Target-mcts_cv-leaveoneout,leave_one_out,mcts_cv,30,0,1,0.5,0.5,0,0.0039461727213419805,0,cutin_braking:9;fast_intrusion:6;lead_braking:4;slow_lead_following:5;stop_and_go:6,168;87;281;231;40;406;343;312;486;67;149;75;201;373;55;465;497;313;122;118;364;183;347;145;242;132;58;105;103;405,Random,5,0.00012209999840706587
20280317,Target-mcts_cv-leaveoneout,leave_one_out,mcts_cv,50,0,1,0.5,0.5,0,0.0039461727213419805,0,cutin_braking:12;fast_intrusion:14;lead_braking:8;slow_lead_following:8;stop_and_go:8,168;87;281;231;40;406;343;312;486;67;149;75;201;373;55;465;497;313;122;118;364;183;347;145;242;132;58;105;103;405;34;97;230;375;277;27;205;76;143;1;19;187;228;431;409;165;336;56;415;89,Random,5,0.00012209999840706587
20280317,Target-mcts_cv-leaveoneout,leave_one_out,mcts_cv,10,0,0,0.0,0.0,0,0.0,0,cutin_braking:1;fast_intrusion:4;lead_braking:1;slow_lead_following:2;stop_and_go:2,479;306;473;170;37;34;364;75;26;229,Random,6,0.00015490001533180475
20280317,Target-mcts_cv-leaveoneout,leave_one_out,mcts_cv,20,0,0,0.0,0.0,0,0.0,0,cutin_braking:2;fast_intrusion:5;lead_braking:8;slow_lead_following:2;stop_and_go:3,479;306;473;170;37;34;364;75;26;229;283;98;121;354;235;222;284;201;291;288,Random,6,0.00015490001533180475
20280317,Target-mcts_cv-leaveoneout,leave_one_out,mcts_cv,30,0,0,0.0,0.0,0,0.0,0,cutin_braking:5;fast_intrusion:9;lead_braking:9;slow_lead_following:2;stop_and_go:5,479;306;473;170;37;34;364;75;26;229;283;98;121;354;235;222;284;201;291;288;393;77;309;123;54;118;80;216;6;187,Random,6,0.00015490001533180475
20280317,Target-mcts_cv-leaveoneout,leave_one_out,mcts_cv,50,0,0,0.0,0.0,0,0.0,0,cutin_braking:10;fast_intrusion:13;lead_braking:10;slow_lead_following:7;stop_and_go:10,479;306;473;170;37;34;364;75;26;229;283;98;121;354;235;222;284;201;291;288;393;77;309;123;54;118;80;216;6;187;436;190;68;366;55;386;10;131;331;489;192;461;220;375;149;413;449;2;110;356,Random,6,0.00015490001533180475
20280317,Target-mcts_cv-leaveoneout,leave_one_out,mcts_cv,10,0,0,0.0,0.0,0,0.0,0,cutin_braking:2;fast_intrusion:5;lead_braking:1;slow_lead_following:2;stop_and_go:0,16;466;223;82;478;70;3;32;163;171,Random,7,0.00015519990120083094
20280317,Target-mcts_cv-leaveoneout,leave_one_out,mcts_cv,20,0,0,0.0,0.0,0,0.0,0,cutin_braking:3;fast_intrusion:5;lead_braking:5;slow_lead_following:6;stop_and_go:1,16;466;223;82;478;70;3;32;163;171;398;434;418;244;427;221;465;177;298;200,Random,7,0.00015519990120083094
20280317,Target-mcts_cv-leaveoneout,leave_one_out,mcts_cv,30,0,0,0.0,0.0,0,0.0,0,cutin_braking:4;fast_intrusion:7;lead_braking:7;slow_lead_following:8;stop_and_go:4,16;466;223;82;478;70;3;32;163;171;398;434;418;244;427;221;465;177;298;200;48;279;79;363;403;118;332;373;485;236,Random,7,0.00015519990120083094
20280317,Target-mcts_cv-leaveoneout,leave_one_out,mcts_cv,50,0,0,0.0,0.0,0,0.0,0,cutin_braking:10;fast_intrusion:8;lead_braking:9;slow_lead_following:13;stop_and_go:10,16;466;223;82;478;70;3;32;163;171;398;434;418;244;427;221;465;177;298;200;48;279;79;363;403;118;332;373;485;236;107;471;402;319;483;151;286;391;336;450;135;108;388;161;181;362;24;368;462;240,Random,7,0.00015519990120083094
20280317,Target-mcts_cv-leaveoneout,leave_one_out,mcts_cv,10,0,0,0.0,0.0,0,0.0,0,cutin_braking:3;fast_intrusion:3;lead_braking:1;slow_lead_following:2;stop_and_go:1,189;140;255;482;67;47;441;316;160;4,Random,8,0.00011539994738996029
20280317,Target-mcts_cv-leaveoneout,leave_one_out,mcts_cv,20,0,0,0.0,0.0,0,0.0,0,cutin_braking:6;fast_intrusion:6;lead_braking:2;slow_lead_following:4;stop_and_go:2,189;140;255;482;67;47;441;316;160;4;234;470;99;394;10;40;103;187;198;400,Random,8,0.00011539994738996029
20280317,Target-mcts_cv-leaveoneout,leave_one_out,mcts_cv,30,0,0,0.0,0.0,0,0.0,0,cutin_braking:7;fast_intrusion:8;lead_braking:6;slow_lead_following:5;stop_and_go:4,189;140;255;482;67;47;441;316;160;4;234;470;99;394;10;40;103;187;198;400;283;201;158;331;253;221;18;406;17;301,Random,8,0.00011539994738996029
20280317,Target-mcts_cv-leaveoneout,leave_one_out,mcts_cv,50,0,0,0.0,0.0,0,0.0,0,cutin_braking:9;fast_intrusion:13;lead_braking:12;slow_lead_following:10;stop_and_go:6,189;140;255;482;67;47;441;316;160;4;234;470;99;394;10;40;103;187;198;400;283;201;158;331;253;221;18;406;17;301;269;29;290;91;80;104;410;242;266;12;24;403;219;368;407;431;159;366;427;238,Random,8,0.00011539994738996029
20280317,Target-mcts_cv-leaveoneout,leave_one_out,mcts_cv,10,0,0,0.0,0.0,0,0.0,0,cutin_braking:5;fast_intrusion:0;lead_braking:1;slow_lead_following:1;stop_and_go:3,384;163;102;238;382;394;143;108;465;133,Random,9,0.00010920001659542322
20280317,Target-mcts_cv-leaveoneout,leave_one_out,mcts_cv,20,0,0,0.0,0.0,0,0.0,0,cutin_braking:7;fast_intrusion:2;lead_braking:5;slow_lead_following:1;stop_and_go:5,384;163;102;238;382;394;143;108;465;133;299;126;301;60;288;345;16;244;231;187,Random,9,0.00010920001659542322
20280317,Target-mcts_cv-leaveoneout,leave_one_out,mcts_cv,30,0,0,0.0,0.0,0,0.0,0,cutin_braking:11;fast_intrusion:3;lead_braking:8;slow_lead_following:1;stop_and_go:7,384;163;102;238;382;394;143;108;465;133;299;126;301;60;288;345;16;244;231;187;334;250;150;13;341;179;123;207;276;113,Random,9,0.00010920001659542322
20280317,Target-mcts_cv-leaveoneout,leave_one_out,mcts_cv,50,0,1,0.5,0.5,0,0.0029596068696606764,0,cutin_braking:14;fast_intrusion:8;lead_braking:12;slow_lead_following:5;stop_and_go:11,384;163;102;238;382;394;143;108;465;133;299;126;301;60;288;345;16;244;231;187;334;250;150;13;341;179;123;207;276;113;19;64;412;27;107;326;464;56;216;452;105;364;215;59;426;243;251;363;358;134,Random,9,0.00010920001659542322
20280317,Target-ppo_ece-leaveoneout,leave_one_out,ppo_ece,10,0,1,0.5,0.5,0,0.0018011496382258903,0,cutin_braking:1;fast_intrusion:1;lead_braking:2;slow_lead_following:4;stop_and_go:2,410;370;281;376;251;488;482;495;169;77,NoComposition,0,0.3356298999860883
20280317,Target-ppo_ece-leaveoneout,leave_one_out,ppo_ece,20,0,1,0.5,0.5,0,0.0018011496382258903,0,cutin_braking:3;fast_intrusion:4;lead_braking:3;slow_lead_following:8;stop_and_go:2,410;370;281;376;251;488;482;495;169;77;417;473;483;135;20;480;199;86;228;91,NoComposition,0,0.3356298999860883
20280317,Target-ppo_ece-leaveoneout,leave_one_out,ppo_ece,30,0,2,1.0,1.0,0,0.011686290838635979,0,cutin_braking:8;fast_intrusion:6;lead_braking:3;slow_lead_following:11;stop_and_go:2,410;370;281;376;251;488;482;495;169;77;417;473;483;135;20;480;199;86;228;91;105;95;174;153;192;72;438;422;494;198,NoComposition,0,0.3356298999860883
20280317,Target-ppo_ece-leaveoneout,leave_one_out,ppo_ece,50,0,2,1.0,1.0,0,0.011686290838635979,0,cutin_braking:13;fast_intrusion:14;lead_braking:6;slow_lead_following:12;stop_and_go:5,410;370;281;376;251;488;482;495;169;77;417;473;483;135;20;480;199;86;228;91;105;95;174;153;192;72;438;422;494;198;273;144;10;280;311;94;24;339;93;1;416;151;278;194;332;156;56;34;38;178,NoComposition,0,0.3356298999860883
20280317,Target-ppo_ece-leaveoneout,leave_one_out,ppo_ece,10,0,1,0.5,0.5,0,0.0018011496382258903,0,cutin_braking:1;fast_intrusion:1;lead_braking:3;slow_lead_following:2;stop_and_go:3,410;370;281;80;376;251;355;257;488;193,NoNull,0,0.3434599000029266
20280317,Target-ppo_ece-leaveoneout,leave_one_out,ppo_ece,20,0,1,0.5,0.5,0,0.0018011496382258903,0,cutin_braking:2;fast_intrusion:2;lead_braking:4;slow_lead_following:8;stop_and_go:4,410;370;281;80;376;251;355;257;488;193;482;495;417;473;271;368;77;483;199;480,NoNull,0,0.3434599000029266
20280317,Target-ppo_ece-leaveoneout,leave_one_out,ppo_ece,30,0,1,0.5,0.5,0,0.0018011496382258903,0,cutin_braking:6;fast_intrusion:6;lead_braking:6;slow_lead_following:8;stop_and_go:4,410;370;281;80;376;251;355;257;488;193;482;495;417;473;271;368;77;483;199;480;91;86;22;106;228;196;95;118;273;153,NoNull,0,0.3434599000029266
20280317,Target-ppo_ece-leaveoneout,leave_one_out,ppo_ece,50,0,2,1.0,1.0,0,0.011686290838635979,0,cutin_braking:12;fast_intrusion:11;lead_braking:8;slow_lead_following:12;stop_and_go:7,410;370;281;80;376;251;355;257;488;193;482;495;417;473;271;368;77;483;199;480;91;86;22;106;228;196;95;118;273;153;192;303;260;438;422;494;23;144;4;332;157;158;195;151;93;10;1;416;278;379,NoNull,0,0.3434599000029266
20280317,Target-ppo_ece-leaveoneout,leave_one_out,ppo_ece,10,0,0,0.0,0.0,0,0.0,0,cutin_braking:2;fast_intrusion:2;lead_braking:1;slow_lead_following:4;stop_and_go:1,271;70;125;0;453;151;401;368;418;457,Random,0,0.00018360000103712082
20280317,Target-ppo_ece-leaveoneout,leave_one_out,ppo_ece,20,0,1,0.5,0.5,0,0.0018011496382258903,0,cutin_braking:5;fast_intrusion:4;lead_braking:2;slow_lead_following:5;stop_and_go:4,271;70;125;0;453;151;401;368;418;457;479;376;311;88;398;90;166;277;189;198,Random,0,0.00018360000103712082
20280317,Target-ppo_ece-leaveoneout,leave_one_out,ppo_ece,30,0,1,0.5,0.5,0,0.0018011496382258903,0,cutin_braking:6;fast_intrusion:8;lead_braking:5;slow_lead_following:6;stop_and_go:5,271;70;125;0;453;151;401;368;418;457;479;376;311;88;398;90;166;277;189;198;496;3;258;283;43;100;26;309;234;75,Random,0,0.00018360000103712082
20280317,Target-ppo_ece-leaveoneout,leave_one_out,ppo_ece,50,0,2,1.0,1.0,0,0.004900566749200028,0,cutin_braking:8;fast_intrusion:14;lead_braking:9;slow_lead_following:11;stop_and_go:8,271;70;125;0;453;151;401;368;418;457;479;376;311;88;398;90;166;277;189;198;496;3;258;283;43;100;26;309;234;75;387;53;67;412;167;415;19;490;39;264;28;474;225;357;413;135;208;296;20;317,Random,0,0.00018360000103712082
20280317,Target-ppo_ece-leaveoneout,leave_one_out,ppo_ece,10,0,0,0.0,0.0,0,0.0,0,cutin_braking:3;fast_intrusion:1;lead_braking:2;slow_lead_following:1;stop_and_go:3,164;52;300;136;109;253;451;213;369;354,Random,1,0.00017200002912431955
20280317,Target-ppo_ece-leaveoneout,leave_one_out,ppo_ece,20,0,0,0.0,0.0,0,0.0,0,cutin_braking:5;fast_intrusion:4;lead_braking:3;slow_lead_following:2;stop_and_go:6,164;52;300;136;109;253;451;213;369;354;495;76;137;133;301;250;378;398;61;90,Random,1,0.00017200002912431955
20280317,Target-ppo_ece-leaveoneout,leave_one_out,ppo_ece,30,0,1,0.5,0.5,0,0.00446098333996592,0,cutin_braking:9;fast_intrusion:6;lead_braking:4;slow_lead_following:4;stop_and_go:7,164;52;300;136;109;253;451;213;369;354;495;76;137;133;301;250;378;398;61;90;197;146;161;243;56;46;432;380;449;139,Random,1,0.00017200002912431955
20280317,Target-ppo_ece-leaveoneout,leave_one_out,ppo_ece,50,0,1,0.5,0.5,0,0.00446098333996592,0,cutin_braking:14;fast_intrusion:7;lead_braking:10;slow_lead_following:8;stop_and_go:11,164;52;300;136;109;253;451;213;369;354;495;76;137;133;301;250;378;398;61;90;197;146;161;243;56;46;432;380;449;139;281;433;418;129;157;22;255;338;446;382;391;274;318;265;242;457;150;171;288;118,Random,1,0.00017200002912431955
20280317,Target-ppo_ece-leaveoneout,leave_one_out,ppo_ece,10,0,0,0.0,0.0,0,0.0,0,cutin_braking:6;fast_intrusion:0;lead_braking:3;slow_lead_following:1;stop_and_go:0,148;275;257;236;193;195;151;484;199;106,Random,2,0.00013770000077784061
20280317,Target-ppo_ece-leaveoneout,leave_one_out,ppo_ece,20,0,0,0.0,0.0,0,0.0,0,cutin_braking:7;fast_intrusion:4;lead_braking:6;slow_lead_following:2;stop_and_go:1,148;275;257;236;193;195;151;484;199;106;32;212;41;391;265;187;222;47;38;448,Random,2,0.00013770000077784061
20280317,Target-ppo_ece-leaveoneout,leave_one_out,ppo_ece,30,0,1,0.5,0.5,0,0.0018710869626460621,0,cutin_braking:10;fast_intrusion:5;lead_braking:6;slow_lead_following:5;stop_and_go:4,148;275;257;236;193;195;151;484;199;106;32;212;41;391;265;187;222;47;38;448;185;335;493;464;194;372;147;439;29;375,Random,2,0.00013770000077784061
20280317,Target-ppo_ece-leaveoneout,leave_one_out,ppo_ece,50,0,2,1.0,1.0,0,0.01175622816305615,0,cutin_braking:14;fast_intrusion:10;lead_braking:9;slow_lead_following:8;stop_and_go:9,148;275;257;236;193;195;151;484;199;106;32;212;41;391;265;187;222;47;38;448;185;335;493;464;194;372;147;439;29;375;1;434;289;51;466;329;317;360;323;95;218;166;145;374;94;438;256;27;118;120,Random,2,0.00013770000077784061
20280317,Target-ppo_ece-leaveoneout,leave_one_out,ppo_ece,10,0,0,0.0,0.0,0,0.0,0,cutin_braking:2;fast_intrusion:4;lead_braking:2;slow_lead_following:2;stop_and_go:0,430;25;50;128;289;6;107;272;65;498,Random,3,0.00012640003114938736
20280317,Target-ppo_ece-leaveoneout,leave_one_out,ppo_ece,20,0,0,0.0,0.0,0,0.0,0,cutin_braking:6;fast_intrusion:4;lead_braking:4;slow_lead_following:5;stop_and_go:1,430;25;50;128;289;6;107;272;65;498;342;114;417;134;282;401;132;185;266;445,Random,3,0.00012640003114938736
20280317,Target-ppo_ece-leaveoneout,leave_one_out,ppo_ece,30,0,0,0.0,0.0,0,0.0,0,cutin_braking:10;fast_intrusion:4;lead_braking:7;slow_lead_following:7;stop_and_go:2,430;25;50;128;289;6;107;272;65;498;342;114;417;134;282;401;132;185;266;445;192;112;277;167;400;420;391;258;225;109,Random,3,0.00012640003114938736
20280317,Target-ppo_ece-leaveoneout,leave_one_out,ppo_ece,50,0,1,0.5,0.5,0,0.0018710869626460621,0,cutin_braking:13;fast_intrusion:8;lead_braking:10;slow_lead_following:12;stop_and_go:7,430;25;50;128;289;6;107;272;65;498;342;114;417;134;282;401;132;185;266;445;192;112;277;167;400;420;391;258;225;109;327;470;47;77;416;96;335;147;163;382;373;264;44;175;201;254;493;311;450;408,Random,3,0.00012640003114938736
20280317,Target-ppo_ece-leaveoneout,leave_one_out,ppo_ece,10,0,0,0.0,0.0,0,0.0,0,cutin_braking:0;fast_intrusion:4;lead_braking:2;slow_lead_following:1;stop_and_go:3,232;378;81;309;11;23;85;455;280;383,Random,4,0.00010969990398734808
20280317,Target-ppo_ece-leaveoneout,leave_one_out,ppo_ece,20,0,0,0.0,0.0,0,0.0,0,cutin_braking:2;fast_intrusion:5;lead_braking:4;slow_lead_following:4;stop_and_go:5,232;378;81;309;11;23;85;455;280;383;191;327;289;253;461;473;178;75;379;487,Random,4,0.00010969990398734808
20280317,Target-ppo_ece-leaveoneout,leave_one_out,ppo_ece,30,0,0,0.0,0.0,0,0.0,0,cutin_braking:6;fast_intrusion:6;lead_braking:4;slow_lead_following:8;stop_and_go:6,232;378;81;309;11;23;85;455;280;383;191;327;289;253;461;473;178;75;379;487;5;342;458;423;124;161;408;184;496;117,Random,4,0.00010969990398734808
20280317,Target-ppo_ece-leaveoneout,leave_one_out,ppo_ece,50,0,3,1.5,1.5,0,0.008724123296585728,0,cutin_braking:13;fast_intrusion:9;lead_braking:9;slow_lead_following:10;stop_and_go:9,232;378;81;309;11;23;85;455;280;383;191;327;289;253;461;473;178;75;379;487;5;342;458;423;124;161;408;184;496;117;268;183;203;166;122;125;404;396;258;308;451;71;225;174;156;346;114;80;282;37,Random,4,0.00010969990398734808
20280317,Target-ppo_ece-leaveoneout,leave_one_out,ppo_ece,10,0,0,0.0,0.0,0,0.0,0,cutin_braking:4;fast_intrusion:1;lead_braking:1;slow_lead_following:4;stop_and_go:0,114;73;467;481;415;191;110;498;175;211,Random,5,0.0001178000820800662
20280317,Target-ppo_ece-leaveoneout,leave_one_out,ppo_ece,20,0,1,0.5,0.5,0,0.00446098333996592,0,cutin_braking:8;fast_intrusion:2;lead_braking:3;slow_lead_following:4;stop_and_go:3,114;73;467;481;415;191;110;498;175;211;89;169;324;326;192;257;380;104;254;130,Random,5,0.0001178000820800662
20280317,Target-ppo_ece-leaveoneout,leave_one_out,ppo_ece,30,0,1,0.5,0.5,0,0.00446098333996592,0,cutin_braking:10;fast_intrusion:2;lead_braking:8;slow_lead_following:6;stop_and_go:4,114;73;467;481;415;191;110;498;175;211;89;169;324;326;192;257;380;104;254;130;294;143;303;252;106;214;283;473;272;433,Random,5,0.0001178000820800662
20280317,Target-ppo_ece-leaveoneout,leave_one_out,ppo_ece,50,0,1,0.5,0.5,0,0.00446098333996592,0,cutin_braking:12;fast_intrusion:8;lead_braking:12;slow_lead_following:9;stop_and_go:9,114;73;467;481;415;191;110;498;175;211;89;169;324;326;192;257;380;104;254;130;294;143;303;252;106;214;283;473;272;433;92;220;4;408;338;247;56;250;82;158;487;350;216;455;317;35;75;386;113;381,Random,5,0.0001178000820800662
20280317,Target-ppo_ece-leaveoneout,leave_one_out,ppo_ece,10,0,0,0.0,0.0,0,0.0,0,cutin_braking:3;fast_intrusion:2;lead_braking:1;slow_lead_following:2;stop_and_go:2,110;93;163;259;28;149;328;411;303;480,Random,6,0.00011300004553049803
20280317,Target-ppo_ece-leaveoneout,leave_one_out,ppo_ece,20,0,0,0.0,0.0,0,0.0,0,cutin_braking:4;fast_intrusion:3;lead_braking:2;slow_lead_following:4;stop_and_go:7,110;93;163;259;28;149;328;411;303;480;341;375;17;374;219;172;331;495;316;431,Random,6,0.00011300004553049803
20280317,Target-ppo_ece-leaveoneout,leave_one_out,ppo_ece,30,0,0,0.0,0.0,0,0.0,0,cutin_braking:6;fast_intrusion:8;lead_braking:5;slow_lead_following:4;stop_and_go:7,110;93;163;259;28;149;328;411;303;480;341;375;17;374;219;172;331;495;316;431;66;52;296;183;45;92;41;209;154;286,Random,6,0.00011300004553049803
20280317,Target-ppo_ece-leaveoneout,leave_one_out,ppo_ece,50,0,2,1.0,1.0,0,0.004943384274248915,0,cutin_braking:8;fast_intrusion:13;lead_braking:9;slow_lead_following:8;stop_and_go:12,110;93;163;259;28;149;328;411;303;480;341;375;17;374;219;172;331;495;316;431;66;52;296;183;45;92;41;209;154;286;182;73;10;273;91;260;465;281;425;379;161;304;70;250;82;313;466;387;404;319,Random,6,0.00011300004553049803
20280317,Target-ppo_ece-leaveoneout,leave_one_out,ppo_ece,10,0,0,0.0,0.0,0,0.0,0,cutin_braking:2;fast_intrusion:1;lead_braking:3;slow_lead_following:2;stop_and_go:2,161;81;494;121;288;248;351;435;334;226,Random,7,0.00013209995813667774
20280317,Target-ppo_ece-leaveoneout,leave_one_out,ppo_ece,20,0,0,0.0,0.0,0,0.0,0,cutin_braking:3;fast_intrusion:2;lead_braking:3;slow_lead_following:7;stop_and_go:5,161;81;494;121;288;248;351;435;334;226;482;493;12;382;348;398;413;483;442;142,Random,7,0.00013209995813667774
20280317,Target-ppo_ece-leaveoneout,leave_one_out,ppo_ece,30,0,0,0.0,0.0,0,0.0,0,cutin_braking:5;fast_intrusion:3;lead_braking:3;slow_lead_following:11;stop_and_go:8,161;81;494;121;288;248;351;435;334;226;482;493;12;382;348;398;413;483;442;142;495;345;477;69;365;431;340;165;164;480,Random,7,0.00013209995813667774
20280317,Target-ppo_ece-leaveoneout,leave_one_out,ppo_ece,50,0,0,0.0,0.0,0,0.0,0,cutin_braking:8;fast_intrusion:5;lead_braking:8;slow_lead_following:14;stop_and_go:15,161;81;494;121;288;248;351;435;334;226;482;493;12;382;348;398;413;483;442;142;495;345;477;69;365;431;340;165;164;480;490;86;318;393;307;133;385;171;311;236;244;88;463;389;105;206;279;472;329;232,Random,7,0.00013209995813667774
20280317,Target-ppo_ece-leaveoneout,leave_one_out,ppo_ece,10,0,0,0.0,0.0,0,0.0,0,cutin_braking:2;fast_intrusion:1;lead_braking:1;slow_lead_following:3;stop_and_go:3,353;261;196;432;486;76;131;365;338;426,Random,8,0.0001311999512836337
20280317,Target-ppo_ece-leaveoneout,leave_one_out,ppo_ece,20,0,1,0.5,0.5,0,0.003628730596958482,0,cutin_braking:5;fast_intrusion:4;lead_braking:2;slow_lead_following:4;stop_and_go:5,353;261;196;432;486;76;131;365;338;426;55;347;49;140;293;197;453;387;160;83,Random,8,0.0001311999512836337
20280317,Target-ppo_ece-leaveoneout,leave_one_out,ppo_ece,30,0,1,0.5,0.5,0,0.003628730596958482,0,cutin_braking:9;fast_intrusion:5;lead_braking:4;slow_lead_following:5;stop_and_go:7,353;261;196;432;486;76;131;365;338;426;55;347;49;140;293;197;453;387;160;83;119;125;178;257;371;309;149;465;67;268,Random,8,0.0001311999512836337
20280317,Target-ppo_ece-leaveoneout,leave_one_out,ppo_ece,50,0,3,1.5,1.5,0,0.0168585232657043,0,cutin_braking:11;fast_intrusion:10;lead_braking:6;slow_lead_following:9;stop_and_go:14,353;261;196;432;486;76;131;365;338;426;55;347;49;140;293;197;453;387;160;83;119;125;178;257;371;309;149;465;67;268;466;318;361;108;39;32;221;152;438;280;380;2;374;82;385;91;397;488;398;479,Random,8,0.0001311999512836337
20280317,Target-ppo_ece-leaveoneout,leave_one_out,ppo_ece,10,0,0,0.0,0.0,0,0.0,0,cutin_braking:2;fast_intrusion:2;lead_braking:1;slow_lead_following:5;stop_and_go:0,411;283;61;477;420;488;483;169;133;1,Random,9,0.0001102999085560441
20280317,Target-ppo_ece-leaveoneout,leave_one_out,ppo_ece,20,0,1,0.5,0.5,0,0.0018011496382258903,0,cutin_braking:4;fast_intrusion:5;lead_braking:3;slow_lead_following:6;stop_and_go:2,411;283;61;477;420;488;483;169;133;1;228;359;179;442;25;164;50;11;292;376,Random,9,0.0001102999085560441
20280317,Target-ppo_ece-leaveoneout,leave_one_out,ppo_ece,30,0,1,0.5,0.5,0,0.0018011496382258903,0,cutin_braking:6;fast_intrusion:6;lead_braking:5;slow_lead_following:7;stop_and_go:6,411;283;61;477;420;488;483;169;133;1;228;359;179;442;25;164;50;11;292;376;199;149;219;331;305;366;5;206;423;343,Random,9,0.0001102999085560441
20280317,Target-ppo_ece-leaveoneout,leave_one_out,ppo_ece,50,0,2,1.0,1.0,0,0.004900566749200028,0,cutin_braking:11;fast_intrusion:12;lead_braking:8;slow_lead_following:9;stop_and_go:10,411;283;61;477;420;488;483;169;133;1;228;359;179;442;25;164;50;11;292;376;199;149;219;331;305;366;5;206;423;343;172;102;15;167;351;129;361;250;387;46;232;158;408;91;34;313;486;3;275;93,Random,9,0.0001102999085560441
20280331,Target-idm_mobil-leaveoneout,leave_one_out,idm_mobil,10,0,4,2.0,2.0,0,0.040500087397532455,1,cutin_braking:1;fast_intrusion:1;lead_braking:1;slow_lead_following:5;stop_and_go:2,411;311;397;442;400;453;474;136;9;280,NoComposition,0,0.34960950003005564
20280331,Target-idm_mobil-leaveoneout,leave_one_out,idm_mobil,20,0,14,7.0,5.5,0,0.05703855194374664,1,cutin_braking:1;fast_intrusion:1;lead_braking:1;slow_lead_following:6;stop_and_go:11,411;311;397;442;400;453;474;136;9;280;377;342;459;399;306;314;301;383;389;339,NoComposition,0,0.34960950003005564
20280331,Target-idm_mobil-leaveoneout,leave_one_out,idm_mobil,30,0,22,11.0,6.5,0,0.06499181055744432,2,cutin_braking:1;fast_intrusion:1;lead_braking:1;slow_lead_following:9;stop_and_go:18,411;311;397;442;400;453;474;136;9;280;377;342;459;399;306;314;301;383;389;339;329;309;345;394;349;357;369;429;408;482,NoComposition,0,0.34960950003005564
20280331,Target-idm_mobil-leaveoneout,leave_one_out,idm_mobil,50,0,38,19.0,8.5,0,0.08487309594272816,18,cutin_braking:1;fast_intrusion:1;lead_braking:1;slow_lead_following:29;stop_and_go:18,411;311;397;442;400;453;474;136;9;280;377;342;459;399;306;314;301;383;389;339;329;309;345;394;349;357;369;429;408;482;439;455;423;471;495;445;477;421;469;473;441;413;437;425;485;493;497;461;407;449,NoComposition,0,0.34960950003005564
20280331,Target-idm_mobil-leaveoneout,leave_one_out,idm_mobil,10,0,8,4.0,3.5,0,0.027150762546328238,0,cutin_braking:1;fast_intrusion:1;lead_braking:1;slow_lead_following:2;stop_and_go:5,411;306;459;349;329;383;265;311;136;38,NoNull,0,0.3262215999420732
20280331,Target-idm_mobil-leaveoneout,leave_one_out,idm_mobil,20,0,18,9.0,5.5,0,0.04128871837931282,0,cutin_braking:1;fast_intrusion:1;lead_braking:1;slow_lead_following:2;stop_and_go:15,411;306;459;349;329;383;265;311;136;38;377;399;342;301;314;397;339;389;309;345,NoNull,0,0.3262215999420732
20280331,Target-idm_mobil-leaveoneout,leave_one_out,idm_mobil,30,0,25,12.5,7.5,0,0.07388885365758055,4,cutin_braking:1;fast_intrusion:1;lead_braking:1;slow_lead_following:9;stop_and_go:18,411;306;459;349;329;383;265;311;136;38;377;399;342;301;314;397;339;389;309;345;394;357;369;442;450;405;429;471;439;408,NoNull,0,0.3262215999420732
20280331,Target-idm_mobil-leaveoneout,leave_one_out,idm_mobil,50,0,28,14.0,7.5,0,0.07727418952944577,7,cutin_braking:4;fast_intrusion:6;lead_braking:5;slow_lead_following:16;stop_and_go:19,411;306;459;349;329;383;265;311;136;38;377;399;342;301;314;397;339;389;309;345;394;357;369;442;450;405;429;471;439;408;445;455;477;453;482;423;495;234;145;117;1;243;99;344;144;288;229;55;76;62,NoNull,0,0.3262215999420732
20280331,Target-idm_mobil-leaveoneout,leave_one_out,idm_mobil,10,0,2,1.0,1.0,0,0.006035994695703672,0,cutin_braking:4;fast_intrusion:0;lead_braking:0;slow_lead_following:0;stop_and_go:6,319;177;119;145;345;342;142;385;340;355,Random,0,0.00015609990805387497
20280331,Target-idm_mobil-leaveoneout,leave_one_out,idm_mobil,20,0,4,2.0,2.0,0,0.022732128790268993,2,cutin_braking:6;fast_intrusion:4;lead_braking:1;slow_lead_following:1;stop_and_go:8,319;177;119;145;345;342;142;385;340;355;375;94;93;353;127;235;196;43;61;484,Random,0,0.00015609990805387497
20280331,Target-idm_mobil-leaveoneout,leave_one_out,idm_mobil,30,0,5,2.5,2.5,0,0.024349906020018887,3,cutin_braking:9;fast_intrusion:5;lead_braking:3;slow_lead_following:2;stop_and_go:11,319;177;119;145;345;342;142;385;340;355;375;94;93;353;127;235;196;43;61;484;116;166;274;18;434;388;167;356;206;321,Random,0,0.00015609990805387497
20280331,Target-idm_mobil-leaveoneout,leave_one_out,idm_mobil,50,0,8,4.0,3.0,0,0.03131677279677116,6,cutin_braking:13;fast_intrusion:10;lead_braking:7;slow_lead_following:4;stop_and_go:16,319;177;119;145;345;342;142;385;340;355;375;94;93;353;127;235;196;43;61;484;116;166;274;18;434;388;167;356;206;321;279;322;46;488;391;171;49;465;223;136;88;103;326;104;302;323;20;210;226;72,Random,0,0.00015609990805387497
20280331,Target-idm_mobil-leaveoneout,leave_one_out,idm_mobil,10,0,2,1.0,1.0,0,0.004678966990801243,1,cutin_braking:2;fast_intrusion:2;lead_braking:1;slow_lead_following:1;stop_and_go:4,302;177;455;365;52;279;3;197;316;342,Random,1,0.00012630003038793802
20280331,Target-idm_mobil-leaveoneout,leave_one_out,idm_mobil,20,0,4,2.0,2.0,0,0.009671164921784874,2,cutin_braking:6;fast_intrusion:3;lead_braking:1;slow_lead_following:3;stop_and_go:7,302;177;455;365;52;279;3;197;316;342;101;427;391;399;422;160;158;196;27;376,Random,1,0.00012630003038793802
20280331,Target-idm_mobil-leaveoneout,leave_one_out,idm_mobil,30,0,7,3.5,3.5,0,0.018331572701385634,5,cutin_braking:6;fast_intrusion:4;lead_braking:5;slow_lead_following:4;stop_and_go:11,302;177;455;365;52;279;3;197;316;342;101;427;391;399;422;160;158;196;27;376;396;21;246;382;226;222;366;205;300;464,Random,1,0.00012630003038793802
20280331,Target-idm_mobil-leaveoneout,leave_one_out,idm_mobil,50,0,10,5.0,4.5,0,0.04741716976575794,8,cutin_braking:12;fast_intrusion:8;lead_braking:7;slow_lead_following:9;stop_and_go:14,302;177;455;365;52;279;3;197;316;342;101;427;391;399;422;160;158;196;27;376;396;21;246;382;226;222;366;205;300;464;153;494;189;490;110;202;174;438;167;318;98;33;403;451;331;23;337;66;299;106,Random,1,0.00012630003038793802
20280331,Target-idm_mobil-leaveoneout,leave_one_out,idm_mobil,10,0,2,1.0,1.0,0,0.006501518731407868,2,cutin_braking:2;fast_intrusion:3;lead_braking:3;slow_lead_following:0;stop_and_go:2,6;291;62;158;187;202;367;275;379;56,Random,2,0.0001167000737041235
20280331,Target-idm_mobil-leaveoneout,leave_one_out,idm_mobil,20,0,2,1.0,1.0,0,0.006501518731407868,2,cutin_braking:6;fast_intrusion:4;lead_braking:3;slow_lead_following:2;stop_and_go:5,6;291;62;158;187;202;367;275;379;56;101;386;486;100;148;38;433;337;328;150,Random,2,0.0001167000737041235
20280331,Target-idm_mobil-leaveoneout,leave_one_out,idm_mobil,30,0,4,2.0,2.0,0,0.036415405246928836,4,cutin_braking:9;fast_intrusion:6;lead_braking:4;slow_lead_following:5;stop_and_go:6,6;291;62;158;187;202;367;275;379;56;101;386;486;100;148;38;433;337;328;150;25;181;47;455;244;193;144;375;499;401,Random,2,0.0001167000737041235
20280331,Target-idm_mobil-leaveoneout,leave_one_out,idm_mobil,50,0,5,2.5,2.5,0,0.03767952544450388,5,cutin_braking:14;fast_intrusion:9;lead_braking:9;slow_lead_following:9;stop_and_go:9,6;291;62;158;187;202;367;275;379;56;101;386;486;100;148;38;433;337;328;150;25;181;47;455;244;193;144;375;499;401;404;418;34;390;195;247;178;263;239;22;462;414;82;223;145;157;200;362;170;316,Random,2,0.0001167000737041235
20280331,Target-idm_mobil-leaveoneout,leave_one_out,idm_mobil,10,0,1,0.5,0.5,0,0.0036825731926651614,0,cutin_braking:3;fast_intrusion:2;lead_braking:2;slow_lead_following:1;stop_and_go:2,206;20;373;26;274;495;314;138;136;147,Random,3,0.00010990002192556858
20280331,Target-idm_mobil-leaveoneout,leave_one_out,idm_mobil,20,0,1,0.5,0.5,0,0.0036825731926651614,0,cutin_braking:8;fast_intrusion:4;lead_braking:3;slow_lead_following:1;stop_and_go:4,206;20;373;26;274;495;314;138;136;147;236;161;126;173;170;305;81;97;140;396,Random,3,0.00010990002192556858
20280331,Target-idm_mobil-leaveoneout,leave_one_out,idm_mobil,30,0,3,1.5,1.5,0,0.008576340920868735,1,cutin_braking:10;fast_intrusion:5;lead_braking:7;slow_lead_following:2;stop_and_go:6,206;20;373;26;274;495;314;138;136;147;236;161;126;173;170;305;81;97;140;396;213;265;189;42;188;237;470;316;337;297,Random,3,0.00010990002192556858
20280331,Target-idm_mobil-leaveoneout,leave_one_out,idm_mobil,50,0,6,3.0,3.0,0,0.043246618374288705,4,cutin_braking:12;fast_intrusion:11;lead_braking:11;slow_lead_following:7;stop_and_go:9,206;20;373;26;274;495;314;138;136;147;236;161;126;173;170;305;81;97;140;396;213;265;189;42;188;237;470;316;337;297;209;328;36;412;53;291;118;422;216;471;51;141;321;407;71;75;279;1;376;496,Random,3,0.00010990002192556858
20280331,Target-idm_mobil-leaveoneout,leave_one_out,idm_mobil,10,0,1,0.5,0.5,0,0.0038789360040930717,1,cutin_braking:5;fast_intrusion:2;lead_braking:2;slow_lead_following:0;stop_and_go:1,173;5;282;290;168;341;113;195;119;50,Random,4,0.00013669999316334724
20280331,Target-idm_mobil-leaveoneout,leave_one_out,idm_mobil,20,0,4,2.0,2.0,0,0.024614238946432023,4,cutin_braking:7;fast_intrusion:5;lead_braking:2;slow_lead_following:1;stop_and_go:5,173;5;282;290;168;341;113;195;119;50;368;100;13;95;365;371;413;112;376;26,Random,4,0.00013669999316334724
20280331,Target-idm_mobil-leaveoneout,leave_one_out,idm_mobil,30,0,6,3.0,2.5,0,0.0362766633184102,6,cutin_braking:9;fast_intrusion:6;lead_braking:5;slow_lead_following:5;stop_and_go:5,173;5;282;290;168;341;113;195;119;50;368;100;13;95;365;371;413;112;376;26;435;467;480;247;6;201;146;229;178;482,Random,4,0.00013669999316334724
20280331,Target-idm_mobil-leaveoneout,leave_one_out,idm_mobil,50,0,9,4.5,4.0,0,0.047553065004652596,9,cutin_braking:14;fast_intrusion:9;lead_braking:9;slow_lead_following:8;stop_and_go:10,173;5;282;290;168;341;113;195;119;50;368;100;13;95;365;371;413;112;376;26;435;467;480;247;6;201;146;229;178;482;120;364;186;75;316;36;86;141;385;250;134;288;415;418;297;347;268;422;102;380,Random,4,0.00013669999316334724
20280331,Target-idm_mobil-leaveoneout,leave_one_out,idm_mobil,10,0,1,0.5,0.5,0,0.024037763268416362,1,cutin_braking:0;fast_intrusion:5;lead_braking:3;slow_lead_following:2;stop_and_go:0,50;26;36;292;455;242;429;240;46;63,Random,5,0.00012799992691725492
20280331,Target-idm_mobil-leaveoneout,leave_one_out,idm_mobil,20,0,3,1.5,1.0,0,0.030218751132211927,3,cutin_braking:0;fast_intrusion:6;lead_braking:6;slow_lead_following:6;stop_and_go:2,50;26;36;292;455;242;429;240;46;63;361;54;424;251;446;477;234;427;379;227,Random,5,0.00012799992691725492
20280331,Target-idm_mobil-leaveoneout,leave_one_out,idm_mobil,30,0,4,2.0,1.5,0,0.03919492187381141,4,cutin_braking:1;fast_intrusion:7;lead_braking:9;slow_lead_following:8;stop_and_go:5,50;26;36;292;455;242;429;240;46;63;361;54;424;251;446;477;234;427;379;227;224;336;212;341;402;110;319;223;447;37,Random,5,0.00012799992691725492
20280331,Target-idm_mobil-leaveoneout,leave_one_out,idm_mobil,50,0,8,4.0,3.0,0,0.04813121083941102,6,cutin_braking:6;fast_intrusion:11;lead_braking:13;slow_lead_following:10;stop_and_go:10,50;26;36;292;455;242;429;240;46;63;361;54;424;251;446;477;234;427;379;227;224;336;212;341;402;110;319;223;447;37;195;263;32;113;381;45;464;155;1;357;294;443;12;117;266;231;322;316;102;349,Random,5,0.00012799992691725492
20280331,Target-idm_mobil-leaveoneout,leave_one_out,idm_mobil,10,0,2,1.0,1.0,0,0.020871139683844395,2,cutin_braking:1;fast_intrusion:2;lead_braking:1;slow_lead_following:2;stop_and_go:4,395;122;405;83;336;376;208;333;460;10,Random,6,0.00012440001592040062
20280331,Target-idm_mobil-leaveoneout,leave_one_out,idm_mobil,20,0,5,2.5,2.5,0,0.03872725927706213,5,cutin_braking:5;fast_intrusion:4;lead_braking:2;slow_lead_following:3;stop_and_go:6,395;122;405;83;336;376;208;333;460;10;116;401;186;201;191;326;111;300;93;28,Random,6,0.00012440001592040062
20280331,Target-idm_mobil-leaveoneout,leave_one_out,idm_mobil,30,0,7,3.5,3.5,0,0.04929539389103433,7,cutin_braking:8;fast_intrusion:4;lead_braking:4;slow_lead_following:7;stop_and_go:7,395;122;405;83;336;376;208;333;460;10;116;401;186;201;191;326;111;300;93;28;481;467;142;104;183;428;450;229;272;308,Random,6,0.00012440001592040062
20280331,Target-idm_mobil-leaveoneout,leave_one_out,idm_mobil,50,0,9,4.5,4.5,0,0.06253979863249268,9,cutin_braking:13;fast_intrusion:6;lead_braking:8;slow_lead_following:13;stop_and_go:10,395;122;405;83;336;376;208;333;460;10;116;401;186;201;191;326;111;300;93;28;481;467;142;104;183;428;450;229;272;308;105;415;406;224;457;438;44;307;137;145;427;187;347;115;243;226;88;370;232;496,Random,6,0.00012440001592040062
20280331,Target-idm_mobil-leaveoneout,leave_one_out,idm_mobil,10,0,1,0.5,0.5,0,0.014934620577379862,1,cutin_braking:2;fast_intrusion:0;lead_braking:2;slow_lead_following:4;stop_and_go:2,434;343;280;484;458;194;426;393;198;243,Random,7,0.00010930001735687256
20280331,Target-idm_mobil-leaveoneout,leave_one_out,idm_mobil,20,0,3,1.5,1.5,0,0.020555387053441905,2,cutin_braking:5;fast_intrusion:2;lead_braking:5;slow_lead_following:4;stop_and_go:4,434;343;280;484;458;194;426;393;198;243;345;105;139;270;266;133;328;201;17;96,Random,7,0.00010930001735687256
20280331,Target-idm_mobil-leaveoneout,leave_one_out,idm_mobil,30,0,7,3.5,3.5,0,0.04586875493566423,6,cutin_braking:7;fast_intrusion:4;lead_braking:6;slow_lead_following:7;stop_and_go:6,434;343;280;484;458;194;426;393;198;243;345;105;139;270;266;133;328;201;17;96;90;374;482;387;202;475;87;123;177;415,Random,7,0.00010930001735687256
20280331,Target-idm_mobil-leaveoneout,leave_one_out,idm_mobil,50,0,12,6.0,5.5,0,0.062467024190013015,11,cutin_braking:13;fast_intrusion:6;lead_braking:12;slow_lead_following:9;stop_and_go:10,434;343;280;484;458;194;426;393;198;243;345;105;139;270;266;133;328;201;17;96;90;374;482;387;202;475;87;123;177;415;290;277;439;323;165;9;425;268;121;232;191;57;162;213;375;164;211;336;159;360,Random,7,0.00010930001735687256
20280331,Target-idm_mobil-leaveoneout,leave_one_out,idm_mobil,10,0,2,1.0,1.0,0,0.017002700476901965,2,cutin_braking:1;fast_intrusion:2;lead_braking:3;slow_lead_following:2;stop_and_go:2,401;378;205;404;291;249;28;3;159;321,Random,8,0.00010579999070614576
20280331,Target-idm_mobil-leaveoneout,leave_one_out,idm_mobil,20,0,5,2.5,2.5,0,0.043730191562658505,3,cutin_braking:4;fast_intrusion:4;lead_braking:3;slow_lead_following:4;stop_and_go:5,401;378;205;404;291;249;28;3;159;321;357;8;33;339;396;146;488;184;416;126,Random,8,0.00010579999070614576
20280331,Target-idm_mobil-leaveoneout,leave_one_out,idm_mobil,30,0,8,4.0,4.0,0,0.06413163760591237,6,cutin_braking:7;fast_intrusion:4;lead_braking:6;slow_lead_following:7;stop_and_go:6,401;378;205;404;291;249;28;3;159;321;357;8;33;339;396;146;488;184;416;126;360;252;448;197;215;467;182;442;176;227,Random,8,0.00010579999070614576
20280331,Target-idm_mobil-leaveoneout,leave_one_out,idm_mobil,50,0,12,6.0,5.5,0,0.07326715560014789,10,cutin_braking:9;fast_intrusion:6;lead_braking:10;slow_lead_following:16;stop_and_go:9,401;378;205;404;291;249;28;3;159;321;357;8;33;339;396;146;488;184;416;126;360;252;448;197;215;467;182;442;176;227;240;492;477;203;405;475;408;24;282;161;355;67;189;457;410;266;462;499;305;324,Random,8,0.00010579999070614576
20280331,Target-idm_mobil-leaveoneout,leave_one_out,idm_mobil,10,0,2,1.0,1.0,0,0.025760411657286417,2,cutin_braking:4;fast_intrusion:0;lead_braking:0;slow_lead_following:4;stop_and_go:2,141;443;138;373;419;199;362;450;161;415,Random,9,0.0001251999055966735
20280331,Target-idm_mobil-leaveoneout,leave_one_out,idm_mobil,20,0,3,1.5,1.5,0,0.0343909078435229,3,cutin_braking:5;fast_intrusion:0;lead_braking:1;slow_lead_following:10;stop_and_go:4,141;443;138;373;419;199;362;450;161;415;490;465;495;302;101;307;472;264;481;488,Random,9,0.0001251999055966735
20280331,Target-idm_mobil-leaveoneout,leave_one_out,idm_mobil,30,0,5,2.5,2.5,0,0.03881839334241637,5,cutin_braking:5;fast_intrusion:4;lead_braking:2;slow_lead_following:13;stop_and_go:6,141;443;138;373;419;199;362;450;161;415;490;465;495;302;101;307;472;264;481;488;90;229;499;332;84;71;358;424;431;67,Random,9,0.0001251999055966735
20280331,Target-idm_mobil-leaveoneout,leave_one_out,idm_mobil,50,0,10,5.0,3.5,0,0.044147327023446876,9,cutin_braking:7;fast_intrusion:10;lead_braking:6;slow_lead_following:19;stop_and_go:8,141;443;138;373;419;199;362;450;161;415;490;465;495;302;101;307;472;264;481;488;90;229;499;332;84;71;358;424;431;67;120;222;475;74;200;447;467;401;158;42;262;47;334;410;51;247;9;434;19;394,Random,9,0.0001251999055966735
20280331,Target-mcts_cv-leaveoneout,leave_one_out,mcts_cv,10,0,0,0.0,0.0,0,0.0,0,cutin_braking:1;fast_intrusion:1;lead_braking:1;slow_lead_following:2;stop_and_go:5,429;411;311;314;357;309;399;29;136;280,NoComposition,0,0.32492189994081855
20280331,Target-mcts_cv-leaveoneout,leave_one_out,mcts_cv,20,0,3,1.5,1.5,0,0.006393363804255236,0,cutin_braking:1;fast_intrusion:1;lead_braking:1;slow_lead_following:4;stop_and_go:13,429;411;311;314;357;309;399;29;136;280;306;342;383;394;459;389;339;345;494;329,NoComposition,0,0.32492189994081855
20280331,Target-mcts_cv-leaveoneout,leave_one_out,mcts_cv,30,0,3,1.5,1.5,0,0.006393363804255236,0,cutin_braking:3;fast_intrusion:4;lead_braking:3;slow_lead_following:7;stop_and_go:13,429;411;311;314;357;309;399;29;136;280;306;342;383;394;459;389;339;345;494;329;449;472;88;271;145;73;420;166;99;258,NoComposition,0,0.32492189994081855
20280331,Target-mcts_cv-leaveoneout,leave_one_out,mcts_cv,50,0,3,1.5,1.5,0,0.006393363804255236,0,cutin_braking:10;fast_intrusion:10;lead_braking:10;slow_lead_following:7;stop_and_go:13,429;411;311;314;357;309;399;29;136;280;306;342;383;394;459;389;339;345;494;329;449;472;88;271;145;73;420;166;99;258;62;161;216;61;191;262;37;168;174;261;175;15;201;132;2;54;290;282;101;213,NoComposition,0,0.32492189994081855
20280331,Target-mcts_cv-leaveoneout,leave_one_out,mcts_cv,10,0,0,0.0,0.0,0,0.0,0,cutin_braking:1;fast_intrusion:1;lead_braking:1;slow_lead_following:2;stop_and_go:5,411;442;311;314;357;29;309;230;399;136,NoNull,0,0.3253033000510186
20280331,Target-mcts_cv-leaveoneout,leave_one_out,mcts_cv,20,0,2,1.0,1.0,0,0.004728996324858093,0,cutin_braking:1;fast_intrusion:1;lead_braking:1;slow_lead_following:4;stop_and_go:13,411;442;311;314;357;29;309;230;399;136;306;342;383;379;394;459;389;460;339;345,NoNull,0,0.3253033000510186
20280331,Target-mcts_cv-leaveoneout,leave_one_out,mcts_cv,30,0,3,1.5,1.5,0,0.006393363804255236,0,cutin_braking:2;fast_intrusion:3;lead_braking:3;slow_lead_following:7;stop_and_go:15,411;442;311;314;357;29;309;230;399;136;306;342;383;379;394;459;389;460;339;345;449;329;454;360;472;13;271;88;145;280,NoNull,0,0.3253033000510186
20280331,Target-mcts_cv-leaveoneout,leave_one_out,mcts_cv,50,0,3,1.5,1.5,0,0.006393363804255236,0,cutin_braking:9;fast_intrusion:10;lead_braking:8;slow_lead_following:8;stop_and_go:15,411;442;311;314;357;29;309;230;399;136;306;342;383;379;394;459;389;460;339;345;449;329;454;360;472;13;271;88;145;280;81;298;99;166;161;62;191;277;216;262;168;174;132;19;175;2;201;54;414;44,NoNull,0,0.3253033000510186
20280331,Target-mcts_cv-leaveoneout,leave_one_out,mcts_cv,10,0,0,0.0,0.0,0,0.0,0,cutin_braking:0;fast_intrusion:2;lead_braking:2;slow_lead_following:3;stop_and_go:3,338;369;8;411;386;203;89;207;441;450,Random,0,0.00015549990348517895
20280331,Target-mcts_cv-leaveoneout,leave_one_out,mcts_cv,20,0,0,0.0,0.0,0,0.0,0,cutin_braking:2;fast_intrusion:4;lead_braking:3;slow_lead_following:6;stop_and_go:5,338;369;8;411;386;203;89;207;441;450;313;218;194;401;342;192;3;65;424;460,Random,0,0.00015549990348517895
20280331,Target-mcts_cv-leaveoneout,leave_one_out,mcts_cv,30,0,0,0.0,0.0,0,0.0,0,cutin_braking:3;fast_intrusion:9;lead_braking:4;slow_lead_following:7;stop_and_go:7,338;369;8;411;386;203;89;207;441;450;313;218;194;401;342;192;3;65;424;460;93;31;112;227;64;390;41;456;18;364,Random,0,0.00015549990348517895
20280331,Target-mcts_cv-leaveoneout,leave_one_out,mcts_cv,50,0,1,0.5,0.5,0,0.001841259581518785,0,cutin_braking:5;fast_intrusion:11;lead_braking:8;slow_lead_following:15;stop_and_go:11,338;369;8;411;386;203;89;207;441;450;313;218;194;401;342;192;3;65;424;460;93;31;112;227;64;390;41;456;18;364;42;469;279;219;422;32;356;247;432;477;173;423;449;176;488;383;380;413;258;315,Random,0,0.00015549990348517895
20280331,Target-mcts_cv-leaveoneout,leave_one_out,mcts_cv,10,0,0,0.0,0.0,0,0.0,0,cutin_braking:4;fast_intrusion:0;lead_braking:2;slow_lead_following:3;stop_and_go:1,252;423;159;493;386;415;153;289;191;166,Random,1,0.00013020006008446217
20280331,Target-mcts_cv-leaveoneout,leave_one_out,mcts_cv,20,0,0,0.0,0.0,0,0.0,0,cutin_braking:6;fast_intrusion:1;lead_braking:5;slow_lead_following:5;stop_and_go:3,252;423;159;493;386;415;153;289;191;166;337;342;111;435;40;458;218;199;254;247,Random,1,0.00013020006008446217
20280331,Target-mcts_cv-leaveoneout,leave_one_out,mcts_cv,30,0,0,0.0,0.0,0,0.0,0,cutin_braking:8;fast_intrusion:2;lead_braking:6;slow_lead_following:8;stop_and_go:6,252;423;159;493;386;415;153;289;191;166;337;342;111;435;40;458;218;199;254;247;475;130;336;489;206;20;445;324;317;152,Random,1,0.00013020006008446217
20280331,Target-mcts_cv-leaveoneout,leave_one_out,mcts_cv,50,0,0,0.0,0.0,0,0.0,0,cutin_braking:13;fast_intrusion:6;lead_braking:8;slow_lead_following:13;stop_and_go:10,252;423;159;493;386;415;153;289;191;166;337;342;111;435;40;458;218;199;254;247;475;130;336;489;206;20;445;324;317;152;96;327;93;459;364;116;208;110;362;497;48;443;168;487;480;63;117;374;272;195,Random,1,0.00013020006008446217
20280331,Target-mcts_cv-leaveoneout,leave_one_out,mcts_cv,10,0,0,0.0,0.0,0,0.0,0,cutin_braking:3;fast_intrusion:0;lead_braking:3;slow_lead_following:2;stop_and_go:2,412;340;125;285;257;104;367;284;422;160,Random,2,0.00012049998622387648
20280331,Target-mcts_cv-leaveoneout,leave_one_out,mcts_cv,20,0,0,0.0,0.0,0,0.0,0,cutin_braking:5;fast_intrusion:4;lead_braking:4;slow_lead_following:4;stop_and_go:3,412;340;125;285;257;104;367;284;422;160;6;35;7;369;107;406;54;426;183;212,Random,2,0.00012049998622387648
20280331,Target-mcts_cv-leaveoneout,leave_one_out,mcts_cv,30,0,0,0.0,0.0,0,0.0,0,cutin_braking:6;fast_intrusion:5;lead_braking:6;slow_lead_following:7;stop_and_go:6,412;340;125;285;257;104;367;284;422;160;6;35;7;369;107;406;54;426;183;212;462;335;237;172;356;455;398;91;266;430,Random,2,0.00012049998622387648
20280331,Target-mcts_cv-leaveoneout,leave_one_out,mcts_cv,50,0,0,0.0,0.0,0,0.0,0,cutin_braking:9;fast_intrusion:6;lead_braking:11;slow_lead_following:15;stop_and_go:9,412;340;125;285;257;104;367;284;422;160;6;35;7;369;107;406;54;426;183;212;462;335;237;172;356;455;398;91;266;430;295;269;431;366;434;227;326;445;409;70;113;105;246;133;444;294;483;413;450;300,Random,2,0.00012049998622387648
20280331,Target-mcts_cv-leaveoneout,leave_one_out,mcts_cv,10,0,0,0.0,0.0,0,0.0,0,cutin_braking:3;fast_intrusion:0;lead_braking:0;slow_lead_following:2;stop_and_go:5,452;333;341;184;460;140;300;124;368;361,Random,3,0.00011010002344846725
20280331,Target-mcts_cv-leaveoneout,leave_one_out,mcts_cv,20,0,0,0.0,0.0,0,0.0,0,cutin_braking:4;fast_intrusion:1;lead_braking:2;slow_lead_following:5;stop_and_go:8,452;333;341;184;460;140;300;124;368;361;467;476;455;78;316;144;201;290;356;380,Random,3,0.00011010002344846725
20280331,Target-mcts_cv-leaveoneout,leave_one_out,mcts_cv,30,0,0,0.0,0.0,0,0.0,0,cutin_braking:4;fast_intrusion:4;lead_braking:4;slow_lead_following:9;stop_and_go:9,452;333;341;184;460;140;300;124;368;361;467;476;455;78;316;144;201;290;356;380;463;35;415;486;240;282;67;2;472;308,Random,3,0.00011010002344846725
20280331,Target-mcts_cv-leaveoneout,leave_one_out,mcts_cv,50,0,0,0.0,0.0,0,0.0,0,cutin_braking:8;fast_intrusion:8;lead_braking:5;slow_lead_following:13;stop_and_go:16,452;333;341;184;460;140;300;124;368;361;467;476;455;78;316;144;201;290;356;380;463;35;415;486;240;282;67;2;472;308;338;354;25;365;328;32;424;7;8;185;188;113;298;483;320;331;446;413;111;327,Random,3,0.00011010002344846725
20280331,Target-mcts_cv-leaveoneout,leave_one_out,mcts_cv,10,0,0,0.0,0.0,0,0.0,0,cutin_braking:1;fast_intrusion:1;lead_braking:3;slow_lead_following:3;stop_and_go:2,164;356;373;298;225;434;31;424;247;463,Random,4,0.0001439000479876995
20280331,Target-mcts_cv-leaveoneout,leave_one_out,mcts_cv,20,0,0,0.0,0.0,0,0.0,0,cutin_braking:2;fast_intrusion:4;lead_braking:7;slow_lead_following:4;stop_and_go:3,164;356;373;298;225;434;31;424;247;463;222;19;266;186;22;241;88;228;386;489,Random,4,0.0001439000479876995
20280331,Target-mcts_cv-leaveoneout,leave_one_out,mcts_cv,30,0,0,0.0,0.0,0,0.0,0,cutin_braking:3;fast_intrusion:4;lead_braking:9;slow_lead_following:6;stop_and_go:8,164;356;373;298;225;434;31;424;247;463;222;19;266;186;22;241;88;228;386;489;396;388;365;354;218;308;482;130;272;441,Random,4,0.0001439000479876995
20280331,Target-mcts_cv-leaveoneout,leave_one_out,mcts_cv,50,0,0,0.0,0.0,0,0.0,0,cutin_braking:10;fast_intrusion:7;lead_braking:13;slow_lead_following:9;stop_and_go:11,164;356;373;298;225;434;31;424;247;463;222;19;266;186;22;241;88;228;386;489;396;388;365;354;218;308;482;130;272;441;495;255;30;65;102;402;150;211;136;72;177;162;288;106;446;394;379;169;286;368,Random,4,0.0001439000479876995
20280331,Target-mcts_cv-leaveoneout,leave_one_out,mcts_cv,10,0,0,0.0,0.0,0,0.0,0,cutin_braking:4;fast_intrusion:0;lead_braking:2;slow_lead_following:2;stop_and_go:2,308;142;181;101;217;193;461;205;339;431,Random,5,0.00013139995280653238
20280331,Target-mcts_cv-leaveoneout,leave_one_out,mcts_cv,20,0,1,0.5,0.5,0,0.0030014236660679044,0,cutin_braking:7;fast_intrusion:1;lead_braking:4;slow_lead_following:4;stop_and_go:4,308;142;181;101;217;193;461;205;339;431;191;428;265;384;59;346;167;466;185;242,Random,5,0.00013139995280653238
20280331,Target-mcts_cv-leaveoneout,leave_one_out,mcts_cv,30,0,1,0.5,0.5,0,0.0030014236660679044,0,cutin_braking:9;fast_intrusion:4;lead_braking:5;slow_lead_following:6;stop_and_go:6,308;142;181;101;217;193;461;205;339;431;191;428;265;384;59;346;167;466;185;242;177;21;301;293;9;143;360;430;90;447,Random,5,0.00013139995280653238
20280331,Target-mcts_cv-leaveoneout,leave_one_out,mcts_cv,50,0,1,0.5,0.5,0,0.0030014236660679044,0,cutin_braking:15;fast_intrusion:9;lead_braking:7;slow_lead_following:8;stop_and_go:11,308;142;181;101;217;193;461;205;339;431;191;428;265;384;59;346;167;466;185;242;177;21;301;293;9;143;360;430;90;447;330;58;472;334;497;388;208;76;170;357;38;164;381;168;124;72;131;250;41;107,Random,5,0.00013139995280653238
20280331,Target-mcts_cv-leaveoneout,leave_one_out,mcts_cv,10,0,0,0.0,0.0,0,0.0,0,cutin_braking:2;fast_intrusion:1;lead_braking:1;slow_lead_following:3;stop_and_go:3,445;111;316;233;444;375;331;95;461;167,Random,6,0.00011329993139952421
20280331,Target-mcts_cv-leaveoneout,leave_one_out,mcts_cv,20,0,0,0.0,0.0,0,0.0,0,cutin_braking:3;fast_intrusion:5;lead_braking:3;slow_lead_following:4;stop_and_go:5,445;111;316;233;444;375;331;95;461;167;86;11;87;301;35;110;304;488;255;248,Random,6,0.00011329993139952421
20280331,Target-mcts_cv-leaveoneout,leave_one_out,mcts_cv,30,0,0,0.0,0.0,0,0.0,0,cutin_braking:6;fast_intrusion:6;lead_braking:3;slow_lead_following:7;stop_and_go:8,445;111;316;233;444;375;331;95;461;167;86;11;87;301;35;110;304;488;255;248;390;317;179;447;68;463;156;137;478;339,Random,6,0.00011329993139952421
20280331,Target-mcts_cv-leaveoneout,leave_one_out,mcts_cv,50,0,0,0.0,0.0,0,0.0,0,cutin_braking:7;fast_intrusion:12;lead_braking:5;slow_lead_following:11;stop_and_go:15,445;111;316;233;444;375;331;95;461;167;86;11;87;301;35;110;304;488;255;248;390;317;179;447;68;463;156;137;478;339;28;483;379;320;327;229;354;75;487;54;258;366;499;189;314;425;31;353;21;46,Random,6,0.00011329993139952421
20280331,Target-mcts_cv-leaveoneout,leave_one_out,mcts_cv,10,0,0,0.0,0.0,0,0.0,0,cutin_braking:3;fast_intrusion:3;lead_braking:3;slow_lead_following:0;stop_and_go:1,359;235;259;93;18;104;6;269;171;183,Random,7,0.00011060002725571394
20280331,Target-mcts_cv-leaveoneout,leave_one_out,mcts_cv,20,0,0,0.0,0.0,0,0.0,0,cutin_braking:6;fast_intrusion:5;lead_braking:5;slow_lead_following:1;stop_and_go:3,359;235;259;93;18;104;6;269;171;183;88;155;242;484;303;103;57;114;354;273,Random,7,0.00011060002725571394
20280331,Target-mcts_cv-leaveoneout,leave_one_out,mcts_cv,30,0,0,0.0,0.0,0,0.0,0,cutin_braking:10;fast_intrusion:6;lead_braking:8;slow_lead_following:1;stop_and_go:5,359;235;259;93;18;104;6;269;171;183;88;155;242;484;303;103;57;114;354;273;195;270;138;112;350;305;293;19;248;125,Random,7,0.00011060002725571394
20280331,Target-mcts_cv-leaveoneout,leave_one_out,mcts_cv,50,0,0,0.0,0.0,0,0.0,0,cutin_braking:14;fast_intrusion:10;lead_braking:10;slow_lead_following:7;stop_and_go:9,359;235;259;93;18;104;6;269;171;183;88;155;242;484;303;103;57;114;354;273;195;270;138;112;350;305;293;19;248;125;499;71;408;301;392;442;117;115;294;78;87;289;116;409;151;425;361;374;471;25,Random,7,0.00011060002725571394
20280331,Target-mcts_cv-leaveoneout,leave_one_out,mcts_cv,10,0,0,0.0,0.0,0,0.0,0,cutin_braking:4;fast_intrusion:1;lead_braking:2;slow_lead_following:2;stop_and_go:1,167;289;110;366;491;450;204;154;89;117,Random,8,0.00010699999984353781
20280331,Target-mcts_cv-leaveoneout,leave_one_out,mcts_cv,20,0,0,0.0,0.0,0,0.0,0,cutin_braking:4;fast_intrusion:2;lead_braking:3;slow_lead_following:6;stop_and_go:5,167;289;110;366;491;450;204;154;89;117;446;341;415;9;353;320;237;430;369;486,Random,8,0.00010699999984353781
20280331,Target-mcts_cv-leaveoneout,leave_one_out,mcts_cv,30,0,0,0.0,0.0,0,0.0,0,cutin_braking:6;fast_intrusion:6;lead_braking:7;slow_lead_following:6;stop_and_go:5,167;289;110;366;491;450;204;154;89;117;446;341;415;9;353;320;237;430;369;486;78;287;247;55;70;208;68;223;149;143,Random,8,0.00010699999984353781
20280331,Target-mcts_cv-leaveoneout,leave_one_out,mcts_cv,50,0,0,0.0,0.0,0,0.0,0,cutin_braking:8;fast_intrusion:11;lead_braking:10;slow_lead_following:10;stop_and_go:11,167;289;110;366;491;450;204;154;89;117;446;341;415;9;353;320;237;430;369;486;78;287;247;55;70;208;68;223;149;143;414;163;295;439;305;54;389;49;496;399;132;233;321;90;79;379;221;52;436;398,Random,8,0.00010699999984353781
20280331,Target-mcts_cv-leaveoneout,leave_one_out,mcts_cv,10,0,0,0.0,0.0,0,0.0,0,cutin_braking:2;fast_intrusion:0;lead_braking:6;slow_lead_following:1;stop_and_go:1,331;286;136;445;292;283;272;182;221;240,Random,9,0.00011000002268701792
20280331,Target-mcts_cv-leaveoneout,leave_one_out,mcts_cv,20,0,0,0.0,0.0,0,0.0,0,cutin_braking:3;fast_intrusion:1;lead_braking:8;slow_lead_following:3;stop_and_go:5,331;286;136;445;292;283;272;182;221;240;469;318;223;389;234;353;146;68;384;474,Random,9,0.00011000002268701792
20280331,Target-mcts_cv-leaveoneout,leave_one_out,mcts_cv,30,0,0,0.0,0.0,0,0.0,0,cutin_braking:4;fast_intrusion:5;lead_braking:11;slow_lead_following:4;stop_and_go:6,331;286;136;445;292;283;272;182;221;240;469;318;223;389;234;353;146;68;384;474;229;43;321;295;143;250;447;57;18;49,Random,9,0.00011000002268701792
20280331,Target-mcts_cv-leaveoneout,leave_one_out,mcts_cv,50,0,0,0.0,0.0,0,0.0,0,cutin_braking:9;fast_intrusion:8;lead_braking:11;slow_lead_following:10;stop_and_go:12,331;286;136;445;292;283;272;182;221;240;469;318;223;389;234;353;146;68;384;474;229;43;321;295;143;250;447;57;18;49;410;103;494;173;335;6;303;134;352;115;148;443;54;449;487;377;416;365;320;51,Random,9,0.00011000002268701792
20280331,Target-ppo_ece-leaveoneout,leave_one_out,ppo_ece,10,0,4,2.0,2.0,0,0.008052632274697064,0,cutin_braking:1;fast_intrusion:1;lead_braking:1;slow_lead_following:3;stop_and_go:4,429;265;306;349;329;383;499;460;117;40,NoComposition,0,0.33076689997687936
20280331,Target-ppo_ece-leaveoneout,leave_one_out,ppo_ece,20,0,4,2.0,2.0,0,0.008052632274697064,0,cutin_braking:4;fast_intrusion:2;lead_braking:2;slow_lead_following:7;stop_and_go:5,429;265;306;349;329;383;499;460;117;40;449;454;447;144;136;344;234;83;145;472,NoComposition,0,0.33076689997687936
20280331,Target-ppo_ece-leaveoneout,leave_one_out,ppo_ece,30,0,5,2.5,2.5,0,0.017487769792708392,0,cutin_braking:5;fast_intrusion:7;lead_braking:3;slow_lead_following:10;stop_and_go:5,429;265;306;349;329;383;499;460;117;40;449;454;447;144;136;344;234;83;145;472;33;1;459;491;467;76;174;3;291;2,NoComposition,0,0.33076689997687936
20280331,Target-ppo_ece-leaveoneout,leave_one_out,ppo_ece,50,0,5,2.5,2.5,0,0.017487769792708392,0,cutin_braking:10;fast_intrusion:11;lead_braking:7;slow_lead_following:11;stop_and_go:11,429;265;306;349;329;383;499;460;117;40;449;454;447;144;136;344;234;83;145;472;33;1;459;491;467;76;174;3;291;2;191;87;325;331;216;470;126;173;208;168;388;229;322;82;385;35;312;102;28;211,NoComposition,0,0.33076689997687936
20280331,Target-ppo_ece-leaveoneout,leave_one_out,ppo_ece,10,0,4,2.0,2.0,0,0.008052632274697064,0,cutin_braking:1;fast_intrusion:1;lead_braking:2;slow_lead_following:1;stop_and_go:5,429;265;306;349;29;329;383;391;250;136,NoNull,0,0.32429069990757853
20280331,Target-ppo_ece-leaveoneout,leave_one_out,ppo_ece,20,0,4,2.0,2.0,0,0.008052632274697064,0,cutin_braking:3;fast_intrusion:3;lead_braking:3;slow_lead_following:6;stop_and_go:5,429;265;306;349;29;329;383;391;250;136;499;460;449;454;447;208;87;40;145;117,NoNull,0,0.32429069990757853
20280331,Target-ppo_ece-leaveoneout,leave_one_out,ppo_ece,30,0,5,2.5,2.5,0,0.017487769792708392,0,cutin_braking:4;fast_intrusion:5;lead_braking:4;slow_lead_following:9;stop_and_go:8,429;265;306;349;29;329;383;391;250;136;499;460;449;454;447;208;87;40;145;117;83;308;312;472;33;144;398;271;459;491,NoNull,0,0.32429069990757853
20280331,Target-ppo_ece-leaveoneout,leave_one_out,ppo_ece,50,0,5,2.5,2.5,0,0.017487769792708392,0,cutin_braking:9;fast_intrusion:11;lead_braking:8;slow_lead_following:11;stop_and_go:11,429;265;306;349;29;329;383;391;250;136;499;460;449;454;447;208;87;40;145;117;83;308;312;472;33;144;398;271;459;491;467;234;3;2;166;76;216;191;174;470;168;331;161;322;243;82;35;353;289;28,NoNull,0,0.32429069990757853
20280331,Target-ppo_ece-leaveoneout,leave_one_out,ppo_ece,10,0,0,0.0,0.0,0,0.0,0,cutin_braking:4;fast_intrusion:2;lead_braking:1;slow_lead_following:1;stop_and_go:2,360;430;109;353;163;149;240;110;60;67,Random,0,0.00016769999638199806
20280331,Target-ppo_ece-leaveoneout,leave_one_out,ppo_ece,20,0,1,0.5,0.5,0,0.0031861404050604475,0,cutin_braking:5;fast_intrusion:3;lead_braking:2;slow_lead_following:5;stop_and_go:5,360;430;109;353;163;149;240;110;60;67;267;345;337;79;494;475;486;189;445;332,Random,0,0.00016769999638199806
20280331,Target-ppo_ece-leaveoneout,leave_one_out,ppo_ece,30,0,2,1.0,1.0,0,0.004101600190596752,0,cutin_braking:6;fast_intrusion:5;lead_braking:5;slow_lead_following:6;stop_and_go:8,360;430;109;353;163;149;240;110;60;67;267;345;337;79;494;475;486;189;445;332;203;227;376;245;483;37;312;83;180;309,Random,0,0.00016769999638199806
20280331,Target-ppo_ece-leaveoneout,leave_one_out,ppo_ece,50,0,3,1.5,1.5,0,0.015500186282047712,0,cutin_braking:9;fast_intrusion:9;lead_braking:8;slow_lead_following:11;stop_and_go:13,360;430;109;353;163;149;240;110;60;67;267;345;337;79;494;475;486;189;445;332;203;227;376;245;483;37;312;83;180;309;139;131;469;411;97;34;471;351;39;358;354;175;43;378;268;228;420;229;452;356,Random,0,0.00016769999638199806
20280331,Target-ppo_ece-leaveoneout,leave_one_out,ppo_ece,10,0,1,0.5,0.5,0,0.0029941362053345537,0,cutin_braking:0;fast_intrusion:3;lead_braking:3;slow_lead_following:2;stop_and_go:2,292;339;297;400;334;421;41;14;207;63,Random,1,0.00010969990398734808
20280331,Target-ppo_ece-leaveoneout,leave_one_out,ppo_ece,20,0,1,0.5,0.5,0,0.0029941362053345537,0,cutin_braking:4;fast_intrusion:4;lead_braking:6;slow_lead_following:3;stop_and_go:3,292;339;297;400;334;421;41;14;207;63;429;335;192;141;219;117;291;167;20;287,Random,1,0.00010969990398734808
20280331,Target-ppo_ece-leaveoneout,leave_one_out,ppo_ece,30,0,1,0.5,0.5,0,0.0029941362053345537,0,cutin_braking:7;fast_intrusion:6;lead_braking:8;slow_lead_following:5;stop_and_go:4,292;339;297;400;334;421;41;14;207;63;429;335;192;141;219;117;291;167;20;287;5;432;200;264;119;496;318;174;70;135,Random,1,0.00010969990398734808
20280331,Target-ppo_ece-leaveoneout,leave_one_out,ppo_ece,50,0,2,1.0,1.0,0,0.005351401465442898,0,cutin_braking:12;fast_intrusion:10;lead_braking:13;slow_lead_following:7;stop_and_go:8,292;339;297;400;334;421;41;14;207;63;429;335;192;141;219;117;291;167;20;287;5;432;200;264;119;496;318;174;70;135;64;108;376;265;261;389;482;269;439;281;165;368;98;138;195;159;52;298;76;386,Random,1,0.00010969990398734808
20280331,Target-ppo_ece-leaveoneout,leave_one_out,ppo_ece,10,0,1,0.5,0.5,0,0.001988497577416266,0,cutin_braking:1;fast_intrusion:2;lead_braking:2;slow_lead_following:2;stop_and_go:3,394;350;408;247;466;297;393;7;1;101,Random,2,0.00010529998689889908
20280331,Target-ppo_ece-leaveoneout,leave_one_out,ppo_ece,20,0,2,1.0,1.0,0,0.005302241817865396,0,cutin_braking:2;fast_intrusion:6;lead_braking:4;slow_lead_following:4;stop_and_go:4,394;350;408;247;466;297;393;7;1;101;80;71;61;369;464;279;44;485;147;231,Random,2,0.00010529998689889908
20280331,Target-ppo_ece-leaveoneout,leave_one_out,ppo_ece,30,0,3,1.5,1.5,0,0.007670307718946047,0,cutin_braking:5;fast_intrusion:6;lead_braking:5;slow_lead_following:8;stop_and_go:6,394;350;408;247;466;297;393;7;1;101;80;71;61;369;464;279;44;485;147;231;242;462;115;175;142;422;342;404;324;435,Random,2,0.00010529998689889908
20280331,Target-ppo_ece-leaveoneout,leave_one_out,ppo_ece,50,0,3,1.5,1.5,0,0.007670307718946047,0,cutin_braking:10;fast_intrusion:13;lead_braking:9;slow_lead_following:11;stop_and_go:7,394;350;408;247;466;297;393;7;1;101;80;71;61;369;464;279;44;485;147;231;242;462;115;175;142;422;342;404;324;435;18;148;160;34;52;370;287;167;412;50;430;213;235;482;198;14;63;75;251;180,Random,2,0.00010529998689889908
20280331,Target-ppo_ece-leaveoneout,leave_one_out,ppo_ece,10,0,0,0.0,0.0,0,0.0,0,cutin_braking:0;fast_intrusion:1;lead_braking:5;slow_lead_following:2;stop_and_go:2,398;212;278;234;244;440;449;392;26;282,Random,3,0.0001401999033987522
20280331,Target-ppo_ece-leaveoneout,leave_one_out,ppo_ece,20,0,0,0.0,0.0,0,0.0,0,cutin_braking:3;fast_intrusion:2;lead_braking:6;slow_lead_following:6;stop_and_go:3,398;212;278;234;244;440;449;392;26;282;30;146;106;292;462;499;323;136;489;475,Random,3,0.0001401999033987522
20280331,Target-ppo_ece-leaveoneout,leave_one_out,ppo_ece,30,0,1,0.5,0.5,0,0.0025622276031734095,0,cutin_braking:5;fast_intrusion:3;lead_braking:8;slow_lead_following:7;stop_and_go:7,398;212;278;234;244;440;449;392;26;282;30;146;106;292;462;499;323;136;489;475;169;16;389;376;181;364;285;236;469;336,Random,3,0.0001401999033987522
20280331,Target-ppo_ece-leaveoneout,leave_one_out,ppo_ece,50,0,1,0.5,0.5,0,0.0025622276031734095,0,cutin_braking:8;fast_intrusion:11;lead_braking:12;slow_lead_following:10;stop_and_go:9,398;212;278;234;244;440;449;392;26;282;30;146;106;292;462;499;323;136;489;475;169;16;389;376;181;364;285;236;469;336;273;83;404;91;395;65;429;488;128;70;55;58;47;222;124;291;201;354;15;187,Random,3,0.0001401999033987522
20280331,Target-ppo_ece-leaveoneout,leave_one_out,ppo_ece,10,0,0,0.0,0.0,0,0.0,0,cutin_braking:4;fast_intrusion:2;lead_braking:2;slow_lead_following:1;stop_and_go:1,199;420;176;278;114;47;87;104;386;216,Random,4,0.0001178000820800662
20280331,Target-ppo_ece-leaveoneout,leave_one_out,ppo_ece,20,0,0,0.0,0.0,0,0.0,0,cutin_braking:7;fast_intrusion:6;lead_braking:3;slow_lead_following:2;stop_and_go:2,199;420;176;278;114;47;87;104;386;216;437;119;89;157;30;303;212;20;74;195,Random,4,0.0001178000820800662
20280331,Target-ppo_ece-leaveoneout,leave_one_out,ppo_ece,30,0,1,0.5,0.5,0,0.0023185454822233216,0,cutin_braking:9;fast_intrusion:9;lead_braking:3;slow_lead_following:5;stop_and_go:4,199;420;176;278;114;47;87;104;386;216;437;119;89;157;30;303;212;20;74;195;191;423;477;374;28;96;101;349;9;466,Random,4,0.0001178000820800662
20280331,Target-ppo_ece-leaveoneout,leave_one_out,ppo_ece,50,0,1,0.5,0.5,0,0.0023185454822233216,0,cutin_braking:14;fast_intrusion:12;lead_braking:6;slow_lead_following:10;stop_and_go:8,199;420;176;278;114;47;87;104;386;216;437;119;89;157;30;303;212;20;74;195;191;423;477;374;28;96;101;349;9;466;139;121;409;414;381;80;140;201;407;434;169;31;211;333;289;68;479;315;120;367,Random,4,0.0001178000820800662
20280331,Target-ppo_ece-leaveoneout,leave_one_out,ppo_ece,10,0,0,0.0,0.0,0,0.0,0,cutin_braking:1;fast_intrusion:1;lead_braking:1;slow_lead_following:4;stop_and_go:3,173;210;450;317;434;382;364;490;67;479,Random,5,0.00010830000974237919
20280331,Target-ppo_ece-leaveoneout,leave_one_out,ppo_ece,20,0,0,0.0,0.0,0,0.0,0,cutin_braking:3;fast_intrusion:4;lead_braking:3;slow_lead_following:5;stop_and_go:5,173;210;450;317;434;382;364;490;67;479;214;333;1;15;108;79;161;340;208;455,Random,5,0.00010830000974237919
20280331,Target-ppo_ece-leaveoneout,leave_one_out,ppo_ece,30,0,0,0.0,0.0,0,0.0,0,cutin_braking:5;fast_intrusion:6;lead_braking:6;slow_lead_following:8;stop_and_go:5,173;210;450;317;434;382;364;490;67;479;214;333;1;15;108;79;161;340;208;455;475;407;225;492;219;10;131;53;242;172,Random,5,0.00010830000974237919
20280331,Target-ppo_ece-leaveoneout,leave_one_out,ppo_ece,50,0,1,0.5,0.5,0,0.003652954065689606,0,cutin_braking:9;fast_intrusion:10;lead_braking:11;slow_lead_following:11;stop_and_go:9,173;210;450;317;434;382;364;490;67;479;214;333;1;15;108;79;161;340;208;455;475;407;225;492;219;10;131;53;242;172;118;114;230;385;270;441;369;421;178;358;281;17;8;319;44;268;260;488;133;21,Random,5,0.00010830000974237919
20280331,Target-ppo_ece-leaveoneout,leave_one_out,ppo_ece,10,0,1,0.5,0.5,0,0.0025622276031734095,0,cutin_braking:0;fast_intrusion:3;lead_braking:2;slow_lead_following:3;stop_and_go:2,26;449;76;480;64;235;445;389;391;280,Random,6,0.00011300004553049803
20280331,Target-ppo_ece-leaveoneout,leave_one_out,ppo_ece,20,0,2,1.0,1.0,0,0.006069500740821791,0,cutin_braking:1;fast_intrusion:5;lead_braking:5;slow_lead_following:5;stop_and_go:4,26;449;76;480;64;235;445;389;391;280;441;92;291;158;219;311;247;425;62;355,Random,6,0.00011300004553049803
20280331,Target-ppo_ece-leaveoneout,leave_one_out,ppo_ece,30,0,2,1.0,1.0,0,0.006069500740821791,0,cutin_braking:4;fast_intrusion:6;lead_braking:7;slow_lead_following:6;stop_and_go:7,26;449;76;480;64;235;445;389;391;280;441;92;291;158;219;311;247;425;62;355;387;91;180;230;368;188;236;468;145;343,Random,6,0.00011300004553049803
20280331,Target-ppo_ece-leaveoneout,leave_one_out,ppo_ece,50,0,2,1.0,1.0,0,0.006069500740821791,0,cutin_braking:12;fast_intrusion:7;lead_braking:10;slow_lead_following:12;stop_and_go:9,26;449;76;480;64;235;445;389;391;280;441;92;291;158;219;311;247;425;62;355;387;91;180;230;368;188;236;468;145;343;183;408;119;285;265;325;171;5;401;109;204;105;467;454;135;181;479;363;439;175,Random,6,0.00011300004553049803
20280331,Target-ppo_ece-leaveoneout,leave_one_out,ppo_ece,10,0,1,0.5,0.5,0,0.003652954065689606,0,cutin_braking:2;fast_intrusion:1;lead_braking:2;slow_lead_following:2;stop_and_go:3,64;438;417;395;340;181;130;208;369;205,Random,7,0.00011090002954006195
20280331,Target-ppo_ece-leaveoneout,leave_one_out,ppo_ece,20,0,1,0.5,0.5,0,0.003652954065689606,0,cutin_braking:3;fast_intrusion:8;lead_braking:3;slow_lead_following:3;stop_and_go:3,64;438;417;395;340;181;130;208;369;205;62;20;209;480;59;86;198;27;28;55,Random,7,0.00011090002954006195
20280331,Target-ppo_ece-leaveoneout,leave_one_out,ppo_ece,30,0,1,0.5,0.5,0,0.003652954065689606,0,cutin_braking:3;fast_intrusion:11;lead_braking:6;slow_lead_following:6;stop_and_go:4,64;438;417;395;340;181;130;208;369;205;62;20;209;480;59;86;198;27;28;55;78;481;77;88;406;470;275;360;217;250,Random,7,0.00011090002954006195
20280331,Target-ppo_ece-leaveoneout,leave_one_out,ppo_ece,50,0,2,1.0,1.0,0,0.006188857164610841,0,cutin_braking:9;fast_intrusion:13;lead_braking:10;slow_lead_following:9;stop_and_go:9,64;438;417;395;340;181;130;208;369;205;62;20;209;480;59;86;198;27;28;55;78;481;77;88;406;470;275;360;217;250;271;390;462;274;32;135;100;306;318;474;240;284;156;113;354;73;145;409;121;333,Random,7,0.00011090002954006195
20280331,Target-ppo_ece-leaveoneout,leave_one_out,ppo_ece,10,0,0,0.0,0.0,0,0.0,0,cutin_braking:2;fast_intrusion:3;lead_braking:1;slow_lead_following:3;stop_and_go:1,341;177;220;417;443;142;31;10;72;449,Random,8,0.00010969990398734808
20280331,Target-ppo_ece-leaveoneout,leave_one_out,ppo_ece,20,0,1,0.5,0.5,0,0.003998665383662757,0,cutin_braking:5;fast_intrusion:4;lead_braking:3;slow_lead_following:4;stop_and_go:4,341;177;220;417;443;142;31;10;72;449;311;41;159;279;355;114;183;429;291;319,Random,8,0.00010969990398734808
20280331,Target-ppo_ece-leaveoneout,leave_one_out,ppo_ece,30,0,2,1.0,1.0,0,0.006463655628385015,0,cutin_braking:9;fast_intrusion:6;lead_braking:3;slow_lead_following:5;stop_and_go:7,341;177;220;417;443;142;31;10;72;449;311;41;159;279;355;114;183;429;291;319;189;495;42;338;46;182;357;184;336;139,Random,8,0.00010969990398734808
20280331,Target-ppo_ece-leaveoneout,leave_one_out,ppo_ece,50,0,3,1.5,1.0,0,0.008300057707428015,0,cutin_braking:11;fast_intrusion:9;lead_braking:12;slow_lead_following:9;stop_and_go:9,341;177;220;417;443;142;31;10;72;449;311;41;159;279;355;114;183;429;291;319;189;495;42;338;46;182;357;184;336;139;62;347;54;439;222;110;309;468;221;289;55;103;275;216;480;223;243;463;214;240,Random,8,0.00010969990398734808
20280331,Target-ppo_ece-leaveoneout,leave_one_out,ppo_ece,10,0,0,0.0,0.0,0,0.0,0,cutin_braking:0;fast_intrusion:4;lead_braking:1;slow_lead_following:3;stop_and_go:2,478;412;95;322;295;79;375;35;4;468,Random,9,0.00016549997963011265
20280331,Target-ppo_ece-leaveoneout,leave_one_out,ppo_ece,20,0,0,0.0,0.0,0,0.0,0,cutin_braking:2;fast_intrusion:5;lead_braking:3;slow_lead_following:6;stop_and_go:4,478;412;95;322;295;79;375;35;4;468;398;10;315;251;187;276;172;427;424;495,Random,9,0.00016549997963011265
20280331,Target-ppo_ece-leaveoneout,leave_one_out,ppo_ece,30,0,0,0.0,0.0,0,0.0,0,cutin_braking:4;fast_intrusion:7;lead_braking:7;slow_lead_following:6;stop_and_go:6,478;412;95;322;295;79;375;35;4;468;398;10;315;251;187;276;172;427;424;495;115;58;316;207;101;255;361;235;289;27,Random,9,0.00016549997963011265
20280331,Target-ppo_ece-leaveoneout,leave_one_out,ppo_ece,50,0,0,0.0,0.0,0,0.0,0,cutin_braking:9;fast_intrusion:12;lead_braking:9;slow_lead_following:8;stop_and_go:12,478;412;95;322;295;79;375;35;4;468;398;10;315;251;187;276;172;427;424;495;115;58;316;207;101;255;361;235;289;27;29;341;391;387;45;32;239;182;372;358;169;108;404;440;49;37;203;162;378;184,Random,9,0.00016549997963011265
20280414,Target-idm_mobil-leaveoneout,leave_one_out,idm_mobil,10,0,8,4.0,4.0,0,0.04160032987539106,1,cutin_braking:1;fast_intrusion:1;lead_braking:1;slow_lead_following:3;stop_and_go:4,430;480;395;403;385;307;388;235;74;119,NoComposition,0,0.3262925000162795
20280414,Target-idm_mobil-leaveoneout,leave_one_out,idm_mobil,20,0,18,9.0,7.5,0,0.05144509005508382,1,cutin_braking:1;fast_intrusion:1;lead_braking:1;slow_lead_following:3;stop_and_go:14,430;480;395;403;385;307;388;235;74;119;343;344;373;333;319;367;327;355;313;398,NoComposition,0,0.3262925000162795
20280414,Target-idm_mobil-leaveoneout,leave_one_out,idm_mobil,30,0,22,11.0,8.5,0,0.055082684074587385,4,cutin_braking:1;fast_intrusion:10;lead_braking:1;slow_lead_following:4;stop_and_go:14,430;480;395;403;385;307;388;235;74;119;343;344;373;333;319;367;327;355;313;398;18;86;62;420;30;54;78;38;46;34,NoComposition,0,0.3262925000162795
20280414,Target-idm_mobil-leaveoneout,leave_one_out,idm_mobil,50,0,34,17.0,9.5,0,0.08097598801324679,16,cutin_braking:1;fast_intrusion:12;lead_braking:1;slow_lead_following:22;stop_and_go:14,430;480;395;403;385;307;388;235;74;119;343;344;373;333;319;367;327;355;313;398;18;86;62;420;30;54;78;38;46;34;495;415;463;443;471;456;416;439;408;472;488;432;440;424;496;400;448;26;70;459,NoComposition,0,0.3262925000162795
20280414,Target-idm_mobil-leaveoneout,leave_one_out,idm_mobil,10,0,8,4.0,4.0,0,0.03783062147879866,0,cutin_braking:1;fast_intrusion:1;lead_braking:1;slow_lead_following:2;stop_and_go:5,430;480;344;395;313;385;388;235;174;2,NoNull,0,0.3256237000459805
20280414,Target-idm_mobil-leaveoneout,leave_one_out,idm_mobil,20,0,18,9.0,7.5,0,0.04620881452205183,0,cutin_braking:1;fast_intrusion:1;lead_braking:1;slow_lead_following:3;stop_and_go:14,430;480;344;395;313;385;388;235;174;2;319;333;367;373;343;307;327;355;398;420,NoNull,0,0.3256237000459805
20280414,Target-idm_mobil-leaveoneout,leave_one_out,idm_mobil,30,0,24,12.0,8.5,0,0.07032309323497553,6,cutin_braking:1;fast_intrusion:1;lead_braking:1;slow_lead_following:13;stop_and_go:14,430;480;344;395;313;385;388;235;174;2;319;333;367;373;343;307;327;355;398;420;463;443;407;495;456;415;488;416;408;439,NoNull,0,0.3256237000459805
20280414,Target-idm_mobil-leaveoneout,leave_one_out,idm_mobil,50,0,39,19.5,9.0,0,0.0873747439603953,21,cutin_braking:1;fast_intrusion:1;lead_braking:1;slow_lead_following:33;stop_and_go:14,430;480;344;395;313;385;388;235;174;2;319;333;367;373;343;307;327;355;398;420;463;443;407;495;456;415;488;416;408;439;472;432;440;424;496;400;406;448;492;436;460;468;478;454;446;412;422;438;457;470,NoNull,0,0.3256237000459805
20280414,Target-idm_mobil-leaveoneout,leave_one_out,idm_mobil,10,0,0,0.0,0.0,0,0.0,0,cutin_braking:1;fast_intrusion:0;lead_braking:6;slow_lead_following:1;stop_and_go:2,484;256;332;237;262;294;276;187;305;217,Random,0,0.00015089998487383127
20280414,Target-idm_mobil-leaveoneout,leave_one_out,idm_mobil,20,0,2,1.0,1.0,0,0.031051980722743015,2,cutin_braking:3;fast_intrusion:2;lead_braking:7;slow_lead_following:6;stop_and_go:2,484;256;332;237;262;294;276;187;305;217;19;428;186;100;212;490;97;471;429;498,Random,0,0.00015089998487383127
20280414,Target-idm_mobil-leaveoneout,leave_one_out,idm_mobil,30,0,5,2.5,2.5,0,0.04854443471764145,4,cutin_braking:5;fast_intrusion:4;lead_braking:9;slow_lead_following:9;stop_and_go:3,484;256;332;237;262;294;276;187;305;217;19;428;186;100;212;490;97;471;429;498;221;327;33;58;269;499;189;195;415;467,Random,0,0.00015089998487383127
20280414,Target-idm_mobil-leaveoneout,leave_one_out,idm_mobil,50,0,9,4.5,4.5,0,0.06124666601329753,7,cutin_braking:10;fast_intrusion:8;lead_braking:13;slow_lead_following:10;stop_and_go:9,484;256;332;237;262;294;276;187;305;217;19;428;186;100;212;490;97;471;429;498;221;327;33;58;269;499;189;195;415;467;53;353;169;350;370;29;253;111;174;74;389;265;30;214;109;408;340;278;152;313,Random,0,0.00015089998487383127
20280414,Target-idm_mobil-leaveoneout,leave_one_out,idm_mobil,10,0,1,0.5,0.5,0,0.005381953906670923,1,cutin_braking:3;fast_intrusion:2;lead_braking:5;slow_lead_following:0;stop_and_go:0,211;281;172;288;157;209;210;166;74;98,Random,1,0.00013229995965957642
20280414,Target-idm_mobil-leaveoneout,leave_one_out,idm_mobil,20,0,3,1.5,1.5,0,0.0212985206891667,2,cutin_braking:8;fast_intrusion:4;lead_braking:5;slow_lead_following:2;stop_and_go:1,211;281;172;288;157;209;210;166;74;98;125;146;13;467;480;173;37;335;111;122,Random,1,0.00013229995965957642
20280414,Target-idm_mobil-leaveoneout,leave_one_out,idm_mobil,30,0,4,2.0,2.0,0,0.024108985512905322,3,cutin_braking:11;fast_intrusion:7;lead_braking:8;slow_lead_following:2;stop_and_go:2,211;281;172;288;157;209;210;166;74;98;125;146;13;467;480;173;37;335;111;122;147;10;196;359;192;213;3;58;234;296,Random,1,0.00013229995965957642
20280414,Target-idm_mobil-leaveoneout,leave_one_out,idm_mobil,50,0,8,4.0,3.5,0,0.04797694410389973,7,cutin_braking:14;fast_intrusion:10;lead_braking:11;slow_lead_following:9;stop_and_go:6,211;281;172;288;157;209;210;166;74;98;125;146;13;467;480;173;37;335;111;122;147;10;196;359;192;213;3;58;234;296;402;406;35;183;312;468;251;396;18;129;493;440;284;389;161;437;48;215;469;324,Random,1,0.00013229995965957642
20280414,Target-idm_mobil-leaveoneout,leave_one_out,idm_mobil,10,0,2,1.0,1.0,0,0.020465328851683832,2,cutin_braking:3;fast_intrusion:1;lead_braking:2;slow_lead_following:1;stop_and_go:3,54;351;350;341;233;223;456;165;170;121,Random,2,0.0002495000371709466
20280414,Target-idm_mobil-leaveoneout,leave_one_out,idm_mobil,20,0,4,2.0,2.0,0,0.031657341975436855,4,cutin_braking:6;fast_intrusion:2;lead_braking:2;slow_lead_following:4;stop_and_go:6,54;351;350;341;233;223;456;165;170;121;404;495;159;117;129;389;354;26;383;455,Random,2,0.0002495000371709466
20280414,Target-idm_mobil-leaveoneout,leave_one_out,idm_mobil,30,0,5,2.5,2.5,0,0.039780352060432934,5,cutin_braking:8;fast_intrusion:4;lead_braking:4;slow_lead_following:6;stop_and_go:8,54;351;350;341;233;223;456;165;170;121;404;495;159;117;129;389;354;26;383;455;154;273;390;212;27;195;17;460;409;365,Random,2,0.0002495000371709466
20280414,Target-idm_mobil-leaveoneout,leave_one_out,idm_mobil,50,0,9,4.5,4.0,0,0.05699143038639489,7,cutin_braking:13;fast_intrusion:6;lead_braking:9;slow_lead_following:11;stop_and_go:11,54;351;350;341;233;223;456;165;170;121;404;495;159;117;129;389;354;26;383;455;154;273;390;212;27;195;17;460;409;365;289;465;95;173;294;188;103;452;407;412;312;295;235;108;356;161;285;38;355;414,Random,2,0.0002495000371709466
20280414,Target-idm_mobil-leaveoneout,leave_one_out,idm_mobil,10,0,3,1.5,1.5,0,0.01943901082899546,2,cutin_braking:0;fast_intrusion:3;lead_braking:3;slow_lead_following:2;stop_and_go:2,335;425;93;235;7;200;331;400;220;45,Random,3,0.00015199999324977398
20280414,Target-idm_mobil-leaveoneout,leave_one_out,idm_mobil,20,0,7,3.5,3.0,0,0.030888893384520708,5,cutin_braking:1;fast_intrusion:7;lead_braking:4;slow_lead_following:5;stop_and_go:3,335;425;93;235;7;200;331;400;220;45;406;74;215;455;78;367;35;26;120;445,Random,3,0.00015199999324977398
20280414,Target-idm_mobil-leaveoneout,leave_one_out,idm_mobil,30,0,8,4.0,3.5,0,0.03264012899710635,6,cutin_braking:4;fast_intrusion:10;lead_braking:6;slow_lead_following:6;stop_and_go:4,335;425;93;235;7;200;331;400;220;45;406;74;215;455;78;367;35;26;120;445;207;442;111;23;94;110;265;6;347;183,Random,3,0.00015199999324977398
20280414,Target-idm_mobil-leaveoneout,leave_one_out,idm_mobil,50,0,10,5.0,4.0,0,0.04435312574869395,7,cutin_braking:4;fast_intrusion:17;lead_braking:11;slow_lead_following:12;stop_and_go:6,335;425;93;235;7;200;331;400;220;45;406;74;215;455;78;367;35;26;120;445;207;442;111;23;94;110;265;6;347;183;362;87;466;67;209;258;49;20;246;426;434;301;5;223;95;480;83;262;486;416,Random,3,0.00015199999324977398
20280414,Target-idm_mobil-leaveoneout,leave_one_out,idm_mobil,10,0,3,1.5,1.5,0,0.020241610957785306,2,cutin_braking:1;fast_intrusion:3;lead_braking:2;slow_lead_following:1;stop_and_go:3,308;289;201;68;98;350;472;76;385;145,Random,4,0.00011559994891285896
20280414,Target-idm_mobil-leaveoneout,leave_one_out,idm_mobil,20,0,6,3.0,3.0,0,0.053275468570119014,5,cutin_braking:2;fast_intrusion:6;lead_braking:4;slow_lead_following:4;stop_and_go:4,308;289;201;68;98;350;472;76;385;145;296;271;73;305;34;422;10;452;405;156,Random,4,0.00011559994891285896
20280414,Target-idm_mobil-leaveoneout,leave_one_out,idm_mobil,30,0,10,5.0,5.0,0,0.0621698192619527,9,cutin_braking:2;fast_intrusion:8;lead_braking:5;slow_lead_following:8;stop_and_go:7,308;289;201;68;98;350;472;76;385;145;296;271;73;305;34;422;10;452;405;156;392;321;241;426;85;99;401;434;317;468,Random,4,0.00011559994891285896
20280414,Target-idm_mobil-leaveoneout,leave_one_out,idm_mobil,50,0,13,6.5,6.5,0,0.07397992817904907,10,cutin_braking:5;fast_intrusion:11;lead_braking:7;slow_lead_following:13;stop_and_go:14,308;289;201;68;98;350;472;76;385;145;296;271;73;305;34;422;10;452;405;156;392;321;241;426;85;99;401;434;317;468;357;336;362;319;199;228;365;36;24;334;467;486;114;344;240;465;461;497;62;190,Random,4,0.00011559994891285896
20280414,Target-idm_mobil-leaveoneout,leave_one_out,idm_mobil,10,0,2,1.0,1.0,0,0.006648262401239996,1,cutin_braking:3;fast_intrusion:1;lead_braking:3;slow_lead_following:1;stop_and_go:2,406;101;235;201;384;70;162;156;245;308,Random,5,0.00012879993300884962
20280414,Target-idm_mobil-leaveoneout,leave_one_out,idm_mobil,20,0,2,1.0,1.0,0,0.006648262401239996,1,cutin_braking:5;fast_intrusion:2;lead_braking:4;slow_lead_following:5;stop_and_go:4,406;101;235;201;384;70;162;156;245;308;493;417;455;242;41;306;350;197;147;486,Random,5,0.00012879993300884962
20280414,Target-idm_mobil-leaveoneout,leave_one_out,idm_mobil,30,0,2,1.0,1.0,0,0.006648262401239996,1,cutin_braking:6;fast_intrusion:6;lead_braking:5;slow_lead_following:6;stop_and_go:7,406;101;235;201;384;70;162;156;245;308;493;417;455;242;41;306;350;197;147;486;158;329;441;359;362;214;59;6;52;80,Random,5,0.00012879993300884962
20280414,Target-idm_mobil-leaveoneout,leave_one_out,idm_mobil,50,0,6,3.0,3.0,0,0.05048843557064107,4,cutin_braking:10;fast_intrusion:9;lead_braking:8;slow_lead_following:11;stop_and_go:12,406;101;235;201;384;70;162;156;245;308;493;417;455;242;41;306;350;197;147;486;158;329;441;359;362;214;59;6;52;80;79;187;134;146;326;309;420;498;89;194;246;305;94;203;356;449;217;456;325;465,Random,5,0.00012879993300884962
20280414,Target-idm_mobil-leaveoneout,leave_one_out,idm_mobil,10,0,3,1.5,1.5,0,0.026762134802286078,3,cutin_braking:2;fast_intrusion:2;lead_braking:3;slow_lead_following:2;stop_and_go:1,361;243;79;495;104;248;8;158;291;488,Random,6,0.0001105000264942646
20280414,Target-idm_mobil-leaveoneout,leave_one_out,idm_mobil,20,0,5,2.5,2.0,0,0.03469341074893059,5,cutin_braking:3;fast_intrusion:3;lead_braking:5;slow_lead_following:5;stop_and_go:4,361;243;79;495;104;248;8;158;291;488;258;371;457;263;393;45;417;118;396;404,Random,6,0.0001105000264942646
20280414,Target-idm_mobil-leaveoneout,leave_one_out,idm_mobil,30,0,5,2.5,2.0,0,0.03469341074893059,5,cutin_braking:4;fast_intrusion:6;lead_braking:6;slow_lead_following:9;stop_and_go:5,361;243;79;495;104;248;8;158;291;488;258;371;457;263;393;45;417;118;396;404;454;154;364;7;268;445;15;459;83;491,Random,6,0.0001105000264942646
20280414,Target-idm_mobil-leaveoneout,leave_one_out,idm_mobil,50,0,8,4.0,3.5,0,0.04946927222259475,8,cutin_braking:9;fast_intrusion:10;lead_braking:12;slow_lead_following:12;stop_and_go:7,361;243;79;495;104;248;8;158;291;488;258;371;457;263;393;45;417;118;396;404;454;154;364;7;268;445;15;459;83;491;19;256;9;275;110;227;215;286;224;494;123;410;379;34;426;98;156;198;348;169,Random,6,0.0001105000264942646
20280414,Target-idm_mobil-leaveoneout,leave_one_out,idm_mobil,10,0,0,0.0,0.0,0,0.0,0,cutin_braking:1;fast_intrusion:4;lead_braking:1;slow_lead_following:2;stop_and_go:2,192;441;87;70;57;397;99;320;228;461,Random,7,0.00010569998994469643
20280414,Target-idm_mobil-leaveoneout,leave_one_out,idm_mobil,20,0,2,1.0,1.0,0,0.02061588266749881,2,cutin_braking:4;fast_intrusion:4;lead_braking:4;slow_lead_following:4;stop_and_go:4,192;441;87;70;57;397;99;320;228;461;331;152;304;106;421;202;207;217;495;149,Random,7,0.00010569998994469643
20280414,Target-idm_mobil-leaveoneout,leave_one_out,idm_mobil,30,0,3,1.5,1.5,0,0.022569781041864686,3,cutin_braking:8;fast_intrusion:5;lead_braking:7;slow_lead_following:4;stop_and_go:6,192;441;87;70;57;397;99;320;228;461;331;152;304;106;421;202;207;217;495;149;394;157;172;65;251;311;238;233;125;139,Random,7,0.00010569998994469643
20280414,Target-idm_mobil-leaveoneout,leave_one_out,idm_mobil,50,0,6,3.0,2.5,0,0.032634705712472505,6,cutin_braking:12;fast_intrusion:10;lead_braking:9;slow_lead_following:11;stop_and_go:8,192;441;87;70;57;397;99;320;228;461;331;152;304;106;421;202;207;217;495;149;394;157;172;65;251;311;238;233;125;139;456;425;272;85;97;151;174;120;479;3;64;485;416;31;408;386;105;218;349;400,Random,7,0.00010569998994469643
20280414,Target-idm_mobil-leaveoneout,leave_one_out,idm_mobil,10,0,1,0.5,0.5,0,0.015548152285871981,1,cutin_braking:1;fast_intrusion:2;lead_braking:2;slow_lead_following:2;stop_and_go:3,70;445;305;269;405;136;278;326;52;324,Random,8,0.0001039999770000577
20280414,Target-idm_mobil-leaveoneout,leave_one_out,idm_mobil,20,0,1,0.5,0.5,0,0.015548152285871981,1,cutin_braking:2;fast_intrusion:6;lead_braking:5;slow_lead_following:3;stop_and_go:4,70;445;305;269;405;136;278;326;52;324;49;295;25;413;3;55;181;289;304;238,Random,8,0.0001039999770000577
20280414,Target-idm_mobil-leaveoneout,leave_one_out,idm_mobil,30,0,2,1.0,1.0,0,0.026251782592303805,2,cutin_braking:5;fast_intrusion:9;lead_braking:7;slow_lead_following:5;stop_and_go:4,70;445;305;269;405;136;278;326;52;324;49;295;25;413;3;55;181;289;304;238;161;439;193;127;478;40;203;48;263;11,Random,8,0.0001039999770000577
20280414,Target-idm_mobil-leaveoneout,leave_one_out,idm_mobil,50,0,6,3.0,3.0,0,0.04756034106603459,5,cutin_braking:9;fast_intrusion:15;lead_braking:11;slow_lead_following:8;stop_and_go:7,70;445;305;269;405;136;278;326;52;324;49;295;25;413;3;55;181;289;304;238;161;439;193;127;478;40;203;48;263;11;19;338;459;276;488;240;64;99;78;356;57;199;131;282;334;192;84;417;124;235,Random,8,0.0001039999770000577
20280414,Target-idm_mobil-leaveoneout,leave_one_out,idm_mobil,10,0,1,0.5,0.5,0,0.018197682670754074,1,cutin_braking:2;fast_intrusion:1;lead_braking:3;slow_lead_following:3;stop_and_go:1,297;394;494;484;259;495;57;123;273;185,Random,9,0.0001895999303087592
20280414,Target-idm_mobil-leaveoneout,leave_one_out,idm_mobil,20,0,2,1.0,1.0,0,0.026746940684739665,2,cutin_braking:4;fast_intrusion:1;lead_braking:4;slow_lead_following:8;stop_and_go:3,297;394;494;484;259;495;57;123;273;185;260;316;106;362;411;426;400;417;143;487,Random,9,0.0001895999303087592
20280414,Target-idm_mobil-leaveoneout,leave_one_out,idm_mobil,30,0,3,1.5,1.5,0,0.03106736966487155,3,cutin_braking:6;fast_intrusion:3;lead_braking:5;slow_lead_following:10;stop_and_go:6,297;394;494;484;259;495;57;123;273;185;260;316;106;362;411;426;400;417;143;487;173;97;375;247;148;63;304;445;457;391,Random,9,0.0001895999303087592
20280414,Target-idm_mobil-leaveoneout,leave_one_out,idm_mobil,50,0,6,3.0,2.5,0,0.05221842762711683,6,cutin_braking:12;fast_intrusion:7;lead_braking:7;slow_lead_following:14;stop_and_go:10,297;394;494;484;259;495;57;123;273;185;260;316;106;362;411;426;400;417;143;487;173;97;375;247;148;63;304;445;457;391;82;308;36;152;190;314;424;345;141;438;76;145;376;451;67;133;479;222;169;243,Random,9,0.0001895999303087592
20280414,Target-mcts_cv-leaveoneout,leave_one_out,mcts_cv,10,0,1,0.5,0.5,0,0.0021922332415843107,0,cutin_braking:1;fast_intrusion:1;lead_braking:1;slow_lead_following:3;stop_and_go:4,430;475;480;395;385;307;235;344;74;119,NoComposition,0,0.3248392000095919
20280414,Target-mcts_cv-leaveoneout,leave_one_out,mcts_cv,20,0,1,0.5,0.5,0,0.0021922332415843107,0,cutin_braking:1;fast_intrusion:2;lead_braking:1;slow_lead_following:6;stop_and_go:10,430;475;480;395;385;307;235;344;74;119;319;388;333;373;367;343;441;407;405;8,NoComposition,0,0.3248392000095919
20280414,Target-mcts_cv-leaveoneout,leave_one_out,mcts_cv,30,0,1,0.5,0.5,0,0.0021922332415843107,0,cutin_braking:5;fast_intrusion:6;lead_braking:2;slow_lead_following:6;stop_and_go:11,430;475;480;395;385;307;235;344;74;119;319;388;333;373;367;343;441;407;405;8;102;121;242;79;56;139;327;13;196;97,NoComposition,0,0.3248392000095919
20280414,Target-mcts_cv-leaveoneout,leave_one_out,mcts_cv,50,0,1,0.5,0.5,0,0.0021922332415843107,0,cutin_braking:10;fast_intrusion:13;lead_braking:7;slow_lead_following:8;stop_and_go:12,430;475;480;395;385;307;235;344;74;119;319;388;333;373;367;343;441;407;405;8;102;121;242;79;56;139;327;13;196;97;213;78;6;5;271;126;278;173;280;491;157;209;24;75;72;167;421;90;355;118,NoComposition,0,0.3248392000095919
20280414,Target-mcts_cv-leaveoneout,leave_one_out,mcts_cv,10,0,1,0.5,0.5,0,0.0021922332415843107,0,cutin_braking:1;fast_intrusion:1;lead_braking:1;slow_lead_following:3;stop_and_go:4,430;475;480;395;385;74;307;235;344;119,NoNull,0,0.32526379998307675
20280414,Target-mcts_cv-leaveoneout,leave_one_out,mcts_cv,20,0,1,0.5,0.5,0,0.0021922332415843107,0,cutin_braking:1;fast_intrusion:1;lead_braking:2;slow_lead_following:4;stop_and_go:12,430;475;480;395;385;74;307;235;344;119;319;388;215;333;373;311;367;405;343;358,NoNull,0,0.32526379998307675
20280414,Target-mcts_cv-leaveoneout,leave_one_out,mcts_cv,30,0,1,0.5,0.5,0,0.0021922332415843107,0,cutin_braking:4;fast_intrusion:4;lead_braking:4;slow_lead_following:6;stop_and_go:12,430;475;480;395;385;74;307;235;344;119;319;388;215;333;373;311;367;405;343;358;441;407;241;8;102;58;242;121;79;196,NoNull,0,0.32526379998307675
20280414,Target-mcts_cv-leaveoneout,leave_one_out,mcts_cv,50,0,1,0.5,0.5,0,0.0021922332415843107,0,cutin_braking:8;fast_intrusion:12;lead_braking:10;slow_lead_following:7;stop_and_go:13,430;475;480;395;385;74;307;235;344;119;319;388;215;333;373;311;367;405;343;358;441;407;241;8;102;58;242;121;79;196;139;278;97;13;327;203;6;5;126;272;173;276;269;78;491;209;157;35;24;72,NoNull,0,0.32526379998307675
20280414,Target-mcts_cv-leaveoneout,leave_one_out,mcts_cv,10,0,0,0.0,0.0,0,0.0,0,cutin_braking:1;fast_intrusion:2;lead_braking:1;slow_lead_following:6;stop_and_go:0,430;34;71;460;425;446;478;148;266;427,Random,0,0.0001514999894425273
20280414,Target-mcts_cv-leaveoneout,leave_one_out,mcts_cv,20,0,0,0.0,0.0,0,0.0,0,cutin_braking:5;fast_intrusion:2;lead_braking:4;slow_lead_following:8;stop_and_go:1,430;34;71;460;425;446;478;148;266;427;233;116;419;290;109;119;145;449;265;312,Random,0,0.0001514999894425273
20280414,Target-mcts_cv-leaveoneout,leave_one_out,mcts_cv,30,0,0,0.0,0.0,0,0.0,0,cutin_braking:5;fast_intrusion:7;lead_braking:6;slow_lead_following:9;stop_and_go:3,430;34;71;460;425;446;478;148;266;427;233;116;419;290;109;119;145;449;265;312;38;252;60;357;13;384;91;474;216;76,Random,0,0.0001514999894425273
20280414,Target-mcts_cv-leaveoneout,leave_one_out,mcts_cv,50,0,0,0.0,0.0,0,0.0,0,cutin_braking:11;fast_intrusion:11;lead_braking:10;slow_lead_following:10;stop_and_go:8,430;34;71;460;425;446;478;148;266;427;233;116;419;290;109;119;145;449;265;312;38;252;60;357;13;384;91;474;216;76;328;153;271;285;146;69;307;338;415;18;172;28;139;305;159;171;289;51;246;316,Random,0,0.0001514999894425273
20280414,Target-mcts_cv-leaveoneout,leave_one_out,mcts_cv,10,0,0,0.0,0.0,0,0.0,0,cutin_braking:2;fast_intrusion:1;lead_braking:0;slow_lead_following:4;stop_and_go:3,151;87;480;322;405;330;315;429;130;493,Random,1,0.00012949993833899498
20280414,Target-mcts_cv-leaveoneout,leave_one_out,mcts_cv,20,0,0,0.0,0.0,0,0.0,0,cutin_braking:5;fast_intrusion:3;lead_braking:1;slow_lead_following:7;stop_and_go:4,151;87;480;322;405;330;315;429;130;493;116;172;16;338;445;86;412;415;206;104,Random,1,0.00012949993833899498
20280414,Target-mcts_cv-leaveoneout,leave_one_out,mcts_cv,30,0,0,0.0,0.0,0,0.0,0,cutin_braking:6;fast_intrusion:4;lead_braking:3;slow_lead_following:11;stop_and_go:6,151;87;480;322;405;330;315;429;130;493;116;172;16;338;445;86;412;415;206;104;178;457;438;316;447;214;218;361;489;27,Random,1,0.00012949993833899498
20280414,Target-mcts_cv-leaveoneout,leave_one_out,mcts_cv,50,0,0,0.0,0.0,0,0.0,0,cutin_braking:9;fast_intrusion:9;lead_braking:6;slow_lead_following:14;stop_and_go:12,151;87;480;322;405;330;315;429;130;493;116;172;16;338;445;86;412;415;206;104;178;457;438;316;447;214;218;361;489;27;18;433;369;376;310;317;254;221;38;14;17;145;432;207;48;385;350;171;467;161,Random,1,0.00012949993833899498
20280414,Target-mcts_cv-leaveoneout,leave_one_out,mcts_cv,10,0,0,0.0,0.0,0,0.0,0,cutin_braking:3;fast_intrusion:1;lead_braking:3;slow_lead_following:0;stop_and_go:3,176;282;376;399;179;74;203;161;331;251,Random,2,0.00016029994003474712
20280414,Target-mcts_cv-leaveoneout,leave_one_out,mcts_cv,20,0,0,0.0,0.0,0,0.0,0,cutin_braking:7;fast_intrusion:2;lead_braking:5;slow_lead_following:1;stop_and_go:5,176;282;376;399;179;74;203;161;331;251;334;240;397;124;137;110;455;204;149;10,Random,2,0.00016029994003474712
20280414,Target-mcts_cv-leaveoneout,leave_one_out,mcts_cv,30,0,0,0.0,0.0,0,0.0,0,cutin_braking:10;fast_intrusion:5;lead_braking:7;slow_lead_following:2;stop_and_go:6,176;282;376;399;179;74;203;161;331;251;334;240;397;124;137;110;455;204;149;10;37;57;18;108;276;111;263;490;393;132,Random,2,0.00016029994003474712
20280414,Target-mcts_cv-leaveoneout,leave_one_out,mcts_cv,50,0,0,0.0,0.0,0,0.0,0,cutin_braking:13;fast_intrusion:6;lead_braking:15;slow_lead_following:7;stop_and_go:9,176;282;376;399;179;74;203;161;331;251;334;240;397;124;137;110;455;204;149;10;37;57;18;108;276;111;263;490;393;132;444;422;439;353;241;355;223;173;264;214;290;229;164;191;271;299;483;76;485;321,Random,2,0.00016029994003474712
20280414,Target-mcts_cv-leaveoneout,leave_one_out,mcts_cv,10,0,0,0.0,0.0,0,0.0,0,cutin_braking:3;fast_intrusion:1;lead_braking:1;slow_lead_following:3;stop_and_go:2,144;426;64;447;172;112;258;474;341;303,Random,3,0.00013749999925494194
20280414,Target-mcts_cv-leaveoneout,leave_one_out,mcts_cv,20,0,0,0.0,0.0,0,0.0,0,cutin_braking:5;fast_intrusion:4;lead_braking:2;slow_lead_following:5;stop_and_go:4,144;426;64;447;172;112;258;474;341;303;254;378;24;302;124;33;478;39;479;195,Random,3,0.00013749999925494194
20280414,Target-mcts_cv-leaveoneout,leave_one_out,mcts_cv,30,0,0,0.0,0.0,0,0.0,0,cutin_braking:7;fast_intrusion:9;lead_braking:3;slow_lead_following:7;stop_and_go:4,144;426;64;447;172;112;258;474;341;303;254;378;24;302;124;33;478;39;479;195;75;72;98;18;114;214;423;149;70;462,Random,3,0.00013749999925494194
20280414,Target-mcts_cv-leaveoneout,leave_one_out,mcts_cv,50,0,0,0.0,0.0,0,0.0,0,cutin_braking:9;fast_intrusion:12;lead_braking:9;slow_lead_following:10;stop_and_go:10,144;426;64;447;172;112;258;474;341;303;254;378;24;302;124;33;478;39;479;195;75;72;98;18;114;214;423;149;70;462;322;363;239;146;285;494;244;499;2;175;263;371;4;200;382;5;203;496;340;350,Random,3,0.00013749999925494194
20280414,Target-mcts_cv-leaveoneout,leave_one_out,mcts_cv,10,0,0,0.0,0.0,0,0.0,0,cutin_braking:2;fast_intrusion:5;lead_braking:2;slow_lead_following:1;stop_and_go:0,117;415;195;77;59;95;23;52;265;299,Random,4,0.00012099999003112316
20280414,Target-mcts_cv-leaveoneout,leave_one_out,mcts_cv,20,0,0,0.0,0.0,0,0.0,0,cutin_braking:5;fast_intrusion:6;lead_braking:3;slow_lead_following:2;stop_and_go:4,117;415;195;77;59;95;23;52;265;299;361;279;30;167;166;346;413;373;109;371,Random,4,0.00012099999003112316
20280414,Target-mcts_cv-leaveoneout,leave_one_out,mcts_cv,30,0,0,0.0,0.0,0,0.0,0,cutin_braking:6;fast_intrusion:8;lead_braking:5;slow_lead_following:5;stop_and_go:6,117;415;195;77;59;95;23;52;265;299;361;279;30;167;166;346;413;373;109;371;382;244;60;488;101;419;396;215;76;445,Random,4,0.00012099999003112316
20280414,Target-mcts_cv-leaveoneout,leave_one_out,mcts_cv,50,0,0,0.0,0.0,0,0.0,0,cutin_braking:9;fast_intrusion:12;lead_braking:8;slow_lead_following:9;stop_and_go:12,117;415;195;77;59;95;23;52;265;299;361;279;30;167;166;346;413;373;109;371;382;244;60;488;101;419;396;215;76;445;464;155;290;127;478;335;186;259;10;387;490;398;320;27;380;295;423;33;67;381,Random,4,0.00012099999003112316
20280414,Target-mcts_cv-leaveoneout,leave_one_out,mcts_cv,10,0,1,0.5,0.5,0,0.0021922332415843107,0,cutin_braking:1;fast_intrusion:3;lead_braking:1;slow_lead_following:1;stop_and_go:4,344;98;12;367;281;101;322;433;43;328,Random,5,0.00010840001050382853
20280414,Target-mcts_cv-leaveoneout,leave_one_out,mcts_cv,20,0,1,0.5,0.5,0,0.0021922332415843107,0,cutin_braking:4;fast_intrusion:4;lead_braking:6;slow_lead_following:1;stop_and_go:5,344;98;12;367;281;101;322;433;43;328;202;221;79;180;224;146;331;211;267;166,Random,5,0.00010840001050382853
20280414,Target-mcts_cv-leaveoneout,leave_one_out,mcts_cv,30,0,1,0.5,0.5,0,0.0021922332415843107,0,cutin_braking:8;fast_intrusion:5;lead_braking:6;slow_lead_following:4;stop_and_go:7,344;98;12;367;281;101;322;433;43;328;202;221;79;180;224;146;331;211;267;166;360;303;441;419;160;413;141;62;119;118,Random,5,0.00010840001050382853
20280414,Target-mcts_cv-leaveoneout,leave_one_out,mcts_cv,50,0,1,0.5,0.5,0,0.0021922332415843107,0,cutin_braking:11;fast_intrusion:11;lead_braking:11;slow_lead_following:6;stop_and_go:11,344;98;12;367;281;101;322;433;43;328;202;221;79;180;224;146;331;211;267;166;360;303;441;419;160;413;141;62;119;118;165;455;270;57;34;201;76;90;289;403;216;27;363;349;236;58;117;132;321;327,Random,5,0.00010840001050382853
20280414,Target-mcts_cv-leaveoneout,leave_one_out,mcts_cv,10,0,0,0.0,0.0,0,0.0,0,cutin_braking:0;fast_intrusion:2;lead_braking:5;slow_lead_following:3;stop_and_go:0,228;496;266;17;490;261;215;224;19;476,Random,6,0.00010559998918324709
20280414,Target-mcts_cv-leaveoneout,leave_one_out,mcts_cv,20,0,0,0.0,0.0,0,0.0,0,cutin_braking:1;fast_intrusion:6;lead_braking:6;slow_lead_following:6;stop_and_go:1,228;496;266;17;490;261;215;224;19;476;447;31;14;67;49;183;422;226;364;442,Random,6,0.00010559998918324709
20280414,Target-mcts_cv-leaveoneout,leave_one_out,mcts_cv,30,0,0,0.0,0.0,0,0.0,0,cutin_braking:4;fast_intrusion:9;lead_braking:8;slow_lead_following:7;stop_and_go:2,228;496;266;17;490;261;215;224;19;476;447;31;14;67;49;183;422;226;364;442;295;88;202;396;175;52;160;424;43;174,Random,6,0.00010559998918324709
20280414,Target-mcts_cv-leaveoneout,leave_one_out,mcts_cv,50,0,0,0.0,0.0,0,0.0,0,cutin_braking:8;fast_intrusion:13;lead_braking:12;slow_lead_following:12;stop_and_go:5,228;496;266;17;490;261;215;224;19;476;447;31;14;67;49;183;422;226;364;442;295;88;202;396;175;52;160;424;43;174;168;408;494;74;249;428;220;242;454;134;338;194;271;13;87;412;316;79;325;164,Random,6,0.00010559998918324709
20280414,Target-mcts_cv-leaveoneout,leave_one_out,mcts_cv,10,0,0,0.0,0.0,0,0.0,0,cutin_braking:1;fast_intrusion:4;lead_braking:2;slow_lead_following:3;stop_and_go:0,229;81;465;69;449;299;101;32;92;445,Random,7,0.0001113000325858593
20280414,Target-mcts_cv-leaveoneout,leave_one_out,mcts_cv,20,0,0,0.0,0.0,0,0.0,0,cutin_braking:4;fast_intrusion:5;lead_braking:5;slow_lead_following:4;stop_and_go:2,229;81;465;69;449;299;101;32;92;445;272;77;270;112;235;131;412;117;359;350,Random,7,0.0001113000325858593
20280414,Target-mcts_cv-leaveoneout,leave_one_out,mcts_cv,30,0,0,0.0,0.0,0,0.0,0,cutin_braking:8;fast_intrusion:7;lead_braking:7;slow_lead_following:6;stop_and_go:2,229;81;465;69;449;299;101;32;92;445;272;77;270;112;235;131;412;117;359;350;95;263;256;199;111;157;450;127;36;408,Random,7,0.0001113000325858593
20280414,Target-mcts_cv-leaveoneout,leave_one_out,mcts_cv,50,0,0,0.0,0.0,0,0.0,0,cutin_braking:11;fast_intrusion:15;lead_braking:11;slow_lead_following:11;stop_and_go:2,229;81;465;69;449;299;101;32;92;445;272;77;270;112;235;131;412;117;359;350;95;263;256;199;111;157;450;127;36;408;18;435;456;56;404;410;481;47;90;211;151;217;9;22;93;70;102;215;156;239,Random,7,0.0001113000325858593
20280414,Target-mcts_cv-leaveoneout,leave_one_out,mcts_cv,10,0,0,0.0,0.0,0,0.0,0,cutin_braking:2;fast_intrusion:0;lead_braking:3;slow_lead_following:3;stop_and_go:2,129;287;420;199;259;290;373;363;447;407,Random,8,0.00011110003106296062
20280414,Target-mcts_cv-leaveoneout,leave_one_out,mcts_cv,20,0,0,0.0,0.0,0,0.0,0,cutin_braking:4;fast_intrusion:0;lead_braking:7;slow_lead_following:5;stop_and_go:4,129;287;420;199;259;290;373;363;447;407;405;338;248;243;271;467;354;256;123;182,Random,8,0.00011110003106296062
20280414,Target-mcts_cv-leaveoneout,leave_one_out,mcts_cv,30,0,0,0.0,0.0,0,0.0,0,cutin_braking:8;fast_intrusion:2;lead_braking:7;slow_lead_following:7;stop_and_go:6,129;287;420;199;259;290;373;363;447;407;405;338;248;243;271;467;354;256;123;182;153;171;386;68;27;455;416;396;167;111,Random,8,0.00011110003106296062
20280414,Target-mcts_cv-leaveoneout,leave_one_out,mcts_cv,50,0,0,0.0,0.0,0,0.0,0,cutin_braking:8;fast_intrusion:4;lead_braking:11;slow_lead_following:16;stop_and_go:11,129;287;420;199;259;290;373;363;447;407;405;338;248;243;271;467;354;256;123;182;153;171;386;68;27;455;416;396;167;111;28;332;361;16;292;450;496;349;434;426;343;477;414;263;433;200;493;327;255;437,Random,8,0.00011110003106296062
20280414,Target-mcts_cv-leaveoneout,leave_one_out,mcts_cv,10,0,0,0.0,0.0,0,0.0,0,cutin_braking:2;fast_intrusion:3;lead_braking:1;slow_lead_following:1;stop_and_go:3,234;130;394;479;36;93;48;173;362;378,Random,9,0.00014279992319643497
20280414,Target-mcts_cv-leaveoneout,leave_one_out,mcts_cv,20,0,0,0.0,0.0,0,0.0,0,cutin_braking:5;fast_intrusion:5;lead_braking:4;slow_lead_following:2;stop_and_go:4,234;130;394;479;36;93;48;173;362;378;319;275;443;99;153;68;185;191;290;297,Random,9,0.00014279992319643497
20280414,Target-mcts_cv-leaveoneout,leave_one_out,mcts_cv,30,0,0,0.0,0.0,0,0.0,0,cutin_braking:6;fast_intrusion:10;lead_braking:4;slow_lead_following:5;stop_and_go:5,234;130;394;479;36;93;48;173;362;378;319;275;443;99;153;68;185;191;290;297;47;400;120;321;24;442;438;19;9;15,Random,9,0.00014279992319643497
20280414,Target-mcts_cv-leaveoneout,leave_one_out,mcts_cv,50,0,0,0.0,0.0,0,0.0,0,cutin_braking:12;fast_intrusion:14;lead_braking:8;slow_lead_following:8;stop_and_go:8,234;130;394;479;36;93;48;173;362;378;319;275;443;99;153;68;185;191;290;297;47;400;120;321;24;442;438;19;9;15;238;21;219;155;470;170;387;472;148;445;184;215;124;17;214;348;316;160;83;22,Random,9,0.00014279992319643497
20280414,Target-ppo_ece-leaveoneout,leave_one_out,ppo_ece,10,0,1,0.5,0.5,0,0.0021922332415843107,0,cutin_braking:1;fast_intrusion:1;lead_braking:1;slow_lead_following:5;stop_and_go:2,465;300;344;448;490;463;493;275;174;8,NoComposition,0,0.3246152999345213
20280414,Target-ppo_ece-leaveoneout,leave_one_out,ppo_ece,20,0,2,1.0,1.0,0,0.019145982230498543,0,cutin_braking:3;fast_intrusion:2;lead_braking:3;slow_lead_following:10;stop_and_go:2,465;300;344;448;490;463;493;275;174;8;430;446;460;478;435;21;237;242;181;158,NoComposition,0,0.3246152999345213
20280414,Target-ppo_ece-leaveoneout,leave_one_out,ppo_ece,30,0,2,1.0,1.0,0,0.019145982230498543,0,cutin_braking:6;fast_intrusion:4;lead_braking:6;slow_lead_following:10;stop_and_go:4,465;300;344;448;490;463;493;275;174;8;430;446;460;478;435;21;237;242;181;158;98;379;137;236;13;353;139;247;111;233,NoComposition,0,0.3246152999345213
20280414,Target-ppo_ece-leaveoneout,leave_one_out,ppo_ece,50,0,2,1.0,1.0,0,0.019145982230498543,0,cutin_braking:12;fast_intrusion:10;lead_braking:10;slow_lead_following:10;stop_and_go:8,465;300;344;448;490;463;493;275;174;8;430;446;460;478;435;21;237;242;181;158;98;379;137;236;13;353;139;247;111;233;59;84;108;173;364;278;77;86;135;224;366;106;238;399;24;140;393;1;188;245,NoComposition,0,0.3246152999345213
20280414,Target-ppo_ece-leaveoneout,leave_one_out,ppo_ece,10,0,1,0.5,0.5,0,0.0021922332415843107,0,cutin_braking:1;fast_intrusion:1;lead_braking:1;slow_lead_following:4;stop_and_go:3,465;300;74;344;219;341;436;490;463;174,NoNull,0,0.3261113999178633
20280414,Target-ppo_ece-leaveoneout,leave_one_out,ppo_ece,20,0,1,0.5,0.5,0,0.0021922332415843107,0,cutin_braking:2;fast_intrusion:3;lead_braking:4;slow_lead_following:7;stop_and_go:4,465;300;74;344;219;341;436;490;463;174;493;408;435;275;8;335;242;237;158;13,NoNull,0,0.3261113999178633
20280414,Target-ppo_ece-leaveoneout,leave_one_out,ppo_ece,30,0,1,0.5,0.5,0,0.0021922332415843107,0,cutin_braking:5;fast_intrusion:6;lead_braking:7;slow_lead_following:7;stop_and_go:5,465;300;74;344;219;341;436;490;463;174;493;408;435;275;8;335;242;237;158;13;58;79;119;364;293;139;210;97;125;271,NoNull,0,0.3261113999178633
20280414,Target-ppo_ece-leaveoneout,leave_one_out,ppo_ece,50,0,2,1.0,1.0,0,0.019145982230498543,0,cutin_braking:10;fast_intrusion:11;lead_braking:10;slow_lead_following:11;stop_and_go:8,465;300;74;344;219;341;436;490;463;174;493;408;435;275;8;335;242;237;158;13;58;79;119;364;293;139;210;97;125;271;5;173;389;111;430;446;478;460;196;84;238;106;3;350;347;211;28;135;24;262,NoNull,0,0.3261113999178633
20280414,Target-ppo_ece-leaveoneout,leave_one_out,ppo_ece,10,0,0,0.0,0.0,0,0.0,0,cutin_braking:2;fast_intrusion:0;lead_braking:0;slow_lead_following:8;stop_and_go:0,464;136;461;419;440;412;400;407;497;147,Random,0,0.00015490001533180475
20280414,Target-ppo_ece-leaveoneout,leave_one_out,ppo_ece,20,0,0,0.0,0.0,0,0.0,0,cutin_braking:4;fast_intrusion:1;lead_braking:3;slow_lead_following:10;stop_and_go:2,464;136;461;419;440;412;400;407;497;147;208;188;488;121;322;238;216;317;489;33,Random,0,0.00015490001533180475
20280414,Target-ppo_ece-leaveoneout,leave_one_out,ppo_ece,30,0,0,0.0,0.0,0,0.0,0,cutin_braking:6;fast_intrusion:2;lead_braking:4;slow_lead_following:14;stop_and_go:4,464;136;461;419;440;412;400;407;497;147;208;188;488;121;322;238;216;317;489;33;475;297;122;417;193;368;451;67;351;415,Random,0,0.00015490001533180475
20280414,Target-ppo_ece-leaveoneout,leave_one_out,ppo_ece,50,0,2,1.0,1.0,0,0.004991527818355511,0,cutin_braking:6;fast_intrusion:9;lead_braking:13;slow_lead_following:15;stop_and_go:7,464;136;461;419;440;412;400;407;497;147;208;188;488;121;322;238;216;317;489;33;475;297;122;417;193;368;451;67;351;415;252;40;282;82;319;257;234;215;62;296;36;385;224;490;269;6;371;281;96;7,Random,0,0.00015490001533180475
20280414,Target-ppo_ece-leaveoneout,leave_one_out,ppo_ece,10,0,0,0.0,0.0,0,0.0,0,cutin_braking:0;fast_intrusion:3;lead_braking:2;slow_lead_following:3;stop_and_go:2,243;33;57;457;96;495;225;376;393;470,Random,1,0.0001194999786093831
20280414,Target-ppo_ece-leaveoneout,leave_one_out,ppo_ece,20,0,0,0.0,0.0,0,0.0,0,cutin_braking:3;fast_intrusion:5;lead_braking:4;slow_lead_following:5;stop_and_go:3,243;33;57;457;96;495;225;376;393;470;255;59;191;458;69;173;238;337;496;114,Random,1,0.0001194999786093831
20280414,Target-ppo_ece-leaveoneout,leave_one_out,ppo_ece,30,0,0,0.0,0.0,0,0.0,0,cutin_braking:5;fast_intrusion:5;lead_braking:7;slow_lead_following:8;stop_and_go:5,243;33;57;457;96;495;225;376;393;470;255;59;191;458;69;173;238;337;496;114;462;468;110;253;256;286;138;414;306;384,Random,1,0.0001194999786093831
20280414,Target-ppo_ece-leaveoneout,leave_one_out,ppo_ece,50,0,0,0.0,0.0,0,0.0,0,cutin_braking:11;fast_intrusion:8;lead_braking:12;slow_lead_following:9;stop_and_go:10,243;33;57;457;96;495;225;376;393;470;255;59;191;458;69;173;238;337;496;114;462;468;110;253;256;286;138;414;306;384;195;181;390;61;258;297;184;155;121;363;12;342;436;308;311;229;162;257;32;283,Random,1,0.0001194999786093831
20280414,Target-ppo_ece-leaveoneout,leave_one_out,ppo_ece,10,0,0,0.0,0.0,0,0.0,0,cutin_braking:1;fast_intrusion:1;lead_braking:4;slow_lead_following:2;stop_and_go:2,411;275;297;278;427;230;308;29;158;306,Random,2,0.00011340004857629538
20280414,Target-ppo_ece-leaveoneout,leave_one_out,ppo_ece,20,0,1,0.5,0.5,0,0.011722435142576794,0,cutin_braking:3;fast_intrusion:1;lead_braking:5;slow_lead_following:8;stop_and_go:3,411;275;297;278;427;230;308;29;158;306;474;439;429;410;480;332;224;423;116;183,Random,2,0.00011340004857629538
20280414,Target-ppo_ece-leaveoneout,leave_one_out,ppo_ece,30,0,3,1.5,1.5,0,0.016724229979953792,0,cutin_braking:3;fast_intrusion:5;lead_braking:7;slow_lead_following:8;stop_and_go:7,411;275;297;278;427;230;308;29;158;306;474;439;429;410;480;332;224;423;116;183;240;4;281;77;398;356;377;25;54;367,Random,2,0.00011340004857629538
20280414,Target-ppo_ece-leaveoneout,leave_one_out,ppo_ece,50,0,3,1.5,1.5,0,0.016724229979953792,0,cutin_braking:5;fast_intrusion:10;lead_braking:15;slow_lead_following:13;stop_and_go:7,411;275;297;278;427;230;308;29;158;306;474;439;429;410;480;332;224;423;116;183;240;4;281;77;398;356;377;25;54;367;270;150;238;205;28;466;435;69;141;276;455;36;252;211;248;204;68;473;7;495,Random,2,0.00011340004857629538
20280414,Target-ppo_ece-leaveoneout,leave_one_out,ppo_ece,10,0,1,0.5,0.5,0,0.0032647321426663174,0,cutin_braking:2;fast_intrusion:1;lead_braking:2;slow_lead_following:3;stop_and_go:2,225;388;213;156;482;53;128;457;460;384,Random,3,0.0001202999847009778
20280414,Target-ppo_ece-leaveoneout,leave_one_out,ppo_ece,20,0,2,1.0,1.0,0,0.006111131433553003,0,cutin_braking:3;fast_intrusion:5;lead_braking:2;slow_lead_following:6;stop_and_go:4,225;388;213;156;482;53;128;457;460;384;110;426;70;390;87;29;385;90;405;439,Random,3,0.0001202999847009778
20280414,Target-ppo_ece-leaveoneout,leave_one_out,ppo_ece,30,0,2,1.0,1.0,0,0.006111131433553003,0,cutin_braking:6;fast_intrusion:6;lead_braking:4;slow_lead_following:9;stop_and_go:5,225;388;213;156;482;53;128;457;460;384;110;426;70;390;87;29;385;90;405;439;113;458;147;253;100;276;329;19;442;412,Random,3,0.0001202999847009778
20280414,Target-ppo_ece-leaveoneout,leave_one_out,ppo_ece,50,0,2,1.0,1.0,0,0.006111131433553003,0,cutin_braking:8;fast_intrusion:6;lead_braking:9;slow_lead_following:17;stop_and_go:10,225;388;213;156;482;53;128;457;460;384;110;426;70;390;87;29;385;90;405;439;113;458;147;253;100;276;329;19;442;412;415;233;452;421;201;423;401;362;354;271;484;277;340;107;206;374;121;308;464;489,Random,3,0.0001202999847009778
20280414,Target-ppo_ece-leaveoneout,leave_one_out,ppo_ece,10,0,0,0.0,0.0,0,0.0,0,cutin_braking:2;fast_intrusion:3;lead_braking:1;slow_lead_following:3;stop_and_go:1,485;62;5;149;484;392;100;3;270;417,Random,4,0.00013760000001639128
20280414,Target-ppo_ece-leaveoneout,leave_one_out,ppo_ece,20,0,1,0.5,0.5,0,0.0029559564629757307,0,cutin_braking:4;fast_intrusion:6;lead_braking:5;slow_lead_following:3;stop_and_go:2,485;62;5;149;484;392;100;3;270;417;240;65;57;146;385;20;137;236;259;264,Random,4,0.00013760000001639128
20280414,Target-ppo_ece-leaveoneout,leave_one_out,ppo_ece,30,0,1,0.5,0.5,0,0.0029559564629757307,0,cutin_braking:6;fast_intrusion:7;lead_braking:8;slow_lead_following:4;stop_and_go:5,485;62;5;149;484;392;100;3;270;417;240;65;57;146;385;20;137;236;259;264;457;272;368;133;370;227;268;342;171;61,Random,4,0.00013760000001639128
20280414,Target-ppo_ece-leaveoneout,leave_one_out,ppo_ece,50,0,2,1.0,1.0,0,0.014678391605552525,0,cutin_braking:11;fast_intrusion:9;lead_braking:11;slow_lead_following:8;stop_and_go:11,485;62;5;149;484;392;100;3;270;417;240;65;57;146;385;20;137;236;259;264;457;272;368;133;370;227;268;342;171;61;153;446;247;182;143;480;265;303;52;116;99;341;356;372;238;421;338;144;325;444,Random,4,0.00013760000001639128
20280414,Target-ppo_ece-leaveoneout,leave_one_out,ppo_ece,10,0,0,0.0,0.0,0,0.0,0,cutin_braking:2;fast_intrusion:2;lead_braking:2;slow_lead_following:2;stop_and_go:2,52;352;374;438;11;489;152;252;285;114,Random,5,0.0001262999139726162
20280414,Target-ppo_ece-leaveoneout,leave_one_out,ppo_ece,20,0,1,0.5,0.5,0,0.003860916199186862,0,cutin_braking:4;fast_intrusion:3;lead_braking:5;slow_lead_following:2;stop_and_go:6,52;352;374;438;11;489;152;252;285;114;309;295;44;277;267;316;395;358;125;100,Random,5,0.0001262999139726162
20280414,Target-ppo_ece-leaveoneout,leave_one_out,ppo_ece,30,0,2,1.0,1.0,0,0.005968533883385566,0,cutin_braking:5;fast_intrusion:5;lead_braking:7;slow_lead_following:4;stop_and_go:9,52;352;374;438;11;489;152;252;285;114;309;295;44;277;267;316;395;358;125;100;328;184;319;446;239;405;394;229;57;19,Random,5,0.0001262999139726162
20280414,Target-ppo_ece-leaveoneout,leave_one_out,ppo_ece,50,0,2,1.0,1.0,0,0.005968533883385566,0,cutin_braking:10;fast_intrusion:11;lead_braking:9;slow_lead_following:9;stop_and_go:11,52;352;374;438;11;489;152;252;285;114;309;295;44;277;267;316;395;358;125;100;328;184;319;446;239;405;394;229;57;19;196;46;366;6;499;408;413;427;117;108;96;264;417;142;50;386;61;72;212;185,Random,5,0.0001262999139726162
20280414,Target-ppo_ece-leaveoneout,leave_one_out,ppo_ece,10,0,0,0.0,0.0,0,0.0,0,cutin_braking:2;fast_intrusion:3;lead_braking:3;slow_lead_following:1;stop_and_go:1,96;188;129;5;417;215;266;51;274;315,Random,6,0.0001086000120267272
20280414,Target-ppo_ece-leaveoneout,leave_one_out,ppo_ece,20,0,2,1.0,1.0,0,0.0046364788542970475,0,cutin_braking:5;fast_intrusion:3;lead_braking:5;slow_lead_following:2;stop_and_go:5,96;188;129;5;417;215;266;51;274;315;273;137;177;212;320;339;333;194;388;464,Random,6,0.0001086000120267272
20280414,Target-ppo_ece-leaveoneout,leave_one_out,ppo_ece,30,0,2,1.0,1.0,0,0.0046364788542970475,0,cutin_braking:5;fast_intrusion:4;lead_braking:8;slow_lead_following:7;stop_and_go:6,96;188;129;5;417;215;266;51;274;315;273;137;177;212;320;339;333;194;388;464;434;255;283;19;254;458;456;368;448;423,Random,6,0.0001086000120267272
20280414,Target-ppo_ece-leaveoneout,leave_one_out,ppo_ece,50,0,2,1.0,1.0,0,0.0046364788542970475,0,cutin_braking:5;fast_intrusion:7;lead_braking:13;slow_lead_following:18;stop_and_go:7,96;188;129;5;417;215;266;51;274;315;273;137;177;212;320;339;333;194;388;464;434;255;283;19;254;458;456;368;448;423;473;470;219;97;28;471;336;245;488;440;293;484;460;490;204;43;497;465;486;275,Random,6,0.0001086000120267272
20280414,Target-ppo_ece-leaveoneout,leave_one_out,ppo_ece,10,0,0,0.0,0.0,0,0.0,0,cutin_braking:1;fast_intrusion:2;lead_braking:2;slow_lead_following:3;stop_and_go:2,48;314;250;116;72;449;429;237;497;386,Random,7,0.00011099991388618946
20280414,Target-ppo_ece-leaveoneout,leave_one_out,ppo_ece,20,0,0,0.0,0.0,0,0.0,0,cutin_braking:1;fast_intrusion:6;lead_braking:5;slow_lead_following:5;stop_and_go:3,48;314;250;116;72;449;429;237;497;386;462;252;44;229;52;412;210;25;47;378,Random,7,0.00011099991388618946
20280414,Target-ppo_ece-leaveoneout,leave_one_out,ppo_ece,30,0,0,0.0,0.0,0,0.0,0,cutin_braking:1;fast_intrusion:10;lead_braking:9;slow_lead_following:7;stop_and_go:3,48;314;250;116;72;449;429;237;497;386;462;252;44;229;52;412;210;25;47;378;218;228;60;257;99;33;478;293;26;414,Random,7,0.00011099991388618946
20280414,Target-ppo_ece-leaveoneout,leave_one_out,ppo_ece,50,0,0,0.0,0.0,0,0.0,0,cutin_braking:6;fast_intrusion:12;lead_braking:10;slow_lead_following:13;stop_and_go:9,48;314;250;116;72;449;429;237;497;386;462;252;44;229;52;412;210;25;47;378;218;228;60;257;99;33;478;293;26;414;181;36;409;309;169;376;494;493;382;224;62;346;119;454;390;457;143;332;422;142,Random,7,0.00011099991388618946
20280414,Target-ppo_ece-leaveoneout,leave_one_out,ppo_ece,10,0,0,0.0,0.0,0,0.0,0,cutin_braking:3;fast_intrusion:3;lead_braking:1;slow_lead_following:2;stop_and_go:1,111;8;345;28;401;499;198;106;244;76,Random,8,0.00011340004857629538
20280414,Target-ppo_ece-leaveoneout,leave_one_out,ppo_ece,20,0,0,0.0,0.0,0,0.0,0,cutin_braking:7;fast_intrusion:4;lead_braking:2;slow_lead_following:5;stop_and_go:2,111;8;345;28;401;499;198;106;244;76;226;437;43;189;192;185;384;404;482;152,Random,8,0.00011340004857629538
20280414,Target-ppo_ece-leaveoneout,leave_one_out,ppo_ece,30,0,0,0.0,0.0,0,0.0,0,cutin_braking:11;fast_intrusion:8;lead_braking:2;slow_lead_following:6;stop_and_go:3,111;8;345;28;401;499;198;106;244;76;226;437;43;189;192;185;384;404;482;152;126;92;93;312;147;183;459;50;6;173,Random,8,0.00011340004857629538
20280414,Target-ppo_ece-leaveoneout,leave_one_out,ppo_ece,50,0,0,0.0,0.0,0,0.0,0,cutin_braking:16;fast_intrusion:11;lead_braking:7;slow_lead_following:11;stop_and_go:5,111;8;345;28;401;499;198;106;244;76;226;437;43;189;192;185;384;404;482;152;126;92;93;312;147;183;459;50;6;173;222;180;498;246;220;341;172;110;331;443;201;233;151;14;466;80;445;72;175;488,Random,8,0.00011340004857629538
20280414,Target-ppo_ece-leaveoneout,leave_one_out,ppo_ece,10,0,0,0.0,0.0,0,0.0,0,cutin_braking:3;fast_intrusion:2;lead_braking:2;slow_lead_following:2;stop_and_go:1,156;166;97;144;282;75;224;483;335;419,Random,9,0.00011369993444532156
20280414,Target-ppo_ece-leaveoneout,leave_one_out,ppo_ece,20,0,0,0.0,0.0,0,0.0,0,cutin_braking:5;fast_intrusion:3;lead_braking:3;slow_lead_following:6;stop_and_go:3,156;166;97;144;282;75;224;483;335;419;8;488;422;405;375;180;426;239;130;347,Random,9,0.00011369993444532156
20280414,Target-ppo_ece-leaveoneout,leave_one_out,ppo_ece,30,0,1,0.5,0.5,0,0.0015575282560721245,0,cutin_braking:7;fast_intrusion:6;lead_braking:5;slow_lead_following:8;stop_and_go:4,156;166;97;144;282;75;224;483;335;419;8;488;422;405;375;180;426;239;130;347;106;281;333;17;246;487;413;12;135;53,Random,9,0.00011369993444532156
20280414,Target-ppo_ece-leaveoneout,leave_one_out,ppo_ece,50,0,2,1.0,1.0,0,0.004506547098941011,0,cutin_braking:10;fast_intrusion:10;lead_braking:6;slow_lead_following:15;stop_and_go:9,156;166;97;144;282;75;224;483;335;419;8;488;422;405;375;180;426;239;130;347;106;281;333;17;246;487;413;12;135;53;376;447;398;277;482;16;390;142;61;86;442;492;304;150;470;15;457;365;448;101,Random,9,0.00011369993444532156
