seed,target_sut,coverage,heterogeneity,noise_scale,step,index,event_probability,predicted_severity
20261103,Target-exact-global-1,exact,global,0.3,1,487,1.0,0.9853312896884994
20261103,Target-exact-global-1,exact,global,0.3,2,495,1.0,0.9850987868164334
20261103,Target-exact-global-1,exact,global,0.3,3,87,1.0,0.9818305724516992
20261103,Target-exact-global-1,exact,global,0.3,4,491,1.0,0.9801745580621827
20261103,Target-exact-global-1,exact,global,0.3,5,502,1.0,0.9800182563051595
20261103,Target-exact-global-1,exact,global,0.3,6,499,1.0,0.9758434563530373
20261103,Target-exact-global-1,exact,global,0.3,7,475,1.0,0.975722033460543
20261103,Target-exact-global-1,exact,global,0.3,8,187,1.0,0.9733884698613895
20261103,Target-exact-global-1,exact,global,0.3,9,292,1.0,0.9579671145957582
20261103,Target-exact-global-1,exact,global,0.3,10,385,1.0,0.8911710245368362
20261103,Target-exact-global-1,exact,global,0.3,11,79,1.0,0.9742395474953294
20261103,Target-exact-global-1,exact,global,0.3,12,483,1.0,0.9729758136099702
20261103,Target-exact-global-1,exact,global,0.3,13,195,1.0,0.9729360494639516
20261103,Target-exact-global-1,exact,global,0.3,14,419,1.0,0.9722942141667152
20261103,Target-exact-global-1,exact,global,0.3,15,471,1.0,0.9720071826116152
20261103,Target-exact-global-1,exact,global,0.3,16,83,1.0,0.9719915623163164
20261103,Target-exact-global-1,exact,global,0.3,17,479,1.0,0.970965923708038
20261103,Target-exact-global-1,exact,global,0.3,18,435,1.0,0.9708143237903384
20261103,Target-exact-global-1,exact,global,0.3,19,191,1.0,0.9691830603624103
20261103,Target-exact-global-1,exact,global,0.3,20,99,1.0,0.967740961408897
20261103,Target-exact-global-1,exact,global,0.3,21,27,1.0,0.967699111391179
20261103,Target-exact-global-1,exact,global,0.3,22,428,1.0,0.9632444933433781
20261103,Target-exact-global-1,exact,global,0.3,23,403,1.0,0.9606650001879278
20261103,Target-exact-global-1,exact,global,0.3,24,534,1.0,0.9583748504630778
20261103,Target-exact-global-1,exact,global,0.3,25,485,1.0,0.9560419636838038
20261103,Target-exact-global-1,exact,global,0.3,26,493,1.0,0.9516880789169664
20261103,Target-exact-global-1,exact,global,0.3,27,497,1.0,0.9431306959466281
20261103,Target-exact-global-1,exact,global,0.3,28,296,1.0,0.899224841518453
20261103,Target-exact-global-1,exact,global,0.3,29,288,1.0,0.8839988422792844
20261103,Target-exact-global-1,exact,global,0.3,30,389,1.0,0.8792490381054516
20261103,Target-exact-global-1,exact,global,0.3,31,272,1.0,0.8678271329890035
20261103,Target-exact-global-1,exact,global,0.3,32,393,1.0,0.8673510176967946
20261103,Target-exact-global-1,exact,global,0.3,33,387,1.0,0.8500000000000001
20261103,Target-exact-global-1,exact,global,0.3,34,395,1.0,0.8500000000000001
20261103,Target-exact-global-1,exact,global,0.3,35,397,1.0,0.8488436804772853
20261103,Target-exact-global-1,exact,global,0.3,36,399,1.0,0.653061125806093
20261103,Target-exact-global-1,exact,global,0.3,37,391,1.0,0.6375
20261103,Target-exact-global-1,exact,global,0.3,38,199,0.9999999999999999,0.9638077566040903
20261103,Target-exact-global-1,exact,global,0.3,39,183,1.0,0.9633063618617652
20261103,Target-exact-global-1,exact,global,0.3,40,175,1.0,0.9001146761787491
20261103,Target-exact-global-1,exact,global,0.3,41,171,1.0,0.8893007163709749
20261103,Target-exact-global-1,exact,global,0.3,42,179,0.9999999999999999,0.8720729090252073
20261103,Target-exact-global-1,exact,global,0.3,43,185,1.0,0.6526694511264514
20261103,Target-exact-global-1,exact,global,0.3,44,193,1.0,0.6464968415483634
20261103,Target-exact-global-1,exact,global,0.3,45,286,0.9999999999999999,0.8499999999999999
20261103,Target-exact-global-1,exact,global,0.3,46,294,0.9999999999999999,0.8499999999999999
20261103,Target-exact-global-1,exact,global,0.3,47,298,0.9999999999999999,0.8499999999999999
20261103,Target-exact-global-1,exact,global,0.3,48,290,0.9999999999999999,0.6374999999999998
20261103,Target-exact-global-1,exact,global,0.3,49,75,0.9999999999999998,0.9676586376245591
20261103,Target-exact-global-1,exact,global,0.3,50,91,1.0,0.9667728784774849
20261103,Target-exact-global-2,exact,global,0.3,1,487,1.0,0.9853312896884994
20261103,Target-exact-global-2,exact,global,0.3,2,495,1.0,0.9850987878326863
20261103,Target-exact-global-2,exact,global,0.3,3,87,1.0,0.9818305724516992
20261103,Target-exact-global-2,exact,global,0.3,4,502,1.0,0.9800182563051595
20261103,Target-exact-global-2,exact,global,0.3,5,187,1.0,0.9733884698613895
20261103,Target-exact-global-2,exact,global,0.3,6,195,1.0,0.9729504949599566
20261103,Target-exact-global-2,exact,global,0.3,7,191,1.0,0.9692210546060545
20261103,Target-exact-global-2,exact,global,0.3,8,534,1.0,0.9583896034899251
20261103,Target-exact-global-2,exact,global,0.3,9,292,1.0,0.9579671145957582
20261103,Target-exact-global-2,exact,global,0.3,10,385,1.0,0.8911710245368362
20261103,Target-exact-global-2,exact,global,0.3,11,296,1.0,0.8993097239583359
20261103,Target-exact-global-2,exact,global,0.3,12,288,1.0,0.9021663252016607
20261103,Target-exact-global-2,exact,global,0.3,13,272,1.0,0.9059791098834928
20261103,Target-exact-global-2,exact,global,0.3,14,526,1.0,0.8947412506077181
20261103,Target-exact-global-2,exact,global,0.3,15,518,1.0,0.8691075854318674
20261103,Target-exact-global-2,exact,global,0.3,16,286,1.0,0.8500000000000001
20261103,Target-exact-global-2,exact,global,0.3,17,294,1.0,0.8500000000000001
20261103,Target-exact-global-2,exact,global,0.3,18,298,1.0,0.8500000000000001
20261103,Target-exact-global-2,exact,global,0.3,19,570,1.0,0.8499999999999999
20261103,Target-exact-global-2,exact,global,0.3,20,574,1.0,0.8499999999999999
20261103,Target-exact-global-2,exact,global,0.3,21,578,1.0,0.8499999999999999
20261103,Target-exact-global-2,exact,global,0.3,22,582,1.0,0.8499999999999999
20261103,Target-exact-global-2,exact,global,0.3,23,586,1.0,0.8499999999999999
20261103,Target-exact-global-2,exact,global,0.3,24,588,1.0,0.8499999999999999
20261103,Target-exact-global-2,exact,global,0.3,25,590,1.0,0.8499999999999999
20261103,Target-exact-global-2,exact,global,0.3,26,592,1.0,0.8499999999999999
20261103,Target-exact-global-2,exact,global,0.3,27,594,1.0,0.8499999999999999
20261103,Target-exact-global-2,exact,global,0.3,28,596,1.0,0.8499999999999999
20261103,Target-exact-global-2,exact,global,0.3,29,598,1.0,0.8499999999999999
20261103,Target-exact-global-2,exact,global,0.3,30,513,1.0,0.8387962960222124
20261103,Target-exact-global-2,exact,global,0.3,31,529,1.0,0.667485728801174
20261103,Target-exact-global-2,exact,global,0.3,32,290,1.0,0.6375
20261103,Target-exact-global-2,exact,global,0.3,33,572,1.0,0.6375
20261103,Target-exact-global-2,exact,global,0.3,34,580,1.0,0.6375
20261103,Target-exact-global-2,exact,global,0.3,35,584,1.0,0.6375
20261103,Target-exact-global-2,exact,global,0.3,36,491,0.9999999999999999,0.9801745608643854
20261103,Target-exact-global-2,exact,global,0.3,37,499,1.0,0.9758434635954469
20261103,Target-exact-global-2,exact,global,0.3,38,475,1.0,0.9757220478848734
20261103,Target-exact-global-2,exact,global,0.3,39,483,1.0,0.972975837370945
20261103,Target-exact-global-2,exact,global,0.3,40,419,1.0,0.9722943895551699
20261103,Target-exact-global-2,exact,global,0.3,41,471,1.0,0.9720080148735972
20261103,Target-exact-global-2,exact,global,0.3,42,79,0.9999999999999999,0.9742400815036454
20261103,Target-exact-global-2,exact,global,0.3,43,83,1.0,0.9719945778931676
20261103,Target-exact-global-2,exact,global,0.3,44,99,1.0,0.9677476106269147
20261103,Target-exact-global-2,exact,global,0.3,45,27,1.0,0.9677099432662397
20261103,Target-exact-global-2,exact,global,0.3,46,75,1.0,0.967674582567147
20261103,Target-exact-global-2,exact,global,0.3,47,91,1.0,0.9667964704865898
20261103,Target-exact-global-2,exact,global,0.3,48,71,1.0,0.9027124973889383
20261103,Target-exact-global-2,exact,global,0.3,49,11,1.0,0.9041772267972399
20261103,Target-exact-global-2,exact,global,0.3,50,36,1.0,0.8697113319263827
20261103,Target-exact-partial-1,exact,partial,0.3,1,487,1.0,0.9853312896884994
20261103,Target-exact-partial-1,exact,partial,0.3,2,495,1.0,0.9850987877943045
20261103,Target-exact-partial-1,exact,partial,0.3,3,87,1.0,0.9818305724516992
20261103,Target-exact-partial-1,exact,partial,0.3,4,491,1.0,0.9801745607583277
20261103,Target-exact-partial-1,exact,partial,0.3,5,502,1.0,0.9800182563051595
20261103,Target-exact-partial-1,exact,partial,0.3,6,499,1.0,0.9758434633217383
20261103,Target-exact-partial-1,exact,partial,0.3,7,79,1.0,0.9742395474953294
20261103,Target-exact-partial-1,exact,partial,0.3,8,187,1.0,0.9733884698613895
20261103,Target-exact-partial-1,exact,partial,0.3,9,292,1.0,0.9579671145957582
20261103,Target-exact-partial-1,exact,partial,0.3,10,385,1.0,0.8911710245368362
20261103,Target-exact-partial-1,exact,partial,0.3,11,195,1.0,0.9729360494639516
20261103,Target-exact-partial-1,exact,partial,0.3,12,83,1.0,0.9719915623163164
20261103,Target-exact-partial-1,exact,partial,0.3,13,191,1.0,0.9691830603624103
20261103,Target-exact-partial-1,exact,partial,0.3,14,99,1.0,0.967740961408897
20261103,Target-exact-partial-1,exact,partial,0.3,15,27,1.0,0.967699111391179
20261103,Target-exact-partial-1,exact,partial,0.3,16,534,1.0,0.9583898556525849
20261103,Target-exact-partial-1,exact,partial,0.3,17,296,1.0,0.899224841518453
20261103,Target-exact-partial-1,exact,partial,0.3,18,389,1.0,0.8971967151713145
20261103,Target-exact-partial-1,exact,partial,0.3,19,393,1.0,0.9044751219806115
20261103,Target-exact-partial-1,exact,partial,0.3,20,397,1.0,0.9070835357277045
20261103,Target-exact-partial-1,exact,partial,0.3,21,526,1.0,0.8946608473752136
20261103,Target-exact-partial-1,exact,partial,0.3,22,288,1.0,0.8839988422792844
20261103,Target-exact-partial-1,exact,partial,0.3,23,518,1.0,0.8690497176260223
20261103,Target-exact-partial-1,exact,partial,0.3,24,272,1.0,0.8678271329890035
20261103,Target-exact-partial-1,exact,partial,0.3,25,387,1.0,0.8499999999999999
20261103,Target-exact-partial-1,exact,partial,0.3,26,395,1.0,0.8499999999999999
20261103,Target-exact-partial-1,exact,partial,0.3,27,570,1.0,0.8499999999999999
20261103,Target-exact-partial-1,exact,partial,0.3,28,574,1.0,0.8499999999999999
20261103,Target-exact-partial-1,exact,partial,0.3,29,578,1.0,0.8499999999999999
20261103,Target-exact-partial-1,exact,partial,0.3,30,582,1.0,0.8499999999999999
20261103,Target-exact-partial-1,exact,partial,0.3,31,586,1.0,0.8499999999999999
20261103,Target-exact-partial-1,exact,partial,0.3,32,588,1.0,0.8499999999999999
20261103,Target-exact-partial-1,exact,partial,0.3,33,590,1.0,0.8499999999999999
20261103,Target-exact-partial-1,exact,partial,0.3,34,592,1.0,0.8499999999999999
20261103,Target-exact-partial-1,exact,partial,0.3,35,594,1.0,0.8499999999999999
20261103,Target-exact-partial-1,exact,partial,0.3,36,596,1.0,0.8499999999999999
20261103,Target-exact-partial-1,exact,partial,0.3,37,598,1.0,0.8499999999999999
20261103,Target-exact-partial-1,exact,partial,0.3,38,513,1.0,0.8390267467472559
20261103,Target-exact-partial-1,exact,partial,0.3,39,399,1.0,0.6659064614990935
20261103,Target-exact-partial-1,exact,partial,0.3,40,391,1.0000000000000002,0.6375000000000001
20261103,Target-exact-partial-1,exact,partial,0.3,41,475,0.9999999999999999,0.9757220473407076
20261103,Target-exact-partial-1,exact,partial,0.3,42,483,1.0,0.9729758362931202
20261103,Target-exact-partial-1,exact,partial,0.3,43,419,1.0,0.9722943819879308
20261103,Target-exact-partial-1,exact,partial,0.3,44,471,1.0,0.9720079908042698
20261103,Target-exact-partial-1,exact,partial,0.3,45,479,1.0,0.9709665389409317
20261103,Target-exact-partial-1,exact,partial,0.3,46,435,1.0,0.9708161917255772
20261103,Target-exact-partial-1,exact,partial,0.3,47,428,1.0,0.9632476981089857
20261103,Target-exact-partial-1,exact,partial,0.3,48,199,0.9999999999999999,0.9638077566040903
20261103,Target-exact-partial-1,exact,partial,0.3,49,183,1.0,0.9633063618617652
20261103,Target-exact-partial-1,exact,partial,0.3,50,175,1.0,0.9001146761787491
20261103,Target-exact-partial-2,exact,partial,0.3,1,487,1.0,0.9853312896884994
20261103,Target-exact-partial-2,exact,partial,0.3,2,495,1.0,0.9850987877943045
20261103,Target-exact-partial-2,exact,partial,0.3,3,87,1.0,0.9818305724516992
20261103,Target-exact-partial-2,exact,partial,0.3,4,491,1.0,0.9801745607583277
20261103,Target-exact-partial-2,exact,partial,0.3,5,502,1.0,0.9800182563051595
20261103,Target-exact-partial-2,exact,partial,0.3,6,499,1.0,0.9758434633217383
20261103,Target-exact-partial-2,exact,partial,0.3,7,187,1.0,0.9733884698613895
20261103,Target-exact-partial-2,exact,partial,0.3,8,195,1.0,0.9729504949599566
20261103,Target-exact-partial-2,exact,partial,0.3,9,292,1.0,0.9579671145957582
20261103,Target-exact-partial-2,exact,partial,0.3,10,385,1.0,0.8911710245368362
20261103,Target-exact-partial-2,exact,partial,0.3,11,191,1.0,0.9692210546060545
20261103,Target-exact-partial-2,exact,partial,0.3,12,534,1.0,0.9583896034899251
20261103,Target-exact-partial-2,exact,partial,0.3,13,296,1.0,0.8993059894521349
20261103,Target-exact-partial-2,exact,partial,0.3,14,288,1.0,0.9020941947027548
20261103,Target-exact-partial-2,exact,partial,0.3,15,272,1.0,0.9060774347348876
20261103,Target-exact-partial-2,exact,partial,0.3,16,389,1.0,0.8971967151713145
20261103,Target-exact-partial-2,exact,partial,0.3,17,393,1.0,0.9044751219806115
20261103,Target-exact-partial-2,exact,partial,0.3,18,397,1.0,0.9070835357277045
20261103,Target-exact-partial-2,exact,partial,0.3,19,526,1.0,0.8947412506077181
20261103,Target-exact-partial-2,exact,partial,0.3,20,518,1.0,0.8691075854318674
20261103,Target-exact-partial-2,exact,partial,0.3,21,286,1.0,0.85
20261103,Target-exact-partial-2,exact,partial,0.3,22,294,1.0,0.85
20261103,Target-exact-partial-2,exact,partial,0.3,23,298,1.0,0.85
20261103,Target-exact-partial-2,exact,partial,0.3,24,387,1.0,0.8499999999999999
20261103,Target-exact-partial-2,exact,partial,0.3,25,395,1.0,0.8499999999999999
20261103,Target-exact-partial-2,exact,partial,0.3,26,570,1.0,0.8499999999999999
20261103,Target-exact-partial-2,exact,partial,0.3,27,574,1.0,0.8499999999999999
20261103,Target-exact-partial-2,exact,partial,0.3,28,578,1.0,0.8499999999999999
20261103,Target-exact-partial-2,exact,partial,0.3,29,582,1.0,0.8499999999999999
20261103,Target-exact-partial-2,exact,partial,0.3,30,586,1.0,0.8499999999999999
20261103,Target-exact-partial-2,exact,partial,0.3,31,588,1.0,0.8499999999999999
20261103,Target-exact-partial-2,exact,partial,0.3,32,590,1.0,0.8499999999999999
20261103,Target-exact-partial-2,exact,partial,0.3,33,592,1.0,0.8499999999999999
20261103,Target-exact-partial-2,exact,partial,0.3,34,594,1.0,0.8499999999999999
20261103,Target-exact-partial-2,exact,partial,0.3,35,596,1.0,0.8499999999999999
20261103,Target-exact-partial-2,exact,partial,0.3,36,598,1.0,0.8499999999999999
20261103,Target-exact-partial-2,exact,partial,0.3,37,513,1.0,0.8387962960222124
20261103,Target-exact-partial-2,exact,partial,0.3,38,529,1.0,0.667485728801174
20261103,Target-exact-partial-2,exact,partial,0.3,39,399,1.0,0.6659064614990935
20261103,Target-exact-partial-2,exact,partial,0.3,40,391,1.0000000000000002,0.6375000000000001
20261103,Target-exact-partial-2,exact,partial,0.3,41,290,1.0,0.6375
20261103,Target-exact-partial-2,exact,partial,0.3,42,572,1.0,0.6375
20261103,Target-exact-partial-2,exact,partial,0.3,43,580,1.0,0.6375
20261103,Target-exact-partial-2,exact,partial,0.3,44,584,1.0,0.6375
20261103,Target-exact-partial-2,exact,partial,0.3,45,475,0.9999999999999999,0.9757220473407076
20261103,Target-exact-partial-2,exact,partial,0.3,46,483,1.0,0.9729758362931202
20261103,Target-exact-partial-2,exact,partial,0.3,47,419,1.0,0.9722943819879308
20261103,Target-exact-partial-2,exact,partial,0.3,48,471,1.0,0.9720079908042698
20261103,Target-exact-partial-2,exact,partial,0.3,49,479,1.0,0.9709665389409317
20261103,Target-exact-partial-2,exact,partial,0.3,50,435,1.0,0.9708161917255772
20261103,Target-exact-full-1,exact,full,0.3,1,487,1.0,0.9853312896884994
20261103,Target-exact-full-1,exact,full,0.3,2,495,1.0,0.9850987868164334
20261103,Target-exact-full-1,exact,full,0.3,3,87,1.0,0.9818305724516992
20261103,Target-exact-full-1,exact,full,0.3,4,491,1.0,0.9801745580621827
20261103,Target-exact-full-1,exact,full,0.3,5,502,1.0,0.9800182563051595
20261103,Target-exact-full-1,exact,full,0.3,6,499,1.0,0.9758434563530373
20261103,Target-exact-full-1,exact,full,0.3,7,475,1.0,0.975722033460543
20261103,Target-exact-full-1,exact,full,0.3,8,187,1.0,0.9733884698613895
20261103,Target-exact-full-1,exact,full,0.3,9,292,1.0,0.9579671145957582
20261103,Target-exact-full-1,exact,full,0.3,10,385,1.0,0.8911710245368362
20261103,Target-exact-full-1,exact,full,0.3,11,79,1.0,0.9742395474953294
20261103,Target-exact-full-1,exact,full,0.3,12,483,1.0,0.9729758136099702
20261103,Target-exact-full-1,exact,full,0.3,13,195,1.0,0.9729481348808535
20261103,Target-exact-full-1,exact,full,0.3,14,419,1.0,0.9722942141667152
20261103,Target-exact-full-1,exact,full,0.3,15,471,1.0,0.9720071826116152
20261103,Target-exact-full-1,exact,full,0.3,16,83,1.0,0.9719915623163164
20261103,Target-exact-full-1,exact,full,0.3,17,479,1.0,0.970965923708038
20261103,Target-exact-full-1,exact,full,0.3,18,435,1.0,0.9708143237903384
20261103,Target-exact-full-1,exact,full,0.3,19,99,1.0,0.967740961408897
20261103,Target-exact-full-1,exact,full,0.3,20,27,1.0,0.967699111391179
20261103,Target-exact-full-1,exact,full,0.3,21,428,1.0,0.9632444933433781
20261103,Target-exact-full-1,exact,full,0.3,22,403,1.0,0.9606650001879278
20261103,Target-exact-full-1,exact,full,0.3,23,534,1.0,0.9583896034899251
20261103,Target-exact-full-1,exact,full,0.3,24,485,1.0,0.9560419636838038
20261103,Target-exact-full-1,exact,full,0.3,25,493,1.0,0.9516880789169664
20261103,Target-exact-full-1,exact,full,0.3,26,497,1.0,0.9431306959466281
20261103,Target-exact-full-1,exact,full,0.3,27,296,1.0,0.8993097239583359
20261103,Target-exact-full-1,exact,full,0.3,28,288,1.0,0.9021663252016607
20261103,Target-exact-full-1,exact,full,0.3,29,272,1.0,0.9059791098834928
20261103,Target-exact-full-1,exact,full,0.3,30,389,1.0,0.8971967151713145
20261103,Target-exact-full-1,exact,full,0.3,31,393,1.0,0.9044751219806115
20261103,Target-exact-full-1,exact,full,0.3,32,397,1.0,0.9070835357277045
20261103,Target-exact-full-1,exact,full,0.3,33,526,1.0,0.8947412506077181
20261103,Target-exact-full-1,exact,full,0.3,34,518,1.0,0.8691075854318674
20261103,Target-exact-full-1,exact,full,0.3,35,286,1.0,0.8500000000000001
20261103,Target-exact-full-1,exact,full,0.3,36,294,1.0,0.8500000000000001
20261103,Target-exact-full-1,exact,full,0.3,37,298,1.0,0.8500000000000001
20261103,Target-exact-full-1,exact,full,0.3,38,387,1.0,0.8499999999999999
20261103,Target-exact-full-1,exact,full,0.3,39,395,1.0,0.8499999999999999
20261103,Target-exact-full-1,exact,full,0.3,40,570,1.0,0.8499999999999999
20261103,Target-exact-full-1,exact,full,0.3,41,574,1.0,0.8499999999999999
20261103,Target-exact-full-1,exact,full,0.3,42,578,1.0,0.8499999999999999
20261103,Target-exact-full-1,exact,full,0.3,43,582,1.0,0.8499999999999999
20261103,Target-exact-full-1,exact,full,0.3,44,586,1.0,0.8499999999999999
20261103,Target-exact-full-1,exact,full,0.3,45,588,1.0,0.8499999999999999
20261103,Target-exact-full-1,exact,full,0.3,46,590,1.0,0.8499999999999999
20261103,Target-exact-full-1,exact,full,0.3,47,592,1.0,0.8499999999999999
20261103,Target-exact-full-1,exact,full,0.3,48,594,1.0,0.8499999999999999
20261103,Target-exact-full-1,exact,full,0.3,49,596,1.0,0.8499999999999999
20261103,Target-exact-full-1,exact,full,0.3,50,598,1.0,0.8499999999999999
20261103,Target-exact-full-2,exact,full,0.3,1,487,1.0,0.9853312896884994
20261103,Target-exact-full-2,exact,full,0.3,2,495,1.0,0.9850987878326863
20261103,Target-exact-full-2,exact,full,0.3,3,87,1.0,0.9818305724516992
20261103,Target-exact-full-2,exact,full,0.3,4,502,1.0,0.9800182563051595
20261103,Target-exact-full-2,exact,full,0.3,5,187,1.0,0.9733884698613895
20261103,Target-exact-full-2,exact,full,0.3,6,195,1.0,0.9729360494639516
20261103,Target-exact-full-2,exact,full,0.3,7,191,1.0,0.9691830603624103
20261103,Target-exact-full-2,exact,full,0.3,8,534,1.0,0.9583898556525849
20261103,Target-exact-full-2,exact,full,0.3,9,292,1.0,0.9579671145957582
20261103,Target-exact-full-2,exact,full,0.3,10,385,1.0,0.8911710245368362
20261103,Target-exact-full-2,exact,full,0.3,11,296,1.0,0.8993059894521349
20261103,Target-exact-full-2,exact,full,0.3,12,288,1.0,0.9020941947027548
20261103,Target-exact-full-2,exact,full,0.3,13,272,1.0,0.9060774347348876
20261103,Target-exact-full-2,exact,full,0.3,14,526,1.0,0.8946608473752136
20261103,Target-exact-full-2,exact,full,0.3,15,389,1.0,0.8792490381054516
20261103,Target-exact-full-2,exact,full,0.3,16,518,1.0,0.8690497176260223
20261103,Target-exact-full-2,exact,full,0.3,17,393,1.0,0.8673510176967946
20261103,Target-exact-full-2,exact,full,0.3,18,387,1.0,0.8500000000000001
20261103,Target-exact-full-2,exact,full,0.3,19,395,1.0,0.8500000000000001
20261103,Target-exact-full-2,exact,full,0.3,20,286,1.0,0.85
20261103,Target-exact-full-2,exact,full,0.3,21,294,1.0,0.85
20261103,Target-exact-full-2,exact,full,0.3,22,298,1.0,0.85
20261103,Target-exact-full-2,exact,full,0.3,23,570,1.0,0.8499999999999999
20261103,Target-exact-full-2,exact,full,0.3,24,574,1.0,0.8499999999999999
20261103,Target-exact-full-2,exact,full,0.3,25,578,1.0,0.8499999999999999
20261103,Target-exact-full-2,exact,full,0.3,26,582,1.0,0.8499999999999999
20261103,Target-exact-full-2,exact,full,0.3,27,586,1.0,0.8499999999999999
20261103,Target-exact-full-2,exact,full,0.3,28,588,1.0,0.8499999999999999
20261103,Target-exact-full-2,exact,full,0.3,29,590,1.0,0.8499999999999999
20261103,Target-exact-full-2,exact,full,0.3,30,592,1.0,0.8499999999999999
20261103,Target-exact-full-2,exact,full,0.3,31,594,1.0,0.8499999999999999
20261103,Target-exact-full-2,exact,full,0.3,32,596,1.0,0.8499999999999999
20261103,Target-exact-full-2,exact,full,0.3,33,598,1.0,0.8499999999999999
20261103,Target-exact-full-2,exact,full,0.3,34,397,1.0,0.8488436804772853
20261103,Target-exact-full-2,exact,full,0.3,35,513,1.0,0.8390267467472559
20261103,Target-exact-full-2,exact,full,0.3,36,399,1.0,0.653061125806093
20261103,Target-exact-full-2,exact,full,0.3,37,290,1.0,0.6375
20261103,Target-exact-full-2,exact,full,0.3,38,391,1.0,0.6375
20261103,Target-exact-full-2,exact,full,0.3,39,491,0.9999999999999999,0.9801745608643854
20261103,Target-exact-full-2,exact,full,0.3,40,499,1.0,0.9758434635954469
20261103,Target-exact-full-2,exact,full,0.3,41,475,1.0,0.9757220478848734
20261103,Target-exact-full-2,exact,full,0.3,42,483,1.0,0.972975837370945
20261103,Target-exact-full-2,exact,full,0.3,43,419,1.0,0.9722943895551699
20261103,Target-exact-full-2,exact,full,0.3,44,471,1.0,0.9720080148735972
20261103,Target-exact-full-2,exact,full,0.3,45,79,0.9999999999999999,0.9742400815036454
20261103,Target-exact-full-2,exact,full,0.3,46,83,1.0,0.9719945778931676
20261103,Target-exact-full-2,exact,full,0.3,47,99,1.0,0.9677476106269147
20261103,Target-exact-full-2,exact,full,0.3,48,27,1.0,0.9677099432662397
20261103,Target-exact-full-2,exact,full,0.3,49,75,1.0,0.967674582567147
20261103,Target-exact-full-2,exact,full,0.3,50,91,1.0,0.9667964704865898
20261103,Target-interpolated-global-1,interpolated,global,0.3,1,487,1.0,0.9853312896884994
20261103,Target-interpolated-global-1,interpolated,global,0.3,2,495,1.0,0.9850987877943045
20261103,Target-interpolated-global-1,interpolated,global,0.3,3,87,1.0,0.9818305724516992
20261103,Target-interpolated-global-1,interpolated,global,0.3,4,491,1.0,0.9801745607583277
20261103,Target-interpolated-global-1,interpolated,global,0.3,5,502,1.0,0.9800182563051595
20261103,Target-interpolated-global-1,interpolated,global,0.3,6,499,1.0,0.9758434633217383
20261103,Target-interpolated-global-1,interpolated,global,0.3,7,79,1.0,0.9742399828062068
20261103,Target-interpolated-global-1,interpolated,global,0.3,8,187,1.0,0.9733884698613895
20261103,Target-interpolated-global-1,interpolated,global,0.3,9,292,1.0,0.9579671145957582
20261103,Target-interpolated-global-1,interpolated,global,0.3,10,385,1.0,0.8911710245368362
20261103,Target-interpolated-global-1,interpolated,global,0.3,11,195,1.0,0.9729466030333406
20261103,Target-interpolated-global-1,interpolated,global,0.3,12,83,1.0,0.9719939711308789
20261103,Target-interpolated-global-1,interpolated,global,0.3,13,191,1.0,0.9692100006036676
20261103,Target-interpolated-global-1,interpolated,global,0.3,14,99,1.0,0.9677463035388425
20261103,Target-interpolated-global-1,interpolated,global,0.3,15,199,1.0,0.9638493758368628
20261103,Target-interpolated-global-1,interpolated,global,0.3,16,183,1.0,0.963376255760633
20261103,Target-interpolated-global-1,interpolated,global,0.3,17,534,1.0,0.9583864925537718
20261103,Target-interpolated-global-1,interpolated,global,0.3,18,175,1.0,0.9008403989644456
20261103,Target-interpolated-global-1,interpolated,global,0.3,19,171,1.0,0.9087718208581719
20261103,Target-interpolated-global-1,interpolated,global,0.3,20,179,1.0,0.9126075555036983
20261103,Target-interpolated-global-1,interpolated,global,0.3,21,296,1.0,0.8992859182180852
20261103,Target-interpolated-global-1,interpolated,global,0.3,22,288,1.0,0.9013228483945728
20261103,Target-interpolated-global-1,interpolated,global,0.3,23,272,1.0,0.9042286617360331
20261103,Target-interpolated-global-1,interpolated,global,0.3,24,389,1.0,0.8968540466334711
20261103,Target-interpolated-global-1,interpolated,global,0.3,25,393,1.0,0.9032891483647981
20261103,Target-interpolated-global-1,interpolated,global,0.3,26,397,1.0,0.9053261832721504
20261103,Target-interpolated-global-1,interpolated,global,0.3,27,526,1.0,0.8944669210618228
20261103,Target-interpolated-global-1,interpolated,global,0.3,28,518,1.0,0.8696517456026374
20261103,Target-interpolated-global-1,interpolated,global,0.3,29,387,1.0,0.8500000000000001
20261103,Target-interpolated-global-1,interpolated,global,0.3,30,395,1.0,0.8500000000000001
20261103,Target-interpolated-global-1,interpolated,global,0.3,31,570,1.0,0.8500000000000001
20261103,Target-interpolated-global-1,interpolated,global,0.3,32,574,1.0,0.8500000000000001
20261103,Target-interpolated-global-1,interpolated,global,0.3,33,578,1.0,0.8500000000000001
20261103,Target-interpolated-global-1,interpolated,global,0.3,34,582,1.0,0.8500000000000001
20261103,Target-interpolated-global-1,interpolated,global,0.3,35,586,1.0,0.8500000000000001
20261103,Target-interpolated-global-1,interpolated,global,0.3,36,588,1.0,0.8500000000000001
20261103,Target-interpolated-global-1,interpolated,global,0.3,37,590,1.0,0.8500000000000001
20261103,Target-interpolated-global-1,interpolated,global,0.3,38,592,1.0,0.8500000000000001
20261103,Target-interpolated-global-1,interpolated,global,0.3,39,594,1.0,0.8500000000000001
20261103,Target-interpolated-global-1,interpolated,global,0.3,40,596,1.0,0.8500000000000001
20261103,Target-interpolated-global-1,interpolated,global,0.3,41,598,1.0,0.8500000000000001
20261103,Target-interpolated-global-1,interpolated,global,0.3,42,286,1.0,0.85
20261103,Target-interpolated-global-1,interpolated,global,0.3,43,294,1.0,0.85
20261103,Target-interpolated-global-1,interpolated,global,0.3,44,298,1.0,0.85
20261103,Target-interpolated-global-1,interpolated,global,0.3,45,513,1.0,0.8366230829932315
20261103,Target-interpolated-global-1,interpolated,global,0.3,46,529,1.0,0.6662945770152162
20261103,Target-interpolated-global-1,interpolated,global,0.3,47,399,1.0,0.6632669375087161
20261103,Target-interpolated-global-1,interpolated,global,0.3,48,185,1.0,0.6615842006598345
20261103,Target-interpolated-global-1,interpolated,global,0.3,49,193,1.0,0.6518272627622549
20261103,Target-interpolated-global-1,interpolated,global,0.3,50,290,1.0,0.6375
20261103,Target-interpolated-global-2,interpolated,global,0.3,1,487,1.0,0.9853312896884994
20261103,Target-interpolated-global-2,interpolated,global,0.3,2,495,1.0,0.9850987877943045
20261103,Target-interpolated-global-2,interpolated,global,0.3,3,87,1.0,0.9818305724516992
20261103,Target-interpolated-global-2,interpolated,global,0.3,4,491,1.0,0.9801745607583277
20261103,Target-interpolated-global-2,interpolated,global,0.3,5,502,1.0,0.9800182563051595
20261103,Target-interpolated-global-2,interpolated,global,0.3,6,499,1.0,0.9758434633217383
20261103,Target-interpolated-global-2,interpolated,global,0.3,7,79,1.0,0.9742399828062068
20261103,Target-interpolated-global-2,interpolated,global,0.3,8,187,1.0,0.9733884698613895
20261103,Target-interpolated-global-2,interpolated,global,0.3,9,292,1.0,0.9579671145957582
20261103,Target-interpolated-global-2,interpolated,global,0.3,10,385,1.0,0.8911710245368362
20261103,Target-interpolated-global-2,interpolated,global,0.3,11,195,1.0,0.9729481348808535
20261103,Target-interpolated-global-2,interpolated,global,0.3,12,83,1.0,0.9719939711308789
20261103,Target-interpolated-global-2,interpolated,global,0.3,13,99,1.0,0.9677463035388425
20261103,Target-interpolated-global-2,interpolated,global,0.3,14,27,1.0,0.9677077381726018
20261103,Target-interpolated-global-2,interpolated,global,0.3,15,75,1.0,0.967671725565201
20261103,Target-interpolated-global-2,interpolated,global,0.3,16,91,1.0,0.9667924748004239
20261103,Target-interpolated-global-2,interpolated,global,0.3,17,534,1.0,0.9583898556525849
20261103,Target-interpolated-global-2,interpolated,global,0.3,18,71,1.0,0.9026514055159403
20261103,Target-interpolated-global-2,interpolated,global,0.3,19,11,1.0,0.9042542963768996
20261103,Target-interpolated-global-2,interpolated,global,0.3,20,296,1.0,0.8993059894521349
20261103,Target-interpolated-global-2,interpolated,global,0.3,21,288,1.0,0.9020941947027548
20261103,Target-interpolated-global-2,interpolated,global,0.3,22,272,1.0,0.9060774347348876
20261103,Target-interpolated-global-2,interpolated,global,0.3,23,389,1.0,0.8971967151713145
20261103,Target-interpolated-global-2,interpolated,global,0.3,24,393,1.0,0.9044751219806115
20261103,Target-interpolated-global-2,interpolated,global,0.3,25,397,1.0,0.9070835357277045
20261103,Target-interpolated-global-2,interpolated,global,0.3,26,526,1.0,0.8946608473752136
20261103,Target-interpolated-global-2,interpolated,global,0.3,27,518,1.0,0.8691012198969312
20261103,Target-interpolated-global-2,interpolated,global,0.3,28,286,1.0,0.85
20261103,Target-interpolated-global-2,interpolated,global,0.3,29,294,1.0,0.85
20261103,Target-interpolated-global-2,interpolated,global,0.3,30,298,1.0,0.85
20261103,Target-interpolated-global-2,interpolated,global,0.3,31,290,1.0,0.6375
20261103,Target-interpolated-global-2,interpolated,global,0.3,32,475,0.9999999999999999,0.9757220473407076
20261103,Target-interpolated-global-2,interpolated,global,0.3,33,483,1.0,0.9729758362931202
20261103,Target-interpolated-global-2,interpolated,global,0.3,34,419,1.0,0.9722943819879308
20261103,Target-interpolated-global-2,interpolated,global,0.3,35,471,1.0,0.9720079908042698
20261103,Target-interpolated-global-2,interpolated,global,0.3,36,479,1.0,0.9709665389409317
20261103,Target-interpolated-global-2,interpolated,global,0.3,37,435,1.0,0.9708161917255772
20261103,Target-interpolated-global-2,interpolated,global,0.3,38,428,1.0,0.9632476981089857
20261103,Target-interpolated-global-2,interpolated,global,0.3,39,191,0.9999999999999999,0.9692176043245762
20261103,Target-interpolated-global-2,interpolated,global,0.3,40,199,0.9999999999999999,0.9638626140979851
20261103,Target-interpolated-global-2,interpolated,global,0.3,41,183,1.0,0.9634016155629559
20261103,Target-interpolated-global-2,interpolated,global,0.3,42,175,1.0,0.9011520475376473
20261103,Target-interpolated-global-2,interpolated,global,0.3,43,171,1.0,0.910076390051856
20261103,Target-interpolated-global-2,interpolated,global,0.3,44,179,1.0,0.9149777390776339
20261103,Target-interpolated-global-2,interpolated,global,0.3,45,403,0.9999999999999999,0.960667339158633
20261103,Target-interpolated-global-2,interpolated,global,0.3,46,485,1.0,0.9560461405709566
20261103,Target-interpolated-global-2,interpolated,global,0.3,47,493,1.0,0.9516941099590048
20261103,Target-interpolated-global-2,interpolated,global,0.3,48,497,1.0,0.9431409911083131
20261103,Target-interpolated-global-2,interpolated,global,0.3,49,427,1.0,0.9084980205403198
20261103,Target-interpolated-global-2,interpolated,global,0.3,50,473,1.0,0.8772494232595738
20261103,Target-interpolated-partial-1,interpolated,partial,0.3,1,487,1.0,0.9853312896884994
20261103,Target-interpolated-partial-1,interpolated,partial,0.3,2,495,1.0,0.9850987877943045
20261103,Target-interpolated-partial-1,interpolated,partial,0.3,3,87,1.0,0.9818305724516992
20261103,Target-interpolated-partial-1,interpolated,partial,0.3,4,491,1.0,0.9801745607583277
20261103,Target-interpolated-partial-1,interpolated,partial,0.3,5,502,1.0,0.9800182563051595
20261103,Target-interpolated-partial-1,interpolated,partial,0.3,6,499,1.0,0.9758434633217383
20261103,Target-interpolated-partial-1,interpolated,partial,0.3,7,79,1.0,0.9742399828062068
20261103,Target-interpolated-partial-1,interpolated,partial,0.3,8,187,1.0,0.9733884698613895
20261103,Target-interpolated-partial-1,interpolated,partial,0.3,9,292,1.0,0.9579671145957582
20261103,Target-interpolated-partial-1,interpolated,partial,0.3,10,385,1.0,0.8911710245368362
20261103,Target-interpolated-partial-1,interpolated,partial,0.3,11,195,1.0,0.9729446609833796
20261103,Target-interpolated-partial-1,interpolated,partial,0.3,12,83,1.0,0.9719936294966084
20261103,Target-interpolated-partial-1,interpolated,partial,0.3,13,534,1.0,0.9583898556525849
20261103,Target-interpolated-partial-1,interpolated,partial,0.3,14,296,1.0,0.899273188131398
20261103,Target-interpolated-partial-1,interpolated,partial,0.3,15,288,1.0,0.9011369763861288
20261103,Target-interpolated-partial-1,interpolated,partial,0.3,16,389,1.0,0.8971967151713145
20261103,Target-interpolated-partial-1,interpolated,partial,0.3,17,393,1.0,0.9044751219806115
20261103,Target-interpolated-partial-1,interpolated,partial,0.3,18,397,1.0,0.9070835357277045
20261103,Target-interpolated-partial-1,interpolated,partial,0.3,19,526,1.0,0.8946608473752136
20261103,Target-interpolated-partial-1,interpolated,partial,0.3,20,272,1.0,0.8877114506708644
20261103,Target-interpolated-partial-1,interpolated,partial,0.3,21,518,1.0,0.8690561534572226
20261103,Target-interpolated-partial-1,interpolated,partial,0.3,22,286,1.0,0.8500000000000001
20261103,Target-interpolated-partial-1,interpolated,partial,0.3,23,294,1.0,0.8500000000000001
20261103,Target-interpolated-partial-1,interpolated,partial,0.3,24,298,1.0,0.8500000000000001
20261103,Target-interpolated-partial-1,interpolated,partial,0.3,25,570,1.0,0.8500000000000001
20261103,Target-interpolated-partial-1,interpolated,partial,0.3,26,574,1.0,0.8500000000000001
20261103,Target-interpolated-partial-1,interpolated,partial,0.3,27,578,1.0,0.8500000000000001
20261103,Target-interpolated-partial-1,interpolated,partial,0.3,28,582,1.0,0.8500000000000001
20261103,Target-interpolated-partial-1,interpolated,partial,0.3,29,586,1.0,0.8500000000000001
20261103,Target-interpolated-partial-1,interpolated,partial,0.3,30,588,1.0,0.8500000000000001
20261103,Target-interpolated-partial-1,interpolated,partial,0.3,31,590,1.0,0.8500000000000001
20261103,Target-interpolated-partial-1,interpolated,partial,0.3,32,592,1.0,0.8500000000000001
20261103,Target-interpolated-partial-1,interpolated,partial,0.3,33,594,1.0,0.8500000000000001
20261103,Target-interpolated-partial-1,interpolated,partial,0.3,34,596,1.0,0.8500000000000001
20261103,Target-interpolated-partial-1,interpolated,partial,0.3,35,598,1.0,0.8500000000000001
20261103,Target-interpolated-partial-1,interpolated,partial,0.3,36,513,1.0,0.8390010671732306
20261103,Target-interpolated-partial-1,interpolated,partial,0.3,37,529,1.0,0.6672914060518809
20261103,Target-interpolated-partial-1,interpolated,partial,0.3,38,572,1.0000000000000002,0.6375000000000002
20261103,Target-interpolated-partial-1,interpolated,partial,0.3,39,580,1.0000000000000002,0.6375000000000002
20261103,Target-interpolated-partial-1,interpolated,partial,0.3,40,584,1.0000000000000002,0.6375000000000002
20261103,Target-interpolated-partial-1,interpolated,partial,0.3,41,290,1.0,0.6375
20261103,Target-interpolated-partial-1,interpolated,partial,0.3,42,475,0.9999999999999999,0.9757220473407076
20261103,Target-interpolated-partial-1,interpolated,partial,0.3,43,483,1.0,0.9729758362931202
20261103,Target-interpolated-partial-1,interpolated,partial,0.3,44,419,1.0,0.9722943819879308
20261103,Target-interpolated-partial-1,interpolated,partial,0.3,45,471,1.0,0.9720079908042698
20261103,Target-interpolated-partial-1,interpolated,partial,0.3,46,479,1.0,0.9709665389409317
20261103,Target-interpolated-partial-1,interpolated,partial,0.3,47,435,1.0,0.9708161917255772
20261103,Target-interpolated-partial-1,interpolated,partial,0.3,48,428,1.0,0.9632476981089857
20261103,Target-interpolated-partial-1,interpolated,partial,0.3,49,191,0.9999999999999999,0.9692051210891302
20261103,Target-interpolated-partial-1,interpolated,partial,0.3,50,199,1.0,0.963841535227083
20261103,Target-interpolated-partial-2,interpolated,partial,0.3,1,487,1.0,0.9853312896884994
20261103,Target-interpolated-partial-2,interpolated,partial,0.3,2,495,1.0,0.9850987877943045
20261103,Target-interpolated-partial-2,interpolated,partial,0.3,3,87,1.0,0.9818305724516992
20261103,Target-interpolated-partial-2,interpolated,partial,0.3,4,491,1.0,0.9801745607583277
20261103,Target-interpolated-partial-2,interpolated,partial,0.3,5,502,1.0,0.9800182563051595
20261103,Target-interpolated-partial-2,interpolated,partial,0.3,6,499,1.0,0.9758434633217383
20261103,Target-interpolated-partial-2,interpolated,partial,0.3,7,79,1.0,0.9742399828062068
20261103,Target-interpolated-partial-2,interpolated,partial,0.3,8,187,1.0,0.9733884698613895
20261103,Target-interpolated-partial-2,interpolated,partial,0.3,9,292,1.0,0.9579671145957582
20261103,Target-interpolated-partial-2,interpolated,partial,0.3,10,385,1.0,0.8911710245368362
20261103,Target-interpolated-partial-2,interpolated,partial,0.3,11,195,1.0,0.9729481348808535
20261103,Target-interpolated-partial-2,interpolated,partial,0.3,12,83,1.0,0.9719939711308789
20261103,Target-interpolated-partial-2,interpolated,partial,0.3,13,99,1.0,0.9677463035388425
20261103,Target-interpolated-partial-2,interpolated,partial,0.3,14,27,1.0,0.9677077381726018
20261103,Target-interpolated-partial-2,interpolated,partial,0.3,15,75,1.0,0.967671725565201
20261103,Target-interpolated-partial-2,interpolated,partial,0.3,16,91,1.0,0.9667924748004239
20261103,Target-interpolated-partial-2,interpolated,partial,0.3,17,534,1.0,0.9583898556525849
20261103,Target-interpolated-partial-2,interpolated,partial,0.3,18,71,1.0,0.9026514055159403
20261103,Target-interpolated-partial-2,interpolated,partial,0.3,19,11,1.0,0.9041344575906898
20261103,Target-interpolated-partial-2,interpolated,partial,0.3,20,296,1.0,0.8992987672159136
20261103,Target-interpolated-partial-2,interpolated,partial,0.3,21,288,1.0,0.9015101243591929
20261103,Target-interpolated-partial-2,interpolated,partial,0.3,22,272,1.0,0.9045692185226447
20261103,Target-interpolated-partial-2,interpolated,partial,0.3,23,389,1.0,0.897030178873457
20261103,Target-interpolated-partial-2,interpolated,partial,0.3,24,526,1.0,0.8946608473752136
20261103,Target-interpolated-partial-2,interpolated,partial,0.3,25,36,1.0,0.8695201729010495
20261103,Target-interpolated-partial-2,interpolated,partial,0.3,26,518,1.0,0.8691612427364975
20261103,Target-interpolated-partial-2,interpolated,partial,0.3,27,85,1.0,0.8500000000000001
20261103,Target-interpolated-partial-2,interpolated,partial,0.3,28,89,1.0,0.8500000000000001
20261103,Target-interpolated-partial-2,interpolated,partial,0.3,29,93,1.0,0.8500000000000001
20261103,Target-interpolated-partial-2,interpolated,partial,0.3,30,95,1.0,0.8500000000000001
20261103,Target-interpolated-partial-2,interpolated,partial,0.3,31,97,1.0,0.8500000000000001
20261103,Target-interpolated-partial-2,interpolated,partial,0.3,32,570,1.0,0.85
20261103,Target-interpolated-partial-2,interpolated,partial,0.3,33,574,1.0,0.85
20261103,Target-interpolated-partial-2,interpolated,partial,0.3,34,578,1.0,0.85
20261103,Target-interpolated-partial-2,interpolated,partial,0.3,35,582,1.0,0.85
20261103,Target-interpolated-partial-2,interpolated,partial,0.3,36,586,1.0,0.85
20261103,Target-interpolated-partial-2,interpolated,partial,0.3,37,588,1.0,0.85
20261103,Target-interpolated-partial-2,interpolated,partial,0.3,38,590,1.0,0.85
20261103,Target-interpolated-partial-2,interpolated,partial,0.3,39,592,1.0,0.85
20261103,Target-interpolated-partial-2,interpolated,partial,0.3,40,594,1.0,0.85
20261103,Target-interpolated-partial-2,interpolated,partial,0.3,41,596,1.0,0.85
20261103,Target-interpolated-partial-2,interpolated,partial,0.3,42,598,1.0,0.85
20261103,Target-interpolated-partial-2,interpolated,partial,0.3,43,286,1.0,0.8499999999999999
20261103,Target-interpolated-partial-2,interpolated,partial,0.3,44,294,1.0,0.8499999999999999
20261103,Target-interpolated-partial-2,interpolated,partial,0.3,45,298,1.0,0.8499999999999999
20261103,Target-interpolated-partial-2,interpolated,partial,0.3,46,513,1.0,0.8385817325384017
20261103,Target-interpolated-partial-2,interpolated,partial,0.3,47,529,1.0,0.6672461539300341
20261103,Target-interpolated-partial-2,interpolated,partial,0.3,48,290,1.0,0.6375
20261103,Target-interpolated-partial-2,interpolated,partial,0.3,49,572,1.0,0.6375
20261103,Target-interpolated-partial-2,interpolated,partial,0.3,50,580,1.0,0.6375
20261103,Target-interpolated-full-1,interpolated,full,0.3,1,487,1.0,0.9853312896884994
20261103,Target-interpolated-full-1,interpolated,full,0.3,2,495,1.0,0.9850987877943045
20261103,Target-interpolated-full-1,interpolated,full,0.3,3,87,1.0,0.9818305724516992
20261103,Target-interpolated-full-1,interpolated,full,0.3,4,491,1.0,0.9801745607583277
20261103,Target-interpolated-full-1,interpolated,full,0.3,5,502,1.0,0.9800182563051595
20261103,Target-interpolated-full-1,interpolated,full,0.3,6,499,1.0,0.9758434633217383
20261103,Target-interpolated-full-1,interpolated,full,0.3,7,79,1.0,0.9742399828062068
20261103,Target-interpolated-full-1,interpolated,full,0.3,8,187,1.0,0.9733884698613895
20261103,Target-interpolated-full-1,interpolated,full,0.3,9,292,1.0,0.9579671145957582
20261103,Target-interpolated-full-1,interpolated,full,0.3,10,385,1.0,0.8911710245368362
20261103,Target-interpolated-full-1,interpolated,full,0.3,11,195,1.0,0.9729481348808535
20261103,Target-interpolated-full-1,interpolated,full,0.3,12,191,1.0,0.9692138126887602
20261103,Target-interpolated-full-1,interpolated,full,0.3,13,199,1.0,0.9638556347664381
20261103,Target-interpolated-full-1,interpolated,full,0.3,14,183,1.0,0.9633876531894091
20261103,Target-interpolated-full-1,interpolated,full,0.3,15,534,1.0,0.9583898556525849
20261103,Target-interpolated-full-1,interpolated,full,0.3,16,175,1.0,0.9009601833817567
20261103,Target-interpolated-full-1,interpolated,full,0.3,17,171,1.0,0.9090699655119019
20261103,Target-interpolated-full-1,interpolated,full,0.3,18,179,1.0000000000000002,0.9130718843881196
20261103,Target-interpolated-full-1,interpolated,full,0.3,19,296,1.0,0.8993059894521349
20261103,Target-interpolated-full-1,interpolated,full,0.3,20,288,1.0,0.9018709384433277
20261103,Target-interpolated-full-1,interpolated,full,0.3,21,272,1.0,0.9052385004429269
20261103,Target-interpolated-full-1,interpolated,full,0.3,22,389,1.0,0.8971967151713145
20261103,Target-interpolated-full-1,interpolated,full,0.3,23,393,1.0,0.9044136363293753
20261103,Target-interpolated-full-1,interpolated,full,0.3,24,526,1.0,0.8946608473752136
20261103,Target-interpolated-full-1,interpolated,full,0.3,25,518,1.0,0.8690497176260223
20261103,Target-interpolated-full-1,interpolated,full,0.3,26,286,1.0,0.8500000000000001
20261103,Target-interpolated-full-1,interpolated,full,0.3,27,294,1.0,0.8500000000000001
20261103,Target-interpolated-full-1,interpolated,full,0.3,28,298,1.0,0.8500000000000001
20261103,Target-interpolated-full-1,interpolated,full,0.3,29,570,1.0,0.8499999999999999
20261103,Target-interpolated-full-1,interpolated,full,0.3,30,574,1.0,0.8499999999999999
20261103,Target-interpolated-full-1,interpolated,full,0.3,31,578,1.0,0.8499999999999999
20261103,Target-interpolated-full-1,interpolated,full,0.3,32,582,1.0,0.8499999999999999
20261103,Target-interpolated-full-1,interpolated,full,0.3,33,586,1.0,0.8499999999999999
20261103,Target-interpolated-full-1,interpolated,full,0.3,34,588,1.0,0.8499999999999999
20261103,Target-interpolated-full-1,interpolated,full,0.3,35,590,1.0,0.8499999999999999
20261103,Target-interpolated-full-1,interpolated,full,0.3,36,592,1.0,0.8499999999999999
20261103,Target-interpolated-full-1,interpolated,full,0.3,37,594,1.0,0.8499999999999999
20261103,Target-interpolated-full-1,interpolated,full,0.3,38,596,1.0,0.8499999999999999
20261103,Target-interpolated-full-1,interpolated,full,0.3,39,598,1.0,0.8499999999999999
20261103,Target-interpolated-full-1,interpolated,full,0.3,40,513,1.0,0.8390267467472559
20261103,Target-interpolated-full-1,interpolated,full,0.3,41,290,1.0,0.6375
20261103,Target-interpolated-full-1,interpolated,full,0.3,42,475,0.9999999999999999,0.9757220473407076
20261103,Target-interpolated-full-1,interpolated,full,0.3,43,483,1.0,0.9729758362931202
20261103,Target-interpolated-full-1,interpolated,full,0.3,44,419,1.0,0.9722943819879308
20261103,Target-interpolated-full-1,interpolated,full,0.3,45,471,1.0,0.9720079908042698
20261103,Target-interpolated-full-1,interpolated,full,0.3,46,479,1.0,0.9709665389409317
20261103,Target-interpolated-full-1,interpolated,full,0.3,47,435,1.0,0.9708161917255772
20261103,Target-interpolated-full-1,interpolated,full,0.3,48,428,1.0,0.9632476981089857
20261103,Target-interpolated-full-1,interpolated,full,0.3,49,83,0.9999999999999999,0.9719936200314843
20261103,Target-interpolated-full-1,interpolated,full,0.3,50,99,1.0,0.967745457681395
20261103,Target-interpolated-full-2,interpolated,full,0.3,1,487,1.0,0.9853312896884994
20261103,Target-interpolated-full-2,interpolated,full,0.3,2,495,1.0,0.9850987877943045
20261103,Target-interpolated-full-2,interpolated,full,0.3,3,87,1.0,0.9818305724516992
20261103,Target-interpolated-full-2,interpolated,full,0.3,4,491,1.0,0.9801745607583277
20261103,Target-interpolated-full-2,interpolated,full,0.3,5,502,1.0,0.9800182563051595
20261103,Target-interpolated-full-2,interpolated,full,0.3,6,499,1.0,0.9758434633217383
20261103,Target-interpolated-full-2,interpolated,full,0.3,7,79,1.0,0.9742399828062068
20261103,Target-interpolated-full-2,interpolated,full,0.3,8,187,1.0,0.9733884698613895
20261103,Target-interpolated-full-2,interpolated,full,0.3,9,292,1.0,0.9579671145957582
20261103,Target-interpolated-full-2,interpolated,full,0.3,10,385,1.0,0.8911710245368362
20261103,Target-interpolated-full-2,interpolated,full,0.3,11,195,1.0,0.9729481348808535
20261103,Target-interpolated-full-2,interpolated,full,0.3,12,83,1.0,0.9719939711308789
20261103,Target-interpolated-full-2,interpolated,full,0.3,13,99,1.0,0.9677463035388425
20261103,Target-interpolated-full-2,interpolated,full,0.3,14,27,1.0,0.9677077381726018
20261103,Target-interpolated-full-2,interpolated,full,0.3,15,75,1.0,0.967671725565201
20261103,Target-interpolated-full-2,interpolated,full,0.3,16,91,1.0,0.9667924748004239
20261103,Target-interpolated-full-2,interpolated,full,0.3,17,534,1.0,0.9583820454264214
20261103,Target-interpolated-full-2,interpolated,full,0.3,18,71,1.0,0.9026514055159403
20261103,Target-interpolated-full-2,interpolated,full,0.3,19,296,1.0,0.8993059894521349
20261103,Target-interpolated-full-2,interpolated,full,0.3,20,288,1.0,0.9020500210490117
20261103,Target-interpolated-full-2,interpolated,full,0.3,21,272,1.0,0.9055724946023513
20261103,Target-interpolated-full-2,interpolated,full,0.3,22,389,1.0,0.8971967151713145
20261103,Target-interpolated-full-2,interpolated,full,0.3,23,393,1.0,0.9039223618219596
20261103,Target-interpolated-full-2,interpolated,full,0.3,24,526,1.0,0.8942500599929855
20261103,Target-interpolated-full-2,interpolated,full,0.3,25,518,1.0,0.8762383198895101
20261103,Target-interpolated-full-2,interpolated,full,0.3,26,570,1.0,0.8500000000000001
20261103,Target-interpolated-full-2,interpolated,full,0.3,27,574,1.0,0.8500000000000001
20261103,Target-interpolated-full-2,interpolated,full,0.3,28,578,1.0,0.8500000000000001
20261103,Target-interpolated-full-2,interpolated,full,0.3,29,582,1.0,0.8500000000000001
20261103,Target-interpolated-full-2,interpolated,full,0.3,30,586,1.0,0.8500000000000001
20261103,Target-interpolated-full-2,interpolated,full,0.3,31,588,1.0,0.8500000000000001
20261103,Target-interpolated-full-2,interpolated,full,0.3,32,590,1.0,0.8500000000000001
20261103,Target-interpolated-full-2,interpolated,full,0.3,33,592,1.0,0.8500000000000001
20261103,Target-interpolated-full-2,interpolated,full,0.3,34,594,1.0,0.8500000000000001
20261103,Target-interpolated-full-2,interpolated,full,0.3,35,596,1.0,0.8500000000000001
20261103,Target-interpolated-full-2,interpolated,full,0.3,36,598,1.0,0.8500000000000001
20261103,Target-interpolated-full-2,interpolated,full,0.3,37,286,1.0,0.8499999999999999
20261103,Target-interpolated-full-2,interpolated,full,0.3,38,294,1.0,0.8499999999999999
20261103,Target-interpolated-full-2,interpolated,full,0.3,39,298,1.0,0.8499999999999999
20261103,Target-interpolated-full-2,interpolated,full,0.3,40,513,1.0,0.8102606838173194
20261103,Target-interpolated-full-2,interpolated,full,0.3,41,529,1.0,0.6568008871235244
20261103,Target-interpolated-full-2,interpolated,full,0.3,42,290,1.0,0.6375
20261103,Target-interpolated-full-2,interpolated,full,0.3,43,475,0.9999999999999999,0.9757220473407076
20261103,Target-interpolated-full-2,interpolated,full,0.3,44,483,1.0,0.9729758362931202
20261103,Target-interpolated-full-2,interpolated,full,0.3,45,419,1.0,0.9722943819879308
20261103,Target-interpolated-full-2,interpolated,full,0.3,46,191,0.9999999999999999,0.9692176043245762
20261103,Target-interpolated-full-2,interpolated,full,0.3,47,199,0.9999999999999999,0.9638626140979851
20261103,Target-interpolated-full-2,interpolated,full,0.3,48,183,1.0,0.9634016155629559
20261103,Target-interpolated-full-2,interpolated,full,0.3,49,175,1.0,0.9011520475376473
20261103,Target-interpolated-full-2,interpolated,full,0.3,50,171,1.0,0.910076390051856
20261103,Target-unseen-global-1,unseen,global,0.3,1,487,1.0,0.9853312896884994
20261103,Target-unseen-global-1,unseen,global,0.3,2,495,1.0,0.9850987869208641
20261103,Target-unseen-global-1,unseen,global,0.3,3,87,1.0,0.9818305724516992
20261103,Target-unseen-global-1,unseen,global,0.3,4,491,1.0,0.9801745583495718
20261103,Target-unseen-global-1,unseen,global,0.3,5,502,1.0,0.9800182563051595
20261103,Target-unseen-global-1,unseen,global,0.3,6,499,1.0,0.9758434570968233
20261103,Target-unseen-global-1,unseen,global,0.3,7,475,1.0,0.9757220349443517
20261103,Target-unseen-global-1,unseen,global,0.3,8,187,1.0,0.9733884698613895
20261103,Target-unseen-global-1,unseen,global,0.3,9,292,1.0,0.9579671145957582
20261103,Target-unseen-global-1,unseen,global,0.3,10,385,1.0,0.8911710245368362
20261103,Target-unseen-global-1,unseen,global,0.3,11,79,1.0,0.974239481073056
20261103,Target-unseen-global-1,unseen,global,0.3,12,483,1.0,0.9729758158952239
20261103,Target-unseen-global-1,unseen,global,0.3,13,195,1.0,0.9729351155141722
20261103,Target-unseen-global-1,unseen,global,0.3,14,419,1.0,0.9722942313888423
20261103,Target-unseen-global-1,unseen,global,0.3,15,471,1.0,0.972007285688979
20261103,Target-unseen-global-1,unseen,global,0.3,16,83,1.0,0.9719912983513597
20261103,Target-unseen-global-1,unseen,global,0.3,17,479,1.0,0.970965997179903
20261103,Target-unseen-global-1,unseen,global,0.3,18,435,1.0,0.9708145405253866
20261103,Target-unseen-global-1,unseen,global,0.3,19,191,1.0,0.9691826583502494
20261103,Target-unseen-global-1,unseen,global,0.3,20,99,1.0,0.9677403732397547
20261103,Target-unseen-global-1,unseen,global,0.3,21,27,1.0,0.9676983863067488
20261103,Target-unseen-global-1,unseen,global,0.3,22,75,1.0,0.9676575350996521
20261103,Target-unseen-global-1,unseen,global,0.3,23,91,1.0,0.9667714132051847
20261103,Target-unseen-global-1,unseen,global,0.3,24,199,1.0,0.9638065652798825
20261103,Target-unseen-global-1,unseen,global,0.3,25,428,1.0,0.9632448831454867
20261103,Target-unseen-global-1,unseen,global,0.3,26,403,1.0,0.9606652252542567
20261103,Target-unseen-global-1,unseen,global,0.3,27,534,1.0,0.9583746423423163
20261103,Target-unseen-global-1,unseen,global,0.3,28,485,1.0,0.956042361627334
20261103,Target-unseen-global-1,unseen,global,0.3,29,493,1.0,0.9516886752185809
20261103,Target-unseen-global-1,unseen,global,0.3,30,497,1.0,0.9431317526432443
20261103,Target-unseen-global-1,unseen,global,0.3,31,427,1.0,0.9082893845746975
20261103,Target-unseen-global-1,unseen,global,0.3,32,71,1.0,0.9022549481695503
20261103,Target-unseen-global-1,unseen,global,0.3,33,296,1.0,0.8992273762573144
20261103,Target-unseen-global-1,unseen,global,0.3,34,389,1.0,0.8959651636039184
20261103,Target-unseen-global-1,unseen,global,0.3,35,526,1.0,0.8939151649072028
20261103,Target-unseen-global-1,unseen,global,0.3,36,393,1.0,0.8851448071664818
20261103,Target-unseen-global-1,unseen,global,0.3,37,11,1.0,0.8844863815308025
20261103,Target-unseen-global-1,unseen,global,0.3,38,85,1.0000000000000002,0.8500000000000002
20261103,Target-unseen-global-1,unseen,global,0.3,39,89,1.0000000000000002,0.8500000000000002
20261103,Target-unseen-global-1,unseen,global,0.3,40,93,1.0000000000000002,0.8500000000000002
20261103,Target-unseen-global-1,unseen,global,0.3,41,95,1.0000000000000002,0.8500000000000002
20261103,Target-unseen-global-1,unseen,global,0.3,42,97,1.0000000000000002,0.8500000000000002
20261103,Target-unseen-global-1,unseen,global,0.3,43,36,1.0000000000000002,0.8215081140138641
20261103,Target-unseen-global-1,unseen,global,0.3,44,288,1.0,0.8840621445643582
20261103,Target-unseen-global-1,unseen,global,0.3,45,518,1.0,0.8768211503756858
20261103,Target-unseen-global-1,unseen,global,0.3,46,489,1.0,0.8725757463441681
20261103,Target-unseen-global-1,unseen,global,0.3,47,473,1.0000000000000002,0.8568594295486933
20261103,Target-unseen-global-1,unseen,global,0.3,48,397,1.0,0.8684190085082046
20261103,Target-unseen-global-1,unseen,global,0.3,49,272,1.0,0.8680528586104888
20261103,Target-unseen-global-1,unseen,global,0.3,50,286,1.0,0.8500000000000001
20261103,Target-unseen-global-2,unseen,global,0.3,1,487,1.0,0.9853312896884994
20261103,Target-unseen-global-2,unseen,global,0.3,2,495,1.0,0.9850987869208641
20261103,Target-unseen-global-2,unseen,global,0.3,3,87,1.0,0.9818305724516992
20261103,Target-unseen-global-2,unseen,global,0.3,4,491,1.0,0.9801745583495718
20261103,Target-unseen-global-2,unseen,global,0.3,5,502,1.0,0.9800182563051595
20261103,Target-unseen-global-2,unseen,global,0.3,6,534,1.0000000000000002,0.9583838859801124
20261103,Target-unseen-global-2,unseen,global,0.3,7,499,1.0,0.9758434570968233
20261103,Target-unseen-global-2,unseen,global,0.3,8,187,1.0,0.9733884698613895
20261103,Target-unseen-global-2,unseen,global,0.3,9,292,1.0,0.9579671145957582
20261103,Target-unseen-global-2,unseen,global,0.3,10,385,1.0,0.8911710245368362
20261103,Target-unseen-global-2,unseen,global,0.3,11,475,1.0,0.9757220349443517
20261103,Target-unseen-global-2,unseen,global,0.3,12,483,1.0,0.9729758158952239
20261103,Target-unseen-global-2,unseen,global,0.3,13,195,1.0,0.9729439148164218
20261103,Target-unseen-global-2,unseen,global,0.3,14,419,1.0,0.9722942313888423
20261103,Target-unseen-global-2,unseen,global,0.3,15,471,1.0,0.972007285688979
20261103,Target-unseen-global-2,unseen,global,0.3,16,479,1.0,0.970965997179903
20261103,Target-unseen-global-2,unseen,global,0.3,17,435,1.0,0.9708145405253866
20261103,Target-unseen-global-2,unseen,global,0.3,18,191,1.0,0.9692043413178535
20261103,Target-unseen-global-2,unseen,global,0.3,19,199,1.0,0.9638398928026992
20261103,Target-unseen-global-2,unseen,global,0.3,20,183,1.0,0.9633590638464146
20261103,Target-unseen-global-2,unseen,global,0.3,21,428,1.0,0.9632448831454867
20261103,Target-unseen-global-2,unseen,global,0.3,22,403,1.0,0.9606652252542567
20261103,Target-unseen-global-2,unseen,global,0.3,23,485,1.0,0.956042361627334
20261103,Target-unseen-global-2,unseen,global,0.3,24,493,1.0,0.9516886752185809
20261103,Target-unseen-global-2,unseen,global,0.3,25,497,1.0,0.9431317526432443
20261103,Target-unseen-global-2,unseen,global,0.3,26,427,1.0,0.9082893845746975
20261103,Target-unseen-global-2,unseen,global,0.3,27,175,1.0,0.900657410076142
20261103,Target-unseen-global-2,unseen,global,0.3,28,171,1.0,0.9081677990120561
20261103,Target-unseen-global-2,unseen,global,0.3,29,179,1.0,0.9116070416846338
20261103,Target-unseen-global-2,unseen,global,0.3,30,296,1.0,0.8992273762573144
20261103,Target-unseen-global-2,unseen,global,0.3,31,389,1.0,0.8959141971694764
20261103,Target-unseen-global-2,unseen,global,0.3,32,526,1.0,0.8943120151995874
20261103,Target-unseen-global-2,unseen,global,0.3,33,393,1.0,0.8850023922061877
20261103,Target-unseen-global-2,unseen,global,0.3,34,397,1.0,0.8866898332051327
20261103,Target-unseen-global-2,unseen,global,0.3,35,288,1.0,0.8840621445643582
20261103,Target-unseen-global-2,unseen,global,0.3,36,518,1.0,0.8761507993724842
20261103,Target-unseen-global-2,unseen,global,0.3,37,489,1.0,0.8725757463441681
20261103,Target-unseen-global-2,unseen,global,0.3,38,272,1.0,0.8679744505652343
20261103,Target-unseen-global-2,unseen,global,0.3,39,286,1.0000000000000002,0.8500000000000001
20261103,Target-unseen-global-2,unseen,global,0.3,40,294,1.0000000000000002,0.8500000000000001
20261103,Target-unseen-global-2,unseen,global,0.3,41,298,1.0000000000000002,0.8500000000000001
20261103,Target-unseen-global-2,unseen,global,0.3,42,290,1.0000000000000002,0.6375
20261103,Target-unseen-global-2,unseen,global,0.3,43,473,1.0,0.8568083459668658
20261103,Target-unseen-global-2,unseen,global,0.3,44,570,1.0,0.85
20261103,Target-unseen-global-2,unseen,global,0.3,45,574,1.0,0.85
20261103,Target-unseen-global-2,unseen,global,0.3,46,578,1.0,0.85
20261103,Target-unseen-global-2,unseen,global,0.3,47,582,1.0,0.85
20261103,Target-unseen-global-2,unseen,global,0.3,48,586,1.0,0.85
20261103,Target-unseen-global-2,unseen,global,0.3,49,588,1.0,0.85
20261103,Target-unseen-global-2,unseen,global,0.3,50,590,1.0,0.85
20261103,Target-unseen-partial-1,unseen,partial,0.3,1,487,1.0,0.9853312896884994
20261103,Target-unseen-partial-1,unseen,partial,0.3,2,87,1.0,0.9818305724516992
20261103,Target-unseen-partial-1,unseen,partial,0.3,3,502,1.0,0.9800182563051595
20261103,Target-unseen-partial-1,unseen,partial,0.3,4,79,1.0,0.9742398347857467
20261103,Target-unseen-partial-1,unseen,partial,0.3,5,187,1.0,0.9733884698613895
20261103,Target-unseen-partial-1,unseen,partial,0.3,6,195,1.0,0.9729441784810231
20261103,Target-unseen-partial-1,unseen,partial,0.3,7,83,1.0,0.9719931983653973
20261103,Target-unseen-partial-1,unseen,partial,0.3,8,191,1.0,0.9692087812681403
20261103,Target-unseen-partial-1,unseen,partial,0.3,9,292,1.0,0.9579671145957582
20261103,Target-unseen-partial-1,unseen,partial,0.3,10,385,1.0,0.8911710245368362
20261103,Target-unseen-partial-1,unseen,partial,0.3,11,389,1.0000000000000002,0.8961361300399382
20261103,Target-unseen-partial-1,unseen,partial,0.3,12,99,1.0,0.9677445866703501
20261103,Target-unseen-partial-1,unseen,partial,0.3,13,27,1.0,0.9677049638048945
20261103,Target-unseen-partial-1,unseen,partial,0.3,14,199,1.0,0.9638474326201628
20261103,Target-unseen-partial-1,unseen,partial,0.3,15,183,1.0,0.9633729418855187
20261103,Target-unseen-partial-1,unseen,partial,0.3,16,534,1.0,0.9583836589584922
20261103,Target-unseen-partial-1,unseen,partial,0.3,17,393,1.0,0.9019511867180321
20261103,Target-unseen-partial-1,unseen,partial,0.3,18,175,1.0,0.9008179251074413
20261103,Target-unseen-partial-1,unseen,partial,0.3,19,171,1.0,0.9088328354571307
20261103,Target-unseen-partial-1,unseen,partial,0.3,20,526,1.0,0.8943283896235927
20261103,Target-unseen-partial-1,unseen,partial,0.3,21,518,1.0,0.8698983009563072
20261103,Target-unseen-partial-1,unseen,partial,0.3,22,570,1.0,0.85
20261103,Target-unseen-partial-1,unseen,partial,0.3,23,574,1.0,0.85
20261103,Target-unseen-partial-1,unseen,partial,0.3,24,578,1.0,0.85
20261103,Target-unseen-partial-1,unseen,partial,0.3,25,582,1.0,0.85
20261103,Target-unseen-partial-1,unseen,partial,0.3,26,586,1.0,0.85
20261103,Target-unseen-partial-1,unseen,partial,0.3,27,588,1.0,0.85
20261103,Target-unseen-partial-1,unseen,partial,0.3,28,590,1.0,0.85
20261103,Target-unseen-partial-1,unseen,partial,0.3,29,592,1.0,0.85
20261103,Target-unseen-partial-1,unseen,partial,0.3,30,594,1.0,0.85
20261103,Target-unseen-partial-1,unseen,partial,0.3,31,596,1.0,0.85
20261103,Target-unseen-partial-1,unseen,partial,0.3,32,598,1.0,0.85
20261103,Target-unseen-partial-1,unseen,partial,0.3,33,513,1.0,0.8309903378102863
20261103,Target-unseen-partial-1,unseen,partial,0.3,34,529,1.0,0.6598958168536485
20261103,Target-unseen-partial-1,unseen,partial,0.3,35,572,1.0,0.6375
20261103,Target-unseen-partial-1,unseen,partial,0.3,36,580,1.0,0.6375
20261103,Target-unseen-partial-1,unseen,partial,0.3,37,584,1.0,0.6375
20261103,Target-unseen-partial-1,unseen,partial,0.3,38,495,0.9999999999999999,0.9850987873775838
20261103,Target-unseen-partial-1,unseen,partial,0.3,39,491,0.9999999999999999,0.9801745596079701
20261103,Target-unseen-partial-1,unseen,partial,0.3,40,499,1.0,0.9758434603509213
20261103,Target-unseen-partial-1,unseen,partial,0.3,41,475,1.0,0.9757220414294893
20261103,Target-unseen-partial-1,unseen,partial,0.3,42,483,1.0,0.9729758258896137
20261103,Target-unseen-partial-1,unseen,partial,0.3,43,419,1.0,0.9722943066394253
20261103,Target-unseen-partial-1,unseen,partial,0.3,44,471,1.0,0.9720076846637073
20261103,Target-unseen-partial-1,unseen,partial,0.3,45,479,1.0,0.9709662967409852
20261103,Target-unseen-partial-1,unseen,partial,0.3,46,435,1.0,0.9708154363255244
20261103,Target-unseen-partial-1,unseen,partial,0.3,47,428,1.0,0.9632464503745133
20261103,Target-unseen-partial-1,unseen,partial,0.3,48,403,1.0,0.9606663139638421
20261103,Target-unseen-partial-1,unseen,partial,0.3,49,485,1.0,0.9560442732537643
20261103,Target-unseen-partial-1,unseen,partial,0.3,50,493,1.0,0.951691459541977
20261103,Target-unseen-partial-2,unseen,partial,0.3,1,487,1.0,0.9853312896884994
20261103,Target-unseen-partial-2,unseen,partial,0.3,2,495,1.0,0.9850987864964427
20261103,Target-unseen-partial-2,unseen,partial,0.3,3,87,1.0,0.9818305724516992
20261103,Target-unseen-partial-2,unseen,partial,0.3,4,491,1.0,0.9801745571823819
20261103,Target-unseen-partial-2,unseen,partial,0.3,5,502,1.0,0.9800182563051595
20261103,Target-unseen-partial-2,unseen,partial,0.3,6,79,1.0,0.9742400601855639
20261103,Target-unseen-partial-2,unseen,partial,0.3,7,187,1.0,0.9733884698613895
20261103,Target-unseen-partial-2,unseen,partial,0.3,8,195,1.0,0.9729495470617665
20261103,Target-unseen-partial-2,unseen,partial,0.3,9,292,1.0,0.9579671145957582
20261103,Target-unseen-partial-2,unseen,partial,0.3,10,385,1.0,0.8911710245368362
20261103,Target-unseen-partial-2,unseen,partial,0.3,11,83,1.0,0.9719944344321481
20261103,Target-unseen-partial-2,unseen,partial,0.3,12,191,1.0,0.9692188270837934
20261103,Target-unseen-partial-2,unseen,partial,0.3,13,99,1.0,0.9677472671829089
20261103,Target-unseen-partial-2,unseen,partial,0.3,14,27,1.0,0.9677091546341934
20261103,Target-unseen-partial-2,unseen,partial,0.3,15,75,1.0,0.9676734849621448
20261103,Target-unseen-partial-2,unseen,partial,0.3,16,91,1.0,0.9667946938514886
20261103,Target-unseen-partial-2,unseen,partial,0.3,17,199,1.0,0.9638640096589086
20261103,Target-unseen-partial-2,unseen,partial,0.3,18,183,1.0,0.9634042967862726
20261103,Target-unseen-partial-2,unseen,partial,0.3,19,534,1.0,0.9583675398305145
20261103,Target-unseen-partial-2,unseen,partial,0.3,20,71,1.0,0.9026777234780317
20261103,Target-unseen-partial-2,unseen,partial,0.3,21,11,1.0,0.9041585147044678
20261103,Target-unseen-partial-2,unseen,partial,0.3,22,175,1.0,0.9011814177466508
20261103,Target-unseen-partial-2,unseen,partial,0.3,23,171,1.0,0.9099528807060622
20261103,Target-unseen-partial-2,unseen,partial,0.3,24,179,1.0,0.914695039412454
20261103,Target-unseen-partial-2,unseen,partial,0.3,25,296,1.0,0.8981350759824829
20261103,Target-unseen-partial-2,unseen,partial,0.3,26,288,1.0,0.882614603377433
20261103,Target-unseen-partial-2,unseen,partial,0.3,27,389,1.0,0.878989925103326
20261103,Target-unseen-partial-2,unseen,partial,0.3,28,36,1.0,0.869414691940626
20261103,Target-unseen-partial-2,unseen,partial,0.3,29,393,1.0,0.8667804633161027
20261103,Target-unseen-partial-2,unseen,partial,0.3,30,272,1.0,0.8661027232720024
20261103,Target-unseen-partial-2,unseen,partial,0.3,31,286,1.0,0.85
20261103,Target-unseen-partial-2,unseen,partial,0.3,32,294,1.0,0.85
20261103,Target-unseen-partial-2,unseen,partial,0.3,33,298,1.0,0.85
20261103,Target-unseen-partial-2,unseen,partial,0.3,34,387,1.0,0.85
20261103,Target-unseen-partial-2,unseen,partial,0.3,35,395,1.0,0.85
20261103,Target-unseen-partial-2,unseen,partial,0.3,36,85,1.0,0.8499999999999999
20261103,Target-unseen-partial-2,unseen,partial,0.3,37,89,1.0,0.8499999999999999
20261103,Target-unseen-partial-2,unseen,partial,0.3,38,93,1.0,0.8499999999999999
20261103,Target-unseen-partial-2,unseen,partial,0.3,39,95,1.0,0.8499999999999999
20261103,Target-unseen-partial-2,unseen,partial,0.3,40,97,1.0,0.8499999999999999
20261103,Target-unseen-partial-2,unseen,partial,0.3,41,397,1.0,0.8478967635681189
20261103,Target-unseen-partial-2,unseen,partial,0.3,42,185,1.0,0.6619993631149972
20261103,Target-unseen-partial-2,unseen,partial,0.3,43,193,1.0,0.6539326874820914
20261103,Target-unseen-partial-2,unseen,partial,0.3,44,399,1.0,0.6528504173794347
20261103,Target-unseen-partial-2,unseen,partial,0.3,45,290,1.0,0.6375
20261103,Target-unseen-partial-2,unseen,partial,0.3,46,391,1.0,0.6375
20261103,Target-unseen-partial-2,unseen,partial,0.3,47,499,0.9999999999999999,0.9758434540745977
20261103,Target-unseen-partial-2,unseen,partial,0.3,48,475,1.0,0.9757220289116946
20261103,Target-unseen-partial-2,unseen,partial,0.3,49,483,1.0,0.9729758066075912
20261103,Target-unseen-partial-2,unseen,partial,0.3,50,419,1.0,0.9722941613586642
20261103,Target-unseen-full-1,unseen,full,0.3,1,487,1.0,0.9853312896884994
20261103,Target-unseen-full-1,unseen,full,0.3,2,495,1.0,0.9850987876223489
20261103,Target-unseen-full-1,unseen,full,0.3,3,87,1.0,0.9818305724516992
20261103,Target-unseen-full-1,unseen,full,0.3,4,491,1.0,0.9801745602833926
20261103,Target-unseen-full-1,unseen,full,0.3,5,502,1.0,0.9800182563051595
20261103,Target-unseen-full-1,unseen,full,0.3,6,499,1.0,0.9758434620956616
20261103,Target-unseen-full-1,unseen,full,0.3,7,475,1.0,0.9757220449021893
20261103,Target-unseen-full-1,unseen,full,0.3,8,187,1.0,0.9733884698613895
20261103,Target-unseen-full-1,unseen,full,0.3,9,292,1.0,0.9579671145957582
20261103,Target-unseen-full-1,unseen,full,0.3,10,385,1.0,0.8911710245368362
20261103,Target-unseen-full-1,unseen,full,0.3,11,483,1.0000000000000002,0.9729758313882271
20261103,Target-unseen-full-1,unseen,full,0.3,12,79,1.0,0.9742398347857467
20261103,Target-unseen-full-1,unseen,full,0.3,13,419,1.0,0.9722943476739612
20261103,Target-unseen-full-1,unseen,full,0.3,14,471,1.0,0.9720078695448057
20261103,Target-unseen-full-1,unseen,full,0.3,15,83,1.0,0.9719931983653973
20261103,Target-unseen-full-1,unseen,full,0.3,16,479,1.0,0.9709664428436151
20261103,Target-unseen-full-1,unseen,full,0.3,17,99,1.0,0.9677445866703501
20261103,Target-unseen-full-1,unseen,full,0.3,18,27,1.0,0.9677049638048945
20261103,Target-unseen-full-1,unseen,full,0.3,19,534,1.0,0.9583675398305145
20261103,Target-unseen-full-1,unseen,full,0.3,20,296,1.0,0.8992273762573144
20261103,Target-unseen-full-1,unseen,full,0.3,21,389,1.0,0.8960642330186518
20261103,Target-unseen-full-1,unseen,full,0.3,22,393,1.0,0.8854215865750317
20261103,Target-unseen-full-1,unseen,full,0.3,23,397,1.0,0.887290442533794
20261103,Target-unseen-full-1,unseen,full,0.3,24,288,1.0,0.8840621445643582
20261103,Target-unseen-full-1,unseen,full,0.3,25,272,1.0,0.8679744505652343
20261103,Target-unseen-full-1,unseen,full,0.3,26,286,1.0000000000000002,0.8500000000000001
20261103,Target-unseen-full-1,unseen,full,0.3,27,294,1.0000000000000002,0.8500000000000001
20261103,Target-unseen-full-1,unseen,full,0.3,28,298,1.0000000000000002,0.8500000000000001
20261103,Target-unseen-full-1,unseen,full,0.3,29,290,1.0000000000000002,0.6375
20261103,Target-unseen-full-1,unseen,full,0.3,30,195,0.9999999999999999,0.9729420998271565
20261103,Target-unseen-full-1,unseen,full,0.3,31,435,0.9999999999999999,0.9708158914247929
20261103,Target-unseen-full-1,unseen,full,0.3,32,428,1.0,0.9632472043457361
20261103,Target-unseen-full-1,unseen,full,0.3,33,403,1.0,0.9606669373961505
20261103,Target-unseen-full-1,unseen,full,0.3,34,485,1.0,0.9560453976220689
20261103,Target-unseen-full-1,unseen,full,0.3,35,493,1.0,0.9516930535844514
20261103,Target-unseen-full-1,unseen,full,0.3,36,497,1.0,0.9431392186793153
20261103,Target-unseen-full-1,unseen,full,0.3,37,427,1.0,0.9084587677735522
20261103,Target-unseen-full-1,unseen,full,0.3,38,473,1.0,0.8769008647263012
20261103,Target-unseen-full-1,unseen,full,0.3,39,489,1.0,0.8772343848537913
20261103,Target-unseen-full-1,unseen,full,0.3,40,191,0.9999999999999999,0.9692038614813547
20261103,Target-unseen-full-1,unseen,full,0.3,41,199,1.0,0.963839458612658
20261103,Target-unseen-full-1,unseen,full,0.3,42,183,1.0,0.9633589969633853
20261103,Target-unseen-full-1,unseen,full,0.3,43,175,1.0,0.9006659970712858
20261103,Target-unseen-full-1,unseen,full,0.3,44,171,1.0,0.9082939959829253
20261103,Target-unseen-full-1,unseen,full,0.3,45,179,1.0,0.9118301667072395
20261103,Target-unseen-full-1,unseen,full,0.3,46,185,1.0,0.6614316412653141
20261103,Target-unseen-full-1,unseen,full,0.3,47,193,1.0,0.6519948831872004
20261103,Target-unseen-full-1,unseen,full,0.3,48,75,0.9999999999999999,0.9676673915221996
20261103,Target-unseen-full-1,unseen,full,0.3,49,91,1.0,0.9667860250928721
20261103,Target-unseen-full-1,unseen,full,0.3,50,71,1.0,0.9025287246636462
20261103,Target-unseen-full-2,unseen,full,0.3,1,487,1.0,0.9853312896884994
20261103,Target-unseen-full-2,unseen,full,0.3,2,495,1.0,0.9850987864964427
20261103,Target-unseen-full-2,unseen,full,0.3,3,87,1.0,0.9818305724516992
20261103,Target-unseen-full-2,unseen,full,0.3,4,491,1.0,0.9801745571823819
20261103,Target-unseen-full-2,unseen,full,0.3,5,502,1.0,0.9800182563051595
20261103,Target-unseen-full-2,unseen,full,0.3,6,534,1.0000000000000002,0.9583838859801124
20261103,Target-unseen-full-2,unseen,full,0.3,7,79,1.0,0.974239481073056
20261103,Target-unseen-full-2,unseen,full,0.3,8,187,1.0,0.9733884698613895
20261103,Target-unseen-full-2,unseen,full,0.3,9,292,1.0,0.9579671145957582
20261103,Target-unseen-full-2,unseen,full,0.3,10,385,1.0,0.8911710245368362
20261103,Target-unseen-full-2,unseen,full,0.3,11,195,1.0,0.9729407394080619
20261103,Target-unseen-full-2,unseen,full,0.3,12,83,1.0,0.9719912983513597
20261103,Target-unseen-full-2,unseen,full,0.3,13,191,1.0,0.969198284175016
20261103,Target-unseen-full-2,unseen,full,0.3,14,99,1.0,0.9677403732397547
20261103,Target-unseen-full-2,unseen,full,0.3,15,27,1.0,0.9676983863067488
20261103,Target-unseen-full-2,unseen,full,0.3,16,75,1.0,0.9676575350996521
20261103,Target-unseen-full-2,unseen,full,0.3,17,91,1.0,0.9667714132051847
20261103,Target-unseen-full-2,unseen,full,0.3,18,199,1.0,0.9638301923146032
20261103,Target-unseen-full-2,unseen,full,0.3,19,183,1.0,0.9633422125514717
20261103,Target-unseen-full-2,unseen,full,0.3,20,71,1.0,0.9022549481695503
20261103,Target-unseen-full-2,unseen,full,0.3,21,296,1.0,0.8992484441049836
20261103,Target-unseen-full-2,unseen,full,0.3,22,288,1.0,0.9006861933902781
20261103,Target-unseen-full-2,unseen,full,0.3,23,272,1.0,0.9029677030554389
20261103,Target-unseen-full-2,unseen,full,0.3,24,389,1.0,0.8961596539059202
20261103,Target-unseen-full-2,unseen,full,0.3,25,393,1.0,0.9019971205312801
20261103,Target-unseen-full-2,unseen,full,0.3,26,397,1.0,0.9034662333512943
20261103,Target-unseen-full-2,unseen,full,0.3,27,526,1.0,0.8943120151995874
20261103,Target-unseen-full-2,unseen,full,0.3,28,11,1.0,0.8844863815308025
20261103,Target-unseen-full-2,unseen,full,0.3,29,85,1.0000000000000002,0.8500000000000002
20261103,Target-unseen-full-2,unseen,full,0.3,30,89,1.0000000000000002,0.8500000000000002
20261103,Target-unseen-full-2,unseen,full,0.3,31,93,1.0000000000000002,0.8500000000000002
20261103,Target-unseen-full-2,unseen,full,0.3,32,95,1.0000000000000002,0.8500000000000002
20261103,Target-unseen-full-2,unseen,full,0.3,33,97,1.0000000000000002,0.8500000000000002
20261103,Target-unseen-full-2,unseen,full,0.3,34,36,1.0000000000000002,0.8215081140138641
20261103,Target-unseen-full-2,unseen,full,0.3,35,518,1.0,0.8761507993724842
20261103,Target-unseen-full-2,unseen,full,0.3,36,570,1.0,0.85
20261103,Target-unseen-full-2,unseen,full,0.3,37,574,1.0,0.85
20261103,Target-unseen-full-2,unseen,full,0.3,38,578,1.0,0.85
20261103,Target-unseen-full-2,unseen,full,0.3,39,582,1.0,0.85
20261103,Target-unseen-full-2,unseen,full,0.3,40,586,1.0,0.85
20261103,Target-unseen-full-2,unseen,full,0.3,41,588,1.0,0.85
20261103,Target-unseen-full-2,unseen,full,0.3,42,590,1.0,0.85
20261103,Target-unseen-full-2,unseen,full,0.3,43,592,1.0,0.85
20261103,Target-unseen-full-2,unseen,full,0.3,44,594,1.0,0.85
20261103,Target-unseen-full-2,unseen,full,0.3,45,596,1.0,0.85
20261103,Target-unseen-full-2,unseen,full,0.3,46,598,1.0,0.85
20261103,Target-unseen-full-2,unseen,full,0.3,47,513,1.0,0.8106120992840913
20261103,Target-unseen-full-2,unseen,full,0.3,48,529,1.0,0.6626726407891954
20261103,Target-unseen-full-2,unseen,full,0.3,49,572,1.0,0.6375
20261103,Target-unseen-full-2,unseen,full,0.3,50,580,1.0,0.6375
20261117,Target-exact-global-1,exact,global,0.3,1,491,1.0,0.9871290528251784
20261117,Target-exact-global-1,exact,global,0.3,2,499,1.0,0.9864812823042517
20261117,Target-exact-global-1,exact,global,0.3,3,82,1.0,0.984686018451927
20261117,Target-exact-global-1,exact,global,0.3,4,487,1.0,0.9796922587598118
20261117,Target-exact-global-1,exact,global,0.3,5,479,1.0,0.9791411515363473
20261117,Target-exact-global-1,exact,global,0.3,6,483,1.0,0.9763713646596599
20261117,Target-exact-global-1,exact,global,0.3,7,185,1.0,0.9757166552004148
20261117,Target-exact-global-1,exact,global,0.3,8,294,1.0,0.9584092488103373
20261117,Target-exact-global-1,exact,global,0.3,9,535,1.0,0.9136011593933727
20261117,Target-exact-global-1,exact,global,0.3,10,393,1.0,0.8917326685058123
20261117,Target-exact-global-1,exact,global,0.3,11,495,1.0,0.9763159708557494
20261117,Target-exact-global-1,exact,global,0.3,12,98,1.0,0.9757278045660283
20261117,Target-exact-global-1,exact,global,0.3,13,78,1.0,0.9755835136886548
20261117,Target-exact-global-1,exact,global,0.3,14,471,1.0,0.9751535316720796
20261117,Target-exact-global-1,exact,global,0.3,15,90,1.0,0.9728362818225542
20261117,Target-exact-global-1,exact,global,0.3,16,475,1.0,0.9721441144075422
20261117,Target-exact-global-1,exact,global,0.3,17,431,1.0,0.9686031345757908
20261117,Target-exact-global-1,exact,global,0.3,18,415,1.0,0.96174801811135
20261117,Target-exact-global-1,exact,global,0.3,19,489,1.0,0.9571410653536261
20261117,Target-exact-global-1,exact,global,0.3,20,286,1.0,0.9553989391479658
20261117,Target-exact-global-1,exact,global,0.3,21,497,1.0,0.9529217063946523
20261117,Target-exact-global-1,exact,global,0.3,22,493,1.0,0.9281262841284819
20261117,Target-exact-global-1,exact,global,0.3,23,423,1.0,0.9090010314857432
20261117,Target-exact-global-1,exact,global,0.3,24,290,1.0,0.8969964915012437
20261117,Target-exact-global-1,exact,global,0.3,25,298,1.0,0.8873149843011547
20261117,Target-exact-global-1,exact,global,0.3,26,385,1.0,0.8784989866776352
20261117,Target-exact-global-1,exact,global,0.3,27,512,1.0,0.8752676437004048
20261117,Target-exact-global-1,exact,global,0.3,28,282,1.0,0.868254286892614
20261117,Target-exact-global-1,exact,global,0.3,29,397,1.0,0.867563177082462
20261117,Target-exact-global-1,exact,global,0.3,30,389,1.0,0.8544194986484734
20261117,Target-exact-global-1,exact,global,0.3,31,528,1.0,0.8500000000000001
20261117,Target-exact-global-1,exact,global,0.3,32,572,1.0,0.8500000000000001
20261117,Target-exact-global-1,exact,global,0.3,33,576,1.0,0.8500000000000001
20261117,Target-exact-global-1,exact,global,0.3,34,580,1.0,0.8500000000000001
20261117,Target-exact-global-1,exact,global,0.3,35,584,1.0,0.8500000000000001
20261117,Target-exact-global-1,exact,global,0.3,36,586,1.0,0.8500000000000001
20261117,Target-exact-global-1,exact,global,0.3,37,588,1.0,0.8500000000000001
20261117,Target-exact-global-1,exact,global,0.3,38,590,1.0,0.8500000000000001
20261117,Target-exact-global-1,exact,global,0.3,39,592,1.0,0.8500000000000001
20261117,Target-exact-global-1,exact,global,0.3,40,594,1.0,0.8500000000000001
20261117,Target-exact-global-1,exact,global,0.3,41,596,1.0,0.8500000000000001
20261117,Target-exact-global-1,exact,global,0.3,42,598,1.0,0.8500000000000001
20261117,Target-exact-global-1,exact,global,0.3,43,387,1.0,0.85
20261117,Target-exact-global-1,exact,global,0.3,44,395,1.0,0.85
20261117,Target-exact-global-1,exact,global,0.3,45,399,1.0,0.7288536085709354
20261117,Target-exact-global-1,exact,global,0.3,46,391,1.0,0.6992327110991774
20261117,Target-exact-global-1,exact,global,0.3,47,503,1.0,0.6375000000000001
20261117,Target-exact-global-1,exact,global,0.3,48,574,1.0,0.6375000000000001
20261117,Target-exact-global-1,exact,global,0.3,49,578,1.0,0.6375000000000001
20261117,Target-exact-global-1,exact,global,0.3,50,582,1.0,0.6375000000000001
20261117,Target-exact-global-2,exact,global,0.3,1,491,1.0,0.9871290528251784
20261117,Target-exact-global-2,exact,global,0.3,2,499,1.0,0.9864812829351884
20261117,Target-exact-global-2,exact,global,0.3,3,82,1.0,0.984686018451927
20261117,Target-exact-global-2,exact,global,0.3,4,487,1.0,0.9796922608538287
20261117,Target-exact-global-2,exact,global,0.3,5,479,1.0,0.9791411562638364
20261117,Target-exact-global-2,exact,global,0.3,6,483,1.0000000000000002,0.9763713759396141
20261117,Target-exact-global-2,exact,global,0.3,7,185,1.0,0.9757166552004148
20261117,Target-exact-global-2,exact,global,0.3,8,294,1.0,0.9584092488103373
20261117,Target-exact-global-2,exact,global,0.3,9,535,1.0,0.9136011593933727
20261117,Target-exact-global-2,exact,global,0.3,10,393,1.0,0.8917326685058123
20261117,Target-exact-global-2,exact,global,0.3,11,495,1.0,0.976315988654704
20261117,Target-exact-global-2,exact,global,0.3,12,98,1.0,0.9757280372699187
20261117,Target-exact-global-2,exact,global,0.3,13,78,1.0,0.9755847239611314
20261117,Target-exact-global-2,exact,global,0.3,14,471,1.0,0.9751535541055216
20261117,Target-exact-global-2,exact,global,0.3,15,90,1.0,0.9728388102810842
20261117,Target-exact-global-2,exact,global,0.3,16,475,1.0,0.9721441920008609
20261117,Target-exact-global-2,exact,global,0.3,17,197,1.0,0.9702133489919601
20261117,Target-exact-global-2,exact,global,0.3,18,189,1.0,0.9690459906513875
20261117,Target-exact-global-2,exact,global,0.3,19,431,1.0,0.9686037944646051
20261117,Target-exact-global-2,exact,global,0.3,20,86,1.0,0.9682224580112788
20261117,Target-exact-global-2,exact,global,0.3,21,193,1.0,0.9677616030441886
20261117,Target-exact-global-2,exact,global,0.3,22,415,1.0,0.9617499796088382
20261117,Target-exact-global-2,exact,global,0.3,23,489,1.0,0.9571442893170277
20261117,Target-exact-global-2,exact,global,0.3,24,286,1.0,0.9554019774796944
20261117,Target-exact-global-2,exact,global,0.3,25,497,1.0,0.9529264777607609
20261117,Target-exact-global-2,exact,global,0.3,26,493,1.0,0.9281400590195956
20261117,Target-exact-global-2,exact,global,0.3,27,423,1.0,0.9093011054077309
20261117,Target-exact-global-2,exact,global,0.3,28,173,1.0,0.9029900661148371
20261117,Target-exact-global-2,exact,global,0.3,29,181,1.0,0.9119199152704018
20261117,Target-exact-global-2,exact,global,0.3,30,177,1.0,0.919214521394571
20261117,Target-exact-global-2,exact,global,0.3,31,290,1.0,0.8971346948773044
20261117,Target-exact-global-2,exact,global,0.3,32,298,1.0,0.9053328624924042
20261117,Target-exact-global-2,exact,global,0.3,33,282,1.0,0.9059580911511849
20261117,Target-exact-global-2,exact,global,0.3,34,234,1.0,0.9072023132850904
20261117,Target-exact-global-2,exact,global,0.3,35,397,1.0,0.8963400463416173
20261117,Target-exact-global-2,exact,global,0.3,36,385,1.0,0.9049471741744024
20261117,Target-exact-global-2,exact,global,0.3,37,389,1.0,0.9112632165270744
20261117,Target-exact-global-2,exact,global,0.3,38,512,1.0,0.8808796558375114
20261117,Target-exact-global-2,exact,global,0.3,39,528,1.0,0.85
20261117,Target-exact-global-2,exact,global,0.3,40,572,1.0,0.85
20261117,Target-exact-global-2,exact,global,0.3,41,576,1.0,0.85
20261117,Target-exact-global-2,exact,global,0.3,42,580,1.0,0.85
20261117,Target-exact-global-2,exact,global,0.3,43,584,1.0,0.85
20261117,Target-exact-global-2,exact,global,0.3,44,586,1.0,0.85
20261117,Target-exact-global-2,exact,global,0.3,45,588,1.0,0.85
20261117,Target-exact-global-2,exact,global,0.3,46,590,1.0,0.85
20261117,Target-exact-global-2,exact,global,0.3,47,592,1.0,0.85
20261117,Target-exact-global-2,exact,global,0.3,48,594,1.0,0.85
20261117,Target-exact-global-2,exact,global,0.3,49,596,1.0,0.85
20261117,Target-exact-global-2,exact,global,0.3,50,598,1.0,0.85
20261117,Target-exact-partial-1,exact,partial,0.3,1,491,1.0,0.9871290528251784
20261117,Target-exact-partial-1,exact,partial,0.3,2,499,1.0,0.9864812829113185
20261117,Target-exact-partial-1,exact,partial,0.3,3,82,1.0,0.984686018451927
20261117,Target-exact-partial-1,exact,partial,0.3,4,487,1.0,0.9796922607744201
20261117,Target-exact-partial-1,exact,partial,0.3,5,98,1.0,0.9757278045660283
20261117,Target-exact-partial-1,exact,partial,0.3,6,185,1.0,0.9757166552004148
20261117,Target-exact-partial-1,exact,partial,0.3,7,78,1.0,0.9755835136886548
20261117,Target-exact-partial-1,exact,partial,0.3,8,294,1.0,0.9584092488103373
20261117,Target-exact-partial-1,exact,partial,0.3,9,535,1.0,0.9136011593933727
20261117,Target-exact-partial-1,exact,partial,0.3,10,393,1.0,0.8917326685058123
20261117,Target-exact-partial-1,exact,partial,0.3,11,90,1.0,0.9728362818225542
20261117,Target-exact-partial-1,exact,partial,0.3,12,286,1.0,0.9553989391479658
20261117,Target-exact-partial-1,exact,partial,0.3,13,290,1.0,0.8969964915012437
20261117,Target-exact-partial-1,exact,partial,0.3,14,298,1.0,0.8873149843011547
20261117,Target-exact-partial-1,exact,partial,0.3,15,512,1.0,0.8804894594720182
20261117,Target-exact-partial-1,exact,partial,0.3,16,282,1.0,0.868254286892614
20261117,Target-exact-partial-1,exact,partial,0.3,17,528,1.0,0.8499999999999999
20261117,Target-exact-partial-1,exact,partial,0.3,18,572,1.0,0.8499999999999999
20261117,Target-exact-partial-1,exact,partial,0.3,19,576,1.0,0.8499999999999999
20261117,Target-exact-partial-1,exact,partial,0.3,20,580,1.0,0.8499999999999999
20261117,Target-exact-partial-1,exact,partial,0.3,21,584,1.0,0.8499999999999999
20261117,Target-exact-partial-1,exact,partial,0.3,22,586,1.0,0.8499999999999999
20261117,Target-exact-partial-1,exact,partial,0.3,23,588,1.0,0.8499999999999999
20261117,Target-exact-partial-1,exact,partial,0.3,24,590,1.0,0.8499999999999999
20261117,Target-exact-partial-1,exact,partial,0.3,25,592,1.0,0.8499999999999999
20261117,Target-exact-partial-1,exact,partial,0.3,26,594,1.0,0.8499999999999999
20261117,Target-exact-partial-1,exact,partial,0.3,27,596,1.0,0.8499999999999999
20261117,Target-exact-partial-1,exact,partial,0.3,28,598,1.0,0.8499999999999999
20261117,Target-exact-partial-1,exact,partial,0.3,29,503,1.0,0.6375
20261117,Target-exact-partial-1,exact,partial,0.3,30,574,1.0,0.6375
20261117,Target-exact-partial-1,exact,partial,0.3,31,578,1.0,0.6375
20261117,Target-exact-partial-1,exact,partial,0.3,32,582,1.0,0.6375
20261117,Target-exact-partial-1,exact,partial,0.3,33,479,0.9999999999999999,0.9791411560850607
20261117,Target-exact-partial-1,exact,partial,0.3,34,483,1.0,0.9763713755125676
20261117,Target-exact-partial-1,exact,partial,0.3,35,495,1.0,0.9763159878607814
20261117,Target-exact-partial-1,exact,partial,0.3,36,471,1.0,0.9751535531439706
20261117,Target-exact-partial-1,exact,partial,0.3,37,475,1.0,0.9721441887464992
20261117,Target-exact-partial-1,exact,partial,0.3,38,431,1.0,0.9686037656413882
20261117,Target-exact-partial-1,exact,partial,0.3,39,415,1.0,0.9617499254612716
20261117,Target-exact-partial-1,exact,partial,0.3,40,489,1.0,0.9571441941153025
20261117,Target-exact-partial-1,exact,partial,0.3,41,497,1.0,0.9529263326380095
20261117,Target-exact-partial-1,exact,partial,0.3,42,493,1.0,0.9281396301280183
20261117,Target-exact-partial-1,exact,partial,0.3,43,423,1.0,0.90929169744048
20261117,Target-exact-partial-1,exact,partial,0.3,44,419,1.0,0.9122308623110806
20261117,Target-exact-partial-1,exact,partial,0.3,45,407,1.0,0.9211652370913934
20261117,Target-exact-partial-1,exact,partial,0.3,46,197,0.9999999999999999,0.9701959630001336
20261117,Target-exact-partial-1,exact,partial,0.3,47,189,1.0,0.9689641706989688
20261117,Target-exact-partial-1,exact,partial,0.3,48,193,1.0,0.9676707999805505
20261117,Target-exact-partial-1,exact,partial,0.3,49,173,1.0,0.9017895327161474
20261117,Target-exact-partial-1,exact,partial,0.3,50,181,1.0,0.8896823641447504
20261117,Target-exact-partial-2,exact,partial,0.3,1,491,1.0,0.9871290528251784
20261117,Target-exact-partial-2,exact,partial,0.3,2,499,1.0,0.9864812829113185
20261117,Target-exact-partial-2,exact,partial,0.3,3,82,1.0,0.984686018451927
20261117,Target-exact-partial-2,exact,partial,0.3,4,487,1.0,0.9796922607744201
20261117,Target-exact-partial-2,exact,partial,0.3,5,98,1.0,0.9757280372699187
20261117,Target-exact-partial-2,exact,partial,0.3,6,185,1.0,0.9757166552004148
20261117,Target-exact-partial-2,exact,partial,0.3,7,78,1.0,0.9755847239611314
20261117,Target-exact-partial-2,exact,partial,0.3,8,294,1.0,0.9584092488103373
20261117,Target-exact-partial-2,exact,partial,0.3,9,535,1.0,0.9136011593933727
20261117,Target-exact-partial-2,exact,partial,0.3,10,393,1.0,0.8917326685058123
20261117,Target-exact-partial-2,exact,partial,0.3,11,90,1.0,0.9728388102810842
20261117,Target-exact-partial-2,exact,partial,0.3,12,197,1.0,0.9702133489919601
20261117,Target-exact-partial-2,exact,partial,0.3,13,189,1.0,0.9690459906513875
20261117,Target-exact-partial-2,exact,partial,0.3,14,86,1.0,0.9682224580112788
20261117,Target-exact-partial-2,exact,partial,0.3,15,193,1.0,0.9677616030441886
20261117,Target-exact-partial-2,exact,partial,0.3,16,286,1.0,0.9554018358312607
20261117,Target-exact-partial-2,exact,partial,0.3,17,173,1.0,0.9029900661148371
20261117,Target-exact-partial-2,exact,partial,0.3,18,181,1.0,0.9119199152704018
20261117,Target-exact-partial-2,exact,partial,0.3,19,177,1.0,0.919214521394571
20261117,Target-exact-partial-2,exact,partial,0.3,20,290,1.0,0.897128298758753
20261117,Target-exact-partial-2,exact,partial,0.3,21,298,1.0,0.9052571712226274
20261117,Target-exact-partial-2,exact,partial,0.3,22,282,1.0,0.9059663378523
20261117,Target-exact-partial-2,exact,partial,0.3,23,234,1.0,0.9077004646454261
20261117,Target-exact-partial-2,exact,partial,0.3,24,512,1.0,0.8808796558375114
20261117,Target-exact-partial-2,exact,partial,0.3,25,288,1.0,0.85
20261117,Target-exact-partial-2,exact,partial,0.3,26,292,1.0,0.85
20261117,Target-exact-partial-2,exact,partial,0.3,27,296,1.0,0.85
20261117,Target-exact-partial-2,exact,partial,0.3,28,528,1.0,0.85
20261117,Target-exact-partial-2,exact,partial,0.3,29,572,1.0,0.85
20261117,Target-exact-partial-2,exact,partial,0.3,30,576,1.0,0.85
20261117,Target-exact-partial-2,exact,partial,0.3,31,580,1.0,0.85
20261117,Target-exact-partial-2,exact,partial,0.3,32,584,1.0,0.85
20261117,Target-exact-partial-2,exact,partial,0.3,33,586,1.0,0.85
20261117,Target-exact-partial-2,exact,partial,0.3,34,588,1.0,0.85
20261117,Target-exact-partial-2,exact,partial,0.3,35,590,1.0,0.85
20261117,Target-exact-partial-2,exact,partial,0.3,36,592,1.0,0.85
20261117,Target-exact-partial-2,exact,partial,0.3,37,594,1.0,0.85
20261117,Target-exact-partial-2,exact,partial,0.3,38,596,1.0,0.85
20261117,Target-exact-partial-2,exact,partial,0.3,39,598,1.0,0.85
20261117,Target-exact-partial-2,exact,partial,0.3,40,503,1.0,0.6375
20261117,Target-exact-partial-2,exact,partial,0.3,41,574,1.0,0.6375
20261117,Target-exact-partial-2,exact,partial,0.3,42,578,1.0,0.6375
20261117,Target-exact-partial-2,exact,partial,0.3,43,582,1.0,0.6375
20261117,Target-exact-partial-2,exact,partial,0.3,44,479,0.9999999999999999,0.9791411560850607
20261117,Target-exact-partial-2,exact,partial,0.3,45,483,1.0,0.9763713755125676
20261117,Target-exact-partial-2,exact,partial,0.3,46,495,1.0,0.9763159878607814
20261117,Target-exact-partial-2,exact,partial,0.3,47,471,1.0,0.9751535531439706
20261117,Target-exact-partial-2,exact,partial,0.3,48,475,1.0,0.9721441887464992
20261117,Target-exact-partial-2,exact,partial,0.3,49,431,1.0,0.9686037656413882
20261117,Target-exact-partial-2,exact,partial,0.3,50,415,1.0,0.9617499254612716
20261117,Target-exact-full-1,exact,full,0.3,1,491,1.0,0.9871290528251784
20261117,Target-exact-full-1,exact,full,0.3,2,499,1.0,0.9864812823042517
20261117,Target-exact-full-1,exact,full,0.3,3,82,1.0,0.984686018451927
20261117,Target-exact-full-1,exact,full,0.3,4,487,1.0,0.9796922587598118
20261117,Target-exact-full-1,exact,full,0.3,5,479,1.0,0.9791411515363473
20261117,Target-exact-full-1,exact,full,0.3,6,483,1.0,0.9763713646596599
20261117,Target-exact-full-1,exact,full,0.3,7,185,1.0,0.9757166552004148
20261117,Target-exact-full-1,exact,full,0.3,8,294,1.0,0.9584092488103373
20261117,Target-exact-full-1,exact,full,0.3,9,535,1.0,0.9136011593933727
20261117,Target-exact-full-1,exact,full,0.3,10,393,1.0,0.8917326685058123
20261117,Target-exact-full-1,exact,full,0.3,11,495,1.0,0.9763159708557494
20261117,Target-exact-full-1,exact,full,0.3,12,98,1.0,0.9757278045660283
20261117,Target-exact-full-1,exact,full,0.3,13,78,1.0,0.9755835136886548
20261117,Target-exact-full-1,exact,full,0.3,14,471,1.0,0.9751535316720796
20261117,Target-exact-full-1,exact,full,0.3,15,90,1.0,0.9728362818225542
20261117,Target-exact-full-1,exact,full,0.3,16,475,1.0,0.9721441144075422
20261117,Target-exact-full-1,exact,full,0.3,17,197,1.0,0.9702108060466959
20261117,Target-exact-full-1,exact,full,0.3,18,189,1.0,0.9690371877617818
20261117,Target-exact-full-1,exact,full,0.3,19,431,1.0,0.9686031345757908
20261117,Target-exact-full-1,exact,full,0.3,20,193,1.0,0.967752223975195
20261117,Target-exact-full-1,exact,full,0.3,21,415,1.0,0.96174801811135
20261117,Target-exact-full-1,exact,full,0.3,22,489,1.0,0.9571410653536261
20261117,Target-exact-full-1,exact,full,0.3,23,286,1.0,0.9554019774796944
20261117,Target-exact-full-1,exact,full,0.3,24,497,1.0,0.9529217063946523
20261117,Target-exact-full-1,exact,full,0.3,25,493,1.0,0.9281262841284819
20261117,Target-exact-full-1,exact,full,0.3,26,423,1.0,0.9090010314857432
20261117,Target-exact-full-1,exact,full,0.3,27,173,1.0,0.9028596970266536
20261117,Target-exact-full-1,exact,full,0.3,28,181,1.0,0.9116564558895079
20261117,Target-exact-full-1,exact,full,0.3,29,177,1.0,0.9187883382726534
20261117,Target-exact-full-1,exact,full,0.3,30,290,1.0,0.8971346948773044
20261117,Target-exact-full-1,exact,full,0.3,31,298,1.0,0.9053328624924042
20261117,Target-exact-full-1,exact,full,0.3,32,282,1.0,0.9059580911511849
20261117,Target-exact-full-1,exact,full,0.3,33,234,1.0,0.9072023132850904
20261117,Target-exact-full-1,exact,full,0.3,34,512,1.0,0.8808796558375114
20261117,Target-exact-full-1,exact,full,0.3,35,528,1.0,0.85
20261117,Target-exact-full-1,exact,full,0.3,36,572,1.0,0.85
20261117,Target-exact-full-1,exact,full,0.3,37,576,1.0,0.85
20261117,Target-exact-full-1,exact,full,0.3,38,580,1.0,0.85
20261117,Target-exact-full-1,exact,full,0.3,39,584,1.0,0.85
20261117,Target-exact-full-1,exact,full,0.3,40,586,1.0,0.85
20261117,Target-exact-full-1,exact,full,0.3,41,588,1.0,0.85
20261117,Target-exact-full-1,exact,full,0.3,42,590,1.0,0.85
20261117,Target-exact-full-1,exact,full,0.3,43,592,1.0,0.85
20261117,Target-exact-full-1,exact,full,0.3,44,594,1.0,0.85
20261117,Target-exact-full-1,exact,full,0.3,45,596,1.0,0.85
20261117,Target-exact-full-1,exact,full,0.3,46,598,1.0,0.85
20261117,Target-exact-full-1,exact,full,0.3,47,195,1.0,0.6783115094557216
20261117,Target-exact-full-1,exact,full,0.3,48,191,1.0000000000000002,0.6393070013619315
20261117,Target-exact-full-1,exact,full,0.3,49,199,1.0,0.6375
20261117,Target-exact-full-1,exact,full,0.3,50,503,1.0,0.6375
20261117,Target-exact-full-2,exact,full,0.3,1,491,1.0,0.9871290528251784
20261117,Target-exact-full-2,exact,full,0.3,2,499,1.0,0.9864812829351884
20261117,Target-exact-full-2,exact,full,0.3,3,82,1.0,0.984686018451927
20261117,Target-exact-full-2,exact,full,0.3,4,487,1.0,0.9796922608538287
20261117,Target-exact-full-2,exact,full,0.3,5,479,1.0,0.9791411562638364
20261117,Target-exact-full-2,exact,full,0.3,6,483,1.0000000000000002,0.9763713759396141
20261117,Target-exact-full-2,exact,full,0.3,7,185,1.0,0.9757166552004148
20261117,Target-exact-full-2,exact,full,0.3,8,294,1.0,0.9584092488103373
20261117,Target-exact-full-2,exact,full,0.3,9,535,1.0,0.9136011593933727
20261117,Target-exact-full-2,exact,full,0.3,10,393,1.0,0.8917326685058123
20261117,Target-exact-full-2,exact,full,0.3,11,495,1.0,0.976315988654704
20261117,Target-exact-full-2,exact,full,0.3,12,98,1.0,0.9757280372699187
20261117,Target-exact-full-2,exact,full,0.3,13,78,1.0,0.9755847239611314
20261117,Target-exact-full-2,exact,full,0.3,14,471,1.0,0.9751535541055216
20261117,Target-exact-full-2,exact,full,0.3,15,90,1.0,0.9728388102810842
20261117,Target-exact-full-2,exact,full,0.3,16,475,1.0,0.9721441920008609
20261117,Target-exact-full-2,exact,full,0.3,17,431,1.0,0.9686037944646051
20261117,Target-exact-full-2,exact,full,0.3,18,86,1.0,0.9682224580112788
20261117,Target-exact-full-2,exact,full,0.3,19,415,1.0,0.9617499796088382
20261117,Target-exact-full-2,exact,full,0.3,20,489,1.0,0.9571442893170277
20261117,Target-exact-full-2,exact,full,0.3,21,286,1.0,0.9554018358312607
20261117,Target-exact-full-2,exact,full,0.3,22,497,1.0,0.9529264777607609
20261117,Target-exact-full-2,exact,full,0.3,23,493,1.0,0.9281400590195956
20261117,Target-exact-full-2,exact,full,0.3,24,423,1.0,0.9093011054077309
20261117,Target-exact-full-2,exact,full,0.3,25,290,1.0,0.897128298758753
20261117,Target-exact-full-2,exact,full,0.3,26,298,1.0,0.9052571712226274
20261117,Target-exact-full-2,exact,full,0.3,27,282,1.0,0.9059663378523
20261117,Target-exact-full-2,exact,full,0.3,28,234,1.0,0.9077004646454261
20261117,Target-exact-full-2,exact,full,0.3,29,512,1.0,0.8804894594720182
20261117,Target-exact-full-2,exact,full,0.3,30,385,1.0,0.8784989866776352
20261117,Target-exact-full-2,exact,full,0.3,31,397,1.0,0.867563177082462
20261117,Target-exact-full-2,exact,full,0.3,32,389,1.0,0.8544194986484734
20261117,Target-exact-full-2,exact,full,0.3,33,288,1.0,0.85
20261117,Target-exact-full-2,exact,full,0.3,34,292,1.0,0.85
20261117,Target-exact-full-2,exact,full,0.3,35,296,1.0,0.85
20261117,Target-exact-full-2,exact,full,0.3,36,387,1.0,0.85
20261117,Target-exact-full-2,exact,full,0.3,37,395,1.0,0.85
20261117,Target-exact-full-2,exact,full,0.3,38,528,1.0,0.8499999999999999
20261117,Target-exact-full-2,exact,full,0.3,39,572,1.0,0.8499999999999999
20261117,Target-exact-full-2,exact,full,0.3,40,576,1.0,0.8499999999999999
20261117,Target-exact-full-2,exact,full,0.3,41,580,1.0,0.8499999999999999
20261117,Target-exact-full-2,exact,full,0.3,42,584,1.0,0.8499999999999999
20261117,Target-exact-full-2,exact,full,0.3,43,586,1.0,0.8499999999999999
20261117,Target-exact-full-2,exact,full,0.3,44,588,1.0,0.8499999999999999
20261117,Target-exact-full-2,exact,full,0.3,45,590,1.0,0.8499999999999999
20261117,Target-exact-full-2,exact,full,0.3,46,592,1.0,0.8499999999999999
20261117,Target-exact-full-2,exact,full,0.3,47,594,1.0,0.8499999999999999
20261117,Target-exact-full-2,exact,full,0.3,48,596,1.0,0.8499999999999999
20261117,Target-exact-full-2,exact,full,0.3,49,598,1.0,0.8499999999999999
20261117,Target-exact-full-2,exact,full,0.3,50,399,1.0,0.7288536085709354
20261117,Target-interpolated-global-1,interpolated,global,0.3,1,491,1.0,0.9871290528251784
20261117,Target-interpolated-global-1,interpolated,global,0.3,2,499,1.0,0.9864812829113185
20261117,Target-interpolated-global-1,interpolated,global,0.3,3,82,1.0,0.984686018451927
20261117,Target-interpolated-global-1,interpolated,global,0.3,4,487,1.0,0.9796922607744201
20261117,Target-interpolated-global-1,interpolated,global,0.3,5,98,1.0,0.9757279284924271
20261117,Target-interpolated-global-1,interpolated,global,0.3,6,185,1.0,0.9757166552004148
20261117,Target-interpolated-global-1,interpolated,global,0.3,7,78,1.0,0.9755844510039104
20261117,Target-interpolated-global-1,interpolated,global,0.3,8,294,1.0,0.9584092488103373
20261117,Target-interpolated-global-1,interpolated,global,0.3,9,535,1.0,0.9136011593933727
20261117,Target-interpolated-global-1,interpolated,global,0.3,10,393,1.0,0.8917326685058123
20261117,Target-interpolated-global-1,interpolated,global,0.3,11,90,1.0,0.9728383152551985
20261117,Target-interpolated-global-1,interpolated,global,0.3,12,86,1.0000000000000002,0.9682211629322679
20261117,Target-interpolated-global-1,interpolated,global,0.3,13,197,1.0,0.9702080472337227
20261117,Target-interpolated-global-1,interpolated,global,0.3,14,189,1.0,0.9690170219904348
20261117,Target-interpolated-global-1,interpolated,global,0.3,15,193,1.0,0.9677287345093062
20261117,Target-interpolated-global-1,interpolated,global,0.3,16,70,1.0,0.9650580548132082
20261117,Target-interpolated-global-1,interpolated,global,0.3,17,34,1.0,0.9586398003026333
20261117,Target-interpolated-global-1,interpolated,global,0.3,18,286,1.0,0.9554018358312607
20261117,Target-interpolated-global-1,interpolated,global,0.3,19,290,1.0000000000000002,0.8971037646846121
20261117,Target-interpolated-global-1,interpolated,global,0.3,20,74,1.0,0.9065792870038957
20261117,Target-interpolated-global-1,interpolated,global,0.3,21,18,1.0,0.9114157024079039
20261117,Target-interpolated-global-1,interpolated,global,0.3,22,298,1.0,0.9045847431350038
20261117,Target-interpolated-global-1,interpolated,global,0.3,23,282,1.0,0.9042859323287512
20261117,Target-interpolated-global-1,interpolated,global,0.3,24,173,1.0,0.9025584284796075
20261117,Target-interpolated-global-1,interpolated,global,0.3,25,181,1.0,0.9102998995328928
20261117,Target-interpolated-global-1,interpolated,global,0.3,26,177,1.0,0.9167762971136963
20261117,Target-interpolated-global-1,interpolated,global,0.3,27,397,1.0,0.89584671465098
20261117,Target-interpolated-global-1,interpolated,global,0.3,28,512,1.0,0.8794507988931675
20261117,Target-interpolated-global-1,interpolated,global,0.3,29,13,1.0,0.8533985099862174
20261117,Target-interpolated-global-1,interpolated,global,0.3,30,528,1.0,0.8500000000000001
20261117,Target-interpolated-global-1,interpolated,global,0.3,31,572,1.0,0.8500000000000001
20261117,Target-interpolated-global-1,interpolated,global,0.3,32,576,1.0,0.8500000000000001
20261117,Target-interpolated-global-1,interpolated,global,0.3,33,580,1.0,0.8500000000000001
20261117,Target-interpolated-global-1,interpolated,global,0.3,34,584,1.0,0.8500000000000001
20261117,Target-interpolated-global-1,interpolated,global,0.3,35,586,1.0,0.8500000000000001
20261117,Target-interpolated-global-1,interpolated,global,0.3,36,588,1.0,0.8500000000000001
20261117,Target-interpolated-global-1,interpolated,global,0.3,37,590,1.0,0.8500000000000001
20261117,Target-interpolated-global-1,interpolated,global,0.3,38,592,1.0,0.8500000000000001
20261117,Target-interpolated-global-1,interpolated,global,0.3,39,594,1.0,0.8500000000000001
20261117,Target-interpolated-global-1,interpolated,global,0.3,40,596,1.0,0.8500000000000001
20261117,Target-interpolated-global-1,interpolated,global,0.3,41,598,1.0,0.8500000000000001
20261117,Target-interpolated-global-1,interpolated,global,0.3,42,88,1.0,0.85
20261117,Target-interpolated-global-1,interpolated,global,0.3,43,94,1.0,0.85
20261117,Target-interpolated-global-1,interpolated,global,0.3,44,96,1.0,0.85
20261117,Target-interpolated-global-1,interpolated,global,0.3,45,92,1.0,0.7858533261308857
20261117,Target-interpolated-global-1,interpolated,global,0.3,46,195,1.0,0.6776206417859203
20261117,Target-interpolated-global-1,interpolated,global,0.3,47,191,1.0,0.6392673038143799
20261117,Target-interpolated-global-1,interpolated,global,0.3,48,199,1.0,0.6375
20261117,Target-interpolated-global-1,interpolated,global,0.3,49,503,1.0,0.6375
20261117,Target-interpolated-global-1,interpolated,global,0.3,50,574,1.0,0.6375
20261117,Target-interpolated-global-2,interpolated,global,0.3,1,491,1.0,0.9871290528251784
20261117,Target-interpolated-global-2,interpolated,global,0.3,2,499,1.0,0.9864812829113185
20261117,Target-interpolated-global-2,interpolated,global,0.3,3,82,1.0,0.984686018451927
20261117,Target-interpolated-global-2,interpolated,global,0.3,4,487,1.0,0.9796922607744201
20261117,Target-interpolated-global-2,interpolated,global,0.3,5,98,1.0,0.9757279284924271
20261117,Target-interpolated-global-2,interpolated,global,0.3,6,185,1.0,0.9757166552004148
20261117,Target-interpolated-global-2,interpolated,global,0.3,7,78,1.0,0.9755844510039104
20261117,Target-interpolated-global-2,interpolated,global,0.3,8,294,1.0,0.9584092488103373
20261117,Target-interpolated-global-2,interpolated,global,0.3,9,535,1.0,0.9136011593933727
20261117,Target-interpolated-global-2,interpolated,global,0.3,10,393,1.0,0.8917326685058123
20261117,Target-interpolated-global-2,interpolated,global,0.3,11,90,1.0,0.9728383152551985
20261117,Target-interpolated-global-2,interpolated,global,0.3,12,86,1.0000000000000002,0.9682211629322679
20261117,Target-interpolated-global-2,interpolated,global,0.3,13,197,1.0,0.9702108060466959
20261117,Target-interpolated-global-2,interpolated,global,0.3,14,189,1.0,0.9690371877617818
20261117,Target-interpolated-global-2,interpolated,global,0.3,15,193,1.0,0.967752223975195
20261117,Target-interpolated-global-2,interpolated,global,0.3,16,70,1.0,0.9650598785860571
20261117,Target-interpolated-global-2,interpolated,global,0.3,17,34,1.0,0.9586433137376038
20261117,Target-interpolated-global-2,interpolated,global,0.3,18,74,1.0000000000000002,0.9066435785947728
20261117,Target-interpolated-global-2,interpolated,global,0.3,19,286,1.0,0.9554018358312607
20261117,Target-interpolated-global-2,interpolated,global,0.3,20,173,1.0,0.9028596970266536
20261117,Target-interpolated-global-2,interpolated,global,0.3,21,181,1.0,0.9116564558895079
20261117,Target-interpolated-global-2,interpolated,global,0.3,22,177,1.0,0.9187883382726534
20261117,Target-interpolated-global-2,interpolated,global,0.3,23,290,1.0,0.897128298758753
20261117,Target-interpolated-global-2,interpolated,global,0.3,24,298,1.0,0.9052571712226274
20261117,Target-interpolated-global-2,interpolated,global,0.3,25,282,1.0,0.9059663378523
20261117,Target-interpolated-global-2,interpolated,global,0.3,26,234,1.0,0.9074083753329376
20261117,Target-interpolated-global-2,interpolated,global,0.3,27,288,1.0000000000000002,0.8500000000000001
20261117,Target-interpolated-global-2,interpolated,global,0.3,28,292,1.0000000000000002,0.8500000000000001
20261117,Target-interpolated-global-2,interpolated,global,0.3,29,296,1.0000000000000002,0.8500000000000001
20261117,Target-interpolated-global-2,interpolated,global,0.3,30,512,1.0,0.8804894594720182
20261117,Target-interpolated-global-2,interpolated,global,0.3,31,528,1.0,0.8499999999999999
20261117,Target-interpolated-global-2,interpolated,global,0.3,32,572,1.0,0.8499999999999999
20261117,Target-interpolated-global-2,interpolated,global,0.3,33,576,1.0,0.8499999999999999
20261117,Target-interpolated-global-2,interpolated,global,0.3,34,580,1.0,0.8499999999999999
20261117,Target-interpolated-global-2,interpolated,global,0.3,35,584,1.0,0.8499999999999999
20261117,Target-interpolated-global-2,interpolated,global,0.3,36,586,1.0,0.8499999999999999
20261117,Target-interpolated-global-2,interpolated,global,0.3,37,588,1.0,0.8499999999999999
20261117,Target-interpolated-global-2,interpolated,global,0.3,38,590,1.0,0.8499999999999999
20261117,Target-interpolated-global-2,interpolated,global,0.3,39,592,1.0,0.8499999999999999
20261117,Target-interpolated-global-2,interpolated,global,0.3,40,594,1.0,0.8499999999999999
20261117,Target-interpolated-global-2,interpolated,global,0.3,41,596,1.0,0.8499999999999999
20261117,Target-interpolated-global-2,interpolated,global,0.3,42,598,1.0,0.8499999999999999
20261117,Target-interpolated-global-2,interpolated,global,0.3,43,195,1.0,0.6783115094557216
20261117,Target-interpolated-global-2,interpolated,global,0.3,44,191,1.0,0.6392985049140715
20261117,Target-interpolated-global-2,interpolated,global,0.3,45,199,1.0,0.6375
20261117,Target-interpolated-global-2,interpolated,global,0.3,46,503,1.0,0.6375
20261117,Target-interpolated-global-2,interpolated,global,0.3,47,574,1.0,0.6375
20261117,Target-interpolated-global-2,interpolated,global,0.3,48,578,1.0,0.6375
20261117,Target-interpolated-global-2,interpolated,global,0.3,49,582,1.0,0.6375
20261117,Target-interpolated-global-2,interpolated,global,0.3,50,479,0.9999999999999999,0.9791411560850607
20261117,Target-interpolated-partial-1,interpolated,partial,0.3,1,491,1.0,0.9871290528251784
20261117,Target-interpolated-partial-1,interpolated,partial,0.3,2,499,1.0,0.9864812829113185
20261117,Target-interpolated-partial-1,interpolated,partial,0.3,3,82,1.0,0.984686018451927
20261117,Target-interpolated-partial-1,interpolated,partial,0.3,4,487,1.0,0.9796922607744201
20261117,Target-interpolated-partial-1,interpolated,partial,0.3,5,98,1.0,0.9757279284924271
20261117,Target-interpolated-partial-1,interpolated,partial,0.3,6,185,1.0,0.9757166552004148
20261117,Target-interpolated-partial-1,interpolated,partial,0.3,7,78,1.0,0.9755843098645456
20261117,Target-interpolated-partial-1,interpolated,partial,0.3,8,294,1.0,0.9584092488103373
20261117,Target-interpolated-partial-1,interpolated,partial,0.3,9,535,1.0,0.9136011593933727
20261117,Target-interpolated-partial-1,interpolated,partial,0.3,10,393,1.0,0.8917326685058123
20261117,Target-interpolated-partial-1,interpolated,partial,0.3,11,197,1.0,0.9702060357525308
20261117,Target-interpolated-partial-1,interpolated,partial,0.3,12,189,1.0,0.969007285112762
20261117,Target-interpolated-partial-1,interpolated,partial,0.3,13,193,1.0,0.9677175158411384
20261117,Target-interpolated-partial-1,interpolated,partial,0.3,14,286,1.0,0.9554014064173988
20261117,Target-interpolated-partial-1,interpolated,partial,0.3,15,173,1.0,0.9024061685771538
20261117,Target-interpolated-partial-1,interpolated,partial,0.3,16,181,1.0,0.9098731590064675
20261117,Target-interpolated-partial-1,interpolated,partial,0.3,17,177,1.0,0.9161577775694059
20261117,Target-interpolated-partial-1,interpolated,partial,0.3,18,290,1.0,0.897084458001596
20261117,Target-interpolated-partial-1,interpolated,partial,0.3,19,512,1.0,0.8804894594720182
20261117,Target-interpolated-partial-1,interpolated,partial,0.3,20,528,1.0,0.8499999999999999
20261117,Target-interpolated-partial-1,interpolated,partial,0.3,21,572,1.0,0.8499999999999999
20261117,Target-interpolated-partial-1,interpolated,partial,0.3,22,576,1.0,0.8499999999999999
20261117,Target-interpolated-partial-1,interpolated,partial,0.3,23,580,1.0,0.8499999999999999
20261117,Target-interpolated-partial-1,interpolated,partial,0.3,24,584,1.0,0.8499999999999999
20261117,Target-interpolated-partial-1,interpolated,partial,0.3,25,586,1.0,0.8499999999999999
20261117,Target-interpolated-partial-1,interpolated,partial,0.3,26,588,1.0,0.8499999999999999
20261117,Target-interpolated-partial-1,interpolated,partial,0.3,27,590,1.0,0.8499999999999999
20261117,Target-interpolated-partial-1,interpolated,partial,0.3,28,592,1.0,0.8499999999999999
20261117,Target-interpolated-partial-1,interpolated,partial,0.3,29,594,1.0,0.8499999999999999
20261117,Target-interpolated-partial-1,interpolated,partial,0.3,30,596,1.0,0.8499999999999999
20261117,Target-interpolated-partial-1,interpolated,partial,0.3,31,598,1.0,0.8499999999999999
20261117,Target-interpolated-partial-1,interpolated,partial,0.3,32,503,1.0,0.6375
20261117,Target-interpolated-partial-1,interpolated,partial,0.3,33,574,1.0,0.6375
20261117,Target-interpolated-partial-1,interpolated,partial,0.3,34,578,1.0,0.6375
20261117,Target-interpolated-partial-1,interpolated,partial,0.3,35,582,1.0,0.6375
20261117,Target-interpolated-partial-1,interpolated,partial,0.3,36,479,0.9999999999999999,0.9791411560850607
20261117,Target-interpolated-partial-1,interpolated,partial,0.3,37,483,1.0,0.9763713755125676
20261117,Target-interpolated-partial-1,interpolated,partial,0.3,38,495,1.0,0.9763159878607814
20261117,Target-interpolated-partial-1,interpolated,partial,0.3,39,471,1.0,0.9751535531439706
20261117,Target-interpolated-partial-1,interpolated,partial,0.3,40,475,1.0,0.9721441887464992
20261117,Target-interpolated-partial-1,interpolated,partial,0.3,41,431,1.0,0.9686037656413882
20261117,Target-interpolated-partial-1,interpolated,partial,0.3,42,415,1.0,0.9617499254612716
20261117,Target-interpolated-partial-1,interpolated,partial,0.3,43,489,1.0,0.9571441941153025
20261117,Target-interpolated-partial-1,interpolated,partial,0.3,44,497,1.0,0.9529263326380095
20261117,Target-interpolated-partial-1,interpolated,partial,0.3,45,493,1.0,0.9281396301280183
20261117,Target-interpolated-partial-1,interpolated,partial,0.3,46,423,1.0,0.90929169744048
20261117,Target-interpolated-partial-1,interpolated,partial,0.3,47,419,1.0,0.9122308623110806
20261117,Target-interpolated-partial-1,interpolated,partial,0.3,48,407,1.0,0.9209735668894972
20261117,Target-interpolated-partial-1,interpolated,partial,0.3,49,432,1.0,0.9192448049888482
20261117,Target-interpolated-partial-1,interpolated,partial,0.3,50,416,1.0,0.9080250400871365
20261117,Target-interpolated-partial-2,interpolated,partial,0.3,1,491,1.0,0.9871290528251784
20261117,Target-interpolated-partial-2,interpolated,partial,0.3,2,499,1.0,0.9864812829113185
20261117,Target-interpolated-partial-2,interpolated,partial,0.3,3,82,1.0,0.984686018451927
20261117,Target-interpolated-partial-2,interpolated,partial,0.3,4,487,1.0,0.9796922607744201
20261117,Target-interpolated-partial-2,interpolated,partial,0.3,5,98,1.0,0.9757279284924271
20261117,Target-interpolated-partial-2,interpolated,partial,0.3,6,185,1.0,0.9757166552004148
20261117,Target-interpolated-partial-2,interpolated,partial,0.3,7,78,1.0,0.9755844510039104
20261117,Target-interpolated-partial-2,interpolated,partial,0.3,8,294,1.0,0.9584092488103373
20261117,Target-interpolated-partial-2,interpolated,partial,0.3,9,535,1.0,0.9136011593933727
20261117,Target-interpolated-partial-2,interpolated,partial,0.3,10,393,1.0,0.8917326685058123
20261117,Target-interpolated-partial-2,interpolated,partial,0.3,11,90,1.0,0.9728383152551985
20261117,Target-interpolated-partial-2,interpolated,partial,0.3,12,86,1.0000000000000002,0.9682211629322679
20261117,Target-interpolated-partial-2,interpolated,partial,0.3,13,197,1.0,0.9702108060466959
20261117,Target-interpolated-partial-2,interpolated,partial,0.3,14,189,1.0,0.9690371877617818
20261117,Target-interpolated-partial-2,interpolated,partial,0.3,15,193,1.0,0.967752223975195
20261117,Target-interpolated-partial-2,interpolated,partial,0.3,16,70,1.0,0.9650598785860571
20261117,Target-interpolated-partial-2,interpolated,partial,0.3,17,34,1.0,0.9586433137376038
20261117,Target-interpolated-partial-2,interpolated,partial,0.3,18,74,1.0000000000000002,0.9066435785947728
20261117,Target-interpolated-partial-2,interpolated,partial,0.3,19,286,1.0,0.9554018358312607
20261117,Target-interpolated-partial-2,interpolated,partial,0.3,20,173,1.0,0.9028596970266536
20261117,Target-interpolated-partial-2,interpolated,partial,0.3,21,181,1.0,0.9116564558895079
20261117,Target-interpolated-partial-2,interpolated,partial,0.3,22,177,1.0,0.9187883382726534
20261117,Target-interpolated-partial-2,interpolated,partial,0.3,23,397,1.0,0.8960247773577239
20261117,Target-interpolated-partial-2,interpolated,partial,0.3,24,385,1.0,0.9039111440289869
20261117,Target-interpolated-partial-2,interpolated,partial,0.3,25,512,1.0,0.8804894594720182
20261117,Target-interpolated-partial-2,interpolated,partial,0.3,26,528,1.0,0.8499999999999999
20261117,Target-interpolated-partial-2,interpolated,partial,0.3,27,572,1.0,0.8499999999999999
20261117,Target-interpolated-partial-2,interpolated,partial,0.3,28,576,1.0,0.8499999999999999
20261117,Target-interpolated-partial-2,interpolated,partial,0.3,29,580,1.0,0.8499999999999999
20261117,Target-interpolated-partial-2,interpolated,partial,0.3,30,584,1.0,0.8499999999999999
20261117,Target-interpolated-partial-2,interpolated,partial,0.3,31,586,1.0,0.8499999999999999
20261117,Target-interpolated-partial-2,interpolated,partial,0.3,32,588,1.0,0.8499999999999999
20261117,Target-interpolated-partial-2,interpolated,partial,0.3,33,590,1.0,0.8499999999999999
20261117,Target-interpolated-partial-2,interpolated,partial,0.3,34,592,1.0,0.8499999999999999
20261117,Target-interpolated-partial-2,interpolated,partial,0.3,35,594,1.0,0.8499999999999999
20261117,Target-interpolated-partial-2,interpolated,partial,0.3,36,596,1.0,0.8499999999999999
20261117,Target-interpolated-partial-2,interpolated,partial,0.3,37,598,1.0,0.8499999999999999
20261117,Target-interpolated-partial-2,interpolated,partial,0.3,38,195,1.0,0.6783115094557216
20261117,Target-interpolated-partial-2,interpolated,partial,0.3,39,191,1.0,0.6392985049140715
20261117,Target-interpolated-partial-2,interpolated,partial,0.3,40,199,1.0,0.6375
20261117,Target-interpolated-partial-2,interpolated,partial,0.3,41,503,1.0,0.6375
20261117,Target-interpolated-partial-2,interpolated,partial,0.3,42,574,1.0,0.6375
20261117,Target-interpolated-partial-2,interpolated,partial,0.3,43,578,1.0,0.6375
20261117,Target-interpolated-partial-2,interpolated,partial,0.3,44,582,1.0,0.6375
20261117,Target-interpolated-partial-2,interpolated,partial,0.3,45,479,0.9999999999999999,0.9791411560850607
20261117,Target-interpolated-partial-2,interpolated,partial,0.3,46,483,1.0,0.9763713755125676
20261117,Target-interpolated-partial-2,interpolated,partial,0.3,47,495,1.0,0.9763159878607814
20261117,Target-interpolated-partial-2,interpolated,partial,0.3,48,471,1.0,0.9751535531439706
20261117,Target-interpolated-partial-2,interpolated,partial,0.3,49,475,1.0,0.9721441887464992
20261117,Target-interpolated-partial-2,interpolated,partial,0.3,50,431,1.0,0.9686037656413882
20261117,Target-interpolated-full-1,interpolated,full,0.3,1,491,1.0,0.9871290528251784
20261117,Target-interpolated-full-1,interpolated,full,0.3,2,499,1.0,0.9864812829113185
20261117,Target-interpolated-full-1,interpolated,full,0.3,3,82,1.0,0.984686018451927
20261117,Target-interpolated-full-1,interpolated,full,0.3,4,487,1.0,0.9796922607744201
20261117,Target-interpolated-full-1,interpolated,full,0.3,5,98,1.0,0.9757279284924271
20261117,Target-interpolated-full-1,interpolated,full,0.3,6,185,1.0,0.9757166552004148
20261117,Target-interpolated-full-1,interpolated,full,0.3,7,78,1.0,0.9755843059809883
20261117,Target-interpolated-full-1,interpolated,full,0.3,8,294,1.0,0.9584092488103373
20261117,Target-interpolated-full-1,interpolated,full,0.3,9,535,1.0,0.9136011593933727
20261117,Target-interpolated-full-1,interpolated,full,0.3,10,393,1.0,0.8917326685058123
20261117,Target-interpolated-full-1,interpolated,full,0.3,11,90,1.0,0.9728379913109432
20261117,Target-interpolated-full-1,interpolated,full,0.3,12,197,1.0,0.9702096059295255
20261117,Target-interpolated-full-1,interpolated,full,0.3,13,86,1.0,0.9682201920826373
20261117,Target-interpolated-full-1,interpolated,full,0.3,14,70,1.0,0.9650560828488494
20261117,Target-interpolated-full-1,interpolated,full,0.3,15,34,1.0,0.9586366408669837
20261117,Target-interpolated-full-1,interpolated,full,0.3,16,286,1.0,0.9554018358312607
20261117,Target-interpolated-full-1,interpolated,full,0.3,17,74,1.0,0.9065235515079622
20261117,Target-interpolated-full-1,interpolated,full,0.3,18,18,1.0,0.9111578277753845
20261117,Target-interpolated-full-1,interpolated,full,0.3,19,290,1.0,0.897128298758753
20261117,Target-interpolated-full-1,interpolated,full,0.3,20,298,1.0,0.905130718912864
20261117,Target-interpolated-full-1,interpolated,full,0.3,21,282,1.0,0.9052964871430378
20261117,Target-interpolated-full-1,interpolated,full,0.3,22,234,1.0,0.9061875235668309
20261117,Target-interpolated-full-1,interpolated,full,0.3,23,512,1.0,0.8804894594720182
20261117,Target-interpolated-full-1,interpolated,full,0.3,24,13,1.0,0.8528580711545023
20261117,Target-interpolated-full-1,interpolated,full,0.3,25,288,1.0,0.8499999999999999
20261117,Target-interpolated-full-1,interpolated,full,0.3,26,292,1.0,0.8499999999999999
20261117,Target-interpolated-full-1,interpolated,full,0.3,27,296,1.0,0.8499999999999999
20261117,Target-interpolated-full-1,interpolated,full,0.3,28,528,1.0,0.8499999999999999
20261117,Target-interpolated-full-1,interpolated,full,0.3,29,572,1.0,0.8499999999999999
20261117,Target-interpolated-full-1,interpolated,full,0.3,30,576,1.0,0.8499999999999999
20261117,Target-interpolated-full-1,interpolated,full,0.3,31,580,1.0,0.8499999999999999
20261117,Target-interpolated-full-1,interpolated,full,0.3,32,584,1.0,0.8499999999999999
20261117,Target-interpolated-full-1,interpolated,full,0.3,33,586,1.0,0.8499999999999999
20261117,Target-interpolated-full-1,interpolated,full,0.3,34,588,1.0,0.8499999999999999
20261117,Target-interpolated-full-1,interpolated,full,0.3,35,590,1.0,0.8499999999999999
20261117,Target-interpolated-full-1,interpolated,full,0.3,36,592,1.0,0.8499999999999999
20261117,Target-interpolated-full-1,interpolated,full,0.3,37,594,1.0,0.8499999999999999
20261117,Target-interpolated-full-1,interpolated,full,0.3,38,596,1.0,0.8499999999999999
20261117,Target-interpolated-full-1,interpolated,full,0.3,39,598,1.0,0.8499999999999999
20261117,Target-interpolated-full-1,interpolated,full,0.3,40,503,1.0,0.6375
20261117,Target-interpolated-full-1,interpolated,full,0.3,41,574,1.0,0.6375
20261117,Target-interpolated-full-1,interpolated,full,0.3,42,578,1.0,0.6375
20261117,Target-interpolated-full-1,interpolated,full,0.3,43,582,1.0,0.6375
20261117,Target-interpolated-full-1,interpolated,full,0.3,44,479,0.9999999999999999,0.9791411560850607
20261117,Target-interpolated-full-1,interpolated,full,0.3,45,483,1.0,0.9763713755125676
20261117,Target-interpolated-full-1,interpolated,full,0.3,46,495,1.0,0.9763159878607814
20261117,Target-interpolated-full-1,interpolated,full,0.3,47,471,1.0,0.9751535531439706
20261117,Target-interpolated-full-1,interpolated,full,0.3,48,475,1.0,0.9721441887464992
20261117,Target-interpolated-full-1,interpolated,full,0.3,49,431,1.0,0.9686037656413882
20261117,Target-interpolated-full-1,interpolated,full,0.3,50,415,1.0,0.9617499254612716
20261117,Target-interpolated-full-2,interpolated,full,0.3,1,491,1.0,0.9871290528251784
20261117,Target-interpolated-full-2,interpolated,full,0.3,2,499,1.0,0.9864812829113185
20261117,Target-interpolated-full-2,interpolated,full,0.3,3,82,1.0,0.984686018451927
20261117,Target-interpolated-full-2,interpolated,full,0.3,4,487,1.0,0.9796922607744201
20261117,Target-interpolated-full-2,interpolated,full,0.3,5,98,1.0,0.9757279284924271
20261117,Target-interpolated-full-2,interpolated,full,0.3,6,185,1.0,0.9757166552004148
20261117,Target-interpolated-full-2,interpolated,full,0.3,7,78,1.0,0.9755844510039104
20261117,Target-interpolated-full-2,interpolated,full,0.3,8,294,1.0,0.9584092488103373
20261117,Target-interpolated-full-2,interpolated,full,0.3,9,535,1.0,0.9136011593933727
20261117,Target-interpolated-full-2,interpolated,full,0.3,10,393,1.0,0.8917326685058123
20261117,Target-interpolated-full-2,interpolated,full,0.3,11,90,1.0,0.9728383152551985
20261117,Target-interpolated-full-2,interpolated,full,0.3,12,86,1.0000000000000002,0.9682211629322679
20261117,Target-interpolated-full-2,interpolated,full,0.3,13,197,1.0,0.9702108060466959
20261117,Target-interpolated-full-2,interpolated,full,0.3,14,189,1.0,0.9690371877617818
20261117,Target-interpolated-full-2,interpolated,full,0.3,15,193,1.0,0.967752223975195
20261117,Target-interpolated-full-2,interpolated,full,0.3,16,70,1.0,0.9650598785860571
20261117,Target-interpolated-full-2,interpolated,full,0.3,17,34,1.0,0.9586433137376038
20261117,Target-interpolated-full-2,interpolated,full,0.3,18,74,1.0000000000000002,0.9066435785947728
20261117,Target-interpolated-full-2,interpolated,full,0.3,19,286,1.0,0.9554018358312607
20261117,Target-interpolated-full-2,interpolated,full,0.3,20,173,1.0,0.9028596970266536
20261117,Target-interpolated-full-2,interpolated,full,0.3,21,181,1.0,0.9116564558895079
20261117,Target-interpolated-full-2,interpolated,full,0.3,22,177,1.0,0.9187883382726534
20261117,Target-interpolated-full-2,interpolated,full,0.3,23,290,1.0,0.897128298758753
20261117,Target-interpolated-full-2,interpolated,full,0.3,24,298,1.0,0.9052571712226274
20261117,Target-interpolated-full-2,interpolated,full,0.3,25,282,1.0,0.9055820913079584
20261117,Target-interpolated-full-2,interpolated,full,0.3,26,234,1.0,0.9066003191104786
20261117,Target-interpolated-full-2,interpolated,full,0.3,27,397,1.0,0.8962039033229139
20261117,Target-interpolated-full-2,interpolated,full,0.3,28,385,1.0,0.9042290282963662
20261117,Target-interpolated-full-2,interpolated,full,0.3,29,389,1.0,0.9103116216571573
20261117,Target-interpolated-full-2,interpolated,full,0.3,30,512,1.0,0.8774964202497024
20261117,Target-interpolated-full-2,interpolated,full,0.3,31,288,1.0,0.8500000000000001
20261117,Target-interpolated-full-2,interpolated,full,0.3,32,292,1.0,0.8500000000000001
20261117,Target-interpolated-full-2,interpolated,full,0.3,33,296,1.0,0.8500000000000001
20261117,Target-interpolated-full-2,interpolated,full,0.3,34,387,1.0,0.85
20261117,Target-interpolated-full-2,interpolated,full,0.3,35,395,1.0,0.85
20261117,Target-interpolated-full-2,interpolated,full,0.3,36,528,1.0,0.8499999999999999
20261117,Target-interpolated-full-2,interpolated,full,0.3,37,572,1.0,0.8499999999999999
20261117,Target-interpolated-full-2,interpolated,full,0.3,38,576,1.0,0.8499999999999999
20261117,Target-interpolated-full-2,interpolated,full,0.3,39,580,1.0,0.8499999999999999
20261117,Target-interpolated-full-2,interpolated,full,0.3,40,584,1.0,0.8499999999999999
20261117,Target-interpolated-full-2,interpolated,full,0.3,41,586,1.0,0.8499999999999999
20261117,Target-interpolated-full-2,interpolated,full,0.3,42,588,1.0,0.8499999999999999
20261117,Target-interpolated-full-2,interpolated,full,0.3,43,590,1.0,0.8499999999999999
20261117,Target-interpolated-full-2,interpolated,full,0.3,44,592,1.0,0.8499999999999999
20261117,Target-interpolated-full-2,interpolated,full,0.3,45,594,1.0,0.8499999999999999
20261117,Target-interpolated-full-2,interpolated,full,0.3,46,596,1.0,0.8499999999999999
20261117,Target-interpolated-full-2,interpolated,full,0.3,47,598,1.0,0.8499999999999999
20261117,Target-interpolated-full-2,interpolated,full,0.3,48,399,1.0,0.7716713497942955
20261117,Target-interpolated-full-2,interpolated,full,0.3,49,391,1.0,0.7339773551771049
20261117,Target-interpolated-full-2,interpolated,full,0.3,50,195,1.0,0.6783115094557216
20261117,Target-unseen-global-1,unseen,global,0.3,1,491,1.0,0.9871290528251784
20261117,Target-unseen-global-1,unseen,global,0.3,2,499,1.0,0.9864812823689844
20261117,Target-unseen-global-1,unseen,global,0.3,3,82,1.0,0.984686018451927
20261117,Target-unseen-global-1,unseen,global,0.3,4,487,1.0,0.9796922589741814
20261117,Target-unseen-global-1,unseen,global,0.3,5,479,1.0,0.9791411520215709
20261117,Target-unseen-global-1,unseen,global,0.3,6,483,1.0,0.9763713658162032
20261117,Target-unseen-global-1,unseen,global,0.3,7,185,1.0,0.9757166552004148
20261117,Target-unseen-global-1,unseen,global,0.3,8,294,1.0,0.9584092488103373
20261117,Target-unseen-global-1,unseen,global,0.3,9,535,1.0,0.9136011593933727
20261117,Target-unseen-global-1,unseen,global,0.3,10,393,1.0,0.8917326685058123
20261117,Target-unseen-global-1,unseen,global,0.3,11,385,1.0000000000000002,0.8949593072785802
20261117,Target-unseen-global-1,unseen,global,0.3,12,495,1.0,0.9763159724512744
20261117,Target-unseen-global-1,unseen,global,0.3,13,471,1.0,0.9751535337585993
20261117,Target-unseen-global-1,unseen,global,0.3,14,475,1.0,0.9721441217608506
20261117,Target-unseen-global-1,unseen,global,0.3,15,197,1.0,0.9701950975232445
20261117,Target-unseen-global-1,unseen,global,0.3,16,189,1.0,0.9689642962354296
20261117,Target-unseen-global-1,unseen,global,0.3,17,431,1.0,0.9686031998505902
20261117,Target-unseen-global-1,unseen,global,0.3,18,193,1.0,0.9676714666192989
20261117,Target-unseen-global-1,unseen,global,0.3,19,173,1.0000000000000002,0.9017899405142262
20261117,Target-unseen-global-1,unseen,global,0.3,20,415,1.0,0.961748083985614
20261117,Target-unseen-global-1,unseen,global,0.3,21,489,1.0,0.9571411860956306
20261117,Target-unseen-global-1,unseen,global,0.3,22,497,1.0,0.9529219523811068
20261117,Target-unseen-global-1,unseen,global,0.3,23,493,1.0,0.9281271774430011
20261117,Target-unseen-global-1,unseen,global,0.3,24,397,1.0,0.8857034247199838
20261117,Target-unseen-global-1,unseen,global,0.3,25,512,1.0,0.8756339231840213
20261117,Target-unseen-global-1,unseen,global,0.3,26,389,1.0,0.8735194749811421
20261117,Target-unseen-global-1,unseen,global,0.3,27,387,1.0,0.85
20261117,Target-unseen-global-1,unseen,global,0.3,28,395,1.0,0.85
20261117,Target-unseen-global-1,unseen,global,0.3,29,528,1.0,0.85
20261117,Target-unseen-global-1,unseen,global,0.3,30,572,1.0,0.85
20261117,Target-unseen-global-1,unseen,global,0.3,31,576,1.0,0.85
20261117,Target-unseen-global-1,unseen,global,0.3,32,580,1.0,0.85
20261117,Target-unseen-global-1,unseen,global,0.3,33,584,1.0,0.85
20261117,Target-unseen-global-1,unseen,global,0.3,34,586,1.0,0.85
20261117,Target-unseen-global-1,unseen,global,0.3,35,588,1.0,0.85
20261117,Target-unseen-global-1,unseen,global,0.3,36,590,1.0,0.85
20261117,Target-unseen-global-1,unseen,global,0.3,37,592,1.0,0.85
20261117,Target-unseen-global-1,unseen,global,0.3,38,594,1.0,0.85
20261117,Target-unseen-global-1,unseen,global,0.3,39,596,1.0,0.85
20261117,Target-unseen-global-1,unseen,global,0.3,40,598,1.0,0.85
20261117,Target-unseen-global-1,unseen,global,0.3,41,399,1.0,0.7402777976615316
20261117,Target-unseen-global-1,unseen,global,0.3,42,391,1.0,0.7038277866037139
20261117,Target-unseen-global-1,unseen,global,0.3,43,503,1.0,0.6375
20261117,Target-unseen-global-1,unseen,global,0.3,44,574,1.0,0.6375
20261117,Target-unseen-global-1,unseen,global,0.3,45,578,1.0,0.6375
20261117,Target-unseen-global-1,unseen,global,0.3,46,582,1.0,0.6375
20261117,Target-unseen-global-1,unseen,global,0.3,47,98,0.9999999999999999,0.9757277200311495
20261117,Target-unseen-global-1,unseen,global,0.3,48,78,1.0,0.9755833819237332
20261117,Target-unseen-global-1,unseen,global,0.3,49,90,1.0,0.9728359507726014
20261117,Target-unseen-global-1,unseen,global,0.3,50,86,1.0,0.96821460451406
20261117,Target-unseen-global-2,unseen,global,0.3,1,491,1.0,0.9871290528251784
20261117,Target-unseen-global-2,unseen,global,0.3,2,499,1.0,0.9864812823689844
20261117,Target-unseen-global-2,unseen,global,0.3,3,82,1.0,0.984686018451927
20261117,Target-unseen-global-2,unseen,global,0.3,4,487,1.0,0.9796922589741814
20261117,Target-unseen-global-2,unseen,global,0.3,5,479,1.0,0.9791411520215709
20261117,Target-unseen-global-2,unseen,global,0.3,6,483,1.0,0.9763713658162032
20261117,Target-unseen-global-2,unseen,global,0.3,7,185,1.0,0.9757166552004148
20261117,Target-unseen-global-2,unseen,global,0.3,8,294,1.0,0.9584092488103373
20261117,Target-unseen-global-2,unseen,global,0.3,9,535,1.0,0.9136011593933727
20261117,Target-unseen-global-2,unseen,global,0.3,10,393,1.0,0.8917326685058123
20261117,Target-unseen-global-2,unseen,global,0.3,11,495,1.0,0.9763159724512744
20261117,Target-unseen-global-2,unseen,global,0.3,12,471,1.0,0.9751535337585993
20261117,Target-unseen-global-2,unseen,global,0.3,13,475,1.0,0.9721441217608506
20261117,Target-unseen-global-2,unseen,global,0.3,14,197,1.0,0.9702061736787668
20261117,Target-unseen-global-2,unseen,global,0.3,15,189,1.0,0.9690040564507169
20261117,Target-unseen-global-2,unseen,global,0.3,16,431,1.0,0.9686031998505902
20261117,Target-unseen-global-2,unseen,global,0.3,17,193,1.0,0.9677136691925357
20261117,Target-unseen-global-2,unseen,global,0.3,18,415,1.0,0.961748083985614
20261117,Target-unseen-global-2,unseen,global,0.3,19,489,1.0,0.9571411860956306
20261117,Target-unseen-global-2,unseen,global,0.3,20,497,1.0,0.9529219523811068
20261117,Target-unseen-global-2,unseen,global,0.3,21,493,1.0,0.9281271774430011
20261117,Target-unseen-global-2,unseen,global,0.3,22,423,1.0,0.9090292798662563
20261117,Target-unseen-global-2,unseen,global,0.3,23,419,1.0,0.9102698777781968
20261117,Target-unseen-global-2,unseen,global,0.3,24,485,1.0,0.9025967379830586
20261117,Target-unseen-global-2,unseen,global,0.3,25,173,1.0,0.9023512987458315
20261117,Target-unseen-global-2,unseen,global,0.3,26,181,1.0,0.9095837097974715
20261117,Target-unseen-global-2,unseen,global,0.3,27,177,1.0,0.9157032780028953
20261117,Target-unseen-global-2,unseen,global,0.3,28,407,1.0,0.9000606403461
20261117,Target-unseen-global-2,unseen,global,0.3,29,432,1.0,0.8818146963763669
20261117,Target-unseen-global-2,unseen,global,0.3,30,385,1.0,0.8785796237010082
20261117,Target-unseen-global-2,unseen,global,0.3,31,512,1.0,0.8773392031427834
20261117,Target-unseen-global-2,unseen,global,0.3,32,397,1.0,0.867751025044241
20261117,Target-unseen-global-2,unseen,global,0.3,33,389,1.0,0.8746358152038726
20261117,Target-unseen-global-2,unseen,global,0.3,34,416,1.0,0.8522631815016446
20261117,Target-unseen-global-2,unseen,global,0.3,35,528,1.0,0.8500000000000001
20261117,Target-unseen-global-2,unseen,global,0.3,36,572,1.0,0.8500000000000001
20261117,Target-unseen-global-2,unseen,global,0.3,37,576,1.0,0.8500000000000001
20261117,Target-unseen-global-2,unseen,global,0.3,38,580,1.0,0.8500000000000001
20261117,Target-unseen-global-2,unseen,global,0.3,39,584,1.0,0.8500000000000001
20261117,Target-unseen-global-2,unseen,global,0.3,40,586,1.0,0.8500000000000001
20261117,Target-unseen-global-2,unseen,global,0.3,41,588,1.0,0.8500000000000001
20261117,Target-unseen-global-2,unseen,global,0.3,42,590,1.0,0.8500000000000001
20261117,Target-unseen-global-2,unseen,global,0.3,43,592,1.0,0.8500000000000001
20261117,Target-unseen-global-2,unseen,global,0.3,44,594,1.0,0.8500000000000001
20261117,Target-unseen-global-2,unseen,global,0.3,45,596,1.0,0.8500000000000001
20261117,Target-unseen-global-2,unseen,global,0.3,46,598,1.0,0.8500000000000001
20261117,Target-unseen-global-2,unseen,global,0.3,47,387,1.0,0.85
20261117,Target-unseen-global-2,unseen,global,0.3,48,395,1.0,0.85
20261117,Target-unseen-global-2,unseen,global,0.3,49,399,1.0,0.7517688528003992
20261117,Target-unseen-global-2,unseen,global,0.3,50,391,1.0,0.7335043077387279
20261117,Target-unseen-partial-1,unseen,partial,0.3,1,491,1.0,0.9871290528251784
20261117,Target-unseen-partial-1,unseen,partial,0.3,2,499,1.0,0.9864812826523646
20261117,Target-unseen-partial-1,unseen,partial,0.3,3,82,1.0,0.984686018451927
20261117,Target-unseen-partial-1,unseen,partial,0.3,4,487,1.0,0.9796922599138937
20261117,Target-unseen-partial-1,unseen,partial,0.3,5,479,1.0,0.9791411541452075
20261117,Target-unseen-partial-1,unseen,partial,0.3,6,483,1.0,0.9763713708812225
20261117,Target-unseen-partial-1,unseen,partial,0.3,7,185,1.0,0.9757166552004148
20261117,Target-unseen-partial-1,unseen,partial,0.3,8,294,1.0,0.9584092488103373
20261117,Target-unseen-partial-1,unseen,partial,0.3,9,535,1.0,0.9136011593933727
20261117,Target-unseen-partial-1,unseen,partial,0.3,10,393,1.0,0.8917326685058123
20261117,Target-unseen-partial-1,unseen,partial,0.3,11,495,1.0,0.9763159794411929
20261117,Target-unseen-partial-1,unseen,partial,0.3,12,98,1.0,0.9757278867058425
20261117,Target-unseen-partial-1,unseen,partial,0.3,13,78,1.0,0.9755841494020829
20261117,Target-unseen-partial-1,unseen,partial,0.3,14,471,1.0,0.9751535428892644
20261117,Target-unseen-partial-1,unseen,partial,0.3,15,90,1.0,0.9728376300676045
20261117,Target-unseen-partial-1,unseen,partial,0.3,16,475,1.0,0.9721441539396971
20261117,Target-unseen-partial-1,unseen,partial,0.3,17,431,1.0,0.9686034794670255
20261117,Target-unseen-partial-1,unseen,partial,0.3,18,86,1.0,0.9682192324032248
20261117,Target-unseen-partial-1,unseen,partial,0.3,19,70,1.0,0.9650549533733528
20261117,Target-unseen-partial-1,unseen,partial,0.3,20,415,1.0,0.9617491411484078
20261117,Target-unseen-partial-1,unseen,partial,0.3,21,34,1.0,0.9586359884277877
20261117,Target-unseen-partial-1,unseen,partial,0.3,22,489,1.0,0.9571428597273088
20261117,Target-unseen-partial-1,unseen,partial,0.3,23,286,1.0,0.9554001982080532
20261117,Target-unseen-partial-1,unseen,partial,0.3,24,497,1.0,0.9529243804610916
20261117,Target-unseen-partial-1,unseen,partial,0.3,25,493,1.0,0.9281340630622092
20261117,Target-unseen-partial-1,unseen,partial,0.3,26,423,1.0,0.9091756032813618
20261117,Target-unseen-partial-1,unseen,partial,0.3,27,419,1.0,0.911280216673862
20261117,Target-unseen-partial-1,unseen,partial,0.3,28,407,1.0,0.9191402394806879
20261117,Target-unseen-partial-1,unseen,partial,0.3,29,432,1.0,0.9164718433717393
20261117,Target-unseen-partial-1,unseen,partial,0.3,30,485,1.0,0.907455842003799
20261117,Target-unseen-partial-1,unseen,partial,0.3,31,416,1.0,0.9045136933096549
20261117,Target-unseen-partial-1,unseen,partial,0.3,32,400,1.0,0.9099768349683679
20261117,Target-unseen-partial-1,unseen,partial,0.3,33,290,1.0,0.8970428285196566
20261117,Target-unseen-partial-1,unseen,partial,0.3,34,298,1.0,0.9040055150700639
20261117,Target-unseen-partial-1,unseen,partial,0.3,35,282,1.0,0.9032303461380706
20261117,Target-unseen-partial-1,unseen,partial,0.3,36,234,1.0,0.9032133144484567
20261117,Target-unseen-partial-1,unseen,partial,0.3,37,385,1.0,0.8951253611006821
20261117,Target-unseen-partial-1,unseen,partial,0.3,38,477,1.0,0.8949632954529918
20261117,Target-unseen-partial-1,unseen,partial,0.3,39,481,1.0,0.8834622461828686
20261117,Target-unseen-partial-1,unseen,partial,0.3,40,512,1.0,0.8784464008412662
20261117,Target-unseen-partial-1,unseen,partial,0.3,41,288,1.0,0.8499999999999999
20261117,Target-unseen-partial-1,unseen,partial,0.3,42,292,1.0,0.8499999999999999
20261117,Target-unseen-partial-1,unseen,partial,0.3,43,296,1.0,0.8499999999999999
20261117,Target-unseen-partial-1,unseen,partial,0.3,44,473,1.0,0.6853609382225855
20261117,Target-unseen-partial-1,unseen,partial,0.3,45,197,0.9999999999999999,0.9702065273135319
20261117,Target-unseen-partial-1,unseen,partial,0.3,46,189,1.0,0.9690168609083278
20261117,Target-unseen-partial-1,unseen,partial,0.3,47,193,1.0,0.9677304344523183
20261117,Target-unseen-partial-1,unseen,partial,0.3,48,74,0.9999999999999999,0.9065061222921795
20261117,Target-unseen-partial-1,unseen,partial,0.3,49,18,1.0,0.9114775036923134
20261117,Target-unseen-partial-1,unseen,partial,0.3,50,173,0.9999999999999999,0.9025601759913564
20261117,Target-unseen-partial-2,unseen,partial,0.3,1,491,1.0,0.9871290528251784
20261117,Target-unseen-partial-2,unseen,partial,0.3,2,499,1.0,0.9864812821060467
20261117,Target-unseen-partial-2,unseen,partial,0.3,3,82,1.0,0.984686018451927
20261117,Target-unseen-partial-2,unseen,partial,0.3,4,487,1.0,0.9796922581040997
20261117,Target-unseen-partial-2,unseen,partial,0.3,5,479,1.0,0.979141150050362
20261117,Target-unseen-partial-2,unseen,partial,0.3,6,483,1.0,0.9763713611195033
20261117,Target-unseen-partial-2,unseen,partial,0.3,7,185,1.0,0.9757166552004148
20261117,Target-unseen-partial-2,unseen,partial,0.3,8,294,1.0,0.9584092488103373
20261117,Target-unseen-partial-2,unseen,partial,0.3,9,535,1.0,0.9136011593933727
20261117,Target-unseen-partial-2,unseen,partial,0.3,10,393,1.0,0.8917326685058123
20261117,Target-unseen-partial-2,unseen,partial,0.3,11,495,1.0,0.976315965973154
20261117,Target-unseen-partial-2,unseen,partial,0.3,12,471,1.0,0.9751535252815069
20261117,Target-unseen-partial-2,unseen,partial,0.3,13,475,1.0,0.9721440918862283
20261117,Target-unseen-partial-2,unseen,partial,0.3,14,197,1.0,0.9702124144479988
20261117,Target-unseen-partial-2,unseen,partial,0.3,15,431,1.0,0.9686029501097558
20261117,Target-unseen-partial-2,unseen,partial,0.3,16,415,1.0,0.9617478554312577
20261117,Target-unseen-partial-2,unseen,partial,0.3,17,489,1.0,0.9571407520139091
20261117,Target-unseen-partial-2,unseen,partial,0.3,18,286,1.0,0.9553985488538221
20261117,Target-unseen-partial-2,unseen,partial,0.3,19,497,1.0,0.9529210066129739
20261117,Target-unseen-partial-2,unseen,partial,0.3,20,493,1.0,0.9281236157986288
20261117,Target-unseen-partial-2,unseen,partial,0.3,21,423,1.0,0.9089103115302763
20261117,Target-unseen-partial-2,unseen,partial,0.3,22,485,1.0,0.9016345243686349
20261117,Target-unseen-partial-2,unseen,partial,0.3,23,290,1.0,0.8958155479768444
20261117,Target-unseen-partial-2,unseen,partial,0.3,24,298,1.0,0.8858277502911195
20261117,Target-unseen-partial-2,unseen,partial,0.3,25,512,1.0,0.8752676437004048
20261117,Target-unseen-partial-2,unseen,partial,0.3,26,528,1.0000000000000002,0.8500000000000001
20261117,Target-unseen-partial-2,unseen,partial,0.3,27,572,1.0000000000000002,0.8500000000000001
20261117,Target-unseen-partial-2,unseen,partial,0.3,28,576,1.0000000000000002,0.8500000000000001
20261117,Target-unseen-partial-2,unseen,partial,0.3,29,580,1.0000000000000002,0.8500000000000001
20261117,Target-unseen-partial-2,unseen,partial,0.3,30,584,1.0000000000000002,0.8500000000000001
20261117,Target-unseen-partial-2,unseen,partial,0.3,31,586,1.0000000000000002,0.8500000000000001
20261117,Target-unseen-partial-2,unseen,partial,0.3,32,588,1.0000000000000002,0.8500000000000001
20261117,Target-unseen-partial-2,unseen,partial,0.3,33,590,1.0000000000000002,0.8500000000000001
20261117,Target-unseen-partial-2,unseen,partial,0.3,34,592,1.0000000000000002,0.8500000000000001
20261117,Target-unseen-partial-2,unseen,partial,0.3,35,594,1.0000000000000002,0.8500000000000001
20261117,Target-unseen-partial-2,unseen,partial,0.3,36,596,1.0000000000000002,0.8500000000000001
20261117,Target-unseen-partial-2,unseen,partial,0.3,37,598,1.0000000000000002,0.8500000000000001
20261117,Target-unseen-partial-2,unseen,partial,0.3,38,503,1.0000000000000002,0.6375000000000001
20261117,Target-unseen-partial-2,unseen,partial,0.3,39,574,1.0000000000000002,0.6375000000000001
20261117,Target-unseen-partial-2,unseen,partial,0.3,40,578,1.0000000000000002,0.6375000000000001
20261117,Target-unseen-partial-2,unseen,partial,0.3,41,582,1.0000000000000002,0.6375000000000001
20261117,Target-unseen-partial-2,unseen,partial,0.3,42,282,1.0,0.8664386690346706
20261117,Target-unseen-partial-2,unseen,partial,0.3,43,288,1.0,0.85
20261117,Target-unseen-partial-2,unseen,partial,0.3,44,292,1.0,0.85
20261117,Target-unseen-partial-2,unseen,partial,0.3,45,296,1.0,0.85
20261117,Target-unseen-partial-2,unseen,partial,0.3,46,234,1.0,0.8462931349143841
20261117,Target-unseen-partial-2,unseen,partial,0.3,47,98,0.9999999999999999,0.9757199724980474
20261117,Target-unseen-partial-2,unseen,partial,0.3,48,78,1.0,0.9755772075375235
20261117,Target-unseen-partial-2,unseen,partial,0.3,49,90,1.0,0.972829576122564
20261117,Target-unseen-partial-2,unseen,partial,0.3,50,86,1.0,0.9682063640291114
20261117,Target-unseen-full-1,unseen,full,0.3,1,491,1.0,0.9871290528251784
20261117,Target-unseen-full-1,unseen,full,0.3,2,499,1.0,0.9864812828044185
20261117,Target-unseen-full-1,unseen,full,0.3,3,82,1.0,0.984686018451927
20261117,Target-unseen-full-1,unseen,full,0.3,4,487,1.0,0.9796922604189711
20261117,Target-unseen-full-1,unseen,full,0.3,5,479,1.0,0.9791411552843439
20261117,Target-unseen-full-1,unseen,full,0.3,6,483,1.0,0.9763713736003385
20261117,Target-unseen-full-1,unseen,full,0.3,7,185,1.0,0.9757166552004148
20261117,Target-unseen-full-1,unseen,full,0.3,8,294,1.0,0.9584092488103373
20261117,Target-unseen-full-1,unseen,full,0.3,9,535,1.0,0.9136011593933727
20261117,Target-unseen-full-1,unseen,full,0.3,10,393,1.0,0.8917326685058123
20261117,Target-unseen-full-1,unseen,full,0.3,11,495,1.0,0.9763159842407284
20261117,Target-unseen-full-1,unseen,full,0.3,12,98,1.0,0.9757278867058425
20261117,Target-unseen-full-1,unseen,full,0.3,13,78,1.0,0.9755841494020829
20261117,Target-unseen-full-1,unseen,full,0.3,14,471,1.0,0.9751535487754822
20261117,Target-unseen-full-1,unseen,full,0.3,15,90,1.0,0.9728376300676045
20261117,Target-unseen-full-1,unseen,full,0.3,16,475,1.0,0.9721441739957322
20261117,Target-unseen-full-1,unseen,full,0.3,17,431,1.0,0.9686036352365888
20261117,Target-unseen-full-1,unseen,full,0.3,18,86,1.0,0.9682192324032248
20261117,Target-unseen-full-1,unseen,full,0.3,19,70,1.0,0.9650549533733528
20261117,Target-unseen-full-1,unseen,full,0.3,20,415,1.0,0.961749644554985
20261117,Target-unseen-full-1,unseen,full,0.3,21,34,1.0,0.9586359884277877
20261117,Target-unseen-full-1,unseen,full,0.3,22,489,1.0,0.9571437082048093
20261117,Target-unseen-full-1,unseen,full,0.3,23,385,1.0,0.8950555133437936
20261117,Target-unseen-full-1,unseen,full,0.3,24,397,1.0,0.9022901949233103
20261117,Target-unseen-full-1,unseen,full,0.3,25,389,1.0,0.8916621584635149
20261117,Target-unseen-full-1,unseen,full,0.3,26,512,1.0,0.8752676437004048
20261117,Target-unseen-full-1,unseen,full,0.3,27,528,1.0000000000000002,0.8500000000000001
20261117,Target-unseen-full-1,unseen,full,0.3,28,572,1.0000000000000002,0.8500000000000001
20261117,Target-unseen-full-1,unseen,full,0.3,29,576,1.0000000000000002,0.8500000000000001
20261117,Target-unseen-full-1,unseen,full,0.3,30,580,1.0000000000000002,0.8500000000000001
20261117,Target-unseen-full-1,unseen,full,0.3,31,584,1.0000000000000002,0.8500000000000001
20261117,Target-unseen-full-1,unseen,full,0.3,32,586,1.0000000000000002,0.8500000000000001
20261117,Target-unseen-full-1,unseen,full,0.3,33,588,1.0000000000000002,0.8500000000000001
20261117,Target-unseen-full-1,unseen,full,0.3,34,590,1.0000000000000002,0.8500000000000001
20261117,Target-unseen-full-1,unseen,full,0.3,35,592,1.0000000000000002,0.8500000000000001
20261117,Target-unseen-full-1,unseen,full,0.3,36,594,1.0000000000000002,0.8500000000000001
20261117,Target-unseen-full-1,unseen,full,0.3,37,596,1.0000000000000002,0.8500000000000001
20261117,Target-unseen-full-1,unseen,full,0.3,38,598,1.0000000000000002,0.8500000000000001
20261117,Target-unseen-full-1,unseen,full,0.3,39,503,1.0000000000000002,0.6375000000000001
20261117,Target-unseen-full-1,unseen,full,0.3,40,574,1.0000000000000002,0.6375000000000001
20261117,Target-unseen-full-1,unseen,full,0.3,41,578,1.0000000000000002,0.6375000000000001
20261117,Target-unseen-full-1,unseen,full,0.3,42,582,1.0000000000000002,0.6375000000000001
20261117,Target-unseen-full-1,unseen,full,0.3,43,387,1.0,0.85
20261117,Target-unseen-full-1,unseen,full,0.3,44,395,1.0,0.85
20261117,Target-unseen-full-1,unseen,full,0.3,45,399,1.0,0.7516311213055404
20261117,Target-unseen-full-1,unseen,full,0.3,46,391,1.0,0.7135337316960335
20261117,Target-unseen-full-1,unseen,full,0.3,47,197,0.9999999999999999,0.9702074145286124
20261117,Target-unseen-full-1,unseen,full,0.3,48,189,1.0,0.9690103489107913
20261117,Target-unseen-full-1,unseen,full,0.3,49,193,1.0,0.967721738159276
20261117,Target-unseen-full-1,unseen,full,0.3,50,286,0.9999999999999999,0.9553990650483062
20261117,Target-unseen-full-2,unseen,full,0.3,1,491,1.0,0.9871290528251784
20261117,Target-unseen-full-2,unseen,full,0.3,2,499,1.0,0.9864812821060467
20261117,Target-unseen-full-2,unseen,full,0.3,3,82,1.0,0.984686018451927
20261117,Target-unseen-full-2,unseen,full,0.3,4,487,1.0,0.9796922581040997
20261117,Target-unseen-full-2,unseen,full,0.3,5,479,1.0,0.979141150050362
20261117,Target-unseen-full-2,unseen,full,0.3,6,483,1.0,0.9763713611195033
20261117,Target-unseen-full-2,unseen,full,0.3,7,185,1.0,0.9757166552004148
20261117,Target-unseen-full-2,unseen,full,0.3,8,294,1.0,0.9584092488103373
20261117,Target-unseen-full-2,unseen,full,0.3,9,535,1.0,0.9136011593933727
20261117,Target-unseen-full-2,unseen,full,0.3,10,393,1.0,0.8917326685058123
20261117,Target-unseen-full-2,unseen,full,0.3,11,495,1.0,0.976315965973154
20261117,Target-unseen-full-2,unseen,full,0.3,12,471,1.0,0.9751535252815069
20261117,Target-unseen-full-2,unseen,full,0.3,13,475,1.0,0.9721440918862283
20261117,Target-unseen-full-2,unseen,full,0.3,14,197,1.0,0.9702025696615894
20261117,Target-unseen-full-2,unseen,full,0.3,15,431,1.0,0.9686029501097558
20261117,Target-unseen-full-2,unseen,full,0.3,16,415,1.0,0.9617478554312577
20261117,Target-unseen-full-2,unseen,full,0.3,17,489,1.0,0.9571407520139091
20261117,Target-unseen-full-2,unseen,full,0.3,18,286,1.0,0.955399948816114
20261117,Target-unseen-full-2,unseen,full,0.3,19,497,1.0,0.9529210066129739
20261117,Target-unseen-full-2,unseen,full,0.3,20,493,1.0,0.9281236157986288
20261117,Target-unseen-full-2,unseen,full,0.3,21,423,1.0,0.9089103115302763
20261117,Target-unseen-full-2,unseen,full,0.3,22,485,1.0,0.9016345243686349
20261117,Target-unseen-full-2,unseen,full,0.3,23,290,1.0,0.8970289282677997
20261117,Target-unseen-full-2,unseen,full,0.3,24,298,1.0,0.9038538077440741
20261117,Target-unseen-full-2,unseen,full,0.3,25,282,1.0,0.9029566425773508
20261117,Target-unseen-full-2,unseen,full,0.3,26,234,1.0,0.9029357800267361
20261117,Target-unseen-full-2,unseen,full,0.3,27,385,1.0,0.8951482197370971
20261117,Target-unseen-full-2,unseen,full,0.3,28,397,1.0,0.9024812454610445
20261117,Target-unseen-full-2,unseen,full,0.3,29,389,1.0,0.9076263248643208
20261117,Target-unseen-full-2,unseen,full,0.3,30,512,1.0,0.8773392031427834
20261117,Target-unseen-full-2,unseen,full,0.3,31,288,1.0,0.8500000000000001
20261117,Target-unseen-full-2,unseen,full,0.3,32,292,1.0,0.8500000000000001
20261117,Target-unseen-full-2,unseen,full,0.3,33,296,1.0,0.8500000000000001
20261117,Target-unseen-full-2,unseen,full,0.3,34,528,1.0,0.8500000000000001
20261117,Target-unseen-full-2,unseen,full,0.3,35,572,1.0,0.8500000000000001
20261117,Target-unseen-full-2,unseen,full,0.3,36,576,1.0,0.8500000000000001
20261117,Target-unseen-full-2,unseen,full,0.3,37,580,1.0,0.8500000000000001
20261117,Target-unseen-full-2,unseen,full,0.3,38,584,1.0,0.8500000000000001
20261117,Target-unseen-full-2,unseen,full,0.3,39,586,1.0,0.8500000000000001
20261117,Target-unseen-full-2,unseen,full,0.3,40,588,1.0,0.8500000000000001
20261117,Target-unseen-full-2,unseen,full,0.3,41,590,1.0,0.8500000000000001
20261117,Target-unseen-full-2,unseen,full,0.3,42,592,1.0,0.8500000000000001
20261117,Target-unseen-full-2,unseen,full,0.3,43,594,1.0,0.8500000000000001
20261117,Target-unseen-full-2,unseen,full,0.3,44,596,1.0,0.8500000000000001
20261117,Target-unseen-full-2,unseen,full,0.3,45,598,1.0,0.8500000000000001
20261117,Target-unseen-full-2,unseen,full,0.3,46,387,1.0,0.85
20261117,Target-unseen-full-2,unseen,full,0.3,47,395,1.0,0.85
20261117,Target-unseen-full-2,unseen,full,0.3,48,399,1.0,0.7698233243047117
20261117,Target-unseen-full-2,unseen,full,0.3,49,503,1.0,0.6375
20261117,Target-unseen-full-2,unseen,full,0.3,50,574,1.0,0.6375
20261201,Target-exact-global-1,exact,global,0.3,1,493,1.0,0.9863914979330513
20261201,Target-exact-global-1,exact,global,0.3,2,489,1.0,0.9827128927999691
20261201,Target-exact-global-1,exact,global,0.3,3,485,1.0,0.9818860074968732
20261201,Target-exact-global-1,exact,global,0.3,4,497,1.0,0.9793138852029406
20261201,Target-exact-global-1,exact,global,0.3,5,481,1.0,0.9787147617832113
20261201,Target-exact-global-1,exact,global,0.3,6,98,1.0,0.9776743114284686
20261201,Target-exact-global-1,exact,global,0.3,7,190,1.0,0.9736258549150149
20261201,Target-exact-global-1,exact,global,0.3,8,525,1.0,0.9671189103341421
20261201,Target-exact-global-1,exact,global,0.3,9,297,1.0,0.956650345038019
20261201,Target-exact-global-1,exact,global,0.3,10,386,1.0,0.9492665224930724
20261201,Target-exact-global-1,exact,global,0.3,11,477,1.0,0.9761590049633746
20261201,Target-exact-global-1,exact,global,0.3,12,82,1.0,0.9759970275533612
20261201,Target-exact-global-1,exact,global,0.3,13,86,1.0,0.9743957229793776
20261201,Target-exact-global-1,exact,global,0.3,14,401,1.0,0.9738853517899888
20261201,Target-exact-global-1,exact,global,0.3,15,90,1.0,0.9728933499047149
20261201,Target-exact-global-1,exact,global,0.3,16,78,1.0,0.9728426930663576
20261201,Target-exact-global-1,exact,global,0.3,17,198,1.0,0.9727249935071889
20261201,Target-exact-global-1,exact,global,0.3,18,473,1.0,0.9716646107790897
20261201,Target-exact-global-1,exact,global,0.3,19,194,1.0,0.9697901703348681
20261201,Target-exact-global-1,exact,global,0.3,20,186,1.0,0.9670576654217562
20261201,Target-exact-global-1,exact,global,0.3,21,533,1.0,0.9667427207639204
20261201,Target-exact-global-1,exact,global,0.3,22,70,1.0,0.9664396724341484
20261201,Target-exact-global-1,exact,global,0.3,23,26,1.0,0.9654800666292994
20261201,Target-exact-global-1,exact,global,0.3,24,74,1.0,0.9634942508271562
20261201,Target-exact-global-1,exact,global,0.3,25,417,1.0,0.9608740344269626
20261201,Target-exact-global-1,exact,global,0.3,26,491,1.0,0.9582699100646654
20261201,Target-exact-global-1,exact,global,0.3,27,433,1.0,0.9577367267320345
20261201,Target-exact-global-1,exact,global,0.3,28,289,1.0,0.9566321543595726
20261201,Target-exact-global-1,exact,global,0.3,29,430,1.0,0.9495462859425474
20261201,Target-exact-global-1,exact,global,0.3,30,499,1.0,0.9470839370464995
20261201,Target-exact-global-1,exact,global,0.3,31,487,1.0,0.9249676435237777
20261201,Target-exact-global-1,exact,global,0.3,32,421,1.0,0.908593240508657
20261201,Target-exact-global-1,exact,global,0.3,33,178,1.0,0.9011596175408478
20261201,Target-exact-global-1,exact,global,0.3,34,285,1.0,0.8977398342139227
20261201,Target-exact-global-1,exact,global,0.3,35,517,1.0,0.8955779995866413
20261201,Target-exact-global-1,exact,global,0.3,36,425,1.0,0.895128298729919
20261201,Target-exact-global-1,exact,global,0.3,37,10,1.0,0.8946575689545653
20261201,Target-exact-global-1,exact,global,0.3,38,495,1.0,0.8918555879180039
20261201,Target-exact-global-1,exact,global,0.3,39,390,1.0,0.8896134117277621
20261201,Target-exact-global-1,exact,global,0.3,40,182,1.0,0.8891742204241568
20261201,Target-exact-global-1,exact,global,0.3,41,293,1.0,0.8867494680194274
20261201,Target-exact-global-1,exact,global,0.3,42,409,1.0,0.8823366875678873
20261201,Target-exact-global-1,exact,global,0.3,43,170,1.0,0.8773808912195229
20261201,Target-exact-global-1,exact,global,0.3,44,394,1.0,0.8755275154238946
20261201,Target-exact-global-1,exact,global,0.3,45,277,1.0,0.871491445745522
20261201,Target-exact-global-1,exact,global,0.3,46,174,1.0,0.8645082901008891
20261201,Target-exact-global-1,exact,global,0.3,47,398,1.0,0.8610711006215128
20261201,Target-exact-global-1,exact,global,0.3,48,509,1.0,0.8500000000000001
20261201,Target-exact-global-1,exact,global,0.3,49,573,1.0,0.8500000000000001
20261201,Target-exact-global-1,exact,global,0.3,50,577,1.0,0.8500000000000001
20261201,Target-exact-global-2,exact,global,0.3,1,493,1.0,0.9863914979330513
20261201,Target-exact-global-2,exact,global,0.3,2,489,1.0,0.9827128938307512
20261201,Target-exact-global-2,exact,global,0.3,3,485,1.0,0.9818860104209151
20261201,Target-exact-global-2,exact,global,0.3,4,98,1.0,0.9776743114284686
20261201,Target-exact-global-2,exact,global,0.3,5,82,1.0,0.9759982049043598
20261201,Target-exact-global-2,exact,global,0.3,6,86,1.0,0.9743986540757286
20261201,Target-exact-global-2,exact,global,0.3,7,190,1.0,0.9736258549150149
20261201,Target-exact-global-2,exact,global,0.3,8,525,1.0,0.9671189103341421
20261201,Target-exact-global-2,exact,global,0.3,9,297,1.0,0.956650345038019
20261201,Target-exact-global-2,exact,global,0.3,10,386,1.0,0.9492665224930724
20261201,Target-exact-global-2,exact,global,0.3,11,90,1.0,0.9729000594373336
20261201,Target-exact-global-2,exact,global,0.3,12,78,1.0,0.9728530872277074
20261201,Target-exact-global-2,exact,global,0.3,13,198,1.0,0.9727388837760153
20261201,Target-exact-global-2,exact,global,0.3,14,194,1.0,0.9698170539151973
20261201,Target-exact-global-2,exact,global,0.3,15,186,1.0,0.9671204917568881
20261201,Target-exact-global-2,exact,global,0.3,16,178,1.0000000000000002,0.9019939456920312
20261201,Target-exact-global-2,exact,global,0.3,17,533,1.0,0.9667789444851613
20261201,Target-exact-global-2,exact,global,0.3,18,70,1.0,0.9664580574798884
20261201,Target-exact-global-2,exact,global,0.3,19,26,1.0,0.9655046096714115
20261201,Target-exact-global-2,exact,global,0.3,20,74,1.0,0.9635395117699694
20261201,Target-exact-global-2,exact,global,0.3,21,289,1.0,0.9566363709372616
20261201,Target-exact-global-2,exact,global,0.3,22,174,1.0,0.9096055090719044
20261201,Target-exact-global-2,exact,global,0.3,23,170,1.0,0.9192999584410404
20261201,Target-exact-global-2,exact,global,0.3,24,285,1.0,0.8978744041502602
20261201,Target-exact-global-2,exact,global,0.3,25,517,1.0,0.8962253766984467
20261201,Target-exact-global-2,exact,global,0.3,26,10,1.0,0.8953111921914017
20261201,Target-exact-global-2,exact,global,0.3,27,390,1.0,0.8896975470389528
20261201,Target-exact-global-2,exact,global,0.3,28,394,1.0,0.8952447404476686
20261201,Target-exact-global-2,exact,global,0.3,29,398,1.0,0.9015007987745504
20261201,Target-exact-global-2,exact,global,0.3,30,5,1.0,0.8613546817605211
20261201,Target-exact-global-2,exact,global,0.3,31,509,1.0,0.85
20261201,Target-exact-global-2,exact,global,0.3,32,573,1.0,0.85
20261201,Target-exact-global-2,exact,global,0.3,33,577,1.0,0.85
20261201,Target-exact-global-2,exact,global,0.3,34,581,1.0,0.85
20261201,Target-exact-global-2,exact,global,0.3,35,585,1.0,0.85
20261201,Target-exact-global-2,exact,global,0.3,36,587,1.0,0.85
20261201,Target-exact-global-2,exact,global,0.3,37,589,1.0,0.85
20261201,Target-exact-global-2,exact,global,0.3,38,591,1.0,0.85
20261201,Target-exact-global-2,exact,global,0.3,39,593,1.0,0.85
20261201,Target-exact-global-2,exact,global,0.3,40,595,1.0,0.85
20261201,Target-exact-global-2,exact,global,0.3,41,597,1.0,0.85
20261201,Target-exact-global-2,exact,global,0.3,42,599,1.0,0.85
20261201,Target-exact-global-2,exact,global,0.3,43,388,1.0,0.8499999999999999
20261201,Target-exact-global-2,exact,global,0.3,44,396,1.0,0.8499999999999999
20261201,Target-exact-global-2,exact,global,0.3,45,392,1.0,0.6493784579573548
20261201,Target-exact-global-2,exact,global,0.3,46,571,1.0,0.6375
20261201,Target-exact-global-2,exact,global,0.3,47,575,1.0,0.6375
20261201,Target-exact-global-2,exact,global,0.3,48,579,1.0,0.6375
20261201,Target-exact-global-2,exact,global,0.3,49,583,1.0,0.6375
20261201,Target-exact-global-2,exact,global,0.3,50,497,0.9999999999999999,0.9793138905494713
20261201,Target-exact-partial-1,exact,partial,0.3,1,493,1.0,0.9863914979330513
20261201,Target-exact-partial-1,exact,partial,0.3,2,489,1.0,0.9827128937918403
20261201,Target-exact-partial-1,exact,partial,0.3,3,485,1.0,0.9818860103102045
20261201,Target-exact-partial-1,exact,partial,0.3,4,497,1.0,0.9793138903475845
20261201,Target-exact-partial-1,exact,partial,0.3,5,481,1.0,0.978714769246617
20261201,Target-exact-partial-1,exact,partial,0.3,6,98,1.0,0.9776743114284686
20261201,Target-exact-partial-1,exact,partial,0.3,7,190,1.0,0.9736258549150149
20261201,Target-exact-partial-1,exact,partial,0.3,8,525,1.0,0.9671189103341421
20261201,Target-exact-partial-1,exact,partial,0.3,9,297,1.0,0.956650345038019
20261201,Target-exact-partial-1,exact,partial,0.3,10,386,1.0,0.9492665224930724
20261201,Target-exact-partial-1,exact,partial,0.3,11,477,1.0,0.9761590281278978
20261201,Target-exact-partial-1,exact,partial,0.3,12,82,1.0,0.9759970275533612
20261201,Target-exact-partial-1,exact,partial,0.3,13,86,1.0,0.9743957229793776
20261201,Target-exact-partial-1,exact,partial,0.3,14,401,1.0,0.9738854474345406
20261201,Target-exact-partial-1,exact,partial,0.3,15,90,1.0,0.9728933499047149
20261201,Target-exact-partial-1,exact,partial,0.3,16,78,1.0,0.9728426930663576
20261201,Target-exact-partial-1,exact,partial,0.3,17,198,1.0,0.9727249935071889
20261201,Target-exact-partial-1,exact,partial,0.3,18,473,1.0,0.9716647390779716
20261201,Target-exact-partial-1,exact,partial,0.3,19,194,1.0,0.9697901703348681
20261201,Target-exact-partial-1,exact,partial,0.3,20,186,1.0,0.9670576654217562
20261201,Target-exact-partial-1,exact,partial,0.3,21,70,1.0,0.9664396724341484
20261201,Target-exact-partial-1,exact,partial,0.3,22,26,1.0,0.9654800666292994
20261201,Target-exact-partial-1,exact,partial,0.3,23,74,1.0,0.9634942508271562
20261201,Target-exact-partial-1,exact,partial,0.3,24,417,1.0,0.9608749897710331
20261201,Target-exact-partial-1,exact,partial,0.3,25,491,1.0,0.958272929628033
20261201,Target-exact-partial-1,exact,partial,0.3,26,433,1.0,0.957738867644611
20261201,Target-exact-partial-1,exact,partial,0.3,27,289,1.0,0.9566321543595726
20261201,Target-exact-partial-1,exact,partial,0.3,28,430,1.0,0.9495527391347514
20261201,Target-exact-partial-1,exact,partial,0.3,29,178,1.0,0.9011596175408478
20261201,Target-exact-partial-1,exact,partial,0.3,30,285,1.0,0.8977398342139227
20261201,Target-exact-partial-1,exact,partial,0.3,31,10,1.0,0.8946575689545653
20261201,Target-exact-partial-1,exact,partial,0.3,32,390,1.0,0.8896926489954742
20261201,Target-exact-partial-1,exact,partial,0.3,33,394,1.0,0.8951379443545184
20261201,Target-exact-partial-1,exact,partial,0.3,34,398,1.0,0.9012934056711956
20261201,Target-exact-partial-1,exact,partial,0.3,35,182,1.0,0.8891742204241568
20261201,Target-exact-partial-1,exact,partial,0.3,36,293,1.0,0.8867494680194274
20261201,Target-exact-partial-1,exact,partial,0.3,37,170,1.0,0.8773808912195229
20261201,Target-exact-partial-1,exact,partial,0.3,38,277,1.0,0.871491445745522
20261201,Target-exact-partial-1,exact,partial,0.3,39,174,1.0,0.8645082901008891
20261201,Target-exact-partial-1,exact,partial,0.3,40,388,1.0,0.8500000000000001
20261201,Target-exact-partial-1,exact,partial,0.3,41,396,1.0,0.8500000000000001
20261201,Target-exact-partial-1,exact,partial,0.3,42,287,1.0,0.85
20261201,Target-exact-partial-1,exact,partial,0.3,43,295,1.0,0.85
20261201,Target-exact-partial-1,exact,partial,0.3,44,88,1.0,0.8499999999999999
20261201,Target-exact-partial-1,exact,partial,0.3,45,92,1.0,0.8499999999999999
20261201,Target-exact-partial-1,exact,partial,0.3,46,94,1.0,0.8499999999999999
20261201,Target-exact-partial-1,exact,partial,0.3,47,96,1.0,0.8499999999999999
20261201,Target-exact-partial-1,exact,partial,0.3,48,5,1.0,0.8350936662524648
20261201,Target-exact-partial-1,exact,partial,0.3,49,37,1.0,0.6897291755516242
20261201,Target-exact-partial-1,exact,partial,0.3,50,192,1.0,0.684229025560186
20261201,Target-exact-partial-2,exact,partial,0.3,1,493,1.0,0.9863914979330513
20261201,Target-exact-partial-2,exact,partial,0.3,2,489,1.0,0.9827128937918403
20261201,Target-exact-partial-2,exact,partial,0.3,3,485,1.0,0.9818860103102045
20261201,Target-exact-partial-2,exact,partial,0.3,4,497,1.0,0.9793138903475845
20261201,Target-exact-partial-2,exact,partial,0.3,5,481,1.0,0.978714769246617
20261201,Target-exact-partial-2,exact,partial,0.3,6,98,1.0,0.9776743114284686
20261201,Target-exact-partial-2,exact,partial,0.3,7,190,1.0,0.9736258549150149
20261201,Target-exact-partial-2,exact,partial,0.3,8,525,1.0,0.9671189103341421
20261201,Target-exact-partial-2,exact,partial,0.3,9,297,1.0,0.956650345038019
20261201,Target-exact-partial-2,exact,partial,0.3,10,386,1.0,0.9492665224930724
20261201,Target-exact-partial-2,exact,partial,0.3,11,477,1.0,0.9761590281278978
20261201,Target-exact-partial-2,exact,partial,0.3,12,82,1.0,0.9759982049043598
20261201,Target-exact-partial-2,exact,partial,0.3,13,86,1.0,0.9743986540757286
20261201,Target-exact-partial-2,exact,partial,0.3,14,401,1.0,0.9738854474345406
20261201,Target-exact-partial-2,exact,partial,0.3,15,90,1.0,0.9729000594373336
20261201,Target-exact-partial-2,exact,partial,0.3,16,78,1.0,0.9728530872277074
20261201,Target-exact-partial-2,exact,partial,0.3,17,198,1.0,0.9727388837760153
20261201,Target-exact-partial-2,exact,partial,0.3,18,473,1.0,0.9716647390779716
20261201,Target-exact-partial-2,exact,partial,0.3,19,194,1.0,0.9698170539151973
20261201,Target-exact-partial-2,exact,partial,0.3,20,186,1.0,0.9671204917568881
20261201,Target-exact-partial-2,exact,partial,0.3,21,178,1.0000000000000002,0.9019939456920312
20261201,Target-exact-partial-2,exact,partial,0.3,22,533,1.0,0.9667789444851613
20261201,Target-exact-partial-2,exact,partial,0.3,23,70,1.0,0.9664580574798884
20261201,Target-exact-partial-2,exact,partial,0.3,24,26,1.0,0.9655046096714115
20261201,Target-exact-partial-2,exact,partial,0.3,25,74,1.0,0.9635395117699694
20261201,Target-exact-partial-2,exact,partial,0.3,26,417,1.0,0.9608749897710331
20261201,Target-exact-partial-2,exact,partial,0.3,27,491,1.0,0.958272929628033
20261201,Target-exact-partial-2,exact,partial,0.3,28,433,1.0,0.957738867644611
20261201,Target-exact-partial-2,exact,partial,0.3,29,289,1.0,0.956636177226688
20261201,Target-exact-partial-2,exact,partial,0.3,30,430,1.0,0.9495527391347514
20261201,Target-exact-partial-2,exact,partial,0.3,31,174,1.0,0.9096055090719044
20261201,Target-exact-partial-2,exact,partial,0.3,32,170,1.0,0.9192999584410404
20261201,Target-exact-partial-2,exact,partial,0.3,33,285,1.0,0.8978681182554817
20261201,Target-exact-partial-2,exact,partial,0.3,34,293,1.0,0.9044579323329768
20261201,Target-exact-partial-2,exact,partial,0.3,35,277,1.0,0.9084869585294424
20261201,Target-exact-partial-2,exact,partial,0.3,36,517,1.0,0.8962253766984467
20261201,Target-exact-partial-2,exact,partial,0.3,37,10,1.0,0.8953111921914017
20261201,Target-exact-partial-2,exact,partial,0.3,38,390,1.0,0.8896926489954742
20261201,Target-exact-partial-2,exact,partial,0.3,39,394,1.0,0.8951379443545184
20261201,Target-exact-partial-2,exact,partial,0.3,40,398,1.0,0.9012934056711956
20261201,Target-exact-partial-2,exact,partial,0.3,41,5,1.0,0.8613546817605211
20261201,Target-exact-partial-2,exact,partial,0.3,42,388,1.0,0.8500000000000001
20261201,Target-exact-partial-2,exact,partial,0.3,43,396,1.0,0.8500000000000001
20261201,Target-exact-partial-2,exact,partial,0.3,44,287,1.0,0.85
20261201,Target-exact-partial-2,exact,partial,0.3,45,295,1.0,0.85
20261201,Target-exact-partial-2,exact,partial,0.3,46,509,1.0,0.85
20261201,Target-exact-partial-2,exact,partial,0.3,47,573,1.0,0.85
20261201,Target-exact-partial-2,exact,partial,0.3,48,577,1.0,0.85
20261201,Target-exact-partial-2,exact,partial,0.3,49,581,1.0,0.85
20261201,Target-exact-partial-2,exact,partial,0.3,50,585,1.0,0.85
20261201,Target-exact-full-1,exact,full,0.3,1,493,1.0,0.9863914979330513
20261201,Target-exact-full-1,exact,full,0.3,2,489,1.0,0.9827128927999691
20261201,Target-exact-full-1,exact,full,0.3,3,485,1.0,0.9818860074968732
20261201,Target-exact-full-1,exact,full,0.3,4,497,1.0,0.9793138852029406
20261201,Target-exact-full-1,exact,full,0.3,5,481,1.0,0.9787147617832113
20261201,Target-exact-full-1,exact,full,0.3,6,98,1.0,0.9776743114284686
20261201,Target-exact-full-1,exact,full,0.3,7,190,1.0,0.9736258549150149
20261201,Target-exact-full-1,exact,full,0.3,8,525,1.0,0.9671189103341421
20261201,Target-exact-full-1,exact,full,0.3,9,297,1.0,0.956650345038019
20261201,Target-exact-full-1,exact,full,0.3,10,386,1.0,0.9492665224930724
20261201,Target-exact-full-1,exact,full,0.3,11,477,1.0,0.9761590049633746
20261201,Target-exact-full-1,exact,full,0.3,12,82,1.0,0.9759970275533612
20261201,Target-exact-full-1,exact,full,0.3,13,86,1.0,0.9743957229793776
20261201,Target-exact-full-1,exact,full,0.3,14,401,1.0,0.9738853517899888
20261201,Target-exact-full-1,exact,full,0.3,15,90,1.0,0.9728933499047149
20261201,Target-exact-full-1,exact,full,0.3,16,78,1.0,0.9728426930663576
20261201,Target-exact-full-1,exact,full,0.3,17,198,1.0,0.9727370376098328
20261201,Target-exact-full-1,exact,full,0.3,18,473,1.0,0.9716646107790897
20261201,Target-exact-full-1,exact,full,0.3,19,533,1.0,0.9667789444851613
20261201,Target-exact-full-1,exact,full,0.3,20,70,1.0,0.9664396724341484
20261201,Target-exact-full-1,exact,full,0.3,21,26,1.0,0.9654800666292994
20261201,Target-exact-full-1,exact,full,0.3,22,74,1.0,0.9634942508271562
20261201,Target-exact-full-1,exact,full,0.3,23,417,1.0,0.9608740344269626
20261201,Target-exact-full-1,exact,full,0.3,24,491,1.0,0.9582699100646654
20261201,Target-exact-full-1,exact,full,0.3,25,433,1.0,0.9577367267320345
20261201,Target-exact-full-1,exact,full,0.3,26,289,1.0,0.9566363709372616
20261201,Target-exact-full-1,exact,full,0.3,27,430,1.0,0.9495462859425474
20261201,Target-exact-full-1,exact,full,0.3,28,499,1.0,0.9470839370464995
20261201,Target-exact-full-1,exact,full,0.3,29,487,1.0,0.9249676435237777
20261201,Target-exact-full-1,exact,full,0.3,30,421,1.0,0.908593240508657
20261201,Target-exact-full-1,exact,full,0.3,31,285,1.0,0.8978744041502602
20261201,Target-exact-full-1,exact,full,0.3,32,517,1.0,0.8962253766984467
20261201,Target-exact-full-1,exact,full,0.3,33,425,1.0,0.895128298729919
20261201,Target-exact-full-1,exact,full,0.3,34,10,1.0,0.8946575689545653
20261201,Target-exact-full-1,exact,full,0.3,35,495,1.0,0.8918555879180039
20261201,Target-exact-full-1,exact,full,0.3,36,390,1.0,0.8896926489954742
20261201,Target-exact-full-1,exact,full,0.3,37,394,1.0,0.8951379443545184
20261201,Target-exact-full-1,exact,full,0.3,38,398,1.0,0.9012934056711956
20261201,Target-exact-full-1,exact,full,0.3,39,409,1.0,0.8823366875678873
20261201,Target-exact-full-1,exact,full,0.3,40,388,1.0,0.8500000000000001
20261201,Target-exact-full-1,exact,full,0.3,41,396,1.0,0.8500000000000001
20261201,Target-exact-full-1,exact,full,0.3,42,509,1.0,0.85
20261201,Target-exact-full-1,exact,full,0.3,43,573,1.0,0.85
20261201,Target-exact-full-1,exact,full,0.3,44,577,1.0,0.85
20261201,Target-exact-full-1,exact,full,0.3,45,581,1.0,0.85
20261201,Target-exact-full-1,exact,full,0.3,46,585,1.0,0.85
20261201,Target-exact-full-1,exact,full,0.3,47,587,1.0,0.85
20261201,Target-exact-full-1,exact,full,0.3,48,589,1.0,0.85
20261201,Target-exact-full-1,exact,full,0.3,49,591,1.0,0.85
20261201,Target-exact-full-1,exact,full,0.3,50,593,1.0,0.85
20261201,Target-exact-full-2,exact,full,0.3,1,493,1.0,0.9863914979330513
20261201,Target-exact-full-2,exact,full,0.3,2,489,1.0,0.9827128938307512
20261201,Target-exact-full-2,exact,full,0.3,3,485,1.0,0.9818860104209151
20261201,Target-exact-full-2,exact,full,0.3,4,98,1.0,0.9776743114284686
20261201,Target-exact-full-2,exact,full,0.3,5,82,1.0,0.9759982049043598
20261201,Target-exact-full-2,exact,full,0.3,6,86,1.0,0.9743986540757286
20261201,Target-exact-full-2,exact,full,0.3,7,190,1.0,0.9736258549150149
20261201,Target-exact-full-2,exact,full,0.3,8,525,1.0,0.9671189103341421
20261201,Target-exact-full-2,exact,full,0.3,9,297,1.0,0.956650345038019
20261201,Target-exact-full-2,exact,full,0.3,10,386,1.0,0.9492665224930724
20261201,Target-exact-full-2,exact,full,0.3,11,90,1.0,0.9729000594373336
20261201,Target-exact-full-2,exact,full,0.3,12,78,1.0,0.9728530872277074
20261201,Target-exact-full-2,exact,full,0.3,13,198,1.0,0.9727249935071889
20261201,Target-exact-full-2,exact,full,0.3,14,194,1.0,0.9697901703348681
20261201,Target-exact-full-2,exact,full,0.3,15,186,1.0,0.9670576654217562
20261201,Target-exact-full-2,exact,full,0.3,16,70,1.0,0.9664580574798884
20261201,Target-exact-full-2,exact,full,0.3,17,26,1.0,0.9655046096714115
20261201,Target-exact-full-2,exact,full,0.3,18,74,1.0,0.9635395117699694
20261201,Target-exact-full-2,exact,full,0.3,19,289,1.0,0.956636177226688
20261201,Target-exact-full-2,exact,full,0.3,20,178,1.0,0.9011596175408478
20261201,Target-exact-full-2,exact,full,0.3,21,285,1.0,0.8978681182554817
20261201,Target-exact-full-2,exact,full,0.3,22,293,1.0,0.9044579323329768
20261201,Target-exact-full-2,exact,full,0.3,23,277,1.0,0.9084869585294424
20261201,Target-exact-full-2,exact,full,0.3,24,10,1.0,0.8953111921914017
20261201,Target-exact-full-2,exact,full,0.3,25,390,1.0,0.8896134117277621
20261201,Target-exact-full-2,exact,full,0.3,26,182,1.0,0.8891742204241568
20261201,Target-exact-full-2,exact,full,0.3,27,170,1.0,0.8773808912195229
20261201,Target-exact-full-2,exact,full,0.3,28,394,1.0,0.8755275154238946
20261201,Target-exact-full-2,exact,full,0.3,29,174,1.0,0.8645082901008891
20261201,Target-exact-full-2,exact,full,0.3,30,5,1.0,0.8613546817605211
20261201,Target-exact-full-2,exact,full,0.3,31,398,1.0,0.8610711006215128
20261201,Target-exact-full-2,exact,full,0.3,32,287,1.0,0.85
20261201,Target-exact-full-2,exact,full,0.3,33,295,1.0,0.85
20261201,Target-exact-full-2,exact,full,0.3,34,192,1.0,0.684229025560186
20261201,Target-exact-full-2,exact,full,0.3,35,188,1.0000000000000002,0.6536854553933864
20261201,Target-exact-full-2,exact,full,0.3,36,299,1.0,0.6415557045024618
20261201,Target-exact-full-2,exact,full,0.3,37,291,1.0,0.6375
20261201,Target-exact-full-2,exact,full,0.3,38,497,0.9999999999999999,0.9793138905494713
20261201,Target-exact-full-2,exact,full,0.3,39,481,1.0,0.9787147695399081
20261201,Target-exact-full-2,exact,full,0.3,40,477,1.0,0.9761590290391355
20261201,Target-exact-full-2,exact,full,0.3,41,401,1.0,0.973885451042483
20261201,Target-exact-full-2,exact,full,0.3,42,473,1.0,0.9716647436566985
20261201,Target-exact-full-2,exact,full,0.3,43,417,1.0,0.9608750271341975
20261201,Target-exact-full-2,exact,full,0.3,44,491,1.0,0.9582730510407008
20261201,Target-exact-full-2,exact,full,0.3,45,433,1.0,0.9577389520494983
20261201,Target-exact-full-2,exact,full,0.3,46,430,1.0,0.9495529929876602
20261201,Target-exact-full-2,exact,full,0.3,47,499,1.0,0.9470931915873588
20261201,Target-exact-full-2,exact,full,0.3,48,533,0.9999999999999999,0.9667811915433374
20261201,Target-exact-full-2,exact,full,0.3,49,517,1.0,0.8962201195598439
20261201,Target-exact-full-2,exact,full,0.3,50,509,1.0,0.8499999999999999
20261201,Target-interpolated-global-1,interpolated,global,0.3,1,493,1.0,0.9863914979330513
20261201,Target-interpolated-global-1,interpolated,global,0.3,2,489,1.0,0.9827128937918403
20261201,Target-interpolated-global-1,interpolated,global,0.3,3,485,1.0,0.9818860103102045
20261201,Target-interpolated-global-1,interpolated,global,0.3,4,497,1.0,0.9793138903475845
20261201,Target-interpolated-global-1,interpolated,global,0.3,5,481,1.0,0.978714769246617
20261201,Target-interpolated-global-1,interpolated,global,0.3,6,98,1.0,0.9776743114284686
20261201,Target-interpolated-global-1,interpolated,global,0.3,7,190,1.0,0.9736258549150149
20261201,Target-interpolated-global-1,interpolated,global,0.3,8,525,1.0,0.9671189103341421
20261201,Target-interpolated-global-1,interpolated,global,0.3,9,297,1.0,0.956650345038019
20261201,Target-interpolated-global-1,interpolated,global,0.3,10,386,1.0,0.9492665224930724
20261201,Target-interpolated-global-1,interpolated,global,0.3,11,477,1.0,0.9761590281278978
20261201,Target-interpolated-global-1,interpolated,global,0.3,12,82,1.0,0.9759979107680035
20261201,Target-interpolated-global-1,interpolated,global,0.3,13,86,1.0,0.9743980092760853
20261201,Target-interpolated-global-1,interpolated,global,0.3,14,401,1.0,0.9738854474345406
20261201,Target-interpolated-global-1,interpolated,global,0.3,15,90,1.0,0.9728987060714389
20261201,Target-interpolated-global-1,interpolated,global,0.3,16,78,1.0,0.9728507961772861
20261201,Target-interpolated-global-1,interpolated,global,0.3,17,198,1.0,0.9727349361315206
20261201,Target-interpolated-global-1,interpolated,global,0.3,18,473,1.0,0.9716647390779716
20261201,Target-interpolated-global-1,interpolated,global,0.3,19,194,1.0,0.969808944174375
20261201,Target-interpolated-global-1,interpolated,global,0.3,20,186,1.0,0.9671006492523
20261201,Target-interpolated-global-1,interpolated,global,0.3,21,70,1.0,0.9664541108658866
20261201,Target-interpolated-global-1,interpolated,global,0.3,22,26,1.0,0.9654983394905331
20261201,Target-interpolated-global-1,interpolated,global,0.3,23,417,1.0,0.9608749897710331
20261201,Target-interpolated-global-1,interpolated,global,0.3,24,289,1.0,0.9566348943511289
20261201,Target-interpolated-global-1,interpolated,global,0.3,25,178,1.0,0.9016845561046405
20261201,Target-interpolated-global-1,interpolated,global,0.3,26,174,1.0,0.9082604003002864
20261201,Target-interpolated-global-1,interpolated,global,0.3,27,170,1.0,0.9169486583279423
20261201,Target-interpolated-global-1,interpolated,global,0.3,28,182,1.0,0.9239819673500707
20261201,Target-interpolated-global-1,interpolated,global,0.3,29,285,1.0,0.8978353569135746
20261201,Target-interpolated-global-1,interpolated,global,0.3,30,293,1.0,0.9038258360913995
20261201,Target-interpolated-global-1,interpolated,global,0.3,31,277,1.0,0.9069395665266051
20261201,Target-interpolated-global-1,interpolated,global,0.3,32,287,1.0,0.8500000000000001
20261201,Target-interpolated-global-1,interpolated,global,0.3,33,295,1.0,0.8500000000000001
20261201,Target-interpolated-global-1,interpolated,global,0.3,34,192,1.0,0.7245848834516374
20261201,Target-interpolated-global-1,interpolated,global,0.3,35,188,1.0,0.669062595910989
20261201,Target-interpolated-global-1,interpolated,global,0.3,36,299,1.0,0.6411307176228503
20261201,Target-interpolated-global-1,interpolated,global,0.3,37,291,1.0,0.6374999999999998
20261201,Target-interpolated-global-1,interpolated,global,0.3,38,533,0.9999999999999999,0.9667693266639863
20261201,Target-interpolated-global-1,interpolated,global,0.3,39,517,1.0,0.8959816110558216
20261201,Target-interpolated-global-1,interpolated,global,0.3,40,509,1.0,0.8499999999999999
20261201,Target-interpolated-global-1,interpolated,global,0.3,41,573,1.0,0.8499999999999999
20261201,Target-interpolated-global-1,interpolated,global,0.3,42,577,1.0,0.8499999999999999
20261201,Target-interpolated-global-1,interpolated,global,0.3,43,581,1.0,0.8499999999999999
20261201,Target-interpolated-global-1,interpolated,global,0.3,44,585,1.0,0.8499999999999999
20261201,Target-interpolated-global-1,interpolated,global,0.3,45,587,1.0,0.8499999999999999
20261201,Target-interpolated-global-1,interpolated,global,0.3,46,589,1.0,0.8499999999999999
20261201,Target-interpolated-global-1,interpolated,global,0.3,47,591,1.0,0.8499999999999999
20261201,Target-interpolated-global-1,interpolated,global,0.3,48,593,1.0,0.8499999999999999
20261201,Target-interpolated-global-1,interpolated,global,0.3,49,595,1.0,0.8499999999999999
20261201,Target-interpolated-global-1,interpolated,global,0.3,50,597,1.0,0.8499999999999999
20261201,Target-interpolated-global-2,interpolated,global,0.3,1,493,1.0,0.9863914979330513
20261201,Target-interpolated-global-2,interpolated,global,0.3,2,489,1.0,0.9827128937918403
20261201,Target-interpolated-global-2,interpolated,global,0.3,3,485,1.0,0.9818860103102045
20261201,Target-interpolated-global-2,interpolated,global,0.3,4,497,1.0,0.9793138903475845
20261201,Target-interpolated-global-2,interpolated,global,0.3,5,481,1.0,0.978714769246617
20261201,Target-interpolated-global-2,interpolated,global,0.3,6,98,1.0,0.9776743114284686
20261201,Target-interpolated-global-2,interpolated,global,0.3,7,190,1.0,0.9736258549150149
20261201,Target-interpolated-global-2,interpolated,global,0.3,8,525,1.0,0.9671189103341421
20261201,Target-interpolated-global-2,interpolated,global,0.3,9,297,1.0,0.956650345038019
20261201,Target-interpolated-global-2,interpolated,global,0.3,10,386,1.0,0.9492665224930724
20261201,Target-interpolated-global-2,interpolated,global,0.3,11,477,1.0,0.9761590281278978
20261201,Target-interpolated-global-2,interpolated,global,0.3,12,82,1.0,0.9759979107680035
20261201,Target-interpolated-global-2,interpolated,global,0.3,13,86,1.0,0.9743980092760853
20261201,Target-interpolated-global-2,interpolated,global,0.3,14,401,1.0,0.9738854474345406
20261201,Target-interpolated-global-2,interpolated,global,0.3,15,90,1.0,0.9728987060714389
20261201,Target-interpolated-global-2,interpolated,global,0.3,16,198,1.0,0.9727370376098328
20261201,Target-interpolated-global-2,interpolated,global,0.3,17,473,1.0,0.9716647390779716
20261201,Target-interpolated-global-2,interpolated,global,0.3,18,417,1.0,0.9608749897710331
20261201,Target-interpolated-global-2,interpolated,global,0.3,19,491,1.0,0.958272929628033
20261201,Target-interpolated-global-2,interpolated,global,0.3,20,433,1.0,0.957738867644611
20261201,Target-interpolated-global-2,interpolated,global,0.3,21,289,1.0,0.956636177226688
20261201,Target-interpolated-global-2,interpolated,global,0.3,22,430,1.0,0.9495527391347514
20261201,Target-interpolated-global-2,interpolated,global,0.3,23,285,1.0,0.8978681182554817
20261201,Target-interpolated-global-2,interpolated,global,0.3,24,293,1.0,0.9044579323329768
20261201,Target-interpolated-global-2,interpolated,global,0.3,25,277,1.0,0.9084869585294424
20261201,Target-interpolated-global-2,interpolated,global,0.3,26,390,1.0,0.8896926489954742
20261201,Target-interpolated-global-2,interpolated,global,0.3,27,394,1.0,0.8951379443545184
20261201,Target-interpolated-global-2,interpolated,global,0.3,28,398,1.0,0.9012934056711956
20261201,Target-interpolated-global-2,interpolated,global,0.3,29,287,1.0,0.85
20261201,Target-interpolated-global-2,interpolated,global,0.3,30,295,1.0,0.85
20261201,Target-interpolated-global-2,interpolated,global,0.3,31,299,1.0,0.641552637949618
20261201,Target-interpolated-global-2,interpolated,global,0.3,32,291,1.0,0.6375
20261201,Target-interpolated-global-2,interpolated,global,0.3,33,78,0.9999999999999999,0.9728512635724931
20261201,Target-interpolated-global-2,interpolated,global,0.3,34,194,0.9999999999999999,0.9698142672113796
20261201,Target-interpolated-global-2,interpolated,global,0.3,35,186,1.0,0.9671146627575313
20261201,Target-interpolated-global-2,interpolated,global,0.3,36,178,1.0,0.901911876926844
20261201,Target-interpolated-global-2,interpolated,global,0.3,37,174,1.0,0.9094835488924957
20261201,Target-interpolated-global-2,interpolated,global,0.3,38,170,1.0,0.9193291085526074
20261201,Target-interpolated-global-2,interpolated,global,0.3,39,182,1.0,0.9268155099964095
20261201,Target-interpolated-global-2,interpolated,global,0.3,40,192,1.0,0.7263690395364625
20261201,Target-interpolated-global-2,interpolated,global,0.3,41,188,1.0,0.6697754245219929
20261201,Target-interpolated-global-2,interpolated,global,0.3,42,533,0.9999999999999999,0.9667811915433374
20261201,Target-interpolated-global-2,interpolated,global,0.3,43,517,1.0,0.8962201195598439
20261201,Target-interpolated-global-2,interpolated,global,0.3,44,509,1.0,0.8500000000000001
20261201,Target-interpolated-global-2,interpolated,global,0.3,45,573,1.0,0.8500000000000001
20261201,Target-interpolated-global-2,interpolated,global,0.3,46,577,1.0,0.8500000000000001
20261201,Target-interpolated-global-2,interpolated,global,0.3,47,581,1.0,0.8500000000000001
20261201,Target-interpolated-global-2,interpolated,global,0.3,48,585,1.0,0.8500000000000001
20261201,Target-interpolated-global-2,interpolated,global,0.3,49,587,1.0,0.8500000000000001
20261201,Target-interpolated-global-2,interpolated,global,0.3,50,589,1.0,0.8500000000000001
20261201,Target-interpolated-partial-1,interpolated,partial,0.3,1,493,1.0,0.9863914979330513
20261201,Target-interpolated-partial-1,interpolated,partial,0.3,2,489,1.0,0.9827128937918403
20261201,Target-interpolated-partial-1,interpolated,partial,0.3,3,485,1.0,0.9818860103102045
20261201,Target-interpolated-partial-1,interpolated,partial,0.3,4,497,1.0,0.9793138903475845
20261201,Target-interpolated-partial-1,interpolated,partial,0.3,5,481,1.0,0.978714769246617
20261201,Target-interpolated-partial-1,interpolated,partial,0.3,6,98,1.0,0.9776743114284686
20261201,Target-interpolated-partial-1,interpolated,partial,0.3,7,190,1.0,0.9736258549150149
20261201,Target-interpolated-partial-1,interpolated,partial,0.3,8,525,1.0,0.9671189103341421
20261201,Target-interpolated-partial-1,interpolated,partial,0.3,9,297,1.0,0.956650345038019
20261201,Target-interpolated-partial-1,interpolated,partial,0.3,10,386,1.0,0.9492665224930724
20261201,Target-interpolated-partial-1,interpolated,partial,0.3,11,477,1.0,0.9761590281278978
20261201,Target-interpolated-partial-1,interpolated,partial,0.3,12,82,1.0,0.9759979107680035
20261201,Target-interpolated-partial-1,interpolated,partial,0.3,13,86,1.0,0.9743977273903226
20261201,Target-interpolated-partial-1,interpolated,partial,0.3,14,401,1.0,0.9738854474345406
20261201,Target-interpolated-partial-1,interpolated,partial,0.3,15,90,1.0,0.9728979588623462
20261201,Target-interpolated-partial-1,interpolated,partial,0.3,16,78,1.0,0.972849556716822
20261201,Target-interpolated-partial-1,interpolated,partial,0.3,17,198,1.0,0.9727334041151088
20261201,Target-interpolated-partial-1,interpolated,partial,0.3,18,473,1.0,0.9716647390779716
20261201,Target-interpolated-partial-1,interpolated,partial,0.3,19,194,1.0,0.9698057013497161
20261201,Target-interpolated-partial-1,interpolated,partial,0.3,20,186,1.0,0.9670926989714298
20261201,Target-interpolated-partial-1,interpolated,partial,0.3,21,70,1.0,0.9664518188720511
20261201,Target-interpolated-partial-1,interpolated,partial,0.3,22,26,1.0,0.96549526777447
20261201,Target-interpolated-partial-1,interpolated,partial,0.3,23,74,1.0,0.9635219658973284
20261201,Target-interpolated-partial-1,interpolated,partial,0.3,24,417,1.0,0.9608749897710331
20261201,Target-interpolated-partial-1,interpolated,partial,0.3,25,491,1.0,0.958272929628033
20261201,Target-interpolated-partial-1,interpolated,partial,0.3,26,433,1.0,0.957738867644611
20261201,Target-interpolated-partial-1,interpolated,partial,0.3,27,289,1.0,0.9566343402406811
20261201,Target-interpolated-partial-1,interpolated,partial,0.3,28,430,1.0,0.9495527391347514
20261201,Target-interpolated-partial-1,interpolated,partial,0.3,29,178,1.0,0.9015913234404032
20261201,Target-interpolated-partial-1,interpolated,partial,0.3,30,174,1.0,0.9079403417321181
20261201,Target-interpolated-partial-1,interpolated,partial,0.3,31,170,1.0,0.9163629609635977
20261201,Target-interpolated-partial-1,interpolated,partial,0.3,32,285,1.0,0.8978212063440747
20261201,Target-interpolated-partial-1,interpolated,partial,0.3,33,293,1.0,0.9036411017690058
20261201,Target-interpolated-partial-1,interpolated,partial,0.3,34,277,1.0,0.9066041554042715
20261201,Target-interpolated-partial-1,interpolated,partial,0.3,35,10,1.0,0.8950278335716331
20261201,Target-interpolated-partial-1,interpolated,partial,0.3,36,390,1.0,0.8896926489954742
20261201,Target-interpolated-partial-1,interpolated,partial,0.3,37,394,1.0,0.8951379443545184
20261201,Target-interpolated-partial-1,interpolated,partial,0.3,38,398,1.0,0.9012934056711956
20261201,Target-interpolated-partial-1,interpolated,partial,0.3,39,5,1.0,0.8593835014666755
20261201,Target-interpolated-partial-1,interpolated,partial,0.3,40,287,1.0,0.8500000000000001
20261201,Target-interpolated-partial-1,interpolated,partial,0.3,41,295,1.0,0.8500000000000001
20261201,Target-interpolated-partial-1,interpolated,partial,0.3,42,388,1.0,0.8500000000000001
20261201,Target-interpolated-partial-1,interpolated,partial,0.3,43,396,1.0,0.8500000000000001
20261201,Target-interpolated-partial-1,interpolated,partial,0.3,44,392,1.0,0.6493862689237355
20261201,Target-interpolated-partial-1,interpolated,partial,0.3,45,299,1.0,0.641115167978922
20261201,Target-interpolated-partial-1,interpolated,partial,0.3,46,291,1.0,0.6375
20261201,Target-interpolated-partial-1,interpolated,partial,0.3,47,533,0.9999999999999999,0.9667811915433374
20261201,Target-interpolated-partial-1,interpolated,partial,0.3,48,517,1.0,0.8962201195598439
20261201,Target-interpolated-partial-1,interpolated,partial,0.3,49,509,1.0,0.8499999999999999
20261201,Target-interpolated-partial-1,interpolated,partial,0.3,50,573,1.0,0.8499999999999999
20261201,Target-interpolated-partial-2,interpolated,partial,0.3,1,493,1.0,0.9863914979330513
20261201,Target-interpolated-partial-2,interpolated,partial,0.3,2,489,1.0,0.9827128937918403
20261201,Target-interpolated-partial-2,interpolated,partial,0.3,3,485,1.0,0.9818860103102045
20261201,Target-interpolated-partial-2,interpolated,partial,0.3,4,497,1.0,0.9793138903475845
20261201,Target-interpolated-partial-2,interpolated,partial,0.3,5,481,1.0,0.978714769246617
20261201,Target-interpolated-partial-2,interpolated,partial,0.3,6,98,1.0,0.9776743114284686
20261201,Target-interpolated-partial-2,interpolated,partial,0.3,7,190,1.0,0.9736258549150149
20261201,Target-interpolated-partial-2,interpolated,partial,0.3,8,525,1.0,0.9671189103341421
20261201,Target-interpolated-partial-2,interpolated,partial,0.3,9,297,1.0,0.956650345038019
20261201,Target-interpolated-partial-2,interpolated,partial,0.3,10,386,1.0,0.9492665224930724
20261201,Target-interpolated-partial-2,interpolated,partial,0.3,11,477,1.0,0.9761590281278978
20261201,Target-interpolated-partial-2,interpolated,partial,0.3,12,82,1.0,0.9759979107680035
20261201,Target-interpolated-partial-2,interpolated,partial,0.3,13,86,1.0,0.9743980092760853
20261201,Target-interpolated-partial-2,interpolated,partial,0.3,14,401,1.0,0.9738854474345406
20261201,Target-interpolated-partial-2,interpolated,partial,0.3,15,90,1.0,0.9728987060714389
20261201,Target-interpolated-partial-2,interpolated,partial,0.3,16,198,1.0,0.9727370376098328
20261201,Target-interpolated-partial-2,interpolated,partial,0.3,17,473,1.0,0.9716647390779716
20261201,Target-interpolated-partial-2,interpolated,partial,0.3,18,417,1.0,0.9608749897710331
20261201,Target-interpolated-partial-2,interpolated,partial,0.3,19,491,1.0,0.9582726680688247
20261201,Target-interpolated-partial-2,interpolated,partial,0.3,20,433,1.0,0.9577387136374234
20261201,Target-interpolated-partial-2,interpolated,partial,0.3,21,289,1.0,0.9566354534816173
20261201,Target-interpolated-partial-2,interpolated,partial,0.3,22,430,1.0,0.9495523006623617
20261201,Target-interpolated-partial-2,interpolated,partial,0.3,23,499,1.0,0.9470923631526422
20261201,Target-interpolated-partial-2,interpolated,partial,0.3,24,487,1.0,0.924989019685221
20261201,Target-interpolated-partial-2,interpolated,partial,0.3,25,421,1.0,0.9089990972718063
20261201,Target-interpolated-partial-2,interpolated,partial,0.3,26,425,1.0,0.9133392817973751
20261201,Target-interpolated-partial-2,interpolated,partial,0.3,27,409,1.0,0.9186150658647367
20261201,Target-interpolated-partial-2,interpolated,partial,0.3,28,471,1.0,0.9028162461755793
20261201,Target-interpolated-partial-2,interpolated,partial,0.3,29,495,1.0,0.9004905590106016
20261201,Target-interpolated-partial-2,interpolated,partial,0.3,30,285,1.0,0.897849635673573
20261201,Target-interpolated-partial-2,interpolated,partial,0.3,31,479,1.0,0.8975604259969178
20261201,Target-interpolated-partial-2,interpolated,partial,0.3,32,483,1.0000000000000002,0.8869322681754412
20261201,Target-interpolated-partial-2,interpolated,partial,0.3,33,390,1.0,0.8896926489954742
20261201,Target-interpolated-partial-2,interpolated,partial,0.3,34,394,1.0,0.8944395820920066
20261201,Target-interpolated-partial-2,interpolated,partial,0.3,35,475,1.0,0.8693841296999856
20261201,Target-interpolated-partial-2,interpolated,partial,0.3,36,78,0.9999999999999999,0.9728512635724931
20261201,Target-interpolated-partial-2,interpolated,partial,0.3,37,194,0.9999999999999999,0.9698142672113796
20261201,Target-interpolated-partial-2,interpolated,partial,0.3,38,186,1.0,0.9671146627575313
20261201,Target-interpolated-partial-2,interpolated,partial,0.3,39,178,1.0,0.901911876926844
20261201,Target-interpolated-partial-2,interpolated,partial,0.3,40,174,1.0,0.9094835488924957
20261201,Target-interpolated-partial-2,interpolated,partial,0.3,41,170,1.0,0.9193291085526074
20261201,Target-interpolated-partial-2,interpolated,partial,0.3,42,182,1.0,0.9268155099964095
20261201,Target-interpolated-partial-2,interpolated,partial,0.3,43,192,1.0,0.7263386155604732
20261201,Target-interpolated-partial-2,interpolated,partial,0.3,44,188,1.0,0.6697632445983563
20261201,Target-interpolated-partial-2,interpolated,partial,0.3,45,533,0.9999999999999999,0.9667811915433374
20261201,Target-interpolated-partial-2,interpolated,partial,0.3,46,517,1.0,0.8962201195598439
20261201,Target-interpolated-partial-2,interpolated,partial,0.3,47,70,0.9999999999999999,0.9664547280041453
20261201,Target-interpolated-partial-2,interpolated,partial,0.3,48,26,1.0,0.965500199381046
20261201,Target-interpolated-partial-2,interpolated,partial,0.3,49,74,1.0,0.9635317498305167
20261201,Target-interpolated-partial-2,interpolated,partial,0.3,50,10,1.0,0.8952245241461914
20261201,Target-interpolated-full-1,interpolated,full,0.3,1,493,1.0,0.9863914979330513
20261201,Target-interpolated-full-1,interpolated,full,0.3,2,489,1.0,0.9827128937918403
20261201,Target-interpolated-full-1,interpolated,full,0.3,3,485,1.0,0.9818860103102045
20261201,Target-interpolated-full-1,interpolated,full,0.3,4,497,1.0,0.9793138903475845
20261201,Target-interpolated-full-1,interpolated,full,0.3,5,481,1.0,0.978714769246617
20261201,Target-interpolated-full-1,interpolated,full,0.3,6,98,1.0,0.9776743114284686
20261201,Target-interpolated-full-1,interpolated,full,0.3,7,190,1.0,0.9736258549150149
20261201,Target-interpolated-full-1,interpolated,full,0.3,8,525,1.0,0.9671189103341421
20261201,Target-interpolated-full-1,interpolated,full,0.3,9,297,1.0,0.956650345038019
20261201,Target-interpolated-full-1,interpolated,full,0.3,10,386,1.0,0.9492665224930724
20261201,Target-interpolated-full-1,interpolated,full,0.3,11,477,1.0,0.9761590281278978
20261201,Target-interpolated-full-1,interpolated,full,0.3,12,82,1.0,0.9759979107680035
20261201,Target-interpolated-full-1,interpolated,full,0.3,13,86,1.0,0.9743977195943678
20261201,Target-interpolated-full-1,interpolated,full,0.3,14,401,1.0,0.9738854474345406
20261201,Target-interpolated-full-1,interpolated,full,0.3,15,90,1.0,0.9728979385257859
20261201,Target-interpolated-full-1,interpolated,full,0.3,16,78,1.0,0.9728495084662896
20261201,Target-interpolated-full-1,interpolated,full,0.3,17,198,1.0,0.9727361226919082
20261201,Target-interpolated-full-1,interpolated,full,0.3,18,473,1.0,0.9716647390779716
20261201,Target-interpolated-full-1,interpolated,full,0.3,19,194,1.0,0.9698114714366104
20261201,Target-interpolated-full-1,interpolated,full,0.3,20,186,1.0,0.9671069642579941
20261201,Target-interpolated-full-1,interpolated,full,0.3,21,417,1.0,0.9608749897710331
20261201,Target-interpolated-full-1,interpolated,full,0.3,22,491,1.0,0.958272929628033
20261201,Target-interpolated-full-1,interpolated,full,0.3,23,433,1.0,0.957738867644611
20261201,Target-interpolated-full-1,interpolated,full,0.3,24,289,1.0,0.956636177226688
20261201,Target-interpolated-full-1,interpolated,full,0.3,25,430,1.0,0.9495527391347514
20261201,Target-interpolated-full-1,interpolated,full,0.3,26,178,1.0,0.9017783339314022
20261201,Target-interpolated-full-1,interpolated,full,0.3,27,174,1.0,0.9085470475683934
20261201,Target-interpolated-full-1,interpolated,full,0.3,28,170,1.0,0.917443816317104
20261201,Target-interpolated-full-1,interpolated,full,0.3,29,182,1.0,0.9246034299594152
20261201,Target-interpolated-full-1,interpolated,full,0.3,30,285,1.0,0.8978681182554817
20261201,Target-interpolated-full-1,interpolated,full,0.3,31,293,1.0,0.9043781256521295
20261201,Target-interpolated-full-1,interpolated,full,0.3,32,390,1.0,0.8896926489954742
20261201,Target-interpolated-full-1,interpolated,full,0.3,33,394,1.0,0.8951379443545184
20261201,Target-interpolated-full-1,interpolated,full,0.3,34,398,1.0,0.9012934056711956
20261201,Target-interpolated-full-1,interpolated,full,0.3,35,388,1.0,0.8499999999999999
20261201,Target-interpolated-full-1,interpolated,full,0.3,36,396,1.0,0.8499999999999999
20261201,Target-interpolated-full-1,interpolated,full,0.3,37,192,1.0,0.7249577030591312
20261201,Target-interpolated-full-1,interpolated,full,0.3,38,188,1.0,0.6692113077797388
20261201,Target-interpolated-full-1,interpolated,full,0.3,39,392,1.0,0.6493566421627427
20261201,Target-interpolated-full-1,interpolated,full,0.3,40,533,0.9999999999999999,0.9667811915433374
20261201,Target-interpolated-full-1,interpolated,full,0.3,41,517,1.0,0.8962201195598439
20261201,Target-interpolated-full-1,interpolated,full,0.3,42,509,1.0,0.8499999999999999
20261201,Target-interpolated-full-1,interpolated,full,0.3,43,573,1.0,0.8499999999999999
20261201,Target-interpolated-full-1,interpolated,full,0.3,44,577,1.0,0.8499999999999999
20261201,Target-interpolated-full-1,interpolated,full,0.3,45,581,1.0,0.8499999999999999
20261201,Target-interpolated-full-1,interpolated,full,0.3,46,585,1.0,0.8499999999999999
20261201,Target-interpolated-full-1,interpolated,full,0.3,47,587,1.0,0.8499999999999999
20261201,Target-interpolated-full-1,interpolated,full,0.3,48,589,1.0,0.8499999999999999
20261201,Target-interpolated-full-1,interpolated,full,0.3,49,591,1.0,0.8499999999999999
20261201,Target-interpolated-full-1,interpolated,full,0.3,50,593,1.0,0.8499999999999999
20261201,Target-interpolated-full-2,interpolated,full,0.3,1,493,1.0,0.9863914979330513
20261201,Target-interpolated-full-2,interpolated,full,0.3,2,489,1.0,0.9827128937918403
20261201,Target-interpolated-full-2,interpolated,full,0.3,3,485,1.0,0.9818860103102045
20261201,Target-interpolated-full-2,interpolated,full,0.3,4,497,1.0,0.9793138903475845
20261201,Target-interpolated-full-2,interpolated,full,0.3,5,481,1.0,0.978714769246617
20261201,Target-interpolated-full-2,interpolated,full,0.3,6,98,1.0,0.9776743114284686
20261201,Target-interpolated-full-2,interpolated,full,0.3,7,190,1.0,0.9736258549150149
20261201,Target-interpolated-full-2,interpolated,full,0.3,8,525,1.0,0.9671189103341421
20261201,Target-interpolated-full-2,interpolated,full,0.3,9,297,1.0,0.956650345038019
20261201,Target-interpolated-full-2,interpolated,full,0.3,10,386,1.0,0.9492665224930724
20261201,Target-interpolated-full-2,interpolated,full,0.3,11,477,1.0,0.9761590281278978
20261201,Target-interpolated-full-2,interpolated,full,0.3,12,82,1.0,0.9759979107680035
20261201,Target-interpolated-full-2,interpolated,full,0.3,13,86,1.0,0.9743980092760853
20261201,Target-interpolated-full-2,interpolated,full,0.3,14,401,1.0,0.9738854474345406
20261201,Target-interpolated-full-2,interpolated,full,0.3,15,90,1.0,0.9728987060714389
20261201,Target-interpolated-full-2,interpolated,full,0.3,16,198,1.0,0.9727370376098328
20261201,Target-interpolated-full-2,interpolated,full,0.3,17,473,1.0,0.9716647390779716
20261201,Target-interpolated-full-2,interpolated,full,0.3,18,533,1.0,0.9667585897462194
20261201,Target-interpolated-full-2,interpolated,full,0.3,19,417,1.0,0.9608749897710331
20261201,Target-interpolated-full-2,interpolated,full,0.3,20,289,1.0,0.956636177226688
20261201,Target-interpolated-full-2,interpolated,full,0.3,21,285,1.0,0.8978681182554817
20261201,Target-interpolated-full-2,interpolated,full,0.3,22,293,1.0,0.9044579323329768
20261201,Target-interpolated-full-2,interpolated,full,0.3,23,277,1.0,0.9081854641458833
20261201,Target-interpolated-full-2,interpolated,full,0.3,24,517,1.0,0.895814763782976
20261201,Target-interpolated-full-2,interpolated,full,0.3,25,390,1.0,0.8896926489954742
20261201,Target-interpolated-full-2,interpolated,full,0.3,26,394,1.0,0.8946192184466057
20261201,Target-interpolated-full-2,interpolated,full,0.3,27,398,1.0,0.900331926907415
20261201,Target-interpolated-full-2,interpolated,full,0.3,28,388,1.0,0.8500000000000001
20261201,Target-interpolated-full-2,interpolated,full,0.3,29,396,1.0,0.8500000000000001
20261201,Target-interpolated-full-2,interpolated,full,0.3,30,287,1.0,0.85
20261201,Target-interpolated-full-2,interpolated,full,0.3,31,295,1.0,0.85
20261201,Target-interpolated-full-2,interpolated,full,0.3,32,509,1.0,0.85
20261201,Target-interpolated-full-2,interpolated,full,0.3,33,573,1.0,0.85
20261201,Target-interpolated-full-2,interpolated,full,0.3,34,577,1.0,0.85
20261201,Target-interpolated-full-2,interpolated,full,0.3,35,581,1.0,0.85
20261201,Target-interpolated-full-2,interpolated,full,0.3,36,585,1.0,0.85
20261201,Target-interpolated-full-2,interpolated,full,0.3,37,587,1.0,0.85
20261201,Target-interpolated-full-2,interpolated,full,0.3,38,589,1.0,0.85
20261201,Target-interpolated-full-2,interpolated,full,0.3,39,591,1.0,0.85
20261201,Target-interpolated-full-2,interpolated,full,0.3,40,593,1.0,0.85
20261201,Target-interpolated-full-2,interpolated,full,0.3,41,595,1.0,0.85
20261201,Target-interpolated-full-2,interpolated,full,0.3,42,597,1.0,0.85
20261201,Target-interpolated-full-2,interpolated,full,0.3,43,599,1.0,0.85
20261201,Target-interpolated-full-2,interpolated,full,0.3,44,392,1.0,0.6492633872927498
20261201,Target-interpolated-full-2,interpolated,full,0.3,45,299,1.0,0.6415350951856384
20261201,Target-interpolated-full-2,interpolated,full,0.3,46,291,1.0,0.6375
20261201,Target-interpolated-full-2,interpolated,full,0.3,47,571,1.0,0.6375
20261201,Target-interpolated-full-2,interpolated,full,0.3,48,575,1.0,0.6375
20261201,Target-interpolated-full-2,interpolated,full,0.3,49,579,1.0,0.6375
20261201,Target-interpolated-full-2,interpolated,full,0.3,50,583,1.0,0.6375
20261201,Target-unseen-global-1,unseen,global,0.3,1,493,1.0,0.9863914979330513
20261201,Target-unseen-global-1,unseen,global,0.3,2,98,1.0,0.9776743114284686
20261201,Target-unseen-global-1,unseen,global,0.3,3,82,1.0,0.9759968929154363
20261201,Target-unseen-global-1,unseen,global,0.3,4,86,1.0,0.9743954839714881
20261201,Target-unseen-global-1,unseen,global,0.3,5,190,1.0,0.9736258549150149
20261201,Target-unseen-global-1,unseen,global,0.3,6,90,1.0,0.9728929497186831
20261201,Target-unseen-global-1,unseen,global,0.3,7,78,1.0,0.9728422308435525
20261201,Target-unseen-global-1,unseen,global,0.3,8,525,1.0,0.9671189103341421
20261201,Target-unseen-global-1,unseen,global,0.3,9,297,1.0,0.956650345038019
20261201,Target-unseen-global-1,unseen,global,0.3,10,386,1.0,0.9492665224930724
20261201,Target-unseen-global-1,unseen,global,0.3,11,390,1.0000000000000002,0.889620849919807
20261201,Target-unseen-global-1,unseen,global,0.3,12,198,1.0,0.9727246668375682
20261201,Target-unseen-global-1,unseen,global,0.3,13,194,1.0,0.9697894126644531
20261201,Target-unseen-global-1,unseen,global,0.3,14,186,1.0,0.9670555217510073
20261201,Target-unseen-global-1,unseen,global,0.3,15,533,1.0,0.9667416743062662
20261201,Target-unseen-global-1,unseen,global,0.3,16,70,1.0,0.9664387258727241
20261201,Target-unseen-global-1,unseen,global,0.3,17,26,1.0,0.9654788218990568
20261201,Target-unseen-global-1,unseen,global,0.3,18,74,1.0,0.9634916750342342
20261201,Target-unseen-global-1,unseen,global,0.3,19,289,1.0,0.956632273679343
20261201,Target-unseen-global-1,unseen,global,0.3,20,285,1.0,0.8977443665451683
20261201,Target-unseen-global-1,unseen,global,0.3,21,517,1.0,0.8955695628934661
20261201,Target-unseen-global-1,unseen,global,0.3,22,10,1.0,0.8946290813885636
20261201,Target-unseen-global-1,unseen,global,0.3,23,394,1.0,0.8757158183510713
20261201,Target-unseen-global-1,unseen,global,0.3,24,398,1.0,0.8614936638217308
20261201,Target-unseen-global-1,unseen,global,0.3,25,88,1.0,0.8500000000000001
20261201,Target-unseen-global-1,unseen,global,0.3,26,92,1.0,0.8500000000000001
20261201,Target-unseen-global-1,unseen,global,0.3,27,94,1.0,0.8500000000000001
20261201,Target-unseen-global-1,unseen,global,0.3,28,96,1.0,0.8500000000000001
20261201,Target-unseen-global-1,unseen,global,0.3,29,388,1.0,0.85
20261201,Target-unseen-global-1,unseen,global,0.3,30,396,1.0,0.85
20261201,Target-unseen-global-1,unseen,global,0.3,31,509,1.0,0.85
20261201,Target-unseen-global-1,unseen,global,0.3,32,573,1.0,0.85
20261201,Target-unseen-global-1,unseen,global,0.3,33,577,1.0,0.85
20261201,Target-unseen-global-1,unseen,global,0.3,34,581,1.0,0.85
20261201,Target-unseen-global-1,unseen,global,0.3,35,585,1.0,0.85
20261201,Target-unseen-global-1,unseen,global,0.3,36,587,1.0,0.85
20261201,Target-unseen-global-1,unseen,global,0.3,37,589,1.0,0.85
20261201,Target-unseen-global-1,unseen,global,0.3,38,591,1.0,0.85
20261201,Target-unseen-global-1,unseen,global,0.3,39,593,1.0,0.85
20261201,Target-unseen-global-1,unseen,global,0.3,40,595,1.0,0.85
20261201,Target-unseen-global-1,unseen,global,0.3,41,597,1.0,0.85
20261201,Target-unseen-global-1,unseen,global,0.3,42,599,1.0,0.85
20261201,Target-unseen-global-1,unseen,global,0.3,43,5,1.0,0.8348529669174232
20261201,Target-unseen-global-1,unseen,global,0.3,44,37,1.0,0.6899221370691326
20261201,Target-unseen-global-1,unseen,global,0.3,45,392,1.0,0.6450514564101415
20261201,Target-unseen-global-1,unseen,global,0.3,46,571,1.0,0.6375000000000001
20261201,Target-unseen-global-1,unseen,global,0.3,47,575,1.0,0.6375000000000001
20261201,Target-unseen-global-1,unseen,global,0.3,48,579,1.0,0.6375000000000001
20261201,Target-unseen-global-1,unseen,global,0.3,49,583,1.0,0.6375000000000001
20261201,Target-unseen-global-1,unseen,global,0.3,50,489,0.9999999999999999,0.9827128929059428
20261201,Target-unseen-global-2,unseen,global,0.3,1,493,1.0,0.9863914979330513
20261201,Target-unseen-global-2,unseen,global,0.3,2,98,1.0,0.9776743114284686
20261201,Target-unseen-global-2,unseen,global,0.3,3,82,1.0,0.9759979106477841
20261201,Target-unseen-global-2,unseen,global,0.3,4,86,1.0,0.9743976893178037
20261201,Target-unseen-global-2,unseen,global,0.3,5,190,1.0,0.9736258549150149
20261201,Target-unseen-global-2,unseen,global,0.3,6,90,1.0,0.9728975169790637
20261201,Target-unseen-global-2,unseen,global,0.3,7,78,1.0,0.972848725120744
20261201,Target-unseen-global-2,unseen,global,0.3,8,525,1.0,0.9671189103341421
20261201,Target-unseen-global-2,unseen,global,0.3,9,297,1.0,0.956650345038019
20261201,Target-unseen-global-2,unseen,global,0.3,10,386,1.0,0.9492665224930724
20261201,Target-unseen-global-2,unseen,global,0.3,11,198,1.0,0.9727333260458313
20261201,Target-unseen-global-2,unseen,global,0.3,12,194,1.0,0.9698054555733265
20261201,Target-unseen-global-2,unseen,global,0.3,13,186,1.0,0.9670914993835431
20261201,Target-unseen-global-2,unseen,global,0.3,14,533,1.0,0.9667624977632243
20261201,Target-unseen-global-2,unseen,global,0.3,15,70,1.0,0.9664505738750613
20261201,Target-unseen-global-2,unseen,global,0.3,16,26,1.0,0.965493369065842
20261201,Target-unseen-global-2,unseen,global,0.3,17,74,1.0,0.9635182847559607
20261201,Target-unseen-global-2,unseen,global,0.3,18,289,1.0,0.956632273679343
20261201,Target-unseen-global-2,unseen,global,0.3,19,178,1.0,0.9015643877869282
20261201,Target-unseen-global-2,unseen,global,0.3,20,285,1.0,0.8977443665451683
20261201,Target-unseen-global-2,unseen,global,0.3,21,517,1.0,0.8958678969978773
20261201,Target-unseen-global-2,unseen,global,0.3,22,10,1.0,0.8949568078585992
20261201,Target-unseen-global-2,unseen,global,0.3,23,390,1.0,0.8896171670569799
20261201,Target-unseen-global-2,unseen,global,0.3,24,394,1.0,0.8932035700285419
20261201,Target-unseen-global-2,unseen,global,0.3,25,398,1.0,0.8803968707854983
20261201,Target-unseen-global-2,unseen,global,0.3,26,5,1.0,0.8592210443595144
20261201,Target-unseen-global-2,unseen,global,0.3,27,88,1.0,0.8500000000000001
20261201,Target-unseen-global-2,unseen,global,0.3,28,92,1.0,0.8500000000000001
20261201,Target-unseen-global-2,unseen,global,0.3,29,94,1.0,0.8500000000000001
20261201,Target-unseen-global-2,unseen,global,0.3,30,96,1.0,0.8500000000000001
20261201,Target-unseen-global-2,unseen,global,0.3,31,388,1.0,0.8500000000000001
20261201,Target-unseen-global-2,unseen,global,0.3,32,396,1.0,0.8500000000000001
20261201,Target-unseen-global-2,unseen,global,0.3,33,509,1.0,0.85
20261201,Target-unseen-global-2,unseen,global,0.3,34,573,1.0,0.85
20261201,Target-unseen-global-2,unseen,global,0.3,35,577,1.0,0.85
20261201,Target-unseen-global-2,unseen,global,0.3,36,581,1.0,0.85
20261201,Target-unseen-global-2,unseen,global,0.3,37,585,1.0,0.85
20261201,Target-unseen-global-2,unseen,global,0.3,38,587,1.0,0.85
20261201,Target-unseen-global-2,unseen,global,0.3,39,589,1.0,0.85
20261201,Target-unseen-global-2,unseen,global,0.3,40,591,1.0,0.85
20261201,Target-unseen-global-2,unseen,global,0.3,41,593,1.0,0.85
20261201,Target-unseen-global-2,unseen,global,0.3,42,595,1.0,0.85
20261201,Target-unseen-global-2,unseen,global,0.3,43,597,1.0,0.85
20261201,Target-unseen-global-2,unseen,global,0.3,44,599,1.0,0.85
20261201,Target-unseen-global-2,unseen,global,0.3,45,37,1.0,0.6990139866173305
20261201,Target-unseen-global-2,unseen,global,0.3,46,392,1.0,0.6478424171304679
20261201,Target-unseen-global-2,unseen,global,0.3,47,571,1.0,0.6375
20261201,Target-unseen-global-2,unseen,global,0.3,48,575,1.0,0.6375
20261201,Target-unseen-global-2,unseen,global,0.3,49,579,1.0,0.6375
20261201,Target-unseen-global-2,unseen,global,0.3,50,583,1.0,0.6375
20261201,Target-unseen-partial-1,unseen,partial,0.3,1,493,1.0,0.9863914979330513
20261201,Target-unseen-partial-1,unseen,partial,0.3,2,489,1.0,0.9827128933692767
20261201,Target-unseen-partial-1,unseen,partial,0.3,3,485,1.0,0.981886009109589
20261201,Target-unseen-partial-1,unseen,partial,0.3,4,497,1.0,0.9793138881554531
20261201,Target-unseen-partial-1,unseen,partial,0.3,5,481,1.0,0.9787147660639992
20261201,Target-unseen-partial-1,unseen,partial,0.3,6,98,1.0,0.9776743114284686
20261201,Target-unseen-partial-1,unseen,partial,0.3,7,190,1.0,0.9736258549150149
20261201,Target-unseen-partial-1,unseen,partial,0.3,8,525,1.0,0.9671189103341421
20261201,Target-unseen-partial-1,unseen,partial,0.3,9,297,1.0,0.956650345038019
20261201,Target-unseen-partial-1,unseen,partial,0.3,10,386,1.0,0.9492665224930724
20261201,Target-unseen-partial-1,unseen,partial,0.3,11,198,1.0,0.9727361908402058
20261201,Target-unseen-partial-1,unseen,partial,0.3,12,194,1.0,0.9698097131160657
20261201,Target-unseen-partial-1,unseen,partial,0.3,13,186,1.0,0.9671011999008765
20261201,Target-unseen-partial-1,unseen,partial,0.3,14,533,1.0,0.9667617482149047
20261201,Target-unseen-partial-1,unseen,partial,0.3,15,289,1.0,0.9566334836395662
20261201,Target-unseen-partial-1,unseen,partial,0.3,16,178,1.0,0.9017168943526133
20261201,Target-unseen-partial-1,unseen,partial,0.3,17,174,1.0,0.9083901886788571
20261201,Target-unseen-partial-1,unseen,partial,0.3,18,285,1.0,0.8977846561664342
20261201,Target-unseen-partial-1,unseen,partial,0.3,19,293,1.0,0.9032987096367097
20261201,Target-unseen-partial-1,unseen,partial,0.3,20,517,1.0,0.8959187393845793
20261201,Target-unseen-partial-1,unseen,partial,0.3,21,390,1.0,0.8896331975977173
20261201,Target-unseen-partial-1,unseen,partial,0.3,22,509,1.0,0.8500000000000001
20261201,Target-unseen-partial-1,unseen,partial,0.3,23,573,1.0,0.8500000000000001
20261201,Target-unseen-partial-1,unseen,partial,0.3,24,577,1.0,0.8500000000000001
20261201,Target-unseen-partial-1,unseen,partial,0.3,25,581,1.0,0.8500000000000001
20261201,Target-unseen-partial-1,unseen,partial,0.3,26,585,1.0,0.8500000000000001
20261201,Target-unseen-partial-1,unseen,partial,0.3,27,587,1.0,0.8500000000000001
20261201,Target-unseen-partial-1,unseen,partial,0.3,28,589,1.0,0.8500000000000001
20261201,Target-unseen-partial-1,unseen,partial,0.3,29,591,1.0,0.8500000000000001
20261201,Target-unseen-partial-1,unseen,partial,0.3,30,593,1.0,0.8500000000000001
20261201,Target-unseen-partial-1,unseen,partial,0.3,31,595,1.0,0.8500000000000001
20261201,Target-unseen-partial-1,unseen,partial,0.3,32,597,1.0,0.8500000000000001
20261201,Target-unseen-partial-1,unseen,partial,0.3,33,599,1.0,0.8500000000000001
20261201,Target-unseen-partial-1,unseen,partial,0.3,34,571,1.0,0.6375
20261201,Target-unseen-partial-1,unseen,partial,0.3,35,575,1.0,0.6375
20261201,Target-unseen-partial-1,unseen,partial,0.3,36,579,1.0,0.6375
20261201,Target-unseen-partial-1,unseen,partial,0.3,37,583,1.0,0.6375
20261201,Target-unseen-partial-1,unseen,partial,0.3,38,477,0.9999999999999999,0.9761590182442514
20261201,Target-unseen-partial-1,unseen,partial,0.3,39,401,1.0,0.9738854072623553
20261201,Target-unseen-partial-1,unseen,partial,0.3,40,473,1.0,0.9716646856690659
20261201,Target-unseen-partial-1,unseen,partial,0.3,41,417,1.0,0.9608745796741323
20261201,Target-unseen-partial-1,unseen,partial,0.3,42,82,0.9999999999999999,0.975997620755497
20261201,Target-unseen-partial-1,unseen,partial,0.3,43,86,1.0,0.974397248030737
20261201,Target-unseen-partial-1,unseen,partial,0.3,44,90,1.0,0.9728969393957219
20261201,Target-unseen-partial-1,unseen,partial,0.3,45,78,1.0,0.9728485121445798
20261201,Target-unseen-partial-1,unseen,partial,0.3,46,70,1.0,0.9664498735894216
20261201,Target-unseen-partial-1,unseen,partial,0.3,47,26,1.0,0.9654937028673821
20261201,Target-unseen-partial-1,unseen,partial,0.3,48,74,1.0,0.9635193882758213
20261201,Target-unseen-partial-1,unseen,partial,0.3,49,10,1.0,0.8950369218809366
20261201,Target-unseen-partial-1,unseen,partial,0.3,50,5,1.0,0.8591548260070383
20261201,Target-unseen-partial-2,unseen,partial,0.3,1,493,1.0,0.9863914979330513
20261201,Target-unseen-partial-2,unseen,partial,0.3,2,489,1.0,0.9827128924751781
20261201,Target-unseen-partial-2,unseen,partial,0.3,3,98,1.0,0.9776743114284686
20261201,Target-unseen-partial-2,unseen,partial,0.3,4,82,1.0,0.9759981566270921
20261201,Target-unseen-partial-2,unseen,partial,0.3,5,190,1.0,0.9736258549150149
20261201,Target-unseen-partial-2,unseen,partial,0.3,6,198,1.0,0.9727381682883673
20261201,Target-unseen-partial-2,unseen,partial,0.3,7,194,1.0,0.9698155280721819
20261201,Target-unseen-partial-2,unseen,partial,0.3,8,525,1.0,0.9671189103341421
20261201,Target-unseen-partial-2,unseen,partial,0.3,9,297,1.0,0.956650345038019
20261201,Target-unseen-partial-2,unseen,partial,0.3,10,386,1.0,0.9492665224930724
20261201,Target-unseen-partial-2,unseen,partial,0.3,11,186,1.0,0.9671166421074999
20261201,Target-unseen-partial-2,unseen,partial,0.3,12,533,1.0,0.9667248428373052
20261201,Target-unseen-partial-2,unseen,partial,0.3,13,289,1.0,0.9565839071588382
20261201,Target-unseen-partial-2,unseen,partial,0.3,14,178,1.0,0.9019377311954064
20261201,Target-unseen-partial-2,unseen,partial,0.3,15,517,1.0,0.892986484126731
20261201,Target-unseen-partial-2,unseen,partial,0.3,16,390,1.0,0.8884852527941183
20261201,Target-unseen-partial-2,unseen,partial,0.3,17,394,1.0,0.8740292018039235
20261201,Target-unseen-partial-2,unseen,partial,0.3,18,398,1.0,0.8591273032005404
20261201,Target-unseen-partial-2,unseen,partial,0.3,19,388,1.0,0.8500000000000001
20261201,Target-unseen-partial-2,unseen,partial,0.3,20,396,1.0,0.8500000000000001
20261201,Target-unseen-partial-2,unseen,partial,0.3,21,392,1.0,0.6448286465975095
20261201,Target-unseen-partial-2,unseen,partial,0.3,22,485,0.9999999999999999,0.9818860065792873
20261201,Target-unseen-partial-2,unseen,partial,0.3,23,497,1.0000000000000002,0.9793138835189598
20261201,Target-unseen-partial-2,unseen,partial,0.3,24,481,1.0,0.9787147593446066
20261201,Target-unseen-partial-2,unseen,partial,0.3,25,477,1.0,0.9761589974044893
20261201,Target-unseen-partial-2,unseen,partial,0.3,26,401,1.0,0.9738853194318411
20261201,Target-unseen-partial-2,unseen,partial,0.3,27,473,1.0,0.9716645746189867
20261201,Target-unseen-partial-2,unseen,partial,0.3,28,417,1.0,0.9608737658712816
20261201,Target-unseen-partial-2,unseen,partial,0.3,29,491,1.0,0.9582695608251324
20261201,Target-unseen-partial-2,unseen,partial,0.3,30,433,1.0,0.9577363863333046
20261201,Target-unseen-partial-2,unseen,partial,0.3,31,430,1.0,0.9495451942014699
20261201,Target-unseen-partial-2,unseen,partial,0.3,32,86,0.9999999999999999,0.9743985058030298
20261201,Target-unseen-partial-2,unseen,partial,0.3,33,90,1.0,0.9728996257229418
20261201,Target-unseen-partial-2,unseen,partial,0.3,34,78,1.0,0.9728523761524315
20261201,Target-unseen-partial-2,unseen,partial,0.3,35,70,1.0,0.9664568593987699
20261201,Target-unseen-partial-2,unseen,partial,0.3,36,26,1.0,0.9655028447518417
20261201,Target-unseen-partial-2,unseen,partial,0.3,37,74,1.0,0.9635361150942774
20261201,Target-unseen-partial-2,unseen,partial,0.3,38,10,1.0,0.8952557200158953
20261201,Target-unseen-partial-2,unseen,partial,0.3,39,5,1.0,0.8609884036225295
20261201,Target-unseen-partial-2,unseen,partial,0.3,40,88,1.0,0.8499999999999999
20261201,Target-unseen-partial-2,unseen,partial,0.3,41,92,1.0,0.8499999999999999
20261201,Target-unseen-partial-2,unseen,partial,0.3,42,94,1.0,0.8499999999999999
20261201,Target-unseen-partial-2,unseen,partial,0.3,43,96,1.0,0.8499999999999999
20261201,Target-unseen-partial-2,unseen,partial,0.3,44,37,1.0,0.708334048286718
20261201,Target-unseen-partial-2,unseen,partial,0.3,45,499,0.9999999999999999,0.9470824194213747
20261201,Target-unseen-partial-2,unseen,partial,0.3,46,487,1.0,0.9249627759893133
20261201,Target-unseen-partial-2,unseen,partial,0.3,47,421,1.0,0.9084715890446268
20261201,Target-unseen-partial-2,unseen,partial,0.3,48,425,1.0,0.894903473610811
20261201,Target-unseen-partial-2,unseen,partial,0.3,49,495,1.0,0.891790146648737
20261201,Target-unseen-partial-2,unseen,partial,0.3,50,409,1.0,0.8824219976359129
20261201,Target-unseen-full-1,unseen,full,0.3,1,493,1.0,0.9863914979330513
20261201,Target-unseen-full-1,unseen,full,0.3,2,489,1.0,0.982712893617496
20261201,Target-unseen-full-1,unseen,full,0.3,3,485,1.0,0.9818860098144733
20261201,Target-unseen-full-1,unseen,full,0.3,4,497,1.0,0.9793138894430686
20261201,Target-unseen-full-1,unseen,full,0.3,5,481,1.0,0.978714767932964
20261201,Target-unseen-full-1,unseen,full,0.3,6,98,1.0,0.9776743114284686
20261201,Target-unseen-full-1,unseen,full,0.3,7,190,1.0,0.9736258549150149
20261201,Target-unseen-full-1,unseen,full,0.3,8,525,1.0,0.9671189103341421
20261201,Target-unseen-full-1,unseen,full,0.3,9,297,1.0,0.956650345038019
20261201,Target-unseen-full-1,unseen,full,0.3,10,386,1.0,0.9492665224930724
20261201,Target-unseen-full-1,unseen,full,0.3,11,533,1.0,0.9667248428373052
20261201,Target-unseen-full-1,unseen,full,0.3,12,289,1.0,0.956632273679343
20261201,Target-unseen-full-1,unseen,full,0.3,13,285,1.0,0.8977443665451683
20261201,Target-unseen-full-1,unseen,full,0.3,14,517,1.0,0.892986484126731
20261201,Target-unseen-full-1,unseen,full,0.3,15,390,1.0,0.8896280061979875
20261201,Target-unseen-full-1,unseen,full,0.3,16,477,0.9999999999999999,0.9761590240473257
20261201,Target-unseen-full-1,unseen,full,0.3,17,401,1.0,0.9738854309770184
20261201,Target-unseen-full-1,unseen,full,0.3,18,82,0.9999999999999999,0.975997620755497
20261201,Target-unseen-full-1,unseen,full,0.3,19,86,1.0,0.974397248030737
20261201,Target-unseen-full-1,unseen,full,0.3,20,90,1.0,0.9728969393957219
20261201,Target-unseen-full-1,unseen,full,0.3,21,78,1.0,0.9728485121445798
20261201,Target-unseen-full-1,unseen,full,0.3,22,70,1.0,0.9664498735894216
20261201,Target-unseen-full-1,unseen,full,0.3,23,26,1.0,0.9654937028673821
20261201,Target-unseen-full-1,unseen,full,0.3,24,74,1.0,0.9635193882758213
20261201,Target-unseen-full-1,unseen,full,0.3,25,10,1.0,0.8950369218809366
20261201,Target-unseen-full-1,unseen,full,0.3,26,5,1.0,0.8591548260070383
20261201,Target-unseen-full-1,unseen,full,0.3,27,88,1.0,0.8500000000000001
20261201,Target-unseen-full-1,unseen,full,0.3,28,92,1.0,0.8500000000000001
20261201,Target-unseen-full-1,unseen,full,0.3,29,94,1.0,0.8500000000000001
20261201,Target-unseen-full-1,unseen,full,0.3,30,96,1.0,0.8500000000000001
20261201,Target-unseen-full-1,unseen,full,0.3,31,37,1.0,0.6990746427880208
20261201,Target-unseen-full-1,unseen,full,0.3,32,473,0.9999999999999999,0.9716647175208555
20261201,Target-unseen-full-1,unseen,full,0.3,33,417,1.0,0.9608748143210076
20261201,Target-unseen-full-1,unseen,full,0.3,34,491,1.0,0.9582722809573394
20261201,Target-unseen-full-1,unseen,full,0.3,35,433,1.0,0.9577384266909672
20261201,Target-unseen-full-1,unseen,full,0.3,36,430,1.0,0.9495514225643786
20261201,Target-unseen-full-1,unseen,full,0.3,37,499,1.0000000000000002,0.9470906454994936
20261201,Target-unseen-full-1,unseen,full,0.3,38,487,1.0,0.9249848859894662
20261201,Target-unseen-full-1,unseen,full,0.3,39,421,1.0,0.908928754821563
20261201,Target-unseen-full-1,unseen,full,0.3,40,425,1.0,0.9146469039134384
20261201,Target-unseen-full-1,unseen,full,0.3,41,409,1.0,0.9206191209967275
20261201,Target-unseen-full-1,unseen,full,0.3,42,471,1.0,0.9055233755870091
20261201,Target-unseen-full-1,unseen,full,0.3,43,495,1.0,0.9008511438681251
20261201,Target-unseen-full-1,unseen,full,0.3,44,479,1.0,0.8997455274488961
20261201,Target-unseen-full-1,unseen,full,0.3,45,483,1.0,0.9026458501101738
20261201,Target-unseen-full-1,unseen,full,0.3,46,293,0.9999999999999999,0.9029055286446438
20261201,Target-unseen-full-1,unseen,full,0.3,47,475,0.9999999999999999,0.8998766890022944
20261201,Target-unseen-full-1,unseen,full,0.3,48,394,0.9999999999999999,0.8933775748713756
20261201,Target-unseen-full-1,unseen,full,0.3,49,398,1.0,0.8808861152620742
20261201,Target-unseen-full-1,unseen,full,0.3,50,388,1.0,0.85
20261201,Target-unseen-full-2,unseen,full,0.3,1,493,1.0,0.9863914979330513
20261201,Target-unseen-full-2,unseen,full,0.3,2,489,1.0,0.9827128924751781
20261201,Target-unseen-full-2,unseen,full,0.3,3,98,1.0,0.9776743114284686
20261201,Target-unseen-full-2,unseen,full,0.3,4,82,1.0,0.9759968929154363
20261201,Target-unseen-full-2,unseen,full,0.3,5,86,1.0,0.9743954839714881
20261201,Target-unseen-full-2,unseen,full,0.3,6,190,1.0,0.9736258549150149
20261201,Target-unseen-full-2,unseen,full,0.3,7,90,1.0,0.9728929497186831
20261201,Target-unseen-full-2,unseen,full,0.3,8,525,1.0,0.9671189103341421
20261201,Target-unseen-full-2,unseen,full,0.3,9,297,1.0,0.956650345038019
20261201,Target-unseen-full-2,unseen,full,0.3,10,386,1.0,0.9492665224930724
20261201,Target-unseen-full-2,unseen,full,0.3,11,78,1.0,0.9728422308435525
20261201,Target-unseen-full-2,unseen,full,0.3,12,198,1.0,0.9727323158016636
20261201,Target-unseen-full-2,unseen,full,0.3,13,533,1.0,0.9667624977632243
20261201,Target-unseen-full-2,unseen,full,0.3,14,70,1.0,0.9664387258727241
20261201,Target-unseen-full-2,unseen,full,0.3,15,26,1.0,0.9654788218990568
20261201,Target-unseen-full-2,unseen,full,0.3,16,74,1.0,0.9634916750342342
20261201,Target-unseen-full-2,unseen,full,0.3,17,517,1.0,0.8958678969978773
20261201,Target-unseen-full-2,unseen,full,0.3,18,10,1.0,0.8946290813885636
20261201,Target-unseen-full-2,unseen,full,0.3,19,390,1.0,0.8896348957853315
20261201,Target-unseen-full-2,unseen,full,0.3,20,394,1.0,0.8934883948359758
20261201,Target-unseen-full-2,unseen,full,0.3,21,88,1.0,0.8500000000000001
20261201,Target-unseen-full-2,unseen,full,0.3,22,92,1.0,0.8500000000000001
20261201,Target-unseen-full-2,unseen,full,0.3,23,94,1.0,0.8500000000000001
20261201,Target-unseen-full-2,unseen,full,0.3,24,96,1.0,0.8500000000000001
20261201,Target-unseen-full-2,unseen,full,0.3,25,509,1.0,0.85
20261201,Target-unseen-full-2,unseen,full,0.3,26,573,1.0,0.85
20261201,Target-unseen-full-2,unseen,full,0.3,27,577,1.0,0.85
20261201,Target-unseen-full-2,unseen,full,0.3,28,581,1.0,0.85
20261201,Target-unseen-full-2,unseen,full,0.3,29,585,1.0,0.85
20261201,Target-unseen-full-2,unseen,full,0.3,30,587,1.0,0.85
20261201,Target-unseen-full-2,unseen,full,0.3,31,589,1.0,0.85
20261201,Target-unseen-full-2,unseen,full,0.3,32,591,1.0,0.85
20261201,Target-unseen-full-2,unseen,full,0.3,33,593,1.0,0.85
20261201,Target-unseen-full-2,unseen,full,0.3,34,595,1.0,0.85
20261201,Target-unseen-full-2,unseen,full,0.3,35,597,1.0,0.85
20261201,Target-unseen-full-2,unseen,full,0.3,36,599,1.0,0.85
20261201,Target-unseen-full-2,unseen,full,0.3,37,5,1.0,0.8348529669174232
20261201,Target-unseen-full-2,unseen,full,0.3,38,37,1.0,0.6899221370691326
20261201,Target-unseen-full-2,unseen,full,0.3,39,571,1.0,0.6375
20261201,Target-unseen-full-2,unseen,full,0.3,40,575,1.0,0.6375
20261201,Target-unseen-full-2,unseen,full,0.3,41,579,1.0,0.6375
20261201,Target-unseen-full-2,unseen,full,0.3,42,583,1.0,0.6375
20261201,Target-unseen-full-2,unseen,full,0.3,43,485,0.9999999999999999,0.9818860065792873
20261201,Target-unseen-full-2,unseen,full,0.3,44,497,1.0000000000000002,0.9793138835189598
20261201,Target-unseen-full-2,unseen,full,0.3,45,481,1.0,0.9787147593446066
20261201,Target-unseen-full-2,unseen,full,0.3,46,477,1.0,0.9761589974044893
20261201,Target-unseen-full-2,unseen,full,0.3,47,401,1.0,0.9738853194318411
20261201,Target-unseen-full-2,unseen,full,0.3,48,473,1.0,0.9716645746189867
20261201,Target-unseen-full-2,unseen,full,0.3,49,417,1.0,0.9608737658712816
20261201,Target-unseen-full-2,unseen,full,0.3,50,491,1.0,0.9582695608251324
20261213,Target-exact-global-1,exact,global,0.3,1,490,1.0,0.9883226419943503
20261213,Target-exact-global-1,exact,global,0.3,2,498,1.0,0.9841465705733083
20261213,Target-exact-global-1,exact,global,0.3,3,91,1.0,0.9834454164665201
20261213,Target-exact-global-1,exact,global,0.3,4,494,1.0,0.9788326799333593
20261213,Target-exact-global-1,exact,global,0.3,5,75,1.0,0.9783629013965074
20261213,Target-exact-global-1,exact,global,0.3,6,470,1.0,0.9782357818849576
20261213,Target-exact-global-1,exact,global,0.3,7,196,1.0,0.9763005722632265
20261213,Target-exact-global-1,exact,global,0.3,8,519,1.0,0.9715400869610366
20261213,Target-exact-global-1,exact,global,0.3,9,290,1.0,0.9579758404073733
20261213,Target-exact-global-1,exact,global,0.3,10,388,1.0,0.8883758655169826
20261213,Target-exact-global-1,exact,global,0.3,11,486,1.0,0.977409555185391
20261213,Target-exact-global-1,exact,global,0.3,12,71,1.0,0.9769922057939809
20261213,Target-exact-global-1,exact,global,0.3,13,438,1.0,0.9760406010855515
20261213,Target-exact-global-1,exact,global,0.3,14,482,1.0,0.9755221769041014
20261213,Target-exact-global-1,exact,global,0.3,15,95,1.0,0.9754069625975426
20261213,Target-exact-global-1,exact,global,0.3,16,478,1.0,0.9750339177421286
20261213,Target-exact-global-1,exact,global,0.3,17,188,1.0,0.9749790360748816
20261213,Target-exact-global-1,exact,global,0.3,18,474,1.0,0.971903775697389
20261213,Target-exact-global-1,exact,global,0.3,19,422,1.0,0.9688152247082515
20261213,Target-exact-global-1,exact,global,0.3,20,527,1.0,0.9675772593760752
20261213,Target-exact-global-1,exact,global,0.3,21,192,1.0,0.9671301791115736
20261213,Target-exact-global-1,exact,global,0.3,22,184,1.0000000000000002,0.9024573002881808
20261213,Target-exact-global-1,exact,global,0.3,23,79,1.0,0.9633862409420533
20261213,Target-exact-global-1,exact,global,0.3,24,406,1.0,0.961775966069663
20261213,Target-exact-global-1,exact,global,0.3,25,425,1.0,0.9597354182112501
20261213,Target-exact-global-1,exact,global,0.3,26,298,1.0,0.9562599327290101
20261213,Target-exact-global-1,exact,global,0.3,27,496,1.0,0.955967482804521
20261213,Target-exact-global-1,exact,global,0.3,28,31,1.0,0.9491388041842176
20261213,Target-exact-global-1,exact,global,0.3,29,83,1.0,0.9027471487805204
20261213,Target-exact-global-1,exact,global,0.3,30,294,1.0,0.8981451209606351
20261213,Target-exact-global-1,exact,global,0.3,31,176,1.0,0.8896787653855094
20261213,Target-exact-global-1,exact,global,0.3,32,286,1.0,0.8889234505974075
20261213,Target-exact-global-1,exact,global,0.3,33,15,1.0,0.8872757994267104
20261213,Target-exact-global-1,exact,global,0.3,34,180,1.0,0.8776014332936688
20261213,Target-exact-global-1,exact,global,0.3,35,392,1.0,0.8767830825292899
20261213,Target-exact-global-1,exact,global,0.3,36,172,1.0,0.8641820739860319
20261213,Target-exact-global-1,exact,global,0.3,37,396,1.0,0.8599523468851492
20261213,Target-exact-global-1,exact,global,0.3,38,89,1.0,0.8504384468415839
20261213,Target-exact-global-1,exact,global,0.3,39,386,1.0,0.8499999999999999
20261213,Target-exact-global-1,exact,global,0.3,40,394,1.0,0.8499999999999999
20261213,Target-exact-global-1,exact,global,0.3,41,398,1.0,0.6674102885771767
20261213,Target-exact-global-1,exact,global,0.3,42,190,1.0,0.6545608241215183
20261213,Target-exact-global-1,exact,global,0.3,43,198,1.0,0.6434570910825278
20261213,Target-exact-global-1,exact,global,0.3,44,390,1.0,0.6424296491516249
20261213,Target-exact-global-1,exact,global,0.3,45,488,0.9999999999999999,0.9467650205966749
20261213,Target-exact-global-1,exact,global,0.3,46,430,1.0,0.9059441242660189
20261213,Target-exact-global-1,exact,global,0.3,47,414,1.0,0.8945818843647648
20261213,Target-exact-global-1,exact,global,0.3,48,492,1.0,0.8910345905240278
20261213,Target-exact-global-1,exact,global,0.3,49,402,1.0,0.8833218448339706
20261213,Target-exact-global-1,exact,global,0.3,50,476,1.0000000000000002,0.8494796664448634
20261213,Target-exact-global-2,exact,global,0.3,1,490,1.0,0.9883226419943503
20261213,Target-exact-global-2,exact,global,0.3,2,498,1.0,0.9841465711806288
20261213,Target-exact-global-2,exact,global,0.3,3,91,1.0,0.9834454164665201
20261213,Target-exact-global-2,exact,global,0.3,4,494,1.0,0.9788326828121315
20261213,Target-exact-global-2,exact,global,0.3,5,75,1.0,0.9783630723104806
20261213,Target-exact-global-2,exact,global,0.3,6,470,1.0,0.9782357880328654
20261213,Target-exact-global-2,exact,global,0.3,7,196,1.0,0.9763005722632265
20261213,Target-exact-global-2,exact,global,0.3,8,519,1.0,0.9715400869610366
20261213,Target-exact-global-2,exact,global,0.3,9,290,1.0,0.9579758404073733
20261213,Target-exact-global-2,exact,global,0.3,10,388,1.0,0.8883758655169826
20261213,Target-exact-global-2,exact,global,0.3,11,527,1.0000000000000002,0.9676114730863054
20261213,Target-exact-global-2,exact,global,0.3,12,486,1.0,0.9774095657437611
20261213,Target-exact-global-2,exact,global,0.3,13,71,1.0,0.976993016726194
20261213,Target-exact-global-2,exact,global,0.3,14,438,1.0,0.9760406230206651
20261213,Target-exact-global-2,exact,global,0.3,15,482,1.0,0.9755222177746552
20261213,Target-exact-global-2,exact,global,0.3,16,95,1.0,0.9754093888783015
20261213,Target-exact-global-2,exact,global,0.3,17,478,1.0,0.9750339614958045
20261213,Target-exact-global-2,exact,global,0.3,18,188,1.0,0.9749930231833603
20261213,Target-exact-global-2,exact,global,0.3,19,474,1.0,0.9719039123538433
20261213,Target-exact-global-2,exact,global,0.3,20,192,1.0,0.9671624431150884
20261213,Target-exact-global-2,exact,global,0.3,21,79,1.0,0.9633959016804318
20261213,Target-exact-global-2,exact,global,0.3,22,298,1.0,0.9562630423023494
20261213,Target-exact-global-2,exact,global,0.3,23,31,1.0,0.949164584931969
20261213,Target-exact-global-2,exact,global,0.3,24,83,1.0,0.9032034751328359
20261213,Target-exact-global-2,exact,global,0.3,25,15,1.0,0.9074713188289618
20261213,Target-exact-global-2,exact,global,0.3,26,184,1.0,0.9029824792114907
20261213,Target-exact-global-2,exact,global,0.3,27,176,1.0,0.9100314739779076
20261213,Target-exact-global-2,exact,global,0.3,28,180,1.0,0.9178455078972894
20261213,Target-exact-global-2,exact,global,0.3,29,172,1.0,0.9255982896964409
20261213,Target-exact-global-2,exact,global,0.3,30,294,1.0,0.89827753637447
20261213,Target-exact-global-2,exact,global,0.3,31,286,1.0,0.9062374442712222
20261213,Target-exact-global-2,exact,global,0.3,32,270,1.0,0.9079948817590424
20261213,Target-exact-global-2,exact,global,0.3,33,278,1.0,0.9135009542003408
20261213,Target-exact-global-2,exact,global,0.3,34,392,1.0,0.8965983792728316
20261213,Target-exact-global-2,exact,global,0.3,35,396,1.0,0.9006396934198726
20261213,Target-exact-global-2,exact,global,0.3,36,89,1.0,0.8505917802540129
20261213,Target-exact-global-2,exact,global,0.3,37,85,1.0,0.8499999999999999
20261213,Target-exact-global-2,exact,global,0.3,38,87,1.0,0.8499999999999999
20261213,Target-exact-global-2,exact,global,0.3,39,93,1.0,0.8499999999999999
20261213,Target-exact-global-2,exact,global,0.3,40,97,1.0,0.8499999999999999
20261213,Target-exact-global-2,exact,global,0.3,41,99,1.0,0.8499999999999999
20261213,Target-exact-global-2,exact,global,0.3,42,32,1.0,0.7033600329010488
20261213,Target-exact-global-2,exact,global,0.3,43,190,1.0,0.6697167401334359
20261213,Target-exact-global-2,exact,global,0.3,44,198,1.0000000000000002,0.6492676987386576
20261213,Target-exact-global-2,exact,global,0.3,45,186,1.0,0.6390532841878316
20261213,Target-exact-global-2,exact,global,0.3,46,422,0.9999999999999999,0.9688160302105909
20261213,Target-exact-global-2,exact,global,0.3,47,406,1.0,0.9617800628093223
20261213,Target-exact-global-2,exact,global,0.3,48,425,1.0,0.9597376961538976
20261213,Target-exact-global-2,exact,global,0.3,49,496,1.0,0.9559724143459662
20261213,Target-exact-global-2,exact,global,0.3,50,488,1.0,0.9467734364386385
20261213,Target-exact-partial-1,exact,partial,0.3,1,490,1.0,0.9883226419943503
20261213,Target-exact-partial-1,exact,partial,0.3,2,498,1.0,0.9841465711575667
20261213,Target-exact-partial-1,exact,partial,0.3,3,91,1.0,0.9834454164665201
20261213,Target-exact-partial-1,exact,partial,0.3,4,494,1.0,0.9788326827032824
20261213,Target-exact-partial-1,exact,partial,0.3,5,75,1.0,0.9783629013965074
20261213,Target-exact-partial-1,exact,partial,0.3,6,470,1.0,0.9782357878009758
20261213,Target-exact-partial-1,exact,partial,0.3,7,196,1.0,0.9763005722632265
20261213,Target-exact-partial-1,exact,partial,0.3,8,519,1.0,0.9715400869610366
20261213,Target-exact-partial-1,exact,partial,0.3,9,290,1.0,0.9579758404073733
20261213,Target-exact-partial-1,exact,partial,0.3,10,388,1.0,0.8883758655169826
20261213,Target-exact-partial-1,exact,partial,0.3,11,486,1.0,0.9774095653448802
20261213,Target-exact-partial-1,exact,partial,0.3,12,71,1.0,0.9769922057939809
20261213,Target-exact-partial-1,exact,partial,0.3,13,438,1.0,0.9760406221926174
20261213,Target-exact-partial-1,exact,partial,0.3,14,482,1.0,0.9755222160777154
20261213,Target-exact-partial-1,exact,partial,0.3,15,95,1.0,0.9754069625975426
20261213,Target-exact-partial-1,exact,partial,0.3,16,478,1.0,0.9750339596521991
20261213,Target-exact-partial-1,exact,partial,0.3,17,188,1.0,0.9749790360748816
20261213,Target-exact-partial-1,exact,partial,0.3,18,474,1.0,0.9719039061630158
20261213,Target-exact-partial-1,exact,partial,0.3,19,422,1.0,0.9688159949534947
20261213,Target-exact-partial-1,exact,partial,0.3,20,527,1.0,0.9676071505794289
20261213,Target-exact-partial-1,exact,partial,0.3,21,192,1.0,0.9671301791115736
20261213,Target-exact-partial-1,exact,partial,0.3,22,184,1.0000000000000002,0.9024573002881808
20261213,Target-exact-partial-1,exact,partial,0.3,23,79,1.0,0.9633862409420533
20261213,Target-exact-partial-1,exact,partial,0.3,24,406,1.0,0.9617799346880793
20261213,Target-exact-partial-1,exact,partial,0.3,25,298,1.0,0.9562599327290101
20261213,Target-exact-partial-1,exact,partial,0.3,26,31,1.0,0.9491388041842176
20261213,Target-exact-partial-1,exact,partial,0.3,27,83,1.0,0.9027471487805204
20261213,Target-exact-partial-1,exact,partial,0.3,28,294,1.0,0.8981451209606351
20261213,Target-exact-partial-1,exact,partial,0.3,29,392,1.0,0.8965565459534661
20261213,Target-exact-partial-1,exact,partial,0.3,30,396,1.0,0.9004955674672248
20261213,Target-exact-partial-1,exact,partial,0.3,31,176,1.0,0.8896787653855094
20261213,Target-exact-partial-1,exact,partial,0.3,32,286,1.0,0.8889234505974075
20261213,Target-exact-partial-1,exact,partial,0.3,33,15,1.0,0.8872757994267104
20261213,Target-exact-partial-1,exact,partial,0.3,34,180,1.0,0.8776014332936688
20261213,Target-exact-partial-1,exact,partial,0.3,35,172,1.0,0.8641820739860319
20261213,Target-exact-partial-1,exact,partial,0.3,36,89,1.0,0.8504384468415839
20261213,Target-exact-partial-1,exact,partial,0.3,37,386,1.0,0.8500000000000001
20261213,Target-exact-partial-1,exact,partial,0.3,38,394,1.0,0.8500000000000001
20261213,Target-exact-partial-1,exact,partial,0.3,39,398,1.0,0.6847251025400587
20261213,Target-exact-partial-1,exact,partial,0.3,40,190,1.0,0.6545608241215183
20261213,Target-exact-partial-1,exact,partial,0.3,41,390,1.0,0.6453934423116101
20261213,Target-exact-partial-1,exact,partial,0.3,42,198,1.0,0.6434570910825278
20261213,Target-exact-partial-1,exact,partial,0.3,43,425,0.9999999999999999,0.9597376168219562
20261213,Target-exact-partial-1,exact,partial,0.3,44,496,1.0,0.9559722422389203
20261213,Target-exact-partial-1,exact,partial,0.3,45,488,1.0,0.9467731437404578
20261213,Target-exact-partial-1,exact,partial,0.3,46,430,1.0,0.9061493808533991
20261213,Target-exact-partial-1,exact,partial,0.3,47,402,1.0000000000000002,0.9141842418661577
20261213,Target-exact-partial-1,exact,partial,0.3,48,414,1.0,0.9227453099236189
20261213,Target-exact-partial-1,exact,partial,0.3,49,476,1.0,0.9075444484532664
20261213,Target-exact-partial-1,exact,partial,0.3,50,480,1.0,0.9052317597830094
20261213,Target-exact-partial-2,exact,partial,0.3,1,490,1.0,0.9883226419943503
20261213,Target-exact-partial-2,exact,partial,0.3,2,498,1.0,0.9841465711575667
20261213,Target-exact-partial-2,exact,partial,0.3,3,91,1.0,0.9834454164665201
20261213,Target-exact-partial-2,exact,partial,0.3,4,494,1.0,0.9788326827032824
20261213,Target-exact-partial-2,exact,partial,0.3,5,75,1.0,0.9783630723104806
20261213,Target-exact-partial-2,exact,partial,0.3,6,470,1.0,0.9782357878009758
20261213,Target-exact-partial-2,exact,partial,0.3,7,196,1.0,0.9763005722632265
20261213,Target-exact-partial-2,exact,partial,0.3,8,519,1.0,0.9715400869610366
20261213,Target-exact-partial-2,exact,partial,0.3,9,290,1.0,0.9579758404073733
20261213,Target-exact-partial-2,exact,partial,0.3,10,388,1.0,0.8883758655169826
20261213,Target-exact-partial-2,exact,partial,0.3,11,527,1.0000000000000002,0.9676114730863054
20261213,Target-exact-partial-2,exact,partial,0.3,12,486,1.0,0.9774095653448802
20261213,Target-exact-partial-2,exact,partial,0.3,13,71,1.0,0.976993016726194
20261213,Target-exact-partial-2,exact,partial,0.3,14,438,1.0,0.9760406221926174
20261213,Target-exact-partial-2,exact,partial,0.3,15,482,1.0,0.9755222160777154
20261213,Target-exact-partial-2,exact,partial,0.3,16,95,1.0,0.9754093888783015
20261213,Target-exact-partial-2,exact,partial,0.3,17,478,1.0,0.9750339596521991
20261213,Target-exact-partial-2,exact,partial,0.3,18,188,1.0,0.9749930231833603
20261213,Target-exact-partial-2,exact,partial,0.3,19,474,1.0,0.9719039061630158
20261213,Target-exact-partial-2,exact,partial,0.3,20,422,1.0,0.9688159949534947
20261213,Target-exact-partial-2,exact,partial,0.3,21,192,1.0,0.9671624431150884
20261213,Target-exact-partial-2,exact,partial,0.3,22,79,1.0,0.9633959016804318
20261213,Target-exact-partial-2,exact,partial,0.3,23,406,1.0,0.9617799346880793
20261213,Target-exact-partial-2,exact,partial,0.3,24,298,1.0,0.9562628987798147
20261213,Target-exact-partial-2,exact,partial,0.3,25,31,1.0,0.949164584931969
20261213,Target-exact-partial-2,exact,partial,0.3,26,83,1.0,0.9032034751328359
20261213,Target-exact-partial-2,exact,partial,0.3,27,15,1.0,0.9074713188289618
20261213,Target-exact-partial-2,exact,partial,0.3,28,184,1.0,0.9029824792114907
20261213,Target-exact-partial-2,exact,partial,0.3,29,176,1.0,0.9100314739779076
20261213,Target-exact-partial-2,exact,partial,0.3,30,180,1.0,0.9178455078972894
20261213,Target-exact-partial-2,exact,partial,0.3,31,172,1.0,0.9255982896964409
20261213,Target-exact-partial-2,exact,partial,0.3,32,294,1.0,0.8982714385531169
20261213,Target-exact-partial-2,exact,partial,0.3,33,286,1.0,0.9061709458622333
20261213,Target-exact-partial-2,exact,partial,0.3,34,392,1.0,0.8965565459534661
20261213,Target-exact-partial-2,exact,partial,0.3,35,396,1.0,0.9004955674672248
20261213,Target-exact-partial-2,exact,partial,0.3,36,89,1.0,0.8505917802540129
20261213,Target-exact-partial-2,exact,partial,0.3,37,386,1.0,0.8500000000000001
20261213,Target-exact-partial-2,exact,partial,0.3,38,394,1.0,0.8500000000000001
20261213,Target-exact-partial-2,exact,partial,0.3,39,85,1.0,0.8499999999999999
20261213,Target-exact-partial-2,exact,partial,0.3,40,87,1.0,0.8499999999999999
20261213,Target-exact-partial-2,exact,partial,0.3,41,93,1.0,0.8499999999999999
20261213,Target-exact-partial-2,exact,partial,0.3,42,97,1.0,0.8499999999999999
20261213,Target-exact-partial-2,exact,partial,0.3,43,99,1.0,0.8499999999999999
20261213,Target-exact-partial-2,exact,partial,0.3,44,32,1.0,0.7033600329010488
20261213,Target-exact-partial-2,exact,partial,0.3,45,398,1.0,0.6847251025400587
20261213,Target-exact-partial-2,exact,partial,0.3,46,190,1.0,0.6697167401334359
20261213,Target-exact-partial-2,exact,partial,0.3,47,198,1.0000000000000002,0.6492676987386576
20261213,Target-exact-partial-2,exact,partial,0.3,48,390,1.0,0.6453934423116101
20261213,Target-exact-partial-2,exact,partial,0.3,49,186,1.0,0.6390532841878316
20261213,Target-exact-partial-2,exact,partial,0.3,50,425,0.9999999999999999,0.9597376168219562
20261213,Target-exact-full-1,exact,full,0.3,1,490,1.0,0.9883226419943503
20261213,Target-exact-full-1,exact,full,0.3,2,498,1.0,0.9841465705733083
20261213,Target-exact-full-1,exact,full,0.3,3,91,1.0,0.9834454164665201
20261213,Target-exact-full-1,exact,full,0.3,4,494,1.0,0.9788326799333593
20261213,Target-exact-full-1,exact,full,0.3,5,75,1.0,0.9783629013965074
20261213,Target-exact-full-1,exact,full,0.3,6,470,1.0,0.9782357818849576
20261213,Target-exact-full-1,exact,full,0.3,7,196,1.0,0.9763005722632265
20261213,Target-exact-full-1,exact,full,0.3,8,519,1.0,0.9715400869610366
20261213,Target-exact-full-1,exact,full,0.3,9,290,1.0,0.9579758404073733
20261213,Target-exact-full-1,exact,full,0.3,10,388,1.0,0.8883758655169826
20261213,Target-exact-full-1,exact,full,0.3,11,527,1.0000000000000002,0.9676114730863054
20261213,Target-exact-full-1,exact,full,0.3,12,486,1.0,0.977409555185391
20261213,Target-exact-full-1,exact,full,0.3,13,71,1.0,0.9769922057939809
20261213,Target-exact-full-1,exact,full,0.3,14,438,1.0,0.9760406010855515
20261213,Target-exact-full-1,exact,full,0.3,15,482,1.0,0.9755221769041014
20261213,Target-exact-full-1,exact,full,0.3,16,95,1.0,0.9754069625975426
20261213,Target-exact-full-1,exact,full,0.3,17,478,1.0,0.9750339177421286
20261213,Target-exact-full-1,exact,full,0.3,18,474,1.0,0.971903775697389
20261213,Target-exact-full-1,exact,full,0.3,19,422,1.0,0.9688152247082515
20261213,Target-exact-full-1,exact,full,0.3,20,79,1.0,0.9633862409420533
20261213,Target-exact-full-1,exact,full,0.3,21,406,1.0,0.961775966069663
20261213,Target-exact-full-1,exact,full,0.3,22,425,1.0,0.9597354182112501
20261213,Target-exact-full-1,exact,full,0.3,23,298,1.0,0.9562630423023494
20261213,Target-exact-full-1,exact,full,0.3,24,496,1.0,0.955967482804521
20261213,Target-exact-full-1,exact,full,0.3,25,31,1.0,0.9491388041842176
20261213,Target-exact-full-1,exact,full,0.3,26,83,1.0,0.9027471487805204
20261213,Target-exact-full-1,exact,full,0.3,27,294,1.0,0.89827753637447
20261213,Target-exact-full-1,exact,full,0.3,28,286,1.0,0.9062374442712222
20261213,Target-exact-full-1,exact,full,0.3,29,270,1.0,0.9079948817590424
20261213,Target-exact-full-1,exact,full,0.3,30,278,1.0,0.9135009542003408
20261213,Target-exact-full-1,exact,full,0.3,31,392,1.0,0.8965565459534661
20261213,Target-exact-full-1,exact,full,0.3,32,396,1.0,0.9004955674672248
20261213,Target-exact-full-1,exact,full,0.3,33,15,1.0,0.8872757994267104
20261213,Target-exact-full-1,exact,full,0.3,34,89,1.0,0.8504384468415839
20261213,Target-exact-full-1,exact,full,0.3,35,386,1.0,0.8500000000000001
20261213,Target-exact-full-1,exact,full,0.3,36,394,1.0,0.8500000000000001
20261213,Target-exact-full-1,exact,full,0.3,37,398,1.0,0.6847251025400587
20261213,Target-exact-full-1,exact,full,0.3,38,390,1.0,0.6453934423116101
20261213,Target-exact-full-1,exact,full,0.3,39,488,0.9999999999999999,0.9467650205966749
20261213,Target-exact-full-1,exact,full,0.3,40,430,1.0,0.9059441242660189
20261213,Target-exact-full-1,exact,full,0.3,41,414,1.0,0.8945818843647648
20261213,Target-exact-full-1,exact,full,0.3,42,492,1.0,0.8910345905240278
20261213,Target-exact-full-1,exact,full,0.3,43,402,1.0,0.8833218448339706
20261213,Target-exact-full-1,exact,full,0.3,44,476,1.0000000000000002,0.8494796664448634
20261213,Target-exact-full-1,exact,full,0.3,45,480,1.0,0.8234955599149473
20261213,Target-exact-full-1,exact,full,0.3,46,484,1.0000000000000002,0.7885840436594947
20261213,Target-exact-full-1,exact,full,0.3,47,472,1.0,0.7330104794609908
20261213,Target-exact-full-1,exact,full,0.3,48,535,0.9999999999999999,0.9023393714134742
20261213,Target-exact-full-1,exact,full,0.3,49,511,1.0,0.8499999999999999
20261213,Target-exact-full-1,exact,full,0.3,50,571,1.0,0.8499999999999999
20261213,Target-exact-full-2,exact,full,0.3,1,490,1.0,0.9883226419943503
20261213,Target-exact-full-2,exact,full,0.3,2,498,1.0,0.9841465711806288
20261213,Target-exact-full-2,exact,full,0.3,3,91,1.0,0.9834454164665201
20261213,Target-exact-full-2,exact,full,0.3,4,494,1.0,0.9788326828121315
20261213,Target-exact-full-2,exact,full,0.3,5,75,1.0,0.9783630723104806
20261213,Target-exact-full-2,exact,full,0.3,6,470,1.0,0.9782357880328654
20261213,Target-exact-full-2,exact,full,0.3,7,196,1.0,0.9763005722632265
20261213,Target-exact-full-2,exact,full,0.3,8,519,1.0,0.9715400869610366
20261213,Target-exact-full-2,exact,full,0.3,9,290,1.0,0.9579758404073733
20261213,Target-exact-full-2,exact,full,0.3,10,388,1.0,0.8883758655169826
20261213,Target-exact-full-2,exact,full,0.3,11,486,1.0,0.9774095657437611
20261213,Target-exact-full-2,exact,full,0.3,12,71,1.0,0.976993016726194
20261213,Target-exact-full-2,exact,full,0.3,13,438,1.0,0.9760406230206651
20261213,Target-exact-full-2,exact,full,0.3,14,482,1.0,0.9755222177746552
20261213,Target-exact-full-2,exact,full,0.3,15,95,1.0,0.9754093888783015
20261213,Target-exact-full-2,exact,full,0.3,16,478,1.0,0.9750339614958045
20261213,Target-exact-full-2,exact,full,0.3,17,188,1.0,0.9749790360748816
20261213,Target-exact-full-2,exact,full,0.3,18,474,1.0,0.9719039123538433
20261213,Target-exact-full-2,exact,full,0.3,19,527,1.0,0.9676071505794289
20261213,Target-exact-full-2,exact,full,0.3,20,192,1.0,0.9671301791115736
20261213,Target-exact-full-2,exact,full,0.3,21,184,1.0000000000000002,0.9024573002881808
20261213,Target-exact-full-2,exact,full,0.3,22,79,1.0,0.9633959016804318
20261213,Target-exact-full-2,exact,full,0.3,23,298,1.0,0.9562628987798147
20261213,Target-exact-full-2,exact,full,0.3,24,31,1.0,0.949164584931969
20261213,Target-exact-full-2,exact,full,0.3,25,83,1.0,0.9032034751328359
20261213,Target-exact-full-2,exact,full,0.3,26,15,1.0,0.9074713188289618
20261213,Target-exact-full-2,exact,full,0.3,27,294,1.0,0.8982714385531169
20261213,Target-exact-full-2,exact,full,0.3,28,286,1.0,0.9061709458622333
20261213,Target-exact-full-2,exact,full,0.3,29,176,1.0,0.8896787653855094
20261213,Target-exact-full-2,exact,full,0.3,30,180,1.0,0.8776014332936688
20261213,Target-exact-full-2,exact,full,0.3,31,392,1.0,0.8767830825292899
20261213,Target-exact-full-2,exact,full,0.3,32,172,1.0,0.8641820739860319
20261213,Target-exact-full-2,exact,full,0.3,33,396,1.0,0.8599523468851492
20261213,Target-exact-full-2,exact,full,0.3,34,89,1.0,0.8505917802540129
20261213,Target-exact-full-2,exact,full,0.3,35,85,1.0,0.8499999999999999
20261213,Target-exact-full-2,exact,full,0.3,36,87,1.0,0.8499999999999999
20261213,Target-exact-full-2,exact,full,0.3,37,93,1.0,0.8499999999999999
20261213,Target-exact-full-2,exact,full,0.3,38,97,1.0,0.8499999999999999
20261213,Target-exact-full-2,exact,full,0.3,39,99,1.0,0.8499999999999999
20261213,Target-exact-full-2,exact,full,0.3,40,386,1.0,0.8499999999999999
20261213,Target-exact-full-2,exact,full,0.3,41,394,1.0,0.8499999999999999
20261213,Target-exact-full-2,exact,full,0.3,42,32,1.0,0.7033600329010488
20261213,Target-exact-full-2,exact,full,0.3,43,398,1.0,0.6674102885771767
20261213,Target-exact-full-2,exact,full,0.3,44,190,1.0,0.6545608241215183
20261213,Target-exact-full-2,exact,full,0.3,45,198,1.0,0.6434570910825278
20261213,Target-exact-full-2,exact,full,0.3,46,390,1.0,0.6424296491516249
20261213,Target-exact-full-2,exact,full,0.3,47,422,0.9999999999999999,0.9688160302105909
20261213,Target-exact-full-2,exact,full,0.3,48,406,1.0,0.9617800628093223
20261213,Target-exact-full-2,exact,full,0.3,49,425,1.0,0.9597376961538976
20261213,Target-exact-full-2,exact,full,0.3,50,496,1.0,0.9559724143459662
20261213,Target-interpolated-global-1,interpolated,global,0.3,1,490,1.0,0.9883226419943503
20261213,Target-interpolated-global-1,interpolated,global,0.3,2,498,1.0,0.9841465711575667
20261213,Target-interpolated-global-1,interpolated,global,0.3,3,91,1.0,0.9834454164665201
20261213,Target-interpolated-global-1,interpolated,global,0.3,4,494,1.0,0.9788326827032824
20261213,Target-interpolated-global-1,interpolated,global,0.3,5,470,1.0,0.9782357878009758
20261213,Target-interpolated-global-1,interpolated,global,0.3,6,486,1.0,0.9774095653448802
20261213,Target-interpolated-global-1,interpolated,global,0.3,7,196,1.0,0.9763005722632265
20261213,Target-interpolated-global-1,interpolated,global,0.3,8,519,1.0,0.9715400869610366
20261213,Target-interpolated-global-1,interpolated,global,0.3,9,290,1.0,0.9579758404073733
20261213,Target-interpolated-global-1,interpolated,global,0.3,10,388,1.0,0.8883758655169826
20261213,Target-interpolated-global-1,interpolated,global,0.3,11,438,1.0,0.9760406221926174
20261213,Target-interpolated-global-1,interpolated,global,0.3,12,482,1.0,0.9755222160777154
20261213,Target-interpolated-global-1,interpolated,global,0.3,13,478,1.0,0.9750339596521991
20261213,Target-interpolated-global-1,interpolated,global,0.3,14,188,1.0,0.9749889890112551
20261213,Target-interpolated-global-1,interpolated,global,0.3,15,474,1.0,0.9719039061630158
20261213,Target-interpolated-global-1,interpolated,global,0.3,16,422,1.0,0.9688159949534947
20261213,Target-interpolated-global-1,interpolated,global,0.3,17,527,1.0,0.9675985350834286
20261213,Target-interpolated-global-1,interpolated,global,0.3,18,192,1.0,0.9671542375183422
20261213,Target-interpolated-global-1,interpolated,global,0.3,19,406,1.0,0.9617793651911305
20261213,Target-interpolated-global-1,interpolated,global,0.3,20,425,1.0,0.9597373167103349
20261213,Target-interpolated-global-1,interpolated,global,0.3,21,298,1.0,0.9562628987798147
20261213,Target-interpolated-global-1,interpolated,global,0.3,22,496,1.0,0.9559716193081593
20261213,Target-interpolated-global-1,interpolated,global,0.3,23,488,1.0,0.9467722408871334
20261213,Target-interpolated-global-1,interpolated,global,0.3,24,430,1.0,0.906132058914668
20261213,Target-interpolated-global-1,interpolated,global,0.3,25,402,1.0,0.9126078243416467
20261213,Target-interpolated-global-1,interpolated,global,0.3,26,414,1.0,0.903133706019497
20261213,Target-interpolated-global-1,interpolated,global,0.3,27,184,1.0,0.9028311664713298
20261213,Target-interpolated-global-1,interpolated,global,0.3,28,176,1.0,0.9087693568070183
20261213,Target-interpolated-global-1,interpolated,global,0.3,29,180,1.0,0.9157027990538391
20261213,Target-interpolated-global-1,interpolated,global,0.3,30,172,1.0,0.922638876652458
20261213,Target-interpolated-global-1,interpolated,global,0.3,31,535,1.0,0.9020859758695821
20261213,Target-interpolated-global-1,interpolated,global,0.3,32,294,1.0,0.8982499897068417
20261213,Target-interpolated-global-1,interpolated,global,0.3,33,286,1.0,0.9056701416614604
20261213,Target-interpolated-global-1,interpolated,global,0.3,34,270,1.0,0.9065510317401579
20261213,Target-interpolated-global-1,interpolated,global,0.3,35,278,1.0,0.8962767703622332
20261213,Target-interpolated-global-1,interpolated,global,0.3,36,492,1.0,0.8957625650215895
20261213,Target-interpolated-global-1,interpolated,global,0.3,37,392,1.0,0.8955710165432634
20261213,Target-interpolated-global-1,interpolated,global,0.3,38,396,1.0,0.8987817458127594
20261213,Target-interpolated-global-1,interpolated,global,0.3,39,476,1.0,0.8884157622235185
20261213,Target-interpolated-global-1,interpolated,global,0.3,40,480,1.0,0.8863146192601272
20261213,Target-interpolated-global-1,interpolated,global,0.3,41,484,1.0,0.8599643116655179
20261213,Target-interpolated-global-1,interpolated,global,0.3,42,511,1.0,0.8500000000000001
20261213,Target-interpolated-global-1,interpolated,global,0.3,43,571,1.0,0.8500000000000001
20261213,Target-interpolated-global-1,interpolated,global,0.3,44,575,1.0,0.8500000000000001
20261213,Target-interpolated-global-1,interpolated,global,0.3,45,579,1.0,0.8500000000000001
20261213,Target-interpolated-global-1,interpolated,global,0.3,46,583,1.0,0.8500000000000001
20261213,Target-interpolated-global-1,interpolated,global,0.3,47,585,1.0,0.8500000000000001
20261213,Target-interpolated-global-1,interpolated,global,0.3,48,587,1.0,0.8500000000000001
20261213,Target-interpolated-global-1,interpolated,global,0.3,49,589,1.0,0.8500000000000001
20261213,Target-interpolated-global-1,interpolated,global,0.3,50,591,1.0,0.8500000000000001
20261213,Target-interpolated-global-2,interpolated,global,0.3,1,490,1.0,0.9883226419943503
20261213,Target-interpolated-global-2,interpolated,global,0.3,2,498,1.0,0.9841465711575667
20261213,Target-interpolated-global-2,interpolated,global,0.3,3,91,1.0,0.9834454164665201
20261213,Target-interpolated-global-2,interpolated,global,0.3,4,494,1.0,0.9788326827032824
20261213,Target-interpolated-global-2,interpolated,global,0.3,5,470,1.0,0.9782357878009758
20261213,Target-interpolated-global-2,interpolated,global,0.3,6,486,1.0,0.9774095653448802
20261213,Target-interpolated-global-2,interpolated,global,0.3,7,196,1.0,0.9763005722632265
20261213,Target-interpolated-global-2,interpolated,global,0.3,8,519,1.0,0.9715400869610366
20261213,Target-interpolated-global-2,interpolated,global,0.3,9,290,1.0,0.9579758404073733
20261213,Target-interpolated-global-2,interpolated,global,0.3,10,388,1.0,0.8883758655169826
20261213,Target-interpolated-global-2,interpolated,global,0.3,11,438,1.0,0.9760406221926174
20261213,Target-interpolated-global-2,interpolated,global,0.3,12,482,1.0,0.9755222160777154
20261213,Target-interpolated-global-2,interpolated,global,0.3,13,478,1.0,0.9750339596521991
20261213,Target-interpolated-global-2,interpolated,global,0.3,14,474,1.0,0.9719039061630158
20261213,Target-interpolated-global-2,interpolated,global,0.3,15,422,1.0,0.9688159949534947
20261213,Target-interpolated-global-2,interpolated,global,0.3,16,527,1.0,0.9676071505794289
20261213,Target-interpolated-global-2,interpolated,global,0.3,17,406,1.0,0.9617799346880793
20261213,Target-interpolated-global-2,interpolated,global,0.3,18,298,1.0,0.9562628987798147
20261213,Target-interpolated-global-2,interpolated,global,0.3,19,294,1.0,0.8982714385531169
20261213,Target-interpolated-global-2,interpolated,global,0.3,20,286,1.0,0.9061709458622333
20261213,Target-interpolated-global-2,interpolated,global,0.3,21,392,1.0,0.8965565459534661
20261213,Target-interpolated-global-2,interpolated,global,0.3,22,396,1.0,0.9004955674672248
20261213,Target-interpolated-global-2,interpolated,global,0.3,23,386,1.0,0.8499999999999999
20261213,Target-interpolated-global-2,interpolated,global,0.3,24,394,1.0,0.8499999999999999
20261213,Target-interpolated-global-2,interpolated,global,0.3,25,398,1.0,0.684647872503919
20261213,Target-interpolated-global-2,interpolated,global,0.3,26,390,1.0,0.645380064638965
20261213,Target-interpolated-global-2,interpolated,global,0.3,27,75,0.9999999999999999,0.9783630657384748
20261213,Target-interpolated-global-2,interpolated,global,0.3,28,71,1.0,0.9769928199057961
20261213,Target-interpolated-global-2,interpolated,global,0.3,29,95,1.0,0.9754087784645309
20261213,Target-interpolated-global-2,interpolated,global,0.3,30,79,1.0,0.9633939823916937
20261213,Target-interpolated-global-2,interpolated,global,0.3,31,31,1.0,0.9491618872559675
20261213,Target-interpolated-global-2,interpolated,global,0.3,32,83,1.0,0.9031385511038217
20261213,Target-interpolated-global-2,interpolated,global,0.3,33,15,1.0,0.9075642021488788
20261213,Target-interpolated-global-2,interpolated,global,0.3,34,89,1.0,0.8505923031458216
20261213,Target-interpolated-global-2,interpolated,global,0.3,35,85,1.0,0.85
20261213,Target-interpolated-global-2,interpolated,global,0.3,36,87,1.0,0.85
20261213,Target-interpolated-global-2,interpolated,global,0.3,37,93,1.0,0.85
20261213,Target-interpolated-global-2,interpolated,global,0.3,38,97,1.0,0.85
20261213,Target-interpolated-global-2,interpolated,global,0.3,39,99,1.0,0.85
20261213,Target-interpolated-global-2,interpolated,global,0.3,40,32,1.0,0.7034180898945851
20261213,Target-interpolated-global-2,interpolated,global,0.3,41,425,0.9999999999999999,0.9597376168219562
20261213,Target-interpolated-global-2,interpolated,global,0.3,42,496,1.0,0.9559722422389203
20261213,Target-interpolated-global-2,interpolated,global,0.3,43,488,1.0,0.9467731437404578
20261213,Target-interpolated-global-2,interpolated,global,0.3,44,430,1.0,0.9061493808533991
20261213,Target-interpolated-global-2,interpolated,global,0.3,45,402,1.0,0.9140267549344734
20261213,Target-interpolated-global-2,interpolated,global,0.3,46,414,1.0,0.9222764003281169
20261213,Target-interpolated-global-2,interpolated,global,0.3,47,476,1.0,0.9069483522005658
20261213,Target-interpolated-global-2,interpolated,global,0.3,48,480,1.0,0.9046671996534219
20261213,Target-interpolated-global-2,interpolated,global,0.3,49,492,1.0,0.9014090236514407
20261213,Target-interpolated-global-2,interpolated,global,0.3,50,484,1.0,0.8967010731904184
20261213,Target-interpolated-partial-1,interpolated,partial,0.3,1,490,1.0,0.9883226419943503
20261213,Target-interpolated-partial-1,interpolated,partial,0.3,2,498,1.0,0.9841465711575667
20261213,Target-interpolated-partial-1,interpolated,partial,0.3,3,91,1.0,0.9834454164665201
20261213,Target-interpolated-partial-1,interpolated,partial,0.3,4,494,1.0,0.9788326827032824
20261213,Target-interpolated-partial-1,interpolated,partial,0.3,5,470,1.0,0.9782357878009758
20261213,Target-interpolated-partial-1,interpolated,partial,0.3,6,486,1.0,0.9774095653448802
20261213,Target-interpolated-partial-1,interpolated,partial,0.3,7,196,1.0,0.9763005722632265
20261213,Target-interpolated-partial-1,interpolated,partial,0.3,8,519,1.0,0.9715400869610366
20261213,Target-interpolated-partial-1,interpolated,partial,0.3,9,290,1.0,0.9579758404073733
20261213,Target-interpolated-partial-1,interpolated,partial,0.3,10,388,1.0,0.8883758655169826
20261213,Target-interpolated-partial-1,interpolated,partial,0.3,11,438,1.0,0.9760406221926174
20261213,Target-interpolated-partial-1,interpolated,partial,0.3,12,482,1.0,0.9755222160777154
20261213,Target-interpolated-partial-1,interpolated,partial,0.3,13,478,1.0,0.9750339596521991
20261213,Target-interpolated-partial-1,interpolated,partial,0.3,14,188,1.0,0.974987462954798
20261213,Target-interpolated-partial-1,interpolated,partial,0.3,15,474,1.0,0.9719039061630158
20261213,Target-interpolated-partial-1,interpolated,partial,0.3,16,422,1.0,0.9688159949534947
20261213,Target-interpolated-partial-1,interpolated,partial,0.3,17,527,1.0,0.9676071505794289
20261213,Target-interpolated-partial-1,interpolated,partial,0.3,18,192,1.0,0.9671510970736157
20261213,Target-interpolated-partial-1,interpolated,partial,0.3,19,406,1.0,0.9617799346880793
20261213,Target-interpolated-partial-1,interpolated,partial,0.3,20,298,1.0,0.9562624102213192
20261213,Target-interpolated-partial-1,interpolated,partial,0.3,21,294,1.0,0.8982303517489065
20261213,Target-interpolated-partial-1,interpolated,partial,0.3,22,286,1.0000000000000002,0.905481757638972
20261213,Target-interpolated-partial-1,interpolated,partial,0.3,23,270,1.0,0.9062096736451076
20261213,Target-interpolated-partial-1,interpolated,partial,0.3,24,392,1.0,0.8965565459534661
20261213,Target-interpolated-partial-1,interpolated,partial,0.3,25,396,1.0,0.9004955674672248
20261213,Target-interpolated-partial-1,interpolated,partial,0.3,26,278,1.0,0.8956471284126167
20261213,Target-interpolated-partial-1,interpolated,partial,0.3,27,386,1.0,0.85
20261213,Target-interpolated-partial-1,interpolated,partial,0.3,28,394,1.0,0.85
20261213,Target-interpolated-partial-1,interpolated,partial,0.3,29,288,1.0,0.8499999999999999
20261213,Target-interpolated-partial-1,interpolated,partial,0.3,30,292,1.0,0.8499999999999999
20261213,Target-interpolated-partial-1,interpolated,partial,0.3,31,398,1.0,0.6846876282866252
20261213,Target-interpolated-partial-1,interpolated,partial,0.3,32,390,1.0,0.6453869509030431
20261213,Target-interpolated-partial-1,interpolated,partial,0.3,33,296,1.0,0.6374999999999998
20261213,Target-interpolated-partial-1,interpolated,partial,0.3,34,75,0.9999999999999999,0.9783630657384748
20261213,Target-interpolated-partial-1,interpolated,partial,0.3,35,71,1.0,0.9769928199057961
20261213,Target-interpolated-partial-1,interpolated,partial,0.3,36,95,1.0,0.9754087784645309
20261213,Target-interpolated-partial-1,interpolated,partial,0.3,37,79,0.9999999999999999,0.9633927942980374
20261213,Target-interpolated-partial-1,interpolated,partial,0.3,38,425,0.9999999999999999,0.9597376168219562
20261213,Target-interpolated-partial-1,interpolated,partial,0.3,39,496,1.0,0.9559722422389203
20261213,Target-interpolated-partial-1,interpolated,partial,0.3,40,488,1.0,0.9467731437404578
20261213,Target-interpolated-partial-1,interpolated,partial,0.3,41,430,1.0,0.9061493808533991
20261213,Target-interpolated-partial-1,interpolated,partial,0.3,42,402,1.0,0.9141175232369869
20261213,Target-interpolated-partial-1,interpolated,partial,0.3,43,414,1.0,0.9224604862358073
20261213,Target-interpolated-partial-1,interpolated,partial,0.3,44,476,1.0,0.9071984794930095
20261213,Target-interpolated-partial-1,interpolated,partial,0.3,45,480,1.0,0.9049041741191006
20261213,Target-interpolated-partial-1,interpolated,partial,0.3,46,492,1.0,0.9014605360036468
20261213,Target-interpolated-partial-1,interpolated,partial,0.3,47,31,0.9999999999999999,0.9491522749524394
20261213,Target-interpolated-partial-1,interpolated,partial,0.3,48,83,1.0,0.9030229692183271
20261213,Target-interpolated-partial-1,interpolated,partial,0.3,49,15,1.0,0.9058333303941499
20261213,Target-interpolated-partial-1,interpolated,partial,0.3,50,89,1.0,0.8505193823933784
20261213,Target-interpolated-partial-2,interpolated,partial,0.3,1,490,1.0,0.9883226419943503
20261213,Target-interpolated-partial-2,interpolated,partial,0.3,2,498,1.0,0.9841465711575667
20261213,Target-interpolated-partial-2,interpolated,partial,0.3,3,91,1.0,0.9834454164665201
20261213,Target-interpolated-partial-2,interpolated,partial,0.3,4,494,1.0,0.9788326827032824
20261213,Target-interpolated-partial-2,interpolated,partial,0.3,5,470,1.0,0.9782357878009758
20261213,Target-interpolated-partial-2,interpolated,partial,0.3,6,486,1.0,0.9774095653448802
20261213,Target-interpolated-partial-2,interpolated,partial,0.3,7,196,1.0,0.9763005722632265
20261213,Target-interpolated-partial-2,interpolated,partial,0.3,8,519,1.0,0.9715400869610366
20261213,Target-interpolated-partial-2,interpolated,partial,0.3,9,290,1.0,0.9579758404073733
20261213,Target-interpolated-partial-2,interpolated,partial,0.3,10,388,1.0,0.8883758655169826
20261213,Target-interpolated-partial-2,interpolated,partial,0.3,11,438,1.0,0.9760406221926174
20261213,Target-interpolated-partial-2,interpolated,partial,0.3,12,482,1.0,0.9755222160777154
20261213,Target-interpolated-partial-2,interpolated,partial,0.3,13,478,1.0,0.9750339596521991
20261213,Target-interpolated-partial-2,interpolated,partial,0.3,14,474,1.0,0.9719039061630158
20261213,Target-interpolated-partial-2,interpolated,partial,0.3,15,422,1.0,0.9688159949534947
20261213,Target-interpolated-partial-2,interpolated,partial,0.3,16,527,1.0,0.9676071505794289
20261213,Target-interpolated-partial-2,interpolated,partial,0.3,17,406,1.0,0.9617797796140728
20261213,Target-interpolated-partial-2,interpolated,partial,0.3,18,425,1.0,0.9597375679390442
20261213,Target-interpolated-partial-2,interpolated,partial,0.3,19,298,1.0,0.9562628987798147
20261213,Target-interpolated-partial-2,interpolated,partial,0.3,20,294,1.0,0.8982630139414598
20261213,Target-interpolated-partial-2,interpolated,partial,0.3,21,286,1.0,0.9058533397777002
20261213,Target-interpolated-partial-2,interpolated,partial,0.3,22,392,1.0,0.8957487995415925
20261213,Target-interpolated-partial-2,interpolated,partial,0.3,23,396,1.0,0.8991183761395134
20261213,Target-interpolated-partial-2,interpolated,partial,0.3,24,386,1.0,0.8499999999999999
20261213,Target-interpolated-partial-2,interpolated,partial,0.3,25,394,1.0,0.8499999999999999
20261213,Target-interpolated-partial-2,interpolated,partial,0.3,26,398,1.0,0.6798792744081623
20261213,Target-interpolated-partial-2,interpolated,partial,0.3,27,390,1.0,0.6445567434518449
20261213,Target-interpolated-partial-2,interpolated,partial,0.3,28,75,0.9999999999999999,0.9783630657384748
20261213,Target-interpolated-partial-2,interpolated,partial,0.3,29,71,1.0,0.9769928199057961
20261213,Target-interpolated-partial-2,interpolated,partial,0.3,30,95,1.0,0.9754087784645309
20261213,Target-interpolated-partial-2,interpolated,partial,0.3,31,79,1.0,0.9633939823916937
20261213,Target-interpolated-partial-2,interpolated,partial,0.3,32,31,1.0,0.9491618872559675
20261213,Target-interpolated-partial-2,interpolated,partial,0.3,33,83,1.0,0.9031385511038217
20261213,Target-interpolated-partial-2,interpolated,partial,0.3,34,15,1.0,0.9074425449440294
20261213,Target-interpolated-partial-2,interpolated,partial,0.3,35,535,0.9999999999999999,0.9022577034844373
20261213,Target-interpolated-partial-2,interpolated,partial,0.3,36,511,1.0,0.8500000000000001
20261213,Target-interpolated-partial-2,interpolated,partial,0.3,37,571,1.0,0.8500000000000001
20261213,Target-interpolated-partial-2,interpolated,partial,0.3,38,575,1.0,0.8500000000000001
20261213,Target-interpolated-partial-2,interpolated,partial,0.3,39,579,1.0,0.8500000000000001
20261213,Target-interpolated-partial-2,interpolated,partial,0.3,40,583,1.0,0.8500000000000001
20261213,Target-interpolated-partial-2,interpolated,partial,0.3,41,585,1.0,0.8500000000000001
20261213,Target-interpolated-partial-2,interpolated,partial,0.3,42,587,1.0,0.8500000000000001
20261213,Target-interpolated-partial-2,interpolated,partial,0.3,43,589,1.0,0.8500000000000001
20261213,Target-interpolated-partial-2,interpolated,partial,0.3,44,591,1.0,0.8500000000000001
20261213,Target-interpolated-partial-2,interpolated,partial,0.3,45,593,1.0,0.8500000000000001
20261213,Target-interpolated-partial-2,interpolated,partial,0.3,46,595,1.0,0.8500000000000001
20261213,Target-interpolated-partial-2,interpolated,partial,0.3,47,597,1.0,0.8500000000000001
20261213,Target-interpolated-partial-2,interpolated,partial,0.3,48,599,1.0,0.8500000000000001
20261213,Target-interpolated-partial-2,interpolated,partial,0.3,49,504,1.0,0.8477219501025721
20261213,Target-interpolated-partial-2,interpolated,partial,0.3,50,520,1.0,0.7227536705488883
20261213,Target-interpolated-full-1,interpolated,full,0.3,1,490,1.0,0.9883226419943503
20261213,Target-interpolated-full-1,interpolated,full,0.3,2,498,1.0,0.9841465711575667
20261213,Target-interpolated-full-1,interpolated,full,0.3,3,91,1.0,0.9834454164665201
20261213,Target-interpolated-full-1,interpolated,full,0.3,4,494,1.0,0.9788326827032824
20261213,Target-interpolated-full-1,interpolated,full,0.3,5,470,1.0,0.9782357878009758
20261213,Target-interpolated-full-1,interpolated,full,0.3,6,486,1.0,0.9774095653448802
20261213,Target-interpolated-full-1,interpolated,full,0.3,7,196,1.0,0.9763005722632265
20261213,Target-interpolated-full-1,interpolated,full,0.3,8,519,1.0,0.9715400869610366
20261213,Target-interpolated-full-1,interpolated,full,0.3,9,290,1.0,0.9579758404073733
20261213,Target-interpolated-full-1,interpolated,full,0.3,10,388,1.0,0.8883758655169826
20261213,Target-interpolated-full-1,interpolated,full,0.3,11,438,1.0,0.9760406221926174
20261213,Target-interpolated-full-1,interpolated,full,0.3,12,482,1.0,0.9755222160777154
20261213,Target-interpolated-full-1,interpolated,full,0.3,13,478,1.0,0.9750339596521991
20261213,Target-interpolated-full-1,interpolated,full,0.3,14,188,1.0,0.974990163135812
20261213,Target-interpolated-full-1,interpolated,full,0.3,15,474,1.0,0.9719039061630158
20261213,Target-interpolated-full-1,interpolated,full,0.3,16,422,1.0,0.9688159949534947
20261213,Target-interpolated-full-1,interpolated,full,0.3,17,527,1.0,0.9676071505794289
20261213,Target-interpolated-full-1,interpolated,full,0.3,18,192,1.0,0.9671572782289122
20261213,Target-interpolated-full-1,interpolated,full,0.3,19,406,1.0,0.9617799346880793
20261213,Target-interpolated-full-1,interpolated,full,0.3,20,298,1.0,0.9562628987798147
20261213,Target-interpolated-full-1,interpolated,full,0.3,21,294,1.0,0.8982714385531169
20261213,Target-interpolated-full-1,interpolated,full,0.3,22,286,1.0,0.9061709458622333
20261213,Target-interpolated-full-1,interpolated,full,0.3,23,270,1.0,0.9075167729759253
20261213,Target-interpolated-full-1,interpolated,full,0.3,24,278,1.0,0.9126390444341618
20261213,Target-interpolated-full-1,interpolated,full,0.3,25,392,1.0,0.8964704225733926
20261213,Target-interpolated-full-1,interpolated,full,0.3,26,396,1.0,0.9004150555274824
20261213,Target-interpolated-full-1,interpolated,full,0.3,27,386,1.0,0.8500000000000001
20261213,Target-interpolated-full-1,interpolated,full,0.3,28,394,1.0,0.8500000000000001
20261213,Target-interpolated-full-1,interpolated,full,0.3,29,398,1.0,0.6845487670834403
20261213,Target-interpolated-full-1,interpolated,full,0.3,30,390,1.0,0.6453629009984128
20261213,Target-interpolated-full-1,interpolated,full,0.3,31,75,0.9999999999999999,0.9783630657384748
20261213,Target-interpolated-full-1,interpolated,full,0.3,32,71,1.0,0.9769928199057961
20261213,Target-interpolated-full-1,interpolated,full,0.3,33,95,1.0,0.9754087784645309
20261213,Target-interpolated-full-1,interpolated,full,0.3,34,79,0.9999999999999999,0.9633927597353915
20261213,Target-interpolated-full-1,interpolated,full,0.3,35,31,1.0,0.9491521383168622
20261213,Target-interpolated-full-1,interpolated,full,0.3,36,83,1.0,0.903021489704684
20261213,Target-interpolated-full-1,interpolated,full,0.3,37,15,1.0,0.9058318639299883
20261213,Target-interpolated-full-1,interpolated,full,0.3,38,89,1.0,0.8505193756529488
20261213,Target-interpolated-full-1,interpolated,full,0.3,39,85,1.0,0.8499999999999999
20261213,Target-interpolated-full-1,interpolated,full,0.3,40,87,1.0,0.8499999999999999
20261213,Target-interpolated-full-1,interpolated,full,0.3,41,93,1.0,0.8499999999999999
20261213,Target-interpolated-full-1,interpolated,full,0.3,42,97,1.0,0.8499999999999999
20261213,Target-interpolated-full-1,interpolated,full,0.3,43,99,1.0,0.8499999999999999
20261213,Target-interpolated-full-1,interpolated,full,0.3,44,32,1.0,0.6966177238003828
20261213,Target-interpolated-full-1,interpolated,full,0.3,45,425,0.9999999999999999,0.9597376168219562
20261213,Target-interpolated-full-1,interpolated,full,0.3,46,496,1.0,0.9559722422389203
20261213,Target-interpolated-full-1,interpolated,full,0.3,47,488,1.0,0.9467731437404578
20261213,Target-interpolated-full-1,interpolated,full,0.3,48,430,1.0,0.9061493808533991
20261213,Target-interpolated-full-1,interpolated,full,0.3,49,402,1.0,0.9140267549344734
20261213,Target-interpolated-full-1,interpolated,full,0.3,50,414,1.0,0.9222764003281169
20261213,Target-interpolated-full-2,interpolated,full,0.3,1,490,1.0,0.9883226419943503
20261213,Target-interpolated-full-2,interpolated,full,0.3,2,498,1.0,0.9841465711575667
20261213,Target-interpolated-full-2,interpolated,full,0.3,3,91,1.0,0.9834454164665201
20261213,Target-interpolated-full-2,interpolated,full,0.3,4,494,1.0,0.9788326827032824
20261213,Target-interpolated-full-2,interpolated,full,0.3,5,470,1.0,0.9782357878009758
20261213,Target-interpolated-full-2,interpolated,full,0.3,6,486,1.0,0.9774095653448802
20261213,Target-interpolated-full-2,interpolated,full,0.3,7,196,1.0,0.9763005722632265
20261213,Target-interpolated-full-2,interpolated,full,0.3,8,519,1.0,0.9715400869610366
20261213,Target-interpolated-full-2,interpolated,full,0.3,9,290,1.0,0.9579758404073733
20261213,Target-interpolated-full-2,interpolated,full,0.3,10,388,1.0,0.8883758655169826
20261213,Target-interpolated-full-2,interpolated,full,0.3,11,438,1.0,0.9760406221926174
20261213,Target-interpolated-full-2,interpolated,full,0.3,12,482,1.0,0.9755222160777154
20261213,Target-interpolated-full-2,interpolated,full,0.3,13,478,1.0,0.9750339596521991
20261213,Target-interpolated-full-2,interpolated,full,0.3,14,474,1.0,0.9719039061630158
20261213,Target-interpolated-full-2,interpolated,full,0.3,15,422,1.0,0.9688159949534947
20261213,Target-interpolated-full-2,interpolated,full,0.3,16,527,1.0,0.9675879294808502
20261213,Target-interpolated-full-2,interpolated,full,0.3,17,406,1.0,0.9617793651911305
20261213,Target-interpolated-full-2,interpolated,full,0.3,18,425,1.0,0.9597373167103349
20261213,Target-interpolated-full-2,interpolated,full,0.3,19,298,1.0,0.9562628987798147
20261213,Target-interpolated-full-2,interpolated,full,0.3,20,496,1.0,0.9559716193081593
20261213,Target-interpolated-full-2,interpolated,full,0.3,21,488,1.0,0.9467722408871334
20261213,Target-interpolated-full-2,interpolated,full,0.3,22,430,1.0,0.906132058914668
20261213,Target-interpolated-full-2,interpolated,full,0.3,23,402,1.0,0.9126078243416467
20261213,Target-interpolated-full-2,interpolated,full,0.3,24,414,1.0,0.903133706019497
20261213,Target-interpolated-full-2,interpolated,full,0.3,25,535,1.0,0.9019114483199265
20261213,Target-interpolated-full-2,interpolated,full,0.3,26,294,1.0,0.8982714385531169
20261213,Target-interpolated-full-2,interpolated,full,0.3,27,286,1.0,0.9061709458622333
20261213,Target-interpolated-full-2,interpolated,full,0.3,28,270,1.0,0.9076826266626699
20261213,Target-interpolated-full-2,interpolated,full,0.3,29,278,1.0,0.9129379413068583
20261213,Target-interpolated-full-2,interpolated,full,0.3,30,392,1.0,0.8959275841867751
20261213,Target-interpolated-full-2,interpolated,full,0.3,31,396,1.0,0.8994559727531437
20261213,Target-interpolated-full-2,interpolated,full,0.3,32,492,1.0,0.8957625650215895
20261213,Target-interpolated-full-2,interpolated,full,0.3,33,476,1.0,0.8884157622235185
20261213,Target-interpolated-full-2,interpolated,full,0.3,34,480,1.0,0.8863146192601272
20261213,Target-interpolated-full-2,interpolated,full,0.3,35,484,1.0,0.8599643116655179
20261213,Target-interpolated-full-2,interpolated,full,0.3,36,511,1.0,0.8500000000000001
20261213,Target-interpolated-full-2,interpolated,full,0.3,37,571,1.0,0.8500000000000001
20261213,Target-interpolated-full-2,interpolated,full,0.3,38,575,1.0,0.8500000000000001
20261213,Target-interpolated-full-2,interpolated,full,0.3,39,579,1.0,0.8500000000000001
20261213,Target-interpolated-full-2,interpolated,full,0.3,40,583,1.0,0.8500000000000001
20261213,Target-interpolated-full-2,interpolated,full,0.3,41,585,1.0,0.8500000000000001
20261213,Target-interpolated-full-2,interpolated,full,0.3,42,587,1.0,0.8500000000000001
20261213,Target-interpolated-full-2,interpolated,full,0.3,43,589,1.0,0.8500000000000001
20261213,Target-interpolated-full-2,interpolated,full,0.3,44,591,1.0,0.8500000000000001
20261213,Target-interpolated-full-2,interpolated,full,0.3,45,593,1.0,0.8500000000000001
20261213,Target-interpolated-full-2,interpolated,full,0.3,46,595,1.0,0.8500000000000001
20261213,Target-interpolated-full-2,interpolated,full,0.3,47,597,1.0,0.8500000000000001
20261213,Target-interpolated-full-2,interpolated,full,0.3,48,599,1.0,0.8500000000000001
20261213,Target-interpolated-full-2,interpolated,full,0.3,49,288,1.0,0.85
20261213,Target-interpolated-full-2,interpolated,full,0.3,50,292,1.0,0.85
20261213,Target-unseen-global-1,unseen,global,0.3,1,490,1.0,0.9883226419943503
20261213,Target-unseen-global-1,unseen,global,0.3,2,498,1.0,0.9841465706354018
20261213,Target-unseen-global-1,unseen,global,0.3,3,91,1.0,0.9834454164665201
20261213,Target-unseen-global-1,unseen,global,0.3,4,494,1.0,0.9788326802288716
20261213,Target-unseen-global-1,unseen,global,0.3,5,75,1.0,0.9783628669111181
20261213,Target-unseen-global-1,unseen,global,0.3,6,71,1.0,0.9769920657722164
20261213,Target-unseen-global-1,unseen,global,0.3,7,196,1.0,0.9763005722632265
20261213,Target-unseen-global-1,unseen,global,0.3,8,519,1.0,0.9715400869610366
20261213,Target-unseen-global-1,unseen,global,0.3,9,290,1.0,0.9579758404073733
20261213,Target-unseen-global-1,unseen,global,0.3,10,388,1.0,0.8883758655169826
20261213,Target-unseen-global-1,unseen,global,0.3,11,527,1.0000000000000002,0.9675763645074538
20261213,Target-unseen-global-1,unseen,global,0.3,12,95,1.0,0.9754065477859455
20261213,Target-unseen-global-1,unseen,global,0.3,13,188,1.0,0.9749785949233911
20261213,Target-unseen-global-1,unseen,global,0.3,14,192,1.0,0.967129838177321
20261213,Target-unseen-global-1,unseen,global,0.3,15,79,1.0,0.9633852848884528
20261213,Target-unseen-global-1,unseen,global,0.3,16,298,1.0,0.9562600607387476
20261213,Target-unseen-global-1,unseen,global,0.3,17,31,1.0,0.9491373142560762
20261213,Target-unseen-global-1,unseen,global,0.3,18,83,1.0,0.9027202945845423
20261213,Target-unseen-global-1,unseen,global,0.3,19,535,1.0,0.9016761349928818
20261213,Target-unseen-global-1,unseen,global,0.3,20,294,1.0,0.8981496871718762
20261213,Target-unseen-global-1,unseen,global,0.3,21,15,1.0,0.8872791737091525
20261213,Target-unseen-global-1,unseen,global,0.3,22,392,1.0,0.8769703834924671
20261213,Target-unseen-global-1,unseen,global,0.3,23,511,1.0,0.8500000000000001
20261213,Target-unseen-global-1,unseen,global,0.3,24,571,1.0,0.8500000000000001
20261213,Target-unseen-global-1,unseen,global,0.3,25,575,1.0,0.8500000000000001
20261213,Target-unseen-global-1,unseen,global,0.3,26,579,1.0,0.8500000000000001
20261213,Target-unseen-global-1,unseen,global,0.3,27,583,1.0,0.8500000000000001
20261213,Target-unseen-global-1,unseen,global,0.3,28,585,1.0,0.8500000000000001
20261213,Target-unseen-global-1,unseen,global,0.3,29,587,1.0,0.8500000000000001
20261213,Target-unseen-global-1,unseen,global,0.3,30,589,1.0,0.8500000000000001
20261213,Target-unseen-global-1,unseen,global,0.3,31,591,1.0,0.8500000000000001
20261213,Target-unseen-global-1,unseen,global,0.3,32,593,1.0,0.8500000000000001
20261213,Target-unseen-global-1,unseen,global,0.3,33,595,1.0,0.8500000000000001
20261213,Target-unseen-global-1,unseen,global,0.3,34,597,1.0,0.8500000000000001
20261213,Target-unseen-global-1,unseen,global,0.3,35,599,1.0,0.8500000000000001
20261213,Target-unseen-global-1,unseen,global,0.3,36,504,1.0,0.8164562667406503
20261213,Target-unseen-global-1,unseen,global,0.3,37,470,0.9999999999999999,0.9782357825174957
20261213,Target-unseen-global-1,unseen,global,0.3,38,486,1.0,0.9774095562700961
20261213,Target-unseen-global-1,unseen,global,0.3,39,438,1.0,0.9760406033406329
20261213,Target-unseen-global-1,unseen,global,0.3,40,482,1.0000000000000002,0.9755221805469663
20261213,Target-unseen-global-1,unseen,global,0.3,41,478,1.0,0.9750339212509216
20261213,Target-unseen-global-1,unseen,global,0.3,42,474,1.0,0.9719037868522196
20261213,Target-unseen-global-1,unseen,global,0.3,43,422,1.0,0.9688152965716923
20261213,Target-unseen-global-1,unseen,global,0.3,44,406,1.0,0.9617761433602391
20261213,Target-unseen-global-1,unseen,global,0.3,45,425,1.0,0.9597355038822436
20261213,Target-unseen-global-1,unseen,global,0.3,46,496,1.0,0.955967682126154
20261213,Target-unseen-global-1,unseen,global,0.3,47,488,0.9999999999999999,0.9467654525943962
20261213,Target-unseen-global-1,unseen,global,0.3,48,430,1.0,0.9059583277496337
20261213,Target-unseen-global-1,unseen,global,0.3,49,414,1.0,0.8946380168071908
20261213,Target-unseen-global-1,unseen,global,0.3,50,492,1.0,0.8910529680323611
20261213,Target-unseen-global-2,unseen,global,0.3,1,490,1.0,0.9883226419943503
20261213,Target-unseen-global-2,unseen,global,0.3,2,498,1.0,0.9841465706354018
20261213,Target-unseen-global-2,unseen,global,0.3,3,91,1.0,0.9834454164665201
20261213,Target-unseen-global-2,unseen,global,0.3,4,494,1.0,0.9788326802288716
20261213,Target-unseen-global-2,unseen,global,0.3,5,75,1.0,0.9783630918559859
20261213,Target-unseen-global-2,unseen,global,0.3,6,196,1.0,0.9763005722632265
20261213,Target-unseen-global-2,unseen,global,0.3,7,188,1.0,0.9748829781260335
20261213,Target-unseen-global-2,unseen,global,0.3,8,519,1.0,0.9715400869610366
20261213,Target-unseen-global-2,unseen,global,0.3,9,290,1.0,0.9579758404073733
20261213,Target-unseen-global-2,unseen,global,0.3,10,388,1.0,0.8883758655169826
20261213,Target-unseen-global-2,unseen,global,0.3,11,527,1.0,0.9675920467505608
20261213,Target-unseen-global-2,unseen,global,0.3,12,192,1.0,0.9670602051128157
20261213,Target-unseen-global-2,unseen,global,0.3,13,298,1.0,0.9562600607387476
20261213,Target-unseen-global-2,unseen,global,0.3,14,184,1.0,0.9017622335718749
20261213,Target-unseen-global-2,unseen,global,0.3,15,294,1.0,0.8981496871718762
20261213,Target-unseen-global-2,unseen,global,0.3,16,392,1.0,0.8768776016005332
20261213,Target-unseen-global-2,unseen,global,0.3,17,396,1.0,0.8796134436558438
20261213,Target-unseen-global-2,unseen,global,0.3,18,386,1.0,0.8500000000000001
20261213,Target-unseen-global-2,unseen,global,0.3,19,394,1.0,0.8500000000000001
20261213,Target-unseen-global-2,unseen,global,0.3,20,398,1.0,0.6733054393871405
20261213,Target-unseen-global-2,unseen,global,0.3,21,390,1.0000000000000002,0.6436822762858754
20261213,Target-unseen-global-2,unseen,global,0.3,22,470,0.9999999999999999,0.9782357825174957
20261213,Target-unseen-global-2,unseen,global,0.3,23,486,1.0,0.9774095562700961
20261213,Target-unseen-global-2,unseen,global,0.3,24,438,1.0,0.9760406033406329
20261213,Target-unseen-global-2,unseen,global,0.3,25,482,1.0000000000000002,0.9755221805469663
20261213,Target-unseen-global-2,unseen,global,0.3,26,478,1.0,0.9750339212509216
20261213,Target-unseen-global-2,unseen,global,0.3,27,474,1.0,0.9719037868522196
20261213,Target-unseen-global-2,unseen,global,0.3,28,422,1.0,0.9688152965716923
20261213,Target-unseen-global-2,unseen,global,0.3,29,406,1.0,0.9617761433602391
20261213,Target-unseen-global-2,unseen,global,0.3,30,425,1.0,0.9597355038822436
20261213,Target-unseen-global-2,unseen,global,0.3,31,496,1.0,0.955967682126154
20261213,Target-unseen-global-2,unseen,global,0.3,32,71,0.9999999999999999,0.9769929365985035
20261213,Target-unseen-global-2,unseen,global,0.3,33,95,0.9999999999999999,0.97540903372428
20261213,Target-unseen-global-2,unseen,global,0.3,34,79,1.0,0.9633930441565243
20261213,Target-unseen-global-2,unseen,global,0.3,35,31,1.0,0.9491499421940504
20261213,Target-unseen-global-2,unseen,global,0.3,36,83,1.0,0.9029858533264348
20261213,Target-unseen-global-2,unseen,global,0.3,37,15,1.0,0.8882462022552664
20261213,Target-unseen-global-2,unseen,global,0.3,38,89,1.0,0.8504477677357432
20261213,Target-unseen-global-2,unseen,global,0.3,39,85,1.0,0.8499999999999999
20261213,Target-unseen-global-2,unseen,global,0.3,40,87,1.0,0.8499999999999999
20261213,Target-unseen-global-2,unseen,global,0.3,41,93,1.0,0.8499999999999999
20261213,Target-unseen-global-2,unseen,global,0.3,42,97,1.0,0.8499999999999999
20261213,Target-unseen-global-2,unseen,global,0.3,43,99,1.0,0.8499999999999999
20261213,Target-unseen-global-2,unseen,global,0.3,44,32,1.0,0.689968457116349
20261213,Target-unseen-global-2,unseen,global,0.3,45,488,0.9999999999999999,0.9467654525943962
20261213,Target-unseen-global-2,unseen,global,0.3,46,430,1.0,0.9059583277496337
20261213,Target-unseen-global-2,unseen,global,0.3,47,414,1.0,0.8946380168071908
20261213,Target-unseen-global-2,unseen,global,0.3,48,492,1.0,0.8910529680323611
20261213,Target-unseen-global-2,unseen,global,0.3,49,402,1.0,0.8835101909353211
20261213,Target-unseen-global-2,unseen,global,0.3,50,476,1.0,0.8497040803664855
20261213,Target-unseen-partial-1,unseen,partial,0.3,1,490,1.0,0.9883226419943503
20261213,Target-unseen-partial-1,unseen,partial,0.3,2,498,1.0,0.9841465709078092
20261213,Target-unseen-partial-1,unseen,partial,0.3,3,91,1.0,0.9834454164665201
20261213,Target-unseen-partial-1,unseen,partial,0.3,4,494,1.0,0.9788326815221104
20261213,Target-unseen-partial-1,unseen,partial,0.3,5,470,1.0000000000000002,0.9782357852817638
20261213,Target-unseen-partial-1,unseen,partial,0.3,6,75,1.0,0.9783630116493616
20261213,Target-unseen-partial-1,unseen,partial,0.3,7,196,1.0,0.9763005722632265
20261213,Target-unseen-partial-1,unseen,partial,0.3,8,519,1.0,0.9715400869610366
20261213,Target-unseen-partial-1,unseen,partial,0.3,9,290,1.0,0.9579758404073733
20261213,Target-unseen-partial-1,unseen,partial,0.3,10,388,1.0,0.8883758655169826
20261213,Target-unseen-partial-1,unseen,partial,0.3,11,486,1.0,0.9774095610147178
20261213,Target-unseen-partial-1,unseen,partial,0.3,12,71,1.0,0.9769926195947131
20261213,Target-unseen-partial-1,unseen,partial,0.3,13,438,1.0,0.9760406132003213
20261213,Target-unseen-partial-1,unseen,partial,0.3,14,482,1.0,0.9755221972609032
20261213,Target-unseen-partial-1,unseen,partial,0.3,15,95,1.0,0.975408186112763
20261213,Target-unseen-partial-1,unseen,partial,0.3,16,478,1.0,0.9750339390216494
20261213,Target-unseen-partial-1,unseen,partial,0.3,17,188,1.0,0.9749878188444535
20261213,Target-unseen-partial-1,unseen,partial,0.3,18,474,1.0,0.9719038421079182
20261213,Target-unseen-partial-1,unseen,partial,0.3,19,422,1.0,0.9688156237345993
20261213,Target-unseen-partial-1,unseen,partial,0.3,20,527,1.0,0.9675940254341242
20261213,Target-unseen-partial-1,unseen,partial,0.3,21,192,1.0,0.9671534446337791
20261213,Target-unseen-partial-1,unseen,partial,0.3,22,79,1.0,0.9633915613000372
20261213,Target-unseen-partial-1,unseen,partial,0.3,23,406,1.0,0.9617782410009554
20261213,Target-unseen-partial-1,unseen,partial,0.3,24,425,1.0,0.9597365394526423
20261213,Target-unseen-partial-1,unseen,partial,0.3,25,298,1.0,0.9562612374585313
20261213,Target-unseen-partial-1,unseen,partial,0.3,26,496,1.0,0.9559699240146753
20261213,Target-unseen-partial-1,unseen,partial,0.3,27,31,1.0,0.9491537207981183
20261213,Target-unseen-partial-1,unseen,partial,0.3,28,488,1.0,0.9467692919855333
20261213,Target-unseen-partial-1,unseen,partial,0.3,29,430,1.0,0.9060559800962512
20261213,Target-unseen-partial-1,unseen,partial,0.3,30,402,1.0,0.9128240874056694
20261213,Target-unseen-partial-1,unseen,partial,0.3,31,414,1.0,0.9206615165706709
20261213,Target-unseen-partial-1,unseen,partial,0.3,32,476,1.0,0.9044600439633426
20261213,Target-unseen-partial-1,unseen,partial,0.3,33,83,1.0,0.9029886130479224
20261213,Target-unseen-partial-1,unseen,partial,0.3,34,15,1.0,0.9064838236496808
20261213,Target-unseen-partial-1,unseen,partial,0.3,35,184,1.0,0.902817146865192
20261213,Target-unseen-partial-1,unseen,partial,0.3,36,176,1.0,0.908742261083217
20261213,Target-unseen-partial-1,unseen,partial,0.3,37,180,1.0,0.9157152485921062
20261213,Target-unseen-partial-1,unseen,partial,0.3,38,172,1.0,0.9227846996129259
20261213,Target-unseen-partial-1,unseen,partial,0.3,39,480,1.0,0.9013104378119214
20261213,Target-unseen-partial-1,unseen,partial,0.3,40,492,1.0,0.8983262878183225
20261213,Target-unseen-partial-1,unseen,partial,0.3,41,294,1.0,0.8981928428013941
20261213,Target-unseen-partial-1,unseen,partial,0.3,42,286,1.0,0.9051534524539686
20261213,Target-unseen-partial-1,unseen,partial,0.3,43,270,1.0,0.9056229471754054
20261213,Target-unseen-partial-1,unseen,partial,0.3,44,278,1.0,0.9098781006113787
20261213,Target-unseen-partial-1,unseen,partial,0.3,45,392,1.0,0.8948216767765913
20261213,Target-unseen-partial-1,unseen,partial,0.3,46,396,1.0,0.8973434893749002
20261213,Target-unseen-partial-1,unseen,partial,0.3,47,89,1.0,0.850584133548267
20261213,Target-unseen-partial-1,unseen,partial,0.3,48,85,1.0,0.85
20261213,Target-unseen-partial-1,unseen,partial,0.3,49,87,1.0,0.85
20261213,Target-unseen-partial-1,unseen,partial,0.3,50,93,1.0,0.85
20261213,Target-unseen-partial-2,unseen,partial,0.3,1,490,1.0,0.9883226419943503
20261213,Target-unseen-partial-2,unseen,partial,0.3,2,498,1.0,0.98414657038349
20261213,Target-unseen-partial-2,unseen,partial,0.3,3,91,1.0,0.9834454164665201
20261213,Target-unseen-partial-2,unseen,partial,0.3,4,494,1.0,0.9788326790283051
20261213,Target-unseen-partial-2,unseen,partial,0.3,5,196,1.0,0.9763005722632265
20261213,Target-unseen-partial-2,unseen,partial,0.3,6,188,1.0,0.9749923338369388
20261213,Target-unseen-partial-2,unseen,partial,0.3,7,519,1.0,0.9715400869610366
20261213,Target-unseen-partial-2,unseen,partial,0.3,8,527,1.0,0.9675663162255987
20261213,Target-unseen-partial-2,unseen,partial,0.3,9,290,1.0,0.9579758404073733
20261213,Target-unseen-partial-2,unseen,partial,0.3,10,388,1.0,0.8883758655169826
20261213,Target-unseen-partial-2,unseen,partial,0.3,11,192,1.0,0.9671607859103811
20261213,Target-unseen-partial-2,unseen,partial,0.3,12,298,1.0,0.9562595357888477
20261213,Target-unseen-partial-2,unseen,partial,0.3,13,184,1.0,0.9029515179493037
20261213,Target-unseen-partial-2,unseen,partial,0.3,14,535,1.0,0.9014554709043789
20261213,Target-unseen-partial-2,unseen,partial,0.3,15,294,1.0,0.8970225572879654
20261213,Target-unseen-partial-2,unseen,partial,0.3,16,286,1.0,0.8875077923638006
20261213,Target-unseen-partial-2,unseen,partial,0.3,17,392,1.0,0.8764886324415962
20261213,Target-unseen-partial-2,unseen,partial,0.3,18,270,1.0,0.8697309427125202
20261213,Target-unseen-partial-2,unseen,partial,0.3,19,396,1.0,0.8592986078043021
20261213,Target-unseen-partial-2,unseen,partial,0.3,20,511,1.0,0.8500000000000001
20261213,Target-unseen-partial-2,unseen,partial,0.3,21,571,1.0,0.8500000000000001
20261213,Target-unseen-partial-2,unseen,partial,0.3,22,575,1.0,0.8500000000000001
20261213,Target-unseen-partial-2,unseen,partial,0.3,23,579,1.0,0.8500000000000001
20261213,Target-unseen-partial-2,unseen,partial,0.3,24,583,1.0,0.8500000000000001
20261213,Target-unseen-partial-2,unseen,partial,0.3,25,585,1.0,0.8500000000000001
20261213,Target-unseen-partial-2,unseen,partial,0.3,26,587,1.0,0.8500000000000001
20261213,Target-unseen-partial-2,unseen,partial,0.3,27,589,1.0,0.8500000000000001
20261213,Target-unseen-partial-2,unseen,partial,0.3,28,591,1.0,0.8500000000000001
20261213,Target-unseen-partial-2,unseen,partial,0.3,29,593,1.0,0.8500000000000001
20261213,Target-unseen-partial-2,unseen,partial,0.3,30,595,1.0,0.8500000000000001
20261213,Target-unseen-partial-2,unseen,partial,0.3,31,597,1.0,0.8500000000000001
20261213,Target-unseen-partial-2,unseen,partial,0.3,32,599,1.0,0.8500000000000001
20261213,Target-unseen-partial-2,unseen,partial,0.3,33,386,1.0,0.85
20261213,Target-unseen-partial-2,unseen,partial,0.3,34,394,1.0,0.85
20261213,Target-unseen-partial-2,unseen,partial,0.3,35,504,1.0,0.7447197209113501
20261213,Target-unseen-partial-2,unseen,partial,0.3,36,398,1.0,0.6671171280774388
20261213,Target-unseen-partial-2,unseen,partial,0.3,37,390,1.0,0.6423788170489014
20261213,Target-unseen-partial-2,unseen,partial,0.3,38,75,0.9999999999999999,0.9783630759058461
20261213,Target-unseen-partial-2,unseen,partial,0.3,39,71,1.0,0.9769930073741384
20261213,Target-unseen-partial-2,unseen,partial,0.3,40,95,1.0,0.9754093404509421
20261213,Target-unseen-partial-2,unseen,partial,0.3,41,79,0.9999999999999999,0.9633954830575495
20261213,Target-unseen-partial-2,unseen,partial,0.3,42,31,1.0,0.9491622941379521
20261213,Target-unseen-partial-2,unseen,partial,0.3,43,83,1.0,0.9031629433946881
20261213,Target-unseen-partial-2,unseen,partial,0.3,44,15,1.0,0.907460274168802
20261213,Target-unseen-partial-2,unseen,partial,0.3,45,89,1.0,0.8505916300184013
20261213,Target-unseen-partial-2,unseen,partial,0.3,46,85,1.0,0.85
20261213,Target-unseen-partial-2,unseen,partial,0.3,47,87,1.0,0.85
20261213,Target-unseen-partial-2,unseen,partial,0.3,48,93,1.0,0.85
20261213,Target-unseen-partial-2,unseen,partial,0.3,49,97,1.0,0.85
20261213,Target-unseen-partial-2,unseen,partial,0.3,50,99,1.0,0.85
20261213,Target-unseen-full-1,unseen,full,0.3,1,490,1.0,0.9883226419943503
20261213,Target-unseen-full-1,unseen,full,0.3,2,498,1.0,0.9841465710543666
20261213,Target-unseen-full-1,unseen,full,0.3,3,91,1.0,0.9834454164665201
20261213,Target-unseen-full-1,unseen,full,0.3,4,494,1.0,0.9788326822157445
20261213,Target-unseen-full-1,unseen,full,0.3,5,75,1.0,0.9783630116493616
20261213,Target-unseen-full-1,unseen,full,0.3,6,470,1.0,0.9782357867617895
20261213,Target-unseen-full-1,unseen,full,0.3,7,196,1.0,0.9763005722632265
20261213,Target-unseen-full-1,unseen,full,0.3,8,519,1.0,0.9715400869610366
20261213,Target-unseen-full-1,unseen,full,0.3,9,290,1.0,0.9579758404073733
20261213,Target-unseen-full-1,unseen,full,0.3,10,388,1.0,0.8883758655169826
20261213,Target-unseen-full-1,unseen,full,0.3,11,486,1.0,0.9774095635579554
20261213,Target-unseen-full-1,unseen,full,0.3,12,71,1.0,0.9769926195947131
20261213,Target-unseen-full-1,unseen,full,0.3,13,438,1.0,0.9760406184824819
20261213,Target-unseen-full-1,unseen,full,0.3,14,95,1.0,0.975408186112763
20261213,Target-unseen-full-1,unseen,full,0.3,15,188,1.0,0.9749877927900364
20261213,Target-unseen-full-1,unseen,full,0.3,16,527,1.0,0.9675663162255987
20261213,Target-unseen-full-1,unseen,full,0.3,17,192,1.0,0.9671515354110183
20261213,Target-unseen-full-1,unseen,full,0.3,18,79,1.0,0.9633915613000372
20261213,Target-unseen-full-1,unseen,full,0.3,19,298,1.0,0.9562600607387476
20261213,Target-unseen-full-1,unseen,full,0.3,20,31,1.0,0.9491537207981183
20261213,Target-unseen-full-1,unseen,full,0.3,21,83,1.0,0.9029886130479224
20261213,Target-unseen-full-1,unseen,full,0.3,22,15,1.0,0.9064838236496808
20261213,Target-unseen-full-1,unseen,full,0.3,23,184,1.0,0.9027715121562837
20261213,Target-unseen-full-1,unseen,full,0.3,24,176,1.0,0.9083884946445744
20261213,Target-unseen-full-1,unseen,full,0.3,25,180,1.0,0.9149531337267225
20261213,Target-unseen-full-1,unseen,full,0.3,26,172,1.0,0.9216213838692136
20261213,Target-unseen-full-1,unseen,full,0.3,27,535,1.0,0.9014554709043789
20261213,Target-unseen-full-1,unseen,full,0.3,28,294,1.0,0.8981496871718762
20261213,Target-unseen-full-1,unseen,full,0.3,29,392,1.0,0.8771509135064882
20261213,Target-unseen-full-1,unseen,full,0.3,30,396,1.0,0.8800843505248361
20261213,Target-unseen-full-1,unseen,full,0.3,31,89,1.0,0.850584133548267
20261213,Target-unseen-full-1,unseen,full,0.3,32,511,1.0,0.8500000000000001
20261213,Target-unseen-full-1,unseen,full,0.3,33,571,1.0,0.8500000000000001
20261213,Target-unseen-full-1,unseen,full,0.3,34,575,1.0,0.8500000000000001
20261213,Target-unseen-full-1,unseen,full,0.3,35,579,1.0,0.8500000000000001
20261213,Target-unseen-full-1,unseen,full,0.3,36,583,1.0,0.8500000000000001
20261213,Target-unseen-full-1,unseen,full,0.3,37,585,1.0,0.8500000000000001
20261213,Target-unseen-full-1,unseen,full,0.3,38,587,1.0,0.8500000000000001
20261213,Target-unseen-full-1,unseen,full,0.3,39,589,1.0,0.8500000000000001
20261213,Target-unseen-full-1,unseen,full,0.3,40,591,1.0,0.8500000000000001
20261213,Target-unseen-full-1,unseen,full,0.3,41,593,1.0,0.8500000000000001
20261213,Target-unseen-full-1,unseen,full,0.3,42,595,1.0,0.8500000000000001
20261213,Target-unseen-full-1,unseen,full,0.3,43,597,1.0,0.8500000000000001
20261213,Target-unseen-full-1,unseen,full,0.3,44,599,1.0,0.8500000000000001
20261213,Target-unseen-full-1,unseen,full,0.3,45,85,1.0,0.85
20261213,Target-unseen-full-1,unseen,full,0.3,46,87,1.0,0.85
20261213,Target-unseen-full-1,unseen,full,0.3,47,93,1.0,0.85
20261213,Target-unseen-full-1,unseen,full,0.3,48,97,1.0,0.85
20261213,Target-unseen-full-1,unseen,full,0.3,49,99,1.0,0.85
20261213,Target-unseen-full-1,unseen,full,0.3,50,386,1.0,0.8499999999999999
20261213,Target-unseen-full-2,unseen,full,0.3,1,490,1.0,0.9883226419943503
20261213,Target-unseen-full-2,unseen,full,0.3,2,498,1.0,0.98414657038349
20261213,Target-unseen-full-2,unseen,full,0.3,3,91,1.0,0.9834454164665201
20261213,Target-unseen-full-2,unseen,full,0.3,4,494,1.0,0.9788326790283051
20261213,Target-unseen-full-2,unseen,full,0.3,5,75,1.0,0.9783628669111181
20261213,Target-unseen-full-2,unseen,full,0.3,6,71,1.0,0.9769920657722164
20261213,Target-unseen-full-2,unseen,full,0.3,7,196,1.0,0.9763005722632265
20261213,Target-unseen-full-2,unseen,full,0.3,8,519,1.0,0.9715400869610366
20261213,Target-unseen-full-2,unseen,full,0.3,9,290,1.0,0.9579758404073733
20261213,Target-unseen-full-2,unseen,full,0.3,10,388,1.0,0.8883758655169826
20261213,Target-unseen-full-2,unseen,full,0.3,11,95,1.0,0.9754065477859455
20261213,Target-unseen-full-2,unseen,full,0.3,12,188,1.0,0.974984808676065
20261213,Target-unseen-full-2,unseen,full,0.3,13,527,1.0,0.9675920467505608
20261213,Target-unseen-full-2,unseen,full,0.3,14,79,1.0,0.9633852848884528
20261213,Target-unseen-full-2,unseen,full,0.3,15,298,1.0,0.9562609841321753
20261213,Target-unseen-full-2,unseen,full,0.3,16,31,1.0,0.9491373142560762
20261213,Target-unseen-full-2,unseen,full,0.3,17,83,1.0,0.9027202945845423
20261213,Target-unseen-full-2,unseen,full,0.3,18,294,1.0,0.8981793945422905
20261213,Target-unseen-full-2,unseen,full,0.3,19,286,1.0,0.9049859541598553
20261213,Target-unseen-full-2,unseen,full,0.3,20,270,1.0,0.9052909186425124
20261213,Target-unseen-full-2,unseen,full,0.3,21,278,1.0,0.9095520696065695
20261213,Target-unseen-full-2,unseen,full,0.3,22,15,1.0,0.8872791737091525
20261213,Target-unseen-full-2,unseen,full,0.3,23,288,1.0,0.8500000000000001
20261213,Target-unseen-full-2,unseen,full,0.3,24,292,1.0,0.8500000000000001
20261213,Target-unseen-full-2,unseen,full,0.3,25,296,1.0,0.6375000000000001
20261213,Target-unseen-full-2,unseen,full,0.3,26,192,0.9999999999999999,0.9671454816340275
20261213,Target-unseen-full-2,unseen,full,0.3,27,184,1.0,0.9026745513887054
20261213,Target-unseen-full-2,unseen,full,0.3,28,176,1.0,0.9078983631812045
20261213,Target-unseen-full-2,unseen,full,0.3,29,180,0.9999999999999999,0.9141946981597864
20261213,Target-unseen-full-2,unseen,full,0.3,30,172,1.0,0.9205628582195775
20261213,Target-unseen-full-2,unseen,full,0.3,31,190,1.0,0.6686012868880442
20261213,Target-unseen-full-2,unseen,full,0.3,32,198,1.0,0.6485368670177021
20261213,Target-unseen-full-2,unseen,full,0.3,33,186,1.0,0.6389495498125801
20261213,Target-unseen-full-2,unseen,full,0.3,34,535,0.9999999999999999,0.901975765235876
20261213,Target-unseen-full-2,unseen,full,0.3,35,511,1.0,0.8500000000000001
20261213,Target-unseen-full-2,unseen,full,0.3,36,571,1.0,0.8500000000000001
20261213,Target-unseen-full-2,unseen,full,0.3,37,575,1.0,0.8500000000000001
20261213,Target-unseen-full-2,unseen,full,0.3,38,579,1.0,0.8500000000000001
20261213,Target-unseen-full-2,unseen,full,0.3,39,583,1.0,0.8500000000000001
20261213,Target-unseen-full-2,unseen,full,0.3,40,585,1.0,0.8500000000000001
20261213,Target-unseen-full-2,unseen,full,0.3,41,587,1.0,0.8500000000000001
20261213,Target-unseen-full-2,unseen,full,0.3,42,589,1.0,0.8500000000000001
20261213,Target-unseen-full-2,unseen,full,0.3,43,591,1.0,0.8500000000000001
20261213,Target-unseen-full-2,unseen,full,0.3,44,593,1.0,0.8500000000000001
20261213,Target-unseen-full-2,unseen,full,0.3,45,595,1.0,0.8500000000000001
20261213,Target-unseen-full-2,unseen,full,0.3,46,597,1.0,0.8500000000000001
20261213,Target-unseen-full-2,unseen,full,0.3,47,599,1.0,0.8500000000000001
20261213,Target-unseen-full-2,unseen,full,0.3,48,504,1.0,0.8186965841305005
20261213,Target-unseen-full-2,unseen,full,0.3,49,520,1.0,0.6913672953887458
20261213,Target-unseen-full-2,unseen,full,0.3,50,89,0.9999999999999999,0.8504386729866649
20261229,Target-exact-global-1,exact,global,0.3,1,489,1.0,0.9839017544417793
20261229,Target-exact-global-1,exact,global,0.3,2,493,1.0,0.9837555945734704
20261229,Target-exact-global-1,exact,global,0.3,3,89,1.0,0.9828034827362802
20261229,Target-exact-global-1,exact,global,0.3,4,497,1.0,0.9816624062370571
20261229,Target-exact-global-1,exact,global,0.3,5,485,1.0,0.9794429687755122
20261229,Target-exact-global-1,exact,global,0.3,6,524,1.0,0.9762697399211251
20261229,Target-exact-global-1,exact,global,0.3,7,190,1.0,0.9754561564522726
20261229,Target-exact-global-1,exact,global,0.3,8,198,1.0,0.9689842764521339
20261229,Target-exact-global-1,exact,global,0.3,9,298,1.0,0.9586376557510287
20261229,Target-exact-global-1,exact,global,0.3,10,394,1.0,0.891922734529301
20261229,Target-exact-global-1,exact,global,0.3,11,186,1.0,0.9672076317266556
20261229,Target-exact-global-1,exact,global,0.3,12,194,1.0,0.9639395845261791
20261229,Target-exact-global-1,exact,global,0.3,13,178,1.0,0.9601902763398023
20261229,Target-exact-global-1,exact,global,0.3,14,508,1.0,0.9593335636660905
20261229,Target-exact-global-1,exact,global,0.3,15,290,1.0,0.9552853808716991
20261229,Target-exact-global-1,exact,global,0.3,16,523,1.0,0.9223074076629656
20261229,Target-exact-global-1,exact,global,0.3,17,174,1.0,0.8991015674429189
20261229,Target-exact-global-1,exact,global,0.3,18,286,1.0,0.8969885961008224
20261229,Target-exact-global-1,exact,global,0.3,19,516,1.0,0.8921586145478604
20261229,Target-exact-global-1,exact,global,0.3,20,294,1.0,0.8872394773709946
20261229,Target-exact-global-1,exact,global,0.3,21,398,1.0,0.8807081840680753
20261229,Target-exact-global-1,exact,global,0.3,22,278,1.0,0.8713474642282473
20261229,Target-exact-global-1,exact,global,0.3,23,288,1.0,0.8500000000000001
20261229,Target-exact-global-1,exact,global,0.3,24,292,1.0,0.8500000000000001
20261229,Target-exact-global-1,exact,global,0.3,25,296,1.0,0.8500000000000001
20261229,Target-exact-global-1,exact,global,0.3,26,572,1.0,0.85
20261229,Target-exact-global-1,exact,global,0.3,27,576,1.0,0.85
20261229,Target-exact-global-1,exact,global,0.3,28,580,1.0,0.85
20261229,Target-exact-global-1,exact,global,0.3,29,584,1.0,0.85
20261229,Target-exact-global-1,exact,global,0.3,30,586,1.0,0.85
20261229,Target-exact-global-1,exact,global,0.3,31,588,1.0,0.85
20261229,Target-exact-global-1,exact,global,0.3,32,590,1.0,0.85
20261229,Target-exact-global-1,exact,global,0.3,33,592,1.0,0.85
20261229,Target-exact-global-1,exact,global,0.3,34,594,1.0,0.85
20261229,Target-exact-global-1,exact,global,0.3,35,596,1.0,0.85
20261229,Target-exact-global-1,exact,global,0.3,36,598,1.0,0.85
20261229,Target-exact-global-1,exact,global,0.3,37,570,1.0,0.6375
20261229,Target-exact-global-1,exact,global,0.3,38,574,1.0,0.6375
20261229,Target-exact-global-1,exact,global,0.3,39,578,1.0,0.6375
20261229,Target-exact-global-1,exact,global,0.3,40,170,0.9999999999999999,0.887992291368664
20261229,Target-exact-global-1,exact,global,0.3,41,182,1.0,0.8751314053180277
20261229,Target-exact-global-1,exact,global,0.3,42,114,1.0,0.8558895913215487
20261229,Target-exact-global-1,exact,global,0.3,43,386,0.9999999999999999,0.8671693047011353
20261229,Target-exact-global-1,exact,global,0.3,44,390,1.0,0.850635349257371
20261229,Target-exact-global-1,exact,global,0.3,45,392,1.0000000000000002,0.85
20261229,Target-exact-global-1,exact,global,0.3,46,382,1.0000000000000002,0.8367456318390246
20261229,Target-exact-global-1,exact,global,0.3,47,388,1.0,0.7247650007691864
20261229,Target-exact-global-1,exact,global,0.3,48,396,1.0,0.6898919039331911
20261229,Target-exact-global-1,exact,global,0.3,49,196,0.9999999999999999,0.7194668889571174
20261229,Target-exact-global-1,exact,global,0.3,50,192,1.0,0.6375000000000001
20261229,Target-exact-global-2,exact,global,0.3,1,489,1.0,0.9839017544417793
20261229,Target-exact-global-2,exact,global,0.3,2,493,1.0,0.9837555960723948
20261229,Target-exact-global-2,exact,global,0.3,3,89,1.0,0.9828034827362802
20261229,Target-exact-global-2,exact,global,0.3,4,497,1.0,0.9816624095567577
20261229,Target-exact-global-2,exact,global,0.3,5,73,1.0,0.980789305798641
20261229,Target-exact-global-2,exact,global,0.3,6,524,1.0,0.9762697399211251
20261229,Target-exact-global-2,exact,global,0.3,7,190,1.0,0.9754561564522726
20261229,Target-exact-global-2,exact,global,0.3,8,93,1.0,0.9720881221566391
20261229,Target-exact-global-2,exact,global,0.3,9,298,1.0,0.9586376557510287
20261229,Target-exact-global-2,exact,global,0.3,10,394,1.0,0.891922734529301
20261229,Target-exact-global-2,exact,global,0.3,11,77,1.0,0.9692335172909137
20261229,Target-exact-global-2,exact,global,0.3,12,508,1.0,0.9593571647716754
20261229,Target-exact-global-2,exact,global,0.3,13,523,1.0000000000000002,0.9227370619169408
20261229,Target-exact-global-2,exact,global,0.3,14,290,1.0,0.9552869277961891
20261229,Target-exact-global-2,exact,global,0.3,15,398,1.0,0.8984876137569342
20261229,Target-exact-global-2,exact,global,0.3,16,386,1.0,0.9042794088062733
20261229,Target-exact-global-2,exact,global,0.3,17,485,0.9999999999999999,0.9794429745736997
20261229,Target-exact-global-2,exact,global,0.3,18,477,1.0,0.9747653245064596
20261229,Target-exact-global-2,exact,global,0.3,19,473,1.0,0.9741517795892383
20261229,Target-exact-global-2,exact,global,0.3,20,481,1.0,0.97399033087861
20261229,Target-exact-global-2,exact,global,0.3,21,405,1.0,0.9703369825949574
20261229,Target-exact-global-2,exact,global,0.3,22,421,1.0,0.9634269703630414
20261229,Target-exact-global-2,exact,global,0.3,23,410,1.0,0.9563720046959896
20261229,Target-exact-global-2,exact,global,0.3,24,487,1.0,0.9492195158935299
20261229,Target-exact-global-2,exact,global,0.3,25,495,1.0,0.9407183143636906
20261229,Target-exact-global-2,exact,global,0.3,26,491,1.0,0.9241010844903951
20261229,Target-exact-global-2,exact,global,0.3,27,499,1.0,0.9109962266712948
20261229,Target-exact-global-2,exact,global,0.3,28,433,1.0,0.9074872936030871
20261229,Target-exact-global-2,exact,global,0.3,29,429,1.0,0.912685723149534
20261229,Target-exact-global-2,exact,global,0.3,30,437,1.0,0.9200788904834581
20261229,Target-exact-global-2,exact,global,0.3,31,413,1.0,0.9239930350786043
20261229,Target-exact-global-2,exact,global,0.3,32,475,1.0,0.9099941292222506
20261229,Target-exact-global-2,exact,global,0.3,33,426,1.0,0.9093662284003794
20261229,Target-exact-global-2,exact,global,0.3,34,471,1.0,0.8149870404968281
20261229,Target-exact-global-2,exact,global,0.3,35,479,1.0,0.794412173879254
20261229,Target-exact-global-2,exact,global,0.3,36,483,1.0,0.6962394086241925
20261229,Target-exact-global-2,exact,global,0.3,37,198,0.9999999999999999,0.9689961076566123
20261229,Target-exact-global-2,exact,global,0.3,38,186,1.0,0.9672339921669425
20261229,Target-exact-global-2,exact,global,0.3,39,194,1.0,0.9640073229953529
20261229,Target-exact-global-2,exact,global,0.3,40,178,1.0,0.9603280247210277
20261229,Target-exact-global-2,exact,global,0.3,41,174,1.0,0.9004835747387302
20261229,Target-exact-global-2,exact,global,0.3,42,182,1.0,0.9097373703044702
20261229,Target-exact-global-2,exact,global,0.3,43,170,1.0,0.9194785587931312
20261229,Target-exact-global-2,exact,global,0.3,44,114,1.0,0.9228389186141353
20261229,Target-exact-global-2,exact,global,0.3,45,196,1.0,0.7983804816277166
20261229,Target-exact-global-2,exact,global,0.3,46,192,1.0,0.6375000000000001
20261229,Target-exact-global-2,exact,global,0.3,47,81,0.9999999999999999,0.9649271330375658
20261229,Target-exact-global-2,exact,global,0.3,48,97,1.0,0.9383426638571299
20261229,Target-exact-global-2,exact,global,0.3,49,9,1.0,0.8991492821085147
20261229,Target-exact-global-2,exact,global,0.3,50,22,1.0,0.8740551415614313
20261229,Target-exact-partial-1,exact,partial,0.3,1,489,1.0,0.9839017544417793
20261229,Target-exact-partial-1,exact,partial,0.3,2,493,1.0,0.9837555960160076
20261229,Target-exact-partial-1,exact,partial,0.3,3,89,1.0,0.9828034827362802
20261229,Target-exact-partial-1,exact,partial,0.3,4,497,1.0,0.9816624094313614
20261229,Target-exact-partial-1,exact,partial,0.3,5,485,1.0,0.9794429743548227
20261229,Target-exact-partial-1,exact,partial,0.3,6,524,1.0,0.9762697399211251
20261229,Target-exact-partial-1,exact,partial,0.3,7,190,1.0,0.9754561564522726
20261229,Target-exact-partial-1,exact,partial,0.3,8,477,1.0,0.974765324087999
20261229,Target-exact-partial-1,exact,partial,0.3,9,298,1.0,0.9586376557510287
20261229,Target-exact-partial-1,exact,partial,0.3,10,394,1.0,0.891922734529301
20261229,Target-exact-partial-1,exact,partial,0.3,11,473,1.0,0.9741517780313462
20261229,Target-exact-partial-1,exact,partial,0.3,12,481,1.0,0.9739903264106398
20261229,Target-exact-partial-1,exact,partial,0.3,13,405,1.0,0.9703369501267645
20261229,Target-exact-partial-1,exact,partial,0.3,14,198,1.0,0.9689842764521339
20261229,Target-exact-partial-1,exact,partial,0.3,15,186,1.0,0.9672076317266556
20261229,Target-exact-partial-1,exact,partial,0.3,16,194,1.0,0.9639395845261791
20261229,Target-exact-partial-1,exact,partial,0.3,17,178,1.0,0.9601902763398023
20261229,Target-exact-partial-1,exact,partial,0.3,18,508,1.0,0.9593542929026946
20261229,Target-exact-partial-1,exact,partial,0.3,19,290,1.0,0.9552853808716991
20261229,Target-exact-partial-1,exact,partial,0.3,20,523,1.0,0.9226942420683013
20261229,Target-exact-partial-1,exact,partial,0.3,21,174,1.0,0.8991015674429189
20261229,Target-exact-partial-1,exact,partial,0.3,22,398,1.0,0.8984151569544258
20261229,Target-exact-partial-1,exact,partial,0.3,23,386,1.0,0.9041222595717058
20261229,Target-exact-partial-1,exact,partial,0.3,24,390,1.0,0.9083821710155382
20261229,Target-exact-partial-1,exact,partial,0.3,25,382,1.0,0.9108635938030099
20261229,Target-exact-partial-1,exact,partial,0.3,26,286,1.0,0.8969885961008224
20261229,Target-exact-partial-1,exact,partial,0.3,27,294,1.0,0.8872394773709946
20261229,Target-exact-partial-1,exact,partial,0.3,28,278,1.0,0.8713474642282473
20261229,Target-exact-partial-1,exact,partial,0.3,29,288,1.0,0.8500000000000001
20261229,Target-exact-partial-1,exact,partial,0.3,30,292,1.0,0.8500000000000001
20261229,Target-exact-partial-1,exact,partial,0.3,31,296,1.0,0.8500000000000001
20261229,Target-exact-partial-1,exact,partial,0.3,32,392,1.0,0.85
20261229,Target-exact-partial-1,exact,partial,0.3,33,388,1.0,0.7773337926375467
20261229,Target-exact-partial-1,exact,partial,0.3,34,516,0.9999999999999999,0.8988025177124349
20261229,Target-exact-partial-1,exact,partial,0.3,35,572,1.0,0.8500000000000001
20261229,Target-exact-partial-1,exact,partial,0.3,36,576,1.0,0.8500000000000001
20261229,Target-exact-partial-1,exact,partial,0.3,37,580,1.0,0.8500000000000001
20261229,Target-exact-partial-1,exact,partial,0.3,38,584,1.0,0.8500000000000001
20261229,Target-exact-partial-1,exact,partial,0.3,39,586,1.0,0.8500000000000001
20261229,Target-exact-partial-1,exact,partial,0.3,40,588,1.0,0.8500000000000001
20261229,Target-exact-partial-1,exact,partial,0.3,41,590,1.0,0.8500000000000001
20261229,Target-exact-partial-1,exact,partial,0.3,42,592,1.0,0.8500000000000001
20261229,Target-exact-partial-1,exact,partial,0.3,43,594,1.0,0.8500000000000001
20261229,Target-exact-partial-1,exact,partial,0.3,44,596,1.0,0.8500000000000001
20261229,Target-exact-partial-1,exact,partial,0.3,45,598,1.0,0.8500000000000001
20261229,Target-exact-partial-1,exact,partial,0.3,46,570,1.0,0.6375
20261229,Target-exact-partial-1,exact,partial,0.3,47,574,1.0,0.6375
20261229,Target-exact-partial-1,exact,partial,0.3,48,578,1.0,0.6375
20261229,Target-exact-partial-1,exact,partial,0.3,49,170,0.9999999999999999,0.887992291368664
20261229,Target-exact-partial-1,exact,partial,0.3,50,182,1.0,0.8751314053180277
20261229,Target-exact-partial-2,exact,partial,0.3,1,489,1.0,0.9839017544417793
20261229,Target-exact-partial-2,exact,partial,0.3,2,493,1.0,0.9837555960160076
20261229,Target-exact-partial-2,exact,partial,0.3,3,89,1.0,0.9828034827362802
20261229,Target-exact-partial-2,exact,partial,0.3,4,497,1.0,0.9816624094313614
20261229,Target-exact-partial-2,exact,partial,0.3,5,73,1.0,0.980789305798641
20261229,Target-exact-partial-2,exact,partial,0.3,6,485,1.0,0.9794429743548227
20261229,Target-exact-partial-2,exact,partial,0.3,7,524,1.0,0.9762697399211251
20261229,Target-exact-partial-2,exact,partial,0.3,8,190,1.0,0.9754561564522726
20261229,Target-exact-partial-2,exact,partial,0.3,9,298,1.0,0.9586376557510287
20261229,Target-exact-partial-2,exact,partial,0.3,10,394,1.0,0.891922734529301
20261229,Target-exact-partial-2,exact,partial,0.3,11,477,1.0,0.974765324087999
20261229,Target-exact-partial-2,exact,partial,0.3,12,473,1.0,0.9741517780313462
20261229,Target-exact-partial-2,exact,partial,0.3,13,481,1.0,0.9739903264106398
20261229,Target-exact-partial-2,exact,partial,0.3,14,93,1.0,0.9720881221566391
20261229,Target-exact-partial-2,exact,partial,0.3,15,405,1.0,0.9703369501267645
20261229,Target-exact-partial-2,exact,partial,0.3,16,77,1.0,0.9692335172909137
20261229,Target-exact-partial-2,exact,partial,0.3,17,508,1.0,0.9593571647716754
20261229,Target-exact-partial-2,exact,partial,0.3,18,523,1.0000000000000002,0.9227370619169408
20261229,Target-exact-partial-2,exact,partial,0.3,19,290,1.0,0.9552868542318044
20261229,Target-exact-partial-2,exact,partial,0.3,20,398,1.0,0.8984151569544258
20261229,Target-exact-partial-2,exact,partial,0.3,21,386,1.0,0.9041222595717058
20261229,Target-exact-partial-2,exact,partial,0.3,22,390,1.0,0.9083821710155382
20261229,Target-exact-partial-2,exact,partial,0.3,23,382,1.0,0.9108635938030099
20261229,Target-exact-partial-2,exact,partial,0.3,24,286,1.0,0.8970791096521298
20261229,Target-exact-partial-2,exact,partial,0.3,25,294,1.0,0.9051386604926681
20261229,Target-exact-partial-2,exact,partial,0.3,26,278,1.0,0.9084647642187369
20261229,Target-exact-partial-2,exact,partial,0.3,27,392,1.0,0.85
20261229,Target-exact-partial-2,exact,partial,0.3,28,388,1.0,0.7773337926375467
20261229,Target-exact-partial-2,exact,partial,0.3,29,198,0.9999999999999999,0.9689961076566123
20261229,Target-exact-partial-2,exact,partial,0.3,30,186,1.0,0.9672339921669425
20261229,Target-exact-partial-2,exact,partial,0.3,31,194,1.0,0.9640073229953529
20261229,Target-exact-partial-2,exact,partial,0.3,32,178,1.0,0.9603280247210277
20261229,Target-exact-partial-2,exact,partial,0.3,33,174,1.0,0.9004835747387302
20261229,Target-exact-partial-2,exact,partial,0.3,34,182,1.0,0.9097373703044702
20261229,Target-exact-partial-2,exact,partial,0.3,35,170,1.0,0.9194785587931312
20261229,Target-exact-partial-2,exact,partial,0.3,36,114,1.0,0.9228389186141353
20261229,Target-exact-partial-2,exact,partial,0.3,37,196,1.0,0.7983804816277166
20261229,Target-exact-partial-2,exact,partial,0.3,38,192,1.0,0.6375000000000001
20261229,Target-exact-partial-2,exact,partial,0.3,39,81,0.9999999999999999,0.9649271330375658
20261229,Target-exact-partial-2,exact,partial,0.3,40,97,1.0,0.9383426638571299
20261229,Target-exact-partial-2,exact,partial,0.3,41,9,1.0,0.8991492821085147
20261229,Target-exact-partial-2,exact,partial,0.3,42,22,1.0,0.8740551415614313
20261229,Target-exact-partial-2,exact,partial,0.3,43,99,1.0,0.850904666660266
20261229,Target-exact-partial-2,exact,partial,0.3,44,85,1.0,0.8499999999999999
20261229,Target-exact-partial-2,exact,partial,0.3,45,87,1.0,0.8499999999999999
20261229,Target-exact-partial-2,exact,partial,0.3,46,91,1.0,0.8499999999999999
20261229,Target-exact-partial-2,exact,partial,0.3,47,95,1.0,0.8499999999999999
20261229,Target-exact-partial-2,exact,partial,0.3,48,516,0.9999999999999999,0.899238912744616
20261229,Target-exact-partial-2,exact,partial,0.3,49,572,1.0,0.8499999999999999
20261229,Target-exact-partial-2,exact,partial,0.3,50,576,1.0,0.8499999999999999
20261229,Target-exact-full-1,exact,full,0.3,1,489,1.0,0.9839017544417793
20261229,Target-exact-full-1,exact,full,0.3,2,493,1.0,0.9837555945734704
20261229,Target-exact-full-1,exact,full,0.3,3,89,1.0,0.9828034827362802
20261229,Target-exact-full-1,exact,full,0.3,4,497,1.0,0.9816624062370571
20261229,Target-exact-full-1,exact,full,0.3,5,485,1.0,0.9794429687755122
20261229,Target-exact-full-1,exact,full,0.3,6,524,1.0,0.9762697399211251
20261229,Target-exact-full-1,exact,full,0.3,7,190,1.0,0.9754561564522726
20261229,Target-exact-full-1,exact,full,0.3,8,198,1.0,0.9689944653199387
20261229,Target-exact-full-1,exact,full,0.3,9,298,1.0,0.9586376557510287
20261229,Target-exact-full-1,exact,full,0.3,10,394,1.0,0.891922734529301
20261229,Target-exact-full-1,exact,full,0.3,11,186,1.0,0.9672302898951773
20261229,Target-exact-full-1,exact,full,0.3,12,194,1.0,0.9639978481780416
20261229,Target-exact-full-1,exact,full,0.3,13,178,1.0,0.960311178194263
20261229,Target-exact-full-1,exact,full,0.3,14,508,1.0,0.9593571647716754
20261229,Target-exact-full-1,exact,full,0.3,15,523,1.0000000000000002,0.9227370619169408
20261229,Target-exact-full-1,exact,full,0.3,16,290,1.0,0.9552869277961891
20261229,Target-exact-full-1,exact,full,0.3,17,174,1.0,0.900324351390904
20261229,Target-exact-full-1,exact,full,0.3,18,182,1.0,0.9097513625036309
20261229,Target-exact-full-1,exact,full,0.3,19,170,1.0,0.919391808778407
20261229,Target-exact-full-1,exact,full,0.3,20,114,1.0,0.9227598771199608
20261229,Target-exact-full-1,exact,full,0.3,21,398,1.0,0.8984151569544258
20261229,Target-exact-full-1,exact,full,0.3,22,386,1.0,0.9041222595717058
20261229,Target-exact-full-1,exact,full,0.3,23,390,1.0,0.9083821710155382
20261229,Target-exact-full-1,exact,full,0.3,24,382,1.0,0.9108635938030099
20261229,Target-exact-full-1,exact,full,0.3,25,392,1.0,0.85
20261229,Target-exact-full-1,exact,full,0.3,26,196,1.0,0.7985012488746039
20261229,Target-exact-full-1,exact,full,0.3,27,388,1.0,0.7773337926375467
20261229,Target-exact-full-1,exact,full,0.3,28,192,1.0,0.6375
20261229,Target-exact-full-1,exact,full,0.3,29,516,0.9999999999999999,0.899238912744616
20261229,Target-exact-full-1,exact,full,0.3,30,572,1.0,0.8499999999999999
20261229,Target-exact-full-1,exact,full,0.3,31,576,1.0,0.8499999999999999
20261229,Target-exact-full-1,exact,full,0.3,32,580,1.0,0.8499999999999999
20261229,Target-exact-full-1,exact,full,0.3,33,584,1.0,0.8499999999999999
20261229,Target-exact-full-1,exact,full,0.3,34,586,1.0,0.8499999999999999
20261229,Target-exact-full-1,exact,full,0.3,35,588,1.0,0.8499999999999999
20261229,Target-exact-full-1,exact,full,0.3,36,590,1.0,0.8499999999999999
20261229,Target-exact-full-1,exact,full,0.3,37,592,1.0,0.8499999999999999
20261229,Target-exact-full-1,exact,full,0.3,38,594,1.0,0.8499999999999999
20261229,Target-exact-full-1,exact,full,0.3,39,596,1.0,0.8499999999999999
20261229,Target-exact-full-1,exact,full,0.3,40,598,1.0,0.8499999999999999
20261229,Target-exact-full-1,exact,full,0.3,41,570,1.0,0.6375
20261229,Target-exact-full-1,exact,full,0.3,42,574,1.0,0.6375
20261229,Target-exact-full-1,exact,full,0.3,43,578,1.0,0.6375
20261229,Target-exact-full-1,exact,full,0.3,44,286,0.9999999999999999,0.8970836881315156
20261229,Target-exact-full-1,exact,full,0.3,45,294,1.0,0.9052119788835096
20261229,Target-exact-full-1,exact,full,0.3,46,278,1.0,0.9085085678733394
20261229,Target-exact-full-1,exact,full,0.3,47,288,1.0,0.85
20261229,Target-exact-full-1,exact,full,0.3,48,292,1.0,0.85
20261229,Target-exact-full-1,exact,full,0.3,49,296,1.0,0.85
20261229,Target-exact-full-1,exact,full,0.3,50,396,0.9999999999999999,0.7332449461075973
20261229,Target-exact-full-2,exact,full,0.3,1,489,1.0,0.9839017544417793
20261229,Target-exact-full-2,exact,full,0.3,2,493,1.0,0.9837555960723948
20261229,Target-exact-full-2,exact,full,0.3,3,89,1.0,0.9828034827362802
20261229,Target-exact-full-2,exact,full,0.3,4,497,1.0,0.9816624095567577
20261229,Target-exact-full-2,exact,full,0.3,5,73,1.0,0.980789305798641
20261229,Target-exact-full-2,exact,full,0.3,6,524,1.0,0.9762697399211251
20261229,Target-exact-full-2,exact,full,0.3,7,190,1.0,0.9754561564522726
20261229,Target-exact-full-2,exact,full,0.3,8,93,1.0,0.9720881221566391
20261229,Target-exact-full-2,exact,full,0.3,9,298,1.0,0.9586376557510287
20261229,Target-exact-full-2,exact,full,0.3,10,394,1.0,0.891922734529301
20261229,Target-exact-full-2,exact,full,0.3,11,77,1.0,0.9692335172909137
20261229,Target-exact-full-2,exact,full,0.3,12,198,1.0,0.9689842764521339
20261229,Target-exact-full-2,exact,full,0.3,13,186,1.0,0.9672076317266556
20261229,Target-exact-full-2,exact,full,0.3,14,194,1.0,0.9639395845261791
20261229,Target-exact-full-2,exact,full,0.3,15,178,1.0,0.9601902763398023
20261229,Target-exact-full-2,exact,full,0.3,16,508,1.0,0.9593542929026946
20261229,Target-exact-full-2,exact,full,0.3,17,290,1.0,0.9552868542318044
20261229,Target-exact-full-2,exact,full,0.3,18,523,1.0,0.9226942420683013
20261229,Target-exact-full-2,exact,full,0.3,19,174,1.0,0.8991015674429189
20261229,Target-exact-full-2,exact,full,0.3,20,286,1.0,0.8970791096521298
20261229,Target-exact-full-2,exact,full,0.3,21,294,1.0,0.9051386604926681
20261229,Target-exact-full-2,exact,full,0.3,22,278,1.0,0.9084647642187369
20261229,Target-exact-full-2,exact,full,0.3,23,398,1.0,0.8807081840680753
20261229,Target-exact-full-2,exact,full,0.3,24,485,0.9999999999999999,0.9794429745736997
20261229,Target-exact-full-2,exact,full,0.3,25,477,1.0,0.9747653245064596
20261229,Target-exact-full-2,exact,full,0.3,26,473,1.0,0.9741517795892383
20261229,Target-exact-full-2,exact,full,0.3,27,481,1.0,0.97399033087861
20261229,Target-exact-full-2,exact,full,0.3,28,405,1.0,0.9703369825949574
20261229,Target-exact-full-2,exact,full,0.3,29,421,1.0,0.9634269703630414
20261229,Target-exact-full-2,exact,full,0.3,30,410,1.0,0.9563720046959896
20261229,Target-exact-full-2,exact,full,0.3,31,487,1.0,0.9492195158935299
20261229,Target-exact-full-2,exact,full,0.3,32,495,1.0,0.9407183143636906
20261229,Target-exact-full-2,exact,full,0.3,33,491,1.0,0.9241010844903951
20261229,Target-exact-full-2,exact,full,0.3,34,499,1.0,0.9109962266712948
20261229,Target-exact-full-2,exact,full,0.3,35,433,1.0,0.9074872936030871
20261229,Target-exact-full-2,exact,full,0.3,36,429,1.0,0.912685723149534
20261229,Target-exact-full-2,exact,full,0.3,37,437,1.0,0.9200788904834581
20261229,Target-exact-full-2,exact,full,0.3,38,413,1.0,0.9239930350786043
20261229,Target-exact-full-2,exact,full,0.3,39,475,1.0,0.9099941292222506
20261229,Target-exact-full-2,exact,full,0.3,40,426,1.0,0.9093662284003794
20261229,Target-exact-full-2,exact,full,0.3,41,471,1.0,0.8149870404968281
20261229,Target-exact-full-2,exact,full,0.3,42,479,1.0,0.794412173879254
20261229,Target-exact-full-2,exact,full,0.3,43,483,1.0,0.6962394086241925
20261229,Target-exact-full-2,exact,full,0.3,44,81,0.9999999999999999,0.9649271330375658
20261229,Target-exact-full-2,exact,full,0.3,45,97,1.0,0.9383426638571299
20261229,Target-exact-full-2,exact,full,0.3,46,9,1.0,0.8991492821085147
20261229,Target-exact-full-2,exact,full,0.3,47,22,1.0,0.8740551415614313
20261229,Target-exact-full-2,exact,full,0.3,48,99,1.0,0.850904666660266
20261229,Target-exact-full-2,exact,full,0.3,49,85,1.0,0.8499999999999999
20261229,Target-exact-full-2,exact,full,0.3,50,87,1.0,0.8499999999999999
20261229,Target-interpolated-global-1,interpolated,global,0.3,1,489,1.0,0.9839017544417793
20261229,Target-interpolated-global-1,interpolated,global,0.3,2,493,1.0,0.9837555960160076
20261229,Target-interpolated-global-1,interpolated,global,0.3,3,89,1.0,0.9828034827362802
20261229,Target-interpolated-global-1,interpolated,global,0.3,4,497,1.0,0.9816624094313614
20261229,Target-interpolated-global-1,interpolated,global,0.3,5,73,1.0,0.9807892574098023
20261229,Target-interpolated-global-1,interpolated,global,0.3,6,485,1.0,0.9794429743548227
20261229,Target-interpolated-global-1,interpolated,global,0.3,7,524,1.0,0.9762697399211251
20261229,Target-interpolated-global-1,interpolated,global,0.3,8,190,1.0,0.9754561564522726
20261229,Target-interpolated-global-1,interpolated,global,0.3,9,298,1.0,0.9586376557510287
20261229,Target-interpolated-global-1,interpolated,global,0.3,10,394,1.0,0.891922734529301
20261229,Target-interpolated-global-1,interpolated,global,0.3,11,477,1.0,0.974765324087999
20261229,Target-interpolated-global-1,interpolated,global,0.3,12,473,1.0,0.9741517780313462
20261229,Target-interpolated-global-1,interpolated,global,0.3,13,481,1.0,0.9739903264106398
20261229,Target-interpolated-global-1,interpolated,global,0.3,14,93,1.0,0.9720879416426516
20261229,Target-interpolated-global-1,interpolated,global,0.3,15,77,1.0000000000000002,0.9692319152169944
20261229,Target-interpolated-global-1,interpolated,global,0.3,16,405,1.0,0.9703369501267645
20261229,Target-interpolated-global-1,interpolated,global,0.3,17,198,1.0,0.9689925515020675
20261229,Target-interpolated-global-1,interpolated,global,0.3,18,186,1.0,0.9672255502622658
20261229,Target-interpolated-global-1,interpolated,global,0.3,19,81,1.0,0.9649219557002806
20261229,Target-interpolated-global-1,interpolated,global,0.3,20,194,1.0,0.9639849944948464
20261229,Target-interpolated-global-1,interpolated,global,0.3,21,421,1.0,0.9634257094259855
20261229,Target-interpolated-global-1,interpolated,global,0.3,22,508,1.0,0.9593493526656478
20261229,Target-interpolated-global-1,interpolated,global,0.3,23,290,1.0,0.9552868542318044
20261229,Target-interpolated-global-1,interpolated,global,0.3,24,398,1.0,0.8980894713596134
20261229,Target-interpolated-global-1,interpolated,global,0.3,25,386,1.0,0.9030073085610635
20261229,Target-interpolated-global-1,interpolated,global,0.3,26,390,1.0,0.9066512662472399
20261229,Target-interpolated-global-1,interpolated,global,0.3,27,286,1.0,0.8970704261007709
20261229,Target-interpolated-global-1,interpolated,global,0.3,28,382,1.0,0.8946682471442746
20261229,Target-interpolated-global-1,interpolated,global,0.3,29,392,1.0,0.8500000000000001
20261229,Target-interpolated-global-1,interpolated,global,0.3,30,388,1.0,0.7612186843550262
20261229,Target-interpolated-global-1,interpolated,global,0.3,31,178,0.9999999999999999,0.9602756407811991
20261229,Target-interpolated-global-1,interpolated,global,0.3,32,174,1.0,0.8999482080000041
20261229,Target-interpolated-global-1,interpolated,global,0.3,33,182,1.0,0.9079570519618345
20261229,Target-interpolated-global-1,interpolated,global,0.3,34,170,1.0,0.9166902942728437
20261229,Target-interpolated-global-1,interpolated,global,0.3,35,114,1.0,0.9193496374599741
20261229,Target-interpolated-global-1,interpolated,global,0.3,36,196,1.0000000000000002,0.7948410341722072
20261229,Target-interpolated-global-1,interpolated,global,0.3,37,192,1.0,0.6375
20261229,Target-interpolated-global-1,interpolated,global,0.3,38,97,0.9999999999999999,0.9383817357104536
20261229,Target-interpolated-global-1,interpolated,global,0.3,39,9,1.0,0.8948109444120302
20261229,Target-interpolated-global-1,interpolated,global,0.3,40,294,0.9999999999999999,0.9044502857957877
20261229,Target-interpolated-global-1,interpolated,global,0.3,41,278,1.0,0.9068888504775883
20261229,Target-interpolated-global-1,interpolated,global,0.3,42,288,1.0,0.8500000000000001
20261229,Target-interpolated-global-1,interpolated,global,0.3,43,292,1.0,0.8500000000000001
20261229,Target-interpolated-global-1,interpolated,global,0.3,44,296,1.0,0.8500000000000001
20261229,Target-interpolated-global-1,interpolated,global,0.3,45,22,0.9999999999999999,0.8681041491335761
20261229,Target-interpolated-global-1,interpolated,global,0.3,46,99,0.9999999999999999,0.8506869773458186
20261229,Target-interpolated-global-1,interpolated,global,0.3,47,85,1.0,0.85
20261229,Target-interpolated-global-1,interpolated,global,0.3,48,87,1.0,0.85
20261229,Target-interpolated-global-1,interpolated,global,0.3,49,91,1.0,0.85
20261229,Target-interpolated-global-1,interpolated,global,0.3,50,95,1.0,0.85
20261229,Target-interpolated-global-2,interpolated,global,0.3,1,489,1.0,0.9839017544417793
20261229,Target-interpolated-global-2,interpolated,global,0.3,2,493,1.0,0.9837555960160076
20261229,Target-interpolated-global-2,interpolated,global,0.3,3,89,1.0,0.9828034827362802
20261229,Target-interpolated-global-2,interpolated,global,0.3,4,497,1.0,0.9816624094313614
20261229,Target-interpolated-global-2,interpolated,global,0.3,5,73,1.0,0.9807892574098023
20261229,Target-interpolated-global-2,interpolated,global,0.3,6,485,1.0,0.9794429743548227
20261229,Target-interpolated-global-2,interpolated,global,0.3,7,524,1.0,0.9762697399211251
20261229,Target-interpolated-global-2,interpolated,global,0.3,8,190,1.0,0.9754561564522726
20261229,Target-interpolated-global-2,interpolated,global,0.3,9,298,1.0,0.9586376557510287
20261229,Target-interpolated-global-2,interpolated,global,0.3,10,394,1.0,0.891922734529301
20261229,Target-interpolated-global-2,interpolated,global,0.3,11,477,1.0,0.974765324087999
20261229,Target-interpolated-global-2,interpolated,global,0.3,12,473,1.0,0.9741517780313462
20261229,Target-interpolated-global-2,interpolated,global,0.3,13,481,1.0,0.9739903264106398
20261229,Target-interpolated-global-2,interpolated,global,0.3,14,93,1.0,0.9720879416426516
20261229,Target-interpolated-global-2,interpolated,global,0.3,15,405,1.0,0.9703369501267645
20261229,Target-interpolated-global-2,interpolated,global,0.3,16,77,1.0,0.9692325820552353
20261229,Target-interpolated-global-2,interpolated,global,0.3,17,198,1.0,0.9689944653199387
20261229,Target-interpolated-global-2,interpolated,global,0.3,18,186,1.0,0.9672302898951773
20261229,Target-interpolated-global-2,interpolated,global,0.3,19,81,1.0,0.9649248088774018
20261229,Target-interpolated-global-2,interpolated,global,0.3,20,194,1.0,0.9639978481780416
20261229,Target-interpolated-global-2,interpolated,global,0.3,21,178,1.0,0.960311178194263
20261229,Target-interpolated-global-2,interpolated,global,0.3,22,508,1.0,0.9593542929026946
20261229,Target-interpolated-global-2,interpolated,global,0.3,23,290,1.0,0.9552868542318044
20261229,Target-interpolated-global-2,interpolated,global,0.3,24,523,1.0,0.9226942420683013
20261229,Target-interpolated-global-2,interpolated,global,0.3,25,174,1.0,0.900324351390904
20261229,Target-interpolated-global-2,interpolated,global,0.3,26,182,1.0,0.9097026906597039
20261229,Target-interpolated-global-2,interpolated,global,0.3,27,170,1.0,0.9193508699298971
20261229,Target-interpolated-global-2,interpolated,global,0.3,28,398,1.0,0.8984151569544258
20261229,Target-interpolated-global-2,interpolated,global,0.3,29,386,1.0,0.9041222595717058
20261229,Target-interpolated-global-2,interpolated,global,0.3,30,390,1.0,0.9083821710155382
20261229,Target-interpolated-global-2,interpolated,global,0.3,31,382,1.0,0.9105776789617441
20261229,Target-interpolated-global-2,interpolated,global,0.3,32,392,1.0000000000000002,0.8500000000000001
20261229,Target-interpolated-global-2,interpolated,global,0.3,33,388,1.0000000000000002,0.7770644867758283
20261229,Target-interpolated-global-2,interpolated,global,0.3,34,286,1.0,0.8970791096521298
20261229,Target-interpolated-global-2,interpolated,global,0.3,35,294,1.0,0.9051386604926681
20261229,Target-interpolated-global-2,interpolated,global,0.3,36,278,1.0,0.9084647642187369
20261229,Target-interpolated-global-2,interpolated,global,0.3,37,288,1.0,0.8499999999999999
20261229,Target-interpolated-global-2,interpolated,global,0.3,38,292,1.0,0.8499999999999999
20261229,Target-interpolated-global-2,interpolated,global,0.3,39,296,1.0,0.8499999999999999
20261229,Target-interpolated-global-2,interpolated,global,0.3,40,396,1.0,0.7330424486833895
20261229,Target-interpolated-global-2,interpolated,global,0.3,41,97,0.9999999999999999,0.9383573256387951
20261229,Target-interpolated-global-2,interpolated,global,0.3,42,9,1.0,0.8948779661215003
20261229,Target-interpolated-global-2,interpolated,global,0.3,43,22,1.0,0.8696295442957505
20261229,Target-interpolated-global-2,interpolated,global,0.3,44,114,0.9999999999999999,0.922722122755069
20261229,Target-interpolated-global-2,interpolated,global,0.3,45,196,1.0,0.7983752032855826
20261229,Target-interpolated-global-2,interpolated,global,0.3,46,192,1.0,0.6375
20261229,Target-interpolated-global-2,interpolated,global,0.3,47,516,0.9999999999999999,0.8988025177124349
20261229,Target-interpolated-global-2,interpolated,global,0.3,48,572,1.0,0.8500000000000001
20261229,Target-interpolated-global-2,interpolated,global,0.3,49,576,1.0,0.8500000000000001
20261229,Target-interpolated-global-2,interpolated,global,0.3,50,580,1.0,0.8500000000000001
20261229,Target-interpolated-partial-1,interpolated,partial,0.3,1,489,1.0,0.9839017544417793
20261229,Target-interpolated-partial-1,interpolated,partial,0.3,2,493,1.0,0.9837555960160076
20261229,Target-interpolated-partial-1,interpolated,partial,0.3,3,89,1.0,0.9828034827362802
20261229,Target-interpolated-partial-1,interpolated,partial,0.3,4,497,1.0,0.9816624094313614
20261229,Target-interpolated-partial-1,interpolated,partial,0.3,5,73,1.0,0.9807892574098023
20261229,Target-interpolated-partial-1,interpolated,partial,0.3,6,485,1.0,0.9794429743548227
20261229,Target-interpolated-partial-1,interpolated,partial,0.3,7,524,1.0,0.9762697399211251
20261229,Target-interpolated-partial-1,interpolated,partial,0.3,8,190,1.0,0.9754561564522726
20261229,Target-interpolated-partial-1,interpolated,partial,0.3,9,298,1.0,0.9586376557510287
20261229,Target-interpolated-partial-1,interpolated,partial,0.3,10,394,1.0,0.891922734529301
20261229,Target-interpolated-partial-1,interpolated,partial,0.3,11,477,1.0,0.974765324087999
20261229,Target-interpolated-partial-1,interpolated,partial,0.3,12,473,1.0,0.9741517780313462
20261229,Target-interpolated-partial-1,interpolated,partial,0.3,13,481,1.0,0.9739903264106398
20261229,Target-interpolated-partial-1,interpolated,partial,0.3,14,93,1.0,0.9720879416426516
20261229,Target-interpolated-partial-1,interpolated,partial,0.3,15,405,1.0,0.9703369501267645
20261229,Target-interpolated-partial-1,interpolated,partial,0.3,16,77,1.0,0.9692311576361196
20261229,Target-interpolated-partial-1,interpolated,partial,0.3,17,198,1.0,0.9689911706109635
20261229,Target-interpolated-partial-1,interpolated,partial,0.3,18,186,1.0,0.9672221651319813
20261229,Target-interpolated-partial-1,interpolated,partial,0.3,19,194,1.0,0.963975901085923
20261229,Target-interpolated-partial-1,interpolated,partial,0.3,20,508,1.0,0.9593542929026946
20261229,Target-interpolated-partial-1,interpolated,partial,0.3,21,290,1.0,0.9552868542318044
20261229,Target-interpolated-partial-1,interpolated,partial,0.3,22,523,1.0,0.9226942420683013
20261229,Target-interpolated-partial-1,interpolated,partial,0.3,23,398,1.0,0.8984151569544258
20261229,Target-interpolated-partial-1,interpolated,partial,0.3,24,386,1.0,0.9041222595717058
20261229,Target-interpolated-partial-1,interpolated,partial,0.3,25,390,1.0,0.9083821710155382
20261229,Target-interpolated-partial-1,interpolated,partial,0.3,26,382,1.0,0.9107050987051755
20261229,Target-interpolated-partial-1,interpolated,partial,0.3,27,286,1.0,0.8970588109401236
20261229,Target-interpolated-partial-1,interpolated,partial,0.3,28,294,1.0,0.9042683036698376
20261229,Target-interpolated-partial-1,interpolated,partial,0.3,29,278,1.0,0.9065557572067193
20261229,Target-interpolated-partial-1,interpolated,partial,0.3,30,288,1.0,0.85
20261229,Target-interpolated-partial-1,interpolated,partial,0.3,31,292,1.0,0.85
20261229,Target-interpolated-partial-1,interpolated,partial,0.3,32,296,1.0,0.85
20261229,Target-interpolated-partial-1,interpolated,partial,0.3,33,392,1.0,0.85
20261229,Target-interpolated-partial-1,interpolated,partial,0.3,34,388,1.0,0.77716824659207
20261229,Target-interpolated-partial-1,interpolated,partial,0.3,35,396,1.0,0.7330824545561743
20261229,Target-interpolated-partial-1,interpolated,partial,0.3,36,81,0.9999999999999999,0.9649197191144492
20261229,Target-interpolated-partial-1,interpolated,partial,0.3,37,97,1.0,0.9383995320384662
20261229,Target-interpolated-partial-1,interpolated,partial,0.3,38,9,1.0,0.894762329622398
20261229,Target-interpolated-partial-1,interpolated,partial,0.3,39,22,1.0,0.8678265762864859
20261229,Target-interpolated-partial-1,interpolated,partial,0.3,40,99,1.0,0.8506835330517448
20261229,Target-interpolated-partial-1,interpolated,partial,0.3,41,85,1.0,0.8500000000000001
20261229,Target-interpolated-partial-1,interpolated,partial,0.3,42,87,1.0,0.8500000000000001
20261229,Target-interpolated-partial-1,interpolated,partial,0.3,43,91,1.0,0.8500000000000001
20261229,Target-interpolated-partial-1,interpolated,partial,0.3,44,95,1.0,0.8500000000000001
20261229,Target-interpolated-partial-1,interpolated,partial,0.3,45,178,0.9999999999999999,0.9602599815021325
20261229,Target-interpolated-partial-1,interpolated,partial,0.3,46,174,1.0,0.8997989776949895
20261229,Target-interpolated-partial-1,interpolated,partial,0.3,47,182,1.0,0.9076134617934166
20261229,Target-interpolated-partial-1,interpolated,partial,0.3,48,170,1.0,0.9160640381919998
20261229,Target-interpolated-partial-1,interpolated,partial,0.3,49,114,0.9999999999999999,0.9185288201139152
20261229,Target-interpolated-partial-1,interpolated,partial,0.3,50,196,1.0,0.7805858034223625
20261229,Target-interpolated-partial-2,interpolated,partial,0.3,1,489,1.0,0.9839017544417793
20261229,Target-interpolated-partial-2,interpolated,partial,0.3,2,493,1.0,0.9837555960160076
20261229,Target-interpolated-partial-2,interpolated,partial,0.3,3,89,1.0,0.9828034827362802
20261229,Target-interpolated-partial-2,interpolated,partial,0.3,4,497,1.0,0.9816624094313614
20261229,Target-interpolated-partial-2,interpolated,partial,0.3,5,73,1.0,0.9807892574098023
20261229,Target-interpolated-partial-2,interpolated,partial,0.3,6,485,1.0,0.9794429743548227
20261229,Target-interpolated-partial-2,interpolated,partial,0.3,7,524,1.0,0.9762697399211251
20261229,Target-interpolated-partial-2,interpolated,partial,0.3,8,190,1.0,0.9754561564522726
20261229,Target-interpolated-partial-2,interpolated,partial,0.3,9,298,1.0,0.9586376557510287
20261229,Target-interpolated-partial-2,interpolated,partial,0.3,10,394,1.0,0.891922734529301
20261229,Target-interpolated-partial-2,interpolated,partial,0.3,11,477,1.0,0.974765324087999
20261229,Target-interpolated-partial-2,interpolated,partial,0.3,12,473,1.0,0.9741517780313462
20261229,Target-interpolated-partial-2,interpolated,partial,0.3,13,481,1.0,0.9739903264106398
20261229,Target-interpolated-partial-2,interpolated,partial,0.3,14,93,1.0,0.9720879416426516
20261229,Target-interpolated-partial-2,interpolated,partial,0.3,15,405,1.0,0.9703369501267645
20261229,Target-interpolated-partial-2,interpolated,partial,0.3,16,77,1.0,0.9692325820552353
20261229,Target-interpolated-partial-2,interpolated,partial,0.3,17,198,1.0,0.9689944653199387
20261229,Target-interpolated-partial-2,interpolated,partial,0.3,18,186,1.0,0.9672302898951773
20261229,Target-interpolated-partial-2,interpolated,partial,0.3,19,81,1.0,0.9649248088774018
20261229,Target-interpolated-partial-2,interpolated,partial,0.3,20,194,1.0,0.9639978481780416
20261229,Target-interpolated-partial-2,interpolated,partial,0.3,21,421,1.0,0.9634261703855428
20261229,Target-interpolated-partial-2,interpolated,partial,0.3,22,178,1.0,0.960311178194263
20261229,Target-interpolated-partial-2,interpolated,partial,0.3,23,508,1.0,0.9593542929026946
20261229,Target-interpolated-partial-2,interpolated,partial,0.3,24,410,1.0,0.9563714242783998
20261229,Target-interpolated-partial-2,interpolated,partial,0.3,25,290,1.0,0.9552868542318044
20261229,Target-interpolated-partial-2,interpolated,partial,0.3,26,487,1.0,0.9492185671565876
20261229,Target-interpolated-partial-2,interpolated,partial,0.3,27,495,1.0,0.9407169401924261
20261229,Target-interpolated-partial-2,interpolated,partial,0.3,28,491,1.0,0.924098618474717
20261229,Target-interpolated-partial-2,interpolated,partial,0.3,29,523,1.0,0.9226942420683013
20261229,Target-interpolated-partial-2,interpolated,partial,0.3,30,499,1.0,0.9109920755325248
20261229,Target-interpolated-partial-2,interpolated,partial,0.3,31,433,1.0,0.907445113495319
20261229,Target-interpolated-partial-2,interpolated,partial,0.3,32,429,1.0,0.9111543570717856
20261229,Target-interpolated-partial-2,interpolated,partial,0.3,33,437,1.0,0.9177267762094841
20261229,Target-interpolated-partial-2,interpolated,partial,0.3,34,413,1.0,0.9213693899527227
20261229,Target-interpolated-partial-2,interpolated,partial,0.3,35,475,1.0,0.906885919217622
20261229,Target-interpolated-partial-2,interpolated,partial,0.3,36,426,1.0,0.906135444113393
20261229,Target-interpolated-partial-2,interpolated,partial,0.3,37,174,1.0,0.900324351390904
20261229,Target-interpolated-partial-2,interpolated,partial,0.3,38,182,1.0,0.9095664832766466
20261229,Target-interpolated-partial-2,interpolated,partial,0.3,39,398,1.0,0.8982641953581709
20261229,Target-interpolated-partial-2,interpolated,partial,0.3,40,286,1.0,0.8970791096521298
20261229,Target-interpolated-partial-2,interpolated,partial,0.3,41,294,1.0,0.9046306771383212
20261229,Target-interpolated-partial-2,interpolated,partial,0.3,42,278,1.0,0.9072208195213198
20261229,Target-interpolated-partial-2,interpolated,partial,0.3,43,288,1.0,0.8500000000000001
20261229,Target-interpolated-partial-2,interpolated,partial,0.3,44,292,1.0,0.8500000000000001
20261229,Target-interpolated-partial-2,interpolated,partial,0.3,45,296,1.0,0.8500000000000001
20261229,Target-interpolated-partial-2,interpolated,partial,0.3,46,471,1.0,0.804573084328119
20261229,Target-interpolated-partial-2,interpolated,partial,0.3,47,479,1.0,0.7819044924690164
20261229,Target-interpolated-partial-2,interpolated,partial,0.3,48,483,1.0,0.6912993374362403
20261229,Target-interpolated-partial-2,interpolated,partial,0.3,49,97,0.9999999999999999,0.9383573256387951
20261229,Target-interpolated-partial-2,interpolated,partial,0.3,50,9,1.0,0.8948779661215003
20261229,Target-interpolated-full-1,interpolated,full,0.3,1,489,1.0,0.9839017544417793
20261229,Target-interpolated-full-1,interpolated,full,0.3,2,493,1.0,0.9837555960160076
20261229,Target-interpolated-full-1,interpolated,full,0.3,3,89,1.0,0.9828034827362802
20261229,Target-interpolated-full-1,interpolated,full,0.3,4,497,1.0,0.9816624094313614
20261229,Target-interpolated-full-1,interpolated,full,0.3,5,73,1.0,0.9807892574098023
20261229,Target-interpolated-full-1,interpolated,full,0.3,6,485,1.0,0.9794429743548227
20261229,Target-interpolated-full-1,interpolated,full,0.3,7,524,1.0,0.9762697399211251
20261229,Target-interpolated-full-1,interpolated,full,0.3,8,190,1.0,0.9754561564522726
20261229,Target-interpolated-full-1,interpolated,full,0.3,9,298,1.0,0.9586376557510287
20261229,Target-interpolated-full-1,interpolated,full,0.3,10,394,1.0,0.891922734529301
20261229,Target-interpolated-full-1,interpolated,full,0.3,11,477,1.0,0.974765324087999
20261229,Target-interpolated-full-1,interpolated,full,0.3,12,473,1.0,0.9741517780313462
20261229,Target-interpolated-full-1,interpolated,full,0.3,13,481,1.0,0.9739903264106398
20261229,Target-interpolated-full-1,interpolated,full,0.3,14,93,1.0,0.9720879416426516
20261229,Target-interpolated-full-1,interpolated,full,0.3,15,405,1.0,0.9703369501267645
20261229,Target-interpolated-full-1,interpolated,full,0.3,16,77,1.0,0.9692311200938237
20261229,Target-interpolated-full-1,interpolated,full,0.3,17,198,1.0,0.968993629097409
20261229,Target-interpolated-full-1,interpolated,full,0.3,18,186,1.0,0.9672282083645591
20261229,Target-interpolated-full-1,interpolated,full,0.3,19,81,1.0,0.9649195683529537
20261229,Target-interpolated-full-1,interpolated,full,0.3,20,508,1.0,0.9593542929026946
20261229,Target-interpolated-full-1,interpolated,full,0.3,21,290,1.0,0.9552868542318044
20261229,Target-interpolated-full-1,interpolated,full,0.3,22,97,1.0,0.9384007815006092
20261229,Target-interpolated-full-1,interpolated,full,0.3,23,523,1.0,0.9226942420683013
20261229,Target-interpolated-full-1,interpolated,full,0.3,24,398,1.0,0.8984151569544258
20261229,Target-interpolated-full-1,interpolated,full,0.3,25,386,1.0,0.9041222595717058
20261229,Target-interpolated-full-1,interpolated,full,0.3,26,390,1.0,0.9083821710155382
20261229,Target-interpolated-full-1,interpolated,full,0.3,27,382,1.0,0.9103249593062631
20261229,Target-interpolated-full-1,interpolated,full,0.3,28,286,1.0,0.8970791096521298
20261229,Target-interpolated-full-1,interpolated,full,0.3,29,294,1.0,0.9049788145065361
20261229,Target-interpolated-full-1,interpolated,full,0.3,30,278,1.0,0.9078741613983581
20261229,Target-interpolated-full-1,interpolated,full,0.3,31,9,1.0,0.8947589069096259
20261229,Target-interpolated-full-1,interpolated,full,0.3,32,22,1.0,0.8678229427439837
20261229,Target-interpolated-full-1,interpolated,full,0.3,33,99,1.0,0.8506835123230246
20261229,Target-interpolated-full-1,interpolated,full,0.3,34,85,1.0,0.85
20261229,Target-interpolated-full-1,interpolated,full,0.3,35,87,1.0,0.85
20261229,Target-interpolated-full-1,interpolated,full,0.3,36,91,1.0,0.85
20261229,Target-interpolated-full-1,interpolated,full,0.3,37,95,1.0,0.85
20261229,Target-interpolated-full-1,interpolated,full,0.3,38,288,1.0,0.8499999999999999
20261229,Target-interpolated-full-1,interpolated,full,0.3,39,292,1.0,0.8499999999999999
20261229,Target-interpolated-full-1,interpolated,full,0.3,40,296,1.0,0.8499999999999999
20261229,Target-interpolated-full-1,interpolated,full,0.3,41,392,1.0,0.8499999999999999
20261229,Target-interpolated-full-1,interpolated,full,0.3,42,388,1.0,0.7768570737290352
20261229,Target-interpolated-full-1,interpolated,full,0.3,43,194,0.9999999999999999,0.9639921801312713
20261229,Target-interpolated-full-1,interpolated,full,0.3,44,178,1.0,0.9602901730609401
20261229,Target-interpolated-full-1,interpolated,full,0.3,45,174,1.0,0.9000807589670453
20261229,Target-interpolated-full-1,interpolated,full,0.3,46,182,1.0,0.9082834204192382
20261229,Target-interpolated-full-1,interpolated,full,0.3,47,170,1.0,0.9172328236752356
20261229,Target-interpolated-full-1,interpolated,full,0.3,48,114,1.0,0.9200434626490492
20261229,Target-interpolated-full-1,interpolated,full,0.3,49,196,1.0,0.795546957633694
20261229,Target-interpolated-full-1,interpolated,full,0.3,50,192,1.0,0.6375
20261229,Target-interpolated-full-2,interpolated,full,0.3,1,489,1.0,0.9839017544417793
20261229,Target-interpolated-full-2,interpolated,full,0.3,2,493,1.0,0.9837555960160076
20261229,Target-interpolated-full-2,interpolated,full,0.3,3,89,1.0,0.9828034827362802
20261229,Target-interpolated-full-2,interpolated,full,0.3,4,497,1.0,0.9816624094313614
20261229,Target-interpolated-full-2,interpolated,full,0.3,5,73,1.0,0.9807892574098023
20261229,Target-interpolated-full-2,interpolated,full,0.3,6,485,1.0,0.9794429743548227
20261229,Target-interpolated-full-2,interpolated,full,0.3,7,524,1.0,0.9762697399211251
20261229,Target-interpolated-full-2,interpolated,full,0.3,8,190,1.0,0.9754561564522726
20261229,Target-interpolated-full-2,interpolated,full,0.3,9,298,1.0,0.9586376557510287
20261229,Target-interpolated-full-2,interpolated,full,0.3,10,394,1.0,0.891922734529301
20261229,Target-interpolated-full-2,interpolated,full,0.3,11,477,1.0,0.974765324087999
20261229,Target-interpolated-full-2,interpolated,full,0.3,12,473,1.0,0.9741517780313462
20261229,Target-interpolated-full-2,interpolated,full,0.3,13,481,1.0,0.9739903264106398
20261229,Target-interpolated-full-2,interpolated,full,0.3,14,93,1.0,0.9720879416426516
20261229,Target-interpolated-full-2,interpolated,full,0.3,15,405,1.0,0.9703369501267645
20261229,Target-interpolated-full-2,interpolated,full,0.3,16,77,1.0,0.9692325820552353
20261229,Target-interpolated-full-2,interpolated,full,0.3,17,198,1.0,0.9689944653199387
20261229,Target-interpolated-full-2,interpolated,full,0.3,18,186,1.0,0.9672302898951773
20261229,Target-interpolated-full-2,interpolated,full,0.3,19,81,1.0,0.9649248088774018
20261229,Target-interpolated-full-2,interpolated,full,0.3,20,194,1.0,0.9639978481780416
20261229,Target-interpolated-full-2,interpolated,full,0.3,21,421,1.0,0.9634257094259855
20261229,Target-interpolated-full-2,interpolated,full,0.3,22,178,1.0,0.960311178194263
20261229,Target-interpolated-full-2,interpolated,full,0.3,23,290,1.0,0.9552868542318044
20261229,Target-interpolated-full-2,interpolated,full,0.3,24,174,1.0,0.900324351390904
20261229,Target-interpolated-full-2,interpolated,full,0.3,25,182,1.0,0.9095714007942592
20261229,Target-interpolated-full-2,interpolated,full,0.3,26,170,1.0,0.9192404172628323
20261229,Target-interpolated-full-2,interpolated,full,0.3,27,114,1.0,0.9226202454552569
20261229,Target-interpolated-full-2,interpolated,full,0.3,28,398,1.0,0.8984151569544258
20261229,Target-interpolated-full-2,interpolated,full,0.3,29,386,1.0,0.9036309084614871
20261229,Target-interpolated-full-2,interpolated,full,0.3,30,390,1.0,0.907534665501252
20261229,Target-interpolated-full-2,interpolated,full,0.3,31,286,1.0,0.8970791096521298
20261229,Target-interpolated-full-2,interpolated,full,0.3,32,294,1.0,0.9051386604926681
20261229,Target-interpolated-full-2,interpolated,full,0.3,33,278,1.0,0.9081882622072979
20261229,Target-interpolated-full-2,interpolated,full,0.3,34,382,1.0,0.8960508752635539
20261229,Target-interpolated-full-2,interpolated,full,0.3,35,392,1.0000000000000002,0.8500000000000001
20261229,Target-interpolated-full-2,interpolated,full,0.3,36,388,1.0000000000000002,0.7623699505832179
20261229,Target-interpolated-full-2,interpolated,full,0.3,37,288,1.0,0.8500000000000001
20261229,Target-interpolated-full-2,interpolated,full,0.3,38,292,1.0,0.8500000000000001
20261229,Target-interpolated-full-2,interpolated,full,0.3,39,296,1.0,0.8500000000000001
20261229,Target-interpolated-full-2,interpolated,full,0.3,40,196,1.0,0.7981862806823655
20261229,Target-interpolated-full-2,interpolated,full,0.3,41,396,1.0,0.7208027597464715
20261229,Target-interpolated-full-2,interpolated,full,0.3,42,192,1.0,0.6375
20261229,Target-interpolated-full-2,interpolated,full,0.3,43,508,0.9999999999999999,0.9593463954280839
20261229,Target-interpolated-full-2,interpolated,full,0.3,44,523,1.0,0.9225246734099632
20261229,Target-interpolated-full-2,interpolated,full,0.3,45,516,1.0,0.8959045811323207
20261229,Target-interpolated-full-2,interpolated,full,0.3,46,97,0.9999999999999999,0.9383573256387951
20261229,Target-interpolated-full-2,interpolated,full,0.3,47,9,1.0,0.8948779661215003
20261229,Target-interpolated-full-2,interpolated,full,0.3,48,22,1.0,0.8696295442957505
20261229,Target-interpolated-full-2,interpolated,full,0.3,49,572,0.9999999999999999,0.8499999999999999
20261229,Target-interpolated-full-2,interpolated,full,0.3,50,576,0.9999999999999999,0.8499999999999999
20261229,Target-unseen-global-1,unseen,global,0.3,1,489,1.0,0.9839017544417793
20261229,Target-unseen-global-1,unseen,global,0.3,2,493,1.0,0.9837555947280713
20261229,Target-unseen-global-1,unseen,global,0.3,3,89,1.0,0.9828034827362802
20261229,Target-unseen-global-1,unseen,global,0.3,4,497,1.0,0.9816624065781527
20261229,Target-unseen-global-1,unseen,global,0.3,5,73,1.0,0.9807891743827544
20261229,Target-unseen-global-1,unseen,global,0.3,6,485,1.0,0.97944296937162
20261229,Target-unseen-global-1,unseen,global,0.3,7,524,1.0,0.9762697399211251
20261229,Target-unseen-global-1,unseen,global,0.3,8,190,1.0,0.9754561564522726
20261229,Target-unseen-global-1,unseen,global,0.3,9,298,1.0,0.9586376557510287
20261229,Target-unseen-global-1,unseen,global,0.3,10,394,1.0,0.891922734529301
20261229,Target-unseen-global-1,unseen,global,0.3,11,477,1.0,0.9747653145704046
20261229,Target-unseen-global-1,unseen,global,0.3,12,473,1.0,0.9741517425814129
20261229,Target-unseen-global-1,unseen,global,0.3,13,481,1.0,0.9739902328422463
20261229,Target-unseen-global-1,unseen,global,0.3,14,93,1.0,0.9720871253609173
20261229,Target-unseen-global-1,unseen,global,0.3,15,405,1.0,0.9703362354004903
20261229,Target-unseen-global-1,unseen,global,0.3,16,77,1.0,0.969226917253311
20261229,Target-unseen-global-1,unseen,global,0.3,17,198,1.0,0.9689838184795587
20261229,Target-unseen-global-1,unseen,global,0.3,18,186,1.0,0.9672064793359951
20261229,Target-unseen-global-1,unseen,global,0.3,19,81,1.0,0.9649101074163329
20261229,Target-unseen-global-1,unseen,global,0.3,20,194,1.0,0.9639367418177752
20261229,Target-unseen-global-1,unseen,global,0.3,21,421,1.0,0.9634223186350594
20261229,Target-unseen-global-1,unseen,global,0.3,22,178,1.0,0.9601877244264807
20261229,Target-unseen-global-1,unseen,global,0.3,23,508,1.0,0.9593331784337122
20261229,Target-unseen-global-1,unseen,global,0.3,24,410,1.0,0.9563677618427835
20261229,Target-unseen-global-1,unseen,global,0.3,25,290,1.0,0.9552854620569323
20261229,Target-unseen-global-1,unseen,global,0.3,26,487,1.0,0.9492120842974457
20261229,Target-unseen-global-1,unseen,global,0.3,27,495,1.0,0.9407058456907457
20261229,Target-unseen-global-1,unseen,global,0.3,28,97,1.0,0.9384735992100943
20261229,Target-unseen-global-1,unseen,global,0.3,29,491,1.0,0.9240749029830643
20261229,Target-unseen-global-1,unseen,global,0.3,30,523,1.0,0.9223205034254447
20261229,Target-unseen-global-1,unseen,global,0.3,31,499,1.0,0.9109402653588573
20261229,Target-unseen-global-1,unseen,global,0.3,32,433,1.0,0.9067910618839643
20261229,Target-unseen-global-1,unseen,global,0.3,33,398,1.0,0.8972173876114324
20261229,Target-unseen-global-1,unseen,global,0.3,34,286,1.0,0.8969924990568134
20261229,Target-unseen-global-1,unseen,global,0.3,35,9,1.0,0.8946913846408484
20261229,Target-unseen-global-1,unseen,global,0.3,36,294,1.0,0.8873089151511686
20261229,Target-unseen-global-1,unseen,global,0.3,37,386,1.0,0.8849537365201537
20261229,Target-unseen-global-1,unseen,global,0.3,38,278,1.0,0.8715617017354751
20261229,Target-unseen-global-1,unseen,global,0.3,39,390,1.0,0.8699951047458594
20261229,Target-unseen-global-1,unseen,global,0.3,40,99,1.0,0.8506355383285872
20261229,Target-unseen-global-1,unseen,global,0.3,41,85,1.0,0.85
20261229,Target-unseen-global-1,unseen,global,0.3,42,87,1.0,0.85
20261229,Target-unseen-global-1,unseen,global,0.3,43,91,1.0000000000000002,0.8500000000000001
20261229,Target-unseen-global-1,unseen,global,0.3,44,95,1.0000000000000002,0.8500000000000001
20261229,Target-unseen-global-1,unseen,global,0.3,45,22,1.0000000000000002,0.8459272933568492
20261229,Target-unseen-global-1,unseen,global,0.3,46,174,0.9999999999999999,0.8990961458776197
20261229,Target-unseen-global-1,unseen,global,0.3,47,170,1.0,0.8880370343311542
20261229,Target-unseen-global-1,unseen,global,0.3,48,182,1.0,0.8753345588298379
20261229,Target-unseen-global-1,unseen,global,0.3,49,114,1.0,0.8566414197564334
20261229,Target-unseen-global-1,unseen,global,0.3,50,196,1.0,0.7206034870641898
20261229,Target-unseen-global-2,unseen,global,0.3,1,489,1.0,0.9839017544417793
20261229,Target-unseen-global-2,unseen,global,0.3,2,493,1.0,0.9837555947280713
20261229,Target-unseen-global-2,unseen,global,0.3,3,89,1.0,0.9828034827362802
20261229,Target-unseen-global-2,unseen,global,0.3,4,497,1.0,0.9816624065781527
20261229,Target-unseen-global-2,unseen,global,0.3,5,73,1.0,0.9807853636893243
20261229,Target-unseen-global-2,unseen,global,0.3,6,485,1.0,0.97944296937162
20261229,Target-unseen-global-2,unseen,global,0.3,7,524,1.0,0.9762697399211251
20261229,Target-unseen-global-2,unseen,global,0.3,8,190,1.0,0.9754561564522726
20261229,Target-unseen-global-2,unseen,global,0.3,9,298,1.0,0.9586376557510287
20261229,Target-unseen-global-2,unseen,global,0.3,10,394,1.0,0.891922734529301
20261229,Target-unseen-global-2,unseen,global,0.3,11,477,1.0,0.9747653145704046
20261229,Target-unseen-global-2,unseen,global,0.3,12,473,1.0,0.9741517425814129
20261229,Target-unseen-global-2,unseen,global,0.3,13,481,1.0,0.9739902328422463
20261229,Target-unseen-global-2,unseen,global,0.3,14,93,1.0,0.9720783695968742
20261229,Target-unseen-global-2,unseen,global,0.3,15,405,1.0,0.9703362354004903
20261229,Target-unseen-global-2,unseen,global,0.3,16,77,1.0,0.9692159278098361
20261229,Target-unseen-global-2,unseen,global,0.3,17,198,1.0,0.9689909657822648
20261229,Target-unseen-global-2,unseen,global,0.3,18,186,1.0,0.9672211302212712
20261229,Target-unseen-global-2,unseen,global,0.3,19,81,1.0,0.9649051740501584
20261229,Target-unseen-global-2,unseen,global,0.3,20,194,1.0,0.9639724170760193
20261229,Target-unseen-global-2,unseen,global,0.3,21,421,1.0,0.9634223186350594
20261229,Target-unseen-global-2,unseen,global,0.3,22,178,1.0,0.9602518098311412
20261229,Target-unseen-global-2,unseen,global,0.3,23,508,1.0,0.9593462716893699
20261229,Target-unseen-global-2,unseen,global,0.3,24,410,1.0,0.9563677618427835
20261229,Target-unseen-global-2,unseen,global,0.3,25,290,1.0,0.9552854620569323
20261229,Target-unseen-global-2,unseen,global,0.3,26,487,1.0,0.9492120842974457
20261229,Target-unseen-global-2,unseen,global,0.3,27,495,1.0,0.9407058456907457
20261229,Target-unseen-global-2,unseen,global,0.3,28,97,1.0,0.9385220042396389
20261229,Target-unseen-global-2,unseen,global,0.3,29,491,1.0,0.9240739998952074
20261229,Target-unseen-global-2,unseen,global,0.3,30,523,1.0,0.9225539304285938
20261229,Target-unseen-global-2,unseen,global,0.3,31,499,1.0,0.91093587539783
20261229,Target-unseen-global-2,unseen,global,0.3,32,433,1.0,0.9067155586892639
20261229,Target-unseen-global-2,unseen,global,0.3,33,174,1.0,0.8997109784967539
20261229,Target-unseen-global-2,unseen,global,0.3,34,182,1.0,0.9073112898349582
20261229,Target-unseen-global-2,unseen,global,0.3,35,9,1.0,0.8987916685745735
20261229,Target-unseen-global-2,unseen,global,0.3,36,398,1.0,0.8971681986447879
20261229,Target-unseen-global-2,unseen,global,0.3,37,386,1.0,0.901256298203769
20261229,Target-unseen-global-2,unseen,global,0.3,38,286,1.0,0.8969924990568134
20261229,Target-unseen-global-2,unseen,global,0.3,39,294,1.0000000000000002,0.904341598121237
20261229,Target-unseen-global-2,unseen,global,0.3,40,278,1.0,0.9059865339624944
20261229,Target-unseen-global-2,unseen,global,0.3,41,516,1.0,0.8959446170310378
20261229,Target-unseen-global-2,unseen,global,0.3,42,437,1.0,0.892966675651349
20261229,Target-unseen-global-2,unseen,global,0.3,43,429,1.0,0.8997155700265634
20261229,Target-unseen-global-2,unseen,global,0.3,44,390,1.0,0.888134427113126
20261229,Target-unseen-global-2,unseen,global,0.3,45,382,1.0,0.8918003446974674
20261229,Target-unseen-global-2,unseen,global,0.3,46,413,1.0,0.8856902529403565
20261229,Target-unseen-global-2,unseen,global,0.3,47,475,1.0,0.8533968425047561
20261229,Target-unseen-global-2,unseen,global,0.3,48,22,1.0,0.8521317684894701
20261229,Target-unseen-global-2,unseen,global,0.3,49,288,1.0,0.85
20261229,Target-unseen-global-2,unseen,global,0.3,50,292,1.0,0.85
20261229,Target-unseen-partial-1,unseen,partial,0.3,1,489,1.0,0.9839017544417793
20261229,Target-unseen-partial-1,unseen,partial,0.3,2,493,1.0,0.9837555954026691
20261229,Target-unseen-partial-1,unseen,partial,0.3,3,89,1.0,0.9828034827362802
20261229,Target-unseen-partial-1,unseen,partial,0.3,4,497,1.0,0.9816624080700049
20261229,Target-unseen-partial-1,unseen,partial,0.3,5,73,1.0,0.9807892531830233
20261229,Target-unseen-partial-1,unseen,partial,0.3,6,485,1.0,0.979442971977885
20261229,Target-unseen-partial-1,unseen,partial,0.3,7,524,1.0,0.9762697399211251
20261229,Target-unseen-partial-1,unseen,partial,0.3,8,190,1.0,0.9754561564522726
20261229,Target-unseen-partial-1,unseen,partial,0.3,9,298,1.0,0.9586376557510287
20261229,Target-unseen-partial-1,unseen,partial,0.3,10,394,1.0,0.891922734529301
20261229,Target-unseen-partial-1,unseen,partial,0.3,11,477,1.0,0.9747653195459158
20261229,Target-unseen-partial-1,unseen,partial,0.3,12,473,1.0,0.9741517611175561
20261229,Target-unseen-partial-1,unseen,partial,0.3,13,93,1.0,0.9720877729465358
20261229,Target-unseen-partial-1,unseen,partial,0.3,14,198,1.0,0.9689915229980953
20261229,Target-unseen-partial-1,unseen,partial,0.3,15,186,1.0,0.9672231546762455
20261229,Target-unseen-partial-1,unseen,partial,0.3,16,194,1.0,0.9639787009870537
20261229,Target-unseen-partial-1,unseen,partial,0.3,17,178,1.0,0.9602707163108066
20261229,Target-unseen-partial-1,unseen,partial,0.3,18,290,1.0,0.9552860523977553
20261229,Target-unseen-partial-1,unseen,partial,0.3,19,174,1.0,0.8999267978011578
20261229,Target-unseen-partial-1,unseen,partial,0.3,20,182,1.0,0.9080995709218436
20261229,Target-unseen-partial-1,unseen,partial,0.3,21,170,1.0,0.9169781450780063
20261229,Target-unseen-partial-1,unseen,partial,0.3,22,114,1.0,0.9197067728919387
20261229,Target-unseen-partial-1,unseen,partial,0.3,23,398,1.0,0.8973824696487269
20261229,Target-unseen-partial-1,unseen,partial,0.3,24,386,1.0,0.901676340099808
20261229,Target-unseen-partial-1,unseen,partial,0.3,25,390,1.0,0.904743391318152
20261229,Target-unseen-partial-1,unseen,partial,0.3,26,382,1.0,0.9060660262732578
20261229,Target-unseen-partial-1,unseen,partial,0.3,27,392,1.0,0.8499999999999999
20261229,Target-unseen-partial-1,unseen,partial,0.3,28,196,1.0,0.795112175045563
20261229,Target-unseen-partial-1,unseen,partial,0.3,29,388,1.0,0.7741767095352721
20261229,Target-unseen-partial-1,unseen,partial,0.3,30,396,1.0,0.808952343622545
20261229,Target-unseen-partial-1,unseen,partial,0.3,31,192,1.0,0.6375
20261229,Target-unseen-partial-1,unseen,partial,0.3,32,481,0.9999999999999999,0.9739902786749728
20261229,Target-unseen-partial-1,unseen,partial,0.3,33,405,1.0,0.970336596205003
20261229,Target-unseen-partial-1,unseen,partial,0.3,34,421,1.0,0.9634250911969928
20261229,Target-unseen-partial-1,unseen,partial,0.3,35,410,1.0,0.9563701283720458
20261229,Target-unseen-partial-1,unseen,partial,0.3,36,487,1.0,0.9492160970073498
20261229,Target-unseen-partial-1,unseen,partial,0.3,37,495,1.0,0.9407125522785134
20261229,Target-unseen-partial-1,unseen,partial,0.3,38,491,1.0,0.924088546998727
20261229,Target-unseen-partial-1,unseen,partial,0.3,39,499,1.0,0.910968458004349
20261229,Target-unseen-partial-1,unseen,partial,0.3,40,433,1.0,0.9071348539787248
20261229,Target-unseen-partial-1,unseen,partial,0.3,41,429,1.0,0.9116564964875757
20261229,Target-unseen-partial-1,unseen,partial,0.3,42,437,1.0,0.9180106898581784
20261229,Target-unseen-partial-1,unseen,partial,0.3,43,413,1.0,0.9211876052143368
20261229,Target-unseen-partial-1,unseen,partial,0.3,44,475,1.0,0.906193652531587
20261229,Target-unseen-partial-1,unseen,partial,0.3,45,426,1.0,0.9047563443963382
20261229,Target-unseen-partial-1,unseen,partial,0.3,46,471,1.0,0.80268940938747
20261229,Target-unseen-partial-1,unseen,partial,0.3,47,479,1.0,0.7779266180769433
20261229,Target-unseen-partial-1,unseen,partial,0.3,48,483,1.0,0.6898571023290658
20261229,Target-unseen-partial-1,unseen,partial,0.3,49,77,0.9999999999999999,0.9692307336899284
20261229,Target-unseen-partial-1,unseen,partial,0.3,50,81,1.0,0.9649198290149771
20261229,Target-unseen-partial-2,unseen,partial,0.3,1,489,1.0,0.9839017544417793
20261229,Target-unseen-partial-2,unseen,partial,0.3,2,493,1.0,0.983755594098932
20261229,Target-unseen-partial-2,unseen,partial,0.3,3,89,1.0,0.9828034827362802
20261229,Target-unseen-partial-2,unseen,partial,0.3,4,497,1.0,0.9816624051919283
20261229,Target-unseen-partial-2,unseen,partial,0.3,5,73,1.0,0.9807853636893243
20261229,Target-unseen-partial-2,unseen,partial,0.3,6,485,1.0,0.9794429669485267
20261229,Target-unseen-partial-2,unseen,partial,0.3,7,524,1.0,0.9762697399211251
20261229,Target-unseen-partial-2,unseen,partial,0.3,8,190,1.0,0.9754561564522726
20261229,Target-unseen-partial-2,unseen,partial,0.3,9,298,1.0,0.9586376557510287
20261229,Target-unseen-partial-2,unseen,partial,0.3,10,394,1.0,0.891922734529301
20261229,Target-unseen-partial-2,unseen,partial,0.3,11,477,1.0,0.9747653099490804
20261229,Target-unseen-partial-2,unseen,partial,0.3,12,93,1.0,0.9720783102876249
20261229,Target-unseen-partial-2,unseen,partial,0.3,13,77,1.0,0.9692181784102972
20261229,Target-unseen-partial-2,unseen,partial,0.3,14,198,1.0,0.9689954207995745
20261229,Target-unseen-partial-2,unseen,partial,0.3,15,186,1.0,0.96723225988617
20261229,Target-unseen-partial-2,unseen,partial,0.3,16,81,1.0,0.9649126346985862
20261229,Target-unseen-partial-2,unseen,partial,0.3,17,194,1.0,0.964002500824269
20261229,Target-unseen-partial-2,unseen,partial,0.3,18,178,1.0,0.9603173692513458
20261229,Target-unseen-partial-2,unseen,partial,0.3,19,508,1.0,0.9593232678175243
20261229,Target-unseen-partial-2,unseen,partial,0.3,20,97,1.0,0.9384634137623863
20261229,Target-unseen-partial-2,unseen,partial,0.3,21,523,1.0,0.921988255912793
20261229,Target-unseen-partial-2,unseen,partial,0.3,22,174,1.0,0.9003746926021446
20261229,Target-unseen-partial-2,unseen,partial,0.3,23,182,1.0,0.9095795037168496
20261229,Target-unseen-partial-2,unseen,partial,0.3,24,170,1.0,0.9192407366019537
20261229,Target-unseen-partial-2,unseen,partial,0.3,25,114,1.0,0.9224933732082207
20261229,Target-unseen-partial-2,unseen,partial,0.3,26,9,1.0,0.8989475311422783
20261229,Target-unseen-partial-2,unseen,partial,0.3,27,398,1.0,0.8804584165404987
20261229,Target-unseen-partial-2,unseen,partial,0.3,28,22,1.0,0.8736871584079384
20261229,Target-unseen-partial-2,unseen,partial,0.3,29,386,1.0,0.8666183866578219
20261229,Target-unseen-partial-2,unseen,partial,0.3,30,99,1.0,0.8508985184934713
20261229,Target-unseen-partial-2,unseen,partial,0.3,31,392,1.0,0.8500000000000001
20261229,Target-unseen-partial-2,unseen,partial,0.3,32,85,1.0,0.8499999999999999
20261229,Target-unseen-partial-2,unseen,partial,0.3,33,87,1.0,0.8499999999999999
20261229,Target-unseen-partial-2,unseen,partial,0.3,34,91,1.0,0.8499999999999999
20261229,Target-unseen-partial-2,unseen,partial,0.3,35,95,1.0,0.8499999999999999
20261229,Target-unseen-partial-2,unseen,partial,0.3,36,390,1.0,0.8497126908797852
20261229,Target-unseen-partial-2,unseen,partial,0.3,37,196,1.0,0.7981154154523612
20261229,Target-unseen-partial-2,unseen,partial,0.3,38,192,1.0,0.6375
20261229,Target-unseen-partial-2,unseen,partial,0.3,39,473,0.9999999999999999,0.9741517253570791
20261229,Target-unseen-partial-2,unseen,partial,0.3,40,481,1.0,0.9739901889142952
20261229,Target-unseen-partial-2,unseen,partial,0.3,41,405,0.9999999999999999,0.9703359103965412
20261229,Target-unseen-partial-2,unseen,partial,0.3,42,421,1.0,0.9634216579492867
20261229,Target-unseen-partial-2,unseen,partial,0.3,43,410,1.0,0.9563671599521782
20261229,Target-unseen-partial-2,unseen,partial,0.3,44,487,1.0,0.949210901846992
20261229,Target-unseen-partial-2,unseen,partial,0.3,45,495,1.0,0.940702913308882
20261229,Target-unseen-partial-2,unseen,partial,0.3,46,491,1.0,0.9240652584962497
20261229,Target-unseen-partial-2,unseen,partial,0.3,47,499,1.0,0.9109115645912612
20261229,Target-unseen-partial-2,unseen,partial,0.3,48,433,1.0,0.9065423284143929
20261229,Target-unseen-partial-2,unseen,partial,0.3,49,437,1.0,0.8926575826880205
20261229,Target-unseen-partial-2,unseen,partial,0.3,50,429,1.0,0.8822659714823369
20261229,Target-unseen-full-1,unseen,full,0.3,1,489,1.0,0.9839017544417793
20261229,Target-unseen-full-1,unseen,full,0.3,2,493,1.0,0.9837555957631708
20261229,Target-unseen-full-1,unseen,full,0.3,3,89,1.0,0.9828034827362802
20261229,Target-unseen-full-1,unseen,full,0.3,4,73,1.0,0.9807892531830233
20261229,Target-unseen-full-1,unseen,full,0.3,5,524,1.0,0.9762697399211251
20261229,Target-unseen-full-1,unseen,full,0.3,6,190,1.0,0.9754561564522726
20261229,Target-unseen-full-1,unseen,full,0.3,7,93,1.0,0.9720877729465358
20261229,Target-unseen-full-1,unseen,full,0.3,8,198,1.0,0.9689899864436996
20261229,Target-unseen-full-1,unseen,full,0.3,9,298,1.0,0.9586376557510287
20261229,Target-unseen-full-1,unseen,full,0.3,10,394,1.0,0.891922734529301
20261229,Target-unseen-full-1,unseen,full,0.3,11,186,1.0,0.9672195725803885
20261229,Target-unseen-full-1,unseen,full,0.3,12,194,1.0,0.9639694233531959
20261229,Target-unseen-full-1,unseen,full,0.3,13,178,1.0,0.9602541219283576
20261229,Target-unseen-full-1,unseen,full,0.3,14,508,1.0,0.9593232678175243
20261229,Target-unseen-full-1,unseen,full,0.3,15,290,1.0,0.9552854620569323
20261229,Target-unseen-full-1,unseen,full,0.3,16,523,1.0,0.921988255912793
20261229,Target-unseen-full-1,unseen,full,0.3,17,398,1.0,0.8973130324557723
20261229,Target-unseen-full-1,unseen,full,0.3,18,386,1.0,0.9015402905075727
20261229,Target-unseen-full-1,unseen,full,0.3,19,286,1.0,0.8969924990568134
20261229,Target-unseen-full-1,unseen,full,0.3,20,294,1.0000000000000002,0.904341598121237
20261229,Target-unseen-full-1,unseen,full,0.3,21,278,1.0,0.9059865339624944
20261229,Target-unseen-full-1,unseen,full,0.3,22,390,1.0,0.8887263197526646
20261229,Target-unseen-full-1,unseen,full,0.3,23,382,1.0,0.8747181755474062
20261229,Target-unseen-full-1,unseen,full,0.3,24,392,1.0,0.8500000000000001
20261229,Target-unseen-full-1,unseen,full,0.3,25,288,1.0,0.85
20261229,Target-unseen-full-1,unseen,full,0.3,26,292,1.0,0.85
20261229,Target-unseen-full-1,unseen,full,0.3,27,296,1.0,0.85
20261229,Target-unseen-full-1,unseen,full,0.3,28,388,1.0,0.7474009903422552
20261229,Target-unseen-full-1,unseen,full,0.3,29,497,0.9999999999999999,0.9816624088695902
20261229,Target-unseen-full-1,unseen,full,0.3,30,485,1.0,0.9794429733741246
20261229,Target-unseen-full-1,unseen,full,0.3,31,477,1.0,0.9747653222134809
20261229,Target-unseen-full-1,unseen,full,0.3,32,473,1.0,0.9741517710519132
20261229,Target-unseen-full-1,unseen,full,0.3,33,481,1.0,0.9739903054017813
20261229,Target-unseen-full-1,unseen,full,0.3,34,405,1.0,0.9703367980849897
20261229,Target-unseen-full-1,unseen,full,0.3,35,421,1.0,0.96342621681283
20261229,Target-unseen-full-1,unseen,full,0.3,36,410,1.0,0.9563712372146123
20261229,Target-unseen-full-1,unseen,full,0.3,37,487,1.0,0.9492180999191289
20261229,Target-unseen-full-1,unseen,full,0.3,38,495,1.0,0.9407158888502791
20261229,Target-unseen-full-1,unseen,full,0.3,39,491,1.0,0.9240957251728201
20261229,Target-unseen-full-1,unseen,full,0.3,40,499,1.0,0.9109842043307649
20261229,Target-unseen-full-1,unseen,full,0.3,41,433,1.0,0.9073338752482165
20261229,Target-unseen-full-1,unseen,full,0.3,42,429,1.0,0.912622205547501
20261229,Target-unseen-full-1,unseen,full,0.3,43,437,1.0,0.9199903350522728
20261229,Target-unseen-full-1,unseen,full,0.3,44,413,1.0,0.9236099538509277
20261229,Target-unseen-full-1,unseen,full,0.3,45,475,1.0,0.9095499216166758
20261229,Target-unseen-full-1,unseen,full,0.3,46,426,1.0,0.9082642515467392
20261229,Target-unseen-full-1,unseen,full,0.3,47,471,1.0,0.8137787820556646
20261229,Target-unseen-full-1,unseen,full,0.3,48,479,1.0,0.811426119603802
20261229,Target-unseen-full-1,unseen,full,0.3,49,77,0.9999999999999999,0.9692307336899284
20261229,Target-unseen-full-1,unseen,full,0.3,50,81,1.0,0.9649198290149771
20261229,Target-unseen-full-2,unseen,full,0.3,1,489,1.0,0.9839017544417793
20261229,Target-unseen-full-2,unseen,full,0.3,2,493,1.0,0.983755594098932
20261229,Target-unseen-full-2,unseen,full,0.3,3,89,1.0,0.9828034827362802
20261229,Target-unseen-full-2,unseen,full,0.3,4,497,1.0,0.9816624051919283
20261229,Target-unseen-full-2,unseen,full,0.3,5,73,1.0,0.9807891743827544
20261229,Target-unseen-full-2,unseen,full,0.3,6,485,1.0,0.9794429669485267
20261229,Target-unseen-full-2,unseen,full,0.3,7,524,1.0,0.9762697399211251
20261229,Target-unseen-full-2,unseen,full,0.3,8,190,1.0,0.9754561564522726
20261229,Target-unseen-full-2,unseen,full,0.3,9,298,1.0,0.9586376557510287
20261229,Target-unseen-full-2,unseen,full,0.3,10,394,1.0,0.891922734529301
20261229,Target-unseen-full-2,unseen,full,0.3,11,477,1.0,0.9747653099490804
20261229,Target-unseen-full-2,unseen,full,0.3,12,93,1.0,0.9720871253609173
20261229,Target-unseen-full-2,unseen,full,0.3,13,77,1.0,0.969226917253311
20261229,Target-unseen-full-2,unseen,full,0.3,14,198,1.0,0.9689887903425085
20261229,Target-unseen-full-2,unseen,full,0.3,15,186,1.0,0.9672163857849625
20261229,Target-unseen-full-2,unseen,full,0.3,16,81,1.0,0.9649101074163329
20261229,Target-unseen-full-2,unseen,full,0.3,17,194,1.0,0.963960739296863
20261229,Target-unseen-full-2,unseen,full,0.3,18,178,1.0,0.9602339006301652
20261229,Target-unseen-full-2,unseen,full,0.3,19,508,1.0,0.9593462716893699
20261229,Target-unseen-full-2,unseen,full,0.3,20,97,1.0,0.9384735992100943
20261229,Target-unseen-full-2,unseen,full,0.3,21,523,1.0,0.9225539304285938
20261229,Target-unseen-full-2,unseen,full,0.3,22,398,1.0,0.8974056915050594
20261229,Target-unseen-full-2,unseen,full,0.3,23,386,1.0,0.9017213100846388
20261229,Target-unseen-full-2,unseen,full,0.3,24,390,1.0000000000000002,0.9048103690977867
20261229,Target-unseen-full-2,unseen,full,0.3,25,382,1.0,0.9061456584816586
20261229,Target-unseen-full-2,unseen,full,0.3,26,516,1.0,0.8959446170310378
20261229,Target-unseen-full-2,unseen,full,0.3,27,9,1.0,0.8946913846408484
20261229,Target-unseen-full-2,unseen,full,0.3,28,99,1.0,0.8506355383285872
20261229,Target-unseen-full-2,unseen,full,0.3,29,85,1.0,0.85
20261229,Target-unseen-full-2,unseen,full,0.3,30,87,1.0,0.85
20261229,Target-unseen-full-2,unseen,full,0.3,31,91,1.0000000000000002,0.8500000000000001
20261229,Target-unseen-full-2,unseen,full,0.3,32,95,1.0000000000000002,0.8500000000000001
20261229,Target-unseen-full-2,unseen,full,0.3,33,22,1.0000000000000002,0.8459272933568492
20261229,Target-unseen-full-2,unseen,full,0.3,34,572,1.0,0.8499999999999999
20261229,Target-unseen-full-2,unseen,full,0.3,35,576,1.0,0.8499999999999999
20261229,Target-unseen-full-2,unseen,full,0.3,36,580,1.0,0.8499999999999999
20261229,Target-unseen-full-2,unseen,full,0.3,37,584,1.0,0.8499999999999999
20261229,Target-unseen-full-2,unseen,full,0.3,38,586,1.0,0.8499999999999999
20261229,Target-unseen-full-2,unseen,full,0.3,39,588,1.0,0.8499999999999999
20261229,Target-unseen-full-2,unseen,full,0.3,40,590,1.0,0.8499999999999999
20261229,Target-unseen-full-2,unseen,full,0.3,41,592,1.0,0.8499999999999999
20261229,Target-unseen-full-2,unseen,full,0.3,42,594,1.0,0.8499999999999999
20261229,Target-unseen-full-2,unseen,full,0.3,43,596,1.0,0.8499999999999999
20261229,Target-unseen-full-2,unseen,full,0.3,44,598,1.0,0.8499999999999999
20261229,Target-unseen-full-2,unseen,full,0.3,45,570,1.0,0.6375
20261229,Target-unseen-full-2,unseen,full,0.3,46,574,1.0,0.6375
20261229,Target-unseen-full-2,unseen,full,0.3,47,578,1.0,0.6375
20261229,Target-unseen-full-2,unseen,full,0.3,48,473,0.9999999999999999,0.9741517253570791
20261229,Target-unseen-full-2,unseen,full,0.3,49,481,1.0,0.9739901889142952
20261229,Target-unseen-full-2,unseen,full,0.3,50,405,0.9999999999999999,0.9703359103965412
