method_variant,episode,time_step,state,q_target,q_mixed,gap_scores,visits,critical
Uniform-Equal-H,1,0,"[1, 2, -1, 13, 0, 0, 1, 1, 5, 0]","[0.0, 0.0, 0.0]","[0.3137253363927205, 0.2706277628739675, 0.1730198323726654]","[0.3333333333333333, 0.3333333333333333, 0.3333333333333333]","[0, 1, 0]",True
Uniform-Equal-H,1,1,"[1, 1, -1, 13, 0, -1, 0, 1, 6, 0]","[0.0, 0.0, 0.0]","[0.0, 0.0, 0.0]","[0.1, 0.8, 0.1]","[0, 1, 0]",False
Uniform-Equal-H,2,0,"[4, 2, -5, 13, 0, 0, 1, 0, 2, 1]","[0.0, 0.0, 0.0]","[1.397802988688151e-05, 0.00023675985654195156, 0.0004360110727945965]","[0.3333333333333333, 0.3333333333333333, 0.3333333333333333]","[1, 0, 0]",True
Uniform-Equal-H,2,1,"[3, 2, -5, 13, 0, 0, 1, 0, 3, 1]","[0.0, 0.0, 0.0]","[0.0029868788401285814, 0.003365195465087892, 0.0028605545043945317]","[0.3333333333333333, 0.3333333333333333, 0.3333333333333333]","[0, 0, 1]",True
Uniform-Equal-H,2,2,"[3, 2, -5, 13, 0, 0, 1, 0, 4, 1]","[0.0, 0.0, 0.0]","[0.016064751942952475, 0.026958508809407557, 0.011308914184570315]","[0.3333333333333333, 0.3333333333333333, 0.3333333333333333]","[1, 0, 0]",True
Uniform-Equal-H,2,3,"[2, 2, -5, 13, 0, 0, 1, 1, 5, 1]","[0.0, 0.0, 0.0]","[0.08193458557128908, 0.08153274536132814, 0.06979476928710938]","[0.3333333333333333, 0.3333333333333333, 0.3333333333333333]","[0, 0, 1]",True
Uniform-Equal-H,2,4,"[2, 2, -5, 13, 0, 0, 0, 1, 6, 1]","[0.0, 0.0, 0.0]","[0.18689371744791666, 0.4184214274088542, 0.118560791015625]","[0.3333333333333333, 0.3333333333333333, 0.3333333333333333]","[0, 1, 0]",True
Uniform-Equal-H,2,5,"[1, 1, -5, 13, 0, 0, 0, 1, 7, 1]","[0.0, 0.0, 0.0]","[0.0, 0.0, 0.0]","[0.1, 0.8, 0.1]","[0, 1, 0]",False
Uniform-Equal-H,3,0,"[3, 2, -3, 13, 0, 0, 1, 0, 2, 0]","[0.0, 0.0, 0.0]","[8.004584921554974e-05, 0.000111955379486084, 2.5418492635091147e-05]","[0.3333333333333333, 0.3333333333333333, 0.3333333333333333]","[1, 0, 0]",True
Uniform-Equal-H,3,1,"[3, 2, -3, 13, 0, 0, 1, 0, 3, 0]","[0.0, 0.0, 0.0]","[0.0007896911271413168, 0.0006122540283203127, 0.0008736633611718815]","[0.3333333333333333, 0.3333333333333333, 0.3333333333333333]","[0, 1, 0]",True
Uniform-Equal-H,3,2,"[3, 2, -3, 13, 0, 0, 1, 0, 4, 0]","[0.0, 0.0, 0.0]","[0.002737863413492838, 0.004487290382385254, 0.005969895422458649]","[0.3333333333333333, 0.3333333333333333, 0.3333333333333333]","[1, 0, 0]",True
Uniform-Equal-H,3,3,"[2, 2, -4, 13, 0, 0, 1, 1, 5, 0]","[0.0, 0.0, 0.0]","[0.0, 0.0, 0.0]","[0.1, 0.8, 0.1]","[0, 1, 0]",False
Uniform-Equal-H,3,4,"[2, 1, -4, 13, 0, -1, 0, 1, 6, 0]","[0.0, 0.0, 0.0]","[0.0, 0.0, 0.0]","[0.1, 0.8, 0.1]","[0, 1, 0]",False
Uniform-Equal-H,3,5,"[1, 0, -4, 13, 0, -1, 0, 1, 7, 0]","[0.0, 0.0, 0.0]","[0.0, 0.0, 0.0]","[0.1, 0.8, 0.1]","[1, 0, 0]",False
Uniform-Equal-H,4,0,"[2, 2, -3, 13, 0, 0, 1, 1, 5, 1]","[0.0, 0.0, 0.0]","[0.012198804728190106, 0.01293824666341146, 0.015512173906962079]","[0.3333333333333333, 0.3333333333333333, 0.3333333333333333]","[0, 0, 1]",True
Uniform-Equal-H,4,1,"[2, 2, -3, 13, 0, 0, 0, 1, 6, 1]","[0.0, 0.0, 0.0]","[0.10008304341634115, 0.051814900716145834, 0.07675987497965497]","[0.3333333333333333, 0.3333333333333333, 0.3333333333333333]","[1, 0, 0]",True
Uniform-Equal-H,4,2,"[2, 1, -3, 13, 0, 0, 0, 1, 7, 1]","[0.0, 0.0, 0.0]","[0.0, 0.0, 0.0]","[0.1, 0.8, 0.1]","[1, 0, 0]",False
Uniform-Equal-H,4,3,"[1, 1, -4, 13, 0, 0, 0, 1, 8, 1]","[0.0, 0.0, 0.0]","[0.0, 0.0, 0.0]","[0.1, 0.8, 0.1]","[0, 1, 0]",False
Uniform-Equal-H,5,0,"[1, 2, -3, 13, 0, 0, 1, 1, 5, 0]","[0.0, 0.0, 0.25]","[0.2999623616536458, 0.6467071533203125, 0.5334649483362833]","[0.3333333333333333, 0.3333333333333333, 0.3333333333333333]","[0, 0, 1]",True
Uniform-Equal-H,6,0,"[3, 2, -3, 13, 0, 0, 1, 0, 2, 1]","[0.0, 0.0, 0.0]","[9.369728366533917e-07, 4.4358869361877454e-05, 4.0255872118473074e-05]","[0.3333333333333333, 0.3333333333333333, 0.3333333333333333]","[1, 0, 0]",True
Uniform-Equal-H,6,1,"[3, 2, -3, 13, 0, 0, 1, 0, 3, 1]","[0.0, 0.0, 0.0]","[0.00029534225515524554, 0.00028240624109903984, 0.000327444539388021]","[0.3333333333333333, 0.3333333333333333, 0.3333333333333333]","[1, 0, 0]",True
Uniform-Equal-H,6,2,"[3, 2, -4, 13, 0, 0, 1, 0, 4, 1]","[0.0, 0.0, 0.0]","[0.0, 0.0, 0.0]","[0.1, 0.8, 0.1]","[0, 1, 0]",False
Uniform-Equal-H,6,3,"[2, 2, -4, 13, 0, 0, 1, 1, 5, 1]","[0.0, 0.0, 0.0]","[0.0, 0.0, 0.0]","[0.1, 0.8, 0.1]","[1, 0, 0]",False
Uniform-Equal-H,6,4,"[2, 2, -4, 13, 0, 0, 0, 1, 6, 1]","[0.0, 0.0, 0.0]","[0.0, 0.0, 0.0]","[0.1, 0.8, 0.1]","[0, 1, 0]",False
Uniform-Equal-H,6,5,"[2, 1, -4, 13, 0, 0, 0, 1, 7, 1]","[0.0, 0.0, 0.0]","[0.0, 0.0, 0.0]","[0.1, 0.8, 0.1]","[0, 1, 0]",False
Uniform-Equal-H,6,6,"[1, 1, -4, 13, 0, 0, 0, 1, 8, 1]","[0.0, 0.0, 0.0]","[0.0, 0.0, 0.0]","[0.1, 0.8, 0.1]","[0, 1, 1]",False
Uniform-Equal-H,7,0,"[4, 2, -3, 12, 0, 0, 1, 0, 0, 1]","[0.0, 0.0, 0.0]","[2.3242684870958337e-07, 4.1973674496014935e-08, 1.3904885580142347e-07]","[0.3333333333333333, 0.3333333333333333, 0.3333333333333333]","[0, 0, 1]",True
Uniform-Equal-H,7,1,"[4, 2, -3, 13, 0, 0, 1, 0, 1, 1]","[0.0, 0.0, 0.0]","[3.095342707137268e-06, 1.7332188884417224e-07, 6.614503313104314e-06]","[0.3333333333333333, 0.3333333333333333, 0.3333333333333333]","[0, 0, 1]",True
Uniform-Equal-H,7,2,"[3, 2, -3, 13, 0, 0, 1, 0, 2, 1]","[0.0, 0.0, 0.0]","[9.369728366533917e-07, 4.4358869361877454e-05, 4.0255872118473074e-05]","[0.3333333333333333, 0.3333333333333333, 0.3333333333333333]","[2, 0, 0]",True
Uniform-Equal-H,7,3,"[3, 2, -3, 13, 0, 0, 1, 0, 3, 1]","[0.0, 0.0, 0.0]","[0.00029534225515524554, 0.00028240624109903984, 0.000327444539388021]","[0.3333333333333333, 0.3333333333333333, 0.3333333333333333]","[2, 0, 0]",True
Uniform-Equal-H,7,4,"[3, 2, -3, 13, 0, 0, 1, 0, 4, 1]","[0.0, 0.0, 0.0]","[0.0010952321370442711, 0.0021050710550944013, 0.003241387354532878]","[0.3333333333333333, 0.3333333333333333, 0.3333333333333333]","[0, 1, 0]",True
Uniform-Equal-H,7,5,"[2, 2, -3, 13, 0, 0, 1, 1, 5, 1]","[0.0, 0.0, 0.0]","[0.012198804728190106, 0.01293824666341146, 0.015512173906962079]","[0.3333333333333333, 0.3333333333333333, 0.3333333333333333]","[1, 0, 1]",True
Uniform-Equal-H,7,6,"[2, 2, -4, 13, 0, 0, 0, 1, 6, 1]","[0.0, 0.0, 0.0]","[0.0, 0.0, 0.0]","[0.1, 0.8, 0.1]","[0, 2, 0]",False
Uniform-Equal-H,7,7,"[2, 1, -4, 13, 0, 0, 0, 1, 7, 1]","[0.0, 0.0, 0.0]","[0.0, 0.0, 0.0]","[0.1, 0.8, 0.1]","[0, 2, 0]",False
Uniform-Equal-H,7,8,"[1, 1, -4, 13, 0, 0, 0, 1, 8, 1]","[0.0, 0.0, 0.0]","[0.0, 0.0, 0.0]","[0.1, 0.8, 0.1]","[0, 2, 1]",False
Uniform-Equal-H,8,0,"[2, 2, -5, 13, 0, 0, 1, 0, 4, 0]","[0.0, 0.0, 0.0]","[0.26525135189294813, 0.11598968505859376, 0.3754155476888021]","[0.3333333333333333, 0.3333333333333333, 0.3333333333333333]","[0, 1, 0]",True
Uniform-Equal-H,8,1,"[1, 2, -5, 13, 0, 0, 1, 1, 5, 0]","[0.0, 0.25, 0.0]","[0.5278269449869791, 0.5278269449869791, 0.827789306640625]","[0.3333333333333333, 0.3333333333333333, 0.3333333333333333]","[0, 1, 0]",True
Uniform-Equal-H,9,0,"[3, 2, -5, 13, 0, 0, 1, 0, 3, 1]","[0.0, 0.0, 0.0]","[0.0029868788401285814, 0.003365195465087892, 0.0028605545043945317]","[0.3333333333333333, 0.3333333333333333, 0.3333333333333333]","[0, 0, 2]",True
Uniform-Equal-H,9,1,"[3, 2, -5, 13, 0, 0, 1, 0, 4, 1]","[0.0, 0.0, 0.0]","[0.016064751942952475, 0.026958508809407557, 0.011308914184570315]","[0.3333333333333333, 0.3333333333333333, 0.3333333333333333]","[2, 0, 0]",True
Uniform-Equal-H,9,2,"[2, 2, -5, 13, 0, 0, 1, 1, 5, 1]","[0.0, 0.0, 0.0]","[0.08193458557128908, 0.08153274536132814, 0.06979476928710938]","[0.3333333333333333, 0.3333333333333333, 0.3333333333333333]","[1, 0, 1]",True
Uniform-Equal-H,9,3,"[2, 2, -6, 13, 0, 0, 0, 1, 6, 1]","[0.0, 0.0, 0.0]","[0.1257329305013021, 0.12332967122395833, 0.2641377766927083]","[0.3333333333333333, 0.3333333333333333, 0.3333333333333333]","[0, 0, 1]",True
Uniform-Equal-H,9,4,"[1, 1, -5, 13, 0, 0, 0, 1, 7, 1]","[0.0, 0.0, 0.0]","[0.0, 0.0, 0.0]","[0.1, 0.8, 0.1]","[0, 2, 0]",False
Uniform-Equal-H,10,0,"[1, 2, -3, 13, 0, 0, 1, 1, 5, 1]","[0.0, 0.0, 0.0]","[0.0013541666666666667, 0.05923908233642578, 0.0834716542561849]","[0.3333333333333333, 0.3333333333333333, 0.3333333333333333]","[1, 0, 0]",True
Uniform-Equal-H,10,1,"[1, 2, -4, 13, 0, 0, 0, 1, 6, 1]","[0.0, 0.0, 0.0]","[0.16148071289062502, 0.0, 0.114111328125]","[0.3333333333333333, 0.3333333333333333, 0.3333333333333333]","[0, 0, 1]",True
Uniform-Equal-H,10,2,"[0, 1, -3, 13, 0, 0, 0, 1, 7, 1]","[0.0, 0.0, 0.0]","[0.0, 0.0, 0.0]","[0.1, 0.8, 0.1]","[0, 1, 0]",False
Uniform-Equal-H,11,0,"[1, 2, -5, 13, 0, 0, 1, 1, 5, 1]","[0.0, 0.0, 0.0]","[0.24901987711588544, 0.025413004557291667, 0.14171142578125]","[0.3333333333333333, 0.3333333333333333, 0.3333333333333333]","[1, 0, 0]",True
Uniform-Equal-H,11,1,"[1, 2, -5, 13, 0, 0, 0, 1, 6, 1]","[0.25, 0.0, 0.0]","[0.5999247233072916, 0.22786458333333331, 0.45572916666666663]","[0.3333333333333333, 0.3333333333333333, 0.3333333333333333]","[1, 0, 0]",True
Uniform-Equal-H,12,0,"[1, 2, 0, 12, 0, 0, 1, 0, 0, 0]","[0.0, 0.0, 0.0]","[3.851690180102984e-05, 9.929830272992452e-06, 5.911509195963544e-09]","[0.3333333333333333, 0.3333333333333333, 0.3333333333333333]","[0, 0, 1]",True
Uniform-Equal-H,12,1,"[1, 2, 1, 13, 0, 0, 1, 0, 1, 0]","[0.0, 0.0, 0.0]","[0.0, 6.042480468750002e-07, 5.068918267885846e-06]","[0.3333333333333333, 0.3333333333333333, 0.3333333333333333]","[1, 0, 0]",True
Uniform-Equal-H,12,2,"[1, 2, 0, 13, 0, 0, 1, 0, 2, 0]","[0.0, 0.0, 0.0]","[0.0003741040547688803, 0.002620569596191248, 0.001492952991059671]","[0.3333333333333333, 0.3333333333333333, 0.3333333333333333]","[0, 0, 1]",True
Uniform-Equal-H,12,3,"[1, 2, 0, 13, 0, 0, 1, 0, 3, 0]","[0.0, 0.0, 0.0]","[0.011285094118677081, 0.010556428584580621, 0.006897487322489422]","[0.3333333333333333, 0.3333333333333333, 0.3333333333333333]","[0, 1, 0]",True
Uniform-Equal-H,12,4,"[1, 2, 0, 13, 0, 0, 1, 0, 4, 0]","[0.0, 0.0, 0.0]","[0.056253888079275685, 0.05097099049016833, 0.04160521189371745]","[0.3333333333333333, 0.3333333333333333, 0.3333333333333333]","[0, 0, 1]",True
Uniform-Equal-H,12,5,"[1, 2, 0, 13, 0, 0, 1, 1, 5, 0]","[0.0, 0.0, 0.0]","[0.2696785635392492, 0.1067137859451274, 0.1878327362239361]","[0.3333333333333333, 0.3333333333333333, 0.3333333333333333]","[0, 1, 0]",True
Uniform-Equal-H,12,6,"[1, 1, 0, 13, 0, -1, 0, 1, 6, 0]","[0.0, 0.0, 0.25]","[0.22786458333333331, 0.45572916666666663, 0.7857216347474605]","[0.3333333333333333, 0.3333333333333333, 0.3333333333333333]","[0, 0, 1]",True
Uniform-Equal-H,13,0,"[1, 0, -3, 12, 0, 0, 0, 3, 0, 4]","[0.0, 0.0, 0.25]","[0.8998870849609375, 0.68359375, 0.68359375]","[0.3333333333333333, 0.3333333333333333, 0.3333333333333333]","[0, 0, 1]",True
Uniform-Equal-H,14,0,"[2, 2, -1, 13, 0, 0, 1, 0, 1, 1]","[0.0, 0.0, 0.0]","[7.325633943080904e-06, 6.325129717588426e-06, 6.948955535888674e-06]","[0.3333333333333333, 0.3333333333333333, 0.3333333333333333]","[0, 1, 0]",True
Uniform-Equal-H,14,1,"[2, 2, -1, 13, 0, 0, 1, 0, 2, 1]","[0.0, 0.0, 0.0]","[6.850380651156109e-05, 5.439352385203045e-05, 0.00017342869672179223]","[0.3333333333333333, 0.3333333333333333, 0.3333333333333333]","[0, 0, 1]",True
Uniform-Equal-H,14,2,"[1, 2, -1, 13, 0, 0, 1, 0, 3, 1]","[0.0, 0.0, 0.0]","[0.0006245385312537352, 0.0007631998538970948, 0.0006635530261198681]","[0.3333333333333333, 0.3333333333333333, 0.3333333333333333]","[0, 0, 1]",True
Uniform-Equal-H,14,3,"[1, 2, -1, 13, 0, 0, 1, 0, 4, 1]","[0.0, 0.0, 0.0]","[0.004510278922319413, 0.004617092256744703, 0.0037672321319580085]","[0.3333333333333333, 0.3333333333333333, 0.3333333333333333]","[0, 1, 0]",True
Uniform-Equal-H,14,4,"[1, 2, -1, 13, 0, 0, 1, 1, 5, 1]","[0.0, 0.0, 0.0]","[0.09154350546995799, 0.009616359047591687, 0.041997705856959035]","[0.3333333333333333, 0.3333333333333333, 0.3333333333333333]","[1, 0, 0]",True
Uniform-Equal-H,14,5,"[1, 2, -1, 13, 0, 0, 0, 1, 6, 1]","[0.0, 0.0, 0.0]","[0.08536834716796876, 0.11290701794903726, 0.18885024021069208]","[0.3333333333333333, 0.3333333333333333, 0.3333333333333333]","[0, 1, 0]",True
Uniform-Equal-H,14,6,"[1, 1, -1, 13, 0, 0, 0, 1, 7, 1]","[0.0, 0.0, 0.0]","[0.0, 0.0, 0.0]","[0.1, 0.8, 0.1]","[0, 1, 0]",False
Uniform-Equal-H,15,0,"[1, 2, 0, 13, 0, 0, 1, 0, 2, 0]","[0.0, 0.0, 0.0]","[0.0003741040547688803, 0.002620569596191248, 0.001492952991059671]","[0.3333333333333333, 0.3333333333333333, 0.3333333333333333]","[1, 0, 1]",True
Uniform-Equal-H,15,1,"[1, 2, 0, 13, 0, 0, 1, 0, 3, 0]","[0.0, 0.0, 0.0]","[0.011285094118677081, 0.010556428584580621, 0.006897487322489422]","[0.3333333333333333, 0.3333333333333333, 0.3333333333333333]","[1, 1, 0]",True
Uniform-Equal-H,15,2,"[1, 2, 0, 13, 0, 0, 1, 0, 4, 0]","[0.0, 0.0, 0.0]","[0.056253888079275685, 0.05097099049016833, 0.04160521189371745]","[0.3333333333333333, 0.3333333333333333, 0.3333333333333333]","[0, 1, 1]",True
Uniform-Equal-H,15,3,"[1, 2, 0, 13, 0, 0, 1, 1, 5, 0]","[0.00625, 0.0, 0.0]","[0.2696785635392492, 0.1067137859451274, 0.1878327362239361]","[0.3333333333333333, 0.3333333333333333, 0.3333333333333333]","[1, 1, 0]",True
Uniform-Equal-H,15,4,"[1, 1, 0, 13, 0, -1, 0, 1, 6, 0]","[0.0, 0.25, 0.25]","[0.22786458333333331, 0.45572916666666663, 0.7857216347474605]","[0.3333333333333333, 0.3333333333333333, 0.3333333333333333]","[0, 1, 1]",True
Uniform-Equal-H,16,0,"[4, 2, -5, 13, 0, 0, 1, 0, 2, 1]","[0.0, 0.0, 0.0]","[1.397802988688151e-05, 0.00023675985654195156, 0.0004360110727945965]","[0.3333333333333333, 0.3333333333333333, 0.3333333333333333]","[1, 1, 0]",True
Uniform-Equal-H,16,1,"[3, 2, -5, 13, 0, 0, 1, 0, 3, 1]","[0.0, 0.0, 0.0]","[0.0029868788401285814, 0.003365195465087892, 0.0028605545043945317]","[0.3333333333333333, 0.3333333333333333, 0.3333333333333333]","[1, 0, 2]",True
Uniform-Equal-H,16,2,"[3, 2, -6, 13, 0, 0, 1, 0, 4, 1]","[0.0, 0.0, 0.0]","[0.0, 0.0, 0.0]","[0.1, 0.8, 0.1]","[0, 0, 1]",False
Uniform-Equal-H,16,3,"[2, 2, -5, 13, 0, 0, 1, 1, 5, 1]","[0.0, 0.0, 0.0]","[0.08193458557128908, 0.08153274536132814, 0.06979476928710938]","[0.3333333333333333, 0.3333333333333333, 0.3333333333333333]","[2, 0, 1]",True
Uniform-Equal-H,16,4,"[2, 2, -6, 13, 0, 0, 0, 1, 6, 1]","[0.0, 0.0, 0.0]","[0.1257329305013021, 0.12332967122395833, 0.2641377766927083]","[0.3333333333333333, 0.3333333333333333, 0.3333333333333333]","[0, 1, 1]",True
Uniform-Equal-H,16,5,"[1, 1, -6, 13, 0, 0, 0, 1, 7, 1]","[0.0, 0.0, 0.0]","[0.0, 0.0, 0.0]","[0.1, 0.8, 0.1]","[0, 1, 0]",False
Uniform-Equal-H,17,0,"[5, 2, -5, 12, 0, 0, 1, 0, 0, 1]","[0.0, 0.0, 0.0]","[1.505384699503581e-06, 2.6483395894368495e-07, 1.5833282470703128e-08]","[0.3333333333333333, 0.3333333333333333, 0.3333333333333333]","[1, 0, 0]",True
Uniform-Equal-H,17,1,"[4, 2, -5, 13, 0, 0, 1, 0, 1, 1]","[0.0, 0.0, 0.0]","[2.622000217437745e-05, 1.168376159667969e-05, 4.813883463541666e-06]","[0.3333333333333333, 0.3333333333333333, 0.3333333333333333]","[0, 1, 0]",True
Uniform-Equal-H,17,2,"[4, 2, -5, 13, 0, 0, 1, 0, 2, 1]","[0.0, 0.0, 0.0]","[1.397802988688151e-05, 0.00023675985654195156, 0.0004360110727945965]","[0.3333333333333333, 0.3333333333333333, 0.3333333333333333]","[1, 1, 1]",True
Uniform-Equal-H,17,3,"[3, 2, -5, 13, 0, 0, 1, 0, 3, 1]","[0.0, 0.0, 0.0]","[0.0029868788401285814, 0.003365195465087892, 0.0028605545043945317]","[0.3333333333333333, 0.3333333333333333, 0.3333333333333333]","[2, 0, 2]",True
Uniform-Equal-H,17,4,"[3, 2, -5, 13, 0, 0, 1, 0, 4, 1]","[0.0, 0.0, 0.0]","[0.016064751942952475, 0.026958508809407557, 0.011308914184570315]","[0.3333333333333333, 0.3333333333333333, 0.3333333333333333]","[2, 1, 0]",True
Uniform-Equal-H,17,5,"[2, 2, -5, 13, 0, 0, 1, 1, 5, 1]","[0.0, 0.0, 0.0]","[0.08193458557128908, 0.08153274536132814, 0.06979476928710938]","[0.3333333333333333, 0.3333333333333333, 0.3333333333333333]","[3, 0, 1]",True
Uniform-Equal-H,17,6,"[2, 2, -6, 13, 0, 0, 0, 1, 6, 1]","[0.0, 0.0, 0.0]","[0.1257329305013021, 0.12332967122395833, 0.2641377766927083]","[0.3333333333333333, 0.3333333333333333, 0.3333333333333333]","[0, 1, 2]",True
Uniform-Equal-H,17,7,"[1, 1, -5, 13, 0, 0, 0, 1, 7, 1]","[0.0, 0.0, 0.0]","[0.0, 0.0, 0.0]","[0.1, 0.8, 0.1]","[0, 3, 0]",False
Uniform-Equal-H,18,0,"[3, 2, -3, 12, 0, 0, 1, 0, 0, 1]","[0.0, 0.0, 0.0]","[4.017255500455697e-06, 3.070992143948873e-06, 3.4725162128607436e-06]","[0.3333333333333333, 0.3333333333333333, 0.3333333333333333]","[0, 0, 1]",True
Uniform-Equal-H,18,1,"[2, 2, -3, 13, 0, 0, 1, 0, 1, 1]","[0.0, 0.0, 0.0]","[3.7082553952932367e-06, 5.1130164782206225e-05, 2.6468800862630208e-05]","[0.3333333333333333, 0.3333333333333333, 0.3333333333333333]","[1, 0, 0]",True
Uniform-Equal-H,18,2,"[2, 2, -3, 13, 0, 0, 1, 0, 2, 1]","[0.0, 0.0, 0.0]","[8.226673126220705e-05, 0.0005090763219197592, 8.059216817220053e-05]","[0.3333333333333333, 0.3333333333333333, 0.3333333333333333]","[0, 1, 0]",True
Uniform-Equal-H,18,3,"[2, 2, -3, 13, 0, 0, 1, 0, 3, 1]","[0.0, 0.0, 0.0]","[0.0004405111948649089, 0.0017326843261718753, 0.0014343475341796876]","[0.3333333333333333, 0.3333333333333333, 0.3333333333333333]","[0, 0, 1]",True
Uniform-Equal-H,18,4,"[2, 2, -3, 13, 0, 0, 1, 0, 4, 1]","[0.0, 0.0, 0.0]","[0.0, 0.0, 0.0]","[0.1, 0.8, 0.1]","[0, 1, 0]",False
Uniform-Equal-H,18,5,"[1, 2, -3, 13, 0, 0, 1, 1, 5, 1]","[0.0, 0.0, 0.0]","[0.0013541666666666667, 0.05923908233642578, 0.0834716542561849]","[0.3333333333333333, 0.3333333333333333, 0.3333333333333333]","[1, 0, 1]",True
Uniform-Equal-H,18,6,"[1, 2, -3, 13, 0, 0, 0, 1, 6, 1]","[0.0, 0.0, 0.0]","[0.18314005533854166, 0.18243865966796874, 0.20712114969889325]","[0.3333333333333333, 0.3333333333333333, 0.3333333333333333]","[0, 0, 1]",True
Uniform-Equal-H,18,7,"[1, 1, -3, 13, 0, 0, 0, 1, 7, 1]","[0.0, 0.0, 0.0]","[0.0, 0.0, 0.0]","[0.1, 0.8, 0.1]","[1, 0, 0]",False
Uniform-Equal-H,19,0,"[2, 2, -1, 13, 0, 0, 1, 0, 1, 0]","[0.0, 0.0, 0.0]","[0.0010373261737823488, 0.0006026216113567355, 0.0004551374085247518]","[0.3333333333333333, 0.3333333333333333, 0.3333333333333333]","[0, 1, 0]",True
Uniform-Equal-H,19,1,"[2, 2, -1, 13, 0, 0, 1, 0, 2, 0]","[0.0, 0.0, 0.0]","[0.005961273078123731, 0.004108466847737632, 0.0007530809700489046]","[0.3333333333333333, 0.3333333333333333, 0.3333333333333333]","[1, 0, 0]",True
Uniform-Equal-H,19,2,"[1, 2, -1, 13, 0, 0, 1, 0, 3, 0]","[0.0, 0.0, 0.0]","[0.014378184000651044, 0.026436135927836103, 0.015819248194495837]","[0.3333333333333333, 0.3333333333333333, 0.3333333333333333]","[1, 0, 0]",True
Uniform-Equal-H,19,3,"[1, 2, -2, 13, 0, 0, 1, 0, 4, 0]","[0.0, 0.0, 0.0]","[0.0, 0.0, 0.0]","[0.1, 0.8, 0.1]","[1, 0, 0]",False
Uniform-Equal-H,19,4,"[1, 2, -2, 13, 0, 0, 1, 1, 5, 0]","[0.0, 0.0, 0.0]","[0.0, 0.09941037495930989, 0.14711446762084962]","[0.3333333333333333, 0.3333333333333333, 0.3333333333333333]","[1, 0, 0]",True
Uniform-Equal-H,19,5,"[1, 1, -2, 13, 0, -1, 0, 1, 6, 0]","[0.0, 0.0, 0.0]","[0.0, 0.0, 0.0]","[0.1, 0.8, 0.1]","[0, 1, 0]",False
Uniform-Equal-H,20,0,"[1, 2, 0, 12, 0, 0, 1, 0, 0, 0]","[0.0, 0.0, 0.0]","[3.851690180102984e-05, 9.929830272992452e-06, 5.911509195963544e-09]","[0.3333333333333333, 0.3333333333333333, 0.3333333333333333]","[0, 0, 2]",True
Uniform-Equal-H,20,1,"[1, 2, 1, 13, 0, 0, 1, 0, 1, 0]","[0.0, 0.0, 0.0]","[0.0, 6.042480468750002e-07, 5.068918267885846e-06]","[0.3333333333333333, 0.3333333333333333, 0.3333333333333333]","[1, 1, 0]",True
Uniform-Equal-H,20,2,"[1, 2, 0, 13, 0, 0, 1, 0, 2, 0]","[0.0, 0.0, 0.0]","[0.0003741040547688803, 0.002620569596191248, 0.001492952991059671]","[0.3333333333333333, 0.3333333333333333, 0.3333333333333333]","[2, 0, 1]",True
Uniform-Equal-H,20,3,"[1, 2, 0, 13, 0, 0, 1, 0, 3, 0]","[0.0, 0.0, 0.0]","[0.011285094118677081, 0.010556428584580621, 0.006897487322489422]","[0.3333333333333333, 0.3333333333333333, 0.3333333333333333]","[1, 2, 0]",True
Uniform-Equal-H,20,4,"[1, 2, 0, 13, 0, 0, 1, 0, 4, 0]","[0.0, 0.00015625000000000003, 0.0]","[0.056253888079275685, 0.05097099049016833, 0.04160521189371745]","[0.3333333333333333, 0.3333333333333333, 0.3333333333333333]","[0, 2, 1]",True
Uniform-Equal-H,20,5,"[1, 2, 0, 13, 0, 0, 1, 1, 5, 0]","[0.00625, 0.0, 0.05625]","[0.2696785635392492, 0.1067137859451274, 0.1878327362239361]","[0.3333333333333333, 0.3333333333333333, 0.3333333333333333]","[1, 1, 1]",True
Uniform-Equal-H,20,6,"[1, 1, 0, 13, 0, -1, 0, 1, 6, 0]","[0.0, 0.25, 0.4375]","[0.22786458333333331, 0.45572916666666663, 0.7857216347474605]","[0.3333333333333333, 0.3333333333333333, 0.3333333333333333]","[0, 1, 2]",True
Uniform-Equal-H,21,0,"[1, 2, -3, 13, 0, 0, 1, 0, 4, 0]","[0.00625, 0.0, 0.0]","[0.14199256896972656, 0.362095502614975, 0.0]","[0.3333333333333333, 0.3333333333333333, 0.3333333333333333]","[1, 0, 0]",True
Uniform-Equal-H,21,1,"[1, 2, -3, 13, 0, 0, 1, 1, 5, 0]","[0.0, 0.0, 0.4375]","[0.2999623616536458, 0.6467071533203125, 0.5334649483362833]","[0.3333333333333333, 0.3333333333333333, 0.3333333333333333]","[0, 0, 2]",True
Uniform-Equal-H,22,0,"[2, 2, -5, 13, 0, 0, 1, 0, 3, 1]","[0.0, 0.0, 0.0]","[0.004437115828196209, 0.0039740370313326515, 0.007033654848734539]","[0.3333333333333333, 0.3333333333333333, 0.3333333333333333]","[1, 0, 0]",True
Uniform-Equal-H,22,1,"[2, 2, -6, 13, 0, 0, 1, 0, 4, 1]","[0.0, 0.0, 0.0]","[0.0, 0.0, 0.0]","[0.1, 0.8, 0.1]","[0, 1, 0]",False
Uniform-Equal-H,22,2,"[1, 2, -6, 13, 0, 0, 1, 1, 5, 1]","[0.0, 0.0, 0.0]","[0.0, 0.0, 0.0]","[0.1, 0.8, 0.1]","[0, 1, 0]",False
Uniform-Equal-H,22,3,"[1, 2, -6, 13, 0, 0, 0, 1, 6, 1]","[0.0, 0.25, 0.0]","[0.22786458333333331, 0.22786458333333331, 0.45572916666666663]","[0.3333333333333333, 0.3333333333333333, 0.3333333333333333]","[0, 1, 0]",True
Uniform-Equal-H,23,0,"[1, 0, -5, 12, 0, 0, 0, 3, 0, 4]","[0.25, 0.0, 0.0]","[0.8998870849609375, 0.68359375, 0.68359375]","[0.3333333333333333, 0.3333333333333333, 0.3333333333333333]","[1, 0, 0]",True
Uniform-Equal-H,24,0,"[2, 2, -1, 13, 0, 0, 1, 0, 1, 0]","[0.0, 0.0, 0.0]","[0.0010373261737823488, 0.0006026216113567355, 0.0004551374085247518]","[0.3333333333333333, 0.3333333333333333, 0.3333333333333333]","[0, 1, 1]",True
Uniform-Equal-H,24,1,"[2, 2, -1, 13, 0, 0, 1, 0, 2, 0]","[0.0, 0.0, 0.0]","[0.005961273078123731, 0.004108466847737632, 0.0007530809700489046]","[0.3333333333333333, 0.3333333333333333, 0.3333333333333333]","[1, 0, 1]",True
Uniform-Equal-H,24,2,"[1, 2, -1, 13, 0, 0, 1, 0, 3, 0]","[0.0, 0.0, 0.0]","[0.014378184000651044, 0.026436135927836103, 0.015819248194495837]","[0.3333333333333333, 0.3333333333333333, 0.3333333333333333]","[1, 1, 0]",True
Uniform-Equal-H,24,3,"[1, 2, -1, 13, 0, 0, 1, 0, 4, 0]","[0.0, 0.0, 0.0]","[0.007176472345987957, 0.12447589576244356, 0.07156884014606475]","[0.3333333333333333, 0.3333333333333333, 0.3333333333333333]","[1, 0, 0]",True
Uniform-Equal-H,24,4,"[1, 2, -1, 13, 0, 0, 1, 1, 5, 0]","[0.0, 0.0, 0.0]","[0.3137253363927205, 0.2706277628739675, 0.1730198323726654]","[0.3333333333333333, 0.3333333333333333, 0.3333333333333333]","[1, 1, 0]",True
Uniform-Equal-H,24,5,"[1, 1, -2, 13, 0, -1, 0, 1, 6, 0]","[0.0, 0.0, 0.0]","[0.0, 0.0, 0.0]","[0.1, 0.8, 0.1]","[0, 2, 0]",False
Uniform-Equal-H,25,0,"[1, 2, 0, 13, 0, 0, 1, 0, 3, 0]","[3.125000000000001e-05, 0.0, 0.0]","[0.011285094118677081, 0.010556428584580621, 0.006897487322489422]","[0.3333333333333333, 0.3333333333333333, 0.3333333333333333]","[2, 2, 0]",True
Uniform-Equal-H,25,1,"[1, 2, 0, 13, 0, 0, 1, 0, 4, 0]","[0.0015625, 0.00015625000000000003, 0.0]","[0.056253888079275685, 0.05097099049016833, 0.04160521189371745]","[0.3333333333333333, 0.3333333333333333, 0.3333333333333333]","[1, 2, 1]",True
Uniform-Equal-H,25,2,"[1, 2, 0, 13, 0, 0, 1, 1, 5, 0]","[0.00625, 0.060937500000000006, 0.05625]","[0.2696785635392492, 0.1067137859451274, 0.1878327362239361]","[0.3333333333333333, 0.3333333333333333, 0.3333333333333333]","[1, 2, 1]",True
Uniform-Equal-H,25,3,"[1, 1, 0, 13, 0, -1, 0, 1, 6, 0]","[0.25, 0.25, 0.4375]","[0.22786458333333331, 0.45572916666666663, 0.7857216347474605]","[0.3333333333333333, 0.3333333333333333, 0.3333333333333333]","[1, 1, 2]",True
Uniform-Equal-H,26,0,"[2, 2, -3, 13, 0, 0, 1, 1, 5, 0]","[0.0, 0.0, 0.0]","[0.074641845703125, 0.01175419662396113, 0.03693864949544271]","[0.3333333333333333, 0.3333333333333333, 0.3333333333333333]","[1, 0, 0]",True
Uniform-Equal-H,26,1,"[2, 1, -4, 13, 0, -1, 0, 1, 6, 0]","[0.0, 0.0, 0.0]","[0.0, 0.0, 0.0]","[0.1, 0.8, 0.1]","[1, 1, 0]",False
Uniform-Equal-H,26,2,"[1, 0, -4, 13, 0, -1, 0, 1, 7, 0]","[0.0, 0.0, 0.0]","[0.0, 0.0, 0.0]","[0.1, 0.8, 0.1]","[1, 1, 0]",False
Uniform-Equal-H,27,0,"[1, 2, 0, 13, 0, 0, 0, 1, 6, 1]","[0.0, 0.0, 0.0]","[0.007434082031250001, 0.06293023129304251, 0.03867482503255209]","[0.3333333333333333, 0.3333333333333333, 0.3333333333333333]","[1, 0, 0]",True
Uniform-Equal-H,27,1,"[1, 1, 0, 13, 0, 0, 0, 1, 7, 1]","[0.0, 0.0, 0.0]","[0.0, 0.0, 0.0]","[0.1, 0.8, 0.1]","[0, 0, 1]",False
Uniform-Equal-H,27,2,"[1, 1, 0, 13, 0, 0, 0, 1, 8, 1]","[0.0, 0.0, 0.0]","[0.0, 0.0, 0.0]","[0.1, 0.8, 0.1]","[0, 1, 0]",False
Uniform-Equal-H,28,0,"[1, 2, 0, 13, 0, 0, 1, 0, 4, 0]","[0.0015625, 0.00015625000000000003, 0.013750000000000002]","[0.056253888079275685, 0.05097099049016833, 0.04160521189371745]","[0.3333333333333333, 0.3333333333333333, 0.3333333333333333]","[1, 2, 2]",True
Uniform-Equal-H,28,1,"[1, 2, 0, 13, 0, 0, 1, 1, 5, 0]","[0.00625, 0.112890625, 0.05625]","[0.2696785635392492, 0.1067137859451274, 0.1878327362239361]","[0.3333333333333333, 0.3333333333333333, 0.3333333333333333]","[1, 3, 1]",True
Uniform-Equal-H,28,2,"[1, 1, 0, 13, 0, -1, 0, 1, 6, 0]","[0.25, 0.25, 0.578125]","[0.22786458333333331, 0.45572916666666663, 0.7857216347474605]","[0.3333333333333333, 0.3333333333333333, 0.3333333333333333]","[1, 1, 3]",True
Uniform-Equal-H,29,0,"[1, 2, 0, 13, 0, 0, 1, 0, 2, 0]","[0.0, 0.0, 7.812500000000002e-07]","[0.0003741040547688803, 0.002620569596191248, 0.001492952991059671]","[0.3333333333333333, 0.3333333333333333, 0.3333333333333333]","[2, 0, 2]",True
Uniform-Equal-H,29,1,"[1, 2, 0, 13, 0, 0, 1, 0, 3, 0]","[3.125000000000001e-05, 0.0004140625000000001, 0.0]","[0.011285094118677081, 0.010556428584580621, 0.006897487322489422]","[0.3333333333333333, 0.3333333333333333, 0.3333333333333333]","[2, 3, 0]",True
Uniform-Equal-H,29,2,"[1, 2, 0, 13, 0, 0, 1, 0, 4, 0]","[0.025312500000000005, 0.00015625000000000003, 0.013750000000000002]","[0.056253888079275685, 0.05097099049016833, 0.04160521189371745]","[0.3333333333333333, 0.3333333333333333, 0.3333333333333333]","[2, 2, 2]",True
Uniform-Equal-H,29,3,"[1, 2, 0, 13, 0, 0, 1, 1, 5, 0]","[0.00625, 0.15537109375, 0.05625]","[0.2696785635392492, 0.1067137859451274, 0.1878327362239361]","[0.3333333333333333, 0.3333333333333333, 0.3333333333333333]","[1, 4, 1]",True
Uniform-Equal-H,29,4,"[1, 1, 0, 13, 0, -1, 0, 1, 6, 0]","[0.4375, 0.25, 0.578125]","[0.22786458333333331, 0.45572916666666663, 0.7857216347474605]","[0.3333333333333333, 0.3333333333333333, 0.3333333333333333]","[2, 1, 3]",True
Uniform-Equal-H,30,0,"[2, 2, -1, 13, 0, 0, 1, 0, 1, 1]","[0.0, 0.0, 0.0]","[7.325633943080904e-06, 6.325129717588426e-06, 6.948955535888674e-06]","[0.3333333333333333, 0.3333333333333333, 0.3333333333333333]","[0, 1, 1]",True
Uniform-Equal-H,30,1,"[2, 2, -1, 13, 0, 0, 1, 0, 2, 1]","[0.0, 0.0, 0.0]","[6.850380651156109e-05, 5.439352385203045e-05, 0.00017342869672179223]","[0.3333333333333333, 0.3333333333333333, 0.3333333333333333]","[1, 0, 1]",True
Uniform-Equal-H,30,2,"[1, 2, -1, 13, 0, 0, 1, 0, 3, 1]","[0.0, 0.0, 0.0]","[0.0006245385312537352, 0.0007631998538970948, 0.0006635530261198681]","[0.3333333333333333, 0.3333333333333333, 0.3333333333333333]","[0, 0, 2]",True
Uniform-Equal-H,30,3,"[1, 2, -1, 13, 0, 0, 1, 0, 4, 1]","[0.0, 0.0, 0.0]","[0.004510278922319413, 0.004617092256744703, 0.0037672321319580085]","[0.3333333333333333, 0.3333333333333333, 0.3333333333333333]","[0, 1, 1]",True
Uniform-Equal-H,30,4,"[1, 2, -1, 13, 0, 0, 1, 1, 5, 1]","[0.0, 0.0, 0.0]","[0.09154350546995799, 0.009616359047591687, 0.041997705856959035]","[0.3333333333333333, 0.3333333333333333, 0.3333333333333333]","[1, 0, 1]",True
Uniform-Equal-H,30,5,"[1, 2, -1, 13, 0, 0, 0, 1, 6, 1]","[0.0, 0.0, 0.0]","[0.08536834716796876, 0.11290701794903726, 0.18885024021069208]","[0.3333333333333333, 0.3333333333333333, 0.3333333333333333]","[0, 1, 1]",True
Uniform-Equal-H,30,6,"[1, 1, -1, 13, 0, 0, 0, 1, 7, 1]","[0.0, 0.0, 0.0]","[0.0, 0.0, 0.0]","[0.1, 0.8, 0.1]","[0, 1, 1]",False
Uniform-Equal-H,30,7,"[1, 1, -1, 13, 0, 0, 0, 1, 8, 1]","[0.0, 0.0, 0.0]","[0.0, 0.0, 0.0]","[0.1, 0.8, 0.1]","[0, 1, 0]",False
Uniform-Equal-H,31,0,"[2, 2, -1, 13, 0, 0, 1, 0, 1, 0]","[0.0, 0.0, 0.0]","[0.0010373261737823488, 0.0006026216113567355, 0.0004551374085247518]","[0.3333333333333333, 0.3333333333333333, 0.3333333333333333]","[0, 1, 2]",True
Uniform-Equal-H,31,1,"[2, 2, -1, 13, 0, 0, 1, 0, 2, 0]","[0.0, 0.0, 0.0]","[0.005961273078123731, 0.004108466847737632, 0.0007530809700489046]","[0.3333333333333333, 0.3333333333333333, 0.3333333333333333]","[1, 1, 1]",True
Uniform-Equal-H,31,2,"[1, 2, -1, 13, 0, 0, 1, 0, 3, 0]","[0.0, 0.0, 0.0]","[0.014378184000651044, 0.026436135927836103, 0.015819248194495837]","[0.3333333333333333, 0.3333333333333333, 0.3333333333333333]","[1, 1, 1]",True
Uniform-Equal-H,31,3,"[1, 2, -1, 13, 0, 0, 1, 0, 4, 0]","[0.0, 0.0, 0.0]","[0.007176472345987957, 0.12447589576244356, 0.07156884014606475]","[0.3333333333333333, 0.3333333333333333, 0.3333333333333333]","[2, 0, 0]",True
Uniform-Equal-H,31,4,"[1, 2, -1, 13, 0, 0, 1, 1, 5, 0]","[0.0, 0.0, 0.0]","[0.3137253363927205, 0.2706277628739675, 0.1730198323726654]","[0.3333333333333333, 0.3333333333333333, 0.3333333333333333]","[2, 1, 0]",True
Uniform-Equal-H,31,5,"[1, 1, -2, 13, 0, -1, 0, 1, 6, 0]","[0.0, 0.0, 0.0]","[0.0, 0.0, 0.0]","[0.1, 0.8, 0.1]","[0, 3, 0]",False
Uniform-Equal-H,32,0,"[4, 2, -5, 13, 0, 0, 1, 0, 2, 0]","[0.0, 0.0, 0.0]","[0.005281782984733583, 0.0019117528279622403, 0.006188455041249595]","[0.3333333333333333, 0.3333333333333333, 0.3333333333333333]","[0, 0, 1]",True
Uniform-Equal-H,32,1,"[3, 2, -5, 13, 0, 0, 1, 0, 3, 0]","[0.0, 0.0, 0.0]","[0.02212354691823324, 0.018263957977294926, 0.01579932022094727]","[0.3333333333333333, 0.3333333333333333, 0.3333333333333333]","[0, 0, 1]",True
Uniform-Equal-H,32,2,"[3, 2, -5, 13, 0, 0, 1, 0, 4, 0]","[0.0, 0.0, 0.0]","[0.011434936523437501, 0.09419531504313153, 0.04526504913965861]","[0.3333333333333333, 0.3333333333333333, 0.3333333333333333]","[1, 0, 0]",True
Uniform-Equal-H,32,3,"[2, 2, -5, 13, 0, 0, 1, 1, 5, 0]","[0.0, 0.0, 0.0]","[0.15554707845052085, 0.18266936143239337, 0.12005149523417155]","[0.3333333333333333, 0.3333333333333333, 0.3333333333333333]","[0, 1, 0]",True
Uniform-Equal-H,32,4,"[2, 1, -5, 13, 0, -1, 0, 1, 6, 0]","[0.0, 0.25, 0.0]","[0.5506391326586405, 0.45572916666666663, 0.7556915283203125]","[0.3333333333333333, 0.3333333333333333, 0.3333333333333333]","[0, 1, 0]",True
Uniform-Equal-H,33,0,"[1, 0, -3, 12, 0, 0, 0, 3, 0, 4]","[0.25, 0.0, 0.25]","[0.8998870849609375, 0.68359375, 0.68359375]","[0.3333333333333333, 0.3333333333333333, 0.3333333333333333]","[1, 0, 1]",True
Uniform-Equal-H,34,0,"[1, 0, -1, 12, 0, 0, 0, 2, 0, 2]","[0.0, 0.0, 0.25]","[0.8998870849609375, 0.68359375, 0.68359375]","[0.3333333333333333, 0.3333333333333333, 0.3333333333333333]","[0, 0, 1]",True
Uniform-Equal-H,35,0,"[2, 2, -3, 13, 0, 0, 1, 1, 5, 1]","[0.0, 0.0, 0.0]","[0.012198804728190106, 0.01293824666341146, 0.015512173906962079]","[0.3333333333333333, 0.3333333333333333, 0.3333333333333333]","[2, 0, 1]",True
Uniform-Equal-H,35,1,"[2, 2, -4, 13, 0, 0, 0, 1, 6, 1]","[0.0, 0.0, 0.0]","[0.0, 0.0, 0.0]","[0.1, 0.8, 0.1]","[0, 2, 1]",False
Uniform-Equal-H,35,2,"[2, 1, -3, 13, 0, 0, 0, 1, 7, 1]","[0.0, 0.0, 0.0]","[0.0, 0.0, 0.0]","[0.1, 0.8, 0.1]","[1, 0, 1]",False
Uniform-Equal-H,35,3,"[1, 1, -3, 13, 0, 0, 0, 1, 8, 1]","[0.0, 0.0, 0.0]","[0.0, 0.0, 0.0]","[0.1, 0.8, 0.1]","[0, 0, 1]",False
Uniform-Equal-H,36,0,"[2, 2, -1, 13, 0, 0, 1, 0, 1, 0]","[0.0, 0.0, 0.0]","[0.0010373261737823488, 0.0006026216113567355, 0.0004551374085247518]","[0.3333333333333333, 0.3333333333333333, 0.3333333333333333]","[1, 1, 2]",True
Uniform-Equal-H,36,1,"[2, 2, -1, 13, 0, 0, 1, 0, 2, 0]","[0.0, 0.0, 0.0]","[0.005961273078123731, 0.004108466847737632, 0.0007530809700489046]","[0.3333333333333333, 0.3333333333333333, 0.3333333333333333]","[1, 1, 2]",True
Uniform-Equal-H,36,2,"[1, 2, -1, 13, 0, 0, 1, 0, 3, 0]","[0.0, 0.0, 0.0]","[0.014378184000651044, 0.026436135927836103, 0.015819248194495837]","[0.3333333333333333, 0.3333333333333333, 0.3333333333333333]","[1, 2, 1]",True
Uniform-Equal-H,36,3,"[1, 2, -1, 13, 0, 0, 1, 0, 4, 0]","[0.0, 0.0, 0.0]","[0.007176472345987957, 0.12447589576244356, 0.07156884014606475]","[0.3333333333333333, 0.3333333333333333, 0.3333333333333333]","[3, 0, 0]",True
Uniform-Equal-H,36,4,"[1, 2, -1, 13, 0, 0, 1, 1, 5, 0]","[0.0, 0.0, 0.0]","[0.3137253363927205, 0.2706277628739675, 0.1730198323726654]","[0.3333333333333333, 0.3333333333333333, 0.3333333333333333]","[3, 1, 0]",True
Uniform-Equal-H,36,5,"[1, 1, -2, 13, 0, -1, 0, 1, 6, 0]","[0.0, 0.0, 0.0]","[0.0, 0.0, 0.0]","[0.1, 0.8, 0.1]","[0, 4, 0]",False
Uniform-Equal-H,37,0,"[2, 2, -3, 13, 0, 0, 1, 1, 5, 1]","[0.0, 0.0, 0.0]","[0.012198804728190106, 0.01293824666341146, 0.015512173906962079]","[0.3333333333333333, 0.3333333333333333, 0.3333333333333333]","[3, 0, 1]",True
Uniform-Equal-H,37,1,"[2, 2, -3, 13, 0, 0, 0, 1, 6, 1]","[0.0, 0.0, 0.0]","[0.10008304341634115, 0.051814900716145834, 0.07675987497965497]","[0.3333333333333333, 0.3333333333333333, 0.3333333333333333]","[1, 1, 0]",True
Uniform-Equal-H,37,2,"[2, 1, -3, 13, 0, 0, 0, 1, 7, 1]","[0.0, 0.0, 0.0]","[0.0, 0.0, 0.0]","[0.1, 0.8, 0.1]","[1, 1, 1]",False
Uniform-Equal-H,37,3,"[1, 1, -3, 13, 0, 0, 0, 1, 8, 1]","[0.0, 0.0, 0.0]","[0.0, 0.0, 0.0]","[0.1, 0.8, 0.1]","[0, 1, 1]",False
Uniform-Equal-H,38,0,"[1, 2, -3, 13, 0, 0, 1, 1, 5, 0]","[0.25, 0.0, 0.4375]","[0.2999623616536458, 0.6467071533203125, 0.5334649483362833]","[0.3333333333333333, 0.3333333333333333, 0.3333333333333333]","[1, 0, 2]",True
Uniform-Equal-H,39,0,"[4, 2, -5, 12, 0, 0, 1, 0, 0, 1]","[0.0, 0.0, 0.0]","[4.412578503290814e-05, 1.8684027671813977e-05, 2.4858380476633718e-05]","[0.3333333333333333, 0.3333333333333333, 0.3333333333333333]","[0, 1, 0]",True
Uniform-Equal-H,39,1,"[3, 2, -5, 13, 0, 0, 1, 0, 1, 1]","[0.0, 0.0, 0.0]","[0.00020411129633585617, 0.0002408464471499126, 0.00013137098232905074]","[0.3333333333333333, 0.3333333333333333, 0.3333333333333333]","[0, 1, 0]",True
Uniform-Equal-H,39,2,"[3, 2, -5, 13, 0, 0, 1, 0, 2, 1]","[0.0, 0.0, 0.0]","[0.0007631924668947856, 0.001303815829753876, 0.0005578533172607423]","[0.3333333333333333, 0.3333333333333333, 0.3333333333333333]","[0, 0, 1]",True
Uniform-Equal-H,39,3,"[2, 2, -5, 13, 0, 0, 1, 0, 3, 1]","[0.0, 0.0, 0.0]","[0.004437115828196209, 0.0039740370313326515, 0.007033654848734539]","[0.3333333333333333, 0.3333333333333333, 0.3333333333333333]","[1, 1, 0]",True
Uniform-Equal-H,39,4,"[2, 2, -5, 13, 0, 0, 1, 0, 4, 1]","[0.0, 0.0, 0.0]","[0.053954682946205146, 0.014227854410807293, 0.01521153767903646]","[0.3333333333333333, 0.3333333333333333, 0.3333333333333333]","[0, 1, 0]",True
Uniform-Equal-H,39,5,"[1, 2, -5, 13, 0, 0, 1, 1, 5, 1]","[0.0, 0.0, 0.00625]","[0.24901987711588544, 0.025413004557291667, 0.14171142578125]","[0.3333333333333333, 0.3333333333333333, 0.3333333333333333]","[1, 0, 1]",True
Uniform-Equal-H,39,6,"[1, 2, -5, 13, 0, 0, 0, 1, 6, 1]","[0.4375, 0.0, 0.0]","[0.5999247233072916, 0.22786458333333331, 0.45572916666666663]","[0.3333333333333333, 0.3333333333333333, 0.3333333333333333]","[2, 0, 0]",True
Uniform-Equal-H,40,0,"[1, 2, 0, 12, 0, 0, 1, 0, 0, 0]","[0.0, 0.0, 0.0]","[3.851690180102984e-05, 9.929830272992452e-06, 5.911509195963544e-09]","[0.3333333333333333, 0.3333333333333333, 0.3333333333333333]","[0, 1, 2]",True
Uniform-Equal-H,40,1,"[1, 2, 0, 13, 0, 0, 1, 0, 1, 0]","[0.0, 1.9531250000000008e-08, 0.0]","[0.00029375830650329597, 0.00016081453556815787, 0.00012592634886503224]","[0.3333333333333333, 0.3333333333333333, 0.3333333333333333]","[0, 1, 0]",True
Uniform-Equal-H,40,2,"[1, 2, 0, 13, 0, 0, 1, 0, 2, 0]","[0.0, 0.0, 8.417968750000001e-05]","[0.0003741040547688803, 0.002620569596191248, 0.001492952991059671]","[0.3333333333333333, 0.3333333333333333, 0.3333333333333333]","[2, 0, 3]",True
Uniform-Equal-H,40,3,"[1, 2, 0, 13, 0, 0, 1, 0, 3, 0]","[0.0010312500000000003, 0.0004140625000000001, 0.0]","[0.011285094118677081, 0.010556428584580621, 0.006897487322489422]","[0.3333333333333333, 0.3333333333333333, 0.3333333333333333]","[3, 3, 0]",True
Uniform-Equal-H,40,4,"[1, 2, 0, 13, 0, 0, 1, 0, 4, 0]","[0.025312500000000005, 0.03275390625, 0.013750000000000002]","[0.056253888079275685, 0.05097099049016833, 0.04160521189371745]","[0.3333333333333333, 0.3333333333333333, 0.3333333333333333]","[2, 3, 2]",True
Uniform-Equal-H,40,5,"[1, 2, 0, 13, 0, 0, 1, 1, 5, 0]","[0.00625, 0.15537109375, 0.117578125]","[0.2696785635392492, 0.1067137859451274, 0.1878327362239361]","[0.3333333333333333, 0.3333333333333333, 0.3333333333333333]","[1, 4, 2]",True
Uniform-Equal-H,40,6,"[1, 1, 0, 13, 0, -1, 0, 1, 6, 0]","[0.578125, 0.25, 0.578125]","[0.22786458333333331, 0.45572916666666663, 0.7857216347474605]","[0.3333333333333333, 0.3333333333333333, 0.3333333333333333]","[3, 1, 3]",True
Uniform-Equal-H,41,0,"[2, 2, -1, 13, 0, 0, 1, 0, 2, 1]","[0.0, 0.0, 0.0]","[6.850380651156109e-05, 5.439352385203045e-05, 0.00017342869672179223]","[0.3333333333333333, 0.3333333333333333, 0.3333333333333333]","[1, 1, 1]",True
Uniform-Equal-H,41,1,"[1, 2, -1, 13, 0, 0, 1, 0, 3, 1]","[0.0, 0.0, 0.0]","[0.0006245385312537352, 0.0007631998538970948, 0.0006635530261198681]","[0.3333333333333333, 0.3333333333333333, 0.3333333333333333]","[0, 1, 2]",True
Uniform-Equal-H,41,2,"[1, 2, -1, 13, 0, 0, 1, 0, 4, 1]","[0.0, 0.0, 0.0]","[0.004510278922319413, 0.004617092256744703, 0.0037672321319580085]","[0.3333333333333333, 0.3333333333333333, 0.3333333333333333]","[1, 1, 1]",True
Uniform-Equal-H,41,3,"[1, 2, -1, 13, 0, 0, 1, 1, 5, 1]","[0.0, 0.0, 0.0]","[0.09154350546995799, 0.009616359047591687, 0.041997705856959035]","[0.3333333333333333, 0.3333333333333333, 0.3333333333333333]","[1, 0, 2]",True
Uniform-Equal-H,41,4,"[1, 2, -1, 13, 0, 0, 0, 1, 6, 1]","[0.0, 0.0, 0.0]","[0.08536834716796876, 0.11290701794903726, 0.18885024021069208]","[0.3333333333333333, 0.3333333333333333, 0.3333333333333333]","[0, 2, 1]",True
Uniform-Equal-H,41,5,"[1, 1, -1, 13, 0, 0, 0, 1, 7, 1]","[0.0, 0.0, 0.0]","[0.0, 0.0, 0.0]","[0.1, 0.8, 0.1]","[1, 1, 1]",False
Uniform-Equal-H,42,0,"[2, 2, -5, 13, 0, 0, 1, 0, 4, 0]","[0.0, 0.0, 0.05]","[0.26525135189294813, 0.11598968505859376, 0.3754155476888021]","[0.3333333333333333, 0.3333333333333333, 0.3333333333333333]","[0, 1, 1]",True
Uniform-Equal-H,42,1,"[1, 2, -5, 13, 0, 0, 1, 1, 5, 0]","[0.0, 0.25, 0.25]","[0.5278269449869791, 0.5278269449869791, 0.827789306640625]","[0.3333333333333333, 0.3333333333333333, 0.3333333333333333]","[0, 1, 1]",True
Uniform-Equal-H,43,0,"[4, 0, -5, 12, 0, 0, 0, 2, 0, 2]","[0.0, 0.0, 0.0]","[1.724960433443388e-07, 1.7172495524088546e-08, 1.2527287801106775e-07]","[0.3333333333333333, 0.3333333333333333, 0.3333333333333333]","[1, 0, 0]",True
Uniform-Equal-H,43,1,"[4, 0, -5, 13, 0, 0, 0, 2, 1, 2]","[0.0, 0.0, 0.0]","[0.0, 0.0, 0.0]","[0.1, 0.8, 0.1]","[0, 1, 0]",False
Uniform-Equal-H,43,2,"[3, 0, -5, 13, 0, 0, 0, 2, 2, 2]","[0.0, 0.0, 0.0]","[0.0, 0.0, 0.0]","[0.1, 0.8, 0.1]","[0, 1, 0]",False
Uniform-Equal-H,43,3,"[3, 0, -5, 13, 0, 0, 0, 2, 3, 2]","[0.0, 0.0, 0.0]","[0.0, 0.0, 0.0]","[0.1, 0.8, 0.1]","[0, 0, 1]",False
Uniform-Equal-H,43,4,"[2, 0, -5, 13, 0, 0, 0, 2, 4, 2]","[0.0, 0.0, 0.0]","[0.0, 0.0, 0.0]","[0.1, 0.8, 0.1]","[0, 1, 0]",False
Uniform-Equal-H,43,5,"[2, 0, -4, 12, 0, 0, 0, 2, 5, 2]","[0.0, 0.0, 0.0]","[0.0, 0.0, 0.0]","[0.1, 0.8, 0.1]","[0, 1, 0]",False
Uniform-Equal-H,43,6,"[1, 0, -5, 12, 0, 0, 0, 2, 6, 2]","[0.0, 0.0, 0.0]","[0.0, 0.0, 0.0]","[0.1, 0.8, 0.1]","[0, 1, 0]",False
Uniform-Equal-H,44,0,"[3, 2, -5, 13, 0, 0, 1, 0, 4, 0]","[0.0, 0.0, 0.0]","[0.011434936523437501, 0.09419531504313153, 0.04526504913965861]","[0.3333333333333333, 0.3333333333333333, 0.3333333333333333]","[1, 1, 0]",True
Uniform-Equal-H,44,1,"[2, 2, -5, 13, 0, 0, 1, 1, 5, 0]","[0.0, 0.05, 0.0]","[0.15554707845052085, 0.18266936143239337, 0.12005149523417155]","[0.3333333333333333, 0.3333333333333333, 0.3333333333333333]","[0, 2, 0]",True
Uniform-Equal-H,44,2,"[2, 1, -5, 13, 0, -1, 0, 1, 6, 0]","[0.0, 0.4375, 0.0]","[0.5506391326586405, 0.45572916666666663, 0.7556915283203125]","[0.3333333333333333, 0.3333333333333333, 0.3333333333333333]","[0, 2, 0]",True
Uniform-Equal-H,45,0,"[1, 2, -1, 13, 0, 0, 1, 0, 3, 1]","[0.0, 0.0, 0.0]","[0.0006245385312537352, 0.0007631998538970948, 0.0006635530261198681]","[0.3333333333333333, 0.3333333333333333, 0.3333333333333333]","[0, 2, 2]",True
Uniform-Equal-H,45,1,"[1, 2, -1, 13, 0, 0, 1, 0, 4, 1]","[0.0, 0.0, 0.0]","[0.004510278922319413, 0.004617092256744703, 0.0037672321319580085]","[0.3333333333333333, 0.3333333333333333, 0.3333333333333333]","[2, 1, 1]",True
Uniform-Equal-H,45,2,"[1, 2, -1, 13, 0, 0, 1, 1, 5, 1]","[0.0, 0.0, 0.0]","[0.09154350546995799, 0.009616359047591687, 0.041997705856959035]","[0.3333333333333333, 0.3333333333333333, 0.3333333333333333]","[1, 0, 3]",True
Uniform-Equal-H,45,3,"[1, 2, -1, 13, 0, 0, 0, 1, 6, 1]","[0.0, 0.0, 0.0]","[0.08536834716796876, 0.11290701794903726, 0.18885024021069208]","[0.3333333333333333, 0.3333333333333333, 0.3333333333333333]","[1, 2, 1]",True
Uniform-Equal-H,45,4,"[1, 1, -2, 13, 0, 0, 0, 1, 7, 1]","[0.0, 0.0, 0.0]","[0.0, 0.0, 0.0]","[0.1, 0.8, 0.1]","[0, 0, 1]",False
Uniform-Equal-H,46,0,"[2, 2, -1, 13, 0, 0, 1, 0, 2, 1]","[0.0, 0.0, 0.0]","[6.850380651156109e-05, 5.439352385203045e-05, 0.00017342869672179223]","[0.3333333333333333, 0.3333333333333333, 0.3333333333333333]","[1, 1, 2]",True
Uniform-Equal-H,46,1,"[1, 2, -1, 13, 0, 0, 1, 0, 3, 1]","[0.0, 0.0, 0.0]","[0.0006245385312537352, 0.0007631998538970948, 0.0006635530261198681]","[0.3333333333333333, 0.3333333333333333, 0.3333333333333333]","[1, 2, 2]",True
Uniform-Equal-H,46,2,"[1, 2, -1, 13, 0, 0, 1, 0, 4, 1]","[0.0, 0.0, 0.0]","[0.004510278922319413, 0.004617092256744703, 0.0037672321319580085]","[0.3333333333333333, 0.3333333333333333, 0.3333333333333333]","[2, 2, 1]",True
Uniform-Equal-H,46,3,"[1, 2, -1, 13, 0, 0, 1, 1, 5, 1]","[0.0, 0.0, 0.0]","[0.09154350546995799, 0.009616359047591687, 0.041997705856959035]","[0.3333333333333333, 0.3333333333333333, 0.3333333333333333]","[1, 1, 3]",True
Uniform-Equal-H,46,4,"[1, 2, -1, 13, 0, 0, 0, 1, 6, 1]","[0.0, 0.0, 0.0]","[0.08536834716796876, 0.11290701794903726, 0.18885024021069208]","[0.3333333333333333, 0.3333333333333333, 0.3333333333333333]","[1, 3, 1]",True
Uniform-Equal-H,46,5,"[1, 1, -1, 13, 0, 0, 0, 1, 7, 1]","[0.0, 0.0, 0.0]","[0.0, 0.0, 0.0]","[0.1, 0.8, 0.1]","[1, 1, 2]",False
Uniform-Equal-H,47,0,"[1, 2, -3, 13, 0, 0, 0, 1, 6, 1]","[0.0, 0.0, 0.0]","[0.18314005533854166, 0.18243865966796874, 0.20712114969889325]","[0.3333333333333333, 0.3333333333333333, 0.3333333333333333]","[0, 1, 1]",True
Uniform-Equal-H,47,1,"[1, 1, -3, 13, 0, 0, 0, 1, 7, 1]","[0.0, 0.0, 0.0]","[0.0, 0.0, 0.0]","[0.1, 0.8, 0.1]","[1, 1, 0]",False
Uniform-Equal-H,48,0,"[5, 2, -5, 12, 0, 0, 1, 0, 0, 0]","[0.0, 0.0, 0.0]","[2.5077726523081466e-05, 1.0262922604878748e-05, 3.6560579935709637e-06]","[0.3333333333333333, 0.3333333333333333, 0.3333333333333333]","[1, 0, 0]",True
Uniform-Equal-H,48,1,"[4, 2, -5, 13, 0, 0, 1, 0, 1, 0]","[0.0, 0.0, 0.0]","[0.0006094365612665814, 1.30187733968099e-05, 0.0006594224691390992]","[0.3333333333333333, 0.3333333333333333, 0.3333333333333333]","[1, 0, 0]",True
Uniform-Equal-H,48,2,"[4, 2, -5, 13, 0, 0, 1, 0, 2, 0]","[0.0, 0.0, 0.0]","[0.005281782984733583, 0.0019117528279622403, 0.006188455041249595]","[0.3333333333333333, 0.3333333333333333, 0.3333333333333333]","[0, 1, 1]",True
Uniform-Equal-H,48,3,"[3, 2, -5, 13, 0, 0, 1, 0, 3, 0]","[0.0, 0.0, 0.0]","[0.02212354691823324, 0.018263957977294926, 0.01579932022094727]","[0.3333333333333333, 0.3333333333333333, 0.3333333333333333]","[0, 1, 1]",True
Uniform-Equal-H,48,4,"[3, 2, -5, 13, 0, 0, 1, 0, 4, 0]","[0.0, 0.0, 0.0]","[0.011434936523437501, 0.09419531504313153, 0.04526504913965861]","[0.3333333333333333, 0.3333333333333333, 0.3333333333333333]","[2, 1, 0]",True
Uniform-Equal-H,48,5,"[2, 2, -6, 13, 0, 0, 1, 1, 5, 0]","[0.0, 0.0, 0.0]","[0.0, 0.0, 0.0]","[0.1, 0.8, 0.1]","[0, 1, 0]",False
Uniform-Equal-H,48,6,"[2, 1, -6, 13, 0, -1, 0, 1, 6, 0]","[0.0, 0.0, 0.0]","[0.0, 0.0, 0.0]","[0.1, 0.8, 0.1]","[0, 1, 0]",False
Uniform-Equal-H,49,0,"[5, 2, -5, 12, 0, 0, 1, 0, 0, 1]","[0.0, 0.0, 0.0]","[1.505384699503581e-06, 2.6483395894368495e-07, 1.5833282470703128e-08]","[0.3333333333333333, 0.3333333333333333, 0.3333333333333333]","[1, 1, 0]",True
Uniform-Equal-H,49,1,"[4, 2, -5, 13, 0, 0, 1, 0, 1, 1]","[0.0, 0.0, 0.0]","[2.622000217437745e-05, 1.168376159667969e-05, 4.813883463541666e-06]","[0.3333333333333333, 0.3333333333333333, 0.3333333333333333]","[0, 1, 1]",True
Uniform-Equal-H,49,2,"[4, 2, -5, 13, 0, 0, 1, 0, 2, 1]","[0.0, 0.0, 0.0]","[1.397802988688151e-05, 0.00023675985654195156, 0.0004360110727945965]","[0.3333333333333333, 0.3333333333333333, 0.3333333333333333]","[1, 1, 2]",True
Uniform-Equal-H,49,3,"[3, 2, -5, 13, 0, 0, 1, 0, 3, 1]","[0.0, 0.0, 0.0]","[0.0029868788401285814, 0.003365195465087892, 0.0028605545043945317]","[0.3333333333333333, 0.3333333333333333, 0.3333333333333333]","[2, 1, 2]",True
Uniform-Equal-H,49,4,"[3, 2, -5, 13, 0, 0, 1, 0, 4, 1]","[0.0, 0.0, 0.0]","[0.016064751942952475, 0.026958508809407557, 0.011308914184570315]","[0.3333333333333333, 0.3333333333333333, 0.3333333333333333]","[2, 1, 1]",True
Uniform-Equal-H,49,5,"[2, 2, -5, 13, 0, 0, 1, 1, 5, 1]","[0.0, 0.0, 0.0]","[0.08193458557128908, 0.08153274536132814, 0.06979476928710938]","[0.3333333333333333, 0.3333333333333333, 0.3333333333333333]","[4, 0, 1]",True
Uniform-Equal-H,49,6,"[2, 2, -5, 13, 0, 0, 0, 1, 6, 1]","[0.0, 0.0, 0.0]","[0.18689371744791666, 0.4184214274088542, 0.118560791015625]","[0.3333333333333333, 0.3333333333333333, 0.3333333333333333]","[1, 1, 0]",True
Uniform-Equal-H,49,7,"[1, 1, -6, 13, 0, 0, 0, 1, 7, 1]","[0.0, 0.0, 0.0]","[0.0, 0.0, 0.0]","[0.1, 0.8, 0.1]","[0, 2, 0]",False
Uniform-Equal-H,50,0,"[4, 2, -3, 12, 0, 0, 1, 0, 0, 1]","[0.0, 0.0, 0.0]","[2.3242684870958337e-07, 4.1973674496014935e-08, 1.3904885580142347e-07]","[0.3333333333333333, 0.3333333333333333, 0.3333333333333333]","[0, 1, 1]",True
Uniform-Equal-H,50,1,"[4, 2, -3, 13, 0, 0, 1, 0, 1, 1]","[0.0, 0.0, 0.0]","[3.095342707137268e-06, 1.7332188884417224e-07, 6.614503313104314e-06]","[0.3333333333333333, 0.3333333333333333, 0.3333333333333333]","[0, 1, 1]",True
Uniform-Equal-H,50,2,"[3, 2, -3, 13, 0, 0, 1, 0, 2, 1]","[0.0, 0.0, 0.0]","[9.369728366533917e-07, 4.4358869361877454e-05, 4.0255872118473074e-05]","[0.3333333333333333, 0.3333333333333333, 0.3333333333333333]","[2, 0, 1]",True
Uniform-Equal-H,50,3,"[3, 2, -3, 13, 0, 0, 1, 0, 3, 1]","[0.0, 0.0, 0.0]","[0.00029534225515524554, 0.00028240624109903984, 0.000327444539388021]","[0.3333333333333333, 0.3333333333333333, 0.3333333333333333]","[2, 1, 0]",True
Uniform-Equal-H,50,4,"[3, 2, -3, 13, 0, 0, 1, 0, 4, 1]","[0.0, 0.0, 0.0]","[0.0010952321370442711, 0.0021050710550944013, 0.003241387354532878]","[0.3333333333333333, 0.3333333333333333, 0.3333333333333333]","[0, 2, 0]",True
Uniform-Equal-H,50,5,"[2, 2, -3, 13, 0, 0, 1, 1, 5, 1]","[0.0, 0.0, 0.0]","[0.012198804728190106, 0.01293824666341146, 0.015512173906962079]","[0.3333333333333333, 0.3333333333333333, 0.3333333333333333]","[3, 0, 2]",True
Uniform-Equal-H,50,6,"[2, 2, -3, 13, 0, 0, 0, 1, 6, 1]","[0.0, 0.0, 0.0]","[0.10008304341634115, 0.051814900716145834, 0.07675987497965497]","[0.3333333333333333, 0.3333333333333333, 0.3333333333333333]","[1, 1, 1]",True
Uniform-Equal-H,50,7,"[2, 1, -3, 13, 0, 0, 0, 1, 7, 1]","[0.0, 0.0, 0.0]","[0.0, 0.0, 0.0]","[0.1, 0.8, 0.1]","[1, 2, 1]",False
Uniform-Equal-H,50,8,"[1, 1, -3, 13, 0, 0, 0, 1, 8, 1]","[0.0, 0.0, 0.0]","[0.0, 0.0, 0.0]","[0.1, 0.8, 0.1]","[0, 2, 1]",False
Uniform-Equal-H,51,0,"[1, 0, -3, 12, 0, 0, 0, 2, 0, 3]","[0.0, 0.25, 0.0]","[0.8998870849609375, 0.68359375, 0.68359375]","[0.3333333333333333, 0.3333333333333333, 0.3333333333333333]","[0, 1, 0]",True
Uniform-Equal-H,52,0,"[1, 2, -2, 13, 0, 0, 1, 1, 5, 0]","[0.0, 0.0, 0.0]","[0.0, 0.09941037495930989, 0.14711446762084962]","[0.3333333333333333, 0.3333333333333333, 0.3333333333333333]","[2, 0, 0]",True
Uniform-Equal-H,52,1,"[1, 1, -2, 13, 0, -1, 0, 1, 6, 0]","[0.0, 0.0, 0.0]","[0.0, 0.0, 0.0]","[0.1, 0.8, 0.1]","[0, 5, 0]",False
Uniform-Equal-H,53,0,"[3, 2, -3, 12, 0, 0, 1, 0, 0, 0]","[0.0, 0.0, 0.0]","[0.0011311277880345781, 0.0003527559877634049, 0.0008133366572956244]","[0.3333333333333333, 0.3333333333333333, 0.3333333333333333]","[0, 0, 1]",True
Uniform-Equal-H,53,1,"[2, 2, -3, 13, 0, 0, 1, 0, 1, 0]","[0.0, 0.0, 0.0]","[0.007072176826000214, 0.005692103242874145, 0.004584813100323081]","[0.3333333333333333, 0.3333333333333333, 0.3333333333333333]","[0, 0, 1]",True
Uniform-Equal-H,53,2,"[2, 2, -3, 13, 0, 0, 1, 0, 2, 0]","[0.0, 0.0, 0.0]","[0.0284091248691082, 0.028792972373962403, 0.016957056427001956]","[0.3333333333333333, 0.3333333333333333, 0.3333333333333333]","[0, 1, 0]",True
Uniform-Equal-H,53,3,"[2, 2, -3, 13, 0, 0, 1, 0, 3, 0]","[0.0, 0.0, 0.0]","[0.02933338165283203, 0.1264821879565716, 0.1236477062702179]","[0.3333333333333333, 0.3333333333333333, 0.3333333333333333]","[1, 0, 0]",True
Uniform-Equal-H,53,4,"[2, 2, -3, 13, 0, 0, 1, 0, 4, 0]","[0.0, 0.0, 0.0]","[0.0, 0.0, 0.0]","[0.1, 0.8, 0.1]","[0, 0, 1]",False
Uniform-Equal-H,53,5,"[1, 2, -3, 13, 0, 0, 1, 1, 5, 0]","[0.1875, 0.0, 0.4375]","[0.2999623616536458, 0.6467071533203125, 0.5334649483362833]","[0.3333333333333333, 0.3333333333333333, 0.3333333333333333]","[2, 0, 2]",True
Uniform-Equal-H,53,6,"[1, 1, -3, 13, 0, -1, 0, 1, 6, 0]","[0.0, 0.0, 0.0]","[0.0, 0.0, 0.0]","[0.1, 0.8, 0.1]","[0, 1, 0]",False
Uniform-Equal-H,54,0,"[1, 2, 0, 13, 0, 0, 1, 0, 4, 0]","[0.025312500000000005, 0.03275390625, 0.044482421875000004]","[0.056253888079275685, 0.05097099049016833, 0.04160521189371745]","[0.3333333333333333, 0.3333333333333333, 0.3333333333333333]","[2, 3, 3]",True
Uniform-Equal-H,54,1,"[1, 2, 0, 13, 0, 0, 1, 1, 5, 0]","[0.00625, 0.1954345703125, 0.117578125]","[0.2696785635392492, 0.1067137859451274, 0.1878327362239361]","[0.3333333333333333, 0.3333333333333333, 0.3333333333333333]","[1, 5, 2]",True
Uniform-Equal-H,54,2,"[1, 1, 0, 13, 0, -1, 0, 1, 6, 0]","[0.68359375, 0.25, 0.578125]","[0.22786458333333331, 0.45572916666666663, 0.7857216347474605]","[0.3333333333333333, 0.3333333333333333, 0.3333333333333333]","[4, 1, 3]",True
Uniform-Equal-H,55,0,"[2, 2, -3, 13, 0, 0, 1, 0, 1, 0]","[0.0, 0.0, 0.0]","[0.007072176826000214, 0.005692103242874145, 0.004584813100323081]","[0.3333333333333333, 0.3333333333333333, 0.3333333333333333]","[0, 1, 1]",True
Uniform-Equal-H,55,1,"[2, 2, -3, 13, 0, 0, 1, 0, 2, 0]","[0.0, 0.0, 0.0]","[0.0284091248691082, 0.028792972373962403, 0.016957056427001956]","[0.3333333333333333, 0.3333333333333333, 0.3333333333333333]","[1, 1, 0]",True
Uniform-Equal-H,55,2,"[2, 2, -3, 13, 0, 0, 1, 0, 3, 0]","[0.0, 0.0, 0.0]","[0.02933338165283203, 0.1264821879565716, 0.1236477062702179]","[0.3333333333333333, 0.3333333333333333, 0.3333333333333333]","[1, 0, 1]",True
Uniform-Equal-H,55,3,"[2, 2, -3, 13, 0, 0, 1, 0, 4, 0]","[0.0, 0.0, 0.0]","[0.0, 0.0, 0.0]","[0.1, 0.8, 0.1]","[0, 1, 1]",False
Uniform-Equal-H,55,4,"[1, 2, -3, 13, 0, 0, 1, 1, 5, 0]","[0.390625, 0.0, 0.4375]","[0.2999623616536458, 0.6467071533203125, 0.5334649483362833]","[0.3333333333333333, 0.3333333333333333, 0.3333333333333333]","[3, 0, 2]",True
Uniform-Equal-H,56,0,"[3, 2, -3, 13, 0, 0, 1, 0, 3, 1]","[0.0, 0.0, 0.0]","[0.00029534225515524554, 0.00028240624109903984, 0.000327444539388021]","[0.3333333333333333, 0.3333333333333333, 0.3333333333333333]","[2, 1, 1]",True
Uniform-Equal-H,56,1,"[3, 2, -3, 13, 0, 0, 1, 0, 4, 1]","[0.0, 0.0, 0.0]","[0.0010952321370442711, 0.0021050710550944013, 0.003241387354532878]","[0.3333333333333333, 0.3333333333333333, 0.3333333333333333]","[1, 2, 0]",True
Uniform-Equal-H,56,2,"[2, 2, -3, 13, 0, 0, 1, 1, 5, 1]","[0.0, 0.0, 0.0]","[0.012198804728190106, 0.01293824666341146, 0.015512173906962079]","[0.3333333333333333, 0.3333333333333333, 0.3333333333333333]","[3, 1, 2]",True
Uniform-Equal-H,56,3,"[2, 2, -3, 13, 0, 0, 0, 1, 6, 1]","[0.0, 0.0, 0.0]","[0.10008304341634115, 0.051814900716145834, 0.07675987497965497]","[0.3333333333333333, 0.3333333333333333, 0.3333333333333333]","[1, 2, 1]",True
Uniform-Equal-H,56,4,"[2, 1, -3, 13, 0, 0, 0, 1, 7, 1]","[0.0, 0.0, 0.0]","[0.0, 0.0, 0.0]","[0.1, 0.8, 0.1]","[1, 3, 1]",False
Uniform-Equal-H,56,5,"[1, 1, -4, 13, 0, 0, 0, 1, 8, 1]","[0.0, 0.0, 0.0]","[0.0, 0.0, 0.0]","[0.1, 0.8, 0.1]","[0, 3, 1]",False
Uniform-Equal-H,57,0,"[5, 2, -6, 13, 0, 0, 1, 0, 4, 0]","[0.0, 0.0, 0.0]","[9.126790364583337e-08, 5.842793782552085e-08, 0.0]","[0.3333333333333333, 0.3333333333333333, 0.3333333333333333]","[0, 1, 0]",True
Uniform-Equal-H,57,1,"[4, 2, -6, 13, 0, 0, 1, 1, 5, 0]","[0.0, 0.0, 0.0]","[1.5611572265625e-05, 2.7337646484375013e-07, 0.0]","[0.3333333333333333, 0.3333333333333333, 0.3333333333333333]","[0, 0, 1]",True
Uniform-Equal-H,57,2,"[4, 1, -5, 13, 0, -1, 0, 1, 6, 0]","[0.0, 0.0, 0.0]","[3.2153320312500003e-06, 7.151896158854169e-06, 3.471272786458334e-06]","[0.3333333333333333, 0.3333333333333333, 0.3333333333333333]","[0, 1, 0]",True
Uniform-Equal-H,57,3,"[3, 0, -5, 13, 0, -1, 0, 1, 7, 0]","[0.0, 0.0, 0.0]","[0.0, 0.0, 0.0]","[0.1, 0.8, 0.1]","[0, 1, 0]",False
Uniform-Equal-H,57,4,"[2, 0, -5, 13, 0, 0, 0, 3, 8, 0]","[0.0, 0.0, 0.0]","[0.0, 0.0, 0.0]","[0.1, 0.8, 0.1]","[0, 1, 0]",False
Uniform-Equal-H,57,5,"[2, 0, -6, 13, 0, 0, 0, 3, 9, 0]","[0.0, 0.0, 0.0]","[0.0, 0.0, 0.0]","[0.1, 0.8, 0.1]","[0, 1, 0]",False
Uniform-Equal-H,57,6,"[1, 0, -5, 13, 0, 0, 0, 3, 10, 0]","[0.0, 0.0, 0.0]","[0.0, 0.0, 0.0]","[0.1, 0.8, 0.1]","[0, 1, 0]",False
Uniform-Equal-H,58,0,"[2, 2, -6, 13, 0, 0, 1, 1, 5, 1]","[0.0, 0.0, 0.0]","[0.004792569478352864, 0.023537750244140627, 0.08103836059570313]","[0.3333333333333333, 0.3333333333333333, 0.3333333333333333]","[0, 1, 0]",True
Uniform-Equal-H,58,1,"[2, 2, -6, 13, 0, 0, 0, 1, 6, 1]","[0.0, 0.0, 0.0]","[0.1257329305013021, 0.12332967122395833, 0.2641377766927083]","[0.3333333333333333, 0.3333333333333333, 0.3333333333333333]","[0, 2, 2]",True
Uniform-Equal-H,58,2,"[1, 1, -6, 13, 0, 0, 0, 1, 7, 1]","[0.0, 0.0, 0.0]","[0.0, 0.0, 0.0]","[0.1, 0.8, 0.1]","[0, 2, 1]",False
Uniform-Equal-H,59,0,"[3, 2, -5, 13, 0, 0, 1, 0, 2, 0]","[0.0, 0.0, 0.0]","[0.028915566951036458, 0.0048349791467189795, 0.013038845404982569]","[0.3333333333333333, 0.3333333333333333, 0.3333333333333333]","[0, 1, 0]",True
Uniform-Equal-H,59,1,"[2, 2, -5, 13, 0, 0, 1, 0, 3, 0]","[0.0012500000000000002, 0.0, 0.0]","[0.022518201470375067, 0.07440503438313803, 0.062093915492296224]","[0.3333333333333333, 0.3333333333333333, 0.3333333333333333]","[1, 0, 0]",True
Uniform-Equal-H,59,2,"[2, 2, -5, 13, 0, 0, 1, 0, 4, 0]","[0.0, 0.05625, 0.05]","[0.26525135189294813, 0.11598968505859376, 0.3754155476888021]","[0.3333333333333333, 0.3333333333333333, 0.3333333333333333]","[0, 2, 1]",True
Uniform-Equal-H,59,3,"[1, 2, -5, 13, 0, 0, 1, 1, 5, 0]","[0.0, 0.4375, 0.25]","[0.5278269449869791, 0.5278269449869791, 0.827789306640625]","[0.3333333333333333, 0.3333333333333333, 0.3333333333333333]","[0, 2, 1]",True
Uniform-Equal-H,60,0,"[2, 2, -3, 13, 0, 0, 1, 0, 3, 0]","[0.0, 0.00015625000000000003, 0.0]","[0.02933338165283203, 0.1264821879565716, 0.1236477062702179]","[0.3333333333333333, 0.3333333333333333, 0.3333333333333333]","[1, 1, 1]",True
Uniform-Equal-H,60,1,"[1, 2, -3, 13, 0, 0, 1, 0, 4, 0]","[0.00625, 0.0, 0.020703125000000003]","[0.14199256896972656, 0.362095502614975, 0.0]","[0.3333333333333333, 0.3333333333333333, 0.3333333333333333]","[1, 0, 1]",True
Uniform-Equal-H,60,2,"[1, 2, -3, 13, 0, 0, 1, 1, 5, 0]","[0.390625, 0.0, 0.578125]","[0.2999623616536458, 0.6467071533203125, 0.5334649483362833]","[0.3333333333333333, 0.3333333333333333, 0.3333333333333333]","[3, 0, 3]",True
Uniform-QP-H,1,0,"[1, 2, -1, 13, 0, 0, 1, 0, 3, 1]","[0.0, 0.0, 0.0]","[0.0006245385312537352, 0.0007631998538970948, 0.0006635530261198681]","[0.3333333333333333, 0.3333333333333333, 0.3333333333333333]","[0, 0, 1]",True
Uniform-QP-H,1,1,"[1, 2, -1, 13, 0, 0, 1, 0, 4, 1]","[0.0, 0.0, 0.0]","[0.004510278922319413, 0.004617092256744703, 0.0037672321319580085]","[0.3333333333333333, 0.3333333333333333, 0.3333333333333333]","[0, 0, 1]",True
Uniform-QP-H,1,2,"[1, 2, -1, 13, 0, 0, 1, 1, 5, 1]","[0.0, 0.0, 0.0]","[0.09154350546995799, 0.009616359047591687, 0.041997705856959035]","[0.3333333333333333, 0.3333333333333333, 0.3333333333333333]","[0, 0, 1]",True
Uniform-QP-H,1,3,"[1, 2, -1, 13, 0, 0, 0, 1, 6, 1]","[0.0, 0.0, 0.0]","[0.08536834716796876, 0.11290701794903726, 0.18885024021069208]","[0.3333333333333333, 0.3333333333333333, 0.3333333333333333]","[1, 0, 0]",True
Uniform-QP-H,1,4,"[1, 1, -1, 13, 0, 0, 0, 1, 7, 1]","[0.0, 0.0, 0.0]","[0.0, 0.0, 0.0]","[0.1, 0.8, 0.1]","[1, 0, 0]",False
Uniform-QP-H,2,0,"[1, 1, 0, 13, 0, 0, 0, 1, 8, 1]","[0.0, 0.0, 0.0]","[0.0, 0.0, 0.0]","[0.1, 0.8, 0.1]","[0, 1, 0]",False
Uniform-QP-H,3,0,"[1, 2, 0, 12, 0, 0, 1, 0, 0, 1]","[0.0, 0.0, 0.0]","[8.080865383148197e-08, 2.8122933705647804e-08, 2.1238606770833346e-08]","[0.3333333333333333, 0.3333333333333333, 0.3333333333333333]","[0, 1, 0]",True
Uniform-QP-H,3,1,"[1, 2, 0, 13, 0, 0, 1, 0, 1, 1]","[0.0, 0.0, 0.0]","[5.221487045288087e-07, 2.6276737531026213e-06, 4.9384752909342467e-08]","[0.3333333333333333, 0.3333333333333333, 0.3333333333333333]","[1, 0, 0]",True
Uniform-QP-H,3,2,"[1, 2, 0, 13, 0, 0, 1, 0, 2, 1]","[0.0, 0.0, 0.0]","[1.6075000762939456e-06, 2.2453826904296877e-05, 9.620230833689375e-06]","[0.3333333333333333, 0.3333333333333333, 0.3333333333333333]","[0, 0, 1]",True
Uniform-QP-H,3,3,"[1, 2, 0, 13, 0, 0, 1, 0, 3, 1]","[0.0, 0.0, 0.0]","[0.000953526840209961, 2.279953598976136e-05, 0.0003848220698038738]","[0.3333333333333333, 0.3333333333333333, 0.3333333333333333]","[0, 1, 0]",True
Uniform-QP-H,3,4,"[1, 2, 0, 13, 0, 0, 1, 0, 4, 1]","[0.0, 0.0, 0.0]","[0.009360008144378663, 0.0032626988728841145, 0.0002832818627357483]","[0.3333333333333333, 0.3333333333333333, 0.3333333333333333]","[0, 1, 0]",True
Uniform-QP-H,3,5,"[1, 2, 0, 13, 0, 0, 1, 1, 5, 1]","[0.0, 0.0, 0.0]","[0.019803558131059013, 0.02175368603070577, 0.0]","[0.3333333333333333, 0.3333333333333333, 0.3333333333333333]","[0, 0, 1]",True
Uniform-QP-H,3,6,"[1, 2, 0, 13, 0, 0, 0, 1, 6, 1]","[0.0, 0.0, 0.0]","[0.007434082031250001, 0.06293023129304251, 0.03867482503255209]","[0.3333333333333333, 0.3333333333333333, 0.3333333333333333]","[0, 1, 0]",True
Uniform-QP-H,3,7,"[1, 1, 0, 13, 0, 0, 0, 1, 7, 1]","[0.0, 0.0, 0.0]","[0.0, 0.0, 0.0]","[0.1, 0.8, 0.1]","[0, 1, 0]",False
Uniform-QP-H,3,8,"[1, 1, 0, 13, 0, 0, 0, 1, 8, 1]","[0.0, 0.0, 0.0]","[0.0, 0.0, 0.0]","[0.1, 0.8, 0.1]","[0, 2, 0]",False
Uniform-QP-H,4,0,"[2, 2, -1, 12, 0, 0, 1, 0, 0, 1]","[0.0, 0.0, 0.0]","[1.5012807706991836e-06, 1.1032887299855554e-07, 8.957962242762251e-07]","[0.3333333333333333, 0.3333333333333333, 0.3333333333333333]","[0, 1, 0]",True
Uniform-QP-H,4,1,"[2, 2, -1, 13, 0, 0, 1, 0, 1, 1]","[0.0, 0.0, 0.0]","[7.325633943080904e-06, 6.325129717588426e-06, 6.948955535888674e-06]","[0.3333333333333333, 0.3333333333333333, 0.3333333333333333]","[0, 1, 0]",True
Uniform-QP-H,4,2,"[2, 2, -1, 13, 0, 0, 1, 0, 2, 1]","[0.0, 0.0, 0.0]","[6.850380651156109e-05, 5.439352385203045e-05, 0.00017342869672179223]","[0.3333333333333333, 0.3333333333333333, 0.3333333333333333]","[0, 0, 1]",True
Uniform-QP-H,4,3,"[1, 2, -1, 13, 0, 0, 1, 0, 3, 1]","[0.0, 0.0, 0.0]","[0.0006245385312537352, 0.0007631998538970948, 0.0006635530261198681]","[0.3333333333333333, 0.3333333333333333, 0.3333333333333333]","[0, 0, 2]",True
Uniform-QP-H,4,4,"[1, 2, -1, 13, 0, 0, 1, 0, 4, 1]","[0.0, 0.0, 0.0]","[0.004510278922319413, 0.004617092256744703, 0.0037672321319580085]","[0.3333333333333333, 0.3333333333333333, 0.3333333333333333]","[1, 0, 1]",True
Uniform-QP-H,4,5,"[1, 2, -1, 13, 0, 0, 1, 1, 5, 1]","[0.0, 0.0, 0.0]","[0.09154350546995799, 0.009616359047591687, 0.041997705856959035]","[0.3333333333333333, 0.3333333333333333, 0.3333333333333333]","[0, 0, 2]",True
Uniform-QP-H,4,6,"[1, 2, -1, 13, 0, 0, 0, 1, 6, 1]","[0.0, 0.0, 0.0]","[0.08536834716796876, 0.11290701794903726, 0.18885024021069208]","[0.3333333333333333, 0.3333333333333333, 0.3333333333333333]","[2, 0, 0]",True
Uniform-QP-H,4,7,"[1, 1, -1, 13, 0, 0, 0, 1, 7, 1]","[0.0, 0.0, 0.0]","[0.0, 0.0, 0.0]","[0.1, 0.8, 0.1]","[1, 1, 0]",False
Uniform-QP-H,5,0,"[4, 0, -5, 12, 0, 0, 0, 2, 0, 2]","[0.0, 0.0, 0.0]","[1.724960433443388e-07, 1.7172495524088546e-08, 1.2527287801106775e-07]","[0.3333333333333333, 0.3333333333333333, 0.3333333333333333]","[0, 1, 0]",True
Uniform-QP-H,5,1,"[4, 0, -5, 13, 0, 0, 0, 2, 1, 2]","[0.0, 0.0, 0.0]","[0.0, 0.0, 0.0]","[0.1, 0.8, 0.1]","[1, 0, 0]",False
Uniform-QP-H,5,2,"[3, 0, -5, 13, 0, 0, 0, 2, 2, 2]","[0.0, 0.0, 0.0]","[0.0, 0.0, 0.0]","[0.1, 0.8, 0.1]","[0, 1, 0]",False
Uniform-QP-H,5,3,"[3, 0, -5, 13, 0, 0, 0, 2, 3, 2]","[0.0, 0.0, 0.0]","[0.0, 0.0, 0.0]","[0.1, 0.8, 0.1]","[0, 1, 0]",False
Uniform-QP-H,5,4,"[2, 0, -5, 13, 0, 0, 0, 2, 4, 2]","[0.0, 0.0, 0.0]","[0.0, 0.0, 0.0]","[0.1, 0.8, 0.1]","[0, 1, 0]",False
Uniform-QP-H,5,5,"[2, 0, -5, 12, 0, 0, 0, 2, 5, 2]","[0.0, 0.0, 0.0]","[0.0, 0.0, 0.0]","[0.1, 0.8, 0.1]","[0, 0, 1]",False
Uniform-QP-H,5,6,"[1, 0, -5, 12, 0, 0, 0, 2, 6, 2]","[0.0, 0.0, 0.0]","[0.0, 0.0, 0.0]","[0.1, 0.8, 0.1]","[0, 1, 0]",False
Uniform-QP-H,6,0,"[2, 2, -5, 13, 0, 0, 1, 0, 3, 1]","[0.0, 0.0, 0.0]","[0.0020180978337837317, 0.0039054294650444515, 0.004556532018124961]","[0.3333333333333333, 0.3333333333333333, 0.3333333333333333]","[0, 0, 1]",True
Uniform-QP-H,6,1,"[2, 2, -5, 13, 0, 0, 1, 0, 4, 1]","[0.0, 0.0, 0.0]","[0.023310092526793086, 0.011668453816686143, 0.00010462613697228972]","[0.3333333333333333, 0.3333333333333333, 0.3333333333333333]","[1, 0, 0]",True
Uniform-QP-H,6,2,"[1, 2, -5, 13, 0, 0, 1, 1, 5, 1]","[0.0, 0.0, 0.0]","[0.41227331180256155, 0.0002522956340370108, 0.026302658302408917]","[0.3333333333333333, 0.3333333333333333, 0.3333333333333333]","[0, 1, 0]",True
Uniform-QP-H,6,3,"[1, 2, -6, 13, 0, 0, 0, 1, 6, 1]","[0.0, 0.0, 0.25]","[0.6813315523367108, 0.6813315523367108, 0.0022621976632892075]","[0.3333333333333333, 0.3333333333333333, 0.3333333333333333]","[0, 0, 1]",True
Uniform-QP-H,7,0,"[4, 2, -3, 12, 0, 0, 1, 0, 0, 0]","[0.0, 0.0, 0.0]","[1.1036126717777904e-06, 2.3183917371945304e-07, 4.3670092998033e-07]","[0.3333333333333333, 0.3333333333333333, 0.3333333333333333]","[0, 0, 1]",True
Uniform-QP-H,7,1,"[4, 2, -3, 13, 0, 0, 1, 0, 1, 0]","[0.0, 0.0, 0.0]","[4.08035898704501e-05, 1.4382770294250038e-22, 2.6211306253805038e-05]","[0.3333333333333333, 0.3333333333333333, 0.3333333333333333]","[0, 0, 1]",True
Uniform-QP-H,7,2,"[3, 2, -3, 13, 0, 0, 1, 0, 2, 0]","[0.0, 0.0, 0.0]","[8.591540946693824e-05, 0.000333791065874874, 7.544569976165175e-05]","[0.3333333333333333, 0.3333333333333333, 0.3333333333333333]","[1, 0, 0]",True
Uniform-QP-H,7,3,"[3, 2, -3, 13, 0, 0, 1, 0, 3, 0]","[0.0, 0.0, 0.0]","[0.000432984148754247, 0.0018306837396036015, 8.601419662289537e-20]","[0.3333333333333333, 0.3333333333333333, 0.3333333333333333]","[0, 0, 1]",True
Uniform-QP-H,7,4,"[3, 2, -3, 13, 0, 0, 1, 0, 4, 0]","[0.0, 0.0, 0.0]","[1.0981101322377597e-05, 0.0073784192128560945, 0.0037652571576402014]","[0.3333333333333333, 0.3333333333333333, 0.3333333333333333]","[1, 0, 0]",True
Uniform-QP-H,7,5,"[2, 2, -3, 13, 0, 0, 1, 1, 5, 0]","[0.0, 0.0, 0.0]","[0.11404836031022825, 1.157228086343728e-18, 0.08980728524429091]","[0.3333333333333333, 0.3333333333333333, 0.3333333333333333]","[0, 1, 0]",True
Uniform-QP-H,7,6,"[2, 1, -3, 13, 0, -1, 0, 1, 6, 0]","[0.0, 0.0, 0.0]","[0.0, 0.0, 0.0]","[0.1, 0.8, 0.1]","[0, 1, 0]",False
Uniform-QP-H,7,7,"[2, 0, -3, 13, 0, -1, 0, 1, 7, 0]","[0.0, 0.0, 0.0]","[0.0, 0.0, 0.0]","[0.1, 0.8, 0.1]","[1, 0, 0]",False
Uniform-QP-H,8,0,"[4, 2, -5, 12, 0, 0, 1, 0, 0, 1]","[0.0, 0.0, 0.0]","[7.16846891873465e-05, 2.8824395190787156e-05, 3.244698283159304e-05]","[0.3333333333333333, 0.3333333333333333, 0.3333333333333333]","[1, 0, 0]",True
Uniform-QP-H,8,1,"[3, 2, -5, 13, 0, 0, 1, 0, 1, 1]","[0.0, 0.0, 0.0]","[0.00032085309968664974, 0.00027329190529325767, 2.3379901217191016e-07]","[0.3333333333333333, 0.3333333333333333, 0.3333333333333333]","[0, 1, 0]",True
Uniform-QP-H,8,2,"[3, 2, -5, 13, 0, 0, 1, 0, 2, 1]","[0.0, 0.0, 0.0]","[5.702540484654927e-06, 0.0015485938455478613, 0.0004928800421754068]","[0.3333333333333333, 0.3333333333333333, 0.3333333333333333]","[0, 0, 1]",True
Uniform-QP-H,8,3,"[2, 2, -5, 13, 0, 0, 1, 0, 3, 1]","[0.0, 0.0, 0.0]","[0.0020180978337837317, 0.0039054294650444515, 0.004556532018124961]","[0.3333333333333333, 0.3333333333333333, 0.3333333333333333]","[1, 0, 1]",True
Uniform-QP-H,8,4,"[2, 2, -5, 13, 0, 0, 1, 0, 4, 1]","[0.0, 0.0, 0.0]","[0.023310092526793086, 0.011668453816686143, 0.00010462613697228972]","[0.3333333333333333, 0.3333333333333333, 0.3333333333333333]","[2, 0, 0]",True
Uniform-QP-H,8,5,"[1, 2, -6, 13, 0, 0, 1, 1, 5, 1]","[0.0, 0.0, 0.0]","[0.0, 0.0, 0.0]","[0.1, 0.8, 0.1]","[0, 1, 0]",False
Uniform-QP-H,8,6,"[1, 2, -6, 13, 0, 0, 0, 1, 6, 1]","[0.25, 0.0, 0.25]","[0.6813315523367108, 0.6813315523367108, 0.0022621976632892075]","[0.3333333333333333, 0.3333333333333333, 0.3333333333333333]","[1, 0, 1]",True
Uniform-QP-H,9,0,"[2, 0, -3, 12, 0, 0, 0, 3, 0, 4]","[0.0, 0.0, 0.0]","[6.436083640314979e-07, 1.4929292686103303e-07, 4.744676824041156e-07]","[0.3333333333333333, 0.3333333333333333, 0.3333333333333333]","[1, 0, 0]",True
Uniform-QP-H,9,1,"[2, 0, -3, 13, 0, 0, 0, 3, 1, 4]","[0.0, 0.0, 0.0]","[0.0, 0.0, 0.0]","[0.1, 0.8, 0.1]","[0, 1, 0]",False
Uniform-QP-H,9,2,"[2, 0, -3, 13, 0, 0, 0, 3, 2, 4]","[0.0, 0.0, 0.0]","[0.0, 0.0, 0.0]","[0.1, 0.8, 0.1]","[1, 0, 0]",False
Uniform-QP-H,9,3,"[2, 0, -3, 13, 0, 0, 0, 3, 3, 4]","[0.0, 0.0, 0.0]","[0.0, 0.0, 0.0]","[0.1, 0.8, 0.1]","[0, 0, 1]",False
Uniform-QP-H,10,0,"[1, 2, -1, 13, 0, 0, 1, 0, 4, 0]","[0.0, 0.0, 0.0]","[7.065404489420246e-19, 0.13348876650621314, 0.06121883443096837]","[0.3333333333333333, 0.3333333333333333, 0.3333333333333333]","[0, 0, 1]",True
Uniform-QP-H,10,1,"[1, 2, -1, 13, 0, 0, 1, 1, 5, 0]","[0.0, 0.0, 0.0]","[0.42621898450948364, 0.28282294941533437, 0.0014103590539002765]","[0.3333333333333333, 0.3333333333333333, 0.3333333333333333]","[0, 0, 1]",True
Uniform-QP-H,10,2,"[1, 1, -1, 13, 0, -1, 0, 1, 6, 0]","[0.0, 0.0, 0.0]","[0.0, 0.0, 0.0]","[0.1, 0.8, 0.1]","[0, 1, 0]",False
Uniform-QP-H,11,0,"[2, 0, -3, 12, 0, 0, 0, 3, 0, 4]","[0.0, 0.0, 0.0]","[2.6140608846691146e-06, 2.0586926247336608e-06, 8.644292103716247e-08]","[0.3333333333333333, 0.3333333333333333, 0.3333333333333333]","[1, 0, 1]",True
Uniform-QP-H,11,1,"[2, 0, -3, 13, 0, 0, 0, 3, 1, 4]","[0.0, 0.0, 0.0]","[0.0, 0.0, 0.0]","[0.1, 0.8, 0.1]","[0, 2, 0]",False
Uniform-QP-H,11,2,"[2, 0, -3, 13, 0, 0, 0, 3, 2, 4]","[0.0, 0.0, 0.0]","[0.0, 0.0, 0.0]","[0.1, 0.8, 0.1]","[2, 0, 0]",False
Uniform-QP-H,11,3,"[2, 0, -3, 13, 0, 0, 0, 3, 3, 4]","[0.0, 0.0, 0.0]","[0.0, 0.0, 0.0]","[0.1, 0.8, 0.1]","[0, 0, 2]",False
Uniform-QP-H,11,4,"[1, 0, -3, 13, 0, 0, 0, 3, 4, 4]","[0.0, 0.0, 0.0]","[0.0, 0.0, 0.0]","[0.1, 0.8, 0.1]","[0, 1, 0]",False
Uniform-QP-H,12,0,"[4, 2, -5, 13, 0, 0, 1, 0, 2, 1]","[0.0, 0.0, 0.0]","[1.2400668230612496e-05, 0.0001782958396190154, 0.0004479305594032126]","[0.3333333333333333, 0.3333333333333333, 0.3333333333333333]","[0, 1, 0]",True
Uniform-QP-H,12,1,"[3, 2, -5, 13, 0, 0, 1, 0, 3, 1]","[0.0, 0.0, 0.0]","[0.002951548007820017, 0.0032513491022407664, 0.00288304621190355]","[0.3333333333333333, 0.3333333333333333, 0.3333333333333333]","[1, 0, 0]",True
Uniform-QP-H,12,2,"[3, 2, -5, 13, 0, 0, 1, 0, 4, 1]","[0.0, 0.0, 0.0]","[0.023585661473608403, 0.027094318877096794, 0.0]","[0.3333333333333333, 0.3333333333333333, 0.3333333333333333]","[0, 0, 1]",True
Uniform-QP-H,12,3,"[2, 2, -5, 13, 0, 0, 1, 1, 5, 1]","[0.0, 0.0, 0.0]","[0.028853644138997957, 0.08382241635201718, 0.10822066978937048]","[0.3333333333333333, 0.3333333333333333, 0.3333333333333333]","[0, 0, 1]",True
Uniform-QP-H,12,4,"[2, 2, -5, 13, 0, 0, 0, 1, 6, 1]","[0.0, 0.0, 0.0]","[0.1379938783498361, 0.4531380912566726, 0.1838350974653664]","[0.3333333333333333, 0.3333333333333333, 0.3333333333333333]","[0, 0, 1]",True
Uniform-QP-H,12,5,"[1, 1, -5, 13, 0, 0, 0, 1, 7, 1]","[0.0, 0.0, 0.0]","[0.0, 0.0, 0.0]","[0.1, 0.8, 0.1]","[0, 1, 0]",False
Uniform-QP-H,13,0,"[1, 1, 0, 13, 0, 0, 0, 1, 8, 1]","[0.0, 0.0, 0.0]","[0.0, 0.0, 0.0]","[0.1, 0.8, 0.1]","[0, 3, 0]",False
Uniform-QP-H,14,0,"[4, 2, -5, 12, 0, 0, 1, 0, 0, 0]","[0.0, 0.0, 0.0]","[0.0007843658007750881, 0.0003592904603394606, 0.0006117782965872519]","[0.3333333333333333, 0.3333333333333333, 0.3333333333333333]","[0, 1, 0]",True
Uniform-QP-H,14,1,"[3, 2, -5, 13, 0, 0, 1, 0, 1, 0]","[0.0, 0.0, 0.0]","[0.0011601313118281946, 0.003263158983828296, 0.0021271720779343613]","[0.3333333333333333, 0.3333333333333333, 0.3333333333333333]","[0, 0, 1]",True
Uniform-QP-H,14,2,"[3, 2, -5, 13, 0, 0, 1, 0, 2, 0]","[0.0, 0.0, 0.0]","[0.04382375129988855, 0.00620463214025966, 0.01854111888402254]","[0.3333333333333333, 0.3333333333333333, 0.3333333333333333]","[1, 0, 0]",True
Uniform-QP-H,14,3,"[2, 2, -5, 13, 0, 0, 1, 0, 3, 0]","[0.0, 0.0, 0.0]","[0.020438877994789904, 0.11417236175223965, 0.07377577560825806]","[0.3333333333333333, 0.3333333333333333, 0.3333333333333333]","[0, 0, 1]",True
Uniform-QP-H,14,4,"[2, 2, -5, 13, 0, 0, 1, 0, 4, 0]","[0.0, 0.0, 0.0]","[0.345366755392707, 0.1458953504307616, 0.5618918569732723]","[0.3333333333333333, 0.3333333333333333, 0.3333333333333333]","[1, 0, 0]",True
Uniform-QP-H,14,5,"[1, 2, -5, 13, 0, 0, 1, 1, 5, 0]","[0.0, 0.0, 0.25]","[0.3533167038373408, 0.788095471637404, 0.8998870849609377]","[0.3333333333333333, 0.3333333333333333, 0.3333333333333333]","[0, 0, 1]",True
Uniform-QP-H,15,0,"[2, 2, -3, 13, 0, 0, 1, 1, 5, 0]","[0.0, 0.0, 0.0]","[0.05895328954146493, 0.01703705457068757, 0.056577409153308646]","[0.3333333333333333, 0.3333333333333333, 0.3333333333333333]","[0, 2, 0]",True
Uniform-QP-H,15,1,"[2, 1, -3, 13, 0, -1, 0, 1, 6, 0]","[0.0, 0.0, 0.0]","[0.0, 0.0, 0.0]","[0.1, 0.8, 0.1]","[0, 2, 0]",False
Uniform-QP-H,15,2,"[1, 0, -4, 13, 0, -1, 0, 1, 7, 0]","[0.0, 0.0, 0.0]","[0.0, 0.0, 0.0]","[0.1, 0.8, 0.1]","[0, 0, 1]",False
Uniform-QP-H,16,0,"[4, 2, -5, 12, 0, 0, 1, 0, 0, 1]","[0.0, 0.0, 0.0]","[5.417769840659744e-05, 2.1424422135831922e-05, 2.9923475581085267e-05]","[0.3333333333333333, 0.3333333333333333, 0.3333333333333333]","[2, 0, 0]",True
Uniform-QP-H,16,1,"[3, 2, -5, 13, 0, 0, 1, 0, 1, 1]","[0.0, 0.0, 0.0]","[0.00020009338505872482, 0.0003463953510949089, 3.991767733872221e-05]","[0.3333333333333333, 0.3333333333333333, 0.3333333333333333]","[1, 1, 0]",True
Uniform-QP-H,16,2,"[3, 2, -5, 13, 0, 0, 1, 0, 2, 1]","[0.0, 0.0, 0.0]","[0.0009736233227114312, 0.0014207700939984508, 0.0008817907877587533]","[0.3333333333333333, 0.3333333333333333, 0.3333333333333333]","[0, 0, 2]",True
Uniform-QP-H,16,3,"[2, 2, -5, 13, 0, 0, 1, 0, 3, 1]","[0.0, 0.0, 0.0]","[0.0050899338829440924, 0.004032920881825078, 0.009932965055685649]","[0.3333333333333333, 0.3333333333333333, 0.3333333333333333]","[2, 0, 1]",True
Uniform-QP-H,16,4,"[2, 2, -5, 13, 0, 0, 1, 0, 4, 1]","[0.0, 0.0, 0.0]","[0.020772520508894596, 0.022607860190329995, 0.01786334483648757]","[0.3333333333333333, 0.3333333333333333, 0.3333333333333333]","[2, 1, 0]",True
Uniform-QP-H,16,5,"[1, 2, -5, 13, 0, 0, 1, 1, 5, 1]","[0.0, 0.0, 0.0]","[0.22772316500958822, 0.04307569830985019, 0.048501163812447366]","[0.3333333333333333, 0.3333333333333333, 0.3333333333333333]","[1, 1, 0]",True
Uniform-QP-H,16,6,"[0, 2, -6, 13, 0, 0, 0, 1, 6, 1]","[0.0, 0.0, 0.0]","[0.0, 0.0, 0.0]","[0.1, 0.8, 0.1]","[1, 0, 0]",False
Uniform-QP-H,17,0,"[2, 2, -3, 13, 0, 0, 1, 1, 5, 1]","[0.0, 0.0, 0.0]","[0.014889046673590986, 0.008876950131928534, 0.021445073485205593]","[0.3333333333333333, 0.3333333333333333, 0.3333333333333333]","[0, 0, 1]",True
Uniform-QP-H,17,1,"[2, 2, -3, 13, 0, 0, 0, 1, 6, 1]","[0.0, 0.0, 0.0]","[0.0997725885656683, 0.05965346236233896, 0.09710842361456597]","[0.3333333333333333, 0.3333333333333333, 0.3333333333333333]","[0, 0, 1]",True
Uniform-QP-H,17,2,"[2, 1, -3, 13, 0, 0, 0, 1, 7, 1]","[0.0, 0.0, 0.0]","[0.0, 0.0, 0.0]","[0.1, 0.8, 0.1]","[0, 1, 0]",False
Uniform-QP-H,17,3,"[1, 1, -3, 13, 0, 0, 0, 1, 8, 1]","[0.0, 0.0, 0.0]","[0.0, 0.0, 0.0]","[0.1, 0.8, 0.1]","[0, 0, 1]",False
Uniform-QP-H,18,0,"[4, 2, -3, 12, 0, 0, 1, 0, 0, 0]","[0.0, 0.0, 0.0]","[4.825750038841114e-07, 1.0151826171719392e-07, 1.9110793568705047e-07]","[0.3333333333333333, 0.3333333333333333, 0.3333333333333333]","[0, 0, 2]",True
Uniform-QP-H,18,1,"[4, 2, -3, 13, 0, 0, 1, 0, 1, 0]","[0.0, 0.0, 0.0]","[1.7817623446779888e-05, 0.0, 1.1579552070558141e-05]","[0.3333333333333333, 0.3333333333333333, 0.3333333333333333]","[0, 0, 2]",True
Uniform-QP-H,18,2,"[3, 2, -3, 13, 0, 0, 1, 0, 2, 0]","[0.0, 0.0, 0.0]","[3.8924054715341716e-05, 0.0001462250014109541, 3.324343526839379e-05]","[0.3333333333333333, 0.3333333333333333, 0.3333333333333333]","[1, 0, 1]",True
Uniform-QP-H,18,3,"[3, 2, -3, 13, 0, 0, 1, 0, 3, 0]","[0.0, 0.0, 0.0]","[0.0002590668129046889, 0.0007989757124971961, 0.0]","[0.3333333333333333, 0.3333333333333333, 0.3333333333333333]","[0, 0, 2]",True
Uniform-QP-H,18,4,"[3, 2, -3, 13, 0, 0, 1, 0, 4, 0]","[0.0, 0.0, 0.0]","[0.0018748584749716175, 0.003220205445737549, 0.001643292587998922]","[0.3333333333333333, 0.3333333333333333, 0.3333333333333333]","[2, 0, 0]",True
Uniform-QP-H,18,5,"[3, 2, -3, 13, 0, 0, 1, 1, 5, 0]","[0.0, 0.0, 0.0]","[0.0, 0.0, 0.0]","[0.1, 0.8, 0.1]","[0, 1, 0]",False
Uniform-QP-H,18,6,"[2, 1, -3, 13, 0, -1, 0, 1, 6, 0]","[0.0, 0.0, 0.0]","[0.0, 0.0, 0.0]","[0.1, 0.8, 0.1]","[1, 2, 0]",False
Uniform-QP-H,18,7,"[2, 0, -4, 13, 0, -1, 0, 1, 7, 0]","[0.0, 0.0, 0.0]","[0.0, 0.0, 0.0]","[0.1, 0.8, 0.1]","[0, 1, 0]",False
Uniform-QP-H,18,8,"[1, 0, -4, 13, 0, 0, 0, 3, 8, 0]","[0.0, 0.0, 0.0]","[0.0, 0.0, 0.0]","[0.1, 0.8, 0.1]","[0, 1, 0]",False
Uniform-QP-H,19,0,"[1, 2, 0, 13, 0, 0, 1, 1, 5, 0]","[0.0, 0.0, 0.0]","[0.17930822506078797, 0.03300927580756466, 0.16395574796150583]","[0.3333333333333333, 0.3333333333333333, 0.3333333333333333]","[0, 0, 1]",True
Uniform-QP-H,19,1,"[1, 1, 0, 13, 0, -1, 0, 1, 6, 0]","[0.0, 0.25, 0.0]","[0.0, 0.2973574029738835, 0.856703149263949]","[0.3333333333333333, 0.3333333333333333, 0.3333333333333333]","[0, 1, 0]",True
Uniform-QP-H,20,0,"[4, 0, -5, 12, 0, 0, 0, 2, 0, 3]","[0.0, 0.0, 0.0]","[4.115486219115783e-08, 7.062607488477562e-10, 3.2430058994942865e-09]","[0.1, 0.8, 0.1]","[0, 1, 0]",False
Uniform-QP-H,20,1,"[4, 0, -5, 13, 0, 0, 0, 2, 1, 3]","[0.0, 0.0, 0.0]","[0.0, 0.0, 0.0]","[0.1, 0.8, 0.1]","[0, 1, 0]",False
Uniform-QP-H,20,2,"[3, 0, -5, 13, 0, 0, 0, 2, 2, 3]","[0.0, 0.0, 0.0]","[0.0, 0.0, 0.0]","[0.1, 0.8, 0.1]","[0, 1, 0]",False
Uniform-QP-H,20,3,"[3, 0, -5, 13, 0, 0, 0, 2, 3, 3]","[0.0, 0.0, 0.0]","[0.0, 0.0, 0.0]","[0.1, 0.8, 0.1]","[0, 1, 0]",False
Uniform-QP-H,20,4,"[2, 0, -5, 13, 0, 0, 0, 2, 4, 3]","[0.0, 0.0, 0.0]","[0.0, 0.0, 0.0]","[0.1, 0.8, 0.1]","[0, 1, 0]",False
Uniform-QP-H,20,5,"[2, 0, -5, 12, 0, 0, 0, 2, 5, 3]","[0.0, 0.0, 0.0]","[0.0, 0.0, 0.0]","[0.1, 0.8, 0.1]","[0, 1, 0]",False
Uniform-QP-H,20,6,"[2, 0, -4, 12, 0, 0, 0, 2, 6, 3]","[0.0, 0.0, 0.0]","[0.0, 0.0, 0.0]","[0.1, 0.8, 0.1]","[0, 1, 0]",False
Uniform-QP-H,21,0,"[1, 0, -3, 12, 0, 0, 0, 2, 0, 2]","[0.25, 0.0, 0.0]","[0.8998870849609375, 0.68359375, 0.68359375]","[0.3333333333333333, 0.3333333333333333, 0.3333333333333333]","[1, 0, 0]",True
Uniform-QP-H,22,0,"[3, 2, -5, 13, 0, 0, 1, 0, 1, 0]","[0.0, 0.0, 0.0]","[0.0008353227791565082, 0.0016458444184301985, 0.0007341221052758163]","[0.3333333333333333, 0.3333333333333333, 0.3333333333333333]","[0, 1, 1]",True
Uniform-QP-H,22,1,"[3, 2, -5, 13, 0, 0, 1, 0, 2, 0]","[0.0, 0.0, 0.0]","[0.02871616558213437, 0.0010440251673694593, 0.012657016645451765]","[0.3333333333333333, 0.3333333333333333, 0.3333333333333333]","[1, 1, 0]",True
Uniform-QP-H,22,2,"[2, 2, -5, 13, 0, 0, 1, 0, 3, 0]","[0.0, 0.0, 0.0]","[0.015853981852444188, 0.06985411923329272, 0.06890229320383683]","[0.3333333333333333, 0.3333333333333333, 0.3333333333333333]","[0, 1, 1]",True
Uniform-QP-H,22,3,"[2, 2, -5, 13, 0, 0, 1, 0, 4, 0]","[0.0, 0.00625, 0.0]","[0.165223693828401, 0.1462932802634941, 0.1959666041995796]","[0.3333333333333333, 0.3333333333333333, 0.3333333333333333]","[1, 1, 0]",True
Uniform-QP-H,22,4,"[1, 2, -5, 13, 0, 0, 1, 1, 5, 0]","[0.0, 0.25, 0.25]","[0.8193944026449611, 0.25439662559123405, 0.7640864323159764]","[0.3333333333333333, 0.3333333333333333, 0.3333333333333333]","[0, 1, 1]",True
Uniform-QP-H,23,0,"[4, 1, -5, 13, 0, -1, 0, 1, 6, 0]","[0.0, 0.0, 0.0]","[6.056277994782266e-06, 1.0060457238485122e-05, 6.5383583363056845e-06]","[0.3333333333333333, 0.3333333333333333, 0.3333333333333333]","[0, 1, 0]",True
Uniform-QP-H,23,1,"[3, 0, -5, 13, 0, -1, 0, 1, 7, 0]","[0.0, 0.0, 0.0]","[0.0, 0.0, 0.0]","[0.1, 0.8, 0.1]","[0, 0, 1]",False
Uniform-QP-H,23,2,"[2, 0, -5, 13, 0, 0, 0, 3, 8, 0]","[0.0, 0.0, 0.0]","[0.0, 0.0, 0.0]","[0.1, 0.8, 0.1]","[0, 1, 0]",False
Uniform-QP-H,23,3,"[2, 0, -5, 13, 0, 0, 0, 3, 9, 0]","[0.0, 0.0, 0.0]","[0.0, 0.0, 0.0]","[0.1, 0.8, 0.1]","[0, 1, 0]",False
Uniform-QP-H,23,4,"[1, 0, -5, 13, 0, 0, 0, 3, 10, 0]","[0.0, 0.0, 0.0]","[0.0, 0.0, 0.0]","[0.1, 0.8, 0.1]","[1, 0, 0]",False
Uniform-QP-H,24,0,"[1, 2, 1, 13, 0, 0, 1, 0, 1, 1]","[0.0, 0.0, 0.0]","[0.0, 4.314510080802218e-06, 2.435847690036067e-08]","[0.3333333333333333, 0.3333333333333333, 0.3333333333333333]","[1, 0, 0]",True
Uniform-QP-H,24,1,"[1, 2, 0, 13, 0, 0, 1, 0, 2, 1]","[0.0, 0.0, 0.0]","[1.7946737885483786e-06, 4.1783356058743155e-05, 1.529091703456338e-05]","[0.3333333333333333, 0.3333333333333333, 0.3333333333333333]","[0, 1, 1]",True
Uniform-QP-H,24,2,"[1, 2, 0, 13, 0, 0, 1, 0, 3, 1]","[0.0, 0.0, 0.0]","[0.0017812008863077478, 1.7345496943150188e-05, 0.0007245684538116963]","[0.3333333333333333, 0.3333333333333333, 0.3333333333333333]","[0, 2, 0]",True
Uniform-QP-H,24,3,"[1, 2, 0, 13, 0, 0, 1, 0, 4, 1]","[0.0, 0.0, 0.0]","[0.017473410673189818, 0.006115495473020514, 0.00015289494504888015]","[0.3333333333333333, 0.3333333333333333, 0.3333333333333333]","[0, 1, 1]",True
Uniform-QP-H,24,4,"[1, 2, 0, 13, 0, 0, 1, 1, 5, 1]","[0.0, 0.0, 0.0]","[0.030591292256478227, 0.040675830614308774, 0.0]","[0.3333333333333333, 0.3333333333333333, 0.3333333333333333]","[1, 0, 1]",True
Uniform-QP-H,24,5,"[1, 2, 0, 13, 0, 0, 0, 1, 6, 1]","[0.0, 0.0, 0.0]","[0.008299689909914011, 0.10481163004955601, 0.06656682702688622]","[0.3333333333333333, 0.3333333333333333, 0.3333333333333333]","[0, 2, 0]",True
Uniform-QP-H,24,6,"[1, 1, 0, 13, 0, 0, 0, 1, 7, 1]","[0.0, 0.0, 0.0]","[0.0, 0.0, 0.0]","[0.1, 0.8, 0.1]","[0, 2, 0]",False
Uniform-QP-H,24,7,"[1, 1, 0, 13, 0, 0, 0, 1, 8, 1]","[0.0, 0.0, 0.0]","[0.0, 0.0, 0.0]","[0.1, 0.8, 0.1]","[0, 3, 1]",False
Uniform-QP-H,25,0,"[3, 2, -5, 13, 0, 0, 1, 0, 3, 1]","[0.0, 0.0, 0.0]","[0.003938357934577057, 0.004519412577443313, 0.0038321291160972023]","[0.3333333333333333, 0.3333333333333333, 0.3333333333333333]","[2, 0, 0]",True
Uniform-QP-H,25,1,"[3, 2, -5, 13, 0, 0, 1, 0, 4, 1]","[0.0, 0.0, 0.0]","[0.010789124944702503, 0.03692173459165317, 0.021301043704114106]","[0.3333333333333333, 0.3333333333333333, 0.3333333333333333]","[0, 1, 1]",True
Uniform-QP-H,25,2,"[2, 2, -5, 13, 0, 0, 1, 1, 5, 1]","[0.0, 0.0, 0.0]","[0.11683339704569855, 0.11210155737933475, 0.0779215160637118]","[0.3333333333333333, 0.3333333333333333, 0.3333333333333333]","[0, 1, 1]",True
Uniform-QP-H,25,3,"[2, 2, -5, 13, 0, 0, 0, 1, 6, 1]","[0.0, 0.0, 0.0]","[0.17270202505115945, 0.45008058998213396, 0.13236574425293895]","[0.3333333333333333, 0.3333333333333333, 0.3333333333333333]","[0, 0, 2]",True
Uniform-QP-H,25,4,"[1, 1, -5, 13, 0, 0, 0, 1, 7, 1]","[0.0, 0.0, 0.0]","[0.0, 0.0, 0.0]","[0.1, 0.8, 0.1]","[0, 2, 0]",False
Uniform-QP-H,26,0,"[2, 0, -3, 12, 0, 0, 0, 2, 0, 2]","[0.0, 0.0, 0.0]","[6.1017727298607644e-06, 1.49775974951446e-06, 3.363964687021989e-06]","[0.3333333333333333, 0.3333333333333333, 0.3333333333333333]","[0, 1, 0]",True
Uniform-QP-H,26,1,"[2, 0, -3, 13, 0, 0, 0, 2, 1, 2]","[0.0, 0.0, 0.0]","[0.0, 0.0, 0.0]","[0.1, 0.8, 0.1]","[0, 1, 0]",False
Uniform-QP-H,26,2,"[2, 0, -3, 13, 0, 0, 0, 2, 2, 2]","[0.0, 0.0, 0.0]","[0.0, 0.0, 0.0]","[0.1, 0.8, 0.1]","[0, 1, 0]",False
Uniform-QP-H,26,3,"[2, 0, -3, 13, 0, 0, 0, 2, 3, 2]","[0.0, 0.0, 0.0]","[0.0, 0.0, 0.0]","[0.1, 0.8, 0.1]","[0, 1, 0]",False
Uniform-QP-H,27,0,"[1, 0, -1, 12, 0, 0, 0, 2, 0, 3]","[0.25, 0.0, 0.0]","[0.8998870849609375, 0.68359375, 0.68359375]","[0.3333333333333333, 0.3333333333333333, 0.3333333333333333]","[1, 0, 0]",True
Uniform-QP-H,28,0,"[5, 2, -5, 13, 0, 0, 1, 0, 4, 0]","[0.0, 0.0, 0.0]","[0.0, 1.0448451167545966e-08, 1.203154982929536e-09]","[0.1, 0.8, 0.1]","[0, 1, 0]",False
Uniform-QP-H,28,1,"[4, 2, -5, 13, 0, 0, 1, 1, 5, 0]","[0.0, 0.0, 0.0]","[0.0, 0.0, 0.0]","[0.1, 0.8, 0.1]","[0, 1, 0]",False
Uniform-QP-H,28,2,"[4, 1, -5, 13, 0, -1, 0, 1, 6, 0]","[0.0, 0.0, 0.0]","[6.254822812571831e-06, 1.0390272291726673e-05, 6.752707341692015e-06]","[0.3333333333333333, 0.3333333333333333, 0.3333333333333333]","[1, 1, 0]",True
Uniform-QP-H,28,3,"[3, 0, -6, 13, 0, -1, 0, 1, 7, 0]","[0.0, 0.0, 0.0]","[0.0, 0.0, 0.0]","[0.1, 0.8, 0.1]","[0, 1, 0]",False
Uniform-QP-H,28,4,"[2, 0, -6, 13, 0, 0, 0, 3, 8, 0]","[0.0, 0.0, 0.0]","[0.0, 0.0, 0.0]","[0.1, 0.8, 0.1]","[0, 1, 0]",False
Uniform-QP-H,28,5,"[2, 0, -6, 13, 0, 0, 0, 3, 9, 0]","[0.0, 0.0, 0.0]","[0.0, 0.0, 0.0]","[0.1, 0.8, 0.1]","[0, 1, 0]",False
Uniform-QP-H,28,6,"[1, 0, -5, 13, 0, 0, 0, 3, 10, 0]","[0.0, 0.0, 0.0]","[0.0, 0.0, 0.0]","[0.1, 0.8, 0.1]","[1, 1, 0]",False
Uniform-QP-H,29,0,"[4, 0, -5, 12, 0, 0, 0, 2, 0, 3]","[0.0, 0.0, 0.0]","[4.723174857329301e-08, 8.10546514815687e-10, 3.7218649537728127e-09]","[0.1, 0.8, 0.1]","[0, 1, 1]",False
Uniform-QP-H,29,1,"[4, 0, -5, 13, 0, 0, 0, 2, 1, 3]","[0.0, 0.0, 0.0]","[0.0, 0.0, 0.0]","[0.1, 0.8, 0.1]","[0, 2, 0]",False
Uniform-QP-H,29,2,"[4, 0, -5, 13, 0, 0, 0, 2, 2, 3]","[0.0, 0.0, 0.0]","[0.0, 0.0, 0.0]","[0.1, 0.8, 0.1]","[0, 1, 0]",False
Uniform-QP-H,29,3,"[3, 0, -5, 13, 0, 0, 0, 2, 3, 3]","[0.0, 0.0, 0.0]","[0.0, 0.0, 0.0]","[0.1, 0.8, 0.1]","[0, 1, 1]",False
Uniform-QP-H,29,4,"[2, 0, -5, 13, 0, 0, 0, 2, 4, 3]","[0.0, 0.0, 0.0]","[0.0, 0.0, 0.0]","[0.1, 0.8, 0.1]","[0, 2, 0]",False
Uniform-QP-H,29,5,"[2, 0, -4, 12, 0, 0, 0, 2, 5, 3]","[0.0, 0.0, 0.0]","[0.0, 0.0, 0.0]","[0.1, 0.8, 0.1]","[0, 1, 0]",False
Uniform-QP-H,29,6,"[2, 0, -4, 12, 0, 0, 0, 2, 6, 3]","[0.0, 0.0, 0.0]","[0.0, 0.0, 0.0]","[0.1, 0.8, 0.1]","[0, 1, 1]",False
Uniform-QP-H,30,0,"[3, 2, -3, 12, 0, 0, 1, 0, 0, 0]","[0.0, 0.0, 0.0]","[0.000773065546292857, 0.00016039529864610673, 0.0006005337138171561]","[0.3333333333333333, 0.3333333333333333, 0.3333333333333333]","[0, 1, 0]",True
Uniform-QP-H,30,1,"[2, 2, -3, 13, 0, 0, 1, 0, 1, 0]","[0.0, 0.0, 0.0]","[0.0024285427180684113, 0.0022657641097958447, 0.006425787515390741]","[0.3333333333333333, 0.3333333333333333, 0.3333333333333333]","[1, 0, 0]",True
Uniform-QP-H,30,2,"[2, 2, -3, 13, 0, 0, 1, 0, 2, 0]","[0.0, 0.0, 0.0]","[0.0323980959120929, 0.014164972007428382, 0.017961582141549352]","[0.3333333333333333, 0.3333333333333333, 0.3333333333333333]","[0, 0, 1]",True
Uniform-QP-H,30,3,"[2, 2, -3, 13, 0, 0, 1, 0, 3, 0]","[0.0, 0.0, 0.0]","[0.030937576318988722, 0.10030390195499539, 0.10681092325105615]","[0.3333333333333333, 0.3333333333333333, 0.3333333333333333]","[0, 1, 0]",True
Uniform-QP-H,30,4,"[1, 2, -3, 13, 0, 0, 1, 0, 4, 0]","[0.0, 0.0, 0.0]","[0.14975791032964883, 0.2544481293419702, 0.0]","[0.3333333333333333, 0.3333333333333333, 0.3333333333333333]","[0, 1, 0]",True
Uniform-QP-H,30,5,"[1, 2, -3, 13, 0, 0, 1, 1, 5, 0]","[0.0, 0.25, 0.0]","[0.3163668126067491, 0.5476258651150997, 0.4098584846963354]","[0.3333333333333333, 0.3333333333333333, 0.3333333333333333]","[0, 1, 0]",True
Uniform-QP-H,31,0,"[3, 2, -5, 13, 0, 0, 1, 0, 3, 1]","[0.0, 0.0, 0.0]","[0.0037240075920529536, 0.004298175627146064, 0.003581250528137122]","[0.3333333333333333, 0.3333333333333333, 0.3333333333333333]","[2, 0, 1]",True
Uniform-QP-H,31,1,"[3, 2, -5, 13, 0, 0, 1, 0, 4, 1]","[0.0, 0.0, 0.0]","[0.00797534474413961, 0.034400861932341646, 0.02502630347743643]","[0.3333333333333333, 0.3333333333333333, 0.3333333333333333]","[1, 1, 1]",True
Uniform-QP-H,31,2,"[2, 2, -5, 13, 0, 0, 1, 1, 5, 1]","[0.0, 0.0, 0.0]","[0.13726595238151407, 0.10334373549221257, 0.054930480658356484]","[0.3333333333333333, 0.3333333333333333, 0.3333333333333333]","[1, 1, 1]",True
Uniform-QP-H,31,3,"[2, 2, -6, 13, 0, 0, 0, 1, 6, 1]","[0.0, 0.0, 0.0]","[0.27824337725775805, 0.27292503324805373, 0.0952021690571244]","[0.3333333333333333, 0.3333333333333333, 0.3333333333333333]","[1, 0, 0]",True
Uniform-QP-H,31,4,"[1, 1, -6, 13, 0, 0, 0, 1, 7, 1]","[0.0, 0.0, 0.0]","[0.0, 0.0, 0.0]","[0.1, 0.8, 0.1]","[0, 1, 0]",False
Uniform-QP-H,32,0,"[4, 2, -5, 13, 0, 0, 1, 0, 1, 1]","[0.0, 0.0, 0.0]","[1.895400129029636e-05, 2.3846298709512283e-05, 7.0010793101292245e-06]","[0.3333333333333333, 0.3333333333333333, 0.3333333333333333]","[0, 0, 1]",True
Uniform-QP-H,32,1,"[4, 2, -5, 13, 0, 0, 1, 0, 2, 1]","[0.0, 0.0, 0.0]","[1.199998500661571e-05, 0.0003430611494648065, 0.0005430517785540139]","[0.3333333333333333, 0.3333333333333333, 0.3333333333333333]","[0, 2, 0]",True
Uniform-QP-H,32,2,"[3, 2, -5, 13, 0, 0, 1, 0, 3, 1]","[0.0, 0.0, 0.0]","[0.0037240075920529536, 0.004298175627146064, 0.003581250528137122]","[0.3333333333333333, 0.3333333333333333, 0.3333333333333333]","[2, 1, 1]",True
Uniform-QP-H,32,3,"[3, 2, -5, 13, 0, 0, 1, 0, 4, 1]","[0.0, 0.0, 0.0]","[0.00797534474413961, 0.034400861932341646, 0.02502630347743643]","[0.3333333333333333, 0.3333333333333333, 0.3333333333333333]","[1, 2, 1]",True
Uniform-QP-H,32,4,"[2, 2, -5, 13, 0, 0, 1, 1, 5, 1]","[0.0, 0.0, 0.0]","[0.13726595238151407, 0.10334373549221257, 0.054930480658356484]","[0.3333333333333333, 0.3333333333333333, 0.3333333333333333]","[1, 2, 1]",True
Uniform-QP-H,32,5,"[2, 2, -5, 13, 0, 0, 0, 1, 6, 1]","[0.0, 0.0, 0.0]","[0.20290523554314718, 0.4233373751625342, 0.09331073523479741]","[0.3333333333333333, 0.3333333333333333, 0.3333333333333333]","[0, 0, 3]",True
Uniform-QP-H,32,6,"[1, 1, -5, 13, 0, 0, 0, 1, 7, 1]","[0.0, 0.0, 0.0]","[0.0, 0.0, 0.0]","[0.1, 0.8, 0.1]","[0, 3, 0]",False
Uniform-QP-H,33,0,"[5, 2, -5, 13, 0, 0, 1, 0, 4, 0]","[0.0, 0.0, 0.0]","[0.0, 1.188607677089464e-08, 1.3686997493757464e-09]","[0.1, 0.8, 0.1]","[0, 1, 1]",False
Uniform-QP-H,33,1,"[4, 2, -5, 13, 0, 0, 1, 1, 5, 0]","[0.0, 0.0, 0.0]","[0.0, 0.0, 0.0]","[0.1, 0.8, 0.1]","[0, 2, 0]",False
Uniform-QP-H,33,2,"[4, 1, -5, 13, 0, -1, 0, 1, 6, 0]","[0.0, 0.0, 0.0]","[7.115437776031016e-06, 1.181989293432943e-05, 7.681827343371375e-06]","[0.3333333333333333, 0.3333333333333333, 0.3333333333333333]","[2, 1, 0]",True
Uniform-QP-H,33,3,"[3, 0, -6, 13, 0, -1, 0, 1, 7, 0]","[0.0, 0.0, 0.0]","[0.0, 0.0, 0.0]","[0.1, 0.8, 0.1]","[0, 2, 0]",False
Uniform-QP-H,33,4,"[2, 0, -6, 13, 0, 0, 0, 3, 8, 0]","[0.0, 0.0, 0.0]","[0.0, 0.0, 0.0]","[0.1, 0.8, 0.1]","[0, 2, 0]",False
Uniform-QP-H,33,5,"[2, 0, -6, 13, 0, 0, 0, 3, 9, 0]","[0.0, 0.0, 0.0]","[0.0, 0.0, 0.0]","[0.1, 0.8, 0.1]","[0, 2, 0]",False
Uniform-QP-H,33,6,"[1, 0, -5, 13, 0, 0, 0, 3, 10, 0]","[0.0, 0.0, 0.0]","[0.0, 0.0, 0.0]","[0.1, 0.8, 0.1]","[1, 2, 0]",False
Uniform-QP-H,34,0,"[2, 2, -1, 13, 0, 0, 1, 0, 1, 1]","[0.0, 0.0, 0.0]","[3.3291396442503243e-06, 6.015265709094197e-06, 7.3233004654349744e-06]","[0.3333333333333333, 0.3333333333333333, 0.3333333333333333]","[0, 2, 0]",True
Uniform-QP-H,34,1,"[2, 2, -1, 13, 0, 0, 1, 0, 2, 1]","[0.0, 0.0, 0.0]","[9.046359334679173e-05, 7.75305643957166e-05, 0.00010410148682213549]","[0.3333333333333333, 0.3333333333333333, 0.3333333333333333]","[1, 0, 1]",True
Uniform-QP-H,34,2,"[1, 2, -1, 13, 0, 0, 1, 0, 3, 1]","[0.0, 0.0, 0.0]","[0.00030592995886504415, 0.0008348068287795617, 0.0006787399053626944]","[0.3333333333333333, 0.3333333333333333, 0.3333333333333333]","[0, 0, 3]",True
Uniform-QP-H,34,3,"[1, 2, -1, 13, 0, 0, 1, 0, 4, 1]","[0.0, 0.0, 0.0]","[0.0069909257089341495, 0.003182652787431642, 0.001111242289507138]","[0.3333333333333333, 0.3333333333333333, 0.3333333333333333]","[1, 0, 2]",True
Uniform-QP-H,34,4,"[1, 2, -1, 13, 0, 0, 1, 1, 5, 1]","[0.0, 0.0, 0.0]","[0.1034695753344047, 0.010108832501986546, 0.0046123562601725196]","[0.3333333333333333, 0.3333333333333333, 0.3333333333333333]","[0, 0, 3]",True
Uniform-QP-H,34,5,"[1, 2, -1, 13, 0, 0, 0, 1, 6, 1]","[0.0, 0.0, 0.0]","[0.18891770940376199, 0.016699150915730085, 0.010344113579072412]","[0.3333333333333333, 0.3333333333333333, 0.3333333333333333]","[2, 0, 1]",True
Uniform-QP-H,34,6,"[1, 1, -1, 13, 0, 0, 0, 1, 7, 1]","[0.0, 0.0, 0.0]","[0.0, 0.0, 0.0]","[0.1, 0.8, 0.1]","[1, 2, 0]",False
Uniform-QP-H,35,0,"[2, 2, -6, 13, 0, 0, 1, 1, 5, 1]","[0.0, 0.0, 0.0]","[0.0, 0.0020939073095932147, 0.10558063285520414]","[0.3333333333333333, 0.3333333333333333, 0.3333333333333333]","[1, 0, 0]",True
Uniform-QP-H,35,1,"[2, 2, -6, 13, 0, 0, 0, 1, 6, 1]","[0.0, 0.0, 0.0]","[0.27824337725775805, 0.27292503324805373, 0.0952021690571244]","[0.3333333333333333, 0.3333333333333333, 0.3333333333333333]","[2, 0, 0]",True
Uniform-QP-H,35,2,"[1, 1, -6, 13, 0, -1, 0, 1, 7, 1]","[0.0, 0.0, 0.0]","[0.0, 0.0, 0.0]","[0.1, 0.8, 0.1]","[0, 1, 0]",False
Uniform-QP-H,36,0,"[4, 0, -5, 12, 0, 0, 0, 2, 0, 3]","[0.0, 0.0, 0.0]","[5.113682692223173e-08, 9.645451748711235e-10, 4.188521628225873e-09]","[0.1, 0.8, 0.1]","[0, 2, 1]",False
Uniform-QP-H,36,1,"[4, 0, -5, 13, 0, 0, 0, 2, 1, 3]","[0.0, 0.0, 0.0]","[0.0, 0.0, 0.0]","[0.1, 0.8, 0.1]","[0, 3, 0]",False
Uniform-QP-H,36,2,"[3, 0, -5, 13, 0, 0, 0, 2, 2, 3]","[0.0, 0.0, 0.0]","[0.0, 0.0, 0.0]","[0.1, 0.8, 0.1]","[0, 2, 0]",False
Uniform-QP-H,36,3,"[3, 0, -5, 13, 0, 0, 0, 2, 3, 3]","[0.0, 0.0, 0.0]","[0.0, 0.0, 0.0]","[0.1, 0.8, 0.1]","[0, 2, 1]",False
Uniform-QP-H,36,4,"[2, 0, -5, 13, 0, 0, 0, 2, 4, 3]","[0.0, 0.0, 0.0]","[0.0, 0.0, 0.0]","[0.1, 0.8, 0.1]","[0, 3, 0]",False
Uniform-QP-H,36,5,"[2, 0, -5, 12, 0, 0, 0, 2, 5, 3]","[0.0, 0.0, 0.0]","[0.0, 0.0, 0.0]","[0.1, 0.8, 0.1]","[0, 2, 0]",False
Uniform-QP-H,36,6,"[2, 0, -4, 12, 0, 0, 0, 2, 6, 3]","[0.0, 0.0, 0.0]","[0.0, 0.0, 0.0]","[0.1, 0.8, 0.1]","[0, 1, 2]",False
Uniform-QP-H,37,0,"[4, 2, -3, 13, 0, 0, 1, 0, 1, 0]","[0.0, 0.0, 0.0]","[1.2322980455110976e-05, 3.9768090293845955e-09, 8.082200547429283e-06]","[0.3333333333333333, 0.3333333333333333, 0.3333333333333333]","[0, 0, 3]",True
Uniform-QP-H,37,1,"[3, 2, -3, 13, 0, 0, 1, 0, 2, 0]","[0.0, 0.0, 0.0]","[2.7826206397911546e-05, 0.00010138782069479127, 2.3154782379465615e-05]","[0.3333333333333333, 0.3333333333333333, 0.3333333333333333]","[1, 0, 2]",True
Uniform-QP-H,37,2,"[3, 2, -3, 13, 0, 0, 1, 0, 3, 0]","[0.0, 0.0, 0.0]","[0.00021902328477325852, 0.0005523534288340963, 2.3782764153713997e-06]","[0.3333333333333333, 0.3333333333333333, 0.3333333333333333]","[1, 0, 2]",True
Uniform-QP-H,37,3,"[3, 2, -3, 13, 0, 0, 1, 0, 4, 0]","[0.0, 0.0, 0.0]","[0.0023218357608052616, 0.0022317126257899883, 0.0011488756819739874]","[0.3333333333333333, 0.3333333333333333, 0.3333333333333333]","[2, 0, 1]",True
Uniform-QP-H,37,4,"[3, 2, -3, 13, 0, 0, 1, 1, 5, 0]","[0.0, 0.0, 0.0]","[0.0, 0.0, 0.0]","[0.1, 0.8, 0.1]","[0, 2, 0]",False
Uniform-QP-H,37,5,"[2, 1, -3, 13, 0, -1, 0, 1, 6, 0]","[0.0, 0.0, 0.0]","[0.0, 0.0, 0.0]","[0.1, 0.8, 0.1]","[1, 3, 0]",False
Uniform-QP-H,37,6,"[2, 0, -3, 13, 0, -1, 0, 1, 7, 0]","[0.0, 0.0, 0.0]","[0.0, 0.0, 0.0]","[0.1, 0.8, 0.1]","[1, 1, 0]",False
Uniform-QP-H,37,7,"[1, 0, -3, 13, 0, 0, 0, 3, 8, 0]","[0.0, 0.0, 0.0]","[0.0, 0.0, 0.0]","[0.1, 0.8, 0.1]","[0, 1, 0]",False
Uniform-QP-H,38,0,"[1, 0, -5, 12, 0, 0, 0, 2, 0, 2]","[0.0, 0.25, 0.0]","[0.8998870849609375, 0.68359375, 0.68359375]","[0.3333333333333333, 0.3333333333333333, 0.3333333333333333]","[0, 1, 0]",True
Uniform-QP-H,39,0,"[1, 2, 0, 12, 0, 0, 1, 0, 0, 0]","[0.0, 0.0, 0.0]","[4.098496179650699e-05, 1.582642657637796e-05, 1.0831965113719488e-08]","[0.3333333333333333, 0.3333333333333333, 0.3333333333333333]","[0, 0, 1]",True
Uniform-QP-H,39,1,"[1, 2, 1, 13, 0, 0, 1, 0, 1, 0]","[0.0, 0.0, 0.0]","[0.0, 1.6448771263446873e-09, 7.753599785192668e-06]","[0.3333333333333333, 0.3333333333333333, 0.3333333333333333]","[1, 0, 0]",True
Uniform-QP-H,39,2,"[1, 2, 0, 13, 0, 0, 1, 0, 2, 0]","[0.0, 0.0, 0.0]","[1.018381781694743e-06, 0.0013180227780702136, 0.002061651659939651]","[0.3333333333333333, 0.3333333333333333, 0.3333333333333333]","[0, 0, 1]",True
Uniform-QP-H,39,3,"[1, 2, 0, 13, 0, 0, 1, 0, 3, 0]","[0.0, 0.0, 0.0]","[0.009172105696747238, 0.007007982666619801, 1.8776261147538867e-05]","[0.3333333333333333, 0.3333333333333333, 0.3333333333333333]","[0, 0, 1]",True
Uniform-QP-H,39,4,"[1, 2, 0, 13, 0, 0, 1, 0, 4, 0]","[0.0, 0.0, 0.0]","[0.03706372742246117, 0.022502413980393734, 0.0001132572322486247]","[0.3333333333333333, 0.3333333333333333, 0.3333333333333333]","[0, 0, 1]",True
Uniform-QP-H,39,5,"[1, 2, 1, 13, 0, 0, 1, 1, 5, 0]","[0.0, 0.0, 0.0]","[0.0, 0.0, 0.0]","[0.1, 0.8, 0.1]","[0, 0, 1]",False
Uniform-QP-H,39,6,"[1, 1, 1, 13, 0, -1, 0, 1, 6, 0]","[0.0, 0.0, 0.0]","[0.0, 0.0, 0.0]","[0.1, 0.8, 0.1]","[0, 1, 0]",False
Uniform-QP-H,40,0,"[4, 2, -5, 13, 0, 0, 1, 0, 1, 1]","[0.0, 0.0, 0.0]","[2.1732618307492752e-05, 2.2715495703017444e-05, 6.632711362400435e-06]","[0.3333333333333333, 0.3333333333333333, 0.3333333333333333]","[0, 1, 1]",True
Uniform-QP-H,40,1,"[4, 2, -5, 13, 0, 0, 1, 0, 2, 1]","[0.0, 0.0, 0.0]","[1.1384185050101117e-05, 0.0003400800187787088, 0.0005578791631439357]","[0.3333333333333333, 0.3333333333333333, 0.3333333333333333]","[0, 3, 0]",True
Uniform-QP-H,40,2,"[3, 2, -5, 13, 0, 0, 1, 0, 3, 1]","[0.0, 0.0, 0.0]","[0.0037965435445729313, 0.00437257332451331, 0.003666534290055506]","[0.3333333333333333, 0.3333333333333333, 0.3333333333333333]","[2, 1, 2]",True
Uniform-QP-H,40,3,"[3, 2, -5, 13, 0, 0, 1, 0, 4, 1]","[0.0, 0.0, 0.0]","[0.008975886900034183, 0.035257262070775314, 0.02369346441292541]","[0.3333333333333333, 0.3333333333333333, 0.3333333333333333]","[2, 2, 1]",True
Uniform-QP-H,40,4,"[2, 2, -5, 13, 0, 0, 1, 1, 5, 1]","[0.0, 0.0, 0.0]","[0.1300096968152107, 0.10632998530765983, 0.06296631520119723]","[0.3333333333333333, 0.3333333333333333, 0.3333333333333333]","[1, 3, 1]",True
Uniform-QP-H,40,5,"[2, 2, -5, 13, 0, 0, 0, 1, 6, 1]","[0.0, 0.0, 0.0]","[0.19235816929634944, 0.4326242235006503, 0.10696125531819636]","[0.3333333333333333, 0.3333333333333333, 0.3333333333333333]","[0, 1, 3]",True
Uniform-QP-H,40,6,"[1, 1, -5, 13, 0, 0, 0, 1, 7, 1]","[0.0, 0.0, 0.0]","[0.0, 0.0, 0.0]","[0.1, 0.8, 0.1]","[0, 4, 0]",False
Uniform-QP-H,41,0,"[2, 2, -3, 13, 0, 0, 1, 0, 3, 0]","[0.0, 0.0, 0.0]","[0.0198405368025493, 0.09477258536186392, 0.09355635961041753]","[0.3333333333333333, 0.3333333333333333, 0.3333333333333333]","[1, 1, 0]",True
Uniform-QP-H,41,1,"[1, 2, -4, 13, 0, 0, 1, 0, 4, 0]","[0.0, 0.0, 0.0]","[0.0, 0.0, 0.0]","[0.1, 0.8, 0.1]","[1, 0, 0]",False
Uniform-QP-H,41,2,"[1, 2, -4, 13, 0, 0, 1, 1, 5, 0]","[0.0, 0.0, 0.0]","[0.0, 0.0, 0.0]","[0.1, 0.8, 0.1]","[0, 0, 1]",False
Uniform-QP-H,42,0,"[1, 2, 0, 13, 0, 0, 1, 0, 4, 1]","[0.0, 0.0, 0.0]","[0.019436675680853638, 0.006788142693254862, 0.00012570880512766388]","[0.3333333333333333, 0.3333333333333333, 0.3333333333333333]","[0, 1, 2]",True
Uniform-QP-H,42,1,"[1, 2, 0, 13, 0, 0, 1, 1, 5, 1]","[0.0, 0.0, 0.0]","[0.034726735867563654, 0.04507659590086579, 0.0]","[0.3333333333333333, 0.3333333333333333, 0.3333333333333333]","[1, 1, 1]",True
Uniform-QP-H,42,2,"[1, 2, 0, 13, 0, 0, 0, 1, 6, 1]","[0.0, 0.0, 0.0]","[0.005028270517182115, 0.11836666249795728, 0.07425591979029818]","[0.3333333333333333, 0.3333333333333333, 0.3333333333333333]","[0, 3, 0]",True
Uniform-QP-H,42,3,"[1, 1, 0, 13, 0, 0, 0, 1, 7, 1]","[0.0, 0.0, 0.0]","[0.0, 0.0, 0.0]","[0.1, 0.8, 0.1]","[0, 2, 1]",False
Uniform-QP-H,42,4,"[1, 1, 0, 13, 0, 0, 0, 1, 8, 1]","[0.0, 0.0, 0.0]","[0.0, 0.0, 0.0]","[0.1, 0.8, 0.1]","[0, 3, 2]",False
Uniform-QP-H,43,0,"[2, 0, -5, 12, 0, 0, 0, 2, 0, 2]","[0.0, 0.0, 0.0]","[0.14028804977657539, 0.06627286486391266, 0.09891635860053846]","[0.3333333333333333, 0.3333333333333333, 0.3333333333333333]","[0, 1, 0]",True
Uniform-QP-H,43,1,"[2, 0, -5, 13, 0, 0, 0, 2, 1, 2]","[0.0, 0.0, 0.0]","[0.0, 0.0, 0.0]","[0.1, 0.8, 0.1]","[0, 1, 0]",False
Uniform-QP-H,43,2,"[1, 0, -5, 13, 0, 0, 0, 2, 2, 2]","[0.0, 0.0, 0.0]","[0.0, 0.0, 0.0]","[0.1, 0.8, 0.1]","[0, 0, 1]",False
Uniform-QP-H,44,0,"[3, 2, -3, 13, 0, 0, 1, 0, 4, 0]","[0.0, 0.0, 0.0]","[0.0026889730618509596, 0.002125614528654069, 0.001916595246053383]","[0.3333333333333333, 0.3333333333333333, 0.3333333333333333]","[3, 0, 1]",True
Uniform-QP-H,44,1,"[2, 2, -4, 13, 0, 0, 1, 1, 5, 0]","[0.0, 0.0, 0.0]","[0.0, 0.0, 0.0]","[0.1, 0.8, 0.1]","[1, 0, 0]",False
Uniform-QP-H,44,2,"[2, 1, -4, 13, 0, -1, 0, 1, 6, 0]","[0.0, 0.0, 0.0]","[0.0, 0.0, 0.0]","[0.1, 0.8, 0.1]","[0, 1, 0]",False
Uniform-QP-H,44,3,"[1, 0, -4, 13, 0, -1, 0, 1, 7, 0]","[0.0, 0.0, 0.0]","[0.0, 0.0, 0.0]","[0.1, 0.8, 0.1]","[1, 0, 1]",False
Uniform-QP-H,45,0,"[2, 2, -3, 13, 0, 0, 1, 0, 1, 1]","[0.0, 0.0, 0.0]","[2.4640319850830604e-06, 0.00010197917708640993, 5.552002860264693e-05]","[0.3333333333333333, 0.3333333333333333, 0.3333333333333333]","[1, 0, 0]",True
Uniform-QP-H,45,1,"[2, 2, -3, 13, 0, 0, 1, 0, 2, 1]","[0.0, 0.0, 0.0]","[0.0001422728520632084, 0.000944610047101603, 0.00016711471203011518]","[0.3333333333333333, 0.3333333333333333, 0.3333333333333333]","[1, 0, 0]",True
Uniform-QP-H,45,2,"[2, 2, -3, 13, 0, 0, 1, 0, 3, 1]","[0.0, 0.0, 0.0]","[0.00026434494764182906, 0.0031127467168941773, 0.003002562071539016]","[0.3333333333333333, 0.3333333333333333, 0.3333333333333333]","[1, 0, 0]",True
Uniform-QP-H,45,3,"[1, 2, -4, 13, 0, 0, 1, 0, 4, 1]","[0.0, 0.0, 0.0]","[0.0, 0.0, 0.0]","[0.1, 0.8, 0.1]","[0, 1, 0]",False
Uniform-QP-H,45,4,"[1, 2, -4, 13, 0, 0, 1, 1, 5, 1]","[0.0, 0.0, 0.0]","[0.0, 0.0, 0.0]","[0.1, 0.8, 0.1]","[0, 1, 0]",False
Uniform-QP-H,45,5,"[1, 2, -4, 13, 0, 0, 0, 1, 6, 1]","[0.0, 0.0, 0.0]","[0.20840926534403564, 0.0, 0.025795349685491933]","[0.3333333333333333, 0.3333333333333333, 0.3333333333333333]","[1, 0, 0]",True
Uniform-QP-H,45,6,"[0, 1, -4, 13, 0, 0, 0, 1, 7, 1]","[0.0, 0.0, 0.0]","[0.0, 0.0, 0.0]","[0.1, 0.8, 0.1]","[0, 1, 0]",False
Uniform-QP-H,46,0,"[1, 0, -5, 12, 0, 0, 0, 2, 0, 3]","[0.25, 0.0, 0.0]","[0.8998870849609375, 0.68359375, 0.68359375]","[0.3333333333333333, 0.3333333333333333, 0.3333333333333333]","[1, 0, 0]",True
Uniform-QP-H,47,0,"[1, 2, 0, 13, 0, 0, 1, 0, 4, 1]","[0.0, 0.0, 0.0]","[0.019052354938922326, 0.00665037956032005, 0.00013253481969326318]","[0.3333333333333333, 0.3333333333333333, 0.3333333333333333]","[0, 2, 2]",True
Uniform-QP-H,47,1,"[1, 2, 0, 13, 0, 0, 1, 1, 5, 1]","[0.0, 0.0, 0.0]","[0.034442770894581295, 0.04415378422341111, 0.0]","[0.3333333333333333, 0.3333333333333333, 0.3333333333333333]","[2, 1, 1]",True
Uniform-QP-H,47,2,"[1, 2, 0, 13, 0, 0, 0, 1, 6, 1]","[0.0, 0.0, 0.0]","[0.00446906708159383, 0.11689203351909457, 0.07307462884490404]","[0.3333333333333333, 0.3333333333333333, 0.3333333333333333]","[0, 3, 1]",True
Uniform-QP-H,47,3,"[1, 1, 0, 13, 0, 0, 0, 1, 7, 1]","[0.0, 0.0, 0.0]","[0.0, 0.0, 0.0]","[0.1, 0.8, 0.1]","[0, 3, 1]",False
Uniform-QP-H,47,4,"[1, 1, 0, 13, 0, 0, 0, 1, 8, 1]","[0.0, 0.0, 0.0]","[0.0, 0.0, 0.0]","[0.1, 0.8, 0.1]","[0, 4, 2]",False
Uniform-QP-H,48,0,"[1, 2, -1, 13, 0, 0, 1, 1, 5, 1]","[0.0, 0.0, 0.0]","[0.1112917240806022, 0.008372470568094583, 0.01592173097064009]","[0.3333333333333333, 0.3333333333333333, 0.3333333333333333]","[0, 1, 3]",True
Uniform-QP-H,48,1,"[1, 2, -1, 13, 0, 0, 0, 1, 6, 1]","[0.0, 0.0, 0.0]","[0.17549526175193028, 0.04421381561669936, 0.06818610906665953]","[0.3333333333333333, 0.3333333333333333, 0.3333333333333333]","[2, 0, 2]",True
Uniform-QP-H,48,2,"[1, 1, -1, 13, 0, 0, 0, 1, 7, 1]","[0.0, 0.0, 0.0]","[0.0, 0.0, 0.0]","[0.1, 0.8, 0.1]","[1, 3, 0]",False
Uniform-QP-H,49,0,"[5, 2, -5, 12, 0, 0, 1, 0, 0, 0]","[0.0, 0.0, 0.0]","[4.328695035791994e-05, 1.5906354568871632e-05, 4.098290971351419e-06]","[0.3333333333333333, 0.3333333333333333, 0.3333333333333333]","[0, 1, 0]",True
Uniform-QP-H,49,1,"[4, 2, -5, 13, 0, 0, 1, 0, 1, 0]","[0.0, 0.0, 0.0]","[0.0011367205730825794, 5.023988154764214e-06, 0.0012539433613632399]","[0.3333333333333333, 0.3333333333333333, 0.3333333333333333]","[1, 0, 0]",True
Uniform-QP-H,49,2,"[4, 2, -5, 13, 0, 0, 1, 0, 2, 0]","[0.0, 0.0, 0.0]","[0.010098743224810735, 0.0034951682127038913, 0.012241111001794185]","[0.3333333333333333, 0.3333333333333333, 0.3333333333333333]","[1, 0, 0]",True
Uniform-QP-H,49,3,"[3, 2, -6, 13, 0, 0, 1, 0, 3, 0]","[0.0, 0.0, 0.0]","[0.0, 0.0, 0.0]","[0.1, 0.8, 0.1]","[0, 1, 0]",False
Uniform-QP-H,49,4,"[3, 2, -5, 13, 0, 0, 1, 0, 4, 0]","[0.0, 0.0, 0.0]","[0.003923317263435366, 0.17958309676621437, 0.09112159307857835]","[0.3333333333333333, 0.3333333333333333, 0.3333333333333333]","[0, 1, 0]",True
Uniform-QP-H,49,5,"[2, 2, -5, 13, 0, 0, 1, 1, 5, 0]","[0.0, 0.0, 0.0]","[0.0683090950520294, 0.3755210035349523, 0.050760089376609085]","[0.3333333333333333, 0.3333333333333333, 0.3333333333333333]","[1, 0, 0]",True
Uniform-QP-H,49,6,"[2, 1, -6, 13, 0, -1, 0, 1, 6, 0]","[0.0, 0.0, 0.0]","[0.0, 0.0, 0.0]","[0.1, 0.8, 0.1]","[0, 1, 0]",False
Uniform-QP-H,50,0,"[4, 2, -5, 13, 0, 0, 1, 0, 1, 1]","[0.0, 0.0, 0.0]","[1.5210918676840177e-05, 2.215455653111878e-05, 7.069850207001753e-06]","[0.3333333333333333, 0.3333333333333333, 0.3333333333333333]","[0, 1, 2]",True
Uniform-QP-H,50,1,"[4, 2, -5, 13, 0, 0, 1, 0, 2, 1]","[0.0, 0.0, 0.0]","[1.4082768287989394e-05, 0.00031267368060961453, 0.00047215192592650027]","[0.3333333333333333, 0.3333333333333333, 0.3333333333333333]","[0, 4, 0]",True
Uniform-QP-H,50,2,"[3, 2, -5, 13, 0, 0, 1, 0, 3, 1]","[0.0, 0.0, 0.0]","[0.00330260427873921, 0.003804162479561756, 0.0031367713974449563]","[0.3333333333333333, 0.3333333333333333, 0.3333333333333333]","[2, 1, 3]",True
Uniform-QP-H,50,3,"[3, 2, -5, 13, 0, 0, 1, 0, 4, 1]","[0.0, 0.0, 0.0]","[0.008538976607527837, 0.029865806428135612, 0.023248205228177988]","[0.3333333333333333, 0.3333333333333333, 0.3333333333333333]","[3, 2, 1]",True
Uniform-QP-H,50,4,"[2, 2, -5, 13, 0, 0, 1, 1, 5, 1]","[0.0, 0.0, 0.0]","[0.13434328925709188, 0.08897611421067561, 0.04195777025021735]","[0.3333333333333333, 0.3333333333333333, 0.3333333333333333]","[1, 4, 1]",True
Uniform-QP-H,50,5,"[2, 2, -5, 13, 0, 0, 0, 1, 6, 1]","[0.0, 0.0, 0.0]","[0.2211536296337036, 0.400628594533268, 0.07127391466334987]","[0.3333333333333333, 0.3333333333333333, 0.3333333333333333]","[0, 1, 4]",True
Uniform-QP-H,50,6,"[1, 1, -5, 13, 0, 0, 0, 1, 7, 1]","[0.0, 0.0, 0.0]","[0.0, 0.0, 0.0]","[0.1, 0.8, 0.1]","[0, 5, 0]",False
Uniform-QP-H,51,0,"[1, 2, 0, 13, 0, 0, 1, 0, 1, 0]","[0.0, 0.0, 0.0]","[0.00012124223954634918, 0.00018755394506006766, 0.00025410992688530183]","[0.3333333333333333, 0.3333333333333333, 0.3333333333333333]","[0, 0, 1]",True
Uniform-QP-H,51,1,"[1, 2, 0, 13, 0, 0, 1, 0, 2, 0]","[0.0, 0.0, 0.0]","[0.00011980396627063736, 0.0018062686006642076, 0.0018005961606638457]","[0.3333333333333333, 0.3333333333333333, 0.3333333333333333]","[0, 0, 2]",True
Uniform-QP-H,51,2,"[1, 2, 0, 13, 0, 0, 1, 0, 3, 0]","[0.0, 0.0, 0.0]","[0.009915874467752536, 0.007935233254963992, 0.0022088676345574077]","[0.3333333333333333, 0.3333333333333333, 0.3333333333333333]","[0, 0, 2]",True
Uniform-QP-H,51,3,"[1, 2, 1, 13, 0, 0, 1, 0, 4, 0]","[0.0, 0.0, 0.0]","[0.0, 0.0, 0.0]","[0.1, 0.8, 0.1]","[0, 1, 0]",False
Uniform-QP-H,51,4,"[1, 2, 0, 13, 0, 0, 1, 1, 5, 0]","[0.0, 0.05, 0.0]","[0.15875714076828698, 0.06723529046383439, 0.1349458470878726]","[0.3333333333333333, 0.3333333333333333, 0.3333333333333333]","[0, 1, 1]",True
Uniform-QP-H,51,5,"[1, 1, 0, 13, 0, -1, 0, 1, 6, 0]","[0.25, 0.25, 0.0]","[0.07297189246666878, 0.22378011184994828, 0.8896801613033463]","[0.3333333333333333, 0.3333333333333333, 0.3333333333333333]","[1, 1, 0]",True
Uniform-QP-H,52,0,"[1, 2, -1, 13, 0, 0, 1, 0, 4, 0]","[0.0, 0.0, 0.0]","[0.002298210457547873, 0.17049538180948737, 0.1031728854641712]","[0.3333333333333333, 0.3333333333333333, 0.3333333333333333]","[0, 0, 2]",True
Uniform-QP-H,52,1,"[1, 2, -1, 13, 0, 0, 1, 1, 5, 0]","[0.0, 0.0, 0.0]","[0.3961384431638536, 0.37191942690415386, 0.2965833846241812]","[0.3333333333333333, 0.3333333333333333, 0.3333333333333333]","[0, 0, 2]",True
Uniform-QP-H,52,2,"[1, 1, -1, 13, 0, -1, 0, 1, 6, 0]","[0.0, 0.0, 0.0]","[0.0, 0.0, 0.0]","[0.1, 0.8, 0.1]","[1, 1, 0]",False
Uniform-QP-H,53,0,"[3, 2, -6, 13, 0, 0, 1, 0, 4, 0]","[0.0, 0.0, 0.0]","[0.005850417749319672, 0.0054432594152769714, 0.12298751102786266]","[0.3333333333333333, 0.3333333333333333, 0.3333333333333333]","[0, 1, 0]",True
Uniform-QP-H,53,1,"[2, 2, -6, 13, 0, 0, 1, 1, 5, 0]","[0.0, 0.0, 0.0]","[0.0, 0.0, 0.0]","[0.1, 0.8, 0.1]","[0, 1, 0]",False
Uniform-QP-H,53,2,"[2, 1, -6, 13, 0, -1, 0, 1, 6, 0]","[0.0, 0.0, 0.0]","[0.0, 0.0, 0.0]","[0.1, 0.8, 0.1]","[0, 2, 0]",False
Uniform-QP-H,54,0,"[1, 2, -3, 13, 0, 0, 1, 0, 4, 1]","[0.0, 0.0, 0.0]","[0.00034983467391044507, 0.02001927871586947, 0.006820908427576167]","[0.3333333333333333, 0.3333333333333333, 0.3333333333333333]","[0, 1, 0]",True
Uniform-QP-H,54,1,"[1, 2, -3, 13, 0, 0, 1, 1, 5, 1]","[0.0, 0.0, 0.0]","[0.002732606763863164, 0.07370564085863582, 0.08190050173649398]","[0.3333333333333333, 0.3333333333333333, 0.3333333333333333]","[0, 1, 0]",True
Uniform-QP-H,54,2,"[1, 2, -3, 13, 0, 0, 0, 1, 6, 1]","[0.0, 0.0, 0.0]","[0.11822804745005573, 0.20240957809007804, 0.10191840687882289]","[0.3333333333333333, 0.3333333333333333, 0.3333333333333333]","[0, 0, 1]",True
Uniform-QP-H,54,3,"[0, 1, -3, 13, 0, 0, 0, 1, 7, 1]","[0.0, 0.0, 0.0]","[0.0, 0.0, 0.0]","[0.1, 0.8, 0.1]","[0, 0, 1]",False
Uniform-QP-H,55,0,"[4, 2, -5, 12, 0, 0, 1, 0, 0, 1]","[0.0, 0.0, 0.0]","[4.5291536392486055e-05, 1.8151417933067653e-05, 2.748454375954532e-05]","[0.3333333333333333, 0.3333333333333333, 0.3333333333333333]","[2, 0, 1]",True
Uniform-QP-H,55,1,"[3, 2, -5, 13, 0, 0, 1, 0, 1, 1]","[0.0, 0.0, 0.0]","[0.00016228947682263398, 0.00033625812628420383, 8.205079925409576e-05]","[0.3333333333333333, 0.3333333333333333, 0.3333333333333333]","[1, 1, 1]",True
Uniform-QP-H,55,2,"[3, 2, -5, 13, 0, 0, 1, 0, 2, 1]","[0.0, 0.0, 0.0]","[0.0012195559682101939, 0.0013419391011437445, 0.0009039449303756222]","[0.3333333333333333, 0.3333333333333333, 0.3333333333333333]","[0, 0, 3]",True
Uniform-QP-H,55,3,"[2, 2, -5, 13, 0, 0, 1, 0, 3, 1]","[0.0, 0.0, 0.0]","[0.005875244869955059, 0.004055333482747475, 0.010744865378576664]","[0.3333333333333333, 0.3333333333333333, 0.3333333333333333]","[2, 0, 2]",True
Uniform-QP-H,55,4,"[2, 2, -5, 13, 0, 0, 1, 0, 4, 1]","[0.0, 0.0, 0.0]","[0.03057742795059113, 0.02346537605512871, 0.022762723150837133]","[0.3333333333333333, 0.3333333333333333, 0.3333333333333333]","[2, 1, 1]",True
Uniform-QP-H,55,5,"[1, 2, -5, 13, 0, 0, 1, 1, 5, 1]","[0.0, 0.0, 0.0]","[0.17480333127229686, 0.05128153709046693, 0.08553682211144666]","[0.3333333333333333, 0.3333333333333333, 0.3333333333333333]","[2, 1, 0]",True
Uniform-QP-H,55,6,"[1, 2, -5, 13, 0, 0, 0, 1, 6, 1]","[0.25, 0.0, 0.0]","[0.7013622024134171, 0.07297189246666878, 0.6106218575333311]","[0.3333333333333333, 0.3333333333333333, 0.3333333333333333]","[1, 0, 0]",True
Uniform-QP-H,56,0,"[3, 2, -3, 13, 0, 0, 1, 0, 2, 0]","[0.0, 0.0, 0.0]","[3.967623308785768e-05, 0.0001139456337924658, 2.596027013868124e-05]","[0.3333333333333333, 0.3333333333333333, 0.3333333333333333]","[2, 0, 2]",True
Uniform-QP-H,56,1,"[3, 2, -3, 13, 0, 0, 1, 0, 3, 0]","[0.0, 0.0, 0.0]","[0.00032914488835639416, 0.0006217391647459697, 0.00015535877197951498]","[0.3333333333333333, 0.3333333333333333, 0.3333333333333333]","[2, 0, 2]",True
Uniform-QP-H,56,2,"[3, 2, -4, 13, 0, 0, 1, 0, 4, 0]","[0.0, 0.0, 0.0]","[0.0, 0.0, 0.0]","[0.1, 0.8, 0.1]","[0, 0, 1]",False
Uniform-QP-H,56,3,"[2, 2, -3, 13, 0, 0, 1, 1, 5, 0]","[0.0, 0.0, 0.0]","[0.10477249458839952, 0.002090184428307619, 0.03172807605544005]","[0.3333333333333333, 0.3333333333333333, 0.3333333333333333]","[0, 3, 0]",True
Uniform-QP-H,56,4,"[2, 1, -3, 13, 0, -1, 0, 1, 6, 0]","[0.0, 0.0, 0.0]","[0.0, 0.0, 0.0]","[0.1, 0.8, 0.1]","[1, 4, 0]",False
Uniform-QP-H,56,5,"[1, 0, -3, 13, 0, -1, 0, 1, 7, 0]","[0.0, 0.0, 0.0]","[0.0, 0.0, 0.0]","[0.1, 0.8, 0.1]","[0, 1, 0]",False
Uniform-QP-H,57,0,"[3, 2, -3, 12, 0, 0, 1, 0, 0, 0]","[0.0, 0.0, 0.0]","[0.0008188927886383636, 0.00019143231177699228, 0.0006233125301714826]","[0.3333333333333333, 0.3333333333333333, 0.3333333333333333]","[0, 2, 0]",True
Uniform-QP-H,57,1,"[2, 2, -3, 13, 0, 0, 1, 0, 1, 0]","[0.0, 0.0, 0.0]","[0.0031864337087086653, 0.0028117387407158075, 0.006068540779203406]","[0.3333333333333333, 0.3333333333333333, 0.3333333333333333]","[2, 0, 0]",True
Uniform-QP-H,57,2,"[2, 2, -3, 13, 0, 0, 1, 0, 2, 0]","[0.0, 0.0, 0.0]","[0.031012678587644747, 0.016618654233388395, 0.018055068977675524]","[0.3333333333333333, 0.3333333333333333, 0.3333333333333333]","[0, 1, 1]",True
Uniform-QP-H,57,3,"[2, 2, -3, 13, 0, 0, 1, 0, 3, 0]","[0.0, 0.0, 0.0]","[0.029787819049620242, 0.10403699901908686, 0.10843094659530321]","[0.3333333333333333, 0.3333333333333333, 0.3333333333333333]","[1, 2, 0]",True
Uniform-QP-H,57,4,"[1, 2, -3, 13, 0, 0, 1, 0, 4, 0]","[0.0, 0.05, 0.0]","[0.14419234034861372, 0.269304253315395, 0.0]","[0.3333333333333333, 0.3333333333333333, 0.3333333333333333]","[0, 2, 0]",True
Uniform-QP-H,57,5,"[1, 2, -3, 13, 0, 0, 1, 1, 5, 0]","[0.0, 0.25, 0.25]","[0.30460942609298114, 0.5599082264221762, 0.43804805973414696]","[0.3333333333333333, 0.3333333333333333, 0.3333333333333333]","[0, 1, 1]",True
Uniform-QP-H,58,0,"[1, 2, -2, 13, 0, 0, 1, 1, 5, 0]","[0.0, 0.0, 0.0]","[0.0, 0.10095045624093353, 0.22624189661009983]","[0.3333333333333333, 0.3333333333333333, 0.3333333333333333]","[0, 0, 1]",True
Uniform-QP-H,58,1,"[1, 1, -1, 13, 0, -1, 0, 1, 6, 0]","[0.0, 0.0, 0.0]","[0.0, 0.0, 0.0]","[0.1, 0.8, 0.1]","[1, 2, 0]",False
Uniform-QP-H,59,0,"[4, 2, -3, 13, 0, 0, 1, 0, 1, 1]","[0.0, 0.0, 0.0]","[5.530682577288182e-07, 3.1179551142511715e-07, 2.504524367973146e-06]","[0.3333333333333333, 0.3333333333333333, 0.3333333333333333]","[0, 0, 1]",True
Uniform-QP-H,59,1,"[3, 2, -3, 13, 0, 0, 1, 0, 2, 1]","[0.0, 0.0, 0.0]","[1.6106978316133674e-06, 3.478283656261675e-05, 3.341940252762225e-05]","[0.3333333333333333, 0.3333333333333333, 0.3333333333333333]","[0, 0, 1]",True
Uniform-QP-H,59,2,"[3, 2, -3, 13, 0, 0, 1, 0, 3, 1]","[0.0, 0.0, 0.0]","[0.000197202852520789, 0.00015244549363855467, 0.0002741777582560757]","[0.3333333333333333, 0.3333333333333333, 0.3333333333333333]","[0, 1, 0]",True
Uniform-QP-H,59,3,"[3, 2, -3, 13, 0, 0, 1, 0, 4, 1]","[0.0, 0.0, 0.0]","[0.0007600098452113165, 0.0026860199009399958, 0.0024170768502070556]","[0.3333333333333333, 0.3333333333333333, 0.3333333333333333]","[0, 1, 0]",True
Uniform-QP-H,59,4,"[2, 2, -3, 13, 0, 0, 1, 1, 5, 1]","[0.0, 0.0, 0.0]","[0.016026727048642705, 0.010519590560405002, 0.022879674714604885]","[0.3333333333333333, 0.3333333333333333, 0.3333333333333333]","[0, 0, 2]",True
Uniform-QP-H,59,5,"[2, 2, -3, 13, 0, 0, 0, 1, 6, 1]","[0.0, 0.0, 0.0]","[0.10034671112103857, 0.06653879066871286, 0.09911535715809866]","[0.3333333333333333, 0.3333333333333333, 0.3333333333333333]","[0, 0, 2]",True
Uniform-QP-H,59,6,"[2, 1, -3, 13, 0, 0, 0, 1, 7, 1]","[0.0, 0.0, 0.0]","[0.0, 0.0, 0.0]","[0.1, 0.8, 0.1]","[0, 2, 0]",False
Uniform-QP-H,59,7,"[1, 1, -3, 13, 0, 0, 0, 1, 8, 1]","[0.0, 0.0, 0.0]","[0.0, 0.0, 0.0]","[0.1, 0.8, 0.1]","[0, 1, 1]",False
Uniform-QP-H,60,0,"[3, 2, -5, 13, 0, 0, 1, 0, 4, 1]","[0.0, 0.0, 0.0]","[0.011041857724751653, 0.034535974379827444, 0.02043162658841184]","[0.3333333333333333, 0.3333333333333333, 0.3333333333333333]","[3, 3, 1]",True
Uniform-QP-H,60,1,"[2, 2, -5, 13, 0, 0, 1, 1, 5, 1]","[0.0, 0.0, 0.0]","[0.11560465771321544, 0.10453237261723036, 0.070876040912715]","[0.3333333333333333, 0.3333333333333333, 0.3333333333333333]","[1, 4, 2]",True
Uniform-QP-H,60,2,"[2, 2, -5, 13, 0, 0, 0, 1, 6, 1]","[0.0, 0.0, 0.0]","[0.1825827955593718, 0.43793648830757964, 0.12039755357740382]","[0.3333333333333333, 0.3333333333333333, 0.3333333333333333]","[0, 1, 5]",True
Uniform-QP-H,60,3,"[1, 1, -5, 13, 0, 0, 0, 1, 7, 1]","[0.0, 0.0, 0.0]","[0.0, 0.0, 0.0]","[0.1, 0.8, 0.1]","[0, 6, 0]",False
AdaTE-Equal-H,1,0,"[3, 2, -5, 13, 0, 0, 1, 0, 2, 0]","[0.0, 0.0, 0.0]","[0.028915566951036458, 0.0048349791467189795, 0.013038845404982569]","[0.1, 0.8, 0.1]","[0, 1, 0]",True
AdaTE-Equal-H,1,1,"[2, 2, -5, 13, 0, 0, 1, 0, 3, 0]","[0.0, 0.0, 0.0]","[0.022518201470375067, 0.07440503438313803, 0.062093915492296224]","[0.1, 0.8, 0.1]","[0, 1, 0]",True
AdaTE-Equal-H,1,2,"[2, 2, -5, 13, 0, 0, 1, 0, 4, 0]","[0.0, 0.0, 0.0]","[0.26525135189294813, 0.11598968505859376, 0.3754155476888021]","[0.1, 0.8, 0.1]","[0, 1, 0]",True
AdaTE-Equal-H,1,3,"[1, 2, -5, 13, 0, 0, 1, 1, 5, 0]","[0.0, 0.25, 0.0]","[0.5278269449869791, 0.5278269449869791, 0.827789306640625]","[0.1, 0.8, 0.1]","[0, 1, 0]",True
AdaTE-Equal-H,2,0,"[4, 2, -3, 13, 0, 0, 1, 0, 1, 0]","[0.0, 0.0, 0.0]","[1.3651945114135747e-05, 1.460886682849378e-06, 9.027941634257637e-06]","[0.1, 0.8, 0.1]","[0, 1, 0]",True
AdaTE-Equal-H,2,1,"[3, 2, -3, 13, 0, 0, 1, 0, 2, 0]","[0.0, 0.0, 0.0]","[8.004584921554974e-05, 0.000111955379486084, 2.5418492635091147e-05]","[0.1, 0.8, 0.1]","[0, 1, 0]",True
AdaTE-Equal-H,2,2,"[3, 2, -3, 13, 0, 0, 1, 0, 3, 0]","[0.0, 0.0, 0.0]","[0.0007896911271413168, 0.0006122540283203127, 0.0008736633611718815]","[0.1, 0.8, 0.1]","[0, 1, 0]",True
AdaTE-Equal-H,2,3,"[3, 2, -3, 13, 0, 0, 1, 0, 4, 0]","[0.0, 0.0, 0.0]","[0.002737863413492838, 0.004487290382385254, 0.005969895422458649]","[0.1, 0.8, 0.1]","[0, 1, 0]",True
AdaTE-Equal-H,2,4,"[2, 2, -3, 13, 0, 0, 1, 1, 5, 0]","[0.0, 0.0, 0.0]","[0.074641845703125, 0.01175419662396113, 0.03693864949544271]","[0.1, 0.8, 0.1]","[0, 1, 0]",True
AdaTE-Equal-H,2,5,"[2, 1, -3, 13, 0, -1, 0, 1, 6, 0]","[0.0, 0.0, 0.0]","[0.0, 0.0, 0.0]","[0.1, 0.8, 0.1]","[1, 0, 0]",False
AdaTE-Equal-H,2,6,"[1, 0, -4, 13, 0, -1, 0, 1, 7, 0]","[0.0, 0.0, 0.0]","[0.0, 0.0, 0.0]","[0.1, 0.8, 0.1]","[0, 1, 0]",False
AdaTE-Equal-H,3,0,"[1, 2, 0, 13, 0, 0, 1, 0, 2, 0]","[0.0, 0.0, 0.0]","[0.0003741040547688803, 0.002620569596191248, 0.001492952991059671]","[0.1, 0.8, 0.1]","[0, 1, 0]",True
AdaTE-Equal-H,3,1,"[1, 2, 0, 13, 0, 0, 1, 0, 3, 0]","[0.0, 0.0, 0.0]","[0.011285094118677081, 0.010556428584580621, 0.006897487322489422]","[0.1, 0.8, 0.1]","[0, 1, 0]",True
AdaTE-Equal-H,3,2,"[1, 2, 0, 13, 0, 0, 1, 0, 4, 0]","[0.0, 0.0, 0.0]","[0.056253888079275685, 0.05097099049016833, 0.04160521189371745]","[0.1, 0.8, 0.1]","[0, 1, 0]",True
AdaTE-Equal-H,3,3,"[1, 2, 0, 13, 0, 0, 1, 1, 5, 0]","[0.0, 0.0, 0.0]","[0.2696785635392492, 0.1067137859451274, 0.1878327362239361]","[0.1, 0.8, 0.1]","[0, 1, 0]",True
AdaTE-Equal-H,3,4,"[1, 1, 0, 13, 0, -1, 0, 1, 6, 0]","[0.0, 0.25, 0.0]","[0.22786458333333331, 0.45572916666666663, 0.7857216347474605]","[0.1, 0.8, 0.1]","[0, 1, 0]",True
AdaTE-Equal-H,4,0,"[4, 0, -5, 12, 0, 0, 0, 2, 0, 2]","[0.0, 0.0, 0.0]","[1.724960433443388e-07, 1.7172495524088546e-08, 1.2527287801106775e-07]","[0.1, 0.8, 0.1]","[0, 1, 0]",True
AdaTE-Equal-H,4,1,"[4, 0, -5, 13, 0, 0, 0, 2, 1, 2]","[0.0, 0.0, 0.0]","[0.0, 0.0, 0.0]","[0.1, 0.8, 0.1]","[0, 1, 0]",False
AdaTE-Equal-H,4,2,"[3, 0, -5, 13, 0, 0, 0, 2, 2, 2]","[0.0, 0.0, 0.0]","[0.0, 0.0, 0.0]","[0.1, 0.8, 0.1]","[1, 0, 0]",False
AdaTE-Equal-H,4,3,"[3, 0, -5, 13, 0, 0, 0, 2, 3, 2]","[0.0, 0.0, 0.0]","[0.0, 0.0, 0.0]","[0.1, 0.8, 0.1]","[0, 1, 0]",False
AdaTE-Equal-H,4,4,"[2, 0, -5, 13, 0, 0, 0, 2, 4, 2]","[0.0, 0.0, 0.0]","[0.0, 0.0, 0.0]","[0.1, 0.8, 0.1]","[0, 1, 0]",False
AdaTE-Equal-H,4,5,"[2, 0, -5, 12, 0, 0, 0, 2, 5, 2]","[0.0, 0.0, 0.0]","[0.0, 0.0, 0.0]","[0.1, 0.8, 0.1]","[0, 1, 0]",False
AdaTE-Equal-H,4,6,"[1, 0, -5, 12, 0, 0, 0, 2, 6, 2]","[0.0, 0.0, 0.0]","[0.0, 0.0, 0.0]","[0.1, 0.8, 0.1]","[0, 1, 0]",False
AdaTE-Equal-H,5,0,"[2, 2, -5, 13, 0, 0, 0, 1, 6, 1]","[0.0, 0.0, 0.0]","[0.18689371744791666, 0.4184214274088542, 0.118560791015625]","[0.1, 0.8, 0.1]","[0, 1, 0]",True
AdaTE-Equal-H,5,1,"[1, 1, -5, 13, 0, 0, 0, 1, 7, 1]","[0.0, 0.0, 0.0]","[0.0, 0.0, 0.0]","[0.1, 0.8, 0.1]","[0, 1, 0]",False
AdaTE-Equal-H,6,0,"[1, 2, -5, 13, 0, 0, 1, 1, 5, 0]","[0.0, 0.4375, 0.0]","[0.5278269449869791, 0.5278269449869791, 0.827789306640625]","[0.30000000000000004, 1.221087930619128, 0.30000000000000004]","[0, 2, 0]",True
AdaTE-Equal-H,7,0,"[2, 2, -3, 13, 0, 0, 1, 1, 5, 0]","[0.0, 0.0, 0.0]","[0.074641845703125, 0.01175419662396113, 0.03693864949544271]","[0.30000000000000004, 1.6, 0.30000000000000004]","[0, 2, 0]",True
AdaTE-Equal-H,7,1,"[2, 1, -3, 13, 0, -1, 0, 1, 6, 0]","[0.0, 0.0, 0.0]","[0.0, 0.0, 0.0]","[0.1, 0.8, 0.1]","[1, 1, 0]",False
AdaTE-Equal-H,7,2,"[1, 0, -4, 13, 0, -1, 0, 1, 7, 0]","[0.0, 0.0, 0.0]","[0.0, 0.0, 0.0]","[0.1, 0.8, 0.1]","[0, 2, 0]",False
AdaTE-Equal-H,8,0,"[1, 0, -1, 12, 0, 0, 0, 2, 0, 3]","[0.0, 0.25, 0.0]","[0.8998870849609375, 0.68359375, 0.68359375]","[0.1, 0.8, 0.1]","[0, 1, 0]",True
AdaTE-Equal-H,9,0,"[2, 2, -5, 13, 0, 0, 1, 0, 4, 1]","[0.0, 0.0, 0.0]","[0.053954682946205146, 0.014227854410807293, 0.01521153767903646]","[0.1, 0.8, 0.1]","[0, 1, 0]",True
AdaTE-Equal-H,9,1,"[1, 2, -5, 13, 0, 0, 1, 1, 5, 1]","[0.0, 0.0, 0.0]","[0.24901987711588544, 0.025413004557291667, 0.14171142578125]","[0.1, 0.8, 0.1]","[0, 1, 0]",True
AdaTE-Equal-H,9,2,"[1, 2, -5, 13, 0, 0, 0, 1, 6, 1]","[0.0, 0.25, 0.0]","[0.5999247233072916, 0.22786458333333331, 0.45572916666666663]","[0.1, 0.8, 0.1]","[0, 1, 0]",True
AdaTE-Equal-H,10,0,"[5, 2, -5, 13, 0, 0, 1, 0, 4, 1]","[0.0, 0.0, 0.0]","[1.208254496256511e-07, 6.167877515157065e-08, 3.1656424204508474e-08]","[0.1, 0.8, 0.1]","[0, 1, 0]",True
AdaTE-Equal-H,10,1,"[4, 2, -5, 13, 0, 0, 1, 1, 5, 1]","[0.0, 0.0, 0.0]","[8.20257306098938e-07, 8.081316947937015e-07, 9.936130523681643e-06]","[0.1, 0.8, 0.1]","[0, 1, 0]",True
AdaTE-Equal-H,10,2,"[4, 2, -5, 13, 0, 0, 0, 1, 6, 1]","[0.0, 0.0, 0.0]","[3.830313364664715e-05, 4.756890614827476e-05, 1.0522955258687338e-05]","[0.1, 0.8, 0.1]","[0, 1, 0]",True
AdaTE-Equal-H,10,3,"[3, 1, -5, 13, 0, 0, 0, 1, 7, 1]","[0.0, 0.0, 0.0]","[0.0, 0.0, 0.0]","[0.1, 0.8, 0.1]","[0, 1, 0]",False
AdaTE-Equal-H,10,4,"[3, 1, -5, 13, 0, 0, 0, 1, 8, 1]","[0.0, 0.0, 0.0]","[0.0, 0.0, 0.0]","[0.1, 0.8, 0.1]","[0, 1, 0]",False
AdaTE-Equal-H,10,5,"[2, 1, -5, 13, 0, 0, 0, 1, 9, 1]","[0.0, 0.0, 0.0]","[0.0, 0.0, 0.0]","[0.1, 0.8, 0.1]","[0, 1, 0]",False
AdaTE-Equal-H,10,6,"[2, 0, -5, 13, 0, 0, 0, 1, 10, 1]","[0.0, 0.0, 0.0]","[0.0, 0.0, 0.0]","[0.1, 0.8, 0.1]","[0, 1, 0]",False
AdaTE-Equal-H,11,0,"[2, 2, -3, 13, 0, 0, 1, 0, 1, 0]","[0.0, 0.0, 0.0]","[0.007072176826000214, 0.005692103242874145, 0.004584813100323081]","[0.1, 0.8, 0.1]","[0, 1, 0]",True
AdaTE-Equal-H,11,1,"[2, 2, -3, 13, 0, 0, 1, 0, 2, 0]","[0.0, 0.0, 0.0]","[0.0284091248691082, 0.028792972373962403, 0.016957056427001956]","[0.1, 0.8, 0.1]","[0, 1, 0]",True
AdaTE-Equal-H,11,2,"[2, 2, -3, 13, 0, 0, 1, 0, 3, 0]","[0.0, 0.0, 0.0]","[0.02933338165283203, 0.1264821879565716, 0.1236477062702179]","[0.1, 0.8, 0.1]","[0, 1, 0]",True
AdaTE-Equal-H,11,3,"[1, 2, -3, 13, 0, 0, 1, 0, 4, 0]","[0.0, 0.0, 0.0]","[0.14199256896972656, 0.362095502614975, 0.0]","[0.1, 0.8, 0.0]","[0, 1, 0]",True
AdaTE-Equal-H,11,4,"[1, 2, -3, 13, 0, 0, 1, 1, 5, 0]","[0.0, 0.25, 0.0]","[0.2999623616536458, 0.6467071533203125, 0.5334649483362833]","[0.1, 0.8, 0.1]","[0, 1, 0]",True
AdaTE-Equal-H,12,0,"[3, 2, -5, 13, 0, 0, 1, 0, 3, 0]","[0.0, 0.0, 0.0]","[0.02212354691823324, 0.018263957977294926, 0.01579932022094727]","[0.1, 0.8, 0.1]","[0, 1, 0]",True
AdaTE-Equal-H,12,1,"[3, 2, -5, 13, 0, 0, 1, 0, 4, 0]","[0.0, 0.0, 0.0]","[0.011434936523437501, 0.09419531504313153, 0.04526504913965861]","[0.1, 0.8, 0.1]","[0, 1, 0]",True
AdaTE-Equal-H,12,2,"[2, 2, -5, 13, 0, 0, 1, 1, 5, 0]","[0.0, 0.0, 0.0]","[0.15554707845052085, 0.18266936143239337, 0.12005149523417155]","[0.1, 0.8, 0.1]","[0, 1, 0]",True
AdaTE-Equal-H,12,3,"[2, 1, -5, 13, 0, -1, 0, 1, 6, 0]","[0.0, 0.25, 0.0]","[0.5506391326586405, 0.45572916666666663, 0.7556915283203125]","[0.1, 0.8, 0.1]","[0, 1, 0]",True
AdaTE-Equal-H,13,0,"[2, 2, -3, 13, 0, 0, 1, 1, 5, 0]","[0.0, 0.0, 0.0]","[0.074641845703125, 0.01175419662396113, 0.03693864949544271]","[0.38284271247461904, 1.554247233265651, 0.38284271247461904]","[0, 3, 0]",True
AdaTE-Equal-H,13,1,"[2, 1, -3, 13, 0, -1, 0, 1, 6, 0]","[0.0, 0.0, 0.0]","[0.0, 0.0, 0.0]","[0.1, 0.8, 0.1]","[1, 2, 0]",False
AdaTE-Equal-H,13,2,"[2, 0, -3, 13, 0, -1, 0, 1, 7, 0]","[0.0, 0.0, 0.0]","[0.0, 0.0, 0.0]","[0.1, 0.8, 0.1]","[0, 1, 0]",False
AdaTE-Equal-H,14,0,"[2, 2, -1, 13, 0, 0, 1, 0, 2, 0]","[0.0, 0.0, 0.0]","[0.005961273078123731, 0.004108466847737632, 0.0007530809700489046]","[0.1, 0.8, 0.1]","[0, 1, 0]",True
AdaTE-Equal-H,14,1,"[1, 2, -1, 13, 0, 0, 1, 0, 3, 0]","[0.0, 0.0, 0.0]","[0.014378184000651044, 0.026436135927836103, 0.015819248194495837]","[0.1, 0.8, 0.1]","[0, 1, 0]",True
AdaTE-Equal-H,14,2,"[1, 2, -1, 13, 0, 0, 1, 0, 4, 0]","[0.0, 0.0, 0.0]","[0.007176472345987957, 0.12447589576244356, 0.07156884014606475]","[0.1, 0.8, 0.1]","[0, 1, 0]",True
AdaTE-Equal-H,14,3,"[1, 2, -1, 13, 0, 0, 1, 1, 5, 0]","[0.0, 0.0, 0.0]","[0.3137253363927205, 0.2706277628739675, 0.1730198323726654]","[0.1, 0.8, 0.1]","[0, 1, 0]",True
AdaTE-Equal-H,14,4,"[1, 1, -1, 13, 0, -1, 0, 1, 6, 0]","[0.0, 0.0, 0.0]","[0.0, 0.0, 0.0]","[0.1, 0.8, 0.1]","[0, 1, 0]",False
AdaTE-Equal-H,15,0,"[5, 2, -5, 13, 0, 0, 1, 0, 4, 0]","[0.0, 0.0, 0.0]","[0.0, 2.830047607421877e-07, 1.9234517415364594e-07]","[0.0, 0.8, 0.1]","[0, 1, 0]",True
AdaTE-Equal-H,15,1,"[5, 2, -5, 13, 0, 0, 1, 1, 5, 0]","[0.0, 0.0, 0.0]","[0.0, 0.0, 0.0]","[0.1, 0.8, 0.1]","[0, 1, 0]",False
AdaTE-Equal-H,15,2,"[4, 1, -5, 13, 0, -1, 0, 1, 6, 0]","[0.0, 0.0, 0.0]","[3.2153320312500003e-06, 7.151896158854169e-06, 3.471272786458334e-06]","[0.1, 0.8, 0.1]","[0, 1, 0]",True
AdaTE-Equal-H,15,3,"[3, 0, -5, 13, 0, -1, 0, 1, 7, 0]","[0.0, 0.0, 0.0]","[0.0, 0.0, 0.0]","[0.1, 0.8, 0.1]","[1, 0, 0]",False
AdaTE-Equal-H,15,4,"[3, 0, -6, 13, 0, 0, 0, 3, 8, 0]","[0.0, 0.0, 0.0]","[0.0, 0.0, 0.0]","[0.1, 0.8, 0.1]","[0, 1, 0]",False
AdaTE-Equal-H,15,5,"[2, 0, -6, 13, 0, 0, 0, 3, 9, 0]","[0.0, 0.0, 0.0]","[0.0, 0.0, 0.0]","[0.1, 0.8, 0.1]","[0, 1, 0]",False
AdaTE-Equal-H,15,6,"[2, 0, -5, 13, 0, 0, 0, 3, 10, 0]","[0.0, 0.0, 0.0]","[0.0, 0.0, 0.0]","[0.1, 0.8, 0.1]","[0, 1, 0]",False
AdaTE-Equal-H,16,0,"[3, 2, -3, 13, 0, 0, 1, 0, 4, 1]","[0.0, 0.0, 0.0]","[0.0010952321370442711, 0.0021050710550944013, 0.003241387354532878]","[0.1, 0.8, 0.1]","[0, 1, 0]",True
AdaTE-Equal-H,16,1,"[2, 2, -3, 13, 0, 0, 1, 1, 5, 1]","[0.0, 0.0, 0.0]","[0.012198804728190106, 0.01293824666341146, 0.015512173906962079]","[0.1, 0.8, 0.1]","[0, 1, 0]",True
AdaTE-Equal-H,16,2,"[2, 2, -3, 13, 0, 0, 0, 1, 6, 1]","[0.0, 0.0, 0.0]","[0.10008304341634115, 0.051814900716145834, 0.07675987497965497]","[0.1, 0.8, 0.1]","[0, 1, 0]",True
AdaTE-Equal-H,16,3,"[2, 1, -3, 13, 0, 0, 0, 1, 7, 1]","[0.0, 0.0, 0.0]","[0.0, 0.0, 0.0]","[0.1, 0.8, 0.1]","[0, 1, 0]",False
AdaTE-Equal-H,16,4,"[1, 1, -3, 13, 0, 0, 0, 1, 8, 1]","[0.0, 0.0, 0.0]","[0.0, 0.0, 0.0]","[0.1, 0.8, 0.1]","[0, 1, 0]",False
AdaTE-Equal-H,17,0,"[1, 2, 1, 13, 0, 0, 1, 0, 1, 0]","[0.0, 0.0, 0.0]","[0.0, 6.042480468750002e-07, 5.068918267885846e-06]","[0.0, 0.8, 0.1]","[0, 1, 0]",True
AdaTE-Equal-H,17,1,"[1, 2, 0, 13, 0, 0, 1, 0, 2, 0]","[0.0, 0.0, 0.0]","[0.0003741040547688803, 0.002620569596191248, 0.001492952991059671]","[0.30000000000000004, 1.6, 0.30000000000000004]","[0, 2, 0]",True
AdaTE-Equal-H,17,2,"[1, 2, 0, 13, 0, 0, 1, 0, 3, 0]","[0.0, 0.0, 0.0]","[0.011285094118677081, 0.010556428584580621, 0.006897487322489422]","[0.30000000000000004, 1.6, 0.30000000000000004]","[0, 2, 0]",True
AdaTE-Equal-H,17,3,"[1, 2, 0, 13, 0, 0, 1, 0, 4, 0]","[0.0, 0.0, 0.0]","[0.056253888079275685, 0.05097099049016833, 0.04160521189371745]","[0.30000000000000004, 1.6, 0.30000000000000004]","[0, 2, 0]",True
AdaTE-Equal-H,17,4,"[1, 2, 0, 13, 0, 0, 1, 1, 5, 0]","[0.0, 0.05, 0.0]","[0.2696785635392492, 0.1067137859451274, 0.1878327362239361]","[0.30000000000000004, 1.6, 0.30000000000000004]","[0, 2, 0]",True
AdaTE-Equal-H,17,5,"[1, 1, 0, 13, 0, -1, 0, 1, 6, 0]","[0.0, 0.4375, 0.0]","[0.22786458333333331, 0.45572916666666663, 0.7857216347474605]","[0.30000000000000004, 1.1611428571428573, 0.30000000000000004]","[0, 2, 0]",True
AdaTE-Equal-H,18,0,"[5, 2, -5, 12, 0, 0, 1, 0, 0, 1]","[0.0, 0.0, 0.0]","[1.505384699503581e-06, 2.6483395894368495e-07, 1.5833282470703128e-08]","[0.1, 0.8, 0.1]","[0, 1, 0]",True
AdaTE-Equal-H,18,1,"[4, 2, -5, 13, 0, 0, 1, 0, 1, 1]","[0.0, 0.0, 0.0]","[2.622000217437745e-05, 1.168376159667969e-05, 4.813883463541666e-06]","[0.1, 0.8, 0.1]","[0, 1, 0]",True
AdaTE-Equal-H,18,2,"[4, 2, -5, 13, 0, 0, 1, 0, 2, 1]","[0.0, 0.0, 0.0]","[1.397802988688151e-05, 0.00023675985654195156, 0.0004360110727945965]","[0.1, 0.8, 0.1]","[0, 1, 0]",True
AdaTE-Equal-H,18,3,"[3, 2, -5, 13, 0, 0, 1, 0, 3, 1]","[0.0, 0.0, 0.0]","[0.0029868788401285814, 0.003365195465087892, 0.0028605545043945317]","[0.1, 0.8, 0.1]","[0, 1, 0]",True
AdaTE-Equal-H,18,4,"[3, 2, -5, 13, 0, 0, 1, 0, 4, 1]","[0.0, 0.0, 0.0]","[0.016064751942952475, 0.026958508809407557, 0.011308914184570315]","[0.1, 0.8, 0.1]","[0, 1, 0]",True
AdaTE-Equal-H,18,5,"[2, 2, -5, 13, 0, 0, 1, 1, 5, 1]","[0.0, 0.0, 0.0]","[0.08193458557128908, 0.08153274536132814, 0.06979476928710938]","[0.1, 0.8, 0.1]","[0, 1, 0]",True
AdaTE-Equal-H,18,6,"[2, 2, -5, 13, 0, 0, 0, 1, 6, 1]","[0.0, 0.0, 0.0]","[0.18689371744791666, 0.4184214274088542, 0.118560791015625]","[0.30000000000000004, 1.6, 0.30000000000000004]","[0, 2, 0]",True
AdaTE-Equal-H,18,7,"[1, 1, -5, 13, 0, 0, 0, 1, 7, 1]","[0.0, 0.0, 0.0]","[0.0, 0.0, 0.0]","[0.1, 0.8, 0.1]","[0, 2, 0]",False
AdaTE-Equal-H,19,0,"[1, 2, -5, 13, 0, 0, 0, 1, 6, 1]","[0.0, 0.4375, 0.0]","[0.5999247233072916, 0.22786458333333331, 0.45572916666666663]","[0.30000000000000004, 0.8777142857142858, 0.30000000000000004]","[0, 2, 0]",True
AdaTE-Equal-H,20,0,"[1, 2, 0, 13, 0, 0, 1, 0, 3, 1]","[0.0, 0.0, 0.0]","[0.000953526840209961, 2.279953598976136e-05, 0.0003848220698038738]","[0.1, 0.8, 0.1]","[0, 1, 0]",True
AdaTE-Equal-H,20,1,"[1, 2, 0, 13, 0, 0, 1, 0, 4, 1]","[0.0, 0.0, 0.0]","[0.009360008144378663, 0.0032626988728841145, 0.0002832818627357483]","[0.1, 0.8, 0.1]","[0, 1, 0]",True
AdaTE-Equal-H,20,2,"[1, 2, 0, 13, 0, 0, 1, 1, 5, 1]","[0.0, 0.0, 0.0]","[0.019803558131059013, 0.02175368603070577, 0.0]","[0.1, 0.8, 0.0]","[0, 1, 0]",True
AdaTE-Equal-H,20,3,"[1, 2, 0, 13, 0, 0, 0, 1, 6, 1]","[0.0, 0.0, 0.0]","[0.007434082031250001, 0.06293023129304251, 0.03867482503255209]","[0.1, 0.8, 0.1]","[0, 1, 0]",True
AdaTE-Equal-H,20,4,"[1, 1, 0, 13, 0, 0, 0, 1, 7, 1]","[0.0, 0.0, 0.0]","[0.0, 0.0, 0.0]","[0.1, 0.8, 0.1]","[0, 1, 0]",False
AdaTE-Equal-H,20,5,"[1, 1, 0, 13, 0, 0, 0, 1, 8, 1]","[0.0, 0.0, 0.0]","[0.0, 0.0, 0.0]","[0.1, 0.8, 0.1]","[0, 1, 0]",False
AdaTE-Equal-H,21,0,"[1, 0, -3, 12, 0, 0, 0, 2, 0, 2]","[0.0, 0.25, 0.0]","[0.8998870849609375, 0.68359375, 0.68359375]","[0.1, 0.8, 0.1]","[0, 1, 0]",True
AdaTE-Equal-H,22,0,"[1, 2, 0, 13, 0, 0, 1, 0, 1, 1]","[0.0, 0.0, 0.0]","[5.221487045288087e-07, 2.6276737531026213e-06, 4.9384752909342467e-08]","[0.1, 0.8, 0.1]","[0, 1, 0]",True
AdaTE-Equal-H,22,1,"[1, 2, 0, 13, 0, 0, 1, 0, 2, 1]","[0.0, 0.0, 0.0]","[1.6075000762939456e-06, 2.2453826904296877e-05, 9.620230833689375e-06]","[0.1, 0.8, 0.1]","[0, 1, 0]",True
AdaTE-Equal-H,22,2,"[1, 2, 0, 13, 0, 0, 1, 0, 3, 1]","[0.0, 0.0, 0.0]","[0.000953526840209961, 2.279953598976136e-05, 0.0003848220698038738]","[0.30000000000000004, 1.6, 0.30000000000000004]","[0, 2, 0]",True
AdaTE-Equal-H,22,3,"[1, 2, 0, 13, 0, 0, 1, 0, 4, 1]","[0.0, 0.0, 0.0]","[0.009360008144378663, 0.0032626988728841145, 0.0002832818627357483]","[0.30000000000000004, 1.6, 0.30000000000000004]","[0, 2, 0]",True
AdaTE-Equal-H,22,4,"[1, 2, 0, 13, 0, 0, 1, 1, 5, 1]","[0.0, 0.0, 0.0]","[0.019803558131059013, 0.02175368603070577, 0.0]","[0.30000000000000004, 1.6, 0.2]","[0, 2, 0]",True
AdaTE-Equal-H,22,5,"[1, 2, 0, 13, 0, 0, 0, 1, 6, 1]","[0.0, 0.0, 0.0]","[0.007434082031250001, 0.06293023129304251, 0.03867482503255209]","[0.30000000000000004, 1.6, 0.30000000000000004]","[0, 2, 0]",True
AdaTE-Equal-H,22,6,"[1, 1, 0, 13, 0, 0, 0, 1, 7, 1]","[0.0, 0.0, 0.0]","[0.0, 0.0, 0.0]","[0.1, 0.8, 0.1]","[1, 1, 0]",False
AdaTE-Equal-H,22,7,"[1, 1, 0, 13, 0, 0, 0, 1, 8, 1]","[0.0, 0.0, 0.0]","[0.0, 0.0, 0.0]","[0.1, 0.8, 0.1]","[0, 2, 0]",False
AdaTE-Equal-H,23,0,"[1, 2, -5, 13, 0, 0, 1, 1, 5, 0]","[0.0, 0.578125, 0.0]","[0.5278269449869791, 0.5278269449869791, 0.827789306640625]","[0.38284271247461904, 0.8911511118491247, 0.38284271247461904]","[0, 3, 0]",True
AdaTE-Equal-H,24,0,"[1, 2, -3, 13, 0, 0, 1, 1, 5, 0]","[0.0, 0.1875, 0.0]","[0.2999623616536458, 0.6467071533203125, 0.5334649483362833]","[0.30000000000000004, 1.29074101164157, 0.30000000000000004]","[0, 2, 0]",True
AdaTE-Equal-H,24,1,"[1, 1, -3, 13, 0, -1, 0, 1, 6, 0]","[0.0, 0.0, 0.0]","[0.0, 0.0, 0.0]","[0.1, 0.8, 0.1]","[0, 1, 0]",False
AdaTE-Equal-H,25,0,"[1, 0, -3, 12, 0, 0, 0, 3, 0, 4]","[0.0, 0.25, 0.0]","[0.8998870849609375, 0.68359375, 0.68359375]","[0.1, 0.8, 0.1]","[0, 1, 0]",True
AdaTE-Equal-H,26,0,"[1, 2, -1, 13, 0, 0, 1, 0, 3, 0]","[0.0, 0.0, 0.0]","[0.014378184000651044, 0.026436135927836103, 0.015819248194495837]","[0.30000000000000004, 1.6, 0.30000000000000004]","[0, 2, 0]",True
AdaTE-Equal-H,26,1,"[1, 2, -1, 13, 0, 0, 1, 0, 4, 0]","[0.0, 0.0, 0.0]","[0.007176472345987957, 0.12447589576244356, 0.07156884014606475]","[0.30000000000000004, 1.6, 0.30000000000000004]","[0, 2, 0]",True
AdaTE-Equal-H,26,2,"[1, 2, -1, 13, 0, 0, 1, 1, 5, 0]","[0.0, 0.0, 0.0]","[0.3137253363927205, 0.2706277628739675, 0.1730198323726654]","[0.30000000000000004, 1.6, 0.30000000000000004]","[0, 2, 0]",True
AdaTE-Equal-H,26,3,"[1, 1, -1, 13, 0, -1, 0, 1, 6, 0]","[0.0, 0.0, 0.0]","[0.0, 0.0, 0.0]","[0.1, 0.8, 0.1]","[0, 2, 0]",False
AdaTE-Equal-H,27,0,"[2, 2, -1, 13, 0, 0, 1, 0, 2, 0]","[0.0, 0.0, 0.0]","[0.005961273078123731, 0.004108466847737632, 0.0007530809700489046]","[0.30000000000000004, 1.6, 0.30000000000000004]","[0, 2, 0]",True
AdaTE-Equal-H,27,1,"[1, 2, -1, 13, 0, 0, 1, 0, 3, 0]","[0.0, 0.0, 0.0]","[0.014378184000651044, 0.026436135927836103, 0.015819248194495837]","[0.38284271247461904, 1.554247233265651, 0.38284271247461904]","[0, 3, 0]",True
AdaTE-Equal-H,27,2,"[1, 2, -1, 13, 0, 0, 1, 0, 4, 0]","[0.0, 0.0, 0.0]","[0.007176472345987957, 0.12447589576244356, 0.07156884014606475]","[0.38284271247461904, 1.554247233265651, 0.38284271247461904]","[0, 3, 0]",True
AdaTE-Equal-H,27,3,"[1, 2, -1, 13, 0, 0, 1, 1, 5, 0]","[0.0, 0.0, 0.0]","[0.3137253363927205, 0.2706277628739675, 0.1730198323726654]","[0.38284271247461904, 1.554247233265651, 0.38284271247461904]","[0, 3, 0]",True
AdaTE-Equal-H,27,4,"[1, 1, -1, 13, 0, -1, 0, 1, 6, 0]","[0.0, 0.0, 0.0]","[0.0, 0.0, 0.0]","[0.1, 0.8, 0.1]","[0, 2, 1]",False
AdaTE-Equal-H,28,0,"[3, 2, -3, 13, 0, 0, 1, 0, 2, 0]","[0.0, 0.0, 0.0]","[8.004584921554974e-05, 0.000111955379486084, 2.5418492635091147e-05]","[0.30000000000000004, 1.6, 0.30000000000000004]","[0, 2, 0]",True
AdaTE-Equal-H,28,1,"[3, 2, -3, 13, 0, 0, 1, 0, 3, 0]","[0.0, 0.0, 0.0]","[0.0007896911271413168, 0.0006122540283203127, 0.0008736633611718815]","[0.30000000000000004, 1.6, 0.30000000000000004]","[0, 2, 0]",True
AdaTE-Equal-H,28,2,"[3, 2, -3, 13, 0, 0, 1, 0, 4, 0]","[0.0, 0.0, 0.0]","[0.002737863413492838, 0.004487290382385254, 0.005969895422458649]","[0.30000000000000004, 1.6, 0.30000000000000004]","[0, 2, 0]",True
AdaTE-Equal-H,28,3,"[2, 2, -3, 13, 0, 0, 1, 1, 5, 0]","[0.0, 0.0, 0.0]","[0.074641845703125, 0.01175419662396113, 0.03693864949544271]","[0.44641016151377544, 1.492820323027551, 0.44641016151377544]","[0, 4, 0]",True
AdaTE-Equal-H,28,4,"[2, 1, -3, 13, 0, -1, 0, 1, 6, 0]","[0.0, 0.0, 0.0]","[0.0, 0.0, 0.0]","[0.1, 0.8, 0.1]","[2, 2, 0]",False
AdaTE-Equal-H,28,5,"[1, 0, -4, 13, 0, -1, 0, 1, 7, 0]","[0.0, 0.0, 0.0]","[0.0, 0.0, 0.0]","[0.1, 0.8, 0.1]","[1, 2, 0]",False
AdaTE-Equal-H,29,0,"[3, 2, -3, 12, 0, 0, 1, 0, 0, 0]","[0.0, 0.0, 0.0]","[0.0011311277880345781, 0.0003527559877634049, 0.0008133366572956244]","[0.1, 0.8, 0.1]","[0, 1, 0]",True
AdaTE-Equal-H,29,1,"[2, 2, -3, 13, 0, 0, 1, 0, 1, 0]","[0.0, 0.0, 0.0]","[0.007072176826000214, 0.005692103242874145, 0.004584813100323081]","[0.30000000000000004, 1.6, 0.30000000000000004]","[0, 2, 0]",True
AdaTE-Equal-H,29,2,"[2, 2, -3, 13, 0, 0, 1, 0, 2, 0]","[0.0, 0.0, 0.0]","[0.0284091248691082, 0.028792972373962403, 0.016957056427001956]","[0.30000000000000004, 1.6, 0.30000000000000004]","[0, 2, 0]",True
AdaTE-Equal-H,29,3,"[2, 2, -3, 13, 0, 0, 1, 0, 3, 0]","[0.0, 0.0, 0.0]","[0.02933338165283203, 0.1264821879565716, 0.1236477062702179]","[0.30000000000000004, 1.6, 0.30000000000000004]","[0, 2, 0]",True
AdaTE-Equal-H,29,4,"[1, 2, -3, 13, 0, 0, 1, 0, 4, 0]","[0.0, 0.037500000000000006, 0.0]","[0.14199256896972656, 0.362095502614975, 0.0]","[0.30000000000000004, 1.6, 0.2]","[0, 2, 0]",True
AdaTE-Equal-H,29,5,"[1, 2, -3, 13, 0, 0, 1, 1, 5, 0]","[0.0, 0.390625, 0.0]","[0.2999623616536458, 0.6467071533203125, 0.5334649483362833]","[0.38284271247461904, 1.3223029919968283, 0.38284271247461904]","[0, 3, 0]",True
AdaTE-Equal-H,30,0,"[4, 2, -5, 13, 0, 0, 1, 1, 5, 1]","[0.0, 0.0, 0.0]","[8.20257306098938e-07, 8.081316947937015e-07, 9.936130523681643e-06]","[0.30000000000000004, 1.6, 0.30000000000000004]","[0, 2, 0]",True
AdaTE-Equal-H,30,1,"[4, 2, -5, 13, 0, 0, 0, 1, 6, 1]","[0.0, 0.0, 0.0]","[3.830313364664715e-05, 4.756890614827476e-05, 1.0522955258687338e-05]","[0.30000000000000004, 1.6, 0.30000000000000004]","[0, 2, 0]",True
AdaTE-Equal-H,30,2,"[3, 1, -5, 13, 0, 0, 0, 1, 7, 1]","[0.0, 0.0, 0.0]","[0.0, 0.0, 0.0]","[0.1, 0.8, 0.1]","[0, 2, 0]",False
AdaTE-Equal-H,30,3,"[3, 1, -6, 13, 0, 0, 0, 1, 8, 1]","[0.0, 0.0, 0.0]","[0.0, 0.0, 0.0]","[0.1, 0.8, 0.1]","[0, 1, 0]",False
AdaTE-Equal-H,30,4,"[2, 1, -6, 13, 0, 0, 0, 1, 9, 1]","[0.0, 0.0, 0.0]","[0.0, 0.0, 0.0]","[0.1, 0.8, 0.1]","[0, 1, 0]",False
AdaTE-Equal-H,30,5,"[2, 0, -5, 13, 0, 0, 0, 1, 10, 1]","[0.0, 0.0, 0.0]","[0.0, 0.0, 0.0]","[0.1, 0.8, 0.1]","[0, 1, 1]",False
AdaTE-Equal-H,31,0,"[2, 0, -5, 12, 0, 0, 0, 3, 0, 4]","[0.0, 0.0, 0.0]","[0.05368117623527845, 0.03866001621882121, 0.03657103351751964]","[0.1, 0.8, 0.1]","[0, 1, 0]",True
AdaTE-Equal-H,31,1,"[2, 0, -5, 13, 0, 0, 0, 3, 1, 4]","[0.0, 0.0, 0.0]","[0.0, 0.0, 0.0]","[0.1, 0.8, 0.1]","[1, 0, 0]",False
AdaTE-Equal-H,31,2,"[1, 0, -5, 13, 0, 0, 0, 3, 2, 4]","[0.0, 0.0, 0.0]","[0.0, 0.0, 0.0]","[0.1, 0.8, 0.1]","[1, 0, 0]",False
AdaTE-Equal-H,32,0,"[2, 2, -1, 13, 0, 0, 1, 0, 1, 1]","[0.0, 0.0, 0.0]","[7.325633943080904e-06, 6.325129717588426e-06, 6.948955535888674e-06]","[0.1, 0.8, 0.1]","[0, 1, 0]",True
AdaTE-Equal-H,32,1,"[2, 2, -1, 13, 0, 0, 1, 0, 2, 1]","[0.0, 0.0, 0.0]","[6.850380651156109e-05, 5.439352385203045e-05, 0.00017342869672179223]","[0.1, 0.8, 0.1]","[0, 1, 0]",True
AdaTE-Equal-H,32,2,"[1, 2, -1, 13, 0, 0, 1, 0, 3, 1]","[0.0, 0.0, 0.0]","[0.0006245385312537352, 0.0007631998538970948, 0.0006635530261198681]","[0.1, 0.8, 0.1]","[0, 1, 0]",True
AdaTE-Equal-H,32,3,"[1, 2, -1, 13, 0, 0, 1, 0, 4, 1]","[0.0, 0.0, 0.0]","[0.004510278922319413, 0.004617092256744703, 0.0037672321319580085]","[0.1, 0.8, 0.1]","[0, 1, 0]",True
AdaTE-Equal-H,32,4,"[1, 2, -1, 13, 0, 0, 1, 1, 5, 1]","[0.0, 0.0, 0.0]","[0.09154350546995799, 0.009616359047591687, 0.041997705856959035]","[0.1, 0.8, 0.1]","[0, 1, 0]",True
AdaTE-Equal-H,32,5,"[1, 2, -1, 13, 0, 0, 0, 1, 6, 1]","[0.0, 0.0, 0.0]","[0.08536834716796876, 0.11290701794903726, 0.18885024021069208]","[0.1, 0.8, 0.1]","[0, 1, 0]",True
AdaTE-Equal-H,32,6,"[1, 1, -1, 13, 0, 0, 0, 1, 7, 1]","[0.0, 0.0, 0.0]","[0.0, 0.0, 0.0]","[0.1, 0.8, 0.1]","[0, 1, 0]",False
AdaTE-Equal-H,33,0,"[3, 2, -5, 13, 0, 0, 1, 0, 4, 0]","[0.0, 0.0, 0.0]","[0.011434936523437501, 0.09419531504313153, 0.04526504913965861]","[0.30000000000000004, 1.6, 0.30000000000000004]","[0, 2, 0]",True
AdaTE-Equal-H,33,1,"[2, 2, -5, 13, 0, 0, 1, 1, 5, 0]","[0.0, 0.05, 0.0]","[0.15554707845052085, 0.18266936143239337, 0.12005149523417155]","[0.30000000000000004, 1.6, 0.30000000000000004]","[0, 2, 0]",True
AdaTE-Equal-H,33,2,"[2, 1, -5, 13, 0, -1, 0, 1, 6, 0]","[0.0, 0.4375, 0.0]","[0.5506391326586405, 0.45572916666666663, 0.7556915283203125]","[0.30000000000000004, 1.1611428571428573, 0.30000000000000004]","[0, 2, 0]",True
AdaTE-Equal-H,34,0,"[2, 2, -5, 13, 0, 0, 1, 0, 3, 0]","[0.0, 0.0, 0.0]","[0.022518201470375067, 0.07440503438313803, 0.062093915492296224]","[0.30000000000000004, 1.6, 0.30000000000000004]","[0, 2, 0]",True
AdaTE-Equal-H,34,1,"[2, 2, -5, 13, 0, 0, 1, 0, 4, 0]","[0.0, 0.115625, 0.0]","[0.26525135189294813, 0.11598968505859376, 0.3754155476888021]","[0.30000000000000004, 1.6, 0.30000000000000004]","[0, 2, 0]",True
AdaTE-Equal-H,34,2,"[1, 2, -5, 13, 0, 0, 1, 1, 5, 0]","[0.0, 0.68359375, 0.0]","[0.5278269449869791, 0.5278269449869791, 0.827789306640625]","[0.44641016151377544, 0.7690544834708177, 0.44641016151377544]","[0, 4, 0]",True
AdaTE-Equal-H,35,0,"[1, 2, 0, 13, 0, 0, 1, 0, 3, 0]","[0.0, 0.0, 0.0]","[0.011285094118677081, 0.010556428584580621, 0.006897487322489422]","[0.38284271247461904, 1.554247233265651, 0.38284271247461904]","[0, 3, 0]",True
AdaTE-Equal-H,35,1,"[1, 2, 0, 13, 0, 0, 1, 0, 4, 0]","[0.0, 0.010000000000000002, 0.0]","[0.056253888079275685, 0.05097099049016833, 0.04160521189371745]","[0.38284271247461904, 1.554247233265651, 0.38284271247461904]","[0, 3, 0]",True
AdaTE-Equal-H,35,2,"[1, 2, 0, 13, 0, 0, 1, 1, 5, 0]","[0.0, 0.125, 0.0]","[0.2696785635392492, 0.1067137859451274, 0.1878327362239361]","[0.38284271247461904, 1.1794128138348927, 0.38284271247461904]","[0, 3, 0]",True
AdaTE-Equal-H,35,3,"[1, 1, 0, 13, 0, -1, 0, 1, 6, 0]","[0.0, 0.578125, 0.0]","[0.22786458333333331, 0.45572916666666663, 0.7857216347474605]","[0.38284271247461904, 0.7862472332656507, 0.38284271247461904]","[0, 3, 0]",True
AdaTE-Equal-H,36,0,"[4, 0, -5, 12, 0, 0, 0, 2, 0, 2]","[0.0, 0.0, 0.0]","[1.724960433443388e-07, 1.7172495524088546e-08, 1.2527287801106775e-07]","[0.30000000000000004, 1.6, 0.30000000000000004]","[0, 2, 0]",True
AdaTE-Equal-H,36,1,"[4, 0, -5, 13, 0, 0, 0, 2, 1, 2]","[0.0, 0.0, 0.0]","[0.0, 0.0, 0.0]","[0.1, 0.8, 0.1]","[0, 2, 0]",False
AdaTE-Equal-H,36,2,"[3, 0, -5, 13, 0, 0, 0, 2, 2, 2]","[0.0, 0.0, 0.0]","[0.0, 0.0, 0.0]","[0.1, 0.8, 0.1]","[1, 1, 0]",False
AdaTE-Equal-H,36,3,"[3, 0, -5, 13, 0, 0, 0, 2, 3, 2]","[0.0, 0.0, 0.0]","[0.0, 0.0, 0.0]","[0.1, 0.8, 0.1]","[0, 2, 0]",False
AdaTE-Equal-H,36,4,"[2, 0, -5, 13, 0, 0, 0, 2, 4, 2]","[0.0, 0.0, 0.0]","[0.0, 0.0, 0.0]","[0.1, 0.8, 0.1]","[0, 2, 0]",False
AdaTE-Equal-H,36,5,"[2, 0, -5, 12, 0, 0, 0, 2, 5, 2]","[0.0, 0.0, 0.0]","[0.0, 0.0, 0.0]","[0.1, 0.8, 0.1]","[1, 1, 0]",False
AdaTE-Equal-H,36,6,"[1, 0, -5, 12, 0, 0, 0, 2, 6, 2]","[0.0, 0.0, 0.0]","[0.0, 0.0, 0.0]","[0.1, 0.8, 0.1]","[0, 2, 0]",False
AdaTE-Equal-H,37,0,"[2, 2, -3, 13, 0, 0, 1, 0, 2, 1]","[0.0, 0.0, 0.0]","[8.226673126220705e-05, 0.0005090763219197592, 8.059216817220053e-05]","[0.1, 0.8, 0.1]","[0, 1, 0]",True
AdaTE-Equal-H,37,1,"[2, 2, -3, 13, 0, 0, 1, 0, 3, 1]","[0.0, 0.0, 0.0]","[0.0004405111948649089, 0.0017326843261718753, 0.0014343475341796876]","[0.1, 0.8, 0.1]","[0, 1, 0]",True
AdaTE-Equal-H,37,2,"[1, 2, -3, 13, 0, 0, 1, 0, 4, 1]","[0.0, 0.0, 0.0]","[0.0005285847981770834, 0.013528727213541668, 0.003515365600585938]","[0.1, 0.8, 0.1]","[0, 1, 0]",True
AdaTE-Equal-H,37,3,"[1, 2, -3, 13, 0, 0, 1, 1, 5, 1]","[0.0, 0.0, 0.0]","[0.0013541666666666667, 0.05923908233642578, 0.0834716542561849]","[0.1, 0.8, 0.1]","[0, 1, 0]",True
AdaTE-Equal-H,37,4,"[1, 2, -3, 13, 0, 0, 0, 1, 6, 1]","[0.0, 0.0, 0.0]","[0.18314005533854166, 0.18243865966796874, 0.20712114969889325]","[0.1, 0.8, 0.1]","[0, 1, 0]",True
AdaTE-Equal-H,37,5,"[0, 1, -3, 13, 0, 0, 0, 1, 7, 1]","[0.0, 0.0, 0.0]","[0.0, 0.0, 0.0]","[0.1, 0.8, 0.1]","[0, 1, 0]",False
AdaTE-Equal-H,38,0,"[2, 2, -1, 13, 0, 0, 1, 0, 1, 0]","[0.0, 0.0, 0.0]","[0.0010373261737823488, 0.0006026216113567355, 0.0004551374085247518]","[0.1, 0.8, 0.1]","[0, 1, 0]",True
AdaTE-Equal-H,38,1,"[2, 2, -1, 13, 0, 0, 1, 0, 2, 0]","[0.0, 0.0, 0.0]","[0.005961273078123731, 0.004108466847737632, 0.0007530809700489046]","[0.38284271247461904, 1.554247233265651, 0.38284271247461904]","[0, 3, 0]",True
AdaTE-Equal-H,38,2,"[1, 2, -1, 13, 0, 0, 1, 0, 3, 0]","[0.0, 0.0, 0.0]","[0.014378184000651044, 0.026436135927836103, 0.015819248194495837]","[0.44641016151377544, 1.492820323027551, 0.44641016151377544]","[0, 4, 0]",True
AdaTE-Equal-H,38,3,"[1, 2, -1, 13, 0, 0, 1, 0, 4, 0]","[0.0, 0.0, 0.0]","[0.007176472345987957, 0.12447589576244356, 0.07156884014606475]","[0.44641016151377544, 1.492820323027551, 0.44641016151377544]","[0, 4, 0]",True
AdaTE-Equal-H,38,4,"[1, 2, -1, 13, 0, 0, 1, 1, 5, 0]","[0.0, 0.0, 0.0]","[0.3137253363927205, 0.2706277628739675, 0.1730198323726654]","[0.44641016151377544, 1.492820323027551, 0.44641016151377544]","[0, 4, 0]",True
AdaTE-Equal-H,38,5,"[1, 1, -1, 13, 0, -1, 0, 1, 6, 0]","[0.0, 0.0, 0.0]","[0.0, 0.0, 0.0]","[0.1, 0.8, 0.1]","[0, 3, 1]",False
AdaTE-Equal-H,39,0,"[1, 2, -1, 13, 0, 0, 1, 1, 5, 0]","[0.0, 0.0, 0.0]","[0.3137253363927205, 0.2706277628739675, 0.1730198323726654]","[0.5, 1.4400000000000002, 0.5]","[0, 5, 0]",True
AdaTE-Equal-H,39,1,"[1, 1, -1, 13, 0, -1, 0, 1, 6, 0]","[0.0, 0.0, 0.0]","[0.0, 0.0, 0.0]","[0.1, 0.8, 0.1]","[0, 4, 1]",False
AdaTE-Equal-H,40,0,"[1, 2, -5, 13, 0, 0, 1, 1, 5, 1]","[0.0, 0.08750000000000001, 0.0]","[0.24901987711588544, 0.025413004557291667, 0.14171142578125]","[0.30000000000000004, 1.6, 0.30000000000000004]","[0, 2, 0]",True
AdaTE-Equal-H,40,1,"[1, 2, -5, 13, 0, 0, 0, 1, 6, 1]","[0.0, 0.578125, 0.0]","[0.5999247233072916, 0.22786458333333331, 0.45572916666666663]","[0.38284271247461904, 1.490247233265651, 0.38284271247461904]","[0, 3, 0]",True
AdaTE-Equal-H,41,0,"[3, 2, -5, 13, 0, 0, 1, 0, 3, 1]","[0.0, 0.0, 0.0]","[0.0029868788401285814, 0.003365195465087892, 0.0028605545043945317]","[0.30000000000000004, 1.6, 0.30000000000000004]","[0, 2, 0]",True
AdaTE-Equal-H,41,1,"[3, 2, -5, 13, 0, 0, 1, 0, 4, 1]","[0.0, 0.0, 0.0]","[0.016064751942952475, 0.026958508809407557, 0.011308914184570315]","[0.30000000000000004, 1.6, 0.30000000000000004]","[0, 2, 0]",True
AdaTE-Equal-H,41,2,"[2, 2, -5, 13, 0, 0, 1, 1, 5, 1]","[0.0, 0.0, 0.0]","[0.08193458557128908, 0.08153274536132814, 0.06979476928710938]","[0.30000000000000004, 1.6, 0.30000000000000004]","[0, 2, 0]",True
AdaTE-Equal-H,41,3,"[2, 2, -5, 13, 0, 0, 0, 1, 6, 1]","[0.0, 0.0, 0.0]","[0.18689371744791666, 0.4184214274088542, 0.118560791015625]","[0.38284271247461904, 1.554247233265651, 0.38284271247461904]","[0, 3, 0]",True
AdaTE-Equal-H,41,4,"[1, 1, -5, 13, 0, 0, 0, 1, 7, 1]","[0.0, 0.0, 0.0]","[0.0, 0.0, 0.0]","[0.1, 0.8, 0.1]","[0, 3, 0]",False
AdaTE-Equal-H,42,0,"[2, 2, -1, 13, 0, 0, 1, 0, 2, 0]","[0.0, 0.0, 0.0]","[0.005961273078123731, 0.004108466847737632, 0.0007530809700489046]","[0.44641016151377544, 1.492820323027551, 0.44641016151377544]","[0, 4, 0]",True
AdaTE-Equal-H,42,1,"[1, 2, -1, 13, 0, 0, 1, 0, 3, 0]","[0.0, 0.0, 0.0]","[0.014378184000651044, 0.026436135927836103, 0.015819248194495837]","[0.5, 1.4400000000000002, 0.5]","[0, 5, 0]",True
AdaTE-Equal-H,42,2,"[1, 2, -1, 13, 0, 0, 1, 0, 4, 0]","[0.0, 0.0, 0.0]","[0.007176472345987957, 0.12447589576244356, 0.07156884014606475]","[0.5, 1.4400000000000002, 0.5]","[0, 5, 0]",True
AdaTE-Equal-H,42,3,"[1, 2, -1, 13, 0, 0, 1, 1, 5, 0]","[0.0, 0.0, 0.0]","[0.3137253363927205, 0.2706277628739675, 0.1730198323726654]","[0.547213595499958, 1.3962847939999439, 0.547213595499958]","[0, 6, 0]",True
AdaTE-Equal-H,42,4,"[1, 1, -1, 13, 0, -1, 0, 1, 6, 0]","[0.0, 0.0, 0.0]","[0.0, 0.0, 0.0]","[0.1, 0.8, 0.1]","[0, 5, 1]",False
AdaTE-Equal-H,43,0,"[1, 2, 0, 13, 0, 0, 0, 1, 6, 1]","[0.0, 0.0, 0.0]","[0.007434082031250001, 0.06293023129304251, 0.03867482503255209]","[0.38284271247461904, 1.554247233265651, 0.38284271247461904]","[0, 3, 0]",True
AdaTE-Equal-H,43,1,"[1, 1, 0, 13, 0, 0, 0, 1, 7, 1]","[0.0, 0.0, 0.0]","[0.0, 0.0, 0.0]","[0.1, 0.8, 0.1]","[1, 2, 0]",False
AdaTE-Equal-H,43,2,"[1, 1, 0, 13, 0, 0, 0, 1, 8, 1]","[0.0, 0.0, 0.0]","[0.0, 0.0, 0.0]","[0.1, 0.8, 0.1]","[0, 3, 0]",False
AdaTE-Equal-H,44,0,"[1, 0, -5, 12, 0, 0, 0, 3, 0, 4]","[0.0, 0.25, 0.0]","[0.8998870849609375, 0.68359375, 0.68359375]","[0.1, 0.8, 0.1]","[0, 1, 0]",True
AdaTE-Equal-H,45,0,"[5, 2, -5, 12, 0, 0, 1, 0, 0, 1]","[0.0, 0.0, 0.0]","[1.505384699503581e-06, 2.6483395894368495e-07, 1.5833282470703128e-08]","[0.30000000000000004, 1.6, 0.30000000000000004]","[0, 2, 0]",True
AdaTE-Equal-H,45,1,"[4, 2, -5, 13, 0, 0, 1, 0, 1, 1]","[0.0, 0.0, 0.0]","[2.622000217437745e-05, 1.168376159667969e-05, 4.813883463541666e-06]","[0.30000000000000004, 1.6, 0.30000000000000004]","[0, 2, 0]",True
AdaTE-Equal-H,45,2,"[4, 2, -5, 13, 0, 0, 1, 0, 2, 1]","[0.0, 0.0, 0.0]","[1.397802988688151e-05, 0.00023675985654195156, 0.0004360110727945965]","[0.30000000000000004, 1.6, 0.30000000000000004]","[0, 2, 0]",True
AdaTE-Equal-H,45,3,"[3, 2, -5, 13, 0, 0, 1, 0, 3, 1]","[0.0, 0.0, 0.0]","[0.0029868788401285814, 0.003365195465087892, 0.0028605545043945317]","[0.38284271247461904, 1.554247233265651, 0.38284271247461904]","[0, 3, 0]",True
AdaTE-Equal-H,45,4,"[3, 2, -5, 13, 0, 0, 1, 0, 4, 1]","[0.0, 0.0, 0.0]","[0.016064751942952475, 0.026958508809407557, 0.011308914184570315]","[0.38284271247461904, 1.554247233265651, 0.38284271247461904]","[0, 3, 0]",True
AdaTE-Equal-H,45,5,"[2, 2, -5, 13, 0, 0, 1, 1, 5, 1]","[0.0, 0.0, 0.0]","[0.08193458557128908, 0.08153274536132814, 0.06979476928710938]","[0.38284271247461904, 1.554247233265651, 0.38284271247461904]","[0, 3, 0]",True
AdaTE-Equal-H,45,6,"[2, 2, -5, 13, 0, 0, 0, 1, 6, 1]","[0.0, 0.0, 0.0]","[0.18689371744791666, 0.4184214274088542, 0.118560791015625]","[0.44641016151377544, 1.492820323027551, 0.44641016151377544]","[0, 4, 0]",True
AdaTE-Equal-H,45,7,"[1, 1, -5, 13, 0, 0, 0, 1, 7, 1]","[0.0, 0.0, 0.0]","[0.0, 0.0, 0.0]","[0.1, 0.8, 0.1]","[0, 4, 0]",False
AdaTE-Equal-H,46,0,"[1, 0, -5, 12, 0, 0, 0, 2, 0, 3]","[0.0, 0.25, 0.0]","[0.8998870849609375, 0.68359375, 0.68359375]","[0.1, 0.8, 0.1]","[0, 1, 0]",True
AdaTE-Equal-H,47,0,"[1, 2, 0, 12, 0, 0, 1, 0, 0, 1]","[0.0, 0.0, 0.0]","[8.080865383148197e-08, 2.8122933705647804e-08, 2.1238606770833346e-08]","[0.1, 0.8, 0.1]","[0, 1, 0]",True
AdaTE-Equal-H,47,1,"[1, 2, 0, 13, 0, 0, 1, 0, 1, 1]","[0.0, 0.0, 0.0]","[5.221487045288087e-07, 2.6276737531026213e-06, 4.9384752909342467e-08]","[0.30000000000000004, 1.6, 0.30000000000000004]","[0, 2, 0]",True
AdaTE-Equal-H,47,2,"[1, 2, 0, 13, 0, 0, 1, 0, 2, 1]","[0.0, 0.0, 0.0]","[1.6075000762939456e-06, 2.2453826904296877e-05, 9.620230833689375e-06]","[0.30000000000000004, 1.6, 0.30000000000000004]","[0, 2, 0]",True
AdaTE-Equal-H,47,3,"[1, 2, 0, 13, 0, 0, 1, 0, 3, 1]","[0.0, 0.0, 0.0]","[0.000953526840209961, 2.279953598976136e-05, 0.0003848220698038738]","[0.38284271247461904, 1.554247233265651, 0.38284271247461904]","[0, 3, 0]",True
AdaTE-Equal-H,47,4,"[1, 2, 0, 13, 0, 0, 1, 0, 4, 1]","[0.0, 0.0, 0.0]","[0.009360008144378663, 0.0032626988728841145, 0.0002832818627357483]","[0.38284271247461904, 1.554247233265651, 0.38284271247461904]","[0, 3, 0]",True
AdaTE-Equal-H,47,5,"[1, 2, 0, 13, 0, 0, 1, 1, 5, 1]","[0.0, 0.0, 0.0]","[0.019803558131059013, 0.02175368603070577, 0.0]","[0.38284271247461904, 1.554247233265651, 0.28284271247461906]","[0, 3, 0]",True
AdaTE-Equal-H,47,6,"[1, 2, 0, 13, 0, 0, 0, 1, 6, 1]","[0.0, 0.0, 0.0]","[0.007434082031250001, 0.06293023129304251, 0.03867482503255209]","[0.44641016151377544, 1.492820323027551, 0.44641016151377544]","[0, 4, 0]",True
AdaTE-Equal-H,47,7,"[1, 1, 0, 13, 0, 0, 0, 1, 7, 1]","[0.0, 0.0, 0.0]","[0.0, 0.0, 0.0]","[0.1, 0.8, 0.1]","[1, 2, 1]",False
AdaTE-Equal-H,47,8,"[1, 1, 0, 13, 0, 0, 0, 1, 8, 1]","[0.0, 0.0, 0.0]","[0.0, 0.0, 0.0]","[0.1, 0.8, 0.1]","[0, 4, 0]",False
AdaTE-Equal-H,48,0,"[2, 0, -3, 12, 0, 0, 0, 2, 0, 3]","[0.0, 0.0, 0.0]","[0.00010294839731852216, 4.8010996500651055e-05, 6.150212605794273e-06]","[0.1, 0.8, 0.1]","[0, 1, 0]",True
AdaTE-Equal-H,48,1,"[2, 0, -3, 13, 0, 0, 0, 2, 1, 3]","[0.0, 0.0, 0.0]","[0.0, 0.0, 0.0]","[0.1, 0.8, 0.1]","[1, 0, 0]",False
AdaTE-Equal-H,48,2,"[2, 0, -3, 13, 0, 0, 0, 2, 2, 3]","[0.0, 0.0, 0.0]","[0.0, 0.0, 0.0]","[0.1, 0.8, 0.1]","[0, 1, 0]",False
AdaTE-Equal-H,48,3,"[2, 0, -3, 13, 0, 0, 0, 2, 3, 3]","[0.0, 0.0, 0.0]","[0.0, 0.0, 0.0]","[0.1, 0.8, 0.1]","[0, 1, 0]",False
AdaTE-Equal-H,49,0,"[2, 0, -5, 12, 0, 0, 0, 2, 0, 2]","[0.0, 0.0, 0.0]","[0.10481972817877928, 0.05907378756602605, 0.05107841606537502]","[0.1, 0.8, 0.1]","[0, 1, 0]",True
AdaTE-Equal-H,49,1,"[2, 0, -5, 13, 0, 0, 0, 2, 1, 2]","[0.0, 0.0, 0.0]","[0.0, 0.0, 0.0]","[0.1, 0.8, 0.1]","[0, 1, 0]",False
AdaTE-Equal-H,49,2,"[1, 0, -5, 13, 0, 0, 0, 2, 2, 2]","[0.0, 0.0, 0.0]","[0.0, 0.0, 0.0]","[0.1, 0.8, 0.1]","[0, 1, 0]",False
AdaTE-Equal-H,50,0,"[4, 2, -5, 13, 0, 0, 0, 1, 6, 1]","[0.0, 0.0, 0.0]","[3.830313364664715e-05, 4.756890614827476e-05, 1.0522955258687338e-05]","[0.38284271247461904, 1.554247233265651, 0.38284271247461904]","[0, 3, 0]",True
AdaTE-Equal-H,50,1,"[3, 1, -5, 13, 0, 0, 0, 1, 7, 1]","[0.0, 0.0, 0.0]","[0.0, 0.0, 0.0]","[0.1, 0.8, 0.1]","[0, 3, 0]",False
AdaTE-Equal-H,50,2,"[3, 1, -5, 13, 0, 0, 0, 1, 8, 1]","[0.0, 0.0, 0.0]","[0.0, 0.0, 0.0]","[0.1, 0.8, 0.1]","[0, 2, 0]",False
AdaTE-Equal-H,50,3,"[2, 1, -6, 13, 0, 0, 0, 1, 9, 1]","[0.0, 0.0, 0.0]","[0.0, 0.0, 0.0]","[0.1, 0.8, 0.1]","[0, 2, 0]",False
AdaTE-Equal-H,50,4,"[2, 1, -5, 13, 0, 0, 0, 1, 10, 1]","[0.0, 0.0, 0.0]","[0.0, 0.0, 0.0]","[0.1, 0.8, 0.1]","[0, 1, 0]",False
AdaTE-Equal-H,51,0,"[1, 2, -1, 13, 0, 0, 1, 0, 4, 0]","[0.0, 0.0, 0.0]","[0.007176472345987957, 0.12447589576244356, 0.07156884014606475]","[0.547213595499958, 1.3962847939999439, 0.547213595499958]","[0, 6, 0]",True
AdaTE-Equal-H,51,1,"[1, 2, -1, 13, 0, 0, 1, 1, 5, 0]","[0.0, 0.0, 0.0]","[0.3137253363927205, 0.2706277628739675, 0.1730198323726654]","[0.5898979485566356, 1.359883369779012, 0.5898979485566356]","[0, 7, 0]",True
AdaTE-Equal-H,51,2,"[1, 1, -1, 13, 0, -1, 0, 1, 6, 0]","[0.0, 0.0, 0.0]","[0.0, 0.0, 0.0]","[0.1, 0.8, 0.1]","[0, 6, 1]",False
AdaTE-Equal-H,52,0,"[4, 2, -5, 12, 0, 0, 1, 0, 0, 1]","[0.0, 0.0, 0.0]","[4.412578503290814e-05, 1.8684027671813977e-05, 2.4858380476633718e-05]","[0.1, 0.8, 0.1]","[0, 1, 0]",True
AdaTE-Equal-H,52,1,"[3, 2, -5, 13, 0, 0, 1, 0, 1, 1]","[0.0, 0.0, 0.0]","[0.00020411129633585617, 0.0002408464471499126, 0.00013137098232905074]","[0.1, 0.8, 0.1]","[0, 1, 0]",True
AdaTE-Equal-H,52,2,"[3, 2, -5, 13, 0, 0, 1, 0, 2, 1]","[0.0, 0.0, 0.0]","[0.0007631924668947856, 0.001303815829753876, 0.0005578533172607423]","[0.1, 0.8, 0.1]","[0, 1, 0]",True
AdaTE-Equal-H,52,3,"[2, 2, -5, 13, 0, 0, 1, 0, 3, 1]","[0.0, 0.0, 0.0]","[0.004437115828196209, 0.0039740370313326515, 0.007033654848734539]","[0.1, 0.8, 0.1]","[0, 1, 0]",True
AdaTE-Equal-H,52,4,"[2, 2, -5, 13, 0, 0, 1, 0, 4, 1]","[0.0, 0.0175, 0.0]","[0.053954682946205146, 0.014227854410807293, 0.01521153767903646]","[0.30000000000000004, 1.6, 0.30000000000000004]","[0, 2, 0]",True
AdaTE-Equal-H,52,5,"[1, 2, -5, 13, 0, 0, 1, 1, 5, 1]","[0.0, 0.18125000000000002, 0.0]","[0.24901987711588544, 0.025413004557291667, 0.14171142578125]","[0.38284271247461904, 2.708742469835982, 0.38284271247461904]","[0, 3, 0]",True
AdaTE-Equal-H,52,6,"[1, 2, -5, 13, 0, 0, 0, 1, 6, 1]","[0.0, 0.68359375, 0.0]","[0.5999247233072916, 0.22786458333333331, 0.45572916666666663]","[0.44641016151377544, 1.9225346087418367, 0.44641016151377544]","[0, 4, 0]",True
AdaTE-Equal-H,53,0,"[1, 2, 0, 13, 0, 0, 1, 0, 3, 0]","[0.0, 0.0020000000000000005, 0.0]","[0.011285094118677081, 0.010556428584580621, 0.006897487322489422]","[0.44641016151377544, 1.492820323027551, 0.44641016151377544]","[0, 4, 0]",True
AdaTE-Equal-H,53,1,"[1, 2, 0, 13, 0, 0, 1, 0, 4, 0]","[0.0, 0.0325, 0.0]","[0.056253888079275685, 0.05097099049016833, 0.04160521189371745]","[0.44641016151377544, 1.3358683014351298, 0.44641016151377544]","[0, 4, 0]",True
AdaTE-Equal-H,53,2,"[1, 2, 0, 13, 0, 0, 1, 1, 5, 0]","[0.0, 0.209375, 0.0]","[0.2696785635392492, 0.1067137859451274, 0.1878327362239361]","[0.44641016151377544, 0.8299063716044457, 0.44641016151377544]","[0, 4, 0]",True
AdaTE-Equal-H,53,3,"[1, 1, 0, 13, 0, -1, 0, 1, 6, 0]","[0.0, 0.68359375, 0.0]","[0.22786458333333331, 0.45572916666666663, 0.7857216347474605]","[0.44641016151377544, 0.9076774658846939, 0.44641016151377544]","[0, 4, 0]",True
AdaTE-Equal-H,54,0,"[1, 2, -2, 13, 0, 0, 1, 1, 5, 0]","[0.0, 0.0, 0.0]","[0.0, 0.09941037495930989, 0.14711446762084962]","[0.0, 0.8, 0.1]","[0, 1, 0]",True
AdaTE-Equal-H,54,1,"[1, 1, -2, 13, 0, -1, 0, 1, 6, 0]","[0.0, 0.0, 0.0]","[0.0, 0.0, 0.0]","[0.1, 0.8, 0.1]","[0, 1, 0]",False
AdaTE-Equal-H,55,0,"[2, 2, -5, 13, 0, 0, 1, 0, 3, 1]","[0.0, 0.0035000000000000005, 0.0]","[0.004437115828196209, 0.0039740370313326515, 0.007033654848734539]","[0.30000000000000004, 1.6, 0.30000000000000004]","[0, 2, 0]",True
AdaTE-Equal-H,55,1,"[2, 2, -5, 13, 0, 0, 1, 0, 4, 1]","[0.0, 0.049375, 0.0]","[0.053954682946205146, 0.014227854410807293, 0.01521153767903646]","[0.38284271247461904, 0.9382325620279262, 0.38284271247461904]","[0, 3, 0]",True
AdaTE-Equal-H,55,2,"[1, 2, -5, 13, 0, 0, 1, 1, 5, 1]","[0.0, 0.27265625000000004, 0.0]","[0.24901987711588544, 0.025413004557291667, 0.14171142578125]","[0.44641016151377544, 5.598560455923236, 0.44641016151377544]","[0, 4, 0]",True
AdaTE-Equal-H,55,3,"[1, 2, -5, 13, 0, 0, 0, 1, 6, 1]","[0.0, 0.7626953125, 0.0]","[0.5999247233072916, 0.22786458333333331, 0.45572916666666663]","[0.5, 2.2400000000000007, 0.5]","[0, 5, 0]",True
AdaTE-Equal-H,56,0,"[1, 2, 0, 12, 0, 0, 1, 0, 0, 1]","[0.0, 0.0, 0.0]","[8.080865383148197e-08, 2.8122933705647804e-08, 2.1238606770833346e-08]","[0.30000000000000004, 1.6, 0.30000000000000004]","[0, 2, 0]",True
AdaTE-Equal-H,56,1,"[1, 2, 0, 13, 0, 0, 1, 0, 1, 1]","[0.0, 0.0, 0.0]","[5.221487045288087e-07, 2.6276737531026213e-06, 4.9384752909342467e-08]","[0.38284271247461904, 1.554247233265651, 0.38284271247461904]","[0, 3, 0]",True
AdaTE-Equal-H,56,2,"[1, 2, 0, 13, 0, 0, 1, 0, 2, 1]","[0.0, 0.0, 0.0]","[1.6075000762939456e-06, 2.2453826904296877e-05, 9.620230833689375e-06]","[0.38284271247461904, 1.554247233265651, 0.38284271247461904]","[0, 3, 0]",True
AdaTE-Equal-H,56,3,"[1, 2, 0, 13, 0, 0, 1, 0, 3, 1]","[0.0, 0.0, 0.0]","[0.000953526840209961, 2.279953598976136e-05, 0.0003848220698038738]","[0.44641016151377544, 1.492820323027551, 0.44641016151377544]","[0, 4, 0]",True
AdaTE-Equal-H,56,4,"[1, 2, 0, 13, 0, 0, 1, 0, 4, 1]","[0.0, 0.0, 0.0]","[0.009360008144378663, 0.0032626988728841145, 0.0002832818627357483]","[0.44641016151377544, 1.492820323027551, 0.44641016151377544]","[0, 4, 0]",True
AdaTE-Equal-H,56,5,"[1, 2, 0, 13, 0, 0, 1, 1, 5, 1]","[0.0, 0.0, 0.0]","[0.019803558131059013, 0.02175368603070577, 0.0]","[0.44641016151377544, 1.492820323027551, 0.34641016151377546]","[0, 4, 0]",True
AdaTE-Equal-H,56,6,"[1, 2, 0, 13, 0, 0, 0, 1, 6, 1]","[0.0, 0.0, 0.0]","[0.007434082031250001, 0.06293023129304251, 0.03867482503255209]","[0.5, 1.4400000000000002, 0.5]","[0, 5, 0]",True
AdaTE-Equal-H,56,7,"[1, 1, 0, 13, 0, 0, 0, 1, 7, 1]","[0.0, 0.0, 0.0]","[0.0, 0.0, 0.0]","[0.1, 0.8, 0.1]","[1, 3, 1]",False
AdaTE-Equal-H,56,8,"[1, 1, 0, 13, 0, 0, 0, 1, 8, 1]","[0.0, 0.0, 0.0]","[0.0, 0.0, 0.0]","[0.1, 0.8, 0.1]","[0, 5, 0]",False
AdaTE-Equal-H,57,0,"[3, 2, -3, 13, 0, 0, 1, 0, 4, 1]","[0.0, 0.0, 0.0]","[0.0010952321370442711, 0.0021050710550944013, 0.003241387354532878]","[0.30000000000000004, 1.6, 0.30000000000000004]","[0, 2, 0]",True
AdaTE-Equal-H,57,1,"[2, 2, -3, 13, 0, 0, 1, 1, 5, 1]","[0.0, 0.0, 0.0]","[0.012198804728190106, 0.01293824666341146, 0.015512173906962079]","[0.30000000000000004, 1.6, 0.30000000000000004]","[0, 2, 0]",True
AdaTE-Equal-H,57,2,"[2, 2, -3, 13, 0, 0, 0, 1, 6, 1]","[0.0, 0.0, 0.0]","[0.10008304341634115, 0.051814900716145834, 0.07675987497965497]","[0.30000000000000004, 1.6, 0.30000000000000004]","[0, 2, 0]",True
AdaTE-Equal-H,57,3,"[2, 1, -3, 13, 0, 0, 0, 1, 7, 1]","[0.0, 0.0, 0.0]","[0.0, 0.0, 0.0]","[0.1, 0.8, 0.1]","[1, 1, 0]",False
AdaTE-Equal-H,57,4,"[1, 1, -4, 13, 0, 0, 0, 1, 8, 1]","[0.0, 0.0, 0.0]","[0.0, 0.0, 0.0]","[0.1, 0.8, 0.1]","[0, 1, 0]",False
AdaTE-Equal-H,58,0,"[1, 2, -1, 13, 0, 0, 0, 1, 6, 1]","[0.0, 0.0, 0.0]","[0.08536834716796876, 0.11290701794903726, 0.18885024021069208]","[0.30000000000000004, 1.6, 0.30000000000000004]","[0, 2, 0]",True
AdaTE-Equal-H,58,1,"[1, 1, -1, 13, 0, 0, 0, 1, 7, 1]","[0.0, 0.0, 0.0]","[0.0, 0.0, 0.0]","[0.1, 0.8, 0.1]","[0, 2, 0]",False
AdaTE-Equal-H,59,0,"[1, 2, 0, 13, 0, 0, 0, 1, 6, 1]","[0.0, 0.0, 0.0]","[0.007434082031250001, 0.06293023129304251, 0.03867482503255209]","[0.547213595499958, 1.3962847939999439, 0.547213595499958]","[0, 6, 0]",True
AdaTE-Equal-H,59,1,"[1, 1, 0, 13, 0, 0, 0, 1, 7, 1]","[0.0, 0.0, 0.0]","[0.0, 0.0, 0.0]","[0.1, 0.8, 0.1]","[1, 4, 1]",False
AdaTE-Equal-H,59,2,"[1, 1, 0, 13, 0, 0, 0, 1, 8, 1]","[0.0, 0.0, 0.0]","[0.0, 0.0, 0.0]","[0.1, 0.8, 0.1]","[0, 6, 0]",False
AdaTE-Equal-H,60,0,"[1, 2, -3, 13, 0, 0, 0, 1, 6, 1]","[0.0, 0.0, 0.0]","[0.18314005533854166, 0.18243865966796874, 0.20712114969889325]","[0.30000000000000004, 1.6, 0.30000000000000004]","[0, 2, 0]",True
AdaTE-Equal-H,60,1,"[0, 1, -3, 13, 0, 0, 0, 1, 7, 1]","[0.0, 0.0, 0.0]","[0.0, 0.0, 0.0]","[0.1, 0.8, 0.1]","[0, 2, 0]",False
AdaTE-QP-H,1,0,"[2, 2, -3, 13, 0, 0, 1, 1, 5, 1]","[0.0, 0.0, 0.0]","[0.012198804728190106, 0.01293824666341146, 0.015512173906962079]","[0.1, 0.8, 0.1]","[0, 1, 0]",True
AdaTE-QP-H,1,1,"[2, 2, -3, 13, 0, 0, 0, 1, 6, 1]","[0.0, 0.0, 0.0]","[0.10008304341634115, 0.051814900716145834, 0.07675987497965497]","[0.1, 0.8, 0.1]","[0, 1, 0]",True
AdaTE-QP-H,1,2,"[2, 1, -3, 13, 0, 0, 0, 1, 7, 1]","[0.0, 0.0, 0.0]","[0.0, 0.0, 0.0]","[0.1, 0.8, 0.1]","[0, 1, 0]",False
AdaTE-QP-H,1,3,"[1, 1, -4, 13, 0, 0, 0, 1, 8, 1]","[0.0, 0.0, 0.0]","[0.0, 0.0, 0.0]","[0.1, 0.8, 0.1]","[0, 1, 0]",False
AdaTE-QP-H,2,0,"[4, 2, -5, 13, 0, 0, 0, 1, 6, 1]","[0.0, 0.0, 0.0]","[3.830313364664715e-05, 4.756890614827476e-05, 1.0522955258687338e-05]","[0.1, 0.8, 0.1]","[0, 1, 0]",True
AdaTE-QP-H,2,1,"[3, 1, -5, 13, 0, 0, 0, 1, 7, 1]","[0.0, 0.0, 0.0]","[0.0, 0.0, 0.0]","[0.1, 0.8, 0.1]","[0, 1, 0]",False
AdaTE-QP-H,2,2,"[3, 1, -5, 13, 0, 0, 0, 1, 8, 1]","[0.0, 0.0, 0.0]","[0.0, 0.0, 0.0]","[0.1, 0.8, 0.1]","[0, 1, 0]",False
AdaTE-QP-H,2,3,"[2, 1, -5, 13, 0, 0, 0, 1, 9, 1]","[0.0, 0.0, 0.0]","[0.0, 0.0, 0.0]","[0.1, 0.8, 0.1]","[0, 1, 0]",False
AdaTE-QP-H,2,4,"[2, 1, -5, 13, 0, 0, 0, 1, 10, 1]","[0.0, 0.0, 0.0]","[0.0, 0.0, 0.0]","[0.1, 0.8, 0.1]","[0, 1, 0]",False
AdaTE-QP-H,3,0,"[1, 1, 0, 13, 0, -1, 0, 1, 6, 0]","[0.0, 0.25, 0.0]","[0.22786458333333331, 0.45572916666666663, 0.7857216347474605]","[0.1, 0.8, 0.1]","[0, 1, 0]",True
AdaTE-QP-H,4,0,"[1, 2, -1, 13, 0, 0, 1, 0, 3, 0]","[0.0, 0.0, 0.0]","[0.014378184000651044, 0.026436135927836103, 0.015819248194495837]","[0.1, 0.8, 0.1]","[0, 1, 0]",True
AdaTE-QP-H,4,1,"[1, 2, -1, 13, 0, 0, 1, 0, 4, 0]","[0.0, 0.0, 0.0]","[0.007176472345987957, 0.12447589576244356, 0.07156884014606475]","[0.1, 0.8, 0.1]","[0, 1, 0]",True
AdaTE-QP-H,4,2,"[1, 2, -1, 13, 0, 0, 1, 1, 5, 0]","[0.0, 0.0, 0.0]","[0.3137253363927205, 0.2706277628739675, 0.1730198323726654]","[0.1, 0.8, 0.1]","[0, 1, 0]",True
AdaTE-QP-H,4,3,"[1, 1, -1, 13, 0, -1, 0, 1, 6, 0]","[0.0, 0.0, 0.0]","[0.0, 0.0, 0.0]","[0.1, 0.8, 0.1]","[0, 1, 0]",False
AdaTE-QP-H,5,0,"[2, 2, -1, 13, 0, 0, 1, 0, 1, 1]","[0.0, 0.0, 0.0]","[7.325633943080904e-06, 6.325129717588426e-06, 6.948955535888674e-06]","[0.1, 0.8, 0.1]","[0, 1, 0]",True
AdaTE-QP-H,5,1,"[2, 2, -1, 13, 0, 0, 1, 0, 2, 1]","[0.0, 0.0, 0.0]","[6.850380651156109e-05, 5.439352385203045e-05, 0.00017342869672179223]","[0.1, 0.8, 0.1]","[0, 1, 0]",True
AdaTE-QP-H,5,2,"[1, 2, -1, 13, 0, 0, 1, 0, 3, 1]","[0.0, 0.0, 0.0]","[0.0006245385312537352, 0.0007631998538970948, 0.0006635530261198681]","[0.1, 0.8, 0.1]","[0, 1, 0]",True
AdaTE-QP-H,5,3,"[1, 2, -1, 13, 0, 0, 1, 0, 4, 1]","[0.0, 0.0, 0.0]","[0.004510278922319413, 0.004617092256744703, 0.0037672321319580085]","[0.1, 0.8, 0.1]","[0, 1, 0]",True
AdaTE-QP-H,5,4,"[1, 2, -1, 13, 0, 0, 1, 1, 5, 1]","[0.0, 0.0, 0.0]","[0.09154350546995799, 0.009616359047591687, 0.041997705856959035]","[0.1, 0.8, 0.1]","[0, 1, 0]",True
AdaTE-QP-H,5,5,"[1, 2, -1, 13, 0, 0, 0, 1, 6, 1]","[0.0, 0.0, 0.0]","[0.08536834716796876, 0.11290701794903726, 0.18885024021069208]","[0.1, 0.8, 0.1]","[0, 1, 0]",True
AdaTE-QP-H,5,6,"[1, 1, -1, 13, 0, 0, 0, 1, 7, 1]","[0.0, 0.0, 0.0]","[0.0, 0.0, 0.0]","[0.1, 0.8, 0.1]","[0, 1, 0]",False
AdaTE-QP-H,6,0,"[1, 0, -3, 12, 0, 0, 0, 3, 0, 4]","[0.0, 0.25, 0.0]","[0.8998870849609377, 0.6835937500000001, 0.6835937500000001]","[0.1, 0.8, 0.1]","[0, 1, 0]",True
AdaTE-QP-H,7,0,"[4, 2, -3, 12, 0, 0, 1, 0, 0, 0]","[0.0, 0.0, 0.0]","[3.2399211641962497e-07, 4.146330233580142e-08, 1.4889239025269517e-07]","[0.1, 0.8, 0.1]","[0, 1, 0]",True
AdaTE-QP-H,7,1,"[4, 2, -3, 13, 0, 0, 1, 0, 1, 0]","[0.0, 0.0, 0.0]","[7.90010876289231e-09, 2.324532964887848e-06, 4.019554188095528e-07]","[0.1, 0.8, 0.1]","[0, 1, 0]",True
AdaTE-QP-H,7,2,"[3, 2, -3, 13, 0, 0, 1, 0, 2, 0]","[0.0, 0.0, 0.0]","[8.149755768856884e-05, 4.5552815346305473e-07, 2.6351609955135127e-07]","[0.1, 0.8, 0.1]","[0, 1, 0]",True
AdaTE-QP-H,7,3,"[3, 2, -3, 13, 0, 0, 1, 0, 3, 0]","[0.0, 0.0, 0.0]","[0.0010187843392373422, 0.0, 0.0013901552441409615]","[0.1, 0.0, 0.1]","[0, 0, 1]",True
AdaTE-QP-H,7,4,"[3, 2, -3, 13, 0, 0, 1, 0, 4, 0]","[0.0, 0.0, 0.0]","[0.004154725884279946, 0.003213627654193215, 0.007495477841505512]","[0.1, 0.8, 0.1]","[0, 1, 0]",True
AdaTE-QP-H,7,5,"[2, 2, -3, 13, 0, 0, 1, 1, 5, 0]","[0.0, 0.0, 0.0]","[0.05159254702297018, 0.01870303689460642, 0.010984697040712713]","[0.1, 0.8, 0.1]","[0, 1, 0]",True
AdaTE-QP-H,7,6,"[2, 1, -3, 13, 0, -1, 0, 1, 6, 0]","[0.0, 0.0, 0.0]","[0.0, 0.0, 0.0]","[0.1, 0.8, 0.1]","[0, 1, 0]",False
AdaTE-QP-H,7,7,"[2, 0, -3, 13, 0, -1, 0, 1, 7, 0]","[0.0, 0.0, 0.0]","[0.0, 0.0, 0.0]","[0.1, 0.8, 0.1]","[0, 1, 0]",False
AdaTE-QP-H,8,0,"[1, 2, 0, 13, 0, 0, 1, 0, 4, 1]","[0.0, 0.0, 0.0]","[0.013109910247735047, 0.004541460464533615, 0.00023284198211095603]","[0.1, 0.8, 0.1]","[0, 1, 0]",True
AdaTE-QP-H,8,1,"[1, 2, 0, 13, 0, 0, 1, 1, 5, 1]","[0.0, 0.0, 0.0]","[0.028221814786099468, 0.03009867767012792, 0.0]","[0.1, 0.8, 0.0]","[0, 1, 0]",True
AdaTE-QP-H,8,2,"[1, 2, 0, 13, 0, 0, 0, 1, 6, 1]","[0.0, 0.0, 0.0]","[0.0, 0.08998584827897728, 0.05368135355315729]","[0.0, 0.8, 0.1]","[0, 1, 0]",True
AdaTE-QP-H,8,3,"[1, 1, 0, 13, 0, 0, 0, 1, 7, 1]","[0.0, 0.0, 0.0]","[0.0, 0.0, 0.0]","[0.1, 0.8, 0.1]","[1, 0, 0]",False
AdaTE-QP-H,8,4,"[1, 1, 0, 13, 0, 0, 0, 1, 8, 1]","[0.0, 0.0, 0.0]","[0.0, 0.0, 0.0]","[0.1, 0.8, 0.1]","[0, 1, 0]",False
AdaTE-QP-H,9,0,"[1, 0, -3, 12, 0, 0, 0, 2, 0, 2]","[0.0, 0.25, 0.0]","[0.8998870849609377, 0.6835937500000001, 0.6835937500000001]","[0.1, 0.8, 0.1]","[0, 1, 0]",True
AdaTE-QP-H,10,0,"[1, 2, 0, 13, 0, 0, 1, 1, 5, 0]","[0.0, 0.05, 0.0]","[0.24873107561128427, 0.16624949353068744, 0.14686359695607887]","[0.1, 0.8, 0.1]","[0, 1, 0]",True
AdaTE-QP-H,10,1,"[1, 1, 0, 13, 0, -1, 0, 1, 6, 0]","[0.0, 0.4375, 0.0]","[0.36257345741263014, 0.36257345741263014, 0.8274736060239571]","[0.30000000000000004, 1.048387641425202, 0.30000000000000004]","[0, 2, 0]",True
AdaTE-QP-H,11,0,"[1, 0, -5, 12, 0, 0, 0, 2, 0, 2]","[0.0, 0.25, 0.0]","[0.8998870849609375, 0.68359375, 0.68359375]","[0.1, 0.8, 0.1]","[0, 1, 0]",True
AdaTE-QP-H,12,0,"[5, 2, -5, 12, 0, 0, 1, 0, 0, 0]","[0.0, 0.0, 0.0]","[2.0947238879777295e-05, 9.19058388156059e-06, 3.928164469618909e-06]","[0.1, 0.8, 0.1]","[0, 1, 0]",True
AdaTE-QP-H,12,1,"[4, 2, -5, 13, 0, 0, 1, 0, 1, 0]","[0.0, 0.0, 0.0]","[0.0004772230574004632, 1.6861197695379568e-05, 0.0005132846142967784]","[0.1, 0.8, 0.1]","[0, 1, 0]",True
AdaTE-QP-H,12,2,"[4, 2, -5, 13, 0, 0, 1, 0, 2, 0]","[0.0, 0.0, 0.0]","[0.0039821399265029854, 0.0015314020545911136, 0.004625684913840765]","[0.1, 0.8, 0.1]","[0, 1, 0]",True
AdaTE-QP-H,12,3,"[3, 2, -5, 13, 0, 0, 1, 0, 3, 0]","[0.0, 0.0, 0.0]","[0.01613972898211055, 0.014765251860711443, 0.01207179194169749]","[0.1, 0.8, 0.1]","[0, 1, 0]",True
AdaTE-QP-H,12,4,"[3, 2, -5, 13, 0, 0, 1, 0, 4, 0]","[0.0, 0.0, 0.0]","[0.015689610863853735, 0.0727923501926859, 0.032825803581549184]","[0.1, 0.8, 0.1]","[0, 1, 0]",True
AdaTE-QP-H,12,5,"[2, 2, -5, 13, 0, 0, 1, 1, 5, 0]","[0.0, 0.0, 0.0]","[0.20773085652117854, 0.13145939404771864, 0.1475187793611152]","[0.1, 0.8, 0.1]","[0, 1, 0]",True
AdaTE-QP-H,12,6,"[2, 1, -5, 13, 0, -1, 0, 1, 6, 0]","[0.0, 0.25, 0.0]","[0.457149506015877, 0.47663218228733406, 0.7825174373921924]","[0.1, 0.8, 0.1]","[0, 1, 0]",True
AdaTE-QP-H,13,0,"[2, 2, -1, 13, 0, 0, 1, 0, 2, 1]","[0.0, 0.0, 0.0]","[6.398051052051027e-05, 4.9269427922385005e-05, 0.00018610103135158044]","[0.30000000000000004, 1.6, 0.30000000000000004]","[0, 2, 0]",True
AdaTE-QP-H,13,1,"[1, 2, -1, 13, 0, 0, 1, 0, 3, 1]","[0.0, 0.0, 0.0]","[0.0006888442776997537, 0.0007559406888685131, 0.000665607401813844]","[0.30000000000000004, 1.6, 0.30000000000000004]","[0, 2, 0]",True
AdaTE-QP-H,13,2,"[1, 2, -1, 13, 0, 0, 1, 0, 4, 1]","[0.0, 0.0, 0.0]","[0.0037828153880445805, 0.005038074452992236, 0.0045140551947295635]","[0.30000000000000004, 1.6, 0.30000000000000004]","[0, 2, 0]",True
AdaTE-QP-H,13,3,"[1, 2, -1, 13, 0, 0, 1, 1, 5, 1]","[0.0, 0.0, 0.0]","[0.09497280612623916, 0.008398181227198034, 0.05490592636681357]","[0.30000000000000004, 1.6, 0.30000000000000004]","[0, 2, 0]",True
AdaTE-QP-H,13,4,"[1, 2, -1, 13, 0, 0, 0, 1, 6, 1]","[0.0, 0.0, 0.0]","[0.061435979748086705, 0.14507596544307727, 0.2530210433430951]","[0.30000000000000004, 1.6, 0.30000000000000004]","[0, 2, 0]",True
AdaTE-QP-H,13,5,"[1, 1, -1, 13, 0, 0, 0, 1, 7, 1]","[0.0, 0.0, 0.0]","[0.0, 0.0, 0.0]","[0.1, 0.8, 0.1]","[0, 2, 0]",False
AdaTE-QP-H,14,0,"[1, 0, -1, 12, 0, 0, 0, 3, 0, 4]","[0.0, 0.25, 0.0]","[0.8998870849609375, 0.68359375, 0.68359375]","[0.1, 0.8, 0.1]","[0, 1, 0]",True
AdaTE-QP-H,15,0,"[2, 2, -1, 13, 0, 0, 1, 0, 2, 0]","[0.0, 0.0, 0.0]","[0.005419677678128383, 0.003166621673446692, 0.001033284911098823]","[0.1, 0.8, 0.1]","[0, 1, 0]",True
AdaTE-QP-H,15,1,"[1, 2, -1, 13, 0, 0, 1, 0, 3, 0]","[0.0, 0.0, 0.0]","[0.010384053390050082, 0.02196006444725893, 0.016207955801365283]","[0.30000000000000004, 1.6, 0.30000000000000004]","[0, 2, 0]",True
AdaTE-QP-H,15,2,"[1, 2, -1, 13, 0, 0, 1, 0, 4, 0]","[0.0, 0.0, 0.0]","[0.009846671055232984, 0.10581753565509469, 0.060595813841258464]","[0.30000000000000004, 1.6, 0.30000000000000004]","[0, 2, 0]",True
AdaTE-QP-H,15,3,"[1, 2, -1, 13, 0, 0, 1, 1, 5, 0]","[0.0, 0.0, 0.0]","[0.2695883874595051, 0.23041012936141386, 0.1447129378282116]","[0.30000000000000004, 1.6, 0.30000000000000004]","[0, 2, 0]",True
AdaTE-QP-H,15,4,"[1, 1, -1, 13, 0, -1, 0, 1, 6, 0]","[0.0, 0.0, 0.0]","[0.0, 0.0, 0.0]","[0.1, 0.8, 0.1]","[0, 2, 0]",False
AdaTE-QP-H,16,0,"[1, 2, -1, 13, 0, 0, 0, 1, 6, 1]","[0.0, 0.0, 0.0]","[0.028819090170367195, 0.11995652828034117, 0.18139592636208604]","[0.38284271247461904, 1.554247233265651, 0.38284271247461904]","[0, 3, 0]",True
AdaTE-QP-H,16,1,"[1, 1, -1, 13, 0, 0, 0, 1, 7, 1]","[0.0, 0.0, 0.0]","[0.0, 0.0, 0.0]","[0.1, 0.8, 0.1]","[0, 3, 0]",False
AdaTE-QP-H,17,0,"[3, 2, -5, 13, 0, 0, 1, 0, 2, 1]","[0.0, 0.0, 0.0]","[0.00036393321903092983, 0.0013709311619276268, 0.00042122847224373245]","[0.1, 0.8, 0.1]","[0, 1, 0]",True
AdaTE-QP-H,17,1,"[2, 2, -5, 13, 0, 0, 1, 0, 3, 1]","[0.0, 0.0, 0.0]","[0.0031685164722996782, 0.00392454618059978, 0.00498794620928352]","[0.1, 0.8, 0.1]","[0, 1, 0]",True
AdaTE-QP-H,17,2,"[2, 2, -5, 13, 0, 0, 1, 0, 4, 1]","[0.0, 0.0, 0.0]","[0.05175758686826962, 0.010312076899421634, 0.007766023906633465]","[0.1, 0.8, 0.1]","[0, 1, 0]",True
AdaTE-QP-H,17,3,"[1, 2, -5, 13, 0, 0, 1, 1, 5, 1]","[0.0, 0.0, 0.0]","[0.3270167237509092, 0.008579054112357687, 0.12280885426566758]","[0.1, 0.8, 0.1]","[0, 1, 0]",True
AdaTE-QP-H,17,4,"[1, 2, -5, 13, 0, 0, 0, 1, 6, 1]","[0.0, 0.25, 0.0]","[0.37140570574340237, 0.20521237515724114, 0.4783813748427589]","[0.1, 0.8, 0.1]","[0, 1, 0]",True
AdaTE-QP-H,18,0,"[3, 2, -5, 13, 0, 0, 1, 0, 3, 1]","[0.0, 0.0, 0.0]","[0.0035696628253942715, 0.003983818496683695, 0.0035285316239922248]","[0.1, 0.8, 0.1]","[0, 1, 0]",True
AdaTE-QP-H,18,1,"[3, 2, -5, 13, 0, 0, 1, 0, 4, 1]","[0.0, 0.0, 0.0]","[0.02194886237169598, 0.03369041058134105, 0.003817722006176581]","[0.1, 0.8, 0.1]","[0, 1, 0]",True
AdaTE-QP-H,18,2,"[2, 2, -5, 13, 0, 0, 1, 1, 5, 1]","[0.0, 0.0, 0.0]","[0.038867450017682936, 0.10451811759455872, 0.12296621393323703]","[0.1, 0.8, 0.1]","[0, 1, 0]",True
AdaTE-QP-H,18,3,"[2, 2, -5, 13, 0, 0, 0, 1, 6, 1]","[0.0, 0.0, 0.0]","[0.11669316009242459, 0.48247807843822926, 0.20888344128123346]","[0.1, 0.8, 0.1]","[0, 1, 0]",True
AdaTE-QP-H,18,4,"[1, 1, -5, 13, 0, 0, 0, 1, 7, 1]","[0.0, 0.0, 0.0]","[0.0, 0.0, 0.0]","[0.1, 0.8, 0.1]","[0, 1, 0]",False
AdaTE-QP-H,19,0,"[1, 2, 0, 12, 0, 0, 1, 0, 0, 0]","[0.0, 0.0, 0.0]","[2.4611952056490755e-05, 5.157986866581808e-06, 3.850117730666038e-09]","[0.1, 0.8, 0.1]","[0, 1, 0]",True
AdaTE-QP-H,19,1,"[1, 2, 0, 13, 0, 0, 1, 0, 1, 0]","[0.0, 0.0, 0.0]","[0.00033305399759141376, 9.97080163932936e-05, 4.251087110338428e-05]","[0.1, 0.8, 0.1]","[0, 1, 0]",True
AdaTE-QP-H,19,2,"[1, 2, 0, 13, 0, 0, 1, 0, 2, 0]","[0.0, 0.0, 0.0]","[0.0003369140588327931, 0.0022817429794706203, 0.0017769803682873711]","[0.1, 0.8, 0.1]","[0, 1, 0]",True
AdaTE-QP-H,19,3,"[1, 2, 0, 13, 0, 0, 1, 0, 3, 0]","[0.0, 0.0, 0.0]","[0.010872617522300752, 0.010778318347915964, 0.006211802358045319]","[0.1, 0.8, 0.1]","[0, 1, 0]",True
AdaTE-QP-H,19,4,"[1, 2, 0, 13, 0, 0, 1, 0, 4, 0]","[0.0, 0.010000000000000002, 0.0]","[0.05050154685598163, 0.050045635392088894, 0.037469203097439334]","[0.1, 0.8, 0.1]","[0, 1, 0]",True
AdaTE-QP-H,19,5,"[1, 2, 0, 13, 0, 0, 1, 1, 5, 0]","[0.0, 0.125, 0.0]","[0.3270651100633926, 0.08514122612803053, 0.23461689628836724]","[0.30000000000000004, 1.1301923425456633, 0.30000000000000004]","[0, 2, 0]",True
AdaTE-QP-H,19,6,"[1, 1, 0, 13, 0, -1, 0, 1, 6, 0]","[0.0, 0.578125, 0.0]","[0.20521237515724114, 0.6066700400821343, 0.7180706119410529]","[0.38284271247461904, 0.9773273643487432, 0.38284271247461904]","[0, 3, 0]",True
AdaTE-QP-H,20,0,"[4, 2, -5, 13, 0, 0, 1, 0, 1, 1]","[0.0, 0.0, 0.0]","[4.4354598150103906e-05, 5.390005555151177e-06, 2.5541806308912738e-06]","[0.1, 0.8, 0.1]","[0, 1, 0]",True
AdaTE-QP-H,20,1,"[4, 2, -5, 13, 0, 0, 1, 0, 2, 1]","[0.0, 0.0, 0.0]","[9.535535681457892e-06, 0.00022892893328132227, 0.00054999029475084]","[0.1, 0.8, 0.1]","[0, 1, 0]",True
AdaTE-QP-H,20,2,"[3, 2, -5, 13, 0, 0, 1, 0, 3, 1]","[0.0, 0.0, 0.0]","[0.0035696628253942715, 0.003983818496683695, 0.0035285316239922248]","[0.30000000000000004, 1.6, 0.30000000000000004]","[0, 2, 0]",True
AdaTE-QP-H,20,3,"[3, 2, -5, 13, 0, 0, 1, 0, 4, 1]","[0.0, 0.0, 0.0]","[0.02194886237169598, 0.03369041058134105, 0.003817722006176581]","[0.30000000000000004, 1.6, 0.30000000000000004]","[0, 2, 0]",True
AdaTE-QP-H,20,4,"[2, 2, -5, 13, 0, 0, 1, 1, 5, 1]","[0.0, 0.0, 0.0]","[0.038867450017682936, 0.10451811759455872, 0.12296621393323703]","[0.30000000000000004, 1.6, 0.30000000000000004]","[0, 2, 0]",True
AdaTE-QP-H,20,5,"[2, 2, -5, 13, 0, 0, 0, 1, 6, 1]","[0.0, 0.0, 0.0]","[0.11669316009242459, 0.48247807843822926, 0.20888344128123346]","[0.30000000000000004, 1.6, 0.30000000000000004]","[0, 2, 0]",True
AdaTE-QP-H,20,6,"[1, 1, -5, 13, 0, 0, 0, 1, 7, 1]","[0.0, 0.0, 0.0]","[0.0, 0.0, 0.0]","[0.1, 0.8, 0.1]","[0, 2, 0]",False
AdaTE-QP-H,21,0,"[3, 2, -3, 13, 0, 0, 1, 0, 3, 0]","[0.0, 0.0, 0.0]","[0.001095828761522383, 0.0008078634897645085, 0.0012982365716051442]","[0.30000000000000004, 2.4000000000000004, 0.2]","[0, 1, 1]",True
AdaTE-QP-H,21,1,"[3, 2, -3, 13, 0, 0, 1, 0, 4, 0]","[0.0, 0.0, 0.0]","[0.002639938108929734, 0.006257165772968937, 0.008661440693690969]","[0.30000000000000004, 1.6, 0.30000000000000004]","[0, 2, 0]",True
AdaTE-QP-H,21,2,"[2, 2, -3, 13, 0, 0, 1, 1, 5, 0]","[0.0, 0.0, 0.0]","[0.05729231133048217, 0.017466370464014357, 0.049889485187059976]","[0.30000000000000004, 1.6, 0.30000000000000004]","[0, 2, 0]",True
AdaTE-QP-H,21,3,"[2, 1, -3, 13, 0, -1, 0, 1, 6, 0]","[0.0, 0.0, 0.0]","[0.0, 0.0, 0.0]","[0.1, 0.8, 0.1]","[0, 2, 0]",False
AdaTE-QP-H,21,4,"[1, 0, -3, 13, 0, -1, 0, 1, 7, 0]","[0.0, 0.0, 0.0]","[0.0, 0.0, 0.0]","[0.1, 0.8, 0.1]","[0, 1, 0]",False
AdaTE-QP-H,22,0,"[1, 2, 0, 13, 0, 0, 1, 1, 5, 0]","[0.0, 0.209375, 0.0]","[0.3560304359124209, 0.1334238261156945, 0.23086585424139555]","[0.38284271247461904, 0.8047559099296825, 0.38284271247461904]","[0, 3, 0]",True
AdaTE-QP-H,22,1,"[1, 1, 0, 13, 0, -1, 0, 1, 6, 0]","[0.0, 0.68359375, 0.0]","[0.33859968107178334, 0.6392648771676357, 0.7034617520799278]","[0.44641016151377544, 0.7693330542616217, 0.44641016151377544]","[0, 4, 0]",True
AdaTE-QP-H,23,0,"[5, 2, -5, 13, 0, 0, 1, 0, 4, 1]","[0.0, 0.0, 0.0]","[2.3505434293549658e-08, 9.165274080645147e-08, 2.840582816597902e-08]","[0.1, 0.8, 0.1]","[0, 1, 0]",True
AdaTE-QP-H,23,1,"[4, 2, -5, 13, 0, 0, 1, 1, 5, 1]","[0.0, 0.0, 0.0]","[1.2188768354387409e-06, 4.990276030721254e-07, 1.9329790526759105e-06]","[0.1, 0.8, 0.1]","[0, 1, 0]",True
AdaTE-QP-H,23,2,"[4, 2, -5, 13, 0, 0, 0, 1, 6, 1]","[0.0, 0.0, 0.0]","[1.8073871209772247e-05, 9.254075208067138e-06, 1.5636784103968963e-05]","[0.30000000000000004, 1.6, 0.30000000000000004]","[0, 2, 0]",True
AdaTE-QP-H,23,3,"[3, 1, -5, 13, 0, 0, 0, 1, 7, 1]","[0.0, 0.0, 0.0]","[0.0, 0.0, 0.0]","[0.1, 0.8, 0.1]","[0, 2, 0]",False
AdaTE-QP-H,23,4,"[3, 1, -5, 13, 0, 0, 0, 1, 8, 1]","[0.0, 0.0, 0.0]","[0.0, 0.0, 0.0]","[0.1, 0.8, 0.1]","[0, 2, 0]",False
AdaTE-QP-H,23,5,"[2, 1, -5, 13, 0, 0, 0, 1, 9, 1]","[0.0, 0.0, 0.0]","[0.0, 0.0, 0.0]","[0.1, 0.8, 0.1]","[0, 2, 0]",False
AdaTE-QP-H,23,6,"[2, 0, -5, 13, 0, 0, 0, 1, 10, 1]","[0.0, 0.0, 0.0]","[0.0, 0.0, 0.0]","[0.1, 0.8, 0.1]","[0, 1, 0]",False
AdaTE-QP-H,24,0,"[4, 2, -3, 12, 0, 0, 1, 0, 0, 1]","[0.0, 0.0, 0.0]","[2.891584437506396e-07, 5.68415516971272e-08, 1.5681216108642281e-07]","[0.1, 0.8, 0.1]","[0, 1, 0]",True
AdaTE-QP-H,24,1,"[4, 2, -3, 13, 0, 0, 1, 0, 1, 1]","[0.0, 0.0, 0.0]","[4.599058198662579e-06, 3.562658885400296e-08, 8.77581069684061e-06]","[0.1, 0.8, 0.1]","[0, 1, 0]",True
AdaTE-QP-H,24,2,"[3, 2, -3, 13, 0, 0, 1, 0, 2, 1]","[0.0, 0.0, 0.0]","[2.9903431229820845e-07, 4.459260570322048e-05, 3.9046504838446124e-05]","[0.1, 0.8, 0.1]","[0, 1, 0]",True
AdaTE-QP-H,24,3,"[3, 2, -3, 13, 0, 0, 1, 0, 3, 1]","[0.0, 0.0, 0.0]","[0.00032613869214436863, 0.00033859718593361285, 0.0003160692166683158]","[0.1, 0.8, 0.1]","[0, 1, 0]",True
AdaTE-QP-H,24,4,"[3, 2, -3, 13, 0, 0, 1, 0, 4, 1]","[0.0, 0.0, 0.0]","[0.0011814209441715871, 0.001295266697218593, 0.0034840171038825877]","[0.1, 0.8, 0.1]","[0, 1, 0]",True
AdaTE-QP-H,24,5,"[2, 2, -3, 13, 0, 0, 1, 1, 5, 1]","[0.0, 0.0, 0.0]","[0.007678534219075399, 0.013081987538143556, 0.0076793860853743515]","[0.30000000000000004, 1.6, 0.30000000000000004]","[0, 2, 0]",True
AdaTE-QP-H,24,6,"[2, 2, -3, 13, 0, 0, 0, 1, 6, 1]","[0.0, 0.0, 0.0]","[0.09920226255008086, 0.03154576886153616, 0.0556872984529687]","[0.30000000000000004, 1.6, 0.30000000000000004]","[0, 2, 0]",True
AdaTE-QP-H,24,7,"[2, 1, -3, 13, 0, 0, 0, 1, 7, 1]","[0.0, 0.0, 0.0]","[0.0, 0.0, 0.0]","[0.1, 0.8, 0.1]","[0, 2, 0]",False
AdaTE-QP-H,24,8,"[1, 1, -3, 13, 0, 0, 0, 1, 8, 1]","[0.0, 0.0, 0.0]","[0.0, 0.0, 0.0]","[0.1, 0.8, 0.1]","[0, 1, 0]",False
AdaTE-QP-H,25,0,"[4, 0, -5, 12, 0, 0, 0, 2, 0, 2]","[0.0, 0.0, 0.0]","[7.373445061766813e-08, 1.3315079893121162e-08, 3.240840299169676e-08]","[0.1, 0.8, 0.1]","[0, 1, 0]",True
AdaTE-QP-H,25,1,"[4, 0, -5, 13, 0, 0, 0, 2, 1, 2]","[0.0, 0.0, 0.0]","[0.0, 0.0, 0.0]","[0.1, 0.8, 0.1]","[0, 1, 0]",False
AdaTE-QP-H,25,2,"[3, 0, -5, 13, 0, 0, 0, 2, 2, 2]","[0.0, 0.0, 0.0]","[0.0, 0.0, 0.0]","[0.1, 0.8, 0.1]","[0, 1, 0]",False
AdaTE-QP-H,25,3,"[3, 0, -5, 13, 0, 0, 0, 2, 3, 2]","[0.0, 0.0, 0.0]","[0.0, 0.0, 0.0]","[0.1, 0.8, 0.1]","[0, 1, 0]",False
AdaTE-QP-H,25,4,"[2, 0, -5, 13, 0, 0, 0, 2, 4, 2]","[0.0, 0.0, 0.0]","[0.0, 0.0, 0.0]","[0.1, 0.8, 0.1]","[0, 1, 0]",False
AdaTE-QP-H,25,5,"[2, 0, -5, 12, 0, 0, 0, 2, 5, 2]","[0.0, 0.0, 0.0]","[0.0, 0.0, 0.0]","[0.1, 0.8, 0.1]","[0, 1, 0]",False
AdaTE-QP-H,25,6,"[1, 0, -5, 12, 0, 0, 0, 2, 6, 2]","[0.0, 0.0, 0.0]","[0.0, 0.0, 0.0]","[0.1, 0.8, 0.1]","[0, 1, 0]",False
AdaTE-QP-H,26,0,"[3, 2, -5, 13, 0, 0, 1, 0, 1, 0]","[0.0, 0.0, 0.0]","[0.0010267786665815225, 0.0032083858940160394, 0.0022487964357779063]","[0.1, 0.8, 0.1]","[0, 1, 0]",True
AdaTE-QP-H,26,1,"[3, 2, -5, 13, 0, 0, 1, 0, 2, 0]","[0.0, 0.0, 0.0]","[0.03996630313208342, 0.006940442726006315, 0.01720649462800949]","[0.1, 0.8, 0.1]","[0, 1, 0]",True
AdaTE-QP-H,26,2,"[2, 2, -5, 13, 0, 0, 1, 0, 3, 0]","[0.0, 0.0, 0.0]","[0.022910739147853895, 0.10504408718989422, 0.06874051316700011]","[0.1, 0.8, 0.1]","[0, 1, 0]",True
AdaTE-QP-H,26,3,"[2, 2, -5, 13, 0, 0, 1, 0, 4, 0]","[0.0, 0.0, 0.0]","[0.35323315826418783, 0.12928471997351687, 0.5647775089080678]","[0.1, 0.8, 0.1]","[0, 1, 0]",True
AdaTE-QP-H,26,4,"[1, 2, -5, 13, 0, 0, 1, 1, 5, 0]","[0.0, 0.25, 0.0]","[0.3148889563825228, 0.7987608361748062, 0.8993619903953844]","[0.1, 0.8, 0.1]","[0, 1, 0]",True
AdaTE-QP-H,27,0,"[2, 2, -6, 13, 0, 0, 0, 1, 6, 1]","[0.0, 0.0, 0.0]","[0.0009157241742452066, 0.0008982210220601076, 0.3979995345494294]","[0.1, 0.8, 0.1]","[0, 1, 0]",True
AdaTE-QP-H,27,1,"[1, 1, -6, 13, 0, 0, 0, 1, 7, 1]","[0.0, 0.0, 0.0]","[0.0, 0.0, 0.0]","[0.1, 0.8, 0.1]","[0, 0, 1]",False
AdaTE-QP-H,28,0,"[4, 2, -5, 12, 0, 0, 1, 0, 0, 1]","[0.0, 0.0, 0.0]","[4.3723551387628604e-05, 1.9449817751104224e-05, 2.2556950807174088e-05]","[0.1, 0.8, 0.1]","[0, 1, 0]",True
AdaTE-QP-H,28,1,"[3, 2, -5, 13, 0, 0, 1, 0, 1, 1]","[0.0, 0.0, 0.0]","[0.00024684498210454235, 0.00015100436837108168, 0.00017488391716702573]","[0.1, 0.8, 0.1]","[0, 1, 0]",True
AdaTE-QP-H,28,2,"[3, 2, -5, 13, 0, 0, 1, 0, 2, 1]","[0.0, 0.0, 0.0]","[0.00031010067969600857, 0.0012738533407966582, 0.0002272876634264544]","[0.30000000000000004, 1.6, 0.30000000000000004]","[0, 2, 0]",True
AdaTE-QP-H,28,3,"[2, 2, -5, 13, 0, 0, 1, 0, 3, 1]","[0.0, 0.0, 0.0]","[0.0030084786883302437, 0.0038950217513021323, 0.0034433469682812684]","[0.30000000000000004, 1.6, 0.30000000000000004]","[0, 2, 0]",True
AdaTE-QP-H,28,4,"[2, 2, -5, 13, 0, 0, 1, 0, 4, 1]","[0.0, 0.0, 0.0]","[0.07538622268247193, 0.005383607291467826, 0.007648604257315336]","[0.30000000000000004, 1.6, 0.30000000000000004]","[0, 2, 0]",True
AdaTE-QP-H,28,5,"[1, 2, -5, 13, 0, 0, 1, 1, 5, 1]","[0.0, 0.05, 0.0]","[0.3237302043999678, 0.0001850851842912751, 0.19214104877536628]","[0.30000000000000004, 1.6, 0.30000000000000004]","[0, 2, 0]",True
AdaTE-QP-H,28,6,"[1, 2, -5, 13, 0, 0, 0, 1, 6, 1]","[0.0, 0.4375, 0.0]","[0.4882411851896007, 0.36922988818303015, 0.3143638618169698]","[0.30000000000000004, 1.0583320408209793, 0.30000000000000004]","[0, 2, 0]",True
AdaTE-QP-H,29,0,"[1, 2, -1, 13, 0, 0, 1, 0, 4, 0]","[0.0, 0.0, 0.0]","[0.011628696496381402, 0.08097285171365279, 0.041269490008958326]","[0.38284271247461904, 1.554247233265651, 0.38284271247461904]","[0, 3, 0]",True
AdaTE-QP-H,29,1,"[1, 2, -1, 13, 0, 0, 1, 1, 5, 0]","[0.0, 0.0, 0.0]","[0.23828577465687817, 0.17467925626263997, 0.05119949734322022]","[0.38284271247461904, 1.554247233265651, 0.38284271247461904]","[0, 3, 0]",True
AdaTE-QP-H,29,2,"[1, 1, -1, 13, 0, -1, 0, 1, 6, 0]","[0.0, 0.0, 0.0]","[0.0, 0.0, 0.0]","[0.1, 0.8, 0.1]","[1, 2, 0]",False
AdaTE-QP-H,30,0,"[3, 2, -5, 13, 0, 0, 1, 0, 2, 0]","[0.0, 0.0, 0.0]","[0.03996630313208342, 0.006940442726006315, 0.01720649462800949]","[0.30000000000000004, 1.6, 0.30000000000000004]","[0, 2, 0]",True
AdaTE-QP-H,30,1,"[2, 2, -5, 13, 0, 0, 1, 0, 3, 0]","[0.0, 0.0, 0.0]","[0.022910739147853895, 0.10504408718989422, 0.06874051316700011]","[0.30000000000000004, 1.6, 0.30000000000000004]","[0, 2, 0]",True
AdaTE-QP-H,30,2,"[2, 2, -5, 13, 0, 0, 1, 0, 4, 0]","[0.0, 0.05, 0.0]","[0.35323315826418783, 0.12928471997351687, 0.5647775089080678]","[0.30000000000000004, 1.6, 0.30000000000000004]","[0, 2, 0]",True
AdaTE-QP-H,30,3,"[1, 2, -5, 13, 0, 0, 1, 1, 5, 0]","[0.0, 0.4375, 0.0]","[0.3148889563825228, 0.7987608361748062, 0.8993619903953844]","[0.30000000000000004, 1.3496121605588702, 0.30000000000000004]","[0, 2, 0]",True
AdaTE-QP-H,31,0,"[3, 2, -5, 13, 0, 0, 1, 0, 1, 0]","[0.0, 0.0, 0.0]","[0.0006922009508753117, 0.0027760718938616676, 0.0022182422020721984]","[0.30000000000000004, 1.6, 0.30000000000000004]","[0, 2, 0]",True
AdaTE-QP-H,31,1,"[3, 2, -5, 13, 0, 0, 1, 0, 2, 0]","[0.0, 0.0, 0.0]","[0.02915296983871149, 0.0074048617910779, 0.01333464965523171]","[0.38284271247461904, 1.554247233265651, 0.38284271247461904]","[0, 3, 0]",True
AdaTE-QP-H,31,2,"[2, 2, -5, 13, 0, 0, 1, 0, 3, 0]","[0.0, 0.010000000000000002, 0.0]","[0.02700494871867406, 0.07775278230699878, 0.05757596917167969]","[0.38284271247461904, 1.554247233265651, 0.38284271247461904]","[0, 3, 0]",True
AdaTE-QP-H,31,3,"[2, 2, -5, 13, 0, 0, 1, 0, 4, 0]","[0.0, 0.125, 0.0]","[0.3333629853685998, 0.09572842566745669, 0.49790192760482277]","[0.38284271247461904, 1.1363985146525108, 0.38284271247461904]","[0, 3, 0]",True
AdaTE-QP-H,31,4,"[1, 2, -5, 13, 0, 0, 1, 1, 5, 0]","[0.0, 0.578125, 0.0]","[0.3296971474444701, 0.7142976739505836, 0.8713116031071431]","[0.38284271247461904, 1.0642554374583841, 0.38284271247461904]","[0, 3, 0]",True
AdaTE-QP-H,32,0,"[1, 2, -6, 13, 0, 0, 0, 1, 6, 1]","[0.0, 0.25, 0.0]","[0.21080903158362152, 0.21080903158362152, 0.4727847184163785]","[0.1, 0.8, 0.1]","[0, 1, 0]",True
AdaTE-QP-H,33,0,"[1, 2, -1, 13, 0, 0, 1, 0, 4, 1]","[0.0, 0.0, 0.0]","[0.0030779949300387753, 0.005445730335552824, 0.005259624220550103]","[0.38284271247461904, 1.554247233265651, 0.38284271247461904]","[0, 3, 0]",True
AdaTE-QP-H,33,1,"[1, 2, -1, 13, 0, 0, 1, 1, 5, 1]","[0.0, 0.0, 0.0]","[0.09354410920278687, 0.007954448104160775, 0.06607838742860997]","[0.38284271247461904, 1.554247233265651, 0.38284271247461904]","[0, 3, 0]",True
AdaTE-QP-H,33,2,"[1, 2, -1, 13, 0, 0, 0, 1, 6, 1]","[0.0, 0.0, 0.0]","[0.03383518483120082, 0.173530436893167, 0.30708473265947345]","[0.44641016151377544, 1.492820323027551, 0.44641016151377544]","[0, 4, 0]",True
AdaTE-QP-H,33,3,"[1, 1, -1, 13, 0, 0, 0, 1, 7, 1]","[0.0, 0.0, 0.0]","[0.0, 0.0, 0.0]","[0.1, 0.8, 0.1]","[0, 4, 0]",False
AdaTE-QP-H,34,0,"[1, 0, -1, 12, 0, 0, 0, 2, 0, 2]","[0.0, 0.25, 0.0]","[0.8998870849609375, 0.68359375, 0.68359375]","[0.1, 0.8, 0.1]","[0, 1, 0]",True
AdaTE-QP-H,35,0,"[2, 2, -5, 13, 0, 0, 1, 0, 3, 0]","[0.0, 0.0325, 0.0]","[0.02700494871867406, 0.07775278230699878, 0.05757596917167969]","[0.44641016151377544, 1.3899301143091949, 0.44641016151377544]","[0, 4, 0]",True
AdaTE-QP-H,35,1,"[2, 2, -5, 13, 0, 0, 1, 0, 4, 0]","[0.0, 0.209375, 0.0]","[0.3333629853685998, 0.09572842566745669, 0.49790192760482277]","[0.44641016151377544, 0.937442119560401, 0.44641016151377544]","[0, 4, 0]",True
AdaTE-QP-H,35,2,"[1, 2, -5, 13, 0, 0, 1, 1, 5, 0]","[0.0, 0.68359375, 0.0]","[0.3296971474444701, 0.7142976739505836, 0.8713116031071431]","[0.44641016151377544, 0.8453311642822341, 0.44641016151377544]","[0, 4, 0]",True
AdaTE-QP-H,36,0,"[1, 2, 0, 13, 0, 0, 0, 1, 6, 1]","[0.0, 0.0, 0.0]","[0.008310053535867305, 0.017665087976778945, 0.009211908677953469]","[0.30000000000000004, 1.6, 0.30000000000000004]","[0, 2, 0]",True
AdaTE-QP-H,36,1,"[1, 1, 0, 13, 0, 0, 0, 1, 7, 1]","[0.0, 0.0, 0.0]","[0.0, 0.0, 0.0]","[0.1, 0.8, 0.1]","[2, 0, 0]",False
AdaTE-QP-H,36,2,"[1, 1, 0, 13, 0, 0, 0, 1, 8, 1]","[0.0, 0.0, 0.0]","[0.0, 0.0, 0.0]","[0.1, 0.8, 0.1]","[0, 2, 0]",False
AdaTE-QP-H,37,0,"[3, 2, -5, 13, 0, 0, 1, 0, 1, 1]","[0.0, 0.0, 0.0]","[0.00023326482995045134, 0.00014066239372803157, 0.00019604757989422278]","[0.30000000000000004, 1.6, 0.30000000000000004]","[0, 2, 0]",True
AdaTE-QP-H,37,1,"[3, 2, -5, 13, 0, 0, 1, 0, 2, 1]","[0.0, 0.0, 0.0]","[0.0003868651449559443, 0.001237659258938908, 0.00021503768131112937]","[0.38284271247461904, 1.554247233265651, 0.38284271247461904]","[0, 3, 0]",True
AdaTE-QP-H,37,2,"[2, 2, -5, 13, 0, 0, 1, 0, 3, 1]","[0.0, 0.0, 0.0]","[0.0032548046803586466, 0.0038995223611459303, 0.0035582321292503653]","[0.38284271247461904, 1.554247233265651, 0.38284271247461904]","[0, 3, 0]",True
AdaTE-QP-H,37,3,"[2, 2, -5, 13, 0, 0, 1, 0, 4, 1]","[0.0, 0.010000000000000002, 0.0]","[0.08105906070219118, 0.0051707754361607905, 0.009274671130994632]","[0.38284271247461904, 1.554247233265651, 0.38284271247461904]","[0, 3, 0]",True
AdaTE-QP-H,37,4,"[1, 2, -5, 13, 0, 0, 1, 1, 5, 1]","[0.0, 0.125, 0.0]","[0.3057048629400487, 0.002077715406627435, 0.21154993167099023]","[0.38284271247461904, 19.206162039503884, 0.38284271247461904]","[0, 3, 0]",True
AdaTE-QP-H,37,5,"[1, 2, -5, 13, 0, 0, 0, 1, 6, 1]","[0.0, 0.578125, 0.0]","[0.5645796087172495, 0.41024972191704273, 0.2733440280829572]","[0.38284271247461904, 0.807386141841862, 0.38284271247461904]","[0, 3, 0]",True
AdaTE-QP-H,38,0,"[4, 2, -5, 12, 0, 0, 1, 0, 0, 1]","[0.0, 0.0, 0.0]","[3.9840396227347046e-05, 1.808000227889961e-05, 2.1346241938974167e-05]","[0.30000000000000004, 1.6, 0.30000000000000004]","[0, 2, 0]",True
AdaTE-QP-H,38,1,"[3, 2, -5, 13, 0, 0, 1, 0, 1, 1]","[0.0, 0.0, 0.0]","[0.00023326482995045134, 0.00014066239372803157, 0.00019604757989422278]","[0.38284271247461904, 1.554247233265651, 0.38284271247461904]","[0, 3, 0]",True
AdaTE-QP-H,38,2,"[3, 2, -5, 13, 0, 0, 1, 0, 2, 1]","[0.0, 0.0, 0.0]","[0.0003868651449559443, 0.001237659258938908, 0.00021503768131112937]","[0.44641016151377544, 1.492820323027551, 0.44641016151377544]","[0, 4, 0]",True
AdaTE-QP-H,38,3,"[2, 2, -5, 13, 0, 0, 1, 0, 3, 1]","[0.0, 0.0020000000000000005, 0.0]","[0.0032548046803586466, 0.0038995223611459303, 0.0035582321292503653]","[0.44641016151377544, 1.492820323027551, 0.44641016151377544]","[0, 4, 0]",True
AdaTE-QP-H,38,4,"[2, 2, -5, 13, 0, 0, 1, 0, 4, 1]","[0.0, 0.0325, 0.0]","[0.08105906070219118, 0.0051707754361607905, 0.009274671130994632]","[0.44641016151377544, 1.439977050054138, 0.44641016151377544]","[0, 4, 0]",True
AdaTE-QP-H,38,5,"[1, 2, -5, 13, 0, 0, 1, 1, 5, 1]","[0.0, 0.209375, 0.0]","[0.3057048629400487, 0.002077715406627435, 0.21154993167099023]","[0.44641016151377544, 48.02260733862314, 0.44641016151377544]","[0, 4, 0]",True
AdaTE-QP-H,38,6,"[1, 2, -5, 13, 0, 0, 0, 1, 6, 1]","[0.0, 0.68359375, 0.0]","[0.5645796087172495, 0.41024972191704273, 0.2733440280829572]","[0.44641016151377544, 1.0201824522175442, 0.44641016151377544]","[0, 4, 0]",True
AdaTE-QP-H,39,0,"[1, 2, -1, 13, 0, 0, 1, 0, 3, 0]","[0.0, 0.0, 0.0]","[0.001377046009513739, 0.014181411686351938, 0.02039095582467542]","[0.38284271247461904, 1.554247233265651, 0.38284271247461904]","[0, 3, 0]",True
AdaTE-QP-H,39,1,"[1, 2, -1, 13, 0, 0, 1, 0, 4, 0]","[0.0, 0.0, 0.0]","[0.012920594070470538, 0.07690252272006601, 0.04076174417712174]","[0.44641016151377544, 1.492820323027551, 0.44641016151377544]","[0, 4, 0]",True
AdaTE-QP-H,39,2,"[1, 2, -1, 13, 0, 0, 1, 1, 5, 0]","[0.0, 0.0, 0.0]","[0.217670071573516, 0.1667772632432033, 0.06735259549502813]","[0.44641016151377544, 1.492820323027551, 0.44641016151377544]","[0, 4, 0]",True
AdaTE-QP-H,39,3,"[1, 1, -1, 13, 0, -1, 0, 1, 6, 0]","[0.0, 0.0, 0.0]","[0.0, 0.0, 0.0]","[0.1, 0.8, 0.1]","[1, 3, 0]",False
AdaTE-QP-H,40,0,"[1, 2, 0, 13, 0, 0, 0, 1, 6, 1]","[0.0, 0.0, 0.0]","[0.008310053535867305, 0.017665087976778945, 0.009211908677953469]","[0.38284271247461904, 1.554247233265651, 0.38284271247461904]","[0, 3, 0]",True
AdaTE-QP-H,40,1,"[1, 1, 0, 13, 0, 0, 0, 1, 7, 1]","[0.0, 0.0, 0.0]","[0.0, 0.0, 0.0]","[0.1, 0.8, 0.1]","[3, 0, 0]",False
AdaTE-QP-H,40,2,"[1, 1, 0, 13, 0, 0, 0, 1, 8, 1]","[0.0, 0.0, 0.0]","[0.0, 0.0, 0.0]","[0.1, 0.8, 0.1]","[0, 3, 0]",False
AdaTE-QP-H,41,0,"[2, 0, -3, 12, 0, 0, 0, 3, 0, 4]","[0.0, 0.0, 0.0]","[3.812504696029573e-06, 3.0025219938486704e-06, 1.2607359083543759e-07]","[0.1, 0.8, 0.1]","[0, 1, 0]",True
AdaTE-QP-H,41,1,"[2, 0, -3, 13, 0, 0, 0, 3, 1, 4]","[0.0, 0.0, 0.0]","[0.0, 0.0, 0.0]","[0.1, 0.8, 0.1]","[0, 1, 0]",False
AdaTE-QP-H,41,2,"[2, 0, -3, 13, 0, 0, 0, 3, 2, 4]","[0.0, 0.0, 0.0]","[0.0, 0.0, 0.0]","[0.1, 0.8, 0.1]","[0, 0, 1]",False
AdaTE-QP-H,41,3,"[2, 0, -3, 13, 0, 0, 0, 3, 3, 4]","[0.0, 0.0, 0.0]","[0.0, 0.0, 0.0]","[0.1, 0.8, 0.1]","[0, 0, 1]",False
AdaTE-QP-H,41,4,"[1, 0, -3, 13, 0, 0, 0, 3, 4, 4]","[0.0, 0.0, 0.0]","[0.0, 0.0, 0.0]","[0.1, 0.8, 0.1]","[0, 1, 0]",False
AdaTE-QP-H,42,0,"[1, 2, 0, 13, 0, 0, 1, 0, 4, 0]","[0.0, 0.049375, 0.0]","[0.07880012133481724, 0.08221700897711175, 0.08795164973269727]","[0.30000000000000004, 1.5026965332413504, 0.30000000000000004]","[0, 2, 0]",True
AdaTE-QP-H,42,1,"[1, 2, 0, 13, 0, 0, 1, 1, 5, 0]","[0.0, 0.29375, 0.0]","[0.3908316576790728, 0.18442077150719716, 0.22960262632154244]","[0.44641016151377544, 0.8010694244226354, 0.44641016151377544]","[0, 4, 0]",True
AdaTE-QP-H,42,2,"[1, 1, 0, 13, 0, -1, 0, 1, 6, 0]","[0.0, 0.7626953125, 0.0]","[0.4816960449814851, 0.68359375, 0.68359375]","[0.5, 0.6400000000000001, 0.5]","[0, 5, 0]",True
AdaTE-QP-H,43,0,"[2, 2, -3, 13, 0, 0, 1, 0, 2, 1]","[0.0, 0.0, 0.0]","[1.983775284547339e-05, 7.787345720713416e-05, 2.182954007418885e-06]","[0.1, 0.8, 0.1]","[0, 1, 0]",True
AdaTE-QP-H,43,1,"[2, 2, -3, 13, 0, 0, 1, 0, 3, 1]","[0.0, 0.0, 0.0]","[0.000481952310509784, 0.0003252378242104619, 6.862018212213932e-06]","[0.1, 0.8, 0.1]","[0, 1, 0]",True
AdaTE-QP-H,43,2,"[1, 2, -3, 13, 0, 0, 1, 0, 4, 1]","[0.0, 0.0, 0.0]","[0.00046834859590053876, 0.004757043421981107, 0.0003397354895821426]","[0.1, 0.8, 0.1]","[0, 1, 0]",True
AdaTE-QP-H,43,3,"[1, 2, -3, 13, 0, 0, 1, 1, 5, 1]","[0.0, 0.0, 0.0]","[6.357451101426781e-21, 0.029947231959942436, 0.06640389265952831]","[0.0, 0.8, 0.1]","[0, 1, 0]",True
AdaTE-QP-H,43,4,"[1, 2, -3, 13, 0, 0, 0, 1, 6, 1]","[0.0, 0.0, 0.0]","[0.17298215173582915, 0.10828972687766499, 0.393529271730485]","[0.1, 0.8, 0.1]","[0, 1, 0]",True
AdaTE-QP-H,43,5,"[0, 1, -3, 13, 0, 0, 0, 1, 7, 1]","[0.0, 0.0, 0.0]","[0.0, 0.0, 0.0]","[0.1, 0.8, 0.1]","[0, 1, 0]",False
AdaTE-QP-H,44,0,"[1, 0, -1, 12, 0, 0, 0, 2, 0, 2]","[0.0, 0.4375, 0.0]","[0.8998870849609374, 0.68359375, 0.68359375]","[0.30000000000000004, 1.3074285714285716, 0.30000000000000004]","[0, 2, 0]",True
AdaTE-QP-H,45,0,"[1, 2, 0, 12, 0, 0, 1, 0, 0, 1]","[0.0, 0.0, 0.0]","[3.140974970072497e-08, 2.780695597312338e-09, 4.5141800786836345e-09]","[0.1, 0.8, 0.1]","[1, 0, 0]",False
AdaTE-QP-H,45,1,"[1, 2, 0, 13, 0, 0, 1, 0, 1, 1]","[0.0, 0.0, 0.0]","[2.1767542207587294e-08, 2.4451738668565715e-07, 1.0439726881127054e-07]","[0.1, 0.8, 0.1]","[0, 1, 0]",True
AdaTE-QP-H,45,2,"[1, 2, 0, 13, 0, 0, 1, 0, 2, 1]","[0.0, 0.0, 0.0]","[1.424313385929151e-06, 5.88856288583465e-07, 3.204206031788479e-06]","[0.1, 0.8, 0.1]","[0, 1, 0]",True
AdaTE-QP-H,45,3,"[1, 2, 0, 13, 0, 0, 1, 0, 3, 1]","[0.0, 0.0, 0.0]","[1.7124598301409136e-05, 2.9119790887632274e-05, 3.006299423589823e-07]","[0.1, 0.8, 0.1]","[0, 1, 0]",True
AdaTE-QP-H,45,4,"[1, 2, 0, 13, 0, 0, 1, 0, 4, 1]","[0.0, 0.0, 0.0]","[0.00017747363113372217, 3.46515949528429e-05, 0.0004306841861089878]","[0.30000000000000004, 1.6, 0.30000000000000004]","[0, 2, 0]",True
AdaTE-QP-H,45,5,"[1, 2, 0, 13, 0, 0, 1, 1, 5, 1]","[0.0, 0.0, 0.0]","[0.007536233450885645, 0.0003448778544140854, 0.0]","[0.30000000000000004, 1.6, 0.2]","[0, 2, 0]",True
AdaTE-QP-H,45,6,"[1, 2, 0, 13, 0, 0, 0, 1, 6, 1]","[0.0, 0.0, 0.0]","[0.006586912626229047, 0.015399760985234249, 0.007071618559786672]","[0.44641016151377544, 1.492820323027551, 0.44641016151377544]","[0, 4, 0]",True
AdaTE-QP-H,45,7,"[1, 1, 0, 13, 0, 0, 0, 1, 7, 1]","[0.0, 0.0, 0.0]","[0.0, 0.0, 0.0]","[0.1, 0.8, 0.1]","[3, 1, 0]",False
AdaTE-QP-H,45,8,"[1, 1, 0, 13, 0, 0, 0, 1, 8, 1]","[0.0, 0.0, 0.0]","[0.0, 0.0, 0.0]","[0.1, 0.8, 0.1]","[0, 3, 1]",False
AdaTE-QP-H,46,0,"[1, 2, -3, 13, 0, 0, 1, 1, 5, 1]","[0.0, 0.0, 0.0]","[0.0, 0.026496135015231983, 0.06214467156241311]","[0.2, 1.6, 0.30000000000000004]","[0, 2, 0]",True
AdaTE-QP-H,46,1,"[1, 2, -3, 13, 0, 0, 0, 1, 6, 1]","[0.0, 0.0, 0.0]","[0.15606384362064768, 0.09581049854461149, 0.41253724516796597]","[0.30000000000000004, 1.6, 0.30000000000000004]","[0, 2, 0]",True
AdaTE-QP-H,46,2,"[0, 1, -3, 13, 0, 0, 0, 1, 7, 1]","[0.0, 0.0, 0.0]","[0.0, 0.0, 0.0]","[0.1, 0.8, 0.1]","[0, 2, 0]",False
AdaTE-QP-H,47,0,"[3, 2, -5, 13, 0, 0, 1, 0, 4, 0]","[0.0, 0.0, 0.0]","[0.025340555574998716, 0.01713469667051037, 0.001041047984592079]","[0.30000000000000004, 1.6, 0.30000000000000004]","[0, 2, 0]",True
AdaTE-QP-H,47,1,"[2, 2, -5, 13, 0, 0, 1, 1, 5, 0]","[0.0, 0.05, 0.0]","[0.32536948739491944, 0.0, 0.21292933202451333]","[0.30000000000000004, 0.8, 0.30000000000000004]","[0, 2, 0]",True
AdaTE-QP-H,47,2,"[2, 1, -5, 13, 0, -1, 0, 1, 6, 0]","[0.0, 0.4375, 0.0]","[0.25303446481268155, 0.5049625877412784, 0.8433670687775139]","[0.30000000000000004, 1.2039310537942833, 0.30000000000000004]","[0, 2, 0]",True
AdaTE-QP-H,48,0,"[2, 2, -5, 13, 0, 0, 1, 1, 5, 1]","[0.0, 0.0, 0.0]","[0.044114512284389104, 0.042379246420199454, 0.05471460538076456]","[0.38284271247461904, 1.554247233265651, 0.38284271247461904]","[0, 3, 0]",True
AdaTE-QP-H,48,1,"[2, 2, -5, 13, 0, 0, 0, 1, 6, 1]","[0.0, 0.0, 0.0]","[0.2109796811906529, 0.3738760864577096, 0.09294402661274107]","[0.38284271247461904, 1.554247233265651, 0.38284271247461904]","[0, 3, 0]",True
AdaTE-QP-H,48,2,"[1, 1, -5, 13, 0, 0, 0, 1, 7, 1]","[0.0, 0.0, 0.0]","[0.0, 0.0, 0.0]","[0.1, 0.8, 0.1]","[0, 3, 0]",False
AdaTE-QP-H,49,0,"[2, 2, -3, 13, 0, 0, 1, 0, 1, 0]","[0.0, 0.0, 0.0]","[0.01237475600516694, 0.009537456135771553, 0.0021944542716881453]","[0.1, 0.8, 0.1]","[0, 1, 0]",True
AdaTE-QP-H,49,1,"[2, 2, -3, 13, 0, 0, 1, 0, 2, 0]","[0.0, 0.0, 0.0]","[0.020127329295664357, 0.045832857129645854, 0.017116414197258064]","[0.1, 0.8, 0.1]","[0, 1, 0]",True
AdaTE-QP-H,49,2,"[2, 2, -3, 13, 0, 0, 1, 0, 3, 0]","[0.0, 0.0, 0.0]","[0.022995482584315805, 0.153637510789362, 0.1371497444765898]","[0.1, 0.8, 0.1]","[0, 1, 0]",True
AdaTE-QP-H,49,3,"[1, 2, -3, 13, 0, 0, 1, 0, 4, 0]","[0.0, 0.0, 0.0]","[0.11131303187235375, 0.47125008147933667, 0.0]","[0.1, 0.8, 0.0]","[0, 1, 0]",True
AdaTE-QP-H,49,4,"[1, 2, -3, 13, 0, 0, 1, 1, 5, 0]","[0.0, 0.25, 0.0]","[0.23515117844214517, 0.7401137661834236, 0.7152891831632401]","[0.1, 0.8, 0.1]","[0, 1, 0]",True
AdaTE-QP-H,50,0,"[1, 2, 0, 13, 0, 0, 1, 0, 3, 1]","[0.0, 0.0, 0.0]","[1.5151172211263722e-05, 2.8275020266861983e-05, 3.1515075788495875e-07]","[0.30000000000000004, 1.6, 0.30000000000000004]","[0, 2, 0]",True
AdaTE-QP-H,50,1,"[1, 2, 0, 13, 0, 0, 1, 0, 4, 1]","[0.0, 0.0, 0.0]","[0.00017707303307181013, 3.06583706831989e-05, 0.00043164235958111427]","[0.38284271247461904, 1.554247233265651, 0.38284271247461904]","[0, 3, 0]",True
AdaTE-QP-H,50,2,"[1, 2, 0, 13, 0, 0, 1, 1, 5, 1]","[0.0, 0.0, 0.0]","[0.007868247805225012, 0.00030513438459160643, 0.0]","[0.38284271247461904, 1.554247233265651, 0.28284271247461906]","[0, 3, 0]",True
AdaTE-QP-H,50,3,"[1, 2, 0, 13, 0, 0, 0, 1, 6, 1]","[0.0, 0.0, 0.0]","[0.005827841668690791, 0.016143589383217718, 0.007275180035235972]","[0.5, 1.4400000000000002, 0.5]","[0, 5, 0]",True
AdaTE-QP-H,50,4,"[1, 1, 0, 13, 0, 0, 0, 1, 7, 1]","[0.0, 0.0, 0.0]","[0.0, 0.0, 0.0]","[0.1, 0.8, 0.1]","[3, 2, 0]",False
AdaTE-QP-H,50,5,"[1, 1, 0, 13, 0, 0, 0, 1, 8, 1]","[0.0, 0.0, 0.0]","[0.0, 0.0, 0.0]","[0.1, 0.8, 0.1]","[0, 3, 2]",False
AdaTE-QP-H,51,0,"[4, 2, -5, 13, 0, 0, 1, 0, 2, 0]","[0.0, 0.0, 0.0]","[0.0028662269676672735, 0.0013605255816667079, 0.0035173168984814042]","[0.30000000000000004, 1.6, 0.30000000000000004]","[0, 2, 0]",True
AdaTE-QP-H,51,1,"[3, 2, -5, 13, 0, 0, 1, 0, 3, 0]","[0.0, 0.0, 0.0]","[0.010552601629298379, 0.013366909079715007, 0.009695382628916721]","[0.30000000000000004, 1.6, 0.30000000000000004]","[0, 2, 0]",True
AdaTE-QP-H,51,2,"[3, 2, -5, 13, 0, 0, 1, 0, 4, 0]","[0.0, 0.010000000000000002, 0.0]","[0.026745314908709024, 0.05984786337688189, 0.0219228441979887]","[0.38284271247461904, 1.554247233265651, 0.38284271247461904]","[0, 3, 0]",True
AdaTE-QP-H,51,3,"[2, 2, -5, 13, 0, 0, 1, 1, 5, 0]","[0.0, 0.125, 0.0]","[0.3477152423017658, 0.09022169569934772, 0.20024819705114627]","[0.38284271247461904, 1.110894892235674, 0.38284271247461904]","[0, 3, 0]",True
AdaTE-QP-H,51,4,"[2, 1, -5, 13, 0, -1, 0, 1, 6, 0]","[0.0, 0.578125, 0.0]","[0.16650554321887945, 0.6454992380530522, 0.8522241382354552]","[0.38284271247461904, 1.0120312562868612, 0.38284271247461904]","[0, 3, 0]",True
AdaTE-QP-H,52,0,"[2, 2, -1, 12, 0, 0, 1, 0, 0, 0]","[0.0, 0.0, 0.0]","[5.221298449817336e-05, 2.210501173756454e-05, 3.63645380591337e-05]","[0.1, 0.8, 0.1]","[0, 1, 0]",True
AdaTE-QP-H,52,1,"[2, 2, -1, 13, 0, 0, 1, 0, 1, 0]","[0.0, 0.0, 0.0]","[0.00044838169788284686, 0.00019618968225759635, 0.0002771679295463283]","[0.1, 0.8, 0.1]","[0, 1, 0]",True
AdaTE-QP-H,52,2,"[2, 2, -1, 13, 0, 0, 1, 0, 2, 0]","[0.0, 0.0, 0.0]","[0.0029079832770443205, 0.001665534225991981, 0.0017613904243745852]","[0.30000000000000004, 1.6, 0.30000000000000004]","[0, 2, 0]",True
AdaTE-QP-H,52,3,"[1, 2, -1, 13, 0, 0, 1, 0, 3, 0]","[0.0, 0.0, 0.0]","[0.007037939350331329, 0.014517388243208636, 0.011259638117835803]","[0.44641016151377544, 1.492820323027551, 0.44641016151377544]","[0, 4, 0]",True
AdaTE-QP-H,52,4,"[1, 2, -1, 13, 0, 0, 1, 0, 4, 0]","[0.0, 0.0, 0.0]","[0.016785140209015413, 0.06919424852085193, 0.043570115936459645]","[0.5, 1.4400000000000002, 0.5]","[0, 5, 0]",True
AdaTE-QP-H,52,5,"[1, 2, -1, 13, 0, 0, 1, 1, 5, 0]","[0.0, 0.0, 0.0]","[0.15666657981311913, 0.15355471194915685, 0.1425742691097633]","[0.5, 1.4400000000000002, 0.5]","[0, 5, 0]",True
AdaTE-QP-H,52,6,"[1, 1, -1, 13, 0, -1, 0, 1, 6, 0]","[0.0, 0.0, 0.0]","[0.0, 0.0, 0.0]","[0.1, 0.8, 0.1]","[1, 4, 0]",False
AdaTE-QP-H,53,0,"[2, 1, -5, 13, 0, -1, 0, 1, 6, 0]","[0.0, 0.68359375, 0.0]","[0.16650554321887945, 0.6454992380530522, 0.8522241382354552]","[0.44641016151377544, 0.7763206391627218, 0.44641016151377544]","[0, 4, 0]",True
AdaTE-QP-H,54,0,"[4, 2, -6, 13, 0, 0, 1, 1, 5, 1]","[0.0, 0.0, 0.0]","[0.0, 6.118606420117891e-07, 1.299257576739469e-06]","[0.0, 0.8, 0.1]","[0, 1, 0]",True
AdaTE-QP-H,54,1,"[4, 2, -6, 13, 0, 0, 0, 1, 6, 1]","[0.0, 0.0, 0.0]","[0.0, 0.0, 0.0]","[0.1, 0.8, 0.1]","[0, 0, 1]",False
AdaTE-QP-H,54,2,"[3, 1, -5, 13, 0, 0, 0, 1, 7, 1]","[0.0, 0.0, 0.0]","[0.0, 0.0, 0.0]","[0.1, 0.8, 0.1]","[0, 3, 0]",False
AdaTE-QP-H,54,3,"[3, 1, -6, 13, 0, 0, 0, 1, 8, 1]","[0.0, 0.0, 0.0]","[0.0, 0.0, 0.0]","[0.1, 0.8, 0.1]","[0, 1, 0]",False
AdaTE-QP-H,54,4,"[2, 1, -6, 13, 0, 0, 0, 1, 9, 1]","[0.0, 0.0, 0.0]","[0.0, 0.0, 0.0]","[0.1, 0.8, 0.1]","[0, 1, 0]",False
AdaTE-QP-H,54,5,"[1, 0, -5, 13, 0, 0, 0, 1, 10, 1]","[0.0, 0.0, 0.0]","[0.0, 0.0, 0.0]","[0.1, 0.8, 0.1]","[1, 0, 0]",False
AdaTE-QP-H,55,0,"[2, 2, -3, 13, 0, 0, 1, 0, 3, 1]","[0.0, 0.0, 0.0]","[0.00023572365885528572, 0.0007358542236390291, 0.0007144234250167071]","[0.30000000000000004, 1.6, 0.30000000000000004]","[0, 2, 0]",True
AdaTE-QP-H,55,1,"[1, 2, -3, 13, 0, 0, 1, 0, 4, 1]","[0.0, 0.0, 0.0]","[8.836906382979e-05, 0.00492778308094227, 0.002032776057154022]","[0.30000000000000004, 1.6, 0.30000000000000004]","[0, 2, 0]",True
AdaTE-QP-H,55,2,"[1, 2, -3, 13, 0, 0, 1, 1, 5, 1]","[0.0, 0.0, 0.0]","[0.0006688325396671271, 0.018215614411685687, 0.042499820335169095]","[0.38284271247461904, 1.554247233265651, 0.38284271247461904]","[0, 3, 0]",True
AdaTE-QP-H,55,3,"[1, 2, -3, 13, 0, 0, 0, 1, 6, 1]","[0.0, 0.0, 0.0]","[0.04956354237297397, 0.0501761033876455, 0.4457603812973906]","[0.38284271247461904, 1.554247233265651, 0.38284271247461904]","[0, 3, 0]",True
AdaTE-QP-H,55,4,"[0, 1, -3, 13, 0, 0, 0, 1, 7, 1]","[0.0, 0.0, 0.0]","[0.0, 0.0, 0.0]","[0.1, 0.8, 0.1]","[0, 3, 0]",False
AdaTE-QP-H,56,0,"[3, 2, -5, 13, 0, 0, 1, 0, 2, 0]","[0.0, 0.006500000000000001, 0.0]","[0.008648944957092659, 0.010638835764635835, 0.006185210253104268]","[0.44641016151377544, 1.492820323027551, 0.44641016151377544]","[0, 4, 0]",True
AdaTE-QP-H,56,1,"[2, 2, -5, 13, 0, 0, 1, 0, 3, 0]","[0.0, 0.06625, 0.0]","[0.038942764509364375, 0.028510602632816327, 0.032061484186730584]","[0.5, 0.751941439290148, 0.5]","[0, 5, 0]",True
AdaTE-QP-H,56,2,"[2, 2, -5, 13, 0, 0, 1, 0, 4, 0]","[0.0, 0.29375, 0.0]","[0.35741391438065656, 0.012946897442236564, 0.4814773606754746]","[0.5, 12.777462488392475, 0.5]","[0, 5, 0]",True
AdaTE-QP-H,56,3,"[1, 2, -5, 13, 0, 0, 1, 1, 5, 0]","[0.0, 0.7626953125, 0.0]","[0.17735372959581464, 0.722533355365123, 0.8572590371945845]","[0.5, 0.6831145276003989, 0.5]","[0, 5, 0]",True
AdaTE-QP-H,57,0,"[2, 2, -5, 13, 0, 0, 1, 0, 4, 1]","[0.0, 0.06625, 0.0]","[0.09984103321252025, 0.006125297109837104, 0.01748674859561302]","[0.5, 4.0846920588136895, 0.5]","[0, 5, 0]",True
AdaTE-QP-H,57,1,"[1, 2, -5, 13, 0, 0, 1, 1, 5, 1]","[0.0, 0.29375, 0.0]","[0.21655538622040527, 0.0150255222476054, 0.2805347824986286]","[0.5, 10.987699044317367, 0.5]","[0, 5, 0]",True
AdaTE-QP-H,57,2,"[1, 2, -5, 13, 0, 0, 0, 1, 6, 1]","[0.0, 0.7626953125, 0.0]","[0.8998870849609376, 0.5488680681705385, 0.13472568182946157]","[0.5, 0.8363687664010376, 0.5]","[0, 5, 0]",True
AdaTE-QP-H,58,0,"[3, 2, -3, 13, 0, 0, 1, 0, 3, 1]","[0.0, 0.0, 0.0]","[0.0005440985206270005, 0.0005661797096634465, 0.0005456655038945052]","[0.30000000000000004, 1.6, 0.30000000000000004]","[0, 2, 0]",True
AdaTE-QP-H,58,1,"[3, 2, -3, 13, 0, 0, 1, 0, 4, 1]","[0.0, 0.0, 0.0]","[0.002001220693549535, 0.0024911848781997564, 0.005378301174291566]","[0.30000000000000004, 1.6, 0.30000000000000004]","[0, 2, 0]",True
AdaTE-QP-H,58,2,"[3, 2, -3, 13, 0, 0, 1, 1, 5, 1]","[0.0, 0.0, 0.0]","[0.0, 0.0, 0.0]","[0.1, 0.8, 0.1]","[0, 0, 1]",False
AdaTE-QP-H,58,3,"[2, 2, -3, 13, 0, 0, 0, 1, 6, 1]","[0.0, 0.0, 0.0]","[0.10177851782336922, 0.06084547568733879, 0.06173282705480278]","[0.38284271247461904, 1.554247233265651, 0.38284271247461904]","[0, 3, 0]",True
AdaTE-QP-H,58,4,"[2, 1, -3, 13, 0, 0, 0, 1, 7, 1]","[0.0, 0.0, 0.0]","[0.0, 0.0, 0.0]","[0.1, 0.8, 0.1]","[0, 3, 0]",False
AdaTE-QP-H,58,5,"[2, 1, -3, 13, 0, 0, 0, 1, 8, 1]","[0.0, 0.0, 0.0]","[0.0, 0.0, 0.0]","[0.1, 0.8, 0.1]","[1, 0, 0]",False
AdaTE-QP-H,59,0,"[2, 2, -3, 13, 0, 0, 1, 0, 3, 0]","[0.0, 0.0, 0.0]","[2.099018863546897e-19, 0.13448491430063308, 0.10433758031284278]","[0.2, 1.6, 0.30000000000000004]","[0, 2, 0]",True
AdaTE-QP-H,59,1,"[2, 2, -3, 13, 0, 0, 1, 0, 4, 0]","[0.0, 0.0, 0.0]","[0.0, 0.0, 0.0]","[0.1, 0.8, 0.1]","[0, 1, 0]",False
AdaTE-QP-H,59,2,"[1, 2, -3, 13, 0, 0, 1, 1, 5, 0]","[0.0, 0.1875, 0.0]","[2.1464509715138515e-18, 0.6191563810335661, 0.9020535266939141]","[0.2, 1.2769798291246919, 0.30000000000000004]","[0, 2, 0]",True
AdaTE-QP-H,59,3,"[1, 1, -3, 13, 0, -1, 0, 1, 6, 0]","[0.0, 0.0, 0.0]","[0.0, 0.0, 0.0]","[0.1, 0.8, 0.1]","[0, 1, 0]",False
AdaTE-QP-H,60,0,"[1, 0, -1, 12, 0, 0, 0, 2, 0, 3]","[0.0, 0.25, 0.0]","[0.8998870849609376, 0.68359375, 0.68359375]","[0.1, 0.8, 0.1]","[0, 1, 0]",True
