parent,target,method,repeat,context_id,direction,available_changes,queries,discoveries,recall
ppo_release_v0,ppo_release_v1,random,0,S01:superiority_replication_confirmation:c0,R,0,5,0,
ppo_release_v0,ppo_release_v1,random,0,S01:superiority_replication_confirmation:c1,R,0,1,0,
ppo_release_v0,ppo_release_v1,random,0,S01:superiority_replication_confirmation:c2,R,0,5,0,
ppo_release_v0,ppo_release_v1,random,0,S02:superiority_replication_confirmation:c0,R,0,3,0,
ppo_release_v0,ppo_release_v1,random,0,S02:superiority_replication_confirmation:c1,R,0,0,0,
ppo_release_v0,ppo_release_v1,random,0,S02:superiority_replication_confirmation:c2,R,0,0,0,
ppo_release_v0,ppo_release_v1,random,0,S08:superiority_replication_confirmation:c0,R,0,2,0,
ppo_release_v0,ppo_release_v1,random,0,S08:superiority_replication_confirmation:c1,R,0,2,0,
ppo_release_v0,ppo_release_v1,random,0,S08:superiority_replication_confirmation:c2,R,0,2,0,
ppo_release_v0,ppo_release_v1,random,0,S01:superiority_replication_confirmation:c0,I,0,0,0,
ppo_release_v0,ppo_release_v1,random,0,S01:superiority_replication_confirmation:c1,I,3,1,0,0.0
ppo_release_v0,ppo_release_v1,random,0,S01:superiority_replication_confirmation:c2,I,0,0,0,
ppo_release_v0,ppo_release_v1,random,0,S02:superiority_replication_confirmation:c0,I,2,1,1,0.5
ppo_release_v0,ppo_release_v1,random,0,S02:superiority_replication_confirmation:c1,I,8,11,0,0.0
ppo_release_v0,ppo_release_v1,random,0,S02:superiority_replication_confirmation:c2,I,16,7,0,0.0
ppo_release_v0,ppo_release_v1,random,0,S08:superiority_replication_confirmation:c0,I,0,0,0,
ppo_release_v0,ppo_release_v1,random,0,S08:superiority_replication_confirmation:c1,I,0,0,0,
ppo_release_v0,ppo_release_v1,random,0,S08:superiority_replication_confirmation:c2,I,0,0,0,
ppo_release_v0,ppo_release_v1,random,1,S01:superiority_replication_confirmation:c0,R,0,1,0,
ppo_release_v0,ppo_release_v1,random,1,S01:superiority_replication_confirmation:c1,R,0,2,0,
ppo_release_v0,ppo_release_v1,random,1,S01:superiority_replication_confirmation:c2,R,0,5,0,
ppo_release_v0,ppo_release_v1,random,1,S02:superiority_replication_confirmation:c0,R,0,2,0,
ppo_release_v0,ppo_release_v1,random,1,S02:superiority_replication_confirmation:c1,R,0,0,0,
ppo_release_v0,ppo_release_v1,random,1,S02:superiority_replication_confirmation:c2,R,0,0,0,
ppo_release_v0,ppo_release_v1,random,1,S08:superiority_replication_confirmation:c0,R,0,6,0,
ppo_release_v0,ppo_release_v1,random,1,S08:superiority_replication_confirmation:c1,R,0,2,0,
ppo_release_v0,ppo_release_v1,random,1,S08:superiority_replication_confirmation:c2,R,0,2,0,
ppo_release_v0,ppo_release_v1,random,1,S01:superiority_replication_confirmation:c0,I,0,0,0,
ppo_release_v0,ppo_release_v1,random,1,S01:superiority_replication_confirmation:c1,I,3,0,0,0.0
ppo_release_v0,ppo_release_v1,random,1,S01:superiority_replication_confirmation:c2,I,0,0,0,
ppo_release_v0,ppo_release_v1,random,1,S02:superiority_replication_confirmation:c0,I,2,0,0,0.0
ppo_release_v0,ppo_release_v1,random,1,S02:superiority_replication_confirmation:c1,I,8,5,0,0.0
ppo_release_v0,ppo_release_v1,random,1,S02:superiority_replication_confirmation:c2,I,16,10,0,0.0
ppo_release_v0,ppo_release_v1,random,1,S08:superiority_replication_confirmation:c0,I,0,0,0,
ppo_release_v0,ppo_release_v1,random,1,S08:superiority_replication_confirmation:c1,I,0,5,0,
ppo_release_v0,ppo_release_v1,random,1,S08:superiority_replication_confirmation:c2,I,0,0,0,
ppo_release_v0,ppo_release_v1,random,2,S01:superiority_replication_confirmation:c0,R,0,3,0,
ppo_release_v0,ppo_release_v1,random,2,S01:superiority_replication_confirmation:c1,R,0,3,0,
ppo_release_v0,ppo_release_v1,random,2,S01:superiority_replication_confirmation:c2,R,0,3,0,
ppo_release_v0,ppo_release_v1,random,2,S02:superiority_replication_confirmation:c0,R,0,5,0,
ppo_release_v0,ppo_release_v1,random,2,S02:superiority_replication_confirmation:c1,R,0,0,0,
ppo_release_v0,ppo_release_v1,random,2,S02:superiority_replication_confirmation:c2,R,0,0,0,
ppo_release_v0,ppo_release_v1,random,2,S08:superiority_replication_confirmation:c0,R,0,3,0,
ppo_release_v0,ppo_release_v1,random,2,S08:superiority_replication_confirmation:c1,R,0,0,0,
ppo_release_v0,ppo_release_v1,random,2,S08:superiority_replication_confirmation:c2,R,0,3,0,
ppo_release_v0,ppo_release_v1,random,2,S01:superiority_replication_confirmation:c0,I,0,0,0,
ppo_release_v0,ppo_release_v1,random,2,S01:superiority_replication_confirmation:c1,I,3,2,0,0.0
ppo_release_v0,ppo_release_v1,random,2,S01:superiority_replication_confirmation:c2,I,0,0,0,
ppo_release_v0,ppo_release_v1,random,2,S02:superiority_replication_confirmation:c0,I,2,1,1,0.5
ppo_release_v0,ppo_release_v1,random,2,S02:superiority_replication_confirmation:c1,I,8,6,0,0.0
ppo_release_v0,ppo_release_v1,random,2,S02:superiority_replication_confirmation:c2,I,16,7,1,0.0625
ppo_release_v0,ppo_release_v1,random,2,S08:superiority_replication_confirmation:c0,I,0,0,0,
ppo_release_v0,ppo_release_v1,random,2,S08:superiority_replication_confirmation:c1,I,0,4,0,
ppo_release_v0,ppo_release_v1,random,2,S08:superiority_replication_confirmation:c2,I,0,0,0,
ppo_release_v0,ppo_release_v1,random,3,S01:superiority_replication_confirmation:c0,R,0,2,0,
ppo_release_v0,ppo_release_v1,random,3,S01:superiority_replication_confirmation:c1,R,0,1,0,
ppo_release_v0,ppo_release_v1,random,3,S01:superiority_replication_confirmation:c2,R,0,5,0,
ppo_release_v0,ppo_release_v1,random,3,S02:superiority_replication_confirmation:c0,R,0,3,0,
ppo_release_v0,ppo_release_v1,random,3,S02:superiority_replication_confirmation:c1,R,0,0,0,
ppo_release_v0,ppo_release_v1,random,3,S02:superiority_replication_confirmation:c2,R,0,0,0,
ppo_release_v0,ppo_release_v1,random,3,S08:superiority_replication_confirmation:c0,R,0,3,0,
ppo_release_v0,ppo_release_v1,random,3,S08:superiority_replication_confirmation:c1,R,0,1,0,
ppo_release_v0,ppo_release_v1,random,3,S08:superiority_replication_confirmation:c2,R,0,5,0,
ppo_release_v0,ppo_release_v1,random,3,S01:superiority_replication_confirmation:c0,I,0,0,0,
ppo_release_v0,ppo_release_v1,random,3,S01:superiority_replication_confirmation:c1,I,3,3,0,0.0
ppo_release_v0,ppo_release_v1,random,3,S01:superiority_replication_confirmation:c2,I,0,0,0,
ppo_release_v0,ppo_release_v1,random,3,S02:superiority_replication_confirmation:c0,I,2,0,0,0.0
ppo_release_v0,ppo_release_v1,random,3,S02:superiority_replication_confirmation:c1,I,8,10,1,0.125
ppo_release_v0,ppo_release_v1,random,3,S02:superiority_replication_confirmation:c2,I,16,6,0,0.0
ppo_release_v0,ppo_release_v1,random,3,S08:superiority_replication_confirmation:c0,I,0,0,0,
ppo_release_v0,ppo_release_v1,random,3,S08:superiority_replication_confirmation:c1,I,0,1,0,
ppo_release_v0,ppo_release_v1,random,3,S08:superiority_replication_confirmation:c2,I,0,0,0,
ppo_release_v0,ppo_release_v1,random,4,S01:superiority_replication_confirmation:c0,R,0,5,0,
ppo_release_v0,ppo_release_v1,random,4,S01:superiority_replication_confirmation:c1,R,0,5,0,
ppo_release_v0,ppo_release_v1,random,4,S01:superiority_replication_confirmation:c2,R,0,5,0,
ppo_release_v0,ppo_release_v1,random,4,S02:superiority_replication_confirmation:c0,R,0,0,0,
ppo_release_v0,ppo_release_v1,random,4,S02:superiority_replication_confirmation:c1,R,0,0,0,
ppo_release_v0,ppo_release_v1,random,4,S02:superiority_replication_confirmation:c2,R,0,0,0,
ppo_release_v0,ppo_release_v1,random,4,S08:superiority_replication_confirmation:c0,R,0,1,0,
ppo_release_v0,ppo_release_v1,random,4,S08:superiority_replication_confirmation:c1,R,0,2,0,
ppo_release_v0,ppo_release_v1,random,4,S08:superiority_replication_confirmation:c2,R,0,2,0,
ppo_release_v0,ppo_release_v1,random,4,S01:superiority_replication_confirmation:c0,I,0,0,0,
ppo_release_v0,ppo_release_v1,random,4,S01:superiority_replication_confirmation:c1,I,3,3,0,0.0
ppo_release_v0,ppo_release_v1,random,4,S01:superiority_replication_confirmation:c2,I,0,0,0,
ppo_release_v0,ppo_release_v1,random,4,S02:superiority_replication_confirmation:c0,I,2,2,1,0.5
ppo_release_v0,ppo_release_v1,random,4,S02:superiority_replication_confirmation:c1,I,8,4,1,0.125
ppo_release_v0,ppo_release_v1,random,4,S02:superiority_replication_confirmation:c2,I,16,10,0,0.0
ppo_release_v0,ppo_release_v1,random,4,S08:superiority_replication_confirmation:c0,I,0,0,0,
ppo_release_v0,ppo_release_v1,random,4,S08:superiority_replication_confirmation:c1,I,0,1,0,
ppo_release_v0,ppo_release_v1,random,4,S08:superiority_replication_confirmation:c2,I,0,0,0,
ppo_release_v0,ppo_release_v1,random,5,S01:superiority_replication_confirmation:c0,R,0,1,0,
ppo_release_v0,ppo_release_v1,random,5,S01:superiority_replication_confirmation:c1,R,0,1,0,
ppo_release_v0,ppo_release_v1,random,5,S01:superiority_replication_confirmation:c2,R,0,5,0,
ppo_release_v0,ppo_release_v1,random,5,S02:superiority_replication_confirmation:c0,R,0,4,0,
ppo_release_v0,ppo_release_v1,random,5,S02:superiority_replication_confirmation:c1,R,0,0,0,
ppo_release_v0,ppo_release_v1,random,5,S02:superiority_replication_confirmation:c2,R,0,0,0,
ppo_release_v0,ppo_release_v1,random,5,S08:superiority_replication_confirmation:c0,R,0,3,0,
ppo_release_v0,ppo_release_v1,random,5,S08:superiority_replication_confirmation:c1,R,0,1,0,
ppo_release_v0,ppo_release_v1,random,5,S08:superiority_replication_confirmation:c2,R,0,5,0,
ppo_release_v0,ppo_release_v1,random,5,S01:superiority_replication_confirmation:c0,I,0,0,0,
ppo_release_v0,ppo_release_v1,random,5,S01:superiority_replication_confirmation:c1,I,3,4,1,0.3333333333333333
ppo_release_v0,ppo_release_v1,random,5,S01:superiority_replication_confirmation:c2,I,0,0,0,
ppo_release_v0,ppo_release_v1,random,5,S02:superiority_replication_confirmation:c0,I,2,0,0,0.0
ppo_release_v0,ppo_release_v1,random,5,S02:superiority_replication_confirmation:c1,I,8,9,1,0.125
ppo_release_v0,ppo_release_v1,random,5,S02:superiority_replication_confirmation:c2,I,16,4,0,0.0
ppo_release_v0,ppo_release_v1,random,5,S08:superiority_replication_confirmation:c0,I,0,0,0,
ppo_release_v0,ppo_release_v1,random,5,S08:superiority_replication_confirmation:c1,I,0,3,0,
ppo_release_v0,ppo_release_v1,random,5,S08:superiority_replication_confirmation:c2,I,0,0,0,
ppo_release_v0,ppo_release_v1,random,6,S01:superiority_replication_confirmation:c0,R,0,3,0,
ppo_release_v0,ppo_release_v1,random,6,S01:superiority_replication_confirmation:c1,R,0,1,0,
ppo_release_v0,ppo_release_v1,random,6,S01:superiority_replication_confirmation:c2,R,0,1,0,
ppo_release_v0,ppo_release_v1,random,6,S02:superiority_replication_confirmation:c0,R,0,5,0,
ppo_release_v0,ppo_release_v1,random,6,S02:superiority_replication_confirmation:c1,R,0,0,0,
ppo_release_v0,ppo_release_v1,random,6,S02:superiority_replication_confirmation:c2,R,0,0,0,
ppo_release_v0,ppo_release_v1,random,6,S08:superiority_replication_confirmation:c0,R,0,3,0,
ppo_release_v0,ppo_release_v1,random,6,S08:superiority_replication_confirmation:c1,R,0,3,0,
ppo_release_v0,ppo_release_v1,random,6,S08:superiority_replication_confirmation:c2,R,0,4,0,
ppo_release_v0,ppo_release_v1,random,6,S01:superiority_replication_confirmation:c0,I,0,0,0,
ppo_release_v0,ppo_release_v1,random,6,S01:superiority_replication_confirmation:c1,I,3,0,0,0.0
ppo_release_v0,ppo_release_v1,random,6,S01:superiority_replication_confirmation:c2,I,0,0,0,
ppo_release_v0,ppo_release_v1,random,6,S02:superiority_replication_confirmation:c0,I,2,0,0,0.0
ppo_release_v0,ppo_release_v1,random,6,S02:superiority_replication_confirmation:c1,I,8,9,1,0.125
ppo_release_v0,ppo_release_v1,random,6,S02:superiority_replication_confirmation:c2,I,16,10,1,0.0625
ppo_release_v0,ppo_release_v1,random,6,S08:superiority_replication_confirmation:c0,I,0,0,0,
ppo_release_v0,ppo_release_v1,random,6,S08:superiority_replication_confirmation:c1,I,0,1,0,
ppo_release_v0,ppo_release_v1,random,6,S08:superiority_replication_confirmation:c2,I,0,0,0,
ppo_release_v0,ppo_release_v1,random,7,S01:superiority_replication_confirmation:c0,R,0,4,0,
ppo_release_v0,ppo_release_v1,random,7,S01:superiority_replication_confirmation:c1,R,0,2,0,
ppo_release_v0,ppo_release_v1,random,7,S01:superiority_replication_confirmation:c2,R,0,2,0,
ppo_release_v0,ppo_release_v1,random,7,S02:superiority_replication_confirmation:c0,R,0,1,0,
ppo_release_v0,ppo_release_v1,random,7,S02:superiority_replication_confirmation:c1,R,0,0,0,
ppo_release_v0,ppo_release_v1,random,7,S02:superiority_replication_confirmation:c2,R,0,0,0,
ppo_release_v0,ppo_release_v1,random,7,S08:superiority_replication_confirmation:c0,R,0,2,0,
ppo_release_v0,ppo_release_v1,random,7,S08:superiority_replication_confirmation:c1,R,0,3,0,
ppo_release_v0,ppo_release_v1,random,7,S08:superiority_replication_confirmation:c2,R,0,6,0,
ppo_release_v0,ppo_release_v1,random,7,S01:superiority_replication_confirmation:c0,I,0,0,0,
ppo_release_v0,ppo_release_v1,random,7,S01:superiority_replication_confirmation:c1,I,3,2,1,0.3333333333333333
ppo_release_v0,ppo_release_v1,random,7,S01:superiority_replication_confirmation:c2,I,0,0,0,
ppo_release_v0,ppo_release_v1,random,7,S02:superiority_replication_confirmation:c0,I,2,1,0,0.0
ppo_release_v0,ppo_release_v1,random,7,S02:superiority_replication_confirmation:c1,I,8,7,0,0.0
ppo_release_v0,ppo_release_v1,random,7,S02:superiority_replication_confirmation:c2,I,16,9,2,0.125
ppo_release_v0,ppo_release_v1,random,7,S08:superiority_replication_confirmation:c0,I,0,0,0,
ppo_release_v0,ppo_release_v1,random,7,S08:superiority_replication_confirmation:c1,I,0,1,0,
ppo_release_v0,ppo_release_v1,random,7,S08:superiority_replication_confirmation:c2,I,0,0,0,
ppo_release_v0,ppo_release_v1,random,8,S01:superiority_replication_confirmation:c0,R,0,4,0,
ppo_release_v0,ppo_release_v1,random,8,S01:superiority_replication_confirmation:c1,R,0,3,0,
ppo_release_v0,ppo_release_v1,random,8,S01:superiority_replication_confirmation:c2,R,0,1,0,
ppo_release_v0,ppo_release_v1,random,8,S02:superiority_replication_confirmation:c0,R,0,3,0,
ppo_release_v0,ppo_release_v1,random,8,S02:superiority_replication_confirmation:c1,R,0,0,0,
ppo_release_v0,ppo_release_v1,random,8,S02:superiority_replication_confirmation:c2,R,0,0,0,
ppo_release_v0,ppo_release_v1,random,8,S08:superiority_replication_confirmation:c0,R,0,6,0,
ppo_release_v0,ppo_release_v1,random,8,S08:superiority_replication_confirmation:c1,R,0,2,0,
ppo_release_v0,ppo_release_v1,random,8,S08:superiority_replication_confirmation:c2,R,0,1,0,
ppo_release_v0,ppo_release_v1,random,8,S01:superiority_replication_confirmation:c0,I,0,0,0,
ppo_release_v0,ppo_release_v1,random,8,S01:superiority_replication_confirmation:c1,I,3,1,0,0.0
ppo_release_v0,ppo_release_v1,random,8,S01:superiority_replication_confirmation:c2,I,0,0,0,
ppo_release_v0,ppo_release_v1,random,8,S02:superiority_replication_confirmation:c0,I,2,1,0,0.0
ppo_release_v0,ppo_release_v1,random,8,S02:superiority_replication_confirmation:c1,I,8,5,0,0.0
ppo_release_v0,ppo_release_v1,random,8,S02:superiority_replication_confirmation:c2,I,16,9,0,0.0
ppo_release_v0,ppo_release_v1,random,8,S08:superiority_replication_confirmation:c0,I,0,0,0,
ppo_release_v0,ppo_release_v1,random,8,S08:superiority_replication_confirmation:c1,I,0,4,0,
ppo_release_v0,ppo_release_v1,random,8,S08:superiority_replication_confirmation:c2,I,0,0,0,
ppo_release_v0,ppo_release_v1,random,9,S01:superiority_replication_confirmation:c0,R,0,3,0,
ppo_release_v0,ppo_release_v1,random,9,S01:superiority_replication_confirmation:c1,R,0,3,0,
ppo_release_v0,ppo_release_v1,random,9,S01:superiority_replication_confirmation:c2,R,0,3,0,
ppo_release_v0,ppo_release_v1,random,9,S02:superiority_replication_confirmation:c0,R,0,3,0,
ppo_release_v0,ppo_release_v1,random,9,S02:superiority_replication_confirmation:c1,R,0,0,0,
ppo_release_v0,ppo_release_v1,random,9,S02:superiority_replication_confirmation:c2,R,0,0,0,
ppo_release_v0,ppo_release_v1,random,9,S08:superiority_replication_confirmation:c0,R,0,2,0,
ppo_release_v0,ppo_release_v1,random,9,S08:superiority_replication_confirmation:c1,R,0,3,0,
ppo_release_v0,ppo_release_v1,random,9,S08:superiority_replication_confirmation:c2,R,0,3,0,
ppo_release_v0,ppo_release_v1,random,9,S01:superiority_replication_confirmation:c0,I,0,0,0,
ppo_release_v0,ppo_release_v1,random,9,S01:superiority_replication_confirmation:c1,I,3,4,1,0.3333333333333333
ppo_release_v0,ppo_release_v1,random,9,S01:superiority_replication_confirmation:c2,I,0,0,0,
ppo_release_v0,ppo_release_v1,random,9,S02:superiority_replication_confirmation:c0,I,2,0,0,0.0
ppo_release_v0,ppo_release_v1,random,9,S02:superiority_replication_confirmation:c1,I,8,5,0,0.0
ppo_release_v0,ppo_release_v1,random,9,S02:superiority_replication_confirmation:c2,I,16,9,1,0.0625
ppo_release_v0,ppo_release_v1,random,9,S08:superiority_replication_confirmation:c0,I,0,0,0,
ppo_release_v0,ppo_release_v1,random,9,S08:superiority_replication_confirmation:c1,I,0,2,0,
ppo_release_v0,ppo_release_v1,random,9,S08:superiority_replication_confirmation:c2,I,0,0,0,
ppo_release_v0,ppo_release_v1,static_risk,0,S01:superiority_replication_confirmation:c0,R,0,0,0,
ppo_release_v0,ppo_release_v1,static_risk,0,S01:superiority_replication_confirmation:c1,R,0,9,0,
ppo_release_v0,ppo_release_v1,static_risk,0,S01:superiority_replication_confirmation:c2,R,0,0,0,
ppo_release_v0,ppo_release_v1,static_risk,0,S02:superiority_replication_confirmation:c0,R,0,0,0,
ppo_release_v0,ppo_release_v1,static_risk,0,S02:superiority_replication_confirmation:c1,R,0,0,0,
ppo_release_v0,ppo_release_v1,static_risk,0,S02:superiority_replication_confirmation:c2,R,0,0,0,
ppo_release_v0,ppo_release_v1,static_risk,0,S08:superiority_replication_confirmation:c0,R,0,0,0,
ppo_release_v0,ppo_release_v1,static_risk,0,S08:superiority_replication_confirmation:c1,R,0,11,0,
ppo_release_v0,ppo_release_v1,static_risk,0,S08:superiority_replication_confirmation:c2,R,0,0,0,
ppo_release_v0,ppo_release_v1,static_risk,0,S01:superiority_replication_confirmation:c0,I,0,0,0,
ppo_release_v0,ppo_release_v1,static_risk,0,S01:superiority_replication_confirmation:c1,I,3,5,1,0.3333333333333333
ppo_release_v0,ppo_release_v1,static_risk,0,S01:superiority_replication_confirmation:c2,I,0,0,0,
ppo_release_v0,ppo_release_v1,static_risk,0,S02:superiority_replication_confirmation:c0,I,2,4,1,0.5
ppo_release_v0,ppo_release_v1,static_risk,0,S02:superiority_replication_confirmation:c1,I,8,0,0,0.0
ppo_release_v0,ppo_release_v1,static_risk,0,S02:superiority_replication_confirmation:c2,I,16,0,0,0.0
ppo_release_v0,ppo_release_v1,static_risk,0,S08:superiority_replication_confirmation:c0,I,0,0,0,
ppo_release_v0,ppo_release_v1,static_risk,0,S08:superiority_replication_confirmation:c1,I,0,11,0,
ppo_release_v0,ppo_release_v1,static_risk,0,S08:superiority_replication_confirmation:c2,I,0,0,0,
ppo_release_v0,ppo_release_v1,static_boundary,0,S01:superiority_replication_confirmation:c0,R,0,0,0,
ppo_release_v0,ppo_release_v1,static_boundary,0,S01:superiority_replication_confirmation:c1,R,0,10,0,
ppo_release_v0,ppo_release_v1,static_boundary,0,S01:superiority_replication_confirmation:c2,R,0,0,0,
ppo_release_v0,ppo_release_v1,static_boundary,0,S02:superiority_replication_confirmation:c0,R,0,3,0,
ppo_release_v0,ppo_release_v1,static_boundary,0,S02:superiority_replication_confirmation:c1,R,0,0,0,
ppo_release_v0,ppo_release_v1,static_boundary,0,S02:superiority_replication_confirmation:c2,R,0,0,0,
ppo_release_v0,ppo_release_v1,static_boundary,0,S08:superiority_replication_confirmation:c0,R,0,0,0,
ppo_release_v0,ppo_release_v1,static_boundary,0,S08:superiority_replication_confirmation:c1,R,0,7,0,
ppo_release_v0,ppo_release_v1,static_boundary,0,S08:superiority_replication_confirmation:c2,R,0,0,0,
ppo_release_v0,ppo_release_v1,static_boundary,0,S01:superiority_replication_confirmation:c0,I,0,0,0,
ppo_release_v0,ppo_release_v1,static_boundary,0,S01:superiority_replication_confirmation:c1,I,3,10,3,1.0
ppo_release_v0,ppo_release_v1,static_boundary,0,S01:superiority_replication_confirmation:c2,I,0,0,0,
ppo_release_v0,ppo_release_v1,static_boundary,0,S02:superiority_replication_confirmation:c0,I,2,2,1,0.5
ppo_release_v0,ppo_release_v1,static_boundary,0,S02:superiority_replication_confirmation:c1,I,8,0,0,0.0
ppo_release_v0,ppo_release_v1,static_boundary,0,S02:superiority_replication_confirmation:c2,I,16,0,0,0.0
ppo_release_v0,ppo_release_v1,static_boundary,0,S08:superiority_replication_confirmation:c0,I,0,0,0,
ppo_release_v0,ppo_release_v1,static_boundary,0,S08:superiority_replication_confirmation:c1,I,0,8,0,
ppo_release_v0,ppo_release_v1,static_boundary,0,S08:superiority_replication_confirmation:c2,I,0,0,0,
ppo_release_v0,ppo_release_v1,center_residual,0,S01:superiority_replication_confirmation:c0,R,0,0,0,
ppo_release_v0,ppo_release_v1,center_residual,0,S01:superiority_replication_confirmation:c1,R,0,9,0,
ppo_release_v0,ppo_release_v1,center_residual,0,S01:superiority_replication_confirmation:c2,R,0,0,0,
ppo_release_v0,ppo_release_v1,center_residual,0,S02:superiority_replication_confirmation:c0,R,0,0,0,
ppo_release_v0,ppo_release_v1,center_residual,0,S02:superiority_replication_confirmation:c1,R,0,0,0,
ppo_release_v0,ppo_release_v1,center_residual,0,S02:superiority_replication_confirmation:c2,R,0,0,0,
ppo_release_v0,ppo_release_v1,center_residual,0,S08:superiority_replication_confirmation:c0,R,0,0,0,
ppo_release_v0,ppo_release_v1,center_residual,0,S08:superiority_replication_confirmation:c1,R,0,11,0,
ppo_release_v0,ppo_release_v1,center_residual,0,S08:superiority_replication_confirmation:c2,R,0,0,0,
ppo_release_v0,ppo_release_v1,center_residual,0,S01:superiority_replication_confirmation:c0,I,0,0,0,
ppo_release_v0,ppo_release_v1,center_residual,0,S01:superiority_replication_confirmation:c1,I,3,4,2,0.6666666666666666
ppo_release_v0,ppo_release_v1,center_residual,0,S01:superiority_replication_confirmation:c2,I,0,0,0,
ppo_release_v0,ppo_release_v1,center_residual,0,S02:superiority_replication_confirmation:c0,I,2,4,1,0.5
ppo_release_v0,ppo_release_v1,center_residual,0,S02:superiority_replication_confirmation:c1,I,8,0,0,0.0
ppo_release_v0,ppo_release_v1,center_residual,0,S02:superiority_replication_confirmation:c2,I,16,0,0,0.0
ppo_release_v0,ppo_release_v1,center_residual,0,S08:superiority_replication_confirmation:c0,I,0,0,0,
ppo_release_v0,ppo_release_v1,center_residual,0,S08:superiority_replication_confirmation:c1,I,0,12,0,
ppo_release_v0,ppo_release_v1,center_residual,0,S08:superiority_replication_confirmation:c2,I,0,0,0,
ppo_release_v0,ppo_release_v1,coordinate_residual,0,S01:superiority_replication_confirmation:c0,R,0,0,0,
ppo_release_v0,ppo_release_v1,coordinate_residual,0,S01:superiority_replication_confirmation:c1,R,0,9,0,
ppo_release_v0,ppo_release_v1,coordinate_residual,0,S01:superiority_replication_confirmation:c2,R,0,0,0,
ppo_release_v0,ppo_release_v1,coordinate_residual,0,S02:superiority_replication_confirmation:c0,R,0,0,0,
ppo_release_v0,ppo_release_v1,coordinate_residual,0,S02:superiority_replication_confirmation:c1,R,0,0,0,
ppo_release_v0,ppo_release_v1,coordinate_residual,0,S02:superiority_replication_confirmation:c2,R,0,0,0,
ppo_release_v0,ppo_release_v1,coordinate_residual,0,S08:superiority_replication_confirmation:c0,R,0,0,0,
ppo_release_v0,ppo_release_v1,coordinate_residual,0,S08:superiority_replication_confirmation:c1,R,0,11,0,
ppo_release_v0,ppo_release_v1,coordinate_residual,0,S08:superiority_replication_confirmation:c2,R,0,0,0,
ppo_release_v0,ppo_release_v1,coordinate_residual,0,S01:superiority_replication_confirmation:c0,I,0,0,0,
ppo_release_v0,ppo_release_v1,coordinate_residual,0,S01:superiority_replication_confirmation:c1,I,3,3,3,1.0
ppo_release_v0,ppo_release_v1,coordinate_residual,0,S01:superiority_replication_confirmation:c2,I,0,0,0,
ppo_release_v0,ppo_release_v1,coordinate_residual,0,S02:superiority_replication_confirmation:c0,I,2,4,1,0.5
ppo_release_v0,ppo_release_v1,coordinate_residual,0,S02:superiority_replication_confirmation:c1,I,8,0,0,0.0
ppo_release_v0,ppo_release_v1,coordinate_residual,0,S02:superiority_replication_confirmation:c2,I,16,0,0,0.0
ppo_release_v0,ppo_release_v1,coordinate_residual,0,S08:superiority_replication_confirmation:c0,I,0,0,0,
ppo_release_v0,ppo_release_v1,coordinate_residual,0,S08:superiority_replication_confirmation:c1,I,0,13,0,
ppo_release_v0,ppo_release_v1,coordinate_residual,0,S08:superiority_replication_confirmation:c2,I,0,0,0,
ppo_release_v0,ppo_release_v1,target_only,0,S01:superiority_replication_confirmation:c0,R,0,7,0,
ppo_release_v0,ppo_release_v1,target_only,0,S01:superiority_replication_confirmation:c1,R,0,3,0,
ppo_release_v0,ppo_release_v1,target_only,0,S01:superiority_replication_confirmation:c2,R,0,3,0,
ppo_release_v0,ppo_release_v1,target_only,0,S02:superiority_replication_confirmation:c0,R,0,2,0,
ppo_release_v0,ppo_release_v1,target_only,0,S02:superiority_replication_confirmation:c1,R,0,0,0,
ppo_release_v0,ppo_release_v1,target_only,0,S02:superiority_replication_confirmation:c2,R,0,0,0,
ppo_release_v0,ppo_release_v1,target_only,0,S08:superiority_replication_confirmation:c0,R,0,2,0,
ppo_release_v0,ppo_release_v1,target_only,0,S08:superiority_replication_confirmation:c1,R,0,2,0,
ppo_release_v0,ppo_release_v1,target_only,0,S08:superiority_replication_confirmation:c2,R,0,1,0,
ppo_release_v0,ppo_release_v1,target_only,0,S01:superiority_replication_confirmation:c0,I,0,0,0,
ppo_release_v0,ppo_release_v1,target_only,0,S01:superiority_replication_confirmation:c1,I,3,1,1,0.3333333333333333
ppo_release_v0,ppo_release_v1,target_only,0,S01:superiority_replication_confirmation:c2,I,0,0,0,
ppo_release_v0,ppo_release_v1,target_only,0,S02:superiority_replication_confirmation:c0,I,2,3,0,0.0
ppo_release_v0,ppo_release_v1,target_only,0,S02:superiority_replication_confirmation:c1,I,8,10,2,0.25
ppo_release_v0,ppo_release_v1,target_only,0,S02:superiority_replication_confirmation:c2,I,16,6,0,0.0
ppo_release_v0,ppo_release_v1,target_only,0,S08:superiority_replication_confirmation:c0,I,0,0,0,
ppo_release_v0,ppo_release_v1,target_only,0,S08:superiority_replication_confirmation:c1,I,0,0,0,
ppo_release_v0,ppo_release_v1,target_only,0,S08:superiority_replication_confirmation:c2,I,0,0,0,
ppo_release_v0,ppo_release_v1,directed_residual,0,S01:superiority_replication_confirmation:c0,R,0,0,0,
ppo_release_v0,ppo_release_v1,directed_residual,0,S01:superiority_replication_confirmation:c1,R,0,9,0,
ppo_release_v0,ppo_release_v1,directed_residual,0,S01:superiority_replication_confirmation:c2,R,0,0,0,
ppo_release_v0,ppo_release_v1,directed_residual,0,S02:superiority_replication_confirmation:c0,R,0,0,0,
ppo_release_v0,ppo_release_v1,directed_residual,0,S02:superiority_replication_confirmation:c1,R,0,0,0,
ppo_release_v0,ppo_release_v1,directed_residual,0,S02:superiority_replication_confirmation:c2,R,0,0,0,
ppo_release_v0,ppo_release_v1,directed_residual,0,S08:superiority_replication_confirmation:c0,R,0,0,0,
ppo_release_v0,ppo_release_v1,directed_residual,0,S08:superiority_replication_confirmation:c1,R,0,11,0,
ppo_release_v0,ppo_release_v1,directed_residual,0,S08:superiority_replication_confirmation:c2,R,0,0,0,
ppo_release_v0,ppo_release_v1,directed_residual,0,S01:superiority_replication_confirmation:c0,I,0,0,0,
ppo_release_v0,ppo_release_v1,directed_residual,0,S01:superiority_replication_confirmation:c1,I,3,7,2,0.6666666666666666
ppo_release_v0,ppo_release_v1,directed_residual,0,S01:superiority_replication_confirmation:c2,I,0,0,0,
ppo_release_v0,ppo_release_v1,directed_residual,0,S02:superiority_replication_confirmation:c0,I,2,4,1,0.5
ppo_release_v0,ppo_release_v1,directed_residual,0,S02:superiority_replication_confirmation:c1,I,8,0,0,0.0
ppo_release_v0,ppo_release_v1,directed_residual,0,S02:superiority_replication_confirmation:c2,I,16,0,0,0.0
ppo_release_v0,ppo_release_v1,directed_residual,0,S08:superiority_replication_confirmation:c0,I,0,0,0,
ppo_release_v0,ppo_release_v1,directed_residual,0,S08:superiority_replication_confirmation:c1,I,0,9,0,
ppo_release_v0,ppo_release_v1,directed_residual,0,S08:superiority_replication_confirmation:c2,I,0,0,0,
ppo_release_v0,ppo_release_v1,directed_context_laplace,0,S01:superiority_replication_confirmation:c0,R,0,0,0,
ppo_release_v0,ppo_release_v1,directed_context_laplace,0,S01:superiority_replication_confirmation:c1,R,0,9,0,
ppo_release_v0,ppo_release_v1,directed_context_laplace,0,S01:superiority_replication_confirmation:c2,R,0,0,0,
ppo_release_v0,ppo_release_v1,directed_context_laplace,0,S02:superiority_replication_confirmation:c0,R,0,0,0,
ppo_release_v0,ppo_release_v1,directed_context_laplace,0,S02:superiority_replication_confirmation:c1,R,0,0,0,
ppo_release_v0,ppo_release_v1,directed_context_laplace,0,S02:superiority_replication_confirmation:c2,R,0,0,0,
ppo_release_v0,ppo_release_v1,directed_context_laplace,0,S08:superiority_replication_confirmation:c0,R,0,0,0,
ppo_release_v0,ppo_release_v1,directed_context_laplace,0,S08:superiority_replication_confirmation:c1,R,0,11,0,
ppo_release_v0,ppo_release_v1,directed_context_laplace,0,S08:superiority_replication_confirmation:c2,R,0,0,0,
ppo_release_v0,ppo_release_v1,directed_context_laplace,0,S01:superiority_replication_confirmation:c0,I,0,0,0,
ppo_release_v0,ppo_release_v1,directed_context_laplace,0,S01:superiority_replication_confirmation:c1,I,3,3,2,0.6666666666666666
ppo_release_v0,ppo_release_v1,directed_context_laplace,0,S01:superiority_replication_confirmation:c2,I,0,0,0,
ppo_release_v0,ppo_release_v1,directed_context_laplace,0,S02:superiority_replication_confirmation:c0,I,2,1,0,0.0
ppo_release_v0,ppo_release_v1,directed_context_laplace,0,S02:superiority_replication_confirmation:c1,I,8,0,0,0.0
ppo_release_v0,ppo_release_v1,directed_context_laplace,0,S02:superiority_replication_confirmation:c2,I,16,0,0,0.0
ppo_release_v0,ppo_release_v1,directed_context_laplace,0,S08:superiority_replication_confirmation:c0,I,0,0,0,
ppo_release_v0,ppo_release_v1,directed_context_laplace,0,S08:superiority_replication_confirmation:c1,I,0,16,0,
ppo_release_v0,ppo_release_v1,directed_context_laplace,0,S08:superiority_replication_confirmation:c2,I,0,0,0,
ppo_release_v0,ppo_release_v1,directed_context_ucb,0,S01:superiority_replication_confirmation:c0,R,0,0,0,
ppo_release_v0,ppo_release_v1,directed_context_ucb,0,S01:superiority_replication_confirmation:c1,R,0,7,0,
ppo_release_v0,ppo_release_v1,directed_context_ucb,0,S01:superiority_replication_confirmation:c2,R,0,0,0,
ppo_release_v0,ppo_release_v1,directed_context_ucb,0,S02:superiority_replication_confirmation:c0,R,0,2,0,
ppo_release_v0,ppo_release_v1,directed_context_ucb,0,S02:superiority_replication_confirmation:c1,R,0,0,0,
ppo_release_v0,ppo_release_v1,directed_context_ucb,0,S02:superiority_replication_confirmation:c2,R,0,0,0,
ppo_release_v0,ppo_release_v1,directed_context_ucb,0,S08:superiority_replication_confirmation:c0,R,0,0,0,
ppo_release_v0,ppo_release_v1,directed_context_ucb,0,S08:superiority_replication_confirmation:c1,R,0,11,0,
ppo_release_v0,ppo_release_v1,directed_context_ucb,0,S08:superiority_replication_confirmation:c2,R,0,0,0,
ppo_release_v0,ppo_release_v1,directed_context_ucb,0,S01:superiority_replication_confirmation:c0,I,0,0,0,
ppo_release_v0,ppo_release_v1,directed_context_ucb,0,S01:superiority_replication_confirmation:c1,I,3,8,3,1.0
ppo_release_v0,ppo_release_v1,directed_context_ucb,0,S01:superiority_replication_confirmation:c2,I,0,0,0,
ppo_release_v0,ppo_release_v1,directed_context_ucb,0,S02:superiority_replication_confirmation:c0,I,2,2,0,0.0
ppo_release_v0,ppo_release_v1,directed_context_ucb,0,S02:superiority_replication_confirmation:c1,I,8,0,0,0.0
ppo_release_v0,ppo_release_v1,directed_context_ucb,0,S02:superiority_replication_confirmation:c2,I,16,0,0,0.0
ppo_release_v0,ppo_release_v1,directed_context_ucb,0,S08:superiority_replication_confirmation:c0,I,0,0,0,
ppo_release_v0,ppo_release_v1,directed_context_ucb,0,S08:superiority_replication_confirmation:c1,I,0,10,0,
ppo_release_v0,ppo_release_v1,directed_context_ucb,0,S08:superiority_replication_confirmation:c2,I,0,0,0,
ppo_release_v0,ppo_release_v1,coordinate_context_ucb_pure,0,S01:superiority_replication_confirmation:c0,R,0,0,0,
ppo_release_v0,ppo_release_v1,coordinate_context_ucb_pure,0,S01:superiority_replication_confirmation:c1,R,0,8,0,
ppo_release_v0,ppo_release_v1,coordinate_context_ucb_pure,0,S01:superiority_replication_confirmation:c2,R,0,0,0,
ppo_release_v0,ppo_release_v1,coordinate_context_ucb_pure,0,S02:superiority_replication_confirmation:c0,R,0,3,0,
ppo_release_v0,ppo_release_v1,coordinate_context_ucb_pure,0,S02:superiority_replication_confirmation:c1,R,0,0,0,
ppo_release_v0,ppo_release_v1,coordinate_context_ucb_pure,0,S02:superiority_replication_confirmation:c2,R,0,0,0,
ppo_release_v0,ppo_release_v1,coordinate_context_ucb_pure,0,S08:superiority_replication_confirmation:c0,R,0,0,0,
ppo_release_v0,ppo_release_v1,coordinate_context_ucb_pure,0,S08:superiority_replication_confirmation:c1,R,0,9,0,
ppo_release_v0,ppo_release_v1,coordinate_context_ucb_pure,0,S08:superiority_replication_confirmation:c2,R,0,0,0,
ppo_release_v0,ppo_release_v1,coordinate_context_ucb_pure,0,S01:superiority_replication_confirmation:c0,I,0,0,0,
ppo_release_v0,ppo_release_v1,coordinate_context_ucb_pure,0,S01:superiority_replication_confirmation:c1,I,3,10,3,1.0
ppo_release_v0,ppo_release_v1,coordinate_context_ucb_pure,0,S01:superiority_replication_confirmation:c2,I,0,0,0,
ppo_release_v0,ppo_release_v1,coordinate_context_ucb_pure,0,S02:superiority_replication_confirmation:c0,I,2,2,0,0.0
ppo_release_v0,ppo_release_v1,coordinate_context_ucb_pure,0,S02:superiority_replication_confirmation:c1,I,8,0,0,0.0
ppo_release_v0,ppo_release_v1,coordinate_context_ucb_pure,0,S02:superiority_replication_confirmation:c2,I,16,0,0,0.0
ppo_release_v0,ppo_release_v1,coordinate_context_ucb_pure,0,S08:superiority_replication_confirmation:c0,I,0,0,0,
ppo_release_v0,ppo_release_v1,coordinate_context_ucb_pure,0,S08:superiority_replication_confirmation:c1,I,0,8,0,
ppo_release_v0,ppo_release_v1,coordinate_context_ucb_pure,0,S08:superiority_replication_confirmation:c2,I,0,0,0,
ppo_release_v0,ppo_release_v1,directed_context_ucb_pure,0,S01:superiority_replication_confirmation:c0,R,0,0,0,
ppo_release_v0,ppo_release_v1,directed_context_ucb_pure,0,S01:superiority_replication_confirmation:c1,R,0,7,0,
ppo_release_v0,ppo_release_v1,directed_context_ucb_pure,0,S01:superiority_replication_confirmation:c2,R,0,0,0,
ppo_release_v0,ppo_release_v1,directed_context_ucb_pure,0,S02:superiority_replication_confirmation:c0,R,0,2,0,
ppo_release_v0,ppo_release_v1,directed_context_ucb_pure,0,S02:superiority_replication_confirmation:c1,R,0,0,0,
ppo_release_v0,ppo_release_v1,directed_context_ucb_pure,0,S02:superiority_replication_confirmation:c2,R,0,0,0,
ppo_release_v0,ppo_release_v1,directed_context_ucb_pure,0,S08:superiority_replication_confirmation:c0,R,0,0,0,
ppo_release_v0,ppo_release_v1,directed_context_ucb_pure,0,S08:superiority_replication_confirmation:c1,R,0,11,0,
ppo_release_v0,ppo_release_v1,directed_context_ucb_pure,0,S08:superiority_replication_confirmation:c2,R,0,0,0,
ppo_release_v0,ppo_release_v1,directed_context_ucb_pure,0,S01:superiority_replication_confirmation:c0,I,0,0,0,
ppo_release_v0,ppo_release_v1,directed_context_ucb_pure,0,S01:superiority_replication_confirmation:c1,I,3,9,3,1.0
ppo_release_v0,ppo_release_v1,directed_context_ucb_pure,0,S01:superiority_replication_confirmation:c2,I,0,0,0,
ppo_release_v0,ppo_release_v1,directed_context_ucb_pure,0,S02:superiority_replication_confirmation:c0,I,2,2,0,0.0
ppo_release_v0,ppo_release_v1,directed_context_ucb_pure,0,S02:superiority_replication_confirmation:c1,I,8,0,0,0.0
ppo_release_v0,ppo_release_v1,directed_context_ucb_pure,0,S02:superiority_replication_confirmation:c2,I,16,0,0,0.0
ppo_release_v0,ppo_release_v1,directed_context_ucb_pure,0,S08:superiority_replication_confirmation:c0,I,0,0,0,
ppo_release_v0,ppo_release_v1,directed_context_ucb_pure,0,S08:superiority_replication_confirmation:c1,I,0,9,0,
ppo_release_v0,ppo_release_v1,directed_context_ucb_pure,0,S08:superiority_replication_confirmation:c2,I,0,0,0,
ppo_release_v0,ppo_release_v1,directed_context_ucb_loose,0,S01:superiority_replication_confirmation:c0,R,0,0,0,
ppo_release_v0,ppo_release_v1,directed_context_ucb_loose,0,S01:superiority_replication_confirmation:c1,R,0,8,0,
ppo_release_v0,ppo_release_v1,directed_context_ucb_loose,0,S01:superiority_replication_confirmation:c2,R,0,0,0,
ppo_release_v0,ppo_release_v1,directed_context_ucb_loose,0,S02:superiority_replication_confirmation:c0,R,0,2,0,
ppo_release_v0,ppo_release_v1,directed_context_ucb_loose,0,S02:superiority_replication_confirmation:c1,R,0,0,0,
ppo_release_v0,ppo_release_v1,directed_context_ucb_loose,0,S02:superiority_replication_confirmation:c2,R,0,0,0,
ppo_release_v0,ppo_release_v1,directed_context_ucb_loose,0,S08:superiority_replication_confirmation:c0,R,0,0,0,
ppo_release_v0,ppo_release_v1,directed_context_ucb_loose,0,S08:superiority_replication_confirmation:c1,R,0,10,0,
ppo_release_v0,ppo_release_v1,directed_context_ucb_loose,0,S08:superiority_replication_confirmation:c2,R,0,0,0,
ppo_release_v0,ppo_release_v1,directed_context_ucb_loose,0,S01:superiority_replication_confirmation:c0,I,0,0,0,
ppo_release_v0,ppo_release_v1,directed_context_ucb_loose,0,S01:superiority_replication_confirmation:c1,I,3,10,3,1.0
ppo_release_v0,ppo_release_v1,directed_context_ucb_loose,0,S01:superiority_replication_confirmation:c2,I,0,0,0,
ppo_release_v0,ppo_release_v1,directed_context_ucb_loose,0,S02:superiority_replication_confirmation:c0,I,2,1,0,0.0
ppo_release_v0,ppo_release_v1,directed_context_ucb_loose,0,S02:superiority_replication_confirmation:c1,I,8,0,0,0.0
ppo_release_v0,ppo_release_v1,directed_context_ucb_loose,0,S02:superiority_replication_confirmation:c2,I,16,0,0,0.0
ppo_release_v0,ppo_release_v1,directed_context_ucb_loose,0,S08:superiority_replication_confirmation:c0,I,0,0,0,
ppo_release_v0,ppo_release_v1,directed_context_ucb_loose,0,S08:superiority_replication_confirmation:c1,I,0,9,0,
ppo_release_v0,ppo_release_v1,directed_context_ucb_loose,0,S08:superiority_replication_confirmation:c2,I,0,0,0,
ppo_release_v0,ppo_release_v1,coordinate_offset_calibrated_ucb,0,S01:superiority_replication_confirmation:c0,R,0,0,0,
ppo_release_v0,ppo_release_v1,coordinate_offset_calibrated_ucb,0,S01:superiority_replication_confirmation:c1,R,0,6,0,
ppo_release_v0,ppo_release_v1,coordinate_offset_calibrated_ucb,0,S01:superiority_replication_confirmation:c2,R,0,0,0,
ppo_release_v0,ppo_release_v1,coordinate_offset_calibrated_ucb,0,S02:superiority_replication_confirmation:c0,R,0,2,0,
ppo_release_v0,ppo_release_v1,coordinate_offset_calibrated_ucb,0,S02:superiority_replication_confirmation:c1,R,0,0,0,
ppo_release_v0,ppo_release_v1,coordinate_offset_calibrated_ucb,0,S02:superiority_replication_confirmation:c2,R,0,0,0,
ppo_release_v0,ppo_release_v1,coordinate_offset_calibrated_ucb,0,S08:superiority_replication_confirmation:c0,R,0,0,0,
ppo_release_v0,ppo_release_v1,coordinate_offset_calibrated_ucb,0,S08:superiority_replication_confirmation:c1,R,0,12,0,
ppo_release_v0,ppo_release_v1,coordinate_offset_calibrated_ucb,0,S08:superiority_replication_confirmation:c2,R,0,0,0,
ppo_release_v0,ppo_release_v1,coordinate_offset_calibrated_ucb,0,S01:superiority_replication_confirmation:c0,I,0,0,0,
ppo_release_v0,ppo_release_v1,coordinate_offset_calibrated_ucb,0,S01:superiority_replication_confirmation:c1,I,3,9,3,1.0
ppo_release_v0,ppo_release_v1,coordinate_offset_calibrated_ucb,0,S01:superiority_replication_confirmation:c2,I,0,0,0,
ppo_release_v0,ppo_release_v1,coordinate_offset_calibrated_ucb,0,S02:superiority_replication_confirmation:c0,I,2,2,0,0.0
ppo_release_v0,ppo_release_v1,coordinate_offset_calibrated_ucb,0,S02:superiority_replication_confirmation:c1,I,8,0,0,0.0
ppo_release_v0,ppo_release_v1,coordinate_offset_calibrated_ucb,0,S02:superiority_replication_confirmation:c2,I,16,0,0,0.0
ppo_release_v0,ppo_release_v1,coordinate_offset_calibrated_ucb,0,S08:superiority_replication_confirmation:c0,I,0,0,0,
ppo_release_v0,ppo_release_v1,coordinate_offset_calibrated_ucb,0,S08:superiority_replication_confirmation:c1,I,0,9,0,
ppo_release_v0,ppo_release_v1,coordinate_offset_calibrated_ucb,0,S08:superiority_replication_confirmation:c2,I,0,0,0,
ppo_release_v0,ppo_release_v1,directed_offset_calibrated_ucb,0,S01:superiority_replication_confirmation:c0,R,0,0,0,
ppo_release_v0,ppo_release_v1,directed_offset_calibrated_ucb,0,S01:superiority_replication_confirmation:c1,R,0,6,0,
ppo_release_v0,ppo_release_v1,directed_offset_calibrated_ucb,0,S01:superiority_replication_confirmation:c2,R,0,0,0,
ppo_release_v0,ppo_release_v1,directed_offset_calibrated_ucb,0,S02:superiority_replication_confirmation:c0,R,0,2,0,
ppo_release_v0,ppo_release_v1,directed_offset_calibrated_ucb,0,S02:superiority_replication_confirmation:c1,R,0,0,0,
ppo_release_v0,ppo_release_v1,directed_offset_calibrated_ucb,0,S02:superiority_replication_confirmation:c2,R,0,0,0,
ppo_release_v0,ppo_release_v1,directed_offset_calibrated_ucb,0,S08:superiority_replication_confirmation:c0,R,0,0,0,
ppo_release_v0,ppo_release_v1,directed_offset_calibrated_ucb,0,S08:superiority_replication_confirmation:c1,R,0,12,0,
ppo_release_v0,ppo_release_v1,directed_offset_calibrated_ucb,0,S08:superiority_replication_confirmation:c2,R,0,0,0,
ppo_release_v0,ppo_release_v1,directed_offset_calibrated_ucb,0,S01:superiority_replication_confirmation:c0,I,0,0,0,
ppo_release_v0,ppo_release_v1,directed_offset_calibrated_ucb,0,S01:superiority_replication_confirmation:c1,I,3,9,3,1.0
ppo_release_v0,ppo_release_v1,directed_offset_calibrated_ucb,0,S01:superiority_replication_confirmation:c2,I,0,0,0,
ppo_release_v0,ppo_release_v1,directed_offset_calibrated_ucb,0,S02:superiority_replication_confirmation:c0,I,2,2,0,0.0
ppo_release_v0,ppo_release_v1,directed_offset_calibrated_ucb,0,S02:superiority_replication_confirmation:c1,I,8,0,0,0.0
ppo_release_v0,ppo_release_v1,directed_offset_calibrated_ucb,0,S02:superiority_replication_confirmation:c2,I,16,0,0,0.0
ppo_release_v0,ppo_release_v1,directed_offset_calibrated_ucb,0,S08:superiority_replication_confirmation:c0,I,0,0,0,
ppo_release_v0,ppo_release_v1,directed_offset_calibrated_ucb,0,S08:superiority_replication_confirmation:c1,I,0,9,0,
ppo_release_v0,ppo_release_v1,directed_offset_calibrated_ucb,0,S08:superiority_replication_confirmation:c2,I,0,0,0,
ppo_release_v0,ppo_release_v1,direction_conditioned_offset_ucb,0,S01:superiority_replication_confirmation:c0,R,0,0,0,
ppo_release_v0,ppo_release_v1,direction_conditioned_offset_ucb,0,S01:superiority_replication_confirmation:c1,R,0,8,0,
ppo_release_v0,ppo_release_v1,direction_conditioned_offset_ucb,0,S01:superiority_replication_confirmation:c2,R,0,0,0,
ppo_release_v0,ppo_release_v1,direction_conditioned_offset_ucb,0,S02:superiority_replication_confirmation:c0,R,0,3,0,
ppo_release_v0,ppo_release_v1,direction_conditioned_offset_ucb,0,S02:superiority_replication_confirmation:c1,R,0,0,0,
ppo_release_v0,ppo_release_v1,direction_conditioned_offset_ucb,0,S02:superiority_replication_confirmation:c2,R,0,0,0,
ppo_release_v0,ppo_release_v1,direction_conditioned_offset_ucb,0,S08:superiority_replication_confirmation:c0,R,0,0,0,
ppo_release_v0,ppo_release_v1,direction_conditioned_offset_ucb,0,S08:superiority_replication_confirmation:c1,R,0,9,0,
ppo_release_v0,ppo_release_v1,direction_conditioned_offset_ucb,0,S08:superiority_replication_confirmation:c2,R,0,0,0,
ppo_release_v0,ppo_release_v1,direction_conditioned_offset_ucb,0,S01:superiority_replication_confirmation:c0,I,0,0,0,
ppo_release_v0,ppo_release_v1,direction_conditioned_offset_ucb,0,S01:superiority_replication_confirmation:c1,I,3,14,3,1.0
ppo_release_v0,ppo_release_v1,direction_conditioned_offset_ucb,0,S01:superiority_replication_confirmation:c2,I,0,0,0,
ppo_release_v0,ppo_release_v1,direction_conditioned_offset_ucb,0,S02:superiority_replication_confirmation:c0,I,2,2,0,0.0
ppo_release_v0,ppo_release_v1,direction_conditioned_offset_ucb,0,S02:superiority_replication_confirmation:c1,I,8,0,0,0.0
ppo_release_v0,ppo_release_v1,direction_conditioned_offset_ucb,0,S02:superiority_replication_confirmation:c2,I,16,0,0,0.0
ppo_release_v0,ppo_release_v1,direction_conditioned_offset_ucb,0,S08:superiority_replication_confirmation:c0,I,0,0,0,
ppo_release_v0,ppo_release_v1,direction_conditioned_offset_ucb,0,S08:superiority_replication_confirmation:c1,I,0,4,0,
ppo_release_v0,ppo_release_v1,direction_conditioned_offset_ucb,0,S08:superiority_replication_confirmation:c2,I,0,0,0,
ppo_release_v0,ppo_release_v1,prequential_bma_ucb,0,S01:superiority_replication_confirmation:c0,R,0,0,0,
ppo_release_v0,ppo_release_v1,prequential_bma_ucb,0,S01:superiority_replication_confirmation:c1,R,0,4,0,
ppo_release_v0,ppo_release_v1,prequential_bma_ucb,0,S01:superiority_replication_confirmation:c2,R,0,0,0,
ppo_release_v0,ppo_release_v1,prequential_bma_ucb,0,S02:superiority_replication_confirmation:c0,R,0,2,0,
ppo_release_v0,ppo_release_v1,prequential_bma_ucb,0,S02:superiority_replication_confirmation:c1,R,0,0,0,
ppo_release_v0,ppo_release_v1,prequential_bma_ucb,0,S02:superiority_replication_confirmation:c2,R,0,0,0,
ppo_release_v0,ppo_release_v1,prequential_bma_ucb,0,S08:superiority_replication_confirmation:c0,R,0,0,0,
ppo_release_v0,ppo_release_v1,prequential_bma_ucb,0,S08:superiority_replication_confirmation:c1,R,0,14,0,
ppo_release_v0,ppo_release_v1,prequential_bma_ucb,0,S08:superiority_replication_confirmation:c2,R,0,0,0,
ppo_release_v0,ppo_release_v1,prequential_bma_ucb,0,S01:superiority_replication_confirmation:c0,I,0,0,0,
ppo_release_v0,ppo_release_v1,prequential_bma_ucb,0,S01:superiority_replication_confirmation:c1,I,3,6,3,1.0
ppo_release_v0,ppo_release_v1,prequential_bma_ucb,0,S01:superiority_replication_confirmation:c2,I,0,0,0,
ppo_release_v0,ppo_release_v1,prequential_bma_ucb,0,S02:superiority_replication_confirmation:c0,I,2,3,1,0.5
ppo_release_v0,ppo_release_v1,prequential_bma_ucb,0,S02:superiority_replication_confirmation:c1,I,8,0,0,0.0
ppo_release_v0,ppo_release_v1,prequential_bma_ucb,0,S02:superiority_replication_confirmation:c2,I,16,0,0,0.0
ppo_release_v0,ppo_release_v1,prequential_bma_ucb,0,S08:superiority_replication_confirmation:c0,I,0,0,0,
ppo_release_v0,ppo_release_v1,prequential_bma_ucb,0,S08:superiority_replication_confirmation:c1,I,0,11,0,
ppo_release_v0,ppo_release_v1,prequential_bma_ucb,0,S08:superiority_replication_confirmation:c2,I,0,0,0,
ppo_release_v0,ppo_release_v1,bidirectional_flip_ucb,0,S01:superiority_replication_confirmation:c0,R,0,0,0,
ppo_release_v0,ppo_release_v1,bidirectional_flip_ucb,0,S01:superiority_replication_confirmation:c1,R,0,12,0,
ppo_release_v0,ppo_release_v1,bidirectional_flip_ucb,0,S01:superiority_replication_confirmation:c2,R,0,0,0,
ppo_release_v0,ppo_release_v1,bidirectional_flip_ucb,0,S02:superiority_replication_confirmation:c0,R,0,3,0,
ppo_release_v0,ppo_release_v1,bidirectional_flip_ucb,0,S02:superiority_replication_confirmation:c1,R,0,0,0,
ppo_release_v0,ppo_release_v1,bidirectional_flip_ucb,0,S02:superiority_replication_confirmation:c2,R,0,0,0,
ppo_release_v0,ppo_release_v1,bidirectional_flip_ucb,0,S08:superiority_replication_confirmation:c0,R,0,0,0,
ppo_release_v0,ppo_release_v1,bidirectional_flip_ucb,0,S08:superiority_replication_confirmation:c1,R,0,5,0,
ppo_release_v0,ppo_release_v1,bidirectional_flip_ucb,0,S08:superiority_replication_confirmation:c2,R,0,0,0,
ppo_release_v0,ppo_release_v1,bidirectional_flip_ucb,0,S01:superiority_replication_confirmation:c0,I,0,0,0,
ppo_release_v0,ppo_release_v1,bidirectional_flip_ucb,0,S01:superiority_replication_confirmation:c1,I,3,9,3,1.0
ppo_release_v0,ppo_release_v1,bidirectional_flip_ucb,0,S01:superiority_replication_confirmation:c2,I,0,0,0,
ppo_release_v0,ppo_release_v1,bidirectional_flip_ucb,0,S02:superiority_replication_confirmation:c0,I,2,7,2,1.0
ppo_release_v0,ppo_release_v1,bidirectional_flip_ucb,0,S02:superiority_replication_confirmation:c1,I,8,0,0,0.0
ppo_release_v0,ppo_release_v1,bidirectional_flip_ucb,0,S02:superiority_replication_confirmation:c2,I,16,0,0,0.0
ppo_release_v0,ppo_release_v1,bidirectional_flip_ucb,0,S08:superiority_replication_confirmation:c0,I,0,0,0,
ppo_release_v0,ppo_release_v1,bidirectional_flip_ucb,0,S08:superiority_replication_confirmation:c1,I,0,4,0,
ppo_release_v0,ppo_release_v1,bidirectional_flip_ucb,0,S08:superiority_replication_confirmation:c2,I,0,0,0,
ppo_release_v0,ppo_release_v1,coordinate_bootstrap_offset_ucb,0,S01:superiority_replication_confirmation:c0,R,0,1,0,
ppo_release_v0,ppo_release_v1,coordinate_bootstrap_offset_ucb,0,S01:superiority_replication_confirmation:c1,R,0,6,0,
ppo_release_v0,ppo_release_v1,coordinate_bootstrap_offset_ucb,0,S01:superiority_replication_confirmation:c2,R,0,1,0,
ppo_release_v0,ppo_release_v1,coordinate_bootstrap_offset_ucb,0,S02:superiority_replication_confirmation:c0,R,0,2,0,
ppo_release_v0,ppo_release_v1,coordinate_bootstrap_offset_ucb,0,S02:superiority_replication_confirmation:c1,R,0,0,0,
ppo_release_v0,ppo_release_v1,coordinate_bootstrap_offset_ucb,0,S02:superiority_replication_confirmation:c2,R,0,0,0,
ppo_release_v0,ppo_release_v1,coordinate_bootstrap_offset_ucb,0,S08:superiority_replication_confirmation:c0,R,0,1,0,
ppo_release_v0,ppo_release_v1,coordinate_bootstrap_offset_ucb,0,S08:superiority_replication_confirmation:c1,R,0,8,0,
ppo_release_v0,ppo_release_v1,coordinate_bootstrap_offset_ucb,0,S08:superiority_replication_confirmation:c2,R,0,1,0,
ppo_release_v0,ppo_release_v1,coordinate_bootstrap_offset_ucb,0,S01:superiority_replication_confirmation:c0,I,0,0,0,
ppo_release_v0,ppo_release_v1,coordinate_bootstrap_offset_ucb,0,S01:superiority_replication_confirmation:c1,I,3,10,3,1.0
ppo_release_v0,ppo_release_v1,coordinate_bootstrap_offset_ucb,0,S01:superiority_replication_confirmation:c2,I,0,0,0,
ppo_release_v0,ppo_release_v1,coordinate_bootstrap_offset_ucb,0,S02:superiority_replication_confirmation:c0,I,2,2,0,0.0
ppo_release_v0,ppo_release_v1,coordinate_bootstrap_offset_ucb,0,S02:superiority_replication_confirmation:c1,I,8,1,0,0.0
ppo_release_v0,ppo_release_v1,coordinate_bootstrap_offset_ucb,0,S02:superiority_replication_confirmation:c2,I,16,1,0,0.0
ppo_release_v0,ppo_release_v1,coordinate_bootstrap_offset_ucb,0,S08:superiority_replication_confirmation:c0,I,0,0,0,
ppo_release_v0,ppo_release_v1,coordinate_bootstrap_offset_ucb,0,S08:superiority_replication_confirmation:c1,I,0,6,0,
ppo_release_v0,ppo_release_v1,coordinate_bootstrap_offset_ucb,0,S08:superiority_replication_confirmation:c2,I,0,0,0,
ppo_release_v0,ppo_release_v1,directed_bootstrap_offset_ucb,0,S01:superiority_replication_confirmation:c0,R,0,1,0,
ppo_release_v0,ppo_release_v1,directed_bootstrap_offset_ucb,0,S01:superiority_replication_confirmation:c1,R,0,6,0,
ppo_release_v0,ppo_release_v1,directed_bootstrap_offset_ucb,0,S01:superiority_replication_confirmation:c2,R,0,1,0,
ppo_release_v0,ppo_release_v1,directed_bootstrap_offset_ucb,0,S02:superiority_replication_confirmation:c0,R,0,2,0,
ppo_release_v0,ppo_release_v1,directed_bootstrap_offset_ucb,0,S02:superiority_replication_confirmation:c1,R,0,0,0,
ppo_release_v0,ppo_release_v1,directed_bootstrap_offset_ucb,0,S02:superiority_replication_confirmation:c2,R,0,0,0,
ppo_release_v0,ppo_release_v1,directed_bootstrap_offset_ucb,0,S08:superiority_replication_confirmation:c0,R,0,1,0,
ppo_release_v0,ppo_release_v1,directed_bootstrap_offset_ucb,0,S08:superiority_replication_confirmation:c1,R,0,8,0,
ppo_release_v0,ppo_release_v1,directed_bootstrap_offset_ucb,0,S08:superiority_replication_confirmation:c2,R,0,1,0,
ppo_release_v0,ppo_release_v1,directed_bootstrap_offset_ucb,0,S01:superiority_replication_confirmation:c0,I,0,0,0,
ppo_release_v0,ppo_release_v1,directed_bootstrap_offset_ucb,0,S01:superiority_replication_confirmation:c1,I,3,9,3,1.0
ppo_release_v0,ppo_release_v1,directed_bootstrap_offset_ucb,0,S01:superiority_replication_confirmation:c2,I,0,0,0,
ppo_release_v0,ppo_release_v1,directed_bootstrap_offset_ucb,0,S02:superiority_replication_confirmation:c0,I,2,2,0,0.0
ppo_release_v0,ppo_release_v1,directed_bootstrap_offset_ucb,0,S02:superiority_replication_confirmation:c1,I,8,1,0,0.0
ppo_release_v0,ppo_release_v1,directed_bootstrap_offset_ucb,0,S02:superiority_replication_confirmation:c2,I,16,1,0,0.0
ppo_release_v0,ppo_release_v1,directed_bootstrap_offset_ucb,0,S08:superiority_replication_confirmation:c0,I,0,0,0,
ppo_release_v0,ppo_release_v1,directed_bootstrap_offset_ucb,0,S08:superiority_replication_confirmation:c1,I,0,7,0,
ppo_release_v0,ppo_release_v1,directed_bootstrap_offset_ucb,0,S08:superiority_replication_confirmation:c2,I,0,0,0,
ppo_release_v0,ppo_release_v1,coordinate_regression_bootstrap_ucb,0,S01:superiority_replication_confirmation:c0,R,0,1,0,
ppo_release_v0,ppo_release_v1,coordinate_regression_bootstrap_ucb,0,S01:superiority_replication_confirmation:c1,R,0,6,0,
ppo_release_v0,ppo_release_v1,coordinate_regression_bootstrap_ucb,0,S01:superiority_replication_confirmation:c2,R,0,1,0,
ppo_release_v0,ppo_release_v1,coordinate_regression_bootstrap_ucb,0,S02:superiority_replication_confirmation:c0,R,0,2,0,
ppo_release_v0,ppo_release_v1,coordinate_regression_bootstrap_ucb,0,S02:superiority_replication_confirmation:c1,R,0,0,0,
ppo_release_v0,ppo_release_v1,coordinate_regression_bootstrap_ucb,0,S02:superiority_replication_confirmation:c2,R,0,0,0,
ppo_release_v0,ppo_release_v1,coordinate_regression_bootstrap_ucb,0,S08:superiority_replication_confirmation:c0,R,0,1,0,
ppo_release_v0,ppo_release_v1,coordinate_regression_bootstrap_ucb,0,S08:superiority_replication_confirmation:c1,R,0,8,0,
ppo_release_v0,ppo_release_v1,coordinate_regression_bootstrap_ucb,0,S08:superiority_replication_confirmation:c2,R,0,1,0,
ppo_release_v0,ppo_release_v1,coordinate_regression_bootstrap_ucb,0,S01:superiority_replication_confirmation:c0,I,0,0,0,
ppo_release_v0,ppo_release_v1,coordinate_regression_bootstrap_ucb,0,S01:superiority_replication_confirmation:c1,I,3,11,3,1.0
ppo_release_v0,ppo_release_v1,coordinate_regression_bootstrap_ucb,0,S01:superiority_replication_confirmation:c2,I,0,0,0,
ppo_release_v0,ppo_release_v1,coordinate_regression_bootstrap_ucb,0,S02:superiority_replication_confirmation:c0,I,2,2,0,0.0
ppo_release_v0,ppo_release_v1,coordinate_regression_bootstrap_ucb,0,S02:superiority_replication_confirmation:c1,I,8,0,0,0.0
ppo_release_v0,ppo_release_v1,coordinate_regression_bootstrap_ucb,0,S02:superiority_replication_confirmation:c2,I,16,0,0,0.0
ppo_release_v0,ppo_release_v1,coordinate_regression_bootstrap_ucb,0,S08:superiority_replication_confirmation:c0,I,0,0,0,
ppo_release_v0,ppo_release_v1,coordinate_regression_bootstrap_ucb,0,S08:superiority_replication_confirmation:c1,I,0,7,0,
ppo_release_v0,ppo_release_v1,coordinate_regression_bootstrap_ucb,0,S08:superiority_replication_confirmation:c2,I,0,0,0,
ppo_release_v0,ppo_release_v1,directed_regression_bootstrap_ucb,0,S01:superiority_replication_confirmation:c0,R,0,1,0,
ppo_release_v0,ppo_release_v1,directed_regression_bootstrap_ucb,0,S01:superiority_replication_confirmation:c1,R,0,6,0,
ppo_release_v0,ppo_release_v1,directed_regression_bootstrap_ucb,0,S01:superiority_replication_confirmation:c2,R,0,1,0,
ppo_release_v0,ppo_release_v1,directed_regression_bootstrap_ucb,0,S02:superiority_replication_confirmation:c0,R,0,2,0,
ppo_release_v0,ppo_release_v1,directed_regression_bootstrap_ucb,0,S02:superiority_replication_confirmation:c1,R,0,0,0,
ppo_release_v0,ppo_release_v1,directed_regression_bootstrap_ucb,0,S02:superiority_replication_confirmation:c2,R,0,0,0,
ppo_release_v0,ppo_release_v1,directed_regression_bootstrap_ucb,0,S08:superiority_replication_confirmation:c0,R,0,1,0,
ppo_release_v0,ppo_release_v1,directed_regression_bootstrap_ucb,0,S08:superiority_replication_confirmation:c1,R,0,8,0,
ppo_release_v0,ppo_release_v1,directed_regression_bootstrap_ucb,0,S08:superiority_replication_confirmation:c2,R,0,1,0,
ppo_release_v0,ppo_release_v1,directed_regression_bootstrap_ucb,0,S01:superiority_replication_confirmation:c0,I,0,0,0,
ppo_release_v0,ppo_release_v1,directed_regression_bootstrap_ucb,0,S01:superiority_replication_confirmation:c1,I,3,10,3,1.0
ppo_release_v0,ppo_release_v1,directed_regression_bootstrap_ucb,0,S01:superiority_replication_confirmation:c2,I,0,0,0,
ppo_release_v0,ppo_release_v1,directed_regression_bootstrap_ucb,0,S02:superiority_replication_confirmation:c0,I,2,2,0,0.0
ppo_release_v0,ppo_release_v1,directed_regression_bootstrap_ucb,0,S02:superiority_replication_confirmation:c1,I,8,0,0,0.0
ppo_release_v0,ppo_release_v1,directed_regression_bootstrap_ucb,0,S02:superiority_replication_confirmation:c2,I,16,0,0,0.0
ppo_release_v0,ppo_release_v1,directed_regression_bootstrap_ucb,0,S08:superiority_replication_confirmation:c0,I,0,0,0,
ppo_release_v0,ppo_release_v1,directed_regression_bootstrap_ucb,0,S08:superiority_replication_confirmation:c1,I,0,8,0,
ppo_release_v0,ppo_release_v1,directed_regression_bootstrap_ucb,0,S08:superiority_replication_confirmation:c2,I,0,0,0,
ppo_release_v0,ppo_release_v1,static_margin_coverage,0,S01:superiority_replication_confirmation:c0,R,0,1,0,
ppo_release_v0,ppo_release_v1,static_margin_coverage,0,S01:superiority_replication_confirmation:c1,R,0,12,0,
ppo_release_v0,ppo_release_v1,static_margin_coverage,0,S01:superiority_replication_confirmation:c2,R,0,1,0,
ppo_release_v0,ppo_release_v1,static_margin_coverage,0,S02:superiority_replication_confirmation:c0,R,0,2,0,
ppo_release_v0,ppo_release_v1,static_margin_coverage,0,S02:superiority_replication_confirmation:c1,R,0,0,0,
ppo_release_v0,ppo_release_v1,static_margin_coverage,0,S02:superiority_replication_confirmation:c2,R,0,0,0,
ppo_release_v0,ppo_release_v1,static_margin_coverage,0,S08:superiority_replication_confirmation:c0,R,0,1,0,
ppo_release_v0,ppo_release_v1,static_margin_coverage,0,S08:superiority_replication_confirmation:c1,R,0,2,0,
ppo_release_v0,ppo_release_v1,static_margin_coverage,0,S08:superiority_replication_confirmation:c2,R,0,1,0,
ppo_release_v0,ppo_release_v1,static_margin_coverage,0,S01:superiority_replication_confirmation:c0,I,0,0,0,
ppo_release_v0,ppo_release_v1,static_margin_coverage,0,S01:superiority_replication_confirmation:c1,I,3,5,1,0.3333333333333333
ppo_release_v0,ppo_release_v1,static_margin_coverage,0,S01:superiority_replication_confirmation:c2,I,0,0,0,
ppo_release_v0,ppo_release_v1,static_margin_coverage,0,S02:superiority_replication_confirmation:c0,I,2,4,1,0.5
ppo_release_v0,ppo_release_v1,static_margin_coverage,0,S02:superiority_replication_confirmation:c1,I,8,0,0,0.0
ppo_release_v0,ppo_release_v1,static_margin_coverage,0,S02:superiority_replication_confirmation:c2,I,16,0,0,0.0
ppo_release_v0,ppo_release_v1,static_margin_coverage,0,S08:superiority_replication_confirmation:c0,I,0,0,0,
ppo_release_v0,ppo_release_v1,static_margin_coverage,0,S08:superiority_replication_confirmation:c1,I,0,11,0,
ppo_release_v0,ppo_release_v1,static_margin_coverage,0,S08:superiority_replication_confirmation:c2,I,0,0,0,
ppo_release_v0,ppo_release_v1,coordinate_margin_frontier,0,S01:superiority_replication_confirmation:c0,R,0,1,0,
ppo_release_v0,ppo_release_v1,coordinate_margin_frontier,0,S01:superiority_replication_confirmation:c1,R,0,5,0,
ppo_release_v0,ppo_release_v1,coordinate_margin_frontier,0,S01:superiority_replication_confirmation:c2,R,0,1,0,
ppo_release_v0,ppo_release_v1,coordinate_margin_frontier,0,S02:superiority_replication_confirmation:c0,R,0,1,0,
ppo_release_v0,ppo_release_v1,coordinate_margin_frontier,0,S02:superiority_replication_confirmation:c1,R,0,0,0,
ppo_release_v0,ppo_release_v1,coordinate_margin_frontier,0,S02:superiority_replication_confirmation:c2,R,0,0,0,
ppo_release_v0,ppo_release_v1,coordinate_margin_frontier,0,S08:superiority_replication_confirmation:c0,R,0,1,0,
ppo_release_v0,ppo_release_v1,coordinate_margin_frontier,0,S08:superiority_replication_confirmation:c1,R,0,10,0,
ppo_release_v0,ppo_release_v1,coordinate_margin_frontier,0,S08:superiority_replication_confirmation:c2,R,0,1,0,
ppo_release_v0,ppo_release_v1,coordinate_margin_frontier,0,S01:superiority_replication_confirmation:c0,I,0,0,0,
ppo_release_v0,ppo_release_v1,coordinate_margin_frontier,0,S01:superiority_replication_confirmation:c1,I,3,4,3,1.0
ppo_release_v0,ppo_release_v1,coordinate_margin_frontier,0,S01:superiority_replication_confirmation:c2,I,0,0,0,
ppo_release_v0,ppo_release_v1,coordinate_margin_frontier,0,S02:superiority_replication_confirmation:c0,I,2,4,1,0.5
ppo_release_v0,ppo_release_v1,coordinate_margin_frontier,0,S02:superiority_replication_confirmation:c1,I,8,0,0,0.0
ppo_release_v0,ppo_release_v1,coordinate_margin_frontier,0,S02:superiority_replication_confirmation:c2,I,16,0,0,0.0
ppo_release_v0,ppo_release_v1,coordinate_margin_frontier,0,S08:superiority_replication_confirmation:c0,I,0,0,0,
ppo_release_v0,ppo_release_v1,coordinate_margin_frontier,0,S08:superiority_replication_confirmation:c1,I,0,12,0,
ppo_release_v0,ppo_release_v1,coordinate_margin_frontier,0,S08:superiority_replication_confirmation:c2,I,0,0,0,
ppo_release_v0,ppo_release_v1,directed_margin_frontier,0,S01:superiority_replication_confirmation:c0,R,0,1,0,
ppo_release_v0,ppo_release_v1,directed_margin_frontier,0,S01:superiority_replication_confirmation:c1,R,0,5,0,
ppo_release_v0,ppo_release_v1,directed_margin_frontier,0,S01:superiority_replication_confirmation:c2,R,0,1,0,
ppo_release_v0,ppo_release_v1,directed_margin_frontier,0,S02:superiority_replication_confirmation:c0,R,0,1,0,
ppo_release_v0,ppo_release_v1,directed_margin_frontier,0,S02:superiority_replication_confirmation:c1,R,0,0,0,
ppo_release_v0,ppo_release_v1,directed_margin_frontier,0,S02:superiority_replication_confirmation:c2,R,0,0,0,
ppo_release_v0,ppo_release_v1,directed_margin_frontier,0,S08:superiority_replication_confirmation:c0,R,0,1,0,
ppo_release_v0,ppo_release_v1,directed_margin_frontier,0,S08:superiority_replication_confirmation:c1,R,0,10,0,
ppo_release_v0,ppo_release_v1,directed_margin_frontier,0,S08:superiority_replication_confirmation:c2,R,0,1,0,
ppo_release_v0,ppo_release_v1,directed_margin_frontier,0,S01:superiority_replication_confirmation:c0,I,0,0,0,
ppo_release_v0,ppo_release_v1,directed_margin_frontier,0,S01:superiority_replication_confirmation:c1,I,3,7,3,1.0
ppo_release_v0,ppo_release_v1,directed_margin_frontier,0,S01:superiority_replication_confirmation:c2,I,0,0,0,
ppo_release_v0,ppo_release_v1,directed_margin_frontier,0,S02:superiority_replication_confirmation:c0,I,2,2,0,0.0
ppo_release_v0,ppo_release_v1,directed_margin_frontier,0,S02:superiority_replication_confirmation:c1,I,8,0,0,0.0
ppo_release_v0,ppo_release_v1,directed_margin_frontier,0,S02:superiority_replication_confirmation:c2,I,16,0,0,0.0
ppo_release_v0,ppo_release_v1,directed_margin_frontier,0,S08:superiority_replication_confirmation:c0,I,0,0,0,
ppo_release_v0,ppo_release_v1,directed_margin_frontier,0,S08:superiority_replication_confirmation:c1,I,0,11,0,
ppo_release_v0,ppo_release_v1,directed_margin_frontier,0,S08:superiority_replication_confirmation:c2,I,0,0,0,
ppo_release_v0,ppo_release_v1,static_dual_margin_coverage,0,S01:superiority_replication_confirmation:c0,R,0,1,0,
ppo_release_v0,ppo_release_v1,static_dual_margin_coverage,0,S01:superiority_replication_confirmation:c1,R,0,12,0,
ppo_release_v0,ppo_release_v1,static_dual_margin_coverage,0,S01:superiority_replication_confirmation:c2,R,0,1,0,
ppo_release_v0,ppo_release_v1,static_dual_margin_coverage,0,S02:superiority_replication_confirmation:c0,R,0,2,0,
ppo_release_v0,ppo_release_v1,static_dual_margin_coverage,0,S02:superiority_replication_confirmation:c1,R,0,0,0,
ppo_release_v0,ppo_release_v1,static_dual_margin_coverage,0,S02:superiority_replication_confirmation:c2,R,0,0,0,
ppo_release_v0,ppo_release_v1,static_dual_margin_coverage,0,S08:superiority_replication_confirmation:c0,R,0,1,0,
ppo_release_v0,ppo_release_v1,static_dual_margin_coverage,0,S08:superiority_replication_confirmation:c1,R,0,2,0,
ppo_release_v0,ppo_release_v1,static_dual_margin_coverage,0,S08:superiority_replication_confirmation:c2,R,0,1,0,
ppo_release_v0,ppo_release_v1,static_dual_margin_coverage,0,S01:superiority_replication_confirmation:c0,I,0,0,0,
ppo_release_v0,ppo_release_v1,static_dual_margin_coverage,0,S01:superiority_replication_confirmation:c1,I,3,1,0,0.0
ppo_release_v0,ppo_release_v1,static_dual_margin_coverage,0,S01:superiority_replication_confirmation:c2,I,0,0,0,
ppo_release_v0,ppo_release_v1,static_dual_margin_coverage,0,S02:superiority_replication_confirmation:c0,I,2,1,0,0.0
ppo_release_v0,ppo_release_v1,static_dual_margin_coverage,0,S02:superiority_replication_confirmation:c1,I,8,6,0,0.0
ppo_release_v0,ppo_release_v1,static_dual_margin_coverage,0,S02:superiority_replication_confirmation:c2,I,16,1,0,0.0
ppo_release_v0,ppo_release_v1,static_dual_margin_coverage,0,S08:superiority_replication_confirmation:c0,I,0,0,0,
ppo_release_v0,ppo_release_v1,static_dual_margin_coverage,0,S08:superiority_replication_confirmation:c1,I,0,11,0,
ppo_release_v0,ppo_release_v1,static_dual_margin_coverage,0,S08:superiority_replication_confirmation:c2,I,0,0,0,
ppo_release_v0,ppo_release_v1,coordinate_dual_margin_frontier,0,S01:superiority_replication_confirmation:c0,R,0,1,0,
ppo_release_v0,ppo_release_v1,coordinate_dual_margin_frontier,0,S01:superiority_replication_confirmation:c1,R,0,4,0,
ppo_release_v0,ppo_release_v1,coordinate_dual_margin_frontier,0,S01:superiority_replication_confirmation:c2,R,0,1,0,
ppo_release_v0,ppo_release_v1,coordinate_dual_margin_frontier,0,S02:superiority_replication_confirmation:c0,R,0,1,0,
ppo_release_v0,ppo_release_v1,coordinate_dual_margin_frontier,0,S02:superiority_replication_confirmation:c1,R,0,0,0,
ppo_release_v0,ppo_release_v1,coordinate_dual_margin_frontier,0,S02:superiority_replication_confirmation:c2,R,0,0,0,
ppo_release_v0,ppo_release_v1,coordinate_dual_margin_frontier,0,S08:superiority_replication_confirmation:c0,R,0,1,0,
ppo_release_v0,ppo_release_v1,coordinate_dual_margin_frontier,0,S08:superiority_replication_confirmation:c1,R,0,11,0,
ppo_release_v0,ppo_release_v1,coordinate_dual_margin_frontier,0,S08:superiority_replication_confirmation:c2,R,0,1,0,
ppo_release_v0,ppo_release_v1,coordinate_dual_margin_frontier,0,S01:superiority_replication_confirmation:c0,I,0,0,0,
ppo_release_v0,ppo_release_v1,coordinate_dual_margin_frontier,0,S01:superiority_replication_confirmation:c1,I,3,3,2,0.6666666666666666
ppo_release_v0,ppo_release_v1,coordinate_dual_margin_frontier,0,S01:superiority_replication_confirmation:c2,I,0,0,0,
ppo_release_v0,ppo_release_v1,coordinate_dual_margin_frontier,0,S02:superiority_replication_confirmation:c0,I,2,7,2,1.0
ppo_release_v0,ppo_release_v1,coordinate_dual_margin_frontier,0,S02:superiority_replication_confirmation:c1,I,8,1,0,0.0
ppo_release_v0,ppo_release_v1,coordinate_dual_margin_frontier,0,S02:superiority_replication_confirmation:c2,I,16,1,0,0.0
ppo_release_v0,ppo_release_v1,coordinate_dual_margin_frontier,0,S08:superiority_replication_confirmation:c0,I,0,0,0,
ppo_release_v0,ppo_release_v1,coordinate_dual_margin_frontier,0,S08:superiority_replication_confirmation:c1,I,0,8,0,
ppo_release_v0,ppo_release_v1,coordinate_dual_margin_frontier,0,S08:superiority_replication_confirmation:c2,I,0,0,0,
ppo_release_v0,ppo_release_v1,directed_dual_margin_frontier,0,S01:superiority_replication_confirmation:c0,R,0,1,0,
ppo_release_v0,ppo_release_v1,directed_dual_margin_frontier,0,S01:superiority_replication_confirmation:c1,R,0,4,0,
ppo_release_v0,ppo_release_v1,directed_dual_margin_frontier,0,S01:superiority_replication_confirmation:c2,R,0,1,0,
ppo_release_v0,ppo_release_v1,directed_dual_margin_frontier,0,S02:superiority_replication_confirmation:c0,R,0,2,0,
ppo_release_v0,ppo_release_v1,directed_dual_margin_frontier,0,S02:superiority_replication_confirmation:c1,R,0,0,0,
ppo_release_v0,ppo_release_v1,directed_dual_margin_frontier,0,S02:superiority_replication_confirmation:c2,R,0,0,0,
ppo_release_v0,ppo_release_v1,directed_dual_margin_frontier,0,S08:superiority_replication_confirmation:c0,R,0,1,0,
ppo_release_v0,ppo_release_v1,directed_dual_margin_frontier,0,S08:superiority_replication_confirmation:c1,R,0,10,0,
ppo_release_v0,ppo_release_v1,directed_dual_margin_frontier,0,S08:superiority_replication_confirmation:c2,R,0,1,0,
ppo_release_v0,ppo_release_v1,directed_dual_margin_frontier,0,S01:superiority_replication_confirmation:c0,I,0,0,0,
ppo_release_v0,ppo_release_v1,directed_dual_margin_frontier,0,S01:superiority_replication_confirmation:c1,I,3,6,3,1.0
ppo_release_v0,ppo_release_v1,directed_dual_margin_frontier,0,S01:superiority_replication_confirmation:c2,I,0,0,0,
ppo_release_v0,ppo_release_v1,directed_dual_margin_frontier,0,S02:superiority_replication_confirmation:c0,I,2,3,0,0.0
ppo_release_v0,ppo_release_v1,directed_dual_margin_frontier,0,S02:superiority_replication_confirmation:c1,I,8,1,0,0.0
ppo_release_v0,ppo_release_v1,directed_dual_margin_frontier,0,S02:superiority_replication_confirmation:c2,I,16,1,0,0.0
ppo_release_v0,ppo_release_v1,directed_dual_margin_frontier,0,S08:superiority_replication_confirmation:c0,I,0,0,0,
ppo_release_v0,ppo_release_v1,directed_dual_margin_frontier,0,S08:superiority_replication_confirmation:c1,I,0,9,0,
ppo_release_v0,ppo_release_v1,directed_dual_margin_frontier,0,S08:superiority_replication_confirmation:c2,I,0,0,0,
ppo_release_v0,ppo_release_v1,static_dual_coverage2,0,S01:superiority_replication_confirmation:c0,R,0,1,0,
ppo_release_v0,ppo_release_v1,static_dual_coverage2,0,S01:superiority_replication_confirmation:c1,R,0,12,0,
ppo_release_v0,ppo_release_v1,static_dual_coverage2,0,S01:superiority_replication_confirmation:c2,R,0,1,0,
ppo_release_v0,ppo_release_v1,static_dual_coverage2,0,S02:superiority_replication_confirmation:c0,R,0,2,0,
ppo_release_v0,ppo_release_v1,static_dual_coverage2,0,S02:superiority_replication_confirmation:c1,R,0,0,0,
ppo_release_v0,ppo_release_v1,static_dual_coverage2,0,S02:superiority_replication_confirmation:c2,R,0,0,0,
ppo_release_v0,ppo_release_v1,static_dual_coverage2,0,S08:superiority_replication_confirmation:c0,R,0,1,0,
ppo_release_v0,ppo_release_v1,static_dual_coverage2,0,S08:superiority_replication_confirmation:c1,R,0,2,0,
ppo_release_v0,ppo_release_v1,static_dual_coverage2,0,S08:superiority_replication_confirmation:c2,R,0,1,0,
ppo_release_v0,ppo_release_v1,static_dual_coverage2,0,S01:superiority_replication_confirmation:c0,I,0,0,0,
ppo_release_v0,ppo_release_v1,static_dual_coverage2,0,S01:superiority_replication_confirmation:c1,I,3,2,1,0.3333333333333333
ppo_release_v0,ppo_release_v1,static_dual_coverage2,0,S01:superiority_replication_confirmation:c2,I,0,0,0,
ppo_release_v0,ppo_release_v1,static_dual_coverage2,0,S02:superiority_replication_confirmation:c0,I,2,2,1,0.5
ppo_release_v0,ppo_release_v1,static_dual_coverage2,0,S02:superiority_replication_confirmation:c1,I,8,2,0,0.0
ppo_release_v0,ppo_release_v1,static_dual_coverage2,0,S02:superiority_replication_confirmation:c2,I,16,2,0,0.0
ppo_release_v0,ppo_release_v1,static_dual_coverage2,0,S08:superiority_replication_confirmation:c0,I,0,0,0,
ppo_release_v0,ppo_release_v1,static_dual_coverage2,0,S08:superiority_replication_confirmation:c1,I,0,12,0,
ppo_release_v0,ppo_release_v1,static_dual_coverage2,0,S08:superiority_replication_confirmation:c2,I,0,0,0,
ppo_release_v0,ppo_release_v1,coordinate_dual_local,0,S01:superiority_replication_confirmation:c0,R,0,1,0,
ppo_release_v0,ppo_release_v1,coordinate_dual_local,0,S01:superiority_replication_confirmation:c1,R,0,7,0,
ppo_release_v0,ppo_release_v1,coordinate_dual_local,0,S01:superiority_replication_confirmation:c2,R,0,1,0,
ppo_release_v0,ppo_release_v1,coordinate_dual_local,0,S02:superiority_replication_confirmation:c0,R,0,1,0,
ppo_release_v0,ppo_release_v1,coordinate_dual_local,0,S02:superiority_replication_confirmation:c1,R,0,0,0,
ppo_release_v0,ppo_release_v1,coordinate_dual_local,0,S02:superiority_replication_confirmation:c2,R,0,0,0,
ppo_release_v0,ppo_release_v1,coordinate_dual_local,0,S08:superiority_replication_confirmation:c0,R,0,1,0,
ppo_release_v0,ppo_release_v1,coordinate_dual_local,0,S08:superiority_replication_confirmation:c1,R,0,8,0,
ppo_release_v0,ppo_release_v1,coordinate_dual_local,0,S08:superiority_replication_confirmation:c2,R,0,1,0,
ppo_release_v0,ppo_release_v1,coordinate_dual_local,0,S01:superiority_replication_confirmation:c0,I,0,0,0,
ppo_release_v0,ppo_release_v1,coordinate_dual_local,0,S01:superiority_replication_confirmation:c1,I,3,7,3,1.0
ppo_release_v0,ppo_release_v1,coordinate_dual_local,0,S01:superiority_replication_confirmation:c2,I,0,0,0,
ppo_release_v0,ppo_release_v1,coordinate_dual_local,0,S02:superiority_replication_confirmation:c0,I,2,5,2,1.0
ppo_release_v0,ppo_release_v1,coordinate_dual_local,0,S02:superiority_replication_confirmation:c1,I,8,2,0,0.0
ppo_release_v0,ppo_release_v1,coordinate_dual_local,0,S02:superiority_replication_confirmation:c2,I,16,2,0,0.0
ppo_release_v0,ppo_release_v1,coordinate_dual_local,0,S08:superiority_replication_confirmation:c0,I,0,0,0,
ppo_release_v0,ppo_release_v1,coordinate_dual_local,0,S08:superiority_replication_confirmation:c1,I,0,4,0,
ppo_release_v0,ppo_release_v1,coordinate_dual_local,0,S08:superiority_replication_confirmation:c2,I,0,0,0,
ppo_release_v0,ppo_release_v1,directed_dual_local,0,S01:superiority_replication_confirmation:c0,R,0,1,0,
ppo_release_v0,ppo_release_v1,directed_dual_local,0,S01:superiority_replication_confirmation:c1,R,0,8,0,
ppo_release_v0,ppo_release_v1,directed_dual_local,0,S01:superiority_replication_confirmation:c2,R,0,1,0,
ppo_release_v0,ppo_release_v1,directed_dual_local,0,S02:superiority_replication_confirmation:c0,R,0,1,0,
ppo_release_v0,ppo_release_v1,directed_dual_local,0,S02:superiority_replication_confirmation:c1,R,0,0,0,
ppo_release_v0,ppo_release_v1,directed_dual_local,0,S02:superiority_replication_confirmation:c2,R,0,0,0,
ppo_release_v0,ppo_release_v1,directed_dual_local,0,S08:superiority_replication_confirmation:c0,R,0,1,0,
ppo_release_v0,ppo_release_v1,directed_dual_local,0,S08:superiority_replication_confirmation:c1,R,0,7,0,
ppo_release_v0,ppo_release_v1,directed_dual_local,0,S08:superiority_replication_confirmation:c2,R,0,1,0,
ppo_release_v0,ppo_release_v1,directed_dual_local,0,S01:superiority_replication_confirmation:c0,I,0,0,0,
ppo_release_v0,ppo_release_v1,directed_dual_local,0,S01:superiority_replication_confirmation:c1,I,3,7,3,1.0
ppo_release_v0,ppo_release_v1,directed_dual_local,0,S01:superiority_replication_confirmation:c2,I,0,0,0,
ppo_release_v0,ppo_release_v1,directed_dual_local,0,S02:superiority_replication_confirmation:c0,I,2,5,2,1.0
ppo_release_v0,ppo_release_v1,directed_dual_local,0,S02:superiority_replication_confirmation:c1,I,8,2,0,0.0
ppo_release_v0,ppo_release_v1,directed_dual_local,0,S02:superiority_replication_confirmation:c2,I,16,2,0,0.0
ppo_release_v0,ppo_release_v1,directed_dual_local,0,S08:superiority_replication_confirmation:c0,I,0,0,0,
ppo_release_v0,ppo_release_v1,directed_dual_local,0,S08:superiority_replication_confirmation:c1,I,0,4,0,
ppo_release_v0,ppo_release_v1,directed_dual_local,0,S08:superiority_replication_confirmation:c2,I,0,0,0,
ppo_release_v0,ppo_release_v1,static_majority_coverage2,0,S01:superiority_replication_confirmation:c0,R,0,1,0,
ppo_release_v0,ppo_release_v1,static_majority_coverage2,0,S01:superiority_replication_confirmation:c1,R,0,12,0,
ppo_release_v0,ppo_release_v1,static_majority_coverage2,0,S01:superiority_replication_confirmation:c2,R,0,1,0,
ppo_release_v0,ppo_release_v1,static_majority_coverage2,0,S02:superiority_replication_confirmation:c0,R,0,2,0,
ppo_release_v0,ppo_release_v1,static_majority_coverage2,0,S02:superiority_replication_confirmation:c1,R,0,0,0,
ppo_release_v0,ppo_release_v1,static_majority_coverage2,0,S02:superiority_replication_confirmation:c2,R,0,0,0,
ppo_release_v0,ppo_release_v1,static_majority_coverage2,0,S08:superiority_replication_confirmation:c0,R,0,1,0,
ppo_release_v0,ppo_release_v1,static_majority_coverage2,0,S08:superiority_replication_confirmation:c1,R,0,2,0,
ppo_release_v0,ppo_release_v1,static_majority_coverage2,0,S08:superiority_replication_confirmation:c2,R,0,1,0,
ppo_release_v0,ppo_release_v1,static_majority_coverage2,0,S01:superiority_replication_confirmation:c0,I,0,0,0,
ppo_release_v0,ppo_release_v1,static_majority_coverage2,0,S01:superiority_replication_confirmation:c1,I,3,0,0,0.0
ppo_release_v0,ppo_release_v1,static_majority_coverage2,0,S01:superiority_replication_confirmation:c2,I,0,0,0,
ppo_release_v0,ppo_release_v1,static_majority_coverage2,0,S02:superiority_replication_confirmation:c0,I,2,0,0,0.0
ppo_release_v0,ppo_release_v1,static_majority_coverage2,0,S02:superiority_replication_confirmation:c1,I,8,7,0,0.0
ppo_release_v0,ppo_release_v1,static_majority_coverage2,0,S02:superiority_replication_confirmation:c2,I,16,2,0,0.0
ppo_release_v0,ppo_release_v1,static_majority_coverage2,0,S08:superiority_replication_confirmation:c0,I,0,0,0,
ppo_release_v0,ppo_release_v1,static_majority_coverage2,0,S08:superiority_replication_confirmation:c1,I,0,11,0,
ppo_release_v0,ppo_release_v1,static_majority_coverage2,0,S08:superiority_replication_confirmation:c2,I,0,0,0,
ppo_release_v0,ppo_release_v1,coordinate_majority_local,0,S01:superiority_replication_confirmation:c0,R,0,1,0,
ppo_release_v0,ppo_release_v1,coordinate_majority_local,0,S01:superiority_replication_confirmation:c1,R,0,7,0,
ppo_release_v0,ppo_release_v1,coordinate_majority_local,0,S01:superiority_replication_confirmation:c2,R,0,1,0,
ppo_release_v0,ppo_release_v1,coordinate_majority_local,0,S02:superiority_replication_confirmation:c0,R,0,2,0,
ppo_release_v0,ppo_release_v1,coordinate_majority_local,0,S02:superiority_replication_confirmation:c1,R,0,0,0,
ppo_release_v0,ppo_release_v1,coordinate_majority_local,0,S02:superiority_replication_confirmation:c2,R,0,0,0,
ppo_release_v0,ppo_release_v1,coordinate_majority_local,0,S08:superiority_replication_confirmation:c0,R,0,1,0,
ppo_release_v0,ppo_release_v1,coordinate_majority_local,0,S08:superiority_replication_confirmation:c1,R,0,7,0,
ppo_release_v0,ppo_release_v1,coordinate_majority_local,0,S08:superiority_replication_confirmation:c2,R,0,1,0,
ppo_release_v0,ppo_release_v1,coordinate_majority_local,0,S01:superiority_replication_confirmation:c0,I,0,0,0,
ppo_release_v0,ppo_release_v1,coordinate_majority_local,0,S01:superiority_replication_confirmation:c1,I,3,10,3,1.0
ppo_release_v0,ppo_release_v1,coordinate_majority_local,0,S01:superiority_replication_confirmation:c2,I,0,0,0,
ppo_release_v0,ppo_release_v1,coordinate_majority_local,0,S02:superiority_replication_confirmation:c0,I,2,1,0,0.0
ppo_release_v0,ppo_release_v1,coordinate_majority_local,0,S02:superiority_replication_confirmation:c1,I,8,2,0,0.0
ppo_release_v0,ppo_release_v1,coordinate_majority_local,0,S02:superiority_replication_confirmation:c2,I,16,2,0,0.0
ppo_release_v0,ppo_release_v1,coordinate_majority_local,0,S08:superiority_replication_confirmation:c0,I,0,0,0,
ppo_release_v0,ppo_release_v1,coordinate_majority_local,0,S08:superiority_replication_confirmation:c1,I,0,5,0,
ppo_release_v0,ppo_release_v1,coordinate_majority_local,0,S08:superiority_replication_confirmation:c2,I,0,0,0,
ppo_release_v0,ppo_release_v1,directed_majority_local,0,S01:superiority_replication_confirmation:c0,R,0,1,0,
ppo_release_v0,ppo_release_v1,directed_majority_local,0,S01:superiority_replication_confirmation:c1,R,0,6,0,
ppo_release_v0,ppo_release_v1,directed_majority_local,0,S01:superiority_replication_confirmation:c2,R,0,1,0,
ppo_release_v0,ppo_release_v1,directed_majority_local,0,S02:superiority_replication_confirmation:c0,R,0,2,0,
ppo_release_v0,ppo_release_v1,directed_majority_local,0,S02:superiority_replication_confirmation:c1,R,0,0,0,
ppo_release_v0,ppo_release_v1,directed_majority_local,0,S02:superiority_replication_confirmation:c2,R,0,0,0,
ppo_release_v0,ppo_release_v1,directed_majority_local,0,S08:superiority_replication_confirmation:c0,R,0,1,0,
ppo_release_v0,ppo_release_v1,directed_majority_local,0,S08:superiority_replication_confirmation:c1,R,0,8,0,
ppo_release_v0,ppo_release_v1,directed_majority_local,0,S08:superiority_replication_confirmation:c2,R,0,1,0,
ppo_release_v0,ppo_release_v1,directed_majority_local,0,S01:superiority_replication_confirmation:c0,I,0,0,0,
ppo_release_v0,ppo_release_v1,directed_majority_local,0,S01:superiority_replication_confirmation:c1,I,3,8,3,1.0
ppo_release_v0,ppo_release_v1,directed_majority_local,0,S01:superiority_replication_confirmation:c2,I,0,0,0,
ppo_release_v0,ppo_release_v1,directed_majority_local,0,S02:superiority_replication_confirmation:c0,I,2,1,0,0.0
ppo_release_v0,ppo_release_v1,directed_majority_local,0,S02:superiority_replication_confirmation:c1,I,8,2,0,0.0
ppo_release_v0,ppo_release_v1,directed_majority_local,0,S02:superiority_replication_confirmation:c2,I,16,2,0,0.0
ppo_release_v0,ppo_release_v1,directed_majority_local,0,S08:superiority_replication_confirmation:c0,I,0,0,0,
ppo_release_v0,ppo_release_v1,directed_majority_local,0,S08:superiority_replication_confirmation:c1,I,0,7,0,
ppo_release_v0,ppo_release_v1,directed_majority_local,0,S08:superiority_replication_confirmation:c2,I,0,0,0,
ppo_release_v0,ppo_release_v1,directed_gated_majority,0,S01:superiority_replication_confirmation:c0,R,0,1,0,
ppo_release_v0,ppo_release_v1,directed_gated_majority,0,S01:superiority_replication_confirmation:c1,R,0,4,0,
ppo_release_v0,ppo_release_v1,directed_gated_majority,0,S01:superiority_replication_confirmation:c2,R,0,1,0,
ppo_release_v0,ppo_release_v1,directed_gated_majority,0,S02:superiority_replication_confirmation:c0,R,0,1,0,
ppo_release_v0,ppo_release_v1,directed_gated_majority,0,S02:superiority_replication_confirmation:c1,R,0,0,0,
ppo_release_v0,ppo_release_v1,directed_gated_majority,0,S02:superiority_replication_confirmation:c2,R,0,0,0,
ppo_release_v0,ppo_release_v1,directed_gated_majority,0,S08:superiority_replication_confirmation:c0,R,0,1,0,
ppo_release_v0,ppo_release_v1,directed_gated_majority,0,S08:superiority_replication_confirmation:c1,R,0,11,0,
ppo_release_v0,ppo_release_v1,directed_gated_majority,0,S08:superiority_replication_confirmation:c2,R,0,1,0,
ppo_release_v0,ppo_release_v1,directed_gated_majority,0,S01:superiority_replication_confirmation:c0,I,0,0,0,
ppo_release_v0,ppo_release_v1,directed_gated_majority,0,S01:superiority_replication_confirmation:c1,I,3,6,3,1.0
ppo_release_v0,ppo_release_v1,directed_gated_majority,0,S01:superiority_replication_confirmation:c2,I,0,0,0,
ppo_release_v0,ppo_release_v1,directed_gated_majority,0,S02:superiority_replication_confirmation:c0,I,2,2,0,0.0
ppo_release_v0,ppo_release_v1,directed_gated_majority,0,S02:superiority_replication_confirmation:c1,I,8,2,0,0.0
ppo_release_v0,ppo_release_v1,directed_gated_majority,0,S02:superiority_replication_confirmation:c2,I,16,2,0,0.0
ppo_release_v0,ppo_release_v1,directed_gated_majority,0,S08:superiority_replication_confirmation:c0,I,0,0,0,
ppo_release_v0,ppo_release_v1,directed_gated_majority,0,S08:superiority_replication_confirmation:c1,I,0,8,0,
ppo_release_v0,ppo_release_v1,directed_gated_majority,0,S08:superiority_replication_confirmation:c2,I,0,0,0,
ppo_release_v0,ppo_release_v1,static_role_coverage2,0,S01:superiority_replication_confirmation:c0,R,0,1,0,
ppo_release_v0,ppo_release_v1,static_role_coverage2,0,S01:superiority_replication_confirmation:c1,R,0,12,0,
ppo_release_v0,ppo_release_v1,static_role_coverage2,0,S01:superiority_replication_confirmation:c2,R,0,1,0,
ppo_release_v0,ppo_release_v1,static_role_coverage2,0,S02:superiority_replication_confirmation:c0,R,0,2,0,
ppo_release_v0,ppo_release_v1,static_role_coverage2,0,S02:superiority_replication_confirmation:c1,R,0,0,0,
ppo_release_v0,ppo_release_v1,static_role_coverage2,0,S02:superiority_replication_confirmation:c2,R,0,0,0,
ppo_release_v0,ppo_release_v1,static_role_coverage2,0,S08:superiority_replication_confirmation:c0,R,0,1,0,
ppo_release_v0,ppo_release_v1,static_role_coverage2,0,S08:superiority_replication_confirmation:c1,R,0,2,0,
ppo_release_v0,ppo_release_v1,static_role_coverage2,0,S08:superiority_replication_confirmation:c2,R,0,1,0,
ppo_release_v0,ppo_release_v1,static_role_coverage2,0,S01:superiority_replication_confirmation:c0,I,0,0,0,
ppo_release_v0,ppo_release_v1,static_role_coverage2,0,S01:superiority_replication_confirmation:c1,I,3,0,0,0.0
ppo_release_v0,ppo_release_v1,static_role_coverage2,0,S01:superiority_replication_confirmation:c2,I,0,0,0,
ppo_release_v0,ppo_release_v1,static_role_coverage2,0,S02:superiority_replication_confirmation:c0,I,2,0,0,0.0
ppo_release_v0,ppo_release_v1,static_role_coverage2,0,S02:superiority_replication_confirmation:c1,I,8,7,0,0.0
ppo_release_v0,ppo_release_v1,static_role_coverage2,0,S02:superiority_replication_confirmation:c2,I,16,2,0,0.0
ppo_release_v0,ppo_release_v1,static_role_coverage2,0,S08:superiority_replication_confirmation:c0,I,0,0,0,
ppo_release_v0,ppo_release_v1,static_role_coverage2,0,S08:superiority_replication_confirmation:c1,I,0,11,0,
ppo_release_v0,ppo_release_v1,static_role_coverage2,0,S08:superiority_replication_confirmation:c2,I,0,0,0,
ppo_release_v0,ppo_release_v1,coordinate_role_gated,0,S01:superiority_replication_confirmation:c0,R,0,1,0,
ppo_release_v0,ppo_release_v1,coordinate_role_gated,0,S01:superiority_replication_confirmation:c1,R,0,3,0,
ppo_release_v0,ppo_release_v1,coordinate_role_gated,0,S01:superiority_replication_confirmation:c2,R,0,1,0,
ppo_release_v0,ppo_release_v1,coordinate_role_gated,0,S02:superiority_replication_confirmation:c0,R,0,1,0,
ppo_release_v0,ppo_release_v1,coordinate_role_gated,0,S02:superiority_replication_confirmation:c1,R,0,0,0,
ppo_release_v0,ppo_release_v1,coordinate_role_gated,0,S02:superiority_replication_confirmation:c2,R,0,0,0,
ppo_release_v0,ppo_release_v1,coordinate_role_gated,0,S08:superiority_replication_confirmation:c0,R,0,1,0,
ppo_release_v0,ppo_release_v1,coordinate_role_gated,0,S08:superiority_replication_confirmation:c1,R,0,12,0,
ppo_release_v0,ppo_release_v1,coordinate_role_gated,0,S08:superiority_replication_confirmation:c2,R,0,1,0,
ppo_release_v0,ppo_release_v1,coordinate_role_gated,0,S01:superiority_replication_confirmation:c0,I,0,0,0,
ppo_release_v0,ppo_release_v1,coordinate_role_gated,0,S01:superiority_replication_confirmation:c1,I,3,4,3,1.0
ppo_release_v0,ppo_release_v1,coordinate_role_gated,0,S01:superiority_replication_confirmation:c2,I,0,0,0,
ppo_release_v0,ppo_release_v1,coordinate_role_gated,0,S02:superiority_replication_confirmation:c0,I,2,7,2,1.0
ppo_release_v0,ppo_release_v1,coordinate_role_gated,0,S02:superiority_replication_confirmation:c1,I,8,2,0,0.0
ppo_release_v0,ppo_release_v1,coordinate_role_gated,0,S02:superiority_replication_confirmation:c2,I,16,2,0,0.0
ppo_release_v0,ppo_release_v1,coordinate_role_gated,0,S08:superiority_replication_confirmation:c0,I,0,0,0,
ppo_release_v0,ppo_release_v1,coordinate_role_gated,0,S08:superiority_replication_confirmation:c1,I,0,5,0,
ppo_release_v0,ppo_release_v1,coordinate_role_gated,0,S08:superiority_replication_confirmation:c2,I,0,0,0,
ppo_release_v0,ppo_release_v1,directed_role_gated,0,S01:superiority_replication_confirmation:c0,R,0,1,0,
ppo_release_v0,ppo_release_v1,directed_role_gated,0,S01:superiority_replication_confirmation:c1,R,0,4,0,
ppo_release_v0,ppo_release_v1,directed_role_gated,0,S01:superiority_replication_confirmation:c2,R,0,1,0,
ppo_release_v0,ppo_release_v1,directed_role_gated,0,S02:superiority_replication_confirmation:c0,R,0,1,0,
ppo_release_v0,ppo_release_v1,directed_role_gated,0,S02:superiority_replication_confirmation:c1,R,0,0,0,
ppo_release_v0,ppo_release_v1,directed_role_gated,0,S02:superiority_replication_confirmation:c2,R,0,0,0,
ppo_release_v0,ppo_release_v1,directed_role_gated,0,S08:superiority_replication_confirmation:c0,R,0,1,0,
ppo_release_v0,ppo_release_v1,directed_role_gated,0,S08:superiority_replication_confirmation:c1,R,0,11,0,
ppo_release_v0,ppo_release_v1,directed_role_gated,0,S08:superiority_replication_confirmation:c2,R,0,1,0,
ppo_release_v0,ppo_release_v1,directed_role_gated,0,S01:superiority_replication_confirmation:c0,I,0,0,0,
ppo_release_v0,ppo_release_v1,directed_role_gated,0,S01:superiority_replication_confirmation:c1,I,3,6,3,1.0
ppo_release_v0,ppo_release_v1,directed_role_gated,0,S01:superiority_replication_confirmation:c2,I,0,0,0,
ppo_release_v0,ppo_release_v1,directed_role_gated,0,S02:superiority_replication_confirmation:c0,I,2,2,0,0.0
ppo_release_v0,ppo_release_v1,directed_role_gated,0,S02:superiority_replication_confirmation:c1,I,8,2,0,0.0
ppo_release_v0,ppo_release_v1,directed_role_gated,0,S02:superiority_replication_confirmation:c2,I,16,2,0,0.0
ppo_release_v0,ppo_release_v1,directed_role_gated,0,S08:superiority_replication_confirmation:c0,I,0,0,0,
ppo_release_v0,ppo_release_v1,directed_role_gated,0,S08:superiority_replication_confirmation:c1,I,0,8,0,
ppo_release_v0,ppo_release_v1,directed_role_gated,0,S08:superiority_replication_confirmation:c2,I,0,0,0,
ppo_release_v0,ppo_release_v1,adaptive_role_hybrid,0,S01:superiority_replication_confirmation:c0,R,0,1,0,
ppo_release_v0,ppo_release_v1,adaptive_role_hybrid,0,S01:superiority_replication_confirmation:c1,R,0,12,0,
ppo_release_v0,ppo_release_v1,adaptive_role_hybrid,0,S01:superiority_replication_confirmation:c2,R,0,1,0,
ppo_release_v0,ppo_release_v1,adaptive_role_hybrid,0,S02:superiority_replication_confirmation:c0,R,0,2,0,
ppo_release_v0,ppo_release_v1,adaptive_role_hybrid,0,S02:superiority_replication_confirmation:c1,R,0,0,0,
ppo_release_v0,ppo_release_v1,adaptive_role_hybrid,0,S02:superiority_replication_confirmation:c2,R,0,0,0,
ppo_release_v0,ppo_release_v1,adaptive_role_hybrid,0,S08:superiority_replication_confirmation:c0,R,0,1,0,
ppo_release_v0,ppo_release_v1,adaptive_role_hybrid,0,S08:superiority_replication_confirmation:c1,R,0,2,0,
ppo_release_v0,ppo_release_v1,adaptive_role_hybrid,0,S08:superiority_replication_confirmation:c2,R,0,1,0,
ppo_release_v0,ppo_release_v1,adaptive_role_hybrid,0,S01:superiority_replication_confirmation:c0,I,0,0,0,
ppo_release_v0,ppo_release_v1,adaptive_role_hybrid,0,S01:superiority_replication_confirmation:c1,I,3,0,0,0.0
ppo_release_v0,ppo_release_v1,adaptive_role_hybrid,0,S01:superiority_replication_confirmation:c2,I,0,0,0,
ppo_release_v0,ppo_release_v1,adaptive_role_hybrid,0,S02:superiority_replication_confirmation:c0,I,2,6,2,1.0
ppo_release_v0,ppo_release_v1,adaptive_role_hybrid,0,S02:superiority_replication_confirmation:c1,I,8,2,0,0.0
ppo_release_v0,ppo_release_v1,adaptive_role_hybrid,0,S02:superiority_replication_confirmation:c2,I,16,2,0,0.0
ppo_release_v0,ppo_release_v1,adaptive_role_hybrid,0,S08:superiority_replication_confirmation:c0,I,0,0,0,
ppo_release_v0,ppo_release_v1,adaptive_role_hybrid,0,S08:superiority_replication_confirmation:c1,I,0,10,0,
ppo_release_v0,ppo_release_v1,adaptive_role_hybrid,0,S08:superiority_replication_confirmation:c2,I,0,0,0,
ppo_release_v0,ppo_release_v1,multi_frontier_role,0,S01:superiority_replication_confirmation:c0,R,0,1,0,
ppo_release_v0,ppo_release_v1,multi_frontier_role,0,S01:superiority_replication_confirmation:c1,R,0,4,0,
ppo_release_v0,ppo_release_v1,multi_frontier_role,0,S01:superiority_replication_confirmation:c2,R,0,1,0,
ppo_release_v0,ppo_release_v1,multi_frontier_role,0,S02:superiority_replication_confirmation:c0,R,0,1,0,
ppo_release_v0,ppo_release_v1,multi_frontier_role,0,S02:superiority_replication_confirmation:c1,R,0,0,0,
ppo_release_v0,ppo_release_v1,multi_frontier_role,0,S02:superiority_replication_confirmation:c2,R,0,0,0,
ppo_release_v0,ppo_release_v1,multi_frontier_role,0,S08:superiority_replication_confirmation:c0,R,0,1,0,
ppo_release_v0,ppo_release_v1,multi_frontier_role,0,S08:superiority_replication_confirmation:c1,R,0,11,0,
ppo_release_v0,ppo_release_v1,multi_frontier_role,0,S08:superiority_replication_confirmation:c2,R,0,1,0,
ppo_release_v0,ppo_release_v1,multi_frontier_role,0,S01:superiority_replication_confirmation:c0,I,0,0,0,
ppo_release_v0,ppo_release_v1,multi_frontier_role,0,S01:superiority_replication_confirmation:c1,I,3,6,3,1.0
ppo_release_v0,ppo_release_v1,multi_frontier_role,0,S01:superiority_replication_confirmation:c2,I,0,0,0,
ppo_release_v0,ppo_release_v1,multi_frontier_role,0,S02:superiority_replication_confirmation:c0,I,2,2,0,0.0
ppo_release_v0,ppo_release_v1,multi_frontier_role,0,S02:superiority_replication_confirmation:c1,I,8,2,0,0.0
ppo_release_v0,ppo_release_v1,multi_frontier_role,0,S02:superiority_replication_confirmation:c2,I,16,2,0,0.0
ppo_release_v0,ppo_release_v1,multi_frontier_role,0,S08:superiority_replication_confirmation:c0,I,0,0,0,
ppo_release_v0,ppo_release_v1,multi_frontier_role,0,S08:superiority_replication_confirmation:c1,I,0,8,0,
ppo_release_v0,ppo_release_v1,multi_frontier_role,0,S08:superiority_replication_confirmation:c2,I,0,0,0,
ppo_release_v0,ppo_release_v1,multi_frontier_diversified,0,S01:superiority_replication_confirmation:c0,R,0,1,0,
ppo_release_v0,ppo_release_v1,multi_frontier_diversified,0,S01:superiority_replication_confirmation:c1,R,0,4,0,
ppo_release_v0,ppo_release_v1,multi_frontier_diversified,0,S01:superiority_replication_confirmation:c2,R,0,1,0,
ppo_release_v0,ppo_release_v1,multi_frontier_diversified,0,S02:superiority_replication_confirmation:c0,R,0,1,0,
ppo_release_v0,ppo_release_v1,multi_frontier_diversified,0,S02:superiority_replication_confirmation:c1,R,0,0,0,
ppo_release_v0,ppo_release_v1,multi_frontier_diversified,0,S02:superiority_replication_confirmation:c2,R,0,0,0,
ppo_release_v0,ppo_release_v1,multi_frontier_diversified,0,S08:superiority_replication_confirmation:c0,R,0,1,0,
ppo_release_v0,ppo_release_v1,multi_frontier_diversified,0,S08:superiority_replication_confirmation:c1,R,0,11,0,
ppo_release_v0,ppo_release_v1,multi_frontier_diversified,0,S08:superiority_replication_confirmation:c2,R,0,1,0,
ppo_release_v0,ppo_release_v1,multi_frontier_diversified,0,S01:superiority_replication_confirmation:c0,I,0,0,0,
ppo_release_v0,ppo_release_v1,multi_frontier_diversified,0,S01:superiority_replication_confirmation:c1,I,3,6,3,1.0
ppo_release_v0,ppo_release_v1,multi_frontier_diversified,0,S01:superiority_replication_confirmation:c2,I,0,0,0,
ppo_release_v0,ppo_release_v1,multi_frontier_diversified,0,S02:superiority_replication_confirmation:c0,I,2,2,0,0.0
ppo_release_v0,ppo_release_v1,multi_frontier_diversified,0,S02:superiority_replication_confirmation:c1,I,8,2,0,0.0
ppo_release_v0,ppo_release_v1,multi_frontier_diversified,0,S02:superiority_replication_confirmation:c2,I,16,2,0,0.0
ppo_release_v0,ppo_release_v1,multi_frontier_diversified,0,S08:superiority_replication_confirmation:c0,I,0,0,0,
ppo_release_v0,ppo_release_v1,multi_frontier_diversified,0,S08:superiority_replication_confirmation:c1,I,0,8,0,
ppo_release_v0,ppo_release_v1,multi_frontier_diversified,0,S08:superiority_replication_confirmation:c2,I,0,0,0,
ppo_release_v0,ppo_release_v1,coordinate_multi_frontier,0,S01:superiority_replication_confirmation:c0,R,0,1,0,
ppo_release_v0,ppo_release_v1,coordinate_multi_frontier,0,S01:superiority_replication_confirmation:c1,R,0,3,0,
ppo_release_v0,ppo_release_v1,coordinate_multi_frontier,0,S01:superiority_replication_confirmation:c2,R,0,1,0,
ppo_release_v0,ppo_release_v1,coordinate_multi_frontier,0,S02:superiority_replication_confirmation:c0,R,0,1,0,
ppo_release_v0,ppo_release_v1,coordinate_multi_frontier,0,S02:superiority_replication_confirmation:c1,R,0,0,0,
ppo_release_v0,ppo_release_v1,coordinate_multi_frontier,0,S02:superiority_replication_confirmation:c2,R,0,0,0,
ppo_release_v0,ppo_release_v1,coordinate_multi_frontier,0,S08:superiority_replication_confirmation:c0,R,0,1,0,
ppo_release_v0,ppo_release_v1,coordinate_multi_frontier,0,S08:superiority_replication_confirmation:c1,R,0,12,0,
ppo_release_v0,ppo_release_v1,coordinate_multi_frontier,0,S08:superiority_replication_confirmation:c2,R,0,1,0,
ppo_release_v0,ppo_release_v1,coordinate_multi_frontier,0,S01:superiority_replication_confirmation:c0,I,0,0,0,
ppo_release_v0,ppo_release_v1,coordinate_multi_frontier,0,S01:superiority_replication_confirmation:c1,I,3,4,3,1.0
ppo_release_v0,ppo_release_v1,coordinate_multi_frontier,0,S01:superiority_replication_confirmation:c2,I,0,0,0,
ppo_release_v0,ppo_release_v1,coordinate_multi_frontier,0,S02:superiority_replication_confirmation:c0,I,2,7,2,1.0
ppo_release_v0,ppo_release_v1,coordinate_multi_frontier,0,S02:superiority_replication_confirmation:c1,I,8,2,0,0.0
ppo_release_v0,ppo_release_v1,coordinate_multi_frontier,0,S02:superiority_replication_confirmation:c2,I,16,2,0,0.0
ppo_release_v0,ppo_release_v1,coordinate_multi_frontier,0,S08:superiority_replication_confirmation:c0,I,0,0,0,
ppo_release_v0,ppo_release_v1,coordinate_multi_frontier,0,S08:superiority_replication_confirmation:c1,I,0,5,0,
ppo_release_v0,ppo_release_v1,coordinate_multi_frontier,0,S08:superiority_replication_confirmation:c2,I,0,0,0,
ppo_release_v0,ppo_release_v1,static_role_coverage_latest,0,S01:superiority_replication_confirmation:c0,R,0,1,0,
ppo_release_v0,ppo_release_v1,static_role_coverage_latest,0,S01:superiority_replication_confirmation:c1,R,0,12,0,
ppo_release_v0,ppo_release_v1,static_role_coverage_latest,0,S01:superiority_replication_confirmation:c2,R,0,1,0,
ppo_release_v0,ppo_release_v1,static_role_coverage_latest,0,S02:superiority_replication_confirmation:c0,R,0,2,0,
ppo_release_v0,ppo_release_v1,static_role_coverage_latest,0,S02:superiority_replication_confirmation:c1,R,0,0,0,
ppo_release_v0,ppo_release_v1,static_role_coverage_latest,0,S02:superiority_replication_confirmation:c2,R,0,0,0,
ppo_release_v0,ppo_release_v1,static_role_coverage_latest,0,S08:superiority_replication_confirmation:c0,R,0,1,0,
ppo_release_v0,ppo_release_v1,static_role_coverage_latest,0,S08:superiority_replication_confirmation:c1,R,0,2,0,
ppo_release_v0,ppo_release_v1,static_role_coverage_latest,0,S08:superiority_replication_confirmation:c2,R,0,1,0,
ppo_release_v0,ppo_release_v1,static_role_coverage_latest,0,S01:superiority_replication_confirmation:c0,I,0,0,0,
ppo_release_v0,ppo_release_v1,static_role_coverage_latest,0,S01:superiority_replication_confirmation:c1,I,3,0,0,0.0
ppo_release_v0,ppo_release_v1,static_role_coverage_latest,0,S01:superiority_replication_confirmation:c2,I,0,0,0,
ppo_release_v0,ppo_release_v1,static_role_coverage_latest,0,S02:superiority_replication_confirmation:c0,I,2,7,2,1.0
ppo_release_v0,ppo_release_v1,static_role_coverage_latest,0,S02:superiority_replication_confirmation:c1,I,8,2,0,0.0
ppo_release_v0,ppo_release_v1,static_role_coverage_latest,0,S02:superiority_replication_confirmation:c2,I,16,11,0,0.0
ppo_release_v0,ppo_release_v1,static_role_coverage_latest,0,S08:superiority_replication_confirmation:c0,I,0,0,0,
ppo_release_v0,ppo_release_v1,static_role_coverage_latest,0,S08:superiority_replication_confirmation:c1,I,0,0,0,
ppo_release_v0,ppo_release_v1,static_role_coverage_latest,0,S08:superiority_replication_confirmation:c2,I,0,0,0,
ppo_release_v0,ppo_release_v1,coordinate_role_gated_latest,0,S01:superiority_replication_confirmation:c0,R,0,1,0,
ppo_release_v0,ppo_release_v1,coordinate_role_gated_latest,0,S01:superiority_replication_confirmation:c1,R,0,3,0,
ppo_release_v0,ppo_release_v1,coordinate_role_gated_latest,0,S01:superiority_replication_confirmation:c2,R,0,1,0,
ppo_release_v0,ppo_release_v1,coordinate_role_gated_latest,0,S02:superiority_replication_confirmation:c0,R,0,1,0,
ppo_release_v0,ppo_release_v1,coordinate_role_gated_latest,0,S02:superiority_replication_confirmation:c1,R,0,0,0,
ppo_release_v0,ppo_release_v1,coordinate_role_gated_latest,0,S02:superiority_replication_confirmation:c2,R,0,0,0,
ppo_release_v0,ppo_release_v1,coordinate_role_gated_latest,0,S08:superiority_replication_confirmation:c0,R,0,1,0,
ppo_release_v0,ppo_release_v1,coordinate_role_gated_latest,0,S08:superiority_replication_confirmation:c1,R,0,12,0,
ppo_release_v0,ppo_release_v1,coordinate_role_gated_latest,0,S08:superiority_replication_confirmation:c2,R,0,1,0,
ppo_release_v0,ppo_release_v1,coordinate_role_gated_latest,0,S01:superiority_replication_confirmation:c0,I,0,0,0,
ppo_release_v0,ppo_release_v1,coordinate_role_gated_latest,0,S01:superiority_replication_confirmation:c1,I,3,4,3,1.0
ppo_release_v0,ppo_release_v1,coordinate_role_gated_latest,0,S01:superiority_replication_confirmation:c2,I,0,0,0,
ppo_release_v0,ppo_release_v1,coordinate_role_gated_latest,0,S02:superiority_replication_confirmation:c0,I,2,7,2,1.0
ppo_release_v0,ppo_release_v1,coordinate_role_gated_latest,0,S02:superiority_replication_confirmation:c1,I,8,2,0,0.0
ppo_release_v0,ppo_release_v1,coordinate_role_gated_latest,0,S02:superiority_replication_confirmation:c2,I,16,2,0,0.0
ppo_release_v0,ppo_release_v1,coordinate_role_gated_latest,0,S08:superiority_replication_confirmation:c0,I,0,0,0,
ppo_release_v0,ppo_release_v1,coordinate_role_gated_latest,0,S08:superiority_replication_confirmation:c1,I,0,5,0,
ppo_release_v0,ppo_release_v1,coordinate_role_gated_latest,0,S08:superiority_replication_confirmation:c2,I,0,0,0,
ppo_release_v0,ppo_release_v1,directed_role_gated_latest,0,S01:superiority_replication_confirmation:c0,R,0,1,0,
ppo_release_v0,ppo_release_v1,directed_role_gated_latest,0,S01:superiority_replication_confirmation:c1,R,0,4,0,
ppo_release_v0,ppo_release_v1,directed_role_gated_latest,0,S01:superiority_replication_confirmation:c2,R,0,1,0,
ppo_release_v0,ppo_release_v1,directed_role_gated_latest,0,S02:superiority_replication_confirmation:c0,R,0,1,0,
ppo_release_v0,ppo_release_v1,directed_role_gated_latest,0,S02:superiority_replication_confirmation:c1,R,0,0,0,
ppo_release_v0,ppo_release_v1,directed_role_gated_latest,0,S02:superiority_replication_confirmation:c2,R,0,0,0,
ppo_release_v0,ppo_release_v1,directed_role_gated_latest,0,S08:superiority_replication_confirmation:c0,R,0,1,0,
ppo_release_v0,ppo_release_v1,directed_role_gated_latest,0,S08:superiority_replication_confirmation:c1,R,0,11,0,
ppo_release_v0,ppo_release_v1,directed_role_gated_latest,0,S08:superiority_replication_confirmation:c2,R,0,1,0,
ppo_release_v0,ppo_release_v1,directed_role_gated_latest,0,S01:superiority_replication_confirmation:c0,I,0,0,0,
ppo_release_v0,ppo_release_v1,directed_role_gated_latest,0,S01:superiority_replication_confirmation:c1,I,3,6,3,1.0
ppo_release_v0,ppo_release_v1,directed_role_gated_latest,0,S01:superiority_replication_confirmation:c2,I,0,0,0,
ppo_release_v0,ppo_release_v1,directed_role_gated_latest,0,S02:superiority_replication_confirmation:c0,I,2,2,0,0.0
ppo_release_v0,ppo_release_v1,directed_role_gated_latest,0,S02:superiority_replication_confirmation:c1,I,8,2,0,0.0
ppo_release_v0,ppo_release_v1,directed_role_gated_latest,0,S02:superiority_replication_confirmation:c2,I,16,2,0,0.0
ppo_release_v0,ppo_release_v1,directed_role_gated_latest,0,S08:superiority_replication_confirmation:c0,I,0,0,0,
ppo_release_v0,ppo_release_v1,directed_role_gated_latest,0,S08:superiority_replication_confirmation:c1,I,0,8,0,
ppo_release_v0,ppo_release_v1,directed_role_gated_latest,0,S08:superiority_replication_confirmation:c2,I,0,0,0,
ppo_release_v0,ppo_release_v1,static_role_coverage_span,0,S01:superiority_replication_confirmation:c0,R,0,1,0,
ppo_release_v0,ppo_release_v1,static_role_coverage_span,0,S01:superiority_replication_confirmation:c1,R,0,12,0,
ppo_release_v0,ppo_release_v1,static_role_coverage_span,0,S01:superiority_replication_confirmation:c2,R,0,1,0,
ppo_release_v0,ppo_release_v1,static_role_coverage_span,0,S02:superiority_replication_confirmation:c0,R,0,2,0,
ppo_release_v0,ppo_release_v1,static_role_coverage_span,0,S02:superiority_replication_confirmation:c1,R,0,0,0,
ppo_release_v0,ppo_release_v1,static_role_coverage_span,0,S02:superiority_replication_confirmation:c2,R,0,0,0,
ppo_release_v0,ppo_release_v1,static_role_coverage_span,0,S08:superiority_replication_confirmation:c0,R,0,1,0,
ppo_release_v0,ppo_release_v1,static_role_coverage_span,0,S08:superiority_replication_confirmation:c1,R,0,2,0,
ppo_release_v0,ppo_release_v1,static_role_coverage_span,0,S08:superiority_replication_confirmation:c2,R,0,1,0,
ppo_release_v0,ppo_release_v1,static_role_coverage_span,0,S01:superiority_replication_confirmation:c0,I,0,0,0,
ppo_release_v0,ppo_release_v1,static_role_coverage_span,0,S01:superiority_replication_confirmation:c1,I,3,0,0,0.0
ppo_release_v0,ppo_release_v1,static_role_coverage_span,0,S01:superiority_replication_confirmation:c2,I,0,0,0,
ppo_release_v0,ppo_release_v1,static_role_coverage_span,0,S02:superiority_replication_confirmation:c0,I,2,0,0,0.0
ppo_release_v0,ppo_release_v1,static_role_coverage_span,0,S02:superiority_replication_confirmation:c1,I,8,7,0,0.0
ppo_release_v0,ppo_release_v1,static_role_coverage_span,0,S02:superiority_replication_confirmation:c2,I,16,2,0,0.0
ppo_release_v0,ppo_release_v1,static_role_coverage_span,0,S08:superiority_replication_confirmation:c0,I,0,0,0,
ppo_release_v0,ppo_release_v1,static_role_coverage_span,0,S08:superiority_replication_confirmation:c1,I,0,11,0,
ppo_release_v0,ppo_release_v1,static_role_coverage_span,0,S08:superiority_replication_confirmation:c2,I,0,0,0,
ppo_release_v0,ppo_release_v1,coordinate_role_gated_span,0,S01:superiority_replication_confirmation:c0,R,0,1,0,
ppo_release_v0,ppo_release_v1,coordinate_role_gated_span,0,S01:superiority_replication_confirmation:c1,R,0,3,0,
ppo_release_v0,ppo_release_v1,coordinate_role_gated_span,0,S01:superiority_replication_confirmation:c2,R,0,1,0,
ppo_release_v0,ppo_release_v1,coordinate_role_gated_span,0,S02:superiority_replication_confirmation:c0,R,0,1,0,
ppo_release_v0,ppo_release_v1,coordinate_role_gated_span,0,S02:superiority_replication_confirmation:c1,R,0,0,0,
ppo_release_v0,ppo_release_v1,coordinate_role_gated_span,0,S02:superiority_replication_confirmation:c2,R,0,0,0,
ppo_release_v0,ppo_release_v1,coordinate_role_gated_span,0,S08:superiority_replication_confirmation:c0,R,0,1,0,
ppo_release_v0,ppo_release_v1,coordinate_role_gated_span,0,S08:superiority_replication_confirmation:c1,R,0,12,0,
ppo_release_v0,ppo_release_v1,coordinate_role_gated_span,0,S08:superiority_replication_confirmation:c2,R,0,1,0,
ppo_release_v0,ppo_release_v1,coordinate_role_gated_span,0,S01:superiority_replication_confirmation:c0,I,0,0,0,
ppo_release_v0,ppo_release_v1,coordinate_role_gated_span,0,S01:superiority_replication_confirmation:c1,I,3,4,3,1.0
ppo_release_v0,ppo_release_v1,coordinate_role_gated_span,0,S01:superiority_replication_confirmation:c2,I,0,0,0,
ppo_release_v0,ppo_release_v1,coordinate_role_gated_span,0,S02:superiority_replication_confirmation:c0,I,2,7,2,1.0
ppo_release_v0,ppo_release_v1,coordinate_role_gated_span,0,S02:superiority_replication_confirmation:c1,I,8,2,0,0.0
ppo_release_v0,ppo_release_v1,coordinate_role_gated_span,0,S02:superiority_replication_confirmation:c2,I,16,2,0,0.0
ppo_release_v0,ppo_release_v1,coordinate_role_gated_span,0,S08:superiority_replication_confirmation:c0,I,0,0,0,
ppo_release_v0,ppo_release_v1,coordinate_role_gated_span,0,S08:superiority_replication_confirmation:c1,I,0,5,0,
ppo_release_v0,ppo_release_v1,coordinate_role_gated_span,0,S08:superiority_replication_confirmation:c2,I,0,0,0,
ppo_release_v0,ppo_release_v1,directed_role_gated_span,0,S01:superiority_replication_confirmation:c0,R,0,1,0,
ppo_release_v0,ppo_release_v1,directed_role_gated_span,0,S01:superiority_replication_confirmation:c1,R,0,4,0,
ppo_release_v0,ppo_release_v1,directed_role_gated_span,0,S01:superiority_replication_confirmation:c2,R,0,1,0,
ppo_release_v0,ppo_release_v1,directed_role_gated_span,0,S02:superiority_replication_confirmation:c0,R,0,1,0,
ppo_release_v0,ppo_release_v1,directed_role_gated_span,0,S02:superiority_replication_confirmation:c1,R,0,0,0,
ppo_release_v0,ppo_release_v1,directed_role_gated_span,0,S02:superiority_replication_confirmation:c2,R,0,0,0,
ppo_release_v0,ppo_release_v1,directed_role_gated_span,0,S08:superiority_replication_confirmation:c0,R,0,1,0,
ppo_release_v0,ppo_release_v1,directed_role_gated_span,0,S08:superiority_replication_confirmation:c1,R,0,11,0,
ppo_release_v0,ppo_release_v1,directed_role_gated_span,0,S08:superiority_replication_confirmation:c2,R,0,1,0,
ppo_release_v0,ppo_release_v1,directed_role_gated_span,0,S01:superiority_replication_confirmation:c0,I,0,0,0,
ppo_release_v0,ppo_release_v1,directed_role_gated_span,0,S01:superiority_replication_confirmation:c1,I,3,6,3,1.0
ppo_release_v0,ppo_release_v1,directed_role_gated_span,0,S01:superiority_replication_confirmation:c2,I,0,0,0,
ppo_release_v0,ppo_release_v1,directed_role_gated_span,0,S02:superiority_replication_confirmation:c0,I,2,2,0,0.0
ppo_release_v0,ppo_release_v1,directed_role_gated_span,0,S02:superiority_replication_confirmation:c1,I,8,2,0,0.0
ppo_release_v0,ppo_release_v1,directed_role_gated_span,0,S02:superiority_replication_confirmation:c2,I,16,2,0,0.0
ppo_release_v0,ppo_release_v1,directed_role_gated_span,0,S08:superiority_replication_confirmation:c0,I,0,0,0,
ppo_release_v0,ppo_release_v1,directed_role_gated_span,0,S08:superiority_replication_confirmation:c1,I,0,8,0,
ppo_release_v0,ppo_release_v1,directed_role_gated_span,0,S08:superiority_replication_confirmation:c2,I,0,0,0,
ppo_release_v0,ppo_release_v1,directed_role_gated_edges,0,S01:superiority_replication_confirmation:c0,R,0,1,0,
ppo_release_v0,ppo_release_v1,directed_role_gated_edges,0,S01:superiority_replication_confirmation:c1,R,0,4,0,
ppo_release_v0,ppo_release_v1,directed_role_gated_edges,0,S01:superiority_replication_confirmation:c2,R,0,1,0,
ppo_release_v0,ppo_release_v1,directed_role_gated_edges,0,S02:superiority_replication_confirmation:c0,R,0,1,0,
ppo_release_v0,ppo_release_v1,directed_role_gated_edges,0,S02:superiority_replication_confirmation:c1,R,0,0,0,
ppo_release_v0,ppo_release_v1,directed_role_gated_edges,0,S02:superiority_replication_confirmation:c2,R,0,0,0,
ppo_release_v0,ppo_release_v1,directed_role_gated_edges,0,S08:superiority_replication_confirmation:c0,R,0,1,0,
ppo_release_v0,ppo_release_v1,directed_role_gated_edges,0,S08:superiority_replication_confirmation:c1,R,0,11,0,
ppo_release_v0,ppo_release_v1,directed_role_gated_edges,0,S08:superiority_replication_confirmation:c2,R,0,1,0,
ppo_release_v0,ppo_release_v1,directed_role_gated_edges,0,S01:superiority_replication_confirmation:c0,I,0,0,0,
ppo_release_v0,ppo_release_v1,directed_role_gated_edges,0,S01:superiority_replication_confirmation:c1,I,3,6,3,1.0
ppo_release_v0,ppo_release_v1,directed_role_gated_edges,0,S01:superiority_replication_confirmation:c2,I,0,0,0,
ppo_release_v0,ppo_release_v1,directed_role_gated_edges,0,S02:superiority_replication_confirmation:c0,I,2,2,0,0.0
ppo_release_v0,ppo_release_v1,directed_role_gated_edges,0,S02:superiority_replication_confirmation:c1,I,8,2,0,0.0
ppo_release_v0,ppo_release_v1,directed_role_gated_edges,0,S02:superiority_replication_confirmation:c2,I,16,2,0,0.0
ppo_release_v0,ppo_release_v1,directed_role_gated_edges,0,S08:superiority_replication_confirmation:c0,I,0,0,0,
ppo_release_v0,ppo_release_v1,directed_role_gated_edges,0,S08:superiority_replication_confirmation:c1,I,0,8,0,
ppo_release_v0,ppo_release_v1,directed_role_gated_edges,0,S08:superiority_replication_confirmation:c2,I,0,0,0,
ppo_release_v1,ppo_release_v2,random,0,S01:superiority_replication_confirmation:c0,R,0,5,0,
ppo_release_v1,ppo_release_v2,random,0,S01:superiority_replication_confirmation:c1,R,0,1,0,
ppo_release_v1,ppo_release_v2,random,0,S01:superiority_replication_confirmation:c2,R,0,5,0,
ppo_release_v1,ppo_release_v2,random,0,S02:superiority_replication_confirmation:c0,R,0,3,0,
ppo_release_v1,ppo_release_v2,random,0,S02:superiority_replication_confirmation:c1,R,3,0,0,0.0
ppo_release_v1,ppo_release_v2,random,0,S02:superiority_replication_confirmation:c2,R,4,1,0,0.0
ppo_release_v1,ppo_release_v2,random,0,S08:superiority_replication_confirmation:c0,R,0,1,0,
ppo_release_v1,ppo_release_v2,random,0,S08:superiority_replication_confirmation:c1,R,0,3,0,
ppo_release_v1,ppo_release_v2,random,0,S08:superiority_replication_confirmation:c2,R,0,1,0,
ppo_release_v1,ppo_release_v2,random,0,S01:superiority_replication_confirmation:c0,I,0,0,0,
ppo_release_v1,ppo_release_v2,random,0,S01:superiority_replication_confirmation:c1,I,0,3,0,
ppo_release_v1,ppo_release_v2,random,0,S01:superiority_replication_confirmation:c2,I,0,0,0,
ppo_release_v1,ppo_release_v2,random,0,S02:superiority_replication_confirmation:c0,I,3,1,1,0.3333333333333333
ppo_release_v1,ppo_release_v2,random,0,S02:superiority_replication_confirmation:c1,I,12,10,2,0.16666666666666666
ppo_release_v1,ppo_release_v2,random,0,S02:superiority_replication_confirmation:c2,I,18,5,0,0.0
ppo_release_v1,ppo_release_v2,random,0,S08:superiority_replication_confirmation:c0,I,0,0,0,
ppo_release_v1,ppo_release_v2,random,0,S08:superiority_replication_confirmation:c1,I,0,1,0,
ppo_release_v1,ppo_release_v2,random,0,S08:superiority_replication_confirmation:c2,I,0,0,0,
ppo_release_v1,ppo_release_v2,random,1,S01:superiority_replication_confirmation:c0,R,0,1,0,
ppo_release_v1,ppo_release_v2,random,1,S01:superiority_replication_confirmation:c1,R,0,2,0,
ppo_release_v1,ppo_release_v2,random,1,S01:superiority_replication_confirmation:c2,R,0,5,0,
ppo_release_v1,ppo_release_v2,random,1,S02:superiority_replication_confirmation:c0,R,0,4,0,
ppo_release_v1,ppo_release_v2,random,1,S02:superiority_replication_confirmation:c1,R,3,1,0,0.0
ppo_release_v1,ppo_release_v2,random,1,S02:superiority_replication_confirmation:c2,R,4,1,0,0.0
ppo_release_v1,ppo_release_v2,random,1,S08:superiority_replication_confirmation:c0,R,0,3,0,
ppo_release_v1,ppo_release_v2,random,1,S08:superiority_replication_confirmation:c1,R,0,2,0,
ppo_release_v1,ppo_release_v2,random,1,S08:superiority_replication_confirmation:c2,R,0,1,0,
ppo_release_v1,ppo_release_v2,random,1,S01:superiority_replication_confirmation:c0,I,0,0,0,
ppo_release_v1,ppo_release_v2,random,1,S01:superiority_replication_confirmation:c1,I,0,0,0,
ppo_release_v1,ppo_release_v2,random,1,S01:superiority_replication_confirmation:c2,I,0,0,0,
ppo_release_v1,ppo_release_v2,random,1,S02:superiority_replication_confirmation:c0,I,3,0,0,0.0
ppo_release_v1,ppo_release_v2,random,1,S02:superiority_replication_confirmation:c1,I,12,7,1,0.08333333333333333
ppo_release_v1,ppo_release_v2,random,1,S02:superiority_replication_confirmation:c2,I,18,8,2,0.1111111111111111
ppo_release_v1,ppo_release_v2,random,1,S08:superiority_replication_confirmation:c0,I,0,0,0,
ppo_release_v1,ppo_release_v2,random,1,S08:superiority_replication_confirmation:c1,I,0,5,0,
ppo_release_v1,ppo_release_v2,random,1,S08:superiority_replication_confirmation:c2,I,0,0,0,
ppo_release_v1,ppo_release_v2,random,2,S01:superiority_replication_confirmation:c0,R,0,3,0,
ppo_release_v1,ppo_release_v2,random,2,S01:superiority_replication_confirmation:c1,R,0,3,0,
ppo_release_v1,ppo_release_v2,random,2,S01:superiority_replication_confirmation:c2,R,0,2,0,
ppo_release_v1,ppo_release_v2,random,2,S02:superiority_replication_confirmation:c0,R,0,5,0,
ppo_release_v1,ppo_release_v2,random,2,S02:superiority_replication_confirmation:c1,R,3,0,0,0.0
ppo_release_v1,ppo_release_v2,random,2,S02:superiority_replication_confirmation:c2,R,4,1,0,0.0
ppo_release_v1,ppo_release_v2,random,2,S08:superiority_replication_confirmation:c0,R,0,2,0,
ppo_release_v1,ppo_release_v2,random,2,S08:superiority_replication_confirmation:c1,R,0,1,0,
ppo_release_v1,ppo_release_v2,random,2,S08:superiority_replication_confirmation:c2,R,0,3,0,
ppo_release_v1,ppo_release_v2,random,2,S01:superiority_replication_confirmation:c0,I,0,0,0,
ppo_release_v1,ppo_release_v2,random,2,S01:superiority_replication_confirmation:c1,I,0,1,0,
ppo_release_v1,ppo_release_v2,random,2,S01:superiority_replication_confirmation:c2,I,0,0,0,
ppo_release_v1,ppo_release_v2,random,2,S02:superiority_replication_confirmation:c0,I,3,0,0,0.0
ppo_release_v1,ppo_release_v2,random,2,S02:superiority_replication_confirmation:c1,I,12,9,0,0.0
ppo_release_v1,ppo_release_v2,random,2,S02:superiority_replication_confirmation:c2,I,18,6,1,0.05555555555555555
ppo_release_v1,ppo_release_v2,random,2,S08:superiority_replication_confirmation:c0,I,0,0,0,
ppo_release_v1,ppo_release_v2,random,2,S08:superiority_replication_confirmation:c1,I,0,4,0,
ppo_release_v1,ppo_release_v2,random,2,S08:superiority_replication_confirmation:c2,I,0,0,0,
ppo_release_v1,ppo_release_v2,random,3,S01:superiority_replication_confirmation:c0,R,0,2,0,
ppo_release_v1,ppo_release_v2,random,3,S01:superiority_replication_confirmation:c1,R,0,1,0,
ppo_release_v1,ppo_release_v2,random,3,S01:superiority_replication_confirmation:c2,R,0,4,0,
ppo_release_v1,ppo_release_v2,random,3,S02:superiority_replication_confirmation:c0,R,0,3,0,
ppo_release_v1,ppo_release_v2,random,3,S02:superiority_replication_confirmation:c1,R,3,1,0,0.0
ppo_release_v1,ppo_release_v2,random,3,S02:superiority_replication_confirmation:c2,R,4,2,1,0.25
ppo_release_v1,ppo_release_v2,random,3,S08:superiority_replication_confirmation:c0,R,0,1,0,
ppo_release_v1,ppo_release_v2,random,3,S08:superiority_replication_confirmation:c1,R,0,1,0,
ppo_release_v1,ppo_release_v2,random,3,S08:superiority_replication_confirmation:c2,R,0,5,0,
ppo_release_v1,ppo_release_v2,random,3,S01:superiority_replication_confirmation:c0,I,0,0,0,
ppo_release_v1,ppo_release_v2,random,3,S01:superiority_replication_confirmation:c1,I,0,3,0,
ppo_release_v1,ppo_release_v2,random,3,S01:superiority_replication_confirmation:c2,I,0,0,0,
ppo_release_v1,ppo_release_v2,random,3,S02:superiority_replication_confirmation:c0,I,3,0,0,0.0
ppo_release_v1,ppo_release_v2,random,3,S02:superiority_replication_confirmation:c1,I,12,9,1,0.08333333333333333
ppo_release_v1,ppo_release_v2,random,3,S02:superiority_replication_confirmation:c2,I,18,7,1,0.05555555555555555
ppo_release_v1,ppo_release_v2,random,3,S08:superiority_replication_confirmation:c0,I,0,0,0,
ppo_release_v1,ppo_release_v2,random,3,S08:superiority_replication_confirmation:c1,I,0,1,0,
ppo_release_v1,ppo_release_v2,random,3,S08:superiority_replication_confirmation:c2,I,0,0,0,
ppo_release_v1,ppo_release_v2,random,4,S01:superiority_replication_confirmation:c0,R,0,4,0,
ppo_release_v1,ppo_release_v2,random,4,S01:superiority_replication_confirmation:c1,R,0,6,0,
ppo_release_v1,ppo_release_v2,random,4,S01:superiority_replication_confirmation:c2,R,0,4,0,
ppo_release_v1,ppo_release_v2,random,4,S02:superiority_replication_confirmation:c0,R,0,0,0,
ppo_release_v1,ppo_release_v2,random,4,S02:superiority_replication_confirmation:c1,R,3,0,0,0.0
ppo_release_v1,ppo_release_v2,random,4,S02:superiority_replication_confirmation:c2,R,4,0,0,0.0
ppo_release_v1,ppo_release_v2,random,4,S08:superiority_replication_confirmation:c0,R,0,1,0,
ppo_release_v1,ppo_release_v2,random,4,S08:superiority_replication_confirmation:c1,R,0,2,0,
ppo_release_v1,ppo_release_v2,random,4,S08:superiority_replication_confirmation:c2,R,0,3,0,
ppo_release_v1,ppo_release_v2,random,4,S01:superiority_replication_confirmation:c0,I,0,0,0,
ppo_release_v1,ppo_release_v2,random,4,S01:superiority_replication_confirmation:c1,I,0,2,0,
ppo_release_v1,ppo_release_v2,random,4,S01:superiority_replication_confirmation:c2,I,0,0,0,
ppo_release_v1,ppo_release_v2,random,4,S02:superiority_replication_confirmation:c0,I,3,0,0,0.0
ppo_release_v1,ppo_release_v2,random,4,S02:superiority_replication_confirmation:c1,I,12,6,1,0.08333333333333333
ppo_release_v1,ppo_release_v2,random,4,S02:superiority_replication_confirmation:c2,I,18,10,1,0.05555555555555555
ppo_release_v1,ppo_release_v2,random,4,S08:superiority_replication_confirmation:c0,I,0,0,0,
ppo_release_v1,ppo_release_v2,random,4,S08:superiority_replication_confirmation:c1,I,0,2,0,
ppo_release_v1,ppo_release_v2,random,4,S08:superiority_replication_confirmation:c2,I,0,0,0,
ppo_release_v1,ppo_release_v2,random,5,S01:superiority_replication_confirmation:c0,R,0,1,0,
ppo_release_v1,ppo_release_v2,random,5,S01:superiority_replication_confirmation:c1,R,0,2,0,
ppo_release_v1,ppo_release_v2,random,5,S01:superiority_replication_confirmation:c2,R,0,4,0,
ppo_release_v1,ppo_release_v2,random,5,S02:superiority_replication_confirmation:c0,R,0,4,0,
ppo_release_v1,ppo_release_v2,random,5,S02:superiority_replication_confirmation:c1,R,3,0,0,0.0
ppo_release_v1,ppo_release_v2,random,5,S02:superiority_replication_confirmation:c2,R,4,0,0,0.0
ppo_release_v1,ppo_release_v2,random,5,S08:superiority_replication_confirmation:c0,R,0,3,0,
ppo_release_v1,ppo_release_v2,random,5,S08:superiority_replication_confirmation:c1,R,0,2,0,
ppo_release_v1,ppo_release_v2,random,5,S08:superiority_replication_confirmation:c2,R,0,4,0,
ppo_release_v1,ppo_release_v2,random,5,S01:superiority_replication_confirmation:c0,I,0,0,0,
ppo_release_v1,ppo_release_v2,random,5,S01:superiority_replication_confirmation:c1,I,0,2,0,
ppo_release_v1,ppo_release_v2,random,5,S01:superiority_replication_confirmation:c2,I,0,0,0,
ppo_release_v1,ppo_release_v2,random,5,S02:superiority_replication_confirmation:c0,I,3,0,0,0.0
ppo_release_v1,ppo_release_v2,random,5,S02:superiority_replication_confirmation:c1,I,12,8,1,0.08333333333333333
ppo_release_v1,ppo_release_v2,random,5,S02:superiority_replication_confirmation:c2,I,18,6,1,0.05555555555555555
ppo_release_v1,ppo_release_v2,random,5,S08:superiority_replication_confirmation:c0,I,0,0,0,
ppo_release_v1,ppo_release_v2,random,5,S08:superiority_replication_confirmation:c1,I,0,4,0,
ppo_release_v1,ppo_release_v2,random,5,S08:superiority_replication_confirmation:c2,I,0,0,0,
ppo_release_v1,ppo_release_v2,random,6,S01:superiority_replication_confirmation:c0,R,0,3,0,
ppo_release_v1,ppo_release_v2,random,6,S01:superiority_replication_confirmation:c1,R,0,1,0,
ppo_release_v1,ppo_release_v2,random,6,S01:superiority_replication_confirmation:c2,R,0,1,0,
ppo_release_v1,ppo_release_v2,random,6,S02:superiority_replication_confirmation:c0,R,0,5,0,
ppo_release_v1,ppo_release_v2,random,6,S02:superiority_replication_confirmation:c1,R,3,0,0,0.0
ppo_release_v1,ppo_release_v2,random,6,S02:superiority_replication_confirmation:c2,R,4,0,0,0.0
ppo_release_v1,ppo_release_v2,random,6,S08:superiority_replication_confirmation:c0,R,0,4,0,
ppo_release_v1,ppo_release_v2,random,6,S08:superiority_replication_confirmation:c1,R,0,4,0,
ppo_release_v1,ppo_release_v2,random,6,S08:superiority_replication_confirmation:c2,R,0,2,0,
ppo_release_v1,ppo_release_v2,random,6,S01:superiority_replication_confirmation:c0,I,0,0,0,
ppo_release_v1,ppo_release_v2,random,6,S01:superiority_replication_confirmation:c1,I,0,1,0,
ppo_release_v1,ppo_release_v2,random,6,S01:superiority_replication_confirmation:c2,I,0,0,0,
ppo_release_v1,ppo_release_v2,random,6,S02:superiority_replication_confirmation:c0,I,3,1,0,0.0
ppo_release_v1,ppo_release_v2,random,6,S02:superiority_replication_confirmation:c1,I,12,9,0,0.0
ppo_release_v1,ppo_release_v2,random,6,S02:superiority_replication_confirmation:c2,I,18,8,0,0.0
ppo_release_v1,ppo_release_v2,random,6,S08:superiority_replication_confirmation:c0,I,0,0,0,
ppo_release_v1,ppo_release_v2,random,6,S08:superiority_replication_confirmation:c1,I,0,1,0,
ppo_release_v1,ppo_release_v2,random,6,S08:superiority_replication_confirmation:c2,I,0,0,0,
ppo_release_v1,ppo_release_v2,random,7,S01:superiority_replication_confirmation:c0,R,0,4,0,
ppo_release_v1,ppo_release_v2,random,7,S01:superiority_replication_confirmation:c1,R,0,2,0,
ppo_release_v1,ppo_release_v2,random,7,S01:superiority_replication_confirmation:c2,R,0,2,0,
ppo_release_v1,ppo_release_v2,random,7,S02:superiority_replication_confirmation:c0,R,0,0,0,
ppo_release_v1,ppo_release_v2,random,7,S02:superiority_replication_confirmation:c1,R,3,0,0,0.0
ppo_release_v1,ppo_release_v2,random,7,S02:superiority_replication_confirmation:c2,R,4,0,0,0.0
ppo_release_v1,ppo_release_v2,random,7,S08:superiority_replication_confirmation:c0,R,0,2,0,
ppo_release_v1,ppo_release_v2,random,7,S08:superiority_replication_confirmation:c1,R,0,4,0,
ppo_release_v1,ppo_release_v2,random,7,S08:superiority_replication_confirmation:c2,R,0,6,0,
ppo_release_v1,ppo_release_v2,random,7,S01:superiority_replication_confirmation:c0,I,0,0,0,
ppo_release_v1,ppo_release_v2,random,7,S01:superiority_replication_confirmation:c1,I,0,1,0,
ppo_release_v1,ppo_release_v2,random,7,S01:superiority_replication_confirmation:c2,I,0,0,0,
ppo_release_v1,ppo_release_v2,random,7,S02:superiority_replication_confirmation:c0,I,3,1,0,0.0
ppo_release_v1,ppo_release_v2,random,7,S02:superiority_replication_confirmation:c1,I,12,10,2,0.16666666666666666
ppo_release_v1,ppo_release_v2,random,7,S02:superiority_replication_confirmation:c2,I,18,7,2,0.1111111111111111
ppo_release_v1,ppo_release_v2,random,7,S08:superiority_replication_confirmation:c0,I,0,0,0,
ppo_release_v1,ppo_release_v2,random,7,S08:superiority_replication_confirmation:c1,I,0,1,0,
ppo_release_v1,ppo_release_v2,random,7,S08:superiority_replication_confirmation:c2,I,0,0,0,
ppo_release_v1,ppo_release_v2,random,8,S01:superiority_replication_confirmation:c0,R,0,4,0,
ppo_release_v1,ppo_release_v2,random,8,S01:superiority_replication_confirmation:c1,R,0,3,0,
ppo_release_v1,ppo_release_v2,random,8,S01:superiority_replication_confirmation:c2,R,0,1,0,
ppo_release_v1,ppo_release_v2,random,8,S02:superiority_replication_confirmation:c0,R,0,3,0,
ppo_release_v1,ppo_release_v2,random,8,S02:superiority_replication_confirmation:c1,R,3,2,1,0.3333333333333333
ppo_release_v1,ppo_release_v2,random,8,S02:superiority_replication_confirmation:c2,R,4,0,0,0.0
ppo_release_v1,ppo_release_v2,random,8,S08:superiority_replication_confirmation:c0,R,0,4,0,
ppo_release_v1,ppo_release_v2,random,8,S08:superiority_replication_confirmation:c1,R,0,1,0,
ppo_release_v1,ppo_release_v2,random,8,S08:superiority_replication_confirmation:c2,R,0,2,0,
ppo_release_v1,ppo_release_v2,random,8,S01:superiority_replication_confirmation:c0,I,0,0,0,
ppo_release_v1,ppo_release_v2,random,8,S01:superiority_replication_confirmation:c1,I,0,1,0,
ppo_release_v1,ppo_release_v2,random,8,S01:superiority_replication_confirmation:c2,I,0,0,0,
ppo_release_v1,ppo_release_v2,random,8,S02:superiority_replication_confirmation:c0,I,3,1,0,0.0
ppo_release_v1,ppo_release_v2,random,8,S02:superiority_replication_confirmation:c1,I,12,6,1,0.08333333333333333
ppo_release_v1,ppo_release_v2,random,8,S02:superiority_replication_confirmation:c2,I,18,8,0,0.0
ppo_release_v1,ppo_release_v2,random,8,S08:superiority_replication_confirmation:c0,I,0,0,0,
ppo_release_v1,ppo_release_v2,random,8,S08:superiority_replication_confirmation:c1,I,0,4,0,
ppo_release_v1,ppo_release_v2,random,8,S08:superiority_replication_confirmation:c2,I,0,0,0,
ppo_release_v1,ppo_release_v2,random,9,S01:superiority_replication_confirmation:c0,R,0,3,0,
ppo_release_v1,ppo_release_v2,random,9,S01:superiority_replication_confirmation:c1,R,0,3,0,
ppo_release_v1,ppo_release_v2,random,9,S01:superiority_replication_confirmation:c2,R,0,3,0,
ppo_release_v1,ppo_release_v2,random,9,S02:superiority_replication_confirmation:c0,R,0,3,0,
ppo_release_v1,ppo_release_v2,random,9,S02:superiority_replication_confirmation:c1,R,3,0,0,0.0
ppo_release_v1,ppo_release_v2,random,9,S02:superiority_replication_confirmation:c2,R,4,1,1,0.25
ppo_release_v1,ppo_release_v2,random,9,S08:superiority_replication_confirmation:c0,R,0,2,0,
ppo_release_v1,ppo_release_v2,random,9,S08:superiority_replication_confirmation:c1,R,0,2,0,
ppo_release_v1,ppo_release_v2,random,9,S08:superiority_replication_confirmation:c2,R,0,3,0,
ppo_release_v1,ppo_release_v2,random,9,S01:superiority_replication_confirmation:c0,I,0,0,0,
ppo_release_v1,ppo_release_v2,random,9,S01:superiority_replication_confirmation:c1,I,0,3,0,
ppo_release_v1,ppo_release_v2,random,9,S01:superiority_replication_confirmation:c2,I,0,0,0,
ppo_release_v1,ppo_release_v2,random,9,S02:superiority_replication_confirmation:c0,I,3,0,0,0.0
ppo_release_v1,ppo_release_v2,random,9,S02:superiority_replication_confirmation:c1,I,12,10,2,0.16666666666666666
ppo_release_v1,ppo_release_v2,random,9,S02:superiority_replication_confirmation:c2,I,18,5,1,0.05555555555555555
ppo_release_v1,ppo_release_v2,random,9,S08:superiority_replication_confirmation:c0,I,0,0,0,
ppo_release_v1,ppo_release_v2,random,9,S08:superiority_replication_confirmation:c1,I,0,2,0,
ppo_release_v1,ppo_release_v2,random,9,S08:superiority_replication_confirmation:c2,I,0,0,0,
ppo_release_v1,ppo_release_v2,static_risk,0,S01:superiority_replication_confirmation:c0,R,0,0,0,
ppo_release_v1,ppo_release_v2,static_risk,0,S01:superiority_replication_confirmation:c1,R,0,0,0,
ppo_release_v1,ppo_release_v2,static_risk,0,S01:superiority_replication_confirmation:c2,R,0,0,0,
ppo_release_v1,ppo_release_v2,static_risk,0,S02:superiority_replication_confirmation:c0,R,0,0,0,
ppo_release_v1,ppo_release_v2,static_risk,0,S02:superiority_replication_confirmation:c1,R,3,7,2,0.6666666666666666
ppo_release_v1,ppo_release_v2,static_risk,0,S02:superiority_replication_confirmation:c2,R,4,12,0,0.0
ppo_release_v1,ppo_release_v2,static_risk,0,S08:superiority_replication_confirmation:c0,R,0,0,0,
ppo_release_v1,ppo_release_v2,static_risk,0,S08:superiority_replication_confirmation:c1,R,0,1,0,
ppo_release_v1,ppo_release_v2,static_risk,0,S08:superiority_replication_confirmation:c2,R,0,0,0,
ppo_release_v1,ppo_release_v2,static_risk,0,S01:superiority_replication_confirmation:c0,I,0,0,0,
ppo_release_v1,ppo_release_v2,static_risk,0,S01:superiority_replication_confirmation:c1,I,0,8,0,
ppo_release_v1,ppo_release_v2,static_risk,0,S01:superiority_replication_confirmation:c2,I,0,0,0,
ppo_release_v1,ppo_release_v2,static_risk,0,S02:superiority_replication_confirmation:c0,I,3,4,3,1.0
ppo_release_v1,ppo_release_v2,static_risk,0,S02:superiority_replication_confirmation:c1,I,12,0,0,0.0
ppo_release_v1,ppo_release_v2,static_risk,0,S02:superiority_replication_confirmation:c2,I,18,2,0,0.0
ppo_release_v1,ppo_release_v2,static_risk,0,S08:superiority_replication_confirmation:c0,I,0,0,0,
ppo_release_v1,ppo_release_v2,static_risk,0,S08:superiority_replication_confirmation:c1,I,0,6,0,
ppo_release_v1,ppo_release_v2,static_risk,0,S08:superiority_replication_confirmation:c2,I,0,0,0,
ppo_release_v1,ppo_release_v2,static_boundary,0,S01:superiority_replication_confirmation:c0,R,0,0,0,
ppo_release_v1,ppo_release_v2,static_boundary,0,S01:superiority_replication_confirmation:c1,R,0,6,0,
ppo_release_v1,ppo_release_v2,static_boundary,0,S01:superiority_replication_confirmation:c2,R,0,0,0,
ppo_release_v1,ppo_release_v2,static_boundary,0,S02:superiority_replication_confirmation:c0,R,0,2,0,
ppo_release_v1,ppo_release_v2,static_boundary,0,S02:superiority_replication_confirmation:c1,R,3,4,1,0.3333333333333333
ppo_release_v1,ppo_release_v2,static_boundary,0,S02:superiority_replication_confirmation:c2,R,4,4,2,0.5
ppo_release_v1,ppo_release_v2,static_boundary,0,S08:superiority_replication_confirmation:c0,R,0,0,0,
ppo_release_v1,ppo_release_v2,static_boundary,0,S08:superiority_replication_confirmation:c1,R,0,4,0,
ppo_release_v1,ppo_release_v2,static_boundary,0,S08:superiority_replication_confirmation:c2,R,0,0,0,
ppo_release_v1,ppo_release_v2,static_boundary,0,S01:superiority_replication_confirmation:c0,I,0,0,0,
ppo_release_v1,ppo_release_v2,static_boundary,0,S01:superiority_replication_confirmation:c1,I,0,6,0,
ppo_release_v1,ppo_release_v2,static_boundary,0,S01:superiority_replication_confirmation:c2,I,0,0,0,
ppo_release_v1,ppo_release_v2,static_boundary,0,S02:superiority_replication_confirmation:c0,I,3,2,1,0.3333333333333333
ppo_release_v1,ppo_release_v2,static_boundary,0,S02:superiority_replication_confirmation:c1,I,12,4,2,0.16666666666666666
ppo_release_v1,ppo_release_v2,static_boundary,0,S02:superiority_replication_confirmation:c2,I,18,4,0,0.0
ppo_release_v1,ppo_release_v2,static_boundary,0,S08:superiority_replication_confirmation:c0,I,0,0,0,
ppo_release_v1,ppo_release_v2,static_boundary,0,S08:superiority_replication_confirmation:c1,I,0,4,0,
ppo_release_v1,ppo_release_v2,static_boundary,0,S08:superiority_replication_confirmation:c2,I,0,0,0,
ppo_release_v1,ppo_release_v2,center_residual,0,S01:superiority_replication_confirmation:c0,R,0,0,0,
ppo_release_v1,ppo_release_v2,center_residual,0,S01:superiority_replication_confirmation:c1,R,0,0,0,
ppo_release_v1,ppo_release_v2,center_residual,0,S01:superiority_replication_confirmation:c2,R,0,0,0,
ppo_release_v1,ppo_release_v2,center_residual,0,S02:superiority_replication_confirmation:c0,R,0,0,0,
ppo_release_v1,ppo_release_v2,center_residual,0,S02:superiority_replication_confirmation:c1,R,3,8,3,1.0
ppo_release_v1,ppo_release_v2,center_residual,0,S02:superiority_replication_confirmation:c2,R,4,8,0,0.0
ppo_release_v1,ppo_release_v2,center_residual,0,S08:superiority_replication_confirmation:c0,R,0,0,0,
ppo_release_v1,ppo_release_v2,center_residual,0,S08:superiority_replication_confirmation:c1,R,0,4,0,
ppo_release_v1,ppo_release_v2,center_residual,0,S08:superiority_replication_confirmation:c2,R,0,0,0,
ppo_release_v1,ppo_release_v2,center_residual,0,S01:superiority_replication_confirmation:c0,I,0,0,0,
ppo_release_v1,ppo_release_v2,center_residual,0,S01:superiority_replication_confirmation:c1,I,0,10,0,
ppo_release_v1,ppo_release_v2,center_residual,0,S01:superiority_replication_confirmation:c2,I,0,0,0,
ppo_release_v1,ppo_release_v2,center_residual,0,S02:superiority_replication_confirmation:c0,I,3,4,3,1.0
ppo_release_v1,ppo_release_v2,center_residual,0,S02:superiority_replication_confirmation:c1,I,12,0,0,0.0
ppo_release_v1,ppo_release_v2,center_residual,0,S02:superiority_replication_confirmation:c2,I,18,2,0,0.0
ppo_release_v1,ppo_release_v2,center_residual,0,S08:superiority_replication_confirmation:c0,I,0,0,0,
ppo_release_v1,ppo_release_v2,center_residual,0,S08:superiority_replication_confirmation:c1,I,0,4,0,
ppo_release_v1,ppo_release_v2,center_residual,0,S08:superiority_replication_confirmation:c2,I,0,0,0,
ppo_release_v1,ppo_release_v2,coordinate_residual,0,S01:superiority_replication_confirmation:c0,R,0,0,0,
ppo_release_v1,ppo_release_v2,coordinate_residual,0,S01:superiority_replication_confirmation:c1,R,0,0,0,
ppo_release_v1,ppo_release_v2,coordinate_residual,0,S01:superiority_replication_confirmation:c2,R,0,0,0,
ppo_release_v1,ppo_release_v2,coordinate_residual,0,S02:superiority_replication_confirmation:c0,R,0,0,0,
ppo_release_v1,ppo_release_v2,coordinate_residual,0,S02:superiority_replication_confirmation:c1,R,3,8,3,1.0
ppo_release_v1,ppo_release_v2,coordinate_residual,0,S02:superiority_replication_confirmation:c2,R,4,10,0,0.0
ppo_release_v1,ppo_release_v2,coordinate_residual,0,S08:superiority_replication_confirmation:c0,R,0,0,0,
ppo_release_v1,ppo_release_v2,coordinate_residual,0,S08:superiority_replication_confirmation:c1,R,0,2,0,
ppo_release_v1,ppo_release_v2,coordinate_residual,0,S08:superiority_replication_confirmation:c2,R,0,0,0,
ppo_release_v1,ppo_release_v2,coordinate_residual,0,S01:superiority_replication_confirmation:c0,I,0,0,0,
ppo_release_v1,ppo_release_v2,coordinate_residual,0,S01:superiority_replication_confirmation:c1,I,0,7,0,
ppo_release_v1,ppo_release_v2,coordinate_residual,0,S01:superiority_replication_confirmation:c2,I,0,0,0,
ppo_release_v1,ppo_release_v2,coordinate_residual,0,S02:superiority_replication_confirmation:c0,I,3,4,3,1.0
ppo_release_v1,ppo_release_v2,coordinate_residual,0,S02:superiority_replication_confirmation:c1,I,12,0,0,0.0
ppo_release_v1,ppo_release_v2,coordinate_residual,0,S02:superiority_replication_confirmation:c2,I,18,2,0,0.0
ppo_release_v1,ppo_release_v2,coordinate_residual,0,S08:superiority_replication_confirmation:c0,I,0,0,0,
ppo_release_v1,ppo_release_v2,coordinate_residual,0,S08:superiority_replication_confirmation:c1,I,0,7,0,
ppo_release_v1,ppo_release_v2,coordinate_residual,0,S08:superiority_replication_confirmation:c2,I,0,0,0,
ppo_release_v1,ppo_release_v2,target_only,0,S01:superiority_replication_confirmation:c0,R,0,7,0,
ppo_release_v1,ppo_release_v2,target_only,0,S01:superiority_replication_confirmation:c1,R,0,4,0,
ppo_release_v1,ppo_release_v2,target_only,0,S01:superiority_replication_confirmation:c2,R,0,4,0,
ppo_release_v1,ppo_release_v2,target_only,0,S02:superiority_replication_confirmation:c0,R,0,2,0,
ppo_release_v1,ppo_release_v2,target_only,0,S02:superiority_replication_confirmation:c1,R,3,0,0,0.0
ppo_release_v1,ppo_release_v2,target_only,0,S02:superiority_replication_confirmation:c2,R,4,0,0,0.0
ppo_release_v1,ppo_release_v2,target_only,0,S08:superiority_replication_confirmation:c0,R,0,2,0,
ppo_release_v1,ppo_release_v2,target_only,0,S08:superiority_replication_confirmation:c1,R,0,1,0,
ppo_release_v1,ppo_release_v2,target_only,0,S08:superiority_replication_confirmation:c2,R,0,0,0,
ppo_release_v1,ppo_release_v2,target_only,0,S01:superiority_replication_confirmation:c0,I,0,0,0,
ppo_release_v1,ppo_release_v2,target_only,0,S01:superiority_replication_confirmation:c1,I,0,0,0,
ppo_release_v1,ppo_release_v2,target_only,0,S01:superiority_replication_confirmation:c2,I,0,0,0,
ppo_release_v1,ppo_release_v2,target_only,0,S02:superiority_replication_confirmation:c0,I,3,3,1,0.3333333333333333
ppo_release_v1,ppo_release_v2,target_only,0,S02:superiority_replication_confirmation:c1,I,12,9,1,0.08333333333333333
ppo_release_v1,ppo_release_v2,target_only,0,S02:superiority_replication_confirmation:c2,I,18,7,0,0.0
ppo_release_v1,ppo_release_v2,target_only,0,S08:superiority_replication_confirmation:c0,I,0,0,0,
ppo_release_v1,ppo_release_v2,target_only,0,S08:superiority_replication_confirmation:c1,I,0,1,0,
ppo_release_v1,ppo_release_v2,target_only,0,S08:superiority_replication_confirmation:c2,I,0,0,0,
ppo_release_v1,ppo_release_v2,directed_residual,0,S01:superiority_replication_confirmation:c0,R,0,0,0,
ppo_release_v1,ppo_release_v2,directed_residual,0,S01:superiority_replication_confirmation:c1,R,0,0,0,
ppo_release_v1,ppo_release_v2,directed_residual,0,S01:superiority_replication_confirmation:c2,R,0,0,0,
ppo_release_v1,ppo_release_v2,directed_residual,0,S02:superiority_replication_confirmation:c0,R,0,0,0,
ppo_release_v1,ppo_release_v2,directed_residual,0,S02:superiority_replication_confirmation:c1,R,3,8,3,1.0
ppo_release_v1,ppo_release_v2,directed_residual,0,S02:superiority_replication_confirmation:c2,R,4,8,0,0.0
ppo_release_v1,ppo_release_v2,directed_residual,0,S08:superiority_replication_confirmation:c0,R,0,0,0,
ppo_release_v1,ppo_release_v2,directed_residual,0,S08:superiority_replication_confirmation:c1,R,0,4,0,
ppo_release_v1,ppo_release_v2,directed_residual,0,S08:superiority_replication_confirmation:c2,R,0,0,0,
ppo_release_v1,ppo_release_v2,directed_residual,0,S01:superiority_replication_confirmation:c0,I,0,0,0,
ppo_release_v1,ppo_release_v2,directed_residual,0,S01:superiority_replication_confirmation:c1,I,0,11,0,
ppo_release_v1,ppo_release_v2,directed_residual,0,S01:superiority_replication_confirmation:c2,I,0,0,0,
ppo_release_v1,ppo_release_v2,directed_residual,0,S02:superiority_replication_confirmation:c0,I,3,3,3,1.0
ppo_release_v1,ppo_release_v2,directed_residual,0,S02:superiority_replication_confirmation:c1,I,12,0,0,0.0
ppo_release_v1,ppo_release_v2,directed_residual,0,S02:superiority_replication_confirmation:c2,I,18,3,0,0.0
ppo_release_v1,ppo_release_v2,directed_residual,0,S08:superiority_replication_confirmation:c0,I,0,0,0,
ppo_release_v1,ppo_release_v2,directed_residual,0,S08:superiority_replication_confirmation:c1,I,0,3,0,
ppo_release_v1,ppo_release_v2,directed_residual,0,S08:superiority_replication_confirmation:c2,I,0,0,0,
ppo_release_v1,ppo_release_v2,directed_context_laplace,0,S01:superiority_replication_confirmation:c0,R,0,0,0,
ppo_release_v1,ppo_release_v2,directed_context_laplace,0,S01:superiority_replication_confirmation:c1,R,0,0,0,
ppo_release_v1,ppo_release_v2,directed_context_laplace,0,S01:superiority_replication_confirmation:c2,R,0,0,0,
ppo_release_v1,ppo_release_v2,directed_context_laplace,0,S02:superiority_replication_confirmation:c0,R,0,0,0,
ppo_release_v1,ppo_release_v2,directed_context_laplace,0,S02:superiority_replication_confirmation:c1,R,3,8,3,1.0
ppo_release_v1,ppo_release_v2,directed_context_laplace,0,S02:superiority_replication_confirmation:c2,R,4,8,0,0.0
ppo_release_v1,ppo_release_v2,directed_context_laplace,0,S08:superiority_replication_confirmation:c0,R,0,0,0,
ppo_release_v1,ppo_release_v2,directed_context_laplace,0,S08:superiority_replication_confirmation:c1,R,0,4,0,
ppo_release_v1,ppo_release_v2,directed_context_laplace,0,S08:superiority_replication_confirmation:c2,R,0,0,0,
ppo_release_v1,ppo_release_v2,directed_context_laplace,0,S01:superiority_replication_confirmation:c0,I,0,0,0,
ppo_release_v1,ppo_release_v2,directed_context_laplace,0,S01:superiority_replication_confirmation:c1,I,0,2,0,
ppo_release_v1,ppo_release_v2,directed_context_laplace,0,S01:superiority_replication_confirmation:c2,I,0,0,0,
ppo_release_v1,ppo_release_v2,directed_context_laplace,0,S02:superiority_replication_confirmation:c0,I,3,4,3,1.0
ppo_release_v1,ppo_release_v2,directed_context_laplace,0,S02:superiority_replication_confirmation:c1,I,12,0,0,0.0
ppo_release_v1,ppo_release_v2,directed_context_laplace,0,S02:superiority_replication_confirmation:c2,I,18,5,0,0.0
ppo_release_v1,ppo_release_v2,directed_context_laplace,0,S08:superiority_replication_confirmation:c0,I,0,0,0,
ppo_release_v1,ppo_release_v2,directed_context_laplace,0,S08:superiority_replication_confirmation:c1,I,0,9,0,
ppo_release_v1,ppo_release_v2,directed_context_laplace,0,S08:superiority_replication_confirmation:c2,I,0,0,0,
ppo_release_v1,ppo_release_v2,directed_context_ucb,0,S01:superiority_replication_confirmation:c0,R,0,0,0,
ppo_release_v1,ppo_release_v2,directed_context_ucb,0,S01:superiority_replication_confirmation:c1,R,0,0,0,
ppo_release_v1,ppo_release_v2,directed_context_ucb,0,S01:superiority_replication_confirmation:c2,R,0,0,0,
ppo_release_v1,ppo_release_v2,directed_context_ucb,0,S02:superiority_replication_confirmation:c0,R,0,0,0,
ppo_release_v1,ppo_release_v2,directed_context_ucb,0,S02:superiority_replication_confirmation:c1,R,3,8,3,1.0
ppo_release_v1,ppo_release_v2,directed_context_ucb,0,S02:superiority_replication_confirmation:c2,R,4,8,0,0.0
ppo_release_v1,ppo_release_v2,directed_context_ucb,0,S08:superiority_replication_confirmation:c0,R,0,0,0,
ppo_release_v1,ppo_release_v2,directed_context_ucb,0,S08:superiority_replication_confirmation:c1,R,0,4,0,
ppo_release_v1,ppo_release_v2,directed_context_ucb,0,S08:superiority_replication_confirmation:c2,R,0,0,0,
ppo_release_v1,ppo_release_v2,directed_context_ucb,0,S01:superiority_replication_confirmation:c0,I,0,0,0,
ppo_release_v1,ppo_release_v2,directed_context_ucb,0,S01:superiority_replication_confirmation:c1,I,0,2,0,
ppo_release_v1,ppo_release_v2,directed_context_ucb,0,S01:superiority_replication_confirmation:c2,I,0,0,0,
ppo_release_v1,ppo_release_v2,directed_context_ucb,0,S02:superiority_replication_confirmation:c0,I,3,4,3,1.0
ppo_release_v1,ppo_release_v2,directed_context_ucb,0,S02:superiority_replication_confirmation:c1,I,12,0,0,0.0
ppo_release_v1,ppo_release_v2,directed_context_ucb,0,S02:superiority_replication_confirmation:c2,I,18,5,0,0.0
ppo_release_v1,ppo_release_v2,directed_context_ucb,0,S08:superiority_replication_confirmation:c0,I,0,0,0,
ppo_release_v1,ppo_release_v2,directed_context_ucb,0,S08:superiority_replication_confirmation:c1,I,0,9,0,
ppo_release_v1,ppo_release_v2,directed_context_ucb,0,S08:superiority_replication_confirmation:c2,I,0,0,0,
ppo_release_v1,ppo_release_v2,coordinate_context_ucb_pure,0,S01:superiority_replication_confirmation:c0,R,0,0,0,
ppo_release_v1,ppo_release_v2,coordinate_context_ucb_pure,0,S01:superiority_replication_confirmation:c1,R,0,2,0,
ppo_release_v1,ppo_release_v2,coordinate_context_ucb_pure,0,S01:superiority_replication_confirmation:c2,R,0,0,0,
ppo_release_v1,ppo_release_v2,coordinate_context_ucb_pure,0,S02:superiority_replication_confirmation:c0,R,0,0,0,
ppo_release_v1,ppo_release_v2,coordinate_context_ucb_pure,0,S02:superiority_replication_confirmation:c1,R,3,5,0,0.0
ppo_release_v1,ppo_release_v2,coordinate_context_ucb_pure,0,S02:superiority_replication_confirmation:c2,R,4,9,2,0.5
ppo_release_v1,ppo_release_v2,coordinate_context_ucb_pure,0,S08:superiority_replication_confirmation:c0,R,0,0,0,
ppo_release_v1,ppo_release_v2,coordinate_context_ucb_pure,0,S08:superiority_replication_confirmation:c1,R,0,4,0,
ppo_release_v1,ppo_release_v2,coordinate_context_ucb_pure,0,S08:superiority_replication_confirmation:c2,R,0,0,0,
ppo_release_v1,ppo_release_v2,coordinate_context_ucb_pure,0,S01:superiority_replication_confirmation:c0,I,0,0,0,
ppo_release_v1,ppo_release_v2,coordinate_context_ucb_pure,0,S01:superiority_replication_confirmation:c1,I,0,3,0,
ppo_release_v1,ppo_release_v2,coordinate_context_ucb_pure,0,S01:superiority_replication_confirmation:c2,I,0,0,0,
ppo_release_v1,ppo_release_v2,coordinate_context_ucb_pure,0,S02:superiority_replication_confirmation:c0,I,3,4,3,1.0
ppo_release_v1,ppo_release_v2,coordinate_context_ucb_pure,0,S02:superiority_replication_confirmation:c1,I,12,2,0,0.0
ppo_release_v1,ppo_release_v2,coordinate_context_ucb_pure,0,S02:superiority_replication_confirmation:c2,I,18,5,0,0.0
ppo_release_v1,ppo_release_v2,coordinate_context_ucb_pure,0,S08:superiority_replication_confirmation:c0,I,0,0,0,
ppo_release_v1,ppo_release_v2,coordinate_context_ucb_pure,0,S08:superiority_replication_confirmation:c1,I,0,6,0,
ppo_release_v1,ppo_release_v2,coordinate_context_ucb_pure,0,S08:superiority_replication_confirmation:c2,I,0,0,0,
ppo_release_v1,ppo_release_v2,directed_context_ucb_pure,0,S01:superiority_replication_confirmation:c0,R,0,0,0,
ppo_release_v1,ppo_release_v2,directed_context_ucb_pure,0,S01:superiority_replication_confirmation:c1,R,0,2,0,
ppo_release_v1,ppo_release_v2,directed_context_ucb_pure,0,S01:superiority_replication_confirmation:c2,R,0,0,0,
ppo_release_v1,ppo_release_v2,directed_context_ucb_pure,0,S02:superiority_replication_confirmation:c0,R,0,0,0,
ppo_release_v1,ppo_release_v2,directed_context_ucb_pure,0,S02:superiority_replication_confirmation:c1,R,3,6,3,1.0
ppo_release_v1,ppo_release_v2,directed_context_ucb_pure,0,S02:superiority_replication_confirmation:c2,R,4,8,2,0.5
ppo_release_v1,ppo_release_v2,directed_context_ucb_pure,0,S08:superiority_replication_confirmation:c0,R,0,0,0,
ppo_release_v1,ppo_release_v2,directed_context_ucb_pure,0,S08:superiority_replication_confirmation:c1,R,0,4,0,
ppo_release_v1,ppo_release_v2,directed_context_ucb_pure,0,S08:superiority_replication_confirmation:c2,R,0,0,0,
ppo_release_v1,ppo_release_v2,directed_context_ucb_pure,0,S01:superiority_replication_confirmation:c0,I,0,0,0,
ppo_release_v1,ppo_release_v2,directed_context_ucb_pure,0,S01:superiority_replication_confirmation:c1,I,0,3,0,
ppo_release_v1,ppo_release_v2,directed_context_ucb_pure,0,S01:superiority_replication_confirmation:c2,I,0,0,0,
ppo_release_v1,ppo_release_v2,directed_context_ucb_pure,0,S02:superiority_replication_confirmation:c0,I,3,4,3,1.0
ppo_release_v1,ppo_release_v2,directed_context_ucb_pure,0,S02:superiority_replication_confirmation:c1,I,12,1,0,0.0
ppo_release_v1,ppo_release_v2,directed_context_ucb_pure,0,S02:superiority_replication_confirmation:c2,I,18,6,0,0.0
ppo_release_v1,ppo_release_v2,directed_context_ucb_pure,0,S08:superiority_replication_confirmation:c0,I,0,0,0,
ppo_release_v1,ppo_release_v2,directed_context_ucb_pure,0,S08:superiority_replication_confirmation:c1,I,0,6,0,
ppo_release_v1,ppo_release_v2,directed_context_ucb_pure,0,S08:superiority_replication_confirmation:c2,I,0,0,0,
ppo_release_v1,ppo_release_v2,directed_context_ucb_loose,0,S01:superiority_replication_confirmation:c0,R,0,0,0,
ppo_release_v1,ppo_release_v2,directed_context_ucb_loose,0,S01:superiority_replication_confirmation:c1,R,0,3,0,
ppo_release_v1,ppo_release_v2,directed_context_ucb_loose,0,S01:superiority_replication_confirmation:c2,R,0,0,0,
ppo_release_v1,ppo_release_v2,directed_context_ucb_loose,0,S02:superiority_replication_confirmation:c0,R,0,0,0,
ppo_release_v1,ppo_release_v2,directed_context_ucb_loose,0,S02:superiority_replication_confirmation:c1,R,3,6,3,1.0
ppo_release_v1,ppo_release_v2,directed_context_ucb_loose,0,S02:superiority_replication_confirmation:c2,R,4,7,1,0.25
ppo_release_v1,ppo_release_v2,directed_context_ucb_loose,0,S08:superiority_replication_confirmation:c0,R,0,0,0,
ppo_release_v1,ppo_release_v2,directed_context_ucb_loose,0,S08:superiority_replication_confirmation:c1,R,0,4,0,
ppo_release_v1,ppo_release_v2,directed_context_ucb_loose,0,S08:superiority_replication_confirmation:c2,R,0,0,0,
ppo_release_v1,ppo_release_v2,directed_context_ucb_loose,0,S01:superiority_replication_confirmation:c0,I,0,0,0,
ppo_release_v1,ppo_release_v2,directed_context_ucb_loose,0,S01:superiority_replication_confirmation:c1,I,0,2,0,
ppo_release_v1,ppo_release_v2,directed_context_ucb_loose,0,S01:superiority_replication_confirmation:c2,I,0,0,0,
ppo_release_v1,ppo_release_v2,directed_context_ucb_loose,0,S02:superiority_replication_confirmation:c0,I,3,4,3,1.0
ppo_release_v1,ppo_release_v2,directed_context_ucb_loose,0,S02:superiority_replication_confirmation:c1,I,12,5,3,0.25
ppo_release_v1,ppo_release_v2,directed_context_ucb_loose,0,S02:superiority_replication_confirmation:c2,I,18,5,0,0.0
ppo_release_v1,ppo_release_v2,directed_context_ucb_loose,0,S08:superiority_replication_confirmation:c0,I,0,0,0,
ppo_release_v1,ppo_release_v2,directed_context_ucb_loose,0,S08:superiority_replication_confirmation:c1,I,0,4,0,
ppo_release_v1,ppo_release_v2,directed_context_ucb_loose,0,S08:superiority_replication_confirmation:c2,I,0,0,0,
ppo_release_v1,ppo_release_v2,coordinate_offset_calibrated_ucb,0,S01:superiority_replication_confirmation:c0,R,0,0,0,
ppo_release_v1,ppo_release_v2,coordinate_offset_calibrated_ucb,0,S01:superiority_replication_confirmation:c1,R,0,2,0,
ppo_release_v1,ppo_release_v2,coordinate_offset_calibrated_ucb,0,S01:superiority_replication_confirmation:c2,R,0,0,0,
ppo_release_v1,ppo_release_v2,coordinate_offset_calibrated_ucb,0,S02:superiority_replication_confirmation:c0,R,0,0,0,
ppo_release_v1,ppo_release_v2,coordinate_offset_calibrated_ucb,0,S02:superiority_replication_confirmation:c1,R,3,7,3,1.0
ppo_release_v1,ppo_release_v2,coordinate_offset_calibrated_ucb,0,S02:superiority_replication_confirmation:c2,R,4,5,1,0.25
ppo_release_v1,ppo_release_v2,coordinate_offset_calibrated_ucb,0,S08:superiority_replication_confirmation:c0,R,0,0,0,
ppo_release_v1,ppo_release_v2,coordinate_offset_calibrated_ucb,0,S08:superiority_replication_confirmation:c1,R,0,6,0,
ppo_release_v1,ppo_release_v2,coordinate_offset_calibrated_ucb,0,S08:superiority_replication_confirmation:c2,R,0,0,0,
ppo_release_v1,ppo_release_v2,coordinate_offset_calibrated_ucb,0,S01:superiority_replication_confirmation:c0,I,0,0,0,
ppo_release_v1,ppo_release_v2,coordinate_offset_calibrated_ucb,0,S01:superiority_replication_confirmation:c1,I,0,3,0,
ppo_release_v1,ppo_release_v2,coordinate_offset_calibrated_ucb,0,S01:superiority_replication_confirmation:c2,I,0,0,0,
ppo_release_v1,ppo_release_v2,coordinate_offset_calibrated_ucb,0,S02:superiority_replication_confirmation:c0,I,3,4,3,1.0
ppo_release_v1,ppo_release_v2,coordinate_offset_calibrated_ucb,0,S02:superiority_replication_confirmation:c1,I,12,3,0,0.0
ppo_release_v1,ppo_release_v2,coordinate_offset_calibrated_ucb,0,S02:superiority_replication_confirmation:c2,I,18,4,0,0.0
ppo_release_v1,ppo_release_v2,coordinate_offset_calibrated_ucb,0,S08:superiority_replication_confirmation:c0,I,0,0,0,
ppo_release_v1,ppo_release_v2,coordinate_offset_calibrated_ucb,0,S08:superiority_replication_confirmation:c1,I,0,6,0,
ppo_release_v1,ppo_release_v2,coordinate_offset_calibrated_ucb,0,S08:superiority_replication_confirmation:c2,I,0,0,0,
ppo_release_v1,ppo_release_v2,directed_offset_calibrated_ucb,0,S01:superiority_replication_confirmation:c0,R,0,0,0,
ppo_release_v1,ppo_release_v2,directed_offset_calibrated_ucb,0,S01:superiority_replication_confirmation:c1,R,0,2,0,
ppo_release_v1,ppo_release_v2,directed_offset_calibrated_ucb,0,S01:superiority_replication_confirmation:c2,R,0,0,0,
ppo_release_v1,ppo_release_v2,directed_offset_calibrated_ucb,0,S02:superiority_replication_confirmation:c0,R,0,0,0,
ppo_release_v1,ppo_release_v2,directed_offset_calibrated_ucb,0,S02:superiority_replication_confirmation:c1,R,3,6,3,1.0
ppo_release_v1,ppo_release_v2,directed_offset_calibrated_ucb,0,S02:superiority_replication_confirmation:c2,R,4,7,3,0.75
ppo_release_v1,ppo_release_v2,directed_offset_calibrated_ucb,0,S08:superiority_replication_confirmation:c0,R,0,0,0,
ppo_release_v1,ppo_release_v2,directed_offset_calibrated_ucb,0,S08:superiority_replication_confirmation:c1,R,0,5,0,
ppo_release_v1,ppo_release_v2,directed_offset_calibrated_ucb,0,S08:superiority_replication_confirmation:c2,R,0,0,0,
ppo_release_v1,ppo_release_v2,directed_offset_calibrated_ucb,0,S01:superiority_replication_confirmation:c0,I,0,0,0,
ppo_release_v1,ppo_release_v2,directed_offset_calibrated_ucb,0,S01:superiority_replication_confirmation:c1,I,0,2,0,
ppo_release_v1,ppo_release_v2,directed_offset_calibrated_ucb,0,S01:superiority_replication_confirmation:c2,I,0,0,0,
ppo_release_v1,ppo_release_v2,directed_offset_calibrated_ucb,0,S02:superiority_replication_confirmation:c0,I,3,4,3,1.0
ppo_release_v1,ppo_release_v2,directed_offset_calibrated_ucb,0,S02:superiority_replication_confirmation:c1,I,12,8,4,0.3333333333333333
ppo_release_v1,ppo_release_v2,directed_offset_calibrated_ucb,0,S02:superiority_replication_confirmation:c2,I,18,2,0,0.0
ppo_release_v1,ppo_release_v2,directed_offset_calibrated_ucb,0,S08:superiority_replication_confirmation:c0,I,0,0,0,
ppo_release_v1,ppo_release_v2,directed_offset_calibrated_ucb,0,S08:superiority_replication_confirmation:c1,I,0,4,0,
ppo_release_v1,ppo_release_v2,directed_offset_calibrated_ucb,0,S08:superiority_replication_confirmation:c2,I,0,0,0,
ppo_release_v1,ppo_release_v2,direction_conditioned_offset_ucb,0,S01:superiority_replication_confirmation:c0,R,0,0,0,
ppo_release_v1,ppo_release_v2,direction_conditioned_offset_ucb,0,S01:superiority_replication_confirmation:c1,R,0,4,0,
ppo_release_v1,ppo_release_v2,direction_conditioned_offset_ucb,0,S01:superiority_replication_confirmation:c2,R,0,0,0,
ppo_release_v1,ppo_release_v2,direction_conditioned_offset_ucb,0,S02:superiority_replication_confirmation:c0,R,0,1,0,
ppo_release_v1,ppo_release_v2,direction_conditioned_offset_ucb,0,S02:superiority_replication_confirmation:c1,R,3,8,3,1.0
ppo_release_v1,ppo_release_v2,direction_conditioned_offset_ucb,0,S02:superiority_replication_confirmation:c2,R,4,3,0,0.0
ppo_release_v1,ppo_release_v2,direction_conditioned_offset_ucb,0,S08:superiority_replication_confirmation:c0,R,0,0,0,
ppo_release_v1,ppo_release_v2,direction_conditioned_offset_ucb,0,S08:superiority_replication_confirmation:c1,R,0,4,0,
ppo_release_v1,ppo_release_v2,direction_conditioned_offset_ucb,0,S08:superiority_replication_confirmation:c2,R,0,0,0,
ppo_release_v1,ppo_release_v2,direction_conditioned_offset_ucb,0,S01:superiority_replication_confirmation:c0,I,0,0,0,
ppo_release_v1,ppo_release_v2,direction_conditioned_offset_ucb,0,S01:superiority_replication_confirmation:c1,I,0,6,0,
ppo_release_v1,ppo_release_v2,direction_conditioned_offset_ucb,0,S01:superiority_replication_confirmation:c2,I,0,0,0,
ppo_release_v1,ppo_release_v2,direction_conditioned_offset_ucb,0,S02:superiority_replication_confirmation:c0,I,3,5,3,1.0
ppo_release_v1,ppo_release_v2,direction_conditioned_offset_ucb,0,S02:superiority_replication_confirmation:c1,I,12,1,0,0.0
ppo_release_v1,ppo_release_v2,direction_conditioned_offset_ucb,0,S02:superiority_replication_confirmation:c2,I,18,3,0,0.0
ppo_release_v1,ppo_release_v2,direction_conditioned_offset_ucb,0,S08:superiority_replication_confirmation:c0,I,0,0,0,
ppo_release_v1,ppo_release_v2,direction_conditioned_offset_ucb,0,S08:superiority_replication_confirmation:c1,I,0,5,0,
ppo_release_v1,ppo_release_v2,direction_conditioned_offset_ucb,0,S08:superiority_replication_confirmation:c2,I,0,0,0,
ppo_release_v1,ppo_release_v2,prequential_bma_ucb,0,S01:superiority_replication_confirmation:c0,R,0,0,0,
ppo_release_v1,ppo_release_v2,prequential_bma_ucb,0,S01:superiority_replication_confirmation:c1,R,0,4,0,
ppo_release_v1,ppo_release_v2,prequential_bma_ucb,0,S01:superiority_replication_confirmation:c2,R,0,0,0,
ppo_release_v1,ppo_release_v2,prequential_bma_ucb,0,S02:superiority_replication_confirmation:c0,R,0,0,0,
ppo_release_v1,ppo_release_v2,prequential_bma_ucb,0,S02:superiority_replication_confirmation:c1,R,3,6,3,1.0
ppo_release_v1,ppo_release_v2,prequential_bma_ucb,0,S02:superiority_replication_confirmation:c2,R,4,5,2,0.5
ppo_release_v1,ppo_release_v2,prequential_bma_ucb,0,S08:superiority_replication_confirmation:c0,R,0,0,0,
ppo_release_v1,ppo_release_v2,prequential_bma_ucb,0,S08:superiority_replication_confirmation:c1,R,0,5,0,
ppo_release_v1,ppo_release_v2,prequential_bma_ucb,0,S08:superiority_replication_confirmation:c2,R,0,0,0,
ppo_release_v1,ppo_release_v2,prequential_bma_ucb,0,S01:superiority_replication_confirmation:c0,I,0,0,0,
ppo_release_v1,ppo_release_v2,prequential_bma_ucb,0,S01:superiority_replication_confirmation:c1,I,0,6,0,
ppo_release_v1,ppo_release_v2,prequential_bma_ucb,0,S01:superiority_replication_confirmation:c2,I,0,0,0,
ppo_release_v1,ppo_release_v2,prequential_bma_ucb,0,S02:superiority_replication_confirmation:c0,I,3,4,3,1.0
ppo_release_v1,ppo_release_v2,prequential_bma_ucb,0,S02:superiority_replication_confirmation:c1,I,12,0,0,0.0
ppo_release_v1,ppo_release_v2,prequential_bma_ucb,0,S02:superiority_replication_confirmation:c2,I,18,2,0,0.0
ppo_release_v1,ppo_release_v2,prequential_bma_ucb,0,S08:superiority_replication_confirmation:c0,I,0,0,0,
ppo_release_v1,ppo_release_v2,prequential_bma_ucb,0,S08:superiority_replication_confirmation:c1,I,0,8,0,
ppo_release_v1,ppo_release_v2,prequential_bma_ucb,0,S08:superiority_replication_confirmation:c2,I,0,0,0,
ppo_release_v1,ppo_release_v2,bidirectional_flip_ucb,0,S01:superiority_replication_confirmation:c0,R,0,0,0,
ppo_release_v1,ppo_release_v2,bidirectional_flip_ucb,0,S01:superiority_replication_confirmation:c1,R,0,4,0,
ppo_release_v1,ppo_release_v2,bidirectional_flip_ucb,0,S01:superiority_replication_confirmation:c2,R,0,0,0,
ppo_release_v1,ppo_release_v2,bidirectional_flip_ucb,0,S02:superiority_replication_confirmation:c0,R,0,2,0,
ppo_release_v1,ppo_release_v2,bidirectional_flip_ucb,0,S02:superiority_replication_confirmation:c1,R,3,3,3,1.0
ppo_release_v1,ppo_release_v2,bidirectional_flip_ucb,0,S02:superiority_replication_confirmation:c2,R,4,9,4,1.0
ppo_release_v1,ppo_release_v2,bidirectional_flip_ucb,0,S08:superiority_replication_confirmation:c0,R,0,0,0,
ppo_release_v1,ppo_release_v2,bidirectional_flip_ucb,0,S08:superiority_replication_confirmation:c1,R,0,2,0,
ppo_release_v1,ppo_release_v2,bidirectional_flip_ucb,0,S08:superiority_replication_confirmation:c2,R,0,0,0,
ppo_release_v1,ppo_release_v2,bidirectional_flip_ucb,0,S01:superiority_replication_confirmation:c0,I,0,0,0,
ppo_release_v1,ppo_release_v2,bidirectional_flip_ucb,0,S01:superiority_replication_confirmation:c1,I,0,3,0,
ppo_release_v1,ppo_release_v2,bidirectional_flip_ucb,0,S01:superiority_replication_confirmation:c2,I,0,0,0,
ppo_release_v1,ppo_release_v2,bidirectional_flip_ucb,0,S02:superiority_replication_confirmation:c0,I,3,1,0,0.0
ppo_release_v1,ppo_release_v2,bidirectional_flip_ucb,0,S02:superiority_replication_confirmation:c1,I,12,6,0,0.0
ppo_release_v1,ppo_release_v2,bidirectional_flip_ucb,0,S02:superiority_replication_confirmation:c2,I,18,7,0,0.0
ppo_release_v1,ppo_release_v2,bidirectional_flip_ucb,0,S08:superiority_replication_confirmation:c0,I,0,0,0,
ppo_release_v1,ppo_release_v2,bidirectional_flip_ucb,0,S08:superiority_replication_confirmation:c1,I,0,3,0,
ppo_release_v1,ppo_release_v2,bidirectional_flip_ucb,0,S08:superiority_replication_confirmation:c2,I,0,0,0,
ppo_release_v1,ppo_release_v2,coordinate_bootstrap_offset_ucb,0,S01:superiority_replication_confirmation:c0,R,0,1,0,
ppo_release_v1,ppo_release_v2,coordinate_bootstrap_offset_ucb,0,S01:superiority_replication_confirmation:c1,R,0,3,0,
ppo_release_v1,ppo_release_v2,coordinate_bootstrap_offset_ucb,0,S01:superiority_replication_confirmation:c2,R,0,1,0,
ppo_release_v1,ppo_release_v2,coordinate_bootstrap_offset_ucb,0,S02:superiority_replication_confirmation:c0,R,0,1,0,
ppo_release_v1,ppo_release_v2,coordinate_bootstrap_offset_ucb,0,S02:superiority_replication_confirmation:c1,R,3,4,1,0.3333333333333333
ppo_release_v1,ppo_release_v2,coordinate_bootstrap_offset_ucb,0,S02:superiority_replication_confirmation:c2,R,4,3,0,0.0
ppo_release_v1,ppo_release_v2,coordinate_bootstrap_offset_ucb,0,S08:superiority_replication_confirmation:c0,R,0,1,0,
ppo_release_v1,ppo_release_v2,coordinate_bootstrap_offset_ucb,0,S08:superiority_replication_confirmation:c1,R,0,5,0,
ppo_release_v1,ppo_release_v2,coordinate_bootstrap_offset_ucb,0,S08:superiority_replication_confirmation:c2,R,0,1,0,
ppo_release_v1,ppo_release_v2,coordinate_bootstrap_offset_ucb,0,S01:superiority_replication_confirmation:c0,I,0,0,0,
ppo_release_v1,ppo_release_v2,coordinate_bootstrap_offset_ucb,0,S01:superiority_replication_confirmation:c1,I,0,4,0,
ppo_release_v1,ppo_release_v2,coordinate_bootstrap_offset_ucb,0,S01:superiority_replication_confirmation:c2,I,0,0,0,
ppo_release_v1,ppo_release_v2,coordinate_bootstrap_offset_ucb,0,S02:superiority_replication_confirmation:c0,I,3,4,3,1.0
ppo_release_v1,ppo_release_v2,coordinate_bootstrap_offset_ucb,0,S02:superiority_replication_confirmation:c1,I,12,3,0,0.0
ppo_release_v1,ppo_release_v2,coordinate_bootstrap_offset_ucb,0,S02:superiority_replication_confirmation:c2,I,18,4,0,0.0
ppo_release_v1,ppo_release_v2,coordinate_bootstrap_offset_ucb,0,S08:superiority_replication_confirmation:c0,I,0,0,0,
ppo_release_v1,ppo_release_v2,coordinate_bootstrap_offset_ucb,0,S08:superiority_replication_confirmation:c1,I,0,5,0,
ppo_release_v1,ppo_release_v2,coordinate_bootstrap_offset_ucb,0,S08:superiority_replication_confirmation:c2,I,0,0,0,
ppo_release_v1,ppo_release_v2,directed_bootstrap_offset_ucb,0,S01:superiority_replication_confirmation:c0,R,0,1,0,
ppo_release_v1,ppo_release_v2,directed_bootstrap_offset_ucb,0,S01:superiority_replication_confirmation:c1,R,0,2,0,
ppo_release_v1,ppo_release_v2,directed_bootstrap_offset_ucb,0,S01:superiority_replication_confirmation:c2,R,0,1,0,
ppo_release_v1,ppo_release_v2,directed_bootstrap_offset_ucb,0,S02:superiority_replication_confirmation:c0,R,0,1,0,
ppo_release_v1,ppo_release_v2,directed_bootstrap_offset_ucb,0,S02:superiority_replication_confirmation:c1,R,3,6,3,1.0
ppo_release_v1,ppo_release_v2,directed_bootstrap_offset_ucb,0,S02:superiority_replication_confirmation:c2,R,4,3,0,0.0
ppo_release_v1,ppo_release_v2,directed_bootstrap_offset_ucb,0,S08:superiority_replication_confirmation:c0,R,0,1,0,
ppo_release_v1,ppo_release_v2,directed_bootstrap_offset_ucb,0,S08:superiority_replication_confirmation:c1,R,0,4,0,
ppo_release_v1,ppo_release_v2,directed_bootstrap_offset_ucb,0,S08:superiority_replication_confirmation:c2,R,0,1,0,
ppo_release_v1,ppo_release_v2,directed_bootstrap_offset_ucb,0,S01:superiority_replication_confirmation:c0,I,0,0,0,
ppo_release_v1,ppo_release_v2,directed_bootstrap_offset_ucb,0,S01:superiority_replication_confirmation:c1,I,0,3,0,
ppo_release_v1,ppo_release_v2,directed_bootstrap_offset_ucb,0,S01:superiority_replication_confirmation:c2,I,0,0,0,
ppo_release_v1,ppo_release_v2,directed_bootstrap_offset_ucb,0,S02:superiority_replication_confirmation:c0,I,3,4,3,1.0
ppo_release_v1,ppo_release_v2,directed_bootstrap_offset_ucb,0,S02:superiority_replication_confirmation:c1,I,12,5,2,0.16666666666666666
ppo_release_v1,ppo_release_v2,directed_bootstrap_offset_ucb,0,S02:superiority_replication_confirmation:c2,I,18,4,0,0.0
ppo_release_v1,ppo_release_v2,directed_bootstrap_offset_ucb,0,S08:superiority_replication_confirmation:c0,I,0,0,0,
ppo_release_v1,ppo_release_v2,directed_bootstrap_offset_ucb,0,S08:superiority_replication_confirmation:c1,I,0,4,0,
ppo_release_v1,ppo_release_v2,directed_bootstrap_offset_ucb,0,S08:superiority_replication_confirmation:c2,I,0,0,0,
ppo_release_v1,ppo_release_v2,coordinate_regression_bootstrap_ucb,0,S01:superiority_replication_confirmation:c0,R,0,1,0,
ppo_release_v1,ppo_release_v2,coordinate_regression_bootstrap_ucb,0,S01:superiority_replication_confirmation:c1,R,0,3,0,
ppo_release_v1,ppo_release_v2,coordinate_regression_bootstrap_ucb,0,S01:superiority_replication_confirmation:c2,R,0,1,0,
ppo_release_v1,ppo_release_v2,coordinate_regression_bootstrap_ucb,0,S02:superiority_replication_confirmation:c0,R,0,1,0,
ppo_release_v1,ppo_release_v2,coordinate_regression_bootstrap_ucb,0,S02:superiority_replication_confirmation:c1,R,3,6,3,1.0
ppo_release_v1,ppo_release_v2,coordinate_regression_bootstrap_ucb,0,S02:superiority_replication_confirmation:c2,R,4,3,0,0.0
ppo_release_v1,ppo_release_v2,coordinate_regression_bootstrap_ucb,0,S08:superiority_replication_confirmation:c0,R,0,1,0,
ppo_release_v1,ppo_release_v2,coordinate_regression_bootstrap_ucb,0,S08:superiority_replication_confirmation:c1,R,0,3,0,
ppo_release_v1,ppo_release_v2,coordinate_regression_bootstrap_ucb,0,S08:superiority_replication_confirmation:c2,R,0,1,0,
ppo_release_v1,ppo_release_v2,coordinate_regression_bootstrap_ucb,0,S01:superiority_replication_confirmation:c0,I,0,0,0,
ppo_release_v1,ppo_release_v2,coordinate_regression_bootstrap_ucb,0,S01:superiority_replication_confirmation:c1,I,0,4,0,
ppo_release_v1,ppo_release_v2,coordinate_regression_bootstrap_ucb,0,S01:superiority_replication_confirmation:c2,I,0,0,0,
ppo_release_v1,ppo_release_v2,coordinate_regression_bootstrap_ucb,0,S02:superiority_replication_confirmation:c0,I,3,5,3,1.0
ppo_release_v1,ppo_release_v2,coordinate_regression_bootstrap_ucb,0,S02:superiority_replication_confirmation:c1,I,12,3,0,0.0
ppo_release_v1,ppo_release_v2,coordinate_regression_bootstrap_ucb,0,S02:superiority_replication_confirmation:c2,I,18,4,0,0.0
ppo_release_v1,ppo_release_v2,coordinate_regression_bootstrap_ucb,0,S08:superiority_replication_confirmation:c0,I,0,0,0,
ppo_release_v1,ppo_release_v2,coordinate_regression_bootstrap_ucb,0,S08:superiority_replication_confirmation:c1,I,0,4,0,
ppo_release_v1,ppo_release_v2,coordinate_regression_bootstrap_ucb,0,S08:superiority_replication_confirmation:c2,I,0,0,0,
ppo_release_v1,ppo_release_v2,directed_regression_bootstrap_ucb,0,S01:superiority_replication_confirmation:c0,R,0,1,0,
ppo_release_v1,ppo_release_v2,directed_regression_bootstrap_ucb,0,S01:superiority_replication_confirmation:c1,R,0,2,0,
ppo_release_v1,ppo_release_v2,directed_regression_bootstrap_ucb,0,S01:superiority_replication_confirmation:c2,R,0,1,0,
ppo_release_v1,ppo_release_v2,directed_regression_bootstrap_ucb,0,S02:superiority_replication_confirmation:c0,R,0,1,0,
ppo_release_v1,ppo_release_v2,directed_regression_bootstrap_ucb,0,S02:superiority_replication_confirmation:c1,R,3,5,3,1.0
ppo_release_v1,ppo_release_v2,directed_regression_bootstrap_ucb,0,S02:superiority_replication_confirmation:c2,R,4,4,2,0.5
ppo_release_v1,ppo_release_v2,directed_regression_bootstrap_ucb,0,S08:superiority_replication_confirmation:c0,R,0,1,0,
ppo_release_v1,ppo_release_v2,directed_regression_bootstrap_ucb,0,S08:superiority_replication_confirmation:c1,R,0,4,0,
ppo_release_v1,ppo_release_v2,directed_regression_bootstrap_ucb,0,S08:superiority_replication_confirmation:c2,R,0,1,0,
ppo_release_v1,ppo_release_v2,directed_regression_bootstrap_ucb,0,S01:superiority_replication_confirmation:c0,I,0,0,0,
ppo_release_v1,ppo_release_v2,directed_regression_bootstrap_ucb,0,S01:superiority_replication_confirmation:c1,I,0,3,0,
ppo_release_v1,ppo_release_v2,directed_regression_bootstrap_ucb,0,S01:superiority_replication_confirmation:c2,I,0,0,0,
ppo_release_v1,ppo_release_v2,directed_regression_bootstrap_ucb,0,S02:superiority_replication_confirmation:c0,I,3,5,3,1.0
ppo_release_v1,ppo_release_v2,directed_regression_bootstrap_ucb,0,S02:superiority_replication_confirmation:c1,I,12,3,1,0.08333333333333333
ppo_release_v1,ppo_release_v2,directed_regression_bootstrap_ucb,0,S02:superiority_replication_confirmation:c2,I,18,3,0,0.0
ppo_release_v1,ppo_release_v2,directed_regression_bootstrap_ucb,0,S08:superiority_replication_confirmation:c0,I,0,0,0,
ppo_release_v1,ppo_release_v2,directed_regression_bootstrap_ucb,0,S08:superiority_replication_confirmation:c1,I,0,6,0,
ppo_release_v1,ppo_release_v2,directed_regression_bootstrap_ucb,0,S08:superiority_replication_confirmation:c2,I,0,0,0,
ppo_release_v1,ppo_release_v2,static_margin_coverage,0,S01:superiority_replication_confirmation:c0,R,0,1,0,
ppo_release_v1,ppo_release_v2,static_margin_coverage,0,S01:superiority_replication_confirmation:c1,R,0,1,0,
ppo_release_v1,ppo_release_v2,static_margin_coverage,0,S01:superiority_replication_confirmation:c2,R,0,1,0,
ppo_release_v1,ppo_release_v2,static_margin_coverage,0,S02:superiority_replication_confirmation:c0,R,0,2,0,
ppo_release_v1,ppo_release_v2,static_margin_coverage,0,S02:superiority_replication_confirmation:c1,R,3,8,3,1.0
ppo_release_v1,ppo_release_v2,static_margin_coverage,0,S02:superiority_replication_confirmation:c2,R,4,4,0,0.0
ppo_release_v1,ppo_release_v2,static_margin_coverage,0,S08:superiority_replication_confirmation:c0,R,0,1,0,
ppo_release_v1,ppo_release_v2,static_margin_coverage,0,S08:superiority_replication_confirmation:c1,R,0,1,0,
ppo_release_v1,ppo_release_v2,static_margin_coverage,0,S08:superiority_replication_confirmation:c2,R,0,1,0,
ppo_release_v1,ppo_release_v2,static_margin_coverage,0,S01:superiority_replication_confirmation:c0,I,0,0,0,
ppo_release_v1,ppo_release_v2,static_margin_coverage,0,S01:superiority_replication_confirmation:c1,I,0,8,0,
ppo_release_v1,ppo_release_v2,static_margin_coverage,0,S01:superiority_replication_confirmation:c2,I,0,0,0,
ppo_release_v1,ppo_release_v2,static_margin_coverage,0,S02:superiority_replication_confirmation:c0,I,3,4,3,1.0
ppo_release_v1,ppo_release_v2,static_margin_coverage,0,S02:superiority_replication_confirmation:c1,I,12,0,0,0.0
ppo_release_v1,ppo_release_v2,static_margin_coverage,0,S02:superiority_replication_confirmation:c2,I,18,2,0,0.0
ppo_release_v1,ppo_release_v2,static_margin_coverage,0,S08:superiority_replication_confirmation:c0,I,0,0,0,
ppo_release_v1,ppo_release_v2,static_margin_coverage,0,S08:superiority_replication_confirmation:c1,I,0,6,0,
ppo_release_v1,ppo_release_v2,static_margin_coverage,0,S08:superiority_replication_confirmation:c2,I,0,0,0,
ppo_release_v1,ppo_release_v2,coordinate_margin_frontier,0,S01:superiority_replication_confirmation:c0,R,0,1,0,
ppo_release_v1,ppo_release_v2,coordinate_margin_frontier,0,S01:superiority_replication_confirmation:c1,R,0,1,0,
ppo_release_v1,ppo_release_v2,coordinate_margin_frontier,0,S01:superiority_replication_confirmation:c2,R,0,1,0,
ppo_release_v1,ppo_release_v2,coordinate_margin_frontier,0,S02:superiority_replication_confirmation:c0,R,0,1,0,
ppo_release_v1,ppo_release_v2,coordinate_margin_frontier,0,S02:superiority_replication_confirmation:c1,R,3,5,0,0.0
ppo_release_v1,ppo_release_v2,coordinate_margin_frontier,0,S02:superiority_replication_confirmation:c2,R,4,8,0,0.0
ppo_release_v1,ppo_release_v2,coordinate_margin_frontier,0,S08:superiority_replication_confirmation:c0,R,0,1,0,
ppo_release_v1,ppo_release_v2,coordinate_margin_frontier,0,S08:superiority_replication_confirmation:c1,R,0,1,0,
ppo_release_v1,ppo_release_v2,coordinate_margin_frontier,0,S08:superiority_replication_confirmation:c2,R,0,1,0,
ppo_release_v1,ppo_release_v2,coordinate_margin_frontier,0,S01:superiority_replication_confirmation:c0,I,0,0,0,
ppo_release_v1,ppo_release_v2,coordinate_margin_frontier,0,S01:superiority_replication_confirmation:c1,I,0,10,0,
ppo_release_v1,ppo_release_v2,coordinate_margin_frontier,0,S01:superiority_replication_confirmation:c2,I,0,0,0,
ppo_release_v1,ppo_release_v2,coordinate_margin_frontier,0,S02:superiority_replication_confirmation:c0,I,3,4,3,1.0
ppo_release_v1,ppo_release_v2,coordinate_margin_frontier,0,S02:superiority_replication_confirmation:c1,I,12,0,0,0.0
ppo_release_v1,ppo_release_v2,coordinate_margin_frontier,0,S02:superiority_replication_confirmation:c2,I,18,1,0,0.0
ppo_release_v1,ppo_release_v2,coordinate_margin_frontier,0,S08:superiority_replication_confirmation:c0,I,0,0,0,
ppo_release_v1,ppo_release_v2,coordinate_margin_frontier,0,S08:superiority_replication_confirmation:c1,I,0,5,0,
ppo_release_v1,ppo_release_v2,coordinate_margin_frontier,0,S08:superiority_replication_confirmation:c2,I,0,0,0,
ppo_release_v1,ppo_release_v2,directed_margin_frontier,0,S01:superiority_replication_confirmation:c0,R,0,1,0,
ppo_release_v1,ppo_release_v2,directed_margin_frontier,0,S01:superiority_replication_confirmation:c1,R,0,1,0,
ppo_release_v1,ppo_release_v2,directed_margin_frontier,0,S01:superiority_replication_confirmation:c2,R,0,1,0,
ppo_release_v1,ppo_release_v2,directed_margin_frontier,0,S02:superiority_replication_confirmation:c0,R,0,1,0,
ppo_release_v1,ppo_release_v2,directed_margin_frontier,0,S02:superiority_replication_confirmation:c1,R,3,5,1,0.3333333333333333
ppo_release_v1,ppo_release_v2,directed_margin_frontier,0,S02:superiority_replication_confirmation:c2,R,4,4,0,0.0
ppo_release_v1,ppo_release_v2,directed_margin_frontier,0,S08:superiority_replication_confirmation:c0,R,0,1,0,
ppo_release_v1,ppo_release_v2,directed_margin_frontier,0,S08:superiority_replication_confirmation:c1,R,0,5,0,
ppo_release_v1,ppo_release_v2,directed_margin_frontier,0,S08:superiority_replication_confirmation:c2,R,0,1,0,
ppo_release_v1,ppo_release_v2,directed_margin_frontier,0,S01:superiority_replication_confirmation:c0,I,0,0,0,
ppo_release_v1,ppo_release_v2,directed_margin_frontier,0,S01:superiority_replication_confirmation:c1,I,0,3,0,
ppo_release_v1,ppo_release_v2,directed_margin_frontier,0,S01:superiority_replication_confirmation:c2,I,0,0,0,
ppo_release_v1,ppo_release_v2,directed_margin_frontier,0,S02:superiority_replication_confirmation:c0,I,3,4,3,1.0
ppo_release_v1,ppo_release_v2,directed_margin_frontier,0,S02:superiority_replication_confirmation:c1,I,12,0,0,0.0
ppo_release_v1,ppo_release_v2,directed_margin_frontier,0,S02:superiority_replication_confirmation:c2,I,18,3,0,0.0
ppo_release_v1,ppo_release_v2,directed_margin_frontier,0,S08:superiority_replication_confirmation:c0,I,0,0,0,
ppo_release_v1,ppo_release_v2,directed_margin_frontier,0,S08:superiority_replication_confirmation:c1,I,0,10,0,
ppo_release_v1,ppo_release_v2,directed_margin_frontier,0,S08:superiority_replication_confirmation:c2,I,0,0,0,
ppo_release_v1,ppo_release_v2,static_dual_margin_coverage,0,S01:superiority_replication_confirmation:c0,R,0,1,0,
ppo_release_v1,ppo_release_v2,static_dual_margin_coverage,0,S01:superiority_replication_confirmation:c1,R,0,1,0,
ppo_release_v1,ppo_release_v2,static_dual_margin_coverage,0,S01:superiority_replication_confirmation:c2,R,0,1,0,
ppo_release_v1,ppo_release_v2,static_dual_margin_coverage,0,S02:superiority_replication_confirmation:c0,R,0,2,0,
ppo_release_v1,ppo_release_v2,static_dual_margin_coverage,0,S02:superiority_replication_confirmation:c1,R,3,8,3,1.0
ppo_release_v1,ppo_release_v2,static_dual_margin_coverage,0,S02:superiority_replication_confirmation:c2,R,4,4,0,0.0
ppo_release_v1,ppo_release_v2,static_dual_margin_coverage,0,S08:superiority_replication_confirmation:c0,R,0,1,0,
ppo_release_v1,ppo_release_v2,static_dual_margin_coverage,0,S08:superiority_replication_confirmation:c1,R,0,1,0,
ppo_release_v1,ppo_release_v2,static_dual_margin_coverage,0,S08:superiority_replication_confirmation:c2,R,0,1,0,
ppo_release_v1,ppo_release_v2,static_dual_margin_coverage,0,S01:superiority_replication_confirmation:c0,I,0,0,0,
ppo_release_v1,ppo_release_v2,static_dual_margin_coverage,0,S01:superiority_replication_confirmation:c1,I,0,1,0,
ppo_release_v1,ppo_release_v2,static_dual_margin_coverage,0,S01:superiority_replication_confirmation:c2,I,0,0,0,
ppo_release_v1,ppo_release_v2,static_dual_margin_coverage,0,S02:superiority_replication_confirmation:c0,I,3,1,0,0.0
ppo_release_v1,ppo_release_v2,static_dual_margin_coverage,0,S02:superiority_replication_confirmation:c1,I,12,6,0,0.0
ppo_release_v1,ppo_release_v2,static_dual_margin_coverage,0,S02:superiority_replication_confirmation:c2,I,18,1,0,0.0
ppo_release_v1,ppo_release_v2,static_dual_margin_coverage,0,S08:superiority_replication_confirmation:c0,I,0,0,0,
ppo_release_v1,ppo_release_v2,static_dual_margin_coverage,0,S08:superiority_replication_confirmation:c1,I,0,11,0,
ppo_release_v1,ppo_release_v2,static_dual_margin_coverage,0,S08:superiority_replication_confirmation:c2,I,0,0,0,
ppo_release_v1,ppo_release_v2,coordinate_dual_margin_frontier,0,S01:superiority_replication_confirmation:c0,R,0,1,0,
ppo_release_v1,ppo_release_v2,coordinate_dual_margin_frontier,0,S01:superiority_replication_confirmation:c1,R,0,1,0,
ppo_release_v1,ppo_release_v2,coordinate_dual_margin_frontier,0,S01:superiority_replication_confirmation:c2,R,0,1,0,
ppo_release_v1,ppo_release_v2,coordinate_dual_margin_frontier,0,S02:superiority_replication_confirmation:c0,R,0,1,0,
ppo_release_v1,ppo_release_v2,coordinate_dual_margin_frontier,0,S02:superiority_replication_confirmation:c1,R,3,5,0,0.0
ppo_release_v1,ppo_release_v2,coordinate_dual_margin_frontier,0,S02:superiority_replication_confirmation:c2,R,4,7,0,0.0
ppo_release_v1,ppo_release_v2,coordinate_dual_margin_frontier,0,S08:superiority_replication_confirmation:c0,R,0,1,0,
ppo_release_v1,ppo_release_v2,coordinate_dual_margin_frontier,0,S08:superiority_replication_confirmation:c1,R,0,2,0,
ppo_release_v1,ppo_release_v2,coordinate_dual_margin_frontier,0,S08:superiority_replication_confirmation:c2,R,0,1,0,
ppo_release_v1,ppo_release_v2,coordinate_dual_margin_frontier,0,S01:superiority_replication_confirmation:c0,I,0,0,0,
ppo_release_v1,ppo_release_v2,coordinate_dual_margin_frontier,0,S01:superiority_replication_confirmation:c1,I,0,7,0,
ppo_release_v1,ppo_release_v2,coordinate_dual_margin_frontier,0,S01:superiority_replication_confirmation:c2,I,0,0,0,
ppo_release_v1,ppo_release_v2,coordinate_dual_margin_frontier,0,S02:superiority_replication_confirmation:c0,I,3,5,3,1.0
ppo_release_v1,ppo_release_v2,coordinate_dual_margin_frontier,0,S02:superiority_replication_confirmation:c1,I,12,2,0,0.0
ppo_release_v1,ppo_release_v2,coordinate_dual_margin_frontier,0,S02:superiority_replication_confirmation:c2,I,18,2,0,0.0
ppo_release_v1,ppo_release_v2,coordinate_dual_margin_frontier,0,S08:superiority_replication_confirmation:c0,I,0,0,0,
ppo_release_v1,ppo_release_v2,coordinate_dual_margin_frontier,0,S08:superiority_replication_confirmation:c1,I,0,4,0,
ppo_release_v1,ppo_release_v2,coordinate_dual_margin_frontier,0,S08:superiority_replication_confirmation:c2,I,0,0,0,
ppo_release_v1,ppo_release_v2,directed_dual_margin_frontier,0,S01:superiority_replication_confirmation:c0,R,0,1,0,
ppo_release_v1,ppo_release_v2,directed_dual_margin_frontier,0,S01:superiority_replication_confirmation:c1,R,0,1,0,
ppo_release_v1,ppo_release_v2,directed_dual_margin_frontier,0,S01:superiority_replication_confirmation:c2,R,0,1,0,
ppo_release_v1,ppo_release_v2,directed_dual_margin_frontier,0,S02:superiority_replication_confirmation:c0,R,0,1,0,
ppo_release_v1,ppo_release_v2,directed_dual_margin_frontier,0,S02:superiority_replication_confirmation:c1,R,3,5,1,0.3333333333333333
ppo_release_v1,ppo_release_v2,directed_dual_margin_frontier,0,S02:superiority_replication_confirmation:c2,R,4,4,0,0.0
ppo_release_v1,ppo_release_v2,directed_dual_margin_frontier,0,S08:superiority_replication_confirmation:c0,R,0,1,0,
ppo_release_v1,ppo_release_v2,directed_dual_margin_frontier,0,S08:superiority_replication_confirmation:c1,R,0,5,0,
ppo_release_v1,ppo_release_v2,directed_dual_margin_frontier,0,S08:superiority_replication_confirmation:c2,R,0,1,0,
ppo_release_v1,ppo_release_v2,directed_dual_margin_frontier,0,S01:superiority_replication_confirmation:c0,I,0,0,0,
ppo_release_v1,ppo_release_v2,directed_dual_margin_frontier,0,S01:superiority_replication_confirmation:c1,I,0,2,0,
ppo_release_v1,ppo_release_v2,directed_dual_margin_frontier,0,S01:superiority_replication_confirmation:c2,I,0,0,0,
ppo_release_v1,ppo_release_v2,directed_dual_margin_frontier,0,S02:superiority_replication_confirmation:c0,I,3,5,3,1.0
ppo_release_v1,ppo_release_v2,directed_dual_margin_frontier,0,S02:superiority_replication_confirmation:c1,I,12,1,0,0.0
ppo_release_v1,ppo_release_v2,directed_dual_margin_frontier,0,S02:superiority_replication_confirmation:c2,I,18,3,0,0.0
ppo_release_v1,ppo_release_v2,directed_dual_margin_frontier,0,S08:superiority_replication_confirmation:c0,I,0,0,0,
ppo_release_v1,ppo_release_v2,directed_dual_margin_frontier,0,S08:superiority_replication_confirmation:c1,I,0,9,0,
ppo_release_v1,ppo_release_v2,directed_dual_margin_frontier,0,S08:superiority_replication_confirmation:c2,I,0,0,0,
ppo_release_v1,ppo_release_v2,static_dual_coverage2,0,S01:superiority_replication_confirmation:c0,R,0,1,0,
ppo_release_v1,ppo_release_v2,static_dual_coverage2,0,S01:superiority_replication_confirmation:c1,R,0,1,0,
ppo_release_v1,ppo_release_v2,static_dual_coverage2,0,S01:superiority_replication_confirmation:c2,R,0,1,0,
ppo_release_v1,ppo_release_v2,static_dual_coverage2,0,S02:superiority_replication_confirmation:c0,R,0,2,0,
ppo_release_v1,ppo_release_v2,static_dual_coverage2,0,S02:superiority_replication_confirmation:c1,R,3,8,3,1.0
ppo_release_v1,ppo_release_v2,static_dual_coverage2,0,S02:superiority_replication_confirmation:c2,R,4,4,0,0.0
ppo_release_v1,ppo_release_v2,static_dual_coverage2,0,S08:superiority_replication_confirmation:c0,R,0,1,0,
ppo_release_v1,ppo_release_v2,static_dual_coverage2,0,S08:superiority_replication_confirmation:c1,R,0,1,0,
ppo_release_v1,ppo_release_v2,static_dual_coverage2,0,S08:superiority_replication_confirmation:c2,R,0,1,0,
ppo_release_v1,ppo_release_v2,static_dual_coverage2,0,S01:superiority_replication_confirmation:c0,I,0,0,0,
ppo_release_v1,ppo_release_v2,static_dual_coverage2,0,S01:superiority_replication_confirmation:c1,I,0,2,0,
ppo_release_v1,ppo_release_v2,static_dual_coverage2,0,S01:superiority_replication_confirmation:c2,I,0,0,0,
ppo_release_v1,ppo_release_v2,static_dual_coverage2,0,S02:superiority_replication_confirmation:c0,I,3,2,1,0.3333333333333333
ppo_release_v1,ppo_release_v2,static_dual_coverage2,0,S02:superiority_replication_confirmation:c1,I,12,2,0,0.0
ppo_release_v1,ppo_release_v2,static_dual_coverage2,0,S02:superiority_replication_confirmation:c2,I,18,2,1,0.05555555555555555
ppo_release_v1,ppo_release_v2,static_dual_coverage2,0,S08:superiority_replication_confirmation:c0,I,0,0,0,
ppo_release_v1,ppo_release_v2,static_dual_coverage2,0,S08:superiority_replication_confirmation:c1,I,0,12,0,
ppo_release_v1,ppo_release_v2,static_dual_coverage2,0,S08:superiority_replication_confirmation:c2,I,0,0,0,
ppo_release_v1,ppo_release_v2,coordinate_dual_local,0,S01:superiority_replication_confirmation:c0,R,0,1,0,
ppo_release_v1,ppo_release_v2,coordinate_dual_local,0,S01:superiority_replication_confirmation:c1,R,0,4,0,
ppo_release_v1,ppo_release_v2,coordinate_dual_local,0,S01:superiority_replication_confirmation:c2,R,0,1,0,
ppo_release_v1,ppo_release_v2,coordinate_dual_local,0,S02:superiority_replication_confirmation:c0,R,0,1,0,
ppo_release_v1,ppo_release_v2,coordinate_dual_local,0,S02:superiority_replication_confirmation:c1,R,3,5,0,0.0
ppo_release_v1,ppo_release_v2,coordinate_dual_local,0,S02:superiority_replication_confirmation:c2,R,4,2,0,0.0
ppo_release_v1,ppo_release_v2,coordinate_dual_local,0,S08:superiority_replication_confirmation:c0,R,0,1,0,
ppo_release_v1,ppo_release_v2,coordinate_dual_local,0,S08:superiority_replication_confirmation:c1,R,0,4,0,
ppo_release_v1,ppo_release_v2,coordinate_dual_local,0,S08:superiority_replication_confirmation:c2,R,0,1,0,
ppo_release_v1,ppo_release_v2,coordinate_dual_local,0,S01:superiority_replication_confirmation:c0,I,0,0,0,
ppo_release_v1,ppo_release_v2,coordinate_dual_local,0,S01:superiority_replication_confirmation:c1,I,0,2,0,
ppo_release_v1,ppo_release_v2,coordinate_dual_local,0,S01:superiority_replication_confirmation:c2,I,0,0,0,
ppo_release_v1,ppo_release_v2,coordinate_dual_local,0,S02:superiority_replication_confirmation:c0,I,3,2,1,0.3333333333333333
ppo_release_v1,ppo_release_v2,coordinate_dual_local,0,S02:superiority_replication_confirmation:c1,I,12,3,0,0.0
ppo_release_v1,ppo_release_v2,coordinate_dual_local,0,S02:superiority_replication_confirmation:c2,I,18,11,5,0.2777777777777778
ppo_release_v1,ppo_release_v2,coordinate_dual_local,0,S08:superiority_replication_confirmation:c0,I,0,0,0,
ppo_release_v1,ppo_release_v2,coordinate_dual_local,0,S08:superiority_replication_confirmation:c1,I,0,2,0,
ppo_release_v1,ppo_release_v2,coordinate_dual_local,0,S08:superiority_replication_confirmation:c2,I,0,0,0,
ppo_release_v1,ppo_release_v2,directed_dual_local,0,S01:superiority_replication_confirmation:c0,R,0,1,0,
ppo_release_v1,ppo_release_v2,directed_dual_local,0,S01:superiority_replication_confirmation:c1,R,0,3,0,
ppo_release_v1,ppo_release_v2,directed_dual_local,0,S01:superiority_replication_confirmation:c2,R,0,1,0,
ppo_release_v1,ppo_release_v2,directed_dual_local,0,S02:superiority_replication_confirmation:c0,R,0,1,0,
ppo_release_v1,ppo_release_v2,directed_dual_local,0,S02:superiority_replication_confirmation:c1,R,3,4,0,0.0
ppo_release_v1,ppo_release_v2,directed_dual_local,0,S02:superiority_replication_confirmation:c2,R,4,3,1,0.25
ppo_release_v1,ppo_release_v2,directed_dual_local,0,S08:superiority_replication_confirmation:c0,R,0,1,0,
ppo_release_v1,ppo_release_v2,directed_dual_local,0,S08:superiority_replication_confirmation:c1,R,0,5,0,
ppo_release_v1,ppo_release_v2,directed_dual_local,0,S08:superiority_replication_confirmation:c2,R,0,1,0,
ppo_release_v1,ppo_release_v2,directed_dual_local,0,S01:superiority_replication_confirmation:c0,I,0,0,0,
ppo_release_v1,ppo_release_v2,directed_dual_local,0,S01:superiority_replication_confirmation:c1,I,0,2,0,
ppo_release_v1,ppo_release_v2,directed_dual_local,0,S01:superiority_replication_confirmation:c2,I,0,0,0,
ppo_release_v1,ppo_release_v2,directed_dual_local,0,S02:superiority_replication_confirmation:c0,I,3,2,1,0.3333333333333333
ppo_release_v1,ppo_release_v2,directed_dual_local,0,S02:superiority_replication_confirmation:c1,I,12,2,0,0.0
ppo_release_v1,ppo_release_v2,directed_dual_local,0,S02:superiority_replication_confirmation:c2,I,18,11,5,0.2777777777777778
ppo_release_v1,ppo_release_v2,directed_dual_local,0,S08:superiority_replication_confirmation:c0,I,0,0,0,
ppo_release_v1,ppo_release_v2,directed_dual_local,0,S08:superiority_replication_confirmation:c1,I,0,3,0,
ppo_release_v1,ppo_release_v2,directed_dual_local,0,S08:superiority_replication_confirmation:c2,I,0,0,0,
ppo_release_v1,ppo_release_v2,static_majority_coverage2,0,S01:superiority_replication_confirmation:c0,R,0,1,0,
ppo_release_v1,ppo_release_v2,static_majority_coverage2,0,S01:superiority_replication_confirmation:c1,R,0,1,0,
ppo_release_v1,ppo_release_v2,static_majority_coverage2,0,S01:superiority_replication_confirmation:c2,R,0,1,0,
ppo_release_v1,ppo_release_v2,static_majority_coverage2,0,S02:superiority_replication_confirmation:c0,R,0,2,0,
ppo_release_v1,ppo_release_v2,static_majority_coverage2,0,S02:superiority_replication_confirmation:c1,R,3,8,3,1.0
ppo_release_v1,ppo_release_v2,static_majority_coverage2,0,S02:superiority_replication_confirmation:c2,R,4,4,0,0.0
ppo_release_v1,ppo_release_v2,static_majority_coverage2,0,S08:superiority_replication_confirmation:c0,R,0,1,0,
ppo_release_v1,ppo_release_v2,static_majority_coverage2,0,S08:superiority_replication_confirmation:c1,R,0,1,0,
ppo_release_v1,ppo_release_v2,static_majority_coverage2,0,S08:superiority_replication_confirmation:c2,R,0,1,0,
ppo_release_v1,ppo_release_v2,static_majority_coverage2,0,S01:superiority_replication_confirmation:c0,I,0,0,0,
ppo_release_v1,ppo_release_v2,static_majority_coverage2,0,S01:superiority_replication_confirmation:c1,I,0,0,0,
ppo_release_v1,ppo_release_v2,static_majority_coverage2,0,S01:superiority_replication_confirmation:c2,I,0,0,0,
ppo_release_v1,ppo_release_v2,static_majority_coverage2,0,S02:superiority_replication_confirmation:c0,I,3,0,0,0.0
ppo_release_v1,ppo_release_v2,static_majority_coverage2,0,S02:superiority_replication_confirmation:c1,I,12,7,0,0.0
ppo_release_v1,ppo_release_v2,static_majority_coverage2,0,S02:superiority_replication_confirmation:c2,I,18,2,1,0.05555555555555555
ppo_release_v1,ppo_release_v2,static_majority_coverage2,0,S08:superiority_replication_confirmation:c0,I,0,0,0,
ppo_release_v1,ppo_release_v2,static_majority_coverage2,0,S08:superiority_replication_confirmation:c1,I,0,11,0,
ppo_release_v1,ppo_release_v2,static_majority_coverage2,0,S08:superiority_replication_confirmation:c2,I,0,0,0,
ppo_release_v1,ppo_release_v2,coordinate_majority_local,0,S01:superiority_replication_confirmation:c0,R,0,1,0,
ppo_release_v1,ppo_release_v2,coordinate_majority_local,0,S01:superiority_replication_confirmation:c1,R,0,2,0,
ppo_release_v1,ppo_release_v2,coordinate_majority_local,0,S01:superiority_replication_confirmation:c2,R,0,1,0,
ppo_release_v1,ppo_release_v2,coordinate_majority_local,0,S02:superiority_replication_confirmation:c0,R,0,1,0,
ppo_release_v1,ppo_release_v2,coordinate_majority_local,0,S02:superiority_replication_confirmation:c1,R,3,5,0,0.0
ppo_release_v1,ppo_release_v2,coordinate_majority_local,0,S02:superiority_replication_confirmation:c2,R,4,3,0,0.0
ppo_release_v1,ppo_release_v2,coordinate_majority_local,0,S08:superiority_replication_confirmation:c0,R,0,1,0,
ppo_release_v1,ppo_release_v2,coordinate_majority_local,0,S08:superiority_replication_confirmation:c1,R,0,5,0,
ppo_release_v1,ppo_release_v2,coordinate_majority_local,0,S08:superiority_replication_confirmation:c2,R,0,1,0,
ppo_release_v1,ppo_release_v2,coordinate_majority_local,0,S01:superiority_replication_confirmation:c0,I,0,0,0,
ppo_release_v1,ppo_release_v2,coordinate_majority_local,0,S01:superiority_replication_confirmation:c1,I,0,0,0,
ppo_release_v1,ppo_release_v2,coordinate_majority_local,0,S01:superiority_replication_confirmation:c2,I,0,0,0,
ppo_release_v1,ppo_release_v2,coordinate_majority_local,0,S02:superiority_replication_confirmation:c0,I,3,4,3,1.0
ppo_release_v1,ppo_release_v2,coordinate_majority_local,0,S02:superiority_replication_confirmation:c1,I,12,3,0,0.0
ppo_release_v1,ppo_release_v2,coordinate_majority_local,0,S02:superiority_replication_confirmation:c2,I,18,12,5,0.2777777777777778
ppo_release_v1,ppo_release_v2,coordinate_majority_local,0,S08:superiority_replication_confirmation:c0,I,0,0,0,
ppo_release_v1,ppo_release_v2,coordinate_majority_local,0,S08:superiority_replication_confirmation:c1,I,0,1,0,
ppo_release_v1,ppo_release_v2,coordinate_majority_local,0,S08:superiority_replication_confirmation:c2,I,0,0,0,
ppo_release_v1,ppo_release_v2,directed_majority_local,0,S01:superiority_replication_confirmation:c0,R,0,1,0,
ppo_release_v1,ppo_release_v2,directed_majority_local,0,S01:superiority_replication_confirmation:c1,R,0,3,0,
ppo_release_v1,ppo_release_v2,directed_majority_local,0,S01:superiority_replication_confirmation:c2,R,0,1,0,
ppo_release_v1,ppo_release_v2,directed_majority_local,0,S02:superiority_replication_confirmation:c0,R,0,1,0,
ppo_release_v1,ppo_release_v2,directed_majority_local,0,S02:superiority_replication_confirmation:c1,R,3,4,0,0.0
ppo_release_v1,ppo_release_v2,directed_majority_local,0,S02:superiority_replication_confirmation:c2,R,4,5,2,0.5
ppo_release_v1,ppo_release_v2,directed_majority_local,0,S08:superiority_replication_confirmation:c0,R,0,1,0,
ppo_release_v1,ppo_release_v2,directed_majority_local,0,S08:superiority_replication_confirmation:c1,R,0,3,0,
ppo_release_v1,ppo_release_v2,directed_majority_local,0,S08:superiority_replication_confirmation:c2,R,0,1,0,
ppo_release_v1,ppo_release_v2,directed_majority_local,0,S01:superiority_replication_confirmation:c0,I,0,0,0,
ppo_release_v1,ppo_release_v2,directed_majority_local,0,S01:superiority_replication_confirmation:c1,I,0,0,0,
ppo_release_v1,ppo_release_v2,directed_majority_local,0,S01:superiority_replication_confirmation:c2,I,0,0,0,
ppo_release_v1,ppo_release_v2,directed_majority_local,0,S02:superiority_replication_confirmation:c0,I,3,4,3,1.0
ppo_release_v1,ppo_release_v2,directed_majority_local,0,S02:superiority_replication_confirmation:c1,I,12,3,0,0.0
ppo_release_v1,ppo_release_v2,directed_majority_local,0,S02:superiority_replication_confirmation:c2,I,18,12,5,0.2777777777777778
ppo_release_v1,ppo_release_v2,directed_majority_local,0,S08:superiority_replication_confirmation:c0,I,0,0,0,
ppo_release_v1,ppo_release_v2,directed_majority_local,0,S08:superiority_replication_confirmation:c1,I,0,1,0,
ppo_release_v1,ppo_release_v2,directed_majority_local,0,S08:superiority_replication_confirmation:c2,I,0,0,0,
ppo_release_v1,ppo_release_v2,directed_gated_majority,0,S01:superiority_replication_confirmation:c0,R,0,1,0,
ppo_release_v1,ppo_release_v2,directed_gated_majority,0,S01:superiority_replication_confirmation:c1,R,0,1,0,
ppo_release_v1,ppo_release_v2,directed_gated_majority,0,S01:superiority_replication_confirmation:c2,R,0,1,0,
ppo_release_v1,ppo_release_v2,directed_gated_majority,0,S02:superiority_replication_confirmation:c0,R,0,1,0,
ppo_release_v1,ppo_release_v2,directed_gated_majority,0,S02:superiority_replication_confirmation:c1,R,3,4,0,0.0
ppo_release_v1,ppo_release_v2,directed_gated_majority,0,S02:superiority_replication_confirmation:c2,R,4,5,2,0.5
ppo_release_v1,ppo_release_v2,directed_gated_majority,0,S08:superiority_replication_confirmation:c0,R,0,1,0,
ppo_release_v1,ppo_release_v2,directed_gated_majority,0,S08:superiority_replication_confirmation:c1,R,0,5,0,
ppo_release_v1,ppo_release_v2,directed_gated_majority,0,S08:superiority_replication_confirmation:c2,R,0,1,0,
ppo_release_v1,ppo_release_v2,directed_gated_majority,0,S01:superiority_replication_confirmation:c0,I,0,0,0,
ppo_release_v1,ppo_release_v2,directed_gated_majority,0,S01:superiority_replication_confirmation:c1,I,0,0,0,
ppo_release_v1,ppo_release_v2,directed_gated_majority,0,S01:superiority_replication_confirmation:c2,I,0,0,0,
ppo_release_v1,ppo_release_v2,directed_gated_majority,0,S02:superiority_replication_confirmation:c0,I,3,4,3,1.0
ppo_release_v1,ppo_release_v2,directed_gated_majority,0,S02:superiority_replication_confirmation:c1,I,12,3,0,0.0
ppo_release_v1,ppo_release_v2,directed_gated_majority,0,S02:superiority_replication_confirmation:c2,I,18,12,5,0.2777777777777778
ppo_release_v1,ppo_release_v2,directed_gated_majority,0,S08:superiority_replication_confirmation:c0,I,0,0,0,
ppo_release_v1,ppo_release_v2,directed_gated_majority,0,S08:superiority_replication_confirmation:c1,I,0,1,0,
ppo_release_v1,ppo_release_v2,directed_gated_majority,0,S08:superiority_replication_confirmation:c2,I,0,0,0,
ppo_release_v1,ppo_release_v2,static_role_coverage2,0,S01:superiority_replication_confirmation:c0,R,0,1,0,
ppo_release_v1,ppo_release_v2,static_role_coverage2,0,S01:superiority_replication_confirmation:c1,R,0,1,0,
ppo_release_v1,ppo_release_v2,static_role_coverage2,0,S01:superiority_replication_confirmation:c2,R,0,1,0,
ppo_release_v1,ppo_release_v2,static_role_coverage2,0,S02:superiority_replication_confirmation:c0,R,0,2,0,
ppo_release_v1,ppo_release_v2,static_role_coverage2,0,S02:superiority_replication_confirmation:c1,R,3,8,3,1.0
ppo_release_v1,ppo_release_v2,static_role_coverage2,0,S02:superiority_replication_confirmation:c2,R,4,4,0,0.0
ppo_release_v1,ppo_release_v2,static_role_coverage2,0,S08:superiority_replication_confirmation:c0,R,0,1,0,
ppo_release_v1,ppo_release_v2,static_role_coverage2,0,S08:superiority_replication_confirmation:c1,R,0,1,0,
ppo_release_v1,ppo_release_v2,static_role_coverage2,0,S08:superiority_replication_confirmation:c2,R,0,1,0,
ppo_release_v1,ppo_release_v2,static_role_coverage2,0,S01:superiority_replication_confirmation:c0,I,0,0,0,
ppo_release_v1,ppo_release_v2,static_role_coverage2,0,S01:superiority_replication_confirmation:c1,I,0,0,0,
ppo_release_v1,ppo_release_v2,static_role_coverage2,0,S01:superiority_replication_confirmation:c2,I,0,0,0,
ppo_release_v1,ppo_release_v2,static_role_coverage2,0,S02:superiority_replication_confirmation:c0,I,3,0,0,0.0
ppo_release_v1,ppo_release_v2,static_role_coverage2,0,S02:superiority_replication_confirmation:c1,I,12,7,0,0.0
ppo_release_v1,ppo_release_v2,static_role_coverage2,0,S02:superiority_replication_confirmation:c2,I,18,2,1,0.05555555555555555
ppo_release_v1,ppo_release_v2,static_role_coverage2,0,S08:superiority_replication_confirmation:c0,I,0,0,0,
ppo_release_v1,ppo_release_v2,static_role_coverage2,0,S08:superiority_replication_confirmation:c1,I,0,11,0,
ppo_release_v1,ppo_release_v2,static_role_coverage2,0,S08:superiority_replication_confirmation:c2,I,0,0,0,
ppo_release_v1,ppo_release_v2,coordinate_role_gated,0,S01:superiority_replication_confirmation:c0,R,0,1,0,
ppo_release_v1,ppo_release_v2,coordinate_role_gated,0,S01:superiority_replication_confirmation:c1,R,0,1,0,
ppo_release_v1,ppo_release_v2,coordinate_role_gated,0,S01:superiority_replication_confirmation:c2,R,0,1,0,
ppo_release_v1,ppo_release_v2,coordinate_role_gated,0,S02:superiority_replication_confirmation:c0,R,0,1,0,
ppo_release_v1,ppo_release_v2,coordinate_role_gated,0,S02:superiority_replication_confirmation:c1,R,3,8,3,1.0
ppo_release_v1,ppo_release_v2,coordinate_role_gated,0,S02:superiority_replication_confirmation:c2,R,4,2,0,0.0
ppo_release_v1,ppo_release_v2,coordinate_role_gated,0,S08:superiority_replication_confirmation:c0,R,0,1,0,
ppo_release_v1,ppo_release_v2,coordinate_role_gated,0,S08:superiority_replication_confirmation:c1,R,0,4,0,
ppo_release_v1,ppo_release_v2,coordinate_role_gated,0,S08:superiority_replication_confirmation:c2,R,0,1,0,
ppo_release_v1,ppo_release_v2,coordinate_role_gated,0,S01:superiority_replication_confirmation:c0,I,0,0,0,
ppo_release_v1,ppo_release_v2,coordinate_role_gated,0,S01:superiority_replication_confirmation:c1,I,0,1,0,
ppo_release_v1,ppo_release_v2,coordinate_role_gated,0,S01:superiority_replication_confirmation:c2,I,0,0,0,
ppo_release_v1,ppo_release_v2,coordinate_role_gated,0,S02:superiority_replication_confirmation:c0,I,3,4,3,1.0
ppo_release_v1,ppo_release_v2,coordinate_role_gated,0,S02:superiority_replication_confirmation:c1,I,12,3,0,0.0
ppo_release_v1,ppo_release_v2,coordinate_role_gated,0,S02:superiority_replication_confirmation:c2,I,18,12,5,0.2777777777777778
ppo_release_v1,ppo_release_v2,coordinate_role_gated,0,S08:superiority_replication_confirmation:c0,I,0,0,0,
ppo_release_v1,ppo_release_v2,coordinate_role_gated,0,S08:superiority_replication_confirmation:c1,I,0,0,0,
ppo_release_v1,ppo_release_v2,coordinate_role_gated,0,S08:superiority_replication_confirmation:c2,I,0,0,0,
ppo_release_v1,ppo_release_v2,directed_role_gated,0,S01:superiority_replication_confirmation:c0,R,0,1,0,
ppo_release_v1,ppo_release_v2,directed_role_gated,0,S01:superiority_replication_confirmation:c1,R,0,1,0,
ppo_release_v1,ppo_release_v2,directed_role_gated,0,S01:superiority_replication_confirmation:c2,R,0,1,0,
ppo_release_v1,ppo_release_v2,directed_role_gated,0,S02:superiority_replication_confirmation:c0,R,0,1,0,
ppo_release_v1,ppo_release_v2,directed_role_gated,0,S02:superiority_replication_confirmation:c1,R,3,5,0,0.0
ppo_release_v1,ppo_release_v2,directed_role_gated,0,S02:superiority_replication_confirmation:c2,R,4,4,1,0.25
ppo_release_v1,ppo_release_v2,directed_role_gated,0,S08:superiority_replication_confirmation:c0,R,0,1,0,
ppo_release_v1,ppo_release_v2,directed_role_gated,0,S08:superiority_replication_confirmation:c1,R,0,5,0,
ppo_release_v1,ppo_release_v2,directed_role_gated,0,S08:superiority_replication_confirmation:c2,R,0,1,0,
ppo_release_v1,ppo_release_v2,directed_role_gated,0,S01:superiority_replication_confirmation:c0,I,0,0,0,
ppo_release_v1,ppo_release_v2,directed_role_gated,0,S01:superiority_replication_confirmation:c1,I,0,0,0,
ppo_release_v1,ppo_release_v2,directed_role_gated,0,S01:superiority_replication_confirmation:c2,I,0,0,0,
ppo_release_v1,ppo_release_v2,directed_role_gated,0,S02:superiority_replication_confirmation:c0,I,3,4,3,1.0
ppo_release_v1,ppo_release_v2,directed_role_gated,0,S02:superiority_replication_confirmation:c1,I,12,3,0,0.0
ppo_release_v1,ppo_release_v2,directed_role_gated,0,S02:superiority_replication_confirmation:c2,I,18,12,5,0.2777777777777778
ppo_release_v1,ppo_release_v2,directed_role_gated,0,S08:superiority_replication_confirmation:c0,I,0,0,0,
ppo_release_v1,ppo_release_v2,directed_role_gated,0,S08:superiority_replication_confirmation:c1,I,0,1,0,
ppo_release_v1,ppo_release_v2,directed_role_gated,0,S08:superiority_replication_confirmation:c2,I,0,0,0,
ppo_release_v1,ppo_release_v2,adaptive_role_hybrid,0,S01:superiority_replication_confirmation:c0,R,0,1,0,
ppo_release_v1,ppo_release_v2,adaptive_role_hybrid,0,S01:superiority_replication_confirmation:c1,R,0,1,0,
ppo_release_v1,ppo_release_v2,adaptive_role_hybrid,0,S01:superiority_replication_confirmation:c2,R,0,1,0,
ppo_release_v1,ppo_release_v2,adaptive_role_hybrid,0,S02:superiority_replication_confirmation:c0,R,0,2,0,
ppo_release_v1,ppo_release_v2,adaptive_role_hybrid,0,S02:superiority_replication_confirmation:c1,R,3,8,3,1.0
ppo_release_v1,ppo_release_v2,adaptive_role_hybrid,0,S02:superiority_replication_confirmation:c2,R,4,4,0,0.0
ppo_release_v1,ppo_release_v2,adaptive_role_hybrid,0,S08:superiority_replication_confirmation:c0,R,0,1,0,
ppo_release_v1,ppo_release_v2,adaptive_role_hybrid,0,S08:superiority_replication_confirmation:c1,R,0,1,0,
ppo_release_v1,ppo_release_v2,adaptive_role_hybrid,0,S08:superiority_replication_confirmation:c2,R,0,1,0,
ppo_release_v1,ppo_release_v2,adaptive_role_hybrid,0,S01:superiority_replication_confirmation:c0,I,0,0,0,
ppo_release_v1,ppo_release_v2,adaptive_role_hybrid,0,S01:superiority_replication_confirmation:c1,I,0,1,0,
ppo_release_v1,ppo_release_v2,adaptive_role_hybrid,0,S01:superiority_replication_confirmation:c2,I,0,0,0,
ppo_release_v1,ppo_release_v2,adaptive_role_hybrid,0,S02:superiority_replication_confirmation:c0,I,3,4,3,1.0
ppo_release_v1,ppo_release_v2,adaptive_role_hybrid,0,S02:superiority_replication_confirmation:c1,I,12,3,0,0.0
ppo_release_v1,ppo_release_v2,adaptive_role_hybrid,0,S02:superiority_replication_confirmation:c2,I,18,12,5,0.2777777777777778
ppo_release_v1,ppo_release_v2,adaptive_role_hybrid,0,S08:superiority_replication_confirmation:c0,I,0,0,0,
ppo_release_v1,ppo_release_v2,adaptive_role_hybrid,0,S08:superiority_replication_confirmation:c1,I,0,0,0,
ppo_release_v1,ppo_release_v2,adaptive_role_hybrid,0,S08:superiority_replication_confirmation:c2,I,0,0,0,
ppo_release_v1,ppo_release_v2,multi_frontier_role,0,S01:superiority_replication_confirmation:c0,R,0,1,0,
ppo_release_v1,ppo_release_v2,multi_frontier_role,0,S01:superiority_replication_confirmation:c1,R,0,1,0,
ppo_release_v1,ppo_release_v2,multi_frontier_role,0,S01:superiority_replication_confirmation:c2,R,0,1,0,
ppo_release_v1,ppo_release_v2,multi_frontier_role,0,S02:superiority_replication_confirmation:c0,R,0,1,0,
ppo_release_v1,ppo_release_v2,multi_frontier_role,0,S02:superiority_replication_confirmation:c1,R,3,5,0,0.0
ppo_release_v1,ppo_release_v2,multi_frontier_role,0,S02:superiority_replication_confirmation:c2,R,4,4,1,0.25
ppo_release_v1,ppo_release_v2,multi_frontier_role,0,S08:superiority_replication_confirmation:c0,R,0,1,0,
ppo_release_v1,ppo_release_v2,multi_frontier_role,0,S08:superiority_replication_confirmation:c1,R,0,5,0,
ppo_release_v1,ppo_release_v2,multi_frontier_role,0,S08:superiority_replication_confirmation:c2,R,0,1,0,
ppo_release_v1,ppo_release_v2,multi_frontier_role,0,S01:superiority_replication_confirmation:c0,I,0,0,0,
ppo_release_v1,ppo_release_v2,multi_frontier_role,0,S01:superiority_replication_confirmation:c1,I,0,0,0,
ppo_release_v1,ppo_release_v2,multi_frontier_role,0,S01:superiority_replication_confirmation:c2,I,0,0,0,
ppo_release_v1,ppo_release_v2,multi_frontier_role,0,S02:superiority_replication_confirmation:c0,I,3,4,3,1.0
ppo_release_v1,ppo_release_v2,multi_frontier_role,0,S02:superiority_replication_confirmation:c1,I,12,3,0,0.0
ppo_release_v1,ppo_release_v2,multi_frontier_role,0,S02:superiority_replication_confirmation:c2,I,18,12,5,0.2777777777777778
ppo_release_v1,ppo_release_v2,multi_frontier_role,0,S08:superiority_replication_confirmation:c0,I,0,0,0,
ppo_release_v1,ppo_release_v2,multi_frontier_role,0,S08:superiority_replication_confirmation:c1,I,0,1,0,
ppo_release_v1,ppo_release_v2,multi_frontier_role,0,S08:superiority_replication_confirmation:c2,I,0,0,0,
ppo_release_v1,ppo_release_v2,multi_frontier_diversified,0,S01:superiority_replication_confirmation:c0,R,0,1,0,
ppo_release_v1,ppo_release_v2,multi_frontier_diversified,0,S01:superiority_replication_confirmation:c1,R,0,1,0,
ppo_release_v1,ppo_release_v2,multi_frontier_diversified,0,S01:superiority_replication_confirmation:c2,R,0,1,0,
ppo_release_v1,ppo_release_v2,multi_frontier_diversified,0,S02:superiority_replication_confirmation:c0,R,0,1,0,
ppo_release_v1,ppo_release_v2,multi_frontier_diversified,0,S02:superiority_replication_confirmation:c1,R,3,5,0,0.0
ppo_release_v1,ppo_release_v2,multi_frontier_diversified,0,S02:superiority_replication_confirmation:c2,R,4,4,1,0.25
ppo_release_v1,ppo_release_v2,multi_frontier_diversified,0,S08:superiority_replication_confirmation:c0,R,0,1,0,
ppo_release_v1,ppo_release_v2,multi_frontier_diversified,0,S08:superiority_replication_confirmation:c1,R,0,5,0,
ppo_release_v1,ppo_release_v2,multi_frontier_diversified,0,S08:superiority_replication_confirmation:c2,R,0,1,0,
ppo_release_v1,ppo_release_v2,multi_frontier_diversified,0,S01:superiority_replication_confirmation:c0,I,0,0,0,
ppo_release_v1,ppo_release_v2,multi_frontier_diversified,0,S01:superiority_replication_confirmation:c1,I,0,0,0,
ppo_release_v1,ppo_release_v2,multi_frontier_diversified,0,S01:superiority_replication_confirmation:c2,I,0,0,0,
ppo_release_v1,ppo_release_v2,multi_frontier_diversified,0,S02:superiority_replication_confirmation:c0,I,3,4,3,1.0
ppo_release_v1,ppo_release_v2,multi_frontier_diversified,0,S02:superiority_replication_confirmation:c1,I,12,3,0,0.0
ppo_release_v1,ppo_release_v2,multi_frontier_diversified,0,S02:superiority_replication_confirmation:c2,I,18,12,5,0.2777777777777778
ppo_release_v1,ppo_release_v2,multi_frontier_diversified,0,S08:superiority_replication_confirmation:c0,I,0,0,0,
ppo_release_v1,ppo_release_v2,multi_frontier_diversified,0,S08:superiority_replication_confirmation:c1,I,0,1,0,
ppo_release_v1,ppo_release_v2,multi_frontier_diversified,0,S08:superiority_replication_confirmation:c2,I,0,0,0,
ppo_release_v1,ppo_release_v2,coordinate_multi_frontier,0,S01:superiority_replication_confirmation:c0,R,0,1,0,
ppo_release_v1,ppo_release_v2,coordinate_multi_frontier,0,S01:superiority_replication_confirmation:c1,R,0,1,0,
ppo_release_v1,ppo_release_v2,coordinate_multi_frontier,0,S01:superiority_replication_confirmation:c2,R,0,1,0,
ppo_release_v1,ppo_release_v2,coordinate_multi_frontier,0,S02:superiority_replication_confirmation:c0,R,0,1,0,
ppo_release_v1,ppo_release_v2,coordinate_multi_frontier,0,S02:superiority_replication_confirmation:c1,R,3,8,3,1.0
ppo_release_v1,ppo_release_v2,coordinate_multi_frontier,0,S02:superiority_replication_confirmation:c2,R,4,2,0,0.0
ppo_release_v1,ppo_release_v2,coordinate_multi_frontier,0,S08:superiority_replication_confirmation:c0,R,0,1,0,
ppo_release_v1,ppo_release_v2,coordinate_multi_frontier,0,S08:superiority_replication_confirmation:c1,R,0,4,0,
ppo_release_v1,ppo_release_v2,coordinate_multi_frontier,0,S08:superiority_replication_confirmation:c2,R,0,1,0,
ppo_release_v1,ppo_release_v2,coordinate_multi_frontier,0,S01:superiority_replication_confirmation:c0,I,0,0,0,
ppo_release_v1,ppo_release_v2,coordinate_multi_frontier,0,S01:superiority_replication_confirmation:c1,I,0,1,0,
ppo_release_v1,ppo_release_v2,coordinate_multi_frontier,0,S01:superiority_replication_confirmation:c2,I,0,0,0,
ppo_release_v1,ppo_release_v2,coordinate_multi_frontier,0,S02:superiority_replication_confirmation:c0,I,3,4,3,1.0
ppo_release_v1,ppo_release_v2,coordinate_multi_frontier,0,S02:superiority_replication_confirmation:c1,I,12,3,0,0.0
ppo_release_v1,ppo_release_v2,coordinate_multi_frontier,0,S02:superiority_replication_confirmation:c2,I,18,12,5,0.2777777777777778
ppo_release_v1,ppo_release_v2,coordinate_multi_frontier,0,S08:superiority_replication_confirmation:c0,I,0,0,0,
ppo_release_v1,ppo_release_v2,coordinate_multi_frontier,0,S08:superiority_replication_confirmation:c1,I,0,0,0,
ppo_release_v1,ppo_release_v2,coordinate_multi_frontier,0,S08:superiority_replication_confirmation:c2,I,0,0,0,
ppo_release_v1,ppo_release_v2,static_role_coverage_latest,0,S01:superiority_replication_confirmation:c0,R,0,1,0,
ppo_release_v1,ppo_release_v2,static_role_coverage_latest,0,S01:superiority_replication_confirmation:c1,R,0,1,0,
ppo_release_v1,ppo_release_v2,static_role_coverage_latest,0,S01:superiority_replication_confirmation:c2,R,0,1,0,
ppo_release_v1,ppo_release_v2,static_role_coverage_latest,0,S02:superiority_replication_confirmation:c0,R,0,2,0,
ppo_release_v1,ppo_release_v2,static_role_coverage_latest,0,S02:superiority_replication_confirmation:c1,R,3,8,3,1.0
ppo_release_v1,ppo_release_v2,static_role_coverage_latest,0,S02:superiority_replication_confirmation:c2,R,4,4,0,0.0
ppo_release_v1,ppo_release_v2,static_role_coverage_latest,0,S08:superiority_replication_confirmation:c0,R,0,1,0,
ppo_release_v1,ppo_release_v2,static_role_coverage_latest,0,S08:superiority_replication_confirmation:c1,R,0,1,0,
ppo_release_v1,ppo_release_v2,static_role_coverage_latest,0,S08:superiority_replication_confirmation:c2,R,0,1,0,
ppo_release_v1,ppo_release_v2,static_role_coverage_latest,0,S01:superiority_replication_confirmation:c0,I,0,0,0,
ppo_release_v1,ppo_release_v2,static_role_coverage_latest,0,S01:superiority_replication_confirmation:c1,I,0,0,0,
ppo_release_v1,ppo_release_v2,static_role_coverage_latest,0,S01:superiority_replication_confirmation:c2,I,0,0,0,
ppo_release_v1,ppo_release_v2,static_role_coverage_latest,0,S02:superiority_replication_confirmation:c0,I,3,5,3,1.0
ppo_release_v1,ppo_release_v2,static_role_coverage_latest,0,S02:superiority_replication_confirmation:c1,I,12,2,0,0.0
ppo_release_v1,ppo_release_v2,static_role_coverage_latest,0,S02:superiority_replication_confirmation:c2,I,18,13,0,0.0
ppo_release_v1,ppo_release_v2,static_role_coverage_latest,0,S08:superiority_replication_confirmation:c0,I,0,0,0,
ppo_release_v1,ppo_release_v2,static_role_coverage_latest,0,S08:superiority_replication_confirmation:c1,I,0,0,0,
ppo_release_v1,ppo_release_v2,static_role_coverage_latest,0,S08:superiority_replication_confirmation:c2,I,0,0,0,
ppo_release_v1,ppo_release_v2,coordinate_role_gated_latest,0,S01:superiority_replication_confirmation:c0,R,0,1,0,
ppo_release_v1,ppo_release_v2,coordinate_role_gated_latest,0,S01:superiority_replication_confirmation:c1,R,0,1,0,
ppo_release_v1,ppo_release_v2,coordinate_role_gated_latest,0,S01:superiority_replication_confirmation:c2,R,0,1,0,
ppo_release_v1,ppo_release_v2,coordinate_role_gated_latest,0,S02:superiority_replication_confirmation:c0,R,0,1,0,
ppo_release_v1,ppo_release_v2,coordinate_role_gated_latest,0,S02:superiority_replication_confirmation:c1,R,3,3,0,0.0
ppo_release_v1,ppo_release_v2,coordinate_role_gated_latest,0,S02:superiority_replication_confirmation:c2,R,4,10,4,1.0
ppo_release_v1,ppo_release_v2,coordinate_role_gated_latest,0,S08:superiority_replication_confirmation:c0,R,0,1,0,
ppo_release_v1,ppo_release_v2,coordinate_role_gated_latest,0,S08:superiority_replication_confirmation:c1,R,0,1,0,
ppo_release_v1,ppo_release_v2,coordinate_role_gated_latest,0,S08:superiority_replication_confirmation:c2,R,0,1,0,
ppo_release_v1,ppo_release_v2,coordinate_role_gated_latest,0,S01:superiority_replication_confirmation:c0,I,0,0,0,
ppo_release_v1,ppo_release_v2,coordinate_role_gated_latest,0,S01:superiority_replication_confirmation:c1,I,0,5,0,
ppo_release_v1,ppo_release_v2,coordinate_role_gated_latest,0,S01:superiority_replication_confirmation:c2,I,0,0,0,
ppo_release_v1,ppo_release_v2,coordinate_role_gated_latest,0,S02:superiority_replication_confirmation:c0,I,3,4,3,1.0
ppo_release_v1,ppo_release_v2,coordinate_role_gated_latest,0,S02:superiority_replication_confirmation:c1,I,12,4,0,0.0
ppo_release_v1,ppo_release_v2,coordinate_role_gated_latest,0,S02:superiority_replication_confirmation:c2,I,18,5,0,0.0
ppo_release_v1,ppo_release_v2,coordinate_role_gated_latest,0,S08:superiority_replication_confirmation:c0,I,0,0,0,
ppo_release_v1,ppo_release_v2,coordinate_role_gated_latest,0,S08:superiority_replication_confirmation:c1,I,0,2,0,
ppo_release_v1,ppo_release_v2,coordinate_role_gated_latest,0,S08:superiority_replication_confirmation:c2,I,0,0,0,
ppo_release_v1,ppo_release_v2,directed_role_gated_latest,0,S01:superiority_replication_confirmation:c0,R,0,1,0,
ppo_release_v1,ppo_release_v2,directed_role_gated_latest,0,S01:superiority_replication_confirmation:c1,R,0,1,0,
ppo_release_v1,ppo_release_v2,directed_role_gated_latest,0,S01:superiority_replication_confirmation:c2,R,0,1,0,
ppo_release_v1,ppo_release_v2,directed_role_gated_latest,0,S02:superiority_replication_confirmation:c0,R,0,1,0,
ppo_release_v1,ppo_release_v2,directed_role_gated_latest,0,S02:superiority_replication_confirmation:c1,R,3,4,0,0.0
ppo_release_v1,ppo_release_v2,directed_role_gated_latest,0,S02:superiority_replication_confirmation:c2,R,4,5,1,0.25
ppo_release_v1,ppo_release_v2,directed_role_gated_latest,0,S08:superiority_replication_confirmation:c0,R,0,1,0,
ppo_release_v1,ppo_release_v2,directed_role_gated_latest,0,S08:superiority_replication_confirmation:c1,R,0,5,0,
ppo_release_v1,ppo_release_v2,directed_role_gated_latest,0,S08:superiority_replication_confirmation:c2,R,0,1,0,
ppo_release_v1,ppo_release_v2,directed_role_gated_latest,0,S01:superiority_replication_confirmation:c0,I,0,0,0,
ppo_release_v1,ppo_release_v2,directed_role_gated_latest,0,S01:superiority_replication_confirmation:c1,I,0,1,0,
ppo_release_v1,ppo_release_v2,directed_role_gated_latest,0,S01:superiority_replication_confirmation:c2,I,0,0,0,
ppo_release_v1,ppo_release_v2,directed_role_gated_latest,0,S02:superiority_replication_confirmation:c0,I,3,4,3,1.0
ppo_release_v1,ppo_release_v2,directed_role_gated_latest,0,S02:superiority_replication_confirmation:c1,I,12,4,0,0.0
ppo_release_v1,ppo_release_v2,directed_role_gated_latest,0,S02:superiority_replication_confirmation:c2,I,18,5,0,0.0
ppo_release_v1,ppo_release_v2,directed_role_gated_latest,0,S08:superiority_replication_confirmation:c0,I,0,0,0,
ppo_release_v1,ppo_release_v2,directed_role_gated_latest,0,S08:superiority_replication_confirmation:c1,I,0,6,0,
ppo_release_v1,ppo_release_v2,directed_role_gated_latest,0,S08:superiority_replication_confirmation:c2,I,0,0,0,
ppo_release_v1,ppo_release_v2,static_role_coverage_span,0,S01:superiority_replication_confirmation:c0,R,0,1,0,
ppo_release_v1,ppo_release_v2,static_role_coverage_span,0,S01:superiority_replication_confirmation:c1,R,0,1,0,
ppo_release_v1,ppo_release_v2,static_role_coverage_span,0,S01:superiority_replication_confirmation:c2,R,0,1,0,
ppo_release_v1,ppo_release_v2,static_role_coverage_span,0,S02:superiority_replication_confirmation:c0,R,0,2,0,
ppo_release_v1,ppo_release_v2,static_role_coverage_span,0,S02:superiority_replication_confirmation:c1,R,3,8,3,1.0
ppo_release_v1,ppo_release_v2,static_role_coverage_span,0,S02:superiority_replication_confirmation:c2,R,4,4,0,0.0
ppo_release_v1,ppo_release_v2,static_role_coverage_span,0,S08:superiority_replication_confirmation:c0,R,0,1,0,
ppo_release_v1,ppo_release_v2,static_role_coverage_span,0,S08:superiority_replication_confirmation:c1,R,0,1,0,
ppo_release_v1,ppo_release_v2,static_role_coverage_span,0,S08:superiority_replication_confirmation:c2,R,0,1,0,
ppo_release_v1,ppo_release_v2,static_role_coverage_span,0,S01:superiority_replication_confirmation:c0,I,0,0,0,
ppo_release_v1,ppo_release_v2,static_role_coverage_span,0,S01:superiority_replication_confirmation:c1,I,0,0,0,
ppo_release_v1,ppo_release_v2,static_role_coverage_span,0,S01:superiority_replication_confirmation:c2,I,0,0,0,
ppo_release_v1,ppo_release_v2,static_role_coverage_span,0,S02:superiority_replication_confirmation:c0,I,3,0,0,0.0
ppo_release_v1,ppo_release_v2,static_role_coverage_span,0,S02:superiority_replication_confirmation:c1,I,12,7,0,0.0
ppo_release_v1,ppo_release_v2,static_role_coverage_span,0,S02:superiority_replication_confirmation:c2,I,18,2,0,0.0
ppo_release_v1,ppo_release_v2,static_role_coverage_span,0,S08:superiority_replication_confirmation:c0,I,0,0,0,
ppo_release_v1,ppo_release_v2,static_role_coverage_span,0,S08:superiority_replication_confirmation:c1,I,0,11,0,
ppo_release_v1,ppo_release_v2,static_role_coverage_span,0,S08:superiority_replication_confirmation:c2,I,0,0,0,
ppo_release_v1,ppo_release_v2,coordinate_role_gated_span,0,S01:superiority_replication_confirmation:c0,R,0,1,0,
ppo_release_v1,ppo_release_v2,coordinate_role_gated_span,0,S01:superiority_replication_confirmation:c1,R,0,1,0,
ppo_release_v1,ppo_release_v2,coordinate_role_gated_span,0,S01:superiority_replication_confirmation:c2,R,0,1,0,
ppo_release_v1,ppo_release_v2,coordinate_role_gated_span,0,S02:superiority_replication_confirmation:c0,R,0,1,0,
ppo_release_v1,ppo_release_v2,coordinate_role_gated_span,0,S02:superiority_replication_confirmation:c1,R,3,5,0,0.0
ppo_release_v1,ppo_release_v2,coordinate_role_gated_span,0,S02:superiority_replication_confirmation:c2,R,4,8,3,0.75
ppo_release_v1,ppo_release_v2,coordinate_role_gated_span,0,S08:superiority_replication_confirmation:c0,R,0,1,0,
ppo_release_v1,ppo_release_v2,coordinate_role_gated_span,0,S08:superiority_replication_confirmation:c1,R,0,1,0,
ppo_release_v1,ppo_release_v2,coordinate_role_gated_span,0,S08:superiority_replication_confirmation:c2,R,0,1,0,
ppo_release_v1,ppo_release_v2,coordinate_role_gated_span,0,S01:superiority_replication_confirmation:c0,I,0,0,0,
ppo_release_v1,ppo_release_v2,coordinate_role_gated_span,0,S01:superiority_replication_confirmation:c1,I,0,4,0,
ppo_release_v1,ppo_release_v2,coordinate_role_gated_span,0,S01:superiority_replication_confirmation:c2,I,0,0,0,
ppo_release_v1,ppo_release_v2,coordinate_role_gated_span,0,S02:superiority_replication_confirmation:c0,I,3,4,3,1.0
ppo_release_v1,ppo_release_v2,coordinate_role_gated_span,0,S02:superiority_replication_confirmation:c1,I,12,5,0,0.0
ppo_release_v1,ppo_release_v2,coordinate_role_gated_span,0,S02:superiority_replication_confirmation:c2,I,18,5,0,0.0
ppo_release_v1,ppo_release_v2,coordinate_role_gated_span,0,S08:superiority_replication_confirmation:c0,I,0,0,0,
ppo_release_v1,ppo_release_v2,coordinate_role_gated_span,0,S08:superiority_replication_confirmation:c1,I,0,2,0,
ppo_release_v1,ppo_release_v2,coordinate_role_gated_span,0,S08:superiority_replication_confirmation:c2,I,0,0,0,
ppo_release_v1,ppo_release_v2,directed_role_gated_span,0,S01:superiority_replication_confirmation:c0,R,0,1,0,
ppo_release_v1,ppo_release_v2,directed_role_gated_span,0,S01:superiority_replication_confirmation:c1,R,0,1,0,
ppo_release_v1,ppo_release_v2,directed_role_gated_span,0,S01:superiority_replication_confirmation:c2,R,0,1,0,
ppo_release_v1,ppo_release_v2,directed_role_gated_span,0,S02:superiority_replication_confirmation:c0,R,0,1,0,
ppo_release_v1,ppo_release_v2,directed_role_gated_span,0,S02:superiority_replication_confirmation:c1,R,3,5,0,0.0
ppo_release_v1,ppo_release_v2,directed_role_gated_span,0,S02:superiority_replication_confirmation:c2,R,4,4,0,0.0
ppo_release_v1,ppo_release_v2,directed_role_gated_span,0,S08:superiority_replication_confirmation:c0,R,0,1,0,
ppo_release_v1,ppo_release_v2,directed_role_gated_span,0,S08:superiority_replication_confirmation:c1,R,0,5,0,
ppo_release_v1,ppo_release_v2,directed_role_gated_span,0,S08:superiority_replication_confirmation:c2,R,0,1,0,
ppo_release_v1,ppo_release_v2,directed_role_gated_span,0,S01:superiority_replication_confirmation:c0,I,0,0,0,
ppo_release_v1,ppo_release_v2,directed_role_gated_span,0,S01:superiority_replication_confirmation:c1,I,0,1,0,
ppo_release_v1,ppo_release_v2,directed_role_gated_span,0,S01:superiority_replication_confirmation:c2,I,0,0,0,
ppo_release_v1,ppo_release_v2,directed_role_gated_span,0,S02:superiority_replication_confirmation:c0,I,3,4,3,1.0
ppo_release_v1,ppo_release_v2,directed_role_gated_span,0,S02:superiority_replication_confirmation:c1,I,12,4,0,0.0
ppo_release_v1,ppo_release_v2,directed_role_gated_span,0,S02:superiority_replication_confirmation:c2,I,18,5,0,0.0
ppo_release_v1,ppo_release_v2,directed_role_gated_span,0,S08:superiority_replication_confirmation:c0,I,0,0,0,
ppo_release_v1,ppo_release_v2,directed_role_gated_span,0,S08:superiority_replication_confirmation:c1,I,0,6,0,
ppo_release_v1,ppo_release_v2,directed_role_gated_span,0,S08:superiority_replication_confirmation:c2,I,0,0,0,
ppo_release_v1,ppo_release_v2,directed_role_gated_edges,0,S01:superiority_replication_confirmation:c0,R,0,1,0,
ppo_release_v1,ppo_release_v2,directed_role_gated_edges,0,S01:superiority_replication_confirmation:c1,R,0,1,0,
ppo_release_v1,ppo_release_v2,directed_role_gated_edges,0,S01:superiority_replication_confirmation:c2,R,0,1,0,
ppo_release_v1,ppo_release_v2,directed_role_gated_edges,0,S02:superiority_replication_confirmation:c0,R,0,1,0,
ppo_release_v1,ppo_release_v2,directed_role_gated_edges,0,S02:superiority_replication_confirmation:c1,R,3,4,0,0.0
ppo_release_v1,ppo_release_v2,directed_role_gated_edges,0,S02:superiority_replication_confirmation:c2,R,4,5,2,0.5
ppo_release_v1,ppo_release_v2,directed_role_gated_edges,0,S08:superiority_replication_confirmation:c0,R,0,1,0,
ppo_release_v1,ppo_release_v2,directed_role_gated_edges,0,S08:superiority_replication_confirmation:c1,R,0,5,0,
ppo_release_v1,ppo_release_v2,directed_role_gated_edges,0,S08:superiority_replication_confirmation:c2,R,0,1,0,
ppo_release_v1,ppo_release_v2,directed_role_gated_edges,0,S01:superiority_replication_confirmation:c0,I,0,0,0,
ppo_release_v1,ppo_release_v2,directed_role_gated_edges,0,S01:superiority_replication_confirmation:c1,I,0,0,0,
ppo_release_v1,ppo_release_v2,directed_role_gated_edges,0,S01:superiority_replication_confirmation:c2,I,0,0,0,
ppo_release_v1,ppo_release_v2,directed_role_gated_edges,0,S02:superiority_replication_confirmation:c0,I,3,4,3,1.0
ppo_release_v1,ppo_release_v2,directed_role_gated_edges,0,S02:superiority_replication_confirmation:c1,I,12,3,0,0.0
ppo_release_v1,ppo_release_v2,directed_role_gated_edges,0,S02:superiority_replication_confirmation:c2,I,18,12,5,0.2777777777777778
ppo_release_v1,ppo_release_v2,directed_role_gated_edges,0,S08:superiority_replication_confirmation:c0,I,0,0,0,
ppo_release_v1,ppo_release_v2,directed_role_gated_edges,0,S08:superiority_replication_confirmation:c1,I,0,1,0,
ppo_release_v1,ppo_release_v2,directed_role_gated_edges,0,S08:superiority_replication_confirmation:c2,I,0,0,0,
