seed,target,coverage,heterogeneity,budget,CollisionCount,CriticalCount,SeveritySum,CVS,CollisionCells,F,NewHistoricalFailureCount,function_queries,queried_indices,method,repeat,selection_seconds
20270903,Target-idm_mobil-leaveoneout,leave_one_out,idm_mobil,10,8,10,9.0,4.0,8,0.04283878392801694,0,cutin_braking:1;fast_intrusion:1;lead_braking:1;slow_lead_following:6;stop_and_go:1,491;492;499;495;496;497;97;196;294;391,FPS-Risk,0,0.08009249996393919
20270903,Target-idm_mobil-leaveoneout,leave_one_out,idm_mobil,20,10,20,15.0,4.0,10,0.05234454901728145,0,cutin_braking:3;fast_intrusion:9;lead_braking:1;slow_lead_following:6;stop_and_go:1,491;492;499;495;496;497;97;196;294;391;90;93;94;98;91;95;194;96;192;92,FPS-Risk,0,0.08009249996393919
20270903,Target-idm_mobil-leaveoneout,leave_one_out,idm_mobil,30,12,30,21.0,4.0,12,0.05685685017248558,0,cutin_braking:7;fast_intrusion:10;lead_braking:2;slow_lead_following:10;stop_and_go:1,491;492;499;495;496;497;97;196;294;391;90;93;94;98;91;95;194;96;192;92;99;494;199;195;493;490;498;190;198;290,FPS-Risk,0,0.08009249996393919
20270903,Target-idm_mobil-leaveoneout,leave_one_out,idm_mobil,50,12,48,30.0,4.5,12,0.06626095535038194,0,cutin_braking:8;fast_intrusion:12;lead_braking:10;slow_lead_following:10;stop_and_go:10,491;492;499;495;496;497;97;196;294;391;90;93;94;98;91;95;194;96;192;92;99;494;199;195;493;490;498;190;198;290;297;298;292;293;291;296;299;399;395;392;396;393;398;295;390;397;85;17;394;191,FPS-Risk,0,0.08009249996393919
20270903,Target-idm_mobil-leaveoneout,leave_one_out,idm_mobil,10,7,10,8.5,4.0,7,0.05063265781054428,0,cutin_braking:1;fast_intrusion:4;lead_braking:1;slow_lead_following:3;stop_and_go:1,499;491;492;97;93;90;98;196;294;391,FPS-Severity,0,0.08403200004249811
20270903,Target-idm_mobil-leaveoneout,leave_one_out,idm_mobil,20,10,20,15.0,4.0,10,0.05234454901728145,0,cutin_braking:3;fast_intrusion:9;lead_braking:1;slow_lead_following:6;stop_and_go:1,499;491;492;97;93;90;98;196;294;391;94;91;194;95;495;96;192;496;92;497,FPS-Severity,0,0.08403200004249811
20270903,Target-idm_mobil-leaveoneout,leave_one_out,idm_mobil,30,12,30,21.0,4.0,12,0.05685685017248558,0,cutin_braking:7;fast_intrusion:10;lead_braking:2;slow_lead_following:10;stop_and_go:1,499;491;492;97;93;90;98;196;294;391;94;91;194;95;495;96;192;496;92;497;99;494;199;195;493;490;498;190;198;290,FPS-Severity,0,0.08403200004249811
20270903,Target-idm_mobil-leaveoneout,leave_one_out,idm_mobil,50,12,48,30.0,4.5,12,0.06626095535038194,0,cutin_braking:8;fast_intrusion:12;lead_braking:10;slow_lead_following:10;stop_and_go:10,499;491;492;97;93;90;98;196;294;391;94;91;194;95;495;96;192;496;92;497;99;494;199;195;493;490;498;190;198;290;297;298;292;293;291;296;299;399;395;392;396;393;398;295;390;397;85;17;394;191,FPS-Severity,0,0.08403200004249811
20270903,Target-idm_mobil-leaveoneout,leave_one_out,idm_mobil,10,5,10,7.5,4.0,5,0.05130808119167205,0,cutin_braking:2;fast_intrusion:2;lead_braking:2;slow_lead_following:2;stop_and_go:2,499;97;196;294;391;93;491;194;290;399,FPS-Balanced,0,0.09932559996377677
20270903,Target-idm_mobil-leaveoneout,leave_one_out,idm_mobil,20,8,20,14.0,4.0,8,0.058240294524872165,0,cutin_braking:4;fast_intrusion:4;lead_braking:4;slow_lead_following:4;stop_and_go:4,499;97;196;294;391;93;491;194;290;399;492;90;192;297;395;98;495;199;298;392,FPS-Balanced,0,0.09932559996377677
20270903,Target-idm_mobil-leaveoneout,leave_one_out,idm_mobil,30,11,30,20.5,4.0,11,0.06263866990461342,0,cutin_braking:6;fast_intrusion:6;lead_braking:6;slow_lead_following:6;stop_and_go:6,499;97;196;294;391;93;491;194;290;399;492;90;192;297;395;98;495;199;298;392;94;496;195;292;396;91;497;190;293;393,FPS-Balanced,0,0.09932559996377677
20270903,Target-idm_mobil-leaveoneout,leave_one_out,idm_mobil,50,12,49,30.5,4.5,12,0.0666102517679178,0,cutin_braking:10;fast_intrusion:10;lead_braking:10;slow_lead_following:10;stop_and_go:10,499;97;196;294;391;93;491;194;290;399;492;90;192;297;395;98;495;199;298;392;94;496;195;292;396;91;497;190;293;393;95;494;198;291;398;96;493;296;390;191;92;490;299;397;197;99;498;295;394;158,FPS-Balanced,0,0.09932559996377677
20270903,Target-idm_mobil-leaveoneout,leave_one_out,idm_mobil,10,3,6,4.5,4.0,3,0.049322036429418535,0,cutin_braking:2;fast_intrusion:3;lead_braking:2;slow_lead_following:1;stop_and_go:2,180;65;491;214;93;196;390;292;91;372,FPS-Marginal,0,0.4807774000801146
20270903,Target-idm_mobil-leaveoneout,leave_one_out,idm_mobil,20,6,16,11.0,4.0,6,0.059491066591876626,0,cutin_braking:3;fast_intrusion:6;lead_braking:5;slow_lead_following:2;stop_and_go:4,180;65;491;214;93;196;390;292;91;372;97;392;294;298;492;94;90;393;291;197,FPS-Marginal,0,0.4807774000801146
20270903,Target-idm_mobil-leaveoneout,leave_one_out,idm_mobil,30,7,26,16.5,4.5,7,0.06446285339478049,0,cutin_braking:5;fast_intrusion:7;lead_braking:10;slow_lead_following:2;stop_and_go:6,180;65;491;214;93;196;390;292;91;372;97;392;294;298;492;94;90;393;291;197;296;295;192;391;195;293;297;394;290;99,FPS-Marginal,0,0.4807774000801146
20270903,Target-idm_mobil-leaveoneout,leave_one_out,idm_mobil,50,12,46,29.0,4.5,12,0.06657759227621304,0,cutin_braking:10;fast_intrusion:9;lead_braking:11;slow_lead_following:9;stop_and_go:11,180;65;491;214;93;196;390;292;91;372;97;392;294;298;492;94;90;393;291;197;296;295;192;391;195;293;297;394;290;99;98;191;397;299;398;395;396;399;499;194;498;199;496;497;95;190;198;494;495;490,FPS-Marginal,0,0.4807774000801146
20270903,Target-idm_mobil-leaveoneout,leave_one_out,idm_mobil,10,7,10,8.5,4.0,7,0.04251051840814725,0,cutin_braking:1;fast_intrusion:1;lead_braking:1;slow_lead_following:6;stop_and_go:1,499;491;492;495;497;490;97;196;294;391,MeanResidual-Risk,0,0.16893309995066375
20270903,Target-idm_mobil-leaveoneout,leave_one_out,idm_mobil,20,11,20,15.5,4.0,11,0.052529156280388185,0,cutin_braking:5;fast_intrusion:3;lead_braking:1;slow_lead_following:10;stop_and_go:1,499;491;492;495;497;490;97;196;294;391;493;496;494;498;94;194;195;198;199;93,MeanResidual-Risk,0,0.16893309995066375
20270903,Target-idm_mobil-leaveoneout,leave_one_out,idm_mobil,30,12,30,21.0,4.0,12,0.05560642932172725,0,cutin_braking:8;fast_intrusion:8;lead_braking:1;slow_lead_following:10;stop_and_go:3,499;491;492;495;497;490;97;196;294;391;493;496;494;498;94;194;195;198;199;93;90;98;95;91;191;192;190;99;399;392,MeanResidual-Risk,0,0.16893309995066375
20270903,Target-idm_mobil-leaveoneout,leave_one_out,idm_mobil,50,12,49,30.5,4.5,12,0.06675800618836986,0,cutin_braking:10;fast_intrusion:9;lead_braking:11;slow_lead_following:10;stop_and_go:10,499;491;492;495;497;490;97;196;294;391;493;496;494;498;94;194;195;198;199;93;90;98;95;91;191;192;190;99;399;392;397;197;394;390;396;393;395;398;96;290;298;296;293;292;297;299;291;295;193;214,MeanResidual-Risk,0,0.16893309995066375
20270903,Target-idm_mobil-leaveoneout,leave_one_out,idm_mobil,10,4,7,5.5,4.0,4,0.053098161960169046,0,cutin_braking:2;fast_intrusion:3;lead_braking:2;slow_lead_following:1;stop_and_go:2,491;93;196;65;180;391;292;97;214;393,MeanResidual-Marginal,0,0.5817815000191331
20270903,Target-idm_mobil-leaveoneout,leave_one_out,idm_mobil,20,7,16,11.5,4.0,7,0.059847297218143386,0,cutin_braking:4;fast_intrusion:6;lead_braking:4;slow_lead_following:3;stop_and_go:3,491;93;196;65;180;391;292;97;214;393;199;91;492;298;294;94;195;90;446;392,MeanResidual-Marginal,0,0.5817815000191331
20270903,Target-idm_mobil-leaveoneout,leave_one_out,idm_mobil,30,7,25,16.0,4.5,7,0.063761216753222,0,cutin_braking:7;fast_intrusion:6;lead_braking:9;slow_lead_following:3;stop_and_go:5,491;93;196;65;180;391;292;97;214;393;199;91;492;298;294;94;195;90;446;392;299;296;192;197;372;198;293;297;390;295,MeanResidual-Marginal,0,0.5817815000191331
20270903,Target-idm_mobil-leaveoneout,leave_one_out,idm_mobil,50,8,40,24.0,4.5,8,0.0657196374317915,0,cutin_braking:12;fast_intrusion:10;lead_braking:12;slow_lead_following:4;stop_and_go:12,491;93;196;65;180;391;292;97;214;393;199;91;492;298;294;94;195;90;446;392;299;296;192;197;372;198;293;297;390;295;394;290;99;191;98;397;291;398;395;396;399;193;172;95;17;499;348;243;106;194,MeanResidual-Marginal,0,0.5817815000191331
20270903,Target-idm_mobil-leaveoneout,leave_one_out,idm_mobil,10,7,10,8.5,4.0,7,0.04251051840814725,0,cutin_braking:1;fast_intrusion:1;lead_braking:1;slow_lead_following:6;stop_and_go:1,499;491;492;495;490;497;97;196;294;391,CoRe-Risk,0,0.1850061999866739
20270903,Target-idm_mobil-leaveoneout,leave_one_out,idm_mobil,20,11,20,15.5,4.0,11,0.05190392952650405,0,cutin_braking:3;fast_intrusion:5;lead_braking:1;slow_lead_following:10;stop_and_go:1,499;491;492;495;490;497;97;196;294;391;493;496;494;498;94;93;90;98;194;199,CoRe-Risk,0,0.1850061999866739
20270903,Target-idm_mobil-leaveoneout,leave_one_out,idm_mobil,30,12,30,21.0,4.0,12,0.05691022086590008,0,cutin_braking:7;fast_intrusion:8;lead_braking:2;slow_lead_following:10;stop_and_go:3,499;491;492;495;490;497;97;196;294;391;493;496;494;498;94;93;90;98;194;199;95;399;192;392;195;198;190;99;91;297,CoRe-Risk,0,0.1850061999866739
20270903,Target-idm_mobil-leaveoneout,leave_one_out,idm_mobil,50,12,48,30.0,4.5,12,0.0666102517679178,0,cutin_braking:9;fast_intrusion:10;lead_braking:10;slow_lead_following:11;stop_and_go:10,499;491;492;495;490;497;97;196;294;391;493;496;494;498;94;93;90;98;194;199;95;399;192;392;195;198;190;99;91;297;292;298;290;293;296;299;291;191;397;394;390;396;393;395;398;295;92;197;17;444,CoRe-Risk,0,0.1850061999866739
20270903,Target-idm_mobil-leaveoneout,leave_one_out,idm_mobil,10,3,6,4.5,4.0,3,0.04874135502076712,0,cutin_braking:2;fast_intrusion:3;lead_braking:2;slow_lead_following:1;stop_and_go:2,180;65;491;214;93;196;391;292;91;372,CoRe-Marginal,0,0.6156209000619128
20270903,Target-idm_mobil-leaveoneout,leave_one_out,idm_mobil,20,6,15,10.5,4.0,6,0.058845514628004664,0,cutin_braking:2;fast_intrusion:6;lead_braking:5;slow_lead_following:3;stop_and_go:4,180;65;491;214;93;196;391;292;91;372;393;97;294;298;492;94;90;291;446;392,CoRe-Marginal,0,0.6156209000619128
20270903,Target-idm_mobil-leaveoneout,leave_one_out,idm_mobil,30,7,25,16.0,4.5,7,0.063761216753222,0,cutin_braking:7;fast_intrusion:6;lead_braking:9;slow_lead_following:3;stop_and_go:5,180;65;491;214;93;196;391;292;91;372;393;97;294;298;492;94;90;291;446;392;192;296;295;197;195;198;199;293;297;390,CoRe-Marginal,0,0.6156209000619128
20270903,Target-idm_mobil-leaveoneout,leave_one_out,idm_mobil,50,8,38,23.0,4.5,8,0.0655718830308136,0,cutin_braking:10;fast_intrusion:11;lead_braking:13;slow_lead_following:4;stop_and_go:12,180;65;491;214;93;196;391;292;91;372;393;97;294;298;492;94;90;291;446;392;192;296;295;197;195;198;199;293;297;390;394;290;98;191;397;299;398;395;99;17;243;396;399;77;111;92;499;348;169;225,CoRe-Marginal,0,0.6156209000619128
20270903,Target-idm_mobil-leaveoneout,leave_one_out,idm_mobil,10,1,5,3.0,3.0,1,0.03997614326608133,0,cutin_braking:2;fast_intrusion:2;lead_braking:2;slow_lead_following:2;stop_and_go:2,430;79;152;269;372;495;390;96;199;292,TargetOnlyGP-Marginal,0,0.5916633999440819
20270903,Target-idm_mobil-leaveoneout,leave_one_out,idm_mobil,20,2,14,8.0,3.5,2,0.0504912248695808,0,cutin_braking:4;fast_intrusion:3;lead_braking:5;slow_lead_following:3;stop_and_go:5,430;79;152;269;372;495;390;96;199;292;91;198;392;298;393;496;348;291;192;296,TargetOnlyGP-Marginal,0,0.5916633999440819
20270903,Target-idm_mobil-leaveoneout,leave_one_out,idm_mobil,30,5,22,13.5,4.0,5,0.059263956945959026,0,cutin_braking:6;fast_intrusion:8;lead_braking:8;slow_lead_following:3;stop_and_go:5,430;79;152;269;372;495;390;96;199;292;91;198;392;298;393;496;348;291;192;296;294;197;97;284;93;90;94;95;182;295,TargetOnlyGP-Marginal,0,0.5916633999440819
20270903,Target-idm_mobil-leaveoneout,leave_one_out,idm_mobil,50,8,39,23.5,4.5,8,0.06631501425106034,0,cutin_braking:10;fast_intrusion:11;lead_braking:13;slow_lead_following:6;stop_and_go:10,430;79;152;269;372;495;390;96;199;292;91;198;392;298;393;496;348;291;192;296;294;197;97;284;93;90;94;95;182;295;196;195;391;497;293;297;17;191;498;394;99;490;290;250;397;14;299;193;398;395,TargetOnlyGP-Marginal,0,0.5916633999440819
20270903,Target-idm_mobil-leaveoneout,leave_one_out,idm_mobil,10,0,1,0.5,0.5,0,0.0052114578152818395,0,cutin_braking:4;fast_intrusion:0;lead_braking:2;slow_lead_following:2;stop_and_go:2,428;461;148;111;289;154;379;139;349;292,Random,0,0.00024480000138282776
20270903,Target-idm_mobil-leaveoneout,leave_one_out,idm_mobil,20,0,2,1.0,1.0,0,0.010682499197412222,0,cutin_braking:8;fast_intrusion:3;lead_braking:2;slow_lead_following:3;stop_and_go:4,428;461;148;111;289;154;379;139;349;292;15;61;175;18;308;391;144;441;155;134,Random,0,0.00024480000138282776
20270903,Target-idm_mobil-leaveoneout,leave_one_out,idm_mobil,30,0,3,1.5,1.0,0,0.011412190086190451,0,cutin_braking:9;fast_intrusion:5;lead_braking:5;slow_lead_following:5;stop_and_go:6,428;461;148;111;289;154;379;139;349;292;15;61;175;18;308;391;144;441;155;134;383;403;286;282;59;41;142;397;263;449,Random,0,0.00024480000138282776
20270903,Target-idm_mobil-leaveoneout,leave_one_out,idm_mobil,50,0,3,1.5,1.0,0,0.011412190086190451,0,cutin_braking:10;fast_intrusion:11;lead_braking:6;slow_lead_following:10;stop_and_go:13,428;461;148;111;289;154;379;139;349;292;15;61;175;18;308;391;144;441;155;134;383;403;286;282;59;41;142;397;263;449;63;416;402;48;10;132;24;409;463;7;53;373;261;364;304;327;375;328;408;333,Random,0,0.00024480000138282776
20270903,Target-idm_mobil-leaveoneout,leave_one_out,idm_mobil,10,2,5,3.5,3.5,2,0.04081430252626784,0,cutin_braking:2;fast_intrusion:1;lead_braking:2;slow_lead_following:1;stop_and_go:4,396;352;326;292;224;93;372;176;494;190,Random,1,0.00028449995443224907
20270903,Target-idm_mobil-leaveoneout,leave_one_out,idm_mobil,20,2,6,4.0,3.5,2,0.041217911317041986,0,cutin_braking:4;fast_intrusion:4;lead_braking:2;slow_lead_following:5;stop_and_go:5,396;352;326;292;224;93;372;176;494;190;483;26;76;77;473;355;449;129;198;450,Random,1,0.00028449995443224907
20270903,Target-idm_mobil-leaveoneout,leave_one_out,idm_mobil,30,2,7,4.5,3.5,2,0.04200177337946101,0,cutin_braking:5;fast_intrusion:7;lead_braking:4;slow_lead_following:6;stop_and_go:8,396;352;326;292;224;93;372;176;494;190;483;26;76;77;473;355;449;129;198;450;183;300;17;27;299;239;365;68;433;340,Random,1,0.00028449995443224907
20270903,Target-idm_mobil-leaveoneout,leave_one_out,idm_mobil,50,4,10,7.0,4.0,4,0.05013177403425301,0,cutin_braking:12;fast_intrusion:9;lead_braking:7;slow_lead_following:10;stop_and_go:12,396;352;326;292;224;93;372;176;494;190;483;26;76;77;473;355;449;129;198;450;183;300;17;27;299;239;365;68;433;340;487;364;127;115;349;139;20;265;337;290;100;438;196;371;186;283;495;120;22;445,Random,1,0.00028449995443224907
20270903,Target-idm_mobil-leaveoneout,leave_one_out,idm_mobil,10,2,3,2.5,2.5,2,0.027939479909562068,0,cutin_braking:2;fast_intrusion:3;lead_braking:0;slow_lead_following:1;stop_and_go:4,40;340;170;396;363;88;499;195;324;46,Random,2,0.00017030001617968082
20270903,Target-idm_mobil-leaveoneout,leave_one_out,idm_mobil,20,2,4,3.0,2.5,2,0.031213768491773777,0,cutin_braking:6;fast_intrusion:4;lead_braking:2;slow_lead_following:2;stop_and_go:6,40;340;170;396;363;88;499;195;324;46;281;309;157;392;124;160;484;143;254;42,Random,2,0.00017030001617968082
20270903,Target-idm_mobil-leaveoneout,leave_one_out,idm_mobil,30,3,5,4.0,2.5,3,0.03615990242465494,0,cutin_braking:10;fast_intrusion:5;lead_braking:3;slow_lead_following:3;stop_and_go:9,40;340;170;396;363;88;499;195;324;46;281;309;157;392;124;160;484;143;254;42;175;196;250;162;163;422;325;314;29;335,Random,2,0.00017030001617968082
20270903,Target-idm_mobil-leaveoneout,leave_one_out,idm_mobil,50,4,10,7.0,4.0,4,0.0481165923760343,0,cutin_braking:14;fast_intrusion:10;lead_braking:6;slow_lead_following:5;stop_and_go:15,40;340;170;396;363;88;499;195;324;46;281;309;157;392;124;160;484;143;254;42;175;196;250;162;163;422;325;314;29;335;194;465;137;138;165;391;477;85;95;331;306;0;5;294;384;387;97;229;240;317,Random,2,0.00017030001617968082
20270903,Target-idm_mobil-leaveoneout,leave_one_out,idm_mobil,10,0,2,1.0,0.5,0,0.006392132870965744,0,cutin_braking:2;fast_intrusion:0;lead_braking:2;slow_lead_following:2;stop_and_go:4,357;210;489;398;103;446;206;390;313;106,Random,3,0.0002460998948663473
20270903,Target-idm_mobil-leaveoneout,leave_one_out,idm_mobil,20,0,2,1.0,0.5,0,0.006392132870965744,0,cutin_braking:5;fast_intrusion:1;lead_braking:6;slow_lead_following:3;stop_and_go:5,357;210;489;398;103;446;206;390;313;106;285;473;254;242;362;204;160;84;136;107,Random,3,0.0002460998948663473
20270903,Target-idm_mobil-leaveoneout,leave_one_out,idm_mobil,30,0,2,1.0,0.5,0,0.006392132870965744,0,cutin_braking:6;fast_intrusion:5;lead_braking:8;slow_lead_following:5;stop_and_go:6,357;210;489;398;103;446;206;390;313;106;285;473;254;242;362;204;160;84;136;107;68;277;471;245;39;130;13;347;24;465,Random,3,0.0002460998948663473
20270903,Target-idm_mobil-leaveoneout,leave_one_out,idm_mobil,50,1,5,3.0,2.0,1,0.02895171482799258,0,cutin_braking:10;fast_intrusion:7;lead_braking:14;slow_lead_following:12;stop_and_go:7,357;210;489;398;103;446;206;390;313;106;285;473;254;242;362;204;160;84;136;107;68;277;471;245;39;130;13;347;24;465;275;118;414;402;407;220;101;203;481;250;70;94;141;469;205;393;491;432;260;124,Random,3,0.0002460998948663473
20270903,Target-idm_mobil-leaveoneout,leave_one_out,idm_mobil,10,1,1,1.0,1.0,1,0.009241426287724074,0,cutin_braking:5;fast_intrusion:1;lead_braking:1;slow_lead_following:1;stop_and_go:2,150;111;487;56;364;108;196;344;167;227,Random,4,0.0002500000409781933
20270903,Target-idm_mobil-leaveoneout,leave_one_out,idm_mobil,20,1,2,1.5,1.5,1,0.014677138307607978,0,cutin_braking:6;fast_intrusion:2;lead_braking:6;slow_lead_following:1;stop_and_go:5,150;111;487;56;364;108;196;344;167;227;281;214;247;399;210;319;145;1;219;337,Random,4,0.0002500000409781933
20270903,Target-idm_mobil-leaveoneout,leave_one_out,idm_mobil,30,1,3,2.0,1.5,1,0.014876837790469907,0,cutin_braking:11;fast_intrusion:3;lead_braking:9;slow_lead_following:2;stop_and_go:5,150;111;487;56;364;108;196;344;167;227;281;214;247;399;210;319;145;1;219;337;253;186;193;149;140;275;49;431;137;213,Random,4,0.0002500000409781933
20270903,Target-idm_mobil-leaveoneout,leave_one_out,idm_mobil,50,4,7,5.5,2.5,4,0.033622025837861926,0,cutin_braking:18;fast_intrusion:5;lead_braking:12;slow_lead_following:5;stop_and_go:10,150;111;487;56;364;108;196;344;167;227;281;214;247;399;210;319;145;1;219;337;253;186;193;149;140;275;49;431;137;213;174;260;86;84;155;166;168;391;178;206;385;125;329;357;311;497;495;179;268;499,Random,4,0.0002500000409781933
20270903,Target-idm_mobil-leaveoneout,leave_one_out,idm_mobil,10,0,2,1.0,1.0,0,0.009311374165860042,0,cutin_braking:1;fast_intrusion:3;lead_braking:1;slow_lead_following:2;stop_and_go:3,411;325;455;98;16;201;360;65;181;394,Random,5,0.000174800050444901
20270903,Target-idm_mobil-leaveoneout,leave_one_out,idm_mobil,20,2,5,3.5,3.0,2,0.0359283558653748,0,cutin_braking:2;fast_intrusion:6;lead_braking:2;slow_lead_following:3;stop_and_go:7,411;325;455;98;16;201;360;65;181;394;191;9;90;50;313;338;491;329;204;307,Random,5,0.000174800050444901
20270903,Target-idm_mobil-leaveoneout,leave_one_out,idm_mobil,30,2,6,4.0,3.0,2,0.038299439934128786,0,cutin_braking:3;fast_intrusion:9;lead_braking:4;slow_lead_following:3;stop_and_go:11,411;325;455;98;16;201;360;65;181;394;191;9;90;50;313;338;491;329;204;307;376;144;309;256;43;363;91;232;306;7,Random,5,0.000174800050444901
20270903,Target-idm_mobil-leaveoneout,leave_one_out,idm_mobil,50,3,10,6.5,3.0,3,0.04317079616439908,0,cutin_braking:4;fast_intrusion:12;lead_braking:8;slow_lead_following:10;stop_and_go:16,411;325;455;98;16;201;360;65;181;394;191;9;90;50;313;338;491;329;204;307;376;144;309;256;43;363;91;232;306;7;468;69;448;463;393;396;275;408;368;97;478;320;288;273;286;498;483;81;172;323,Random,5,0.000174800050444901
20270903,Target-idm_mobil-leaveoneout,leave_one_out,idm_mobil,10,0,1,0.5,0.5,0,0.0028865106954326716,0,cutin_braking:2;fast_intrusion:1;lead_braking:3;slow_lead_following:4;stop_and_go:0,468;263;92;280;184;485;259;453;108;488,Random,6,0.0002332000294700265
20270903,Target-idm_mobil-leaveoneout,leave_one_out,idm_mobil,20,0,1,0.5,0.5,0,0.0028865106954326716,0,cutin_braking:4;fast_intrusion:3;lead_braking:5;slow_lead_following:6;stop_and_go:2,468;263;92;280;184;485;259;453;108;488;175;13;463;228;7;217;341;432;383;129,Random,6,0.0002332000294700265
20270903,Target-idm_mobil-leaveoneout,leave_one_out,idm_mobil,30,1,4,2.5,2.5,1,0.02949470667039062,0,cutin_braking:7;fast_intrusion:5;lead_braking:8;slow_lead_following:8;stop_and_go:2,468;263;92;280;184;485;259;453;108;488;175;13;463;228;7;217;341;432;383;129;190;166;495;86;299;141;269;222;431;64,Random,6,0.0002332000294700265
20270903,Target-idm_mobil-leaveoneout,leave_one_out,idm_mobil,50,1,6,3.5,2.5,1,0.031005619678211423,0,cutin_braking:14;fast_intrusion:9;lead_braking:13;slow_lead_following:11;stop_and_go:3,468;263;92;280;184;485;259;453;108;488;175;13;463;228;7;217;341;432;383;129;190;166;495;86;299;141;269;222;431;64;139;204;420;193;247;493;20;142;76;114;127;42;207;149;16;371;230;265;421;118,Random,6,0.0002332000294700265
20270903,Target-idm_mobil-leaveoneout,leave_one_out,idm_mobil,10,1,1,1.0,1.0,1,0.005964924401280098,0,cutin_braking:1;fast_intrusion:1;lead_braking:3;slow_lead_following:3;stop_and_go:2,219;30;413;247;372;381;195;409;421;266,Random,7,0.00021269998978823423
20270903,Target-idm_mobil-leaveoneout,leave_one_out,idm_mobil,20,1,1,1.0,1.0,1,0.005964924401280098,0,cutin_braking:3;fast_intrusion:3;lead_braking:6;slow_lead_following:4;stop_and_go:4,219;30;413;247;372;381;195;409;421;266;41;258;276;76;373;155;319;457;123;274,Random,7,0.00021269998978823423
20270903,Target-idm_mobil-leaveoneout,leave_one_out,idm_mobil,30,1,3,2.0,1.5,1,0.011765290476445475,0,cutin_braking:4;fast_intrusion:8;lead_braking:8;slow_lead_following:5;stop_and_go:5,219;30;413;247;372;381;195;409;421;266;41;258;276;76;373;155;319;457;123;274;51;419;311;98;112;14;229;201;16;96,Random,7,0.00021269998978823423
20270903,Target-idm_mobil-leaveoneout,leave_one_out,idm_mobil,50,1,3,2.0,1.5,1,0.011765290476445475,0,cutin_braking:8;fast_intrusion:12;lead_braking:11;slow_lead_following:7;stop_and_go:12,219;30;413;247;372;381;195;409;421;266;41;258;276;76;373;155;319;457;123;274;51;419;311;98;112;14;229;201;16;96;300;368;54;15;210;370;486;240;363;188;320;157;479;172;87;64;208;376;100;386,Random,7,0.00021269998978823423
20270903,Target-idm_mobil-leaveoneout,leave_one_out,idm_mobil,10,0,0,0.0,0.0,0,0.0,0,cutin_braking:1;fast_intrusion:2;lead_braking:5;slow_lead_following:1;stop_and_go:1,105;285;42;453;287;264;205;3;379;272,Random,8,0.0002071999479085207
20270903,Target-idm_mobil-leaveoneout,leave_one_out,idm_mobil,20,0,1,0.5,0.5,0,0.0034649111474075005,0,cutin_braking:2;fast_intrusion:3;lead_braking:7;slow_lead_following:2;stop_and_go:6,105;285;42;453;287;264;205;3;379;272;291;325;377;364;374;427;279;314;44;104,Random,8,0.0002071999479085207
20270903,Target-idm_mobil-leaveoneout,leave_one_out,idm_mobil,30,0,2,1.0,1.0,0,0.011557579510556708,0,cutin_braking:3;fast_intrusion:4;lead_braking:11;slow_lead_following:3;stop_and_go:9,105;285;42;453;287;264;205;3;379;272;291;325;377;364;374;427;279;314;44;104;33;498;244;329;247;350;154;227;229;352,Random,8,0.0002071999479085207
20270903,Target-idm_mobil-leaveoneout,leave_one_out,idm_mobil,50,0,3,1.5,1.5,0,0.01383109174721776,0,cutin_braking:8;fast_intrusion:7;lead_braking:13;slow_lead_following:8;stop_and_go:14,105;285;42;453;287;264;205;3;379;272;291;325;377;364;374;427;279;314;44;104;33;498;244;329;247;350;154;227;229;352;295;72;148;300;241;134;78;326;482;384;106;333;452;443;365;141;432;15;472;147,Random,8,0.0002071999479085207
20270903,Target-idm_mobil-leaveoneout,leave_one_out,idm_mobil,10,0,1,0.5,0.5,0,0.004930516233763379,0,cutin_braking:1;fast_intrusion:1;lead_braking:1;slow_lead_following:2;stop_and_go:5,319;142;318;421;370;352;229;54;394;482,Random,9,0.00017440004739910364
20270903,Target-idm_mobil-leaveoneout,leave_one_out,idm_mobil,20,0,1,0.5,0.5,0,0.004930516233763379,0,cutin_braking:4;fast_intrusion:3;lead_braking:1;slow_lead_following:5;stop_and_go:7,319;142;318;421;370;352;229;54;394;482;464;404;31;454;182;7;172;383;127;301,Random,9,0.00017440004739910364
20270903,Target-idm_mobil-leaveoneout,leave_one_out,idm_mobil,30,0,1,0.5,0.5,0,0.004930516233763379,0,cutin_braking:6;fast_intrusion:5;lead_braking:5;slow_lead_following:6;stop_and_go:8,319;142;318;421;370;352;229;54;394;482;464;404;31;454;182;7;172;383;127;301;55;285;165;403;207;34;102;234;276;376,Random,9,0.00017440004739910364
20270903,Target-idm_mobil-leaveoneout,leave_one_out,idm_mobil,50,1,4,2.5,2.0,1,0.028033025362536417,0,cutin_braking:12;fast_intrusion:8;lead_braking:7;slow_lead_following:11;stop_and_go:12,319;142;318;421;370;352;229;54;394;482;464;404;31;454;182;7;172;383;127;301;55;285;165;403;207;34;102;234;276;376;439;341;2;218;485;130;183;117;104;434;9;308;396;192;477;45;324;499;208;156,Random,9,0.00017440004739910364
20270903,Target-vi_ttc-leaveoneout,leave_one_out,vi_ttc,10,5,10,7.5,4.0,5,0.041982968520896266,0,cutin_braking:1;fast_intrusion:1;lead_braking:1;slow_lead_following:6;stop_and_go:1,491;492;499;495;497;496;97;196;294;391,FPS-Risk,0,0.09899129997938871
20270903,Target-vi_ttc-leaveoneout,leave_one_out,vi_ttc,20,10,20,15.0,4.0,10,0.05373704081752274,0,cutin_braking:2;fast_intrusion:6;lead_braking:1;slow_lead_following:10;stop_and_go:1,491;492;499;495;497;496;97;196;294;391;90;93;494;195;493;490;498;94;91;98,FPS-Risk,0,0.09899129997938871
20270903,Target-vi_ttc-leaveoneout,leave_one_out,vi_ttc,30,15,30,22.5,4.0,15,0.06059209204472925,0,cutin_braking:9;fast_intrusion:9;lead_braking:1;slow_lead_following:10;stop_and_go:1,491;492;499;495;497;496;97;196;294;391;90;93;494;195;493;490;498;94;91;98;95;96;99;192;194;199;191;198;190;197,FPS-Risk,0,0.09899129997938871
20270903,Target-vi_ttc-leaveoneout,leave_one_out,vi_ttc,50,15,49,32.0,4.5,15,0.0720390077501927,0,cutin_braking:10;fast_intrusion:9;lead_braking:10;slow_lead_following:10;stop_and_go:11,491;492;499;495;497;496;97;196;294;391;90;93;494;195;493;490;498;94;91;98;95;96;99;192;194;199;191;198;190;197;193;290;297;298;292;293;399;395;392;396;291;393;296;299;398;390;397;295;394;377,FPS-Risk,0,0.09899129997938871
20270903,Target-vi_ttc-leaveoneout,leave_one_out,vi_ttc,10,8,10,9.0,4.0,8,0.05173545957237474,0,cutin_braking:1;fast_intrusion:4;lead_braking:1;slow_lead_following:3;stop_and_go:1,499;491;492;97;93;90;94;196;294;391,FPS-Severity,0,0.07898939994629472
20270903,Target-vi_ttc-leaveoneout,leave_one_out,vi_ttc,20,10,20,15.0,4.0,10,0.05373687976202626,0,cutin_braking:2;fast_intrusion:8;lead_braking:1;slow_lead_following:8;stop_and_go:1,499;491;492;97;93;90;94;196;294;391;98;91;495;195;95;497;496;494;493;96,FPS-Severity,0,0.07898939994629472
20270903,Target-vi_ttc-leaveoneout,leave_one_out,vi_ttc,30,15,30,22.5,4.0,15,0.06059209204472925,0,cutin_braking:9;fast_intrusion:9;lead_braking:1;slow_lead_following:10;stop_and_go:1,499;491;492;97;93;90;94;196;294;391;98;91;495;195;95;497;496;494;493;96;99;490;498;192;194;199;191;198;190;197,FPS-Severity,0,0.07898939994629472
20270903,Target-vi_ttc-leaveoneout,leave_one_out,vi_ttc,50,15,49,32.0,4.5,15,0.0720390077501927,0,cutin_braking:10;fast_intrusion:9;lead_braking:10;slow_lead_following:10;stop_and_go:11,499;491;492;97;93;90;94;196;294;391;98;91;495;195;95;497;496;494;493;96;99;490;498;192;194;199;191;198;190;197;193;290;297;298;292;293;399;395;392;396;291;393;296;299;398;390;397;295;394;377,FPS-Severity,0,0.07898939994629472
20270903,Target-vi_ttc-leaveoneout,leave_one_out,vi_ttc,10,6,10,8.0,4.0,6,0.05285136537746883,0,cutin_braking:2;fast_intrusion:2;lead_braking:2;slow_lead_following:2;stop_and_go:2,499;97;196;294;391;491;93;195;290;399,FPS-Balanced,0,0.08762939996086061
20270903,Target-vi_ttc-leaveoneout,leave_one_out,vi_ttc,20,11,20,15.5,4.0,11,0.06398302762273105,0,cutin_braking:4;fast_intrusion:4;lead_braking:4;slow_lead_following:4;stop_and_go:4,499;97;196;294;391;491;93;195;290;399;492;90;192;297;395;94;495;194;298;392,FPS-Balanced,0,0.08762939996086061
20270903,Target-vi_ttc-leaveoneout,leave_one_out,vi_ttc,30,14,30,22.0,4.0,14,0.06832405928976572,0,cutin_braking:6;fast_intrusion:6;lead_braking:6;slow_lead_following:6;stop_and_go:6,499;97;196;294;391;491;93;195;290;399;492;90;192;297;395;94;495;194;298;392;98;497;199;292;396;91;496;191;293;393,FPS-Balanced,0,0.08762939996086061
20270903,Target-vi_ttc-leaveoneout,leave_one_out,vi_ttc,50,15,50,32.5,4.5,15,0.0720716672198707,0,cutin_braking:10;fast_intrusion:10;lead_braking:10;slow_lead_following:10;stop_and_go:10,499;97;196;294;391;491;93;195;290;399;492;90;192;297;395;94;495;194;298;392;98;497;199;292;396;91;496;191;293;393;95;494;198;291;398;493;96;190;296;390;99;490;197;299;397;498;193;295;394;92,FPS-Balanced,0,0.08762939996086061
20270903,Target-vi_ttc-leaveoneout,leave_one_out,vi_ttc,10,4,8,6.0,4.0,4,0.0529623132422615,0,cutin_braking:1;fast_intrusion:3;lead_braking:2;slow_lead_following:1;stop_and_go:3,491;93;196;390;269;292;372;97;392;91,FPS-Marginal,0,0.4910698999883607
20270903,Target-vi_ttc-leaveoneout,leave_one_out,vi_ttc,20,8,18,13.0,4.5,8,0.06409857324363377,0,cutin_braking:3;fast_intrusion:4;lead_braking:7;slow_lead_following:2;stop_and_go:4,491;93;196;390;269;292;372;97;392;91;298;492;294;90;393;291;195;197;296;295,FPS-Marginal,0,0.4910698999883607
20270903,Target-vi_ttc-leaveoneout,leave_one_out,vi_ttc,30,8,28,18.0,4.5,8,0.0663864327051766,0,cutin_braking:4;fast_intrusion:5;lead_braking:11;slow_lead_following:3;stop_and_go:7,491;93;196;390;269;292;372;97;392;91;298;492;294;90;393;291;195;197;296;295;391;293;297;394;290;99;494;397;299;193,FPS-Marginal,0,0.4910698999883607
20270903,Target-vi_ttc-leaveoneout,leave_one_out,vi_ttc,50,15,48,31.5,4.5,15,0.0720390077501927,0,cutin_braking:9;fast_intrusion:9;lead_braking:11;slow_lead_following:10;stop_and_go:11,491;93;196;390;269;292;372;97;392;91;298;492;294;90;393;291;195;197;296;295;391;293;297;394;290;99;494;397;299;193;398;395;94;98;396;192;399;499;95;498;496;497;495;493;96;490;194;191;198;199,FPS-Marginal,0,0.4910698999883607
20270903,Target-vi_ttc-leaveoneout,leave_one_out,vi_ttc,10,5,10,7.5,4.0,5,0.041982968520896266,0,cutin_braking:1;fast_intrusion:1;lead_braking:1;slow_lead_following:6;stop_and_go:1,499;491;492;495;496;497;97;196;294;391,MeanResidual-Risk,0,0.16839629993773997
20270903,Target-vi_ttc-leaveoneout,leave_one_out,vi_ttc,20,10,20,15.0,4.0,10,0.053736879794640285,0,cutin_braking:4;fast_intrusion:7;lead_braking:1;slow_lead_following:7;stop_and_go:1,499;491;492;495;496;497;97;196;294;391;494;93;90;98;94;96;91;195;198;190,MeanResidual-Risk,0,0.16839629993773997
20270903,Target-vi_ttc-leaveoneout,leave_one_out,vi_ttc,30,15,30,22.5,4.0,15,0.06141698015134175,0,cutin_braking:10;fast_intrusion:9;lead_braking:1;slow_lead_following:7;stop_and_go:3,499;491;492;495;496;497;97;196;294;391;494;93;90;98;94;96;91;195;198;190;95;199;191;194;192;197;193;399;99;392,MeanResidual-Risk,0,0.16839629993773997
20270903,Target-vi_ttc-leaveoneout,leave_one_out,vi_ttc,50,15,50,32.5,4.5,15,0.0720716672198707,0,cutin_braking:10;fast_intrusion:10;lead_braking:10;slow_lead_following:10;stop_and_go:10,499;491;492;495;496;497;97;196;294;391;494;93;90;98;94;96;91;195;198;190;95;199;191;194;192;197;193;399;99;392;493;490;498;397;394;390;393;396;395;398;290;298;293;296;292;297;299;291;295;92,MeanResidual-Risk,0,0.16839629993773997
20270903,Target-vi_ttc-leaveoneout,leave_one_out,vi_ttc,10,6,10,8.0,4.0,6,0.05811518332805336,0,cutin_braking:3;fast_intrusion:3;lead_braking:1;slow_lead_following:1;stop_and_go:2,491;93;196;391;292;91;393;97;195;199,MeanResidual-Marginal,0,0.6083191999932751
20270903,Target-vi_ttc-leaveoneout,leave_one_out,vi_ttc,20,11,18,14.5,4.0,11,0.06572303828493715,0,cutin_braking:7;fast_intrusion:5;lead_braking:3;slow_lead_following:3;stop_and_go:2,491;93;196;391;292;91;393;97;195;199;198;192;298;492;294;104;197;90;94;446,MeanResidual-Marginal,0,0.6083191999932751
20270903,Target-vi_ttc-leaveoneout,leave_one_out,vi_ttc,30,13,25,19.0,4.5,13,0.06929898306037927,0,cutin_braking:10;fast_intrusion:6;lead_braking:7;slow_lead_following:3;stop_and_go:4,491;93;196;391;292;91;393;97;195;199;198;192;298;492;294;104;197;90;94;446;392;299;296;79;268;191;372;194;190;295,MeanResidual-Marginal,0,0.6083191999932751
20270903,Target-vi_ttc-leaveoneout,leave_one_out,vi_ttc,50,15,45,30.0,4.5,15,0.07203884668829169,0,cutin_braking:11;fast_intrusion:10;lead_braking:11;slow_lead_following:7;stop_and_go:11,491;93;196;391;292;91;393;97;195;199;198;192;298;492;294;104;197;90;94;446;392;299;296;79;268;191;372;194;190;295;293;297;390;394;99;290;98;96;494;397;291;398;395;497;193;396;95;399;496;499,MeanResidual-Marginal,0,0.6083191999932751
20270903,Target-vi_ttc-leaveoneout,leave_one_out,vi_ttc,10,5,10,7.5,4.0,5,0.041982968520896266,0,cutin_braking:1;fast_intrusion:1;lead_braking:1;slow_lead_following:6;stop_and_go:1,499;491;492;495;496;497;97;196;294;391,CoRe-Risk,0,0.19172819994855672
20270903,Target-vi_ttc-leaveoneout,leave_one_out,vi_ttc,20,9,20,14.5,4.0,9,0.0520674087774901,0,cutin_braking:1;fast_intrusion:7;lead_braking:1;slow_lead_following:10;stop_and_go:1,499;491;492;495;496;497;97;196;294;391;93;90;494;493;490;498;98;94;91;96,CoRe-Risk,0,0.19172819994855672
20270903,Target-vi_ttc-leaveoneout,leave_one_out,vi_ttc,30,15,30,22.5,4.0,15,0.060365788188415426,0,cutin_braking:10;fast_intrusion:8;lead_braking:1;slow_lead_following:10;stop_and_go:1,499;491;492;495;496;497;97;196;294;391;93;90;494;493;490;498;98;94;91;96;95;194;192;199;191;197;190;195;193;198,CoRe-Risk,0,0.19172819994855672
20270903,Target-vi_ttc-leaveoneout,leave_one_out,vi_ttc,50,15,49,32.0,4.5,15,0.0720390077501927,0,cutin_braking:10;fast_intrusion:9;lead_braking:11;slow_lead_following:10;stop_and_go:10,499;491;492;495;496;497;97;196;294;391;93;90;494;493;490;498;98;94;91;96;95;194;192;199;191;197;190;195;193;198;399;392;397;297;292;293;298;290;296;299;291;394;390;393;396;395;398;295;99;225,CoRe-Risk,0,0.19172819994855672
20270903,Target-vi_ttc-leaveoneout,leave_one_out,vi_ttc,10,4,8,6.0,4.0,4,0.053462766217230645,0,cutin_braking:1;fast_intrusion:2;lead_braking:3;slow_lead_following:1;stop_and_go:3,491;93;196;390;269;292;372;97;392;294,CoRe-Marginal,0,0.6259105999488384
20270903,Target-vi_ttc-leaveoneout,leave_one_out,vi_ttc,20,9,18,13.5,4.5,9,0.11383227499187581,1,cutin_braking:5;fast_intrusion:4;lead_braking:5;slow_lead_following:2;stop_and_go:4,491;93;196;390;269;292;372;97;392;294;298;492;91;90;195;393;291;197;199;140,CoRe-Marginal,0,0.6259105999488384
20270903,Target-vi_ttc-leaveoneout,leave_one_out,vi_ttc,30,11,24,17.5,5.0,11,0.11660132378400948,1,cutin_braking:11;fast_intrusion:5;lead_braking:7;slow_lead_following:3;stop_and_go:4,491;93;196;390;269;292;372;97;392;294;298;492;91;90;195;393;291;197;199;140;176;151;198;192;193;446;296;79;191;295,CoRe-Marginal,0,0.6259105999488384
20270903,Target-vi_ttc-leaveoneout,leave_one_out,vi_ttc,50,12,40,26.0,5.5,12,0.1340968891290355,5,cutin_braking:20;fast_intrusion:6;lead_braking:11;slow_lead_following:4;stop_and_go:9,491;93;196;390;269;292;372;97;392;294;298;492;91;90;195;393;291;197;199;140;176;151;198;192;193;446;296;79;191;295;399;194;293;297;394;99;290;494;397;299;398;395;124;160;164;112;136;146;184;116,CoRe-Marginal,0,0.6259105999488384
20270903,Target-vi_ttc-leaveoneout,leave_one_out,vi_ttc,10,1,5,3.0,3.0,1,0.036177020168225736,0,cutin_braking:2;fast_intrusion:2;lead_braking:2;slow_lead_following:2;stop_and_go:2,430;79;152;269;372;495;390;96;199;292,TargetOnlyGP-Marginal,0,0.6002491000108421
20270903,Target-vi_ttc-leaveoneout,leave_one_out,vi_ttc,20,4,14,9.0,3.0,4,0.04644319588759408,0,cutin_braking:7;fast_intrusion:3;lead_braking:3;slow_lead_following:2;stop_and_go:5,430;79;152;269;372;495;390;96;199;292;198;91;392;197;298;192;196;190;393;348,TargetOnlyGP-Marginal,0,0.6002491000108421
20270903,Target-vi_ttc-leaveoneout,leave_one_out,vi_ttc,30,7,22,14.5,4.5,7,0.08072868466293645,1,cutin_braking:12;fast_intrusion:5;lead_braking:6;slow_lead_following:2;stop_and_go:5,430;79;152;269;372;495;390;96;199;292;198;91;392;197;298;192;196;190;393;348;291;106;134;139;193;296;294;191;97;94,TargetOnlyGP-Marginal,0,0.6002491000108421
20270903,Target-vi_ttc-leaveoneout,leave_one_out,vi_ttc,50,11,38,24.5,5.0,11,0.1345383818619689,4,cutin_braking:14;fast_intrusion:16;lead_braking:10;slow_lead_following:3;stop_and_go:7,430;79;152;269;372;495;390;96;199;292;198;91;392;197;298;192;196;190;393;348;291;106;134;139;193;296;294;191;97;94;93;90;284;195;95;295;496;391;17;53;13;69;85;33;194;293;297;92;394;99,TargetOnlyGP-Marginal,0,0.6002491000108421
20270903,Target-vi_ttc-leaveoneout,leave_one_out,vi_ttc,10,0,2,1.0,0.5,0,0.009474042856711,0,cutin_braking:2;fast_intrusion:2;lead_braking:1;slow_lead_following:5;stop_and_go:0,496;181;35;264;497;434;425;76;447;150,Random,0,0.00023560004774481058
20270903,Target-vi_ttc-leaveoneout,leave_one_out,vi_ttc,20,0,3,1.5,1.0,0,0.04078131749152346,1,cutin_braking:6;fast_intrusion:4;lead_braking:1;slow_lead_following:9;stop_and_go:0,496;181;35;264;497;434;425;76;447;150;407;128;465;172;6;161;429;47;419;158,Random,0,0.00023560004774481058
20270903,Target-vi_ttc-leaveoneout,leave_one_out,vi_ttc,30,0,5,2.5,2.0,0,0.05154061416825253,1,cutin_braking:6;fast_intrusion:8;lead_braking:2;slow_lead_following:11;stop_and_go:3,496;181;35;264;497;434;425;76;447;150;407;128;465;172;6;161;429;47;419;158;485;40;377;455;25;23;399;354;96;267,Random,0,0.00023560004774481058
20270903,Target-vi_ttc-leaveoneout,leave_one_out,vi_ttc,50,0,6,3.0,2.5,0,0.054622666650131976,1,cutin_braking:9;fast_intrusion:12;lead_braking:9;slow_lead_following:14;stop_and_go:6,496;181;35;264;497;434;425;76;447;150;407;128;465;172;6;161;429;47;419;158;485;40;377;455;25;23;399;354;96;267;323;184;57;294;239;260;210;431;58;209;372;207;84;63;402;169;275;176;388;417,Random,0,0.00023560004774481058
20270903,Target-vi_ttc-leaveoneout,leave_one_out,vi_ttc,10,1,3,2.0,2.0,1,0.021714521715656278,0,cutin_braking:0;fast_intrusion:3;lead_braking:1;slow_lead_following:5;stop_and_go:1,68;90;493;407;431;394;264;469;449;55,Random,1,0.0001786999637261033
20270903,Target-vi_ttc-leaveoneout,leave_one_out,vi_ttc,20,1,4,2.5,2.5,1,0.06454809116342959,1,cutin_braking:1;fast_intrusion:5;lead_braking:3;slow_lead_following:8;stop_and_go:3,68;90;493;407;431;394;264;469;449;55;383;467;136;408;41;67;441;273;319;201,Random,1,0.0001786999637261033
20270903,Target-vi_ttc-leaveoneout,leave_one_out,vi_ttc,30,2,6,4.0,4.0,2,0.07466439650031154,1,cutin_braking:3;fast_intrusion:7;lead_braking:5;slow_lead_following:10;stop_and_go:5,68;90;493;407;431;394;264;469;449;55;383;467;136;408;41;67;441;273;319;201;299;110;44;361;49;237;195;300;461;419,Random,1,0.0001786999637261033
20270903,Target-vi_ttc-leaveoneout,leave_one_out,vi_ttc,50,3,9,6.0,4.5,3,0.08095860603843577,2,cutin_braking:7;fast_intrusion:13;lead_braking:7;slow_lead_following:14;stop_and_go:9,68;90;493;407;431;394;264;469;449;55;383;467;136;408;41;67;441;273;319;201;299;110;44;361;49;237;195;300;461;419;156;18;366;37;118;484;146;289;166;72;402;429;93;420;395;380;388;54;21;280,Random,1,0.0001786999637261033
20270903,Target-vi_ttc-leaveoneout,leave_one_out,vi_ttc,10,0,2,1.0,1.0,0,0.03674298665469636,1,cutin_braking:3;fast_intrusion:0;lead_braking:3;slow_lead_following:1;stop_and_go:3,389;245;189;172;431;263;399;359;174;223,Random,2,0.00023210002109408379
20270903,Target-vi_ttc-leaveoneout,leave_one_out,vi_ttc,20,0,3,1.5,1.5,0,0.03962949735012903,1,cutin_braking:3;fast_intrusion:6;lead_braking:4;slow_lead_following:2;stop_and_go:5,389;245;189;172;431;263;399;359;174;223;50;0;66;23;331;47;388;92;418;206,Random,2,0.00023210002109408379
20270903,Target-vi_ttc-leaveoneout,leave_one_out,vi_ttc,30,0,7,3.5,2.5,0,0.11118337884705591,3,cutin_braking:6;fast_intrusion:8;lead_braking:6;slow_lead_following:3;stop_and_go:7,389;245;189;172;431;263;399;359;174;223;50;0;66;23;331;47;388;92;418;206;45;392;454;10;337;114;292;148;243;183,Random,2,0.00023210002109408379
20270903,Target-vi_ttc-leaveoneout,leave_one_out,vi_ttc,50,1,9,5.0,3.5,1,0.12153146078623986,3,cutin_braking:11;fast_intrusion:13;lead_braking:6;slow_lead_following:10;stop_and_go:10,389;245;189;172;431;263;399;359;174;223;50;0;66;23;331;47;388;92;418;206;45;392;454;10;337;114;292;148;243;183;198;76;15;436;167;415;446;443;181;432;153;358;94;379;19;349;110;455;81;466,Random,2,0.00023210002109408379
20270903,Target-vi_ttc-leaveoneout,leave_one_out,vi_ttc,10,0,1,0.5,0.5,0,0.003082052481879443,0,cutin_braking:0;fast_intrusion:3;lead_braking:4;slow_lead_following:2;stop_and_go:1,488;19;79;207;63;287;360;294;477;289,Random,3,0.00023719994351267815
20270903,Target-vi_ttc-leaveoneout,leave_one_out,vi_ttc,20,0,2,1.0,0.5,0,0.004776849581003586,0,cutin_braking:3;fast_intrusion:6;lead_braking:5;slow_lead_following:3;stop_and_go:3,488;19;79;207;63;287;360;294;477;289;25;348;182;48;380;135;429;28;169;297,Random,3,0.00023719994351267815
20270903,Target-vi_ttc-leaveoneout,leave_one_out,vi_ttc,30,2,4,3.0,1.5,2,0.017715780262181367,0,cutin_braking:5;fast_intrusion:8;lead_braking:7;slow_lead_following:6;stop_and_go:4,488;19;79;207;63;287;360;294;477;289;25;348;182;48;380;135;429;28;169;297;195;233;32;421;278;448;49;427;199;384,Random,3,0.00023719994351267815
20270903,Target-vi_ttc-leaveoneout,leave_one_out,vi_ttc,50,3,6,4.5,2.0,3,0.06931336251259496,1,cutin_braking:9;fast_intrusion:12;lead_braking:12;slow_lead_following:10;stop_and_go:7,488;19;79;207;63;287;360;294;477;289;25;348;182;48;380;135;429;28;169;297;195;233;32;421;278;448;49;427;199;384;201;42;407;47;466;404;180;345;14;231;78;235;191;104;332;111;317;270;268;415,Random,3,0.00023719994351267815
20270903,Target-vi_ttc-leaveoneout,leave_one_out,vi_ttc,10,0,4,2.0,2.0,0,0.0447391946161812,1,cutin_braking:0;fast_intrusion:1;lead_braking:4;slow_lead_following:3;stop_and_go:2,395;496;294;282;214;243;407;440;7;318,Random,4,0.00018540001474320889
20270903,Target-vi_ttc-leaveoneout,leave_one_out,vi_ttc,20,0,5,2.5,2.5,0,0.07256327015286376,2,cutin_braking:2;fast_intrusion:2;lead_braking:6;slow_lead_following:5;stop_and_go:5,395;496;294;282;214;243;407;440;7;318;206;305;474;116;277;303;35;369;106;404,Random,4,0.00018540001474320889
20270903,Target-vi_ttc-leaveoneout,leave_one_out,vi_ttc,30,0,7,3.5,3.0,0,0.09397665000046188,3,cutin_braking:4;fast_intrusion:6;lead_braking:8;slow_lead_following:7;stop_and_go:5,395;496;294;282;214;243;407;440;7;318;206;305;474;116;277;303;35;369;106;404;228;120;419;55;26;92;425;111;258;79,Random,4,0.00018540001474320889
20270903,Target-vi_ttc-leaveoneout,leave_one_out,vi_ttc,50,0,10,5.0,4.0,0,0.15242799384144873,5,cutin_braking:5;fast_intrusion:15;lead_braking:13;slow_lead_following:11;stop_and_go:6,395;496;294;282;214;243;407;440;7;318;206;305;474;116;277;303;35;369;106;404;228;120;419;55;26;92;425;111;258;79;9;51;63;247;232;495;45;70;263;173;53;2;415;237;331;46;66;281;477;438,Random,4,0.00018540001474320889
20270903,Target-vi_ttc-leaveoneout,leave_one_out,vi_ttc,10,0,1,0.5,0.5,0,0.005435712019883904,0,cutin_braking:1;fast_intrusion:3;lead_braking:2;slow_lead_following:1;stop_and_go:3,24;341;227;311;57;479;31;185;238;399,Random,5,0.0002294000005349517
20270903,Target-vi_ttc-leaveoneout,leave_one_out,vi_ttc,20,1,4,2.5,2.0,1,0.05850665554154288,2,cutin_braking:4;fast_intrusion:6;lead_braking:3;slow_lead_following:3;stop_and_go:4,24;341;227;311;57;479;31;185;238;399;226;462;163;54;483;106;148;333;93;87,Random,5,0.0002294000005349517
20270903,Target-vi_ttc-leaveoneout,leave_one_out,vi_ttc,30,1,4,2.5,2.0,1,0.05850665554154288,2,cutin_braking:5;fast_intrusion:9;lead_braking:5;slow_lead_following:5;stop_and_go:6,24;341;227;311;57;479;31;185;238;399;226;462;163;54;483;106;148;333;93;87;162;89;21;467;324;47;209;380;432;212,Random,5,0.0002294000005349517
20270903,Target-vi_ttc-leaveoneout,leave_one_out,vi_ttc,50,3,11,7.0,4.5,3,0.13094545031404237,4,cutin_braking:11;fast_intrusion:12;lead_braking:10;slow_lead_following:7;stop_and_go:10,24;341;227;311;57;479;31;185;238;399;226;462;163;54;483;106;148;333;93;87;162;89;21;467;324;47;209;380;432;212;199;496;393;78;133;205;337;114;192;414;176;112;1;343;306;289;7;214;200;290,Random,5,0.0002294000005349517
20270903,Target-vi_ttc-leaveoneout,leave_one_out,vi_ttc,10,0,2,1.0,1.0,0,0.01358535167981234,0,cutin_braking:0;fast_intrusion:3;lead_braking:0;slow_lead_following:4;stop_and_go:3,496;420;76;372;88;89;448;462;316;396,Random,6,0.00017709995154291391
20270903,Target-vi_ttc-leaveoneout,leave_one_out,vi_ttc,20,0,2,1.0,1.0,0,0.01358535167981234,0,cutin_braking:0;fast_intrusion:8;lead_braking:1;slow_lead_following:5;stop_and_go:6,496;420;76;372;88;89;448;462;316;396;67;359;84;310;464;29;36;35;265;334,Random,6,0.00017709995154291391
20270903,Target-vi_ttc-leaveoneout,leave_one_out,vi_ttc,30,0,3,1.5,1.5,0,0.04197328846284095,1,cutin_braking:1;fast_intrusion:9;lead_braking:5;slow_lead_following:6;stop_and_go:9,496;420;76;372;88;89;448;462;316;396;67;359;84;310;464;29;36;35;265;334;137;385;325;388;277;421;214;279;74;239,Random,6,0.00017709995154291391
20270903,Target-vi_ttc-leaveoneout,leave_one_out,vi_ttc,50,0,6,3.0,2.5,0,0.0920300105420168,2,cutin_braking:7;fast_intrusion:13;lead_braking:6;slow_lead_following:10;stop_and_go:14,496;420;76;372;88;89;448;462;316;396;67;359;84;310;464;29;36;35;265;334;137;385;325;388;277;421;214;279;74;239;136;134;342;73;380;110;173;374;452;9;437;105;91;96;400;355;429;389;177;249,Random,6,0.00017709995154291391
20270903,Target-vi_ttc-leaveoneout,leave_one_out,vi_ttc,10,0,2,1.0,1.0,0,0.009036886517061502,0,cutin_braking:2;fast_intrusion:2;lead_braking:0;slow_lead_following:4;stop_and_go:2,433;429;162;468;457;398;173;95;43;335,Random,7,0.00027489999774843454
20270903,Target-vi_ttc-leaveoneout,leave_one_out,vi_ttc,20,0,5,2.5,2.0,0,0.09926713319914124,2,cutin_braking:5;fast_intrusion:7;lead_braking:0;slow_lead_following:6;stop_and_go:2,433;429;162;468;457;398;173;95;43;335;187;58;47;116;45;480;447;136;21;92,Random,7,0.00027489999774843454
20270903,Target-vi_ttc-leaveoneout,leave_one_out,vi_ttc,30,0,5,2.5,2.0,0,0.09926713319914124,2,cutin_braking:8;fast_intrusion:9;lead_braking:0;slow_lead_following:8;stop_and_go:5,433;429;162;468;457;398;173;95;43;335;187;58;47;116;45;480;447;136;21;92;182;383;310;444;55;111;174;361;416;51,Random,7,0.00027489999774843454
20270903,Target-vi_ttc-leaveoneout,leave_one_out,vi_ttc,50,1,9,5.0,4.5,1,0.12261825934031745,3,cutin_braking:11;fast_intrusion:14;lead_braking:8;slow_lead_following:9;stop_and_go:8,433;429;162;468;457;398;173;95;43;335;187;58;47;116;45;480;447;136;21;92;182;383;310;444;55;111;174;361;416;51;234;344;301;261;495;232;240;280;63;110;286;11;39;77;87;191;130;258;323;294,Random,7,0.00027489999774843454
20270903,Target-vi_ttc-leaveoneout,leave_one_out,vi_ttc,10,1,2,1.5,1.5,1,0.013615260351486438,0,cutin_braking:2;fast_intrusion:1;lead_braking:4;slow_lead_following:1;stop_and_go:2,306;278;444;129;262;293;389;260;155;94,Random,8,0.0005777999758720398
20270903,Target-vi_ttc-leaveoneout,leave_one_out,vi_ttc,20,1,2,1.5,1.5,1,0.013615260351486438,0,cutin_braking:4;fast_intrusion:5;lead_braking:5;slow_lead_following:2;stop_and_go:4,306;278;444;129;262;293;389;260;155;94;79;305;219;117;364;146;26;41;89;403,Random,8,0.0005777999758720398
20270903,Target-vi_ttc-leaveoneout,leave_one_out,vi_ttc,30,1,2,1.5,1.5,1,0.013615260351486438,0,cutin_braking:5;fast_intrusion:7;lead_braking:7;slow_lead_following:3;stop_and_go:8,306;278;444;129;262;293;389;260;155;94;79;305;219;117;364;146;26;41;89;403;216;233;361;324;481;326;21;69;303;107,Random,8,0.0005777999758720398
20270903,Target-vi_ttc-leaveoneout,leave_one_out,vi_ttc,50,1,2,1.5,1.5,1,0.013615260351486438,0,cutin_braking:9;fast_intrusion:10;lead_braking:11;slow_lead_following:8;stop_and_go:12,306;278;444;129;262;293;389;260;155;94;79;305;219;117;364;146;26;41;89;403;216;233;361;324;481;326;21;69;303;107;224;279;102;447;472;342;339;419;456;275;372;80;168;179;450;235;311;67;162;87,Random,8,0.0005777999758720398
20270903,Target-vi_ttc-leaveoneout,leave_one_out,vi_ttc,10,1,1,1.0,1.0,1,0.009241426287724074,0,cutin_braking:3;fast_intrusion:0;lead_braking:3;slow_lead_following:1;stop_and_go:3,321;480;218;204;185;196;359;342;209;161,Random,9,0.00022600009106099606
20270903,Target-vi_ttc-leaveoneout,leave_one_out,vi_ttc,20,1,2,1.5,1.0,1,0.009241426322851725,0,cutin_braking:8;fast_intrusion:0;lead_braking:4;slow_lead_following:4;stop_and_go:4,321;480;218;204;185;196;359;342;209;161;273;190;447;125;154;186;446;316;400;188,Random,9,0.00022600009106099606
20270903,Target-vi_ttc-leaveoneout,leave_one_out,vi_ttc,30,2,4,3.0,2.5,2,0.061279447187686936,1,cutin_braking:10;fast_intrusion:2;lead_braking:5;slow_lead_following:5;stop_and_go:8,321;480;218;204;185;196;359;342;209;161;273;190;447;125;154;186;446;316;400;188;249;374;39;23;311;492;370;371;156;173,Random,9,0.00022600009106099606
20270903,Target-vi_ttc-leaveoneout,leave_one_out,vi_ttc,50,3,7,5.0,3.0,3,0.11351066898482991,2,cutin_braking:15;fast_intrusion:8;lead_braking:6;slow_lead_following:8;stop_and_go:13,321;480;218;204;185;196;359;342;209;161;273;190;447;125;154;186;446;316;400;188;249;374;39;23;311;492;370;371;156;173;135;329;235;54;138;14;155;325;65;425;38;153;354;327;411;86;308;9;493;199,Random,9,0.00022600009106099606
20270903,Target-mcts_cv-leaveoneout,leave_one_out,mcts_cv,10,6,10,8.0,4.5,6,0.04506502100277571,0,cutin_braking:1;fast_intrusion:1;lead_braking:1;slow_lead_following:6;stop_and_go:1,491;492;499;495;497;496;97;196;294;391,FPS-Risk,0,0.08375950006302446
20270903,Target-mcts_cv-leaveoneout,leave_one_out,mcts_cv,20,10,20,15.0,4.5,10,0.0553667022072291,0,cutin_braking:2;fast_intrusion:6;lead_braking:1;slow_lead_following:10;stop_and_go:1,491;492;499;495;497;496;97;196;294;391;90;93;195;494;493;490;498;94;98;95,FPS-Risk,0,0.08375950006302446
20270903,Target-mcts_cv-leaveoneout,leave_one_out,mcts_cv,30,11,29,20.0,4.5,11,0.06057999037640414,0,cutin_braking:6;fast_intrusion:10;lead_braking:3;slow_lead_following:10;stop_and_go:1,491;492;499;495;497;496;97;196;294;391;90;93;195;494;493;490;498;94;98;95;96;92;99;91;192;194;199;191;290;297,FPS-Risk,0,0.08375950006302446
20270903,Target-mcts_cv-leaveoneout,leave_one_out,mcts_cv,50,11,46,28.5,5.0,11,0.06754167474509684,0,cutin_braking:10;fast_intrusion:11;lead_braking:10;slow_lead_following:10;stop_and_go:9,491;492;499;495;497;496;97;196;294;391;90;93;195;494;493;490;498;94;98;95;96;92;99;91;192;194;199;191;290;297;198;298;190;197;193;292;293;291;296;299;399;395;392;396;393;398;390;397;295;85,FPS-Risk,0,0.08375950006302446
20270903,Target-mcts_cv-leaveoneout,leave_one_out,mcts_cv,10,9,10,9.5,4.5,9,0.05481751205425418,0,cutin_braking:1;fast_intrusion:4;lead_braking:1;slow_lead_following:3;stop_and_go:1,499;491;492;97;93;90;94;196;294;391,FPS-Severity,0,0.08275049994699657
20270903,Target-mcts_cv-leaveoneout,leave_one_out,mcts_cv,20,11,19,15.0,4.5,11,0.05745322508257243,0,cutin_braking:2;fast_intrusion:10;lead_braking:1;slow_lead_following:6;stop_and_go:1,499;491;492;97;93;90;94;196;294;391;98;195;495;95;96;92;497;99;496;91,FPS-Severity,0,0.08275049994699657
20270903,Target-mcts_cv-leaveoneout,leave_one_out,mcts_cv,30,11,29,20.0,4.5,11,0.06057999037640414,0,cutin_braking:6;fast_intrusion:10;lead_braking:3;slow_lead_following:10;stop_and_go:1,499;491;492;97;93;90;94;196;294;391;98;195;495;95;96;92;497;99;496;91;494;493;490;498;192;194;199;191;290;297,FPS-Severity,0,0.08275049994699657
20270903,Target-mcts_cv-leaveoneout,leave_one_out,mcts_cv,50,11,46,28.5,5.0,11,0.06754167474509684,0,cutin_braking:10;fast_intrusion:11;lead_braking:10;slow_lead_following:10;stop_and_go:9,499;491;492;97;93;90;94;196;294;391;98;195;495;95;96;92;497;99;496;91;494;493;490;498;192;194;199;191;290;297;198;298;190;197;193;292;293;291;296;299;399;395;392;396;393;398;390;397;295;85,FPS-Severity,0,0.08275049994699657
20270903,Target-mcts_cv-leaveoneout,leave_one_out,mcts_cv,10,6,10,8.0,4.5,6,0.054061024143206654,0,cutin_braking:2;fast_intrusion:2;lead_braking:2;slow_lead_following:2;stop_and_go:2,499;97;196;294;391;491;93;195;290;399,FPS-Balanced,0,0.10291640006471425
20270903,Target-mcts_cv-leaveoneout,leave_one_out,mcts_cv,20,9,20,14.5,4.5,9,0.06115521309107885,0,cutin_braking:4;fast_intrusion:4;lead_braking:4;slow_lead_following:4;stop_and_go:4,499;97;196;294;391;491;93;195;290;399;492;90;192;297;395;94;495;194;298;392,FPS-Balanced,0,0.10291640006471425
20270903,Target-mcts_cv-leaveoneout,leave_one_out,mcts_cv,30,10,30,20.0,4.5,10,0.06349071945767441,0,cutin_braking:6;fast_intrusion:6;lead_braking:6;slow_lead_following:6;stop_and_go:6,499;97;196;294;391;491;93;195;290;399;492;90;192;297;395;94;495;194;298;392;98;497;199;292;396;95;496;191;293;393,FPS-Balanced,0,0.10291640006471425
20270903,Target-mcts_cv-leaveoneout,leave_one_out,mcts_cv,50,11,47,29.0,5.0,11,0.06778971918613846,0,cutin_braking:10;fast_intrusion:10;lead_braking:10;slow_lead_following:10;stop_and_go:10,499;97;196;294;391;491;93;195;290;399;492;90;192;297;395;94;495;194;298;392;98;497;199;292;396;95;496;191;293;393;96;494;198;291;398;92;493;190;296;390;99;490;197;299;397;91;498;193;295;394,FPS-Balanced,0,0.10291640006471425
20270903,Target-mcts_cv-leaveoneout,leave_one_out,mcts_cv,10,4,6,5.0,4.0,4,0.05110416586612081,0,cutin_braking:2;fast_intrusion:3;lead_braking:2;slow_lead_following:1;stop_and_go:2,180;65;491;214;93;196;390;292;372;97,FPS-Marginal,0,0.4941590999951586
20270903,Target-mcts_cv-leaveoneout,leave_one_out,mcts_cv,20,7,16,11.5,5.0,7,0.06137962437300928,0,cutin_braking:4;fast_intrusion:4;lead_braking:6;slow_lead_following:2;stop_and_go:4,180;65;491;214;93;196;390;292;372;97;392;195;298;492;90;393;291;197;296;294,FPS-Marginal,0,0.4941590999951586
20270903,Target-mcts_cv-leaveoneout,leave_one_out,mcts_cv,30,7,25,16.0,5.0,7,0.06370933268559965,0,cutin_braking:6;fast_intrusion:5;lead_braking:10;slow_lead_following:3;stop_and_go:6,180;65;491;214;93;196;390;292;372;97;392;195;298;492;90;393;291;197;296;294;295;192;391;293;99;394;290;297;191;494,FPS-Marginal,0,0.4941590999951586
20270903,Target-mcts_cv-leaveoneout,leave_one_out,mcts_cv,50,10,43,26.5,5.0,10,0.06756805187787547,0,cutin_braking:9;fast_intrusion:9;lead_braking:11;slow_lead_following:10;stop_and_go:11,180;65;491;214;93;196;390;292;372;97;392;195;298;492;90;393;291;197;296;294;295;192;391;293;99;394;290;297;191;494;397;299;193;398;395;198;94;45;396;399;91;499;498;496;497;495;493;490;194;95,FPS-Marginal,0,0.4941590999951586
20270903,Target-mcts_cv-leaveoneout,leave_one_out,mcts_cv,10,6,10,8.0,4.5,6,0.04506502100277571,0,cutin_braking:1;fast_intrusion:1;lead_braking:1;slow_lead_following:6;stop_and_go:1,499;491;492;495;496;497;97;196;294;391,MeanResidual-Risk,0,0.17596079991199076
20270903,Target-mcts_cv-leaveoneout,leave_one_out,mcts_cv,20,10,20,15.0,4.5,10,0.056349129716939506,0,cutin_braking:4;fast_intrusion:6;lead_braking:2;slow_lead_following:7;stop_and_go:1,499;491;492;495;496;497;97;196;294;391;195;194;297;494;93;90;98;94;96;192,MeanResidual-Risk,0,0.17596079991199076
20270903,Target-mcts_cv-leaveoneout,leave_one_out,mcts_cv,30,11,29,20.0,4.5,11,0.061531586477052404,0,cutin_braking:6;fast_intrusion:10;lead_braking:5;slow_lead_following:7;stop_and_go:2,499;491;492;495;496;497;97;196;294;391;195;194;297;494;93;90;98;94;96;192;91;99;95;199;291;92;191;292;298;399,MeanResidual-Risk,0,0.17596079991199076
20270903,Target-mcts_cv-leaveoneout,leave_one_out,mcts_cv,50,11,47,29.0,5.0,11,0.06778971918613846,0,cutin_braking:10;fast_intrusion:10;lead_braking:10;slow_lead_following:10;stop_and_go:10,499;491;492;495;496;497;97;196;294;391;195;194;297;494;93;90;98;94;96;192;91;99;95;199;291;92;191;292;298;399;299;493;490;498;293;392;290;197;190;198;397;394;395;393;396;390;398;296;193;295,MeanResidual-Risk,0,0.17596079991199076
20270903,Target-mcts_cv-leaveoneout,leave_one_out,mcts_cv,10,4,7,5.5,4.0,4,0.050639497064072315,0,cutin_braking:3;fast_intrusion:3;lead_braking:2;slow_lead_following:1;stop_and_go:1,491;93;196;65;180;391;292;97;199;214,MeanResidual-Marginal,0,0.5940567000070587
20270903,Target-mcts_cv-leaveoneout,leave_one_out,mcts_cv,20,8,17,12.5,4.0,8,0.06218062238569854,0,cutin_braking:5;fast_intrusion:6;lead_braking:4;slow_lead_following:2;stop_and_go:3,491;93;196;65;180;391;292;97;199;214;393;195;192;492;298;94;91;90;291;392,MeanResidual-Marginal,0,0.5940567000070587
20270903,Target-mcts_cv-leaveoneout,leave_one_out,mcts_cv,30,9,24,16.5,5.0,9,0.06569780989712595,0,cutin_braking:6;fast_intrusion:8;lead_braking:8;slow_lead_following:3;stop_and_go:5,491;93;196;65;180;391;292;97;199;214;393;195;192;492;298;94;91;90;291;392;430;296;294;197;372;96;99;293;390;295,MeanResidual-Marginal,0,0.5940567000070587
20270903,Target-mcts_cv-leaveoneout,leave_one_out,mcts_cv,50,11,42,26.5,5.0,11,0.06778955812423745,0,cutin_braking:10;fast_intrusion:11;lead_braking:11;slow_lead_following:7;stop_and_go:11,491;93;196;65;180;391;292;97;199;214;393;195;192;492;298;94;91;90;291;392;430;296;294;197;372;96;99;293;390;295;394;290;297;494;98;191;397;299;398;395;193;497;396;399;198;194;92;496;499;95,MeanResidual-Marginal,0,0.5940567000070587
20270903,Target-mcts_cv-leaveoneout,leave_one_out,mcts_cv,10,6,10,8.0,4.5,6,0.04506502100277571,0,cutin_braking:1;fast_intrusion:1;lead_braking:1;slow_lead_following:6;stop_and_go:1,499;491;492;495;496;497;97;196;294;391,CoRe-Risk,0,0.2042015999322757
20270903,Target-mcts_cv-leaveoneout,leave_one_out,mcts_cv,20,9,20,14.5,4.5,9,0.05487215107735036,0,cutin_braking:2;fast_intrusion:4;lead_braking:3;slow_lead_following:10;stop_and_go:1,499;491;492;495;496;497;97;196;294;391;195;297;93;90;494;493;490;498;291;98,CoRe-Risk,0,0.2042015999322757
20270903,Target-mcts_cv-leaveoneout,leave_one_out,mcts_cv,30,11,29,20.0,4.5,11,0.06101306763913087,0,cutin_braking:4;fast_intrusion:10;lead_braking:5;slow_lead_following:10;stop_and_go:1,499;491;492;495;496;497;97;196;294;391;195;297;93;90;494;493;490;498;291;98;94;96;95;91;99;92;192;194;292;298,CoRe-Risk,0,0.2042015999322757
20270903,Target-mcts_cv-leaveoneout,leave_one_out,mcts_cv,50,11,47,29.0,5.0,11,0.06778971918613846,0,cutin_braking:10;fast_intrusion:10;lead_braking:10;slow_lead_following:10;stop_and_go:10,499;491;492;495;496;497;97;196;294;391;195;297;93;90;494;493;490;498;291;98;94;96;95;91;99;92;192;194;292;298;199;197;399;299;293;392;290;191;397;394;390;396;393;395;398;296;190;193;198;295,CoRe-Risk,0,0.2042015999322757
20270903,Target-mcts_cv-leaveoneout,leave_one_out,mcts_cv,10,4,6,5.0,4.0,4,0.05052348445746939,0,cutin_braking:2;fast_intrusion:3;lead_braking:2;slow_lead_following:1;stop_and_go:2,180;65;491;214;93;196;391;292;372;97,CoRe-Marginal,0,0.6313772000139579
20270903,Target-mcts_cv-leaveoneout,leave_one_out,mcts_cv,20,6,15,10.5,4.5,6,0.059669318960418674,0,cutin_braking:4;fast_intrusion:4;lead_braking:5;slow_lead_following:3;stop_and_go:4,180;65;491;214;93;196;391;292;372;97;393;195;192;492;298;90;291;392;430;296,CoRe-Marginal,0,0.6313772000139579
20270903,Target-mcts_cv-leaveoneout,leave_one_out,mcts_cv,30,7,24,15.5,5.0,7,0.06370920539527905,0,cutin_braking:6;fast_intrusion:5;lead_braking:10;slow_lead_following:3;stop_and_go:6,180;65;491;214;93;196;391;292;372;97;393;195;192;492;298;90;291;392;430;296;294;197;293;99;390;295;394;290;297;191,CoRe-Marginal,0,0.6313772000139579
20270903,Target-mcts_cv-leaveoneout,leave_one_out,mcts_cv,50,11,37,24.0,5.0,11,0.06769234622009328,0,cutin_braking:8;fast_intrusion:13;lead_braking:12;slow_lead_following:5;stop_and_go:12,180;65;491;214;93;196;391;292;372;97;393;195;192;492;298;90;291;392;430;296;294;197;293;99;390;295;394;290;297;191;494;397;299;398;395;193;94;17;98;77;215;396;399;91;95;92;96;499;348;169,CoRe-Marginal,0,0.6313772000139579
20270903,Target-mcts_cv-leaveoneout,leave_one_out,mcts_cv,10,0,5,2.5,2.5,0,0.030913309565738626,0,cutin_braking:2;fast_intrusion:2;lead_braking:2;slow_lead_following:2;stop_and_go:2,430;79;152;269;372;495;390;96;199;292,TargetOnlyGP-Marginal,0,0.6325796999735758
20270903,Target-mcts_cv-leaveoneout,leave_one_out,mcts_cv,20,4,14,9.0,3.0,4,0.048288861341435285,0,cutin_braking:3;fast_intrusion:6;lead_braking:4;slow_lead_following:2;stop_and_go:5,430;79;152;269;372;495;390;96;199;292;91;198;392;298;348;393;97;94;93;291,TargetOnlyGP-Marginal,0,0.6325796999735758
20270903,Target-mcts_cv-leaveoneout,leave_one_out,mcts_cv,30,7,22,14.5,4.5,7,0.05553266509374702,0,cutin_braking:8;fast_intrusion:9;lead_braking:6;slow_lead_following:2;stop_and_go:5,430;79;152;269;372;495;390;96;199;292;91;198;392;298;348;393;97;94;93;291;92;90;192;296;294;182;197;95;196;195,TargetOnlyGP-Marginal,0,0.6325796999735758
20270903,Target-mcts_cv-leaveoneout,leave_one_out,mcts_cv,50,8,36,22.0,4.5,8,0.05883101555172685,0,cutin_braking:10;fast_intrusion:12;lead_braking:13;slow_lead_following:5;stop_and_go:10,430;79;152;269;372;495;390;96;199;292;91;198;392;298;348;393;97;94;93;291;92;90;192;296;294;182;197;95;196;195;496;284;44;391;293;394;295;497;297;290;98;191;397;299;276;193;0;398;395;498,TargetOnlyGP-Marginal,0,0.6325796999735758
20270903,Target-mcts_cv-leaveoneout,leave_one_out,mcts_cv,10,0,1,0.5,0.5,0,0.00415752291902022,0,cutin_braking:5;fast_intrusion:2;lead_braking:3;slow_lead_following:0;stop_and_go:0,285;153;57;173;204;108;296;79;157;140,Random,0,0.00023230002261698246
20270903,Target-mcts_cv-leaveoneout,leave_one_out,mcts_cv,20,0,1,0.5,0.5,0,0.00415752291902022,0,cutin_braking:7;fast_intrusion:4;lead_braking:8;slow_lead_following:0;stop_and_go:1,285;153;57;173;204;108;296;79;157;140;264;16;112;163;238;255;268;5;269;354,Random,0,0.00023230002261698246
20270903,Target-mcts_cv-leaveoneout,leave_one_out,mcts_cv,30,0,2,1.0,1.0,0,0.009253833563114445,0,cutin_braking:8;fast_intrusion:6;lead_braking:10;slow_lead_following:1;stop_and_go:5,285;153;57;173;204;108;296;79;157;140;264;16;112;163;238;255;268;5;269;354;398;376;281;352;145;276;20;42;323;486,Random,0,0.00023230002261698246
20270903,Target-mcts_cv-leaveoneout,leave_one_out,mcts_cv,50,0,3,1.5,1.5,0,0.011288252200763987,0,cutin_braking:14;fast_intrusion:8;lead_braking:12;slow_lead_following:6;stop_and_go:10,285;153;57;173;204;108;296;79;157;140;264;16;112;163;238;255;268;5;269;354;398;376;281;352;145;276;20;42;323;486;182;169;457;8;387;410;434;141;373;412;129;339;374;297;358;193;214;15;156;477,Random,0,0.00023230002261698246
20270903,Target-mcts_cv-leaveoneout,leave_one_out,mcts_cv,10,0,0,0.0,0.0,0,0.0,0,cutin_braking:3;fast_intrusion:2;lead_braking:3;slow_lead_following:2;stop_and_go:0,204;74;171;273;120;469;402;76;111;243,Random,1,0.00023309991229325533
20270903,Target-mcts_cv-leaveoneout,leave_one_out,mcts_cv,20,0,0,0.0,0.0,0,0.0,0,cutin_braking:5;fast_intrusion:3;lead_braking:7;slow_lead_following:3;stop_and_go:2,204;74;171;273;120;469;402;76;111;243;324;124;260;367;164;221;286;68;233;463,Random,1,0.00023309991229325533
20270903,Target-mcts_cv-leaveoneout,leave_one_out,mcts_cv,30,0,1,0.5,0.5,0,0.0041500859900351,0,cutin_braking:9;fast_intrusion:3;lead_braking:9;slow_lead_following:6;stop_and_go:3,204;74;171;273;120;469;402;76;111;243;324;124;260;367;164;221;286;68;233;463;297;146;181;458;189;362;212;410;422;154,Random,1,0.00023309991229325533
20270903,Target-mcts_cv-leaveoneout,leave_one_out,mcts_cv,50,0,1,0.5,0.5,0,0.0041500859900351,0,cutin_braking:16;fast_intrusion:8;lead_braking:11;slow_lead_following:9;stop_and_go:6,204;74;171;273;120;469;402;76;111;243;324;124;260;367;164;221;286;68;233;463;297;146;181;458;189;362;212;410;422;154;8;155;339;18;24;169;59;467;142;183;451;334;218;208;157;468;159;320;47;161,Random,1,0.00023309991229325533
20270903,Target-mcts_cv-leaveoneout,leave_one_out,mcts_cv,10,0,0,0.0,0.0,0,0.0,0,cutin_braking:3;fast_intrusion:4;lead_braking:1;slow_lead_following:0;stop_and_go:2,241;73;74;9;83;307;333;116;151;172,Random,2,0.00016799999866634607
20270903,Target-mcts_cv-leaveoneout,leave_one_out,mcts_cv,20,0,1,0.5,0.5,0,0.005096310644094227,0,cutin_braking:3;fast_intrusion:5;lead_braking:4;slow_lead_following:2;stop_and_go:6,241;73;74;9;83;307;333;116;151;172;411;68;465;275;238;330;398;377;200;339,Random,2,0.00016799999866634607
20270903,Target-mcts_cv-leaveoneout,leave_one_out,mcts_cv,30,0,1,0.5,0.5,0,0.005096310644094227,0,cutin_braking:6;fast_intrusion:6;lead_braking:6;slow_lead_following:4;stop_and_go:8,241;73;74;9;83;307;333;116;151;172;411;68;465;275;238;330;398;377;200;339;481;161;285;20;103;374;147;373;432;270,Random,2,0.00016799999866634607
20270903,Target-mcts_cv-leaveoneout,leave_one_out,mcts_cv,50,1,2,1.5,1.5,1,0.013858026508287552,0,cutin_braking:10;fast_intrusion:8;lead_braking:12;slow_lead_following:9;stop_and_go:11,241;73;74;9;83;307;333;116;151;172;411;68;465;275;238;330;398;377;200;339;481;161;285;20;103;374;147;373;432;270;430;14;264;341;271;450;251;401;205;182;129;447;345;261;328;115;98;176;287;436,Random,2,0.00016799999866634607
20270903,Target-mcts_cv-leaveoneout,leave_one_out,mcts_cv,10,0,1,0.5,0.5,0,0.00415752291902022,0,cutin_braking:1;fast_intrusion:2;lead_braking:3;slow_lead_following:3;stop_and_go:1,458;13;285;11;209;329;167;407;453;296,Random,3,0.0001829999964684248
20270903,Target-mcts_cv-leaveoneout,leave_one_out,mcts_cv,20,0,2,1.0,1.0,0,0.009628564301150602,0,cutin_braking:2;fast_intrusion:5;lead_braking:4;slow_lead_following:5;stop_and_go:4,458;13;285;11;209;329;167;407;453;296;118;220;381;421;78;306;10;12;432;391,Random,3,0.0001829999964684248
20270903,Target-mcts_cv-leaveoneout,leave_one_out,mcts_cv,30,0,3,1.5,1.5,0,0.01869139800149331,0,cutin_braking:4;fast_intrusion:5;lead_braking:8;slow_lead_following:7;stop_and_go:6,458;13;285;11;209;329;167;407;453;296;118;220;381;421;78;306;10;12;432;391;334;495;203;157;239;438;345;231;204;127,Random,3,0.0001829999964684248
20270903,Target-mcts_cv-leaveoneout,leave_one_out,mcts_cv,50,1,5,3.0,2.5,1,0.02956784230020575,0,cutin_braking:8;fast_intrusion:9;lead_braking:15;slow_lead_following:8;stop_and_go:10,458;13;285;11;209;329;167;407;453;296;118;220;381;421;78;306;10;12;432;391;334;495;203;157;239;438;345;231;204;127;44;390;405;263;176;337;278;90;226;56;240;79;320;158;272;314;175;182;251;215,Random,3,0.0001829999964684248
20270903,Target-mcts_cv-leaveoneout,leave_one_out,mcts_cv,10,0,0,0.0,0.0,0,0.0,0,cutin_braking:5;fast_intrusion:1;lead_braking:1;slow_lead_following:1;stop_and_go:2,332;111;427;240;173;334;123;103;44;124,Random,4,0.00023140001576393843
20270903,Target-mcts_cv-leaveoneout,leave_one_out,mcts_cv,20,0,0,0.0,0.0,0,0.0,0,cutin_braking:6;fast_intrusion:3;lead_braking:4;slow_lead_following:3;stop_and_go:4,332;111;427;240;173;334;123;103;44;124;359;5;366;289;261;158;265;481;37;463,Random,4,0.00023140001576393843
20270903,Target-mcts_cv-leaveoneout,leave_one_out,mcts_cv,30,0,1,0.5,0.5,0,0.004930516233763379,0,cutin_braking:8;fast_intrusion:3;lead_braking:6;slow_lead_following:7;stop_and_go:6,332;111;427;240;173;334;123;103;44;124;359;5;366;289;261;158;265;481;37;463;243;466;394;137;320;435;445;434;210;193,Random,4,0.00023140001576393843
20270903,Target-mcts_cv-leaveoneout,leave_one_out,mcts_cv,50,1,3,2.0,2.0,1,0.02356232645443122,0,cutin_braking:12;fast_intrusion:8;lead_braking:9;slow_lead_following:14;stop_and_go:7,332;111;427;240;173;334;123;103;44;124;359;5;366;289;261;158;265;481;37;463;243;466;394;137;320;435;445;434;210;193;256;75;151;154;438;409;490;58;477;170;64;217;163;450;93;248;414;355;16;455,Random,4,0.00023140001576393843
20270903,Target-mcts_cv-leaveoneout,leave_one_out,mcts_cv,10,1,1,1.0,1.0,1,0.006164104963758886,0,cutin_braking:4;fast_intrusion:1;lead_braking:1;slow_lead_following:2;stop_and_go:2,294;385;128;177;305;156;143;87;424;429,Random,5,0.00016999989748001099
20270903,Target-mcts_cv-leaveoneout,leave_one_out,mcts_cv,20,1,1,1.0,1.0,1,0.006164104963758886,0,cutin_braking:8;fast_intrusion:4;lead_braking:2;slow_lead_following:3;stop_and_go:3,294;385;128;177;305;156;143;87;424;429;32;486;103;184;263;311;182;45;150;1,Random,5,0.00016999989748001099
20270903,Target-mcts_cv-leaveoneout,leave_one_out,mcts_cv,30,1,2,1.5,1.0,1,0.008167809903904965,0,cutin_braking:8;fast_intrusion:4;lead_braking:5;slow_lead_following:7;stop_and_go:6,294;385;128;177;305;156;143;87;424;429;32;486;103;184;263;311;182;45;150;1;480;378;454;216;419;293;363;339;482;252,Random,5,0.00016999989748001099
20270903,Target-mcts_cv-leaveoneout,leave_one_out,mcts_cv,50,1,5,3.0,2.0,1,0.021019572643589876,0,cutin_braking:12;fast_intrusion:12;lead_braking:5;slow_lead_following:9;stop_and_go:12,294;385;128;177;305;156;143;87;424;429;32;486;103;184;263;311;182;45;150;1;480;378;454;216;419;293;363;339;482;252;25;96;396;33;320;157;489;27;397;18;149;362;40;14;302;189;129;306;465;36,Random,5,0.00016999989748001099
20270903,Target-mcts_cv-leaveoneout,leave_one_out,mcts_cv,10,0,2,1.0,1.0,0,0.01021867697583393,0,cutin_braking:2;fast_intrusion:3;lead_braking:3;slow_lead_following:0;stop_and_go:2,60;16;42;215;265;253;166;384;399;194,Random,6,0.00017709995154291391
20270903,Target-mcts_cv-leaveoneout,leave_one_out,mcts_cv,20,0,2,1.0,1.0,0,0.01021867697583393,0,cutin_braking:5;fast_intrusion:5;lead_braking:5;slow_lead_following:1;stop_and_go:4,60;16;42;215;265;253;166;384;399;194;120;124;139;74;440;268;304;330;32;224,Random,6,0.00017709995154291391
20270903,Target-mcts_cv-leaveoneout,leave_one_out,mcts_cv,30,0,2,1.0,1.0,0,0.01021867697583393,0,cutin_braking:6;fast_intrusion:7;lead_braking:7;slow_lead_following:3;stop_and_go:7,60;16;42;215;265;253;166;384;399;194;120;124;139;74;440;268;304;330;32;224;325;409;200;406;338;8;79;176;388;273,Random,6,0.00017709995154291391
20270903,Target-mcts_cv-leaveoneout,leave_one_out,mcts_cv,50,0,2,1.0,1.0,0,0.01021867697583393,0,cutin_braking:10;fast_intrusion:11;lead_braking:10;slow_lead_following:8;stop_and_go:11,60;16;42;215;265;253;166;384;399;194;120;124;139;74;440;268;304;330;32;224;325;409;200;406;338;8;79;176;388;273;228;462;320;442;64;478;43;150;347;477;85;274;321;89;145;342;266;104;129;474,Random,6,0.00017709995154291391
20270903,Target-mcts_cv-leaveoneout,leave_one_out,mcts_cv,10,0,0,0.0,0.0,0,0.0,0,cutin_braking:2;fast_intrusion:1;lead_braking:3;slow_lead_following:3;stop_and_go:1,346;480;212;48;280;295;182;120;475;481,Random,7,0.00016900000628083944
20270903,Target-mcts_cv-leaveoneout,leave_one_out,mcts_cv,20,1,2,1.5,1.5,1,0.015498308399952589,0,cutin_braking:3;fast_intrusion:2;lead_braking:5;slow_lead_following:7;stop_and_go:3,346;480;212;48;280;295;182;120;475;481;421;219;93;343;391;420;485;252;142;403,Random,7,0.00016900000628083944
20270903,Target-mcts_cv-leaveoneout,leave_one_out,mcts_cv,30,1,3,2.0,1.5,1,0.01628037230413555,0,cutin_braking:6;fast_intrusion:7;lead_braking:6;slow_lead_following:7;stop_and_go:4,346;480;212;48;280;295;182;120;475;481;421;219;93;343;391;420;485;252;142;403;82;114;153;394;246;11;26;59;135;19,Random,7,0.00016900000628083944
20270903,Target-mcts_cv-leaveoneout,leave_one_out,mcts_cv,50,1,5,3.0,2.0,1,0.02517256793183934,0,cutin_braking:10;fast_intrusion:12;lead_braking:12;slow_lead_following:11;stop_and_go:5,346;480;212;48;280;295;182;120;475;481;421;219;93;343;391;420;485;252;142;403;82;114;153;394;246;11;26;59;135;19;392;285;283;413;144;277;52;490;44;471;125;241;258;220;35;178;14;113;412;46,Random,7,0.00016900000628083944
20270903,Target-mcts_cv-leaveoneout,leave_one_out,mcts_cv,10,1,1,1.0,1.0,1,0.009241426287724074,0,cutin_braking:4;fast_intrusion:1;lead_braking:2;slow_lead_following:0;stop_and_go:3,285;4;200;344;331;196;185;148;378;163,Random,8,0.00016499997582286596
20270903,Target-mcts_cv-leaveoneout,leave_one_out,mcts_cv,20,1,2,1.5,1.5,1,0.017177580096786764,0,cutin_braking:4;fast_intrusion:5;lead_braking:3;slow_lead_following:2;stop_and_go:6,285;4;200;344;331;196;185;148;378;163;253;493;323;71;54;27;418;313;23;379,Random,8,0.00016499997582286596
20270903,Target-mcts_cv-leaveoneout,leave_one_out,mcts_cv,30,1,4,2.5,2.0,1,0.02335565074820897,0,cutin_braking:6;fast_intrusion:7;lead_braking:6;slow_lead_following:2;stop_and_go:9,285;4;200;344;331;196;185;148;378;163;253;493;323;71;54;27;418;313;23;379;359;390;194;238;351;46;207;184;288;17,Random,8,0.00016499997582286596
20270903,Target-mcts_cv-leaveoneout,leave_one_out,mcts_cv,50,1,4,2.5,2.0,1,0.02335565074820897,0,cutin_braking:11;fast_intrusion:11;lead_braking:10;slow_lead_following:6;stop_and_go:12,285;4;200;344;331;196;185;148;378;163;253;493;323;71;54;27;418;313;23;379;359;390;194;238;351;46;207;184;288;17;451;223;158;152;214;459;16;421;162;307;228;443;25;41;342;104;232;182;57;339,Random,8,0.00016499997582286596
20270903,Target-mcts_cv-leaveoneout,leave_one_out,mcts_cv,10,0,0,0.0,0.0,0,0.0,0,cutin_braking:2;fast_intrusion:3;lead_braking:1;slow_lead_following:3;stop_and_go:1,287;130;5;145;6;402;488;308;422;43,Random,9,0.0002340000355616212
20270903,Target-mcts_cv-leaveoneout,leave_one_out,mcts_cv,20,0,0,0.0,0.0,0,0.0,0,cutin_braking:4;fast_intrusion:5;lead_braking:2;slow_lead_following:7;stop_and_go:2,287;130;5;145;6;402;488;308;422;43;410;465;103;79;14;342;243;171;479;443,Random,9,0.0002340000355616212
20270903,Target-mcts_cv-leaveoneout,leave_one_out,mcts_cv,30,0,1,0.5,0.5,0,0.004916346508219683,0,cutin_braking:6;fast_intrusion:6;lead_braking:6;slow_lead_following:8;stop_and_go:4,287;130;5;145;6;402;488;308;422;43;410;465;103;79;14;342;243;171;479;443;54;209;362;119;424;309;251;293;252;161,Random,9,0.0002340000355616212
20270903,Target-mcts_cv-leaveoneout,leave_one_out,mcts_cv,50,0,1,0.5,0.5,0,0.004916346508219683,0,cutin_braking:12;fast_intrusion:13;lead_braking:6;slow_lead_following:12;stop_and_go:7,287;130;5;145;6;402;488;308;422;43;410;465;103;79;14;342;243;171;479;443;54;209;362;119;424;309;251;293;252;161;55;435;9;151;141;189;354;351;477;63;37;157;489;4;461;32;306;3;146;164,Random,9,0.0002340000355616212
20270903,Target-ppo_ece-leaveoneout,leave_one_out,ppo_ece,10,3,10,6.5,3.0,3,0.03624106675255595,0,cutin_braking:1;fast_intrusion:1;lead_braking:1;slow_lead_following:6;stop_and_go:1,90;196;491;492;499;495;496;497;294;391,FPS-Risk,0,0.08824139996431768
20270903,Target-ppo_ece-leaveoneout,leave_one_out,ppo_ece,20,3,20,11.5,3.0,3,0.041426771649437685,0,cutin_braking:1;fast_intrusion:1;lead_braking:6;slow_lead_following:10;stop_and_go:2,90;196;491;492;499;495;496;497;294;391;494;493;490;498;290;297;298;292;293;399,FPS-Risk,0,0.08824139996431768
20270903,Target-ppo_ece-leaveoneout,leave_one_out,ppo_ece,30,3,30,16.5,3.5,3,0.04696343815912793,0,cutin_braking:1;fast_intrusion:1;lead_braking:9;slow_lead_following:10;stop_and_go:9,90;196;491;492;499;495;496;497;294;391;494;493;490;498;290;297;298;292;293;399;395;392;396;291;393;296;299;398;390;397,FPS-Risk,0,0.08824139996431768
20270903,Target-ppo_ece-leaveoneout,leave_one_out,ppo_ece,50,3,45,24.0,3.5,3,0.056922908619593204,0,cutin_braking:7;fast_intrusion:13;lead_braking:10;slow_lead_following:10;stop_and_go:10,90;196;491;492;499;495;496;497;294;391;494;493;490;498;290;297;298;292;293;399;395;392;396;291;393;296;299;398;390;397;295;394;0;93;1;97;2;94;98;95;96;99;91;92;100;195;194;192;199;190,FPS-Risk,0,0.08824139996431768
20270903,Target-ppo_ece-leaveoneout,leave_one_out,ppo_ece,10,3,10,6.5,3.0,3,0.034589698146587536,0,cutin_braking:1;fast_intrusion:1;lead_braking:1;slow_lead_following:6;stop_and_go:1,499;491;492;97;196;495;294;496;497;391,FPS-Severity,0,0.10506989993155003
20270903,Target-ppo_ece-leaveoneout,leave_one_out,ppo_ece,20,3,20,11.5,3.0,3,0.03977540304346928,0,cutin_braking:1;fast_intrusion:1;lead_braking:6;slow_lead_following:10;stop_and_go:2,499;491;492;97;196;495;294;496;497;391;494;493;490;498;290;297;298;292;293;399,FPS-Severity,0,0.10506989993155003
20270903,Target-ppo_ece-leaveoneout,leave_one_out,ppo_ece,30,3,30,16.5,3.5,3,0.045312069553159515,0,cutin_braking:1;fast_intrusion:1;lead_braking:9;slow_lead_following:10;stop_and_go:9,499;491;492;97;196;495;294;496;497;391;494;493;490;498;290;297;298;292;293;399;395;392;396;291;393;296;299;398;390;397,FPS-Severity,0,0.10506989993155003
20270903,Target-ppo_ece-leaveoneout,leave_one_out,ppo_ece,50,3,45,24.0,3.5,3,0.056922908619593204,0,cutin_braking:7;fast_intrusion:13;lead_braking:10;slow_lead_following:10;stop_and_go:10,499;491;492;97;196;495;294;496;497;391;494;493;490;498;290;297;298;292;293;399;395;392;396;291;393;296;299;398;390;397;295;394;0;93;1;90;2;94;98;95;96;99;91;92;100;195;194;192;199;190,FPS-Severity,0,0.10506989993155003
20270903,Target-ppo_ece-leaveoneout,leave_one_out,ppo_ece,10,2,8,5.0,3.0,2,0.03618317478388951,0,cutin_braking:2;fast_intrusion:2;lead_braking:2;slow_lead_following:2;stop_and_go:2,499;97;196;294;391;491;290;399;0;100,FPS-Balanced,0,0.09282330004498363
20270903,Target-ppo_ece-leaveoneout,leave_one_out,ppo_ece,20,3,17,10.0,3.0,3,0.047437925680365894,0,cutin_braking:4;fast_intrusion:4;lead_braking:4;slow_lead_following:4;stop_and_go:4,499;97;196;294;391;491;290;399;0;100;492;195;93;297;395;495;298;392;194;1,FPS-Balanced,0,0.09282330004498363
20270903,Target-ppo_ece-leaveoneout,leave_one_out,ppo_ece,30,3,26,14.5,3.0,3,0.05091390261361094,0,cutin_braking:6;fast_intrusion:6;lead_braking:6;slow_lead_following:6;stop_and_go:6,499;97;196;294;391;491;290;399;0;100;492;195;93;297;395;495;298;392;194;1;90;496;292;396;192;497;293;393;199;2,FPS-Balanced,0,0.09282330004498363
20270903,Target-ppo_ece-leaveoneout,leave_one_out,ppo_ece,50,3,46,24.5,3.5,3,0.056638495053711005,0,cutin_braking:10;fast_intrusion:10;lead_braking:10;slow_lead_following:10;stop_and_go:10,499;97;196;294;391;491;290;399;0;100;492;195;93;297;395;495;298;392;194;1;90;496;292;396;192;497;293;393;199;2;494;291;94;398;190;493;98;296;390;198;490;95;299;397;191;498;96;295;394;197,FPS-Balanced,0,0.09282330004498363
20270903,Target-ppo_ece-leaveoneout,leave_one_out,ppo_ece,10,1,5,3.0,3.0,1,0.038346683597443074,0,cutin_braking:3;fast_intrusion:3;lead_braking:2;slow_lead_following:1;stop_and_go:1,180;65;491;214;93;196;152;390;79;292,FPS-Marginal,0,0.5240998000372201
20270903,Target-ppo_ece-leaveoneout,leave_one_out,ppo_ece,20,1,12,6.5,3.0,1,0.04640299015845927,0,cutin_braking:5;fast_intrusion:7;lead_braking:4;slow_lead_following:1;stop_and_go:3,180;65;491;214;93;196;152;390;79;292;90;97;80;372;195;49;392;199;294;298,FPS-Marginal,0,0.5240998000372201
20270903,Target-ppo_ece-leaveoneout,leave_one_out,ppo_ece,30,2,22,12.0,3.5,2,0.05401813839509817,0,cutin_braking:8;fast_intrusion:9;lead_braking:7;slow_lead_following:2;stop_and_go:4,180;65;491;214;93;196;152;390;79;292;90;97;80;372;195;49;392;199;294;298;492;91;393;291;190;192;296;197;94;295,FPS-Marginal,0,0.5240998000372201
20270903,Target-ppo_ece-leaveoneout,leave_one_out,ppo_ece,50,2,41,21.5,3.5,2,0.057836520138695634,0,cutin_braking:11;fast_intrusion:14;lead_braking:11;slow_lead_following:3;stop_and_go:11,180;65;491;214;93;196;152;390;79;292;90;97;80;372;195;49;392;199;294;298;492;91;393;291;190;192;296;197;94;295;92;391;293;297;95;191;96;394;290;99;494;397;299;194;398;395;198;98;396;399,FPS-Marginal,0,0.5240998000372201
20270903,Target-ppo_ece-leaveoneout,leave_one_out,ppo_ece,10,3,10,6.5,3.0,3,0.034589698146587536,0,cutin_braking:1;fast_intrusion:1;lead_braking:1;slow_lead_following:6;stop_and_go:1,97;499;491;492;495;496;497;196;294;391,MeanResidual-Risk,0,0.1706153000704944
20270903,Target-ppo_ece-leaveoneout,leave_one_out,ppo_ece,20,3,20,11.5,3.0,3,0.04026530706296212,0,cutin_braking:1;fast_intrusion:3;lead_braking:1;slow_lead_following:10;stop_and_go:5,97;499;491;492;495;496;497;196;294;391;494;90;93;399;392;493;490;498;397;394,MeanResidual-Risk,0,0.1706153000704944
20270903,Target-ppo_ece-leaveoneout,leave_one_out,ppo_ece,30,3,30,16.5,3.0,3,0.04794699482408271,0,cutin_braking:2;fast_intrusion:5;lead_braking:3;slow_lead_following:10;stop_and_go:10,97;499;491;492;495;496;497;196;294;391;494;90;93;399;392;493;490;498;397;394;390;396;393;395;398;195;98;94;290;298,MeanResidual-Risk,0,0.1706153000704944
20270903,Target-ppo_ece-leaveoneout,leave_one_out,ppo_ece,50,3,48,25.5,3.5,3,0.057863703395201825,0,cutin_braking:10;fast_intrusion:10;lead_braking:10;slow_lead_following:10;stop_and_go:10,97;499;491;492;495;496;497;196;294;391;494;90;93;399;392;493;490;498;397;394;390;396;393;395;398;195;98;94;290;298;296;293;292;297;299;291;192;197;194;199;191;295;91;99;95;96;77;190;198;172,MeanResidual-Risk,0,0.1706153000704944
20270903,Target-ppo_ece-leaveoneout,leave_one_out,ppo_ece,10,1,7,4.0,3.0,1,0.04190224749944361,0,cutin_braking:2;fast_intrusion:3;lead_braking:2;slow_lead_following:1;stop_and_go:2,491;93;196;391;292;180;65;214;97;393,MeanResidual-Marginal,0,0.5816058999625966
20270903,Target-ppo_ece-leaveoneout,leave_one_out,ppo_ece,20,2,16,9.0,3.5,2,0.05023858942189101,0,cutin_braking:5;fast_intrusion:3;lead_braking:6;slow_lead_following:3;stop_and_go:3,491;93;196;391;292;180;65;214;97;393;294;492;298;199;195;446;392;299;192;296,MeanResidual-Marginal,0,0.5816058999625966
20270903,Target-ppo_ece-leaveoneout,leave_one_out,ppo_ece,30,2,25,13.5,3.5,2,0.05458778394930627,0,cutin_braking:7;fast_intrusion:6;lead_braking:9;slow_lead_following:3;stop_and_go:5,491;93;196;391;292;180;65;214;97;393;294;492;298;199;195;446;392;299;192;296;90;197;94;372;91;295;293;297;390;191,MeanResidual-Marginal,0,0.5816058999625966
20270903,Target-ppo_ece-leaveoneout,leave_one_out,ppo_ece,50,3,44,23.5,3.5,3,0.05822857358379571,0,cutin_braking:12;fast_intrusion:10;lead_braking:11;slow_lead_following:6;stop_and_go:11,491;93;196;391;292;180;65;214;97;393;294;492;298;199;195;446;392;299;192;296;90;197;94;372;91;295;293;297;390;191;394;290;496;397;291;194;398;395;98;190;198;497;99;95;96;396;399;172;193;499,MeanResidual-Marginal,0,0.5816058999625966
20270903,Target-ppo_ece-leaveoneout,leave_one_out,ppo_ece,10,3,10,6.5,3.0,3,0.034589698146587536,0,cutin_braking:1;fast_intrusion:1;lead_braking:1;slow_lead_following:6;stop_and_go:1,499;491;492;495;496;497;97;196;294;391,CoRe-Risk,0,0.1885340999579057
20270903,Target-ppo_ece-leaveoneout,leave_one_out,ppo_ece,20,3,20,11.5,3.0,3,0.039856140355915004,0,cutin_braking:1;fast_intrusion:1;lead_braking:4;slow_lead_following:10;stop_and_go:4,499;491;492;495;496;497;97;196;294;391;494;493;490;498;399;392;397;297;292;298,CoRe-Risk,0,0.1885340999579057
20270903,Target-ppo_ece-leaveoneout,leave_one_out,ppo_ece,30,3,30,16.5,3.5,3,0.04538553431061022,0,cutin_braking:1;fast_intrusion:1;lead_braking:9;slow_lead_following:10;stop_and_go:9,499;491;492;495;496;497;97;196;294;391;494;493;490;498;399;392;397;297;292;298;290;293;296;299;291;394;390;393;396;395,CoRe-Risk,0,0.1885340999579057
20270903,Target-ppo_ece-leaveoneout,leave_one_out,ppo_ece,50,3,49,26.0,3.5,3,0.05822885774516336,0,cutin_braking:10;fast_intrusion:10;lead_braking:10;slow_lead_following:10;stop_and_go:10,499;491;492;495;496;497;97;196;294;391;494;493;490;498;399;392;397;297;292;298;290;293;296;299;291;394;390;393;396;395;398;295;195;198;190;193;199;194;191;192;197;94;91;92;93;90;98;96;95;99,CoRe-Risk,0,0.1885340999579057
20270903,Target-ppo_ece-leaveoneout,leave_one_out,ppo_ece,10,1,6,3.5,3.0,1,0.03932756999674395,0,cutin_braking:2;fast_intrusion:3;lead_braking:2;slow_lead_following:1;stop_and_go:2,180;65;491;93;214;196;391;292;372;97,CoRe-Marginal,0,0.6091731999767944
20270903,Target-ppo_ece-leaveoneout,leave_one_out,ppo_ece,20,2,15,8.5,3.5,2,0.04951421683321308,0,cutin_braking:4;fast_intrusion:3;lead_braking:6;slow_lead_following:3;stop_and_go:4,180;65;491;93;214;196;391;292;372;97;393;294;298;492;195;291;446;392;296;199,CoRe-Marginal,0,0.6091731999767944
20270903,Target-ppo_ece-leaveoneout,leave_one_out,ppo_ece,30,2,23,12.5,3.5,2,0.05446060434996656,0,cutin_braking:9;fast_intrusion:7;lead_braking:7;slow_lead_following:3;stop_and_go:4,180;65;491;93;214;196;391;292;372;97;393;294;298;492;195;291;446;392;296;199;111;198;192;90;91;64;197;94;295;193,CoRe-Marginal,0,0.6091731999767944
20270903,Target-ppo_ece-leaveoneout,leave_one_out,ppo_ece,50,2,40,21.0,3.5,2,0.05807428159286433,0,cutin_braking:13;fast_intrusion:13;lead_braking:11;slow_lead_following:4;stop_and_go:9,180;65;491;93;214;196;391;292;372;97;393;294;298;492;195;291;446;392;296;199;111;198;192;90;91;64;197;94;295;193;293;297;390;191;92;95;96;394;290;99;494;397;299;106;194;398;395;84;190;98,CoRe-Marginal,0,0.6091731999767944
20270903,Target-ppo_ece-leaveoneout,leave_one_out,ppo_ece,10,0,5,2.5,2.5,0,0.030913309565738626,0,cutin_braking:2;fast_intrusion:2;lead_braking:2;slow_lead_following:2;stop_and_go:2,430;79;152;269;372;495;390;96;199;292,TargetOnlyGP-Marginal,0,0.5852150999708101
20270903,Target-ppo_ece-leaveoneout,leave_one_out,ppo_ece,20,0,14,7.0,3.0,0,0.04115423758383828,0,cutin_braking:4;fast_intrusion:3;lead_braking:6;slow_lead_following:2;stop_and_go:5,430;79;152;269;372;495;390;96;199;292;91;392;198;298;393;348;291;192;296;294,TargetOnlyGP-Marginal,0,0.5852150999708101
20270903,Target-ppo_ece-leaveoneout,leave_one_out,ppo_ece,30,0,21,10.5,3.0,0,0.04447148401335187,0,cutin_braking:7;fast_intrusion:7;lead_braking:8;slow_lead_following:3;stop_and_go:5,430;79;152;269;372;495;390;96;199;292;91;392;198;298;393;348;291;192;296;294;197;97;284;90;182;295;196;496;95;92,TargetOnlyGP-Marginal,0,0.5852150999708101
20270903,Target-ppo_ece-leaveoneout,leave_one_out,ppo_ece,50,0,37,18.5,3.0,0,0.04873706220237785,0,cutin_braking:12;fast_intrusion:12;lead_braking:13;slow_lead_following:4;stop_and_go:9,430;79;152;269;372;495;390;96;199;292;91;392;198;298;393;348;291;192;296;294;197;97;284;90;182;295;196;496;95;92;391;195;193;94;293;297;191;93;394;44;290;99;497;250;397;299;194;398;111;0,TargetOnlyGP-Marginal,0,0.5852150999708101
20270903,Target-ppo_ece-leaveoneout,leave_one_out,ppo_ece,10,0,0,0.0,0.0,0,0.0,0,cutin_braking:0;fast_intrusion:3;lead_braking:2;slow_lead_following:2;stop_and_go:3,416;379;263;415;384;86;2;363;202;19,Random,0,0.00027300009969621897
20270903,Target-ppo_ece-leaveoneout,leave_one_out,ppo_ece,20,1,6,3.5,2.5,1,0.03231062289601809,0,cutin_braking:2;fast_intrusion:4;lead_braking:3;slow_lead_following:3;stop_and_go:8,416;379;263;415;384;86;2;363;202;19;108;295;44;323;397;492;305;198;398;395,Random,0,0.00027300009969621897
20270903,Target-ppo_ece-leaveoneout,leave_one_out,ppo_ece,30,1,6,3.5,2.5,1,0.03231062289601809,0,cutin_braking:5;fast_intrusion:8;lead_braking:4;slow_lead_following:4;stop_and_go:9,416;379;263;415;384;86;2;363;202;19;108;295;44;323;397;492;305;198;398;395;171;49;466;314;81;38;119;180;21;207,Random,0,0.00027300009969621897
20270903,Target-ppo_ece-leaveoneout,leave_one_out,ppo_ece,50,1,7,4.0,2.5,1,0.03297874648449956,0,cutin_braking:8;fast_intrusion:13;lead_braking:8;slow_lead_following:10;stop_and_go:11,416;379;263;415;384;86;2;363;202;19;108;295;44;323;397;492;305;198;398;395;171;49;466;314;81;38;119;180;21;207;246;413;92;126;31;289;110;18;36;489;434;50;190;467;313;447;234;427;248;360,Random,0,0.00027300009969621897
20270903,Target-ppo_ece-leaveoneout,leave_one_out,ppo_ece,10,0,1,0.5,0.5,0,0.00885901200479123,0,cutin_braking:1;fast_intrusion:3;lead_braking:2;slow_lead_following:4;stop_and_go:0,130;453;73;402;458;40;18;245;496;247,Random,1,0.0003026999766007066
20270903,Target-ppo_ece-leaveoneout,leave_one_out,ppo_ece,20,0,2,1.0,0.5,0,0.008950284832253266,0,cutin_braking:2;fast_intrusion:6;lead_braking:4;slow_lead_following:8;stop_and_go:0,130;453;73;402;458;40;18;245;496;247;42;41;55;102;494;439;277;229;422;477,Random,1,0.0003026999766007066
20270903,Target-ppo_ece-leaveoneout,leave_one_out,ppo_ece,30,0,3,1.5,1.0,0,0.013164049125818497,0,cutin_braking:5;fast_intrusion:7;lead_braking:5;slow_lead_following:10;stop_and_go:3,130;453;73;402;458;40;18;245;496;247;42;41;55;102;494;439;277;229;422;477;306;481;250;100;175;172;397;30;456;374,Random,1,0.0003026999766007066
20270903,Target-ppo_ece-leaveoneout,leave_one_out,ppo_ece,50,0,5,2.5,2.0,0,0.01890247250988705,0,cutin_braking:10;fast_intrusion:9;lead_braking:8;slow_lead_following:16;stop_and_go:7,130;453;73;402;458;40;18;245;496;247;42;41;55;102;494;439;277;229;422;477;306;481;250;100;175;172;397;30;456;374;335;469;177;302;248;119;187;480;482;427;134;311;291;5;370;295;118;80;473;487,Random,1,0.0003026999766007066
20270903,Target-ppo_ece-leaveoneout,leave_one_out,ppo_ece,10,0,3,1.5,1.5,0,0.014543683757883865,0,cutin_braking:1;fast_intrusion:3;lead_braking:2;slow_lead_following:2;stop_and_go:2,82;276;410;94;476;45;318;254;394;199,Random,2,0.00039059994742274284
20270903,Target-ppo_ece-leaveoneout,leave_one_out,ppo_ece,20,0,5,2.5,2.0,0,0.024353868416468517,0,cutin_braking:2;fast_intrusion:6;lead_braking:3;slow_lead_following:4;stop_and_go:5,82;276;410;94;476;45;318;254;394;199;348;1;59;90;373;259;305;424;118;493,Random,2,0.00039059994742274284
20270903,Target-ppo_ece-leaveoneout,leave_one_out,ppo_ece,30,0,6,3.0,2.0,0,0.026052865111188338,0,cutin_braking:5;fast_intrusion:8;lead_braking:7;slow_lead_following:4;stop_and_go:6,82;276;410;94;476;45;318;254;394;199;348;1;59;90;373;259;305;424;118;493;146;83;198;55;326;288;219;211;240;101,Random,2,0.00039059994742274284
20270903,Target-ppo_ece-leaveoneout,leave_one_out,ppo_ece,50,0,8,4.0,2.0,0,0.029764108011233054,0,cutin_braking:9;fast_intrusion:9;lead_braking:11;slow_lead_following:6;stop_and_go:15,82;276;410;94;476;45;318;254;394;199;348;1;59;90;373;259;305;424;118;493;146;83;198;55;326;288;219;211;240;101;446;215;334;336;393;140;64;242;421;392;377;384;316;228;324;102;117;265;185;385,Random,2,0.00039059994742274284
20270903,Target-ppo_ece-leaveoneout,leave_one_out,ppo_ece,10,0,3,1.5,1.5,0,0.0111032740116781,0,cutin_braking:1;fast_intrusion:2;lead_braking:2;slow_lead_following:2;stop_and_go:3,197;409;329;68;333;42;291;230;401;397,Random,3,0.0002397999633103609
20270903,Target-ppo_ece-leaveoneout,leave_one_out,ppo_ece,20,0,5,2.5,2.0,0,0.016074842993188735,0,cutin_braking:3;fast_intrusion:8;lead_braking:2;slow_lead_following:3;stop_and_go:4,197;409;329;68;333;42;291;230;401;397;330;115;29;36;412;48;99;192;13;86,Random,3,0.0002397999633103609
20270903,Target-ppo_ece-leaveoneout,leave_one_out,ppo_ece,30,0,5,2.5,2.0,0,0.016074842993188735,0,cutin_braking:7;fast_intrusion:9;lead_braking:3;slow_lead_following:5;stop_and_go:6,197;409;329;68;333;42;291;230;401;397;330;115;29;36;412;48;99;192;13;86;415;138;111;109;348;129;371;64;232;471,Random,3,0.0002397999633103609
20270903,Target-ppo_ece-leaveoneout,leave_one_out,ppo_ece,50,0,8,4.0,2.0,0,0.020269848300186306,0,cutin_braking:14;fast_intrusion:12;lead_braking:7;slow_lead_following:10;stop_and_go:7,197;409;329;68;333;42;291;230;401;397;330;115;29;36;412;48;99;192;13;86;415;138;111;109;348;129;371;64;232;471;38;486;263;207;194;127;327;443;472;483;91;190;44;119;165;166;116;229;261;484,Random,3,0.0002397999633103609
20270903,Target-ppo_ece-leaveoneout,leave_one_out,ppo_ece,10,0,0,0.0,0.0,0,0.0,0,cutin_braking:1;fast_intrusion:2;lead_braking:3;slow_lead_following:3;stop_and_go:1,155;54;420;45;389;275;234;276;481;408,Random,4,0.00025320006534457207
20270903,Target-ppo_ece-leaveoneout,leave_one_out,ppo_ece,20,0,3,1.5,1.5,0,0.018481252278738917,0,cutin_braking:3;fast_intrusion:5;lead_braking:5;slow_lead_following:4;stop_and_go:3,155;54;420;45;389;275;234;276;481;408;264;44;498;232;70;199;388;392;150;76,Random,4,0.00025320006534457207
20270903,Target-ppo_ece-leaveoneout,leave_one_out,ppo_ece,30,0,5,2.5,2.5,0,0.026622837752364945,0,cutin_braking:4;fast_intrusion:9;lead_braking:7;slow_lead_following:6;stop_and_go:4,155;54;420;45;389;275;234;276;481;408;264;44;498;232;70;199;388;392;150;76;212;297;174;407;68;368;51;74;99;430,Random,4,0.00025320006534457207
20270903,Target-ppo_ece-leaveoneout,leave_one_out,ppo_ece,50,1,8,4.5,3.0,1,0.037426046934836504,0,cutin_braking:8;fast_intrusion:12;lead_braking:11;slow_lead_following:9;stop_and_go:10,155;54;420;45;389;275;234;276;481;408;264;44;498;232;70;199;388;392;150;76;212;297;174;407;68;368;51;74;99;430;64;213;194;118;242;219;109;443;331;356;330;39;214;304;491;165;327;34;399;417,Random,4,0.00025320006534457207
20270903,Target-ppo_ece-leaveoneout,leave_one_out,ppo_ece,10,0,1,0.5,0.5,0,0.00415752291902022,0,cutin_braking:2;fast_intrusion:2;lead_braking:4;slow_lead_following:2;stop_and_go:0,296;121;233;479;439;55;116;251;72;215,Random,5,0.00017470004968345165
20270903,Target-ppo_ece-leaveoneout,leave_one_out,ppo_ece,20,0,1,0.5,0.5,0,0.00415752291902022,0,cutin_braking:5;fast_intrusion:4;lead_braking:5;slow_lead_following:4;stop_and_go:2,296;121;233;479;439;55;116;251;72;215;180;25;65;386;265;452;135;461;132;388,Random,5,0.00017470004968345165
20270903,Target-ppo_ece-leaveoneout,leave_one_out,ppo_ece,30,0,2,1.0,1.0,0,0.009628564301150602,0,cutin_braking:10;fast_intrusion:6;lead_braking:5;slow_lead_following:5;stop_and_go:4,296;121;233;479;439;55;116;251;72;215;180;25;65;386;265;452;135;461;132;388;85;391;21;102;157;140;469;333;182;183,Random,5,0.00017470004968345165
20270903,Target-ppo_ece-leaveoneout,leave_one_out,ppo_ece,50,0,4,2.0,2.0,0,0.022152696607135914,0,cutin_braking:12;fast_intrusion:9;lead_braking:7;slow_lead_following:15;stop_and_go:7,296;121;233;479;439;55;116;251;72;215;180;25;65;386;265;452;135;461;132;388;85;391;21;102;157;140;469;333;182;183;236;467;113;435;343;451;411;497;489;450;336;129;321;416;447;90;22;268;406;61,Random,5,0.00017470004968345165
20270903,Target-ppo_ece-leaveoneout,leave_one_out,ppo_ece,10,0,1,0.5,0.5,0,0.005323584656845168,0,cutin_braking:0;fast_intrusion:3;lead_braking:4;slow_lead_following:3;stop_and_go:0,53;450;258;253;486;96;424;64;245;252,Random,6,0.00023989996407181025
20270903,Target-ppo_ece-leaveoneout,leave_one_out,ppo_ece,20,0,3,1.5,1.0,0,0.01301710681789198,0,cutin_braking:2;fast_intrusion:4;lead_braking:5;slow_lead_following:5;stop_and_go:4,53;450;258;253;486;96;424;64;245;252;346;288;25;396;140;357;399;484;452;166,Random,6,0.00023989996407181025
20270903,Target-ppo_ece-leaveoneout,leave_one_out,ppo_ece,30,0,4,2.0,1.0,0,0.014916674792449352,0,cutin_braking:3;fast_intrusion:7;lead_braking:6;slow_lead_following:7;stop_and_go:7,53;450;258;253;486;96;424;64;245;252;346;288;25;396;140;357;399;484;452;166;273;321;427;376;91;411;51;384;44;178,Random,6,0.00023989996407181025
20270903,Target-ppo_ece-leaveoneout,leave_one_out,ppo_ece,50,0,4,2.0,1.0,0,0.014916674792449352,0,cutin_braking:4;fast_intrusion:10;lead_braking:11;slow_lead_following:14;stop_and_go:11,53;450;258;253;486;96;424;64;245;252;346;288;25;396;140;357;399;484;452;166;273;321;427;376;91;411;51;384;44;178;352;443;415;56;214;267;467;22;460;464;209;264;84;111;429;369;366;444;249;347,Random,6,0.00023989996407181025
20270903,Target-ppo_ece-leaveoneout,leave_one_out,ppo_ece,10,0,0,0.0,0.0,0,0.0,0,cutin_braking:1;fast_intrusion:1;lead_braking:5;slow_lead_following:0;stop_and_go:3,273;92;229;350;355;263;239;338;255;135,Random,7,0.00017150002531707287
20270903,Target-ppo_ece-leaveoneout,leave_one_out,ppo_ece,20,0,1,0.5,0.5,0,0.004218290169937092,0,cutin_braking:4;fast_intrusion:2;lead_braking:8;slow_lead_following:1;stop_and_go:5,273;92;229;350;355;263;239;338;255;135;230;185;298;329;374;150;138;68;464;202,Random,7,0.00017150002531707287
20270903,Target-ppo_ece-leaveoneout,leave_one_out,ppo_ece,30,0,1,0.5,0.5,0,0.004218290169937092,0,cutin_braking:5;fast_intrusion:4;lead_braking:10;slow_lead_following:4;stop_and_go:7,273;92;229;350;355;263;239;338;255;135;230;185;298;329;374;150;138;68;464;202;331;141;439;61;451;401;241;237;75;305,Random,7,0.00017150002531707287
20270903,Target-ppo_ece-leaveoneout,leave_one_out,ppo_ece,50,0,4,2.0,1.0,0,0.011714717677708639,0,cutin_braking:8;fast_intrusion:12;lead_braking:12;slow_lead_following:6;stop_and_go:12,273;92;229;350;355;263;239;338;255;135;230;185;298;329;374;150;138;68;464;202;331;141;439;61;451;401;241;237;75;305;367;85;26;377;299;248;56;328;98;4;134;95;345;66;324;79;124;450;136;473,Random,7,0.00017150002531707287
20270903,Target-ppo_ece-leaveoneout,leave_one_out,ppo_ece,10,0,1,0.5,0.5,0,0.003991499483590927,0,cutin_braking:2;fast_intrusion:2;lead_braking:2;slow_lead_following:2;stop_and_go:2,440;152;408;99;67;158;211;329;300;254,Random,8,0.0001724000321701169
20270903,Target-ppo_ece-leaveoneout,leave_one_out,ppo_ece,20,0,1,0.5,0.5,0,0.003991499483590927,0,cutin_braking:2;fast_intrusion:6;lead_braking:3;slow_lead_following:3;stop_and_go:6,440;152;408;99;67;158;211;329;300;254;311;304;229;17;468;20;354;59;52;307,Random,8,0.0001724000321701169
20270903,Target-ppo_ece-leaveoneout,leave_one_out,ppo_ece,30,0,1,0.5,0.5,0,0.003991499483590927,0,cutin_braking:5;fast_intrusion:6;lead_braking:6;slow_lead_following:6;stop_and_go:7,440;152;408;99;67;158;211;329;300;254;311;304;229;17;468;20;354;59;52;307;432;173;247;105;423;376;266;189;264;424,Random,8,0.0001724000321701169
20270903,Target-ppo_ece-leaveoneout,leave_one_out,ppo_ece,50,0,4,2.0,2.0,0,0.020449313096442382,0,cutin_braking:7;fast_intrusion:8;lead_braking:9;slow_lead_following:12;stop_and_go:14,440;152;408;99;67;158;211;329;300;254;311;304;229;17;468;20;354;59;52;307;432;173;247;105;423;376;266;189;264;424;445;389;315;418;221;447;156;427;374;498;309;68;341;397;434;225;299;37;149;344,Random,8,0.0001724000321701169
20270903,Target-ppo_ece-leaveoneout,leave_one_out,ppo_ece,10,0,2,1.0,1.0,0,0.007898808708859732,0,cutin_braking:4;fast_intrusion:1;lead_braking:2;slow_lead_following:2;stop_and_go:1,195;304;429;293;120;235;61;489;153;143,Random,9,0.0002145000034943223
20270903,Target-ppo_ece-leaveoneout,leave_one_out,ppo_ece,20,0,3,1.5,1.0,0,0.00934427504057581,0,cutin_braking:6;fast_intrusion:4;lead_braking:4;slow_lead_following:3;stop_and_go:3,195;304;429;293;120;235;61;489;153;143;102;291;341;33;251;433;43;375;118;27,Random,9,0.0002145000034943223
20270903,Target-ppo_ece-leaveoneout,leave_one_out,ppo_ece,30,0,3,1.5,1.0,0,0.00934427504057581,0,cutin_braking:9;fast_intrusion:8;lead_braking:5;slow_lead_following:4;stop_and_go:4,195;304;429;293;120;235;61;489;153;143;102;291;341;33;251;433;43;375;118;27;322;16;424;156;3;178;89;119;220;41,Random,9,0.0002145000034943223
20270903,Target-ppo_ece-leaveoneout,leave_one_out,ppo_ece,50,0,5,2.5,2.0,0,0.018062114199187847,0,cutin_braking:9;fast_intrusion:16;lead_braking:6;slow_lead_following:6;stop_and_go:13,195;304;429;293;120;235;61;489;153;143;102;291;341;33;251;433;43;375;118;27;322;16;424;156;3;178;89;119;220;41;335;388;23;368;474;99;369;233;396;316;51;34;54;305;68;336;75;471;59;366,Random,9,0.0002145000034943223
20270917,Target-idm_mobil-leaveoneout,leave_one_out,idm_mobil,10,8,10,9.0,4.0,8,0.03881990662919373,0,cutin_braking:1;fast_intrusion:1;lead_braking:1;slow_lead_following:6;stop_and_go:1,491;492;499;495;496;490;91;195;294;394,FPS-Risk,0,0.07856379996519536
20270917,Target-idm_mobil-leaveoneout,leave_one_out,idm_mobil,20,14,20,17.0,4.0,14,0.055208736780464174,0,cutin_braking:5;fast_intrusion:6;lead_braking:1;slow_lead_following:7;stop_and_go:1,491;492;499;495;496;490;91;195;294;394;95;96;99;196;199;97;92;197;191;493,FPS-Risk,0,0.07856379996519536
20270917,Target-idm_mobil-leaveoneout,leave_one_out,idm_mobil,30,14,30,22.0,4.5,14,0.05962693323753688,0,cutin_braking:7;fast_intrusion:7;lead_braking:5;slow_lead_following:10;stop_and_go:1,491;492;499;495;496;490;91;195;294;394;95;96;99;196;199;97;92;197;191;493;192;93;498;497;494;193;290;297;298;292,FPS-Risk,0,0.07856379996519536
20270917,Target-idm_mobil-leaveoneout,leave_one_out,idm_mobil,50,14,48,31.0,5.5,14,0.06815885973402833,0,cutin_braking:9;fast_intrusion:9;lead_braking:11;slow_lead_following:10;stop_and_go:11,491;492;499;495;496;490;91;195;294;394;95;96;99;196;199;97;92;197;191;493;192;93;498;497;494;193;290;297;298;292;296;293;291;299;397;390;398;393;396;295;392;391;395;399;194;198;246;340;98;90,FPS-Risk,0,0.07856379996519536
20270917,Target-idm_mobil-leaveoneout,leave_one_out,idm_mobil,10,7,10,8.5,4.0,7,0.047763609096898155,0,cutin_braking:1;fast_intrusion:4;lead_braking:1;slow_lead_following:3;stop_and_go:1,491;499;492;91;95;99;96;199;294;394,FPS-Severity,0,0.08025570004247129
20270917,Target-idm_mobil-leaveoneout,leave_one_out,idm_mobil,20,14,20,17.0,4.0,14,0.05520873666287279,0,cutin_braking:5;fast_intrusion:6;lead_braking:1;slow_lead_following:7;stop_and_go:1,491;499;492;91;95;99;96;199;294;394;196;195;97;93;197;495;191;496;490;493,FPS-Severity,0,0.08025570004247129
20270917,Target-idm_mobil-leaveoneout,leave_one_out,idm_mobil,30,14,30,22.0,4.5,14,0.05962693323753688,0,cutin_braking:7;fast_intrusion:7;lead_braking:5;slow_lead_following:10;stop_and_go:1,491;499;492;91;95;99;96;199;294;394;196;195;97;93;197;495;191;496;490;493;192;92;498;497;494;193;290;297;298;292,FPS-Severity,0,0.08025570004247129
20270917,Target-idm_mobil-leaveoneout,leave_one_out,idm_mobil,50,14,48,31.0,5.5,14,0.06815885973402833,0,cutin_braking:9;fast_intrusion:9;lead_braking:11;slow_lead_following:10;stop_and_go:11,491;499;492;91;95;99;96;199;294;394;196;195;97;93;197;495;191;496;490;493;192;92;498;497;494;193;290;297;298;292;296;293;291;299;397;390;398;393;396;295;392;391;395;399;194;198;246;340;98;90,FPS-Severity,0,0.08025570004247129
20270917,Target-idm_mobil-leaveoneout,leave_one_out,idm_mobil,10,6,10,8.0,4.0,6,0.054200414822384635,0,cutin_braking:2;fast_intrusion:2;lead_braking:2;slow_lead_following:2;stop_and_go:2,491;91;199;294;394;95;499;196;290;397,FPS-Balanced,0,0.08413229999132454
20270917,Target-idm_mobil-leaveoneout,leave_one_out,idm_mobil,20,10,20,15.0,4.5,10,0.06173151806624398,0,cutin_braking:4;fast_intrusion:4;lead_braking:4;slow_lead_following:4;stop_and_go:4,491;91;199;294;394;95;499;196;290;397;99;492;195;297;390;96;197;495;298;398,FPS-Balanced,0,0.08413229999132454
20270917,Target-idm_mobil-leaveoneout,leave_one_out,idm_mobil,30,13,30,21.5,4.5,13,0.0641259093236771,0,cutin_braking:6;fast_intrusion:6;lead_braking:6;slow_lead_following:6;stop_and_go:6,491;91;199;294;394;95;499;196;290;397;99;492;195;297;390;96;197;495;298;398;97;191;496;292;393;93;490;192;296;396,FPS-Balanced,0,0.08413229999132454
20270917,Target-idm_mobil-leaveoneout,leave_one_out,idm_mobil,50,14,49,31.5,5.5,14,0.06841415858220559,0,cutin_braking:10;fast_intrusion:10;lead_braking:10;slow_lead_following:10;stop_and_go:10,491;91;199;294;394;95;499;196;290;397;99;492;195;297;390;96;197;495;298;398;97;191;496;292;393;93;490;192;296;396;493;92;193;293;392;498;291;391;194;98;497;299;395;198;90;494;295;399;94;151,FPS-Balanced,0,0.08413229999132454
20270917,Target-idm_mobil-leaveoneout,leave_one_out,idm_mobil,10,3,6,4.5,3.5,3,0.04372190818091144,0,cutin_braking:3;fast_intrusion:2;lead_braking:2;slow_lead_following:1;stop_and_go:2,127;7;499;246;99;199;294;388;393;196,FPS-Marginal,0,0.5164166999747977
20270917,Target-idm_mobil-leaveoneout,leave_one_out,idm_mobil,20,6,16,11.0,4.5,6,0.058815694560764756,0,cutin_braking:4;fast_intrusion:3;lead_braking:7;slow_lead_following:2;stop_and_go:4,127;7;499;246;99;199;294;388;393;196;290;391;96;195;299;492;293;397;297;292,FPS-Marginal,0,0.5164166999747977
20270917,Target-idm_mobil-leaveoneout,leave_one_out,idm_mobil,30,8,26,17.0,5.0,8,0.06541861046557162,0,cutin_braking:4;fast_intrusion:6;lead_braking:9;slow_lead_following:2;stop_and_go:9,127;7;499;246;99;199;294;388;393;196;290;391;96;195;299;492;293;397;297;292;97;398;295;392;395;91;95;390;394;296,FPS-Marginal,0,0.5164166999747977
20270917,Target-idm_mobil-leaveoneout,leave_one_out,idm_mobil,50,14,45,29.5,5.0,14,0.06815885973402833,0,cutin_braking:9;fast_intrusion:8;lead_braking:11;slow_lead_following:11;stop_and_go:11,127;7;499;246;99;199;294;388;393;196;290;391;96;195;299;492;293;397;297;292;97;398;295;392;395;91;95;390;394;296;298;193;399;491;198;192;396;291;197;92;494;495;93;191;496;493;498;490;497;413,FPS-Marginal,0,0.5164166999747977
20270917,Target-idm_mobil-leaveoneout,leave_one_out,idm_mobil,10,8,10,9.0,4.0,8,0.04152671271730281,0,cutin_braking:1;fast_intrusion:1;lead_braking:1;slow_lead_following:6;stop_and_go:1,491;492;499;495;490;493;91;199;294;394,MeanResidual-Risk,0,0.17596359993331134
20270917,Target-idm_mobil-leaveoneout,leave_one_out,idm_mobil,20,11,20,15.5,4.0,11,0.04720346351544618,0,cutin_braking:6;fast_intrusion:2;lead_braking:1;slow_lead_following:10;stop_and_go:1,491;492;499;495;490;493;91;199;294;394;99;494;496;497;498;191;194;197;192;196,MeanResidual-Risk,0,0.17596359993331134
20270917,Target-idm_mobil-leaveoneout,leave_one_out,idm_mobil,30,14,30,22.0,4.0,14,0.05957117153919872,0,cutin_braking:9;fast_intrusion:7;lead_braking:1;slow_lead_following:10;stop_and_go:3,491;492;499;495;490;493;91;199;294;394;99;494;496;497;498;191;194;197;192;196;195;193;95;96;93;97;92;198;397;393,MeanResidual-Risk,0,0.17596359993331134
20270917,Target-idm_mobil-leaveoneout,leave_one_out,idm_mobil,50,14,48,31.0,5.5,14,0.06815885973402833,0,cutin_braking:9;fast_intrusion:10;lead_braking:11;slow_lead_following:10;stop_and_go:10,491;492;499;495;490;493;91;199;294;394;99;494;496;497;498;191;194;197;192;196;195;193;95;96;93;97;92;198;397;393;396;390;398;392;395;391;399;290;298;296;295;293;291;299;297;292;98;90;246;11,MeanResidual-Risk,0,0.17596359993331134
20270917,Target-idm_mobil-leaveoneout,leave_one_out,idm_mobil,10,4,7,5.5,4.0,4,0.048624258173976344,0,cutin_braking:3;fast_intrusion:3;lead_braking:2;slow_lead_following:1;stop_and_go:1,499;99;199;127;294;393;196;7;246;95,MeanResidual-Marginal,0,0.5898570000426844
20270917,Target-idm_mobil-leaveoneout,leave_one_out,idm_mobil,20,7,16,11.5,4.0,7,0.05910888043940127,0,cutin_braking:6;fast_intrusion:4;lead_braking:5;slow_lead_following:3;stop_and_go:2,499;99;199;127;294;393;196;7;246;95;290;391;193;96;195;192;418;492;291;295,MeanResidual-Marginal,0,0.5898570000426844
20270917,Target-idm_mobil-leaveoneout,leave_one_out,idm_mobil,30,8,25,16.5,5.0,8,0.06493405655783185,0,cutin_braking:6;fast_intrusion:6;lead_braking:8;slow_lead_following:3;stop_and_go:7,499;99;199;127;294;393;196;7;246;95;290;391;193;96;195;192;418;492;291;295;397;297;398;388;292;97;91;293;392;395,MeanResidual-Marginal,0,0.5898570000426844
20270917,Target-idm_mobil-leaveoneout,leave_one_out,idm_mobil,50,11,39,25.0,5.0,11,0.06761171776243297,0,cutin_braking:12;fast_intrusion:8;lead_braking:12;slow_lead_following:5;stop_and_go:13,499;99;199;127;294;393;196;7;246;95;290;391;193;96;195;192;418;492;291;295;397;297;398;388;292;97;91;293;392;395;390;394;296;298;191;197;491;399;198;396;299;93;194;115;324;247;381;151;21;493,MeanResidual-Marginal,0,0.5898570000426844
20270917,Target-idm_mobil-leaveoneout,leave_one_out,idm_mobil,10,8,10,9.0,4.0,8,0.03898772749390908,0,cutin_braking:1;fast_intrusion:1;lead_braking:1;slow_lead_following:6;stop_and_go:1,491;492;499;495;490;493;91;195;294;394,CoRe-Risk,0,0.19890029996167868
20270917,Target-idm_mobil-leaveoneout,leave_one_out,idm_mobil,20,12,20,16.0,4.0,12,0.04854765241051289,0,cutin_braking:6;fast_intrusion:2;lead_braking:1;slow_lead_following:10;stop_and_go:1,491;492;499;495;490;493;91;195;294;394;99;494;496;497;498;196;199;191;192;197,CoRe-Risk,0,0.19890029996167868
20270917,Target-idm_mobil-leaveoneout,leave_one_out,idm_mobil,30,14,30,22.0,4.5,14,0.0604527090670922,0,cutin_braking:8;fast_intrusion:4;lead_braking:7;slow_lead_following:10;stop_and_go:1,491;492;499;495;490;493;91;195;294;394;99;494;496;497;498;196;199;191;192;197;96;95;194;193;297;292;299;291;290;298,CoRe-Risk,0,0.19890029996167868
20270917,Target-idm_mobil-leaveoneout,leave_one_out,idm_mobil,50,14,46,30.0,5.0,14,0.06815885973402833,0,cutin_braking:10;fast_intrusion:7;lead_braking:11;slow_lead_following:11;stop_and_go:11,491;492;499;495;490;493;91;195;294;394;99;494;496;497;498;196;199;191;192;197;96;95;194;193;297;292;299;291;290;298;296;293;295;397;393;396;390;398;392;395;391;399;92;97;198;470;93;246;380;151,CoRe-Risk,0,0.19890029996167868
20270917,Target-idm_mobil-leaveoneout,leave_one_out,idm_mobil,10,3,6,4.5,3.5,3,0.04372190818091144,0,cutin_braking:3;fast_intrusion:2;lead_braking:2;slow_lead_following:1;stop_and_go:2,7;127;499;246;99;199;294;388;393;196,CoRe-Marginal,0,0.6174560999497771
20270917,Target-idm_mobil-leaveoneout,leave_one_out,idm_mobil,20,7,15,11.0,4.5,7,0.05937541408596439,0,cutin_braking:4;fast_intrusion:4;lead_braking:5;slow_lead_following:3;stop_and_go:4,7;127;499;246;99;199;294;388;393;196;290;95;391;96;195;299;418;492;293;397,CoRe-Marginal,0,0.6174560999497771
20270917,Target-idm_mobil-leaveoneout,leave_one_out,idm_mobil,30,8,25,16.5,5.0,8,0.06515076157832525,0,cutin_braking:4;fast_intrusion:6;lead_braking:8;slow_lead_following:3;stop_and_go:9,7;127;499;246;99;199;294;388;393;196;290;95;391;96;195;299;418;492;293;397;97;297;292;398;295;392;91;395;390;394,CoRe-Marginal,0,0.6174560999497771
20270917,Target-idm_mobil-leaveoneout,leave_one_out,idm_mobil,50,11,37,24.0,5.0,11,0.06737968336141512,0,cutin_braking:9;fast_intrusion:8;lead_braking:13;slow_lead_following:7;stop_and_go:13,7;127;499;246;99;199;294;388;393;196;290;95;391;96;195;299;418;492;293;397;97;297;292;398;295;392;91;395;390;394;296;298;193;491;399;192;198;396;291;247;60;124;385;231;118;54;381;493;498;495,CoRe-Marginal,0,0.6174560999497771
20270917,Target-idm_mobil-leaveoneout,leave_one_out,idm_mobil,10,1,5,3.0,3.0,1,0.03727849273049817,0,cutin_braking:2;fast_intrusion:2;lead_braking:2;slow_lead_following:2;stop_and_go:2,400;26;144;243;388;495;393;99;197;290,TargetOnlyGP-Marginal,0,0.6034656000556424
20270917,Target-idm_mobil-leaveoneout,leave_one_out,idm_mobil,20,4,15,9.5,4.5,4,0.05455035798094619,0,cutin_braking:7;fast_intrusion:3;lead_braking:4;slow_lead_following:2;stop_and_go:4,400;26;144;243;388;495;393;99;197;290;299;90;198;391;199;196;194;195;293;397,TargetOnlyGP-Marginal,0,0.6034656000556424
20270917,Target-idm_mobil-leaveoneout,leave_one_out,idm_mobil,30,6,23,14.5,5.0,6,0.060454409486085554,0,cutin_braking:7;fast_intrusion:6;lead_braking:8;slow_lead_following:3;stop_and_go:6,400;26;144;243;388;495;393;99;197;290;299;90;198;391;199;196;194;195;293;397;95;297;301;496;292;97;398;294;218;98,TargetOnlyGP-Marginal,0,0.6034656000556424
20270917,Target-idm_mobil-leaveoneout,leave_one_out,idm_mobil,50,10,39,24.5,5.5,10,0.06775463362899756,0,cutin_braking:12;fast_intrusion:13;lead_braking:11;slow_lead_following:4;stop_and_go:10,400;26;144;243;388;495;393;99;197;290;299;90;198;391;199;196;194;195;293;397;95;297;301;496;292;97;398;294;218;98;295;392;493;395;94;118;193;47;91;390;296;394;192;96;92;190;191;298;93;37,TargetOnlyGP-Marginal,0,0.6034656000556424
20270917,Target-idm_mobil-leaveoneout,leave_one_out,idm_mobil,10,0,0,0.0,0.0,0,0.0,0,cutin_braking:3;fast_intrusion:2;lead_braking:1;slow_lead_following:2;stop_and_go:2,118;467;109;222;319;321;125;27;430;7,Random,0,0.00023370003327727318
20270917,Target-idm_mobil-leaveoneout,leave_one_out,idm_mobil,20,0,0,0.0,0.0,0,0.0,0,cutin_braking:6;fast_intrusion:4;lead_braking:4;slow_lead_following:3;stop_and_go:3,118;467;109;222;319;321;125;27;430;7;345;415;243;189;119;36;35;209;129;264,Random,0,0.00023370003327727318
20270917,Target-idm_mobil-leaveoneout,leave_one_out,idm_mobil,30,1,3,2.0,2.0,1,0.026490107898394843,0,cutin_braking:8;fast_intrusion:6;lead_braking:5;slow_lead_following:4;stop_and_go:7,118;467;109;222;319;321;125;27;430;7;345;415;243;189;119;36;35;209;129;264;39;336;499;363;331;397;162;295;147;79,Random,0,0.00023370003327727318
20270917,Target-idm_mobil-leaveoneout,leave_one_out,idm_mobil,50,3,5,4.0,3.0,3,0.03805174893948511,0,cutin_braking:16;fast_intrusion:9;lead_braking:7;slow_lead_following:7;stop_and_go:11,118;467;109;222;319;321;125;27;430;7;345;415;243;189;119;36;35;209;129;264;39;336;499;363;331;397;162;295;147;79;40;347;169;461;307;448;195;428;353;163;354;42;152;80;247;177;144;227;121;199,Random,0,0.00023370003327727318
20270917,Target-idm_mobil-leaveoneout,leave_one_out,idm_mobil,10,0,1,0.5,0.5,0,0.004315430922603407,0,cutin_braking:2;fast_intrusion:4;lead_braking:1;slow_lead_following:1;stop_and_go:2,85;16;173;15;290;361;188;423;387;54,Random,1,0.00017040001694113016
20270917,Target-idm_mobil-leaveoneout,leave_one_out,idm_mobil,20,0,2,1.0,1.0,0,0.008700516119695217,0,cutin_braking:4;fast_intrusion:8;lead_braking:4;slow_lead_following:1;stop_and_go:3,85;16;173;15;290;361;188;423;387;54;52;60;108;105;92;230;276;375;88;218,Random,1,0.00017040001694113016
20270917,Target-idm_mobil-leaveoneout,leave_one_out,idm_mobil,30,0,4,2.0,1.5,0,0.013529117101169559,0,cutin_braking:7;fast_intrusion:9;lead_braking:7;slow_lead_following:1;stop_and_go:6,85;16;173;15;290;361;188;423;387;54;52;60;108;105;92;230;276;375;88;218;394;279;125;260;104;392;5;215;329;144,Random,1,0.00017040001694113016
20270917,Target-idm_mobil-leaveoneout,leave_one_out,idm_mobil,50,0,5,2.5,1.5,0,0.015862245599550684,0,cutin_braking:11;fast_intrusion:13;lead_braking:11;slow_lead_following:6;stop_and_go:9,85;16;173;15;290;361;188;423;387;54;52;60;108;105;92;230;276;375;88;218;394;279;125;260;104;392;5;215;329;144;159;323;205;445;389;388;475;140;157;80;273;281;21;291;443;57;156;50;424;417,Random,1,0.00017040001694113016
20270917,Target-idm_mobil-leaveoneout,leave_one_out,idm_mobil,10,0,0,0.0,0.0,0,0.0,0,cutin_braking:1;fast_intrusion:1;lead_braking:5;slow_lead_following:1;stop_and_go:2,453;55;273;359;209;272;257;146;304;237,Random,2,0.00024039996787905693
20270917,Target-idm_mobil-leaveoneout,leave_one_out,idm_mobil,20,1,2,1.5,1.5,1,0.012870352312878936,0,cutin_braking:3;fast_intrusion:5;lead_braking:6;slow_lead_following:2;stop_and_go:4,453;55;273;359;209;272;257;146;304;237;96;291;303;400;142;69;26;43;378;111,Random,2,0.00024039996787905693
20270917,Target-idm_mobil-leaveoneout,leave_one_out,idm_mobil,30,1,3,2.0,1.5,1,0.013522707066059403,0,cutin_braking:5;fast_intrusion:8;lead_braking:9;slow_lead_following:4;stop_and_go:4,453;55;273;359;209;272;257;146;304;237;96;291;303;400;142;69;26;43;378;111;260;286;292;21;179;121;439;33;417;81,Random,2,0.00024039996787905693
20270917,Target-idm_mobil-leaveoneout,leave_one_out,idm_mobil,50,1,4,2.5,2.0,1,0.017436751195493174,0,cutin_braking:8;fast_intrusion:14;lead_braking:14;slow_lead_following:6;stop_and_go:8,453;55;273;359;209;272;257;146;304;237;96;291;303;400;142;69;26;43;378;111;260;286;292;21;179;121;439;33;417;81;18;369;83;479;244;60;277;176;253;34;31;248;399;155;475;42;270;335;112;337,Random,2,0.00024039996787905693
20270917,Target-idm_mobil-leaveoneout,leave_one_out,idm_mobil,10,0,1,0.5,0.5,0,0.00475377686041359,0,cutin_braking:2;fast_intrusion:3;lead_braking:2;slow_lead_following:2;stop_and_go:1,28;41;115;1;424;233;396;418;214;102,Random,3,0.00017279991880059242
20270917,Target-idm_mobil-leaveoneout,leave_one_out,idm_mobil,20,0,1,0.5,0.5,0,0.00475377686041359,0,cutin_braking:4;fast_intrusion:4;lead_braking:5;slow_lead_following:4;stop_and_go:3,28;41;115;1;424;233;396;418;214;102;228;452;205;52;351;141;219;434;181;369,Random,3,0.00017279991880059242
20270917,Target-idm_mobil-leaveoneout,leave_one_out,idm_mobil,30,1,2,1.5,1.5,1,0.009943003781160979,0,cutin_braking:6;fast_intrusion:7;lead_braking:7;slow_lead_following:6;stop_and_go:4,28;41;115;1;424;233;396;418;214;102;228;452;205;52;351;141;219;434;181;369;122;277;195;7;445;43;310;467;227;36,Random,3,0.00017279991880059242
20270917,Target-idm_mobil-leaveoneout,leave_one_out,idm_mobil,50,2,4,3.0,2.5,2,0.0299559045457378,0,cutin_braking:10;fast_intrusion:12;lead_braking:9;slow_lead_following:12;stop_and_go:7,28;41;115;1;424;233;396;418;214;102;228;452;205;52;351;141;219;434;181;369;122;277;195;7;445;43;310;467;227;36;344;426;476;0;63;482;19;129;332;204;392;485;39;499;439;177;208;190;144;73,Random,3,0.00017279991880059242
20270917,Target-idm_mobil-leaveoneout,leave_one_out,idm_mobil,10,0,0,0.0,0.0,0,0.0,0,cutin_braking:2;fast_intrusion:3;lead_braking:2;slow_lead_following:0;stop_and_go:3,202;86;371;79;377;54;283;356;147;151,Random,4,0.00016820000018924475
20270917,Target-idm_mobil-leaveoneout,leave_one_out,idm_mobil,20,1,3,2.0,2.0,1,0.01543093646167895,0,cutin_braking:5;fast_intrusion:7;lead_braking:4;slow_lead_following:1;stop_and_go:3,202;86;371;79;377;54;283;356;147;151;81;191;110;99;41;264;466;183;298;85,Random,4,0.00016820000018924475
20270917,Target-idm_mobil-leaveoneout,leave_one_out,idm_mobil,30,1,6,3.5,2.5,1,0.025483570466485223,0,cutin_braking:8;fast_intrusion:7;lead_braking:5;slow_lead_following:6;stop_and_go:4,202;86;371;79;377;54;283;356;147;151;81;191;110;99;41;264;466;183;298;85;164;267;443;197;172;414;465;494;497;367,Random,4,0.00016820000018924475
20270917,Target-idm_mobil-leaveoneout,leave_one_out,idm_mobil,50,2,9,5.5,3.5,2,0.03664509179120126,0,cutin_braking:12;fast_intrusion:12;lead_braking:8;slow_lead_following:10;stop_and_go:8,202;86;371;79;377;54;283;356;147;151;81;191;110;99;41;264;466;183;298;85;164;267;443;197;172;414;465;494;497;367;83;481;407;294;391;315;348;104;62;179;244;7;419;15;180;325;187;228;95;485,Random,4,0.00016820000018924475
20270917,Target-idm_mobil-leaveoneout,leave_one_out,idm_mobil,10,0,1,0.5,0.5,0,0.004006080647858321,0,cutin_braking:0;fast_intrusion:2;lead_braking:2;slow_lead_following:1;stop_and_go:5,75;377;283;380;339;364;317;452;296;24,Random,5,0.0002749999985098839
20270917,Target-idm_mobil-leaveoneout,leave_one_out,idm_mobil,20,0,1,0.5,0.5,0,0.004006080647858321,0,cutin_braking:1;fast_intrusion:6;lead_braking:2;slow_lead_following:3;stop_and_go:8,75;377;283;380;339;364;317;452;296;24;159;72;28;323;309;370;26;63;454;485,Random,5,0.0002749999985098839
20270917,Target-idm_mobil-leaveoneout,leave_one_out,idm_mobil,30,0,3,1.5,1.0,0,0.008051095180182861,0,cutin_braking:6;fast_intrusion:7;lead_braking:4;slow_lead_following:5;stop_and_go:8,75;377;283;380;339;364;317;452;296;24;159;72;28;323;309;370;26;63;454;485;155;298;177;98;114;431;425;212;148;103,Random,5,0.0002749999985098839
20270917,Target-idm_mobil-leaveoneout,leave_one_out,idm_mobil,50,0,4,2.0,1.5,0,0.011965139309616634,0,cutin_braking:13;fast_intrusion:12;lead_braking:5;slow_lead_following:8;stop_and_go:12,75;377;283;380;339;364;317;452;296;24;159;72;28;323;309;370;26;63;454;485;155;298;177;98;114;431;425;212;148;103;472;25;107;477;356;45;142;77;55;379;152;201;40;378;118;417;119;106;399;108,Random,5,0.0002749999985098839
20270917,Target-idm_mobil-leaveoneout,leave_one_out,idm_mobil,10,0,0,0.0,0.0,0,0.0,0,cutin_braking:2;fast_intrusion:4;lead_braking:2;slow_lead_following:1;stop_and_go:1,45;155;228;75;471;334;51;55;109;252,Random,6,0.00018229999113827944
20270917,Target-idm_mobil-leaveoneout,leave_one_out,idm_mobil,20,0,1,0.5,0.5,0,0.004676706965261147,0,cutin_braking:4;fast_intrusion:4;lead_braking:5;slow_lead_following:3;stop_and_go:4,45;155;228;75;471;334;51;55;109;252;161;219;397;353;358;230;181;483;436;244,Random,6,0.00018229999113827944
20270917,Target-idm_mobil-leaveoneout,leave_one_out,idm_mobil,30,0,5,2.5,1.5,0,0.013678929215600823,0,cutin_braking:6;fast_intrusion:6;lead_braking:7;slow_lead_following:3;stop_and_go:8,45;155;228;75;471;334;51;55;109;252;161;219;397;353;358;230;181;483;436;244;79;110;291;399;293;27;138;390;340;327,Random,6,0.00018229999113827944
20270917,Target-idm_mobil-leaveoneout,leave_one_out,idm_mobil,50,1,6,3.5,2.5,1,0.01886815613634821,0,cutin_braking:10;fast_intrusion:10;lead_braking:11;slow_lead_following:7;stop_and_go:12,45;155;228;75;471;334;51;55;109;252;161;219;397;353;358;230;181;483;436;244;79;110;291;399;293;27;138;390;340;327;454;320;253;28;486;360;405;123;335;176;1;406;205;195;120;267;209;61;311;9,Random,6,0.00018229999113827944
20270917,Target-idm_mobil-leaveoneout,leave_one_out,idm_mobil,10,0,0,0.0,0.0,0,0.0,0,cutin_braking:1;fast_intrusion:3;lead_braking:2;slow_lead_following:1;stop_and_go:3,2;264;1;302;300;38;132;488;344;236,Random,7,0.0001727000344544649
20270917,Target-idm_mobil-leaveoneout,leave_one_out,idm_mobil,20,1,3,2.0,2.0,1,0.026589361922480334,0,cutin_braking:1;fast_intrusion:6;lead_braking:5;slow_lead_following:3;stop_and_go:5,2;264;1;302;300;38;132;488;344;236;490;387;24;414;92;204;273;395;252;83,Random,7,0.0001727000344544649
20270917,Target-idm_mobil-leaveoneout,leave_one_out,idm_mobil,30,1,4,2.5,2.5,1,0.028677874404264787,0,cutin_braking:1;fast_intrusion:10;lead_braking:8;slow_lead_following:4;stop_and_go:7,2;264;1;302;300;38;132;488;344;236;490;387;24;414;92;204;273;395;252;83;393;55;11;58;222;19;471;360;228;251,Random,7,0.0001727000344544649
20270917,Target-idm_mobil-leaveoneout,leave_one_out,idm_mobil,50,2,8,5.0,4.5,2,0.04287357762903667,0,cutin_braking:4;fast_intrusion:13;lead_braking:13;slow_lead_following:11;stop_and_go:9,2;264;1;302;300;38;132;488;344;236;490;387;24;414;92;204;273;395;252;83;393;55;11;58;222;19;471;360;228;251;407;113;196;322;479;223;449;428;33;441;123;90;98;315;451;415;234;291;282;268,Random,7,0.0001727000344544649
20270917,Target-idm_mobil-leaveoneout,leave_one_out,idm_mobil,10,0,0,0.0,0.0,0,0.0,0,cutin_braking:0;fast_intrusion:4;lead_braking:4;slow_lead_following:1;stop_and_go:1,369;279;48;63;285;23;76;253;444;262,Random,8,0.00016679998952895403
20270917,Target-idm_mobil-leaveoneout,leave_one_out,idm_mobil,20,1,1,1.0,1.0,1,0.01794225868087473,0,cutin_braking:1;fast_intrusion:7;lead_braking:6;slow_lead_following:5;stop_and_go:1,369;279;48;63;285;23;76;253;444;262;206;440;456;20;175;424;496;203;40;50,Random,8,0.00016679998952895403
20270917,Target-idm_mobil-leaveoneout,leave_one_out,idm_mobil,30,1,2,1.5,1.5,1,0.02232734387796654,0,cutin_braking:3;fast_intrusion:8;lead_braking:7;slow_lead_following:7;stop_and_go:5,369;279;48;63;285;23;76;253;444;262;206;440;456;20;175;424;496;203;40;50;345;168;329;271;476;418;92;364;150;365,Random,8,0.00016679998952895403
20270917,Target-idm_mobil-leaveoneout,leave_one_out,idm_mobil,50,2,3,2.5,1.5,2,0.02358771498741642,0,cutin_braking:7;fast_intrusion:11;lead_braking:11;slow_lead_following:15;stop_and_go:6,369;279;48;63;285;23;76;253;444;262;206;440;456;20;175;424;496;203;40;50;345;168;329;271;476;418;92;364;150;365;83;432;249;422;189;65;495;423;265;481;477;267;184;114;482;276;108;386;414;10,Random,8,0.00016679998952895403
20270917,Target-idm_mobil-leaveoneout,leave_one_out,idm_mobil,10,0,2,1.0,0.5,0,0.004730355748910086,0,cutin_braking:3;fast_intrusion:1;lead_braking:3;slow_lead_following:0;stop_and_go:3,367;312;296;298;150;68;289;183;147;388,Random,9,0.0002164000179618597
20270917,Target-idm_mobil-leaveoneout,leave_one_out,idm_mobil,20,0,3,1.5,1.0,0,0.008483849645836037,0,cutin_braking:4;fast_intrusion:3;lead_braking:5;slow_lead_following:4;stop_and_go:4,367;312;296;298;150;68;289;183;147;388;264;394;56;442;423;41;125;446;465;223,Random,9,0.0002164000179618597
20270917,Target-idm_mobil-leaveoneout,leave_one_out,idm_mobil,30,0,3,1.5,1.0,0,0.008483849645836037,0,cutin_braking:9;fast_intrusion:6;lead_braking:5;slow_lead_following:5;stop_and_go:5,367;312;296;298;150;68;289;183;147;388;264;394;56;442;423;41;125;446;465;223;413;47;139;186;172;43;17;119;343;162,Random,9,0.0002164000179618597
20270917,Target-idm_mobil-leaveoneout,leave_one_out,idm_mobil,50,1,6,3.5,2.0,1,0.017516696892733847,0,cutin_braking:13;fast_intrusion:12;lead_braking:10;slow_lead_following:6;stop_and_go:9,367;312;296;298;150;68;289;183;147;388;264;394;56;442;423;41;125;446;465;223;413;47;139;186;172;43;17;119;343;162;137;365;380;104;65;122;232;57;91;93;156;267;290;73;53;453;385;211;329;279,Random,9,0.0002164000179618597
20270917,Target-vi_ttc-leaveoneout,leave_one_out,vi_ttc,10,5,10,7.5,4.0,5,0.0381125539515555,0,cutin_braking:1;fast_intrusion:1;lead_braking:1;slow_lead_following:6;stop_and_go:1,491;492;499;495;496;490;91;195;294;394,FPS-Risk,0,0.07974990003276616
20270917,Target-vi_ttc-leaveoneout,leave_one_out,vi_ttc,20,11,20,15.5,4.0,11,0.055710235397707565,0,cutin_braking:4;fast_intrusion:5;lead_braking:1;slow_lead_following:9;stop_and_go:1,491;492;499;495;496;490;91;195;294;394;95;96;199;196;191;493;498;497;99;97,FPS-Risk,0,0.07974990003276616
20270917,Target-vi_ttc-leaveoneout,leave_one_out,vi_ttc,30,18,30,24.0,4.5,18,0.06617225208316266,0,cutin_braking:9;fast_intrusion:7;lead_braking:3;slow_lead_following:10;stop_and_go:1,491;492;499;495;496;490;91;195;294;394;95;96;199;196;191;493;498;497;99;97;92;93;494;192;197;193;194;198;290;297,FPS-Risk,0,0.07974990003276616
20270917,Target-vi_ttc-leaveoneout,leave_one_out,vi_ttc,50,18,49,33.5,5.5,18,0.075467844631999,0,cutin_braking:9;fast_intrusion:10;lead_braking:10;slow_lead_following:10;stop_and_go:11,491;492;499;495;496;490;91;195;294;394;95;96;199;196;191;493;498;497;99;97;92;93;494;192;197;193;194;198;290;297;298;292;296;397;390;398;393;293;396;291;299;295;392;391;395;399;98;94;90;340,FPS-Risk,0,0.07974990003276616
20270917,Target-vi_ttc-leaveoneout,leave_one_out,vi_ttc,10,8,10,9.0,4.0,8,0.04695699431379416,0,cutin_braking:1;fast_intrusion:4;lead_braking:1;slow_lead_following:3;stop_and_go:1,491;499;492;91;95;96;99;195;294;394,FPS-Severity,0,0.07899780001025647
20270917,Target-vi_ttc-leaveoneout,leave_one_out,vi_ttc,20,13,20,16.5,4.0,13,0.05743933089676543,0,cutin_braking:4;fast_intrusion:7;lead_braking:1;slow_lead_following:7;stop_and_go:1,491;499;492;91;95;96;99;195;294;394;196;199;97;191;495;496;490;493;92;93,FPS-Severity,0,0.07899780001025647
20270917,Target-vi_ttc-leaveoneout,leave_one_out,vi_ttc,30,18,30,24.0,4.5,18,0.06617225208316266,0,cutin_braking:9;fast_intrusion:7;lead_braking:3;slow_lead_following:10;stop_and_go:1,491;499;492;91;95;96;99;195;294;394;196;199;97;191;495;496;490;493;92;93;498;497;494;192;197;193;194;198;290;297,FPS-Severity,0,0.07899780001025647
20270917,Target-vi_ttc-leaveoneout,leave_one_out,vi_ttc,50,18,49,33.5,5.5,18,0.075467844631999,0,cutin_braking:9;fast_intrusion:10;lead_braking:10;slow_lead_following:10;stop_and_go:11,491;499;492;91;95;96;99;195;294;394;196;199;97;191;495;496;490;493;92;93;498;497;494;192;197;193;194;198;290;297;298;292;296;397;390;398;393;293;396;291;299;295;392;391;395;399;98;94;90;340,FPS-Severity,0,0.07899780001025647
20270917,Target-vi_ttc-leaveoneout,leave_one_out,vi_ttc,10,6,10,8.0,4.0,6,0.0503946763776319,0,cutin_braking:2;fast_intrusion:2;lead_braking:2;slow_lead_following:2;stop_and_go:2,491;91;195;294;394;499;95;196;290;397,FPS-Balanced,0,0.08798279997427016
20270917,Target-vi_ttc-leaveoneout,leave_one_out,vi_ttc,20,11,20,15.5,4.5,11,0.06353572689094944,0,cutin_braking:4;fast_intrusion:4;lead_braking:4;slow_lead_following:4;stop_and_go:4,491;91;195;294;394;499;95;196;290;397;492;96;199;297;390;191;99;495;298;398,FPS-Balanced,0,0.08798279997427016
20270917,Target-vi_ttc-leaveoneout,leave_one_out,vi_ttc,30,14,30,22.0,4.5,14,0.0675338230608433,0,cutin_braking:6;fast_intrusion:6;lead_braking:6;slow_lead_following:6;stop_and_go:6,491;91;195;294;394;499;95;196;290;397;492;96;199;297;390;191;99;495;298;398;97;496;192;292;393;490;92;197;296;396,FPS-Balanced,0,0.08798279997427016
20270917,Target-vi_ttc-leaveoneout,leave_one_out,vi_ttc,50,18,50,34.0,6.0,18,0.07546786942805805,0,cutin_braking:10;fast_intrusion:10;lead_braking:10;slow_lead_following:10;stop_and_go:10,491;91;195;294;394;499;95;196;290;397;492;96;199;297;390;191;99;495;298;398;97;496;192;292;393;490;92;197;296;396;493;93;193;293;392;498;194;291;391;98;497;198;94;299;395;494;90;295;399;190,FPS-Balanced,0,0.08798279997427016
20270917,Target-vi_ttc-leaveoneout,leave_one_out,vi_ttc,10,5,8,6.5,4.0,5,0.053757871619639304,0,cutin_braking:2;fast_intrusion:2;lead_braking:3;slow_lead_following:1;stop_and_go:2,499;96;199;243;388;393;294;196;91;290,FPS-Marginal,0,0.4941660000476986
20270917,Target-vi_ttc-leaveoneout,leave_one_out,vi_ttc,20,9,18,13.5,4.5,9,0.06400347846630229,0,cutin_braking:3;fast_intrusion:5;lead_braking:6;slow_lead_following:2;stop_and_go:4,499;96;199;243;388;393;294;196;91;290;391;95;99;195;97;299;492;293;397;297,FPS-Marginal,0,0.4941660000476986
20270917,Target-vi_ttc-leaveoneout,leave_one_out,vi_ttc,30,10,28,19.0,5.0,10,0.06742045689722387,0,cutin_braking:4;fast_intrusion:5;lead_braking:9;slow_lead_following:3;stop_and_go:9,499;96;199;243;388;393;294;196;91;290;391;95;99;195;97;299;492;293;397;297;292;398;295;191;392;395;390;394;296;493,FPS-Marginal,0,0.4941660000476986
20270917,Target-vi_ttc-leaveoneout,leave_one_out,vi_ttc,50,18,46,32.0,5.0,18,0.0754678412187296,0,cutin_braking:9;fast_intrusion:7;lead_braking:11;slow_lead_following:12;stop_and_go:11,499;96;199;243;388;393;294;196;91;290;391;95;99;195;97;299;492;293;397;297;292;398;295;191;392;395;390;394;296;493;298;193;399;491;192;396;291;494;495;93;92;496;490;497;498;198;197;194;413;437,FPS-Marginal,0,0.4941660000476986
20270917,Target-vi_ttc-leaveoneout,leave_one_out,vi_ttc,10,5,10,7.5,4.0,5,0.0381125539515555,0,cutin_braking:1;fast_intrusion:1;lead_braking:1;slow_lead_following:6;stop_and_go:1,491;492;499;495;490;496;91;195;294;394,MeanResidual-Risk,0,0.17086569999810308
20270917,Target-vi_ttc-leaveoneout,leave_one_out,vi_ttc,20,13,20,16.5,4.0,13,0.0579703668384568,0,cutin_braking:5;fast_intrusion:6;lead_braking:1;slow_lead_following:7;stop_and_go:1,491;492;499;495;490;496;91;195;294;394;99;96;95;97;493;93;196;199;191;192,MeanResidual-Risk,0,0.17086569999810308
20270917,Target-vi_ttc-leaveoneout,leave_one_out,vi_ttc,30,18,30,24.0,5.0,18,0.06301659559843562,0,cutin_braking:10;fast_intrusion:9;lead_braking:1;slow_lead_following:9;stop_and_go:1,491;492;499;495;490;496;91;195;294;394;99;96;95;97;493;93;196;199;191;192;194;197;193;198;190;92;94;90;498;494,MeanResidual-Risk,0,0.17086569999810308
20270917,Target-vi_ttc-leaveoneout,leave_one_out,vi_ttc,50,18,50,34.0,6.0,18,0.07546786942805805,0,cutin_braking:10;fast_intrusion:10;lead_braking:10;slow_lead_following:10;stop_and_go:10,491;492;499;495;490;496;91;195;294;394;99;96;95;97;493;93;196;199;191;192;194;197;193;198;190;92;94;90;498;494;497;98;397;393;396;390;398;392;395;391;399;290;298;296;295;293;291;299;297;292,MeanResidual-Risk,0,0.17086569999810308
20270917,Target-vi_ttc-leaveoneout,leave_one_out,vi_ttc,10,6,10,8.0,4.0,6,0.05867788193978337,0,cutin_braking:2;fast_intrusion:3;lead_braking:2;slow_lead_following:1;stop_and_go:2,499;96;199;294;393;196;99;290;391;95,MeanResidual-Marginal,0,0.5833192999707535
20270917,Target-vi_ttc-leaveoneout,leave_one_out,vi_ttc,20,9,17,13.0,4.0,9,0.06343212979540075,0,cutin_braking:4;fast_intrusion:5;lead_braking:5;slow_lead_following:3;stop_and_go:3,499;96;199;294;393;196;99;290;391;95;195;97;418;159;291;492;295;91;397;243,MeanResidual-Marginal,0,0.5833192999707535
20270917,Target-vi_ttc-leaveoneout,leave_one_out,vi_ttc,30,15,26,20.5,4.5,15,0.07104071724855249,0,cutin_braking:10;fast_intrusion:5;lead_braking:7;slow_lead_following:3;stop_and_go:5,499;96;199;294;393;196;99;290;391;95;195;97;418;159;291;492;295;91;397;243;192;197;193;198;297;194;292;388;398;191,MeanResidual-Marginal,0,0.5833192999707535
20270917,Target-vi_ttc-leaveoneout,leave_one_out,vi_ttc,50,17,43,30.0,6.0,17,0.10313961592727282,1,cutin_braking:14;fast_intrusion:7;lead_braking:11;slow_lead_following:7;stop_and_go:11,499;96;199;294;393;196;99;290;391;95;195;97;418;159;291;492;295;91;397;243;192;197;193;198;297;194;292;388;398;191;89;293;392;395;93;390;394;296;493;298;190;399;491;396;496;299;495;115;143;180,MeanResidual-Marginal,0,0.5833192999707535
20270917,Target-vi_ttc-leaveoneout,leave_one_out,vi_ttc,10,5,10,7.5,4.0,5,0.0381125539515555,0,cutin_braking:1;fast_intrusion:1;lead_braking:1;slow_lead_following:6;stop_and_go:1,491;492;499;495;490;496;91;195;294;394,CoRe-Risk,0,0.18790920008905232
20270917,Target-vi_ttc-leaveoneout,leave_one_out,vi_ttc,20,10,20,15.0,4.0,10,0.05528013816215251,0,cutin_braking:3;fast_intrusion:5;lead_braking:1;slow_lead_following:10;stop_and_go:1,491;492;499;495;490;496;91;195;294;394;96;95;196;199;498;493;494;497;99;97,CoRe-Risk,0,0.18790920008905232
20270917,Target-vi_ttc-leaveoneout,leave_one_out,vi_ttc,30,18,30,24.0,5.0,18,0.0630165921851662,0,cutin_braking:10;fast_intrusion:8;lead_braking:1;slow_lead_following:10;stop_and_go:1,491;492;499;495;490;496;91;195;294;394;96;95;196;199;498;493;494;497;99;97;191;194;192;193;190;197;198;92;93;90,CoRe-Risk,0,0.18790920008905232
20270917,Target-vi_ttc-leaveoneout,leave_one_out,vi_ttc,50,18,50,34.0,6.0,18,0.07546786942805805,0,cutin_braking:10;fast_intrusion:10;lead_braking:10;slow_lead_following:10;stop_and_go:10,491;492;499;495;490;496;91;195;294;394;96;95;196;199;498;493;494;497;99;97;191;194;192;193;190;197;198;92;93;90;94;98;297;292;299;291;290;298;296;293;295;397;393;396;390;398;392;395;391;399,CoRe-Risk,0,0.18790920008905232
20270917,Target-vi_ttc-leaveoneout,leave_one_out,vi_ttc,10,5,8,6.5,4.0,5,0.053757871619639304,0,cutin_braking:2;fast_intrusion:2;lead_braking:3;slow_lead_following:1;stop_and_go:2,499;96;199;243;294;388;393;196;91;290,CoRe-Marginal,0,0.6056548000779003
20270917,Target-vi_ttc-leaveoneout,leave_one_out,vi_ttc,20,8,16,12.0,4.5,8,0.0618697431487584,0,cutin_braking:4;fast_intrusion:4;lead_braking:5;slow_lead_following:3;stop_and_go:4,499;96;199;243;294;388;393;196;91;290;391;95;195;97;299;418;492;293;144;397,CoRe-Marginal,0,0.6056548000779003
20270917,Target-vi_ttc-leaveoneout,leave_one_out,vi_ttc,30,9,25,17.0,5.0,9,0.06558089191882344,0,cutin_braking:5;fast_intrusion:5;lead_braking:8;slow_lead_following:3;stop_and_go:9,499;96;199;243;294;388;393;196;91;290;391;95;195;97;299;418;492;293;144;397;45;297;292;398;295;392;395;390;191;394,CoRe-Marginal,0,0.6056548000779003
20270917,Target-vi_ttc-leaveoneout,leave_one_out,vi_ttc,50,17,41,29.0,5.5,17,0.0747248464623092,0,cutin_braking:12;fast_intrusion:9;lead_braking:12;slow_lead_following:5;stop_and_go:12,499;96;199;243;294;388;393;196;91;290;391;95;195;97;299;418;492;293;144;397;45;297;292;398;295;392;395;390;191;394;296;94;493;298;193;192;198;197;194;190;399;491;396;291;93;99;15;324;118;218,CoRe-Marginal,0,0.6056548000779003
20270917,Target-vi_ttc-leaveoneout,leave_one_out,vi_ttc,10,3,5,4.0,3.0,3,0.0367248160384089,0,cutin_braking:2;fast_intrusion:3;lead_braking:1;slow_lead_following:2;stop_and_go:2,400;26;144;243;388;495;393;99;96;197,TargetOnlyGP-Marginal,0,0.5926274000667036
20270917,Target-vi_ttc-leaveoneout,leave_one_out,vi_ttc,20,8,15,11.5,4.5,8,0.09956291361667696,2,cutin_braking:8;fast_intrusion:4;lead_braking:3;slow_lead_following:2;stop_and_go:3,400;26;144;243;388;495;393;99;96;197;198;290;299;391;95;199;196;195;151;123,TargetOnlyGP-Marginal,0,0.5926274000667036
20270917,Target-vi_ttc-leaveoneout,leave_one_out,vi_ttc,30,9,21,15.0,5.0,9,0.11896768118584802,5,cutin_braking:14;fast_intrusion:8;lead_braking:3;slow_lead_following:2;stop_and_go:3,400;26;144;243;388;495;393;99;96;197;198;290;299;391;95;199;196;195;151;123;103;171;183;152;139;143;93;5;97;90,TargetOnlyGP-Marginal,0,0.5926274000667036
20270917,Target-vi_ttc-leaveoneout,leave_one_out,vi_ttc,50,15,39,27.0,6.5,15,0.1272173705502403,5,cutin_braking:19;fast_intrusion:11;lead_braking:9;slow_lead_following:3;stop_and_go:8,400;26;144;243;388;495;393;99;96;197;198;290;299;391;95;199;196;195;151;123;103;171;183;152;139;143;93;5;97;90;192;92;293;91;397;301;297;193;292;194;94;398;190;294;218;191;295;392;395;496,TargetOnlyGP-Marginal,0,0.5926274000667036
20270917,Target-vi_ttc-leaveoneout,leave_one_out,vi_ttc,10,1,1,1.0,1.0,1,0.007997981676406658,0,cutin_braking:2;fast_intrusion:1;lead_braking:1;slow_lead_following:4;stop_and_go:2,463;165;300;198;466;87;476;344;251;446,Random,0,0.00023230002261698246
20270917,Target-vi_ttc-leaveoneout,leave_one_out,vi_ttc,20,1,2,1.5,1.5,1,0.05486402195808522,1,cutin_braking:3;fast_intrusion:4;lead_braking:5;slow_lead_following:4;stop_and_go:4,463;165;300;198;466;87;476;344;251;446;70;303;216;285;343;8;139;240;68;257,Random,0,0.00023230002261698246
20270917,Target-vi_ttc-leaveoneout,leave_one_out,vi_ttc,30,1,3,2.0,2.0,1,0.058778066087518996,1,cutin_braking:3;fast_intrusion:8;lead_braking:6;slow_lead_following:4;stop_and_go:9,463;165;300;198;466;87;476;344;251;446;70;303;216;285;343;8;139;240;68;257;66;399;20;325;12;60;244;362;351;319,Random,0,0.00023230002261698246
20270917,Target-vi_ttc-leaveoneout,leave_one_out,vi_ttc,50,1,4,2.5,2.0,1,0.07165983906504607,2,cutin_braking:8;fast_intrusion:13;lead_braking:9;slow_lead_following:8;stop_and_go:12,463;165;300;198;466;87;476;344;251;446;70;303;216;285;343;8;139;240;68;257;66;399;20;325;12;60;244;362;351;319;473;243;450;123;74;187;258;282;130;485;86;52;156;352;65;331;418;173;75;336,Random,0,0.00023230002261698246
20270917,Target-vi_ttc-leaveoneout,leave_one_out,vi_ttc,10,1,2,1.5,1.5,1,0.054984653343243275,1,cutin_braking:3;fast_intrusion:3;lead_braking:1;slow_lead_following:2;stop_and_go:1,30;164;364;194;400;402;29;212;31;111,Random,1,0.00017709995154291391
20270917,Target-vi_ttc-leaveoneout,leave_one_out,vi_ttc,20,2,3,2.5,1.5,2,0.05800717772751478,1,cutin_braking:6;fast_intrusion:5;lead_braking:5;slow_lead_following:2;stop_and_go:2,30;164;364;194;400;402;29;212;31;111;272;195;23;148;258;63;274;220;159;375,Random,1,0.00017709995154291391
20270917,Target-vi_ttc-leaveoneout,leave_one_out,vi_ttc,30,2,3,2.5,1.5,2,0.05800717772751478,1,cutin_braking:6;fast_intrusion:10;lead_braking:7;slow_lead_following:2;stop_and_go:5,30;164;364;194;400;402;29;212;31;111;272;195;23;148;258;63;274;220;159;375;86;356;347;20;69;19;378;200;257;4,Random,1,0.00017709995154291391
20270917,Target-vi_ttc-leaveoneout,leave_one_out,vi_ttc,50,3,5,4.0,3.0,3,0.0719026719671439,1,cutin_braking:10;fast_intrusion:12;lead_braking:14;slow_lead_following:7;stop_and_go:7,30;164;364;194;400;402;29;212;31;111;272;195;23;148;258;63;274;220;159;375;86;356;347;20;69;19;378;200;257;4;397;237;129;39;423;267;244;99;259;183;145;407;263;436;112;447;231;243;482;363,Random,1,0.00017709995154291391
20270917,Target-vi_ttc-leaveoneout,leave_one_out,vi_ttc,10,0,1,0.5,0.5,0,0.003537266709753001,0,cutin_braking:1;fast_intrusion:1;lead_braking:3;slow_lead_following:2;stop_and_go:3,110;426;377;368;395;447;218;224;256;36,Random,2,0.0003942999755963683
20270917,Target-vi_ttc-leaveoneout,leave_one_out,vi_ttc,20,0,2,1.0,1.0,0,0.012109470654491153,0,cutin_braking:2;fast_intrusion:2;lead_braking:4;slow_lead_following:6;stop_and_go:6,110;426;377;368;395;447;218;224;256;36;363;317;81;485;494;350;479;488;173;240,Random,2,0.0003942999755963683
20270917,Target-vi_ttc-leaveoneout,leave_one_out,vi_ttc,30,0,2,1.0,1.0,0,0.012109470654491153,0,cutin_braking:3;fast_intrusion:7;lead_braking:5;slow_lead_following:7;stop_and_go:8,110;426;377;368;395;447;218;224;256;36;363;317;81;485;494;350;479;488;173;240;56;347;86;359;165;5;27;278;68;415,Random,2,0.0003942999755963683
20270917,Target-vi_ttc-leaveoneout,leave_one_out,vi_ttc,50,1,5,3.0,3.0,1,0.06700126063315286,1,cutin_braking:6;fast_intrusion:10;lead_braking:11;slow_lead_following:12;stop_and_go:11,110;426;377;368;395;447;218;224;256;36;363;317;81;485;494;350;479;488;173;240;56;347;86;359;165;5;27;278;68;415;123;49;285;357;130;454;67;211;324;309;297;208;287;441;244;460;403;133;483;96,Random,2,0.0003942999755963683
20270917,Target-vi_ttc-leaveoneout,leave_one_out,vi_ttc,10,0,0,0.0,0.0,0,0.0,0,cutin_braking:2;fast_intrusion:2;lead_braking:1;slow_lead_following:1;stop_and_go:4,47;366;40;102;112;307;340;369;464;208,Random,3,0.00025919999461621046
20270917,Target-vi_ttc-leaveoneout,leave_one_out,vi_ttc,20,0,0,0.0,0.0,0,0.0,0,cutin_braking:4;fast_intrusion:7;lead_braking:1;slow_lead_following:2;stop_and_go:6,47;366;40;102;112;307;340;369;464;208;3;353;69;23;108;408;143;311;41;33,Random,3,0.00025919999461621046
20270917,Target-vi_ttc-leaveoneout,leave_one_out,vi_ttc,30,0,0,0.0,0.0,0,0.0,0,cutin_braking:9;fast_intrusion:9;lead_braking:1;slow_lead_following:4;stop_and_go:7,47;366;40;102;112;307;340;369;464;208;3;353;69;23;108;408;143;311;41;33;167;86;468;373;182;107;130;432;188;12,Random,3,0.00025919999461621046
20270917,Target-vi_ttc-leaveoneout,leave_one_out,vi_ttc,50,2,6,4.0,3.5,2,0.07457630104729024,1,cutin_braking:11;fast_intrusion:12;lead_braking:7;slow_lead_following:6;stop_and_go:14,47;366;40;102;112;307;340;369;464;208;3;353;69;23;108;408;143;311;41;33;167;86;468;373;182;107;130;432;188;12;253;385;299;94;399;229;342;343;310;258;344;492;326;443;246;269;173;61;92;172,Random,3,0.00025919999461621046
20270917,Target-vi_ttc-leaveoneout,leave_one_out,vi_ttc,10,0,0,0.0,0.0,0,0.0,0,cutin_braking:1;fast_intrusion:1;lead_braking:1;slow_lead_following:3;stop_and_go:4,365;465;288;381;333;382;73;483;448;113,Random,4,0.00016880000475794077
20270917,Target-vi_ttc-leaveoneout,leave_one_out,vi_ttc,20,0,1,0.5,0.5,0,0.00373541927989273,0,cutin_braking:2;fast_intrusion:3;lead_braking:3;slow_lead_following:6;stop_and_go:6,365;465;288;381;333;382;73;483;448;113;450;66;350;391;138;208;484;409;10;212,Random,4,0.00016880000475794077
20270917,Target-vi_ttc-leaveoneout,leave_one_out,vi_ttc,30,1,3,2.0,2.0,1,0.051047575974825565,1,cutin_braking:4;fast_intrusion:6;lead_braking:5;slow_lead_following:7;stop_and_go:8,365;465;288;381;333;382;73;483;448;113;450;66;350;391;138;208;484;409;10;212;306;38;369;215;271;8;21;199;474;155,Random,4,0.00016880000475794077
20270917,Target-vi_ttc-leaveoneout,leave_one_out,vi_ttc,50,1,6,3.5,3.5,1,0.1183196973829132,3,cutin_braking:8;fast_intrusion:11;lead_braking:8;slow_lead_following:10;stop_and_go:13,365;465;288;381;333;382;73;483;448;113;450;66;350;391;138;208;484;409;10;212;306;38;369;215;271;8;21;199;474;155;419;74;235;424;123;380;47;339;176;7;220;307;255;352;385;493;181;166;39;77,Random,4,0.00016880000475794077
20270917,Target-vi_ttc-leaveoneout,leave_one_out,vi_ttc,10,0,0,0.0,0.0,0,0.0,0,cutin_braking:3;fast_intrusion:1;lead_braking:0;slow_lead_following:5;stop_and_go:1,475;14;461;323;180;478;155;415;435;183,Random,5,0.00016969989519566298
20270917,Target-vi_ttc-leaveoneout,leave_one_out,vi_ttc,20,0,0,0.0,0.0,0,0.0,0,cutin_braking:5;fast_intrusion:3;lead_braking:2;slow_lead_following:7;stop_and_go:3,475;14;461;323;180;478;155;415;435;183;410;363;424;61;239;252;358;121;22;146,Random,5,0.00016969989519566298
20270917,Target-vi_ttc-leaveoneout,leave_one_out,vi_ttc,30,1,1,1.0,1.0,1,0.01697969627546362,0,cutin_braking:5;fast_intrusion:6;lead_braking:5;slow_lead_following:10;stop_and_go:4,475;14;461;323;180;478;155;415;435;183;410;363;424;61;239;252;358;121;22;146;248;491;265;411;209;375;9;85;76;462,Random,5,0.00016969989519566298
20270917,Target-vi_ttc-leaveoneout,leave_one_out,vi_ttc,50,1,1,1.0,1.0,1,0.01697969627546362,0,cutin_braking:8;fast_intrusion:10;lead_braking:8;slow_lead_following:15;stop_and_go:9,475;14;461;323;180;478;155;415;435;183;410;363;424;61;239;252;358;121;22;146;248;491;265;411;209;375;9;85;76;462;243;434;176;48;458;200;327;262;352;166;474;412;342;17;484;308;88;309;177;73,Random,5,0.00016969989519566298
20270917,Target-vi_ttc-leaveoneout,leave_one_out,vi_ttc,10,0,0,0.0,0.0,0,0.0,0,cutin_braking:3;fast_intrusion:3;lead_braking:1;slow_lead_following:1;stop_and_go:2,138;316;128;57;161;81;44;237;310;453,Random,6,0.00022249994799494743
20270917,Target-vi_ttc-leaveoneout,leave_one_out,vi_ttc,20,1,2,1.5,1.5,1,0.011721795094641795,0,cutin_braking:6;fast_intrusion:3;lead_braking:4;slow_lead_following:3;stop_and_go:4,138;316;128;57;161;81;44;237;310;453;447;334;140;251;392;141;199;217;462;285,Random,6,0.00022249994799494743
20270917,Target-vi_ttc-leaveoneout,leave_one_out,vi_ttc,30,1,4,2.5,2.5,1,0.024322145158977806,0,cutin_braking:9;fast_intrusion:3;lead_braking:7;slow_lead_following:6;stop_and_go:5,138;316;128;57;161;81;44;237;310;453;447;334;140;251;392;141;199;217;462;285;201;147;383;463;497;416;291;254;129;110,Random,6,0.00022249994799494743
20270917,Target-vi_ttc-leaveoneout,leave_one_out,vi_ttc,50,2,7,4.5,3.0,2,0.0352241448920592,0,cutin_braking:11;fast_intrusion:9;lead_braking:9;slow_lead_following:11;stop_and_go:10,138;316;128;57;161;81;44;237;310;453;447;334;140;251;392;141;199;217;462;285;201;147;383;463;497;416;291;254;129;110;498;143;210;28;29;3;75;51;449;4;345;423;324;397;102;466;325;499;269;351,Random,6,0.00022249994799494743
20270917,Target-vi_ttc-leaveoneout,leave_one_out,vi_ttc,10,0,0,0.0,0.0,0,0.0,0,cutin_braking:4;fast_intrusion:1;lead_braking:1;slow_lead_following:2;stop_and_go:2,368;249;176;112;58;158;474;458;137;331,Random,7,0.00016709999181330204
20270917,Target-vi_ttc-leaveoneout,leave_one_out,vi_ttc,20,2,3,2.5,2.5,2,0.055222741376873455,1,cutin_braking:8;fast_intrusion:3;lead_braking:1;slow_lead_following:3;stop_and_go:5,368;249;176;112;58;158;474;458;137;331;145;102;348;93;425;332;157;198;308;6,Random,7,0.00016709999181330204
20270917,Target-vi_ttc-leaveoneout,leave_one_out,vi_ttc,30,2,7,4.5,4.0,2,0.06636711791889609,1,cutin_braking:8;fast_intrusion:5;lead_braking:4;slow_lead_following:5;stop_and_go:8,368;249;176;112;58;158;474;458;137;331;145;102;348;93;425;332;157;198;308;6;394;345;248;294;65;421;450;297;49;398,Random,7,0.00016709999181330204
20270917,Target-vi_ttc-leaveoneout,leave_one_out,vi_ttc,50,3,10,6.5,4.0,3,0.07482377063585649,1,cutin_braking:12;fast_intrusion:7;lead_braking:9;slow_lead_following:8;stop_and_go:14,368;249;176;112;58;158;474;458;137;331;145;102;348;93;425;332;157;198;308;6;394;345;248;294;65;421;450;297;49;398;397;253;335;68;376;120;320;211;300;244;135;359;191;460;298;219;447;34;144;482,Random,7,0.00016709999181330204
20270917,Target-vi_ttc-leaveoneout,leave_one_out,vi_ttc,10,2,3,2.5,2.0,2,0.02718181541951155,0,cutin_braking:1;fast_intrusion:4;lead_braking:0;slow_lead_following:3;stop_and_go:2,41;499;426;40;493;332;374;4;107;99,Random,8,0.00017439993098378181
20270917,Target-vi_ttc-leaveoneout,leave_one_out,vi_ttc,20,2,6,4.0,3.0,2,0.03497064026690222,0,cutin_braking:4;fast_intrusion:6;lead_braking:2;slow_lead_following:4;stop_and_go:4,41;499;426;40;493;332;374;4;107;99;129;404;213;303;43;392;180;94;150;294,Random,8,0.00017439993098378181
20270917,Target-vi_ttc-leaveoneout,leave_one_out,vi_ttc,30,3,7,5.0,4.0,3,0.04373191014663205,0,cutin_braking:8;fast_intrusion:8;lead_braking:5;slow_lead_following:4;stop_and_go:5,41;499;426;40;493;332;374;4;107;99;129;404;213;303;43;392;180;94;150;294;25;18;192;174;387;209;225;101;212;136,Random,8,0.00017439993098378181
20270917,Target-vi_ttc-leaveoneout,leave_one_out,vi_ttc,50,3,8,5.5,4.0,3,0.04373194974481548,0,cutin_braking:11;fast_intrusion:11;lead_braking:9;slow_lead_following:9;stop_and_go:10,41;499;426;40;493;332;374;4;107;99;129;404;213;303;43;392;180;94;150;294;25;18;192;174;387;209;225;101;212;136;314;496;53;58;484;353;270;220;113;143;389;121;407;258;282;479;388;321;81;456,Random,8,0.00017439993098378181
20270917,Target-vi_ttc-leaveoneout,leave_one_out,vi_ttc,10,0,1,0.5,0.5,0,0.004462607934440877,0,cutin_braking:3;fast_intrusion:2;lead_braking:2;slow_lead_following:3;stop_and_go:0,12;299;132;450;125;81;122;466;267;428,Random,9,0.00016980001237243414
20270917,Target-vi_ttc-leaveoneout,leave_one_out,vi_ttc,20,0,1,0.5,0.5,0,0.004462607934440877,0,cutin_braking:4;fast_intrusion:4;lead_braking:5;slow_lead_following:4;stop_and_go:3,12;299;132;450;125;81;122;466;267;428;277;80;1;374;247;165;279;431;379;308,Random,9,0.00016980001237243414
20270917,Target-vi_ttc-leaveoneout,leave_one_out,vi_ttc,30,1,2,1.5,1.5,1,0.013223877814170715,0,cutin_braking:6;fast_intrusion:6;lead_braking:7;slow_lead_following:7;stop_and_go:4,12;299;132;450;125;81;122;466;267;428;277;80;1;374;247;165;279;431;379;308;192;22;60;480;206;328;180;452;244;481,Random,9,0.00016980001237243414
20270917,Target-vi_ttc-leaveoneout,leave_one_out,vi_ttc,50,2,5,3.5,3.0,2,0.0504634831274683,1,cutin_braking:10;fast_intrusion:10;lead_braking:12;slow_lead_following:9;stop_and_go:9,12;299;132;450;125;81;122;466;267;428;277;80;1;374;247;165;279;431;379;308;192;22;60;480;206;328;180;452;244;481;337;386;280;168;377;8;310;249;71;406;296;167;169;32;483;349;115;232;95;266,Random,9,0.00016980001237243414
20270917,Target-mcts_cv-leaveoneout,leave_one_out,mcts_cv,10,6,10,8.0,4.5,6,0.041907791685371704,0,cutin_braking:1;fast_intrusion:1;lead_braking:1;slow_lead_following:6;stop_and_go:1,491;492;499;495;496;490;91;195;294;394,FPS-Risk,0,0.07988240011036396
20270917,Target-mcts_cv-leaveoneout,leave_one_out,mcts_cv,20,11,20,15.5,4.5,11,0.05907534290367118,0,cutin_braking:4;fast_intrusion:5;lead_braking:1;slow_lead_following:9;stop_and_go:1,491;492;499;495;496;490;91;195;294;394;95;96;191;196;199;493;498;497;99;92,FPS-Risk,0,0.07988240011036396
20270917,Target-mcts_cv-leaveoneout,leave_one_out,mcts_cv,30,12,28,20.0,5.0,12,0.06218328331262373,0,cutin_braking:7;fast_intrusion:9;lead_braking:3;slow_lead_following:10;stop_and_go:1,491;492;499;495;496;490;91;195;294;394;95;96;191;196;199;493;498;497;99;92;93;494;97;290;192;197;94;98;297;193,FPS-Risk,0,0.07988240011036396
20270917,Target-mcts_cv-leaveoneout,leave_one_out,mcts_cv,50,12,46,29.0,5.5,12,0.0702345769619307,0,cutin_braking:9;fast_intrusion:10;lead_braking:11;slow_lead_following:10;stop_and_go:10,491;492;499;495;496;490;91;195;294;394;95;96;191;196;199;493;498;497;99;92;93;494;97;290;192;197;94;98;297;193;90;194;298;198;292;397;390;296;398;293;393;396;291;299;295;392;391;395;399;246,FPS-Risk,0,0.07988240011036396
20270917,Target-mcts_cv-leaveoneout,leave_one_out,mcts_cv,10,9,10,9.5,4.5,9,0.05329121727100408,0,cutin_braking:1;fast_intrusion:4;lead_braking:1;slow_lead_following:3;stop_and_go:1,491;499;492;91;95;96;99;199;294;394,FPS-Severity,0,0.08136690000537783
20270917,Target-mcts_cv-leaveoneout,leave_one_out,mcts_cv,20,11,20,15.5,4.5,11,0.05907534290367118,0,cutin_braking:4;fast_intrusion:6;lead_braking:1;slow_lead_following:8;stop_and_go:1,491;499;492;91;95;96;99;199;294;394;93;196;191;195;92;495;496;490;493;498,FPS-Severity,0,0.08136690000537783
20270917,Target-mcts_cv-leaveoneout,leave_one_out,mcts_cv,30,12,28,20.0,5.0,12,0.06218328331262373,0,cutin_braking:7;fast_intrusion:9;lead_braking:3;slow_lead_following:10;stop_and_go:1,491;499;492;91;95;96;99;199;294;394;93;196;191;195;92;495;496;490;493;498;497;494;97;290;192;197;94;98;297;193,FPS-Severity,0,0.08136690000537783
20270917,Target-mcts_cv-leaveoneout,leave_one_out,mcts_cv,50,12,46,29.0,5.5,12,0.0702345769619307,0,cutin_braking:9;fast_intrusion:10;lead_braking:11;slow_lead_following:10;stop_and_go:10,491;499;492;91;95;96;99;199;294;394;93;196;191;195;92;495;496;490;493;498;497;494;97;290;192;197;94;98;297;193;90;194;298;198;292;397;390;296;398;293;393;396;291;299;295;392;391;395;399;246,FPS-Severity,0,0.08136690000537783
20270917,Target-mcts_cv-leaveoneout,leave_one_out,mcts_cv,10,7,10,8.5,4.5,7,0.05711444844711108,0,cutin_braking:2;fast_intrusion:2;lead_braking:2;slow_lead_following:2;stop_and_go:2,491;91;199;294;394;499;95;196;290;397,FPS-Balanced,0,0.0884764000074938
20270917,Target-mcts_cv-leaveoneout,leave_one_out,mcts_cv,20,11,20,15.5,5.0,11,0.06558164939632809,0,cutin_braking:4;fast_intrusion:4;lead_braking:4;slow_lead_following:4;stop_and_go:4,491;91;199;294;394;499;95;196;290;397;492;96;191;297;390;195;99;495;298;398,FPS-Balanced,0,0.0884764000074938
20270917,Target-mcts_cv-leaveoneout,leave_one_out,mcts_cv,30,11,30,20.5,5.0,11,0.06657371325198586,0,cutin_braking:6;fast_intrusion:6;lead_braking:6;slow_lead_following:6;stop_and_go:6,491;91;199;294;394;499;95;196;290;397;492;96;191;297;390;195;99;495;298;398;93;496;192;292;393;92;490;197;296;396,FPS-Balanced,0,0.0884764000074938
20270917,Target-mcts_cv-leaveoneout,leave_one_out,mcts_cv,50,12,46,29.0,5.5,12,0.0702345769619307,0,cutin_braking:10;fast_intrusion:10;lead_braking:10;slow_lead_following:10;stop_and_go:10,491;91;199;294;394;499;95;196;290;397;492;96;191;297;390;195;99;495;298;398;93;496;192;292;393;92;490;197;296;396;493;97;193;293;392;498;94;194;291;391;497;98;198;299;395;494;90;295;399;190,FPS-Balanced,0,0.0884764000074938
20270917,Target-mcts_cv-leaveoneout,leave_one_out,mcts_cv,10,4,6,5.0,4.0,4,0.04825732693870943,0,cutin_braking:3;fast_intrusion:2;lead_braking:2;slow_lead_following:1;stop_and_go:2,127;7;499;246;96;199;388;393;299;196,FPS-Marginal,0,0.5090017999755219
20270917,Target-mcts_cv-leaveoneout,leave_one_out,mcts_cv,20,8,16,12.0,4.5,8,0.06233314473938824,0,cutin_braking:4;fast_intrusion:4;lead_braking:6;slow_lead_following:2;stop_and_go:4,127;7;499;246;96;199;388;393;299;196;91;290;391;95;195;492;293;397;297;292,FPS-Marginal,0,0.5090017999755219
20270917,Target-mcts_cv-leaveoneout,leave_one_out,mcts_cv,30,9,25,17.0,5.5,9,0.06635719311225516,0,cutin_braking:5;fast_intrusion:5;lead_braking:9;slow_lead_following:2;stop_and_go:9,127;7;499;246;96;199;388;393;299;196;91;290;391;95;195;492;293;397;297;292;398;294;191;295;392;395;390;296;394;94,FPS-Marginal,0,0.5090017999755219
20270917,Target-mcts_cv-leaveoneout,leave_one_out,mcts_cv,50,12,44,28.0,5.5,12,0.0702345769619307,0,cutin_braking:8;fast_intrusion:10;lead_braking:11;slow_lead_following:10;stop_and_go:11,127;7;499;246;96;199;388;393;299;196;91;290;391;95;195;492;293;397;297;292;398;294;191;295;392;395;390;296;394;94;493;298;193;399;491;198;97;192;396;291;494;495;496;490;497;498;99;79;92;93,FPS-Marginal,0,0.5090017999755219
20270917,Target-mcts_cv-leaveoneout,leave_one_out,mcts_cv,10,6,10,8.0,4.5,6,0.04373669071769096,0,cutin_braking:1;fast_intrusion:1;lead_braking:1;slow_lead_following:6;stop_and_go:1,491;492;499;495;490;496;91;196;294;394,MeanResidual-Risk,0,0.1712076999247074
20270917,Target-mcts_cv-leaveoneout,leave_one_out,mcts_cv,20,11,20,15.5,4.5,11,0.059298688236667285,0,cutin_braking:4;fast_intrusion:6;lead_braking:2;slow_lead_following:7;stop_and_go:1,491;492;499;495;490;496;91;196;294;394;99;96;95;93;92;195;198;299;493;199,MeanResidual-Risk,0,0.1712076999247074
20270917,Target-mcts_cv-leaveoneout,leave_one_out,mcts_cv,30,12,29,20.5,5.0,12,0.06242226515323732,0,cutin_braking:9;fast_intrusion:8;lead_braking:5;slow_lead_following:7;stop_and_go:1,491;492;499;495;490;496;91;196;294;394;99;96;95;93;92;195;198;299;493;199;191;193;297;290;292;197;194;97;94;192,MeanResidual-Risk,0,0.1712076999247074
20270917,Target-mcts_cv-leaveoneout,leave_one_out,mcts_cv,50,12,46,29.0,5.5,12,0.0702345769619307,0,cutin_braking:10;fast_intrusion:10;lead_braking:10;slow_lead_following:10;stop_and_go:10,491;492;499;495;490;496;91;196;294;394;99;96;95;93;92;195;198;299;493;199;191;193;297;290;292;197;194;97;94;192;296;298;291;293;498;494;497;397;391;392;393;396;390;398;399;98;395;295;90;175,MeanResidual-Risk,0,0.1712076999247074
20270917,Target-mcts_cv-leaveoneout,leave_one_out,mcts_cv,10,4,7,5.5,4.0,4,0.05092813340927225,0,cutin_braking:3;fast_intrusion:3;lead_braking:2;slow_lead_following:1;stop_and_go:1,499;96;199;7;127;393;198;290;99;246,MeanResidual-Marginal,0,0.6003702000016347
20270917,Target-mcts_cv-leaveoneout,leave_one_out,mcts_cv,20,8,16,12.0,4.5,8,0.06192810509018319,0,cutin_braking:6;fast_intrusion:5;lead_braking:4;slow_lead_following:3;stop_and_go:2,499;96;199;7;127;393;198;290;99;246;299;391;95;196;93;194;195;485;492;293,MeanResidual-Marginal,0,0.6003702000016347
20270917,Target-mcts_cv-leaveoneout,leave_one_out,mcts_cv,30,10,25,17.5,5.0,10,0.06670004162741472,0,cutin_braking:7;fast_intrusion:7;lead_braking:8;slow_lead_following:3;stop_and_go:5,499;96;199;7;127;393;198;290;99;246;299;391;95;196;93;194;195;485;492;293;92;91;397;297;292;398;294;388;191;295,MeanResidual-Marginal,0,0.6003702000016347
20270917,Target-mcts_cv-leaveoneout,leave_one_out,mcts_cv,50,12,42,27.0,5.5,12,0.0702344617199864,0,cutin_braking:10;fast_intrusion:8;lead_braking:12;slow_lead_following:8;stop_and_go:12,499;96;199;7;127;393;198;290;99;246;299;391;95;196;93;194;195;485;492;293;92;91;397;297;292;398;294;388;191;295;392;395;390;296;394;493;193;298;491;399;192;396;496;291;97;495;385;115;490;247,MeanResidual-Marginal,0,0.6003702000016347
20270917,Target-mcts_cv-leaveoneout,leave_one_out,mcts_cv,10,6,10,8.0,4.5,6,0.041907791685371704,0,cutin_braking:1;fast_intrusion:1;lead_braking:1;slow_lead_following:6;stop_and_go:1,491;492;499;495;490;496;91;195;294;394,CoRe-Risk,0,0.21358060010243207
20270917,Target-mcts_cv-leaveoneout,leave_one_out,mcts_cv,20,10,20,15.0,5.0,10,0.059179473095058194,0,cutin_braking:4;fast_intrusion:3;lead_braking:4;slow_lead_following:8;stop_and_go:1,491;492;499;495;490;496;91;195;294;394;196;299;199;191;96;95;297;290;498;493,CoRe-Risk,0,0.21358060010243207
20270917,Target-mcts_cv-leaveoneout,leave_one_out,mcts_cv,30,12,30,21.0,5.0,12,0.06276372850457462,0,cutin_braking:5;fast_intrusion:7;lead_braking:7;slow_lead_following:10;stop_and_go:1,491;492;499;495;490;496;91;195;294;394;196;299;199;191;96;95;297;290;498;493;494;497;292;99;93;92;97;296;193;298,CoRe-Risk,0,0.21358060010243207
20270917,Target-mcts_cv-leaveoneout,leave_one_out,mcts_cv,50,12,46,29.0,5.5,12,0.0702345769619307,0,cutin_braking:9;fast_intrusion:10;lead_braking:11;slow_lead_following:10;stop_and_go:10,491;492;499;495;490;496;91;195;294;394;196;299;199;191;96;95;297;290;498;493;494;497;292;99;93;92;97;296;193;298;291;198;293;397;391;94;392;393;396;390;398;399;395;295;197;194;192;98;246;90,CoRe-Risk,0,0.21358060010243207
20270917,Target-mcts_cv-leaveoneout,leave_one_out,mcts_cv,10,4,6,5.0,4.0,4,0.04811014992687196,0,cutin_braking:3;fast_intrusion:2;lead_braking:2;slow_lead_following:1;stop_and_go:2,7;127;499;246;96;199;388;393;196;290,CoRe-Marginal,0,0.5915395000483841
20270917,Target-mcts_cv-leaveoneout,leave_one_out,mcts_cv,20,8,15,11.5,4.5,8,0.06180495640936892,0,cutin_braking:4;fast_intrusion:4;lead_braking:5;slow_lead_following:3;stop_and_go:4,7;127;499;246;96;199;388;393;196;290;91;299;391;95;195;485;492;293;397;297,CoRe-Marginal,0,0.5915395000483841
20270917,Target-mcts_cv-leaveoneout,leave_one_out,mcts_cv,30,9,25,17.0,5.5,9,0.06627143338648636,0,cutin_braking:6;fast_intrusion:4;lead_braking:9;slow_lead_following:3;stop_and_go:8,7;127;499;246;96;199;388;393;196;290;91;299;391;95;195;485;492;293;397;297;292;398;294;191;295;392;395;193;390;296,CoRe-Marginal,0,0.5915395000483841
20270917,Target-mcts_cv-leaveoneout,leave_one_out,mcts_cv,50,12,37,24.5,5.5,12,0.07023444860977951,0,cutin_braking:10;fast_intrusion:10;lead_braking:13;slow_lead_following:5;stop_and_go:12,7;127;499;246;96;199;388;393;196;290;91;299;391;95;195;485;492;293;397;297;292;398;294;191;295;392;395;193;390;296;394;94;493;298;491;399;198;396;192;97;99;93;247;291;231;60;166;385;118;54,CoRe-Marginal,0,0.5915395000483841
20270917,Target-mcts_cv-leaveoneout,leave_one_out,mcts_cv,10,2,5,3.5,2.5,2,0.03221156345619773,0,cutin_braking:2;fast_intrusion:3;lead_braking:1;slow_lead_following:2;stop_and_go:2,400;26;144;243;388;495;393;99;96;197,TargetOnlyGP-Marginal,0,0.5721555999480188
20270917,Target-mcts_cv-leaveoneout,leave_one_out,mcts_cv,20,4,14,9.0,3.5,4,0.049240181737644925,0,cutin_braking:5;fast_intrusion:6;lead_braking:4;slow_lead_following:2;stop_and_go:3,400;26;144;243;388;495;393;99;96;197;290;299;198;391;95;93;94;199;194;295,TargetOnlyGP-Marginal,0,0.5721555999480188
20270917,Target-mcts_cv-leaveoneout,leave_one_out,mcts_cv,30,7,22,14.5,4.5,7,0.056810889939765,0,cutin_braking:8;fast_intrusion:6;lead_braking:8;slow_lead_following:2;stop_and_go:6,400;26;144;243;388;495;393;99;96;197;290;299;198;391;95;93;94;199;194;295;301;196;195;397;297;292;398;294;293;118,TargetOnlyGP-Marginal,0,0.5721555999480188
20270917,Target-mcts_cv-leaveoneout,leave_one_out,mcts_cv,50,8,36,22.0,5.0,8,0.06025494872846848,0,cutin_braking:12;fast_intrusion:9;lead_braking:12;slow_lead_following:4;stop_and_go:13,400;26;144;243;388;495;393;99;96;197;290;299;198;391;95;93;94;199;194;295;301;196;195;397;297;292;398;294;293;118;98;91;392;395;281;496;390;296;394;190;191;493;298;193;399;354;231;37;192;396,TargetOnlyGP-Marginal,0,0.5721555999480188
20270917,Target-mcts_cv-leaveoneout,leave_one_out,mcts_cv,10,0,2,1.0,1.0,0,0.00608674816042172,0,cutin_braking:2;fast_intrusion:0;lead_braking:6;slow_lead_following:1;stop_and_go:1,214;274;107;293;478;215;363;275;291;190,Random,0,0.0002610000083222985
20270917,Target-mcts_cv-leaveoneout,leave_one_out,mcts_cv,20,0,2,1.0,1.0,0,0.00608674816042172,0,cutin_braking:4;fast_intrusion:2;lead_braking:7;slow_lead_following:3;stop_and_go:4,214;274;107;293;478;215;363;275;291;190;436;286;312;326;301;75;446;123;145;8,Random,0,0.0002610000083222985
20270917,Target-mcts_cv-leaveoneout,leave_one_out,mcts_cv,30,0,3,1.5,1.5,0,0.0100803311109224,0,cutin_braking:4;fast_intrusion:4;lead_braking:8;slow_lead_following:7;stop_and_go:7,214;274;107;293;478;215;363;275;291;190;436;286;312;326;301;75;446;123;145;8;40;475;246;359;420;368;392;72;405;457,Random,0,0.0002610000083222985
20270917,Target-mcts_cv-leaveoneout,leave_one_out,mcts_cv,50,0,4,2.0,1.5,0,0.01101284791972272,0,cutin_braking:7;fast_intrusion:8;lead_braking:12;slow_lead_following:13;stop_and_go:10,214;274;107;293;478;215;363;275;291;190;436;286;312;326;301;75;446;123;145;8;40;475;246;359;420;368;392;72;405;457;353;424;488;454;270;431;31;399;344;53;267;14;1;439;422;220;168;121;131;210,Random,0,0.0002610000083222985
20270917,Target-mcts_cv-leaveoneout,leave_one_out,mcts_cv,10,1,2,1.5,1.5,1,0.00872649363050039,0,cutin_braking:6;fast_intrusion:1;lead_braking:1;slow_lead_following:0;stop_and_go:2,104;170;395;140;181;31;267;195;149;310,Random,1,0.0001680999994277954
20270917,Target-mcts_cv-leaveoneout,leave_one_out,mcts_cv,20,1,3,2.0,2.0,1,0.013189101564941266,0,cutin_braking:7;fast_intrusion:4;lead_braking:5;slow_lead_following:1;stop_and_go:3,104;170;395;140;181;31;267;195;149;310;25;189;226;299;281;7;72;368;423;228,Random,1,0.0001680999994277954
20270917,Target-mcts_cv-leaveoneout,leave_one_out,mcts_cv,30,1,4,2.5,2.5,1,0.02176130550967942,0,cutin_braking:9;fast_intrusion:5;lead_braking:8;slow_lead_following:5;stop_and_go:3,104;170;395;140;181;31;267;195;149;310;25;189;226;299;281;7;72;368;423;228;410;106;415;441;254;218;494;277;37;119,Random,1,0.0001680999994277954
20270917,Target-mcts_cv-leaveoneout,leave_one_out,mcts_cv,50,1,7,4.0,3.0,1,0.024651075942550803,0,cutin_braking:14;fast_intrusion:8;lead_braking:13;slow_lead_following:9;stop_and_go:6,104;170;395;140;181;31;267;195;149;310;25;189;226;299;281;7;72;368;423;228;410;106;415;441;254;218;494;277;37;119;250;144;122;293;210;77;282;413;496;358;59;350;110;495;165;184;202;11;319;463,Random,1,0.0001680999994277954
20270917,Target-mcts_cv-leaveoneout,leave_one_out,mcts_cv,10,0,1,0.5,0.5,0,0.009333505007817763,0,cutin_braking:2;fast_intrusion:1;lead_braking:3;slow_lead_following:1;stop_and_go:3,209;120;490;281;325;363;248;133;11;387,Random,2,0.00016639998648315668
20270917,Target-mcts_cv-leaveoneout,leave_one_out,mcts_cv,20,0,2,1.0,1.0,0,0.013718590204909571,0,cutin_braking:5;fast_intrusion:4;lead_braking:6;slow_lead_following:2;stop_and_go:3,209;120;490;281;325;363;248;133;11;387;126;86;60;185;474;268;234;134;92;201,Random,2,0.00016639998648315668
20270917,Target-mcts_cv-leaveoneout,leave_one_out,mcts_cv,30,0,2,1.0,1.0,0,0.013718590204909571,0,cutin_braking:7;fast_intrusion:8;lead_braking:9;slow_lead_following:3;stop_and_go:3,209;120;490;281;325;363;248;133;11;387;126;86;60;185;474;268;234;134;92;201;39;155;136;252;276;10;41;57;458;237,Random,2,0.00016639998648315668
20270917,Target-mcts_cv-leaveoneout,leave_one_out,mcts_cv,50,1,4,2.5,2.0,1,0.019650727053765023,0,cutin_braking:13;fast_intrusion:11;lead_braking:15;slow_lead_following:5;stop_and_go:6,209;120;490;281;325;363;248;133;11;387;126;86;60;185;474;268;234;134;92;201;39;155;136;252;276;10;41;57;458;237;270;247;169;420;124;152;331;366;66;232;76;484;222;69;178;313;287;195;198;206,Random,2,0.00016639998648315668
20270917,Target-mcts_cv-leaveoneout,leave_one_out,mcts_cv,10,0,2,1.0,0.5,0,0.0067871190857885745,0,cutin_braking:2;fast_intrusion:2;lead_braking:2;slow_lead_following:1;stop_and_go:3,30;212;398;8;266;322;394;102;138;458,Random,3,0.0002492999192327261
20270917,Target-mcts_cv-leaveoneout,leave_one_out,mcts_cv,20,0,4,2.0,1.0,0,0.01678155240827462,0,cutin_braking:3;fast_intrusion:3;lead_braking:4;slow_lead_following:4;stop_and_go:6,30;212;398;8;266;322;394;102;138;458;186;41;404;384;235;443;490;348;397;200,Random,3,0.0002492999192327261
20270917,Target-mcts_cv-leaveoneout,leave_one_out,mcts_cv,30,2,8,5.0,2.5,2,0.03280230644961796,0,cutin_braking:5;fast_intrusion:6;lead_braking:6;slow_lead_following:7;stop_and_go:6,30;212;398;8;266;322;394;102;138;458;186;41;404;384;235;443;490;348;397;200;165;96;178;467;91;298;55;498;262;447,Random,3,0.0002492999192327261
20270917,Target-mcts_cv-leaveoneout,leave_one_out,mcts_cv,50,3,9,6.0,3.0,3,0.041292237495695695,0,cutin_braking:10;fast_intrusion:14;lead_braking:8;slow_lead_following:8;stop_and_go:10,30;212;398;8;266;322;394;102;138;458;186;41;404;384;235;443;490;348;397;200;165;96;178;467;91;298;55;498;262;447;7;245;5;499;344;52;359;118;176;375;17;111;216;355;125;36;59;100;63;72,Random,3,0.0002492999192327261
20270917,Target-mcts_cv-leaveoneout,leave_one_out,mcts_cv,10,0,1,0.5,0.5,0,0.0045132525822111705,0,cutin_braking:7;fast_intrusion:1;lead_braking:0;slow_lead_following:1;stop_and_go:1,147;123;33;166;119;319;486;197;135;133,Random,4,0.00017060001846402884
20270917,Target-mcts_cv-leaveoneout,leave_one_out,mcts_cv,20,0,4,2.0,1.5,0,0.018885627510673804,0,cutin_braking:8;fast_intrusion:3;lead_braking:4;slow_lead_following:3;stop_and_go:2,147;123;33;166;119;319;486;197;135;133;291;274;6;109;292;222;2;495;382;431,Random,4,0.00017060001846402884
20270917,Target-mcts_cv-leaveoneout,leave_one_out,mcts_cv,30,1,5,3.0,2.0,1,0.023083407563091615,0,cutin_braking:10;fast_intrusion:4;lead_braking:7;slow_lead_following:4;stop_and_go:5,147;123;33;166;119;319;486;197;135;133;291;274;6;109;292;222;2;495;382;431;388;74;122;287;270;446;196;334;231;338,Random,4,0.00017060001846402884
20270917,Target-mcts_cv-leaveoneout,leave_one_out,mcts_cv,50,1,6,3.5,2.5,1,0.02713712232040137,0,cutin_braking:16;fast_intrusion:8;lead_braking:8;slow_lead_following:9;stop_and_go:9,147;123;33;166;119;319;486;197;135;133;291;274;6;109;292;222;2;495;382;431;388;74;122;287;270;446;196;334;231;338;377;456;179;339;475;189;84;185;88;152;20;353;266;32;154;444;184;483;390;471,Random,4,0.00017060001846402884
20270917,Target-mcts_cv-leaveoneout,leave_one_out,mcts_cv,10,0,2,1.0,1.0,0,0.013034811879179029,0,cutin_braking:3;fast_intrusion:0;lead_braking:2;slow_lead_following:2;stop_and_go:3,494;182;440;360;176;253;299;303;141;300,Random,5,0.00033519999124109745
20270917,Target-mcts_cv-leaveoneout,leave_one_out,mcts_cv,20,0,2,1.0,1.0,0,0.013034811879179029,0,cutin_braking:5;fast_intrusion:1;lead_braking:4;slow_lead_following:6;stop_and_go:4,494;182;440;360;176;253;299;303;141;300;228;153;11;206;109;439;471;413;386;424,Random,5,0.00033519999124109745
20270917,Target-mcts_cv-leaveoneout,leave_one_out,mcts_cv,30,0,2,1.0,1.0,0,0.013034811879179029,0,cutin_braking:6;fast_intrusion:4;lead_braking:6;slow_lead_following:10;stop_and_go:4,494;182;440;360;176;253;299;303;141;300;228;153;11;206;109;439;471;413;386;424;56;225;140;438;251;433;451;51;36;442,Random,5,0.00033519999124109745
20270917,Target-mcts_cv-leaveoneout,leave_one_out,mcts_cv,50,2,4,3.0,2.5,2,0.03041710376300308,0,cutin_braking:8;fast_intrusion:8;lead_braking:10;slow_lead_following:15;stop_and_go:9,494;182;440;360;176;253;299;303;141;300;228;153;11;206;109;439;471;413;386;424;56;225;140;438;251;433;451;51;36;442;375;80;349;345;282;356;178;437;20;82;96;384;465;230;436;492;134;275;256;407,Random,5,0.00033519999124109745
20270917,Target-mcts_cv-leaveoneout,leave_one_out,mcts_cv,10,0,0,0.0,0.0,0,0.0,0,cutin_braking:0;fast_intrusion:0;lead_braking:5;slow_lead_following:3;stop_and_go:2,228;234;403;374;312;470;230;486;221;216,Random,6,0.00016769999638199806
20270917,Target-mcts_cv-leaveoneout,leave_one_out,mcts_cv,20,1,3,2.0,1.5,1,0.02186202356405339,0,cutin_braking:4;fast_intrusion:1;lead_braking:6;slow_lead_following:6;stop_and_go:3,228;234;403;374;312;470;230;486;221;216;267;363;169;492;149;404;173;92;496;167,Random,6,0.00016769999638199806
20270917,Target-mcts_cv-leaveoneout,leave_one_out,mcts_cv,30,1,3,2.0,1.5,1,0.02186202356405339,0,cutin_braking:5;fast_intrusion:3;lead_braking:7;slow_lead_following:10;stop_and_go:5,228;234;403;374;312;470;230;486;221;216;267;363;169;492;149;404;173;92;496;167;480;429;265;448;349;344;107;15;90;420,Random,6,0.00016769999638199806
20270917,Target-mcts_cv-leaveoneout,leave_one_out,mcts_cv,50,1,4,2.5,2.0,1,0.02586101440225672,0,cutin_braking:11;fast_intrusion:6;lead_braking:10;slow_lead_following:14;stop_and_go:9,228;234;403;374;312;470;230;486;221;216;267;363;169;492;149;404;173;92;496;167;480;429;265;448;349;344;107;15;90;420;102;351;329;426;218;101;449;401;212;39;317;160;61;198;40;177;258;365;422;151,Random,6,0.00016769999638199806
20270917,Target-mcts_cv-leaveoneout,leave_one_out,mcts_cv,10,0,2,1.0,0.5,0,0.007322965374344362,0,cutin_braking:2;fast_intrusion:0;lead_braking:3;slow_lead_following:1;stop_and_go:4,331;119;187;393;238;223;391;204;446;330,Random,7,0.00016739999409765005
20270917,Target-mcts_cv-leaveoneout,leave_one_out,mcts_cv,20,0,2,1.0,0.5,0,0.007322965374344362,0,cutin_braking:5;fast_intrusion:1;lead_braking:7;slow_lead_following:2;stop_and_go:5,331;119;187;393;238;223;391;204;446;330;114;135;65;336;237;212;155;279;246;457,Random,7,0.00016739999409765005
20270917,Target-mcts_cv-leaveoneout,leave_one_out,mcts_cv,30,1,4,2.5,1.5,1,0.01713367858763316,0,cutin_braking:7;fast_intrusion:2;lead_braking:10;slow_lead_following:3;stop_and_go:8,331;119;187;393;238;223;391;204;446;330;114;135;65;336;237;212;155;279;246;457;99;475;163;127;256;379;392;257;382;286,Random,7,0.00016739999409765005
20270917,Target-mcts_cv-leaveoneout,leave_one_out,mcts_cv,50,1,4,2.5,1.5,1,0.01713367858763316,0,cutin_braking:11;fast_intrusion:8;lead_braking:13;slow_lead_following:7;stop_and_go:11,331;119;187;393;238;223;391;204;446;330;114;135;65;336;237;212;155;279;246;457;99;475;163;127;256;379;392;257;382;286;20;317;460;221;6;211;81;334;477;138;175;12;467;228;71;122;436;101;329;86,Random,7,0.00016739999409765005
20270917,Target-mcts_cv-leaveoneout,leave_one_out,mcts_cv,10,0,0,0.0,0.0,0,0.0,0,cutin_braking:1;fast_intrusion:1;lead_braking:2;slow_lead_following:3;stop_and_go:3,115;236;311;383;217;412;419;25;457;329,Random,8,0.00019759999122470617
20270917,Target-mcts_cv-leaveoneout,leave_one_out,mcts_cv,20,0,2,1.0,1.0,0,0.006680275943274298,0,cutin_braking:4;fast_intrusion:5;lead_braking:3;slow_lead_following:5;stop_and_go:3,115;236;311;383;217;412;419;25;457;329;75;427;30;198;94;142;116;297;445;54,Random,8,0.00019759999122470617
20270917,Target-mcts_cv-leaveoneout,leave_one_out,mcts_cv,30,0,4,2.0,2.0,0,0.020684092990595017,0,cutin_braking:4;fast_intrusion:8;lead_braking:6;slow_lead_following:7;stop_and_go:5,115;236;311;383;217;412;419;25;457;329;75;427;30;198;94;142;116;297;445;54;223;216;397;86;361;77;475;285;98;495,Random,8,0.00019759999122470617
20270917,Target-mcts_cv-leaveoneout,leave_one_out,mcts_cv,50,0,6,3.0,2.0,0,0.023016011257485956,0,cutin_braking:9;fast_intrusion:12;lead_braking:8;slow_lead_following:13;stop_and_go:8,115;236;311;383;217;412;419;25;457;329;75;427;30;198;94;142;116;297;445;54;223;216;397;86;361;77;475;285;98;495;13;396;72;421;472;308;498;263;106;402;151;32;425;400;172;323;7;112;270;150,Random,8,0.00019759999122470617
20270917,Target-mcts_cv-leaveoneout,leave_one_out,mcts_cv,10,0,2,1.0,1.0,0,0.009229926060433238,0,cutin_braking:3;fast_intrusion:1;lead_braking:2;slow_lead_following:1;stop_and_go:3,397;162;370;306;274;176;194;285;63;402,Random,9,0.00016769999638199806
20270917,Target-mcts_cv-leaveoneout,leave_one_out,mcts_cv,20,0,3,1.5,1.5,0,0.01780213000517139,0,cutin_braking:5;fast_intrusion:1;lead_braking:2;slow_lead_following:6;stop_and_go:6,397;162;370;306;274;176;194;285;63;402;170;472;363;417;313;112;494;471;437;335,Random,9,0.00016769999638199806
20270917,Target-mcts_cv-leaveoneout,leave_one_out,mcts_cv,30,0,4,2.0,1.5,0,0.019879035457862838,0,cutin_braking:7;fast_intrusion:5;lead_braking:3;slow_lead_following:8;stop_and_go:7,397;162;370;306;274;176;194;285;63;402;170;472;363;417;313;112;494;471;437;335;410;10;89;38;31;451;144;284;396;120,Random,9,0.00016769999638199806
20270917,Target-mcts_cv-leaveoneout,leave_one_out,mcts_cv,50,0,5,2.5,2.0,0,0.02049212966222834,0,cutin_braking:10;fast_intrusion:14;lead_braking:7;slow_lead_following:10;stop_and_go:9,397;162;370;306;274;176;194;285;63;402;170;472;363;417;313;112;494;471;437;335;410;10;89;38;31;451;144;284;396;120;219;395;179;286;50;424;485;64;14;175;365;55;29;268;33;18;44;133;23;253,Random,9,0.00016769999638199806
20270917,Target-ppo_ece-leaveoneout,leave_one_out,ppo_ece,10,3,10,6.5,3.0,3,0.032223172395124663,0,cutin_braking:1;fast_intrusion:1;lead_braking:1;slow_lead_following:6;stop_and_go:1,91;195;491;492;499;495;496;490;294;394,FPS-Risk,0,0.07834110001567751
20270917,Target-ppo_ece-leaveoneout,leave_one_out,ppo_ece,20,3,20,11.5,3.5,3,0.03838281217987276,0,cutin_braking:1;fast_intrusion:1;lead_braking:6;slow_lead_following:10;stop_and_go:2,91;195;491;492;499;495;496;490;294;394;493;498;497;494;290;297;298;292;296;397,FPS-Risk,0,0.07834110001567751
20270917,Target-ppo_ece-leaveoneout,leave_one_out,ppo_ece,30,3,30,16.5,3.5,3,0.044138807364884056,0,cutin_braking:1;fast_intrusion:1;lead_braking:10;slow_lead_following:10;stop_and_go:8,91;195;491;492;499;495;496;490;294;394;493;498;497;494;290;297;298;292;296;397;390;398;393;293;396;291;299;295;392;391,FPS-Risk,0,0.07834110001567751
20270917,Target-ppo_ece-leaveoneout,leave_one_out,ppo_ece,50,3,40,21.5,4.5,3,0.055354727686879074,0,cutin_braking:6;fast_intrusion:14;lead_braking:10;slow_lead_following:10;stop_and_go:10,91;195;491;492;499;495;496;490;294;394;493;498;497;494;290;297;298;292;296;397;390;398;393;293;396;291;299;295;392;391;395;399;190;191;0;95;1;96;2;99;92;93;97;94;90;3;98;100;103;192,FPS-Risk,0,0.07834110001567751
20270917,Target-ppo_ece-leaveoneout,leave_one_out,ppo_ece,10,3,10,6.5,3.0,3,0.03313762191128429,0,cutin_braking:1;fast_intrusion:1;lead_braking:1;slow_lead_following:6;stop_and_go:1,491;499;492;91;196;495;294;496;490;394,FPS-Severity,0,0.08499910007230937
20270917,Target-ppo_ece-leaveoneout,leave_one_out,ppo_ece,20,3,20,11.5,3.5,3,0.039297261696032385,0,cutin_braking:1;fast_intrusion:1;lead_braking:6;slow_lead_following:10;stop_and_go:2,491;499;492;91;196;495;294;496;490;394;493;498;497;494;290;297;298;292;296;397,FPS-Severity,0,0.08499910007230937
20270917,Target-ppo_ece-leaveoneout,leave_one_out,ppo_ece,30,3,30,16.5,3.5,3,0.04505325688104368,0,cutin_braking:1;fast_intrusion:1;lead_braking:10;slow_lead_following:10;stop_and_go:8,491;499;492;91;196;495;294;496;490;394;493;498;497;494;290;297;298;292;296;397;390;398;393;293;396;291;299;295;392;391,FPS-Severity,0,0.08499910007230937
20270917,Target-ppo_ece-leaveoneout,leave_one_out,ppo_ece,50,3,40,21.5,4.0,3,0.05443484533051042,0,cutin_braking:6;fast_intrusion:14;lead_braking:10;slow_lead_following:10;stop_and_go:10,491;499;492;91;196;495;294;496;490;394;493;498;497;494;290;297;298;292;296;397;390;398;393;293;396;291;299;295;392;391;395;399;0;95;1;96;2;99;92;93;97;94;90;3;98;100;195;191;101;199,FPS-Severity,0,0.08499910007230937
20270917,Target-ppo_ece-leaveoneout,leave_one_out,ppo_ece,10,2,8,5.0,3.0,2,0.036885365854193365,0,cutin_braking:2;fast_intrusion:2;lead_braking:2;slow_lead_following:2;stop_and_go:2,491;91;196;294;394;499;290;397;0;100,FPS-Balanced,0,0.09051450004335493
20270917,Target-ppo_ece-leaveoneout,leave_one_out,ppo_ece,20,3,17,10.0,3.5,3,0.04669037358406464,0,cutin_braking:4;fast_intrusion:4;lead_braking:4;slow_lead_following:4;stop_and_go:4,491;91;196;294;394;499;290;397;0;100;492;95;195;297;390;495;298;398;191;1,FPS-Balanced,0,0.09051450004335493
20270917,Target-ppo_ece-leaveoneout,leave_one_out,ppo_ece,30,3,25,14.0,3.5,3,0.04928326071872585,0,cutin_braking:6;fast_intrusion:6;lead_braking:6;slow_lead_following:6;stop_and_go:6,491;91;196;294;394;499;290;397;0;100;492;95;195;297;390;495;298;398;191;1;96;496;292;393;101;490;296;396;199;2,FPS-Balanced,0,0.09051450004335493
20270917,Target-ppo_ece-leaveoneout,leave_one_out,ppo_ece,50,3,43,23.0,4.0,3,0.05652128115807756,0,cutin_braking:10;fast_intrusion:10;lead_braking:10;slow_lead_following:10;stop_and_go:10,491;91;196;294;394;499;290;397;0;100;492;95;195;297;390;495;298;398;191;1;96;496;292;393;101;490;296;396;199;2;493;293;392;99;102;498;92;291;391;197;497;299;395;93;192;494;295;399;97;193,FPS-Balanced,0,0.09051450004335493
20270917,Target-ppo_ece-leaveoneout,leave_one_out,ppo_ece,10,1,4,2.5,2.5,1,0.02986109300835963,0,cutin_braking:3;fast_intrusion:3;lead_braking:2;slow_lead_following:1;stop_and_go:1,127;7;499;246;96;26;199;144;294;388,FPS-Marginal,0,0.4822516000131145
20270917,Target-ppo_ece-leaveoneout,leave_one_out,ppo_ece,20,1,11,6.0,3.0,1,0.043360122066996486,0,cutin_braking:7;fast_intrusion:7;lead_braking:3;slow_lead_following:1;stop_and_go:2,127;7;499;246;96;26;199;144;294;388;393;196;138;91;45;191;95;83;290;195,FPS-Marginal,0,0.4822516000131145
20270917,Target-ppo_ece-leaveoneout,leave_one_out,ppo_ece,30,2,19,10.5,3.5,2,0.051099526193708396,0,cutin_braking:10;fast_intrusion:9;lead_braking:5;slow_lead_following:2;stop_and_go:4,127;7;499;246;96;26;199;144;294;388;393;196;138;91;45;191;95;83;290;195;188;391;198;94;99;299;492;293;197;397,FPS-Marginal,0,0.4822516000131145
20270917,Target-ppo_ece-leaveoneout,leave_one_out,ppo_ece,50,2,35,18.5,4.0,2,0.056685760214772854,0,cutin_braking:13;fast_intrusion:15;lead_braking:10;slow_lead_following:3;stop_and_go:9,127;7;499;246;96;26;199;144;294;388;393;196;138;91;45;191;95;83;290;195;188;391;198;94;99;299;492;293;197;397;297;292;398;93;97;295;392;395;98;90;92;89;192;390;193;394;296;194;493;298,FPS-Marginal,0,0.4822516000131145
20270917,Target-ppo_ece-leaveoneout,leave_one_out,ppo_ece,10,3,10,6.5,3.0,3,0.03349266500682153,0,cutin_braking:1;fast_intrusion:1;lead_braking:1;slow_lead_following:6;stop_and_go:1,91;491;492;499;495;490;496;199;294;394,MeanResidual-Risk,0,0.17217229993548244
20270917,Target-ppo_ece-leaveoneout,leave_one_out,ppo_ece,20,3,20,11.5,3.0,3,0.04380442241499835,0,cutin_braking:3;fast_intrusion:3;lead_braking:1;slow_lead_following:10;stop_and_go:3,91;491;492;499;495;490;496;199;294;394;493;95;196;96;195;498;494;497;397;393,MeanResidual-Risk,0,0.17217229993548244
20270917,Target-ppo_ece-leaveoneout,leave_one_out,ppo_ece,30,3,30,16.5,3.5,3,0.049862261869501386,0,cutin_braking:4;fast_intrusion:4;lead_braking:2;slow_lead_following:10;stop_and_go:10,91;491;492;499;495;490;496;199;294;394;493;95;196;96;195;498;494;497;397;393;396;390;398;392;395;391;399;191;99;290,MeanResidual-Risk,0,0.17217229993548244
20270917,Target-ppo_ece-leaveoneout,leave_one_out,ppo_ece,50,3,45,24.0,4.0,3,0.05722340595570914,0,cutin_braking:10;fast_intrusion:8;lead_braking:11;slow_lead_following:10;stop_and_go:11,91;491;492;499;495;490;496;199;294;394;493;95;196;96;195;498;494;497;397;393;396;390;398;392;395;391;399;191;99;290;298;296;295;293;291;299;297;292;93;97;92;192;197;198;193;194;246;151;21;380,MeanResidual-Risk,0,0.17217229993548244
20270917,Target-ppo_ece-leaveoneout,leave_one_out,ppo_ece,10,1,7,4.0,3.0,1,0.03957055787756936,0,cutin_braking:3;fast_intrusion:3;lead_braking:2;slow_lead_following:1;stop_and_go:1,499;99;199;294;393;95;127;31;246;196,MeanResidual-Marginal,0,0.5731651999522
20270917,Target-ppo_ece-leaveoneout,leave_one_out,ppo_ece,20,2,16,9.0,3.0,2,0.04895901363359863,0,cutin_braking:4;fast_intrusion:5;lead_braking:5;slow_lead_following:3;stop_and_go:3,499;99;199;294;393;95;127;31;246;196;290;391;91;96;418;195;291;492;295;397,MeanResidual-Marginal,0,0.5731651999522
20270917,Target-ppo_ece-leaveoneout,leave_one_out,ppo_ece,30,2,25,13.5,4.0,2,0.053887841945208334,0,cutin_braking:7;fast_intrusion:5;lead_braking:8;slow_lead_following:3;stop_and_go:7,499;99;199;294;393;95;127;31;246;196;290;391;91;96;418;195;291;492;295;397;297;388;292;398;293;392;395;193;197;198,MeanResidual-Marginal,0,0.5731651999522
20270917,Target-ppo_ece-leaveoneout,leave_one_out,ppo_ece,50,3,41,22.0,4.0,3,0.05722329071376486,0,cutin_braking:11;fast_intrusion:9;lead_braking:11;slow_lead_following:7;stop_and_go:12,499;99;199;294;393;95;127;31;246;196;290;391;91;96;418;195;291;492;295;397;297;388;292;398;293;392;395;193;197;198;192;93;97;390;394;296;493;92;191;194;298;399;491;396;496;299;495;115;11;324,MeanResidual-Marginal,0,0.5731651999522
20270917,Target-ppo_ece-leaveoneout,leave_one_out,ppo_ece,10,1,9,5.0,3.0,1,0.03657787188064687,0,cutin_braking:1;fast_intrusion:6;lead_braking:1;slow_lead_following:1;stop_and_go:1,91;99;92;96;95;97;491;199;294;394,CoRe-Risk,0,0.18765949993394315
20270917,Target-ppo_ece-leaveoneout,leave_one_out,ppo_ece,20,3,19,11.0,3.0,3,0.038630685616560675,0,cutin_braking:2;fast_intrusion:6;lead_braking:1;slow_lead_following:10;stop_and_go:1,91;99;92;96;95;97;491;199;294;394;492;499;495;490;496;498;493;494;497;191,CoRe-Risk,0,0.18765949993394315
20270917,Target-ppo_ece-leaveoneout,leave_one_out,ppo_ece,30,3,29,16.0,3.5,3,0.04586420698856024,0,cutin_braking:3;fast_intrusion:6;lead_braking:10;slow_lead_following:10;stop_and_go:1,91;99;92;96;95;97;491;199;294;394;492;499;495;490;496;498;493;494;497;191;297;292;299;291;290;298;296;293;295;194,CoRe-Risk,0,0.18765949993394315
20270917,Target-ppo_ece-leaveoneout,leave_one_out,ppo_ece,50,3,45,24.0,4.5,3,0.05697054548620253,0,cutin_braking:12;fast_intrusion:6;lead_braking:11;slow_lead_following:10;stop_and_go:11,91;99;92;96;95;97;491;199;294;394;492;499;495;490;496;498;493;494;497;191;297;292;299;291;290;298;296;293;295;194;197;192;397;393;396;390;398;392;395;391;399;193;198;190;196;195;139;246;380;170,CoRe-Risk,0,0.18765949993394315
20270917,Target-ppo_ece-leaveoneout,leave_one_out,ppo_ece,10,1,6,3.5,3.0,1,0.036834413362399496,0,cutin_braking:2;fast_intrusion:3;lead_braking:2;slow_lead_following:1;stop_and_go:2,7;127;499;246;96;199;294;388;393;91,CoRe-Marginal,0,0.6096460999688134
20270917,Target-ppo_ece-leaveoneout,leave_one_out,ppo_ece,20,2,14,8.0,3.0,2,0.048138820175259577,0,cutin_braking:6;fast_intrusion:4;lead_braking:4;slow_lead_following:3;stop_and_go:3,7;127;499;246;96;199;294;388;393;91;196;290;391;95;299;195;418;198;166;492,CoRe-Marginal,0,0.6096460999688134
20270917,Target-ppo_ece-leaveoneout,leave_one_out,ppo_ece,30,2,23,12.5,3.5,2,0.053348088526255805,0,cutin_braking:7;fast_intrusion:7;lead_braking:8;slow_lead_following:3;stop_and_go:5,7;127;499;246;96;199;294;388;393;91;196;290;391;95;299;195;418;198;166;492;293;197;397;297;292;99;60;398;97;295,CoRe-Marginal,0,0.6096460999688134
20270917,Target-ppo_ece-leaveoneout,leave_one_out,ppo_ece,50,3,38,20.5,4.5,3,0.05726422007974998,0,cutin_braking:13;fast_intrusion:12;lead_braking:10;slow_lead_following:5;stop_and_go:10,7;127;499;246;96;199;294;388;393;91;196;290;391;95;299;195;418;198;166;492;293;197;397;297;292;99;60;398;97;295;392;395;192;93;94;98;31;92;390;193;394;296;194;190;191;493;298;118;399;491,CoRe-Marginal,0,0.6096460999688134
20270917,Target-ppo_ece-leaveoneout,leave_one_out,ppo_ece,10,0,5,2.5,2.5,0,0.0279513826484386,0,cutin_braking:2;fast_intrusion:2;lead_braking:2;slow_lead_following:2;stop_and_go:2,400;26;144;243;388;495;393;99;197;290,TargetOnlyGP-Marginal,0,0.5894234000006691
20270917,Target-ppo_ece-leaveoneout,leave_one_out,ppo_ece,20,0,14,7.0,3.0,0,0.039641753042001335,0,cutin_braking:6;fast_intrusion:4;lead_braking:4;slow_lead_following:2;stop_and_go:4,400;26;144;243;388;495;393;99;197;290;299;90;198;391;93;199;293;196;397;195,TargetOnlyGP-Marginal,0,0.5894234000006691
20270917,Target-ppo_ece-leaveoneout,leave_one_out,ppo_ece,30,0,21,10.5,3.0,0,0.043848328904926084,0,cutin_braking:7;fast_intrusion:7;lead_braking:8;slow_lead_following:2;stop_and_go:6,400;26;144;243;388;495;393;99;197;290;299;90;198;391;93;199;293;196;397;195;301;297;292;398;95;96;294;97;218;151,TargetOnlyGP-Marginal,0,0.5894234000006691
20270917,Target-ppo_ece-leaveoneout,leave_one_out,ppo_ece,50,0,37,18.5,4.0,0,0.04826196227192051,0,cutin_braking:12;fast_intrusion:12;lead_braking:11;slow_lead_following:4;stop_and_go:11,400;26;144;243;388;495;393;99;197;290;299;90;198;391;93;199;293;196;397;195;301;297;292;398;95;96;294;97;218;151;295;392;395;94;192;91;496;390;92;193;296;394;194;190;191;493;298;98;399;37,TargetOnlyGP-Marginal,0,0.5894234000006691
20270917,Target-ppo_ece-leaveoneout,leave_one_out,ppo_ece,10,0,2,1.0,1.0,0,0.008868650017775499,0,cutin_braking:3;fast_intrusion:1;lead_braking:1;slow_lead_following:2;stop_and_go:3,454;342;159;82;314;194;369;290;167;477,Random,0,0.0003010999644175172
20270917,Target-ppo_ece-leaveoneout,leave_one_out,ppo_ece,20,0,3,1.5,1.0,0,0.00924056465554771,0,cutin_braking:7;fast_intrusion:3;lead_braking:3;slow_lead_following:2;stop_and_go:5,454;342;159;82;314;194;369;290;167;477;177;343;14;168;199;202;308;114;46;267,Random,0,0.0003010999644175172
20270917,Target-ppo_ece-leaveoneout,leave_one_out,ppo_ece,30,0,7,3.5,2.0,0,0.024944894105716462,0,cutin_braking:9;fast_intrusion:6;lead_braking:4;slow_lead_following:4;stop_and_go:7,454;342;159;82;314;194;369;290;167;477;177;343;14;168;199;202;308;114;46;267;34;213;473;497;192;366;99;103;96;335,Random,0,0.0003010999644175172
20270917,Target-ppo_ece-leaveoneout,leave_one_out,ppo_ece,50,0,7,3.5,2.0,0,0.024944894105716462,0,cutin_braking:11;fast_intrusion:14;lead_braking:7;slow_lead_following:7;stop_and_go:11,454;342;159;82;314;194;369;290;167;477;177;343;14;168;199;202;308;114;46;267;34;213;473;497;192;366;99;103;96;335;89;282;35;425;90;352;78;66;344;365;326;220;63;449;64;141;102;410;7;262,Random,0,0.0003010999644175172
20270917,Target-ppo_ece-leaveoneout,leave_one_out,ppo_ece,10,0,2,1.0,1.0,0,0.00795296323419202,0,cutin_braking:0;fast_intrusion:3;lead_braking:3;slow_lead_following:2;stop_and_go:2,418;54;2;271;62;468;341;398;233;298,Random,1,0.00017180002760142088
20270917,Target-ppo_ece-leaveoneout,leave_one_out,ppo_ece,20,0,4,2.0,1.5,0,0.014256446463096187,0,cutin_braking:2;fast_intrusion:6;lead_braking:5;slow_lead_following:2;stop_and_go:5,418;54;2;271;62;468;341;398;233;298;77;378;172;273;12;397;240;377;199;88,Random,1,0.00017180002760142088
20270917,Target-ppo_ece-leaveoneout,leave_one_out,ppo_ece,30,0,4,2.0,1.5,0,0.014256446463096187,0,cutin_braking:5;fast_intrusion:8;lead_braking:6;slow_lead_following:5;stop_and_go:6,418;54;2;271;62;468;341;398;233;298;77;378;172;273;12;397;240;377;199;88;467;56;424;35;317;235;164;131;407;104,Random,1,0.00017180002760142088
20270917,Target-ppo_ece-leaveoneout,leave_one_out,ppo_ece,50,0,4,2.0,1.5,0,0.014256446463096187,0,cutin_braking:10;fast_intrusion:11;lead_braking:9;slow_lead_following:11;stop_and_go:9,418;54;2;271;62;468;341;398;233;298;77;378;172;273;12;397;240;377;199;88;467;56;424;35;317;235;164;131;407;104;79;487;122;484;278;339;94;147;302;205;133;37;157;408;439;203;338;402;116;450,Random,1,0.00017180002760142088
20270917,Target-ppo_ece-leaveoneout,leave_one_out,ppo_ece,10,0,0,0.0,0.0,0,0.0,0,cutin_braking:2;fast_intrusion:2;lead_braking:3;slow_lead_following:2;stop_and_go:1,89;128;257;240;409;213;185;488;46;336,Random,2,0.00017680006567388773
20270917,Target-ppo_ece-leaveoneout,leave_one_out,ppo_ece,20,0,2,1.0,1.0,0,0.007794228572019529,0,cutin_braking:5;fast_intrusion:3;lead_braking:6;slow_lead_following:4;stop_and_go:2,89;128;257;240;409;213;185;488;46;336;233;294;338;414;455;264;198;120;35;177,Random,2,0.00017680006567388773
20270917,Target-ppo_ece-leaveoneout,leave_one_out,ppo_ece,30,0,2,1.0,1.0,0,0.007794228572019529,0,cutin_braking:9;fast_intrusion:4;lead_braking:6;slow_lead_following:4;stop_and_go:7,89;128;257;240;409;213;185;488;46;336;233;294;338;414;455;264;198;120;35;177;121;142;83;359;186;134;311;306;352;377,Random,2,0.00017680006567388773
20270917,Target-ppo_ece-leaveoneout,leave_one_out,ppo_ece,50,0,2,1.0,1.0,0,0.007794228572019529,0,cutin_braking:13;fast_intrusion:9;lead_braking:9;slow_lead_following:7;stop_and_go:12,89;128;257;240;409;213;185;488;46;336;233;294;338;414;455;264;198;120;35;177;121;142;83;359;186;134;311;306;352;377;119;161;324;75;340;431;173;331;430;267;422;40;188;90;254;37;50;374;360;214,Random,2,0.00017680006567388773
20270917,Target-ppo_ece-leaveoneout,leave_one_out,ppo_ece,10,0,1,0.5,0.5,0,0.008207439971113418,0,cutin_braking:3;fast_intrusion:1;lead_braking:1;slow_lead_following:4;stop_and_go:1,70;403;141;481;350;173;485;157;497;254,Random,3,0.00022139993961900473
20270917,Target-ppo_ece-leaveoneout,leave_one_out,ppo_ece,20,0,1,0.5,0.5,0,0.008207439971113418,0,cutin_braking:3;fast_intrusion:4;lead_braking:4;slow_lead_following:5;stop_and_go:4,70;403;141;481;350;173;485;157;497;254;243;13;265;72;384;236;385;52;329;467,Random,3,0.00022139993961900473
20270917,Target-ppo_ece-leaveoneout,leave_one_out,ppo_ece,30,0,2,1.0,1.0,0,0.01232378285273595,0,cutin_braking:5;fast_intrusion:5;lead_braking:5;slow_lead_following:6;stop_and_go:9,70;403;141;481;350;173;485;157;497;254;243;13;265;72;384;236;385;52;329;467;305;346;193;483;207;113;383;382;342;20,Random,3,0.00022139993961900473
20270917,Target-ppo_ece-leaveoneout,leave_one_out,ppo_ece,50,0,3,1.5,1.5,0,0.016639213775339355,0,cutin_braking:9;fast_intrusion:9;lead_braking:9;slow_lead_following:11;stop_and_go:12,70;403;141;481;350;173;485;157;497;254;243;13;265;72;384;236;385;52;329;467;305;346;193;483;207;113;383;382;342;20;149;88;31;448;445;242;416;249;290;27;347;374;201;458;471;109;321;46;145;101,Random,3,0.00022139993961900473
20270917,Target-ppo_ece-leaveoneout,leave_one_out,ppo_ece,10,0,0,0.0,0.0,0,0.0,0,cutin_braking:3;fast_intrusion:1;lead_braking:0;slow_lead_following:3;stop_and_go:3,306;154;85;338;346;125;434;159;455;401,Random,4,0.00016799999866634607
20270917,Target-ppo_ece-leaveoneout,leave_one_out,ppo_ece,20,0,0,0.0,0.0,0,0.0,0,cutin_braking:7;fast_intrusion:3;lead_braking:1;slow_lead_following:4;stop_and_go:5,306;154;85;338;346;125;434;159;455;401;274;179;367;140;389;146;54;445;113;68,Random,4,0.00016799999866634607
20270917,Target-ppo_ece-leaveoneout,leave_one_out,ppo_ece,30,0,1,0.5,0.5,0,0.0033904500717817157,0,cutin_braking:8;fast_intrusion:6;lead_braking:2;slow_lead_following:7;stop_and_go:7,306;154;85;338;346;125;434;159;455;401;274;179;367;140;389;146;54;445;113;68;24;115;469;206;95;456;350;405;372;42,Random,4,0.00016799999866634607
20270917,Target-ppo_ece-leaveoneout,leave_one_out,ppo_ece,50,0,2,1.0,1.0,0,0.0068995130483150355,0,cutin_braking:16;fast_intrusion:9;lead_braking:3;slow_lead_following:13;stop_and_go:9,306;154;85;338;346;125;434;159;455;401;274;179;367;140;389;146;54;445;113;68;24;115;469;206;95;456;350;405;372;42;149;160;417;276;157;412;184;425;323;169;476;126;479;45;482;63;196;83;124;347,Random,4,0.00016799999866634607
20270917,Target-ppo_ece-leaveoneout,leave_one_out,ppo_ece,10,1,1,1.0,1.0,1,0.017963028092644703,0,cutin_braking:1;fast_intrusion:2;lead_braking:0;slow_lead_following:5;stop_and_go:2,473;376;499;437;439;317;82;24;410;155,Random,5,0.00016709999181330204
20270917,Target-ppo_ece-leaveoneout,leave_one_out,ppo_ece,20,1,2,1.5,1.0,1,0.01796304277944229,0,cutin_braking:3;fast_intrusion:5;lead_braking:1;slow_lead_following:8;stop_and_go:3,473;376;499;437;439;317;82;24;410;155;65;43;490;264;336;413;424;0;101;164,Random,5,0.00016709999181330204
20270917,Target-ppo_ece-leaveoneout,leave_one_out,ppo_ece,30,1,3,2.0,1.5,1,0.02151915795097036,0,cutin_braking:5;fast_intrusion:6;lead_braking:4;slow_lead_following:10;stop_and_go:5,473;376;499;437;439;317;82;24;410;155;65;43;490;264;336;413;424;0;101;164;303;325;281;35;183;280;460;273;190;452,Random,5,0.00016709999181330204
20270917,Target-ppo_ece-leaveoneout,leave_one_out,ppo_ece,50,1,3,2.0,1.5,1,0.02151915795097036,0,cutin_braking:13;fast_intrusion:14;lead_braking:5;slow_lead_following:11;stop_and_go:7,473;376;499;437;439;317;82;24;410;155;65;43;490;264;336;413;424;0;101;164;303;325;281;35;183;280;460;273;190;452;430;149;245;23;117;16;140;358;62;121;98;113;388;174;168;42;44;14;48;132,Random,5,0.00016709999181330204
20270917,Target-ppo_ece-leaveoneout,leave_one_out,ppo_ece,10,0,0,0.0,0.0,0,0.0,0,cutin_braking:1;fast_intrusion:4;lead_braking:2;slow_lead_following:1;stop_and_go:2,21;288;338;84;86;243;408;188;315;44,Random,6,0.00022879999596625566
20270917,Target-ppo_ece-leaveoneout,leave_one_out,ppo_ece,20,0,0,0.0,0.0,0,0.0,0,cutin_braking:3;fast_intrusion:7;lead_braking:5;slow_lead_following:2;stop_and_go:3,21;288;338;84;86;243;408;188;315;44;202;133;12;287;366;14;411;66;144;244,Random,6,0.00022879999596625566
20270917,Target-ppo_ece-leaveoneout,leave_one_out,ppo_ece,30,0,0,0.0,0.0,0,0.0,0,cutin_braking:5;fast_intrusion:10;lead_braking:8;slow_lead_following:3;stop_and_go:4,21;288;338;84;86;243;408;188;315;44;202;133;12;287;366;14;411;66;144;244;309;211;42;73;470;206;172;158;40;264,Random,6,0.00022879999596625566
20270917,Target-ppo_ece-leaveoneout,leave_one_out,ppo_ece,50,1,2,1.5,1.5,1,0.02145912542427489,0,cutin_braking:13;fast_intrusion:12;lead_braking:11;slow_lead_following:7;stop_and_go:7,21;288;338;84;86;243;408;188;315;44;202;133;12;287;366;14;411;66;144;244;309;211;42;73;470;206;172;158;40;264;107;130;139;324;215;447;203;437;191;148;330;245;137;499;113;450;104;325;23;6,Random,6,0.00022879999596625566
20270917,Target-ppo_ece-leaveoneout,leave_one_out,ppo_ece,10,1,2,1.5,1.5,1,0.022079370974267237,0,cutin_braking:3;fast_intrusion:0;lead_braking:0;slow_lead_following:3;stop_and_go:4,408;328;125;442;193;331;141;353;385;499,Random,7,0.00017359992489218712
20270917,Target-ppo_ece-leaveoneout,leave_one_out,ppo_ece,20,1,2,1.5,1.5,1,0.022079370974267237,0,cutin_braking:5;fast_intrusion:3;lead_braking:2;slow_lead_following:6;stop_and_go:4,408;328;125;442;193;331;141;353;385;499;8;284;473;81;111;282;22;128;489;486,Random,7,0.00017359992489218712
20270917,Target-ppo_ece-leaveoneout,leave_one_out,ppo_ece,30,1,3,2.0,1.5,1,0.02259178493431236,0,cutin_braking:8;fast_intrusion:5;lead_braking:4;slow_lead_following:7;stop_and_go:6,408;328;125;442;193;331;141;353;385;499;8;284;473;81;111;282;22;128;489;486;357;32;461;283;83;198;333;238;139;163,Random,7,0.00017359992489218712
20270917,Target-ppo_ece-leaveoneout,leave_one_out,ppo_ece,50,1,6,3.5,1.5,1,0.025044675052083205,0,cutin_braking:11;fast_intrusion:10;lead_braking:8;slow_lead_following:11;stop_and_go:10,408;328;125;442;193;331;141;353;385;499;8;284;473;81;111;282;22;128;489;486;357;32;461;283;83;198;333;238;139;163;234;42;230;85;226;456;57;304;182;465;199;347;497;381;498;76;322;150;204;15,Random,7,0.00017359992489218712
20270917,Target-ppo_ece-leaveoneout,leave_one_out,ppo_ece,10,0,0,0.0,0.0,0,0.0,0,cutin_braking:1;fast_intrusion:3;lead_braking:3;slow_lead_following:0;stop_and_go:3,286;310;165;241;319;77;5;365;60;234,Random,8,0.00023910007439553738
20270917,Target-ppo_ece-leaveoneout,leave_one_out,ppo_ece,20,0,2,1.0,1.0,0,0.007971670910974197,0,cutin_braking:4;fast_intrusion:5;lead_braking:4;slow_lead_following:4;stop_and_go:3,286;310;165;241;319;77;5;365;60;234;196;408;465;39;90;448;299;141;432;163,Random,8,0.00023910007439553738
20270917,Target-ppo_ece-leaveoneout,leave_one_out,ppo_ece,30,0,3,1.5,1.0,0,0.008542900987030963,0,cutin_braking:8;fast_intrusion:6;lead_braking:5;slow_lead_following:5;stop_and_go:6,286;310;165;241;319;77;5;365;60;234;196;408;465;39;90;448;299;141;432;163;123;151;315;309;303;407;294;128;134;17,Random,8,0.00023910007439553738
20270917,Target-ppo_ece-leaveoneout,leave_one_out,ppo_ece,50,1,6,3.5,2.5,1,0.02951618588439622,0,cutin_braking:15;fast_intrusion:8;lead_braking:8;slow_lead_following:9;stop_and_go:10,286;310;165;241;319;77;5;365;60;234;196;408;465;39;90;448;299;141;432;163;123;151;315;309;303;407;294;128;134;17;175;70;119;491;497;405;181;219;154;83;137;259;379;105;347;157;268;392;383;417,Random,8,0.00023910007439553738
20270917,Target-ppo_ece-leaveoneout,leave_one_out,ppo_ece,10,0,0,0.0,0.0,0,0.0,0,cutin_braking:2;fast_intrusion:1;lead_braking:2;slow_lead_following:3;stop_and_go:2,282;100;78;227;351;408;415;123;405;361,Random,9,0.00018459989223629236
20270917,Target-ppo_ece-leaveoneout,leave_one_out,ppo_ece,20,0,0,0.0,0.0,0,0.0,0,cutin_braking:5;fast_intrusion:3;lead_braking:3;slow_lead_following:5;stop_and_go:4,282;100;78;227;351;408;415;123;405;361;274;67;13;176;145;409;309;115;472;385,Random,9,0.00018459989223629236
20270917,Target-ppo_ece-leaveoneout,leave_one_out,ppo_ece,30,0,0,0.0,0.0,0,0.0,0,cutin_braking:7;fast_intrusion:6;lead_braking:7;slow_lead_following:6;stop_and_go:4,282;100;78;227;351;408;415;123;405;361;274;67;13;176;145;409;309;115;472;385;168;432;281;53;223;276;102;262;92;61,Random,9,0.00018459989223629236
20270917,Target-ppo_ece-leaveoneout,leave_one_out,ppo_ece,50,0,1,0.5,0.5,0,0.003294768096057146,0,cutin_braking:11;fast_intrusion:10;lead_braking:11;slow_lead_following:10;stop_and_go:8,282;100;78;227;351;408;415;123;405;361;274;67;13;176;145;409;309;115;472;385;168;432;281;53;223;276;102;262;92;61;286;310;321;181;454;47;263;16;320;188;458;91;148;461;171;279;49;448;325;265,Random,9,0.00018459989223629236
