seed,target,coverage,heterogeneity,budget,CollisionCount,CriticalCount,SeveritySum,CVS,CollisionCells,F,NewHistoricalFailureCount,function_queries,queried_indices,method,repeat,selection_seconds
20281015,Target-idm_mobil-leaveoneout,leave_one_out,idm_mobil,10,6,6,6.0,6.0,6,0.07618751967827948,0,cutin_braking:1;fast_intrusion:1;lead_braking:1;slow_lead_following:6;stop_and_go:1,302;275;308;309;266;277;120;54;198;172,NoComposition,0,0.3345824999269098
20281015,Target-idm_mobil-leaveoneout,leave_one_out,idm_mobil,20,14,14,14.0,11.0,14,0.10907371711876816,0,cutin_braking:4;fast_intrusion:3;lead_braking:1;slow_lead_following:6;stop_and_go:6,302;275;308;309;266;277;120;54;198;172;72;230;237;104;217;249;38;64;6;205,NoComposition,0,0.3345824999269098
20281015,Target-idm_mobil-leaveoneout,leave_one_out,idm_mobil,30,22,23,22.5,12.5,22,0.1448514665177888,0,cutin_braking:5;fast_intrusion:9;lead_braking:2;slow_lead_following:8;stop_and_go:6,302;275;308;309;266;277;120;54;198;172;72;230;237;104;217;249;38;64;6;205;293;180;22;62;14;88;297;42;2;25,NoComposition,0,0.3345824999269098
20281015,Target-idm_mobil-leaveoneout,leave_one_out,idm_mobil,50,33,38,35.5,15.0,33,0.18812709560851915,1,cutin_braking:7;fast_intrusion:13;lead_braking:3;slow_lead_following:13;stop_and_go:14,302;275;308;309;266;277;120;54;198;172;72;230;237;104;217;249;38;64;6;205;293;180;22;62;14;88;297;42;2;25;213;132;233;58;36;246;261;282;281;313;30;18;80;201;241;314;112;193;209;225,NoComposition,0,0.3345824999269098
20281015,Target-idm_mobil-leaveoneout,leave_one_out,idm_mobil,10,6,7,6.5,6.5,6,0.07992544349110303,0,cutin_braking:1;fast_intrusion:1;lead_braking:1;slow_lead_following:5;stop_and_go:2,302;309;275;266;277;120;54;198;225;172,NoNull,0,0.33300919993780553
20281015,Target-idm_mobil-leaveoneout,leave_one_out,idm_mobil,20,14,17,15.5,13.5,14,0.12737176996119864,0,cutin_braking:3;fast_intrusion:7;lead_braking:1;slow_lead_following:5;stop_and_go:4,302;309;275;266;277;120;54;198;225;172;72;230;104;249;62;58;52;46;41;9,NoNull,0,0.33300919993780553
20281015,Target-idm_mobil-leaveoneout,leave_one_out,idm_mobil,30,21,24,22.5,16.5,21,0.15272256884577756,0,cutin_braking:6;fast_intrusion:10;lead_braking:1;slow_lead_following:6;stop_and_go:7,302;309;275;266;277;120;54;198;225;172;72;230;104;249;62;58;52;46;41;9;18;2;217;64;205;22;293;237;88;76,NoNull,0,0.33300919993780553
20281015,Target-idm_mobil-leaveoneout,leave_one_out,idm_mobil,50,35,41,38.0,20.5,35,0.19924319829519166,0,cutin_braking:16;fast_intrusion:18;lead_braking:2;slow_lead_following:7;stop_and_go:7,302;309;275;266;277;120;54;198;225;172;72;230;104;249;62;58;52;46;41;9;18;2;217;64;205;22;293;237;88;76;98;108;38;49;6;25;42;26;180;80;68;119;100;124;103;297;84;1;112;14,NoNull,0,0.33300919993780553
20281015,Target-idm_mobil-leaveoneout,leave_one_out,idm_mobil,10,1,2,1.5,1.5,1,0.009024184770729821,0,cutin_braking:2;fast_intrusion:0;lead_braking:4;slow_lead_following:1;stop_and_go:3,252;283;187;246;167;221;179;124;101;165,Random,0,0.00024020008277148008
20281015,Target-idm_mobil-leaveoneout,leave_one_out,idm_mobil,20,1,2,1.5,1.5,1,0.009024184770729821,0,cutin_braking:6;fast_intrusion:0;lead_braking:6;slow_lead_following:1;stop_and_go:7,252;283;187;246;167;221;179;124;101;165;133;248;118;117;255;232;254;166;106;94,Random,0,0.00024020008277148008
20281015,Target-idm_mobil-leaveoneout,leave_one_out,idm_mobil,30,1,3,2.0,2.0,1,0.01228477152834672,0,cutin_braking:9;fast_intrusion:1;lead_braking:8;slow_lead_following:3;stop_and_go:9,252;283;187;246;167;221;179;124;101;165;133;248;118;117;255;232;254;166;106;94;116;83;291;250;243;185;81;32;271;158,Random,0,0.00024020008277148008
20281015,Target-idm_mobil-leaveoneout,leave_one_out,idm_mobil,50,6,10,8.0,7.5,6,0.08648888116222372,2,cutin_braking:12;fast_intrusion:7;lead_braking:11;slow_lead_following:9;stop_and_go:11,252;283;187;246;167;221;179;124;101;165;133;248;118;117;255;232;254;166;106;94;116;83;291;250;243;185;81;32;271;158;2;263;253;57;148;286;309;264;203;257;127;281;30;61;35;108;27;172;114;191,Random,0,0.00024020008277148008
20281015,Target-idm_mobil-leaveoneout,leave_one_out,idm_mobil,10,0,2,1.0,1.0,0,0.025934021863162286,1,cutin_braking:3;fast_intrusion:1;lead_braking:1;slow_lead_following:2;stop_and_go:3,102;95;115;137;13;200;272;242;281;204,Random,1,0.00021760002709925175
20281015,Target-idm_mobil-leaveoneout,leave_one_out,idm_mobil,20,0,2,1.0,1.0,0,0.025934021863162286,1,cutin_braking:5;fast_intrusion:4;lead_braking:4;slow_lead_following:3;stop_and_go:4,102;95;115;137;13;200;272;242;281;204;150;34;288;79;55;130;197;145;69;44,Random,1,0.00021760002709925175
20281015,Target-idm_mobil-leaveoneout,leave_one_out,idm_mobil,30,0,2,1.0,1.0,0,0.025934021863162286,1,cutin_braking:8;fast_intrusion:4;lead_braking:6;slow_lead_following:6;stop_and_go:6,102;95;115;137;13;200;272;242;281;204;150;34;288;79;55;130;197;145;69;44;247;129;235;259;191;121;294;86;90;273,Random,1,0.00021760002709925175
20281015,Target-idm_mobil-leaveoneout,leave_one_out,idm_mobil,50,4,8,6.0,4.5,4,0.062378411790800066,1,cutin_braking:13;fast_intrusion:11;lead_braking:9;slow_lead_following:9;stop_and_go:8,102;95;115;137;13;200;272;242;281;204;150;34;288;79;55;130;197;145;69;44;247;129;235;259;191;121;294;86;90;273;116;60;49;103;210;20;216;108;158;12;39;27;289;114;269;71;175;317;182;63,Random,1,0.00021760002709925175
20281015,Target-idm_mobil-leaveoneout,leave_one_out,idm_mobil,10,3,3,3.0,2.0,3,0.01632640970779886,0,cutin_braking:3;fast_intrusion:1;lead_braking:1;slow_lead_following:2;stop_and_go:3,145;287;239;56;110;306;198;88;202;104,Random,2,0.000443600001744926
20281015,Target-idm_mobil-leaveoneout,leave_one_out,idm_mobil,20,6,8,7.0,6.0,6,0.07099806633622974,0,cutin_braking:5;fast_intrusion:4;lead_braking:1;slow_lead_following:6;stop_and_go:4,145;287;239;56;110;306;198;88;202;104;301;197;269;38;77;305;67;28;276;46,Random,2,0.000443600001744926
20281015,Target-idm_mobil-leaveoneout,leave_one_out,idm_mobil,30,8,10,9.0,7.0,8,0.07886209666048334,0,cutin_braking:5;fast_intrusion:6;lead_braking:2;slow_lead_following:10;stop_and_go:7,145;287;239;56;110;306;198;88;202;104;301;197;269;38;77;305;67;28;276;46;259;224;18;311;52;277;299;136;213;221,Random,2,0.000443600001744926
20281015,Target-idm_mobil-leaveoneout,leave_one_out,idm_mobil,50,11,14,12.5,9.0,11,0.0988448077882757,0,cutin_braking:7;fast_intrusion:10;lead_braking:6;slow_lead_following:15;stop_and_go:12,145;287;239;56;110;306;198;88;202;104;301;197;269;38;77;305;67;28;276;46;259;224;18;311;52;277;299;136;213;221;181;5;92;43;79;129;199;274;297;207;148;42;219;314;168;231;20;303;248;298,Random,2,0.000443600001744926
20281015,Target-idm_mobil-leaveoneout,leave_one_out,idm_mobil,10,0,0,0.0,0.0,0,0.0,0,cutin_braking:2;fast_intrusion:2;lead_braking:5;slow_lead_following:1;stop_and_go:0,182;121;50;171;1;315;153;91;141;175,Random,3,0.00018259999342262745
20281015,Target-idm_mobil-leaveoneout,leave_one_out,idm_mobil,20,2,4,3.0,2.5,2,0.034307412113616834,0,cutin_braking:6;fast_intrusion:4;lead_braking:7;slow_lead_following:3;stop_and_go:0,182;121;50;171;1;315;153;91;141;175;58;297;129;45;68;264;127;90;116;155,Random,3,0.00018259999342262745
20281015,Target-idm_mobil-leaveoneout,leave_one_out,idm_mobil,30,5,7,6.0,3.5,5,0.04860987213447755,0,cutin_braking:8;fast_intrusion:8;lead_braking:9;slow_lead_following:3;stop_and_go:2,182;121;50;171;1;315;153;91;141;175;58;297;129;45;68;264;127;90;116;155;113;85;38;24;62;164;203;22;184;237,Random,3,0.00018259999342262745
20281015,Target-idm_mobil-leaveoneout,leave_one_out,idm_mobil,50,7,10,8.5,5.5,7,0.06221063431208155,0,cutin_braking:10;fast_intrusion:13;lead_braking:13;slow_lead_following:8;stop_and_go:6,182;121;50;171;1;315;153;91;141;175;58;297;129;45;68;264;127;90;116;155;113;85;38;24;62;164;203;22;184;237;312;25;187;198;276;4;48;307;147;108;109;32;205;133;262;246;290;29;189;200,Random,3,0.00018259999342262745
20281015,Target-idm_mobil-leaveoneout,leave_one_out,idm_mobil,10,3,4,3.5,2.5,3,0.04188290243846312,0,cutin_braking:4;fast_intrusion:1;lead_braking:1;slow_lead_following:2;stop_and_go:2,92;165;76;281;121;196;124;255;62;262,Random,4,0.00019319995772093534
20281015,Target-idm_mobil-leaveoneout,leave_one_out,idm_mobil,20,3,6,4.5,3.5,3,0.04779688560909692,0,cutin_braking:6;fast_intrusion:2;lead_braking:3;slow_lead_following:7;stop_and_go:2,92;165;76;281;121;196;124;255;62;262;295;311;279;138;103;44;98;133;312;258,Random,4,0.00019319995772093534
20281015,Target-idm_mobil-leaveoneout,leave_one_out,idm_mobil,30,4,7,5.5,4.0,4,0.06336159778587044,0,cutin_braking:6;fast_intrusion:3;lead_braking:5;slow_lead_following:11;stop_and_go:5,92;165;76;281;121;196;124;255;62;262;295;311;279;138;103;44;98;133;312;258;222;131;244;61;275;195;257;319;289;148,Random,4,0.00019319995772093534
20281015,Target-idm_mobil-leaveoneout,leave_one_out,idm_mobil,50,8,11,9.5,5.0,8,0.08052977130588561,0,cutin_braking:9;fast_intrusion:7;lead_braking:11;slow_lead_following:15;stop_and_go:8,92;165;76;281;121;196;124;255;62;262;295;311;279;138;103;44;98;133;312;258;222;131;244;61;275;195;257;319;289;148;231;184;7;1;143;22;128;14;277;204;207;156;307;135;272;290;84;108;173;75,Random,4,0.00019319995772093534
20281015,Target-idm_mobil-leaveoneout,leave_one_out,idm_mobil,10,1,1,1.0,1.0,1,0.02613251555194622,0,cutin_braking:3;fast_intrusion:1;lead_braking:2;slow_lead_following:2;stop_and_go:2,73;48;114;308;141;105;314;251;155;231,Random,5,0.0001984999980777502
20281015,Target-idm_mobil-leaveoneout,leave_one_out,idm_mobil,20,3,3,3.0,2.0,3,0.04240745948773547,0,cutin_braking:6;fast_intrusion:1;lead_braking:4;slow_lead_following:5;stop_and_go:4,73;48;114;308;141;105;314;251;155;231;291;153;245;315;78;274;92;102;217;135,Random,5,0.0001984999980777502
20281015,Target-idm_mobil-leaveoneout,leave_one_out,idm_mobil,30,3,3,3.0,2.0,3,0.04240745948773547,0,cutin_braking:8;fast_intrusion:2;lead_braking:10;slow_lead_following:6;stop_and_go:4,73;48;114;308;141;105;314;251;155;231;291;153;245;315;78;274;92;102;217;135;81;148;147;134;24;69;133;284;136;175,Random,5,0.0001984999980777502
20281015,Target-idm_mobil-leaveoneout,leave_one_out,idm_mobil,50,6,6,6.0,4.0,6,0.06181605011192497,0,cutin_braking:11;fast_intrusion:4;lead_braking:17;slow_lead_following:10;stop_and_go:8,73;48;114;308;141;105;314;251;155;231;291;153;245;315;78;274;92;102;217;135;81;148;147;134;24;69;133;284;136;175;138;47;173;319;252;132;80;139;168;302;110;264;239;194;120;275;214;61;170;152,Random,5,0.0001984999980777502
20281015,Target-idm_mobil-leaveoneout,leave_one_out,idm_mobil,10,1,2,1.5,1.5,1,0.007664694753556023,0,cutin_braking:2;fast_intrusion:2;lead_braking:4;slow_lead_following:0;stop_and_go:2,233;184;78;65;135;41;142;189;220;44,Random,6,0.00022909999825060368
20281015,Target-idm_mobil-leaveoneout,leave_one_out,idm_mobil,20,6,8,7.0,6.0,6,0.03896971703564848,0,cutin_braking:6;fast_intrusion:6;lead_braking:5;slow_lead_following:1;stop_and_go:2,233;184;78;65;135;41;142;189;220;44;88;311;138;124;46;42;64;59;90;52,Random,6,0.00022909999825060368
20281015,Target-idm_mobil-leaveoneout,leave_one_out,idm_mobil,30,7,9,8.0,7.0,7,0.045654123626965616,0,cutin_braking:9;fast_intrusion:7;lead_braking:5;slow_lead_following:3;stop_and_go:6,233;184;78;65;135;41;142;189;220;44;88;311;138;124;46;42;64;59;90;52;216;239;302;226;101;287;74;114;11;198,Random,6,0.00022909999825060368
20281015,Target-idm_mobil-leaveoneout,leave_one_out,idm_mobil,50,11,14,12.5,10.0,11,0.06690416907610897,0,cutin_braking:11;fast_intrusion:10;lead_braking:8;slow_lead_following:8;stop_and_go:13,233;184;78;65;135;41;142;189;220;44;88;311;138;124;46;42;64;59;90;52;216;239;302;226;101;287;74;114;11;198;273;260;279;253;50;300;164;236;68;21;111;316;243;6;193;172;167;197;255;237,Random,6,0.00022909999825060368
20281015,Target-idm_mobil-leaveoneout,leave_one_out,idm_mobil,10,0,1,0.5,0.5,0,0.014823221666077012,0,cutin_braking:1;fast_intrusion:2;lead_braking:3;slow_lead_following:2;stop_and_go:2,147;297;227;3;208;85;135;28;141;308,Random,7,0.0001852000132203102
20281015,Target-idm_mobil-leaveoneout,leave_one_out,idm_mobil,20,2,3,2.5,2.5,2,0.032270358651757314,0,cutin_braking:4;fast_intrusion:5;lead_braking:5;slow_lead_following:2;stop_and_go:4,147;297;227;3;208;85;135;28;141;308;158;196;20;14;125;133;199;79;1;84,Random,7,0.0001852000132203102
20281015,Target-idm_mobil-leaveoneout,leave_one_out,idm_mobil,30,4,6,5.0,4.0,4,0.04597798735147228,1,cutin_braking:4;fast_intrusion:10;lead_braking:8;slow_lead_following:3;stop_and_go:5,147;297;227;3;208;85;135;28;141;308;158;196;20;14;125;133;199;79;1;84;60;31;39;164;253;30;137;6;258;179,Random,7,0.0001852000132203102
20281015,Target-idm_mobil-leaveoneout,leave_one_out,idm_mobil,50,10,14,12.0,8.5,10,0.08929465447886581,1,cutin_braking:8;fast_intrusion:15;lead_braking:12;slow_lead_following:4;stop_and_go:11,147;297;227;3;208;85;135;28;141;308;158;196;20;14;125;133;199;79;1;84;60;31;39;164;253;30;137;6;258;179;19;190;257;198;225;71;38;173;220;229;167;238;25;80;91;10;50;145;116;222,Random,7,0.0001852000132203102
20281015,Target-idm_mobil-leaveoneout,leave_one_out,idm_mobil,10,0,1,0.5,0.5,0,0.005163270464871018,0,cutin_braking:3;fast_intrusion:2;lead_braking:4;slow_lead_following:0;stop_and_go:1,69;159;128;96;50;203;162;164;29;118,Random,8,0.00019589997828006744
20281015,Target-idm_mobil-leaveoneout,leave_one_out,idm_mobil,20,0,2,1.0,1.0,0,0.01466312184121238,0,cutin_braking:4;fast_intrusion:7;lead_braking:6;slow_lead_following:2;stop_and_go:1,69;159;128;96;50;203;162;164;29;118;133;75;282;160;31;45;47;43;59;272,Random,8,0.00019589997828006744
20281015,Target-idm_mobil-leaveoneout,leave_one_out,idm_mobil,30,2,5,3.5,3.5,2,0.028272320213931258,0,cutin_braking:6;fast_intrusion:10;lead_braking:7;slow_lead_following:4;stop_and_go:3,69;159;128;96;50;203;162;164;29;118;133;75;282;160;31;45;47;43;59;272;19;255;288;286;2;116;245;9;92;168,Random,8,0.00019589997828006744
20281015,Target-idm_mobil-leaveoneout,leave_one_out,idm_mobil,50,6,10,8.0,7.0,6,0.08113277145235778,0,cutin_braking:11;fast_intrusion:12;lead_braking:12;slow_lead_following:8;stop_and_go:7,69;159;128;96;50;203;162;164;29;118;133;75;282;160;31;45;47;43;59;272;19;255;288;286;2;116;245;9;92;168;143;224;183;131;91;101;253;68;86;62;161;158;269;270;279;24;111;202;227;304,Random,8,0.00019589997828006744
20281015,Target-idm_mobil-leaveoneout,leave_one_out,idm_mobil,10,2,2,2.0,2.0,2,0.03266148716163848,0,cutin_braking:1;fast_intrusion:3;lead_braking:2;slow_lead_following:2;stop_and_go:2,144;244;62;263;70;293;235;177;59;61,Random,9,0.00021780002862215042
20281015,Target-idm_mobil-leaveoneout,leave_one_out,idm_mobil,20,6,6,6.0,6.0,6,0.06634585629026943,0,cutin_braking:4;fast_intrusion:4;lead_braking:4;slow_lead_following:4;stop_and_go:4,144;244;62;263;70;293;235;177;59;61;181;217;147;206;81;112;303;301;68;31,Random,9,0.00021780002862215042
20281015,Target-idm_mobil-leaveoneout,leave_one_out,idm_mobil,30,9,10,9.5,8.0,9,0.08408178772607952,1,cutin_braking:7;fast_intrusion:5;lead_braking:5;slow_lead_following:8;stop_and_go:5,144;244;62;263;70;293;235;177;59;61;181;217;147;206;81;112;303;301;68;31;312;57;248;76;90;139;260;288;309;116,Random,9,0.00021780002862215042
20281015,Target-idm_mobil-leaveoneout,leave_one_out,idm_mobil,50,12,16,14.0,12.0,12,0.11603669161098673,2,cutin_braking:11;fast_intrusion:9;lead_braking:10;slow_lead_following:10;stop_and_go:10,144;244;62;263;70;293;235;177;59;61;181;217;147;206;81;112;303;301;68;31;312;57;248;76;90;139;260;288;309;116;58;143;297;37;86;215;281;237;107;255;232;98;171;150;50;52;158;163;87;203,Random,9,0.00021780002862215042
20281015,Target-mcts_cv-leaveoneout,leave_one_out,mcts_cv,10,8,10,9.0,8.0,8,0.10141849891378016,0,cutin_braking:2;fast_intrusion:1;lead_braking:1;slow_lead_following:4;stop_and_go:2,309;257;275;266;120;54;198;230;72;172,NoComposition,0,0.33017289999406785
20281015,Target-mcts_cv-leaveoneout,leave_one_out,mcts_cv,20,16,20,18.0,16.0,16,0.15333653186344964,0,cutin_braking:4;fast_intrusion:2;lead_braking:1;slow_lead_following:7;stop_and_go:6,309;257;275;266;120;54;198;230;72;172;302;237;277;104;217;38;249;64;273;205,NoComposition,0,0.33017289999406785
20281015,Target-mcts_cv-leaveoneout,leave_one_out,mcts_cv,30,22,29,25.5,16.0,22,0.1792379294260555,0,cutin_braking:4;fast_intrusion:5;lead_braking:3;slow_lead_following:9;stop_and_go:9,309;257;275;266;120;54;198;230;72;172;302;237;277;104;217;38;249;64;273;205;6;293;132;276;180;22;62;209;193;233,NoComposition,0,0.33017289999406785
20281015,Target-mcts_cv-leaveoneout,leave_one_out,mcts_cv,50,35,47,41.0,20.0,35,0.22590186328837242,0,cutin_braking:6;fast_intrusion:13;lead_braking:3;slow_lead_following:14;stop_and_go:14,309;257;275;266;120;54;198;230;72;172;302;237;277;104;217;38;249;64;273;205;6;293;132;276;180;22;62;209;193;233;88;14;213;2;25;42;225;246;201;282;253;261;314;80;289;285;58;36;30;52,NoComposition,0,0.33017289999406785
20281015,Target-mcts_cv-leaveoneout,leave_one_out,mcts_cv,10,6,10,8.0,8.0,6,0.09739353465688626,0,cutin_braking:1;fast_intrusion:1;lead_braking:1;slow_lead_following:4;stop_and_go:3,309;257;275;266;120;54;241;198;230;132,NoNull,0,0.33659109997097403
20281015,Target-mcts_cv-leaveoneout,leave_one_out,mcts_cv,20,16,20,18.0,15.5,16,0.16143956408158763,0,cutin_braking:3;fast_intrusion:6;lead_braking:1;slow_lead_following:6;stop_and_go:4,309;257;275;266;120;54;241;198;230;132;72;302;277;217;104;62;58;52;22;9,NoNull,0,0.33659109997097403
20281015,Target-mcts_cv-leaveoneout,leave_one_out,mcts_cv,30,23,29,26.0,18.5,23,0.19427716875645495,0,cutin_braking:10;fast_intrusion:9;lead_braking:1;slow_lead_following:6;stop_and_go:4,309;257;275;266;120;54;241;198;230;132;72;302;277;217;104;62;58;52;22;9;57;25;2;88;76;111;71;124;119;80,NoNull,0,0.33659109997097403
20281015,Target-mcts_cv-leaveoneout,leave_one_out,mcts_cv,50,39,47,43.0,24.0,39,0.24459920547715952,0,cutin_braking:16;fast_intrusion:15;lead_braking:3;slow_lead_following:9;stop_and_go:7,309;257;275;266;120;54;241;198;230;132;72;302;277;217;104;62;58;52;22;9;57;25;2;88;76;111;71;124;119;80;273;249;205;112;87;42;64;293;100;14;38;49;68;6;26;276;180;237;84;172,NoNull,0,0.33659109997097403
20281015,Target-mcts_cv-leaveoneout,leave_one_out,mcts_cv,10,1,4,2.5,2.5,1,0.03399577492394391,1,cutin_braking:1;fast_intrusion:2;lead_braking:3;slow_lead_following:2;stop_and_go:2,203;181;262;281;193;61;160;41;179;101,Random,0,0.00023480004165321589
20281015,Target-mcts_cv-leaveoneout,leave_one_out,mcts_cv,20,4,9,6.5,6.5,4,0.07281625369398068,1,cutin_braking:5;fast_intrusion:4;lead_braking:3;slow_lead_following:6;stop_and_go:2,203;181;262;281;193;61;160;41;179;101;66;116;54;270;30;313;104;95;291;303,Random,0,0.00023480004165321589
20281015,Target-mcts_cv-leaveoneout,leave_one_out,mcts_cv,30,7,15,11.0,9.0,7,0.10909779350760329,4,cutin_braking:8;fast_intrusion:4;lead_braking:4;slow_lead_following:9;stop_and_go:5,203;181;262;281;193;61;160;41;179;101;66;116;54;270;30;313;104;95;291;303;298;73;144;217;280;233;289;113;90;210,Random,0,0.00023480004165321589
20281015,Target-mcts_cv-leaveoneout,leave_one_out,mcts_cv,50,10,21,15.5,13.0,10,0.1492184804678154,8,cutin_braking:13;fast_intrusion:6;lead_braking:7;slow_lead_following:15;stop_and_go:9,203;181;262;281;193;61;160;41;179;101;66;116;54;270;30;313;104;95;291;303;298;73;144;217;280;233;289;113;90;210;74;141;223;312;125;294;24;65;287;305;122;226;263;204;131;184;215;17;84;259,Random,0,0.00023480004165321589
20281015,Target-mcts_cv-leaveoneout,leave_one_out,mcts_cv,10,2,3,2.5,2.5,2,0.057849023210946954,1,cutin_braking:2;fast_intrusion:0;lead_braking:2;slow_lead_following:4;stop_and_go:2,177;255;207;96;259;286;87;315;180;262,Random,1,0.0002044999273493886
20281015,Target-mcts_cv-leaveoneout,leave_one_out,mcts_cv,20,4,6,5.0,5.0,4,0.07770063755557914,1,cutin_braking:2;fast_intrusion:2;lead_braking:7;slow_lead_following:5;stop_and_go:4,177;255;207;96;259;286;87;315;180;262;215;198;169;36;152;173;26;161;297;188,Random,1,0.0002044999273493886
20281015,Target-mcts_cv-leaveoneout,leave_one_out,mcts_cv,30,9,12,10.5,9.5,9,0.13261426528360454,4,cutin_braking:3;fast_intrusion:5;lead_braking:9;slow_lead_following:9;stop_and_go:4,177;255;207;96;259;286;87;315;180;262;215;198;169;36;152;173;26;161;297;188;108;266;307;263;273;9;146;133;3;20,Random,1,0.0002044999273493886
20281015,Target-mcts_cv-leaveoneout,leave_one_out,mcts_cv,50,10,19,14.5,12.0,10,0.1466301800746594,9,cutin_braking:5;fast_intrusion:8;lead_braking:16;slow_lead_following:13;stop_and_go:8,177;255;207;96;259;286;87;315;180;262;215;198;169;36;152;173;26;161;297;188;108;266;307;263;273;9;146;133;3;20;90;140;224;245;200;267;283;1;318;265;71;163;185;186;199;176;46;187;167;28,Random,1,0.0002044999273493886
20281015,Target-mcts_cv-leaveoneout,leave_one_out,mcts_cv,10,2,6,4.0,4.0,2,0.02818369124497827,2,cutin_braking:0;fast_intrusion:3;lead_braking:3;slow_lead_following:1;stop_and_go:3,155;237;62;286;52;170;171;213;1;227,Random,2,0.00017030001617968082
20281015,Target-mcts_cv-leaveoneout,leave_one_out,mcts_cv,20,4,8,6.0,6.0,4,0.03651035147667878,2,cutin_braking:3;fast_intrusion:7;lead_braking:3;slow_lead_following:3;stop_and_go:4,155;237;62;286;52;170;171;213;1;227;279;56;93;88;16;105;2;208;63;316,Random,2,0.00017030001617968082
20281015,Target-mcts_cv-leaveoneout,leave_one_out,mcts_cv,30,6,11,8.5,8.5,6,0.08349067785502413,3,cutin_braking:6;fast_intrusion:7;lead_braking:6;slow_lead_following:4;stop_and_go:7,155;237;62;286;52;170;171;213;1;227;279;56;93;88;16;105;2;208;63;316;225;158;115;219;190;137;122;231;71;263,Random,2,0.00017030001617968082
20281015,Target-mcts_cv-leaveoneout,leave_one_out,mcts_cv,50,10,20,15.0,13.5,10,0.11432550254732543,6,cutin_braking:14;fast_intrusion:7;lead_braking:8;slow_lead_following:8;stop_and_go:13,155;237;62;286;52;170;171;213;1;227;279;56;93;88;16;105;2;208;63;316;225;158;115;219;190;137;122;231;71;263;268;312;310;199;90;206;80;226;201;217;67;95;174;96;203;66;149;68;283;84,Random,2,0.00017030001617968082
20281015,Target-mcts_cv-leaveoneout,leave_one_out,mcts_cv,10,1,3,2.0,2.0,1,0.04034105533050989,2,cutin_braking:1;fast_intrusion:3;lead_braking:0;slow_lead_following:2;stop_and_go:4,195;265;67;59;4;231;277;212;208;16,Random,3,0.00022160005755722523
20281015,Target-mcts_cv-leaveoneout,leave_one_out,mcts_cv,20,5,9,7.0,7.0,5,0.07254554343801162,3,cutin_braking:5;fast_intrusion:7;lead_braking:1;slow_lead_following:3;stop_and_go:4,195;265;67;59;4;231;277;212;208;16;102;71;8;105;18;54;297;161;14;120,Random,3,0.00022160005755722523
20281015,Target-mcts_cv-leaveoneout,leave_one_out,mcts_cv,30,8,13,10.5,9.5,8,0.09518247674898103,3,cutin_braking:7;fast_intrusion:9;lead_braking:2;slow_lead_following:4;stop_and_go:8,195;265;67;59;4;231;277;212;208;16;102;71;8;105;18;54;297;161;14;120;45;292;124;204;97;171;46;209;194;241,Random,3,0.00022160005755722523
20281015,Target-mcts_cv-leaveoneout,leave_one_out,mcts_cv,50,16,23,19.5,13.0,16,0.13643008143203283,4,cutin_braking:11;fast_intrusion:15;lead_braking:6;slow_lead_following:8;stop_and_go:10,195;265;67;59;4;231;277;212;208;16;102;71;8;105;18;54;297;161;14;120;45;292;124;204;97;171;46;209;194;241;306;72;130;38;298;52;28;216;249;70;175;104;160;76;7;168;49;301;25;316,Random,3,0.00022160005755722523
20281015,Target-mcts_cv-leaveoneout,leave_one_out,mcts_cv,10,2,5,3.5,3.5,2,0.04534064187027701,1,cutin_braking:2;fast_intrusion:1;lead_braking:0;slow_lead_following:3;stop_and_go:4,123;3;301;210;314;75;287;223;233;198,Random,4,0.0005219000158831477
20281015,Target-mcts_cv-leaveoneout,leave_one_out,mcts_cv,20,3,6,4.5,4.5,3,0.05170632085607857,1,cutin_braking:4;fast_intrusion:3;lead_braking:2;slow_lead_following:6;stop_and_go:5,123;3;301;210;314;75;287;223;233;198;209;12;190;319;69;56;165;66;288;260,Random,4,0.0005219000158831477
20281015,Target-mcts_cv-leaveoneout,leave_one_out,mcts_cv,30,5,9,7.0,6.0,5,0.06404245987397014,2,cutin_braking:6;fast_intrusion:3;lead_braking:4;slow_lead_following:8;stop_and_go:9,123;3;301;210;314;75;287;223;233;198;209;12;190;319;69;56;165;66;288;260;128;85;218;284;149;117;298;246;229;230,Random,4,0.0005219000158831477
20281015,Target-mcts_cv-leaveoneout,leave_one_out,mcts_cv,50,8,17,12.5,10.5,8,0.10045446724501034,5,cutin_braking:11;fast_intrusion:7;lead_braking:9;slow_lead_following:12;stop_and_go:11,123;3;301;210;314;75;287;223;233;198;209;12;190;319;69;56;165;66;288;260;128;85;218;284;149;117;298;246;229;230;303;127;73;241;144;122;90;150;240;309;4;174;51;297;98;166;141;5;0;317,Random,4,0.0005219000158831477
20281015,Target-mcts_cv-leaveoneout,leave_one_out,mcts_cv,10,0,2,1.0,1.0,0,0.019945528737221177,0,cutin_braking:4;fast_intrusion:2;lead_braking:2;slow_lead_following:2;stop_and_go:0,291;151;71;66;48;122;280;32;109;159,Random,5,0.00016960001084953547
20281015,Target-mcts_cv-leaveoneout,leave_one_out,mcts_cv,20,0,6,3.0,3.0,0,0.05226834073451133,2,cutin_braking:7;fast_intrusion:2;lead_braking:5;slow_lead_following:4;stop_and_go:2,291;151;71;66;48;122;280;32;109;159;89;231;130;190;157;70;240;265;103;269,Random,5,0.00016960001084953547
20281015,Target-mcts_cv-leaveoneout,leave_one_out,mcts_cv,30,2,9,5.5,5.5,2,0.06876448626252193,3,cutin_braking:11;fast_intrusion:6;lead_braking:6;slow_lead_following:4;stop_and_go:3,291;151;71;66;48;122;280;32;109;159;89;231;130;190;157;70;240;265;103;269;30;0;91;227;67;172;65;60;64;19,Random,5,0.00016960001084953547
20281015,Target-mcts_cv-leaveoneout,leave_one_out,mcts_cv,50,8,15,11.5,11.0,8,0.1138843443902391,3,cutin_braking:11;fast_intrusion:14;lead_braking:9;slow_lead_following:8;stop_and_go:8,291;151;71;66;48;122;280;32;109;159;89;231;130;190;157;70;240;265;103;269;30;0;91;227;67;172;65;60;64;19;214;3;300;58;158;206;17;205;315;150;289;27;279;47;199;9;251;54;140;2,Random,5,0.00016960001084953547
20281015,Target-mcts_cv-leaveoneout,leave_one_out,mcts_cv,10,2,4,3.0,3.0,2,0.04464715396698673,1,cutin_braking:0;fast_intrusion:1;lead_braking:3;slow_lead_following:3;stop_and_go:3,269;214;143;160;18;156;228;291;258;205,Random,6,0.00024750002194195986
20281015,Target-mcts_cv-leaveoneout,leave_one_out,mcts_cv,20,4,6,5.0,5.0,4,0.05734001059126331,1,cutin_braking:1;fast_intrusion:4;lead_braking:7;slow_lead_following:5;stop_and_go:3,269;214;143;160;18;156;228;291;258;205;262;19;64;11;25;146;130;288;176;187,Random,6,0.00024750002194195986
20281015,Target-mcts_cv-leaveoneout,leave_one_out,mcts_cv,30,5,7,6.0,5.0,5,0.06089871932997183,1,cutin_braking:6;fast_intrusion:5;lead_braking:9;slow_lead_following:6;stop_and_go:4,269;214;143;160;18;156;228;291;258;205;262;19;64;11;25;146;130;288;176;187;21;112;284;110;138;77;67;151;101;218,Random,6,0.00024750002194195986
20281015,Target-mcts_cv-leaveoneout,leave_one_out,mcts_cv,50,8,11,9.5,8.5,8,0.07722590086407838,2,cutin_braking:8;fast_intrusion:7;lead_braking:15;slow_lead_following:7;stop_and_go:13,269;214;143;160;18;156;228;291;258;205;262;19;64;11;25;146;130;288;176;187;21;112;284;110;138;77;67;151;101;218;217;209;254;232;102;220;234;167;182;243;163;136;153;31;9;221;89;278;224;169,Random,6,0.00024750002194195986
20281015,Target-mcts_cv-leaveoneout,leave_one_out,mcts_cv,10,0,2,1.0,1.0,0,0.007193216391525508,2,cutin_braking:1;fast_intrusion:2;lead_braking:3;slow_lead_following:2;stop_and_go:2,231;50;290;93;176;166;31;211;316;158,Random,7,0.00021820003166794777
20281015,Target-mcts_cv-leaveoneout,leave_one_out,mcts_cv,20,4,7,5.5,5.0,4,0.08339547879998532,3,cutin_braking:3;fast_intrusion:4;lead_braking:5;slow_lead_following:5;stop_and_go:3,231;50;290;93;176;166;31;211;316;158;44;317;246;101;259;163;186;80;26;286,Random,7,0.00021820003166794777
20281015,Target-mcts_cv-leaveoneout,leave_one_out,mcts_cv,30,5,11,8.0,6.5,5,0.09894007432515109,5,cutin_braking:5;fast_intrusion:7;lead_braking:7;slow_lead_following:5;stop_and_go:6,231;50;290;93;176;166;31;211;316;158;44;317;246;101;259;163;186;80;26;286;2;90;241;55;60;113;232;137;184;223,Random,7,0.00021820003166794777
20281015,Target-mcts_cv-leaveoneout,leave_one_out,mcts_cv,50,7,17,12.0,10.0,7,0.11565394457999176,8,cutin_braking:7;fast_intrusion:13;lead_braking:12;slow_lead_following:9;stop_and_go:9,231;50;290;93;176;166;31;211;316;158;44;317;246;101;259;163;186;80;26;286;2;90;241;55;60;113;232;137;184;223;169;295;243;29;105;162;177;12;14;197;23;73;1;306;11;175;300;230;191;269,Random,7,0.00021820003166794777
20281015,Target-mcts_cv-leaveoneout,leave_one_out,mcts_cv,10,2,2,2.0,2.0,2,0.011179612946821103,0,cutin_braking:3;fast_intrusion:4;lead_braking:0;slow_lead_following:2;stop_and_go:1,95;303;117;86;20;33;13;9;217;295,Random,8,0.00022829999215900898
20281015,Target-mcts_cv-leaveoneout,leave_one_out,mcts_cv,20,4,7,5.5,5.5,4,0.07523256659359004,1,cutin_braking:6;fast_intrusion:6;lead_braking:1;slow_lead_following:5;stop_and_go:2,95;303;117;86;20;33;13;9;217;295;17;89;84;204;302;4;169;71;282;268,Random,8,0.00022829999215900898
20281015,Target-mcts_cv-leaveoneout,leave_one_out,mcts_cv,30,7,11,9.0,8.5,7,0.12573568398563945,2,cutin_braking:9;fast_intrusion:7;lead_braking:3;slow_lead_following:9;stop_and_go:2,95;303;117;86;20;33;13;9;217;295;17;89;84;204;302;4;169;71;282;268;318;166;189;263;313;111;290;79;26;101,Random,8,0.00022829999215900898
20281015,Target-mcts_cv-leaveoneout,leave_one_out,mcts_cv,50,10,20,15.0,14.0,10,0.15296727074521316,5,cutin_braking:13;fast_intrusion:11;lead_braking:5;slow_lead_following:13;stop_and_go:8,95;303;117;86;20;33;13;9;217;295;17;89;84;204;302;4;169;71;282;268;318;166;189;263;313;111;290;79;26;101;135;227;226;80;305;210;240;301;280;93;102;40;41;234;243;38;285;107;175;59,Random,8,0.00022829999215900898
20281015,Target-mcts_cv-leaveoneout,leave_one_out,mcts_cv,10,0,2,1.0,1.0,0,0.024562825013376068,0,cutin_braking:0;fast_intrusion:2;lead_braking:3;slow_lead_following:3;stop_and_go:2,145;29;241;296;252;285;175;7;304;185,Random,9,0.0005153999663889408
20281015,Target-mcts_cv-leaveoneout,leave_one_out,mcts_cv,20,1,5,3.0,2.5,1,0.041972949024725384,0,cutin_braking:3;fast_intrusion:2;lead_braking:6;slow_lead_following:5;stop_and_go:4,145;29;241;296;252;285;175;7;304;185;89;132;295;235;101;106;314;193;177;186,Random,9,0.0005153999663889408
20281015,Target-mcts_cv-leaveoneout,leave_one_out,mcts_cv,30,3,8,5.5,5.0,3,0.06164700187699293,0,cutin_braking:6;fast_intrusion:6;lead_braking:7;slow_lead_following:6;stop_and_go:5,145;29;241;296;252;285;175;7;304;185;89;132;295;235;101;106;314;193;177;186;92;61;315;99;190;58;232;96;28;46,Random,9,0.0005153999663889408
20281015,Target-mcts_cv-leaveoneout,leave_one_out,mcts_cv,50,11,17,14.0,9.5,11,0.12012166888391831,1,cutin_braking:11;fast_intrusion:12;lead_braking:10;slow_lead_following:9;stop_and_go:8,145;29;241;296;252;285;175;7;304;185;89;132;295;235;101;106;314;193;177;186;92;61;315;99;190;58;232;96;28;46;154;173;9;18;15;180;25;80;83;234;286;72;81;31;201;206;289;63;113;261,Random,9,0.0005153999663889408
20281015,Target-ppo_ece-leaveoneout,leave_one_out,ppo_ece,10,2,5,3.5,3.5,2,0.05788265928819149,0,cutin_braking:1;fast_intrusion:1;lead_braking:1;slow_lead_following:6;stop_and_go:1,309;307;257;266;100;284;241;290;58;132,NoComposition,0,0.3090081999544054
20281015,Target-ppo_ece-leaveoneout,leave_one_out,ppo_ece,20,2,6,4.0,3.5,2,0.057883562544988124,0,cutin_braking:3;fast_intrusion:3;lead_braking:2;slow_lead_following:9;stop_and_go:3,309;307;257;266;100;284;241;290;58;132;26;288;301;267;235;128;123;43;68;194,NoComposition,0,0.3090081999544054
20281015,Target-ppo_ece-leaveoneout,leave_one_out,ppo_ece,30,4,11,7.5,5.0,4,0.07307797499169179,0,cutin_braking:4;fast_intrusion:5;lead_braking:4;slow_lead_following:13;stop_and_go:4,309;307;257;266;100;284;241;290;58;132;26;288;301;267;235;128;123;43;68;194;190;89;305;281;151;261;23;8;237;293,NoComposition,0,0.3090081999544054
20281015,Target-ppo_ece-leaveoneout,leave_one_out,ppo_ece,50,4,17,10.5,7.5,4,0.09071717122167322,0,cutin_braking:9;fast_intrusion:8;lead_braking:8;slow_lead_following:15;stop_and_go:10,309;307;257;266;100;284;241;290;58;132;26;288;301;267;235;128;123;43;68;194;190;89;305;281;151;261;23;8;237;293;254;205;70;141;225;313;140;112;46;231;149;5;12;210;227;86;172;119;116;291,NoComposition,0,0.3090081999544054
20281015,Target-ppo_ece-leaveoneout,leave_one_out,ppo_ece,10,3,6,4.5,4.5,3,0.06568232329504169,0,cutin_braking:2;fast_intrusion:2;lead_braking:1;slow_lead_following:4;stop_and_go:1,309;307;257;266;100;58;26;72;241;132,NoNull,0,0.3717854000860825
20281015,Target-ppo_ece-leaveoneout,leave_one_out,ppo_ece,20,5,12,8.5,7.5,5,0.09665964293685309,0,cutin_braking:6;fast_intrusion:3;lead_braking:2;slow_lead_following:5;stop_and_go:4,309;307;257;266;100;58;26;72;241;132;209;225;54;68;198;281;111;108;112;164,NoNull,0,0.3717854000860825
20281015,Target-ppo_ece-leaveoneout,leave_one_out,ppo_ece,30,7,16,11.5,9.5,7,0.10658959853304438,0,cutin_braking:8;fast_intrusion:8;lead_braking:2;slow_lead_following:6;stop_and_go:6,309;307;257;266;100;58;26;72;241;132;209;225;54;68;198;281;111;108;112;164;52;9;230;22;301;98;71;57;46;249,NoNull,0,0.3717854000860825
20281015,Target-ppo_ece-leaveoneout,leave_one_out,ppo_ece,50,11,32,21.5,13.5,11,0.14056406871786908,0,cutin_braking:11;fast_intrusion:12;lead_braking:2;slow_lead_following:13;stop_and_go:12,309;307;257;266;100;58;26;72;241;132;209;225;54;68;198;281;111;108;112;164;52;9;230;22;301;98;71;57;46;249;119;80;217;2;274;271;261;25;205;42;246;76;277;302;289;291;201;6;203;233,NoNull,0,0.3717854000860825
20281015,Target-ppo_ece-leaveoneout,leave_one_out,ppo_ece,10,0,1,0.5,0.5,0,0.014823221666077012,0,cutin_braking:1;fast_intrusion:5;lead_braking:0;slow_lead_following:3;stop_and_go:1,57;283;208;15;59;297;307;12;96;3,Random,0,0.00023550004698336124
20281015,Target-ppo_ece-leaveoneout,leave_one_out,ppo_ece,20,1,4,2.5,2.5,1,0.035839592013291795,0,cutin_braking:3;fast_intrusion:7;lead_braking:2;slow_lead_following:5;stop_and_go:3,57;283;208;15;59;297;307;12;96;3;68;242;34;253;65;30;169;133;269;261,Random,0,0.00023550004698336124
20281015,Target-ppo_ece-leaveoneout,leave_one_out,ppo_ece,30,2,6,4.0,3.0,2,0.04351541325898673,0,cutin_braking:5;fast_intrusion:8;lead_braking:4;slow_lead_following:9;stop_and_go:4,57;283;208;15;59;297;307;12;96;3;68;242;34;253;65;30;169;133;269;261;252;46;265;86;293;281;260;158;187;101,Random,0,0.00023550004698336124
20281015,Target-ppo_ece-leaveoneout,leave_one_out,ppo_ece,50,2,6,4.0,3.0,2,0.04351541325898673,0,cutin_braking:8;fast_intrusion:14;lead_braking:9;slow_lead_following:11;stop_and_go:8,57;283;208;15;59;297;307;12;96;3;68;242;34;253;65;30;169;133;269;261;252;46;265;86;293;281;260;158;187;101;69;85;9;310;55;56;36;26;228;48;255;147;149;100;250;191;294;186;222;174,Random,0,0.00023550004698336124
20281015,Target-ppo_ece-leaveoneout,leave_one_out,ppo_ece,10,0,2,1.0,0.5,0,0.007041320788093684,0,cutin_braking:3;fast_intrusion:0;lead_braking:3;slow_lead_following:1;stop_and_go:3,79;106;242;169;147;141;225;113;319;201,Random,1,0.00017420004587620497
20281015,Target-ppo_ece-leaveoneout,leave_one_out,ppo_ece,20,0,3,1.5,1.0,0,0.026616192795520622,0,cutin_braking:4;fast_intrusion:0;lead_braking:5;slow_lead_following:6;stop_and_go:5,79;106;242;169;147;141;225;113;319;201;307;124;195;168;176;207;265;267;285;278,Random,1,0.00017420004587620497
20281015,Target-ppo_ece-leaveoneout,leave_one_out,ppo_ece,30,0,3,1.5,1.0,0,0.026616192795520622,0,cutin_braking:5;fast_intrusion:2;lead_braking:9;slow_lead_following:8;stop_and_go:6,79;106;242;169;147;141;225;113;319;201;307;124;195;168;176;207;265;267;285;278;13;49;129;103;187;175;276;279;224;186,Random,1,0.00017420004587620497
20281015,Target-ppo_ece-leaveoneout,leave_one_out,ppo_ece,50,0,8,4.0,3.0,0,0.046867262142037125,0,cutin_braking:8;fast_intrusion:4;lead_braking:14;slow_lead_following:16;stop_and_go:8,79;106;242;169;147;141;225;113;319;201;307;124;195;168;176;207;265;267;285;278;13;49;129;103;187;175;276;279;224;186;318;100;163;174;114;272;41;297;269;132;140;271;222;281;200;298;88;17;294;170,Random,1,0.00017420004587620497
20281015,Target-ppo_ece-leaveoneout,leave_one_out,ppo_ece,10,0,2,1.0,1.0,0,0.02152726955287965,0,cutin_braking:2;fast_intrusion:0;lead_braking:4;slow_lead_following:2;stop_and_go:2,129;179;90;193;148;262;183;274;235;126,Random,2,0.00028410006780177355
20281015,Target-ppo_ece-leaveoneout,leave_one_out,ppo_ece,20,1,3,2.0,1.5,1,0.03127770484777146,0,cutin_braking:3;fast_intrusion:5;lead_braking:5;slow_lead_following:4;stop_and_go:3,129;179;90;193;148;262;183;274;235;126;202;30;11;29;314;4;150;316;56;102,Random,2,0.00028410006780177355
20281015,Target-ppo_ece-leaveoneout,leave_one_out,ppo_ece,30,1,3,2.0,1.5,1,0.03127770484777146,0,cutin_braking:7;fast_intrusion:6;lead_braking:5;slow_lead_following:7;stop_and_go:5,129;179;90;193;148;262;183;274;235;126;202;30;11;29;314;4;150;316;56;102;245;243;78;16;122;118;125;304;287;279,Random,2,0.00028410006780177355
20281015,Target-ppo_ece-leaveoneout,leave_one_out,ppo_ece,50,2,7,4.5,3.5,2,0.05178716188037227,0,cutin_braking:12;fast_intrusion:13;lead_braking:8;slow_lead_following:9;stop_and_go:8,129;179;90;193;148;262;183;274;235;126;202;30;11;29;314;4;150;316;56;102;245;243;78;16;122;118;125;304;287;279;136;86;300;62;1;38;98;117;76;15;302;172;17;216;97;50;152;248;195;44,Random,2,0.00028410006780177355
20281015,Target-ppo_ece-leaveoneout,leave_one_out,ppo_ece,10,0,1,0.5,0.5,0,0.015294230798102293,0,cutin_braking:1;fast_intrusion:2;lead_braking:1;slow_lead_following:4;stop_and_go:2,63;263;93;259;235;171;40;257;194;280,Random,3,0.00023110001347959042
20281015,Target-ppo_ece-leaveoneout,leave_one_out,ppo_ece,20,0,1,0.5,0.5,0,0.015294230798102293,0,cutin_braking:5;fast_intrusion:3;lead_braking:4;slow_lead_following:5;stop_and_go:3,63;263;93;259;235;171;40;257;194;280;224;16;155;127;286;74;147;122;89;183,Random,3,0.00023110001347959042
20281015,Target-ppo_ece-leaveoneout,leave_one_out,ppo_ece,30,1,4,2.5,2.5,1,0.023720265776447206,0,cutin_braking:9;fast_intrusion:4;lead_braking:7;slow_lead_following:6;stop_and_go:4,63;263;93;259;235;171;40;257;194;280;224;16;155;127;286;74;147;122;89;183;101;189;37;104;116;193;157;173;98;317,Random,3,0.00023110001347959042
20281015,Target-ppo_ece-leaveoneout,leave_one_out,ppo_ece,50,1,5,3.0,3.0,1,0.03500109954384686,0,cutin_braking:12;fast_intrusion:9;lead_braking:15;slow_lead_following:8;stop_and_go:6,63;263;93;259;235;171;40;257;194;280;224;16;155;127;286;74;147;122;89;183;101;189;37;104;116;193;157;173;98;317;36;156;111;77;285;218;245;190;8;31;152;94;136;44;21;133;303;159;135;142,Random,3,0.00023110001347959042
20281015,Target-ppo_ece-leaveoneout,leave_one_out,ppo_ece,10,0,0,0.0,0.0,0,0.0,0,cutin_braking:3;fast_intrusion:0;lead_braking:5;slow_lead_following:0;stop_and_go:2,92;139;113;165;173;219;74;255;160;138,Random,4,0.0001933000748977065
20281015,Target-ppo_ece-leaveoneout,leave_one_out,ppo_ece,20,1,2,1.5,1.5,1,0.010575103589398265,0,cutin_braking:5;fast_intrusion:3;lead_braking:9;slow_lead_following:1;stop_and_go:2,92;139;113;165;173;219;74;255;160;138;72;152;22;0;283;65;55;129;145;149,Random,4,0.0001933000748977065
20281015,Target-ppo_ece-leaveoneout,leave_one_out,ppo_ece,30,1,3,2.0,2.0,1,0.014372816163542659,0,cutin_braking:7;fast_intrusion:6;lead_braking:11;slow_lead_following:3;stop_and_go:3,92;139;113;165;173;219;74;255;160;138;72;152;22;0;283;65;55;129;145;149;308;163;101;310;7;96;201;166;1;39,Random,4,0.0001933000748977065
20281015,Target-ppo_ece-leaveoneout,leave_one_out,ppo_ece,50,4,7,5.5,4.5,4,0.06834590662760091,0,cutin_braking:8;fast_intrusion:10;lead_braking:16;slow_lead_following:9;stop_and_go:7,92;139;113;165;173;219;74;255;160;138;72;152;22;0;283;65;55;129;145;149;308;163;101;310;7;96;201;166;1;39;176;148;51;60;238;290;309;114;144;277;203;223;59;33;204;281;293;268;182;159,Random,4,0.0001933000748977065
20281015,Target-ppo_ece-leaveoneout,leave_one_out,ppo_ece,10,2,4,3.0,3.0,2,0.04067662389407245,0,cutin_braking:2;fast_intrusion:3;lead_braking:0;slow_lead_following:4;stop_and_go:1,272;228;307;42;16;314;301;126;6;111,Random,5,0.00022529996931552887
20281015,Target-ppo_ece-leaveoneout,leave_one_out,ppo_ece,20,2,6,4.0,4.0,2,0.05226492471659476,0,cutin_braking:5;fast_intrusion:3;lead_braking:2;slow_lead_following:7;stop_and_go:3,272;228;307;42;16;314;301;126;6;111;68;132;143;305;115;264;239;65;316;211,Random,5,0.00022529996931552887
20281015,Target-ppo_ece-leaveoneout,leave_one_out,ppo_ece,30,2,7,4.5,4.5,2,0.05424613292133819,0,cutin_braking:7;fast_intrusion:4;lead_braking:4;slow_lead_following:9;stop_and_go:6,272;228;307;42;16;314;301;126;6;111;68;132;143;305;115;264;239;65;316;211;204;263;288;107;203;148;128;117;14;251,Random,5,0.00022529996931552887
20281015,Target-ppo_ece-leaveoneout,leave_one_out,ppo_ece,50,3,8,5.5,5.5,3,0.060181038778306654,0,cutin_braking:13;fast_intrusion:6;lead_braking:9;slow_lead_following:13;stop_and_go:9,272;228;307;42;16;314;301;126;6;111;68;132;143;305;115;264;239;65;316;211;204;263;288;107;203;148;128;117;14;251;67;138;83;35;271;100;197;277;114;47;146;200;270;66;164;216;189;169;78;256,Random,5,0.00022529996931552887
20281015,Target-ppo_ece-leaveoneout,leave_one_out,ppo_ece,10,0,1,0.5,0.5,0,0.01957487200742694,0,cutin_braking:2;fast_intrusion:4;lead_braking:0;slow_lead_following:2;stop_and_go:2,1;310;285;65;236;18;41;105;46;245,Random,6,0.00016659998800605536
20281015,Target-ppo_ece-leaveoneout,leave_one_out,ppo_ece,20,2,3,2.5,2.5,2,0.044555726039103155,0,cutin_braking:5;fast_intrusion:7;lead_braking:1;slow_lead_following:5;stop_and_go:2,1;310;285;65;236;18;41;105;46;245;64;319;23;48;110;266;8;311;127;135,Random,6,0.00016659998800605536
20281015,Target-ppo_ece-leaveoneout,leave_one_out,ppo_ece,30,2,3,2.5,2.5,2,0.044555726039103155,0,cutin_braking:6;fast_intrusion:9;lead_braking:3;slow_lead_following:7;stop_and_go:5,1;310;285;65;236;18;41;105;46;245;64;319;23;48;110;266;8;311;127;135;256;20;11;141;133;83;200;202;240;270,Random,6,0.00016659998800605536
20281015,Target-ppo_ece-leaveoneout,leave_one_out,ppo_ece,50,3,7,5.0,5.0,3,0.06137502008459242,0,cutin_braking:8;fast_intrusion:15;lead_braking:6;slow_lead_following:11;stop_and_go:10,1;310;285;65;236;18;41;105;46;245;64;319;23;48;110;266;8;311;127;135;256;20;11;141;133;83;200;202;240;270;304;295;292;36;74;14;143;213;54;219;287;209;0;5;191;40;69;248;231;142,Random,6,0.00016659998800605536
20281015,Target-ppo_ece-leaveoneout,leave_one_out,ppo_ece,10,0,1,0.5,0.5,0,0.003969026802778314,0,cutin_braking:1;fast_intrusion:5;lead_braking:1;slow_lead_following:0;stop_and_go:3,32;50;39;246;48;92;234;145;49;219,Random,7,0.00016279995907098055
20281015,Target-ppo_ece-leaveoneout,leave_one_out,ppo_ece,20,0,2,1.0,1.0,0,0.021811602754203255,0,cutin_braking:1;fast_intrusion:7;lead_braking:2;slow_lead_following:4;stop_and_go:6,32;50;39;246;48;92;234;145;49;219;248;7;295;236;315;305;147;318;30;216,Random,7,0.00016279995907098055
20281015,Target-ppo_ece-leaveoneout,leave_one_out,ppo_ece,30,0,2,1.0,1.0,0,0.021811602754203255,0,cutin_braking:2;fast_intrusion:12;lead_braking:4;slow_lead_following:6;stop_and_go:6,32;50;39;246;48;92;234;145;49;219;248;7;295;236;315;305;147;318;30;216;34;150;24;262;70;56;178;292;41;60,Random,7,0.00016279995907098055
20281015,Target-ppo_ece-leaveoneout,leave_one_out,ppo_ece,50,0,4,2.0,1.5,0,0.02523825798271269,0,cutin_braking:5;fast_intrusion:21;lead_braking:8;slow_lead_following:8;stop_and_go:8,32;50;39;246;48;92;234;145;49;219;248;7;295;236;315;305;147;318;30;216;34;150;24;262;70;56;178;292;41;60;255;47;12;135;44;115;2;29;53;257;143;74;20;59;306;191;188;46;254;95,Random,7,0.00016279995907098055
20281015,Target-ppo_ece-leaveoneout,leave_one_out,ppo_ece,10,0,2,1.0,1.0,0,0.00616137216388437,0,cutin_braking:1;fast_intrusion:2;lead_braking:2;slow_lead_following:2;stop_and_go:3,252;2;191;67;224;209;45;188;299;310,Random,8,0.0001911000581458211
20281015,Target-ppo_ece-leaveoneout,leave_one_out,ppo_ece,20,0,4,2.0,1.5,0,0.02919484402995883,0,cutin_braking:1;fast_intrusion:2;lead_braking:3;slow_lead_following:7;stop_and_go:7,252;2;191;67;224;209;45;188;299;310;265;285;303;311;152;201;286;236;211;214,Random,8,0.0001911000581458211
20281015,Target-ppo_ece-leaveoneout,leave_one_out,ppo_ece,30,0,4,2.0,1.5,0,0.02919484402995883,0,cutin_braking:3;fast_intrusion:4;lead_braking:5;slow_lead_following:10;stop_and_go:8,252;2;191;67;224;209;45;188;299;310;265;285;303;311;152;201;286;236;211;214;164;30;8;262;272;264;199;70;65;141,Random,8,0.0001911000581458211
20281015,Target-ppo_ece-leaveoneout,leave_one_out,ppo_ece,50,1,9,5.0,3.5,1,0.050322402619381396,0,cutin_braking:5;fast_intrusion:8;lead_braking:8;slow_lead_following:17;stop_and_go:12,252;2;191;67;224;209;45;188;299;310;265;285;303;311;152;201;286;236;211;214;164;30;8;262;272;264;199;70;65;141;279;84;125;251;179;271;172;249;305;263;40;268;136;31;200;258;229;63;297;13,Random,8,0.0001911000581458211
20281015,Target-ppo_ece-leaveoneout,leave_one_out,ppo_ece,10,0,1,0.5,0.5,0,0.0032090255272256927,0,cutin_braking:2;fast_intrusion:3;lead_braking:1;slow_lead_following:0;stop_and_go:4,229;116;133;10;98;63;197;0;199;213,Random,9,0.00017170002683997154
20281015,Target-ppo_ece-leaveoneout,leave_one_out,ppo_ece,20,0,3,1.5,1.5,0,0.011380613706674578,0,cutin_braking:6;fast_intrusion:4;lead_braking:3;slow_lead_following:1;stop_and_go:6,229;116;133;10;98;63;197;0;199;213;96;84;81;315;41;173;142;207;241;75,Random,9,0.00017170002683997154
20281015,Target-ppo_ece-leaveoneout,leave_one_out,ppo_ece,30,1,5,3.0,2.5,1,0.018696771690695384,0,cutin_braking:7;fast_intrusion:4;lead_braking:5;slow_lead_following:4;stop_and_go:10,229;116;133;10;98;63;197;0;199;213;96;84;81;315;41;173;142;207;241;75;319;205;265;251;249;256;179;178;77;220,Random,9,0.00017170002683997154
20281015,Target-ppo_ece-leaveoneout,leave_one_out,ppo_ece,50,1,8,4.5,4.0,1,0.045350391235214546,0,cutin_braking:14;fast_intrusion:5;lead_braking:9;slow_lead_following:7;stop_and_go:15,229;116;133;10;98;63;197;0;199;213;96;84;81;315;41;173;142;207;241;75;319;205;265;251;249;256;179;178;77;220;184;313;224;311;154;118;80;36;221;105;90;226;137;308;166;117;106;245;196;112,Random,9,0.00017170002683997154
20281029,Target-idm_mobil-leaveoneout,leave_one_out,idm_mobil,10,7,7,7.0,6.0,7,0.07716983615284873,0,cutin_braking:2;fast_intrusion:1;lead_braking:1;slow_lead_following:4;stop_and_go:2,293;280;298;288;48;204;94;236;70;165,NoComposition,0,0.3167263000505045
20281029,Target-idm_mobil-leaveoneout,leave_one_out,idm_mobil,20,13,14,13.5,9.5,13,0.10961680622807324,0,cutin_braking:4;fast_intrusion:4;lead_braking:1;slow_lead_following:6;stop_and_go:5,293;280;298;288;48;204;94;236;70;165;32;211;118;0;310;16;224;248;74;257,NoComposition,0,0.3167263000505045
20281029,Target-idm_mobil-leaveoneout,leave_one_out,idm_mobil,30,20,22,21.0,12.5,20,0.13596093791512398,0,cutin_braking:7;fast_intrusion:7;lead_braking:1;slow_lead_following:10;stop_and_go:5,293;280;298;288;48;204;94;236;70;165;32;211;118;0;310;16;224;248;74;257;122;262;318;314;40;60;284;24;86;110,NoComposition,0,0.3167263000505045
20281029,Target-idm_mobil-leaveoneout,leave_one_out,idm_mobil,50,30,39,34.5,15.5,30,0.1831577752666982,0,cutin_braking:12;fast_intrusion:9;lead_braking:3;slow_lead_following:13;stop_and_go:13,293;280;298;288;48;204;94;236;70;165;32;211;118;0;310;16;224;248;74;257;122;262;318;314;40;60;284;24;86;110;126;6;98;243;141;102;227;196;252;78;282;228;244;220;8;173;200;125;261;294,NoComposition,0,0.3167263000505045
20281029,Target-idm_mobil-leaveoneout,leave_one_out,idm_mobil,10,6,6,6.0,6.0,6,0.08170639459221021,0,cutin_braking:2;fast_intrusion:2;lead_braking:1;slow_lead_following:4;stop_and_go:1,293;280;298;288;8;6;122;106;204;189,NoNull,0,0.33733310003299266
20281029,Target-idm_mobil-leaveoneout,leave_one_out,idm_mobil,20,15,16,15.5,12.0,15,0.1208322991318978,0,cutin_braking:8;fast_intrusion:4;lead_braking:1;slow_lead_following:4;stop_and_go:3,293;280;298;288;8;6;122;106;204;189;74;126;236;82;105;211;89;124;32;0,NoNull,0,0.33733310003299266
20281029,Target-idm_mobil-leaveoneout,leave_one_out,idm_mobil,30,20,23,21.5,13.5,20,0.14186008190580518,0,cutin_braking:14;fast_intrusion:5;lead_braking:1;slow_lead_following:5;stop_and_go:5,293;280;298;288;8;6;122;106;204;189;74;126;236;82;105;211;89;124;32;0;310;66;98;70;224;248;16;112;86;102,NoNull,0,0.33733310003299266
20281029,Target-idm_mobil-leaveoneout,leave_one_out,idm_mobil,50,32,40,36.0,16.5,32,0.18682772161037106,0,cutin_braking:18;fast_intrusion:11;lead_braking:3;slow_lead_following:9;stop_and_go:9,293;280;298;288;8;6;122;106;204;189;74;126;236;82;105;211;89;124;32;0;310;66;98;70;224;248;16;112;86;102;262;48;318;78;118;314;165;40;60;20;54;110;24;94;243;141;196;227;252;282,NoNull,0,0.33733310003299266
20281029,Target-idm_mobil-leaveoneout,leave_one_out,idm_mobil,10,1,1,1.0,1.0,1,0.006580083339958787,0,cutin_braking:3;fast_intrusion:2;lead_braking:2;slow_lead_following:1;stop_and_go:2,71;95;198;29;217;78;135;163;35;312,Random,0,0.00024319998919963837
20281029,Target-idm_mobil-leaveoneout,leave_one_out,idm_mobil,20,3,4,3.5,3.5,3,0.023364952751621232,2,cutin_braking:5;fast_intrusion:5;lead_braking:3;slow_lead_following:1;stop_and_go:6,71;95;198;29;217;78;135;163;35;312;201;185;226;253;4;44;19;89;64;249,Random,0,0.00024319998919963837
20281029,Target-idm_mobil-leaveoneout,leave_one_out,idm_mobil,30,3,6,4.5,4.5,3,0.02815748743395417,3,cutin_braking:7;fast_intrusion:7;lead_braking:5;slow_lead_following:3;stop_and_go:8,71;95;198;29;217;78;135;163;35;312;201;185;226;253;4;44;19;89;64;249;7;271;167;232;2;140;228;91;79;264,Random,0,0.00024319998919963837
20281029,Target-idm_mobil-leaveoneout,leave_one_out,idm_mobil,50,7,13,10.0,9.0,7,0.08268144698205088,3,cutin_braking:11;fast_intrusion:9;lead_braking:7;slow_lead_following:11;stop_and_go:12,71;95;198;29;217;78;135;163;35;312;201;185;226;253;4;44;19;89;64;249;7;271;167;232;2;140;228;91;79;264;278;284;1;125;215;291;141;282;105;109;250;208;259;240;314;108;317;287;40;168,Random,0,0.00024319998919963837
20281029,Target-idm_mobil-leaveoneout,leave_one_out,idm_mobil,10,1,2,1.5,1.5,1,0.028139525013089188,1,cutin_braking:4;fast_intrusion:2;lead_braking:1;slow_lead_following:2;stop_and_go:1,280;73;52;131;3;225;298;79;109;96,Random,1,0.00021440000273287296
20281029,Target-idm_mobil-leaveoneout,leave_one_out,idm_mobil,20,3,5,4.0,4.0,3,0.0468656719423743,1,cutin_braking:6;fast_intrusion:6;lead_braking:5;slow_lead_following:2;stop_and_go:1,280;73;52;131;3;225;298;79;109;96;27;161;62;154;20;106;86;178;160;49,Random,1,0.00021440000273287296
20281029,Target-idm_mobil-leaveoneout,leave_one_out,idm_mobil,30,4,7,5.5,5.5,4,0.05772550957388739,1,cutin_braking:10;fast_intrusion:7;lead_braking:6;slow_lead_following:5;stop_and_go:2,280;73;52;131;3;225;298;79;109;96;27;161;62;154;20;106;86;178;160;49;23;76;114;139;68;278;273;295;65;222,Random,1,0.00021440000273287296
20281029,Target-idm_mobil-leaveoneout,leave_one_out,idm_mobil,50,5,9,7.0,7.0,5,0.06837159960503125,2,cutin_braking:12;fast_intrusion:11;lead_braking:10;slow_lead_following:11;stop_and_go:6,280;73;52;131;3;225;298;79;109;96;27;161;62;154;20;106;86;178;160;49;23;76;114;139;68;278;273;295;65;222;247;150;196;192;260;42;193;284;111;7;153;311;53;54;164;176;287;271;80;259,Random,1,0.00021440000273287296
20281029,Target-idm_mobil-leaveoneout,leave_one_out,idm_mobil,10,1,3,2.0,2.0,1,0.014444163855062274,0,cutin_braking:2;fast_intrusion:1;lead_braking:3;slow_lead_following:2;stop_and_go:2,268;141;191;256;143;106;29;243;125;242,Random,2,0.0002266999799758196
20281029,Target-idm_mobil-leaveoneout,leave_one_out,idm_mobil,20,4,8,6.0,5.5,4,0.03567459745218689,0,cutin_braking:5;fast_intrusion:3;lead_braking:5;slow_lead_following:3;stop_and_go:4,268;141;191;256;143;106;29;243;125;242;90;152;133;56;255;200;89;284;32;86,Random,2,0.0002266999799758196
20281029,Target-idm_mobil-leaveoneout,leave_one_out,idm_mobil,30,4,8,6.0,5.5,4,0.03567459745218689,0,cutin_braking:6;fast_intrusion:5;lead_braking:8;slow_lead_following:6;stop_and_go:5,268;141;191;256;143;106;29;243;125;242;90;152;133;56;255;200;89;284;32;86;132;80;297;135;22;316;318;183;226;50,Random,2,0.0002266999799758196
20281029,Target-idm_mobil-leaveoneout,leave_one_out,idm_mobil,50,6,13,9.5,9.0,6,0.08294029163044038,0,cutin_braking:8;fast_intrusion:10;lead_braking:11;slow_lead_following:13;stop_and_go:8,268;141;191;256;143;106;29;243;125;242;90;152;133;56;255;200;89;284;32;86;132;80;297;135;22;316;318;183;226;50;298;231;24;139;57;308;107;35;46;238;310;292;68;317;190;194;184;296;257;49,Random,2,0.0002266999799758196
20281029,Target-idm_mobil-leaveoneout,leave_one_out,idm_mobil,10,4,4,4.0,4.0,4,0.05618335518382844,0,cutin_braking:1;fast_intrusion:5;lead_braking:2;slow_lead_following:1;stop_and_go:1,8;61;203;24;21;110;11;189;277;147,Random,3,0.00017520005349069834
20281029,Target-idm_mobil-leaveoneout,leave_one_out,idm_mobil,20,6,6,6.0,5.0,6,0.0636634609387835,0,cutin_braking:2;fast_intrusion:6;lead_braking:6;slow_lead_following:3;stop_and_go:3,8;61;203;24;21;110;11;189;277;147;116;154;133;171;264;259;236;145;237;48,Random,3,0.00017520005349069834
20281029,Target-idm_mobil-leaveoneout,leave_one_out,idm_mobil,30,7,8,7.5,6.5,7,0.06959762760967822,0,cutin_braking:4;fast_intrusion:7;lead_braking:8;slow_lead_following:4;stop_and_go:7,8;61;203;24;21;110;11;189;277;147;116;154;133;171;264;259;236;145;237;48;148;297;228;205;151;214;83;211;10;101,Random,3,0.00017520005349069834
20281029,Target-idm_mobil-leaveoneout,leave_one_out,idm_mobil,50,8,10,9.0,8.0,8,0.07740355974149098,0,cutin_braking:10;fast_intrusion:9;lead_braking:11;slow_lead_following:7;stop_and_go:13,8;61;203;24;21;110;11;189;277;147;116;154;133;171;264;259;236;145;237;48;148;297;228;205;151;214;83;211;10;101;123;78;130;93;194;249;279;23;142;263;299;80;224;215;51;115;82;253;183;197,Random,3,0.00017520005349069834
20281029,Target-idm_mobil-leaveoneout,leave_one_out,idm_mobil,10,1,1,1.0,1.0,1,0.006275347711526903,0,cutin_braking:2;fast_intrusion:3;lead_braking:3;slow_lead_following:1;stop_and_go:1,230;158;60;61;138;308;88;26;179;100,Random,4,0.0002272999845445156
20281029,Target-idm_mobil-leaveoneout,leave_one_out,idm_mobil,20,5,7,6.0,6.0,5,0.046428533146540316,2,cutin_braking:4;fast_intrusion:7;lead_braking:4;slow_lead_following:3;stop_and_go:2,230;158;60;61;138;308;88;26;179;100;1;4;16;78;58;270;297;121;211;184,Random,4,0.0002272999845445156
20281029,Target-idm_mobil-leaveoneout,leave_one_out,idm_mobil,30,9,12,10.5,9.5,9,0.06426193298408191,2,cutin_braking:10;fast_intrusion:7;lead_braking:6;slow_lead_following:4;stop_and_go:3,230;158;60;61;138;308;88;26;179;100;1;4;16;78;58;270;297;121;211;184;156;182;124;83;243;315;92;118;98;94,Random,4,0.0002272999845445156
20281029,Target-idm_mobil-leaveoneout,leave_one_out,idm_mobil,50,10,14,12.0,10.0,10,0.07330814799811028,2,cutin_braking:12;fast_intrusion:12;lead_braking:8;slow_lead_following:10;stop_and_go:8,230;158;60;61;138;308;88;26;179;100;1;4;16;78;58;270;297;121;211;184;156;182;124;83;243;315;92;118;98;94;8;254;295;91;257;227;9;210;44;281;299;173;80;305;242;260;39;33;202;191,Random,4,0.0002272999845445156
20281029,Target-idm_mobil-leaveoneout,leave_one_out,idm_mobil,10,1,1,1.0,1.0,1,0.022495777048251522,0,cutin_braking:1;fast_intrusion:0;lead_braking:3;slow_lead_following:4;stop_and_go:2,299;273;306;112;225;183;242;171;142;303,Random,5,0.00018360000103712082
20281029,Target-idm_mobil-leaveoneout,leave_one_out,idm_mobil,20,2,3,2.5,2.5,2,0.03653566418769747,0,cutin_braking:6;fast_intrusion:2;lead_braking:4;slow_lead_following:6;stop_and_go:2,299;273;306;112;225;183;242;171;142;303;129;39;272;96;22;74;123;83;111;301,Random,5,0.00018360000103712082
20281029,Target-idm_mobil-leaveoneout,leave_one_out,idm_mobil,30,3,4,3.5,3.5,3,0.04143725650320197,0,cutin_braking:6;fast_intrusion:4;lead_braking:9;slow_lead_following:7;stop_and_go:4,299;273;306;112;225;183;242;171;142;303;129;39;272;96;22;74;123;83;111;301;24;246;138;149;316;153;219;59;170;188,Random,5,0.00018360000103712082
20281029,Target-idm_mobil-leaveoneout,leave_one_out,idm_mobil,50,9,13,11.0,10.0,9,0.10740519079509525,2,cutin_braking:11;fast_intrusion:10;lead_braking:15;slow_lead_following:8;stop_and_go:6,299;273;306;112;225;183;242;171;142;303;129;39;272;96;22;74;123;83;111;301;24;246;138;149;316;153;219;59;170;188;54;7;66;163;211;109;152;157;15;186;141;40;30;119;187;121;293;34;212;65,Random,5,0.00018360000103712082
20281029,Target-idm_mobil-leaveoneout,leave_one_out,idm_mobil,10,1,2,1.5,1.5,1,0.013069990817790627,0,cutin_braking:3;fast_intrusion:3;lead_braking:0;slow_lead_following:4;stop_and_go:0,261;256;260;124;49;108;13;281;51;125,Random,6,0.00022789998911321163
20281029,Target-idm_mobil-leaveoneout,leave_one_out,idm_mobil,20,2,4,3.0,3.0,2,0.02481862740186261,1,cutin_braking:6;fast_intrusion:4;lead_braking:3;slow_lead_following:5;stop_and_go:2,261;256;260;124;49;108;13;281;51;125;186;105;307;209;69;7;131;96;245;128,Random,6,0.00022789998911321163
20281029,Target-idm_mobil-leaveoneout,leave_one_out,idm_mobil,30,4,6,5.0,5.0,4,0.0361562472482678,1,cutin_braking:8;fast_intrusion:6;lead_braking:6;slow_lead_following:6;stop_and_go:4,261;256;260;124;49;108;13;281;51;125;186;105;307;209;69;7;131;96;245;128;301;133;48;106;14;247;165;107;213;137,Random,6,0.00022789998911321163
20281029,Target-idm_mobil-leaveoneout,leave_one_out,idm_mobil,50,6,8,7.0,6.0,6,0.04366477276032934,1,cutin_braking:11;fast_intrusion:11;lead_braking:11;slow_lead_following:11;stop_and_go:6,261;256;260;124;49;108;13;281;51;125;186;105;307;209;69;7;131;96;245;128;301;133;48;106;14;247;165;107;213;137;109;126;178;3;312;88;303;21;222;191;318;130;0;42;291;233;143;264;41;152,Random,6,0.00022789998911321163
20281029,Target-idm_mobil-leaveoneout,leave_one_out,idm_mobil,10,1,1,1.0,1.0,1,0.006580083339958787,0,cutin_braking:2;fast_intrusion:2;lead_braking:3;slow_lead_following:2;stop_and_go:1,119;44;138;78;134;52;250;289;281;166,Random,7,0.00016569998115301132
20281029,Target-idm_mobil-leaveoneout,leave_one_out,idm_mobil,20,4,5,4.5,3.5,4,0.03518280772834856,0,cutin_braking:5;fast_intrusion:4;lead_braking:5;slow_lead_following:4;stop_and_go:2,119;44;138;78;134;52;250;289;281;166;106;210;40;286;109;21;272;139;169;126,Random,7,0.00016569998115301132
20281029,Target-idm_mobil-leaveoneout,leave_one_out,idm_mobil,30,6,7,6.5,4.5,6,0.07323147672710204,0,cutin_braking:5;fast_intrusion:6;lead_braking:8;slow_lead_following:8;stop_and_go:3,119;44;138;78;134;52;250;289;281;166;106;210;40;286;109;21;272;139;169;126;189;266;314;265;25;267;152;168;28;229,Random,7,0.00016569998115301132
20281029,Target-idm_mobil-leaveoneout,leave_one_out,idm_mobil,50,11,15,13.0,9.0,11,0.10721483852461772,1,cutin_braking:6;fast_intrusion:10;lead_braking:15;slow_lead_following:12;stop_and_go:7,119;44;138;78;134;52;250;289;281;166;106;210;40;286;109;21;272;139;169;126;189;266;314;265;25;267;152;168;28;229;290;222;8;153;186;188;211;203;317;198;36;32;4;256;171;294;160;172;144;82,Random,7,0.00016569998115301132
20281029,Target-idm_mobil-leaveoneout,leave_one_out,idm_mobil,10,2,3,2.5,2.5,2,0.03522588302050109,0,cutin_braking:3;fast_intrusion:2;lead_braking:2;slow_lead_following:1;stop_and_go:2,87;40;111;130;180;227;235;41;298;95,Random,8,0.00023129989858716726
20281029,Target-idm_mobil-leaveoneout,leave_one_out,idm_mobil,20,2,3,2.5,2.5,2,0.03522588302050109,0,cutin_braking:4;fast_intrusion:6;lead_braking:2;slow_lead_following:3;stop_and_go:5,87;40;111;130;180;227;235;41;298;95;17;28;210;225;267;241;50;108;62;296,Random,8,0.00023129989858716726
20281029,Target-idm_mobil-leaveoneout,leave_one_out,idm_mobil,30,2,4,3.0,3.0,2,0.04018577255683792,0,cutin_braking:6;fast_intrusion:7;lead_braking:5;slow_lead_following:4;stop_and_go:8,87;40;111;130;180;227;235;41;298;95;17;28;210;225;267;241;50;108;62;296;114;248;239;171;169;42;281;66;199;149,Random,8,0.00023129989858716726
20281029,Target-idm_mobil-leaveoneout,leave_one_out,idm_mobil,50,9,12,10.5,9.0,9,0.07896670661873254,1,cutin_braking:13;fast_intrusion:13;lead_braking:7;slow_lead_following:6;stop_and_go:11,87;40;111;130;180;227;235;41;298;95;17;28;210;225;267;241;50;108;62;296;114;248;239;171;169;42;281;66;199;149;76;234;60;191;49;236;57;301;102;265;46;35;99;118;74;83;138;98;19;254,Random,8,0.00023129989858716726
20281029,Target-idm_mobil-leaveoneout,leave_one_out,idm_mobil,10,1,2,1.5,1.5,1,0.011644632743218166,0,cutin_braking:2;fast_intrusion:4;lead_braking:0;slow_lead_following:1;stop_and_go:3,243;92;12;223;51;273;85;225;49;33,Random,9,0.0003507999936118722
20281029,Target-idm_mobil-leaveoneout,leave_one_out,idm_mobil,20,3,5,4.0,3.0,3,0.022338287830336177,0,cutin_braking:3;fast_intrusion:6;lead_braking:3;slow_lead_following:2;stop_and_go:6,243;92;12;223;51;273;85;225;49;33;23;228;40;145;124;267;189;245;241;160,Random,9,0.0003507999936118722
20281029,Target-idm_mobil-leaveoneout,leave_one_out,idm_mobil,30,4,6,5.0,3.0,4,0.025453178501699127,0,cutin_braking:4;fast_intrusion:9;lead_braking:5;slow_lead_following:4;stop_and_go:8,243;92;12;223;51;273;85;225;49;33;23;228;40;145;124;267;189;245;241;160;11;101;284;234;2;131;161;215;280;0,Random,9,0.0003507999936118722
20281029,Target-idm_mobil-leaveoneout,leave_one_out,idm_mobil,50,9,14,11.5,8.0,9,0.05735035704185696,1,cutin_braking:9;fast_intrusion:15;lead_braking:5;slow_lead_following:11;stop_and_go:10,243;92;12;223;51;273;85;225;49;33;23;228;40;145;124;267;189;245;241;160;11;101;284;234;2;131;161;215;280;0;61;211;292;72;227;309;82;313;48;56;106;15;268;59;99;307;19;271;316;67,Random,9,0.0003507999936118722
20281029,Target-mcts_cv-leaveoneout,leave_one_out,mcts_cv,10,7,10,8.5,7.5,7,0.09351437670256871,0,cutin_braking:2;fast_intrusion:1;lead_braking:1;slow_lead_following:4;stop_and_go:2,274;293;288;298;48;204;94;236;70;165,NoComposition,0,0.3320769000565633
20281029,Target-mcts_cv-leaveoneout,leave_one_out,mcts_cv,20,15,20,17.5,11.5,15,0.13505764956263303,0,cutin_braking:5;fast_intrusion:4;lead_braking:1;slow_lead_following:5;stop_and_go:5,274;293;288;298;48;204;94;236;70;165;32;211;0;118;224;16;248;74;122;314,NoComposition,0,0.3320769000565633
20281029,Target-mcts_cv-leaveoneout,leave_one_out,mcts_cv,30,21,30,25.5,14.0,21,0.16208922931682584,0,cutin_braking:9;fast_intrusion:6;lead_braking:2;slow_lead_following:6;stop_and_go:7,274;293;288;298;48;204;94;236;70;165;32;211;0;118;224;16;248;74;122;314;40;86;60;110;141;243;126;98;272;227,NoComposition,0,0.3320769000565633
20281029,Target-mcts_cv-leaveoneout,leave_one_out,mcts_cv,50,27,48,37.5,16.0,27,0.18994396011922476,2,cutin_braking:13;fast_intrusion:11;lead_braking:2;slow_lead_following:11;stop_and_go:13,274;293;288;298;48;204;94;236;70;165;32;211;0;118;224;16;248;74;122;314;40;86;60;110;141;243;126;98;272;227;102;78;196;24;220;228;244;252;282;200;310;294;318;261;52;92;125;12;8;28,NoComposition,0,0.3320769000565633
20281029,Target-mcts_cv-leaveoneout,leave_one_out,mcts_cv,10,6,10,8.0,8.0,6,0.10015251897608629,0,cutin_braking:2;fast_intrusion:2;lead_braking:1;slow_lead_following:4;stop_and_go:1,274;293;288;298;8;12;204;110;65;141,NoNull,0,0.3396606999449432
20281029,Target-mcts_cv-leaveoneout,leave_one_out,mcts_cv,20,13,18,15.5,14.0,13,0.1363121475357799,0,cutin_braking:6;fast_intrusion:5;lead_braking:1;slow_lead_following:4;stop_and_go:4,274;293;288;298;8;12;204;110;65;141;60;236;31;122;124;113;19;211;196;94,NoNull,0,0.3396606999449432
20281029,Target-mcts_cv-leaveoneout,leave_one_out,mcts_cv,30,20,26,23.0,16.0,20,0.16022876669722586,0,cutin_braking:10;fast_intrusion:10;lead_braking:1;slow_lead_following:4;stop_and_go:5,274;293;288;298;8;12;204;110;65;141;60;236;31;122;124;113;19;211;196;94;105;16;0;63;98;32;86;40;248;121,NoNull,0,0.3396606999449432
20281029,Target-mcts_cv-leaveoneout,leave_one_out,mcts_cv,50,34,46,40.0,19.0,34,0.2115897746744482,0,cutin_braking:18;fast_intrusion:16;lead_braking:1;slow_lead_following:5;stop_and_go:10,274;293;288;298;8;12;204;110;65;141;60;236;31;122;124;113;19;211;196;94;105;16;0;63;98;32;86;40;248;121;126;70;48;24;78;106;118;314;74;89;243;224;227;20;15;82;47;220;228;55,NoNull,0,0.3396606999449432
20281029,Target-mcts_cv-leaveoneout,leave_one_out,mcts_cv,10,2,5,3.5,3.5,2,0.038034739602041706,1,cutin_braking:3;fast_intrusion:2;lead_braking:1;slow_lead_following:2;stop_and_go:2,20;89;193;123;185;84;278;228;57;265,Random,0,0.0002416999777778983
20281029,Target-mcts_cv-leaveoneout,leave_one_out,mcts_cv,20,3,8,5.5,5.5,3,0.05122101988459074,2,cutin_braking:4;fast_intrusion:6;lead_braking:3;slow_lead_following:3;stop_and_go:4,20;89;193;123;185;84;278;228;57;265;64;201;59;29;211;38;161;37;164;262,Random,0,0.0002416999777778983
20281029,Target-mcts_cv-leaveoneout,leave_one_out,mcts_cv,30,4,12,8.0,8.0,4,0.06299724808061896,4,cutin_braking:5;fast_intrusion:7;lead_braking:4;slow_lead_following:7;stop_and_go:7,20;89;193;123;185;84;278;228;57;265;64;201;59;29;211;38;161;37;164;262;286;180;236;313;238;92;306;299;9;254,Random,0,0.0002416999777778983
20281029,Target-mcts_cv-leaveoneout,leave_one_out,mcts_cv,50,5,17,11.0,11.0,5,0.09298054236076171,5,cutin_braking:8;fast_intrusion:12;lead_braking:9;slow_lead_following:12;stop_and_go:9,20;89;193;123;185;84;278;228;57;265;64;201;59;29;211;38;161;37;164;262;286;180;236;313;238;92;306;299;9;254;153;147;226;272;56;117;11;210;99;7;2;133;314;311;315;186;108;25;140;317,Random,0,0.0002416999777778983
20281029,Target-mcts_cv-leaveoneout,leave_one_out,mcts_cv,10,1,2,1.5,1.5,1,0.026165232096200107,0,cutin_braking:2;fast_intrusion:1;lead_braking:1;slow_lead_following:3;stop_and_go:3,21;266;110;90;255;286;209;253;158;283,Random,1,0.00021089997608214617
20281029,Target-mcts_cv-leaveoneout,leave_one_out,mcts_cv,20,3,4,3.5,3.5,3,0.03786583008610375,0,cutin_braking:3;fast_intrusion:4;lead_braking:5;slow_lead_following:5;stop_and_go:3,21;266;110;90;255;286;209;253;158;283;152;108;150;268;145;17;136;48;292;15,Random,1,0.00021089997608214617
20281029,Target-mcts_cv-leaveoneout,leave_one_out,mcts_cv,30,4,8,6.0,5.0,4,0.05089667049303233,3,cutin_braking:6;fast_intrusion:8;lead_braking:5;slow_lead_following:7;stop_and_go:4,21;266;110;90;255;286;209;253;158;283;152;108;150;268;145;17;136;48;292;15;0;113;112;254;61;92;259;34;296;52,Random,1,0.00021089997608214617
20281029,Target-mcts_cv-leaveoneout,leave_one_out,mcts_cv,50,7,12,9.5,7.5,7,0.09925934091132832,4,cutin_braking:12;fast_intrusion:11;lead_braking:8;slow_lead_following:12;stop_and_go:7,21;266;110;90;255;286;209;253;158;283;152;108;150;268;145;17;136;48;292;15;0;113;112;254;61;92;259;34;296;52;39;118;82;161;111;197;176;317;256;285;199;138;44;115;85;43;311;289;215;97,Random,1,0.00021089997608214617
20281029,Target-mcts_cv-leaveoneout,leave_one_out,mcts_cv,10,3,4,3.5,3.5,3,0.021727801331127373,1,cutin_braking:3;fast_intrusion:3;lead_braking:2;slow_lead_following:2;stop_and_go:0,315;59;285;60;175;119;179;112;32;105,Random,2,0.00018940004520118237
20281029,Target-mcts_cv-leaveoneout,leave_one_out,mcts_cv,20,3,5,4.0,4.0,3,0.04383502485945539,2,cutin_braking:5;fast_intrusion:5;lead_braking:3;slow_lead_following:5;stop_and_go:2,315;59;285;60;175;119;179;112;32;105;305;309;190;209;304;97;63;18;87;249,Random,2,0.00018940004520118237
20281029,Target-mcts_cv-leaveoneout,leave_one_out,mcts_cv,30,5,10,7.5,7.5,5,0.08128282176213472,6,cutin_braking:5;fast_intrusion:7;lead_braking:7;slow_lead_following:7;stop_and_go:4,315;59;285;60;175;119;179;112;32;105;305;309;190;209;304;97;63;18;87;249;136;167;208;176;5;54;308;274;253;173,Random,2,0.00018940004520118237
20281029,Target-mcts_cv-leaveoneout,leave_one_out,mcts_cv,50,10,17,13.5,11.0,10,0.1325858935049196,7,cutin_braking:9;fast_intrusion:13;lead_braking:9;slow_lead_following:13;stop_and_go:6,315;59;285;60;175;119;179;112;32;105;305;309;190;209;304;97;63;18;87;249;136;167;208;176;5;54;308;274;253;173;298;186;110;181;256;206;65;89;263;53;44;33;271;56;303;67;14;40;283;242,Random,2,0.00018940004520118237
20281029,Target-mcts_cv-leaveoneout,leave_one_out,mcts_cv,10,2,3,2.5,2.5,2,0.021044669269279684,2,cutin_braking:3;fast_intrusion:3;lead_braking:3;slow_lead_following:0;stop_and_go:1,161;6;131;124;181;111;44;10;92;232,Random,3,0.00036800000816583633
20281029,Target-mcts_cv-leaveoneout,leave_one_out,mcts_cv,20,2,4,3.0,3.0,2,0.02429375469978666,3,cutin_braking:4;fast_intrusion:4;lead_braking:8;slow_lead_following:2;stop_and_go:2,161;6;131;124;181;111;44;10;92;232;170;62;152;167;177;121;276;239;166;289,Random,3,0.00036800000816583633
20281029,Target-mcts_cv-leaveoneout,leave_one_out,mcts_cv,30,3,7,5.0,5.0,3,0.0571360821807732,4,cutin_braking:6;fast_intrusion:5;lead_braking:10;slow_lead_following:7;stop_and_go:2,161;6;131;124;181;111;44;10;92;232;170;62;152;167;177;121;276;239;166;289;261;108;155;309;285;173;303;33;318;90,Random,3,0.00036800000816583633
20281029,Target-mcts_cv-leaveoneout,leave_one_out,mcts_cv,50,5,14,9.5,8.0,5,0.08537895132576814,7,cutin_braking:7;fast_intrusion:14;lead_braking:12;slow_lead_following:11;stop_and_go:6,161;6;131;124;181;111;44;10;92;232;170;62;152;167;177;121;276;239;166;289;261;108;155;309;285;173;303;33;318;90;251;229;238;28;290;319;29;41;2;83;54;21;43;149;270;32;271;196;18;129,Random,3,0.00036800000816583633
20281029,Target-mcts_cv-leaveoneout,leave_one_out,mcts_cv,10,2,5,3.5,3.5,2,0.038153280451429135,1,cutin_braking:1;fast_intrusion:5;lead_braking:1;slow_lead_following:3;stop_and_go:0,55;308;69;11;46;32;306;42;309;147,Random,4,0.00033119996078312397
20281029,Target-mcts_cv-leaveoneout,leave_one_out,mcts_cv,20,3,7,5.0,5.0,3,0.04864900137558737,2,cutin_braking:5;fast_intrusion:5;lead_braking:3;slow_lead_following:4;stop_and_go:3,55;308;69;11;46;32;306;42;309;147;74;159;101;207;190;79;76;223;209;301,Random,4,0.00033119996078312397
20281029,Target-mcts_cv-leaveoneout,leave_one_out,mcts_cv,30,5,11,8.0,7.5,5,0.07341269091520713,4,cutin_braking:6;fast_intrusion:5;lead_braking:5;slow_lead_following:7;stop_and_go:7,55;308;69;11;46;32;306;42;309;147;74;159;101;207;190;79;76;223;209;301;95;283;264;152;211;258;189;210;199;222,Random,4,0.00033119996078312397
20281029,Target-mcts_cv-leaveoneout,leave_one_out,mcts_cv,50,8,17,12.5,10.5,8,0.11631275217846505,6,cutin_braking:10;fast_intrusion:8;lead_braking:9;slow_lead_following:11;stop_and_go:12,55;308;69;11;46;32;306;42;309;147;74;159;101;207;190;79;76;223;209;301;95;283;264;152;211;258;189;210;199;222;36;139;43;249;102;235;293;65;47;84;247;269;114;162;188;238;186;299;240;265,Random,4,0.00033119996078312397
20281029,Target-mcts_cv-leaveoneout,leave_one_out,mcts_cv,10,5,7,6.0,5.0,5,0.08046427229939183,2,cutin_braking:2;fast_intrusion:3;lead_braking:0;slow_lead_following:2;stop_and_go:3,247;220;60;74;260;80;256;18;46;204,Random,5,0.00017739995382726192
20281029,Target-mcts_cv-leaveoneout,leave_one_out,mcts_cv,20,7,10,8.5,7.0,7,0.09251998901230624,2,cutin_braking:5;fast_intrusion:6;lead_braking:2;slow_lead_following:3;stop_and_go:4,247;220;60;74;260;80;256;18;46;204;143;35;134;319;89;7;58;70;79;196,Random,5,0.00017739995382726192
20281029,Target-mcts_cv-leaveoneout,leave_one_out,mcts_cv,30,10,14,12.0,9.5,10,0.11200930556119719,4,cutin_braking:6;fast_intrusion:7;lead_braking:6;slow_lead_following:7;stop_and_go:4,247;220;60;74;260;80;256;18;46;204;143;35;134;319;89;7;58;70;79;196;299;189;82;131;273;288;173;268;130;53,Random,5,0.00017739995382726192
20281029,Target-mcts_cv-leaveoneout,leave_one_out,mcts_cv,50,13,21,17.0,13.0,13,0.1441459250141156,7,cutin_braking:10;fast_intrusion:11;lead_braking:12;slow_lead_following:11;stop_and_go:6,247;220;60;74;260;80;256;18;46;204;143;35;134;319;89;7;58;70;79;196;299;189;82;131;273;288;173;268;130;53;90;317;300;194;140;5;50;186;142;6;127;191;311;118;31;148;306;188;217;121,Random,5,0.00017739995382726192
20281029,Target-mcts_cv-leaveoneout,leave_one_out,mcts_cv,10,1,1,1.0,1.0,1,0.008733081087679343,0,cutin_braking:4;fast_intrusion:2;lead_braking:1;slow_lead_following:0;stop_and_go:3,51;240;42;91;247;71;191;85;223;122,Random,6,0.0005446000723168254
20281029,Target-mcts_cv-leaveoneout,leave_one_out,mcts_cv,20,2,4,3.0,2.5,2,0.022294630230983485,0,cutin_braking:6;fast_intrusion:3;lead_braking:1;slow_lead_following:3;stop_and_go:7,51;240;42;91;247;71;191;85;223;122;248;205;69;110;273;275;259;14;206;224,Random,6,0.0005446000723168254
20281029,Target-mcts_cv-leaveoneout,leave_one_out,mcts_cv,30,3,7,5.0,4.5,3,0.0335504384844783,1,cutin_braking:7;fast_intrusion:9;lead_braking:4;slow_lead_following:3;stop_and_go:7,51;240;42;91;247;71;191;85;223;122;248;205;69;110;273;275;259;14;206;224;44;7;133;141;5;36;10;32;155;67,Random,6,0.0005446000723168254
20281029,Target-mcts_cv-leaveoneout,leave_one_out,mcts_cv,50,7,15,11.0,9.0,7,0.08290113267647009,3,cutin_braking:13;fast_intrusion:15;lead_braking:8;slow_lead_following:5;stop_and_go:9,51;240;42;91;247;71;191;85;223;122;248;205;69;110;273;275;259;14;206;224;44;7;133;141;5;36;10;32;155;67;288;57;127;84;94;128;59;278;2;124;152;184;209;138;28;15;236;9;114;100,Random,6,0.0005446000723168254
20281029,Target-mcts_cv-leaveoneout,leave_one_out,mcts_cv,10,4,6,5.0,4.0,4,0.03044957057408036,1,cutin_braking:3;fast_intrusion:3;lead_braking:0;slow_lead_following:1;stop_and_go:3,94;204;116;41;24;110;198;316;10;224,Random,7,0.00022080005146563053
20281029,Target-mcts_cv-leaveoneout,leave_one_out,mcts_cv,20,4,10,7.0,5.5,4,0.06640322858374462,2,cutin_braking:5;fast_intrusion:6;lead_braking:1;slow_lead_following:4;stop_and_go:4,94;204;116;41;24;110;198;316;10;224;283;227;167;84;14;3;53;114;278;277,Random,7,0.00022080005146563053
20281029,Target-mcts_cv-leaveoneout,leave_one_out,mcts_cv,30,4,11,7.5,6.0,4,0.07127992749772097,2,cutin_braking:7;fast_intrusion:9;lead_braking:3;slow_lead_following:6;stop_and_go:5,94;204;116;41;24;110;198;316;10;224;283;227;167;84;14;3;53;114;278;277;90;176;58;311;18;38;127;310;140;192,Random,7,0.00022080005146563053
20281029,Target-mcts_cv-leaveoneout,leave_one_out,mcts_cv,50,6,15,10.5,8.5,6,0.08900082996548318,4,cutin_braking:9;fast_intrusion:13;lead_braking:8;slow_lead_following:9;stop_and_go:11,94;204;116;41;24;110;198;316;10;224;283;227;167;84;14;3;53;114;278;277;90;176;58;311;18;38;127;310;140;192;160;221;295;44;139;126;177;73;54;143;42;231;317;233;214;245;135;33;297;253,Random,7,0.00022080005146563053
20281029,Target-mcts_cv-leaveoneout,leave_one_out,mcts_cv,10,2,3,2.5,2.5,2,0.0734366722748558,1,cutin_braking:2;fast_intrusion:2;lead_braking:2;slow_lead_following:3;stop_and_go:1,293;23;270;184;101;280;109;233;128;17,Random,8,0.00021520000882446766
20281029,Target-mcts_cv-leaveoneout,leave_one_out,mcts_cv,20,7,8,7.5,7.5,7,0.1001712582585519,2,cutin_braking:5;fast_intrusion:4;lead_braking:5;slow_lead_following:4;stop_and_go:2,293;23;270;184;101;280;109;233;128;17;139;167;47;118;239;25;173;295;82;78,Random,8,0.00021520000882446766
20281029,Target-mcts_cv-leaveoneout,leave_one_out,mcts_cv,30,10,12,11.0,10.0,10,0.1190094071366746,3,cutin_braking:8;fast_intrusion:7;lead_braking:7;slow_lead_following:5;stop_and_go:3,293;23;270;184;101;280;109;233;128;17;139;167;47;118;239;25;173;295;82;78;29;268;67;168;86;83;60;40;170;194,Random,8,0.00021520000882446766
20281029,Target-mcts_cv-leaveoneout,leave_one_out,mcts_cv,50,12,18,15.0,12.5,12,0.13712237515205838,5,cutin_braking:15;fast_intrusion:11;lead_braking:11;slow_lead_following:7;stop_and_go:6,293;23;270;184;101;280;109;233;128;17;139;167;47;118;239;25;173;295;82;78;29;268;67;168;86;83;60;40;170;194;162;93;14;50;64;122;277;120;215;287;206;177;65;32;115;158;107;219;5;179,Random,8,0.00021520000882446766
20281029,Target-mcts_cv-leaveoneout,leave_one_out,mcts_cv,10,0,4,2.0,2.0,0,0.037249496938148934,3,cutin_braking:5;fast_intrusion:0;lead_braking:1;slow_lead_following:3;stop_and_go:1,198;125;81;101;104;261;84;136;304;299,Random,9,0.00018169998656958342
20281029,Target-mcts_cv-leaveoneout,leave_one_out,mcts_cv,20,1,6,3.5,3.5,1,0.044608671695902574,3,cutin_braking:6;fast_intrusion:3;lead_braking:3;slow_lead_following:4;stop_and_go:4,198;125;81;101;104;261;84;136;304;299;142;47;295;219;195;44;58;117;147;244,Random,9,0.00018169998656958342
20281029,Target-mcts_cv-leaveoneout,leave_one_out,mcts_cv,30,2,7,4.5,4.5,2,0.05225313507408158,3,cutin_braking:6;fast_intrusion:6;lead_braking:6;slow_lead_following:6;stop_and_go:6,198;125;81;101;104;261;84;136;304;299;142;47;295;219;195;44;58;117;147;244;301;16;151;18;188;197;5;137;319;242,Random,9,0.00018169998656958342
20281029,Target-mcts_cv-leaveoneout,leave_one_out,mcts_cv,50,5,13,9.0,8.5,5,0.08210453618695002,3,cutin_braking:9;fast_intrusion:10;lead_braking:9;slow_lead_following:10;stop_and_go:12,198;125;81;101;104;261;84;136;304;299;142;47;295;219;195;44;58;117;147;244;301;16;151;18;188;197;5;137;319;242;39;75;214;316;98;7;222;213;182;196;35;15;105;180;311;200;262;187;269;239,Random,9,0.00018169998656958342
20281029,Target-ppo_ece-leaveoneout,leave_one_out,ppo_ece,10,2,5,3.5,3.5,2,0.05633484380593508,0,cutin_braking:1;fast_intrusion:1;lead_braking:1;slow_lead_following:6;stop_and_go:1,274;280;293;294;65;319;309;8;204;189,NoComposition,0,0.3256070000352338
20281029,Target-ppo_ece-leaveoneout,leave_one_out,ppo_ece,20,3,12,7.5,6.5,3,0.07954542163719325,0,cutin_braking:3;fast_intrusion:4;lead_braking:1;slow_lead_following:9;stop_and_go:3,274;280;293;294;65;319;309;8;204;189;122;12;60;196;110;31;266;315;272;236,NoComposition,0,0.3256070000352338
20281029,Target-ppo_ece-leaveoneout,leave_one_out,ppo_ece,30,3,13,8.0,6.5,3,0.08132885713200647,0,cutin_braking:6;fast_intrusion:5;lead_braking:2;slow_lead_following:11;stop_and_go:6,274;280;293;294;65;319;309;8;204;189;122;12;60;196;110;31;266;315;272;236;55;257;240;171;124;312;80;220;203;113,NoComposition,0,0.3256070000352338
20281029,Target-ppo_ece-leaveoneout,leave_one_out,ppo_ece,50,8,23,15.5,10.5,8,0.1065159622378351,0,cutin_braking:10;fast_intrusion:9;lead_braking:4;slow_lead_following:17;stop_and_go:10,274;280;293;294;65;319;309;8;204;189;122;12;60;196;110;31;266;315;272;236;55;257;240;171;124;312;80;220;203;113;302;144;2;298;284;258;20;209;211;0;277;105;252;314;173;212;94;98;121;24,NoComposition,0,0.3256070000352338
20281029,Target-ppo_ece-leaveoneout,leave_one_out,ppo_ece,10,2,6,4.0,4.0,2,0.06070138434977475,0,cutin_braking:2;fast_intrusion:2;lead_braking:1;slow_lead_following:4;stop_and_go:1,274;280;293;294;106;8;122;12;204;189,NoNull,0,0.3157922000391409
20281029,Target-ppo_ece-leaveoneout,leave_one_out,ppo_ece,20,3,11,7.0,6.0,3,0.07484574834479216,0,cutin_braking:5;fast_intrusion:7;lead_braking:1;slow_lead_following:5;stop_and_go:2,274;280;293;294;106;8;122;12;204;189;65;126;60;266;236;31;54;55;46;74,NoNull,0,0.3157922000391409
20281029,Target-ppo_ece-leaveoneout,leave_one_out,ppo_ece,30,5,17,11.0,8.5,5,0.09175224007349986,0,cutin_braking:8;fast_intrusion:8;lead_braking:1;slow_lead_following:7;stop_and_go:6,274;280;293;294;106;8;122;12;204;189;65;126;60;266;236;31;54;55;46;74;211;196;230;82;272;113;89;0;220;277,NoNull,0,0.3157922000391409
20281029,Target-ppo_ece-leaveoneout,leave_one_out,ppo_ece,50,9,27,18.0,11.5,9,0.11666530137248955,0,cutin_braking:15;fast_intrusion:14;lead_braking:2;slow_lead_following:12;stop_and_go:7,274;280;293;294;106;8;122;12;204;189;65;126;60;266;236;31;54;55;46;74;211;196;230;82;272;113;89;0;220;277;282;257;98;306;102;24;314;284;124;63;47;198;105;15;48;141;40;66;94;121,NoNull,0,0.3157922000391409
20281029,Target-ppo_ece-leaveoneout,leave_one_out,ppo_ece,10,0,2,1.0,1.0,0,0.019059299559489727,0,cutin_braking:2;fast_intrusion:1;lead_braking:3;slow_lead_following:2;stop_and_go:2,183;294;156;107;231;215;128;110;35;257,Random,0,0.0004034999292343855
20281029,Target-ppo_ece-leaveoneout,leave_one_out,ppo_ece,20,0,2,1.0,1.0,0,0.019059299559489727,0,cutin_braking:5;fast_intrusion:4;lead_braking:4;slow_lead_following:3;stop_and_go:4,183;294;156;107;231;215;128;110;35;257;44;133;73;103;193;33;209;112;28;311,Random,0,0.0004034999292343855
20281029,Target-ppo_ece-leaveoneout,leave_one_out,ppo_ece,30,0,3,1.5,1.5,0,0.02093457480424983,0,cutin_braking:7;fast_intrusion:6;lead_braking:7;slow_lead_following:4;stop_and_go:6,183;294;156;107;231;215;128;110;35;257;44;133;73;103;193;33;209;112;28;311;53;149;225;96;55;98;169;292;153;197,Random,0,0.0004034999292343855
20281029,Target-ppo_ece-leaveoneout,leave_one_out,ppo_ece,50,0,4,2.0,2.0,0,0.023482976261040185,0,cutin_braking:8;fast_intrusion:9;lead_braking:13;slow_lead_following:10;stop_and_go:10,183;294;156;107;231;215;128;110;35;257;44;133;73;103;193;33;209;112;28;311;53;149;225;96;55;98;169;292;153;197;130;280;307;283;279;181;2;139;189;200;134;192;186;246;265;207;63;52;297;92,Random,0,0.0004034999292343855
20281029,Target-ppo_ece-leaveoneout,leave_one_out,ppo_ece,10,0,2,1.0,1.0,0,0.02191175160096666,0,cutin_braking:2;fast_intrusion:2;lead_braking:1;slow_lead_following:3;stop_and_go:2,205;185;259;249;288;49;276;56;71;98,Random,1,0.00020750006660819054
20281029,Target-ppo_ece-leaveoneout,leave_one_out,ppo_ece,20,1,4,2.5,2.5,1,0.0293660033581256,0,cutin_braking:5;fast_intrusion:6;lead_braking:1;slow_lead_following:4;stop_and_go:4,205;185;259;249;288;49;276;56;71;98;97;42;248;256;0;4;63;88;90;241,Random,1,0.00020750006660819054
20281029,Target-ppo_ece-leaveoneout,leave_one_out,ppo_ece,30,1,5,3.0,3.0,1,0.03405656477711395,0,cutin_braking:6;fast_intrusion:8;lead_braking:4;slow_lead_following:7;stop_and_go:5,205;185;259;249;288;49;276;56;71;98;97;42;248;256;0;4;63;88;90;241;8;264;75;138;154;171;1;222;285;284,Random,1,0.00020750006660819054
20281029,Target-ppo_ece-leaveoneout,leave_one_out,ppo_ece,50,1,7,4.0,3.5,1,0.04353716420710613,0,cutin_braking:11;fast_intrusion:13;lead_braking:7;slow_lead_following:10;stop_and_go:9,205;185;259;249;288;49;276;56;71;98;97;42;248;256;0;4;63;88;90;241;8;264;75;138;154;171;1;222;285;284;21;201;106;225;74;87;229;93;306;286;223;80;55;157;51;43;260;131;163;25,Random,1,0.00020750006660819054
20281029,Target-ppo_ece-leaveoneout,leave_one_out,ppo_ece,10,0,2,1.0,1.0,0,0.020849934618215844,0,cutin_braking:2;fast_intrusion:1;lead_braking:2;slow_lead_following:3;stop_and_go:2,254;300;72;243;166;44;259;290;77;169,Random,2,0.00017120002303272486
20281029,Target-ppo_ece-leaveoneout,leave_one_out,ppo_ece,20,0,4,2.0,2.0,0,0.026277468241902836,0,cutin_braking:4;fast_intrusion:4;lead_braking:3;slow_lead_following:5;stop_and_go:4,254;300;72;243;166;44;259;290;77;169;56;172;36;224;107;38;289;253;305;98,Random,2,0.00017120002303272486
20281029,Target-ppo_ece-leaveoneout,leave_one_out,ppo_ece,30,1,6,3.5,3.5,1,0.03483171152694335,0,cutin_braking:6;fast_intrusion:6;lead_braking:5;slow_lead_following:6;stop_and_go:7,254;300;72;243;166;44;259;290;77;169;56;172;36;224;107;38;289;253;305;98;302;129;94;206;73;230;133;7;24;231,Random,2,0.00017120002303272486
20281029,Target-ppo_ece-leaveoneout,leave_one_out,ppo_ece,50,2,8,5.0,5.0,2,0.05220137552759346,0,cutin_braking:11;fast_intrusion:10;lead_braking:8;slow_lead_following:13;stop_and_go:8,254;300;72;243;166;44;259;290;77;169;56;172;36;224;107;38;289;253;305;98;302;129;94;206;73;230;133;7;24;231;14;163;286;315;267;309;69;108;71;190;150;270;222;81;62;13;291;52;282;80,Random,2,0.00017120002303272486
20281029,Target-ppo_ece-leaveoneout,leave_one_out,ppo_ece,10,0,0,0.0,0.0,0,0.0,0,cutin_braking:2;fast_intrusion:2;lead_braking:2;slow_lead_following:1;stop_and_go:3,172;241;29;301;88;231;146;210;17;112,Random,3,0.00017370004206895828
20281029,Target-ppo_ece-leaveoneout,leave_one_out,ppo_ece,20,1,2,1.5,1.5,1,0.00912999484545635,0,cutin_braking:2;fast_intrusion:4;lead_braking:7;slow_lead_following:1;stop_and_go:6,172;241;29;301;88;231;146;210;17;112;34;238;223;129;191;224;32;134;171;133,Random,3,0.00017370004206895828
20281029,Target-ppo_ece-leaveoneout,leave_one_out,ppo_ece,30,1,4,2.5,2.0,1,0.015185339823492456,0,cutin_braking:3;fast_intrusion:6;lead_braking:9;slow_lead_following:2;stop_and_go:10,172;241;29;301;88;231;146;210;17;112;34;238;223;129;191;224;32;134;171;133;193;55;158;57;273;105;245;165;251;248,Random,3,0.00017370004206895828
20281029,Target-ppo_ece-leaveoneout,leave_one_out,ppo_ece,50,2,7,4.5,3.5,2,0.0484335904013636,0,cutin_braking:6;fast_intrusion:9;lead_braking:15;slow_lead_following:7;stop_and_go:13,172;241;29;301;88;231;146;210;17;112;34;238;223;129;191;224;32;134;171;133;193;55;158;57;273;105;245;165;251;248;53;249;142;54;189;235;203;314;190;75;256;168;289;80;11;317;181;85;160;290,Random,3,0.00017370004206895828
20281029,Target-ppo_ece-leaveoneout,leave_one_out,ppo_ece,10,0,1,0.5,0.5,0,0.0043665405438396716,0,cutin_braking:3;fast_intrusion:2;lead_braking:2;slow_lead_following:1;stop_and_go:2,34;303;28;122;82;173;156;95;209;233,Random,4,0.0003030999796465039
20281029,Target-ppo_ece-leaveoneout,leave_one_out,ppo_ece,20,4,7,5.5,4.0,4,0.06274705553828684,0,cutin_braking:6;fast_intrusion:2;lead_braking:2;slow_lead_following:7;stop_and_go:3,34;303;28;122;82;173;156;95;209;233;70;293;290;265;298;94;117;283;266;193,Random,4,0.0003030999796465039
20281029,Target-ppo_ece-leaveoneout,leave_one_out,ppo_ece,30,4,7,5.5,4.0,4,0.06274705553828684,0,cutin_braking:7;fast_intrusion:5;lead_braking:6;slow_lead_following:9;stop_and_go:3,34;303;28;122;82;173;156;95;209;233;70;293;290;265;298;94;117;283;266;193;114;54;18;190;276;191;164;128;53;286,Random,4,0.0003030999796465039
20281029,Target-ppo_ece-leaveoneout,leave_one_out,ppo_ece,50,5,9,7.0,4.5,5,0.0685129412193835,0,cutin_braking:13;fast_intrusion:8;lead_braking:9;slow_lead_following:11;stop_and_go:9,34;303;28;122;82;173;156;95;209;233;70;293;290;265;298;94;117;283;266;193;114;54;18;190;276;191;164;128;53;286;11;45;251;171;97;115;118;157;280;223;77;245;225;228;195;31;85;96;136;319,Random,4,0.0003030999796465039
20281029,Target-ppo_ece-leaveoneout,leave_one_out,ppo_ece,10,0,3,1.5,1.5,0,0.02592165372068227,0,cutin_braking:3;fast_intrusion:1;lead_braking:1;slow_lead_following:4;stop_and_go:1,108;302;191;254;278;304;98;13;262;76,Random,5,0.00016360008157789707
20281029,Target-ppo_ece-leaveoneout,leave_one_out,ppo_ece,20,0,3,1.5,1.5,0,0.02592165372068227,0,cutin_braking:6;fast_intrusion:4;lead_braking:1;slow_lead_following:4;stop_and_go:5,108;302;191;254;278;304;98;13;262;76;47;240;202;37;84;49;231;219;68;66,Random,5,0.00016360008157789707
20281029,Target-ppo_ece-leaveoneout,leave_one_out,ppo_ece,30,0,3,1.5,1.5,0,0.02592165372068227,0,cutin_braking:8;fast_intrusion:7;lead_braking:4;slow_lead_following:4;stop_and_go:7,108;302;191;254;278;304;98;13;262;76;47;240;202;37;84;49;231;219;68;66;181;187;1;215;237;153;41;29;125;95,Random,5,0.00016360008157789707
20281029,Target-ppo_ece-leaveoneout,leave_one_out,ppo_ece,50,0,4,2.0,2.0,0,0.028343957488650175,0,cutin_braking:11;fast_intrusion:12;lead_braking:8;slow_lead_following:7;stop_and_go:12,108;302;191;254;278;304;98;13;262;76;47;240;202;37;84;49;231;219;68;66;181;187;1;215;237;153;41;29;125;95;34;158;163;229;51;242;159;106;20;273;133;214;299;72;46;102;225;259;2;218,Random,5,0.00016360008157789707
20281029,Target-ppo_ece-leaveoneout,leave_one_out,ppo_ece,10,0,1,0.5,0.5,0,0.014784202298667604,0,cutin_braking:1;fast_intrusion:0;lead_braking:6;slow_lead_following:3;stop_and_go:0,270;155;114;176;300;311;186;183;152;134,Random,6,0.0003448999486863613
20281029,Target-ppo_ece-leaveoneout,leave_one_out,ppo_ece,20,0,2,1.0,1.0,0,0.018588087964098728,0,cutin_braking:4;fast_intrusion:2;lead_braking:8;slow_lead_following:4;stop_and_go:2,270;155;114;176;300;311;186;183;152;134;82;55;126;139;49;214;146;284;249;120,Random,6,0.0003448999486863613
20281029,Target-ppo_ece-leaveoneout,leave_one_out,ppo_ece,30,0,4,2.0,1.0,0,0.023690330916846223,0,cutin_braking:6;fast_intrusion:2;lead_braking:9;slow_lead_following:10;stop_and_go:3,270;155;114;176;300;311;186;183;152;134;82;55;126;139;49;214;146;284;249;120;96;295;140;286;232;278;264;113;294;319,Random,6,0.0003448999486863613
20281029,Target-ppo_ece-leaveoneout,leave_one_out,ppo_ece,50,1,7,4.0,2.5,1,0.03425555249322555,0,cutin_braking:9;fast_intrusion:6;lead_braking:14;slow_lead_following:14;stop_and_go:7,270;155;114;176;300;311;186;183;152;134;82;55;126;139;49;214;146;284;249;120;96;295;140;286;232;278;264;113;294;319;301;11;211;312;168;181;158;299;78;202;41;160;101;52;198;269;224;85;133;45,Random,6,0.0003448999486863613
20281029,Target-ppo_ece-leaveoneout,leave_one_out,ppo_ece,10,1,1,1.0,1.0,1,0.0035241636205394313,0,cutin_braking:2;fast_intrusion:4;lead_braking:2;slow_lead_following:1;stop_and_go:1,301;179;129;0;127;49;6;81;206;43,Random,7,0.0004217000678181648
20281029,Target-ppo_ece-leaveoneout,leave_one_out,ppo_ece,20,1,1,1.0,1.0,1,0.0035241636205394313,0,cutin_braking:8;fast_intrusion:5;lead_braking:3;slow_lead_following:1;stop_and_go:3,301;179;129;0;127;49;6;81;206;43;112;42;87;105;203;249;117;93;124;143,Random,7,0.0004217000678181648
20281029,Target-ppo_ece-leaveoneout,leave_one_out,ppo_ece,30,2,3,2.5,2.5,2,0.029907879015980507,0,cutin_braking:9;fast_intrusion:8;lead_braking:6;slow_lead_following:3;stop_and_go:4,301;179;129;0;127;49;6;81;206;43;112;42;87;105;203;249;117;93;124;143;296;82;22;177;32;274;157;159;44;225,Random,7,0.0004217000678181648
20281029,Target-ppo_ece-leaveoneout,leave_one_out,ppo_ece,50,3,6,4.5,4.5,3,0.04655400714663227,0,cutin_braking:12;fast_intrusion:13;lead_braking:11;slow_lead_following:5;stop_and_go:9,301;179;129;0;127;49;6;81;206;43;112;42;87;105;203;249;117;93;124;143;296;82;22;177;32;274;157;159;44;225;240;251;234;298;1;78;137;141;304;144;50;59;216;107;4;52;188;209;77;151,Random,7,0.0004217000678181648
20281029,Target-ppo_ece-leaveoneout,leave_one_out,ppo_ece,10,0,1,0.5,0.5,0,0.0021373550655320967,0,cutin_braking:2;fast_intrusion:0;lead_braking:3;slow_lead_following:3;stop_and_go:2,188;111;124;209;292;319;141;291;137;247,Random,8,0.000341000035405159
20281029,Target-ppo_ece-leaveoneout,leave_one_out,ppo_ece,20,0,1,0.5,0.5,0,0.0021373550655320967,0,cutin_braking:6;fast_intrusion:2;lead_braking:6;slow_lead_following:3;stop_and_go:3,188;111;124;209;292;319;141;291;137;247;92;88;93;131;42;30;84;148;129;225,Random,8,0.000341000035405159
20281029,Target-ppo_ece-leaveoneout,leave_one_out,ppo_ece,30,2,4,3.0,2.5,2,0.03568063376967158,0,cutin_braking:8;fast_intrusion:5;lead_braking:9;slow_lead_following:4;stop_and_go:4,188;111;124;209;292;319;141;291;137;247;92;88;93;131;42;30;84;148;129;225;16;314;184;91;99;3;180;229;32;145,Random,8,0.000341000035405159
20281029,Target-ppo_ece-leaveoneout,leave_one_out,ppo_ece,50,4,9,6.5,6.0,4,0.06114696379166089,0,cutin_braking:13;fast_intrusion:9;lead_braking:13;slow_lead_following:7;stop_and_go:8,188;111;124;209;292;319;141;291;137;247;92;88;93;131;42;30;84;148;129;225;16;314;184;91;99;3;180;229;32;145;21;133;142;12;173;166;272;75;231;96;193;34;311;65;205;38;236;270;102;94,Random,8,0.000341000035405159
20281029,Target-ppo_ece-leaveoneout,leave_one_out,ppo_ece,10,0,1,0.5,0.5,0,0.0038368282062826962,0,cutin_braking:3;fast_intrusion:2;lead_braking:0;slow_lead_following:2;stop_and_go:3,222;74;104;297;221;311;73;63;253;5,Random,9,0.00023369991686195135
20281029,Target-ppo_ece-leaveoneout,leave_one_out,ppo_ece,20,1,2,1.5,1.5,1,0.010536936547513087,0,cutin_braking:3;fast_intrusion:5;lead_braking:2;slow_lead_following:6;stop_and_go:4,222;74;104;297;221;311;73;63;253;5;289;161;27;19;300;183;316;303;48;225,Random,9,0.00023369991686195135
20281029,Target-ppo_ece-leaveoneout,leave_one_out,ppo_ece,30,1,2,1.5,1.5,1,0.010536936547513087,0,cutin_braking:6;fast_intrusion:7;lead_braking:2;slow_lead_following:9;stop_and_go:6,222;74;104;297;221;311;73;63;253;5;289;161;27;19;300;183;316;303;48;225;250;263;57;319;235;77;91;87;257;36,Random,9,0.00023369991686195135
20281029,Target-ppo_ece-leaveoneout,leave_one_out,ppo_ece,50,2,7,4.5,4.5,2,0.043187934007222005,0,cutin_braking:8;fast_intrusion:12;lead_braking:8;slow_lead_following:12;stop_and_go:10,222;74;104;297;221;311;73;63;253;5;289;161;27;19;300;183;316;303;48;225;250;263;57;319;235;77;91;87;257;36;134;171;107;216;110;33;3;182;164;312;282;15;197;61;42;294;244;131;191;224,Random,9,0.00023369991686195135
20281112,Target-idm_mobil-leaveoneout,leave_one_out,idm_mobil,10,7,7,7.0,7.0,7,0.07221069670770502,0,cutin_braking:1;fast_intrusion:1;lead_braking:1;slow_lead_following:4;stop_and_go:3,293;294;297;205;307;88;32;210;221;160,NoComposition,0,0.3297123999800533
20281112,Target-idm_mobil-leaveoneout,leave_one_out,idm_mobil,20,17,17,17.0,12.0,17,0.11262702626599189,0,cutin_braking:4;fast_intrusion:5;lead_braking:1;slow_lead_following:5;stop_and_go:5,293;294;297;205;307;88;32;210;221;160;104;237;0;112;242;72;16;44;313;56,NoComposition,0,0.3297123999800533
20281112,Target-idm_mobil-leaveoneout,leave_one_out,idm_mobil,30,24,25,24.5,13.5,24,0.1409263913625744,0,cutin_braking:9;fast_intrusion:7;lead_braking:1;slow_lead_following:7;stop_and_go:6,293;294;297;205;307;88;32;210;221;160;104;237;0;112;242;72;16;44;313;56;209;262;84;8;64;48;96;124;76;299,NoComposition,0,0.3297123999800533
20281112,Target-idm_mobil-leaveoneout,leave_one_out,idm_mobil,50,34,39,36.5,17.5,34,0.18949002787853636,0,cutin_braking:12;fast_intrusion:13;lead_braking:2;slow_lead_following:13;stop_and_go:10,293;294;297;205;307;88;32;210;221;160;104;237;0;112;242;72;16;44;313;56;209;262;84;8;64;48;96;124;76;299;136;120;229;281;213;253;116;289;285;273;197;122;277;261;52;12;9;23;40;51,NoComposition,0,0.3297123999800533
20281112,Target-idm_mobil-leaveoneout,leave_one_out,idm_mobil,10,6,7,6.5,6.5,6,0.07754155316713131,0,cutin_braking:3;fast_intrusion:1;lead_braking:1;slow_lead_following:4;stop_and_go:1,293;297;294;96;100;205;307;74;32;160,NoNull,0,0.33037819992750883
20281112,Target-idm_mobil-leaveoneout,leave_one_out,idm_mobil,20,14,15,14.5,11.5,14,0.12151026742399676,0,cutin_braking:4;fast_intrusion:6;lead_braking:1;slow_lead_following:4;stop_and_go:5,293;297;294;96;100;205;307;74;32;160;210;221;44;12;26;28;15;237;242;72,NoNull,0,0.33037819992750883
20281112,Target-idm_mobil-leaveoneout,leave_one_out,idm_mobil,30,22,24,23.0,15.5,22,0.14643185973337103,0,cutin_braking:8;fast_intrusion:10;lead_braking:1;slow_lead_following:5;stop_and_go:6,293;297;294;96;100;205;307;74;32;160;210;221;44;12;26;28;15;237;242;72;0;52;92;124;16;229;56;120;103;313,NoNull,0,0.33037819992750883
20281112,Target-idm_mobil-leaveoneout,leave_one_out,idm_mobil,50,37,40,38.5,21.0,37,0.19056569125948705,0,cutin_braking:19;fast_intrusion:15;lead_braking:2;slow_lead_following:7;stop_and_go:7,293;297;294;96;100;205;307;74;32;160;210;221;44;12;26;28;15;237;242;72;0;52;92;124;16;229;56;120;103;313;84;112;104;115;64;88;209;76;262;48;80;71;98;8;136;118;281;36;31;63,NoNull,0,0.33037819992750883
20281112,Target-idm_mobil-leaveoneout,leave_one_out,idm_mobil,10,4,4,4.0,4.0,4,0.05665285071426788,0,cutin_braking:2;fast_intrusion:0;lead_braking:2;slow_lead_following:2;stop_and_go:4,96;242;169;142;295;289;236;219;205;90,Random,0,0.00036420009564608335
20281112,Target-idm_mobil-leaveoneout,leave_one_out,idm_mobil,20,5,5,5.0,5.0,5,0.08072729541784268,0,cutin_braking:4;fast_intrusion:1;lead_braking:4;slow_lead_following:5;stop_and_go:6,96;242;169;142;295;289;236;219;205;90;182;270;171;85;21;282;243;223;110;283,Random,0,0.00036420009564608335
20281112,Target-idm_mobil-leaveoneout,leave_one_out,idm_mobil,30,5,5,5.0,5.0,5,0.08072729541784268,0,cutin_braking:7;fast_intrusion:5;lead_braking:4;slow_lead_following:6;stop_and_go:8,96;242;169;142;295;289;236;219;205;90;182;270;171;85;21;282;243;223;110;283;66;116;54;235;312;211;11;15;89;22,Random,0,0.00036420009564608335
20281112,Target-idm_mobil-leaveoneout,leave_one_out,idm_mobil,50,8,8,8.0,8.0,8,0.09729534081020319,0,cutin_braking:11;fast_intrusion:8;lead_braking:8;slow_lead_following:9;stop_and_go:14,96;242;169;142;295;289;236;219;205;90;182;270;171;85;21;282;243;223;110;283;66;116;54;235;312;211;11;15;89;22;59;187;216;115;254;183;290;79;106;212;229;121;162;204;281;161;318;58;23;241,Random,0,0.00036420009564608335
20281112,Target-idm_mobil-leaveoneout,leave_one_out,idm_mobil,10,1,1,1.0,1.0,1,0.00859890866582897,0,cutin_braking:2;fast_intrusion:2;lead_braking:1;slow_lead_following:3;stop_and_go:2,94;179;80;26;317;207;206;284;49;306,Random,1,0.0002530000638216734
20281112,Target-idm_mobil-leaveoneout,leave_one_out,idm_mobil,20,2,2,2.0,2.0,2,0.04022555456119114,0,cutin_braking:3;fast_intrusion:5;lead_braking:4;slow_lead_following:4;stop_and_go:4,94;179;80;26;317;207;206;284;49;306;230;164;166;20;198;5;131;83;278;25,Random,1,0.0002530000638216734
20281112,Target-idm_mobil-leaveoneout,leave_one_out,idm_mobil,30,4,4,4.0,4.0,4,0.0778733269517676,0,cutin_braking:4;fast_intrusion:7;lead_braking:5;slow_lead_following:7;stop_and_go:7,94;179;80;26;317;207;206;284;49;306;230;164;166;20;198;5;131;83;278;25;241;309;211;156;290;275;30;32;220;95,Random,1,0.0002530000638216734
20281112,Target-idm_mobil-leaveoneout,leave_one_out,idm_mobil,50,9,10,9.5,7.5,9,0.10651850778083947,1,cutin_braking:9;fast_intrusion:12;lead_braking:12;slow_lead_following:8;stop_and_go:9,94;179;80;26;317;207;206;284;49;306;230;164;166;20;198;5;131;83;278;25;241;309;211;156;290;275;30;32;220;95;115;150;36;163;254;56;293;40;121;195;130;136;154;185;138;70;73;108;0;37,Random,1,0.0002530000638216734
20281112,Target-idm_mobil-leaveoneout,leave_one_out,idm_mobil,10,1,1,1.0,1.0,1,0.009758798210726201,0,cutin_braking:2;fast_intrusion:1;lead_braking:1;slow_lead_following:4;stop_and_go:2,306;164;244;292;311;6;94;245;83;315,Random,2,0.0002351000439375639
20281112,Target-idm_mobil-leaveoneout,leave_one_out,idm_mobil,20,3,3,3.0,3.0,3,0.02361434484903211,0,cutin_braking:5;fast_intrusion:5;lead_braking:2;slow_lead_following:4;stop_and_go:4,306;164;244;292;311;6;94;245;83;315;215;33;71;105;247;142;3;18;65;56,Random,2,0.0002351000439375639
20281112,Target-idm_mobil-leaveoneout,leave_one_out,idm_mobil,30,4,7,5.5,5.0,4,0.06337705625634382,1,cutin_braking:5;fast_intrusion:7;lead_braking:3;slow_lead_following:5;stop_and_go:10,306;164;244;292;311;6;94;245;83;315;215;33;71;105;247;142;3;18;65;56;170;228;52;1;194;265;202;243;230;197,Random,2,0.0002351000439375639
20281112,Target-idm_mobil-leaveoneout,leave_one_out,idm_mobil,50,9,12,10.5,7.5,9,0.0929018883105499,1,cutin_braking:9;fast_intrusion:9;lead_braking:7;slow_lead_following:10;stop_and_go:15,306;164;244;292;311;6;94;245;83;315;215;33;71;105;247;142;3;18;65;56;170;228;52;1;194;265;202;243;230;197;237;224;50;231;184;118;157;28;281;96;221;314;122;264;239;316;97;274;134;151,Random,2,0.0002351000439375639
20281112,Target-idm_mobil-leaveoneout,leave_one_out,idm_mobil,10,2,3,2.5,2.5,2,0.01895533831564211,0,cutin_braking:2;fast_intrusion:3;lead_braking:0;slow_lead_following:2;stop_and_go:3,40;296;225;68;70;221;22;4;285;216,Random,3,0.00021410000044852495
20281112,Target-idm_mobil-leaveoneout,leave_one_out,idm_mobil,20,4,5,4.5,4.5,4,0.05220467136102246,0,cutin_braking:6;fast_intrusion:4;lead_braking:2;slow_lead_following:4;stop_and_go:4,40;296;225;68;70;221;22;4;285;216;281;65;159;59;286;91;66;88;140;209,Random,3,0.00021410000044852495
20281112,Target-idm_mobil-leaveoneout,leave_one_out,idm_mobil,30,4,5,4.5,4.5,4,0.05220467136102246,0,cutin_braking:7;fast_intrusion:7;lead_braking:5;slow_lead_following:6;stop_and_go:5,40;296;225;68;70;221;22;4;285;216;281;65;159;59;286;91;66;88;140;209;51;27;158;185;238;274;43;102;319;170,Random,3,0.00021410000044852495
20281112,Target-idm_mobil-leaveoneout,leave_one_out,idm_mobil,50,4,5,4.5,4.5,4,0.05220467136102246,0,cutin_braking:13;fast_intrusion:10;lead_braking:10;slow_lead_following:9;stop_and_go:8,40;296;225;68;70;221;22;4;285;216;281;65;159;59;286;91;66;88;140;209;51;27;158;185;238;274;43;102;319;170;17;275;226;187;116;89;77;266;146;180;125;67;250;101;10;206;134;53;188;259,Random,3,0.00021410000044852495
20281112,Target-idm_mobil-leaveoneout,leave_one_out,idm_mobil,10,2,2,2.0,2.0,2,0.015217157523824165,0,cutin_braking:3;fast_intrusion:2;lead_braking:2;slow_lead_following:1;stop_and_go:2,21;114;214;167;79;152;238;56;302;117,Random,4,0.00017630006186664104
20281112,Target-idm_mobil-leaveoneout,leave_one_out,idm_mobil,20,2,4,3.0,3.0,2,0.03929117013180172,0,cutin_braking:4;fast_intrusion:4;lead_braking:6;slow_lead_following:2;stop_and_go:4,21;114;214;167;79;152;238;56;302;117;54;163;102;147;156;3;277;197;243;172,Random,4,0.00017630006186664104
20281112,Target-idm_mobil-leaveoneout,leave_one_out,idm_mobil,30,3,5,4.0,4.0,3,0.047299976227393695,0,cutin_braking:5;fast_intrusion:6;lead_braking:10;slow_lead_following:3;stop_and_go:6,21;114;214;167;79;152;238;56;302;117;54;163;102;147;156;3;277;197;243;172;17;174;306;183;207;173;162;80;224;13,Random,4,0.00017630006186664104
20281112,Target-idm_mobil-leaveoneout,leave_one_out,idm_mobil,50,9,13,11.0,8.5,9,0.08954158208673313,0,cutin_braking:11;fast_intrusion:10;lead_braking:11;slow_lead_following:6;stop_and_go:12,21;114;214;167;79;152;238;56;302;117;54;163;102;147;156;3;277;197;243;172;17;174;306;183;207;173;162;80;224;13;285;85;234;209;192;210;219;4;27;118;164;87;252;32;66;88;112;23;265;258,Random,4,0.00017630006186664104
20281112,Target-idm_mobil-leaveoneout,leave_one_out,idm_mobil,10,2,3,2.5,2.5,2,0.06057301982221465,0,cutin_braking:0;fast_intrusion:2;lead_braking:0;slow_lead_following:7;stop_and_go:1,279;38;291;289;266;280;270;7;252;319,Random,5,0.00023909995798021555
20281112,Target-idm_mobil-leaveoneout,leave_one_out,idm_mobil,20,4,5,4.5,4.5,4,0.0719198556009171,0,cutin_braking:1;fast_intrusion:6;lead_braking:2;slow_lead_following:9;stop_and_go:2,279;38;291;289;266;280;270;7;252;319;21;31;169;103;282;45;13;176;196;306,Random,5,0.00023909995798021555
20281112,Target-idm_mobil-leaveoneout,leave_one_out,idm_mobil,30,5,6,5.5,5.5,5,0.07568418365683638,0,cutin_braking:3;fast_intrusion:8;lead_braking:6;slow_lead_following:9;stop_and_go:4,279;38;291;289;266;280;270;7;252;319;21;31;169;103;282;45;13;176;196;306;171;140;78;93;16;155;174;57;251;206,Random,5,0.00023909995798021555
20281112,Target-idm_mobil-leaveoneout,leave_one_out,idm_mobil,50,10,13,11.5,9.5,10,0.10134580908212727,1,cutin_braking:6;fast_intrusion:12;lead_braking:9;slow_lead_following:12;stop_and_go:11,279;38;291;289;266;280;270;7;252;319;21;31;169;103;282;45;13;176;196;306;171;140;78;93;16;155;174;57;251;206;243;118;20;160;297;281;194;249;139;114;23;56;221;201;85;172;239;220;33;295,Random,5,0.00023909995798021555
20281112,Target-idm_mobil-leaveoneout,leave_one_out,idm_mobil,10,2,2,2.0,2.0,2,0.015200233945199964,0,cutin_braking:4;fast_intrusion:2;lead_braking:2;slow_lead_following:0;stop_and_go:2,139;193;77;98;220;112;96;2;177;41,Random,6,0.00048699998296797276
20281112,Target-idm_mobil-leaveoneout,leave_one_out,idm_mobil,20,4,5,4.5,4.5,4,0.060406797633474466,0,cutin_braking:7;fast_intrusion:2;lead_braking:3;slow_lead_following:3;stop_and_go:5,139;193;77;98;220;112;96;2;177;41;100;249;295;267;219;243;106;289;113;144,Random,6,0.00048699998296797276
20281112,Target-idm_mobil-leaveoneout,leave_one_out,idm_mobil,30,9,10,9.5,7.5,9,0.09386736992641513,0,cutin_braking:8;fast_intrusion:6;lead_braking:5;slow_lead_following:4;stop_and_go:7,139;193;77;98;220;112;96;2;177;41;100;249;295;267;219;243;106;289;113;144;143;266;187;24;12;65;237;33;245;48,Random,6,0.00048699998296797276
20281112,Target-idm_mobil-leaveoneout,leave_one_out,idm_mobil,50,15,17,16.0,9.0,15,0.11634012099405927,0,cutin_braking:19;fast_intrusion:9;lead_braking:7;slow_lead_following:7;stop_and_go:8,139;193;77;98;220;112;96;2;177;41;100;249;295;267;219;243;106;289;113;144;143;266;187;24;12;65;237;33;245;48;221;69;67;64;319;161;72;84;86;284;5;134;125;70;80;110;38;316;91;8,Random,6,0.00048699998296797276
20281112,Target-idm_mobil-leaveoneout,leave_one_out,idm_mobil,10,0,0,0.0,0.0,0,0.0,0,cutin_braking:1;fast_intrusion:1;lead_braking:4;slow_lead_following:2;stop_and_go:2,296;279;175;162;143;147;83;11;240;236,Random,7,0.00041009997949004173
20281112,Target-idm_mobil-leaveoneout,leave_one_out,idm_mobil,20,1,3,2.0,2.0,1,0.04030250111468672,0,cutin_braking:2;fast_intrusion:3;lead_braking:5;slow_lead_following:4;stop_and_go:6,296;279;175;162;143;147;83;11;240;236;59;211;226;87;229;251;294;185;54;277,Random,7,0.00041009997949004173
20281112,Target-idm_mobil-leaveoneout,leave_one_out,idm_mobil,30,3,5,4.0,4.0,3,0.059027945466519176,0,cutin_braking:4;fast_intrusion:4;lead_braking:8;slow_lead_following:7;stop_and_go:7,296;279;175;162;143;147;83;11;240;236;59;211;226;87;229;251;294;185;54;277;134;274;290;69;62;171;100;173;318;245,Random,7,0.00041009997949004173
20281112,Target-idm_mobil-leaveoneout,leave_one_out,idm_mobil,50,5,9,7.0,6.5,5,0.07441478452102929,1,cutin_braking:10;fast_intrusion:11;lead_braking:10;slow_lead_following:11;stop_and_go:8,296;279;175;162;143;147;83;11;240;236;59;211;226;87;229;251;294;185;54;277;134;274;290;69;62;171;100;173;318;245;280;5;81;47;151;111;37;9;281;55;74;32;269;17;291;208;85;117;152;65,Random,7,0.00041009997949004173
20281112,Target-idm_mobil-leaveoneout,leave_one_out,idm_mobil,10,0,1,0.5,0.5,0,0.0023421627124807533,0,cutin_braking:1;fast_intrusion:4;lead_braking:3;slow_lead_following:1;stop_and_go:1,312;163;39;25;177;109;157;49;213;17,Random,8,0.00029550003819167614
20281112,Target-idm_mobil-leaveoneout,leave_one_out,idm_mobil,20,0,2,1.0,1.0,0,0.0056586593323897354,0,cutin_braking:3;fast_intrusion:6;lead_braking:5;slow_lead_following:2;stop_and_go:4,312;163;39;25;177;109;157;49;213;17;77;87;60;263;159;202;238;128;219;45,Random,8,0.00029550003819167614
20281112,Target-idm_mobil-leaveoneout,leave_one_out,idm_mobil,30,0,2,1.0,1.0,0,0.0056586593323897354,0,cutin_braking:3;fast_intrusion:6;lead_braking:9;slow_lead_following:5;stop_and_go:7,312;163;39;25;177;109;157;49;213;17;77;87;60;263;159;202;238;128;219;45;316;259;155;235;192;240;156;133;149;299,Random,8,0.00029550003819167614
20281112,Target-idm_mobil-leaveoneout,leave_one_out,idm_mobil,50,4,7,5.5,4.5,4,0.045795827351994944,0,cutin_braking:8;fast_intrusion:7;lead_braking:14;slow_lead_following:8;stop_and_go:13,312;163;39;25;177;109;157;49;213;17;77;87;60;263;159;202;238;128;219;45;316;259;155;235;192;240;156;133;149;299;121;144;257;76;186;319;152;120;178;110;191;112;266;251;19;217;218;204;196;237,Random,8,0.00029550003819167614
20281112,Target-idm_mobil-leaveoneout,leave_one_out,idm_mobil,10,2,2,2.0,2.0,2,0.03529734979673653,0,cutin_braking:1;fast_intrusion:2;lead_braking:4;slow_lead_following:3;stop_and_go:0,308;103;159;137;54;162;182;261;33;314,Random,9,0.00036970002111047506
20281112,Target-idm_mobil-leaveoneout,leave_one_out,idm_mobil,20,3,3,3.0,3.0,3,0.04311262477653173,0,cutin_braking:4;fast_intrusion:6;lead_braking:5;slow_lead_following:4;stop_and_go:1,308;103;159;137;54;162;182;261;33;314;28;101;172;41;98;114;218;51;307;57,Random,9,0.00036970002111047506
20281112,Target-idm_mobil-leaveoneout,leave_one_out,idm_mobil,30,4,4,4.0,4.0,4,0.050154701115993905,0,cutin_braking:4;fast_intrusion:7;lead_braking:8;slow_lead_following:8;stop_and_go:3,308;103;159;137;54;162;182;261;33;314;28;101;172;41;98;114;218;51;307;57;185;150;203;22;313;319;291;171;303;202,Random,9,0.00036970002111047506
20281112,Target-idm_mobil-leaveoneout,leave_one_out,idm_mobil,50,8,9,8.5,8.0,8,0.07183337820096536,0,cutin_braking:10;fast_intrusion:12;lead_braking:12;slow_lead_following:9;stop_and_go:7,308;103;159;137;54;162;182;261;33;314;28;101;172;41;98;114;218;51;307;57;185;150;203;22;313;319;291;171;303;202;173;64;224;239;127;199;188;32;39;72;4;153;288;126;118;19;180;36;77;201,Random,9,0.00036970002111047506
20281112,Target-mcts_cv-leaveoneout,leave_one_out,mcts_cv,10,8,10,9.0,9.0,8,0.08761099609848538,0,cutin_braking:1;fast_intrusion:1;lead_braking:1;slow_lead_following:4;stop_and_go:3,309;294;297;205;88;32;307;210;221;160,NoComposition,0,0.3327932999236509
20281112,Target-mcts_cv-leaveoneout,leave_one_out,mcts_cv,20,17,19,18.0,13.0,17,0.13518050394317518,0,cutin_braking:4;fast_intrusion:3;lead_braking:1;slow_lead_following:7;stop_and_go:5,309;294;297;205;88;32;307;210;221;160;293;104;237;0;112;242;16;72;317;300,NoComposition,0,0.3327932999236509
20281112,Target-mcts_cv-leaveoneout,leave_one_out,mcts_cv,30,24,29,26.5,17.0,24,0.16969173448844693,0,cutin_braking:6;fast_intrusion:7;lead_braking:1;slow_lead_following:10;stop_and_go:6,309;294;297;205;88;32;307;210;221;160;293;104;237;0;112;242;16;72;317;300;44;56;313;209;262;8;48;277;84;96,NoComposition,0,0.3327932999236509
20281112,Target-mcts_cv-leaveoneout,leave_one_out,mcts_cv,50,33,47,40.0,18.5,33,0.21822824458423007,6,cutin_braking:18;fast_intrusion:7;lead_braking:2;slow_lead_following:12;stop_and_go:11,309;294;297;205;88;32;307;210;221;160;293;104;237;0;112;242;16;72;317;300;44;56;313;209;262;8;48;277;84;96;124;76;136;64;229;253;213;120;281;249;122;110;197;116;68;100;115;91;82;269,NoComposition,0,0.3327932999236509
20281112,Target-mcts_cv-leaveoneout,leave_one_out,mcts_cv,10,6,10,8.0,8.0,6,0.09085419168947073,0,cutin_braking:3;fast_intrusion:1;lead_braking:1;slow_lead_following:4;stop_and_go:1,309;294;297;96;100;205;79;32;307;136,NoNull,0,0.35056329995859414
20281112,Target-mcts_cv-leaveoneout,leave_one_out,mcts_cv,20,14,20,17.0,14.0,14,0.15133479116754628,0,cutin_braking:5;fast_intrusion:4;lead_braking:1;slow_lead_following:5;stop_and_go:5,309;294;297;96;100;205;79;32;307;136;210;221;44;40;84;293;28;237;71;242,NoNull,0,0.35056329995859414
20281112,Target-mcts_cv-leaveoneout,leave_one_out,mcts_cv,30,22,29,25.5,17.5,22,0.18093058561451175,0,cutin_braking:8;fast_intrusion:9;lead_braking:1;slow_lead_following:7;stop_and_go:5,309;294;297;96;100;205;79;32;307;136;210;221;44;40;84;293;28;237;71;242;63;31;24;48;92;120;317;300;23;124,NoNull,0,0.35056329995859414
20281112,Target-mcts_cv-leaveoneout,leave_one_out,mcts_cv,50,37,48,42.5,22.5,37,0.224129457394308,0,cutin_braking:16;fast_intrusion:15;lead_braking:2;slow_lead_following:10;stop_and_go:7,309;294;297;96;100;205;79;32;307;136;210;221;44;40;84;293;28;237;71;242;63;31;24;48;92;120;317;300;23;124;112;56;16;104;253;103;64;76;313;36;0;209;80;262;88;160;277;72;14;8,NoNull,0,0.35056329995859414
20281112,Target-mcts_cv-leaveoneout,leave_one_out,mcts_cv,10,3,4,3.5,3.5,3,0.07427862398659718,1,cutin_braking:1;fast_intrusion:2;lead_braking:2;slow_lead_following:3;stop_and_go:2,197;154;11;311;86;269;229;178;6;294,Random,0,0.00023150001652538776
20281112,Target-mcts_cv-leaveoneout,leave_one_out,mcts_cv,20,3,7,5.0,5.0,3,0.0800441091543242,3,cutin_braking:3;fast_intrusion:2;lead_braking:9;slow_lead_following:3;stop_and_go:3,197;154;11;311;86;269;229;178;6;294;171;169;132;118;167;136;183;152;111;219,Random,0,0.00023150001652538776
20281112,Target-mcts_cv-leaveoneout,leave_one_out,mcts_cv,30,5,11,8.0,7.0,5,0.09871238352249312,4,cutin_braking:5;fast_intrusion:6;lead_braking:12;slow_lead_following:4;stop_and_go:3,197;154;11;311;86;269;229;178;6;294;171;169;132;118;167;136;183;152;111;219;22;44;277;95;177;131;52;141;102;19,Random,0,0.00023150001652538776
20281112,Target-mcts_cv-leaveoneout,leave_one_out,mcts_cv,50,9,17,13.0,11.5,9,0.12443247814557575,5,cutin_braking:14;fast_intrusion:7;lead_braking:15;slow_lead_following:6;stop_and_go:8,197;154;11;311;86;269;229;178;6;294;171;169;132;118;167;136;183;152;111;219;22;44;277;95;177;131;52;141;102;19;309;14;140;242;173;89;298;94;200;92;240;120;196;226;74;127;99;159;75;82,Random,0,0.00023150001652538776
20281112,Target-mcts_cv-leaveoneout,leave_one_out,mcts_cv,10,2,5,3.5,3.5,2,0.044983720652978294,1,cutin_braking:1;fast_intrusion:2;lead_braking:2;slow_lead_following:3;stop_and_go:2,201;257;1;164;276;133;236;285;52;103,Random,1,0.00040710007306188345
20281112,Target-mcts_cv-leaveoneout,leave_one_out,mcts_cv,20,5,8,6.5,6.5,5,0.08346112219563318,1,cutin_braking:2;fast_intrusion:4;lead_braking:3;slow_lead_following:6;stop_and_go:5,201;257;1;164;276;133;236;285;52;103;3;304;64;293;232;247;294;30;214;165,Random,1,0.00040710007306188345
20281112,Target-mcts_cv-leaveoneout,leave_one_out,mcts_cv,30,7,11,9.0,8.5,7,0.11704424740796025,3,cutin_braking:4;fast_intrusion:5;lead_braking:4;slow_lead_following:10;stop_and_go:7,201;257;1;164;276;133;236;285;52;103;3;304;64;293;232;247;294;30;214;165;107;263;315;274;18;240;79;244;299;184,Random,1,0.00040710007306188345
20281112,Target-mcts_cv-leaveoneout,leave_one_out,mcts_cv,50,12,17,14.5,13.0,12,0.14779389239913615,5,cutin_braking:8;fast_intrusion:10;lead_braking:6;slow_lead_following:15;stop_and_go:11,201;257;1;164;276;133;236;285;52;103;3;304;64;293;232;247;294;30;214;165;107;263;315;274;18;240;79;244;299;184;256;224;84;254;163;149;35;4;82;53;16;120;279;111;314;311;208;61;275;251,Random,1,0.00040710007306188345
20281112,Target-mcts_cv-leaveoneout,leave_one_out,mcts_cv,10,1,2,1.5,1.5,1,0.01020890444195056,1,cutin_braking:0;fast_intrusion:5;lead_braking:3;slow_lead_following:0;stop_and_go:2,53;22;203;28;132;186;30;207;2;187,Random,2,0.00023100001271814108
20281112,Target-mcts_cv-leaveoneout,leave_one_out,mcts_cv,20,3,4,3.5,3.5,3,0.03198982270635875,2,cutin_braking:3;fast_intrusion:6;lead_braking:5;slow_lead_following:2;stop_and_go:4,53;22;203;28;132;186;30;207;2;187;90;100;263;85;27;157;292;217;248;162,Random,2,0.00023100001271814108
20281112,Target-mcts_cv-leaveoneout,leave_one_out,mcts_cv,30,6,8,7.0,7.0,6,0.04734723334537524,3,cutin_braking:4;fast_intrusion:8;lead_braking:6;slow_lead_following:5;stop_and_go:7,53;22;203;28;132;186;30;207;2;187;90;100;263;85;27;157;292;217;248;162;88;287;206;310;48;267;149;18;219;213,Random,2,0.00023100001271814108
20281112,Target-mcts_cv-leaveoneout,leave_one_out,mcts_cv,50,11,17,14.0,13.0,11,0.1406158420695614,5,cutin_braking:6;fast_intrusion:10;lead_braking:11;slow_lead_following:14;stop_and_go:9,53;22;203;28;132;186;30;207;2;187;90;100;263;85;27;157;292;217;248;162;88;287;206;310;48;267;149;18;219;213;280;305;293;140;66;155;86;313;148;269;191;301;174;291;31;60;262;264;223;245,Random,2,0.00023100001271814108
20281112,Target-mcts_cv-leaveoneout,leave_one_out,mcts_cv,10,2,4,3.0,3.0,2,0.035992861799631015,2,cutin_braking:2;fast_intrusion:2;lead_braking:3;slow_lead_following:1;stop_and_go:2,244;259;104;170;201;96;1;18;134;152,Random,3,0.00016740011051297188
20281112,Target-mcts_cv-leaveoneout,leave_one_out,mcts_cv,20,2,5,3.5,3.5,2,0.03860099622675027,3,cutin_braking:4;fast_intrusion:4;lead_braking:5;slow_lead_following:4;stop_and_go:3,244;259;104;170;201;96;1;18;134;152;181;9;108;241;105;318;159;33;296;302,Random,3,0.00016740011051297188
20281112,Target-mcts_cv-leaveoneout,leave_one_out,mcts_cv,30,4,9,6.5,6.0,4,0.05479407799202571,5,cutin_braking:8;fast_intrusion:5;lead_braking:8;slow_lead_following:6;stop_and_go:3,244;259;104;170;201;96;1;18;134;152;181;9;108;241;105;318;159;33;296;302;184;85;307;8;156;101;179;119;75;267,Random,3,0.00016740011051297188
20281112,Target-mcts_cv-leaveoneout,leave_one_out,mcts_cv,50,10,16,13.0,10.5,10,0.11883810615734788,6,cutin_braking:12;fast_intrusion:9;lead_braking:15;slow_lead_following:8;stop_and_go:6,244;259;104;170;201;96;1;18;134;152;181;9;108;241;105;318;159;33;296;302;184;85;307;8;156;101;179;119;75;267;130;116;131;280;4;41;193;164;32;132;210;110;187;72;137;223;162;47;74;293,Random,3,0.00016740011051297188
20281112,Target-mcts_cv-leaveoneout,leave_one_out,mcts_cv,10,2,3,2.5,2.5,2,0.055547597414448105,1,cutin_braking:2;fast_intrusion:1;lead_braking:2;slow_lead_following:2;stop_and_go:3,298;81;246;89;195;199;150;317;171;38,Random,4,0.0005582000594586134
20281112,Target-mcts_cv-leaveoneout,leave_one_out,mcts_cv,20,3,5,4.0,4.0,3,0.06262437009773013,1,cutin_braking:4;fast_intrusion:4;lead_braking:4;slow_lead_following:4;stop_and_go:4,298;81;246;89;195;199;150;317;171;38;173;260;30;9;228;13;119;160;97;265,Random,4,0.0005582000594586134
20281112,Target-mcts_cv-leaveoneout,leave_one_out,mcts_cv,30,3,9,6.0,5.0,3,0.0737704181923953,4,cutin_braking:8;fast_intrusion:4;lead_braking:6;slow_lead_following:5;stop_and_go:7,298;81;246;89;195;199;150;317;171;38;173;260;30;9;228;13;119;160;97;265;219;82;243;263;177;86;79;212;107;169,Random,4,0.0005582000594586134
20281112,Target-mcts_cv-leaveoneout,leave_one_out,mcts_cv,50,7,14,10.5,9.0,7,0.10459089701702776,5,cutin_braking:11;fast_intrusion:6;lead_braking:11;slow_lead_following:11;stop_and_go:11,298;81;246;89;195;199;150;317;171;38;173;260;30;9;228;13;119;160;97;265;219;82;243;263;177;86;79;212;107;169;205;283;64;308;266;210;287;196;14;58;161;313;239;129;110;140;182;178;312;106,Random,4,0.0005582000594586134
20281112,Target-mcts_cv-leaveoneout,leave_one_out,mcts_cv,10,2,5,3.5,3.0,2,0.022963501988829786,3,cutin_braking:0;fast_intrusion:2;lead_braking:3;slow_lead_following:1;stop_and_go:4,209;229;26;187;195;45;260;225;134;165,Random,5,0.00022230006288737059
20281112,Target-mcts_cv-leaveoneout,leave_one_out,mcts_cv,20,2,6,4.0,3.5,2,0.024928746810738218,4,cutin_braking:2;fast_intrusion:4;lead_braking:3;slow_lead_following:5;stop_and_go:6,209;229;26;187;195;45;260;225;134;165;310;22;263;282;113;126;248;61;292;207,Random,5,0.00022230006288737059
20281112,Target-mcts_cv-leaveoneout,leave_one_out,mcts_cv,30,3,9,6.0,5.5,3,0.049204737789844084,5,cutin_braking:3;fast_intrusion:5;lead_braking:3;slow_lead_following:10;stop_and_go:9,209;229;26;187;195;45;260;225;134;165;310;22;263;282;113;126;248;61;292;207;252;301;268;228;288;204;303;28;272;118,Random,5,0.00022230006288737059
20281112,Target-mcts_cv-leaveoneout,leave_one_out,mcts_cv,50,7,16,11.5,9.5,7,0.07827065741507773,6,cutin_braking:7;fast_intrusion:7;lead_braking:10;slow_lead_following:14;stop_and_go:12,209;229;26;187;195;45;260;225;134;165;310;22;263;282;113;126;248;61;292;207;252;301;268;228;288;204;303;28;272;118;131;179;41;245;166;280;112;125;140;20;163;201;273;190;251;271;72;76;160;266,Random,5,0.00022230006288737059
20281112,Target-mcts_cv-leaveoneout,leave_one_out,mcts_cv,10,2,4,3.0,3.0,2,0.06533007355981421,2,cutin_braking:4;fast_intrusion:0;lead_braking:2;slow_lead_following:3;stop_and_go:1,99;291;213;123;262;174;73;116;272;151,Random,6,0.000170299899764359
20281112,Target-mcts_cv-leaveoneout,leave_one_out,mcts_cv,20,3,8,5.5,4.5,3,0.08208375607934026,4,cutin_braking:5;fast_intrusion:3;lead_braking:4;slow_lead_following:5;stop_and_go:3,99;291;213;123;262;174;73;116;272;151;85;250;60;283;229;180;18;23;296;140,Random,6,0.000170299899764359
20281112,Target-mcts_cv-leaveoneout,leave_one_out,mcts_cv,30,5,11,8.0,6.5,5,0.10047094282815762,4,cutin_braking:6;fast_intrusion:5;lead_braking:7;slow_lead_following:7;stop_and_go:5,99;291;213;123;262;174;73;116;272;151;85;250;60;283;229;180;18;23;296;140;47;313;216;16;166;169;236;265;109;168,Random,6,0.000170299899764359
20281112,Target-mcts_cv-leaveoneout,leave_one_out,mcts_cv,50,11,23,17.0,12.0,11,0.15430437955927026,8,cutin_braking:9;fast_intrusion:9;lead_braking:9;slow_lead_following:14;stop_and_go:9,99;291;213;123;262;174;73;116;272;151;85;250;60;283;229;180;18;23;296;140;47;313;216;16;166;169;236;265;109;168;209;199;143;258;217;6;96;120;68;44;150;287;218;28;289;269;273;278;300;54,Random,6,0.000170299899764359
20281112,Target-mcts_cv-leaveoneout,leave_one_out,mcts_cv,10,3,7,5.0,5.0,3,0.059186169256825856,4,cutin_braking:3;fast_intrusion:3;lead_braking:0;slow_lead_following:1;stop_and_go:3,46;195;44;259;217;96;49;79;218;125,Random,7,0.0011847999412566423
20281112,Target-mcts_cv-leaveoneout,leave_one_out,mcts_cv,20,5,13,9.0,8.5,5,0.08644427757096143,4,cutin_braking:3;fast_intrusion:4;lead_braking:5;slow_lead_following:4;stop_and_go:4,46;195;44;259;217;96;49;79;218;125;160;179;257;134;309;261;165;48;197;150,Random,7,0.0011847999412566423
20281112,Target-mcts_cv-leaveoneout,leave_one_out,mcts_cv,30,6,14,10.0,9.5,6,0.09136968206437933,4,cutin_braking:3;fast_intrusion:5;lead_braking:7;slow_lead_following:7;stop_and_go:8,46;195;44;259;217;96;49;79;218;125;160;179;257;134;309;261;165;48;197;150;129;228;223;63;214;258;296;282;227;139,Random,7,0.0011847999412566423
20281112,Target-mcts_cv-leaveoneout,leave_one_out,mcts_cv,50,12,21,16.5,14.5,12,0.14779790721477726,5,cutin_braking:6;fast_intrusion:6;lead_braking:14;slow_lead_following:13;stop_and_go:11,46;195;44;259;217;96;49;79;218;125;160;179;257;134;309;261;165;48;197;150;129;228;223;63;214;258;296;282;227;139;247;295;120;149;316;157;304;185;137;205;142;289;113;100;279;161;242;186;12;306,Random,7,0.0011847999412566423
20281112,Target-mcts_cv-leaveoneout,leave_one_out,mcts_cv,10,1,3,2.0,2.0,1,0.028090195414535793,1,cutin_braking:1;fast_intrusion:2;lead_braking:3;slow_lead_following:2;stop_and_go:2,139;278;167;292;245;83;61;169;26;193,Random,8,0.0002196000423282385
20281112,Target-mcts_cv-leaveoneout,leave_one_out,mcts_cv,20,2,4,3.0,3.0,2,0.06656891738252198,1,cutin_braking:3;fast_intrusion:4;lead_braking:5;slow_lead_following:4;stop_and_go:4,139;278;167;292;245;83;61;169;26;193;41;113;5;216;123;138;211;312;317;148,Random,8,0.0002196000423282385
20281112,Target-mcts_cv-leaveoneout,leave_one_out,mcts_cv,30,2,7,4.5,4.5,2,0.06966477237326195,1,cutin_braking:5;fast_intrusion:5;lead_braking:7;slow_lead_following:7;stop_and_go:6,139;278;167;292;245;83;61;169;26;193;41;113;5;216;123;138;211;312;317;148;60;261;257;85;289;86;212;132;129;214,Random,8,0.0002196000423282385
20281112,Target-mcts_cv-leaveoneout,leave_one_out,mcts_cv,50,5,15,10.0,9.0,5,0.10351308677096378,3,cutin_braking:9;fast_intrusion:11;lead_braking:10;slow_lead_following:11;stop_and_go:9,139;278;167;292;245;83;61;169;26;193;41;113;5;216;123;138;211;312;317;148;60;261;257;85;289;86;212;132;129;214;182;82;43;172;95;38;296;305;308;80;209;14;207;254;55;59;176;126;12;301,Random,8,0.0002196000423282385
20281112,Target-mcts_cv-leaveoneout,leave_one_out,mcts_cv,10,2,4,3.0,3.0,2,0.0591054343002056,1,cutin_braking:3;fast_intrusion:1;lead_braking:2;slow_lead_following:2;stop_and_go:2,315;275;136;181;32;78;197;97;224;77,Random,9,0.0001697000116109848
20281112,Target-mcts_cv-leaveoneout,leave_one_out,mcts_cv,20,4,6,5.0,5.0,4,0.08976776525166198,2,cutin_braking:5;fast_intrusion:5;lead_braking:5;slow_lead_following:3;stop_and_go:2,315;275;136;181;32;78;197;97;224;77;29;18;158;299;86;129;2;80;138;60,Random,9,0.0001697000116109848
20281112,Target-mcts_cv-leaveoneout,leave_one_out,mcts_cv,30,5,8,6.5,5.5,5,0.09665875447741813,3,cutin_braking:7;fast_intrusion:5;lead_braking:5;slow_lead_following:7;stop_and_go:6,315;275;136;181;32;78;197;97;224;77;29;18;158;299;86;129;2;80;138;60;199;273;193;254;291;69;272;207;89;263,Random,9,0.0001697000116109848
20281112,Target-mcts_cv-leaveoneout,leave_one_out,mcts_cv,50,9,16,12.5,10.0,9,0.12881057131269608,6,cutin_braking:11;fast_intrusion:10;lead_braking:9;slow_lead_following:11;stop_and_go:9,315;275;136;181;32;78;197;97;224;77;29;18;158;299;86;129;2;80;138;60;199;273;193;254;291;69;272;207;89;263;109;127;23;176;172;258;43;98;233;241;182;28;0;260;114;24;156;290;318;221,Random,9,0.0001697000116109848
20281112,Target-ppo_ece-leaveoneout,leave_one_out,ppo_ece,10,0,3,1.5,1.5,0,0.03731908510332284,0,cutin_braking:1;fast_intrusion:1;lead_braking:1;slow_lead_following:6;stop_and_go:1,309;275;278;256;96;283;266;40;203;163,NoComposition,0,0.3355124000227079
20281112,Target-ppo_ece-leaveoneout,leave_one_out,ppo_ece,20,2,7,4.5,3.0,2,0.05836397606052948,0,cutin_braking:3;fast_intrusion:3;lead_braking:2;slow_lead_following:10;stop_and_go:2,309;275;278;256;96;283;266;40;203;163;317;53;297;217;257;83;281;122;129;28,NoComposition,0,0.3355124000227079
20281112,Target-ppo_ece-leaveoneout,leave_one_out,ppo_ece,30,3,11,7.0,4.5,3,0.06814725648791657,0,cutin_braking:4;fast_intrusion:4;lead_braking:3;slow_lead_following:13;stop_and_go:6,309;275;278;256;96;283;266;40;203;163;317;53;297;217;257;83;281;122;129;28;265;294;285;109;142;212;229;4;218;195,NoComposition,0,0.3355124000227079
20281112,Target-ppo_ece-leaveoneout,leave_one_out,ppo_ece,50,5,17,11.0,6.5,5,0.08064455751511905,0,cutin_braking:8;fast_intrusion:6;lead_braking:6;slow_lead_following:17;stop_and_go:13,309;275;278;256;96;283;266;40;203;163;317;53;297;217;257;83;281;122;129;28;265;294;285;109;142;212;229;4;218;195;150;19;137;250;305;87;77;100;168;209;235;225;98;11;313;273;210;299;246;213,NoComposition,0,0.3355124000227079
20281112,Target-ppo_ece-leaveoneout,leave_one_out,ppo_ece,10,1,5,3.0,3.0,1,0.04656958274514657,0,cutin_braking:2;fast_intrusion:3;lead_braking:1;slow_lead_following:3;stop_and_go:1,309;275;278;96;12;100;28;205;24;136,NoNull,0,0.32068199990317225
20281112,Target-ppo_ece-leaveoneout,leave_one_out,ppo_ece,20,6,11,8.5,7.0,6,0.0784949604451225,0,cutin_braking:4;fast_intrusion:4;lead_braking:2;slow_lead_following:5;stop_and_go:5,309;275;278;96;12;100;28;205;24;136;79;74;297;210;270;221;31;184;237;242,NoNull,0,0.32068199990317225
20281112,Target-ppo_ece-leaveoneout,leave_one_out,ppo_ece,30,7,20,13.5,8.5,7,0.09424000521690554,0,cutin_braking:7;fast_intrusion:5;lead_braking:2;slow_lead_following:8;stop_and_go:8,309;275;278;96;12;100;28;205;24;136;79;74;297;210;270;221;31;184;237;242;48;84;261;120;281;124;253;217;245;265,NoNull,0,0.32068199990317225
20281112,Target-ppo_ece-leaveoneout,leave_one_out,ppo_ece,50,13,30,21.5,13.0,13,0.12770863219914289,0,cutin_braking:13;fast_intrusion:13;lead_braking:2;slow_lead_following:13;stop_and_go:9,309;275;278;96;12;100;28;205;24;136;79;74;297;210;270;221;31;184;237;242;48;84;261;120;281;124;253;217;245;265;299;44;112;71;72;16;23;26;63;313;92;103;294;293;32;194;56;301;118;14,NoNull,0,0.32068199990317225
20281112,Target-ppo_ece-leaveoneout,leave_one_out,ppo_ece,10,2,4,3.0,3.0,2,0.04566957400688706,0,cutin_braking:1;fast_intrusion:1;lead_braking:3;slow_lead_following:3;stop_and_go:2,267;135;33;244;136;163;289;294;205;79,Random,0,0.00023260002490133047
20281112,Target-ppo_ece-leaveoneout,leave_one_out,ppo_ece,20,3,7,5.0,4.5,3,0.05371801251743256,0,cutin_braking:4;fast_intrusion:2;lead_braking:6;slow_lead_following:3;stop_and_go:5,267;135;33;244;136;163;289;294;205;79;187;245;229;68;77;16;196;110;133;165,Random,0,0.00023260002490133047
20281112,Target-ppo_ece-leaveoneout,leave_one_out,ppo_ece,30,3,8,5.5,5.0,3,0.05697827330774404,0,cutin_braking:9;fast_intrusion:3;lead_braking:8;slow_lead_following:5;stop_and_go:5,267;135;33;244;136;163;289;294;205;79;187;245;229;68;77;16;196;110;133;165;92;82;26;295;124;183;107;258;158;123,Random,0,0.00023260002490133047
20281112,Target-ppo_ece-leaveoneout,leave_one_out,ppo_ece,50,3,12,7.5,6.0,3,0.07085484488393251,0,cutin_braking:10;fast_intrusion:10;lead_braking:10;slow_lead_following:12;stop_and_go:8,267;135;33;244;136;163;289;294;205;79;187;245;229;68;77;16;196;110;133;165;92;82;26;295;124;183;107;258;158;123;255;293;38;160;314;62;53;34;316;60;312;22;254;298;61;319;84;249;141;279,Random,0,0.00023260002490133047
20281112,Target-ppo_ece-leaveoneout,leave_one_out,ppo_ece,10,0,2,1.0,1.0,0,0.018297783739740163,0,cutin_braking:4;fast_intrusion:0;lead_braking:1;slow_lead_following:1;stop_and_go:4,214;125;204;207;188;235;261;91;110;64,Random,1,0.00016830000095069408
20281112,Target-ppo_ece-leaveoneout,leave_one_out,ppo_ece,20,1,4,2.5,2.5,1,0.025335800761299557,0,cutin_braking:6;fast_intrusion:4;lead_braking:3;slow_lead_following:2;stop_and_go:5,214;125;204;207;188;235;261;91;110;64;0;60;151;117;308;37;73;162;213;43,Random,1,0.00016830000095069408
20281112,Target-ppo_ece-leaveoneout,leave_one_out,ppo_ece,30,2,6,4.0,3.0,2,0.03356586896827571,0,cutin_braking:8;fast_intrusion:7;lead_braking:6;slow_lead_following:3;stop_and_go:6,214;125;204;207;188;235;261;91;110;64;0;60;151;117;308;37;73;162;213;43;143;190;65;88;38;12;48;155;232;311,Random,1,0.00016830000095069408
20281112,Target-ppo_ece-leaveoneout,leave_one_out,ppo_ece,50,2,8,5.0,4.0,2,0.04929521293791954,0,cutin_braking:15;fast_intrusion:9;lead_braking:8;slow_lead_following:10;stop_and_go:8,214;125;204;207;188;235;261;91;110;64;0;60;151;117;308;37;73;162;213;43;143;190;65;88;38;12;48;155;232;311;256;122;111;291;286;246;26;272;106;87;273;278;159;69;165;80;269;75;216;6,Random,1,0.00016830000095069408
20281112,Target-ppo_ece-leaveoneout,leave_one_out,ppo_ece,10,1,1,1.0,1.0,1,0.0062693770375067005,0,cutin_braking:3;fast_intrusion:0;lead_braking:2;slow_lead_following:1;stop_and_go:4,107;67;272;206;172;204;234;227;88;162,Random,2,0.00016870000399649143
20281112,Target-ppo_ece-leaveoneout,leave_one_out,ppo_ece,20,2,3,2.5,2.5,2,0.03641289902839883,0,cutin_braking:3;fast_intrusion:2;lead_braking:2;slow_lead_following:5;stop_and_go:8,107;67;272;206;172;204;234;227;88;162;226;219;196;256;311;216;294;271;44;49,Random,2,0.00016870000399649143
20281112,Target-ppo_ece-leaveoneout,leave_one_out,ppo_ece,30,2,5,3.5,3.0,2,0.039527491793183094,0,cutin_braking:3;fast_intrusion:6;lead_braking:5;slow_lead_following:6;stop_and_go:10,107;67;272;206;172;204;234;227;88;162;226;219;196;256;311;216;294;271;44;49;46;240;55;48;51;236;152;144;270;163,Random,2,0.00016870000399649143
20281112,Target-ppo_ece-leaveoneout,leave_one_out,ppo_ece,50,2,7,4.5,4.0,2,0.04707946707208653,0,cutin_braking:8;fast_intrusion:11;lead_braking:8;slow_lead_following:12;stop_and_go:11,107;67;272;206;172;204;234;227;88;162;226;219;196;256;311;216;294;271;44;49;46;240;55;48;51;236;152;144;270;163;26;171;260;124;63;30;102;273;292;259;158;290;37;116;135;114;23;287;89;222,Random,2,0.00016870000399649143
20281112,Target-ppo_ece-leaveoneout,leave_one_out,ppo_ece,10,1,3,2.0,2.0,1,0.030494409946666037,0,cutin_braking:4;fast_intrusion:3;lead_braking:1;slow_lead_following:2;stop_and_go:0,191;29;317;89;72;67;296;43;41;124,Random,3,0.0002413999754935503
20281112,Target-ppo_ece-leaveoneout,leave_one_out,ppo_ece,20,2,6,4.0,4.0,2,0.056170965940079046,0,cutin_braking:6;fast_intrusion:4;lead_braking:2;slow_lead_following:5;stop_and_go:3,191;29;317;89;72;67;296;43;41;124;44;69;281;73;307;163;202;254;250;275,Random,3,0.0002413999754935503
20281112,Target-ppo_ece-leaveoneout,leave_one_out,ppo_ece,30,2,7,4.5,4.5,2,0.05711652954789728,0,cutin_braking:7;fast_intrusion:7;lead_braking:6;slow_lead_following:6;stop_and_go:4,191;29;317;89;72;67;296;43;41;124;44;69;281;73;307;163;202;254;250;275;71;187;129;46;62;186;301;175;204;49,Random,3,0.0002413999754935503
20281112,Target-ppo_ece-leaveoneout,leave_one_out,ppo_ece,50,4,10,7.0,7.0,4,0.07241821489403692,0,cutin_braking:10;fast_intrusion:10;lead_braking:8;slow_lead_following:12;stop_and_go:10,191;29;317;89;72;67;296;43;41;124;44;69;281;73;307;163;202;254;250;275;71;187;129;46;62;186;301;175;204;49;319;248;54;45;206;132;55;221;266;220;271;260;76;78;205;295;203;65;315;159,Random,3,0.0002413999754935503
20281112,Target-ppo_ece-leaveoneout,leave_one_out,ppo_ece,10,1,2,1.5,1.5,1,0.031859355113236745,0,cutin_braking:2;fast_intrusion:0;lead_braking:3;slow_lead_following:3;stop_and_go:2,66;281;139;157;304;245;174;308;246;91,Random,4,0.0001745999325066805
20281112,Target-ppo_ece-leaveoneout,leave_one_out,ppo_ece,20,1,5,3.0,2.5,1,0.03985071928567823,0,cutin_braking:2;fast_intrusion:4;lead_braking:4;slow_lead_following:5;stop_and_go:5,66;281;139;157;304;245;174;308;246;91;280;56;48;202;191;197;47;7;232;268,Random,4,0.0001745999325066805
20281112,Target-ppo_ece-leaveoneout,leave_one_out,ppo_ece,30,2,8,5.0,4.5,2,0.05823923768538153,0,cutin_braking:5;fast_intrusion:5;lead_braking:5;slow_lead_following:7;stop_and_go:8,66;281;139;157;304;245;174;308;246;91;280;56;48;202;191;197;47;7;232;268;211;301;102;46;258;104;243;84;231;153,Random,4,0.0001745999325066805
20281112,Target-ppo_ece-leaveoneout,leave_one_out,ppo_ece,50,2,8,5.0,4.5,2,0.05823923768538153,0,cutin_braking:9;fast_intrusion:11;lead_braking:7;slow_lead_following:12;stop_and_go:11,66;281;139;157;304;245;174;308;246;91;280;56;48;202;191;197;47;7;232;268;211;301;102;46;258;104;243;84;231;153;9;107;37;300;259;272;52;53;129;85;234;199;50;115;306;11;145;86;310;216,Random,4,0.0001745999325066805
20281112,Target-ppo_ece-leaveoneout,leave_one_out,ppo_ece,10,0,2,1.0,1.0,0,0.026482778249108423,0,cutin_braking:3;fast_intrusion:1;lead_braking:1;slow_lead_following:4;stop_and_go:1,303;220;317;137;288;78;94;8;286;102,Random,5,0.00016519997734576464
20281112,Target-ppo_ece-leaveoneout,leave_one_out,ppo_ece,20,1,5,3.0,2.5,1,0.041055727645857534,0,cutin_braking:4;fast_intrusion:4;lead_braking:3;slow_lead_following:5;stop_and_go:4,303;220;317;137;288;78;94;8;286;102;277;63;149;245;18;158;221;55;216;115,Random,5,0.00016519997734576464
20281112,Target-ppo_ece-leaveoneout,leave_one_out,ppo_ece,30,1,6,3.5,3.0,1,0.04553118667698011,0,cutin_braking:4;fast_intrusion:6;lead_braking:7;slow_lead_following:7;stop_and_go:6,303;220;317;137;288;78;94;8;286;102;277;63;149;245;18;158;221;55;216;115;244;58;13;183;151;144;234;188;285;298,Random,5,0.00016519997734576464
20281112,Target-ppo_ece-leaveoneout,leave_one_out,ppo_ece,50,1,8,4.5,4.0,1,0.048952400947100974,0,cutin_braking:7;fast_intrusion:11;lead_braking:9;slow_lead_following:11;stop_and_go:12,303;220;317;137;288;78;94;8;286;102;277;63;149;245;18;158;221;55;216;115;244;58;13;183;151;144;234;188;285;298;101;223;219;260;296;11;80;1;229;247;311;233;208;52;93;315;48;15;171;148,Random,5,0.00016519997734576464
20281112,Target-ppo_ece-leaveoneout,leave_one_out,ppo_ece,10,0,3,1.5,1.5,0,0.0076381080629988884,0,cutin_braking:2;fast_intrusion:1;lead_braking:3;slow_lead_following:0;stop_and_go:4,213;99;182;82;249;151;195;36;252;160,Random,6,0.00022980000358074903
20281112,Target-ppo_ece-leaveoneout,leave_one_out,ppo_ece,20,1,5,3.0,2.0,1,0.01681248031326238,0,cutin_braking:5;fast_intrusion:4;lead_braking:4;slow_lead_following:0;stop_and_go:7,213;99;182;82;249;151;195;36;252;160;205;217;153;17;43;38;66;98;100;229,Random,6,0.00022980000358074903
20281112,Target-ppo_ece-leaveoneout,leave_one_out,ppo_ece,30,1,6,3.5,2.0,1,0.01847703326599536,0,cutin_braking:7;fast_intrusion:6;lead_braking:6;slow_lead_following:1;stop_and_go:10,213;99;182;82;249;151;195;36;252;160;205;217;153;17;43;38;66;98;100;229;235;260;253;46;23;158;214;94;117;129,Random,6,0.00022980000358074903
20281112,Target-ppo_ece-leaveoneout,leave_one_out,ppo_ece,50,3,9,6.0,4.0,3,0.030869353263554916,0,cutin_braking:12;fast_intrusion:10;lead_braking:10;slow_lead_following:6;stop_and_go:12,213;99;182;82;249;151;195;36;252;160;205;217;153;17;43;38;66;98;100;229;235;260;253;46;23;158;214;94;117;129;187;312;159;264;300;112;11;210;61;21;138;64;91;268;310;13;65;164;74;207,Random,6,0.00022980000358074903
20281112,Target-ppo_ece-leaveoneout,leave_one_out,ppo_ece,10,0,1,0.5,0.5,0,0.0031272605902164493,0,cutin_braking:2;fast_intrusion:3;lead_braking:1;slow_lead_following:2;stop_and_go:2,179;12;271;276;249;31;38;225;121;80,Random,7,0.00016910000704228878
20281112,Target-ppo_ece-leaveoneout,leave_one_out,ppo_ece,20,0,3,1.5,1.5,0,0.027160982621771516,0,cutin_braking:3;fast_intrusion:5;lead_braking:5;slow_lead_following:5;stop_and_go:2,179;12;271;276;249;31;38;225;121;80;167;39;147;9;289;163;285;145;67;312,Random,7,0.00016910000704228878
20281112,Target-ppo_ece-leaveoneout,leave_one_out,ppo_ece,30,0,4,2.0,2.0,0,0.040093368408386086,0,cutin_braking:6;fast_intrusion:6;lead_braking:8;slow_lead_following:8;stop_and_go:2,179;12;271;276;249;31;38;225;121;80;167;39;147;9;289;163;285;145;67;312;91;272;148;184;41;86;278;90;299;185,Random,7,0.00016910000704228878
20281112,Target-ppo_ece-leaveoneout,leave_one_out,ppo_ece,50,0,6,3.0,2.5,0,0.04741718703091094,0,cutin_braking:10;fast_intrusion:9;lead_braking:13;slow_lead_following:13;stop_and_go:5,179;12;271;276;249;31;38;225;121;80;167;39;147;9;289;163;285;145;67;312;91;272;148;184;41;86;278;90;299;185;123;191;245;17;173;283;14;260;244;129;71;18;270;164;268;250;114;162;77;295,Random,7,0.00016910000704228878
20281112,Target-ppo_ece-leaveoneout,leave_one_out,ppo_ece,10,2,2,2.0,2.0,2,0.034172599452670975,0,cutin_braking:2;fast_intrusion:4;lead_braking:1;slow_lead_following:2;stop_and_go:1,300;157;7;32;42;297;240;81;25;105,Random,8,0.00016490009147673845
20281112,Target-ppo_ece-leaveoneout,leave_one_out,ppo_ece,20,2,3,2.5,2.5,2,0.038251129560465405,0,cutin_braking:5;fast_intrusion:6;lead_braking:3;slow_lead_following:3;stop_and_go:3,300;157;7;32;42;297;240;81;25;105;192;286;34;76;188;185;67;119;33;215,Random,8,0.00016490009147673845
20281112,Target-ppo_ece-leaveoneout,leave_one_out,ppo_ece,30,2,8,5.0,4.0,2,0.047851280376115385,0,cutin_braking:9;fast_intrusion:6;lead_braking:4;slow_lead_following:7;stop_and_go:4,300;157;7;32;42;297;240;81;25;105;192;286;34;76;188;185;67;119;33;215;273;120;289;64;166;233;292;69;283;124,Random,8,0.00016490009147673845
20281112,Target-ppo_ece-leaveoneout,leave_one_out,ppo_ece,50,3,13,8.0,6.0,3,0.07218302587319878,0,cutin_braking:12;fast_intrusion:11;lead_braking:8;slow_lead_following:12;stop_and_go:7,300;157;7;32;42;297;240;81;25;105;192;286;34;76;188;185;67;119;33;215;273;120;289;64;166;233;292;69;283;124;154;153;263;74;146;314;18;127;242;126;129;293;11;57;257;232;227;26;301;8,Random,8,0.00016490009147673845
20281112,Target-ppo_ece-leaveoneout,leave_one_out,ppo_ece,10,1,1,1.0,1.0,1,0.0050462731982942235,0,cutin_braking:4;fast_intrusion:1;lead_braking:3;slow_lead_following:2;stop_and_go:0,173;11;163;306;316;121;182;72;70;101,Random,9,0.00024670001585036516
20281112,Target-ppo_ece-leaveoneout,leave_one_out,ppo_ece,20,1,2,1.5,1.5,1,0.018126048772534466,0,cutin_braking:7;fast_intrusion:4;lead_braking:3;slow_lead_following:3;stop_and_go:3,173;11;163;306;316;121;182;72;70;101;114;307;200;25;37;85;239;127;215;33,Random,9,0.00024670001585036516
20281112,Target-ppo_ece-leaveoneout,leave_one_out,ppo_ece,30,1,3,2.0,1.5,1,0.022734123171011783,0,cutin_braking:10;fast_intrusion:6;lead_braking:5;slow_lead_following:6;stop_and_go:3,173;11;163;306;316;121;182;72;70;101;114;307;200;25;37;85;239;127;215;33;143;80;310;299;184;298;46;17;126;96,Random,9,0.00024670001585036516
20281112,Target-ppo_ece-leaveoneout,leave_one_out,ppo_ece,50,1,7,4.0,3.0,1,0.04862075384711733,0,cutin_braking:14;fast_intrusion:12;lead_braking:8;slow_lead_following:9;stop_and_go:7,173;11;163;306;316;121;182;72;70;101;114;307;200;25;37;85;239;127;215;33;143;80;310;299;184;298;46;17;126;96;1;263;183;187;240;149;76;8;228;217;30;58;64;90;293;68;315;23;226;38,Random,9,0.00024670001585036516
