method,rank,scenario_id,template_id,selection_reason,selected_build_id,session_id,mode,ego_collision,inconclusive,regression,execution_id,episode_cost,contributing_pattern_ids,new_pattern_id,target_observations_before_query,history_source_count,task_id,repeat
Random,1,4179901:S02:space_filling:12,fbrt_cutout_static,seeded_random_without_replacement,mobil_rear_guard_off_v2,compact_regression_mobil_ref_to_rear_guard_off:Random:0,regression,False,False,False,new-6bd6ab7132d216f74ec29614,1,[],,0,1,compact_regression_mobil_ref_to_rear_guard_off,0
Random,2,4179901:S02:space_filling:8,fbrt_cutout_static,seeded_random_without_replacement,mobil_rear_guard_off_v2,compact_regression_mobil_ref_to_rear_guard_off:Random:0,regression,False,False,False,new-39762bdca74431e61b71653c,1,[],,1,1,compact_regression_mobil_ref_to_rear_guard_off,0
Random,3,4179901:S05:space_filling:4,fbrt_lane_change_rear,seeded_random_without_replacement,mobil_rear_guard_off_v2,compact_regression_mobil_ref_to_rear_guard_off:Random:0,regression,True,False,True,new-f50a868a6984e064b5213a43,1,[],,2,1,compact_regression_mobil_ref_to_rear_guard_off,0
Random,4,4179901:S08:space_filling:6,fbrt_cutin_then_brake,seeded_random_without_replacement,mobil_rear_guard_off_v2,compact_regression_mobil_ref_to_rear_guard_off:Random:0,regression,False,False,False,new-be505dcf4f612394a5820fe8,1,[],,3,1,compact_regression_mobil_ref_to_rear_guard_off,0
Random,5,4179901:S05:space_filling:11,fbrt_lane_change_rear,seeded_random_without_replacement,mobil_rear_guard_off_v2,compact_regression_mobil_ref_to_rear_guard_off:Random:0,regression,True,False,True,new-a0c970db6dfd1ac82300fac0,1,[],,4,1,compact_regression_mobil_ref_to_rear_guard_off,0
Random,6,4179901:S06:space_filling:6,fbrt_moving_lead,seeded_random_without_replacement,mobil_rear_guard_off_v2,compact_regression_mobil_ref_to_rear_guard_off:Random:0,regression,False,False,False,new-9c4b9f7a1834c245ee6b7fa8,1,[],,5,1,compact_regression_mobil_ref_to_rear_guard_off,0
Random,7,4179901:S08:anchor_like:1,fbrt_cutin_then_brake,seeded_random_without_replacement,mobil_rear_guard_off_v2,compact_regression_mobil_ref_to_rear_guard_off:Random:0,regression,False,False,False,new-221274f749d6ebca1cbe0530,1,[],,6,1,compact_regression_mobil_ref_to_rear_guard_off,0
Random,8,4179901:S06:anchor_like:2,fbrt_moving_lead,seeded_random_without_replacement,mobil_rear_guard_off_v2,compact_regression_mobil_ref_to_rear_guard_off:Random:0,regression,False,False,False,new-c16b332f36b849770047762e,1,[],,7,1,compact_regression_mobil_ref_to_rear_guard_off,0
Random,9,4179901:S08:anchor_like:3,fbrt_cutin_then_brake,seeded_random_without_replacement,mobil_rear_guard_off_v2,compact_regression_mobil_ref_to_rear_guard_off:Random:0,regression,False,False,False,new-6dc437fe2d83f63b27085c5b,1,[],,8,1,compact_regression_mobil_ref_to_rear_guard_off,0
Random,10,4179901:S05:space_filling:5,fbrt_lane_change_rear,seeded_random_without_replacement,mobil_rear_guard_off_v2,compact_regression_mobil_ref_to_rear_guard_off:Random:0,regression,True,False,True,new-d219a9492abe8aa3876ce6f4,1,[],,9,1,compact_regression_mobil_ref_to_rear_guard_off,0
Random,11,4179901:S02:anchor_like:1,fbrt_cutout_static,seeded_random_without_replacement,mobil_rear_guard_off_v2,compact_regression_mobil_ref_to_rear_guard_off:Random:0,regression,False,False,False,new-fdb6f4267524b4cd3fd9d456,1,[],,10,1,compact_regression_mobil_ref_to_rear_guard_off,0
Random,12,4179901:S01:space_filling:5,fbrt_cutin,seeded_random_without_replacement,mobil_rear_guard_off_v2,compact_regression_mobil_ref_to_rear_guard_off:Random:0,regression,False,False,False,new-720943cc28216ed79ef72303,1,[],,11,1,compact_regression_mobil_ref_to_rear_guard_off,0
Random,13,4179901:S01:space_filling:6,fbrt_cutin,seeded_random_without_replacement,mobil_rear_guard_off_v2,compact_regression_mobil_ref_to_rear_guard_off:Random:0,regression,False,False,False,new-70554bf2271fa59d21af8575,1,[],,12,1,compact_regression_mobil_ref_to_rear_guard_off,0
Random,14,4179901:S01:space_filling:11,fbrt_cutin,seeded_random_without_replacement,mobil_rear_guard_off_v2,compact_regression_mobil_ref_to_rear_guard_off:Random:0,regression,False,False,False,new-319679923f158310cfcb4790,1,[],,13,1,compact_regression_mobil_ref_to_rear_guard_off,0
Random,15,4179901:S01:space_filling:10,fbrt_cutin,seeded_random_without_replacement,mobil_rear_guard_off_v2,compact_regression_mobil_ref_to_rear_guard_off:Random:0,regression,False,False,False,new-eaa13d44e0f5c1612c0de121,1,[],,14,1,compact_regression_mobil_ref_to_rear_guard_off,0
Random,16,4179901:S02:anchor_like:2,fbrt_cutout_static,seeded_random_without_replacement,mobil_rear_guard_off_v2,compact_regression_mobil_ref_to_rear_guard_off:Random:0,regression,False,False,False,new-6375c178bdf54fa48ff05d72,1,[],,15,1,compact_regression_mobil_ref_to_rear_guard_off,0
Random,17,4179901:S02:space_filling:5,fbrt_cutout_static,seeded_random_without_replacement,mobil_rear_guard_off_v2,compact_regression_mobil_ref_to_rear_guard_off:Random:0,regression,False,False,False,new-d74f64a35f8405bb608307fb,1,[],,16,1,compact_regression_mobil_ref_to_rear_guard_off,0
Random,18,4179901:S01:anchor_like:3,fbrt_cutin,seeded_random_without_replacement,mobil_rear_guard_off_v2,compact_regression_mobil_ref_to_rear_guard_off:Random:0,regression,False,False,False,new-d0a4bace3e15e57d9ff5bba5,1,[],,17,1,compact_regression_mobil_ref_to_rear_guard_off,0
Random,19,4179901:S08:space_filling:10,fbrt_cutin_then_brake,seeded_random_without_replacement,mobil_rear_guard_off_v2,compact_regression_mobil_ref_to_rear_guard_off:Random:0,regression,False,False,False,new-e1d5f15804d15d5d0b28e5d2,1,[],,18,1,compact_regression_mobil_ref_to_rear_guard_off,0
Random,20,4179901:S06:space_filling:14,fbrt_moving_lead,seeded_random_without_replacement,mobil_rear_guard_off_v2,compact_regression_mobil_ref_to_rear_guard_off:Random:0,regression,False,False,False,new-5b74c53cbf5ca4b31bfa8488,1,[],,19,1,compact_regression_mobil_ref_to_rear_guard_off,0
Random,1,4179901:S02:space_filling:13,fbrt_cutout_static,seeded_random_without_replacement,mobil_rear_guard_off_v2,compact_regression_mobil_ref_to_rear_guard_off:Random:1,regression,False,False,False,new-b62266f0d438f63699b67059,1,[],,0,1,compact_regression_mobil_ref_to_rear_guard_off,1
Random,2,4179901:S06:anchor_like:3,fbrt_moving_lead,seeded_random_without_replacement,mobil_rear_guard_off_v2,compact_regression_mobil_ref_to_rear_guard_off:Random:1,regression,False,False,False,new-7cefe95e45976fe3066aa2da,1,[],,1,1,compact_regression_mobil_ref_to_rear_guard_off,1
Random,3,4179901:S05:space_filling:9,fbrt_lane_change_rear,seeded_random_without_replacement,mobil_rear_guard_off_v2,compact_regression_mobil_ref_to_rear_guard_off:Random:1,regression,False,False,False,new-cc6207f2452e0497bd55f6aa,1,[],,2,1,compact_regression_mobil_ref_to_rear_guard_off,1
Random,4,4179901:S01:space_filling:13,fbrt_cutin,seeded_random_without_replacement,mobil_rear_guard_off_v2,compact_regression_mobil_ref_to_rear_guard_off:Random:1,regression,False,False,False,new-ac330f3a5545cb3737152201,1,[],,3,1,compact_regression_mobil_ref_to_rear_guard_off,1
Random,5,4179901:S08:space_filling:9,fbrt_cutin_then_brake,seeded_random_without_replacement,mobil_rear_guard_off_v2,compact_regression_mobil_ref_to_rear_guard_off:Random:1,regression,False,False,False,new-791851d58f5796c29b54119f,1,[],,4,1,compact_regression_mobil_ref_to_rear_guard_off,1
Random,6,4179901:S01:space_filling:4,fbrt_cutin,seeded_random_without_replacement,mobil_rear_guard_off_v2,compact_regression_mobil_ref_to_rear_guard_off:Random:1,regression,False,False,False,new-6efeed6c33d239b14b022634,1,[],,5,1,compact_regression_mobil_ref_to_rear_guard_off,1
Random,7,4179901:S08:space_filling:7,fbrt_cutin_then_brake,seeded_random_without_replacement,mobil_rear_guard_off_v2,compact_regression_mobil_ref_to_rear_guard_off:Random:1,regression,False,False,False,new-535a4620b41b130158a7ed5c,1,[],,6,1,compact_regression_mobil_ref_to_rear_guard_off,1
Random,8,4179901:S01:space_filling:11,fbrt_cutin,seeded_random_without_replacement,mobil_rear_guard_off_v2,compact_regression_mobil_ref_to_rear_guard_off:Random:1,regression,False,False,False,new-319679923f158310cfcb4790,1,[],,7,1,compact_regression_mobil_ref_to_rear_guard_off,1
Random,9,4179901:S01:anchor_like:0,fbrt_cutin,seeded_random_without_replacement,mobil_rear_guard_off_v2,compact_regression_mobil_ref_to_rear_guard_off:Random:1,regression,False,False,False,new-d35bd48d8679b9e47d214189,1,[],,8,1,compact_regression_mobil_ref_to_rear_guard_off,1
Random,10,4179901:S05:space_filling:15,fbrt_lane_change_rear,seeded_random_without_replacement,mobil_rear_guard_off_v2,compact_regression_mobil_ref_to_rear_guard_off:Random:1,regression,True,False,True,new-0250bdb83e46ff83abf11e1d,1,[],,9,1,compact_regression_mobil_ref_to_rear_guard_off,1
Random,11,4179901:S06:space_filling:4,fbrt_moving_lead,seeded_random_without_replacement,mobil_rear_guard_off_v2,compact_regression_mobil_ref_to_rear_guard_off:Random:1,regression,False,False,False,new-36db820dca294862d4f9cfce,1,[],,10,1,compact_regression_mobil_ref_to_rear_guard_off,1
Random,12,4179901:S08:space_filling:4,fbrt_cutin_then_brake,seeded_random_without_replacement,mobil_rear_guard_off_v2,compact_regression_mobil_ref_to_rear_guard_off:Random:1,regression,False,False,False,new-c0e6953a545b4ae251c33061,1,[],,11,1,compact_regression_mobil_ref_to_rear_guard_off,1
Random,13,4179901:S06:space_filling:11,fbrt_moving_lead,seeded_random_without_replacement,mobil_rear_guard_off_v2,compact_regression_mobil_ref_to_rear_guard_off:Random:1,regression,False,False,False,new-4360f49e99b9481892d2b5e6,1,[],,12,1,compact_regression_mobil_ref_to_rear_guard_off,1
Random,14,4179901:S06:space_filling:8,fbrt_moving_lead,seeded_random_without_replacement,mobil_rear_guard_off_v2,compact_regression_mobil_ref_to_rear_guard_off:Random:1,regression,False,False,False,new-5372730362ea9c6f74ac44a2,1,[],,13,1,compact_regression_mobil_ref_to_rear_guard_off,1
Random,15,4179901:S06:anchor_like:2,fbrt_moving_lead,seeded_random_without_replacement,mobil_rear_guard_off_v2,compact_regression_mobil_ref_to_rear_guard_off:Random:1,regression,False,False,False,new-c16b332f36b849770047762e,1,[],,14,1,compact_regression_mobil_ref_to_rear_guard_off,1
Random,16,4179901:S08:space_filling:6,fbrt_cutin_then_brake,seeded_random_without_replacement,mobil_rear_guard_off_v2,compact_regression_mobil_ref_to_rear_guard_off:Random:1,regression,False,False,False,new-be505dcf4f612394a5820fe8,1,[],,15,1,compact_regression_mobil_ref_to_rear_guard_off,1
Random,17,4179901:S05:space_filling:8,fbrt_lane_change_rear,seeded_random_without_replacement,mobil_rear_guard_off_v2,compact_regression_mobil_ref_to_rear_guard_off:Random:1,regression,True,False,True,new-d9cd39d37757f224eccfdfed,1,[],,16,1,compact_regression_mobil_ref_to_rear_guard_off,1
Random,18,4179901:S06:space_filling:7,fbrt_moving_lead,seeded_random_without_replacement,mobil_rear_guard_off_v2,compact_regression_mobil_ref_to_rear_guard_off:Random:1,regression,False,False,False,new-744fa20ca27103f7e4f6de05,1,[],,17,1,compact_regression_mobil_ref_to_rear_guard_off,1
Random,19,4179901:S08:space_filling:5,fbrt_cutin_then_brake,seeded_random_without_replacement,mobil_rear_guard_off_v2,compact_regression_mobil_ref_to_rear_guard_off:Random:1,regression,False,False,False,new-89b3d76a7876350492650b2b,1,[],,18,1,compact_regression_mobil_ref_to_rear_guard_off,1
Random,20,4179901:S01:space_filling:9,fbrt_cutin,seeded_random_without_replacement,mobil_rear_guard_off_v2,compact_regression_mobil_ref_to_rear_guard_off:Random:1,regression,False,False,False,new-dafe913f7a39c9b19f430c64,1,[],,19,1,compact_regression_mobil_ref_to_rear_guard_off,1
Random,1,4179901:S05:space_filling:13,fbrt_lane_change_rear,seeded_random_without_replacement,mobil_rear_guard_off_v2,compact_regression_mobil_ref_to_rear_guard_off:Random:2,regression,False,False,False,new-bcf50174b61e44d25be4cb16,1,[],,0,1,compact_regression_mobil_ref_to_rear_guard_off,2
Random,2,4179901:S08:space_filling:13,fbrt_cutin_then_brake,seeded_random_without_replacement,mobil_rear_guard_off_v2,compact_regression_mobil_ref_to_rear_guard_off:Random:2,regression,False,False,False,new-288612112438dda6d7f1f545,1,[],,1,1,compact_regression_mobil_ref_to_rear_guard_off,2
Random,3,4179901:S06:space_filling:6,fbrt_moving_lead,seeded_random_without_replacement,mobil_rear_guard_off_v2,compact_regression_mobil_ref_to_rear_guard_off:Random:2,regression,False,False,False,new-9c4b9f7a1834c245ee6b7fa8,1,[],,2,1,compact_regression_mobil_ref_to_rear_guard_off,2
Random,4,4179901:S01:space_filling:13,fbrt_cutin,seeded_random_without_replacement,mobil_rear_guard_off_v2,compact_regression_mobil_ref_to_rear_guard_off:Random:2,regression,False,False,False,new-ac330f3a5545cb3737152201,1,[],,3,1,compact_regression_mobil_ref_to_rear_guard_off,2
Random,5,4179901:S01:space_filling:14,fbrt_cutin,seeded_random_without_replacement,mobil_rear_guard_off_v2,compact_regression_mobil_ref_to_rear_guard_off:Random:2,regression,False,False,False,new-63076a04f75c8803637a2a4d,1,[],,4,1,compact_regression_mobil_ref_to_rear_guard_off,2
Random,6,4179901:S01:anchor_like:0,fbrt_cutin,seeded_random_without_replacement,mobil_rear_guard_off_v2,compact_regression_mobil_ref_to_rear_guard_off:Random:2,regression,False,False,False,new-d35bd48d8679b9e47d214189,1,[],,5,1,compact_regression_mobil_ref_to_rear_guard_off,2
Random,7,4179901:S08:anchor_like:2,fbrt_cutin_then_brake,seeded_random_without_replacement,mobil_rear_guard_off_v2,compact_regression_mobil_ref_to_rear_guard_off:Random:2,regression,False,False,False,new-af3637b3a0efd12ac7582db0,1,[],,6,1,compact_regression_mobil_ref_to_rear_guard_off,2
Random,8,4179901:S02:space_filling:15,fbrt_cutout_static,seeded_random_without_replacement,mobil_rear_guard_off_v2,compact_regression_mobil_ref_to_rear_guard_off:Random:2,regression,False,False,False,new-58b4489324525387d46ab398,1,[],,7,1,compact_regression_mobil_ref_to_rear_guard_off,2
Random,9,4179901:S06:anchor_like:0,fbrt_moving_lead,seeded_random_without_replacement,mobil_rear_guard_off_v2,compact_regression_mobil_ref_to_rear_guard_off:Random:2,regression,False,False,False,new-535512abb6fd9194f0db653b,1,[],,8,1,compact_regression_mobil_ref_to_rear_guard_off,2
Random,10,4179901:S08:space_filling:14,fbrt_cutin_then_brake,seeded_random_without_replacement,mobil_rear_guard_off_v2,compact_regression_mobil_ref_to_rear_guard_off:Random:2,regression,False,False,False,new-f17725a3a6b1d93b91093ed1,1,[],,9,1,compact_regression_mobil_ref_to_rear_guard_off,2
Random,11,4179901:S08:space_filling:7,fbrt_cutin_then_brake,seeded_random_without_replacement,mobil_rear_guard_off_v2,compact_regression_mobil_ref_to_rear_guard_off:Random:2,regression,False,False,False,new-535a4620b41b130158a7ed5c,1,[],,10,1,compact_regression_mobil_ref_to_rear_guard_off,2
Random,12,4179901:S05:space_filling:5,fbrt_lane_change_rear,seeded_random_without_replacement,mobil_rear_guard_off_v2,compact_regression_mobil_ref_to_rear_guard_off:Random:2,regression,True,False,True,new-d219a9492abe8aa3876ce6f4,1,[],,11,1,compact_regression_mobil_ref_to_rear_guard_off,2
Random,13,4179901:S02:space_filling:4,fbrt_cutout_static,seeded_random_without_replacement,mobil_rear_guard_off_v2,compact_regression_mobil_ref_to_rear_guard_off:Random:2,regression,False,False,False,new-080f7244a6c595a5de83876e,1,[],,12,1,compact_regression_mobil_ref_to_rear_guard_off,2
Random,14,4179901:S08:anchor_like:0,fbrt_cutin_then_brake,seeded_random_without_replacement,mobil_rear_guard_off_v2,compact_regression_mobil_ref_to_rear_guard_off:Random:2,regression,False,False,False,new-4872b42c5b0ba6adacee96ff,1,[],,13,1,compact_regression_mobil_ref_to_rear_guard_off,2
Random,15,4179901:S06:space_filling:15,fbrt_moving_lead,seeded_random_without_replacement,mobil_rear_guard_off_v2,compact_regression_mobil_ref_to_rear_guard_off:Random:2,regression,False,False,False,new-3b8e5786453e59fa3acafdce,1,[],,14,1,compact_regression_mobil_ref_to_rear_guard_off,2
Random,16,4179901:S01:space_filling:6,fbrt_cutin,seeded_random_without_replacement,mobil_rear_guard_off_v2,compact_regression_mobil_ref_to_rear_guard_off:Random:2,regression,False,False,False,new-70554bf2271fa59d21af8575,1,[],,15,1,compact_regression_mobil_ref_to_rear_guard_off,2
Random,17,4179901:S06:space_filling:4,fbrt_moving_lead,seeded_random_without_replacement,mobil_rear_guard_off_v2,compact_regression_mobil_ref_to_rear_guard_off:Random:2,regression,False,False,False,new-36db820dca294862d4f9cfce,1,[],,16,1,compact_regression_mobil_ref_to_rear_guard_off,2
Random,18,4179901:S01:anchor_like:1,fbrt_cutin,seeded_random_without_replacement,mobil_rear_guard_off_v2,compact_regression_mobil_ref_to_rear_guard_off:Random:2,regression,False,False,False,new-50af7510ba84623f67feb237,1,[],,17,1,compact_regression_mobil_ref_to_rear_guard_off,2
Random,19,4179901:S06:space_filling:11,fbrt_moving_lead,seeded_random_without_replacement,mobil_rear_guard_off_v2,compact_regression_mobil_ref_to_rear_guard_off:Random:2,regression,False,False,False,new-4360f49e99b9481892d2b5e6,1,[],,18,1,compact_regression_mobil_ref_to_rear_guard_off,2
Random,20,4179901:S01:space_filling:5,fbrt_cutin,seeded_random_without_replacement,mobil_rear_guard_off_v2,compact_regression_mobil_ref_to_rear_guard_off:Random:2,regression,False,False,False,new-720943cc28216ed79ef72303,1,[],,19,1,compact_regression_mobil_ref_to_rear_guard_off,2
Random,1,4179901:S01:space_filling:5,fbrt_cutin,seeded_random_without_replacement,mobil_rear_guard_off_v2,compact_regression_mobil_ref_to_rear_guard_off:Random:3,regression,False,False,False,new-720943cc28216ed79ef72303,1,[],,0,1,compact_regression_mobil_ref_to_rear_guard_off,3
Random,2,4179901:S08:space_filling:8,fbrt_cutin_then_brake,seeded_random_without_replacement,mobil_rear_guard_off_v2,compact_regression_mobil_ref_to_rear_guard_off:Random:3,regression,False,False,False,new-65b0d208e987e32b03aed9bb,1,[],,1,1,compact_regression_mobil_ref_to_rear_guard_off,3
Random,3,4179901:S01:space_filling:14,fbrt_cutin,seeded_random_without_replacement,mobil_rear_guard_off_v2,compact_regression_mobil_ref_to_rear_guard_off:Random:3,regression,False,False,False,new-63076a04f75c8803637a2a4d,1,[],,2,1,compact_regression_mobil_ref_to_rear_guard_off,3
Random,4,4179901:S08:space_filling:5,fbrt_cutin_then_brake,seeded_random_without_replacement,mobil_rear_guard_off_v2,compact_regression_mobil_ref_to_rear_guard_off:Random:3,regression,False,False,False,new-89b3d76a7876350492650b2b,1,[],,3,1,compact_regression_mobil_ref_to_rear_guard_off,3
Random,5,4179901:S06:anchor_like:3,fbrt_moving_lead,seeded_random_without_replacement,mobil_rear_guard_off_v2,compact_regression_mobil_ref_to_rear_guard_off:Random:3,regression,False,False,False,new-7cefe95e45976fe3066aa2da,1,[],,4,1,compact_regression_mobil_ref_to_rear_guard_off,3
Random,6,4179901:S06:space_filling:9,fbrt_moving_lead,seeded_random_without_replacement,mobil_rear_guard_off_v2,compact_regression_mobil_ref_to_rear_guard_off:Random:3,regression,False,False,False,new-7942758096225bf44a57746d,1,[],,5,1,compact_regression_mobil_ref_to_rear_guard_off,3
Random,7,4179901:S06:space_filling:14,fbrt_moving_lead,seeded_random_without_replacement,mobil_rear_guard_off_v2,compact_regression_mobil_ref_to_rear_guard_off:Random:3,regression,False,False,False,new-5b74c53cbf5ca4b31bfa8488,1,[],,6,1,compact_regression_mobil_ref_to_rear_guard_off,3
Random,8,4179901:S01:space_filling:9,fbrt_cutin,seeded_random_without_replacement,mobil_rear_guard_off_v2,compact_regression_mobil_ref_to_rear_guard_off:Random:3,regression,False,False,False,new-dafe913f7a39c9b19f430c64,1,[],,7,1,compact_regression_mobil_ref_to_rear_guard_off,3
Random,9,4179901:S08:space_filling:11,fbrt_cutin_then_brake,seeded_random_without_replacement,mobil_rear_guard_off_v2,compact_regression_mobil_ref_to_rear_guard_off:Random:3,regression,False,False,False,new-8db6f7bcc085016b1e731bb1,1,[],,8,1,compact_regression_mobil_ref_to_rear_guard_off,3
Random,10,4179901:S02:space_filling:5,fbrt_cutout_static,seeded_random_without_replacement,mobil_rear_guard_off_v2,compact_regression_mobil_ref_to_rear_guard_off:Random:3,regression,False,False,False,new-d74f64a35f8405bb608307fb,1,[],,9,1,compact_regression_mobil_ref_to_rear_guard_off,3
Random,11,4179901:S02:anchor_like:1,fbrt_cutout_static,seeded_random_without_replacement,mobil_rear_guard_off_v2,compact_regression_mobil_ref_to_rear_guard_off:Random:3,regression,False,False,False,new-fdb6f4267524b4cd3fd9d456,1,[],,10,1,compact_regression_mobil_ref_to_rear_guard_off,3
Random,12,4179901:S01:anchor_like:3,fbrt_cutin,seeded_random_without_replacement,mobil_rear_guard_off_v2,compact_regression_mobil_ref_to_rear_guard_off:Random:3,regression,False,False,False,new-d0a4bace3e15e57d9ff5bba5,1,[],,11,1,compact_regression_mobil_ref_to_rear_guard_off,3
Random,13,4179901:S02:space_filling:13,fbrt_cutout_static,seeded_random_without_replacement,mobil_rear_guard_off_v2,compact_regression_mobil_ref_to_rear_guard_off:Random:3,regression,False,False,False,new-b62266f0d438f63699b67059,1,[],,12,1,compact_regression_mobil_ref_to_rear_guard_off,3
Random,14,4179901:S02:space_filling:7,fbrt_cutout_static,seeded_random_without_replacement,mobil_rear_guard_off_v2,compact_regression_mobil_ref_to_rear_guard_off:Random:3,regression,False,False,False,new-aa5ac9f72853e9d7367cc2b4,1,[],,13,1,compact_regression_mobil_ref_to_rear_guard_off,3
Random,15,4179901:S05:anchor_like:1,fbrt_lane_change_rear,seeded_random_without_replacement,mobil_rear_guard_off_v2,compact_regression_mobil_ref_to_rear_guard_off:Random:3,regression,True,False,True,new-29c06bea3b77f61ef62cd56f,1,[],,14,1,compact_regression_mobil_ref_to_rear_guard_off,3
Random,16,4179901:S06:space_filling:5,fbrt_moving_lead,seeded_random_without_replacement,mobil_rear_guard_off_v2,compact_regression_mobil_ref_to_rear_guard_off:Random:3,regression,False,False,False,new-fdeba20511a44dce6c5e2090,1,[],,15,1,compact_regression_mobil_ref_to_rear_guard_off,3
Random,17,4179901:S06:space_filling:8,fbrt_moving_lead,seeded_random_without_replacement,mobil_rear_guard_off_v2,compact_regression_mobil_ref_to_rear_guard_off:Random:3,regression,False,False,False,new-5372730362ea9c6f74ac44a2,1,[],,16,1,compact_regression_mobil_ref_to_rear_guard_off,3
Random,18,4179901:S08:anchor_like:0,fbrt_cutin_then_brake,seeded_random_without_replacement,mobil_rear_guard_off_v2,compact_regression_mobil_ref_to_rear_guard_off:Random:3,regression,False,False,False,new-4872b42c5b0ba6adacee96ff,1,[],,17,1,compact_regression_mobil_ref_to_rear_guard_off,3
Random,19,4179901:S02:anchor_like:0,fbrt_cutout_static,seeded_random_without_replacement,mobil_rear_guard_off_v2,compact_regression_mobil_ref_to_rear_guard_off:Random:3,regression,False,False,False,new-2b1a18edba38fd703a65e81f,1,[],,18,1,compact_regression_mobil_ref_to_rear_guard_off,3
Random,20,4179901:S02:space_filling:6,fbrt_cutout_static,seeded_random_without_replacement,mobil_rear_guard_off_v2,compact_regression_mobil_ref_to_rear_guard_off:Random:3,regression,False,False,False,new-eb509f0e55ec4127c6a49ac7,1,[],,19,1,compact_regression_mobil_ref_to_rear_guard_off,3
Random,1,4179901:S06:space_filling:14,fbrt_moving_lead,seeded_random_without_replacement,mobil_rear_guard_off_v2,compact_regression_mobil_ref_to_rear_guard_off:Random:4,regression,False,False,False,new-5b74c53cbf5ca4b31bfa8488,1,[],,0,1,compact_regression_mobil_ref_to_rear_guard_off,4
Random,2,4179901:S08:space_filling:8,fbrt_cutin_then_brake,seeded_random_without_replacement,mobil_rear_guard_off_v2,compact_regression_mobil_ref_to_rear_guard_off:Random:4,regression,False,False,False,new-65b0d208e987e32b03aed9bb,1,[],,1,1,compact_regression_mobil_ref_to_rear_guard_off,4
Random,3,4179901:S08:space_filling:5,fbrt_cutin_then_brake,seeded_random_without_replacement,mobil_rear_guard_off_v2,compact_regression_mobil_ref_to_rear_guard_off:Random:4,regression,False,False,False,new-89b3d76a7876350492650b2b,1,[],,2,1,compact_regression_mobil_ref_to_rear_guard_off,4
Random,4,4179901:S05:anchor_like:2,fbrt_lane_change_rear,seeded_random_without_replacement,mobil_rear_guard_off_v2,compact_regression_mobil_ref_to_rear_guard_off:Random:4,regression,False,False,False,new-7cb08d1588f68aa3f60dc932,1,[],,3,1,compact_regression_mobil_ref_to_rear_guard_off,4
Random,5,4179901:S05:space_filling:12,fbrt_lane_change_rear,seeded_random_without_replacement,mobil_rear_guard_off_v2,compact_regression_mobil_ref_to_rear_guard_off:Random:4,regression,True,False,True,new-b31a80b3641735aaf882b10d,1,[],,4,1,compact_regression_mobil_ref_to_rear_guard_off,4
Random,6,4179901:S01:anchor_like:1,fbrt_cutin,seeded_random_without_replacement,mobil_rear_guard_off_v2,compact_regression_mobil_ref_to_rear_guard_off:Random:4,regression,False,False,False,new-50af7510ba84623f67feb237,1,[],,5,1,compact_regression_mobil_ref_to_rear_guard_off,4
Random,7,4179901:S05:anchor_like:0,fbrt_lane_change_rear,seeded_random_without_replacement,mobil_rear_guard_off_v2,compact_regression_mobil_ref_to_rear_guard_off:Random:4,regression,True,False,True,new-dbee18b7fc7044e5a74b6237,1,[],,6,1,compact_regression_mobil_ref_to_rear_guard_off,4
Random,8,4179901:S06:space_filling:6,fbrt_moving_lead,seeded_random_without_replacement,mobil_rear_guard_off_v2,compact_regression_mobil_ref_to_rear_guard_off:Random:4,regression,False,False,False,new-9c4b9f7a1834c245ee6b7fa8,1,[],,7,1,compact_regression_mobil_ref_to_rear_guard_off,4
Random,9,4179901:S05:space_filling:14,fbrt_lane_change_rear,seeded_random_without_replacement,mobil_rear_guard_off_v2,compact_regression_mobil_ref_to_rear_guard_off:Random:4,regression,True,False,True,new-223ad8b409679a9a93be5992,1,[],,8,1,compact_regression_mobil_ref_to_rear_guard_off,4
Random,10,4179901:S05:space_filling:13,fbrt_lane_change_rear,seeded_random_without_replacement,mobil_rear_guard_off_v2,compact_regression_mobil_ref_to_rear_guard_off:Random:4,regression,False,False,False,new-bcf50174b61e44d25be4cb16,1,[],,9,1,compact_regression_mobil_ref_to_rear_guard_off,4
Random,11,4179901:S08:anchor_like:3,fbrt_cutin_then_brake,seeded_random_without_replacement,mobil_rear_guard_off_v2,compact_regression_mobil_ref_to_rear_guard_off:Random:4,regression,False,False,False,new-6dc437fe2d83f63b27085c5b,1,[],,10,1,compact_regression_mobil_ref_to_rear_guard_off,4
Random,12,4179901:S08:anchor_like:1,fbrt_cutin_then_brake,seeded_random_without_replacement,mobil_rear_guard_off_v2,compact_regression_mobil_ref_to_rear_guard_off:Random:4,regression,False,False,False,new-221274f749d6ebca1cbe0530,1,[],,11,1,compact_regression_mobil_ref_to_rear_guard_off,4
Random,13,4179901:S02:anchor_like:3,fbrt_cutout_static,seeded_random_without_replacement,mobil_rear_guard_off_v2,compact_regression_mobil_ref_to_rear_guard_off:Random:4,regression,False,False,False,new-b174dfc55ff6ad6a95353b80,1,[],,12,1,compact_regression_mobil_ref_to_rear_guard_off,4
Random,14,4179901:S05:space_filling:4,fbrt_lane_change_rear,seeded_random_without_replacement,mobil_rear_guard_off_v2,compact_regression_mobil_ref_to_rear_guard_off:Random:4,regression,True,False,True,new-f50a868a6984e064b5213a43,1,[],,13,1,compact_regression_mobil_ref_to_rear_guard_off,4
Random,15,4179901:S01:space_filling:12,fbrt_cutin,seeded_random_without_replacement,mobil_rear_guard_off_v2,compact_regression_mobil_ref_to_rear_guard_off:Random:4,regression,False,False,False,new-39b095b12cdf959d3021e4ec,1,[],,14,1,compact_regression_mobil_ref_to_rear_guard_off,4
Random,16,4179901:S02:space_filling:4,fbrt_cutout_static,seeded_random_without_replacement,mobil_rear_guard_off_v2,compact_regression_mobil_ref_to_rear_guard_off:Random:4,regression,False,False,False,new-080f7244a6c595a5de83876e,1,[],,15,1,compact_regression_mobil_ref_to_rear_guard_off,4
Random,17,4179901:S05:anchor_like:3,fbrt_lane_change_rear,seeded_random_without_replacement,mobil_rear_guard_off_v2,compact_regression_mobil_ref_to_rear_guard_off:Random:4,regression,True,False,True,new-17dc3f7c06772e582087d6ba,1,[],,16,1,compact_regression_mobil_ref_to_rear_guard_off,4
Random,18,4179901:S05:space_filling:10,fbrt_lane_change_rear,seeded_random_without_replacement,mobil_rear_guard_off_v2,compact_regression_mobil_ref_to_rear_guard_off:Random:4,regression,True,False,True,new-e7a946a18102b2dabddd5c1a,1,[],,17,1,compact_regression_mobil_ref_to_rear_guard_off,4
Random,19,4179901:S08:space_filling:10,fbrt_cutin_then_brake,seeded_random_without_replacement,mobil_rear_guard_off_v2,compact_regression_mobil_ref_to_rear_guard_off:Random:4,regression,False,False,False,new-e1d5f15804d15d5d0b28e5d2,1,[],,18,1,compact_regression_mobil_ref_to_rear_guard_off,4
Random,20,4179901:S01:space_filling:4,fbrt_cutin,seeded_random_without_replacement,mobil_rear_guard_off_v2,compact_regression_mobil_ref_to_rear_guard_off:Random:4,regression,False,False,False,new-6efeed6c33d239b14b022634,1,[],,19,1,compact_regression_mobil_ref_to_rear_guard_off,4
Random,1,4179901:S01:anchor_like:2,fbrt_cutin,seeded_random_without_replacement,mobil_rear_guard_off_v2,compact_regression_mobil_ref_to_rear_guard_off:Random:5,regression,False,False,False,new-4bc3dcbce1d4b25cf285bcd6,1,[],,0,1,compact_regression_mobil_ref_to_rear_guard_off,5
Random,2,4179901:S05:space_filling:9,fbrt_lane_change_rear,seeded_random_without_replacement,mobil_rear_guard_off_v2,compact_regression_mobil_ref_to_rear_guard_off:Random:5,regression,False,False,False,new-cc6207f2452e0497bd55f6aa,1,[],,1,1,compact_regression_mobil_ref_to_rear_guard_off,5
Random,3,4179901:S08:space_filling:14,fbrt_cutin_then_brake,seeded_random_without_replacement,mobil_rear_guard_off_v2,compact_regression_mobil_ref_to_rear_guard_off:Random:5,regression,False,False,False,new-f17725a3a6b1d93b91093ed1,1,[],,2,1,compact_regression_mobil_ref_to_rear_guard_off,5
Random,4,4179901:S08:anchor_like:2,fbrt_cutin_then_brake,seeded_random_without_replacement,mobil_rear_guard_off_v2,compact_regression_mobil_ref_to_rear_guard_off:Random:5,regression,False,False,False,new-af3637b3a0efd12ac7582db0,1,[],,3,1,compact_regression_mobil_ref_to_rear_guard_off,5
Random,5,4179901:S08:anchor_like:3,fbrt_cutin_then_brake,seeded_random_without_replacement,mobil_rear_guard_off_v2,compact_regression_mobil_ref_to_rear_guard_off:Random:5,regression,False,False,False,new-6dc437fe2d83f63b27085c5b,1,[],,4,1,compact_regression_mobil_ref_to_rear_guard_off,5
Random,6,4179901:S01:space_filling:13,fbrt_cutin,seeded_random_without_replacement,mobil_rear_guard_off_v2,compact_regression_mobil_ref_to_rear_guard_off:Random:5,regression,False,False,False,new-ac330f3a5545cb3737152201,1,[],,5,1,compact_regression_mobil_ref_to_rear_guard_off,5
Random,7,4179901:S08:space_filling:10,fbrt_cutin_then_brake,seeded_random_without_replacement,mobil_rear_guard_off_v2,compact_regression_mobil_ref_to_rear_guard_off:Random:5,regression,False,False,False,new-e1d5f15804d15d5d0b28e5d2,1,[],,6,1,compact_regression_mobil_ref_to_rear_guard_off,5
Random,8,4179901:S05:space_filling:14,fbrt_lane_change_rear,seeded_random_without_replacement,mobil_rear_guard_off_v2,compact_regression_mobil_ref_to_rear_guard_off:Random:5,regression,True,False,True,new-223ad8b409679a9a93be5992,1,[],,7,1,compact_regression_mobil_ref_to_rear_guard_off,5
Random,9,4179901:S01:anchor_like:3,fbrt_cutin,seeded_random_without_replacement,mobil_rear_guard_off_v2,compact_regression_mobil_ref_to_rear_guard_off:Random:5,regression,False,False,False,new-d0a4bace3e15e57d9ff5bba5,1,[],,8,1,compact_regression_mobil_ref_to_rear_guard_off,5
Random,10,4179901:S05:anchor_like:2,fbrt_lane_change_rear,seeded_random_without_replacement,mobil_rear_guard_off_v2,compact_regression_mobil_ref_to_rear_guard_off:Random:5,regression,False,False,False,new-7cb08d1588f68aa3f60dc932,1,[],,9,1,compact_regression_mobil_ref_to_rear_guard_off,5
Random,11,4179901:S01:space_filling:5,fbrt_cutin,seeded_random_without_replacement,mobil_rear_guard_off_v2,compact_regression_mobil_ref_to_rear_guard_off:Random:5,regression,False,False,False,new-720943cc28216ed79ef72303,1,[],,10,1,compact_regression_mobil_ref_to_rear_guard_off,5
Random,12,4179901:S06:space_filling:11,fbrt_moving_lead,seeded_random_without_replacement,mobil_rear_guard_off_v2,compact_regression_mobil_ref_to_rear_guard_off:Random:5,regression,False,False,False,new-4360f49e99b9481892d2b5e6,1,[],,11,1,compact_regression_mobil_ref_to_rear_guard_off,5
Random,13,4179901:S01:anchor_like:1,fbrt_cutin,seeded_random_without_replacement,mobil_rear_guard_off_v2,compact_regression_mobil_ref_to_rear_guard_off:Random:5,regression,False,False,False,new-50af7510ba84623f67feb237,1,[],,12,1,compact_regression_mobil_ref_to_rear_guard_off,5
Random,14,4179901:S08:space_filling:11,fbrt_cutin_then_brake,seeded_random_without_replacement,mobil_rear_guard_off_v2,compact_regression_mobil_ref_to_rear_guard_off:Random:5,regression,False,False,False,new-8db6f7bcc085016b1e731bb1,1,[],,13,1,compact_regression_mobil_ref_to_rear_guard_off,5
Random,15,4179901:S06:anchor_like:3,fbrt_moving_lead,seeded_random_without_replacement,mobil_rear_guard_off_v2,compact_regression_mobil_ref_to_rear_guard_off:Random:5,regression,False,False,False,new-7cefe95e45976fe3066aa2da,1,[],,14,1,compact_regression_mobil_ref_to_rear_guard_off,5
Random,16,4179901:S05:space_filling:8,fbrt_lane_change_rear,seeded_random_without_replacement,mobil_rear_guard_off_v2,compact_regression_mobil_ref_to_rear_guard_off:Random:5,regression,True,False,True,new-d9cd39d37757f224eccfdfed,1,[],,15,1,compact_regression_mobil_ref_to_rear_guard_off,5
Random,17,4179901:S02:space_filling:14,fbrt_cutout_static,seeded_random_without_replacement,mobil_rear_guard_off_v2,compact_regression_mobil_ref_to_rear_guard_off:Random:5,regression,False,False,False,new-658b889cd70c8ff2ee97e158,1,[],,16,1,compact_regression_mobil_ref_to_rear_guard_off,5
Random,18,4179901:S06:anchor_like:0,fbrt_moving_lead,seeded_random_without_replacement,mobil_rear_guard_off_v2,compact_regression_mobil_ref_to_rear_guard_off:Random:5,regression,False,False,False,new-535512abb6fd9194f0db653b,1,[],,17,1,compact_regression_mobil_ref_to_rear_guard_off,5
Random,19,4179901:S05:anchor_like:1,fbrt_lane_change_rear,seeded_random_without_replacement,mobil_rear_guard_off_v2,compact_regression_mobil_ref_to_rear_guard_off:Random:5,regression,True,False,True,new-29c06bea3b77f61ef62cd56f,1,[],,18,1,compact_regression_mobil_ref_to_rear_guard_off,5
Random,20,4179901:S02:space_filling:13,fbrt_cutout_static,seeded_random_without_replacement,mobil_rear_guard_off_v2,compact_regression_mobil_ref_to_rear_guard_off:Random:5,regression,False,False,False,new-b62266f0d438f63699b67059,1,[],,19,1,compact_regression_mobil_ref_to_rear_guard_off,5
Random,1,4179901:S08:space_filling:11,fbrt_cutin_then_brake,seeded_random_without_replacement,mobil_rear_guard_off_v2,compact_regression_mobil_ref_to_rear_guard_off:Random:6,regression,False,False,False,new-8db6f7bcc085016b1e731bb1,1,[],,0,1,compact_regression_mobil_ref_to_rear_guard_off,6
Random,2,4179901:S02:space_filling:14,fbrt_cutout_static,seeded_random_without_replacement,mobil_rear_guard_off_v2,compact_regression_mobil_ref_to_rear_guard_off:Random:6,regression,False,False,False,new-658b889cd70c8ff2ee97e158,1,[],,1,1,compact_regression_mobil_ref_to_rear_guard_off,6
Random,3,4179901:S05:space_filling:9,fbrt_lane_change_rear,seeded_random_without_replacement,mobil_rear_guard_off_v2,compact_regression_mobil_ref_to_rear_guard_off:Random:6,regression,False,False,False,new-cc6207f2452e0497bd55f6aa,1,[],,2,1,compact_regression_mobil_ref_to_rear_guard_off,6
Random,4,4179901:S02:space_filling:10,fbrt_cutout_static,seeded_random_without_replacement,mobil_rear_guard_off_v2,compact_regression_mobil_ref_to_rear_guard_off:Random:6,regression,False,False,False,new-1ae47ee74aef007de41c5ca9,1,[],,3,1,compact_regression_mobil_ref_to_rear_guard_off,6
Random,5,4179901:S01:space_filling:4,fbrt_cutin,seeded_random_without_replacement,mobil_rear_guard_off_v2,compact_regression_mobil_ref_to_rear_guard_off:Random:6,regression,False,False,False,new-6efeed6c33d239b14b022634,1,[],,4,1,compact_regression_mobil_ref_to_rear_guard_off,6
Random,6,4179901:S06:space_filling:8,fbrt_moving_lead,seeded_random_without_replacement,mobil_rear_guard_off_v2,compact_regression_mobil_ref_to_rear_guard_off:Random:6,regression,False,False,False,new-5372730362ea9c6f74ac44a2,1,[],,5,1,compact_regression_mobil_ref_to_rear_guard_off,6
Random,7,4179901:S05:space_filling:5,fbrt_lane_change_rear,seeded_random_without_replacement,mobil_rear_guard_off_v2,compact_regression_mobil_ref_to_rear_guard_off:Random:6,regression,True,False,True,new-d219a9492abe8aa3876ce6f4,1,[],,6,1,compact_regression_mobil_ref_to_rear_guard_off,6
Random,8,4179901:S05:space_filling:6,fbrt_lane_change_rear,seeded_random_without_replacement,mobil_rear_guard_off_v2,compact_regression_mobil_ref_to_rear_guard_off:Random:6,regression,True,False,True,new-7a934b5507d34555107bfe3f,1,[],,7,1,compact_regression_mobil_ref_to_rear_guard_off,6
Random,9,4179901:S01:anchor_like:0,fbrt_cutin,seeded_random_without_replacement,mobil_rear_guard_off_v2,compact_regression_mobil_ref_to_rear_guard_off:Random:6,regression,False,False,False,new-d35bd48d8679b9e47d214189,1,[],,8,1,compact_regression_mobil_ref_to_rear_guard_off,6
Random,10,4179901:S08:space_filling:13,fbrt_cutin_then_brake,seeded_random_without_replacement,mobil_rear_guard_off_v2,compact_regression_mobil_ref_to_rear_guard_off:Random:6,regression,False,False,False,new-288612112438dda6d7f1f545,1,[],,9,1,compact_regression_mobil_ref_to_rear_guard_off,6
Random,11,4179901:S01:space_filling:10,fbrt_cutin,seeded_random_without_replacement,mobil_rear_guard_off_v2,compact_regression_mobil_ref_to_rear_guard_off:Random:6,regression,False,False,False,new-eaa13d44e0f5c1612c0de121,1,[],,10,1,compact_regression_mobil_ref_to_rear_guard_off,6
Random,12,4179901:S02:space_filling:9,fbrt_cutout_static,seeded_random_without_replacement,mobil_rear_guard_off_v2,compact_regression_mobil_ref_to_rear_guard_off:Random:6,regression,False,False,False,new-82dd2958cc30531dfa6cc4e0,1,[],,11,1,compact_regression_mobil_ref_to_rear_guard_off,6
Random,13,4179901:S01:space_filling:8,fbrt_cutin,seeded_random_without_replacement,mobil_rear_guard_off_v2,compact_regression_mobil_ref_to_rear_guard_off:Random:6,regression,False,False,False,new-43ca5d2273ba57c454b7deff,1,[],,12,1,compact_regression_mobil_ref_to_rear_guard_off,6
Random,14,4179901:S02:space_filling:6,fbrt_cutout_static,seeded_random_without_replacement,mobil_rear_guard_off_v2,compact_regression_mobil_ref_to_rear_guard_off:Random:6,regression,False,False,False,new-eb509f0e55ec4127c6a49ac7,1,[],,13,1,compact_regression_mobil_ref_to_rear_guard_off,6
Random,15,4179901:S06:space_filling:14,fbrt_moving_lead,seeded_random_without_replacement,mobil_rear_guard_off_v2,compact_regression_mobil_ref_to_rear_guard_off:Random:6,regression,False,False,False,new-5b74c53cbf5ca4b31bfa8488,1,[],,14,1,compact_regression_mobil_ref_to_rear_guard_off,6
Random,16,4179901:S05:space_filling:15,fbrt_lane_change_rear,seeded_random_without_replacement,mobil_rear_guard_off_v2,compact_regression_mobil_ref_to_rear_guard_off:Random:6,regression,True,False,True,new-0250bdb83e46ff83abf11e1d,1,[],,15,1,compact_regression_mobil_ref_to_rear_guard_off,6
Random,17,4179901:S06:space_filling:7,fbrt_moving_lead,seeded_random_without_replacement,mobil_rear_guard_off_v2,compact_regression_mobil_ref_to_rear_guard_off:Random:6,regression,False,False,False,new-744fa20ca27103f7e4f6de05,1,[],,16,1,compact_regression_mobil_ref_to_rear_guard_off,6
Random,18,4179901:S02:anchor_like:0,fbrt_cutout_static,seeded_random_without_replacement,mobil_rear_guard_off_v2,compact_regression_mobil_ref_to_rear_guard_off:Random:6,regression,False,False,False,new-2b1a18edba38fd703a65e81f,1,[],,17,1,compact_regression_mobil_ref_to_rear_guard_off,6
Random,19,4179901:S01:anchor_like:1,fbrt_cutin,seeded_random_without_replacement,mobil_rear_guard_off_v2,compact_regression_mobil_ref_to_rear_guard_off:Random:6,regression,False,False,False,new-50af7510ba84623f67feb237,1,[],,18,1,compact_regression_mobil_ref_to_rear_guard_off,6
Random,20,4179901:S01:space_filling:5,fbrt_cutin,seeded_random_without_replacement,mobil_rear_guard_off_v2,compact_regression_mobil_ref_to_rear_guard_off:Random:6,regression,False,False,False,new-720943cc28216ed79ef72303,1,[],,19,1,compact_regression_mobil_ref_to_rear_guard_off,6
Random,1,4179901:S01:space_filling:10,fbrt_cutin,seeded_random_without_replacement,mobil_rear_guard_off_v2,compact_regression_mobil_ref_to_rear_guard_off:Random:7,regression,False,False,False,new-eaa13d44e0f5c1612c0de121,1,[],,0,1,compact_regression_mobil_ref_to_rear_guard_off,7
Random,2,4179901:S02:space_filling:8,fbrt_cutout_static,seeded_random_without_replacement,mobil_rear_guard_off_v2,compact_regression_mobil_ref_to_rear_guard_off:Random:7,regression,False,False,False,new-39762bdca74431e61b71653c,1,[],,1,1,compact_regression_mobil_ref_to_rear_guard_off,7
Random,3,4179901:S02:space_filling:5,fbrt_cutout_static,seeded_random_without_replacement,mobil_rear_guard_off_v2,compact_regression_mobil_ref_to_rear_guard_off:Random:7,regression,False,False,False,new-d74f64a35f8405bb608307fb,1,[],,2,1,compact_regression_mobil_ref_to_rear_guard_off,7
Random,4,4179901:S08:space_filling:14,fbrt_cutin_then_brake,seeded_random_without_replacement,mobil_rear_guard_off_v2,compact_regression_mobil_ref_to_rear_guard_off:Random:7,regression,False,False,False,new-f17725a3a6b1d93b91093ed1,1,[],,3,1,compact_regression_mobil_ref_to_rear_guard_off,7
Random,5,4179901:S05:space_filling:10,fbrt_lane_change_rear,seeded_random_without_replacement,mobil_rear_guard_off_v2,compact_regression_mobil_ref_to_rear_guard_off:Random:7,regression,True,False,True,new-e7a946a18102b2dabddd5c1a,1,[],,4,1,compact_regression_mobil_ref_to_rear_guard_off,7
Random,6,4179901:S02:space_filling:10,fbrt_cutout_static,seeded_random_without_replacement,mobil_rear_guard_off_v2,compact_regression_mobil_ref_to_rear_guard_off:Random:7,regression,False,False,False,new-1ae47ee74aef007de41c5ca9,1,[],,5,1,compact_regression_mobil_ref_to_rear_guard_off,7
Random,7,4179901:S05:anchor_like:3,fbrt_lane_change_rear,seeded_random_without_replacement,mobil_rear_guard_off_v2,compact_regression_mobil_ref_to_rear_guard_off:Random:7,regression,True,False,True,new-17dc3f7c06772e582087d6ba,1,[],,6,1,compact_regression_mobil_ref_to_rear_guard_off,7
Random,8,4179901:S06:anchor_like:2,fbrt_moving_lead,seeded_random_without_replacement,mobil_rear_guard_off_v2,compact_regression_mobil_ref_to_rear_guard_off:Random:7,regression,False,False,False,new-c16b332f36b849770047762e,1,[],,7,1,compact_regression_mobil_ref_to_rear_guard_off,7
Random,9,4179901:S02:anchor_like:3,fbrt_cutout_static,seeded_random_without_replacement,mobil_rear_guard_off_v2,compact_regression_mobil_ref_to_rear_guard_off:Random:7,regression,False,False,False,new-b174dfc55ff6ad6a95353b80,1,[],,8,1,compact_regression_mobil_ref_to_rear_guard_off,7
Random,10,4179901:S08:space_filling:7,fbrt_cutin_then_brake,seeded_random_without_replacement,mobil_rear_guard_off_v2,compact_regression_mobil_ref_to_rear_guard_off:Random:7,regression,False,False,False,new-535a4620b41b130158a7ed5c,1,[],,9,1,compact_regression_mobil_ref_to_rear_guard_off,7
Random,11,4179901:S01:anchor_like:2,fbrt_cutin,seeded_random_without_replacement,mobil_rear_guard_off_v2,compact_regression_mobil_ref_to_rear_guard_off:Random:7,regression,False,False,False,new-4bc3dcbce1d4b25cf285bcd6,1,[],,10,1,compact_regression_mobil_ref_to_rear_guard_off,7
Random,12,4179901:S02:space_filling:4,fbrt_cutout_static,seeded_random_without_replacement,mobil_rear_guard_off_v2,compact_regression_mobil_ref_to_rear_guard_off:Random:7,regression,False,False,False,new-080f7244a6c595a5de83876e,1,[],,11,1,compact_regression_mobil_ref_to_rear_guard_off,7
Random,13,4179901:S01:anchor_like:0,fbrt_cutin,seeded_random_without_replacement,mobil_rear_guard_off_v2,compact_regression_mobil_ref_to_rear_guard_off:Random:7,regression,False,False,False,new-d35bd48d8679b9e47d214189,1,[],,12,1,compact_regression_mobil_ref_to_rear_guard_off,7
Random,14,4179901:S06:space_filling:15,fbrt_moving_lead,seeded_random_without_replacement,mobil_rear_guard_off_v2,compact_regression_mobil_ref_to_rear_guard_off:Random:7,regression,False,False,False,new-3b8e5786453e59fa3acafdce,1,[],,13,1,compact_regression_mobil_ref_to_rear_guard_off,7
Random,15,4179901:S02:anchor_like:0,fbrt_cutout_static,seeded_random_without_replacement,mobil_rear_guard_off_v2,compact_regression_mobil_ref_to_rear_guard_off:Random:7,regression,False,False,False,new-2b1a18edba38fd703a65e81f,1,[],,14,1,compact_regression_mobil_ref_to_rear_guard_off,7
Random,16,4179901:S02:space_filling:14,fbrt_cutout_static,seeded_random_without_replacement,mobil_rear_guard_off_v2,compact_regression_mobil_ref_to_rear_guard_off:Random:7,regression,False,False,False,new-658b889cd70c8ff2ee97e158,1,[],,15,1,compact_regression_mobil_ref_to_rear_guard_off,7
Random,17,4179901:S06:space_filling:10,fbrt_moving_lead,seeded_random_without_replacement,mobil_rear_guard_off_v2,compact_regression_mobil_ref_to_rear_guard_off:Random:7,regression,False,False,False,new-1071c373aee24669515f7f67,1,[],,16,1,compact_regression_mobil_ref_to_rear_guard_off,7
Random,18,4179901:S01:space_filling:4,fbrt_cutin,seeded_random_without_replacement,mobil_rear_guard_off_v2,compact_regression_mobil_ref_to_rear_guard_off:Random:7,regression,False,False,False,new-6efeed6c33d239b14b022634,1,[],,17,1,compact_regression_mobil_ref_to_rear_guard_off,7
Random,19,4179901:S01:anchor_like:1,fbrt_cutin,seeded_random_without_replacement,mobil_rear_guard_off_v2,compact_regression_mobil_ref_to_rear_guard_off:Random:7,regression,False,False,False,new-50af7510ba84623f67feb237,1,[],,18,1,compact_regression_mobil_ref_to_rear_guard_off,7
Random,20,4179901:S06:space_filling:4,fbrt_moving_lead,seeded_random_without_replacement,mobil_rear_guard_off_v2,compact_regression_mobil_ref_to_rear_guard_off:Random:7,regression,False,False,False,new-36db820dca294862d4f9cfce,1,[],,19,1,compact_regression_mobil_ref_to_rear_guard_off,7
Random,1,4179901:S08:space_filling:10,fbrt_cutin_then_brake,seeded_random_without_replacement,mobil_rear_guard_off_v2,compact_regression_mobil_ref_to_rear_guard_off:Random:8,regression,False,False,False,new-e1d5f15804d15d5d0b28e5d2,1,[],,0,1,compact_regression_mobil_ref_to_rear_guard_off,8
Random,2,4179901:S01:space_filling:4,fbrt_cutin,seeded_random_without_replacement,mobil_rear_guard_off_v2,compact_regression_mobil_ref_to_rear_guard_off:Random:8,regression,False,False,False,new-6efeed6c33d239b14b022634,1,[],,1,1,compact_regression_mobil_ref_to_rear_guard_off,8
Random,3,4179901:S02:space_filling:8,fbrt_cutout_static,seeded_random_without_replacement,mobil_rear_guard_off_v2,compact_regression_mobil_ref_to_rear_guard_off:Random:8,regression,False,False,False,new-39762bdca74431e61b71653c,1,[],,2,1,compact_regression_mobil_ref_to_rear_guard_off,8
Random,4,4179901:S01:space_filling:10,fbrt_cutin,seeded_random_without_replacement,mobil_rear_guard_off_v2,compact_regression_mobil_ref_to_rear_guard_off:Random:8,regression,False,False,False,new-eaa13d44e0f5c1612c0de121,1,[],,3,1,compact_regression_mobil_ref_to_rear_guard_off,8
Random,5,4179901:S02:space_filling:11,fbrt_cutout_static,seeded_random_without_replacement,mobil_rear_guard_off_v2,compact_regression_mobil_ref_to_rear_guard_off:Random:8,regression,False,False,False,new-b289106be4397524dc19bc71,1,[],,4,1,compact_regression_mobil_ref_to_rear_guard_off,8
Random,6,4179901:S06:space_filling:11,fbrt_moving_lead,seeded_random_without_replacement,mobil_rear_guard_off_v2,compact_regression_mobil_ref_to_rear_guard_off:Random:8,regression,False,False,False,new-4360f49e99b9481892d2b5e6,1,[],,5,1,compact_regression_mobil_ref_to_rear_guard_off,8
Random,7,4179901:S06:space_filling:9,fbrt_moving_lead,seeded_random_without_replacement,mobil_rear_guard_off_v2,compact_regression_mobil_ref_to_rear_guard_off:Random:8,regression,False,False,False,new-7942758096225bf44a57746d,1,[],,6,1,compact_regression_mobil_ref_to_rear_guard_off,8
Random,8,4179901:S02:space_filling:9,fbrt_cutout_static,seeded_random_without_replacement,mobil_rear_guard_off_v2,compact_regression_mobil_ref_to_rear_guard_off:Random:8,regression,False,False,False,new-82dd2958cc30531dfa6cc4e0,1,[],,7,1,compact_regression_mobil_ref_to_rear_guard_off,8
Random,9,4179901:S06:space_filling:4,fbrt_moving_lead,seeded_random_without_replacement,mobil_rear_guard_off_v2,compact_regression_mobil_ref_to_rear_guard_off:Random:8,regression,False,False,False,new-36db820dca294862d4f9cfce,1,[],,8,1,compact_regression_mobil_ref_to_rear_guard_off,8
Random,10,4179901:S06:space_filling:13,fbrt_moving_lead,seeded_random_without_replacement,mobil_rear_guard_off_v2,compact_regression_mobil_ref_to_rear_guard_off:Random:8,regression,False,False,False,new-e5359bea840d8ef9092211ce,1,[],,9,1,compact_regression_mobil_ref_to_rear_guard_off,8
Random,11,4179901:S01:space_filling:9,fbrt_cutin,seeded_random_without_replacement,mobil_rear_guard_off_v2,compact_regression_mobil_ref_to_rear_guard_off:Random:8,regression,False,False,False,new-dafe913f7a39c9b19f430c64,1,[],,10,1,compact_regression_mobil_ref_to_rear_guard_off,8
Random,12,4179901:S08:space_filling:13,fbrt_cutin_then_brake,seeded_random_without_replacement,mobil_rear_guard_off_v2,compact_regression_mobil_ref_to_rear_guard_off:Random:8,regression,False,False,False,new-288612112438dda6d7f1f545,1,[],,11,1,compact_regression_mobil_ref_to_rear_guard_off,8
Random,13,4179901:S06:anchor_like:2,fbrt_moving_lead,seeded_random_without_replacement,mobil_rear_guard_off_v2,compact_regression_mobil_ref_to_rear_guard_off:Random:8,regression,False,False,False,new-c16b332f36b849770047762e,1,[],,12,1,compact_regression_mobil_ref_to_rear_guard_off,8
Random,14,4179901:S01:anchor_like:1,fbrt_cutin,seeded_random_without_replacement,mobil_rear_guard_off_v2,compact_regression_mobil_ref_to_rear_guard_off:Random:8,regression,False,False,False,new-50af7510ba84623f67feb237,1,[],,13,1,compact_regression_mobil_ref_to_rear_guard_off,8
Random,15,4179901:S02:space_filling:4,fbrt_cutout_static,seeded_random_without_replacement,mobil_rear_guard_off_v2,compact_regression_mobil_ref_to_rear_guard_off:Random:8,regression,False,False,False,new-080f7244a6c595a5de83876e,1,[],,14,1,compact_regression_mobil_ref_to_rear_guard_off,8
Random,16,4179901:S06:space_filling:15,fbrt_moving_lead,seeded_random_without_replacement,mobil_rear_guard_off_v2,compact_regression_mobil_ref_to_rear_guard_off:Random:8,regression,False,False,False,new-3b8e5786453e59fa3acafdce,1,[],,15,1,compact_regression_mobil_ref_to_rear_guard_off,8
Random,17,4179901:S06:anchor_like:1,fbrt_moving_lead,seeded_random_without_replacement,mobil_rear_guard_off_v2,compact_regression_mobil_ref_to_rear_guard_off:Random:8,regression,False,False,False,new-43aa52b1424eb510d2fa16bc,1,[],,16,1,compact_regression_mobil_ref_to_rear_guard_off,8
Random,18,4179901:S08:space_filling:12,fbrt_cutin_then_brake,seeded_random_without_replacement,mobil_rear_guard_off_v2,compact_regression_mobil_ref_to_rear_guard_off:Random:8,regression,False,False,False,new-465eedad22b751cc3b160848,1,[],,17,1,compact_regression_mobil_ref_to_rear_guard_off,8
Random,19,4179901:S08:space_filling:5,fbrt_cutin_then_brake,seeded_random_without_replacement,mobil_rear_guard_off_v2,compact_regression_mobil_ref_to_rear_guard_off:Random:8,regression,False,False,False,new-89b3d76a7876350492650b2b,1,[],,18,1,compact_regression_mobil_ref_to_rear_guard_off,8
Random,20,4179901:S01:space_filling:11,fbrt_cutin,seeded_random_without_replacement,mobil_rear_guard_off_v2,compact_regression_mobil_ref_to_rear_guard_off:Random:8,regression,False,False,False,new-319679923f158310cfcb4790,1,[],,19,1,compact_regression_mobil_ref_to_rear_guard_off,8
Random,1,4179901:S01:anchor_like:0,fbrt_cutin,seeded_random_without_replacement,mobil_rear_guard_off_v2,compact_regression_mobil_ref_to_rear_guard_off:Random:9,regression,False,False,False,new-d35bd48d8679b9e47d214189,1,[],,0,1,compact_regression_mobil_ref_to_rear_guard_off,9
Random,2,4179901:S05:space_filling:14,fbrt_lane_change_rear,seeded_random_without_replacement,mobil_rear_guard_off_v2,compact_regression_mobil_ref_to_rear_guard_off:Random:9,regression,True,False,True,new-223ad8b409679a9a93be5992,1,[],,1,1,compact_regression_mobil_ref_to_rear_guard_off,9
Random,3,4179901:S06:space_filling:12,fbrt_moving_lead,seeded_random_without_replacement,mobil_rear_guard_off_v2,compact_regression_mobil_ref_to_rear_guard_off:Random:9,regression,False,False,False,new-ccb808278b8400ad66139db5,1,[],,2,1,compact_regression_mobil_ref_to_rear_guard_off,9
Random,4,4179901:S05:space_filling:9,fbrt_lane_change_rear,seeded_random_without_replacement,mobil_rear_guard_off_v2,compact_regression_mobil_ref_to_rear_guard_off:Random:9,regression,False,False,False,new-cc6207f2452e0497bd55f6aa,1,[],,3,1,compact_regression_mobil_ref_to_rear_guard_off,9
Random,5,4179901:S05:space_filling:11,fbrt_lane_change_rear,seeded_random_without_replacement,mobil_rear_guard_off_v2,compact_regression_mobil_ref_to_rear_guard_off:Random:9,regression,True,False,True,new-a0c970db6dfd1ac82300fac0,1,[],,4,1,compact_regression_mobil_ref_to_rear_guard_off,9
Random,6,4179901:S06:space_filling:8,fbrt_moving_lead,seeded_random_without_replacement,mobil_rear_guard_off_v2,compact_regression_mobil_ref_to_rear_guard_off:Random:9,regression,False,False,False,new-5372730362ea9c6f74ac44a2,1,[],,5,1,compact_regression_mobil_ref_to_rear_guard_off,9
Random,7,4179901:S01:anchor_like:1,fbrt_cutin,seeded_random_without_replacement,mobil_rear_guard_off_v2,compact_regression_mobil_ref_to_rear_guard_off:Random:9,regression,False,False,False,new-50af7510ba84623f67feb237,1,[],,6,1,compact_regression_mobil_ref_to_rear_guard_off,9
Random,8,4179901:S06:space_filling:4,fbrt_moving_lead,seeded_random_without_replacement,mobil_rear_guard_off_v2,compact_regression_mobil_ref_to_rear_guard_off:Random:9,regression,False,False,False,new-36db820dca294862d4f9cfce,1,[],,7,1,compact_regression_mobil_ref_to_rear_guard_off,9
Random,9,4179901:S08:space_filling:11,fbrt_cutin_then_brake,seeded_random_without_replacement,mobil_rear_guard_off_v2,compact_regression_mobil_ref_to_rear_guard_off:Random:9,regression,False,False,False,new-8db6f7bcc085016b1e731bb1,1,[],,8,1,compact_regression_mobil_ref_to_rear_guard_off,9
Random,10,4179901:S06:anchor_like:2,fbrt_moving_lead,seeded_random_without_replacement,mobil_rear_guard_off_v2,compact_regression_mobil_ref_to_rear_guard_off:Random:9,regression,False,False,False,new-c16b332f36b849770047762e,1,[],,9,1,compact_regression_mobil_ref_to_rear_guard_off,9
Random,11,4179901:S08:space_filling:10,fbrt_cutin_then_brake,seeded_random_without_replacement,mobil_rear_guard_off_v2,compact_regression_mobil_ref_to_rear_guard_off:Random:9,regression,False,False,False,new-e1d5f15804d15d5d0b28e5d2,1,[],,10,1,compact_regression_mobil_ref_to_rear_guard_off,9
Random,12,4179901:S05:anchor_like:1,fbrt_lane_change_rear,seeded_random_without_replacement,mobil_rear_guard_off_v2,compact_regression_mobil_ref_to_rear_guard_off:Random:9,regression,True,False,True,new-29c06bea3b77f61ef62cd56f,1,[],,11,1,compact_regression_mobil_ref_to_rear_guard_off,9
Random,13,4179901:S01:space_filling:8,fbrt_cutin,seeded_random_without_replacement,mobil_rear_guard_off_v2,compact_regression_mobil_ref_to_rear_guard_off:Random:9,regression,False,False,False,new-43ca5d2273ba57c454b7deff,1,[],,12,1,compact_regression_mobil_ref_to_rear_guard_off,9
Random,14,4179901:S05:anchor_like:0,fbrt_lane_change_rear,seeded_random_without_replacement,mobil_rear_guard_off_v2,compact_regression_mobil_ref_to_rear_guard_off:Random:9,regression,True,False,True,new-dbee18b7fc7044e5a74b6237,1,[],,13,1,compact_regression_mobil_ref_to_rear_guard_off,9
Random,15,4179901:S01:space_filling:6,fbrt_cutin,seeded_random_without_replacement,mobil_rear_guard_off_v2,compact_regression_mobil_ref_to_rear_guard_off:Random:9,regression,False,False,False,new-70554bf2271fa59d21af8575,1,[],,14,1,compact_regression_mobil_ref_to_rear_guard_off,9
Random,16,4179901:S05:space_filling:15,fbrt_lane_change_rear,seeded_random_without_replacement,mobil_rear_guard_off_v2,compact_regression_mobil_ref_to_rear_guard_off:Random:9,regression,True,False,True,new-0250bdb83e46ff83abf11e1d,1,[],,15,1,compact_regression_mobil_ref_to_rear_guard_off,9
Random,17,4179901:S01:space_filling:13,fbrt_cutin,seeded_random_without_replacement,mobil_rear_guard_off_v2,compact_regression_mobil_ref_to_rear_guard_off:Random:9,regression,False,False,False,new-ac330f3a5545cb3737152201,1,[],,16,1,compact_regression_mobil_ref_to_rear_guard_off,9
Random,18,4179901:S08:space_filling:13,fbrt_cutin_then_brake,seeded_random_without_replacement,mobil_rear_guard_off_v2,compact_regression_mobil_ref_to_rear_guard_off:Random:9,regression,False,False,False,new-288612112438dda6d7f1f545,1,[],,17,1,compact_regression_mobil_ref_to_rear_guard_off,9
Random,19,4179901:S05:space_filling:12,fbrt_lane_change_rear,seeded_random_without_replacement,mobil_rear_guard_off_v2,compact_regression_mobil_ref_to_rear_guard_off:Random:9,regression,True,False,True,new-b31a80b3641735aaf882b10d,1,[],,18,1,compact_regression_mobil_ref_to_rear_guard_off,9
Random,20,4179901:S01:space_filling:5,fbrt_cutin,seeded_random_without_replacement,mobil_rear_guard_off_v2,compact_regression_mobil_ref_to_rear_guard_off:Random:9,regression,False,False,False,new-720943cc28216ed79ef72303,1,[],,19,1,compact_regression_mobil_ref_to_rear_guard_off,9
HistoryRank-UCB-v2,1,4179901:S06:space_filling:14,fbrt_moving_lead,history_risk_percentile_ucb,mobil_rear_guard_off_v2,compact_regression_mobil_ref_to_rear_guard_off:HistoryRank-UCB-v2:0,regression,False,False,False,new-5b74c53cbf5ca4b31bfa8488,1,[],,0,1,compact_regression_mobil_ref_to_rear_guard_off,0
HistoryRank-UCB-v2,2,4179901:S05:anchor_like:1,fbrt_lane_change_rear,history_risk_percentile_ucb,mobil_rear_guard_off_v2,compact_regression_mobil_ref_to_rear_guard_off:HistoryRank-UCB-v2:0,regression,True,False,True,new-29c06bea3b77f61ef62cd56f,1,[],,1,1,compact_regression_mobil_ref_to_rear_guard_off,0
HistoryRank-UCB-v2,3,4179901:S02:space_filling:6,fbrt_cutout_static,history_risk_percentile_ucb,mobil_rear_guard_off_v2,compact_regression_mobil_ref_to_rear_guard_off:HistoryRank-UCB-v2:0,regression,False,False,False,new-eb509f0e55ec4127c6a49ac7,1,[],,2,1,compact_regression_mobil_ref_to_rear_guard_off,0
HistoryRank-UCB-v2,4,4179901:S08:space_filling:10,fbrt_cutin_then_brake,history_risk_percentile_ucb,mobil_rear_guard_off_v2,compact_regression_mobil_ref_to_rear_guard_off:HistoryRank-UCB-v2:0,regression,False,False,False,new-e1d5f15804d15d5d0b28e5d2,1,[],,3,1,compact_regression_mobil_ref_to_rear_guard_off,0
HistoryRank-UCB-v2,5,4179901:S01:space_filling:4,fbrt_cutin,history_risk_percentile_ucb,mobil_rear_guard_off_v2,compact_regression_mobil_ref_to_rear_guard_off:HistoryRank-UCB-v2:0,regression,False,False,False,new-6efeed6c33d239b14b022634,1,[],,4,1,compact_regression_mobil_ref_to_rear_guard_off,0
HistoryRank-UCB-v2,6,4179901:S05:space_filling:12,fbrt_lane_change_rear,history_risk_percentile_ucb,mobil_rear_guard_off_v2,compact_regression_mobil_ref_to_rear_guard_off:HistoryRank-UCB-v2:0,regression,True,False,True,new-b31a80b3641735aaf882b10d,1,[],,5,1,compact_regression_mobil_ref_to_rear_guard_off,0
HistoryRank-UCB-v2,7,4179901:S05:space_filling:8,fbrt_lane_change_rear,history_risk_percentile_ucb,mobil_rear_guard_off_v2,compact_regression_mobil_ref_to_rear_guard_off:HistoryRank-UCB-v2:0,regression,True,False,True,new-d9cd39d37757f224eccfdfed,1,[],,6,1,compact_regression_mobil_ref_to_rear_guard_off,0
HistoryRank-UCB-v2,8,4179901:S05:space_filling:4,fbrt_lane_change_rear,history_risk_percentile_ucb,mobil_rear_guard_off_v2,compact_regression_mobil_ref_to_rear_guard_off:HistoryRank-UCB-v2:0,regression,True,False,True,new-f50a868a6984e064b5213a43,1,[],,7,1,compact_regression_mobil_ref_to_rear_guard_off,0
HistoryRank-UCB-v2,9,4179901:S01:space_filling:12,fbrt_cutin,history_risk_percentile_ucb,mobil_rear_guard_off_v2,compact_regression_mobil_ref_to_rear_guard_off:HistoryRank-UCB-v2:0,regression,False,False,False,new-39b095b12cdf959d3021e4ec,1,[],,8,1,compact_regression_mobil_ref_to_rear_guard_off,0
HistoryRank-UCB-v2,10,4179901:S08:space_filling:13,fbrt_cutin_then_brake,history_risk_percentile_ucb,mobil_rear_guard_off_v2,compact_regression_mobil_ref_to_rear_guard_off:HistoryRank-UCB-v2:0,regression,False,False,False,new-288612112438dda6d7f1f545,1,[],,9,1,compact_regression_mobil_ref_to_rear_guard_off,0
HistoryRank-UCB-v2,11,4179901:S02:space_filling:10,fbrt_cutout_static,history_risk_percentile_ucb,mobil_rear_guard_off_v2,compact_regression_mobil_ref_to_rear_guard_off:HistoryRank-UCB-v2:0,regression,False,False,False,new-1ae47ee74aef007de41c5ca9,1,[],,10,1,compact_regression_mobil_ref_to_rear_guard_off,0
HistoryRank-UCB-v2,12,4179901:S06:space_filling:6,fbrt_moving_lead,history_risk_percentile_ucb,mobil_rear_guard_off_v2,compact_regression_mobil_ref_to_rear_guard_off:HistoryRank-UCB-v2:0,regression,False,False,False,new-9c4b9f7a1834c245ee6b7fa8,1,[],,11,1,compact_regression_mobil_ref_to_rear_guard_off,0
HistoryRank-UCB-v2,13,4179901:S05:space_filling:15,fbrt_lane_change_rear,history_risk_percentile_ucb,mobil_rear_guard_off_v2,compact_regression_mobil_ref_to_rear_guard_off:HistoryRank-UCB-v2:0,regression,True,False,True,new-0250bdb83e46ff83abf11e1d,1,[],,12,1,compact_regression_mobil_ref_to_rear_guard_off,0
HistoryRank-UCB-v2,14,4179901:S05:space_filling:10,fbrt_lane_change_rear,history_risk_percentile_ucb,mobil_rear_guard_off_v2,compact_regression_mobil_ref_to_rear_guard_off:HistoryRank-UCB-v2:0,regression,True,False,True,new-e7a946a18102b2dabddd5c1a,1,[],,13,1,compact_regression_mobil_ref_to_rear_guard_off,0
HistoryRank-UCB-v2,15,4179901:S05:space_filling:14,fbrt_lane_change_rear,history_risk_percentile_ucb,mobil_rear_guard_off_v2,compact_regression_mobil_ref_to_rear_guard_off:HistoryRank-UCB-v2:0,regression,True,False,True,new-223ad8b409679a9a93be5992,1,[],,14,1,compact_regression_mobil_ref_to_rear_guard_off,0
HistoryRank-UCB-v2,16,4179901:S05:space_filling:11,fbrt_lane_change_rear,history_risk_percentile_ucb,mobil_rear_guard_off_v2,compact_regression_mobil_ref_to_rear_guard_off:HistoryRank-UCB-v2:0,regression,True,False,True,new-a0c970db6dfd1ac82300fac0,1,[],,15,1,compact_regression_mobil_ref_to_rear_guard_off,0
HistoryRank-UCB-v2,17,4179901:S05:space_filling:9,fbrt_lane_change_rear,history_risk_percentile_ucb,mobil_rear_guard_off_v2,compact_regression_mobil_ref_to_rear_guard_off:HistoryRank-UCB-v2:0,regression,False,False,False,new-cc6207f2452e0497bd55f6aa,1,[],,16,1,compact_regression_mobil_ref_to_rear_guard_off,0
HistoryRank-UCB-v2,18,4179901:S01:space_filling:11,fbrt_cutin,history_risk_percentile_ucb,mobil_rear_guard_off_v2,compact_regression_mobil_ref_to_rear_guard_off:HistoryRank-UCB-v2:0,regression,False,False,False,new-319679923f158310cfcb4790,1,[],,17,1,compact_regression_mobil_ref_to_rear_guard_off,0
HistoryRank-UCB-v2,19,4179901:S02:anchor_like:1,fbrt_cutout_static,history_risk_percentile_ucb,mobil_rear_guard_off_v2,compact_regression_mobil_ref_to_rear_guard_off:HistoryRank-UCB-v2:0,regression,False,False,False,new-fdb6f4267524b4cd3fd9d456,1,[],,18,1,compact_regression_mobil_ref_to_rear_guard_off,0
HistoryRank-UCB-v2,20,4179901:S08:space_filling:5,fbrt_cutin_then_brake,history_risk_percentile_ucb,mobil_rear_guard_off_v2,compact_regression_mobil_ref_to_rear_guard_off:HistoryRank-UCB-v2:0,regression,False,False,False,new-89b3d76a7876350492650b2b,1,[],,19,1,compact_regression_mobil_ref_to_rear_guard_off,0
FailureDistance-v2,1,4179901:S01:space_filling:13,fbrt_cutin,nearest_observed_failure,mobil_rear_guard_off_v2,compact_regression_mobil_ref_to_rear_guard_off:FailureDistance-v2:0,regression,False,False,False,new-ac330f3a5545cb3737152201,1,[],,0,1,compact_regression_mobil_ref_to_rear_guard_off,0
FailureDistance-v2,2,4179901:S02:space_filling:7,fbrt_cutout_static,nearest_observed_failure,mobil_rear_guard_off_v2,compact_regression_mobil_ref_to_rear_guard_off:FailureDistance-v2:0,regression,False,False,False,new-aa5ac9f72853e9d7367cc2b4,1,[],,1,1,compact_regression_mobil_ref_to_rear_guard_off,0
FailureDistance-v2,3,4179901:S08:anchor_like:1,fbrt_cutin_then_brake,nearest_observed_failure,mobil_rear_guard_off_v2,compact_regression_mobil_ref_to_rear_guard_off:FailureDistance-v2:0,regression,False,False,False,new-221274f749d6ebca1cbe0530,1,[],,2,1,compact_regression_mobil_ref_to_rear_guard_off,0
FailureDistance-v2,4,4179901:S06:anchor_like:3,fbrt_moving_lead,nearest_observed_failure,mobil_rear_guard_off_v2,compact_regression_mobil_ref_to_rear_guard_off:FailureDistance-v2:0,regression,False,False,False,new-7cefe95e45976fe3066aa2da,1,[],,3,1,compact_regression_mobil_ref_to_rear_guard_off,0
FailureDistance-v2,5,4179901:S08:space_filling:10,fbrt_cutin_then_brake,nearest_observed_failure,mobil_rear_guard_off_v2,compact_regression_mobil_ref_to_rear_guard_off:FailureDistance-v2:0,regression,False,False,False,new-e1d5f15804d15d5d0b28e5d2,1,[],,4,1,compact_regression_mobil_ref_to_rear_guard_off,0
FailureDistance-v2,6,4179901:S08:anchor_like:2,fbrt_cutin_then_brake,nearest_observed_failure,mobil_rear_guard_off_v2,compact_regression_mobil_ref_to_rear_guard_off:FailureDistance-v2:0,regression,False,False,False,new-af3637b3a0efd12ac7582db0,1,[],,5,1,compact_regression_mobil_ref_to_rear_guard_off,0
FailureDistance-v2,7,4179901:S01:space_filling:12,fbrt_cutin,nearest_observed_failure,mobil_rear_guard_off_v2,compact_regression_mobil_ref_to_rear_guard_off:FailureDistance-v2:0,regression,False,False,False,new-39b095b12cdf959d3021e4ec,1,[],,6,1,compact_regression_mobil_ref_to_rear_guard_off,0
FailureDistance-v2,8,4179901:S08:space_filling:4,fbrt_cutin_then_brake,nearest_observed_failure,mobil_rear_guard_off_v2,compact_regression_mobil_ref_to_rear_guard_off:FailureDistance-v2:0,regression,False,False,False,new-c0e6953a545b4ae251c33061,1,[],,7,1,compact_regression_mobil_ref_to_rear_guard_off,0
FailureDistance-v2,9,4179901:S01:space_filling:14,fbrt_cutin,nearest_observed_failure,mobil_rear_guard_off_v2,compact_regression_mobil_ref_to_rear_guard_off:FailureDistance-v2:0,regression,False,False,False,new-63076a04f75c8803637a2a4d,1,[],,8,1,compact_regression_mobil_ref_to_rear_guard_off,0
FailureDistance-v2,10,4179901:S05:anchor_like:2,fbrt_lane_change_rear,global_art_maximin,mobil_rear_guard_off_v2,compact_regression_mobil_ref_to_rear_guard_off:FailureDistance-v2:0,regression,False,False,False,new-7cb08d1588f68aa3f60dc932,1,[],,9,1,compact_regression_mobil_ref_to_rear_guard_off,0
FailureDistance-v2,11,4179901:S02:space_filling:5,fbrt_cutout_static,nearest_observed_failure,mobil_rear_guard_off_v2,compact_regression_mobil_ref_to_rear_guard_off:FailureDistance-v2:0,regression,False,False,False,new-d74f64a35f8405bb608307fb,1,[],,10,1,compact_regression_mobil_ref_to_rear_guard_off,0
FailureDistance-v2,12,4179901:S01:space_filling:7,fbrt_cutin,nearest_observed_failure,mobil_rear_guard_off_v2,compact_regression_mobil_ref_to_rear_guard_off:FailureDistance-v2:0,regression,False,False,False,new-93e381a6117e07b17127d793,1,[],,11,1,compact_regression_mobil_ref_to_rear_guard_off,0
FailureDistance-v2,13,4179901:S06:space_filling:4,fbrt_moving_lead,nearest_observed_failure,mobil_rear_guard_off_v2,compact_regression_mobil_ref_to_rear_guard_off:FailureDistance-v2:0,regression,False,False,False,new-36db820dca294862d4f9cfce,1,[],,12,1,compact_regression_mobil_ref_to_rear_guard_off,0
FailureDistance-v2,14,4179901:S02:space_filling:13,fbrt_cutout_static,nearest_observed_failure,mobil_rear_guard_off_v2,compact_regression_mobil_ref_to_rear_guard_off:FailureDistance-v2:0,regression,False,False,False,new-b62266f0d438f63699b67059,1,[],,13,1,compact_regression_mobil_ref_to_rear_guard_off,0
FailureDistance-v2,15,4179901:S01:space_filling:5,fbrt_cutin,nearest_observed_failure,mobil_rear_guard_off_v2,compact_regression_mobil_ref_to_rear_guard_off:FailureDistance-v2:0,regression,False,False,False,new-720943cc28216ed79ef72303,1,[],,14,1,compact_regression_mobil_ref_to_rear_guard_off,0
FailureDistance-v2,16,4179901:S06:space_filling:8,fbrt_moving_lead,nearest_observed_failure,mobil_rear_guard_off_v2,compact_regression_mobil_ref_to_rear_guard_off:FailureDistance-v2:0,regression,False,False,False,new-5372730362ea9c6f74ac44a2,1,[],,15,1,compact_regression_mobil_ref_to_rear_guard_off,0
FailureDistance-v2,17,4179901:S06:space_filling:7,fbrt_moving_lead,nearest_observed_failure,mobil_rear_guard_off_v2,compact_regression_mobil_ref_to_rear_guard_off:FailureDistance-v2:0,regression,False,False,False,new-744fa20ca27103f7e4f6de05,1,[],,16,1,compact_regression_mobil_ref_to_rear_guard_off,0
FailureDistance-v2,18,4179901:S08:space_filling:9,fbrt_cutin_then_brake,nearest_observed_failure,mobil_rear_guard_off_v2,compact_regression_mobil_ref_to_rear_guard_off:FailureDistance-v2:0,regression,False,False,False,new-791851d58f5796c29b54119f,1,[],,17,1,compact_regression_mobil_ref_to_rear_guard_off,0
FailureDistance-v2,19,4179901:S01:anchor_like:3,fbrt_cutin,nearest_observed_failure,mobil_rear_guard_off_v2,compact_regression_mobil_ref_to_rear_guard_off:FailureDistance-v2:0,regression,False,False,False,new-d0a4bace3e15e57d9ff5bba5,1,[],,18,1,compact_regression_mobil_ref_to_rear_guard_off,0
FailureDistance-v2,20,4179901:S05:space_filling:8,fbrt_lane_change_rear,global_art_maximin,mobil_rear_guard_off_v2,compact_regression_mobil_ref_to_rear_guard_off:FailureDistance-v2:0,regression,True,False,True,new-d9cd39d37757f224eccfdfed,1,[],,19,1,compact_regression_mobil_ref_to_rear_guard_off,0
FBRT-NoMemory,1,4179901:S01:anchor_like:2,fbrt_cutin,posterior_mean_failure_probability,mobil_rear_guard_off_v2,compact_regression_mobil_ref_to_rear_guard_off:FBRT-NoMemory:0,regression,False,False,False,new-4bc3dcbce1d4b25cf285bcd6,1,[],,0,0,compact_regression_mobil_ref_to_rear_guard_off,0
FBRT-NoMemory,2,4179901:S02:anchor_like:1,fbrt_cutout_static,posterior_mean_failure_probability,mobil_rear_guard_off_v2,compact_regression_mobil_ref_to_rear_guard_off:FBRT-NoMemory:0,regression,False,False,False,new-fdb6f4267524b4cd3fd9d456,1,[],,1,0,compact_regression_mobil_ref_to_rear_guard_off,0
FBRT-NoMemory,3,4179901:S05:space_filling:13,fbrt_lane_change_rear,posterior_mean_failure_probability,mobil_rear_guard_off_v2,compact_regression_mobil_ref_to_rear_guard_off:FBRT-NoMemory:0,regression,False,False,False,new-bcf50174b61e44d25be4cb16,1,[],,2,0,compact_regression_mobil_ref_to_rear_guard_off,0
FBRT-NoMemory,4,4179901:S08:space_filling:13,fbrt_cutin_then_brake,posterior_mean_failure_probability,mobil_rear_guard_off_v2,compact_regression_mobil_ref_to_rear_guard_off:FBRT-NoMemory:0,regression,False,False,False,new-288612112438dda6d7f1f545,1,[],,3,0,compact_regression_mobil_ref_to_rear_guard_off,0
FBRT-NoMemory,5,4179901:S06:anchor_like:2,fbrt_moving_lead,posterior_mean_failure_probability,mobil_rear_guard_off_v2,compact_regression_mobil_ref_to_rear_guard_off:FBRT-NoMemory:0,regression,False,False,False,new-c16b332f36b849770047762e,1,[],,4,0,compact_regression_mobil_ref_to_rear_guard_off,0
FBRT-NoMemory,6,4179901:S05:space_filling:10,fbrt_lane_change_rear,posterior_mean_failure_probability,mobil_rear_guard_off_v2,compact_regression_mobil_ref_to_rear_guard_off:FBRT-NoMemory:0,regression,True,False,True,new-e7a946a18102b2dabddd5c1a,1,[],pat-f119a467120e50be,5,0,compact_regression_mobil_ref_to_rear_guard_off,0
FBRT-NoMemory,7,4179901:S05:anchor_like:3,fbrt_lane_change_rear,posterior_mean_failure_probability,mobil_rear_guard_off_v2,compact_regression_mobil_ref_to_rear_guard_off:FBRT-NoMemory:0,regression,True,False,True,new-17dc3f7c06772e582087d6ba,1,[],pat-a064c954b705ac4c,6,0,compact_regression_mobil_ref_to_rear_guard_off,0
FBRT-NoMemory,8,4179901:S05:space_filling:14,fbrt_lane_change_rear,posterior_mean_failure_probability,mobil_rear_guard_off_v2,compact_regression_mobil_ref_to_rear_guard_off:FBRT-NoMemory:0,regression,True,False,True,new-223ad8b409679a9a93be5992,1,[],pat-a883a02b1722b81e,7,0,compact_regression_mobil_ref_to_rear_guard_off,0
FBRT-NoMemory,9,4179901:S05:space_filling:6,fbrt_lane_change_rear,posterior_mean_failure_probability,mobil_rear_guard_off_v2,compact_regression_mobil_ref_to_rear_guard_off:FBRT-NoMemory:0,regression,True,False,True,new-7a934b5507d34555107bfe3f,1,[],pat-ca89034f45231ee9,8,0,compact_regression_mobil_ref_to_rear_guard_off,0
FBRT-NoMemory,10,4179901:S08:space_filling:4,fbrt_cutin_then_brake,global_art_maximin,mobil_rear_guard_off_v2,compact_regression_mobil_ref_to_rear_guard_off:FBRT-NoMemory:0,regression,False,False,False,new-c0e6953a545b4ae251c33061,1,[],,9,0,compact_regression_mobil_ref_to_rear_guard_off,0
FBRT-NoMemory,11,4179901:S05:space_filling:12,fbrt_lane_change_rear,posterior_mean_failure_probability,mobil_rear_guard_off_v2,compact_regression_mobil_ref_to_rear_guard_off:FBRT-NoMemory:0,regression,True,False,True,new-b31a80b3641735aaf882b10d,1,[],pat-c7344cb0fdf4de48,10,0,compact_regression_mobil_ref_to_rear_guard_off,0
FBRT-NoMemory,12,4179901:S05:space_filling:4,fbrt_lane_change_rear,posterior_mean_failure_probability,mobil_rear_guard_off_v2,compact_regression_mobil_ref_to_rear_guard_off:FBRT-NoMemory:0,regression,True,False,True,new-f50a868a6984e064b5213a43,1,[],pat-e043c1eeb7e58485,11,0,compact_regression_mobil_ref_to_rear_guard_off,0
FBRT-NoMemory,13,4179901:S05:anchor_like:1,fbrt_lane_change_rear,posterior_mean_failure_probability,mobil_rear_guard_off_v2,compact_regression_mobil_ref_to_rear_guard_off:FBRT-NoMemory:0,regression,True,False,True,new-29c06bea3b77f61ef62cd56f,1,[],pat-5953004501c0097e,12,0,compact_regression_mobil_ref_to_rear_guard_off,0
FBRT-NoMemory,14,4179901:S05:space_filling:8,fbrt_lane_change_rear,posterior_mean_failure_probability,mobil_rear_guard_off_v2,compact_regression_mobil_ref_to_rear_guard_off:FBRT-NoMemory:0,regression,True,False,True,new-d9cd39d37757f224eccfdfed,1,[],pat-265785b60b4e58b3,13,0,compact_regression_mobil_ref_to_rear_guard_off,0
FBRT-NoMemory,15,4179901:S05:space_filling:15,fbrt_lane_change_rear,posterior_mean_failure_probability,mobil_rear_guard_off_v2,compact_regression_mobil_ref_to_rear_guard_off:FBRT-NoMemory:0,regression,True,False,True,new-0250bdb83e46ff83abf11e1d,1,[],pat-eb5b7edd983eeede,14,0,compact_regression_mobil_ref_to_rear_guard_off,0
FBRT-NoMemory,16,4179901:S05:anchor_like:0,fbrt_lane_change_rear,posterior_mean_failure_probability,mobil_rear_guard_off_v2,compact_regression_mobil_ref_to_rear_guard_off:FBRT-NoMemory:0,regression,True,False,True,new-dbee18b7fc7044e5a74b6237,1,[],pat-4e43a340196db834,15,0,compact_regression_mobil_ref_to_rear_guard_off,0
FBRT-NoMemory,17,4179901:S05:space_filling:11,fbrt_lane_change_rear,posterior_mean_failure_probability,mobil_rear_guard_off_v2,compact_regression_mobil_ref_to_rear_guard_off:FBRT-NoMemory:0,regression,True,False,True,new-a0c970db6dfd1ac82300fac0,1,[],pat-c1c5a620cc78a2d4,16,0,compact_regression_mobil_ref_to_rear_guard_off,0
FBRT-NoMemory,18,4179901:S05:space_filling:7,fbrt_lane_change_rear,posterior_mean_failure_probability,mobil_rear_guard_off_v2,compact_regression_mobil_ref_to_rear_guard_off:FBRT-NoMemory:0,regression,False,False,False,new-7b258f36608b98d500f6b82c,1,[],,17,0,compact_regression_mobil_ref_to_rear_guard_off,0
FBRT-NoMemory,19,4179901:S05:space_filling:5,fbrt_lane_change_rear,posterior_mean_failure_probability,mobil_rear_guard_off_v2,compact_regression_mobil_ref_to_rear_guard_off:FBRT-NoMemory:0,regression,True,False,True,new-d219a9492abe8aa3876ce6f4,1,[],pat-f526f64a6a339b5e,18,0,compact_regression_mobil_ref_to_rear_guard_off,0
FBRT-NoMemory,20,4179901:S01:space_filling:12,fbrt_cutin,global_art_maximin,mobil_rear_guard_off_v2,compact_regression_mobil_ref_to_rear_guard_off:FBRT-NoMemory:0,regression,False,False,False,new-39b095b12cdf959d3021e4ec,1,[],,19,0,compact_regression_mobil_ref_to_rear_guard_off,0
FBRT-Memory,1,4179901:S01:space_filling:6,fbrt_cutin,posterior_mean_failure_probability,mobil_rear_guard_off_v2,compact_regression_mobil_ref_to_rear_guard_off:FBRT-Memory:0,regression,False,False,False,new-70554bf2271fa59d21af8575,1,[],,0,1,compact_regression_mobil_ref_to_rear_guard_off,0
FBRT-Memory,2,4179901:S08:space_filling:13,fbrt_cutin_then_brake,posterior_mean_failure_probability,mobil_rear_guard_off_v2,compact_regression_mobil_ref_to_rear_guard_off:FBRT-Memory:0,regression,False,False,False,new-288612112438dda6d7f1f545,1,[],,1,1,compact_regression_mobil_ref_to_rear_guard_off,0
FBRT-Memory,3,4179901:S08:space_filling:7,fbrt_cutin_then_brake,posterior_mean_failure_probability,mobil_rear_guard_off_v2,compact_regression_mobil_ref_to_rear_guard_off:FBRT-Memory:0,regression,False,False,False,new-535a4620b41b130158a7ed5c,1,[],,2,1,compact_regression_mobil_ref_to_rear_guard_off,0
FBRT-Memory,4,4179901:S01:space_filling:12,fbrt_cutin,posterior_mean_failure_probability,mobil_rear_guard_off_v2,compact_regression_mobil_ref_to_rear_guard_off:FBRT-Memory:0,regression,False,False,False,new-39b095b12cdf959d3021e4ec,1,[],,3,1,compact_regression_mobil_ref_to_rear_guard_off,0
FBRT-Memory,5,4179901:S05:space_filling:7,fbrt_lane_change_rear,posterior_mean_failure_probability,mobil_rear_guard_off_v2,compact_regression_mobil_ref_to_rear_guard_off:FBRT-Memory:0,regression,False,False,False,new-7b258f36608b98d500f6b82c,1,[],,4,1,compact_regression_mobil_ref_to_rear_guard_off,0
FBRT-Memory,6,4179901:S06:space_filling:5,fbrt_moving_lead,posterior_mean_failure_probability,mobil_rear_guard_off_v2,compact_regression_mobil_ref_to_rear_guard_off:FBRT-Memory:0,regression,False,False,False,new-fdeba20511a44dce6c5e2090,1,[],,5,1,compact_regression_mobil_ref_to_rear_guard_off,0
FBRT-Memory,7,4179901:S02:space_filling:5,fbrt_cutout_static,posterior_mean_failure_probability,mobil_rear_guard_off_v2,compact_regression_mobil_ref_to_rear_guard_off:FBRT-Memory:0,regression,False,False,False,new-d74f64a35f8405bb608307fb,1,[],,6,1,compact_regression_mobil_ref_to_rear_guard_off,0
FBRT-Memory,8,4179901:S06:space_filling:14,fbrt_moving_lead,posterior_mean_failure_probability,mobil_rear_guard_off_v2,compact_regression_mobil_ref_to_rear_guard_off:FBRT-Memory:0,regression,False,False,False,new-5b74c53cbf5ca4b31bfa8488,1,[],,7,1,compact_regression_mobil_ref_to_rear_guard_off,0
FBRT-Memory,9,4179901:S01:space_filling:13,fbrt_cutin,posterior_mean_failure_probability,mobil_rear_guard_off_v2,compact_regression_mobil_ref_to_rear_guard_off:FBRT-Memory:0,regression,False,False,False,new-ac330f3a5545cb3737152201,1,[],,8,1,compact_regression_mobil_ref_to_rear_guard_off,0
FBRT-Memory,10,4179901:S05:space_filling:10,fbrt_lane_change_rear,global_art_maximin,mobil_rear_guard_off_v2,compact_regression_mobil_ref_to_rear_guard_off:FBRT-Memory:0,regression,True,False,True,new-e7a946a18102b2dabddd5c1a,1,[],pat-8b89960488d7e294,9,1,compact_regression_mobil_ref_to_rear_guard_off,0
FBRT-Memory,11,4179901:S05:anchor_like:3,fbrt_lane_change_rear,posterior_mean_failure_probability,mobil_rear_guard_off_v2,compact_regression_mobil_ref_to_rear_guard_off:FBRT-Memory:0,regression,True,False,True,new-17dc3f7c06772e582087d6ba,1,"[""pat-8b89960488d7e294""]",pat-e804a8bb3fff856e,10,1,compact_regression_mobil_ref_to_rear_guard_off,0
FBRT-Memory,12,4179901:S05:space_filling:14,fbrt_lane_change_rear,posterior_mean_failure_probability,mobil_rear_guard_off_v2,compact_regression_mobil_ref_to_rear_guard_off:FBRT-Memory:0,regression,True,False,True,new-223ad8b409679a9a93be5992,1,"[""pat-8b89960488d7e294""]",pat-6be7ac71fab0f140,11,1,compact_regression_mobil_ref_to_rear_guard_off,0
FBRT-Memory,13,4179901:S05:space_filling:6,fbrt_lane_change_rear,posterior_mean_failure_probability,mobil_rear_guard_off_v2,compact_regression_mobil_ref_to_rear_guard_off:FBRT-Memory:0,regression,True,False,True,new-7a934b5507d34555107bfe3f,1,[],pat-dcd581cf793e289f,12,1,compact_regression_mobil_ref_to_rear_guard_off,0
FBRT-Memory,14,4179901:S05:space_filling:12,fbrt_lane_change_rear,posterior_mean_failure_probability,mobil_rear_guard_off_v2,compact_regression_mobil_ref_to_rear_guard_off:FBRT-Memory:0,regression,True,False,True,new-b31a80b3641735aaf882b10d,1,"[""pat-dcd581cf793e289f""]",pat-f48082883dcb3372,13,1,compact_regression_mobil_ref_to_rear_guard_off,0
FBRT-Memory,15,4179901:S05:space_filling:4,fbrt_lane_change_rear,posterior_mean_failure_probability,mobil_rear_guard_off_v2,compact_regression_mobil_ref_to_rear_guard_off:FBRT-Memory:0,regression,True,False,True,new-f50a868a6984e064b5213a43,1,"[""pat-dcd581cf793e289f""]",pat-3c838254c764c78b,14,1,compact_regression_mobil_ref_to_rear_guard_off,0
FBRT-Memory,16,4179901:S05:anchor_like:1,fbrt_lane_change_rear,posterior_mean_failure_probability,mobil_rear_guard_off_v2,compact_regression_mobil_ref_to_rear_guard_off:FBRT-Memory:0,regression,True,False,True,new-29c06bea3b77f61ef62cd56f,1,"[""pat-3c838254c764c78b""]",pat-4263c3706de4e1ec,15,1,compact_regression_mobil_ref_to_rear_guard_off,0
FBRT-Memory,17,4179901:S05:space_filling:8,fbrt_lane_change_rear,posterior_mean_failure_probability,mobil_rear_guard_off_v2,compact_regression_mobil_ref_to_rear_guard_off:FBRT-Memory:0,regression,True,False,True,new-d9cd39d37757f224eccfdfed,1,[],pat-c5969aba81e7dd51,16,1,compact_regression_mobil_ref_to_rear_guard_off,0
FBRT-Memory,18,4179901:S05:space_filling:15,fbrt_lane_change_rear,posterior_mean_failure_probability,mobil_rear_guard_off_v2,compact_regression_mobil_ref_to_rear_guard_off:FBRT-Memory:0,regression,True,False,True,new-0250bdb83e46ff83abf11e1d,1,"[""pat-c5969aba81e7dd51""]",pat-71c7f25fb188d3e0,17,1,compact_regression_mobil_ref_to_rear_guard_off,0
FBRT-Memory,19,4179901:S05:space_filling:5,fbrt_lane_change_rear,posterior_mean_failure_probability,mobil_rear_guard_off_v2,compact_regression_mobil_ref_to_rear_guard_off:FBRT-Memory:0,regression,True,False,True,new-d219a9492abe8aa3876ce6f4,1,[],pat-95683271e54a27fe,18,1,compact_regression_mobil_ref_to_rear_guard_off,0
FBRT-Memory,20,4179901:S02:space_filling:12,fbrt_cutout_static,global_art_maximin,mobil_rear_guard_off_v2,compact_regression_mobil_ref_to_rear_guard_off:FBRT-Memory:0,regression,False,False,False,new-6bd6ab7132d216f74ec29614,1,[],,19,1,compact_regression_mobil_ref_to_rear_guard_off,0
Random,1,4179901:S06:space_filling:10,fbrt_moving_lead,seeded_random_without_replacement,ppo_obs_age020_v2,compact_regression_ppo_ref_to_obs_age020:Random:0,regression,False,False,False,new-77fae2cc7a9196d0a4879bfe,1,[],,0,1,compact_regression_ppo_ref_to_obs_age020,0
Random,2,4179901:S01:anchor_like:0,fbrt_cutin,seeded_random_without_replacement,ppo_obs_age020_v2,compact_regression_ppo_ref_to_obs_age020:Random:0,regression,False,False,False,new-2dfa8b5c20964395e387f697,1,[],,1,1,compact_regression_ppo_ref_to_obs_age020,0
Random,3,4179901:S08:anchor_like:0,fbrt_cutin_then_brake,seeded_random_without_replacement,ppo_obs_age020_v2,compact_regression_ppo_ref_to_obs_age020:Random:0,regression,False,False,False,new-541f682646e1a80e8127fc84,1,[],,2,1,compact_regression_ppo_ref_to_obs_age020,0
Random,4,4179901:S08:space_filling:10,fbrt_cutin_then_brake,seeded_random_without_replacement,ppo_obs_age020_v2,compact_regression_ppo_ref_to_obs_age020:Random:0,regression,False,False,False,new-dce1fa34c88e2e710a79db4b,1,[],,3,1,compact_regression_ppo_ref_to_obs_age020,0
Random,5,4179901:S08:space_filling:4,fbrt_cutin_then_brake,seeded_random_without_replacement,ppo_obs_age020_v2,compact_regression_ppo_ref_to_obs_age020:Random:0,regression,False,False,False,new-2894ef966aed1dc67339ebc5,1,[],,4,1,compact_regression_ppo_ref_to_obs_age020,0
Random,6,4179901:S05:anchor_like:1,fbrt_lane_change_rear,seeded_random_without_replacement,ppo_obs_age020_v2,compact_regression_ppo_ref_to_obs_age020:Random:0,regression,False,False,False,new-0b823c70c752b712d609d8d1,1,[],,5,1,compact_regression_ppo_ref_to_obs_age020,0
Random,7,4179901:S05:space_filling:4,fbrt_lane_change_rear,seeded_random_without_replacement,ppo_obs_age020_v2,compact_regression_ppo_ref_to_obs_age020:Random:0,regression,False,False,False,new-3aa5b3c698d00e1ca6c1fed9,1,[],,6,1,compact_regression_ppo_ref_to_obs_age020,0
Random,8,4179901:S05:anchor_like:0,fbrt_lane_change_rear,seeded_random_without_replacement,ppo_obs_age020_v2,compact_regression_ppo_ref_to_obs_age020:Random:0,regression,False,False,False,new-69b5efcd46dae110b3f3f1fc,1,[],,7,1,compact_regression_ppo_ref_to_obs_age020,0
Random,9,4179901:S05:anchor_like:3,fbrt_lane_change_rear,seeded_random_without_replacement,ppo_obs_age020_v2,compact_regression_ppo_ref_to_obs_age020:Random:0,regression,False,False,False,new-9551311f923f95360e5b9cd4,1,[],,8,1,compact_regression_ppo_ref_to_obs_age020,0
Random,10,4179901:S01:anchor_like:2,fbrt_cutin,seeded_random_without_replacement,ppo_obs_age020_v2,compact_regression_ppo_ref_to_obs_age020:Random:0,regression,False,False,False,new-b717f2422d5e9cdad016e922,1,[],,9,1,compact_regression_ppo_ref_to_obs_age020,0
Random,11,4179901:S05:anchor_like:2,fbrt_lane_change_rear,seeded_random_without_replacement,ppo_obs_age020_v2,compact_regression_ppo_ref_to_obs_age020:Random:0,regression,False,False,False,new-0a488097d89f0f196cb425c7,1,[],,10,1,compact_regression_ppo_ref_to_obs_age020,0
Random,12,4179901:S06:anchor_like:3,fbrt_moving_lead,seeded_random_without_replacement,ppo_obs_age020_v2,compact_regression_ppo_ref_to_obs_age020:Random:0,regression,False,False,False,new-020ad18db1e568c8b9ee64d3,1,[],,11,1,compact_regression_ppo_ref_to_obs_age020,0
Random,13,4179901:S08:space_filling:6,fbrt_cutin_then_brake,seeded_random_without_replacement,ppo_obs_age020_v2,compact_regression_ppo_ref_to_obs_age020:Random:0,regression,False,False,False,new-97217e4c96c918d36c8fb0db,1,[],,12,1,compact_regression_ppo_ref_to_obs_age020,0
Random,14,4179901:S01:space_filling:14,fbrt_cutin,seeded_random_without_replacement,ppo_obs_age020_v2,compact_regression_ppo_ref_to_obs_age020:Random:0,regression,False,False,False,new-7b24a497e4c81c9cbd73637a,1,[],,13,1,compact_regression_ppo_ref_to_obs_age020,0
Random,15,4179901:S01:space_filling:6,fbrt_cutin,seeded_random_without_replacement,ppo_obs_age020_v2,compact_regression_ppo_ref_to_obs_age020:Random:0,regression,False,False,False,new-f99fd39d53e35703bd8baf08,1,[],,14,1,compact_regression_ppo_ref_to_obs_age020,0
Random,16,4179901:S01:anchor_like:1,fbrt_cutin,seeded_random_without_replacement,ppo_obs_age020_v2,compact_regression_ppo_ref_to_obs_age020:Random:0,regression,False,False,False,new-9d355c5a19406d3f87ec4cd3,1,[],,15,1,compact_regression_ppo_ref_to_obs_age020,0
Random,17,4179901:S01:space_filling:5,fbrt_cutin,seeded_random_without_replacement,ppo_obs_age020_v2,compact_regression_ppo_ref_to_obs_age020:Random:0,regression,False,False,False,new-0bdff53ac82552317612a095,1,[],,16,1,compact_regression_ppo_ref_to_obs_age020,0
Random,18,4179901:S06:space_filling:13,fbrt_moving_lead,seeded_random_without_replacement,ppo_obs_age020_v2,compact_regression_ppo_ref_to_obs_age020:Random:0,regression,False,False,False,new-4bf0a03aabfc8302ca10abc9,1,[],,17,1,compact_regression_ppo_ref_to_obs_age020,0
Random,19,4179901:S01:space_filling:12,fbrt_cutin,seeded_random_without_replacement,ppo_obs_age020_v2,compact_regression_ppo_ref_to_obs_age020:Random:0,regression,False,False,False,new-763c3be8f8c26fdf7b1e099a,1,[],,18,1,compact_regression_ppo_ref_to_obs_age020,0
Random,20,4179901:S06:space_filling:14,fbrt_moving_lead,seeded_random_without_replacement,ppo_obs_age020_v2,compact_regression_ppo_ref_to_obs_age020:Random:0,regression,False,False,False,new-67326c435edd2d825353e617,1,[],,19,1,compact_regression_ppo_ref_to_obs_age020,0
Random,1,4179901:S06:anchor_like:0,fbrt_moving_lead,seeded_random_without_replacement,ppo_obs_age020_v2,compact_regression_ppo_ref_to_obs_age020:Random:1,regression,False,False,False,new-8394ae696c262660c8234173,1,[],,0,1,compact_regression_ppo_ref_to_obs_age020,1
Random,2,4179901:S01:anchor_like:1,fbrt_cutin,seeded_random_without_replacement,ppo_obs_age020_v2,compact_regression_ppo_ref_to_obs_age020:Random:1,regression,False,False,False,new-9d355c5a19406d3f87ec4cd3,1,[],,1,1,compact_regression_ppo_ref_to_obs_age020,1
Random,3,4179901:S05:space_filling:13,fbrt_lane_change_rear,seeded_random_without_replacement,ppo_obs_age020_v2,compact_regression_ppo_ref_to_obs_age020:Random:1,regression,False,False,False,new-f3d4693f9bc6f791a4ce1c0f,1,[],,2,1,compact_regression_ppo_ref_to_obs_age020,1
Random,4,4179901:S06:space_filling:13,fbrt_moving_lead,seeded_random_without_replacement,ppo_obs_age020_v2,compact_regression_ppo_ref_to_obs_age020:Random:1,regression,False,False,False,new-4bf0a03aabfc8302ca10abc9,1,[],,3,1,compact_regression_ppo_ref_to_obs_age020,1
Random,5,4179901:S08:anchor_like:0,fbrt_cutin_then_brake,seeded_random_without_replacement,ppo_obs_age020_v2,compact_regression_ppo_ref_to_obs_age020:Random:1,regression,False,False,False,new-541f682646e1a80e8127fc84,1,[],,4,1,compact_regression_ppo_ref_to_obs_age020,1
Random,6,4179901:S01:space_filling:15,fbrt_cutin,seeded_random_without_replacement,ppo_obs_age020_v2,compact_regression_ppo_ref_to_obs_age020:Random:1,regression,False,False,False,new-ea0ebdae770ab79e24674d69,1,[],,5,1,compact_regression_ppo_ref_to_obs_age020,1
Random,7,4179901:S05:space_filling:7,fbrt_lane_change_rear,seeded_random_without_replacement,ppo_obs_age020_v2,compact_regression_ppo_ref_to_obs_age020:Random:1,regression,False,False,False,new-6eacaa309239d88f62ef267e,1,[],,6,1,compact_regression_ppo_ref_to_obs_age020,1
Random,8,4179901:S06:space_filling:15,fbrt_moving_lead,seeded_random_without_replacement,ppo_obs_age020_v2,compact_regression_ppo_ref_to_obs_age020:Random:1,regression,False,False,False,new-c07a79dfd5a7b3ab0b9e5e75,1,[],,7,1,compact_regression_ppo_ref_to_obs_age020,1
Random,9,4179901:S06:space_filling:12,fbrt_moving_lead,seeded_random_without_replacement,ppo_obs_age020_v2,compact_regression_ppo_ref_to_obs_age020:Random:1,regression,False,False,False,new-1dca7f3aa7f2e3b51e828ae6,1,[],,8,1,compact_regression_ppo_ref_to_obs_age020,1
Random,10,4179901:S05:space_filling:6,fbrt_lane_change_rear,seeded_random_without_replacement,ppo_obs_age020_v2,compact_regression_ppo_ref_to_obs_age020:Random:1,regression,False,False,False,new-059aeb2c9f5b1fef528ea35e,1,[],,9,1,compact_regression_ppo_ref_to_obs_age020,1
Random,11,4179901:S01:anchor_like:0,fbrt_cutin,seeded_random_without_replacement,ppo_obs_age020_v2,compact_regression_ppo_ref_to_obs_age020:Random:1,regression,False,False,False,new-2dfa8b5c20964395e387f697,1,[],,10,1,compact_regression_ppo_ref_to_obs_age020,1
Random,12,4179901:S01:space_filling:13,fbrt_cutin,seeded_random_without_replacement,ppo_obs_age020_v2,compact_regression_ppo_ref_to_obs_age020:Random:1,regression,False,False,False,new-de8a0e1ff0760195cc634bc9,1,[],,11,1,compact_regression_ppo_ref_to_obs_age020,1
Random,13,4179901:S08:space_filling:15,fbrt_cutin_then_brake,seeded_random_without_replacement,ppo_obs_age020_v2,compact_regression_ppo_ref_to_obs_age020:Random:1,regression,False,False,False,new-fd995a249d419e24cef09c18,1,[],,12,1,compact_regression_ppo_ref_to_obs_age020,1
Random,14,4179901:S01:space_filling:10,fbrt_cutin,seeded_random_without_replacement,ppo_obs_age020_v2,compact_regression_ppo_ref_to_obs_age020:Random:1,regression,False,False,False,new-85244d54fa26548860c11537,1,[],,13,1,compact_regression_ppo_ref_to_obs_age020,1
Random,15,4179901:S08:space_filling:7,fbrt_cutin_then_brake,seeded_random_without_replacement,ppo_obs_age020_v2,compact_regression_ppo_ref_to_obs_age020:Random:1,regression,False,False,False,new-5dc9fa5929a8274702b0c397,1,[],,14,1,compact_regression_ppo_ref_to_obs_age020,1
Random,16,4179901:S06:space_filling:4,fbrt_moving_lead,seeded_random_without_replacement,ppo_obs_age020_v2,compact_regression_ppo_ref_to_obs_age020:Random:1,regression,False,False,False,new-60871f06d94609b1c153d765,1,[],,15,1,compact_regression_ppo_ref_to_obs_age020,1
Random,17,4179901:S08:space_filling:9,fbrt_cutin_then_brake,seeded_random_without_replacement,ppo_obs_age020_v2,compact_regression_ppo_ref_to_obs_age020:Random:1,regression,False,False,False,new-c881f1a5338bcfba8eb42917,1,[],,16,1,compact_regression_ppo_ref_to_obs_age020,1
Random,18,4179901:S08:space_filling:12,fbrt_cutin_then_brake,seeded_random_without_replacement,ppo_obs_age020_v2,compact_regression_ppo_ref_to_obs_age020:Random:1,regression,False,False,False,new-09412c7bcc7c79333e96e3ff,1,[],,17,1,compact_regression_ppo_ref_to_obs_age020,1
Random,19,4179901:S05:space_filling:4,fbrt_lane_change_rear,seeded_random_without_replacement,ppo_obs_age020_v2,compact_regression_ppo_ref_to_obs_age020:Random:1,regression,False,False,False,new-3aa5b3c698d00e1ca6c1fed9,1,[],,18,1,compact_regression_ppo_ref_to_obs_age020,1
Random,20,4179901:S08:space_filling:4,fbrt_cutin_then_brake,seeded_random_without_replacement,ppo_obs_age020_v2,compact_regression_ppo_ref_to_obs_age020:Random:1,regression,False,False,False,new-2894ef966aed1dc67339ebc5,1,[],,19,1,compact_regression_ppo_ref_to_obs_age020,1
Random,1,4179901:S05:space_filling:6,fbrt_lane_change_rear,seeded_random_without_replacement,ppo_obs_age020_v2,compact_regression_ppo_ref_to_obs_age020:Random:2,regression,False,False,False,new-059aeb2c9f5b1fef528ea35e,1,[],,0,1,compact_regression_ppo_ref_to_obs_age020,2
Random,2,4179901:S01:space_filling:14,fbrt_cutin,seeded_random_without_replacement,ppo_obs_age020_v2,compact_regression_ppo_ref_to_obs_age020:Random:2,regression,False,False,False,new-7b24a497e4c81c9cbd73637a,1,[],,1,1,compact_regression_ppo_ref_to_obs_age020,2
Random,3,4179901:S01:anchor_like:3,fbrt_cutin,seeded_random_without_replacement,ppo_obs_age020_v2,compact_regression_ppo_ref_to_obs_age020:Random:2,regression,False,False,False,new-8a5537b103b0ce6a097a246f,1,[],,2,1,compact_regression_ppo_ref_to_obs_age020,2
Random,4,4179901:S05:space_filling:13,fbrt_lane_change_rear,seeded_random_without_replacement,ppo_obs_age020_v2,compact_regression_ppo_ref_to_obs_age020:Random:2,regression,False,False,False,new-f3d4693f9bc6f791a4ce1c0f,1,[],,3,1,compact_regression_ppo_ref_to_obs_age020,2
Random,5,4179901:S01:space_filling:4,fbrt_cutin,seeded_random_without_replacement,ppo_obs_age020_v2,compact_regression_ppo_ref_to_obs_age020:Random:2,regression,False,False,False,new-d92fd67597d79a49020a1e92,1,[],,4,1,compact_regression_ppo_ref_to_obs_age020,2
Random,6,4179901:S08:space_filling:8,fbrt_cutin_then_brake,seeded_random_without_replacement,ppo_obs_age020_v2,compact_regression_ppo_ref_to_obs_age020:Random:2,regression,False,False,False,new-26deab57f0e65499a054ad8f,1,[],,5,1,compact_regression_ppo_ref_to_obs_age020,2
Random,7,4179901:S06:anchor_like:3,fbrt_moving_lead,seeded_random_without_replacement,ppo_obs_age020_v2,compact_regression_ppo_ref_to_obs_age020:Random:2,regression,False,False,False,new-020ad18db1e568c8b9ee64d3,1,[],,6,1,compact_regression_ppo_ref_to_obs_age020,2
Random,8,4179901:S08:space_filling:13,fbrt_cutin_then_brake,seeded_random_without_replacement,ppo_obs_age020_v2,compact_regression_ppo_ref_to_obs_age020:Random:2,regression,False,False,False,new-17b21f25fcea58bff60df14b,1,[],,7,1,compact_regression_ppo_ref_to_obs_age020,2
Random,9,4179901:S01:space_filling:12,fbrt_cutin,seeded_random_without_replacement,ppo_obs_age020_v2,compact_regression_ppo_ref_to_obs_age020:Random:2,regression,False,False,False,new-763c3be8f8c26fdf7b1e099a,1,[],,8,1,compact_regression_ppo_ref_to_obs_age020,2
Random,10,4179901:S08:anchor_like:2,fbrt_cutin_then_brake,seeded_random_without_replacement,ppo_obs_age020_v2,compact_regression_ppo_ref_to_obs_age020:Random:2,regression,False,False,False,new-9e05020873512f496a52d973,1,[],,9,1,compact_regression_ppo_ref_to_obs_age020,2
Random,11,4179901:S08:space_filling:11,fbrt_cutin_then_brake,seeded_random_without_replacement,ppo_obs_age020_v2,compact_regression_ppo_ref_to_obs_age020:Random:2,regression,False,False,False,new-558c80ce760f525e0ef93942,1,[],,10,1,compact_regression_ppo_ref_to_obs_age020,2
Random,12,4179901:S06:space_filling:15,fbrt_moving_lead,seeded_random_without_replacement,ppo_obs_age020_v2,compact_regression_ppo_ref_to_obs_age020:Random:2,regression,False,False,False,new-c07a79dfd5a7b3ab0b9e5e75,1,[],,11,1,compact_regression_ppo_ref_to_obs_age020,2
Random,13,4179901:S05:anchor_like:1,fbrt_lane_change_rear,seeded_random_without_replacement,ppo_obs_age020_v2,compact_regression_ppo_ref_to_obs_age020:Random:2,regression,False,False,False,new-0b823c70c752b712d609d8d1,1,[],,12,1,compact_regression_ppo_ref_to_obs_age020,2
Random,14,4179901:S08:space_filling:4,fbrt_cutin_then_brake,seeded_random_without_replacement,ppo_obs_age020_v2,compact_regression_ppo_ref_to_obs_age020:Random:2,regression,False,False,False,new-2894ef966aed1dc67339ebc5,1,[],,13,1,compact_regression_ppo_ref_to_obs_age020,2
Random,15,4179901:S05:space_filling:4,fbrt_lane_change_rear,seeded_random_without_replacement,ppo_obs_age020_v2,compact_regression_ppo_ref_to_obs_age020:Random:2,regression,False,False,False,new-3aa5b3c698d00e1ca6c1fed9,1,[],,14,1,compact_regression_ppo_ref_to_obs_age020,2
Random,16,4179901:S06:space_filling:5,fbrt_moving_lead,seeded_random_without_replacement,ppo_obs_age020_v2,compact_regression_ppo_ref_to_obs_age020:Random:2,regression,False,False,False,new-48cac9d2b1a2c604ddd3a3a8,1,[],,15,1,compact_regression_ppo_ref_to_obs_age020,2
Random,17,4179901:S05:space_filling:9,fbrt_lane_change_rear,seeded_random_without_replacement,ppo_obs_age020_v2,compact_regression_ppo_ref_to_obs_age020:Random:2,regression,False,False,False,new-22049c50d91f77854e61be63,1,[],,16,1,compact_regression_ppo_ref_to_obs_age020,2
Random,18,4179901:S05:anchor_like:3,fbrt_lane_change_rear,seeded_random_without_replacement,ppo_obs_age020_v2,compact_regression_ppo_ref_to_obs_age020:Random:2,regression,False,False,False,new-9551311f923f95360e5b9cd4,1,[],,17,1,compact_regression_ppo_ref_to_obs_age020,2
Random,19,4179901:S08:space_filling:15,fbrt_cutin_then_brake,seeded_random_without_replacement,ppo_obs_age020_v2,compact_regression_ppo_ref_to_obs_age020:Random:2,regression,False,False,False,new-fd995a249d419e24cef09c18,1,[],,18,1,compact_regression_ppo_ref_to_obs_age020,2
Random,20,4179901:S06:space_filling:4,fbrt_moving_lead,seeded_random_without_replacement,ppo_obs_age020_v2,compact_regression_ppo_ref_to_obs_age020:Random:2,regression,False,False,False,new-60871f06d94609b1c153d765,1,[],,19,1,compact_regression_ppo_ref_to_obs_age020,2
Random,1,4179901:S06:anchor_like:3,fbrt_moving_lead,seeded_random_without_replacement,ppo_obs_age020_v2,compact_regression_ppo_ref_to_obs_age020:Random:3,regression,False,False,False,new-020ad18db1e568c8b9ee64d3,1,[],,0,1,compact_regression_ppo_ref_to_obs_age020,3
Random,2,4179901:S08:space_filling:9,fbrt_cutin_then_brake,seeded_random_without_replacement,ppo_obs_age020_v2,compact_regression_ppo_ref_to_obs_age020:Random:3,regression,False,False,False,new-c881f1a5338bcfba8eb42917,1,[],,1,1,compact_regression_ppo_ref_to_obs_age020,3
Random,3,4179901:S08:space_filling:10,fbrt_cutin_then_brake,seeded_random_without_replacement,ppo_obs_age020_v2,compact_regression_ppo_ref_to_obs_age020:Random:3,regression,False,False,False,new-dce1fa34c88e2e710a79db4b,1,[],,2,1,compact_regression_ppo_ref_to_obs_age020,3
Random,4,4179901:S08:anchor_like:2,fbrt_cutin_then_brake,seeded_random_without_replacement,ppo_obs_age020_v2,compact_regression_ppo_ref_to_obs_age020:Random:3,regression,False,False,False,new-9e05020873512f496a52d973,1,[],,3,1,compact_regression_ppo_ref_to_obs_age020,3
Random,5,4179901:S06:space_filling:8,fbrt_moving_lead,seeded_random_without_replacement,ppo_obs_age020_v2,compact_regression_ppo_ref_to_obs_age020:Random:3,regression,False,False,False,new-cb24bcbf9967f688476c1f3d,1,[],,4,1,compact_regression_ppo_ref_to_obs_age020,3
Random,6,4179901:S08:space_filling:13,fbrt_cutin_then_brake,seeded_random_without_replacement,ppo_obs_age020_v2,compact_regression_ppo_ref_to_obs_age020:Random:3,regression,False,False,False,new-17b21f25fcea58bff60df14b,1,[],,5,1,compact_regression_ppo_ref_to_obs_age020,3
Random,7,4179901:S01:space_filling:5,fbrt_cutin,seeded_random_without_replacement,ppo_obs_age020_v2,compact_regression_ppo_ref_to_obs_age020:Random:3,regression,False,False,False,new-0bdff53ac82552317612a095,1,[],,6,1,compact_regression_ppo_ref_to_obs_age020,3
Random,8,4179901:S06:space_filling:10,fbrt_moving_lead,seeded_random_without_replacement,ppo_obs_age020_v2,compact_regression_ppo_ref_to_obs_age020:Random:3,regression,False,False,False,new-77fae2cc7a9196d0a4879bfe,1,[],,7,1,compact_regression_ppo_ref_to_obs_age020,3
Random,9,4179901:S06:space_filling:5,fbrt_moving_lead,seeded_random_without_replacement,ppo_obs_age020_v2,compact_regression_ppo_ref_to_obs_age020:Random:3,regression,False,False,False,new-48cac9d2b1a2c604ddd3a3a8,1,[],,8,1,compact_regression_ppo_ref_to_obs_age020,3
Random,10,4179901:S05:space_filling:8,fbrt_lane_change_rear,seeded_random_without_replacement,ppo_obs_age020_v2,compact_regression_ppo_ref_to_obs_age020:Random:3,regression,False,False,False,new-fe1ab6b4dd31fcc49ff1a311,1,[],,9,1,compact_regression_ppo_ref_to_obs_age020,3
Random,11,4179901:S08:space_filling:7,fbrt_cutin_then_brake,seeded_random_without_replacement,ppo_obs_age020_v2,compact_regression_ppo_ref_to_obs_age020:Random:3,regression,False,False,False,new-5dc9fa5929a8274702b0c397,1,[],,10,1,compact_regression_ppo_ref_to_obs_age020,3
Random,12,4179901:S05:space_filling:7,fbrt_lane_change_rear,seeded_random_without_replacement,ppo_obs_age020_v2,compact_regression_ppo_ref_to_obs_age020:Random:3,regression,False,False,False,new-6eacaa309239d88f62ef267e,1,[],,11,1,compact_regression_ppo_ref_to_obs_age020,3
Random,13,4179901:S08:space_filling:5,fbrt_cutin_then_brake,seeded_random_without_replacement,ppo_obs_age020_v2,compact_regression_ppo_ref_to_obs_age020:Random:3,regression,False,False,False,new-fd7516589094c55c16edb41c,1,[],,12,1,compact_regression_ppo_ref_to_obs_age020,3
Random,14,4179901:S05:space_filling:6,fbrt_lane_change_rear,seeded_random_without_replacement,ppo_obs_age020_v2,compact_regression_ppo_ref_to_obs_age020:Random:3,regression,False,False,False,new-059aeb2c9f5b1fef528ea35e,1,[],,13,1,compact_regression_ppo_ref_to_obs_age020,3
Random,15,4179901:S08:space_filling:14,fbrt_cutin_then_brake,seeded_random_without_replacement,ppo_obs_age020_v2,compact_regression_ppo_ref_to_obs_age020:Random:3,regression,False,False,False,new-ba4a63b3f95671d919886a01,1,[],,14,1,compact_regression_ppo_ref_to_obs_age020,3
Random,16,4179901:S01:space_filling:14,fbrt_cutin,seeded_random_without_replacement,ppo_obs_age020_v2,compact_regression_ppo_ref_to_obs_age020:Random:3,regression,False,False,False,new-7b24a497e4c81c9cbd73637a,1,[],,15,1,compact_regression_ppo_ref_to_obs_age020,3
Random,17,4179901:S01:space_filling:10,fbrt_cutin,seeded_random_without_replacement,ppo_obs_age020_v2,compact_regression_ppo_ref_to_obs_age020:Random:3,regression,False,False,False,new-85244d54fa26548860c11537,1,[],,16,1,compact_regression_ppo_ref_to_obs_age020,3
Random,18,4179901:S06:space_filling:4,fbrt_moving_lead,seeded_random_without_replacement,ppo_obs_age020_v2,compact_regression_ppo_ref_to_obs_age020:Random:3,regression,False,False,False,new-60871f06d94609b1c153d765,1,[],,17,1,compact_regression_ppo_ref_to_obs_age020,3
Random,19,4179901:S06:anchor_like:2,fbrt_moving_lead,seeded_random_without_replacement,ppo_obs_age020_v2,compact_regression_ppo_ref_to_obs_age020:Random:3,regression,False,False,False,new-e79bbe95dd91b6317f78bc56,1,[],,18,1,compact_regression_ppo_ref_to_obs_age020,3
Random,20,4179901:S05:space_filling:9,fbrt_lane_change_rear,seeded_random_without_replacement,ppo_obs_age020_v2,compact_regression_ppo_ref_to_obs_age020:Random:3,regression,False,False,False,new-22049c50d91f77854e61be63,1,[],,19,1,compact_regression_ppo_ref_to_obs_age020,3
Random,1,4179901:S08:space_filling:11,fbrt_cutin_then_brake,seeded_random_without_replacement,ppo_obs_age020_v2,compact_regression_ppo_ref_to_obs_age020:Random:4,regression,False,False,False,new-558c80ce760f525e0ef93942,1,[],,0,1,compact_regression_ppo_ref_to_obs_age020,4
Random,2,4179901:S06:anchor_like:0,fbrt_moving_lead,seeded_random_without_replacement,ppo_obs_age020_v2,compact_regression_ppo_ref_to_obs_age020:Random:4,regression,False,False,False,new-8394ae696c262660c8234173,1,[],,1,1,compact_regression_ppo_ref_to_obs_age020,4
Random,3,4179901:S06:space_filling:12,fbrt_moving_lead,seeded_random_without_replacement,ppo_obs_age020_v2,compact_regression_ppo_ref_to_obs_age020:Random:4,regression,False,False,False,new-1dca7f3aa7f2e3b51e828ae6,1,[],,2,1,compact_regression_ppo_ref_to_obs_age020,4
Random,4,4179901:S01:anchor_like:0,fbrt_cutin,seeded_random_without_replacement,ppo_obs_age020_v2,compact_regression_ppo_ref_to_obs_age020:Random:4,regression,False,False,False,new-2dfa8b5c20964395e387f697,1,[],,3,1,compact_regression_ppo_ref_to_obs_age020,4
Random,5,4179901:S01:space_filling:4,fbrt_cutin,seeded_random_without_replacement,ppo_obs_age020_v2,compact_regression_ppo_ref_to_obs_age020:Random:4,regression,False,False,False,new-d92fd67597d79a49020a1e92,1,[],,4,1,compact_regression_ppo_ref_to_obs_age020,4
Random,6,4179901:S05:space_filling:8,fbrt_lane_change_rear,seeded_random_without_replacement,ppo_obs_age020_v2,compact_regression_ppo_ref_to_obs_age020:Random:4,regression,False,False,False,new-fe1ab6b4dd31fcc49ff1a311,1,[],,5,1,compact_regression_ppo_ref_to_obs_age020,4
Random,7,4179901:S06:space_filling:4,fbrt_moving_lead,seeded_random_without_replacement,ppo_obs_age020_v2,compact_regression_ppo_ref_to_obs_age020:Random:4,regression,False,False,False,new-60871f06d94609b1c153d765,1,[],,6,1,compact_regression_ppo_ref_to_obs_age020,4
Random,8,4179901:S05:anchor_like:2,fbrt_lane_change_rear,seeded_random_without_replacement,ppo_obs_age020_v2,compact_regression_ppo_ref_to_obs_age020:Random:4,regression,False,False,False,new-0a488097d89f0f196cb425c7,1,[],,7,1,compact_regression_ppo_ref_to_obs_age020,4
Random,9,4179901:S06:space_filling:11,fbrt_moving_lead,seeded_random_without_replacement,ppo_obs_age020_v2,compact_regression_ppo_ref_to_obs_age020:Random:4,regression,False,False,False,new-52e6d174051dc3587234bb0c,1,[],,8,1,compact_regression_ppo_ref_to_obs_age020,4
Random,10,4179901:S08:space_filling:10,fbrt_cutin_then_brake,seeded_random_without_replacement,ppo_obs_age020_v2,compact_regression_ppo_ref_to_obs_age020:Random:4,regression,False,False,False,new-dce1fa34c88e2e710a79db4b,1,[],,9,1,compact_regression_ppo_ref_to_obs_age020,4
Random,11,4179901:S06:space_filling:13,fbrt_moving_lead,seeded_random_without_replacement,ppo_obs_age020_v2,compact_regression_ppo_ref_to_obs_age020:Random:4,regression,False,False,False,new-4bf0a03aabfc8302ca10abc9,1,[],,10,1,compact_regression_ppo_ref_to_obs_age020,4
Random,12,4179901:S06:space_filling:7,fbrt_moving_lead,seeded_random_without_replacement,ppo_obs_age020_v2,compact_regression_ppo_ref_to_obs_age020:Random:4,regression,False,False,False,new-78f209f294682a759f2b4b3c,1,[],,11,1,compact_regression_ppo_ref_to_obs_age020,4
Random,13,4179901:S06:space_filling:14,fbrt_moving_lead,seeded_random_without_replacement,ppo_obs_age020_v2,compact_regression_ppo_ref_to_obs_age020:Random:4,regression,False,False,False,new-67326c435edd2d825353e617,1,[],,12,1,compact_regression_ppo_ref_to_obs_age020,4
Random,14,4179901:S05:space_filling:13,fbrt_lane_change_rear,seeded_random_without_replacement,ppo_obs_age020_v2,compact_regression_ppo_ref_to_obs_age020:Random:4,regression,False,False,False,new-f3d4693f9bc6f791a4ce1c0f,1,[],,13,1,compact_regression_ppo_ref_to_obs_age020,4
Random,15,4179901:S08:space_filling:8,fbrt_cutin_then_brake,seeded_random_without_replacement,ppo_obs_age020_v2,compact_regression_ppo_ref_to_obs_age020:Random:4,regression,False,False,False,new-26deab57f0e65499a054ad8f,1,[],,14,1,compact_regression_ppo_ref_to_obs_age020,4
Random,16,4179901:S01:anchor_like:2,fbrt_cutin,seeded_random_without_replacement,ppo_obs_age020_v2,compact_regression_ppo_ref_to_obs_age020:Random:4,regression,False,False,False,new-b717f2422d5e9cdad016e922,1,[],,15,1,compact_regression_ppo_ref_to_obs_age020,4
Random,17,4179901:S01:space_filling:13,fbrt_cutin,seeded_random_without_replacement,ppo_obs_age020_v2,compact_regression_ppo_ref_to_obs_age020:Random:4,regression,False,False,False,new-de8a0e1ff0760195cc634bc9,1,[],,16,1,compact_regression_ppo_ref_to_obs_age020,4
Random,18,4179901:S08:space_filling:6,fbrt_cutin_then_brake,seeded_random_without_replacement,ppo_obs_age020_v2,compact_regression_ppo_ref_to_obs_age020:Random:4,regression,False,False,False,new-97217e4c96c918d36c8fb0db,1,[],,17,1,compact_regression_ppo_ref_to_obs_age020,4
Random,19,4179901:S05:space_filling:9,fbrt_lane_change_rear,seeded_random_without_replacement,ppo_obs_age020_v2,compact_regression_ppo_ref_to_obs_age020:Random:4,regression,False,False,False,new-22049c50d91f77854e61be63,1,[],,18,1,compact_regression_ppo_ref_to_obs_age020,4
Random,20,4179901:S06:space_filling:15,fbrt_moving_lead,seeded_random_without_replacement,ppo_obs_age020_v2,compact_regression_ppo_ref_to_obs_age020:Random:4,regression,False,False,False,new-c07a79dfd5a7b3ab0b9e5e75,1,[],,19,1,compact_regression_ppo_ref_to_obs_age020,4
Random,1,4179901:S06:space_filling:11,fbrt_moving_lead,seeded_random_without_replacement,ppo_obs_age020_v2,compact_regression_ppo_ref_to_obs_age020:Random:5,regression,False,False,False,new-52e6d174051dc3587234bb0c,1,[],,0,1,compact_regression_ppo_ref_to_obs_age020,5
Random,2,4179901:S01:space_filling:13,fbrt_cutin,seeded_random_without_replacement,ppo_obs_age020_v2,compact_regression_ppo_ref_to_obs_age020:Random:5,regression,False,False,False,new-de8a0e1ff0760195cc634bc9,1,[],,1,1,compact_regression_ppo_ref_to_obs_age020,5
Random,3,4179901:S06:space_filling:4,fbrt_moving_lead,seeded_random_without_replacement,ppo_obs_age020_v2,compact_regression_ppo_ref_to_obs_age020:Random:5,regression,False,False,False,new-60871f06d94609b1c153d765,1,[],,2,1,compact_regression_ppo_ref_to_obs_age020,5
Random,4,4179901:S06:anchor_like:1,fbrt_moving_lead,seeded_random_without_replacement,ppo_obs_age020_v2,compact_regression_ppo_ref_to_obs_age020:Random:5,regression,False,False,False,new-86aa92d317143d54cda86854,1,[],,3,1,compact_regression_ppo_ref_to_obs_age020,5
Random,5,4179901:S01:space_filling:7,fbrt_cutin,seeded_random_without_replacement,ppo_obs_age020_v2,compact_regression_ppo_ref_to_obs_age020:Random:5,regression,False,False,False,new-5d62cf22554688de90b3b0a8,1,[],,4,1,compact_regression_ppo_ref_to_obs_age020,5
Random,6,4179901:S01:space_filling:12,fbrt_cutin,seeded_random_without_replacement,ppo_obs_age020_v2,compact_regression_ppo_ref_to_obs_age020:Random:5,regression,False,False,False,new-763c3be8f8c26fdf7b1e099a,1,[],,5,1,compact_regression_ppo_ref_to_obs_age020,5
Random,7,4179901:S06:space_filling:5,fbrt_moving_lead,seeded_random_without_replacement,ppo_obs_age020_v2,compact_regression_ppo_ref_to_obs_age020:Random:5,regression,False,False,False,new-48cac9d2b1a2c604ddd3a3a8,1,[],,6,1,compact_regression_ppo_ref_to_obs_age020,5
Random,8,4179901:S05:anchor_like:1,fbrt_lane_change_rear,seeded_random_without_replacement,ppo_obs_age020_v2,compact_regression_ppo_ref_to_obs_age020:Random:5,regression,False,False,False,new-0b823c70c752b712d609d8d1,1,[],,7,1,compact_regression_ppo_ref_to_obs_age020,5
Random,9,4179901:S01:space_filling:5,fbrt_cutin,seeded_random_without_replacement,ppo_obs_age020_v2,compact_regression_ppo_ref_to_obs_age020:Random:5,regression,False,False,False,new-0bdff53ac82552317612a095,1,[],,8,1,compact_regression_ppo_ref_to_obs_age020,5
Random,10,4179901:S08:space_filling:6,fbrt_cutin_then_brake,seeded_random_without_replacement,ppo_obs_age020_v2,compact_regression_ppo_ref_to_obs_age020:Random:5,regression,False,False,False,new-97217e4c96c918d36c8fb0db,1,[],,9,1,compact_regression_ppo_ref_to_obs_age020,5
Random,11,4179901:S06:space_filling:8,fbrt_moving_lead,seeded_random_without_replacement,ppo_obs_age020_v2,compact_regression_ppo_ref_to_obs_age020:Random:5,regression,False,False,False,new-cb24bcbf9967f688476c1f3d,1,[],,10,1,compact_regression_ppo_ref_to_obs_age020,5
Random,12,4179901:S06:space_filling:13,fbrt_moving_lead,seeded_random_without_replacement,ppo_obs_age020_v2,compact_regression_ppo_ref_to_obs_age020:Random:5,regression,False,False,False,new-4bf0a03aabfc8302ca10abc9,1,[],,11,1,compact_regression_ppo_ref_to_obs_age020,5
Random,13,4179901:S01:space_filling:14,fbrt_cutin,seeded_random_without_replacement,ppo_obs_age020_v2,compact_regression_ppo_ref_to_obs_age020:Random:5,regression,False,False,False,new-7b24a497e4c81c9cbd73637a,1,[],,12,1,compact_regression_ppo_ref_to_obs_age020,5
Random,14,4179901:S08:anchor_like:2,fbrt_cutin_then_brake,seeded_random_without_replacement,ppo_obs_age020_v2,compact_regression_ppo_ref_to_obs_age020:Random:5,regression,False,False,False,new-9e05020873512f496a52d973,1,[],,13,1,compact_regression_ppo_ref_to_obs_age020,5
Random,15,4179901:S05:space_filling:7,fbrt_lane_change_rear,seeded_random_without_replacement,ppo_obs_age020_v2,compact_regression_ppo_ref_to_obs_age020:Random:5,regression,False,False,False,new-6eacaa309239d88f62ef267e,1,[],,14,1,compact_regression_ppo_ref_to_obs_age020,5
Random,16,4179901:S06:anchor_like:0,fbrt_moving_lead,seeded_random_without_replacement,ppo_obs_age020_v2,compact_regression_ppo_ref_to_obs_age020:Random:5,regression,False,False,False,new-8394ae696c262660c8234173,1,[],,15,1,compact_regression_ppo_ref_to_obs_age020,5
Random,17,4179901:S08:space_filling:11,fbrt_cutin_then_brake,seeded_random_without_replacement,ppo_obs_age020_v2,compact_regression_ppo_ref_to_obs_age020:Random:5,regression,False,False,False,new-558c80ce760f525e0ef93942,1,[],,16,1,compact_regression_ppo_ref_to_obs_age020,5
Random,18,4179901:S06:space_filling:6,fbrt_moving_lead,seeded_random_without_replacement,ppo_obs_age020_v2,compact_regression_ppo_ref_to_obs_age020:Random:5,regression,False,False,False,new-e86f9dcfd2a7b91f7a4fb42e,1,[],,17,1,compact_regression_ppo_ref_to_obs_age020,5
Random,19,4179901:S01:space_filling:9,fbrt_cutin,seeded_random_without_replacement,ppo_obs_age020_v2,compact_regression_ppo_ref_to_obs_age020:Random:5,regression,False,False,False,new-e6199ef7b40133fc12b12c93,1,[],,18,1,compact_regression_ppo_ref_to_obs_age020,5
Random,20,4179901:S01:space_filling:6,fbrt_cutin,seeded_random_without_replacement,ppo_obs_age020_v2,compact_regression_ppo_ref_to_obs_age020:Random:5,regression,False,False,False,new-f99fd39d53e35703bd8baf08,1,[],,19,1,compact_regression_ppo_ref_to_obs_age020,5
Random,1,4179901:S01:space_filling:9,fbrt_cutin,seeded_random_without_replacement,ppo_obs_age020_v2,compact_regression_ppo_ref_to_obs_age020:Random:6,regression,False,False,False,new-e6199ef7b40133fc12b12c93,1,[],,0,1,compact_regression_ppo_ref_to_obs_age020,6
Random,2,4179901:S01:space_filling:8,fbrt_cutin,seeded_random_without_replacement,ppo_obs_age020_v2,compact_regression_ppo_ref_to_obs_age020:Random:6,regression,False,False,False,new-e6bd5bf90ae15fedce7ff2be,1,[],,1,1,compact_regression_ppo_ref_to_obs_age020,6
Random,3,4179901:S08:space_filling:15,fbrt_cutin_then_brake,seeded_random_without_replacement,ppo_obs_age020_v2,compact_regression_ppo_ref_to_obs_age020:Random:6,regression,False,False,False,new-fd995a249d419e24cef09c18,1,[],,2,1,compact_regression_ppo_ref_to_obs_age020,6
Random,4,4179901:S01:anchor_like:1,fbrt_cutin,seeded_random_without_replacement,ppo_obs_age020_v2,compact_regression_ppo_ref_to_obs_age020:Random:6,regression,False,False,False,new-9d355c5a19406d3f87ec4cd3,1,[],,3,1,compact_regression_ppo_ref_to_obs_age020,6
Random,5,4179901:S08:space_filling:6,fbrt_cutin_then_brake,seeded_random_without_replacement,ppo_obs_age020_v2,compact_regression_ppo_ref_to_obs_age020:Random:6,regression,False,False,False,new-97217e4c96c918d36c8fb0db,1,[],,4,1,compact_regression_ppo_ref_to_obs_age020,6
Random,6,4179901:S06:space_filling:5,fbrt_moving_lead,seeded_random_without_replacement,ppo_obs_age020_v2,compact_regression_ppo_ref_to_obs_age020:Random:6,regression,False,False,False,new-48cac9d2b1a2c604ddd3a3a8,1,[],,5,1,compact_regression_ppo_ref_to_obs_age020,6
Random,7,4179901:S01:anchor_like:2,fbrt_cutin,seeded_random_without_replacement,ppo_obs_age020_v2,compact_regression_ppo_ref_to_obs_age020:Random:6,regression,False,False,False,new-b717f2422d5e9cdad016e922,1,[],,6,1,compact_regression_ppo_ref_to_obs_age020,6
Random,8,4179901:S06:space_filling:10,fbrt_moving_lead,seeded_random_without_replacement,ppo_obs_age020_v2,compact_regression_ppo_ref_to_obs_age020:Random:6,regression,False,False,False,new-77fae2cc7a9196d0a4879bfe,1,[],,7,1,compact_regression_ppo_ref_to_obs_age020,6
Random,9,4179901:S06:space_filling:8,fbrt_moving_lead,seeded_random_without_replacement,ppo_obs_age020_v2,compact_regression_ppo_ref_to_obs_age020:Random:6,regression,False,False,False,new-cb24bcbf9967f688476c1f3d,1,[],,8,1,compact_regression_ppo_ref_to_obs_age020,6
Random,10,4179901:S06:space_filling:15,fbrt_moving_lead,seeded_random_without_replacement,ppo_obs_age020_v2,compact_regression_ppo_ref_to_obs_age020:Random:6,regression,False,False,False,new-c07a79dfd5a7b3ab0b9e5e75,1,[],,9,1,compact_regression_ppo_ref_to_obs_age020,6
Random,11,4179901:S08:space_filling:7,fbrt_cutin_then_brake,seeded_random_without_replacement,ppo_obs_age020_v2,compact_regression_ppo_ref_to_obs_age020:Random:6,regression,False,False,False,new-5dc9fa5929a8274702b0c397,1,[],,10,1,compact_regression_ppo_ref_to_obs_age020,6
Random,12,4179901:S08:space_filling:8,fbrt_cutin_then_brake,seeded_random_without_replacement,ppo_obs_age020_v2,compact_regression_ppo_ref_to_obs_age020:Random:6,regression,False,False,False,new-26deab57f0e65499a054ad8f,1,[],,11,1,compact_regression_ppo_ref_to_obs_age020,6
Random,13,4179901:S08:space_filling:5,fbrt_cutin_then_brake,seeded_random_without_replacement,ppo_obs_age020_v2,compact_regression_ppo_ref_to_obs_age020:Random:6,regression,False,False,False,new-fd7516589094c55c16edb41c,1,[],,12,1,compact_regression_ppo_ref_to_obs_age020,6
Random,14,4179901:S05:space_filling:5,fbrt_lane_change_rear,seeded_random_without_replacement,ppo_obs_age020_v2,compact_regression_ppo_ref_to_obs_age020:Random:6,regression,False,False,False,new-811293bd8a4b6ccc09a2c85e,1,[],,13,1,compact_regression_ppo_ref_to_obs_age020,6
Random,15,4179901:S08:anchor_like:3,fbrt_cutin_then_brake,seeded_random_without_replacement,ppo_obs_age020_v2,compact_regression_ppo_ref_to_obs_age020:Random:6,regression,False,False,False,new-2f4c0ea8a41a1097739c5676,1,[],,14,1,compact_regression_ppo_ref_to_obs_age020,6
Random,16,4179901:S01:space_filling:15,fbrt_cutin,seeded_random_without_replacement,ppo_obs_age020_v2,compact_regression_ppo_ref_to_obs_age020:Random:6,regression,False,False,False,new-ea0ebdae770ab79e24674d69,1,[],,15,1,compact_regression_ppo_ref_to_obs_age020,6
Random,17,4179901:S01:space_filling:6,fbrt_cutin,seeded_random_without_replacement,ppo_obs_age020_v2,compact_regression_ppo_ref_to_obs_age020:Random:6,regression,False,False,False,new-f99fd39d53e35703bd8baf08,1,[],,16,1,compact_regression_ppo_ref_to_obs_age020,6
Random,18,4179901:S06:space_filling:14,fbrt_moving_lead,seeded_random_without_replacement,ppo_obs_age020_v2,compact_regression_ppo_ref_to_obs_age020:Random:6,regression,False,False,False,new-67326c435edd2d825353e617,1,[],,17,1,compact_regression_ppo_ref_to_obs_age020,6
Random,19,4179901:S08:anchor_like:2,fbrt_cutin_then_brake,seeded_random_without_replacement,ppo_obs_age020_v2,compact_regression_ppo_ref_to_obs_age020:Random:6,regression,False,False,False,new-9e05020873512f496a52d973,1,[],,18,1,compact_regression_ppo_ref_to_obs_age020,6
Random,20,4179901:S08:space_filling:4,fbrt_cutin_then_brake,seeded_random_without_replacement,ppo_obs_age020_v2,compact_regression_ppo_ref_to_obs_age020:Random:6,regression,False,False,False,new-2894ef966aed1dc67339ebc5,1,[],,19,1,compact_regression_ppo_ref_to_obs_age020,6
Random,1,4179901:S05:space_filling:11,fbrt_lane_change_rear,seeded_random_without_replacement,ppo_obs_age020_v2,compact_regression_ppo_ref_to_obs_age020:Random:7,regression,False,False,False,new-a2fd1cee903448a13a6dbf22,1,[],,0,1,compact_regression_ppo_ref_to_obs_age020,7
Random,2,4179901:S05:anchor_like:3,fbrt_lane_change_rear,seeded_random_without_replacement,ppo_obs_age020_v2,compact_regression_ppo_ref_to_obs_age020:Random:7,regression,False,False,False,new-9551311f923f95360e5b9cd4,1,[],,1,1,compact_regression_ppo_ref_to_obs_age020,7
Random,3,4179901:S06:space_filling:4,fbrt_moving_lead,seeded_random_without_replacement,ppo_obs_age020_v2,compact_regression_ppo_ref_to_obs_age020:Random:7,regression,False,False,False,new-60871f06d94609b1c153d765,1,[],,2,1,compact_regression_ppo_ref_to_obs_age020,7
Random,4,4179901:S05:space_filling:5,fbrt_lane_change_rear,seeded_random_without_replacement,ppo_obs_age020_v2,compact_regression_ppo_ref_to_obs_age020:Random:7,regression,False,False,False,new-811293bd8a4b6ccc09a2c85e,1,[],,3,1,compact_regression_ppo_ref_to_obs_age020,7
Random,5,4179901:S01:space_filling:8,fbrt_cutin,seeded_random_without_replacement,ppo_obs_age020_v2,compact_regression_ppo_ref_to_obs_age020:Random:7,regression,False,False,False,new-e6bd5bf90ae15fedce7ff2be,1,[],,4,1,compact_regression_ppo_ref_to_obs_age020,7
Random,6,4179901:S06:anchor_like:2,fbrt_moving_lead,seeded_random_without_replacement,ppo_obs_age020_v2,compact_regression_ppo_ref_to_obs_age020:Random:7,regression,False,False,False,new-e79bbe95dd91b6317f78bc56,1,[],,5,1,compact_regression_ppo_ref_to_obs_age020,7
Random,7,4179901:S08:anchor_like:0,fbrt_cutin_then_brake,seeded_random_without_replacement,ppo_obs_age020_v2,compact_regression_ppo_ref_to_obs_age020:Random:7,regression,False,False,False,new-541f682646e1a80e8127fc84,1,[],,6,1,compact_regression_ppo_ref_to_obs_age020,7
Random,8,4179901:S06:space_filling:15,fbrt_moving_lead,seeded_random_without_replacement,ppo_obs_age020_v2,compact_regression_ppo_ref_to_obs_age020:Random:7,regression,False,False,False,new-c07a79dfd5a7b3ab0b9e5e75,1,[],,7,1,compact_regression_ppo_ref_to_obs_age020,7
Random,9,4179901:S01:space_filling:10,fbrt_cutin,seeded_random_without_replacement,ppo_obs_age020_v2,compact_regression_ppo_ref_to_obs_age020:Random:7,regression,False,False,False,new-85244d54fa26548860c11537,1,[],,8,1,compact_regression_ppo_ref_to_obs_age020,7
Random,10,4179901:S05:space_filling:7,fbrt_lane_change_rear,seeded_random_without_replacement,ppo_obs_age020_v2,compact_regression_ppo_ref_to_obs_age020:Random:7,regression,False,False,False,new-6eacaa309239d88f62ef267e,1,[],,9,1,compact_regression_ppo_ref_to_obs_age020,7
Random,11,4179901:S01:anchor_like:1,fbrt_cutin,seeded_random_without_replacement,ppo_obs_age020_v2,compact_regression_ppo_ref_to_obs_age020:Random:7,regression,False,False,False,new-9d355c5a19406d3f87ec4cd3,1,[],,10,1,compact_regression_ppo_ref_to_obs_age020,7
Random,12,4179901:S05:space_filling:13,fbrt_lane_change_rear,seeded_random_without_replacement,ppo_obs_age020_v2,compact_regression_ppo_ref_to_obs_age020:Random:7,regression,False,False,False,new-f3d4693f9bc6f791a4ce1c0f,1,[],,11,1,compact_regression_ppo_ref_to_obs_age020,7
Random,13,4179901:S06:space_filling:12,fbrt_moving_lead,seeded_random_without_replacement,ppo_obs_age020_v2,compact_regression_ppo_ref_to_obs_age020:Random:7,regression,False,False,False,new-1dca7f3aa7f2e3b51e828ae6,1,[],,12,1,compact_regression_ppo_ref_to_obs_age020,7
Random,14,4179901:S01:space_filling:11,fbrt_cutin,seeded_random_without_replacement,ppo_obs_age020_v2,compact_regression_ppo_ref_to_obs_age020:Random:7,regression,False,False,False,new-0a7c29cf9106e128d2eb4e51,1,[],,13,1,compact_regression_ppo_ref_to_obs_age020,7
Random,15,4179901:S05:anchor_like:2,fbrt_lane_change_rear,seeded_random_without_replacement,ppo_obs_age020_v2,compact_regression_ppo_ref_to_obs_age020:Random:7,regression,False,False,False,new-0a488097d89f0f196cb425c7,1,[],,14,1,compact_regression_ppo_ref_to_obs_age020,7
Random,16,4179901:S08:space_filling:5,fbrt_cutin_then_brake,seeded_random_without_replacement,ppo_obs_age020_v2,compact_regression_ppo_ref_to_obs_age020:Random:7,regression,False,False,False,new-fd7516589094c55c16edb41c,1,[],,15,1,compact_regression_ppo_ref_to_obs_age020,7
Random,17,4179901:S08:space_filling:14,fbrt_cutin_then_brake,seeded_random_without_replacement,ppo_obs_age020_v2,compact_regression_ppo_ref_to_obs_age020:Random:7,regression,False,False,False,new-ba4a63b3f95671d919886a01,1,[],,16,1,compact_regression_ppo_ref_to_obs_age020,7
Random,18,4179901:S08:space_filling:13,fbrt_cutin_then_brake,seeded_random_without_replacement,ppo_obs_age020_v2,compact_regression_ppo_ref_to_obs_age020:Random:7,regression,False,False,False,new-17b21f25fcea58bff60df14b,1,[],,17,1,compact_regression_ppo_ref_to_obs_age020,7
Random,19,4179901:S06:space_filling:10,fbrt_moving_lead,seeded_random_without_replacement,ppo_obs_age020_v2,compact_regression_ppo_ref_to_obs_age020:Random:7,regression,False,False,False,new-77fae2cc7a9196d0a4879bfe,1,[],,18,1,compact_regression_ppo_ref_to_obs_age020,7
Random,20,4179901:S06:space_filling:5,fbrt_moving_lead,seeded_random_without_replacement,ppo_obs_age020_v2,compact_regression_ppo_ref_to_obs_age020:Random:7,regression,False,False,False,new-48cac9d2b1a2c604ddd3a3a8,1,[],,19,1,compact_regression_ppo_ref_to_obs_age020,7
Random,1,4179901:S08:anchor_like:3,fbrt_cutin_then_brake,seeded_random_without_replacement,ppo_obs_age020_v2,compact_regression_ppo_ref_to_obs_age020:Random:8,regression,False,False,False,new-2f4c0ea8a41a1097739c5676,1,[],,0,1,compact_regression_ppo_ref_to_obs_age020,8
Random,2,4179901:S06:space_filling:6,fbrt_moving_lead,seeded_random_without_replacement,ppo_obs_age020_v2,compact_regression_ppo_ref_to_obs_age020:Random:8,regression,False,False,False,new-e86f9dcfd2a7b91f7a4fb42e,1,[],,1,1,compact_regression_ppo_ref_to_obs_age020,8
Random,3,4179901:S01:anchor_like:3,fbrt_cutin,seeded_random_without_replacement,ppo_obs_age020_v2,compact_regression_ppo_ref_to_obs_age020:Random:8,regression,False,False,False,new-8a5537b103b0ce6a097a246f,1,[],,2,1,compact_regression_ppo_ref_to_obs_age020,8
Random,4,4179901:S06:space_filling:5,fbrt_moving_lead,seeded_random_without_replacement,ppo_obs_age020_v2,compact_regression_ppo_ref_to_obs_age020:Random:8,regression,False,False,False,new-48cac9d2b1a2c604ddd3a3a8,1,[],,3,1,compact_regression_ppo_ref_to_obs_age020,8
Random,5,4179901:S08:space_filling:13,fbrt_cutin_then_brake,seeded_random_without_replacement,ppo_obs_age020_v2,compact_regression_ppo_ref_to_obs_age020:Random:8,regression,False,False,False,new-17b21f25fcea58bff60df14b,1,[],,4,1,compact_regression_ppo_ref_to_obs_age020,8
Random,6,4179901:S05:space_filling:9,fbrt_lane_change_rear,seeded_random_without_replacement,ppo_obs_age020_v2,compact_regression_ppo_ref_to_obs_age020:Random:8,regression,False,False,False,new-22049c50d91f77854e61be63,1,[],,5,1,compact_regression_ppo_ref_to_obs_age020,8
Random,7,4179901:S01:space_filling:7,fbrt_cutin,seeded_random_without_replacement,ppo_obs_age020_v2,compact_regression_ppo_ref_to_obs_age020:Random:8,regression,False,False,False,new-5d62cf22554688de90b3b0a8,1,[],,6,1,compact_regression_ppo_ref_to_obs_age020,8
Random,8,4179901:S06:space_filling:11,fbrt_moving_lead,seeded_random_without_replacement,ppo_obs_age020_v2,compact_regression_ppo_ref_to_obs_age020:Random:8,regression,False,False,False,new-52e6d174051dc3587234bb0c,1,[],,7,1,compact_regression_ppo_ref_to_obs_age020,8
Random,9,4179901:S01:space_filling:11,fbrt_cutin,seeded_random_without_replacement,ppo_obs_age020_v2,compact_regression_ppo_ref_to_obs_age020:Random:8,regression,False,False,False,new-0a7c29cf9106e128d2eb4e51,1,[],,8,1,compact_regression_ppo_ref_to_obs_age020,8
Random,10,4179901:S01:space_filling:8,fbrt_cutin,seeded_random_without_replacement,ppo_obs_age020_v2,compact_regression_ppo_ref_to_obs_age020:Random:8,regression,False,False,False,new-e6bd5bf90ae15fedce7ff2be,1,[],,9,1,compact_regression_ppo_ref_to_obs_age020,8
Random,11,4179901:S05:space_filling:6,fbrt_lane_change_rear,seeded_random_without_replacement,ppo_obs_age020_v2,compact_regression_ppo_ref_to_obs_age020:Random:8,regression,False,False,False,new-059aeb2c9f5b1fef528ea35e,1,[],,10,1,compact_regression_ppo_ref_to_obs_age020,8
Random,12,4179901:S05:space_filling:13,fbrt_lane_change_rear,seeded_random_without_replacement,ppo_obs_age020_v2,compact_regression_ppo_ref_to_obs_age020:Random:8,regression,False,False,False,new-f3d4693f9bc6f791a4ce1c0f,1,[],,11,1,compact_regression_ppo_ref_to_obs_age020,8
Random,13,4179901:S08:space_filling:8,fbrt_cutin_then_brake,seeded_random_without_replacement,ppo_obs_age020_v2,compact_regression_ppo_ref_to_obs_age020:Random:8,regression,False,False,False,new-26deab57f0e65499a054ad8f,1,[],,12,1,compact_regression_ppo_ref_to_obs_age020,8
Random,14,4179901:S01:space_filling:15,fbrt_cutin,seeded_random_without_replacement,ppo_obs_age020_v2,compact_regression_ppo_ref_to_obs_age020:Random:8,regression,False,False,False,new-ea0ebdae770ab79e24674d69,1,[],,13,1,compact_regression_ppo_ref_to_obs_age020,8
Random,15,4179901:S01:space_filling:13,fbrt_cutin,seeded_random_without_replacement,ppo_obs_age020_v2,compact_regression_ppo_ref_to_obs_age020:Random:8,regression,False,False,False,new-de8a0e1ff0760195cc634bc9,1,[],,14,1,compact_regression_ppo_ref_to_obs_age020,8
Random,16,4179901:S05:anchor_like:3,fbrt_lane_change_rear,seeded_random_without_replacement,ppo_obs_age020_v2,compact_regression_ppo_ref_to_obs_age020:Random:8,regression,False,False,False,new-9551311f923f95360e5b9cd4,1,[],,15,1,compact_regression_ppo_ref_to_obs_age020,8
Random,17,4179901:S05:space_filling:7,fbrt_lane_change_rear,seeded_random_without_replacement,ppo_obs_age020_v2,compact_regression_ppo_ref_to_obs_age020:Random:8,regression,False,False,False,new-6eacaa309239d88f62ef267e,1,[],,16,1,compact_regression_ppo_ref_to_obs_age020,8
Random,18,4179901:S08:space_filling:6,fbrt_cutin_then_brake,seeded_random_without_replacement,ppo_obs_age020_v2,compact_regression_ppo_ref_to_obs_age020:Random:8,regression,False,False,False,new-97217e4c96c918d36c8fb0db,1,[],,17,1,compact_regression_ppo_ref_to_obs_age020,8
Random,19,4179901:S01:space_filling:6,fbrt_cutin,seeded_random_without_replacement,ppo_obs_age020_v2,compact_regression_ppo_ref_to_obs_age020:Random:8,regression,False,False,False,new-f99fd39d53e35703bd8baf08,1,[],,18,1,compact_regression_ppo_ref_to_obs_age020,8
Random,20,4179901:S05:space_filling:8,fbrt_lane_change_rear,seeded_random_without_replacement,ppo_obs_age020_v2,compact_regression_ppo_ref_to_obs_age020:Random:8,regression,False,False,False,new-fe1ab6b4dd31fcc49ff1a311,1,[],,19,1,compact_regression_ppo_ref_to_obs_age020,8
Random,1,4179901:S06:anchor_like:3,fbrt_moving_lead,seeded_random_without_replacement,ppo_obs_age020_v2,compact_regression_ppo_ref_to_obs_age020:Random:9,regression,False,False,False,new-020ad18db1e568c8b9ee64d3,1,[],,0,1,compact_regression_ppo_ref_to_obs_age020,9
Random,2,4179901:S06:space_filling:4,fbrt_moving_lead,seeded_random_without_replacement,ppo_obs_age020_v2,compact_regression_ppo_ref_to_obs_age020:Random:9,regression,False,False,False,new-60871f06d94609b1c153d765,1,[],,1,1,compact_regression_ppo_ref_to_obs_age020,9
Random,3,4179901:S05:space_filling:4,fbrt_lane_change_rear,seeded_random_without_replacement,ppo_obs_age020_v2,compact_regression_ppo_ref_to_obs_age020:Random:9,regression,False,False,False,new-3aa5b3c698d00e1ca6c1fed9,1,[],,2,1,compact_regression_ppo_ref_to_obs_age020,9
Random,4,4179901:S06:anchor_like:0,fbrt_moving_lead,seeded_random_without_replacement,ppo_obs_age020_v2,compact_regression_ppo_ref_to_obs_age020:Random:9,regression,False,False,False,new-8394ae696c262660c8234173,1,[],,3,1,compact_regression_ppo_ref_to_obs_age020,9
Random,5,4179901:S08:space_filling:12,fbrt_cutin_then_brake,seeded_random_without_replacement,ppo_obs_age020_v2,compact_regression_ppo_ref_to_obs_age020:Random:9,regression,False,False,False,new-09412c7bcc7c79333e96e3ff,1,[],,4,1,compact_regression_ppo_ref_to_obs_age020,9
Random,6,4179901:S05:space_filling:15,fbrt_lane_change_rear,seeded_random_without_replacement,ppo_obs_age020_v2,compact_regression_ppo_ref_to_obs_age020:Random:9,regression,False,False,False,new-6bbf7868fb3bd70cef64ce99,1,[],,5,1,compact_regression_ppo_ref_to_obs_age020,9
Random,7,4179901:S08:anchor_like:0,fbrt_cutin_then_brake,seeded_random_without_replacement,ppo_obs_age020_v2,compact_regression_ppo_ref_to_obs_age020:Random:9,regression,False,False,False,new-541f682646e1a80e8127fc84,1,[],,6,1,compact_regression_ppo_ref_to_obs_age020,9
Random,8,4179901:S08:space_filling:5,fbrt_cutin_then_brake,seeded_random_without_replacement,ppo_obs_age020_v2,compact_regression_ppo_ref_to_obs_age020:Random:9,regression,False,False,False,new-fd7516589094c55c16edb41c,1,[],,7,1,compact_regression_ppo_ref_to_obs_age020,9
Random,9,4179901:S06:space_filling:9,fbrt_moving_lead,seeded_random_without_replacement,ppo_obs_age020_v2,compact_regression_ppo_ref_to_obs_age020:Random:9,regression,False,False,False,new-cb6a4891bbd09b5feafecb7c,1,[],,8,1,compact_regression_ppo_ref_to_obs_age020,9
Random,10,4179901:S06:space_filling:10,fbrt_moving_lead,seeded_random_without_replacement,ppo_obs_age020_v2,compact_regression_ppo_ref_to_obs_age020:Random:9,regression,False,False,False,new-77fae2cc7a9196d0a4879bfe,1,[],,9,1,compact_regression_ppo_ref_to_obs_age020,9
Random,11,4179901:S01:anchor_like:2,fbrt_cutin,seeded_random_without_replacement,ppo_obs_age020_v2,compact_regression_ppo_ref_to_obs_age020:Random:9,regression,False,False,False,new-b717f2422d5e9cdad016e922,1,[],,10,1,compact_regression_ppo_ref_to_obs_age020,9
Random,12,4179901:S06:space_filling:6,fbrt_moving_lead,seeded_random_without_replacement,ppo_obs_age020_v2,compact_regression_ppo_ref_to_obs_age020:Random:9,regression,False,False,False,new-e86f9dcfd2a7b91f7a4fb42e,1,[],,11,1,compact_regression_ppo_ref_to_obs_age020,9
Random,13,4179901:S05:space_filling:8,fbrt_lane_change_rear,seeded_random_without_replacement,ppo_obs_age020_v2,compact_regression_ppo_ref_to_obs_age020:Random:9,regression,False,False,False,new-fe1ab6b4dd31fcc49ff1a311,1,[],,12,1,compact_regression_ppo_ref_to_obs_age020,9
Random,14,4179901:S01:space_filling:10,fbrt_cutin,seeded_random_without_replacement,ppo_obs_age020_v2,compact_regression_ppo_ref_to_obs_age020:Random:9,regression,False,False,False,new-85244d54fa26548860c11537,1,[],,13,1,compact_regression_ppo_ref_to_obs_age020,9
Random,15,4179901:S01:space_filling:12,fbrt_cutin,seeded_random_without_replacement,ppo_obs_age020_v2,compact_regression_ppo_ref_to_obs_age020:Random:9,regression,False,False,False,new-763c3be8f8c26fdf7b1e099a,1,[],,14,1,compact_regression_ppo_ref_to_obs_age020,9
Random,16,4179901:S06:space_filling:7,fbrt_moving_lead,seeded_random_without_replacement,ppo_obs_age020_v2,compact_regression_ppo_ref_to_obs_age020:Random:9,regression,False,False,False,new-78f209f294682a759f2b4b3c,1,[],,15,1,compact_regression_ppo_ref_to_obs_age020,9
Random,17,4179901:S05:space_filling:11,fbrt_lane_change_rear,seeded_random_without_replacement,ppo_obs_age020_v2,compact_regression_ppo_ref_to_obs_age020:Random:9,regression,False,False,False,new-a2fd1cee903448a13a6dbf22,1,[],,16,1,compact_regression_ppo_ref_to_obs_age020,9
Random,18,4179901:S06:space_filling:14,fbrt_moving_lead,seeded_random_without_replacement,ppo_obs_age020_v2,compact_regression_ppo_ref_to_obs_age020:Random:9,regression,False,False,False,new-67326c435edd2d825353e617,1,[],,17,1,compact_regression_ppo_ref_to_obs_age020,9
Random,19,4179901:S08:space_filling:10,fbrt_cutin_then_brake,seeded_random_without_replacement,ppo_obs_age020_v2,compact_regression_ppo_ref_to_obs_age020:Random:9,regression,False,False,False,new-dce1fa34c88e2e710a79db4b,1,[],,18,1,compact_regression_ppo_ref_to_obs_age020,9
Random,20,4179901:S08:space_filling:4,fbrt_cutin_then_brake,seeded_random_without_replacement,ppo_obs_age020_v2,compact_regression_ppo_ref_to_obs_age020:Random:9,regression,False,False,False,new-2894ef966aed1dc67339ebc5,1,[],,19,1,compact_regression_ppo_ref_to_obs_age020,9
HistoryRank-UCB-v2,1,4179901:S05:space_filling:13,fbrt_lane_change_rear,history_risk_percentile_ucb,ppo_obs_age020_v2,compact_regression_ppo_ref_to_obs_age020:HistoryRank-UCB-v2:0,regression,False,False,False,new-f3d4693f9bc6f791a4ce1c0f,1,[],,0,1,compact_regression_ppo_ref_to_obs_age020,0
HistoryRank-UCB-v2,2,4179901:S06:space_filling:14,fbrt_moving_lead,history_risk_percentile_ucb,ppo_obs_age020_v2,compact_regression_ppo_ref_to_obs_age020:HistoryRank-UCB-v2:0,regression,False,False,False,new-67326c435edd2d825353e617,1,[],,1,1,compact_regression_ppo_ref_to_obs_age020,0
HistoryRank-UCB-v2,3,4179901:S01:space_filling:4,fbrt_cutin,history_risk_percentile_ucb,ppo_obs_age020_v2,compact_regression_ppo_ref_to_obs_age020:HistoryRank-UCB-v2:0,regression,False,False,False,new-d92fd67597d79a49020a1e92,1,[],,2,1,compact_regression_ppo_ref_to_obs_age020,0
HistoryRank-UCB-v2,4,4179901:S08:space_filling:10,fbrt_cutin_then_brake,history_risk_percentile_ucb,ppo_obs_age020_v2,compact_regression_ppo_ref_to_obs_age020:HistoryRank-UCB-v2:0,regression,False,False,False,new-dce1fa34c88e2e710a79db4b,1,[],,3,1,compact_regression_ppo_ref_to_obs_age020,0
HistoryRank-UCB-v2,5,4179901:S06:space_filling:6,fbrt_moving_lead,history_risk_percentile_ucb,ppo_obs_age020_v2,compact_regression_ppo_ref_to_obs_age020:HistoryRank-UCB-v2:0,regression,False,False,False,new-e86f9dcfd2a7b91f7a4fb42e,1,[],,4,1,compact_regression_ppo_ref_to_obs_age020,0
HistoryRank-UCB-v2,6,4179901:S01:space_filling:12,fbrt_cutin,history_risk_percentile_ucb,ppo_obs_age020_v2,compact_regression_ppo_ref_to_obs_age020:HistoryRank-UCB-v2:0,regression,False,False,False,new-763c3be8f8c26fdf7b1e099a,1,[],,5,1,compact_regression_ppo_ref_to_obs_age020,0
HistoryRank-UCB-v2,7,4179901:S05:anchor_like:2,fbrt_lane_change_rear,history_risk_percentile_ucb,ppo_obs_age020_v2,compact_regression_ppo_ref_to_obs_age020:HistoryRank-UCB-v2:0,regression,False,False,False,new-0a488097d89f0f196cb425c7,1,[],,6,1,compact_regression_ppo_ref_to_obs_age020,0
HistoryRank-UCB-v2,8,4179901:S08:space_filling:13,fbrt_cutin_then_brake,history_risk_percentile_ucb,ppo_obs_age020_v2,compact_regression_ppo_ref_to_obs_age020:HistoryRank-UCB-v2:0,regression,False,False,False,new-17b21f25fcea58bff60df14b,1,[],,7,1,compact_regression_ppo_ref_to_obs_age020,0
HistoryRank-UCB-v2,9,4179901:S05:space_filling:9,fbrt_lane_change_rear,history_risk_percentile_ucb,ppo_obs_age020_v2,compact_regression_ppo_ref_to_obs_age020:HistoryRank-UCB-v2:0,regression,False,False,False,new-22049c50d91f77854e61be63,1,[],,8,1,compact_regression_ppo_ref_to_obs_age020,0
HistoryRank-UCB-v2,10,4179901:S01:space_filling:11,fbrt_cutin,history_risk_percentile_ucb,ppo_obs_age020_v2,compact_regression_ppo_ref_to_obs_age020:HistoryRank-UCB-v2:0,regression,False,False,False,new-0a7c29cf9106e128d2eb4e51,1,[],,9,1,compact_regression_ppo_ref_to_obs_age020,0
HistoryRank-UCB-v2,11,4179901:S06:space_filling:10,fbrt_moving_lead,history_risk_percentile_ucb,ppo_obs_age020_v2,compact_regression_ppo_ref_to_obs_age020:HistoryRank-UCB-v2:0,regression,False,False,False,new-77fae2cc7a9196d0a4879bfe,1,[],,10,1,compact_regression_ppo_ref_to_obs_age020,0
HistoryRank-UCB-v2,12,4179901:S08:space_filling:5,fbrt_cutin_then_brake,history_risk_percentile_ucb,ppo_obs_age020_v2,compact_regression_ppo_ref_to_obs_age020:HistoryRank-UCB-v2:0,regression,False,False,False,new-fd7516589094c55c16edb41c,1,[],,11,1,compact_regression_ppo_ref_to_obs_age020,0
HistoryRank-UCB-v2,13,4179901:S01:anchor_like:1,fbrt_cutin,history_risk_percentile_ucb,ppo_obs_age020_v2,compact_regression_ppo_ref_to_obs_age020:HistoryRank-UCB-v2:0,regression,False,False,False,new-9d355c5a19406d3f87ec4cd3,1,[],,12,1,compact_regression_ppo_ref_to_obs_age020,0
HistoryRank-UCB-v2,14,4179901:S05:space_filling:5,fbrt_lane_change_rear,history_risk_percentile_ucb,ppo_obs_age020_v2,compact_regression_ppo_ref_to_obs_age020:HistoryRank-UCB-v2:0,regression,False,False,False,new-811293bd8a4b6ccc09a2c85e,1,[],,13,1,compact_regression_ppo_ref_to_obs_age020,0
HistoryRank-UCB-v2,15,4179901:S08:anchor_like:1,fbrt_cutin_then_brake,history_risk_percentile_ucb,ppo_obs_age020_v2,compact_regression_ppo_ref_to_obs_age020:HistoryRank-UCB-v2:0,regression,False,False,False,new-8971f6537153a3aa60ad43f8,1,[],,14,1,compact_regression_ppo_ref_to_obs_age020,0
HistoryRank-UCB-v2,16,4179901:S06:anchor_like:0,fbrt_moving_lead,history_risk_percentile_ucb,ppo_obs_age020_v2,compact_regression_ppo_ref_to_obs_age020:HistoryRank-UCB-v2:0,regression,False,False,False,new-8394ae696c262660c8234173,1,[],,15,1,compact_regression_ppo_ref_to_obs_age020,0
HistoryRank-UCB-v2,17,4179901:S06:space_filling:4,fbrt_moving_lead,history_risk_percentile_ucb,ppo_obs_age020_v2,compact_regression_ppo_ref_to_obs_age020:HistoryRank-UCB-v2:0,regression,False,False,False,new-60871f06d94609b1c153d765,1,[],,16,1,compact_regression_ppo_ref_to_obs_age020,0
HistoryRank-UCB-v2,18,4179901:S01:anchor_like:0,fbrt_cutin,history_risk_percentile_ucb,ppo_obs_age020_v2,compact_regression_ppo_ref_to_obs_age020:HistoryRank-UCB-v2:0,regression,False,False,False,new-2dfa8b5c20964395e387f697,1,[],,17,1,compact_regression_ppo_ref_to_obs_age020,0
HistoryRank-UCB-v2,19,4179901:S08:anchor_like:0,fbrt_cutin_then_brake,history_risk_percentile_ucb,ppo_obs_age020_v2,compact_regression_ppo_ref_to_obs_age020:HistoryRank-UCB-v2:0,regression,False,False,False,new-541f682646e1a80e8127fc84,1,[],,18,1,compact_regression_ppo_ref_to_obs_age020,0
HistoryRank-UCB-v2,20,4179901:S05:anchor_like:3,fbrt_lane_change_rear,history_risk_percentile_ucb,ppo_obs_age020_v2,compact_regression_ppo_ref_to_obs_age020:HistoryRank-UCB-v2:0,regression,False,False,False,new-9551311f923f95360e5b9cd4,1,[],,19,1,compact_regression_ppo_ref_to_obs_age020,0
FailureDistance-v2,1,4179901:S05:anchor_like:3,fbrt_lane_change_rear,nearest_observed_failure,ppo_obs_age020_v2,compact_regression_ppo_ref_to_obs_age020:FailureDistance-v2:0,regression,False,False,False,new-9551311f923f95360e5b9cd4,1,[],,0,1,compact_regression_ppo_ref_to_obs_age020,0
FailureDistance-v2,2,4179901:S05:space_filling:6,fbrt_lane_change_rear,nearest_observed_failure,ppo_obs_age020_v2,compact_regression_ppo_ref_to_obs_age020:FailureDistance-v2:0,regression,False,False,False,new-059aeb2c9f5b1fef528ea35e,1,[],,1,1,compact_regression_ppo_ref_to_obs_age020,0
FailureDistance-v2,3,4179901:S05:space_filling:4,fbrt_lane_change_rear,nearest_observed_failure,ppo_obs_age020_v2,compact_regression_ppo_ref_to_obs_age020:FailureDistance-v2:0,regression,False,False,False,new-3aa5b3c698d00e1ca6c1fed9,1,[],,2,1,compact_regression_ppo_ref_to_obs_age020,0
FailureDistance-v2,4,4179901:S05:anchor_like:1,fbrt_lane_change_rear,nearest_observed_failure,ppo_obs_age020_v2,compact_regression_ppo_ref_to_obs_age020:FailureDistance-v2:0,regression,False,False,False,new-0b823c70c752b712d609d8d1,1,[],,3,1,compact_regression_ppo_ref_to_obs_age020,0
FailureDistance-v2,5,4179901:S05:space_filling:5,fbrt_lane_change_rear,nearest_observed_failure,ppo_obs_age020_v2,compact_regression_ppo_ref_to_obs_age020:FailureDistance-v2:0,regression,False,False,False,new-811293bd8a4b6ccc09a2c85e,1,[],,4,1,compact_regression_ppo_ref_to_obs_age020,0
FailureDistance-v2,6,4179901:S05:space_filling:15,fbrt_lane_change_rear,nearest_observed_failure,ppo_obs_age020_v2,compact_regression_ppo_ref_to_obs_age020:FailureDistance-v2:0,regression,False,False,False,new-6bbf7868fb3bd70cef64ce99,1,[],,5,1,compact_regression_ppo_ref_to_obs_age020,0
FailureDistance-v2,7,4179901:S05:space_filling:8,fbrt_lane_change_rear,nearest_observed_failure,ppo_obs_age020_v2,compact_regression_ppo_ref_to_obs_age020:FailureDistance-v2:0,regression,False,False,False,new-fe1ab6b4dd31fcc49ff1a311,1,[],,6,1,compact_regression_ppo_ref_to_obs_age020,0
FailureDistance-v2,8,4179901:S05:space_filling:11,fbrt_lane_change_rear,nearest_observed_failure,ppo_obs_age020_v2,compact_regression_ppo_ref_to_obs_age020:FailureDistance-v2:0,regression,False,False,False,new-a2fd1cee903448a13a6dbf22,1,[],,7,1,compact_regression_ppo_ref_to_obs_age020,0
FailureDistance-v2,9,4179901:S05:anchor_like:0,fbrt_lane_change_rear,nearest_observed_failure,ppo_obs_age020_v2,compact_regression_ppo_ref_to_obs_age020:FailureDistance-v2:0,regression,False,False,False,new-69b5efcd46dae110b3f3f1fc,1,[],,8,1,compact_regression_ppo_ref_to_obs_age020,0
FailureDistance-v2,10,4179901:S08:anchor_like:1,fbrt_cutin_then_brake,global_art_maximin,ppo_obs_age020_v2,compact_regression_ppo_ref_to_obs_age020:FailureDistance-v2:0,regression,False,False,False,new-8971f6537153a3aa60ad43f8,1,[],,9,1,compact_regression_ppo_ref_to_obs_age020,0
FailureDistance-v2,11,4179901:S05:anchor_like:2,fbrt_lane_change_rear,nearest_observed_failure,ppo_obs_age020_v2,compact_regression_ppo_ref_to_obs_age020:FailureDistance-v2:0,regression,False,False,False,new-0a488097d89f0f196cb425c7,1,[],,10,1,compact_regression_ppo_ref_to_obs_age020,0
FailureDistance-v2,12,4179901:S05:space_filling:9,fbrt_lane_change_rear,nearest_observed_failure,ppo_obs_age020_v2,compact_regression_ppo_ref_to_obs_age020:FailureDistance-v2:0,regression,False,False,False,new-22049c50d91f77854e61be63,1,[],,11,1,compact_regression_ppo_ref_to_obs_age020,0
FailureDistance-v2,13,4179901:S05:space_filling:13,fbrt_lane_change_rear,nearest_observed_failure,ppo_obs_age020_v2,compact_regression_ppo_ref_to_obs_age020:FailureDistance-v2:0,regression,False,False,False,new-f3d4693f9bc6f791a4ce1c0f,1,[],,12,1,compact_regression_ppo_ref_to_obs_age020,0
FailureDistance-v2,14,4179901:S05:space_filling:7,fbrt_lane_change_rear,nearest_observed_failure,ppo_obs_age020_v2,compact_regression_ppo_ref_to_obs_age020:FailureDistance-v2:0,regression,False,False,False,new-6eacaa309239d88f62ef267e,1,[],,13,1,compact_regression_ppo_ref_to_obs_age020,0
FailureDistance-v2,15,4179901:S08:space_filling:9,fbrt_cutin_then_brake,nearest_observed_failure,ppo_obs_age020_v2,compact_regression_ppo_ref_to_obs_age020:FailureDistance-v2:0,regression,False,False,False,new-c881f1a5338bcfba8eb42917,1,[],,14,1,compact_regression_ppo_ref_to_obs_age020,0
FailureDistance-v2,16,4179901:S08:space_filling:10,fbrt_cutin_then_brake,nearest_observed_failure,ppo_obs_age020_v2,compact_regression_ppo_ref_to_obs_age020:FailureDistance-v2:0,regression,False,False,False,new-dce1fa34c88e2e710a79db4b,1,[],,15,1,compact_regression_ppo_ref_to_obs_age020,0
FailureDistance-v2,17,4179901:S08:space_filling:7,fbrt_cutin_then_brake,nearest_observed_failure,ppo_obs_age020_v2,compact_regression_ppo_ref_to_obs_age020:FailureDistance-v2:0,regression,False,False,False,new-5dc9fa5929a8274702b0c397,1,[],,16,1,compact_regression_ppo_ref_to_obs_age020,0
FailureDistance-v2,18,4179901:S01:space_filling:14,fbrt_cutin,nearest_observed_failure,ppo_obs_age020_v2,compact_regression_ppo_ref_to_obs_age020:FailureDistance-v2:0,regression,False,False,False,new-7b24a497e4c81c9cbd73637a,1,[],,17,1,compact_regression_ppo_ref_to_obs_age020,0
FailureDistance-v2,19,4179901:S01:space_filling:10,fbrt_cutin,nearest_observed_failure,ppo_obs_age020_v2,compact_regression_ppo_ref_to_obs_age020:FailureDistance-v2:0,regression,False,False,False,new-85244d54fa26548860c11537,1,[],,18,1,compact_regression_ppo_ref_to_obs_age020,0
FailureDistance-v2,20,4179901:S06:anchor_like:3,fbrt_moving_lead,global_art_maximin,ppo_obs_age020_v2,compact_regression_ppo_ref_to_obs_age020:FailureDistance-v2:0,regression,False,False,False,new-020ad18db1e568c8b9ee64d3,1,[],,19,1,compact_regression_ppo_ref_to_obs_age020,0
FBRT-NoMemory,1,4179901:S01:space_filling:12,fbrt_cutin,posterior_mean_failure_probability,ppo_obs_age020_v2,compact_regression_ppo_ref_to_obs_age020:FBRT-NoMemory:0,regression,False,False,False,new-763c3be8f8c26fdf7b1e099a,1,[],,0,0,compact_regression_ppo_ref_to_obs_age020,0
FBRT-NoMemory,2,4179901:S06:anchor_like:0,fbrt_moving_lead,posterior_mean_failure_probability,ppo_obs_age020_v2,compact_regression_ppo_ref_to_obs_age020:FBRT-NoMemory:0,regression,False,False,False,new-8394ae696c262660c8234173,1,[],,1,0,compact_regression_ppo_ref_to_obs_age020,0
FBRT-NoMemory,3,4179901:S08:space_filling:13,fbrt_cutin_then_brake,posterior_mean_failure_probability,ppo_obs_age020_v2,compact_regression_ppo_ref_to_obs_age020:FBRT-NoMemory:0,regression,False,False,False,new-17b21f25fcea58bff60df14b,1,[],,2,0,compact_regression_ppo_ref_to_obs_age020,0
FBRT-NoMemory,4,4179901:S06:space_filling:15,fbrt_moving_lead,posterior_mean_failure_probability,ppo_obs_age020_v2,compact_regression_ppo_ref_to_obs_age020:FBRT-NoMemory:0,regression,False,False,False,new-c07a79dfd5a7b3ab0b9e5e75,1,[],,3,0,compact_regression_ppo_ref_to_obs_age020,0
FBRT-NoMemory,5,4179901:S05:space_filling:8,fbrt_lane_change_rear,posterior_mean_failure_probability,ppo_obs_age020_v2,compact_regression_ppo_ref_to_obs_age020:FBRT-NoMemory:0,regression,False,False,False,new-fe1ab6b4dd31fcc49ff1a311,1,[],,4,0,compact_regression_ppo_ref_to_obs_age020,0
FBRT-NoMemory,6,4179901:S08:space_filling:12,fbrt_cutin_then_brake,posterior_mean_failure_probability,ppo_obs_age020_v2,compact_regression_ppo_ref_to_obs_age020:FBRT-NoMemory:0,regression,False,False,False,new-09412c7bcc7c79333e96e3ff,1,[],,5,0,compact_regression_ppo_ref_to_obs_age020,0
FBRT-NoMemory,7,4179901:S05:space_filling:13,fbrt_lane_change_rear,posterior_mean_failure_probability,ppo_obs_age020_v2,compact_regression_ppo_ref_to_obs_age020:FBRT-NoMemory:0,regression,False,False,False,new-f3d4693f9bc6f791a4ce1c0f,1,[],,6,0,compact_regression_ppo_ref_to_obs_age020,0
FBRT-NoMemory,8,4179901:S08:space_filling:10,fbrt_cutin_then_brake,posterior_mean_failure_probability,ppo_obs_age020_v2,compact_regression_ppo_ref_to_obs_age020:FBRT-NoMemory:0,regression,False,False,False,new-dce1fa34c88e2e710a79db4b,1,[],,7,0,compact_regression_ppo_ref_to_obs_age020,0
FBRT-NoMemory,9,4179901:S01:space_filling:7,fbrt_cutin,posterior_mean_failure_probability,ppo_obs_age020_v2,compact_regression_ppo_ref_to_obs_age020:FBRT-NoMemory:0,regression,False,False,False,new-5d62cf22554688de90b3b0a8,1,[],,8,0,compact_regression_ppo_ref_to_obs_age020,0
FBRT-NoMemory,10,4179901:S05:anchor_like:3,fbrt_lane_change_rear,global_art_maximin,ppo_obs_age020_v2,compact_regression_ppo_ref_to_obs_age020:FBRT-NoMemory:0,regression,False,False,False,new-9551311f923f95360e5b9cd4,1,[],,9,0,compact_regression_ppo_ref_to_obs_age020,0
FBRT-NoMemory,11,4179901:S05:space_filling:7,fbrt_lane_change_rear,posterior_mean_failure_probability,ppo_obs_age020_v2,compact_regression_ppo_ref_to_obs_age020:FBRT-NoMemory:0,regression,False,False,False,new-6eacaa309239d88f62ef267e,1,[],,10,0,compact_regression_ppo_ref_to_obs_age020,0
FBRT-NoMemory,12,4179901:S01:space_filling:6,fbrt_cutin,posterior_mean_failure_probability,ppo_obs_age020_v2,compact_regression_ppo_ref_to_obs_age020:FBRT-NoMemory:0,regression,False,False,False,new-f99fd39d53e35703bd8baf08,1,[],,11,0,compact_regression_ppo_ref_to_obs_age020,0
FBRT-NoMemory,13,4179901:S08:space_filling:7,fbrt_cutin_then_brake,posterior_mean_failure_probability,ppo_obs_age020_v2,compact_regression_ppo_ref_to_obs_age020:FBRT-NoMemory:0,regression,False,False,False,new-5dc9fa5929a8274702b0c397,1,[],,12,0,compact_regression_ppo_ref_to_obs_age020,0
FBRT-NoMemory,14,4179901:S06:space_filling:5,fbrt_moving_lead,posterior_mean_failure_probability,ppo_obs_age020_v2,compact_regression_ppo_ref_to_obs_age020:FBRT-NoMemory:0,regression,False,False,False,new-48cac9d2b1a2c604ddd3a3a8,1,[],,13,0,compact_regression_ppo_ref_to_obs_age020,0
FBRT-NoMemory,15,4179901:S05:space_filling:4,fbrt_lane_change_rear,posterior_mean_failure_probability,ppo_obs_age020_v2,compact_regression_ppo_ref_to_obs_age020:FBRT-NoMemory:0,regression,False,False,False,new-3aa5b3c698d00e1ca6c1fed9,1,[],,14,0,compact_regression_ppo_ref_to_obs_age020,0
FBRT-NoMemory,16,4179901:S06:anchor_like:2,fbrt_moving_lead,posterior_mean_failure_probability,ppo_obs_age020_v2,compact_regression_ppo_ref_to_obs_age020:FBRT-NoMemory:0,regression,False,False,False,new-e79bbe95dd91b6317f78bc56,1,[],,15,0,compact_regression_ppo_ref_to_obs_age020,0
FBRT-NoMemory,17,4179901:S08:space_filling:11,fbrt_cutin_then_brake,posterior_mean_failure_probability,ppo_obs_age020_v2,compact_regression_ppo_ref_to_obs_age020:FBRT-NoMemory:0,regression,False,False,False,new-558c80ce760f525e0ef93942,1,[],,16,0,compact_regression_ppo_ref_to_obs_age020,0
FBRT-NoMemory,18,4179901:S06:space_filling:14,fbrt_moving_lead,posterior_mean_failure_probability,ppo_obs_age020_v2,compact_regression_ppo_ref_to_obs_age020:FBRT-NoMemory:0,regression,False,False,False,new-67326c435edd2d825353e617,1,[],,17,0,compact_regression_ppo_ref_to_obs_age020,0
FBRT-NoMemory,19,4179901:S01:space_filling:13,fbrt_cutin,posterior_mean_failure_probability,ppo_obs_age020_v2,compact_regression_ppo_ref_to_obs_age020:FBRT-NoMemory:0,regression,False,False,False,new-de8a0e1ff0760195cc634bc9,1,[],,18,0,compact_regression_ppo_ref_to_obs_age020,0
FBRT-NoMemory,20,4179901:S08:space_filling:14,fbrt_cutin_then_brake,global_art_maximin,ppo_obs_age020_v2,compact_regression_ppo_ref_to_obs_age020:FBRT-NoMemory:0,regression,False,False,False,new-ba4a63b3f95671d919886a01,1,[],,19,0,compact_regression_ppo_ref_to_obs_age020,0
FBRT-Memory,1,4179901:S05:anchor_like:3,fbrt_lane_change_rear,posterior_mean_failure_probability,ppo_obs_age020_v2,compact_regression_ppo_ref_to_obs_age020:FBRT-Memory:0,regression,False,False,False,new-9551311f923f95360e5b9cd4,1,"[""pat-ce25e60922ae72c5""]",,0,1,compact_regression_ppo_ref_to_obs_age020,0
FBRT-Memory,2,4179901:S01:space_filling:5,fbrt_cutin,posterior_mean_failure_probability,ppo_obs_age020_v2,compact_regression_ppo_ref_to_obs_age020:FBRT-Memory:0,regression,False,False,False,new-0bdff53ac82552317612a095,1,[],,1,1,compact_regression_ppo_ref_to_obs_age020,0
FBRT-Memory,3,4179901:S05:space_filling:6,fbrt_lane_change_rear,posterior_mean_failure_probability,ppo_obs_age020_v2,compact_regression_ppo_ref_to_obs_age020:FBRT-Memory:0,regression,False,False,False,new-059aeb2c9f5b1fef528ea35e,1,"[""pat-ce25e60922ae72c5""]",,2,1,compact_regression_ppo_ref_to_obs_age020,0
FBRT-Memory,4,4179901:S08:space_filling:7,fbrt_cutin_then_brake,posterior_mean_failure_probability,ppo_obs_age020_v2,compact_regression_ppo_ref_to_obs_age020:FBRT-Memory:0,regression,False,False,False,new-5dc9fa5929a8274702b0c397,1,[],,3,1,compact_regression_ppo_ref_to_obs_age020,0
FBRT-Memory,5,4179901:S06:space_filling:15,fbrt_moving_lead,posterior_mean_failure_probability,ppo_obs_age020_v2,compact_regression_ppo_ref_to_obs_age020:FBRT-Memory:0,regression,False,False,False,new-c07a79dfd5a7b3ab0b9e5e75,1,[],,4,1,compact_regression_ppo_ref_to_obs_age020,0
FBRT-Memory,6,4179901:S06:space_filling:14,fbrt_moving_lead,posterior_mean_failure_probability,ppo_obs_age020_v2,compact_regression_ppo_ref_to_obs_age020:FBRT-Memory:0,regression,False,False,False,new-67326c435edd2d825353e617,1,[],,5,1,compact_regression_ppo_ref_to_obs_age020,0
FBRT-Memory,7,4179901:S08:space_filling:10,fbrt_cutin_then_brake,posterior_mean_failure_probability,ppo_obs_age020_v2,compact_regression_ppo_ref_to_obs_age020:FBRT-Memory:0,regression,False,False,False,new-dce1fa34c88e2e710a79db4b,1,[],,6,1,compact_regression_ppo_ref_to_obs_age020,0
FBRT-Memory,8,4179901:S06:space_filling:5,fbrt_moving_lead,posterior_mean_failure_probability,ppo_obs_age020_v2,compact_regression_ppo_ref_to_obs_age020:FBRT-Memory:0,regression,False,False,False,new-48cac9d2b1a2c604ddd3a3a8,1,[],,7,1,compact_regression_ppo_ref_to_obs_age020,0
FBRT-Memory,9,4179901:S08:space_filling:12,fbrt_cutin_then_brake,posterior_mean_failure_probability,ppo_obs_age020_v2,compact_regression_ppo_ref_to_obs_age020:FBRT-Memory:0,regression,False,False,False,new-09412c7bcc7c79333e96e3ff,1,[],,8,1,compact_regression_ppo_ref_to_obs_age020,0
FBRT-Memory,10,4179901:S01:space_filling:4,fbrt_cutin,global_art_maximin,ppo_obs_age020_v2,compact_regression_ppo_ref_to_obs_age020:FBRT-Memory:0,regression,False,False,False,new-d92fd67597d79a49020a1e92,1,[],,9,1,compact_regression_ppo_ref_to_obs_age020,0
FBRT-Memory,11,4179901:S08:space_filling:13,fbrt_cutin_then_brake,posterior_mean_failure_probability,ppo_obs_age020_v2,compact_regression_ppo_ref_to_obs_age020:FBRT-Memory:0,regression,False,False,False,new-17b21f25fcea58bff60df14b,1,[],,10,1,compact_regression_ppo_ref_to_obs_age020,0
FBRT-Memory,12,4179901:S05:space_filling:8,fbrt_lane_change_rear,posterior_mean_failure_probability,ppo_obs_age020_v2,compact_regression_ppo_ref_to_obs_age020:FBRT-Memory:0,regression,False,False,False,new-fe1ab6b4dd31fcc49ff1a311,1,[],,11,1,compact_regression_ppo_ref_to_obs_age020,0
FBRT-Memory,13,4179901:S01:space_filling:6,fbrt_cutin,posterior_mean_failure_probability,ppo_obs_age020_v2,compact_regression_ppo_ref_to_obs_age020:FBRT-Memory:0,regression,False,False,False,new-f99fd39d53e35703bd8baf08,1,[],,12,1,compact_regression_ppo_ref_to_obs_age020,0
FBRT-Memory,14,4179901:S06:anchor_like:0,fbrt_moving_lead,posterior_mean_failure_probability,ppo_obs_age020_v2,compact_regression_ppo_ref_to_obs_age020:FBRT-Memory:0,regression,False,False,False,new-8394ae696c262660c8234173,1,[],,13,1,compact_regression_ppo_ref_to_obs_age020,0
FBRT-Memory,15,4179901:S01:space_filling:12,fbrt_cutin,posterior_mean_failure_probability,ppo_obs_age020_v2,compact_regression_ppo_ref_to_obs_age020:FBRT-Memory:0,regression,False,False,False,new-763c3be8f8c26fdf7b1e099a,1,[],,14,1,compact_regression_ppo_ref_to_obs_age020,0
FBRT-Memory,16,4179901:S08:anchor_like:2,fbrt_cutin_then_brake,posterior_mean_failure_probability,ppo_obs_age020_v2,compact_regression_ppo_ref_to_obs_age020:FBRT-Memory:0,regression,False,False,False,new-9e05020873512f496a52d973,1,[],,15,1,compact_regression_ppo_ref_to_obs_age020,0
FBRT-Memory,17,4179901:S01:space_filling:11,fbrt_cutin,posterior_mean_failure_probability,ppo_obs_age020_v2,compact_regression_ppo_ref_to_obs_age020:FBRT-Memory:0,regression,False,False,False,new-0a7c29cf9106e128d2eb4e51,1,[],,16,1,compact_regression_ppo_ref_to_obs_age020,0
FBRT-Memory,18,4179901:S05:space_filling:13,fbrt_lane_change_rear,posterior_mean_failure_probability,ppo_obs_age020_v2,compact_regression_ppo_ref_to_obs_age020:FBRT-Memory:0,regression,False,False,False,new-f3d4693f9bc6f791a4ce1c0f,1,[],,17,1,compact_regression_ppo_ref_to_obs_age020,0
FBRT-Memory,19,4179901:S01:space_filling:9,fbrt_cutin,posterior_mean_failure_probability,ppo_obs_age020_v2,compact_regression_ppo_ref_to_obs_age020:FBRT-Memory:0,regression,False,False,False,new-e6199ef7b40133fc12b12c93,1,[],,18,1,compact_regression_ppo_ref_to_obs_age020,0
FBRT-Memory,20,4179901:S05:space_filling:7,fbrt_lane_change_rear,global_art_maximin,ppo_obs_age020_v2,compact_regression_ppo_ref_to_obs_age020:FBRT-Memory:0,regression,False,False,False,new-6eacaa309239d88f62ef267e,1,[],,19,1,compact_regression_ppo_ref_to_obs_age020,0
