method_variant,episode,time_step,state,q_target,q_mixed,gap_scores,visits,critical
Uniform-Equal-H,1,0,"[2, 2, -4, 13, 0, 0, 1, 0, 2, 1]","[0.0, 0.0, 0.0]","[0.0, 0.0, 0.0]","[0.1, 0.8, 0.1]","[0, 0, 1]",False
Uniform-Equal-H,1,1,"[2, 2, -3, 13, 0, 0, 1, 0, 3, 1]","[0.0, 0.0, 0.0]","[0.0010936408042907717, 0.0026283424377441405, 0.0033776327451070154]","[0.3333333333333333, 0.3333333333333333, 0.3333333333333333]","[1, 0, 0]",True
Uniform-Equal-H,1,2,"[1, 2, -4, 13, 0, 0, 1, 0, 4, 1]","[0.0, 0.0, 0.0]","[0.0, 0.0, 0.0]","[0.1, 0.8, 0.1]","[0, 1, 0]",False
Uniform-Equal-H,1,3,"[1, 2, -4, 13, 0, 0, 1, 1, 5, 1]","[0.0, 0.0, 0.0]","[0.0, 0.0, 0.0]","[0.1, 0.8, 0.1]","[0, 1, 0]",False
Uniform-Equal-H,1,4,"[1, 2, -4, 13, 0, 0, 0, 1, 6, 1]","[0.0, 0.0, 0.0]","[0.0, 0.0, 0.0]","[0.1, 0.8, 0.1]","[0, 1, 0]",False
Uniform-Equal-H,1,5,"[0, 1, -3, 13, 0, 0, 0, 1, 7, 1]","[0.0, 0.0, 0.0]","[0.0, 0.0, 0.0]","[0.1, 0.8, 0.1]","[0, 1, 0]",False
Uniform-Equal-H,2,0,"[2, 2, -1, 12, 0, 0, 1, 0, 0, 0]","[0.0, 0.0, 0.0]","[5.2774144435922315e-05, 1.4617629528045655e-05, 2.1431924263636274e-05]","[0.3333333333333333, 0.3333333333333333, 0.3333333333333333]","[1, 0, 0]",True
Uniform-Equal-H,2,1,"[2, 2, -1, 13, 0, 0, 1, 0, 1, 0]","[0.0, 0.0, 0.0]","[0.00032792926152547204, 0.00032615976929664615, 8.915981854001683e-05]","[0.3333333333333333, 0.3333333333333333, 0.3333333333333333]","[1, 0, 0]",True
Uniform-Equal-H,2,2,"[1, 2, -2, 13, 0, 0, 1, 0, 2, 0]","[0.0, 0.0, 0.0]","[0.0, 0.0, 0.0]","[0.1, 0.8, 0.1]","[0, 1, 0]",False
Uniform-Equal-H,2,3,"[1, 2, -2, 13, 0, 0, 1, 0, 3, 0]","[0.0, 0.0, 0.0]","[0.0, 0.0, 0.0]","[0.1, 0.8, 0.1]","[0, 1, 0]",False
Uniform-Equal-H,2,4,"[1, 2, -2, 13, 0, 0, 1, 0, 4, 0]","[0.0, 0.0, 0.0]","[0.0, 0.0, 0.0]","[0.1, 0.8, 0.1]","[0, 0, 1]",False
Uniform-Equal-H,2,5,"[1, 2, -2, 13, 0, 0, 1, 1, 5, 0]","[0.0, 0.0, 0.0]","[0.0, 0.0, 0.0]","[0.1, 0.8, 0.1]","[0, 1, 0]",False
Uniform-Equal-H,2,6,"[1, 1, -1, 13, 0, -1, 0, 1, 6, 0]","[0.0, 0.0, 0.0]","[0.0, 0.0, 0.0]","[0.1, 0.8, 0.1]","[0, 1, 0]",False
Uniform-Equal-H,3,0,"[2, 2, -6, 13, 0, 0, 1, 1, 5, 1]","[0.0, 0.0, 0.0]","[0.0, 0.019048126220703128, 0.005094194412231447]","[0.3333333333333333, 0.3333333333333333, 0.3333333333333333]","[0, 1, 0]",True
Uniform-Equal-H,3,1,"[2, 2, -6, 13, 0, 0, 0, 1, 6, 1]","[0.0, 0.0, 0.0]","[0.029602615038553874, 0.12188711166381837, 0.1687170155843099]","[0.3333333333333333, 0.3333333333333333, 0.3333333333333333]","[0, 1, 0]",True
Uniform-Equal-H,3,2,"[1, 1, -5, 13, 0, 0, 0, 1, 7, 1]","[0.0, 0.0, 0.0]","[0.0, 0.0, 0.0]","[0.1, 0.8, 0.1]","[0, 1, 0]",False
Uniform-Equal-H,4,0,"[4, 2, -6, 13, 0, 0, 0, 1, 6, 1]","[0.0, 0.0, 0.0]","[0.0, 0.0, 0.0]","[0.1, 0.8, 0.1]","[0, 1, 0]",False
Uniform-Equal-H,4,1,"[3, 1, -5, 13, 0, 0, 0, 1, 7, 1]","[0.0, 0.0, 0.0]","[0.0, 0.0, 0.0]","[0.1, 0.8, 0.1]","[0, 1, 0]",False
Uniform-Equal-H,4,2,"[3, 1, -4, 12, 0, 0, 0, 1, 8, 1]","[0.0, 0.0, 0.0]","[0.0, 0.0, 0.0]","[0.1, 0.8, 0.1]","[0, 1, 0]",False
Uniform-Equal-H,4,3,"[2, 1, -3, 11, 0, 0, 0, 1, 9, 1]","[0.0, 0.0, 0.0]","[0.0, 0.0, 0.0]","[0.1, 0.8, 0.1]","[0, 0, 1]",False
Uniform-Equal-H,4,4,"[2, 1, -3, 10, 0, 0, 0, 1, 10, 1]","[0.0, 0.0, 0.0]","[0.0, 0.0, 0.0]","[0.1, 0.8, 0.1]","[0, 1, 0]",False
Uniform-Equal-H,4,5,"[2, 0, -2, 9, 0, 0, 0, 1, 11, 1]","[0.0, 0.0, 0.0]","[0.0, 0.0, 0.0]","[0.1, 0.8, 0.1]","[0, 1, 0]",False
Uniform-Equal-H,4,6,"[2, 0, -1, 9, 0, 0, 0, 1, 12, 1]","[0.0, 0.0, 0.0]","[0.0, 0.0, 0.0]","[0.1, 0.8, 0.1]","[0, 1, 0]",False
Uniform-Equal-H,4,7,"[1, 0, -1, 8, 0, 0, 0, 2, 13, 1]","[0.0, 0.0, 0.0]","[0.0, 0.0, 0.0]","[0.1, 0.8, 0.1]","[0, 1, 0]",False
Uniform-Equal-H,4,8,"[1, 0, -1, 8, 0, 0, 0, 2, 14, 1]","[0.0, 0.0, 0.0]","[0.0, 0.0, 0.0]","[0.1, 0.8, 0.1]","[0, 1, 0]",False
Uniform-Equal-H,4,9,"[1, 0, -1, 7, 0, 0, 0, 2, 15, 1]","[0.0, 0.0, 0.0]","[0.0, 0.0, 0.0]","[0.1, 0.8, 0.1]","[0, 1, 0]",False
Uniform-Equal-H,5,0,"[2, 0, -5, 12, 0, 0, 0, 2, 0, 3]","[0.0, 0.0, 0.0]","[0.030691396868228915, 0.016491100947062173, 0.015179040606816612]","[0.3333333333333333, 0.3333333333333333, 0.3333333333333333]","[1, 0, 0]",True
Uniform-Equal-H,5,1,"[2, 0, -4, 12, 0, 0, 0, 2, 1, 3]","[0.0, 0.0, 0.0]","[0.0, 0.0, 0.0]","[0.1, 0.8, 0.1]","[0, 1, 0]",False
Uniform-Equal-H,5,2,"[2, 0, -4, 11, 0, 0, 0, 2, 2, 3]","[0.0, 0.0, 0.0]","[0.0, 0.0, 0.0]","[0.1, 0.8, 0.1]","[0, 0, 1]",False
Uniform-Equal-H,5,3,"[1, 0, -3, 10, 0, 0, 0, 2, 3, 3]","[0.0, 0.0, 0.0]","[0.0, 0.0, 0.0]","[0.1, 0.8, 0.1]","[0, 1, 0]",False
Uniform-Equal-H,6,0,"[2, 2, -3, 13, 0, 0, 1, 0, 2, 0]","[0.0, 0.0, 0.0]","[0.011178533681233725, 0.035807784326871234, 0.02147035376230876]","[0.3333333333333333, 0.3333333333333333, 0.3333333333333333]","[0, 1, 0]",True
Uniform-Equal-H,6,1,"[2, 2, -3, 13, 0, 0, 1, 0, 3, 0]","[0.0, 0.0, 0.0]","[0.0013789062500000001, 0.09655480984846751, 0.136557861328125]","[0.3333333333333333, 0.3333333333333333, 0.3333333333333333]","[1, 0, 0]",True
Uniform-Equal-H,6,2,"[1, 2, -4, 13, 0, 0, 1, 0, 4, 0]","[0.0, 0.0, 0.0]","[0.0, 0.0, 0.0]","[0.1, 0.8, 0.1]","[0, 1, 0]",False
Uniform-Equal-H,6,3,"[1, 2, -4, 13, 0, 0, 1, 1, 5, 0]","[0.0, 0.0, 0.0]","[0.0, 0.0, 0.0]","[0.1, 0.8, 0.1]","[0, 1, 0]",False
Uniform-Equal-H,7,0,"[2, 0, -5, 12, 0, 0, 0, 3, 0, 4]","[0.0, 0.0, 0.0]","[0.023050053848574566, 0.012684262176354728, 0.01388281929989656]","[0.3333333333333333, 0.3333333333333333, 0.3333333333333333]","[1, 0, 0]",True
Uniform-Equal-H,7,1,"[2, 0, -4, 12, 0, 0, 0, 3, 1, 4]","[0.0, 0.0, 0.0]","[0.0, 0.0, 0.0]","[0.1, 0.8, 0.1]","[0, 0, 1]",False
Uniform-Equal-H,7,2,"[2, 0, -3, 11, 0, 0, 0, 3, 2, 4]","[0.0, 0.0, 0.0]","[0.0, 0.0, 0.0]","[0.1, 0.8, 0.1]","[0, 1, 0]",False
Uniform-Equal-H,7,3,"[1, 0, -3, 10, 0, 0, 0, 3, 3, 4]","[0.0, 0.0, 0.0]","[0.0, 0.0, 0.0]","[0.1, 0.8, 0.1]","[0, 1, 0]",False
Uniform-Equal-H,8,0,"[1, 2, -1, 13, 0, 0, 1, 0, 3, 1]","[0.0, 0.0, 0.0]","[0.0006222962872187299, 0.0008197497558593752, 0.002281237424214681]","[0.3333333333333333, 0.3333333333333333, 0.3333333333333333]","[1, 0, 0]",True
Uniform-Equal-H,8,1,"[1, 2, -2, 13, 0, 0, 1, 0, 4, 1]","[0.0, 0.0, 0.0]","[0.0, 0.0, 0.0]","[0.1, 0.8, 0.1]","[0, 1, 0]",False
Uniform-Equal-H,8,2,"[1, 2, -2, 13, 0, 0, 1, 1, 5, 1]","[0.0, 0.0, 0.0]","[0.0, 0.0, 0.0]","[0.1, 0.8, 0.1]","[1, 0, 0]",False
Uniform-Equal-H,8,3,"[1, 2, -2, 13, 0, 0, 0, 1, 6, 1]","[0.0, 0.0, 0.0]","[0.008723958333333334, 0.021381937662760413, 0.21532585620880126]","[0.3333333333333333, 0.3333333333333333, 0.3333333333333333]","[0, 1, 0]",True
Uniform-Equal-H,8,4,"[1, 1, -1, 13, 0, 0, 0, 1, 7, 1]","[0.0, 0.0, 0.0]","[0.0, 0.0, 0.0]","[0.1, 0.8, 0.1]","[0, 1, 0]",False
Uniform-Equal-H,9,0,"[2, 2, -5, 13, 0, 0, 1, 0, 3, 1]","[0.0, 0.0, 0.0]","[0.01910569445292155, 0.007683401743570965, 0.008781665484110517]","[0.3333333333333333, 0.3333333333333333, 0.3333333333333333]","[1, 0, 0]",True
Uniform-Equal-H,9,1,"[2, 2, -6, 13, 0, 0, 1, 0, 4, 1]","[0.0, 0.0, 0.0]","[0.0, 0.0, 0.0]","[0.1, 0.8, 0.1]","[0, 0, 1]",False
Uniform-Equal-H,9,2,"[1, 2, -6, 13, 0, 0, 1, 1, 5, 1]","[0.0, 0.0, 0.0]","[0.0, 0.0, 0.0]","[0.1, 0.8, 0.1]","[0, 1, 0]",False
Uniform-Equal-H,9,3,"[0, 2, -6, 13, 0, 0, 0, 1, 6, 1]","[0.0, 0.0, 0.0]","[0.0, 0.0, 0.0]","[0.1, 0.8, 0.1]","[1, 0, 0]",False
Uniform-Equal-H,10,0,"[2, 2, -3, 13, 0, 0, 1, 0, 1, 1]","[0.0, 0.0, 0.0]","[0.00018669798310597742, 8.394459390640261e-05, 5.3597942511240646e-05]","[0.3333333333333333, 0.3333333333333333, 0.3333333333333333]","[0, 0, 1]",True
Uniform-Equal-H,10,1,"[2, 2, -3, 13, 0, 0, 1, 0, 2, 1]","[0.0, 0.0, 0.0]","[5.067567269007366e-05, 0.0008386191368103029, 0.0007201108145713806]","[0.3333333333333333, 0.3333333333333333, 0.3333333333333333]","[0, 0, 1]",True
Uniform-Equal-H,10,2,"[2, 2, -3, 13, 0, 0, 1, 0, 3, 1]","[0.0, 0.0, 0.0]","[0.0010936408042907717, 0.0026283424377441405, 0.0033776327451070154]","[0.3333333333333333, 0.3333333333333333, 0.3333333333333333]","[1, 1, 0]",True
Uniform-Equal-H,10,3,"[1, 2, -3, 13, 0, 0, 1, 0, 4, 1]","[0.0, 0.0, 0.0]","[0.0006052296956380209, 0.011077403783798219, 0.019602832794189454]","[0.3333333333333333, 0.3333333333333333, 0.3333333333333333]","[1, 0, 0]",True
Uniform-Equal-H,10,4,"[1, 2, -4, 13, 0, 0, 1, 1, 5, 1]","[0.0, 0.0, 0.0]","[0.0, 0.0, 0.0]","[0.1, 0.8, 0.1]","[1, 1, 0]",False
Uniform-Equal-H,10,5,"[1, 2, -4, 13, 0, 0, 0, 1, 6, 1]","[0.0, 0.0, 0.0]","[0.0, 0.0, 0.0]","[0.1, 0.8, 0.1]","[0, 1, 1]",False
Uniform-Equal-H,10,6,"[0, 1, -3, 13, 0, 0, 0, 1, 7, 1]","[0.0, 0.0, 0.0]","[0.0, 0.0, 0.0]","[0.1, 0.8, 0.1]","[0, 1, 1]",False
Uniform-Equal-H,11,0,"[1, 2, 0, 12, 0, 0, 1, 0, 0, 1]","[0.0, 0.0, 0.0]","[1.9649745440483103e-06, 1.9885635693868012e-07, 1.1874888102213549e-07]","[0.3333333333333333, 0.3333333333333333, 0.3333333333333333]","[0, 1, 0]",True
Uniform-Equal-H,11,1,"[1, 2, 0, 13, 0, 0, 1, 0, 1, 1]","[0.0, 0.0, 0.0]","[5.5746632655461645e-06, 8.55568656921387e-06, 1.577885169982911e-05]","[0.3333333333333333, 0.3333333333333333, 0.3333333333333333]","[0, 1, 0]",True
Uniform-Equal-H,11,2,"[1, 2, 0, 13, 0, 0, 1, 0, 2, 1]","[0.0, 0.0, 0.0]","[2.447028573354086e-05, 8.619697825113934e-05, 9.410152149200442e-05]","[0.3333333333333333, 0.3333333333333333, 0.3333333333333333]","[1, 0, 0]",True
Uniform-Equal-H,11,3,"[1, 2, 0, 13, 0, 0, 1, 0, 3, 1]","[0.0, 0.0, 0.0]","[0.0008213894907633465, 0.0007324037981033326, 0.0002172540410359701]","[0.3333333333333333, 0.3333333333333333, 0.3333333333333333]","[0, 0, 1]",True
Uniform-Equal-H,11,4,"[1, 2, 0, 13, 0, 0, 1, 0, 4, 1]","[0.0, 0.0, 0.0]","[0.005762258529663087, 0.002293303998311361, 0.005072741254170737]","[0.3333333333333333, 0.3333333333333333, 0.3333333333333333]","[0, 0, 1]",True
Uniform-Equal-H,11,5,"[1, 2, 0, 13, 0, 0, 1, 1, 5, 1]","[0.0, 0.0, 0.0]","[0.02946718724568685, 0.013442114512125656, 0.033573526064554854]","[0.3333333333333333, 0.3333333333333333, 0.3333333333333333]","[0, 0, 1]",True
Uniform-Equal-H,11,6,"[1, 2, 0, 13, 0, 0, 0, 1, 6, 1]","[0.0, 0.0, 0.0]","[0.007577972412109375, 0.09624442299207052, 0.03119730631510417]","[0.3333333333333333, 0.3333333333333333, 0.3333333333333333]","[1, 0, 0]",True
Uniform-Equal-H,11,7,"[1, 1, 0, 13, 0, 0, 0, 1, 7, 1]","[0.0, 0.0, 0.0]","[0.0, 0.0, 0.0]","[0.1, 0.8, 0.1]","[0, 1, 0]",False
Uniform-Equal-H,11,8,"[1, 1, 1, 12, 0, 0, 0, 1, 8, 1]","[0.25, 0.0, 0.0]","[0.39927164713541663, 0.22786458333333331, 0.22786458333333331]","[0.3333333333333333, 0.3333333333333333, 0.3333333333333333]","[1, 0, 0]",True
Uniform-Equal-H,12,0,"[4, 2, -5, 13, 0, 0, 1, 0, 1, 1]","[0.0, 0.0, 0.0]","[7.52540075937907e-05, 0.00011725246065457664, 1.6010289986928312e-06]","[0.3333333333333333, 0.3333333333333333, 0.3333333333333333]","[0, 1, 0]",True
Uniform-Equal-H,12,1,"[4, 2, -5, 13, 0, 0, 1, 0, 2, 1]","[0.0, 0.0, 0.0]","[7.349886178970338e-05, 0.0009574382692972821, 0.00044262996355692554]","[0.3333333333333333, 0.3333333333333333, 0.3333333333333333]","[0, 1, 0]",True
Uniform-Equal-H,12,2,"[3, 2, -6, 13, 0, 0, 1, 0, 3, 1]","[0.0, 0.0, 0.0]","[0.0, 0.0, 0.0]","[0.1, 0.8, 0.1]","[0, 1, 0]",False
Uniform-Equal-H,12,3,"[3, 2, -6, 13, 0, 0, 1, 0, 4, 1]","[0.0, 0.0, 0.0]","[0.0, 0.0, 0.0]","[0.1, 0.8, 0.1]","[1, 0, 0]",False
Uniform-Equal-H,12,4,"[2, 2, -6, 13, 0, 0, 1, 1, 5, 1]","[0.0, 0.0, 0.0]","[0.0, 0.019048126220703128, 0.005094194412231447]","[0.3333333333333333, 0.3333333333333333, 0.3333333333333333]","[1, 1, 0]",True
Uniform-Equal-H,12,5,"[2, 2, -6, 13, 0, 0, 0, 1, 6, 1]","[0.0, 0.0, 0.0]","[0.029602615038553874, 0.12188711166381837, 0.1687170155843099]","[0.3333333333333333, 0.3333333333333333, 0.3333333333333333]","[1, 1, 0]",True
Uniform-Equal-H,12,6,"[1, 1, -5, 13, 0, -1, 0, 1, 7, 1]","[0.0, 0.0, 0.0]","[0.0, 0.0, 0.0]","[0.1, 0.8, 0.1]","[0, 1, 0]",False
Uniform-Equal-H,13,0,"[1, 2, 0, 13, 0, 0, 1, 0, 3, 1]","[0.0, 0.0, 0.0]","[0.0008213894907633465, 0.0007324037981033326, 0.0002172540410359701]","[0.3333333333333333, 0.3333333333333333, 0.3333333333333333]","[0, 0, 2]",True
Uniform-Equal-H,13,1,"[1, 2, 0, 13, 0, 0, 1, 0, 4, 1]","[0.0, 0.0, 0.0]","[0.005762258529663087, 0.002293303998311361, 0.005072741254170737]","[0.3333333333333333, 0.3333333333333333, 0.3333333333333333]","[0, 1, 1]",True
Uniform-Equal-H,13,2,"[1, 2, 0, 13, 0, 0, 1, 1, 5, 1]","[0.0, 0.0, 0.0]","[0.02946718724568685, 0.013442114512125656, 0.033573526064554854]","[0.3333333333333333, 0.3333333333333333, 0.3333333333333333]","[0, 0, 2]",True
Uniform-Equal-H,13,3,"[1, 2, 0, 13, 0, 0, 0, 1, 6, 1]","[0.0, 0.0, 0.0]","[0.007577972412109375, 0.09624442299207052, 0.03119730631510417]","[0.3333333333333333, 0.3333333333333333, 0.3333333333333333]","[1, 1, 0]",True
Uniform-Equal-H,13,4,"[1, 1, 0, 13, 0, 0, 0, 1, 7, 1]","[0.0, 0.0, 0.0]","[0.0, 0.0, 0.0]","[0.1, 0.8, 0.1]","[0, 2, 0]",False
Uniform-Equal-H,13,5,"[1, 1, 1, 12, 0, 0, 0, 1, 8, 1]","[0.25, 0.25, 0.0]","[0.39927164713541663, 0.22786458333333331, 0.22786458333333331]","[0.3333333333333333, 0.3333333333333333, 0.3333333333333333]","[1, 1, 0]",True
Uniform-Equal-H,14,0,"[2, 0, -3, 12, 0, 0, 0, 2, 0, 3]","[0.0, 0.0, 0.0]","[3.7147000630696615e-05, 9.668792724609377e-06, 3.28367919921875e-05]","[0.3333333333333333, 0.3333333333333333, 0.3333333333333333]","[0, 1, 0]",True
Uniform-Equal-H,14,1,"[2, 0, -2, 12, 0, 0, 0, 2, 1, 3]","[0.0, 0.0, 0.0]","[0.0, 0.0, 0.0]","[0.1, 0.8, 0.1]","[0, 1, 0]",False
Uniform-Equal-H,14,2,"[2, 0, -1, 11, 0, 0, 0, 2, 2, 3]","[0.0, 0.0, 0.0]","[0.0, 0.0, 0.0]","[0.1, 0.8, 0.1]","[0, 1, 0]",False
Uniform-Equal-H,14,3,"[2, 0, -1, 10, 0, 0, 0, 2, 3, 3]","[0.0, 0.0, 0.0]","[0.0, 0.0, 0.0]","[0.1, 0.8, 0.1]","[1, 0, 0]",False
Uniform-Equal-H,14,4,"[2, 0, 0, 10, 0, 0, 0, 2, 4, 3]","[0.0, 0.0, 0.0]","[0.0, 0.0, 0.0]","[0.1, 0.8, 0.1]","[0, 0, 1]",False
Uniform-Equal-H,14,5,"[2, 0, 0, 9, 0, 0, 0, 2, 5, 3]","[0.0, 0.0, 0.0]","[0.0, 0.0, 0.0]","[0.1, 0.8, 0.1]","[1, 0, 0]",False
Uniform-Equal-H,14,6,"[2, 0, 0, 9, 0, 0, 0, 2, 6, 3]","[0.0, 0.0, 0.0]","[0.0, 0.0, 0.0]","[0.1, 0.8, 0.1]","[0, 0, 1]",False
Uniform-Equal-H,14,7,"[2, 0, 0, 9, 0, 0, 0, 2, 7, 3]","[0.0, 0.0, 0.0]","[0.0, 0.0, 0.0]","[0.1, 0.8, 0.1]","[0, 0, 1]",False
Uniform-Equal-H,14,8,"[2, 0, 0, 9, 0, 0, 0, 2, 8, 3]","[0.0, 0.0, 0.0]","[0.0, 0.0, 0.0]","[0.1, 0.8, 0.1]","[0, 1, 0]",False
Uniform-Equal-H,14,9,"[2, 0, 0, 9, 0, 0, 0, 2, 9, 3]","[0.0, 0.0, 0.0]","[0.0, 0.0, 0.0]","[0.1, 0.8, 0.1]","[0, 1, 0]",False
Uniform-Equal-H,14,10,"[2, 0, 0, 8, 0, 0, 0, 2, 10, 3]","[0.0, 0.0, 0.0]","[0.0, 0.0, 0.0]","[0.1, 0.8, 0.1]","[1, 0, 0]",False
Uniform-Equal-H,14,11,"[2, 0, -1, 8, 0, 0, 0, 2, 11, 3]","[0.0, 0.0, 0.0]","[0.0, 0.0, 0.0]","[0.1, 0.8, 0.1]","[0, 1, 0]",False
Uniform-Equal-H,14,12,"[2, 0, -1, 8, 0, 0, 0, 2, 12, 3]","[0.0, 0.0, 0.0]","[0.0, 0.0, 0.0]","[0.1, 0.8, 0.1]","[0, 0, 1]",False
Uniform-Equal-H,14,13,"[2, 0, -1, 8, 0, 0, 0, 2, 13, 3]","[0.0, 0.0, 0.0]","[0.0, 0.0, 0.0]","[0.1, 0.8, 0.1]","[0, 1, 0]",False
Uniform-Equal-H,14,14,"[1, 0, -1, 7, 0, 0, 0, 2, 14, 3]","[0.0, 0.0, 0.0]","[0.0, 0.0, 0.0]","[0.1, 0.8, 0.1]","[0, 1, 0]",False
Uniform-Equal-H,14,15,"[1, 0, -1, 7, 0, 0, 0, 3, 15, 3]","[0.0, 0.0, 0.0]","[0.0, 0.0, 0.0]","[0.1, 0.8, 0.1]","[0, 1, 0]",False
Uniform-Equal-H,14,16,"[1, 0, 0, 7, 0, 0, 0, 3, 16, 3]","[0.0, 0.0, 0.0]","[0.0, 0.0, 0.0]","[0.1, 0.8, 0.1]","[0, 1, 0]",False
Uniform-Equal-H,14,17,"[1, 0, 1, 7, 0, 0, 0, 3, 17, 3]","[0.0, 0.0, 0.0]","[0.0, 0.0, 0.0]","[0.1, 0.8, 0.1]","[0, 1, 0]",False
Uniform-Equal-H,14,18,"[1, 0, 1, 7, 0, 0, 0, 3, 18, 3]","[0.0, 0.0, 0.0]","[0.0, 0.0, 0.0]","[0.1, 0.8, 0.1]","[1, 0, 0]",False
Uniform-Equal-H,14,19,"[2, 0, 1, 7, 0, 0, 0, 3, 19, 3]","[0.0, 0.0, 0.0]","[0.0, 0.0, 0.0]","[0.1, 0.8, 0.1]","[1, 0, 0]",False
Uniform-Equal-H,14,20,"[2, 0, 1, 7, 0, 0, 0, 3, 20, 3]","[0.0, 0.0, 0.0]","[0.0, 0.0, 0.0]","[0.1, 0.8, 0.1]","[0, 0, 1]",False
Uniform-Equal-H,14,21,"[2, 0, 1, 8, 0, 0, 0, 3, 21, 3]","[0.0, 0.0, 0.0]","[0.0, 0.0, 0.0]","[0.1, 0.8, 0.1]","[0, 1, 0]",False
Uniform-Equal-H,14,22,"[2, 0, 1, 8, 0, 0, 0, 3, 22, 3]","[0.0, 0.0, 0.0]","[0.0, 0.0, 0.0]","[0.1, 0.8, 0.1]","[0, 1, 0]",False
Uniform-Equal-H,14,23,"[2, 0, 1, 8, 0, 0, 0, 3, 23, 3]","[0.0, 0.0, 0.0]","[0.0, 0.0, 0.0]","[0.1, 0.8, 0.1]","[0, 1, 0]",False
Uniform-Equal-H,14,24,"[2, 0, 1, 8, 0, 0, 0, 3, 24, 3]","[0.0, 0.0, 0.0]","[0.0, 0.0, 0.0]","[0.1, 0.8, 0.1]","[0, 0, 1]",False
Uniform-Equal-H,14,25,"[2, 0, 1, 9, 0, 0, 0, 3, 25, 3]","[0.0, 0.0, 0.0]","[0.0, 0.0, 0.0]","[0.1, 0.8, 0.1]","[0, 1, 0]",False
Uniform-Equal-H,14,26,"[2, 0, 1, 9, 0, 0, 0, 3, 26, 3]","[0.0, 0.0, 0.0]","[0.0, 0.0, 0.0]","[0.1, 0.8, 0.1]","[0, 1, 0]",False
Uniform-Equal-H,14,27,"[2, 0, 0, 9, 0, 0, 0, 3, 27, 3]","[0.0, 0.0, 0.0]","[0.0, 0.0, 0.0]","[0.1, 0.8, 0.1]","[0, 1, 0]",False
Uniform-Equal-H,14,28,"[2, 0, 0, 9, 0, 0, 0, 3, 28, 3]","[0.0, 0.0, 0.0]","[0.0, 0.0, 0.0]","[0.1, 0.8, 0.1]","[0, 1, 0]",False
Uniform-Equal-H,14,29,"[2, 0, 0, 9, 0, 0, 0, 3, 29, 3]","[0.0, 0.0, 0.0]","[0.0, 0.0, 0.0]","[0.1, 0.8, 0.1]","[0, 1, 0]",False
Uniform-Equal-H,14,30,"[2, 0, 0, 9, 0, 0, 0, 3, 30, 3]","[0.0, 0.0, 0.0]","[0.0, 0.0, 0.0]","[0.1, 0.8, 0.1]","[0, 1, 0]",False
Uniform-Equal-H,14,31,"[2, 0, 0, 9, 0, 0, 0, 3, 31, 3]","[0.0, 0.0, 0.0]","[0.0, 0.0, 0.0]","[0.1, 0.8, 0.1]","[0, 1, 0]",False
Uniform-Equal-H,14,32,"[2, 0, 0, 10, 0, 0, 0, 3, 32, 3]","[0.0, 0.0, 0.0]","[0.0, 0.0, 0.0]","[0.1, 0.8, 0.1]","[0, 1, 0]",False
Uniform-Equal-H,14,33,"[2, 0, 0, 10, 0, 0, 0, 3, 33, 3]","[0.0, 0.0, 0.0]","[0.0, 0.0, 0.0]","[0.1, 0.8, 0.1]","[0, 0, 1]",False
Uniform-Equal-H,14,34,"[2, 0, 0, 10, 0, 0, 0, 3, 34, 3]","[0.0, 0.0, 0.0]","[0.0, 0.0, 0.0]","[0.1, 0.8, 0.1]","[0, 1, 0]",False
Uniform-Equal-H,15,0,"[2, 2, -3, 13, 0, 0, 1, 0, 3, 1]","[0.0, 0.0, 0.0]","[0.0010936408042907717, 0.0026283424377441405, 0.0033776327451070154]","[0.3333333333333333, 0.3333333333333333, 0.3333333333333333]","[1, 2, 0]",True
Uniform-Equal-H,15,1,"[1, 2, -3, 13, 0, 0, 1, 0, 4, 1]","[0.0, 0.0, 0.0]","[0.0006052296956380209, 0.011077403783798219, 0.019602832794189454]","[0.3333333333333333, 0.3333333333333333, 0.3333333333333333]","[1, 1, 0]",True
Uniform-Equal-H,15,2,"[1, 2, -4, 13, 0, 0, 1, 1, 5, 1]","[0.0, 0.0, 0.0]","[0.0, 0.0, 0.0]","[0.1, 0.8, 0.1]","[1, 2, 0]",False
Uniform-Equal-H,15,3,"[1, 2, -4, 13, 0, 0, 0, 1, 6, 1]","[0.0, 0.0, 0.0]","[0.0, 0.0, 0.0]","[0.1, 0.8, 0.1]","[0, 2, 1]",False
Uniform-Equal-H,15,4,"[0, 1, -3, 13, 0, 0, 0, 1, 7, 1]","[0.0, 0.0, 0.0]","[0.0, 0.0, 0.0]","[0.1, 0.8, 0.1]","[0, 2, 1]",False
Uniform-Equal-H,16,0,"[3, 2, -5, 13, 0, 0, 1, 0, 4, 1]","[0.0, 0.0, 0.0]","[0.018767807165781657, 0.02153220907847087, 0.021809609985351565]","[0.3333333333333333, 0.3333333333333333, 0.3333333333333333]","[1, 0, 0]",True
Uniform-Equal-H,16,1,"[2, 2, -6, 13, 0, 0, 1, 1, 5, 1]","[0.0, 0.0, 0.0]","[0.0, 0.019048126220703128, 0.005094194412231447]","[0.3333333333333333, 0.3333333333333333, 0.3333333333333333]","[1, 1, 1]",True
Uniform-Equal-H,16,2,"[2, 2, -6, 13, 0, 0, 0, 1, 6, 1]","[0.0, 0.0, 0.0]","[0.029602615038553874, 0.12188711166381837, 0.1687170155843099]","[0.3333333333333333, 0.3333333333333333, 0.3333333333333333]","[1, 2, 0]",True
Uniform-Equal-H,16,3,"[1, 1, -5, 13, 0, 0, 0, 1, 7, 1]","[0.0, 0.0, 0.0]","[0.0, 0.0, 0.0]","[0.1, 0.8, 0.1]","[0, 2, 0]",False
Uniform-Equal-H,17,0,"[1, 2, 0, 12, 0, 0, 1, 0, 0, 0]","[0.0, 0.0, 0.0]","[4.71708495616913e-05, 2.2291753768920904e-05, 6.477531592051192e-07]","[0.3333333333333333, 0.3333333333333333, 0.3333333333333333]","[1, 0, 0]",True
Uniform-Equal-H,17,1,"[1, 2, 0, 13, 0, 0, 1, 0, 1, 0]","[0.0, 0.0, 0.0]","[2.9891408284505213e-05, 0.00032969584147135426, 0.0003979310218493144]","[0.3333333333333333, 0.3333333333333333, 0.3333333333333333]","[1, 0, 0]",True
Uniform-Equal-H,17,2,"[1, 2, 0, 13, 0, 0, 1, 0, 2, 0]","[0.0, 0.0, 0.0]","[0.00030355211695035306, 0.0020660733540852866, 0.004907567628224693]","[0.3333333333333333, 0.3333333333333333, 0.3333333333333333]","[0, 1, 0]",True
Uniform-Equal-H,17,3,"[1, 2, 0, 13, 0, 0, 1, 0, 3, 0]","[0.0, 0.0, 0.0]","[0.003779072999954224, 0.012216987291971845, 0.008316822052001953]","[0.3333333333333333, 0.3333333333333333, 0.3333333333333333]","[0, 0, 1]",True
Uniform-Equal-H,17,4,"[1, 2, 0, 13, 0, 0, 1, 0, 4, 0]","[0.0, 0.0, 0.0]","[0.06862830797831218, 0.050074301560719806, 0.04839051668842634]","[0.3333333333333333, 0.3333333333333333, 0.3333333333333333]","[0, 0, 1]",True
Uniform-Equal-H,17,5,"[1, 2, 0, 13, 0, 0, 1, 1, 5, 0]","[0.0, 0.0, 0.0]","[0.25623669028282164, 0.13958033720652263, 0.19377386569976807]","[0.3333333333333333, 0.3333333333333333, 0.3333333333333333]","[1, 0, 0]",True
Uniform-Equal-H,17,6,"[1, 1, 0, 13, 0, -1, 0, 1, 6, 0]","[0.25, 0.0, 0.0]","[0.2999623616536458, 0.45572916666666663, 0.5506391326586405]","[0.3333333333333333, 0.3333333333333333, 0.3333333333333333]","[1, 0, 0]",True
Uniform-Equal-H,18,0,"[1, 2, 0, 13, 0, 0, 1, 0, 1, 1]","[0.0, 0.0, 0.0]","[5.5746632655461645e-06, 8.55568656921387e-06, 1.577885169982911e-05]","[0.3333333333333333, 0.3333333333333333, 0.3333333333333333]","[0, 1, 1]",True
Uniform-Equal-H,18,1,"[1, 2, 0, 13, 0, 0, 1, 0, 2, 1]","[0.0, 0.0, 0.0]","[2.447028573354086e-05, 8.619697825113934e-05, 9.410152149200442e-05]","[0.3333333333333333, 0.3333333333333333, 0.3333333333333333]","[1, 1, 0]",True
Uniform-Equal-H,18,2,"[1, 2, 0, 13, 0, 0, 1, 0, 3, 1]","[0.0, 0.0, 0.0]","[0.0008213894907633465, 0.0007324037981033326, 0.0002172540410359701]","[0.3333333333333333, 0.3333333333333333, 0.3333333333333333]","[0, 1, 2]",True
Uniform-Equal-H,18,3,"[1, 2, 0, 13, 0, 0, 1, 0, 4, 1]","[0.0, 0.0, 0.0]","[0.005762258529663087, 0.002293303998311361, 0.005072741254170737]","[0.3333333333333333, 0.3333333333333333, 0.3333333333333333]","[0, 1, 2]",True
Uniform-Equal-H,18,4,"[1, 2, 0, 13, 0, 0, 1, 1, 5, 1]","[0.0, 0.0, 0.0]","[0.02946718724568685, 0.013442114512125656, 0.033573526064554854]","[0.3333333333333333, 0.3333333333333333, 0.3333333333333333]","[1, 0, 2]",True
Uniform-Equal-H,18,5,"[1, 2, 0, 13, 0, 0, 0, 1, 6, 1]","[0.0, 0.0, 0.0]","[0.007577972412109375, 0.09624442299207052, 0.03119730631510417]","[0.3333333333333333, 0.3333333333333333, 0.3333333333333333]","[1, 2, 0]",True
Uniform-Equal-H,18,6,"[1, 1, 0, 13, 0, 0, 0, 1, 7, 1]","[0.0, 0.0, 0.0]","[0.0, 0.0, 0.0]","[0.1, 0.8, 0.1]","[0, 3, 0]",False
Uniform-Equal-H,18,7,"[1, 1, 1, 12, 0, 0, 0, 1, 8, 1]","[0.25, 0.25, 0.25]","[0.39927164713541663, 0.22786458333333331, 0.22786458333333331]","[0.3333333333333333, 0.3333333333333333, 0.3333333333333333]","[1, 1, 1]",True
Uniform-Equal-H,19,0,"[1, 2, 0, 12, 0, 0, 1, 0, 0, 1]","[0.0, 0.0, 0.0]","[1.9649745440483103e-06, 1.9885635693868012e-07, 1.1874888102213549e-07]","[0.3333333333333333, 0.3333333333333333, 0.3333333333333333]","[1, 1, 0]",True
Uniform-Equal-H,19,1,"[1, 2, 0, 13, 0, 0, 1, 0, 1, 1]","[0.0, 0.0, 0.0]","[5.5746632655461645e-06, 8.55568656921387e-06, 1.577885169982911e-05]","[0.3333333333333333, 0.3333333333333333, 0.3333333333333333]","[0, 2, 1]",True
Uniform-Equal-H,19,2,"[1, 2, 0, 13, 0, 0, 1, 0, 2, 1]","[0.0, 0.0, 0.0]","[2.447028573354086e-05, 8.619697825113934e-05, 9.410152149200442e-05]","[0.3333333333333333, 0.3333333333333333, 0.3333333333333333]","[2, 1, 0]",True
Uniform-Equal-H,19,3,"[1, 2, 0, 13, 0, 0, 1, 0, 3, 1]","[0.0, 0.0, 0.0]","[0.0008213894907633465, 0.0007324037981033326, 0.0002172540410359701]","[0.3333333333333333, 0.3333333333333333, 0.3333333333333333]","[0, 1, 3]",True
Uniform-Equal-H,19,4,"[1, 2, 0, 13, 0, 0, 1, 0, 4, 1]","[0.0, 0.0, 0.0]","[0.005762258529663087, 0.002293303998311361, 0.005072741254170737]","[0.3333333333333333, 0.3333333333333333, 0.3333333333333333]","[0, 1, 3]",True
Uniform-Equal-H,19,5,"[1, 2, 0, 13, 0, 0, 1, 1, 5, 1]","[0.0, 0.0, 0.0]","[0.02946718724568685, 0.013442114512125656, 0.033573526064554854]","[0.3333333333333333, 0.3333333333333333, 0.3333333333333333]","[1, 0, 3]",True
Uniform-Equal-H,19,6,"[1, 2, 0, 13, 0, 0, 0, 1, 6, 1]","[0.0, 0.0, 0.0]","[0.007577972412109375, 0.09624442299207052, 0.03119730631510417]","[0.3333333333333333, 0.3333333333333333, 0.3333333333333333]","[2, 2, 0]",True
Uniform-Equal-H,19,7,"[1, 1, 0, 13, 0, 0, 0, 1, 7, 1]","[0.0, 0.0, 0.0]","[0.0, 0.0, 0.0]","[0.1, 0.8, 0.1]","[0, 4, 0]",False
Uniform-Equal-H,19,8,"[1, 1, 1, 12, 0, 0, 0, 1, 8, 1]","[0.4375, 0.25, 0.25]","[0.39927164713541663, 0.22786458333333331, 0.22786458333333331]","[0.3333333333333333, 0.3333333333333333, 0.3333333333333333]","[2, 1, 1]",True
Uniform-Equal-H,20,0,"[3, 2, -3, 13, 0, 0, 1, 0, 2, 0]","[0.0, 0.0, 0.0]","[0.00013038912439346316, 5.856641133626304e-06, 8.183432133992513e-05]","[0.3333333333333333, 0.3333333333333333, 0.3333333333333333]","[1, 0, 0]",True
Uniform-Equal-H,20,1,"[3, 2, -3, 13, 0, 0, 1, 0, 3, 0]","[0.0, 0.0, 0.0]","[6.885284423828126e-05, 0.0007934755500157676, 0.0010824022181828818]","[0.3333333333333333, 0.3333333333333333, 0.3333333333333333]","[0, 1, 0]",True
Uniform-Equal-H,20,2,"[3, 2, -4, 13, 0, 0, 1, 0, 4, 0]","[0.0, 0.0, 0.0]","[0.0, 0.0, 0.0]","[0.1, 0.8, 0.1]","[1, 0, 0]",False
Uniform-Equal-H,20,3,"[2, 2, -4, 13, 0, 0, 1, 1, 5, 0]","[0.0, 0.0, 0.0]","[0.0, 0.0, 0.0]","[0.1, 0.8, 0.1]","[0, 1, 0]",False
Uniform-Equal-H,20,4,"[2, 1, -3, 13, 0, -1, 0, 1, 6, 0]","[0.0, 0.0, 0.0]","[0.0, 0.0, 0.0]","[0.1, 0.8, 0.1]","[0, 1, 0]",False
Uniform-Equal-H,20,5,"[1, 0, -3, 12, 0, -1, 0, 1, 7, 0]","[0.0, 0.0, 0.0]","[0.0, 0.0, 0.0]","[0.1, 0.8, 0.1]","[0, 0, 1]",False
Uniform-Equal-H,21,0,"[2, 2, -6, 13, 0, 0, 0, 1, 6, 1]","[0.0, 0.0, 0.0]","[0.029602615038553874, 0.12188711166381837, 0.1687170155843099]","[0.3333333333333333, 0.3333333333333333, 0.3333333333333333]","[2, 2, 0]",True
Uniform-Equal-H,21,1,"[1, 1, -5, 13, 0, 0, 0, 1, 7, 1]","[0.0, 0.0, 0.0]","[0.0, 0.0, 0.0]","[0.1, 0.8, 0.1]","[0, 2, 1]",False
Uniform-Equal-H,22,0,"[2, 2, -5, 13, 0, 0, 1, 0, 3, 1]","[0.0, 0.0, 0.0]","[0.01910569445292155, 0.007683401743570965, 0.008781665484110517]","[0.3333333333333333, 0.3333333333333333, 0.3333333333333333]","[1, 0, 1]",True
Uniform-Equal-H,22,1,"[2, 2, -5, 13, 0, 0, 1, 0, 4, 1]","[0.0, 0.0, 0.0]","[0.09937747955322265, 0.03638707478841146, 0.09608978271484375]","[0.3333333333333333, 0.3333333333333333, 0.3333333333333333]","[1, 0, 0]",True
Uniform-Equal-H,22,2,"[1, 2, -6, 13, 0, 0, 1, 1, 5, 1]","[0.0, 0.0, 0.0]","[0.0, 0.0, 0.0]","[0.1, 0.8, 0.1]","[0, 2, 0]",False
Uniform-Equal-H,22,3,"[1, 2, -6, 13, 0, 0, 0, 1, 6, 1]","[0.0, 0.0, 0.25]","[0.45572916666666663, 0.0, 0.22786458333333331]","[0.3333333333333333, 0.3333333333333333, 0.3333333333333333]","[0, 0, 1]",True
Uniform-Equal-H,23,0,"[1, 2, 0, 12, 0, 0, 1, 0, 0, 0]","[0.0, 0.0, 0.0]","[4.71708495616913e-05, 2.2291753768920904e-05, 6.477531592051192e-07]","[0.3333333333333333, 0.3333333333333333, 0.3333333333333333]","[1, 0, 1]",True
Uniform-Equal-H,23,1,"[1, 2, 1, 13, 0, 0, 1, 0, 1, 0]","[0.0, 0.0, 0.0]","[0.00027852157592773443, 0.0, 3.387687951326371e-06]","[0.3333333333333333, 0.3333333333333333, 0.3333333333333333]","[0, 1, 0]",True
Uniform-Equal-H,23,2,"[1, 2, 0, 13, 0, 0, 1, 0, 2, 0]","[0.0, 0.0, 0.0]","[0.00030355211695035306, 0.0020660733540852866, 0.004907567628224693]","[0.3333333333333333, 0.3333333333333333, 0.3333333333333333]","[0, 1, 1]",True
Uniform-Equal-H,23,3,"[1, 2, 0, 13, 0, 0, 1, 0, 3, 0]","[0.0, 0.0, 0.0]","[0.003779072999954224, 0.012216987291971845, 0.008316822052001953]","[0.3333333333333333, 0.3333333333333333, 0.3333333333333333]","[0, 1, 1]",True
Uniform-Equal-H,23,4,"[1, 2, 0, 13, 0, 0, 1, 0, 4, 0]","[0.0, 0.0, 0.0]","[0.06862830797831218, 0.050074301560719806, 0.04839051668842634]","[0.3333333333333333, 0.3333333333333333, 0.3333333333333333]","[1, 0, 1]",True
Uniform-Equal-H,23,5,"[1, 2, 0, 13, 0, 0, 1, 1, 5, 0]","[0.0, 0.0, 0.00625]","[0.25623669028282164, 0.13958033720652263, 0.19377386569976807]","[0.3333333333333333, 0.3333333333333333, 0.3333333333333333]","[1, 0, 1]",True
Uniform-Equal-H,23,6,"[1, 1, 0, 13, 0, -1, 0, 1, 6, 0]","[0.4375, 0.0, 0.0]","[0.2999623616536458, 0.45572916666666663, 0.5506391326586405]","[0.3333333333333333, 0.3333333333333333, 0.3333333333333333]","[2, 0, 0]",True
Uniform-Equal-H,24,0,"[1, 0, -3, 12, 0, 0, 0, 3, 0, 4]","[0.0, 0.0, 0.25]","[0.8998870849609375, 0.68359375, 0.68359375]","[0.3333333333333333, 0.3333333333333333, 0.3333333333333333]","[0, 0, 1]",True
Uniform-Equal-H,25,0,"[4, 2, -6, 13, 0, 0, 1, 1, 5, 1]","[0.0, 0.0, 0.0]","[0.0, 4.187227884928387e-07, 1.8528645833333342e-06]","[0.3333333333333333, 0.3333333333333333, 0.3333333333333333]","[1, 0, 0]",True
Uniform-Equal-H,25,1,"[4, 2, -6, 13, 0, 0, 0, 1, 6, 1]","[0.0, 0.0, 0.0]","[0.0, 0.0, 0.0]","[0.1, 0.8, 0.1]","[0, 2, 0]",False
Uniform-Equal-H,25,2,"[3, 1, -5, 13, 0, -1, 0, 1, 7, 1]","[0.0, 0.0, 0.0]","[0.0, 0.0, 0.0]","[0.1, 0.8, 0.1]","[0, 1, 0]",False
Uniform-Equal-H,25,3,"[2, 1, -5, 12, 0, 0, 0, 1, 8, 1]","[0.0, 0.0, 0.0]","[0.0, 0.0, 0.0]","[0.1, 0.8, 0.1]","[0, 1, 0]",False
Uniform-Equal-H,25,4,"[2, 1, -4, 11, 0, 0, 0, 1, 9, 1]","[0.0, 0.0, 0.0]","[0.0, 0.0, 0.0]","[0.1, 0.8, 0.1]","[0, 1, 0]",False
Uniform-Equal-H,25,5,"[2, 0, -3, 10, 0, 0, 0, 1, 10, 1]","[0.0, 0.0, 0.0]","[0.0, 0.0, 0.0]","[0.1, 0.8, 0.1]","[0, 1, 0]",False
Uniform-Equal-H,25,6,"[1, 0, -2, 9, 0, 0, 0, 1, 11, 1]","[0.0, 0.0, 0.0]","[0.0, 0.0, 0.0]","[0.1, 0.8, 0.1]","[0, 0, 1]",False
Uniform-Equal-H,26,0,"[5, 2, -5, 13, 0, 0, 1, 0, 1, 0]","[0.0, 0.0, 0.0]","[2.1720465024312347e-06, 0.0, 1.5467122395833336e-05]","[0.3333333333333333, 0.3333333333333333, 0.3333333333333333]","[0, 1, 0]",True
Uniform-Equal-H,26,1,"[4, 2, -5, 13, 0, 0, 1, 0, 2, 0]","[0.0, 0.0, 0.0]","[0.0004979564348856608, 0.00021724853515625003, 0.00037885928948720303]","[0.3333333333333333, 0.3333333333333333, 0.3333333333333333]","[1, 0, 0]",True
Uniform-Equal-H,26,2,"[3, 2, -6, 13, 0, 0, 1, 0, 3, 0]","[0.0, 0.0, 0.0]","[0.0015459798177083336, 0.001288055419921875, 0.0]","[0.3333333333333333, 0.3333333333333333, 0.3333333333333333]","[0, 1, 0]",True
Uniform-Equal-H,26,3,"[3, 2, -6, 13, 0, 0, 1, 0, 4, 0]","[0.0, 0.0, 0.0]","[0.00016927083333333334, 0.007313690185546876, 0.046065673828124994]","[0.3333333333333333, 0.3333333333333333, 0.3333333333333333]","[1, 0, 0]",True
Uniform-Equal-H,26,4,"[2, 2, -6, 13, 0, 0, 1, 1, 5, 0]","[0.0, 0.0, 0.0]","[0.0, 0.0, 0.0]","[0.1, 0.8, 0.1]","[0, 1, 0]",False
Uniform-Equal-H,26,5,"[2, 1, -6, 13, 0, -1, 0, 1, 6, 0]","[0.0, 0.0, 0.0]","[0.0, 0.0, 0.0]","[0.1, 0.8, 0.1]","[1, 0, 0]",False
Uniform-Equal-H,27,0,"[4, 2, -3, 12, 0, 0, 1, 0, 0, 1]","[0.0, 0.0, 0.0]","[3.795300004879635e-08, 1.0421479543050134e-08, 2.6910780270894376e-08]","[0.3333333333333333, 0.3333333333333333, 0.3333333333333333]","[0, 0, 1]",True
Uniform-Equal-H,27,1,"[4, 2, -3, 13, 0, 0, 1, 0, 1, 1]","[0.0, 0.0, 0.0]","[5.446420343716942e-07, 2.6980177799860646e-07, 1.0631121317545578e-06]","[0.3333333333333333, 0.3333333333333333, 0.3333333333333333]","[0, 0, 1]",True
Uniform-Equal-H,27,2,"[3, 2, -3, 13, 0, 0, 1, 0, 2, 1]","[0.0, 0.0, 0.0]","[1.6360167789459233e-05, 6.129693349202476e-06, 1.1910990635553998e-05]","[0.3333333333333333, 0.3333333333333333, 0.3333333333333333]","[1, 0, 0]",True
Uniform-Equal-H,27,3,"[3, 2, -3, 13, 0, 0, 1, 0, 3, 1]","[0.0, 0.0, 0.0]","[4.493054612477622e-05, 0.00014910504810015365, 4.1204959869384775e-05]","[0.3333333333333333, 0.3333333333333333, 0.3333333333333333]","[0, 1, 0]",True
Uniform-Equal-H,27,4,"[3, 2, -3, 13, 0, 0, 1, 0, 4, 1]","[0.0, 0.0, 0.0]","[0.00025415751139322917, 0.0001698870849609375, 0.004389174735546113]","[0.3333333333333333, 0.3333333333333333, 0.3333333333333333]","[0, 0, 1]",True
Uniform-Equal-H,27,5,"[2, 2, -3, 13, 0, 0, 1, 1, 5, 1]","[0.0, 0.0, 0.0]","[0.00954399108886719, 0.009861832682291667, 0.016135174306233725]","[0.3333333333333333, 0.3333333333333333, 0.3333333333333333]","[1, 0, 0]",True
Uniform-Equal-H,27,6,"[2, 2, -4, 13, 0, 0, 0, 1, 6, 1]","[0.0, 0.0, 0.0]","[0.0, 0.0, 0.0]","[0.1, 0.8, 0.1]","[0, 1, 0]",False
Uniform-Equal-H,27,7,"[2, 1, -3, 13, 0, 0, 0, 1, 7, 1]","[0.0, 0.0, 0.0]","[0.0, 0.0, 0.0]","[0.1, 0.8, 0.1]","[1, 0, 0]",False
Uniform-Equal-H,27,8,"[1, 1, -3, 12, 0, 0, 0, 1, 8, 1]","[0.0, 0.0, 0.0]","[0.0, 0.0, 0.0]","[0.1, 0.8, 0.1]","[0, 1, 0]",False
Uniform-Equal-H,28,0,"[1, 2, 0, 13, 0, 0, 0, 1, 6, 1]","[0.0, 0.0, 0.0]","[0.007577972412109375, 0.09624442299207052, 0.03119730631510417]","[0.3333333333333333, 0.3333333333333333, 0.3333333333333333]","[2, 2, 1]",True
Uniform-Equal-H,28,1,"[1, 1, 1, 13, 0, 0, 0, 1, 7, 1]","[0.0, 0.0, 0.0]","[0.0, 0.0, 0.0]","[0.1, 0.8, 0.1]","[0, 0, 1]",False
Uniform-Equal-H,28,2,"[1, 1, 1, 12, 0, 0, 0, 1, 8, 1]","[0.4375, 0.25, 0.4375]","[0.39927164713541663, 0.22786458333333331, 0.22786458333333331]","[0.3333333333333333, 0.3333333333333333, 0.3333333333333333]","[2, 1, 2]",True
Uniform-Equal-H,29,0,"[2, 2, -5, 13, 0, 0, 1, 0, 3, 1]","[0.0, 0.0, 0.0]","[0.01910569445292155, 0.007683401743570965, 0.008781665484110517]","[0.3333333333333333, 0.3333333333333333, 0.3333333333333333]","[2, 0, 1]",True
Uniform-Equal-H,29,1,"[2, 2, -6, 13, 0, 0, 1, 0, 4, 1]","[0.0, 0.0, 0.0]","[0.0, 0.0, 0.0]","[0.1, 0.8, 0.1]","[0, 1, 1]",False
Uniform-Equal-H,29,2,"[1, 2, -6, 13, 0, 0, 1, 1, 5, 1]","[0.0, 0.0, 0.0]","[0.0, 0.0, 0.0]","[0.1, 0.8, 0.1]","[0, 2, 1]",False
Uniform-Equal-H,29,3,"[0, 2, -6, 13, 0, 0, 0, 1, 6, 1]","[0.0, 0.0, 0.0]","[0.0, 0.0, 0.0]","[0.1, 0.8, 0.1]","[1, 1, 0]",False
Uniform-Equal-H,30,0,"[2, 2, -6, 13, 0, 0, 1, 0, 3, 1]","[0.0, 0.0, 0.0]","[0.0, 0.0, 0.0]","[0.1, 0.8, 0.1]","[0, 1, 0]",False
Uniform-Equal-H,30,1,"[2, 2, -6, 13, 0, 0, 1, 0, 4, 1]","[0.0, 0.0, 0.0]","[0.0, 0.0, 0.0]","[0.1, 0.8, 0.1]","[0, 2, 1]",False
Uniform-Equal-H,30,2,"[1, 2, -6, 13, 0, 0, 1, 1, 5, 1]","[0.0, 0.0, 0.0]","[0.0, 0.0, 0.0]","[0.1, 0.8, 0.1]","[0, 3, 1]",False
Uniform-Equal-H,30,3,"[0, 2, -6, 13, 0, 0, 0, 1, 6, 1]","[0.0, 0.0, 0.0]","[0.0, 0.0, 0.0]","[0.1, 0.8, 0.1]","[2, 1, 0]",False
Uniform-Equal-H,31,0,"[1, 2, -1, 13, 0, 0, 1, 1, 5, 1]","[0.0, 0.0, 0.0]","[0.04754357393582663, 0.04559794123967489, 0.0011793619791666667]","[0.3333333333333333, 0.3333333333333333, 0.3333333333333333]","[1, 0, 0]",True
Uniform-Equal-H,31,1,"[1, 2, -2, 13, 0, 0, 0, 1, 6, 1]","[0.0, 0.0, 0.0]","[0.008723958333333334, 0.021381937662760413, 0.21532585620880126]","[0.3333333333333333, 0.3333333333333333, 0.3333333333333333]","[0, 2, 0]",True
Uniform-Equal-H,31,2,"[1, 1, -1, 13, 0, 0, 0, 1, 7, 1]","[0.0, 0.0, 0.0]","[0.0, 0.0, 0.0]","[0.1, 0.8, 0.1]","[0, 2, 0]",False
Uniform-Equal-H,32,0,"[5, 2, -6, 13, 0, 0, 1, 0, 4, 1]","[0.0, 0.0, 0.0]","[0.0, 0.0, 0.0]","[0.1, 0.8, 0.1]","[0, 1, 0]",False
Uniform-Equal-H,32,1,"[4, 2, -6, 13, 0, 0, 1, 1, 5, 1]","[0.0, 0.0, 0.0]","[0.0, 4.187227884928387e-07, 1.8528645833333342e-06]","[0.3333333333333333, 0.3333333333333333, 0.3333333333333333]","[1, 1, 0]",True
Uniform-Equal-H,32,2,"[4, 2, -6, 13, 0, 0, 0, 1, 6, 1]","[0.0, 0.0, 0.0]","[0.0, 0.0, 0.0]","[0.1, 0.8, 0.1]","[1, 2, 0]",False
Uniform-Equal-H,32,3,"[3, 1, -5, 13, 0, 0, 0, 1, 7, 1]","[0.0, 0.0, 0.0]","[0.0, 0.0, 0.0]","[0.1, 0.8, 0.1]","[0, 2, 0]",False
Uniform-Equal-H,32,4,"[3, 1, -4, 12, 0, 0, 0, 1, 8, 1]","[0.0, 0.0, 0.0]","[0.0, 0.0, 0.0]","[0.1, 0.8, 0.1]","[0, 2, 0]",False
Uniform-Equal-H,32,5,"[2, 1, -4, 11, 0, 0, 0, 1, 9, 1]","[0.0, 0.0, 0.0]","[0.0, 0.0, 0.0]","[0.1, 0.8, 0.1]","[0, 2, 0]",False
Uniform-Equal-H,32,6,"[2, 1, -3, 10, 0, 0, 0, 1, 10, 1]","[0.0, 0.0, 0.0]","[0.0, 0.0, 0.0]","[0.1, 0.8, 0.1]","[0, 2, 0]",False
Uniform-Equal-H,32,7,"[2, 0, -2, 9, 0, 0, 0, 1, 11, 1]","[0.0, 0.0, 0.0]","[0.0, 0.0, 0.0]","[0.1, 0.8, 0.1]","[0, 2, 0]",False
Uniform-Equal-H,32,8,"[1, 0, -1, 9, 0, 0, 0, 1, 12, 1]","[0.0, 0.0, 0.0]","[0.0, 0.0, 0.0]","[0.1, 0.8, 0.1]","[0, 0, 1]",False
Uniform-Equal-H,32,9,"[1, 0, -1, 8, 0, 0, 0, 2, 13, 1]","[0.0, 0.0, 0.0]","[0.0, 0.0, 0.0]","[0.1, 0.8, 0.1]","[0, 2, 0]",False
Uniform-Equal-H,32,10,"[1, 0, -1, 8, 0, 0, 0, 2, 14, 1]","[0.0, 0.0, 0.0]","[0.0, 0.0, 0.0]","[0.1, 0.8, 0.1]","[1, 1, 0]",False
Uniform-Equal-H,33,0,"[3, 2, -3, 13, 0, 0, 1, 0, 2, 0]","[0.0, 0.0, 0.0]","[0.00013038912439346316, 5.856641133626304e-06, 8.183432133992513e-05]","[0.3333333333333333, 0.3333333333333333, 0.3333333333333333]","[1, 0, 1]",True
Uniform-Equal-H,33,1,"[3, 2, -3, 13, 0, 0, 1, 0, 3, 0]","[0.0, 0.0, 0.0]","[6.885284423828126e-05, 0.0007934755500157676, 0.0010824022181828818]","[0.3333333333333333, 0.3333333333333333, 0.3333333333333333]","[0, 2, 0]",True
Uniform-Equal-H,33,2,"[3, 2, -3, 13, 0, 0, 1, 0, 4, 0]","[0.0, 0.0, 0.0]","[0.0013133891423543296, 0.004426761833826701, 0.002923184394836426]","[0.3333333333333333, 0.3333333333333333, 0.3333333333333333]","[0, 0, 1]",True
Uniform-Equal-H,33,3,"[2, 2, -3, 13, 0, 0, 1, 1, 5, 0]","[0.0, 0.0, 0.0]","[0.0038049316406249998, 0.011803030312061308, 0.008600046793619791]","[0.3333333333333333, 0.3333333333333333, 0.3333333333333333]","[0, 0, 1]",True
Uniform-Equal-H,33,4,"[2, 1, -3, 13, 0, -1, 0, 1, 6, 0]","[0.0, 0.0, 0.0]","[0.0, 0.0, 0.0]","[0.1, 0.8, 0.1]","[1, 1, 0]",False
Uniform-Equal-H,33,5,"[2, 0, -2, 12, 0, -1, 0, 1, 7, 0]","[0.0, 0.0, 0.0]","[0.0, 0.0, 0.0]","[0.1, 0.8, 0.1]","[0, 1, 0]",False
Uniform-Equal-H,33,6,"[1, 0, -2, 11, 0, 0, 0, 3, 8, 0]","[0.0, 0.0, 0.0]","[0.0, 0.0, 0.0]","[0.1, 0.8, 0.1]","[0, 1, 0]",False
Uniform-Equal-H,33,7,"[1, 0, -1, 10, 0, 0, 0, 3, 9, 0]","[0.0, 0.0, 0.0]","[0.0, 0.0, 0.0]","[0.1, 0.8, 0.1]","[1, 0, 0]",False
Uniform-Equal-H,34,0,"[1, 1, 1, 12, 0, 0, 0, 1, 8, 1]","[0.4375, 0.25, 0.578125]","[0.39927164713541663, 0.22786458333333331, 0.22786458333333331]","[0.3333333333333333, 0.3333333333333333, 0.3333333333333333]","[2, 1, 3]",True
Uniform-Equal-H,35,0,"[2, 2, -1, 12, 0, 0, 1, 0, 0, 0]","[0.0, 0.0, 0.0]","[5.2774144435922315e-05, 1.4617629528045655e-05, 2.1431924263636274e-05]","[0.3333333333333333, 0.3333333333333333, 0.3333333333333333]","[2, 0, 0]",True
Uniform-Equal-H,35,1,"[2, 2, -1, 13, 0, 0, 1, 0, 1, 0]","[0.0, 0.0, 0.0]","[0.00032792926152547204, 0.00032615976929664615, 8.915981854001683e-05]","[0.3333333333333333, 0.3333333333333333, 0.3333333333333333]","[2, 0, 0]",True
Uniform-Equal-H,35,2,"[1, 2, -2, 13, 0, 0, 1, 0, 2, 0]","[0.0, 0.0, 0.0]","[0.0, 0.0, 0.0]","[0.1, 0.8, 0.1]","[0, 2, 0]",False
Uniform-Equal-H,35,3,"[1, 2, -2, 13, 0, 0, 1, 0, 3, 0]","[0.0, 0.0, 0.0]","[0.0, 0.0, 0.0]","[0.1, 0.8, 0.1]","[0, 2, 0]",False
Uniform-Equal-H,35,4,"[1, 2, -2, 13, 0, 0, 1, 0, 4, 0]","[0.0, 0.0, 0.0]","[0.0, 0.0, 0.0]","[0.1, 0.8, 0.1]","[0, 1, 1]",False
Uniform-Equal-H,35,5,"[1, 2, -2, 13, 0, 0, 1, 1, 5, 0]","[0.0, 0.0, 0.0]","[0.0, 0.0, 0.0]","[0.1, 0.8, 0.1]","[0, 2, 0]",False
Uniform-Equal-H,36,0,"[1, 0, -1, 12, 0, 0, 0, 2, 0, 2]","[0.25, 0.0, 0.0]","[0.8998870849609375, 0.68359375, 0.68359375]","[0.3333333333333333, 0.3333333333333333, 0.3333333333333333]","[1, 0, 0]",True
Uniform-Equal-H,37,0,"[1, 2, 0, 13, 0, 0, 1, 0, 1, 0]","[0.0, 0.0, 0.0]","[2.9891408284505213e-05, 0.00032969584147135426, 0.0003979310218493144]","[0.3333333333333333, 0.3333333333333333, 0.3333333333333333]","[2, 0, 0]",True
Uniform-Equal-H,37,1,"[1, 2, 0, 13, 0, 0, 1, 0, 2, 0]","[0.0, 0.0, 0.0]","[0.00030355211695035306, 0.0020660733540852866, 0.004907567628224693]","[0.3333333333333333, 0.3333333333333333, 0.3333333333333333]","[0, 1, 2]",True
Uniform-Equal-H,37,2,"[1, 2, 0, 13, 0, 0, 1, 0, 3, 0]","[0.0, 0.0, 0.0]","[0.003779072999954224, 0.012216987291971845, 0.008316822052001953]","[0.3333333333333333, 0.3333333333333333, 0.3333333333333333]","[1, 1, 1]",True
Uniform-Equal-H,37,3,"[1, 2, 0, 13, 0, 0, 1, 0, 4, 0]","[0.0, 0.0, 0.00015625000000000003]","[0.06862830797831218, 0.050074301560719806, 0.04839051668842634]","[0.3333333333333333, 0.3333333333333333, 0.3333333333333333]","[1, 0, 2]",True
Uniform-Equal-H,37,4,"[1, 2, 0, 13, 0, 0, 1, 1, 5, 0]","[0.0, 0.010937500000000001, 0.00625]","[0.25623669028282164, 0.13958033720652263, 0.19377386569976807]","[0.3333333333333333, 0.3333333333333333, 0.3333333333333333]","[1, 1, 1]",True
Uniform-Equal-H,37,5,"[1, 1, 0, 13, 0, -1, 0, 1, 6, 0]","[0.4375, 0.25, 0.0]","[0.2999623616536458, 0.45572916666666663, 0.5506391326586405]","[0.3333333333333333, 0.3333333333333333, 0.3333333333333333]","[2, 1, 0]",True
Uniform-Equal-H,38,0,"[1, 2, -2, 13, 0, 0, 0, 1, 6, 1]","[0.0, 0.0, 0.0]","[0.008723958333333334, 0.021381937662760413, 0.21532585620880126]","[0.3333333333333333, 0.3333333333333333, 0.3333333333333333]","[1, 2, 0]",True
Uniform-Equal-H,38,1,"[1, 1, -1, 13, 0, 0, 0, 1, 7, 1]","[0.0, 0.0, 0.0]","[0.0, 0.0, 0.0]","[0.1, 0.8, 0.1]","[0, 3, 0]",False
Uniform-Equal-H,39,0,"[1, 2, -3, 13, 0, 0, 1, 0, 4, 0]","[0.0, 0.0, 0.0]","[0.2114422607421875, 0.32629475911458333, 0.059525527954101556]","[0.3333333333333333, 0.3333333333333333, 0.3333333333333333]","[0, 0, 1]",True
Uniform-Equal-H,39,1,"[1, 2, -3, 13, 0, 0, 1, 1, 5, 0]","[0.0, 0.25, 0.0]","[0.22786458333333331, 0.6732400258382161, 0.5075581868489583]","[0.3333333333333333, 0.3333333333333333, 0.3333333333333333]","[0, 1, 0]",True
Uniform-Equal-H,40,0,"[2, 2, -6, 13, 0, 0, 1, 1, 5, 0]","[0.0, 0.0, 0.0]","[0.0, 0.0, 0.0]","[0.1, 0.8, 0.1]","[0, 2, 0]",False
Uniform-Equal-H,40,1,"[2, 1, -5, 13, 0, -1, 0, 1, 6, 0]","[0.25, 0.0, 0.0]","[0.5506391326586405, 0.5278269449869791, 0.68359375]","[0.3333333333333333, 0.3333333333333333, 0.3333333333333333]","[1, 0, 0]",True
Uniform-Equal-H,41,0,"[1, 2, -1, 13, 0, 0, 1, 0, 4, 0]","[0.0, 0.0, 0.0]","[0.0564852015177409, 0.09461761474609376, 0.07584318161010743]","[0.3333333333333333, 0.3333333333333333, 0.3333333333333333]","[1, 0, 0]",True
Uniform-Equal-H,41,1,"[1, 2, -2, 13, 0, 0, 1, 1, 5, 0]","[0.0, 0.0, 0.0]","[0.0, 0.0, 0.0]","[0.1, 0.8, 0.1]","[0, 3, 0]",False
Uniform-Equal-H,41,2,"[1, 1, -1, 13, 0, -1, 0, 1, 6, 0]","[0.0, 0.0, 0.0]","[0.0, 0.0, 0.0]","[0.1, 0.8, 0.1]","[0, 2, 0]",False
Uniform-Equal-H,42,0,"[1, 2, -4, 13, 0, 0, 1, 0, 4, 0]","[0.0, 0.0, 0.0]","[0.0, 0.0, 0.0]","[0.1, 0.8, 0.1]","[0, 1, 1]",False
Uniform-Equal-H,42,1,"[1, 2, -4, 13, 0, 0, 1, 1, 5, 0]","[0.0, 0.0, 0.0]","[0.0, 0.0, 0.0]","[0.1, 0.8, 0.1]","[0, 2, 0]",False
Uniform-Equal-H,43,0,"[1, 2, 0, 13, 0, 0, 1, 0, 4, 1]","[0.0, 0.0, 0.0]","[0.005762258529663087, 0.002293303998311361, 0.005072741254170737]","[0.3333333333333333, 0.3333333333333333, 0.3333333333333333]","[0, 2, 3]",True
Uniform-Equal-H,43,1,"[1, 2, 0, 13, 0, 0, 1, 1, 5, 1]","[0.0, 0.0, 0.0]","[0.02946718724568685, 0.013442114512125656, 0.033573526064554854]","[0.3333333333333333, 0.3333333333333333, 0.3333333333333333]","[1, 1, 3]",True
Uniform-Equal-H,43,2,"[1, 2, 0, 13, 0, 0, 0, 1, 6, 1]","[0.0, 0.0, 0.0]","[0.007577972412109375, 0.09624442299207052, 0.03119730631510417]","[0.3333333333333333, 0.3333333333333333, 0.3333333333333333]","[2, 2, 2]",True
Uniform-Equal-H,43,3,"[1, 1, 0, 13, 0, 0, 0, 1, 7, 1]","[0.0, 0.0, 0.0]","[0.0, 0.0, 0.0]","[0.1, 0.8, 0.1]","[0, 5, 0]",False
Uniform-Equal-H,43,4,"[1, 1, 1, 12, 0, 0, 0, 1, 8, 1]","[0.4375, 0.4375, 0.578125]","[0.39927164713541663, 0.22786458333333331, 0.22786458333333331]","[0.3333333333333333, 0.3333333333333333, 0.3333333333333333]","[2, 2, 3]",True
Uniform-Equal-H,44,0,"[1, 2, -5, 13, 0, 0, 1, 1, 5, 0]","[0.25, 0.0, 0.0]","[0.68359375, 0.45572916666666663, 0.827789306640625]","[0.3333333333333333, 0.3333333333333333, 0.3333333333333333]","[1, 0, 0]",True
Uniform-Equal-H,45,0,"[1, 2, 0, 13, 0, 0, 1, 0, 4, 0]","[0.0, 0.0023437500000000003, 0.00015625000000000003]","[0.06862830797831218, 0.050074301560719806, 0.04839051668842634]","[0.3333333333333333, 0.3333333333333333, 0.3333333333333333]","[1, 1, 2]",True
Uniform-Equal-H,45,1,"[1, 2, 0, 13, 0, 0, 1, 1, 5, 0]","[0.0, 0.010937500000000001, 0.065625]","[0.25623669028282164, 0.13958033720652263, 0.19377386569976807]","[0.3333333333333333, 0.3333333333333333, 0.3333333333333333]","[1, 1, 2]",True
Uniform-Equal-H,45,2,"[1, 1, 0, 13, 0, -1, 0, 1, 6, 0]","[0.4375, 0.25, 0.25]","[0.2999623616536458, 0.45572916666666663, 0.5506391326586405]","[0.3333333333333333, 0.3333333333333333, 0.3333333333333333]","[2, 1, 1]",True
Uniform-Equal-H,46,0,"[1, 2, -4, 13, 0, 0, 1, 1, 5, 0]","[0.0, 0.0, 0.0]","[0.0, 0.0, 0.0]","[0.1, 0.8, 0.1]","[0, 3, 0]",False
Uniform-Equal-H,47,0,"[4, 2, -3, 12, 0, 0, 1, 0, 0, 0]","[0.0, 0.0, 0.0]","[1.0142946465810144e-06, 1.8451522191365568e-07, 4.954680442810059e-07]","[0.3333333333333333, 0.3333333333333333, 0.3333333333333333]","[0, 0, 1]",True
Uniform-Equal-H,47,1,"[4, 2, -3, 13, 0, 0, 1, 0, 1, 0]","[0.0, 0.0, 0.0]","[5.445638020833335e-07, 5.638853518168132e-06, 4.236238491535188e-06]","[0.3333333333333333, 0.3333333333333333, 0.3333333333333333]","[0, 1, 0]",True
Uniform-Equal-H,47,2,"[3, 2, -3, 13, 0, 0, 1, 0, 2, 0]","[0.0, 0.0, 0.0]","[0.00013038912439346316, 5.856641133626304e-06, 8.183432133992513e-05]","[0.3333333333333333, 0.3333333333333333, 0.3333333333333333]","[2, 0, 1]",True
Uniform-Equal-H,47,3,"[3, 2, -4, 13, 0, 0, 1, 0, 3, 0]","[0.0, 0.0, 0.0]","[0.0, 0.0, 0.0]","[0.1, 0.8, 0.1]","[0, 1, 0]",False
Uniform-Equal-H,47,4,"[3, 2, -4, 13, 0, 0, 1, 0, 4, 0]","[0.0, 0.0, 0.0]","[0.0, 0.0, 0.0]","[0.1, 0.8, 0.1]","[1, 1, 0]",False
Uniform-Equal-H,47,5,"[2, 2, -4, 13, 0, 0, 1, 1, 5, 0]","[0.0, 0.0, 0.0]","[0.0, 0.0, 0.0]","[0.1, 0.8, 0.1]","[0, 2, 0]",False
Uniform-Equal-H,47,6,"[2, 1, -3, 13, 0, -1, 0, 1, 6, 0]","[0.0, 0.0, 0.0]","[0.0, 0.0, 0.0]","[0.1, 0.8, 0.1]","[1, 2, 0]",False
Uniform-Equal-H,47,7,"[1, 0, -2, 12, 0, -1, 0, 1, 7, 0]","[0.0, 0.0, 0.0]","[0.0, 0.0, 0.0]","[0.1, 0.8, 0.1]","[0, 0, 1]",False
Uniform-Equal-H,48,0,"[1, 0, -5, 12, 0, 0, 0, 2, 0, 2]","[0.0, 0.25, 0.0]","[0.8998870849609375, 0.68359375, 0.68359375]","[0.3333333333333333, 0.3333333333333333, 0.3333333333333333]","[0, 1, 0]",True
Uniform-Equal-H,49,0,"[2, 2, -5, 13, 0, 0, 1, 0, 3, 0]","[0.0, 0.0, 0.0]","[0.037620602448781335, 0.09345274527867636, 0.08307534058888755]","[0.3333333333333333, 0.3333333333333333, 0.3333333333333333]","[0, 1, 0]",True
Uniform-Equal-H,49,1,"[2, 2, -5, 13, 0, 0, 1, 0, 4, 0]","[0.0, 0.0, 0.00625]","[0.12130267024040223, 0.21570879618326824, 0.36165667970975235]","[0.3333333333333333, 0.3333333333333333, 0.3333333333333333]","[0, 0, 1]",True
Uniform-Equal-H,49,2,"[1, 2, -5, 13, 0, 0, 1, 1, 5, 0]","[0.4375, 0.0, 0.0]","[0.68359375, 0.45572916666666663, 0.827789306640625]","[0.3333333333333333, 0.3333333333333333, 0.3333333333333333]","[2, 0, 0]",True
Uniform-Equal-H,50,0,"[2, 2, -3, 13, 0, 0, 1, 0, 1, 0]","[0.0, 0.0, 0.0]","[0.009453745457331339, 0.005777069855531057, 0.0025484524703025826]","[0.3333333333333333, 0.3333333333333333, 0.3333333333333333]","[1, 0, 0]",True
Uniform-Equal-H,50,1,"[2, 2, -4, 13, 0, 0, 1, 0, 2, 0]","[0.0, 0.0, 0.0]","[0.0, 0.0, 0.0]","[0.1, 0.8, 0.1]","[0, 1, 0]",False
Uniform-Equal-H,50,2,"[2, 2, -4, 13, 0, 0, 1, 0, 3, 0]","[0.0, 0.0, 0.0]","[0.0, 0.0, 0.0]","[0.1, 0.8, 0.1]","[0, 1, 0]",False
Uniform-Equal-H,50,3,"[1, 2, -4, 13, 0, 0, 1, 0, 4, 0]","[0.0, 0.0, 0.0]","[0.0, 0.0, 0.0]","[0.1, 0.8, 0.1]","[0, 2, 1]",False
Uniform-Equal-H,50,4,"[1, 2, -4, 13, 0, 0, 1, 1, 5, 0]","[0.0, 0.0, 0.0]","[0.0, 0.0, 0.0]","[0.1, 0.8, 0.1]","[0, 3, 1]",False
Uniform-Equal-H,51,0,"[4, 2, -5, 12, 0, 0, 1, 0, 0, 0]","[0.0, 0.0, 0.0]","[0.0006727924087767802, 0.0004587697229782742, 0.0004973498188952606]","[0.3333333333333333, 0.3333333333333333, 0.3333333333333333]","[0, 0, 1]",True
Uniform-Equal-H,51,1,"[3, 2, -5, 13, 0, 0, 1, 0, 1, 0]","[0.0, 0.0, 0.0]","[0.00036601707190275204, 0.002095653637250265, 0.0066102304482211684]","[0.3333333333333333, 0.3333333333333333, 0.3333333333333333]","[0, 1, 0]",True
Uniform-Equal-H,51,2,"[3, 2, -5, 13, 0, 0, 1, 0, 2, 0]","[0.0, 0.0, 0.0]","[0.028298911730448413, 0.014104699293772381, 0.02404097090164821]","[0.3333333333333333, 0.3333333333333333, 0.3333333333333333]","[1, 0, 0]",True
Uniform-Equal-H,51,3,"[2, 2, -6, 13, 0, 0, 1, 0, 3, 0]","[0.0, 0.0, 0.0]","[0.0, 0.0, 0.0]","[0.1, 0.8, 0.1]","[0, 0, 1]",False
Uniform-Equal-H,51,4,"[2, 2, -5, 13, 0, 0, 1, 0, 4, 0]","[0.0, 0.0, 0.015625]","[0.12130267024040223, 0.21570879618326824, 0.36165667970975235]","[0.3333333333333333, 0.3333333333333333, 0.3333333333333333]","[0, 0, 2]",True
Uniform-Equal-H,51,5,"[1, 2, -5, 13, 0, 0, 1, 1, 5, 0]","[0.578125, 0.0, 0.0]","[0.68359375, 0.45572916666666663, 0.827789306640625]","[0.3333333333333333, 0.3333333333333333, 0.3333333333333333]","[3, 0, 0]",True
Uniform-Equal-H,52,0,"[3, 2, -5, 13, 0, 0, 1, 0, 3, 1]","[0.0, 0.0, 0.0]","[0.0003717522303263347, 0.003076313991546632, 0.008229426967302961]","[0.3333333333333333, 0.3333333333333333, 0.3333333333333333]","[0, 0, 1]",True
Uniform-Equal-H,52,1,"[3, 2, -5, 13, 0, 0, 1, 0, 4, 1]","[0.0, 0.0, 0.0]","[0.018767807165781657, 0.02153220907847087, 0.021809609985351565]","[0.3333333333333333, 0.3333333333333333, 0.3333333333333333]","[1, 0, 1]",True
Uniform-Equal-H,52,2,"[2, 2, -5, 13, 0, 0, 1, 1, 5, 1]","[0.0, 0.0, 0.0]","[0.046068639755249025, 0.08651654879252117, 0.05848085530598959]","[0.3333333333333333, 0.3333333333333333, 0.3333333333333333]","[0, 1, 0]",True
Uniform-Equal-H,52,3,"[2, 2, -5, 13, 0, 0, 0, 1, 6, 1]","[0.0, 0.0, 0.0]","[0.19193868001302083, 0.17603628158569337, 0.15497822165489197]","[0.3333333333333333, 0.3333333333333333, 0.3333333333333333]","[1, 0, 0]",True
Uniform-Equal-H,52,4,"[1, 1, -5, 13, 0, 0, 0, 1, 7, 1]","[0.0, 0.0, 0.0]","[0.0, 0.0, 0.0]","[0.1, 0.8, 0.1]","[0, 3, 1]",False
Uniform-Equal-H,53,0,"[2, 0, -3, 12, 0, 0, 0, 3, 0, 4]","[0.0, 0.0, 0.0]","[3.059038559595745e-06, 1.369261423746745e-06, 1.4691912333170577e-06]","[0.3333333333333333, 0.3333333333333333, 0.3333333333333333]","[0, 1, 0]",True
Uniform-Equal-H,53,1,"[2, 0, -2, 12, 0, 0, 0, 3, 1, 4]","[0.0, 0.0, 0.0]","[0.0, 0.0, 0.0]","[0.1, 0.8, 0.1]","[0, 1, 0]",False
Uniform-Equal-H,53,2,"[2, 0, -1, 11, 0, 0, 0, 3, 2, 4]","[0.0, 0.0, 0.0]","[0.0, 0.0, 0.0]","[0.1, 0.8, 0.1]","[0, 1, 0]",False
Uniform-Equal-H,53,3,"[2, 0, -1, 10, 0, 0, 0, 3, 3, 4]","[0.0, 0.0, 0.0]","[0.0, 0.0, 0.0]","[0.1, 0.8, 0.1]","[0, 1, 0]",False
Uniform-Equal-H,53,4,"[2, 0, 0, 10, 0, 0, 0, 3, 4, 4]","[0.0, 0.0, 0.0]","[0.0, 0.0, 0.0]","[0.1, 0.8, 0.1]","[0, 1, 0]",False
Uniform-Equal-H,53,5,"[2, 0, 0, 9, 0, 0, 0, 3, 5, 4]","[0.0, 0.0, 0.0]","[0.0, 0.0, 0.0]","[0.1, 0.8, 0.1]","[0, 1, 0]",False
Uniform-Equal-H,53,6,"[2, 0, 0, 9, 0, 0, 0, 3, 6, 4]","[0.0, 0.0, 0.0]","[0.0, 0.0, 0.0]","[0.1, 0.8, 0.1]","[0, 1, 0]",False
Uniform-Equal-H,53,7,"[2, 0, 0, 9, 0, 0, 0, 3, 7, 4]","[0.0, 0.0, 0.0]","[0.0, 0.0, 0.0]","[0.1, 0.8, 0.1]","[0, 1, 0]",False
Uniform-Equal-H,53,8,"[2, 0, 0, 9, 0, 0, 0, 3, 8, 4]","[0.0, 0.0, 0.0]","[0.0, 0.0, 0.0]","[0.1, 0.8, 0.1]","[0, 1, 0]",False
Uniform-Equal-H,53,9,"[2, 0, 0, 9, 0, 0, 0, 3, 9, 4]","[0.0, 0.0, 0.0]","[0.0, 0.0, 0.0]","[0.1, 0.8, 0.1]","[0, 1, 0]",False
Uniform-Equal-H,53,10,"[2, 0, 0, 9, 0, 0, 0, 3, 10, 4]","[0.0, 0.0, 0.0]","[0.0, 0.0, 0.0]","[0.1, 0.8, 0.1]","[0, 1, 0]",False
Uniform-Equal-H,53,11,"[2, 0, 0, 9, 0, 0, 0, 3, 11, 4]","[0.0, 0.0, 0.0]","[0.0, 0.0, 0.0]","[0.1, 0.8, 0.1]","[0, 1, 0]",False
Uniform-Equal-H,53,12,"[2, 0, 0, 9, 0, 0, 0, 3, 12, 4]","[0.0, 0.0, 0.0]","[0.0, 0.0, 0.0]","[0.1, 0.8, 0.1]","[0, 1, 0]",False
Uniform-Equal-H,53,13,"[2, 0, 0, 9, 0, 0, 0, 3, 13, 4]","[0.0, 0.0, 0.0]","[0.0, 0.0, 0.0]","[0.1, 0.8, 0.1]","[0, 1, 0]",False
Uniform-Equal-H,53,14,"[2, 0, 0, 9, 0, 0, 0, 3, 14, 4]","[0.0, 0.0, 0.0]","[0.0, 0.0, 0.0]","[0.1, 0.8, 0.1]","[0, 1, 0]",False
Uniform-Equal-H,53,15,"[2, 0, 0, 9, 0, 0, 0, 3, 15, 4]","[0.0, 0.0, 0.0]","[0.0, 0.0, 0.0]","[0.1, 0.8, 0.1]","[0, 1, 0]",False
Uniform-Equal-H,53,16,"[2, 0, 0, 9, 0, 0, 0, 3, 16, 4]","[0.0, 0.0, 0.0]","[0.0, 0.0, 0.0]","[0.1, 0.8, 0.1]","[0, 1, 0]",False
Uniform-Equal-H,53,17,"[2, 0, 0, 9, 0, 0, 0, 3, 17, 4]","[0.0, 0.0, 0.0]","[0.0, 0.0, 0.0]","[0.1, 0.8, 0.1]","[0, 1, 0]",False
Uniform-Equal-H,53,18,"[2, 0, 0, 9, 0, 0, 0, 3, 18, 4]","[0.0, 0.0, 0.0]","[0.0, 0.0, 0.0]","[0.1, 0.8, 0.1]","[0, 1, 0]",False
Uniform-Equal-H,53,19,"[2, 0, 0, 9, 0, 0, 0, 3, 19, 4]","[0.0, 0.0, 0.0]","[0.0, 0.0, 0.0]","[0.1, 0.8, 0.1]","[0, 1, 0]",False
Uniform-Equal-H,53,20,"[2, 0, 0, 9, 0, 0, 0, 3, 20, 4]","[0.0, 0.0, 0.0]","[0.0, 0.0, 0.0]","[0.1, 0.8, 0.1]","[1, 0, 0]",False
Uniform-Equal-H,53,21,"[2, 0, 0, 9, 0, 0, 0, 3, 21, 4]","[0.0, 0.0, 0.0]","[0.0, 0.0, 0.0]","[0.1, 0.8, 0.1]","[0, 1, 0]",False
Uniform-Equal-H,53,22,"[2, 0, 0, 9, 0, 0, 0, 3, 22, 4]","[0.0, 0.0, 0.0]","[0.0, 0.0, 0.0]","[0.1, 0.8, 0.1]","[0, 1, 0]",False
Uniform-Equal-H,53,23,"[2, 0, 0, 9, 0, 0, 0, 3, 23, 4]","[0.0, 0.0, 0.0]","[0.0, 0.0, 0.0]","[0.1, 0.8, 0.1]","[0, 1, 0]",False
Uniform-Equal-H,53,24,"[2, 0, 0, 9, 0, 0, 0, 3, 24, 4]","[0.0, 0.0, 0.0]","[0.0, 0.0, 0.0]","[0.1, 0.8, 0.1]","[0, 1, 0]",False
Uniform-Equal-H,53,25,"[2, 0, 0, 9, 0, 0, 0, 3, 25, 4]","[0.0, 0.0, 0.0]","[0.0, 0.0, 0.0]","[0.1, 0.8, 0.1]","[0, 1, 0]",False
Uniform-Equal-H,53,26,"[2, 0, 0, 9, 0, 0, 0, 3, 26, 4]","[0.0, 0.0, 0.0]","[0.0, 0.0, 0.0]","[0.1, 0.8, 0.1]","[0, 1, 0]",False
Uniform-Equal-H,53,27,"[2, 0, 0, 9, 0, 0, 0, 3, 27, 4]","[0.0, 0.0, 0.0]","[0.0, 0.0, 0.0]","[0.1, 0.8, 0.1]","[0, 0, 1]",False
Uniform-Equal-H,53,28,"[2, 0, 0, 9, 0, 0, 0, 3, 28, 4]","[0.0, 0.0, 0.0]","[0.0, 0.0, 0.0]","[0.1, 0.8, 0.1]","[0, 1, 0]",False
Uniform-Equal-H,53,29,"[2, 0, 0, 10, 0, 0, 0, 3, 29, 4]","[0.0, 0.0, 0.0]","[0.0, 0.0, 0.0]","[0.1, 0.8, 0.1]","[0, 1, 0]",False
Uniform-Equal-H,53,30,"[2, 0, 0, 10, 0, 0, 0, 3, 30, 4]","[0.0, 0.0, 0.0]","[0.0, 0.0, 0.0]","[0.1, 0.8, 0.1]","[0, 1, 0]",False
Uniform-Equal-H,53,31,"[2, 0, 0, 10, 0, 0, 0, 3, 31, 4]","[0.0, 0.0, 0.0]","[0.0, 0.0, 0.0]","[0.1, 0.8, 0.1]","[1, 0, 0]",False
Uniform-Equal-H,53,32,"[2, 0, 0, 10, 0, 0, 0, 3, 32, 4]","[0.0, 0.0, 0.0]","[0.0, 0.0, 0.0]","[0.1, 0.8, 0.1]","[0, 1, 0]",False
Uniform-Equal-H,53,33,"[2, 0, 0, 9, 0, 0, 0, 3, 33, 4]","[0.0, 0.0, 0.0]","[0.0, 0.0, 0.0]","[0.1, 0.8, 0.1]","[0, 0, 1]",False
Uniform-Equal-H,53,34,"[2, 0, 0, 9, 0, 0, 0, 3, 34, 4]","[0.0, 0.0, 0.0]","[0.0, 0.0, 0.0]","[0.1, 0.8, 0.1]","[0, 1, 0]",False
Uniform-Equal-H,54,0,"[4, 0, -5, 12, 0, 0, 0, 2, 0, 3]","[0.0, 0.0, 0.0]","[8.696618207295743e-07, 3.934570821126304e-07, 4.5116237640380884e-07]","[0.3333333333333333, 0.3333333333333333, 0.3333333333333333]","[1, 0, 0]",True
Uniform-Equal-H,54,1,"[4, 0, -4, 12, 0, 0, 0, 2, 1, 3]","[0.0, 0.0, 0.0]","[0.0, 0.0, 0.0]","[0.1, 0.8, 0.1]","[0, 1, 0]",False
Uniform-Equal-H,54,2,"[4, 0, -4, 11, 0, 0, 0, 2, 2, 3]","[0.0, 0.0, 0.0]","[0.0, 0.0, 0.0]","[0.1, 0.8, 0.1]","[0, 1, 0]",False
Uniform-Equal-H,54,3,"[3, 0, -3, 10, 0, 0, 0, 2, 3, 3]","[0.0, 0.0, 0.0]","[0.0, 0.0, 0.0]","[0.1, 0.8, 0.1]","[0, 1, 0]",False
Uniform-Equal-H,54,4,"[3, 0, -2, 10, 0, 0, 0, 2, 4, 3]","[0.0, 0.0, 0.0]","[0.0, 0.0, 0.0]","[0.1, 0.8, 0.1]","[0, 1, 0]",False
Uniform-Equal-H,54,5,"[3, 0, -2, 10, 0, 0, 0, 2, 5, 3]","[0.0, 0.0, 0.0]","[0.0, 0.0, 0.0]","[0.1, 0.8, 0.1]","[0, 1, 0]",False
Uniform-Equal-H,54,6,"[3, 0, -2, 9, 0, 0, 0, 2, 6, 3]","[0.0, 0.0, 0.0]","[0.0, 0.0, 0.0]","[0.1, 0.8, 0.1]","[0, 1, 0]",False
Uniform-Equal-H,54,7,"[2, 0, -2, 9, 0, 0, 0, 2, 7, 3]","[0.0, 0.0, 0.0]","[0.0, 0.0, 0.0]","[0.1, 0.8, 0.1]","[1, 0, 0]",False
Uniform-Equal-H,54,8,"[2, 0, -2, 9, 0, 0, 0, 2, 8, 3]","[0.0, 0.0, 0.0]","[0.0, 0.0, 0.0]","[0.1, 0.8, 0.1]","[0, 0, 1]",False
Uniform-Equal-H,54,9,"[2, 0, -2, 8, 0, 0, 0, 2, 9, 3]","[0.0, 0.0, 0.0]","[0.0, 0.0, 0.0]","[0.1, 0.8, 0.1]","[0, 1, 0]",False
Uniform-Equal-H,54,10,"[2, 0, -2, 8, 0, 0, 0, 2, 10, 3]","[0.0, 0.0, 0.0]","[0.0, 0.0, 0.0]","[0.1, 0.8, 0.1]","[0, 1, 0]",False
Uniform-Equal-H,54,11,"[2, 0, -2, 7, 0, 0, 0, 2, 11, 3]","[0.0, 0.0, 0.0]","[0.0, 0.0, 0.0]","[0.1, 0.8, 0.1]","[0, 1, 0]",False
Uniform-Equal-H,54,12,"[1, 0, -2, 7, 0, 0, 0, 2, 12, 3]","[0.0, 0.0, 0.0]","[0.0, 0.0, 0.0]","[0.1, 0.8, 0.1]","[0, 1, 0]",False
Uniform-Equal-H,55,0,"[1, 0, -1, 12, 0, 0, 0, 2, 0, 2]","[0.25, 0.25, 0.0]","[0.8998870849609375, 0.68359375, 0.68359375]","[0.3333333333333333, 0.3333333333333333, 0.3333333333333333]","[1, 1, 0]",True
Uniform-Equal-H,56,0,"[1, 2, 0, 13, 0, 0, 1, 0, 3, 1]","[0.0, 0.0, 0.0]","[0.0008213894907633465, 0.0007324037981033326, 0.0002172540410359701]","[0.3333333333333333, 0.3333333333333333, 0.3333333333333333]","[1, 1, 3]",True
Uniform-Equal-H,56,1,"[1, 2, 0, 13, 0, 0, 1, 0, 4, 1]","[0.0, 0.0, 0.0]","[0.005762258529663087, 0.002293303998311361, 0.005072741254170737]","[0.3333333333333333, 0.3333333333333333, 0.3333333333333333]","[0, 2, 4]",True
Uniform-Equal-H,56,2,"[1, 2, 0, 13, 0, 0, 1, 1, 5, 1]","[0.0, 0.0, 0.0]","[0.02946718724568685, 0.013442114512125656, 0.033573526064554854]","[0.3333333333333333, 0.3333333333333333, 0.3333333333333333]","[2, 1, 3]",True
Uniform-Equal-H,56,3,"[1, 2, 0, 13, 0, 0, 0, 1, 6, 1]","[0.0, 0.0, 0.0]","[0.007577972412109375, 0.09624442299207052, 0.03119730631510417]","[0.3333333333333333, 0.3333333333333333, 0.3333333333333333]","[2, 3, 2]",True
Uniform-Equal-H,56,4,"[1, 1, 0, 13, 0, 0, 0, 1, 7, 1]","[0.0, 0.0, 0.0]","[0.0, 0.0, 0.0]","[0.1, 0.8, 0.1]","[0, 6, 0]",False
Uniform-Equal-H,56,5,"[1, 1, 1, 12, 0, 0, 0, 1, 8, 1]","[0.578125, 0.4375, 0.578125]","[0.39927164713541663, 0.22786458333333331, 0.22786458333333331]","[0.3333333333333333, 0.3333333333333333, 0.3333333333333333]","[3, 2, 3]",True
Uniform-Equal-H,57,0,"[2, 2, -3, 13, 0, 0, 1, 1, 5, 1]","[0.0, 0.0, 0.0]","[0.00954399108886719, 0.009861832682291667, 0.016135174306233725]","[0.3333333333333333, 0.3333333333333333, 0.3333333333333333]","[1, 1, 0]",True
Uniform-Equal-H,57,1,"[2, 2, -4, 13, 0, 0, 0, 1, 6, 1]","[0.0, 0.0, 0.0]","[0.0, 0.0, 0.0]","[0.1, 0.8, 0.1]","[0, 2, 0]",False
Uniform-Equal-H,57,2,"[2, 1, -3, 13, 0, 0, 0, 1, 7, 1]","[0.0, 0.0, 0.0]","[0.0, 0.0, 0.0]","[0.1, 0.8, 0.1]","[1, 0, 1]",False
Uniform-Equal-H,57,3,"[1, 1, -2, 12, 0, 0, 0, 1, 8, 1]","[0.0, 0.0, 0.0]","[0.0, 0.0, 0.0]","[0.1, 0.8, 0.1]","[0, 1, 0]",False
Uniform-Equal-H,58,0,"[3, 2, -6, 13, 0, 0, 1, 0, 4, 0]","[0.0, 0.0, 0.0]","[0.00016927083333333334, 0.007313690185546876, 0.046065673828124994]","[0.3333333333333333, 0.3333333333333333, 0.3333333333333333]","[1, 1, 0]",True
Uniform-Equal-H,58,1,"[2, 2, -6, 13, 0, 0, 1, 1, 5, 0]","[0.0, 0.0, 0.0]","[0.0, 0.0, 0.0]","[0.1, 0.8, 0.1]","[0, 3, 0]",False
Uniform-Equal-H,58,2,"[1, 1, -6, 13, 0, -1, 0, 1, 6, 0]","[0.0, 0.0, 0.0]","[0.0, 0.0, 0.0]","[0.1, 0.8, 0.1]","[0, 1, 0]",False
Uniform-Equal-H,59,0,"[1, 2, 0, 12, 0, 0, 1, 0, 0, 0]","[0.0, 0.0, 0.0]","[4.71708495616913e-05, 2.2291753768920904e-05, 6.477531592051192e-07]","[0.3333333333333333, 0.3333333333333333, 0.3333333333333333]","[1, 1, 1]",True
Uniform-Equal-H,59,1,"[1, 2, 0, 13, 0, 0, 1, 0, 1, 0]","[0.0, 0.0, 0.0]","[2.9891408284505213e-05, 0.00032969584147135426, 0.0003979310218493144]","[0.3333333333333333, 0.3333333333333333, 0.3333333333333333]","[2, 1, 0]",True
Uniform-Equal-H,59,2,"[1, 2, 0, 13, 0, 0, 1, 0, 2, 0]","[0.0, 0.0, 0.0]","[0.00030355211695035306, 0.0020660733540852866, 0.004907567628224693]","[0.3333333333333333, 0.3333333333333333, 0.3333333333333333]","[0, 2, 2]",True
Uniform-Equal-H,59,3,"[1, 2, 0, 13, 0, 0, 1, 0, 3, 0]","[0.0004726562500000001, 0.0, 0.0]","[0.003779072999954224, 0.012216987291971845, 0.008316822052001953]","[0.3333333333333333, 0.3333333333333333, 0.3333333333333333]","[2, 1, 1]",True
Uniform-Equal-H,59,4,"[1, 2, 0, 13, 0, 0, 1, 0, 4, 0]","[0.0038281250000000004, 0.0023437500000000003, 0.00015625000000000003]","[0.06862830797831218, 0.050074301560719806, 0.04839051668842634]","[0.3333333333333333, 0.3333333333333333, 0.3333333333333333]","[2, 1, 2]",True
Uniform-Equal-H,59,5,"[1, 2, 0, 13, 0, 0, 1, 1, 5, 0]","[0.0, 0.010937500000000001, 0.11640625000000002]","[0.25623669028282164, 0.13958033720652263, 0.19377386569976807]","[0.3333333333333333, 0.3333333333333333, 0.3333333333333333]","[1, 1, 3]",True
Uniform-Equal-H,59,6,"[1, 1, 0, 13, 0, -1, 0, 1, 6, 0]","[0.578125, 0.25, 0.25]","[0.2999623616536458, 0.45572916666666663, 0.5506391326586405]","[0.3333333333333333, 0.3333333333333333, 0.3333333333333333]","[3, 1, 1]",True
Uniform-Equal-H,60,0,"[2, 0, -3, 12, 0, 0, 0, 2, 0, 2]","[0.0, 0.0, 0.0]","[4.490007271369299e-06, 2.819218397140504e-06, 1.6403944293657942e-06]","[0.3333333333333333, 0.3333333333333333, 0.3333333333333333]","[0, 0, 1]",True
Uniform-Equal-H,60,1,"[2, 0, -2, 12, 0, 0, 0, 2, 1, 2]","[0.0, 0.0, 0.0]","[0.0, 0.0, 0.0]","[0.1, 0.8, 0.1]","[0, 1, 0]",False
Uniform-Equal-H,60,2,"[2, 0, -1, 11, 0, 0, 0, 2, 2, 2]","[0.0, 0.0, 0.0]","[0.0, 0.0, 0.0]","[0.1, 0.8, 0.1]","[0, 1, 0]",False
Uniform-Equal-H,60,3,"[2, 0, -1, 10, 0, 0, 0, 2, 3, 2]","[0.0, 0.0, 0.0]","[0.0, 0.0, 0.0]","[0.1, 0.8, 0.1]","[1, 0, 0]",False
Uniform-Equal-H,60,4,"[2, 0, 0, 10, 0, 0, 0, 2, 4, 2]","[0.0, 0.0, 0.0]","[0.0, 0.0, 0.0]","[0.1, 0.8, 0.1]","[0, 1, 0]",False
Uniform-Equal-H,60,5,"[2, 0, 0, 10, 0, 0, 0, 2, 5, 2]","[0.0, 0.0, 0.0]","[0.0, 0.0, 0.0]","[0.1, 0.8, 0.1]","[0, 1, 0]",False
Uniform-Equal-H,60,6,"[2, 0, 0, 9, 0, 0, 0, 2, 6, 2]","[0.0, 0.0, 0.0]","[0.0, 0.0, 0.0]","[0.1, 0.8, 0.1]","[0, 1, 0]",False
Uniform-Equal-H,60,7,"[2, 0, -1, 9, 0, 0, 0, 2, 7, 2]","[0.0, 0.0, 0.0]","[0.0, 0.0, 0.0]","[0.1, 0.8, 0.1]","[0, 1, 0]",False
Uniform-Equal-H,60,8,"[2, 0, -1, 9, 0, 0, 0, 2, 8, 2]","[0.0, 0.0, 0.0]","[0.0, 0.0, 0.0]","[0.1, 0.8, 0.1]","[0, 0, 1]",False
Uniform-Equal-H,60,9,"[2, 0, -1, 8, 0, 0, 0, 2, 9, 2]","[0.0, 0.0, 0.0]","[0.0, 0.0, 0.0]","[0.1, 0.8, 0.1]","[1, 0, 0]",False
Uniform-Equal-H,60,10,"[1, 0, -1, 8, 0, 0, 0, 2, 10, 2]","[0.0, 0.0, 0.0]","[0.0, 0.0, 0.0]","[0.1, 0.8, 0.1]","[0, 1, 0]",False
Uniform-Equal-H,60,11,"[1, 0, -1, 7, 0, 0, 0, 3, 11, 2]","[0.0, 0.0, 0.0]","[0.0, 0.0, 0.0]","[0.1, 0.8, 0.1]","[0, 1, 0]",False
Uniform-Equal-H,60,12,"[1, 0, 0, 7, 0, 0, 0, 3, 12, 2]","[0.0, 0.0, 0.0]","[0.0, 0.0, 0.0]","[0.1, 0.8, 0.1]","[0, 1, 0]",False
Uniform-Equal-H,60,13,"[1, 0, 1, 7, 0, 0, 0, 3, 13, 2]","[0.0, 0.0, 0.0]","[0.0, 0.0, 0.0]","[0.1, 0.8, 0.1]","[1, 0, 0]",False
Uniform-Equal-H,60,14,"[1, 0, 1, 7, 0, 0, 0, 3, 14, 2]","[0.0, 0.0, 0.0]","[0.0, 0.0, 0.0]","[0.1, 0.8, 0.1]","[0, 1, 0]",False
Uniform-Equal-H,60,15,"[2, 0, 1, 7, 0, 0, 0, 3, 15, 2]","[0.0, 0.0, 0.0]","[0.0, 0.0, 0.0]","[0.1, 0.8, 0.1]","[0, 1, 0]",False
Uniform-Equal-H,60,16,"[2, 0, 1, 8, 0, 0, 0, 3, 16, 2]","[0.0, 0.0, 0.0]","[0.0, 0.0, 0.0]","[0.1, 0.8, 0.1]","[1, 0, 0]",False
Uniform-Equal-H,60,17,"[2, 0, 1, 8, 0, 0, 0, 3, 17, 2]","[0.0, 0.0, 0.0]","[0.0, 0.0, 0.0]","[0.1, 0.8, 0.1]","[0, 1, 0]",False
Uniform-Equal-H,60,18,"[2, 0, 1, 8, 0, 0, 0, 3, 18, 2]","[0.0, 0.0, 0.0]","[0.0, 0.0, 0.0]","[0.1, 0.8, 0.1]","[0, 1, 0]",False
Uniform-Equal-H,60,19,"[2, 0, 1, 8, 0, 0, 0, 3, 19, 2]","[0.0, 0.0, 0.0]","[0.0, 0.0, 0.0]","[0.1, 0.8, 0.1]","[1, 0, 0]",False
Uniform-Equal-H,60,20,"[2, 0, 1, 9, 0, 0, 0, 3, 20, 2]","[0.0, 0.0, 0.0]","[0.0, 0.0, 0.0]","[0.1, 0.8, 0.1]","[0, 1, 0]",False
Uniform-Equal-H,60,21,"[2, 0, 0, 9, 0, 0, 0, 3, 21, 2]","[0.0, 0.0, 0.0]","[0.0, 0.0, 0.0]","[0.1, 0.8, 0.1]","[0, 1, 0]",False
Uniform-Equal-H,60,22,"[2, 0, 0, 9, 0, 0, 0, 3, 22, 2]","[0.0, 0.0, 0.0]","[0.0, 0.0, 0.0]","[0.1, 0.8, 0.1]","[0, 1, 0]",False
Uniform-Equal-H,60,23,"[2, 0, 0, 9, 0, 0, 0, 3, 23, 2]","[0.0, 0.0, 0.0]","[0.0, 0.0, 0.0]","[0.1, 0.8, 0.1]","[0, 1, 0]",False
Uniform-Equal-H,60,24,"[2, 0, 0, 9, 0, 0, 0, 3, 24, 2]","[0.0, 0.0, 0.0]","[0.0, 0.0, 0.0]","[0.1, 0.8, 0.1]","[0, 1, 0]",False
Uniform-Equal-H,60,25,"[2, 0, 0, 9, 0, 0, 0, 3, 25, 2]","[0.0, 0.0, 0.0]","[0.0, 0.0, 0.0]","[0.1, 0.8, 0.1]","[0, 1, 0]",False
Uniform-Equal-H,60,26,"[2, 0, 0, 9, 0, 0, 0, 3, 26, 2]","[0.0, 0.0, 0.0]","[0.0, 0.0, 0.0]","[0.1, 0.8, 0.1]","[0, 1, 0]",False
Uniform-Equal-H,60,27,"[2, 0, 0, 9, 0, 0, 0, 3, 27, 2]","[0.0, 0.0, 0.0]","[0.0, 0.0, 0.0]","[0.1, 0.8, 0.1]","[0, 1, 0]",False
Uniform-Equal-H,60,28,"[2, 0, 0, 9, 0, 0, 0, 3, 28, 2]","[0.0, 0.0, 0.0]","[0.0, 0.0, 0.0]","[0.1, 0.8, 0.1]","[0, 1, 0]",False
Uniform-Equal-H,60,29,"[2, 0, 0, 9, 0, 0, 0, 3, 29, 2]","[0.0, 0.0, 0.0]","[0.0, 0.0, 0.0]","[0.1, 0.8, 0.1]","[0, 1, 0]",False
Uniform-Equal-H,60,30,"[2, 0, 0, 9, 0, 0, 0, 3, 30, 2]","[0.0, 0.0, 0.0]","[0.0, 0.0, 0.0]","[0.1, 0.8, 0.1]","[0, 1, 0]",False
Uniform-Equal-H,60,31,"[2, 0, 0, 9, 0, 0, 0, 3, 31, 2]","[0.0, 0.0, 0.0]","[0.0, 0.0, 0.0]","[0.1, 0.8, 0.1]","[0, 1, 0]",False
Uniform-Equal-H,60,32,"[2, 0, 0, 10, 0, 0, 0, 3, 32, 2]","[0.0, 0.0, 0.0]","[0.0, 0.0, 0.0]","[0.1, 0.8, 0.1]","[0, 1, 0]",False
Uniform-Equal-H,60,33,"[2, 0, 0, 10, 0, 0, 0, 3, 33, 2]","[0.0, 0.0, 0.0]","[0.0, 0.0, 0.0]","[0.1, 0.8, 0.1]","[0, 1, 0]",False
Uniform-Equal-H,60,34,"[2, 0, 0, 10, 0, 0, 0, 3, 34, 2]","[0.0, 0.0, 0.0]","[0.0, 0.0, 0.0]","[0.1, 0.8, 0.1]","[0, 1, 0]",False
Uniform-QP-H,1,0,"[5, 2, -5, 12, 0, 0, 1, 0, 0, 0]","[0.0, 0.0, 0.0]","[1.7283236632744474e-06, 2.796390652656556e-07, 2.8353373209635426e-08]","[0.3333333333333333, 0.3333333333333333, 0.3333333333333333]","[0, 1, 0]",True
Uniform-QP-H,1,1,"[4, 2, -5, 13, 0, 0, 1, 0, 1, 0]","[0.0, 0.0, 0.0]","[2.0001893987258283e-05, 6.679687500000001e-06, 1.5190429687500003e-05]","[0.3333333333333333, 0.3333333333333333, 0.3333333333333333]","[1, 0, 0]",True
Uniform-QP-H,1,2,"[4, 2, -5, 13, 0, 0, 1, 0, 2, 0]","[0.0, 0.0, 0.0]","[0.0004979564348856608, 0.00021724853515625003, 0.00037885928948720303]","[0.3333333333333333, 0.3333333333333333, 0.3333333333333333]","[0, 1, 0]",True
Uniform-QP-H,1,3,"[3, 2, -6, 13, 0, 0, 1, 0, 3, 0]","[0.0, 0.0, 0.0]","[0.0015459798177083336, 0.001288055419921875, 0.0]","[0.3333333333333333, 0.3333333333333333, 0.3333333333333333]","[0, 1, 0]",True
Uniform-QP-H,1,4,"[3, 2, -6, 13, 0, 0, 1, 0, 4, 0]","[0.0, 0.0, 0.0]","[0.00016927083333333334, 0.007313690185546876, 0.046065673828124994]","[0.3333333333333333, 0.3333333333333333, 0.3333333333333333]","[0, 0, 1]",True
Uniform-QP-H,1,5,"[2, 2, -5, 13, 0, 0, 1, 1, 5, 0]","[0.0, 0.0, 0.0]","[0.19984029134114584, 0.08723958333333333, 0.17710310022036235]","[0.3333333333333333, 0.3333333333333333, 0.3333333333333333]","[0, 0, 1]",True
Uniform-QP-H,1,6,"[2, 1, -5, 13, 0, -1, 0, 1, 6, 0]","[0.0, 0.25, 0.0]","[0.5506391326586405, 0.5278269449869791, 0.68359375]","[0.3333333333333333, 0.3333333333333333, 0.3333333333333333]","[0, 1, 0]",True
Uniform-QP-H,2,0,"[1, 2, -6, 13, 0, 0, 0, 1, 6, 1]","[0.25, 0.0, 0.0]","[0.45572916666666663, 0.0, 0.22786458333333331]","[0.3333333333333333, 0.3333333333333333, 0.3333333333333333]","[1, 0, 0]",True
Uniform-QP-H,3,0,"[2, 2, -3, 13, 0, 0, 1, 0, 3, 1]","[0.0, 0.0, 0.0]","[0.0010936408042907717, 0.0026283424377441405, 0.0033776327451070154]","[0.3333333333333333, 0.3333333333333333, 0.3333333333333333]","[1, 0, 0]",True
Uniform-QP-H,3,1,"[1, 2, -4, 13, 0, 0, 1, 0, 4, 1]","[0.0, 0.0, 0.0]","[0.0, 0.0, 0.0]","[0.1, 0.8, 0.1]","[0, 1, 0]",False
Uniform-QP-H,3,2,"[1, 2, -4, 13, 0, 0, 1, 1, 5, 1]","[0.0, 0.0, 0.0]","[0.0, 0.0, 0.0]","[0.1, 0.8, 0.1]","[0, 0, 1]",False
Uniform-QP-H,3,3,"[1, 2, -4, 13, 0, 0, 0, 1, 6, 1]","[0.0, 0.0, 0.0]","[0.0, 0.0, 0.0]","[0.1, 0.8, 0.1]","[0, 1, 0]",False
Uniform-QP-H,3,4,"[0, 1, -3, 13, 0, 0, 0, 1, 7, 1]","[0.0, 0.0, 0.0]","[0.0, 0.0, 0.0]","[0.1, 0.8, 0.1]","[0, 1, 0]",False
Uniform-QP-H,4,0,"[1, 2, 0, 13, 0, 0, 1, 0, 1, 1]","[0.0, 0.0, 0.0]","[5.5746632655461645e-06, 8.55568656921387e-06, 1.577885169982911e-05]","[0.3333333333333333, 0.3333333333333333, 0.3333333333333333]","[0, 0, 1]",True
Uniform-QP-H,4,1,"[1, 2, 0, 13, 0, 0, 1, 0, 2, 1]","[0.0, 0.0, 0.0]","[2.447028573354086e-05, 8.619697825113934e-05, 9.410152149200442e-05]","[0.3333333333333333, 0.3333333333333333, 0.3333333333333333]","[0, 1, 0]",True
Uniform-QP-H,4,2,"[1, 2, 0, 13, 0, 0, 1, 0, 3, 1]","[0.0, 0.0, 0.0]","[0.0008213894907633465, 0.0007324037981033326, 0.0002172540410359701]","[0.3333333333333333, 0.3333333333333333, 0.3333333333333333]","[0, 1, 0]",True
Uniform-QP-H,4,3,"[1, 2, 0, 13, 0, 0, 1, 0, 4, 1]","[0.0, 0.0, 0.0]","[0.005762258529663087, 0.002293303998311361, 0.005072741254170737]","[0.3333333333333333, 0.3333333333333333, 0.3333333333333333]","[0, 1, 0]",True
Uniform-QP-H,4,4,"[1, 2, 0, 13, 0, 0, 1, 1, 5, 1]","[0.0, 0.0, 0.0]","[0.02946718724568685, 0.013442114512125656, 0.033573526064554854]","[0.3333333333333333, 0.3333333333333333, 0.3333333333333333]","[0, 0, 1]",True
Uniform-QP-H,4,5,"[1, 2, 0, 13, 0, 0, 0, 1, 6, 1]","[0.0, 0.0, 0.0]","[0.007577972412109375, 0.09624442299207052, 0.03119730631510417]","[0.3333333333333333, 0.3333333333333333, 0.3333333333333333]","[0, 0, 1]",True
Uniform-QP-H,4,6,"[1, 1, 1, 13, 0, 0, 0, 1, 7, 1]","[0.0, 0.0, 0.0]","[0.0, 0.0, 0.0]","[0.1, 0.8, 0.1]","[0, 1, 0]",False
Uniform-QP-H,4,7,"[1, 1, 1, 12, 0, 0, 0, 1, 8, 1]","[0.0, 0.25, 0.0]","[0.39927164713541663, 0.22786458333333331, 0.22786458333333331]","[0.3333333333333333, 0.3333333333333333, 0.3333333333333333]","[0, 1, 0]",True
Uniform-QP-H,5,0,"[1, 0, -5, 12, 0, 0, 0, 2, 0, 3]","[0.25, 0.0, 0.0]","[0.8998870849609375, 0.68359375, 0.68359375]","[0.3333333333333333, 0.3333333333333333, 0.3333333333333333]","[1, 0, 0]",True
Uniform-QP-H,6,0,"[2, 2, -3, 13, 0, 0, 1, 0, 2, 1]","[0.0, 0.0, 0.0]","[5.8289755483010146e-05, 2.7025106813189427e-05, 9.57462097904304e-06]","[0.3333333333333333, 0.3333333333333333, 0.3333333333333333]","[0, 1, 0]",True
Uniform-QP-H,6,1,"[2, 2, -3, 13, 0, 0, 1, 0, 3, 1]","[0.0, 0.0, 0.0]","[0.0011100001930134731, 8.884343733082731e-21, 0.0014921809757416139]","[0.3333333333333333, 0.3333333333333333, 0.3333333333333333]","[1, 0, 1]",True
Uniform-QP-H,6,2,"[1, 2, -3, 13, 0, 0, 1, 0, 4, 1]","[0.0, 0.0, 0.0]","[0.001163755352937977, 0.01371981159233776, 0.007902509815564786]","[0.3333333333333333, 0.3333333333333333, 0.3333333333333333]","[1, 0, 0]",True
Uniform-QP-H,6,3,"[1, 2, -4, 13, 0, 0, 1, 1, 5, 1]","[0.0, 0.0, 0.0]","[0.0, 0.0, 0.0]","[0.1, 0.8, 0.1]","[0, 1, 1]",False
Uniform-QP-H,6,4,"[1, 2, -4, 13, 0, 0, 0, 1, 6, 1]","[0.0, 0.0, 0.0]","[0.0, 0.0, 0.0]","[0.1, 0.8, 0.1]","[0, 2, 0]",False
Uniform-QP-H,6,5,"[0, 1, -3, 13, 0, 0, 0, 1, 7, 1]","[0.0, 0.0, 0.0]","[0.0, 0.0, 0.0]","[0.1, 0.8, 0.1]","[0, 2, 0]",False
Uniform-QP-H,7,0,"[3, 2, -3, 12, 0, 0, 1, 0, 0, 0]","[0.0, 0.0, 0.0]","[0.0013699957171879244, 0.0003239181101488043, 0.0003749998765354239]","[0.3333333333333333, 0.3333333333333333, 0.3333333333333333]","[1, 0, 0]",True
Uniform-QP-H,7,1,"[2, 2, -3, 13, 0, 0, 1, 0, 1, 0]","[0.0, 0.0, 0.0]","[0.010201631049801515, 0.0045404812922330085, 9.206829866586006e-05]","[0.3333333333333333, 0.3333333333333333, 0.3333333333333333]","[1, 0, 0]",True
Uniform-QP-H,7,2,"[2, 2, -4, 13, 0, 0, 1, 0, 2, 0]","[0.0, 0.0, 0.0]","[0.0, 0.0, 0.0]","[0.1, 0.8, 0.1]","[0, 1, 0]",False
Uniform-QP-H,7,3,"[2, 2, -4, 13, 0, 0, 1, 0, 3, 0]","[0.0, 0.0, 0.0]","[0.0, 0.0, 0.0]","[0.1, 0.8, 0.1]","[0, 1, 0]",False
Uniform-QP-H,7,4,"[1, 2, -4, 13, 0, 0, 1, 0, 4, 0]","[0.0, 0.0, 0.0]","[0.0, 0.0, 0.0]","[0.1, 0.8, 0.1]","[0, 1, 0]",False
Uniform-QP-H,7,5,"[1, 2, -4, 13, 0, 0, 1, 1, 5, 0]","[0.0, 0.0, 0.0]","[0.0, 0.0, 0.0]","[0.1, 0.8, 0.1]","[0, 1, 0]",False
Uniform-QP-H,8,0,"[5, 2, -6, 13, 0, 0, 1, 0, 4, 1]","[0.0, 0.0, 0.0]","[0.0, 0.0, 0.0]","[0.1, 0.8, 0.1]","[0, 1, 0]",False
Uniform-QP-H,8,1,"[4, 2, -6, 13, 0, 0, 1, 1, 5, 1]","[0.0, 0.0, 0.0]","[0.0, 4.5103456253124807e-07, 6.263067404305602e-24]","[0.3333333333333333, 0.3333333333333333, 0.3333333333333333]","[0, 1, 0]",True
Uniform-QP-H,8,2,"[4, 2, -6, 13, 0, 0, 0, 1, 6, 1]","[0.0, 0.0, 0.0]","[0.0, 0.0, 0.0]","[0.1, 0.8, 0.1]","[1, 0, 0]",False
Uniform-QP-H,8,3,"[3, 1, -5, 13, 0, 0, 0, 1, 7, 1]","[0.0, 0.0, 0.0]","[0.0, 0.0, 0.0]","[0.1, 0.8, 0.1]","[0, 1, 0]",False
Uniform-QP-H,8,4,"[3, 1, -4, 12, 0, 0, 0, 1, 8, 1]","[0.0, 0.0, 0.0]","[0.0, 0.0, 0.0]","[0.1, 0.8, 0.1]","[0, 1, 0]",False
Uniform-QP-H,8,5,"[2, 1, -4, 11, 0, 0, 0, 1, 9, 1]","[0.0, 0.0, 0.0]","[0.0, 0.0, 0.0]","[0.1, 0.8, 0.1]","[0, 1, 0]",False
Uniform-QP-H,8,6,"[2, 1, -3, 10, 0, 0, 0, 1, 10, 1]","[0.0, 0.0, 0.0]","[0.0, 0.0, 0.0]","[0.1, 0.8, 0.1]","[0, 1, 0]",False
Uniform-QP-H,8,7,"[2, 0, -2, 9, 0, 0, 0, 1, 11, 1]","[0.0, 0.0, 0.0]","[0.0, 0.0, 0.0]","[0.1, 0.8, 0.1]","[0, 1, 0]",False
Uniform-QP-H,8,8,"[1, 0, -1, 9, 0, 0, 0, 1, 12, 1]","[0.0, 0.0, 0.0]","[0.0, 0.0, 0.0]","[0.1, 0.8, 0.1]","[0, 1, 0]",False
Uniform-QP-H,8,9,"[1, 0, -1, 8, 0, 0, 0, 2, 13, 1]","[0.0, 0.0, 0.0]","[0.0, 0.0, 0.0]","[0.1, 0.8, 0.1]","[0, 1, 0]",False
Uniform-QP-H,9,0,"[1, 0, -1, 12, 0, 0, 0, 3, 0, 4]","[0.0, 0.25, 0.0]","[0.8998870849609375, 0.68359375, 0.68359375]","[0.3333333333333333, 0.3333333333333333, 0.3333333333333333]","[0, 1, 0]",True
Uniform-QP-H,10,0,"[1, 2, 0, 13, 0, 0, 1, 0, 3, 0]","[0.0, 0.0, 0.0]","[0.005461414393824762, 0.017243535131678332, 0.006784842013975153]","[0.3333333333333333, 0.3333333333333333, 0.3333333333333333]","[1, 0, 0]",True
Uniform-QP-H,10,1,"[1, 2, 0, 13, 0, 0, 1, 0, 4, 0]","[0.0, 0.0, 0.0]","[0.07010024345715284, 0.05898063163109547, 0.05264654847100905]","[0.3333333333333333, 0.3333333333333333, 0.3333333333333333]","[0, 1, 0]",True
Uniform-QP-H,10,2,"[1, 2, 0, 13, 0, 0, 1, 1, 5, 0]","[0.0, 0.0, 0.0]","[0.3497432811827581, 0.13902605145833288, 0.2802293761478831]","[0.3333333333333333, 0.3333333333333333, 0.3333333333333333]","[1, 0, 0]",True
Uniform-QP-H,10,3,"[1, 1, 0, 13, 0, -1, 0, 1, 6, 0]","[0.0, 0.0, 0.25]","[0.3231096952025721, 0.68359375, 0.43814543554344676]","[0.3333333333333333, 0.3333333333333333, 0.3333333333333333]","[0, 0, 1]",True
Uniform-QP-H,11,0,"[2, 2, -6, 13, 0, 0, 1, 1, 5, 1]","[0.0, 0.0, 0.0]","[0.0, 0.023928978459383105, 7.412203575388512e-05]","[0.3333333333333333, 0.3333333333333333, 0.3333333333333333]","[0, 1, 0]",True
Uniform-QP-H,11,1,"[2, 2, -6, 13, 0, 0, 0, 1, 6, 1]","[0.0, 0.0, 0.0]","[0.0004307268063872426, 0.11483973675947266, 0.24546802864551354]","[0.3333333333333333, 0.3333333333333333, 0.3333333333333333]","[1, 0, 0]",True
Uniform-QP-H,11,2,"[1, 1, -5, 13, 0, 0, 0, 1, 7, 1]","[0.0, 0.0, 0.0]","[0.0, 0.0, 0.0]","[0.1, 0.8, 0.1]","[0, 1, 0]",False
Uniform-QP-H,12,0,"[1, 2, -2, 13, 0, 0, 1, 0, 4, 0]","[0.0, 0.0, 0.0]","[0.0, 0.0, 0.0]","[0.1, 0.8, 0.1]","[0, 1, 0]",False
Uniform-QP-H,12,1,"[1, 2, -2, 13, 0, 0, 1, 1, 5, 0]","[0.0, 0.0, 0.0]","[0.0, 0.0, 0.0]","[0.1, 0.8, 0.1]","[0, 1, 0]",False
Uniform-QP-H,12,2,"[1, 1, -1, 13, 0, -1, 0, 1, 6, 0]","[0.0, 0.0, 0.0]","[0.0, 0.0, 0.0]","[0.1, 0.8, 0.1]","[0, 1, 0]",False
Uniform-QP-H,13,0,"[2, 2, -1, 12, 0, 0, 1, 0, 0, 1]","[0.0, 0.0, 0.0]","[7.358546785448666e-07, 2.603289196624756e-07, 4.984841625629742e-07]","[0.3333333333333333, 0.3333333333333333, 0.3333333333333333]","[0, 1, 0]",True
Uniform-QP-H,13,1,"[2, 2, -1, 13, 0, 0, 1, 0, 1, 1]","[0.0, 0.0, 0.0]","[5.929739257723539e-06, 1.0946060509036036e-05, 8.079782253254347e-07]","[0.3333333333333333, 0.3333333333333333, 0.3333333333333333]","[1, 0, 0]",True
Uniform-QP-H,13,2,"[2, 2, -1, 13, 0, 0, 1, 0, 2, 1]","[0.0, 0.0, 0.0]","[3.050265635176957e-05, 2.8630879877335266e-06, 0.0004425833820566823]","[0.3333333333333333, 0.3333333333333333, 0.3333333333333333]","[1, 0, 0]",True
Uniform-QP-H,13,3,"[1, 2, -2, 13, 0, 0, 1, 0, 3, 1]","[0.0, 0.0, 0.0]","[0.0, 0.0, 0.0]","[0.1, 0.8, 0.1]","[0, 0, 1]",False
Uniform-QP-H,13,4,"[1, 2, -2, 13, 0, 0, 1, 0, 4, 1]","[0.0, 0.0, 0.0]","[0.0, 0.0, 0.0]","[0.1, 0.8, 0.1]","[0, 1, 0]",False
Uniform-QP-H,13,5,"[1, 2, -2, 13, 0, 0, 1, 1, 5, 1]","[0.0, 0.0, 0.0]","[0.0, 0.0, 0.0]","[0.1, 0.8, 0.1]","[0, 1, 0]",False
Uniform-QP-H,13,6,"[1, 2, -2, 13, 0, 0, 0, 1, 6, 1]","[0.0, 0.0, 0.0]","[0.00012693617462775357, 0.026004769886539703, 0.1841009106485284]","[0.3333333333333333, 0.3333333333333333, 0.3333333333333333]","[1, 0, 0]",True
Uniform-QP-H,13,7,"[1, 1, -1, 13, 0, 0, 0, 1, 7, 1]","[0.0, 0.0, 0.0]","[0.0, 0.0, 0.0]","[0.1, 0.8, 0.1]","[1, 0, 0]",False
Uniform-QP-H,14,0,"[1, 2, 0, 13, 0, 0, 1, 0, 2, 0]","[0.0, 0.0, 0.0]","[4.416773103856826e-06, 0.0026962147484430616, 0.007015475843113161]","[0.3333333333333333, 0.3333333333333333, 0.3333333333333333]","[0, 0, 1]",True
Uniform-QP-H,14,1,"[1, 2, 0, 13, 0, 0, 1, 0, 3, 0]","[0.0, 0.0, 0.0]","[0.005038845479119949, 0.01702578087765942, 0.007689957519123422]","[0.3333333333333333, 0.3333333333333333, 0.3333333333333333]","[2, 0, 0]",True
Uniform-QP-H,14,2,"[1, 2, 0, 13, 0, 0, 1, 0, 4, 0]","[0.0, 0.0, 0.0]","[0.07607286190266252, 0.06164745149925192, 0.05523551836667111]","[0.3333333333333333, 0.3333333333333333, 0.3333333333333333]","[0, 2, 0]",True
Uniform-QP-H,14,3,"[1, 2, 0, 13, 0, 0, 1, 1, 5, 0]","[0.0, 0.0, 0.00625]","[0.3505483926007453, 0.15371838754371042, 0.27380674551448975]","[0.3333333333333333, 0.3333333333333333, 0.3333333333333333]","[1, 0, 1]",True
Uniform-QP-H,14,4,"[1, 1, 0, 13, 0, -1, 0, 1, 6, 0]","[0.25, 0.0, 0.25]","[0.364815028107187, 0.6802782529015139, 0.40784520118273576]","[0.3333333333333333, 0.3333333333333333, 0.3333333333333333]","[1, 0, 1]",True
Uniform-QP-H,15,0,"[1, 2, -2, 13, 0, 0, 1, 0, 3, 0]","[0.0, 0.0, 0.0]","[0.0, 0.0, 0.0]","[0.1, 0.8, 0.1]","[0, 1, 0]",False
Uniform-QP-H,15,1,"[1, 2, -2, 13, 0, 0, 1, 0, 4, 0]","[0.0, 0.0, 0.0]","[0.0, 0.0, 0.0]","[0.1, 0.8, 0.1]","[0, 2, 0]",False
Uniform-QP-H,15,2,"[1, 2, -2, 13, 0, 0, 1, 1, 5, 0]","[0.0, 0.0, 0.0]","[0.0, 0.0, 0.0]","[0.1, 0.8, 0.1]","[0, 2, 0]",False
Uniform-QP-H,15,3,"[1, 1, -1, 13, 0, -1, 0, 1, 6, 0]","[0.0, 0.0, 0.0]","[0.0, 0.0, 0.0]","[0.1, 0.8, 0.1]","[0, 2, 0]",False
Uniform-QP-H,16,0,"[4, 0, -5, 12, 0, 0, 0, 2, 0, 3]","[0.0, 0.0, 0.0]","[9.34172908423946e-07, 4.313511654080506e-07, 4.860318448190508e-07]","[0.3333333333333333, 0.3333333333333333, 0.3333333333333333]","[1, 0, 0]",True
Uniform-QP-H,16,1,"[4, 0, -4, 12, 0, 0, 0, 2, 1, 3]","[0.0, 0.0, 0.0]","[0.0, 0.0, 0.0]","[0.1, 0.8, 0.1]","[0, 1, 0]",False
Uniform-QP-H,16,2,"[4, 0, -4, 11, 0, 0, 0, 2, 2, 3]","[0.0, 0.0, 0.0]","[0.0, 0.0, 0.0]","[0.1, 0.8, 0.1]","[0, 1, 0]",False
Uniform-QP-H,16,3,"[3, 0, -3, 10, 0, 0, 0, 2, 3, 3]","[0.0, 0.0, 0.0]","[0.0, 0.0, 0.0]","[0.1, 0.8, 0.1]","[0, 1, 0]",False
Uniform-QP-H,16,4,"[3, 0, -2, 10, 0, 0, 0, 2, 4, 3]","[0.0, 0.0, 0.0]","[0.0, 0.0, 0.0]","[0.1, 0.8, 0.1]","[0, 1, 0]",False
Uniform-QP-H,16,5,"[3, 0, -2, 10, 0, 0, 0, 2, 5, 3]","[0.0, 0.0, 0.0]","[0.0, 0.0, 0.0]","[0.1, 0.8, 0.1]","[1, 0, 0]",False
Uniform-QP-H,16,6,"[3, 0, -2, 9, 0, 0, 0, 2, 6, 3]","[0.0, 0.0, 0.0]","[0.0, 0.0, 0.0]","[0.1, 0.8, 0.1]","[0, 0, 1]",False
Uniform-QP-H,16,7,"[2, 0, -2, 9, 0, 0, 0, 2, 7, 3]","[0.0, 0.0, 0.0]","[0.0, 0.0, 0.0]","[0.1, 0.8, 0.1]","[0, 1, 0]",False
Uniform-QP-H,16,8,"[2, 0, -2, 8, 0, 0, 0, 2, 8, 3]","[0.0, 0.0, 0.0]","[0.0, 0.0, 0.0]","[0.1, 0.8, 0.1]","[0, 1, 0]",False
Uniform-QP-H,16,9,"[2, 0, -2, 8, 0, 0, 0, 2, 9, 3]","[0.0, 0.0, 0.0]","[0.0, 0.0, 0.0]","[0.1, 0.8, 0.1]","[0, 1, 0]",False
Uniform-QP-H,16,10,"[2, 0, -2, 8, 0, 0, 0, 2, 10, 3]","[0.0, 0.0, 0.0]","[0.0, 0.0, 0.0]","[0.1, 0.8, 0.1]","[0, 1, 0]",False
Uniform-QP-H,16,11,"[2, 0, -2, 7, 0, 0, 0, 2, 11, 3]","[0.0, 0.0, 0.0]","[0.0, 0.0, 0.0]","[0.1, 0.8, 0.1]","[1, 0, 0]",False
Uniform-QP-H,16,12,"[1, 0, -2, 7, 0, 0, 0, 2, 12, 3]","[0.0, 0.0, 0.0]","[0.0, 0.0, 0.0]","[0.1, 0.8, 0.1]","[0, 1, 0]",False
Uniform-QP-H,17,0,"[2, 2, -6, 13, 0, 0, 1, 0, 4, 0]","[0.0, 0.0, 0.0]","[0.0, 0.0, 0.0]","[0.1, 0.8, 0.1]","[0, 1, 0]",False
Uniform-QP-H,17,1,"[1, 2, -6, 13, 0, 0, 1, 1, 5, 0]","[0.0, 0.0, 0.0]","[0.0, 0.0, 0.0]","[0.1, 0.8, 0.1]","[0, 1, 0]",False
Uniform-QP-H,18,0,"[3, 2, -4, 13, 0, 0, 1, 0, 4, 0]","[0.0, 0.0, 0.0]","[0.0, 0.0, 0.0]","[0.1, 0.8, 0.1]","[0, 1, 0]",False
Uniform-QP-H,18,1,"[2, 2, -4, 13, 0, 0, 1, 1, 5, 0]","[0.0, 0.0, 0.0]","[0.0, 0.0, 0.0]","[0.1, 0.8, 0.1]","[0, 1, 0]",False
Uniform-QP-H,18,2,"[2, 1, -3, 13, 0, -1, 0, 1, 6, 0]","[0.0, 0.0, 0.0]","[0.0, 0.0, 0.0]","[0.1, 0.8, 0.1]","[0, 1, 0]",False
Uniform-QP-H,18,3,"[1, 0, -2, 12, 0, -1, 0, 1, 7, 0]","[0.0, 0.0, 0.0]","[0.0, 0.0, 0.0]","[0.1, 0.8, 0.1]","[0, 1, 0]",False
Uniform-QP-H,19,0,"[1, 2, -1, 13, 0, 0, 1, 1, 5, 0]","[0.0, 0.0, 0.0]","[0.22524008519577055, 0.313742907058294, 0.0660613936506882]","[0.3333333333333333, 0.3333333333333333, 0.3333333333333333]","[0, 0, 1]",True
Uniform-QP-H,19,1,"[1, 1, -1, 13, 0, -1, 0, 1, 6, 0]","[0.0, 0.0, 0.0]","[0.0, 0.0, 0.0]","[0.1, 0.8, 0.1]","[0, 3, 0]",False
Uniform-QP-H,20,0,"[3, 2, -3, 13, 0, 0, 1, 0, 2, 0]","[0.0, 0.0, 0.0]","[0.00014323607518555102, 8.215214416102759e-06, 9.163670419594652e-05]","[0.3333333333333333, 0.3333333333333333, 0.3333333333333333]","[0, 0, 1]",True
Uniform-QP-H,20,1,"[3, 2, -3, 13, 0, 0, 1, 0, 3, 0]","[0.0, 0.0, 0.0]","[4.5960934357271215e-05, 0.0008843635796630541, 0.001179050436077474]","[0.3333333333333333, 0.3333333333333333, 0.3333333333333333]","[0, 1, 0]",True
Uniform-QP-H,20,2,"[3, 2, -3, 13, 0, 0, 1, 0, 4, 0]","[0.0, 0.0, 0.0]","[0.0004790461722743733, 0.004931061106787254, 0.003316632434575756]","[0.3333333333333333, 0.3333333333333333, 0.3333333333333333]","[0, 0, 1]",True
Uniform-QP-H,20,3,"[2, 2, -3, 13, 0, 0, 1, 1, 5, 0]","[0.0, 0.0, 0.0]","[0.005315107672076554, 0.012973062205410784, 0.010547912547603745]","[0.3333333333333333, 0.3333333333333333, 0.3333333333333333]","[1, 0, 0]",True
Uniform-QP-H,20,4,"[2, 1, -3, 13, 0, -1, 0, 1, 6, 0]","[0.0, 0.0, 0.0]","[0.0, 0.0, 0.0]","[0.1, 0.8, 0.1]","[0, 2, 0]",False
Uniform-QP-H,20,5,"[2, 0, -2, 12, 0, -1, 0, 1, 7, 0]","[0.0, 0.0, 0.0]","[0.0, 0.0, 0.0]","[0.1, 0.8, 0.1]","[0, 1, 0]",False
Uniform-QP-H,20,6,"[1, 0, -2, 11, 0, 0, 0, 3, 8, 0]","[0.0, 0.0, 0.0]","[0.0, 0.0, 0.0]","[0.1, 0.8, 0.1]","[0, 1, 0]",False
Uniform-QP-H,20,7,"[1, 0, -1, 10, 0, 0, 0, 3, 9, 0]","[0.0, 0.0, 0.0]","[0.0, 0.0, 0.0]","[0.1, 0.8, 0.1]","[0, 1, 0]",False
Uniform-QP-H,21,0,"[4, 2, -3, 12, 0, 0, 1, 0, 0, 1]","[0.0, 0.0, 0.0]","[5.2899766850864205e-08, 1.3802120603956735e-08, 3.852268589844566e-08]","[0.3333333333333333, 0.3333333333333333, 0.3333333333333333]","[0, 0, 1]",True
Uniform-QP-H,21,1,"[4, 2, -3, 13, 0, 0, 1, 0, 1, 1]","[0.0, 0.0, 0.0]","[4.16472644759527e-07, 4.2008502017901304e-07, 1.1357420298492268e-06]","[0.3333333333333333, 0.3333333333333333, 0.3333333333333333]","[1, 0, 0]",True
Uniform-QP-H,21,2,"[3, 2, -3, 13, 0, 0, 1, 0, 2, 1]","[0.0, 0.0, 0.0]","[2.0181636093021618e-05, 4.675085467445482e-06, 1.488252394140833e-05]","[0.3333333333333333, 0.3333333333333333, 0.3333333333333333]","[0, 0, 1]",True
Uniform-QP-H,21,3,"[3, 2, -3, 13, 0, 0, 1, 0, 3, 1]","[0.0, 0.0, 0.0]","[5.8076576075121136e-05, 0.00018353905069820272, 4.730530284377532e-05]","[0.3333333333333333, 0.3333333333333333, 0.3333333333333333]","[0, 1, 0]",True
Uniform-QP-H,21,4,"[3, 2, -3, 13, 0, 0, 1, 0, 4, 1]","[0.0, 0.0, 0.0]","[0.00028010627335612974, 5.096587000431762e-05, 0.005873345144701329]","[0.3333333333333333, 0.3333333333333333, 0.3333333333333333]","[0, 1, 0]",True
Uniform-QP-H,21,5,"[2, 2, -4, 13, 0, 0, 1, 1, 5, 1]","[0.0, 0.0, 0.0]","[0.0, 0.0, 0.0]","[0.1, 0.8, 0.1]","[0, 1, 0]",False
Uniform-QP-H,21,6,"[2, 2, -4, 13, 0, 0, 0, 1, 6, 1]","[0.0, 0.0, 0.0]","[0.0, 0.0, 0.0]","[0.1, 0.8, 0.1]","[0, 1, 0]",False
Uniform-QP-H,21,7,"[2, 1, -3, 13, 0, 0, 0, 1, 7, 1]","[0.0, 0.0, 0.0]","[0.0, 0.0, 0.0]","[0.1, 0.8, 0.1]","[0, 1, 0]",False
Uniform-QP-H,21,8,"[1, 1, -2, 12, 0, 0, 0, 1, 8, 1]","[0.0, 0.0, 0.0]","[0.0, 0.0, 0.0]","[0.1, 0.8, 0.1]","[0, 1, 0]",False
Uniform-QP-H,22,0,"[2, 1, -5, 13, 0, -1, 0, 1, 6, 0]","[0.25, 0.25, 0.0]","[0.5841218844182438, 0.3989467014038544, 0.68359375]","[0.3333333333333333, 0.3333333333333333, 0.3333333333333333]","[1, 1, 0]",True
Uniform-QP-H,23,0,"[1, 2, -4, 13, 0, 0, 0, 1, 6, 1]","[0.0, 0.0, 0.0]","[0.0, 0.0, 0.0]","[0.1, 0.8, 0.1]","[0, 3, 0]",False
Uniform-QP-H,23,1,"[0, 1, -3, 13, 0, 0, 0, 1, 7, 1]","[0.0, 0.0, 0.0]","[0.0, 0.0, 0.0]","[0.1, 0.8, 0.1]","[0, 3, 0]",False
Uniform-QP-H,24,0,"[4, 2, -5, 13, 0, 0, 1, 0, 2, 1]","[0.0, 0.0, 0.0]","[7.155339711853455e-05, 0.0015175477744070682, 0.0006973838650786279]","[0.3333333333333333, 0.3333333333333333, 0.3333333333333333]","[1, 0, 0]",True
Uniform-QP-H,24,1,"[3, 2, -6, 13, 0, 0, 1, 0, 3, 1]","[0.0, 0.0, 0.0]","[0.0, 0.0, 0.0]","[0.1, 0.8, 0.1]","[0, 1, 0]",False
Uniform-QP-H,24,2,"[3, 2, -6, 13, 0, 0, 1, 0, 4, 1]","[0.0, 0.0, 0.0]","[0.0, 0.0, 0.0]","[0.1, 0.8, 0.1]","[0, 1, 0]",False
Uniform-QP-H,24,3,"[2, 2, -6, 13, 0, 0, 1, 1, 5, 1]","[0.0, 0.0, 0.0]","[0.0, 0.02167655755478224, 0.0015282506627870293]","[0.3333333333333333, 0.3333333333333333, 0.3333333333333333]","[0, 1, 1]",True
Uniform-QP-H,24,4,"[2, 2, -6, 13, 0, 0, 0, 1, 6, 1]","[0.0, 0.0, 0.0]","[0.00888073999380058, 0.11203726340797122, 0.2220483463285166]","[0.3333333333333333, 0.3333333333333333, 0.3333333333333333]","[2, 0, 0]",True
Uniform-QP-H,24,5,"[1, 1, -5, 13, 0, 0, 0, 1, 7, 1]","[0.0, 0.0, 0.0]","[0.0, 0.0, 0.0]","[0.1, 0.8, 0.1]","[0, 2, 0]",False
Uniform-QP-H,25,0,"[3, 2, -5, 13, 0, 0, 1, 0, 1, 1]","[0.0, 0.0, 0.0]","[0.000494676725819802, 0.0010755871217836138, 9.649444679591961e-05]","[0.3333333333333333, 0.3333333333333333, 0.3333333333333333]","[0, 0, 1]",True
Uniform-QP-H,25,1,"[3, 2, -5, 13, 0, 0, 1, 0, 2, 1]","[0.0, 0.0, 0.0]","[0.0005680407068424084, 0.003795236823794428, 0.003914648233931034]","[0.3333333333333333, 0.3333333333333333, 0.3333333333333333]","[0, 1, 0]",True
Uniform-QP-H,25,2,"[2, 2, -5, 13, 0, 0, 1, 0, 3, 1]","[0.0, 0.0, 0.0]","[0.02896698490080502, 0.011625261911962028, 0.012000264637705416]","[0.3333333333333333, 0.3333333333333333, 0.3333333333333333]","[1, 0, 0]",True
Uniform-QP-H,25,3,"[2, 2, -6, 13, 0, 0, 1, 0, 4, 1]","[0.0, 0.0, 0.0]","[0.0, 0.0, 0.0]","[0.1, 0.8, 0.1]","[1, 0, 0]",False
Uniform-QP-H,25,4,"[1, 2, -6, 13, 0, 0, 1, 1, 5, 1]","[0.0, 0.0, 0.0]","[0.0, 0.0, 0.0]","[0.1, 0.8, 0.1]","[0, 1, 0]",False
Uniform-QP-H,25,5,"[0, 2, -6, 13, 0, 0, 0, 1, 6, 1]","[0.0, 0.0, 0.0]","[0.0, 0.0, 0.0]","[0.1, 0.8, 0.1]","[0, 1, 0]",False
Uniform-QP-H,26,0,"[1, 2, 0, 13, 0, 0, 1, 0, 1, 1]","[0.0, 0.0, 0.0]","[5.993031678479927e-06, 4.8763475594857705e-06, 7.484746943017302e-06]","[0.3333333333333333, 0.3333333333333333, 0.3333333333333333]","[1, 0, 1]",True
Uniform-QP-H,26,1,"[1, 2, 0, 13, 0, 0, 1, 0, 2, 1]","[0.0, 0.0, 0.0]","[3.2098510433015005e-05, 5.5502804267848864e-05, 5.6223448130779494e-05]","[0.3333333333333333, 0.3333333333333333, 0.3333333333333333]","[1, 1, 0]",True
Uniform-QP-H,26,2,"[1, 2, 0, 13, 0, 0, 1, 0, 3, 1]","[0.0, 0.0, 0.0]","[0.00038014932957498523, 0.0004691452228347438, 0.00015138131253250201]","[0.3333333333333333, 0.3333333333333333, 0.3333333333333333]","[0, 1, 1]",True
Uniform-QP-H,26,3,"[1, 2, 0, 13, 0, 0, 1, 0, 4, 1]","[0.0, 0.0, 0.0]","[0.002942226117121547, 0.0016750839833662439, 0.0032368206484352114]","[0.3333333333333333, 0.3333333333333333, 0.3333333333333333]","[0, 1, 1]",True
Uniform-QP-H,26,4,"[1, 2, 0, 13, 0, 0, 1, 1, 5, 1]","[0.0, 0.0, 0.0]","[0.028350026228618708, 0.007201597418310114, 0.028393821235010202]","[0.3333333333333333, 0.3333333333333333, 0.3333333333333333]","[0, 0, 2]",True
Uniform-QP-H,26,5,"[1, 2, 0, 13, 0, 0, 0, 1, 6, 1]","[0.0, 0.0, 0.0]","[0.009327424467849425, 0.09191427973163582, 0.016665129091214738]","[0.3333333333333333, 0.3333333333333333, 0.3333333333333333]","[0, 0, 2]",True
Uniform-QP-H,26,6,"[1, 1, 1, 13, 0, 0, 0, 1, 7, 1]","[0.0, 0.0, 0.0]","[0.0, 0.0, 0.0]","[0.1, 0.8, 0.1]","[0, 2, 0]",False
Uniform-QP-H,26,7,"[1, 1, 1, 12, 0, 0, 0, 1, 8, 1]","[0.0, 0.4375, 0.0]","[0.5057492916402319, 0.29948181861686524, 0.2804694414753131]","[0.3333333333333333, 0.3333333333333333, 0.3333333333333333]","[0, 2, 0]",True
Uniform-QP-H,27,0,"[1, 2, -3, 13, 0, 0, 1, 0, 4, 0]","[0.0, 0.0, 0.0]","[0.26953345726302314, 0.3631850662126979, 0.027074738162427878]","[0.3333333333333333, 0.3333333333333333, 0.3333333333333333]","[1, 0, 0]",True
Uniform-QP-H,27,1,"[1, 2, -4, 13, 0, 0, 1, 1, 5, 0]","[0.0, 0.0, 0.0]","[0.0, 0.0, 0.0]","[0.1, 0.8, 0.1]","[0, 2, 0]",False
Uniform-QP-H,28,0,"[4, 2, -5, 13, 0, 0, 1, 0, 1, 1]","[0.0, 0.0, 0.0]","[9.269940270961316e-05, 0.0001446602243571779, 1.288042158205084e-06]","[0.3333333333333333, 0.3333333333333333, 0.3333333333333333]","[0, 1, 0]",True
Uniform-QP-H,28,1,"[4, 2, -5, 13, 0, 0, 1, 0, 2, 1]","[0.0, 0.0, 0.0]","[8.647415812396778e-05, 0.001177397524149988, 0.0005436227724546755]","[0.3333333333333333, 0.3333333333333333, 0.3333333333333333]","[2, 0, 0]",True
Uniform-QP-H,28,2,"[3, 2, -6, 13, 0, 0, 1, 0, 3, 1]","[0.0, 0.0, 0.0]","[0.0, 0.0, 0.0]","[0.1, 0.8, 0.1]","[0, 2, 0]",False
Uniform-QP-H,28,3,"[3, 2, -6, 13, 0, 0, 1, 0, 4, 1]","[0.0, 0.0, 0.0]","[0.0, 0.0, 0.0]","[0.1, 0.8, 0.1]","[0, 2, 0]",False
Uniform-QP-H,28,4,"[2, 2, -6, 13, 0, 0, 1, 1, 5, 1]","[0.0, 0.0, 0.0]","[0.0, 0.024919849820826737, 0.0023170559690964664]","[0.3333333333333333, 0.3333333333333333, 0.3333333333333333]","[1, 1, 1]",True
Uniform-QP-H,28,5,"[2, 2, -6, 13, 0, 0, 0, 1, 6, 1]","[0.0, 0.0, 0.0]","[0.013464526542460855, 0.13630752630449916, 0.21566824278499186]","[0.3333333333333333, 0.3333333333333333, 0.3333333333333333]","[3, 0, 0]",True
Uniform-QP-H,28,6,"[1, 1, -5, 13, 0, 0, 0, 1, 7, 1]","[0.0, 0.0, 0.0]","[0.0, 0.0, 0.0]","[0.1, 0.8, 0.1]","[0, 3, 0]",False
Uniform-QP-H,29,0,"[2, 2, -6, 13, 0, 0, 1, 0, 4, 0]","[0.0, 0.0, 0.0]","[0.0, 0.0, 0.0]","[0.1, 0.8, 0.1]","[0, 2, 0]",False
Uniform-QP-H,29,1,"[1, 2, -6, 13, 0, 0, 1, 1, 5, 0]","[0.0, 0.0, 0.0]","[0.0, 0.0, 0.0]","[0.1, 0.8, 0.1]","[0, 2, 0]",False
Uniform-QP-H,30,0,"[3, 2, -5, 13, 0, 0, 1, 0, 3, 1]","[0.0, 0.0, 0.0]","[0.00032160721344195705, 0.0038035796357392838, 0.009822846836383728]","[0.3333333333333333, 0.3333333333333333, 0.3333333333333333]","[0, 1, 0]",True
Uniform-QP-H,30,1,"[3, 2, -5, 13, 0, 0, 1, 0, 4, 1]","[0.0, 0.0, 0.0]","[0.02204630553452725, 0.025394694840727976, 0.025759593134553543]","[0.3333333333333333, 0.3333333333333333, 0.3333333333333333]","[0, 0, 1]",True
Uniform-QP-H,30,2,"[2, 2, -5, 13, 0, 0, 1, 1, 5, 1]","[0.0, 0.0, 0.0]","[0.048902814307871946, 0.09957727899160229, 0.0725752052236568]","[0.3333333333333333, 0.3333333333333333, 0.3333333333333333]","[0, 0, 1]",True
Uniform-QP-H,30,3,"[2, 2, -5, 13, 0, 0, 0, 1, 6, 1]","[0.0, 0.0, 0.0]","[0.24389995274526677, 0.1978349742849803, 0.17708005676980212]","[0.3333333333333333, 0.3333333333333333, 0.3333333333333333]","[1, 0, 0]",True
Uniform-QP-H,30,4,"[1, 1, -5, 13, 0, 0, 0, 1, 7, 1]","[0.0, 0.0, 0.0]","[0.0, 0.0, 0.0]","[0.1, 0.8, 0.1]","[0, 4, 0]",False
Uniform-QP-H,31,0,"[1, 2, 0, 12, 0, 0, 1, 0, 0, 1]","[0.0, 0.0, 0.0]","[1.8598577780986708e-06, 1.8413278287595327e-07, 1.0869963622091238e-07]","[0.3333333333333333, 0.3333333333333333, 0.3333333333333333]","[0, 1, 0]",True
Uniform-QP-H,31,1,"[1, 2, 0, 13, 0, 0, 1, 0, 1, 1]","[0.0, 0.0, 0.0]","[6.722598997841624e-06, 8.115420013691449e-06, 1.422517467475737e-05]","[0.3333333333333333, 0.3333333333333333, 0.3333333333333333]","[2, 0, 1]",True
Uniform-QP-H,31,2,"[1, 2, 0, 13, 0, 0, 1, 0, 2, 1]","[0.0, 0.0, 0.0]","[3.228789444379335e-05, 8.38395867014488e-05, 9.055806281919537e-05]","[0.3333333333333333, 0.3333333333333333, 0.3333333333333333]","[1, 2, 0]",True
Uniform-QP-H,31,3,"[1, 2, 0, 13, 0, 0, 1, 0, 3, 1]","[0.0, 0.0, 0.0]","[0.0007311977788705217, 0.0007115222411044096, 0.00022090724853110466]","[0.3333333333333333, 0.3333333333333333, 0.3333333333333333]","[1, 1, 1]",True
Uniform-QP-H,31,4,"[1, 2, 0, 13, 0, 0, 1, 0, 4, 1]","[0.0, 0.0, 0.0]","[0.005087069029175288, 0.0023718355785163417, 0.004792738933267811]","[0.3333333333333333, 0.3333333333333333, 0.3333333333333333]","[1, 1, 1]",True
Uniform-QP-H,31,5,"[1, 2, 0, 13, 0, 0, 1, 1, 5, 1]","[0.0, 0.0, 0.0]","[0.033213349229787706, 0.011814910787815961, 0.03672929346704559]","[0.3333333333333333, 0.3333333333333333, 0.3333333333333333]","[0, 1, 2]",True
Uniform-QP-H,31,6,"[1, 2, 0, 13, 0, 0, 0, 1, 6, 1]","[0.0, 0.0, 0.0]","[0.005848237096070994, 0.10767812764644784, 0.0290928645666213]","[0.3333333333333333, 0.3333333333333333, 0.3333333333333333]","[1, 0, 2]",True
Uniform-QP-H,31,7,"[1, 1, 0, 13, 0, 0, 0, 1, 7, 1]","[0.0, 0.0, 0.0]","[0.0, 0.0, 0.0]","[0.1, 0.8, 0.1]","[1, 0, 0]",False
Uniform-QP-H,31,8,"[1, 1, 1, 12, 0, 0, 0, 1, 8, 1]","[0.25, 0.4375, 0.0]","[0.40499520603365624, 0.30461688427847333, 0.17585259442239395]","[0.3333333333333333, 0.3333333333333333, 0.3333333333333333]","[1, 2, 0]",True
Uniform-QP-H,32,0,"[3, 2, -5, 13, 0, 0, 1, 0, 4, 0]","[0.0, 0.0, 0.0]","[0.010843785352206616, 0.03905309178420079, 0.0009176301418130276]","[0.3333333333333333, 0.3333333333333333, 0.3333333333333333]","[0, 1, 0]",True
Uniform-QP-H,32,1,"[2, 2, -6, 13, 0, 0, 1, 1, 5, 0]","[0.0, 0.0, 0.0]","[0.0, 0.0, 0.0]","[0.1, 0.8, 0.1]","[1, 0, 0]",False
Uniform-QP-H,32,2,"[2, 1, -6, 13, 0, -1, 0, 1, 6, 0]","[0.0, 0.0, 0.0]","[0.0, 0.0, 0.0]","[0.1, 0.8, 0.1]","[0, 1, 0]",False
Uniform-QP-H,33,0,"[0, 2, -6, 13, 0, 0, 0, 1, 6, 1]","[0.0, 0.0, 0.0]","[0.0, 0.0, 0.0]","[0.1, 0.8, 0.1]","[0, 2, 0]",False
Uniform-QP-H,34,0,"[1, 2, 0, 13, 0, 0, 1, 1, 5, 0]","[0.0, 0.0, 0.0171875]","[0.27146426778122124, 0.17393213587686224, 0.19105753328346436]","[0.3333333333333333, 0.3333333333333333, 0.3333333333333333]","[1, 0, 2]",True
Uniform-QP-H,34,1,"[1, 1, 0, 13, 0, -1, 0, 1, 6, 0]","[0.25, 0.25, 0.25]","[0.400999570319709, 0.4804694787008673, 0.4635820176022094]","[0.3333333333333333, 0.3333333333333333, 0.3333333333333333]","[1, 1, 1]",True
Uniform-QP-H,35,0,"[1, 0, -3, 12, 0, 0, 0, 3, 0, 4]","[0.0, 0.0, 0.25]","[0.8998870849609375, 0.68359375, 0.68359375]","[0.3333333333333333, 0.3333333333333333, 0.3333333333333333]","[0, 0, 1]",True
Uniform-QP-H,36,0,"[1, 2, -3, 13, 0, 0, 0, 1, 6, 1]","[0.0, 0.0, 0.0]","[0.14380337157814888, 0.3815296548822237, 0.37082647273701014]","[0.3333333333333333, 0.3333333333333333, 0.3333333333333333]","[1, 0, 0]",True
Uniform-QP-H,36,1,"[0, 1, -3, 13, 0, 0, 0, 1, 7, 1]","[0.0, 0.0, 0.0]","[0.0, 0.0, 0.0]","[0.1, 0.8, 0.1]","[0, 4, 0]",False
Uniform-QP-H,37,0,"[3, 2, -5, 13, 0, 0, 1, 0, 1, 0]","[0.0, 0.0, 0.0]","[0.00017999752969455432, 0.002166551860909257, 0.007950560340314956]","[0.3333333333333333, 0.3333333333333333, 0.3333333333333333]","[0, 1, 0]",True
Uniform-QP-H,37,1,"[3, 2, -5, 13, 0, 0, 1, 0, 2, 0]","[0.0, 0.0, 0.0]","[0.028660031029614532, 0.017937024394670615, 0.01802766617296144]","[0.3333333333333333, 0.3333333333333333, 0.3333333333333333]","[1, 0, 0]",True
Uniform-QP-H,37,2,"[2, 2, -6, 13, 0, 0, 1, 0, 3, 0]","[0.0, 0.0, 0.0]","[0.0, 0.0, 0.0]","[0.1, 0.8, 0.1]","[0, 1, 0]",False
Uniform-QP-H,37,3,"[2, 2, -6, 13, 0, 0, 1, 0, 4, 0]","[0.0, 0.0, 0.0]","[0.0, 0.0, 0.0]","[0.1, 0.8, 0.1]","[0, 3, 0]",False
Uniform-QP-H,37,4,"[1, 2, -6, 13, 0, 0, 1, 1, 5, 0]","[0.0, 0.0, 0.0]","[0.0, 0.0, 0.0]","[0.1, 0.8, 0.1]","[0, 3, 0]",False
Uniform-QP-H,38,0,"[3, 2, -6, 13, 0, 0, 1, 0, 3, 0]","[0.0, 0.0, 0.0]","[0.0013003072674649585, 0.001667893280525679, 0.0]","[0.3333333333333333, 0.3333333333333333, 0.3333333333333333]","[0, 1, 1]",True
Uniform-QP-H,38,1,"[3, 2, -5, 13, 0, 0, 1, 0, 4, 0]","[0.0, 0.0, 0.0]","[0.00795993116433107, 0.04782998617806888, 0.0005154826713377576]","[0.3333333333333333, 0.3333333333333333, 0.3333333333333333]","[1, 1, 0]",True
Uniform-QP-H,38,2,"[2, 2, -6, 13, 0, 0, 1, 1, 5, 0]","[0.0, 0.0, 0.0]","[0.0, 0.0, 0.0]","[0.1, 0.8, 0.1]","[1, 1, 0]",False
Uniform-QP-H,38,3,"[2, 1, -6, 13, 0, -1, 0, 1, 6, 0]","[0.0, 0.0, 0.0]","[0.0, 0.0, 0.0]","[0.1, 0.8, 0.1]","[1, 1, 0]",False
Uniform-QP-H,39,0,"[2, 0, -3, 12, 0, 0, 0, 3, 0, 4]","[0.0, 0.0, 0.0]","[3.9578399565730975e-06, 1.7716034487676424e-06, 1.9018666262187497e-06]","[0.3333333333333333, 0.3333333333333333, 0.3333333333333333]","[1, 0, 0]",True
Uniform-QP-H,39,1,"[2, 0, -2, 12, 0, 0, 0, 3, 1, 4]","[0.0, 0.0, 0.0]","[0.0, 0.0, 0.0]","[0.1, 0.8, 0.1]","[0, 1, 0]",False
Uniform-QP-H,39,2,"[2, 0, -2, 11, 0, 0, 0, 3, 2, 4]","[0.0, 0.0, 0.0]","[0.0, 0.0, 0.0]","[0.1, 0.8, 0.1]","[0, 1, 0]",False
Uniform-QP-H,39,3,"[2, 0, -1, 10, 0, 0, 0, 3, 3, 4]","[0.0, 0.0, 0.0]","[0.0, 0.0, 0.0]","[0.1, 0.8, 0.1]","[0, 1, 0]",False
Uniform-QP-H,39,4,"[2, 0, 0, 10, 0, 0, 0, 3, 4, 4]","[0.0, 0.0, 0.0]","[0.0, 0.0, 0.0]","[0.1, 0.8, 0.1]","[0, 1, 0]",False
Uniform-QP-H,39,5,"[2, 0, 0, 9, 0, 0, 0, 3, 5, 4]","[0.0, 0.0, 0.0]","[0.0, 0.0, 0.0]","[0.1, 0.8, 0.1]","[0, 1, 0]",False
Uniform-QP-H,39,6,"[2, 0, 0, 9, 0, 0, 0, 3, 6, 4]","[0.0, 0.0, 0.0]","[0.0, 0.0, 0.0]","[0.1, 0.8, 0.1]","[0, 1, 0]",False
Uniform-QP-H,39,7,"[2, 0, 0, 9, 0, 0, 0, 3, 7, 4]","[0.0, 0.0, 0.0]","[0.0, 0.0, 0.0]","[0.1, 0.8, 0.1]","[0, 0, 1]",False
Uniform-QP-H,39,8,"[2, 0, 1, 9, 0, 0, 0, 3, 8, 4]","[0.0, 0.0, 0.0]","[0.0, 0.0, 0.0]","[0.1, 0.8, 0.1]","[0, 1, 0]",False
Uniform-QP-H,39,9,"[2, 0, 1, 9, 0, 0, 0, 3, 9, 4]","[0.0, 0.0, 0.0]","[0.0, 0.0, 0.0]","[0.1, 0.8, 0.1]","[0, 1, 0]",False
Uniform-QP-H,39,10,"[2, 0, 0, 9, 0, 0, 0, 3, 10, 4]","[0.0, 0.0, 0.0]","[0.0, 0.0, 0.0]","[0.1, 0.8, 0.1]","[0, 1, 0]",False
Uniform-QP-H,39,11,"[2, 0, 0, 9, 0, 0, 0, 3, 11, 4]","[0.0, 0.0, 0.0]","[0.0, 0.0, 0.0]","[0.1, 0.8, 0.1]","[0, 1, 0]",False
Uniform-QP-H,39,12,"[2, 0, 0, 9, 0, 0, 0, 3, 12, 4]","[0.0, 0.0, 0.0]","[0.0, 0.0, 0.0]","[0.1, 0.8, 0.1]","[0, 1, 0]",False
Uniform-QP-H,39,13,"[2, 0, 0, 9, 0, 0, 0, 3, 13, 4]","[0.0, 0.0, 0.0]","[0.0, 0.0, 0.0]","[0.1, 0.8, 0.1]","[0, 1, 0]",False
Uniform-QP-H,39,14,"[2, 0, 0, 9, 0, 0, 0, 3, 14, 4]","[0.0, 0.0, 0.0]","[0.0, 0.0, 0.0]","[0.1, 0.8, 0.1]","[1, 0, 0]",False
Uniform-QP-H,39,15,"[2, 0, 0, 9, 0, 0, 0, 3, 15, 4]","[0.0, 0.0, 0.0]","[0.0, 0.0, 0.0]","[0.1, 0.8, 0.1]","[0, 1, 0]",False
Uniform-QP-H,39,16,"[2, 0, 0, 9, 0, 0, 0, 3, 16, 4]","[0.0, 0.0, 0.0]","[0.0, 0.0, 0.0]","[0.1, 0.8, 0.1]","[0, 0, 1]",False
Uniform-QP-H,39,17,"[2, 0, 0, 9, 0, 0, 0, 3, 17, 4]","[0.0, 0.0, 0.0]","[0.0, 0.0, 0.0]","[0.1, 0.8, 0.1]","[0, 1, 0]",False
Uniform-QP-H,39,18,"[2, 0, 0, 9, 0, 0, 0, 3, 18, 4]","[0.0, 0.0, 0.0]","[0.0, 0.0, 0.0]","[0.1, 0.8, 0.1]","[0, 1, 0]",False
Uniform-QP-H,39,19,"[2, 0, 0, 9, 0, 0, 0, 3, 19, 4]","[0.0, 0.0, 0.0]","[0.0, 0.0, 0.0]","[0.1, 0.8, 0.1]","[0, 1, 0]",False
Uniform-QP-H,39,20,"[2, 0, 0, 9, 0, 0, 0, 3, 20, 4]","[0.0, 0.0, 0.0]","[0.0, 0.0, 0.0]","[0.1, 0.8, 0.1]","[0, 0, 1]",False
Uniform-QP-H,39,21,"[2, 0, 0, 9, 0, 0, 0, 3, 21, 4]","[0.0, 0.0, 0.0]","[0.0, 0.0, 0.0]","[0.1, 0.8, 0.1]","[0, 1, 0]",False
Uniform-QP-H,39,22,"[2, 0, 0, 10, 0, 0, 0, 3, 22, 4]","[0.0, 0.0, 0.0]","[0.0, 0.0, 0.0]","[0.1, 0.8, 0.1]","[0, 1, 0]",False
Uniform-QP-H,39,23,"[2, 0, 0, 10, 0, 0, 0, 3, 23, 4]","[0.0, 0.0, 0.0]","[0.0, 0.0, 0.0]","[0.1, 0.8, 0.1]","[0, 1, 0]",False
Uniform-QP-H,39,24,"[2, 0, 0, 10, 0, 0, 0, 3, 24, 4]","[0.0, 0.0, 0.0]","[0.0, 0.0, 0.0]","[0.1, 0.8, 0.1]","[0, 1, 0]",False
Uniform-QP-H,39,25,"[2, 0, 0, 10, 0, 0, 0, 3, 25, 4]","[0.0, 0.0, 0.0]","[0.0, 0.0, 0.0]","[0.1, 0.8, 0.1]","[0, 1, 0]",False
Uniform-QP-H,39,26,"[2, 0, 0, 10, 0, 0, 0, 3, 26, 4]","[0.0, 0.0, 0.0]","[0.0, 0.0, 0.0]","[0.1, 0.8, 0.1]","[0, 0, 1]",False
Uniform-QP-H,39,27,"[2, 0, 0, 10, 0, 0, 0, 3, 27, 4]","[0.0, 0.0, 0.0]","[0.0, 0.0, 0.0]","[0.1, 0.8, 0.1]","[0, 1, 0]",False
Uniform-QP-H,39,28,"[2, 0, 0, 10, 0, 0, 0, 3, 28, 4]","[0.0, 0.0, 0.0]","[0.0, 0.0, 0.0]","[0.1, 0.8, 0.1]","[0, 1, 0]",False
Uniform-QP-H,39,29,"[2, 0, 0, 10, 0, 0, 0, 3, 29, 4]","[0.0, 0.0, 0.0]","[0.0, 0.0, 0.0]","[0.1, 0.8, 0.1]","[0, 1, 0]",False
Uniform-QP-H,39,30,"[2, 0, 0, 10, 0, 0, 0, 3, 30, 4]","[0.0, 0.0, 0.0]","[0.0, 0.0, 0.0]","[0.1, 0.8, 0.1]","[0, 1, 0]",False
Uniform-QP-H,39,31,"[2, 0, 0, 10, 0, 0, 0, 3, 31, 4]","[0.0, 0.0, 0.0]","[0.0, 0.0, 0.0]","[0.1, 0.8, 0.1]","[0, 0, 1]",False
Uniform-QP-H,39,32,"[2, 0, 0, 10, 0, 0, 0, 3, 32, 4]","[0.0, 0.0, 0.0]","[0.0, 0.0, 0.0]","[0.1, 0.8, 0.1]","[0, 1, 0]",False
Uniform-QP-H,39,33,"[2, 0, 0, 10, 0, 0, 0, 3, 33, 4]","[0.0, 0.0, 0.0]","[0.0, 0.0, 0.0]","[0.1, 0.8, 0.1]","[1, 0, 0]",False
Uniform-QP-H,39,34,"[2, 0, 0, 10, 0, 0, 0, 3, 34, 4]","[0.0, 0.0, 0.0]","[0.0, 0.0, 0.0]","[0.1, 0.8, 0.1]","[1, 0, 0]",False
Uniform-QP-H,40,0,"[4, 2, -5, 13, 0, 0, 1, 0, 1, 1]","[0.0, 0.0, 0.0]","[3.335040910897422e-05, 5.4553846693233555e-05, 2.0579741864397374e-06]","[0.3333333333333333, 0.3333333333333333, 0.3333333333333333]","[0, 1, 1]",True
Uniform-QP-H,40,1,"[4, 2, -5, 13, 0, 0, 1, 0, 2, 1]","[0.0, 0.0, 0.0]","[9.373422238037594e-05, 0.00043172258280371165, 0.00020479095346634166]","[0.3333333333333333, 0.3333333333333333, 0.3333333333333333]","[3, 0, 0]",True
Uniform-QP-H,40,2,"[3, 2, -6, 13, 0, 0, 1, 0, 3, 1]","[0.0, 0.0, 0.0]","[0.0, 0.0, 0.0]","[0.1, 0.8, 0.1]","[0, 3, 0]",False
Uniform-QP-H,40,3,"[3, 2, -6, 13, 0, 0, 1, 0, 4, 1]","[0.0, 0.0, 0.0]","[0.0, 0.0, 0.0]","[0.1, 0.8, 0.1]","[0, 3, 0]",False
Uniform-QP-H,40,4,"[2, 2, -6, 13, 0, 0, 1, 1, 5, 1]","[0.0, 0.0, 0.0]","[0.0, 0.023065593172950014, 0.006596434049683698]","[0.3333333333333333, 0.3333333333333333, 0.3333333333333333]","[2, 1, 1]",True
Uniform-QP-H,40,5,"[2, 2, -6, 13, 0, 0, 0, 1, 6, 1]","[0.0, 0.0, 0.0]","[0.038332203680946524, 0.15563702135278826, 0.15350826342398888]","[0.3333333333333333, 0.3333333333333333, 0.3333333333333333]","[4, 0, 0]",True
Uniform-QP-H,40,6,"[1, 1, -5, 13, 0, 0, 0, 1, 7, 1]","[0.0, 0.0, 0.0]","[0.0, 0.0, 0.0]","[0.1, 0.8, 0.1]","[0, 5, 0]",False
Uniform-QP-H,41,0,"[1, 2, 0, 13, 0, 0, 1, 0, 1, 0]","[0.0, 0.0, 0.0]","[1.2962317362431416e-05, 0.00029043541151502845, 0.0005104129748312373]","[0.3333333333333333, 0.3333333333333333, 0.3333333333333333]","[1, 0, 0]",True
Uniform-QP-H,41,1,"[1, 2, 0, 13, 0, 0, 1, 0, 2, 0]","[0.0, 0.0, 0.0]","[0.00038705283031096954, 0.0022043240519860423, 0.004713580367356358]","[0.3333333333333333, 0.3333333333333333, 0.3333333333333333]","[0, 1, 1]",True
Uniform-QP-H,41,2,"[1, 2, 0, 13, 0, 0, 1, 0, 3, 0]","[0.0, 0.0, 0.0]","[0.002428699804930696, 0.010511848900536677, 0.01070661576320282]","[0.3333333333333333, 0.3333333333333333, 0.3333333333333333]","[2, 1, 0]",True
Uniform-QP-H,41,3,"[1, 2, 0, 13, 0, 0, 1, 0, 4, 0]","[0.0, 0.0, 0.00042968750000000006]","[0.08158793311377063, 0.05385933832398973, 0.05313030974831462]","[0.3333333333333333, 0.3333333333333333, 0.3333333333333333]","[0, 2, 1]",True
Uniform-QP-H,41,4,"[1, 2, 0, 13, 0, 0, 1, 1, 5, 0]","[0.0, 0.0, 0.075390625]","[0.23534365692317505, 0.17247340290970667, 0.15847644307740957]","[0.3333333333333333, 0.3333333333333333, 0.3333333333333333]","[1, 0, 3]",True
Uniform-QP-H,41,5,"[1, 1, 0, 13, 0, -1, 0, 1, 6, 0]","[0.4375, 0.25, 0.25]","[0.3873337185593717, 0.3930484795770593, 0.5103757203233266]","[0.3333333333333333, 0.3333333333333333, 0.3333333333333333]","[2, 1, 1]",True
Uniform-QP-H,42,0,"[2, 0, -5, 12, 0, 0, 0, 2, 0, 3]","[0.0, 0.0, 0.0]","[0.03640771880123643, 0.019394955175690353, 0.017542836507105544]","[0.3333333333333333, 0.3333333333333333, 0.3333333333333333]","[0, 1, 0]",True
Uniform-QP-H,42,1,"[2, 0, -4, 12, 0, 0, 0, 2, 1, 3]","[0.0, 0.0, 0.0]","[0.0, 0.0, 0.0]","[0.1, 0.8, 0.1]","[0, 0, 1]",False
Uniform-QP-H,42,2,"[2, 0, -3, 11, 0, 0, 0, 2, 2, 3]","[0.0, 0.0, 0.0]","[0.0, 0.0, 0.0]","[0.1, 0.8, 0.1]","[0, 1, 0]",False
Uniform-QP-H,42,3,"[1, 0, -2, 10, 0, 0, 0, 2, 3, 3]","[0.0, 0.0, 0.0]","[0.0, 0.0, 0.0]","[0.1, 0.8, 0.1]","[0, 1, 0]",False
Uniform-QP-H,43,0,"[0, 2, -6, 13, 0, 0, 0, 1, 6, 1]","[0.0, 0.0, 0.0]","[0.0, 0.0, 0.0]","[0.1, 0.8, 0.1]","[0, 3, 0]",False
Uniform-QP-H,44,0,"[5, 2, -5, 12, 0, 0, 1, 0, 0, 1]","[0.0, 0.0, 0.0]","[5.444010115519672e-06, 4.062117013873021e-06, 6.425400352408271e-08]","[0.3333333333333333, 0.3333333333333333, 0.3333333333333333]","[0, 1, 0]",True
Uniform-QP-H,44,1,"[4, 2, -5, 13, 0, 0, 1, 0, 1, 1]","[0.0, 0.0, 0.0]","[3.3376220137182375e-05, 5.4653119227667195e-05, 2.0519873986972257e-06]","[0.3333333333333333, 0.3333333333333333, 0.3333333333333333]","[0, 1, 2]",True
Uniform-QP-H,44,2,"[4, 2, -5, 13, 0, 0, 1, 0, 2, 1]","[0.0, 0.0, 0.0]","[9.471639748102314e-05, 0.0004320971674233896, 0.00020502925721192162]","[0.3333333333333333, 0.3333333333333333, 0.3333333333333333]","[4, 0, 0]",True
Uniform-QP-H,44,3,"[3, 2, -5, 13, 0, 0, 1, 0, 3, 1]","[0.0, 0.0, 0.0]","[0.00047688742749206546, 0.0015094636196952543, 0.0041305935738256165]","[0.3333333333333333, 0.3333333333333333, 0.3333333333333333]","[1, 1, 0]",True
Uniform-QP-H,44,4,"[3, 2, -6, 13, 0, 0, 1, 0, 4, 1]","[0.0, 0.0, 0.0]","[0.0, 0.0, 0.0]","[0.1, 0.8, 0.1]","[0, 4, 0]",False
Uniform-QP-H,44,5,"[2, 2, -6, 13, 0, 0, 1, 1, 5, 1]","[0.0, 0.0, 0.0]","[0.0, 0.023413769874373325, 0.0064954986485269315]","[0.3333333333333333, 0.3333333333333333, 0.3333333333333333]","[2, 2, 1]",True
Uniform-QP-H,44,6,"[2, 2, -6, 13, 0, 0, 0, 1, 6, 1]","[0.0, 0.0, 0.0]","[0.03774566308543421, 0.15693954987212097, 0.15540558745926525]","[0.3333333333333333, 0.3333333333333333, 0.3333333333333333]","[5, 0, 0]",True
Uniform-QP-H,44,7,"[1, 1, -5, 13, 0, 0, 0, 1, 7, 1]","[0.0, 0.0, 0.0]","[0.0, 0.0, 0.0]","[0.1, 0.8, 0.1]","[0, 6, 0]",False
Uniform-QP-H,45,0,"[1, 0, -5, 12, 0, 0, 0, 2, 0, 2]","[0.25, 0.0, 0.0]","[0.8998870849609375, 0.68359375, 0.68359375]","[0.3333333333333333, 0.3333333333333333, 0.3333333333333333]","[1, 0, 0]",True
Uniform-QP-H,46,0,"[4, 2, -6, 13, 0, 0, 1, 0, 2, 0]","[0.0, 0.0, 0.0]","[0.0, 0.0, 0.0]","[0.1, 0.8, 0.1]","[0, 1, 0]",False
Uniform-QP-H,46,1,"[3, 2, -6, 13, 0, 0, 1, 0, 3, 0]","[0.0, 0.0, 0.0]","[0.0011866151284733429, 0.0015452430199929027, 0.0]","[0.3333333333333333, 0.3333333333333333, 0.3333333333333333]","[0, 1, 2]",True
Uniform-QP-H,46,2,"[3, 2, -5, 13, 0, 0, 1, 0, 4, 0]","[0.0, 0.0, 0.0]","[0.00807046554761436, 0.04713355151359028, 0.00045072910938746553]","[0.3333333333333333, 0.3333333333333333, 0.3333333333333333]","[1, 2, 0]",True
Uniform-QP-H,46,3,"[2, 2, -6, 13, 0, 0, 1, 1, 5, 0]","[0.0, 0.0, 0.0]","[0.0, 0.0, 0.0]","[0.1, 0.8, 0.1]","[1, 2, 0]",False
Uniform-QP-H,46,4,"[2, 1, -5, 13, 0, -1, 0, 1, 6, 0]","[0.4375, 0.25, 0.0]","[0.3957168647268444, 0.699686598984337, 0.68359375]","[0.3333333333333333, 0.3333333333333333, 0.3333333333333333]","[2, 1, 0]",True
Uniform-QP-H,47,0,"[3, 2, -3, 13, 0, 0, 1, 0, 3, 1]","[0.0, 0.0, 0.0]","[3.277967043664994e-05, 0.00016062608973643855, 3.948978624107764e-05]","[0.3333333333333333, 0.3333333333333333, 0.3333333333333333]","[0, 1, 1]",True
Uniform-QP-H,47,1,"[3, 2, -3, 13, 0, 0, 1, 0, 4, 1]","[0.0, 0.0, 0.0]","[0.00036122348917586895, 0.0002038086468661049, 0.003821481062877884]","[0.3333333333333333, 0.3333333333333333, 0.3333333333333333]","[1, 1, 0]",True
Uniform-QP-H,47,2,"[2, 2, -4, 13, 0, 0, 1, 1, 5, 1]","[0.0, 0.0, 0.0]","[0.0, 0.0, 0.0]","[0.1, 0.8, 0.1]","[0, 2, 0]",False
Uniform-QP-H,47,3,"[2, 2, -4, 13, 0, 0, 0, 1, 6, 1]","[0.0, 0.0, 0.0]","[0.0, 0.0, 0.0]","[0.1, 0.8, 0.1]","[0, 2, 0]",False
Uniform-QP-H,47,4,"[2, 1, -3, 13, 0, 0, 0, 1, 7, 1]","[0.0, 0.0, 0.0]","[0.0, 0.0, 0.0]","[0.1, 0.8, 0.1]","[0, 2, 0]",False
Uniform-QP-H,47,5,"[1, 1, -2, 12, 0, 0, 0, 1, 8, 1]","[0.0, 0.0, 0.0]","[0.0, 0.0, 0.0]","[0.1, 0.8, 0.1]","[0, 2, 0]",False
Uniform-QP-H,48,0,"[1, 2, -1, 13, 0, 0, 1, 1, 5, 0]","[0.0, 0.0, 0.0]","[0.20609443758664858, 0.21509462289186884, 0.1489357925021354]","[0.3333333333333333, 0.3333333333333333, 0.3333333333333333]","[0, 1, 1]",True
Uniform-QP-H,48,1,"[1, 1, -1, 13, 0, -1, 0, 1, 6, 0]","[0.0, 0.0, 0.0]","[0.0, 0.0, 0.0]","[0.1, 0.8, 0.1]","[0, 4, 0]",False
Uniform-QP-H,49,0,"[4, 2, -5, 12, 0, 0, 1, 0, 0, 0]","[0.0, 0.0, 0.0]","[0.0007776346324640738, 0.0005739437244610044, 0.0006200931899420606]","[0.3333333333333333, 0.3333333333333333, 0.3333333333333333]","[1, 0, 0]",True
Uniform-QP-H,49,1,"[3, 2, -5, 13, 0, 0, 1, 0, 1, 0]","[0.0, 0.0, 0.0]","[0.00015905582771984355, 0.002355537335182861, 0.00882357436218759]","[0.3333333333333333, 0.3333333333333333, 0.3333333333333333]","[0, 1, 1]",True
Uniform-QP-H,49,2,"[3, 2, -5, 13, 0, 0, 1, 0, 2, 0]","[0.0, 0.0, 0.0]","[0.03109472335976947, 0.020029365678167356, 0.018544270448705644]","[0.3333333333333333, 0.3333333333333333, 0.3333333333333333]","[2, 0, 0]",True
Uniform-QP-H,49,3,"[2, 2, -6, 13, 0, 0, 1, 0, 3, 0]","[0.0, 0.0, 0.0]","[0.0, 0.0, 0.0]","[0.1, 0.8, 0.1]","[0, 2, 0]",False
Uniform-QP-H,49,4,"[2, 2, -6, 13, 0, 0, 1, 0, 4, 0]","[0.0, 0.0, 0.0]","[0.0, 0.0, 0.0]","[0.1, 0.8, 0.1]","[0, 4, 0]",False
Uniform-QP-H,49,5,"[1, 2, -6, 13, 0, 0, 1, 1, 5, 0]","[0.0, 0.0, 0.0]","[0.0, 0.0, 0.0]","[0.1, 0.8, 0.1]","[0, 3, 1]",False
Uniform-QP-H,50,0,"[3, 2, -3, 13, 0, 0, 1, 0, 2, 1]","[0.0, 0.0, 0.0]","[1.8730320295614855e-05, 8.137139396541744e-06, 1.09811458079694e-05]","[0.3333333333333333, 0.3333333333333333, 0.3333333333333333]","[1, 0, 1]",True
Uniform-QP-H,50,1,"[3, 2, -4, 13, 0, 0, 1, 0, 3, 1]","[0.0, 0.0, 0.0]","[0.0, 0.0, 0.0]","[0.1, 0.8, 0.1]","[0, 1, 0]",False
Uniform-QP-H,50,2,"[3, 2, -4, 13, 0, 0, 1, 0, 4, 1]","[0.0, 0.0, 0.0]","[0.0, 0.0, 0.0]","[0.1, 0.8, 0.1]","[0, 1, 0]",False
Uniform-QP-H,50,3,"[2, 2, -4, 13, 0, 0, 1, 1, 5, 1]","[0.0, 0.0, 0.0]","[0.0, 0.0, 0.0]","[0.1, 0.8, 0.1]","[0, 2, 1]",False
Uniform-QP-H,50,4,"[2, 2, -4, 13, 0, 0, 0, 1, 6, 1]","[0.0, 0.0, 0.0]","[0.0, 0.0, 0.0]","[0.1, 0.8, 0.1]","[0, 3, 0]",False
Uniform-QP-H,50,5,"[2, 1, -3, 13, 0, 0, 0, 1, 7, 1]","[0.0, 0.0, 0.0]","[0.0, 0.0, 0.0]","[0.1, 0.8, 0.1]","[0, 3, 0]",False
Uniform-QP-H,50,6,"[1, 1, -2, 12, 0, 0, 0, 1, 8, 1]","[0.0, 0.0, 0.0]","[0.0, 0.0, 0.0]","[0.1, 0.8, 0.1]","[0, 3, 0]",False
Uniform-QP-H,51,0,"[1, 2, 0, 13, 0, 0, 1, 0, 2, 1]","[0.0, 0.0, 0.0]","[3.236955684151224e-05, 0.00010486206537391048, 0.00011603537132534055]","[0.3333333333333333, 0.3333333333333333, 0.3333333333333333]","[1, 2, 1]",True
Uniform-QP-H,51,1,"[1, 2, 0, 13, 0, 0, 1, 0, 3, 1]","[0.0, 0.0, 0.0]","[0.000992091521487324, 0.0008913421792324164, 0.00027241623242011824]","[0.3333333333333333, 0.3333333333333333, 0.3333333333333333]","[1, 2, 1]",True
Uniform-QP-H,51,2,"[1, 2, 0, 13, 0, 0, 1, 0, 4, 1]","[0.0, 0.0, 0.0]","[0.006682015286013583, 0.002887716078277752, 0.005948173750557552]","[0.3333333333333333, 0.3333333333333333, 0.3333333333333333]","[2, 1, 1]",True
Uniform-QP-H,51,3,"[1, 2, 0, 13, 0, 0, 1, 1, 5, 1]","[0.0, 0.0, 0.0]","[0.03679017198981055, 0.015246773003565355, 0.0428842975632406]","[0.3333333333333333, 0.3333333333333333, 0.3333333333333333]","[0, 1, 3]",True
Uniform-QP-H,51,4,"[1, 2, 0, 13, 0, 0, 0, 1, 6, 1]","[0.0, 0.0, 0.0]","[0.003282265593472363, 0.11927727281400556, 0.03832078816529669]","[0.3333333333333333, 0.3333333333333333, 0.3333333333333333]","[1, 0, 3]",True
Uniform-QP-H,51,5,"[1, 1, 0, 13, 0, 0, 0, 1, 7, 1]","[0.0, 0.0, 0.0]","[0.0, 0.0, 0.0]","[0.1, 0.8, 0.1]","[2, 0, 0]",False
Uniform-QP-H,51,6,"[1, 1, 1, 12, 0, 0, 0, 1, 8, 1]","[0.25, 0.578125, 0.0]","[0.3302677803806028, 0.3078467760862817, 0.09869554033355608]","[0.3333333333333333, 0.3333333333333333, 0.3333333333333333]","[1, 3, 0]",True
Uniform-QP-H,52,0,"[3, 2, -5, 13, 0, 0, 1, 0, 3, 1]","[0.0, 0.0, 0.0]","[0.0004759818994505236, 0.0015202046459082252, 0.004116244554996454]","[0.3333333333333333, 0.3333333333333333, 0.3333333333333333]","[1, 2, 0]",True
Uniform-QP-H,52,1,"[3, 2, -5, 13, 0, 0, 1, 0, 4, 1]","[0.0, 0.0, 0.0]","[0.011452071510504076, 0.011088832818471263, 0.010540818006424143]","[0.3333333333333333, 0.3333333333333333, 0.3333333333333333]","[1, 0, 1]",True
Uniform-QP-H,52,2,"[2, 2, -6, 13, 0, 0, 1, 1, 5, 1]","[0.0, 0.0, 0.0]","[0.0, 0.024468498876796505, 0.006193827246861638]","[0.3333333333333333, 0.3333333333333333, 0.3333333333333333]","[2, 3, 1]",True
Uniform-QP-H,52,3,"[2, 2, -6, 13, 0, 0, 0, 1, 6, 1]","[0.0, 0.0, 0.0]","[0.035992635688168684, 0.16091400980410903, 0.16109621748039724]","[0.3333333333333333, 0.3333333333333333, 0.3333333333333333]","[5, 0, 1]",True
Uniform-QP-H,52,4,"[1, 1, -5, 13, 0, 0, 0, 1, 7, 1]","[0.0, 0.0, 0.0]","[0.0, 0.0, 0.0]","[0.1, 0.8, 0.1]","[0, 7, 0]",False
Uniform-QP-H,53,0,"[2, 2, -3, 13, 0, 0, 1, 0, 3, 0]","[0.0, 0.0, 0.0]","[0.0005972490126470623, 0.12514513224540152, 0.15635022827443598]","[0.3333333333333333, 0.3333333333333333, 0.3333333333333333]","[0, 1, 0]",True
Uniform-QP-H,53,1,"[1, 2, -3, 13, 0, 0, 1, 0, 4, 0]","[0.0, 0.0, 0.0]","[0.19364344761989163, 0.36143419656809206, 0.07237470875487023]","[0.3333333333333333, 0.3333333333333333, 0.3333333333333333]","[2, 0, 0]",True
Uniform-QP-H,53,2,"[1, 2, -4, 13, 0, 0, 1, 1, 5, 0]","[0.0, 0.0, 0.0]","[0.0, 0.0, 0.0]","[0.1, 0.8, 0.1]","[0, 3, 0]",False
Uniform-QP-H,54,0,"[1, 0, -5, 12, 0, 0, 0, 3, 0, 4]","[0.0, 0.25, 0.0]","[0.8998870849609375, 0.68359375, 0.68359375]","[0.3333333333333333, 0.3333333333333333, 0.3333333333333333]","[0, 1, 0]",True
Uniform-QP-H,55,0,"[2, 2, -4, 13, 0, 0, 1, 0, 3, 0]","[0.0, 0.0, 0.0]","[0.0, 0.0, 0.0]","[0.1, 0.8, 0.1]","[0, 2, 0]",False
Uniform-QP-H,55,1,"[1, 2, -4, 13, 0, 0, 1, 0, 4, 0]","[0.0, 0.0, 0.0]","[0.0, 0.0, 0.0]","[0.1, 0.8, 0.1]","[0, 2, 0]",False
Uniform-QP-H,55,2,"[1, 2, -4, 13, 0, 0, 1, 1, 5, 0]","[0.0, 0.0, 0.0]","[0.0, 0.0, 0.0]","[0.1, 0.8, 0.1]","[0, 4, 0]",False
Uniform-QP-H,56,0,"[4, 1, -5, 13, 0, -1, 0, 1, 6, 0]","[0.0, 0.0, 0.0]","[0.0001740236753394193, 4.099914128028841e-05, 9.488690868677876e-05]","[0.3333333333333333, 0.3333333333333333, 0.3333333333333333]","[1, 0, 0]",True
Uniform-QP-H,56,1,"[3, 0, -5, 12, 0, -1, 0, 1, 7, 0]","[0.0, 0.0, 0.0]","[0.0, 0.0, 0.0]","[0.1, 0.8, 0.1]","[0, 1, 0]",False
Uniform-QP-H,56,2,"[3, 0, -4, 11, 0, 0, 0, 3, 8, 0]","[0.0, 0.0, 0.0]","[0.0, 0.0, 0.0]","[0.1, 0.8, 0.1]","[0, 1, 0]",False
Uniform-QP-H,56,3,"[2, 0, -3, 11, 0, 0, 0, 3, 9, 0]","[0.0, 0.0, 0.0]","[0.0, 0.0, 0.0]","[0.1, 0.8, 0.1]","[0, 1, 0]",False
Uniform-QP-H,56,4,"[2, 0, -2, 10, 0, 0, 0, 3, 10, 0]","[0.0, 0.0, 0.0]","[0.0, 0.0, 0.0]","[0.1, 0.8, 0.1]","[1, 0, 0]",False
Uniform-QP-H,56,5,"[2, 0, -2, 9, 0, 0, 0, 3, 11, 0]","[0.0, 0.0, 0.0]","[0.0, 0.0, 0.0]","[0.1, 0.8, 0.1]","[1, 0, 0]",False
Uniform-QP-H,56,6,"[2, 0, -1, 8, 0, 0, 0, 3, 12, 0]","[0.0, 0.0, 0.0]","[0.0, 0.0, 0.0]","[0.1, 0.8, 0.1]","[0, 1, 0]",False
Uniform-QP-H,56,7,"[2, 0, -1, 8, 0, 0, 0, 3, 13, 0]","[0.0, 0.0, 0.0]","[0.0, 0.0, 0.0]","[0.1, 0.8, 0.1]","[1, 0, 0]",False
Uniform-QP-H,56,8,"[1, 0, 0, 8, 0, 0, 0, 3, 14, 0]","[0.0, 0.0, 0.0]","[0.0, 0.0, 0.0]","[0.1, 0.8, 0.1]","[0, 1, 0]",False
Uniform-QP-H,56,9,"[1, 0, 0, 7, 0, 0, 0, 3, 15, 0]","[0.0, 0.0, 0.0]","[0.0, 0.0, 0.0]","[0.1, 0.8, 0.1]","[1, 0, 0]",False
Uniform-QP-H,56,10,"[1, 0, 0, 7, 0, 0, 0, 3, 16, 0]","[0.0, 0.0, 0.0]","[0.0, 0.0, 0.0]","[0.1, 0.8, 0.1]","[0, 1, 0]",False
Uniform-QP-H,56,11,"[1, 0, 0, 7, 0, 0, 0, 3, 17, 0]","[0.0, 0.0, 0.0]","[0.0, 0.0, 0.0]","[0.1, 0.8, 0.1]","[0, 1, 0]",False
Uniform-QP-H,56,12,"[1, 0, 0, 7, 0, 0, 0, 3, 18, 0]","[0.0, 0.0, 0.0]","[0.0, 0.0, 0.0]","[0.1, 0.8, 0.1]","[0, 1, 0]",False
Uniform-QP-H,56,13,"[1, 0, 0, 7, 0, 0, 0, 3, 19, 0]","[0.0, 0.0, 0.0]","[0.0, 0.0, 0.0]","[0.1, 0.8, 0.1]","[0, 1, 0]",False
Uniform-QP-H,56,14,"[1, 0, 0, 7, 0, 0, 0, 3, 20, 0]","[0.0, 0.0, 0.0]","[0.0, 0.0, 0.0]","[0.1, 0.8, 0.1]","[0, 1, 0]",False
Uniform-QP-H,56,15,"[2, 0, 0, 7, 0, 0, 0, 3, 21, 0]","[0.0, 0.0, 0.0]","[0.0, 0.0, 0.0]","[0.1, 0.8, 0.1]","[1, 0, 0]",False
Uniform-QP-H,56,16,"[2, 0, 0, 7, 0, 0, 0, 3, 22, 0]","[0.0, 0.0, 0.0]","[0.0, 0.0, 0.0]","[0.1, 0.8, 0.1]","[0, 1, 0]",False
Uniform-QP-H,56,17,"[2, 0, 0, 7, 0, 0, 0, 3, 23, 0]","[0.0, 0.0, 0.0]","[0.0, 0.0, 0.0]","[0.1, 0.8, 0.1]","[0, 1, 0]",False
Uniform-QP-H,56,18,"[2, 0, 0, 7, 0, 0, 0, 3, 24, 0]","[0.0, 0.0, 0.0]","[0.0, 0.0, 0.0]","[0.1, 0.8, 0.1]","[0, 1, 0]",False
Uniform-QP-H,56,19,"[2, 0, 0, 7, 0, 0, 0, 3, 25, 0]","[0.0, 0.0, 0.0]","[0.0, 0.0, 0.0]","[0.1, 0.8, 0.1]","[0, 1, 0]",False
Uniform-QP-H,56,20,"[2, 0, 0, 7, 0, 0, 0, 3, 26, 0]","[0.0, 0.0, 0.0]","[0.0, 0.0, 0.0]","[0.1, 0.8, 0.1]","[0, 1, 0]",False
Uniform-QP-H,56,21,"[2, 0, 0, 7, 0, 0, 0, 3, 27, 0]","[0.0, 0.0, 0.0]","[0.0, 0.0, 0.0]","[0.1, 0.8, 0.1]","[0, 1, 0]",False
Uniform-QP-H,56,22,"[2, 0, 0, 7, 0, 0, 0, 3, 28, 0]","[0.0, 0.0, 0.0]","[0.0, 0.0, 0.0]","[0.1, 0.8, 0.1]","[0, 1, 0]",False
Uniform-QP-H,56,23,"[2, 0, 0, 7, 0, 0, 0, 3, 29, 0]","[0.0, 0.0, 0.0]","[0.0, 0.0, 0.0]","[0.1, 0.8, 0.1]","[0, 1, 0]",False
Uniform-QP-H,56,24,"[2, 0, 0, 7, 0, 0, 0, 3, 30, 0]","[0.0, 0.0, 0.0]","[0.0, 0.0, 0.0]","[0.1, 0.8, 0.1]","[0, 1, 0]",False
Uniform-QP-H,56,25,"[2, 0, 0, 7, 0, 0, 0, 3, 31, 0]","[0.0, 0.0, 0.0]","[0.0, 0.0, 0.0]","[0.1, 0.8, 0.1]","[0, 1, 0]",False
Uniform-QP-H,56,26,"[2, 0, 0, 7, 0, 0, 0, 3, 32, 0]","[0.0, 0.0, 0.0]","[0.0, 0.0, 0.0]","[0.1, 0.8, 0.1]","[0, 0, 1]",False
Uniform-QP-H,56,27,"[2, 0, 0, 7, 0, 0, 0, 3, 33, 0]","[0.0, 0.0, 0.0]","[0.0, 0.0, 0.0]","[0.1, 0.8, 0.1]","[0, 1, 0]",False
Uniform-QP-H,56,28,"[2, 0, 0, 8, 0, 0, 0, 3, 34, 0]","[0.0, 0.0, 0.0]","[0.0, 0.0, 0.0]","[0.1, 0.8, 0.1]","[0, 1, 0]",False
Uniform-QP-H,57,0,"[0, 2, -5, 13, 0, 0, 0, 1, 6, 1]","[0.0, 0.0, 0.0]","[0.0, 0.0, 0.0]","[0.1, 0.8, 0.1]","[0, 0, 1]",False
Uniform-QP-H,58,0,"[0, 2, -6, 13, 0, 0, 0, 1, 6, 1]","[0.0, 0.0, 0.0]","[0.0, 0.0, 0.0]","[0.1, 0.8, 0.1]","[1, 3, 0]",False
Uniform-QP-H,59,0,"[2, 2, -1, 12, 0, 0, 1, 0, 0, 1]","[0.0, 0.0, 0.0]","[5.866135954343616e-07, 3.4515097862144615e-07, 4.447377598488754e-07]","[0.3333333333333333, 0.3333333333333333, 0.3333333333333333]","[0, 2, 0]",True
Uniform-QP-H,59,1,"[2, 2, -1, 13, 0, 0, 1, 0, 1, 1]","[0.0, 0.0, 0.0]","[1.790034576458617e-06, 4.412418976170847e-06, 1.569204871438429e-05]","[0.3333333333333333, 0.3333333333333333, 0.3333333333333333]","[1, 1, 0]",True
Uniform-QP-H,59,2,"[2, 2, -1, 13, 0, 0, 1, 0, 2, 1]","[0.0, 0.0, 0.0]","[5.027322580276366e-05, 5.1952029092715575e-05, 0.0002453196012614311]","[0.3333333333333333, 0.3333333333333333, 0.3333333333333333]","[1, 1, 0]",True
Uniform-QP-H,59,3,"[1, 2, -1, 13, 0, 0, 1, 0, 3, 1]","[0.0, 0.0, 0.0]","[0.00034093978207426143, 0.0006706556449234072, 0.0013784336906470522]","[0.3333333333333333, 0.3333333333333333, 0.3333333333333333]","[0, 1, 0]",True
Uniform-QP-H,59,4,"[1, 2, -2, 13, 0, 0, 1, 0, 4, 1]","[0.0, 0.0, 0.0]","[0.0, 0.0, 0.0]","[0.1, 0.8, 0.1]","[0, 2, 0]",False
Uniform-QP-H,59,5,"[1, 2, -2, 13, 0, 0, 1, 1, 5, 1]","[0.0, 0.0, 0.0]","[0.0, 0.0, 0.0]","[0.1, 0.8, 0.1]","[0, 2, 0]",False
Uniform-QP-H,59,6,"[1, 2, -2, 13, 0, 0, 0, 1, 6, 1]","[0.0, 0.0, 0.0]","[0.010705448632845437, 0.029777297301227294, 0.19428346683786607]","[0.3333333333333333, 0.3333333333333333, 0.3333333333333333]","[1, 1, 0]",True
Uniform-QP-H,59,7,"[1, 1, -1, 13, 0, 0, 0, 1, 7, 1]","[0.0, 0.0, 0.0]","[0.0, 0.0, 0.0]","[0.1, 0.8, 0.1]","[1, 1, 0]",False
Uniform-QP-H,60,0,"[2, 2, -6, 13, 0, 0, 0, 1, 6, 1]","[0.0, 0.0, 0.0]","[0.03632631686034757, 0.16514440979915584, 0.16123587949361254]","[0.3333333333333333, 0.3333333333333333, 0.3333333333333333]","[5, 1, 1]",True
Uniform-QP-H,60,1,"[1, 1, -5, 13, 0, 0, 0, 1, 7, 1]","[0.0, 0.0, 0.0]","[0.0, 0.0, 0.0]","[0.1, 0.8, 0.1]","[0, 8, 0]",False
AdaTE-Equal-H,1,0,"[2, 0, -3, 12, 0, 0, 0, 2, 0, 2]","[0.0, 0.0, 0.0]","[4.490007271369299e-06, 2.819218397140504e-06, 1.6403944293657942e-06]","[0.1, 0.8, 0.1]","[0, 1, 0]",True
AdaTE-Equal-H,1,1,"[2, 0, -2, 12, 0, 0, 0, 2, 1, 2]","[0.0, 0.0, 0.0]","[0.0, 0.0, 0.0]","[0.1, 0.8, 0.1]","[0, 0, 1]",False
AdaTE-Equal-H,1,2,"[2, 0, -1, 11, 0, 0, 0, 2, 2, 2]","[0.0, 0.0, 0.0]","[0.0, 0.0, 0.0]","[0.1, 0.8, 0.1]","[0, 1, 0]",False
AdaTE-Equal-H,1,3,"[2, 0, -1, 10, 0, 0, 0, 2, 3, 2]","[0.0, 0.0, 0.0]","[0.0, 0.0, 0.0]","[0.1, 0.8, 0.1]","[0, 1, 0]",False
AdaTE-Equal-H,1,4,"[2, 0, 0, 10, 0, 0, 0, 2, 4, 2]","[0.0, 0.0, 0.0]","[0.0, 0.0, 0.0]","[0.1, 0.8, 0.1]","[0, 1, 0]",False
AdaTE-Equal-H,1,5,"[2, 0, 0, 10, 0, 0, 0, 2, 5, 2]","[0.0, 0.0, 0.0]","[0.0, 0.0, 0.0]","[0.1, 0.8, 0.1]","[0, 1, 0]",False
AdaTE-Equal-H,1,6,"[2, 0, 0, 9, 0, 0, 0, 2, 6, 2]","[0.0, 0.0, 0.0]","[0.0, 0.0, 0.0]","[0.1, 0.8, 0.1]","[0, 1, 0]",False
AdaTE-Equal-H,1,7,"[2, 0, -1, 9, 0, 0, 0, 2, 7, 2]","[0.0, 0.0, 0.0]","[0.0, 0.0, 0.0]","[0.1, 0.8, 0.1]","[0, 1, 0]",False
AdaTE-Equal-H,1,8,"[2, 0, -1, 9, 0, 0, 0, 2, 8, 2]","[0.0, 0.0, 0.0]","[0.0, 0.0, 0.0]","[0.1, 0.8, 0.1]","[0, 1, 0]",False
AdaTE-Equal-H,1,9,"[2, 0, -1, 8, 0, 0, 0, 2, 9, 2]","[0.0, 0.0, 0.0]","[0.0, 0.0, 0.0]","[0.1, 0.8, 0.1]","[0, 0, 1]",False
AdaTE-Equal-H,1,10,"[1, 0, -1, 8, 0, 0, 0, 2, 10, 2]","[0.0, 0.0, 0.0]","[0.0, 0.0, 0.0]","[0.1, 0.8, 0.1]","[0, 1, 0]",False
AdaTE-Equal-H,1,11,"[1, 0, 0, 7, 0, 0, 0, 3, 11, 2]","[0.0, 0.0, 0.0]","[0.0, 0.0, 0.0]","[0.1, 0.8, 0.1]","[0, 1, 0]",False
AdaTE-Equal-H,1,12,"[1, 0, 0, 7, 0, 0, 0, 3, 12, 2]","[0.0, 0.0, 0.0]","[0.0, 0.0, 0.0]","[0.1, 0.8, 0.1]","[0, 0, 1]",False
AdaTE-Equal-H,1,13,"[1, 0, 1, 7, 0, 0, 0, 3, 13, 2]","[0.0, 0.0, 0.0]","[0.0, 0.0, 0.0]","[0.1, 0.8, 0.1]","[0, 0, 1]",False
AdaTE-Equal-H,1,14,"[2, 0, 1, 7, 0, 0, 0, 3, 14, 2]","[0.0, 0.0, 0.0]","[0.0, 0.0, 0.0]","[0.1, 0.8, 0.1]","[0, 1, 0]",False
AdaTE-Equal-H,1,15,"[2, 0, 1, 8, 0, 0, 0, 3, 15, 2]","[0.0, 0.0, 0.0]","[0.0, 0.0, 0.0]","[0.1, 0.8, 0.1]","[0, 1, 0]",False
AdaTE-Equal-H,1,16,"[2, 0, 1, 8, 0, 0, 0, 3, 16, 2]","[0.0, 0.0, 0.0]","[0.0, 0.0, 0.0]","[0.1, 0.8, 0.1]","[0, 1, 0]",False
AdaTE-Equal-H,1,17,"[2, 0, 1, 8, 0, 0, 0, 3, 17, 2]","[0.0, 0.0, 0.0]","[0.0, 0.0, 0.0]","[0.1, 0.8, 0.1]","[0, 1, 0]",False
AdaTE-Equal-H,1,18,"[2, 0, 1, 8, 0, 0, 0, 3, 18, 2]","[0.0, 0.0, 0.0]","[0.0, 0.0, 0.0]","[0.1, 0.8, 0.1]","[0, 1, 0]",False
AdaTE-Equal-H,1,19,"[2, 0, 1, 9, 0, 0, 0, 3, 19, 2]","[0.0, 0.0, 0.0]","[0.0, 0.0, 0.0]","[0.1, 0.8, 0.1]","[0, 1, 0]",False
AdaTE-Equal-H,1,20,"[2, 0, 1, 9, 0, 0, 0, 3, 20, 2]","[0.0, 0.0, 0.0]","[0.0, 0.0, 0.0]","[0.1, 0.8, 0.1]","[0, 1, 0]",False
AdaTE-Equal-H,1,21,"[2, 0, 0, 9, 0, 0, 0, 3, 21, 2]","[0.0, 0.0, 0.0]","[0.0, 0.0, 0.0]","[0.1, 0.8, 0.1]","[0, 1, 0]",False
AdaTE-Equal-H,1,22,"[2, 0, 0, 9, 0, 0, 0, 3, 22, 2]","[0.0, 0.0, 0.0]","[0.0, 0.0, 0.0]","[0.1, 0.8, 0.1]","[0, 1, 0]",False
AdaTE-Equal-H,1,23,"[2, 0, 0, 9, 0, 0, 0, 3, 23, 2]","[0.0, 0.0, 0.0]","[0.0, 0.0, 0.0]","[0.1, 0.8, 0.1]","[0, 1, 0]",False
AdaTE-Equal-H,1,24,"[2, 0, 0, 9, 0, 0, 0, 3, 24, 2]","[0.0, 0.0, 0.0]","[0.0, 0.0, 0.0]","[0.1, 0.8, 0.1]","[0, 1, 0]",False
AdaTE-Equal-H,1,25,"[2, 0, 0, 9, 0, 0, 0, 3, 25, 2]","[0.0, 0.0, 0.0]","[0.0, 0.0, 0.0]","[0.1, 0.8, 0.1]","[0, 1, 0]",False
AdaTE-Equal-H,1,26,"[2, 0, 0, 9, 0, 0, 0, 3, 26, 2]","[0.0, 0.0, 0.0]","[0.0, 0.0, 0.0]","[0.1, 0.8, 0.1]","[0, 0, 1]",False
AdaTE-Equal-H,1,27,"[2, 0, 0, 9, 0, 0, 0, 3, 27, 2]","[0.0, 0.0, 0.0]","[0.0, 0.0, 0.0]","[0.1, 0.8, 0.1]","[0, 1, 0]",False
AdaTE-Equal-H,1,28,"[2, 0, 0, 10, 0, 0, 0, 3, 28, 2]","[0.0, 0.0, 0.0]","[0.0, 0.0, 0.0]","[0.1, 0.8, 0.1]","[0, 1, 0]",False
AdaTE-Equal-H,1,29,"[2, 0, 0, 10, 0, 0, 0, 3, 29, 2]","[0.0, 0.0, 0.0]","[0.0, 0.0, 0.0]","[0.1, 0.8, 0.1]","[0, 1, 0]",False
AdaTE-Equal-H,1,30,"[2, 0, 0, 10, 0, 0, 0, 3, 30, 2]","[0.0, 0.0, 0.0]","[0.0, 0.0, 0.0]","[0.1, 0.8, 0.1]","[1, 0, 0]",False
AdaTE-Equal-H,1,31,"[2, 0, 0, 10, 0, 0, 0, 3, 31, 2]","[0.0, 0.0, 0.0]","[0.0, 0.0, 0.0]","[0.1, 0.8, 0.1]","[0, 1, 0]",False
AdaTE-Equal-H,1,32,"[2, 0, 0, 10, 0, 0, 0, 3, 32, 2]","[0.0, 0.0, 0.0]","[0.0, 0.0, 0.0]","[0.1, 0.8, 0.1]","[0, 1, 0]",False
AdaTE-Equal-H,1,33,"[2, 0, 0, 10, 0, 0, 0, 3, 33, 2]","[0.0, 0.0, 0.0]","[0.0, 0.0, 0.0]","[0.1, 0.8, 0.1]","[0, 1, 0]",False
AdaTE-Equal-H,1,34,"[2, 0, 0, 10, 0, 0, 0, 3, 34, 2]","[0.0, 0.0, 0.0]","[0.0, 0.0, 0.0]","[0.1, 0.8, 0.1]","[0, 1, 0]",False
AdaTE-Equal-H,2,0,"[2, 2, -3, 13, 0, 0, 1, 0, 1, 1]","[0.0, 0.0, 0.0]","[0.00018669798310597742, 8.394459390640261e-05, 5.3597942511240646e-05]","[0.1, 0.8, 0.1]","[0, 1, 0]",True
AdaTE-Equal-H,2,1,"[2, 2, -3, 13, 0, 0, 1, 0, 2, 1]","[0.0, 0.0, 0.0]","[5.067567269007366e-05, 0.0008386191368103029, 0.0007201108145713806]","[0.1, 0.8, 0.1]","[0, 1, 0]",True
AdaTE-Equal-H,2,2,"[2, 2, -4, 13, 0, 0, 1, 0, 3, 1]","[0.0, 0.0, 0.0]","[0.0, 0.0, 0.0]","[0.1, 0.8, 0.1]","[0, 1, 0]",False
AdaTE-Equal-H,2,3,"[1, 2, -4, 13, 0, 0, 1, 0, 4, 1]","[0.0, 0.0, 0.0]","[0.0, 0.0, 0.0]","[0.1, 0.8, 0.1]","[0, 1, 0]",False
AdaTE-Equal-H,2,4,"[1, 2, -4, 13, 0, 0, 1, 1, 5, 1]","[0.0, 0.0, 0.0]","[0.0, 0.0, 0.0]","[0.1, 0.8, 0.1]","[0, 1, 0]",False
AdaTE-Equal-H,2,5,"[1, 2, -4, 13, 0, 0, 0, 1, 6, 1]","[0.0, 0.0, 0.0]","[0.0, 0.0, 0.0]","[0.1, 0.8, 0.1]","[0, 1, 0]",False
AdaTE-Equal-H,2,6,"[0, 1, -3, 13, 0, 0, 0, 1, 7, 1]","[0.0, 0.0, 0.0]","[0.0, 0.0, 0.0]","[0.1, 0.8, 0.1]","[0, 1, 0]",False
AdaTE-Equal-H,3,0,"[4, 0, -5, 12, 0, 0, 0, 3, 0, 4]","[0.0, 0.0, 0.0]","[8.296526106198633e-07, 5.657523600260417e-07, 5.690670522054038e-07]","[0.1, 0.8, 0.1]","[0, 1, 0]",True
AdaTE-Equal-H,3,1,"[4, 0, -4, 12, 0, 0, 0, 3, 1, 4]","[0.0, 0.0, 0.0]","[0.0, 0.0, 0.0]","[0.1, 0.8, 0.1]","[0, 1, 0]",False
AdaTE-Equal-H,3,2,"[4, 0, -3, 11, 0, 0, 0, 3, 2, 4]","[0.0, 0.0, 0.0]","[0.0, 0.0, 0.0]","[0.1, 0.8, 0.1]","[0, 1, 0]",False
AdaTE-Equal-H,3,3,"[3, 0, -3, 10, 0, 0, 0, 3, 3, 4]","[0.0, 0.0, 0.0]","[0.0, 0.0, 0.0]","[0.1, 0.8, 0.1]","[0, 1, 0]",False
AdaTE-Equal-H,3,4,"[3, 0, -2, 10, 0, 0, 0, 3, 4, 4]","[0.0, 0.0, 0.0]","[0.0, 0.0, 0.0]","[0.1, 0.8, 0.1]","[0, 1, 0]",False
AdaTE-Equal-H,3,5,"[3, 0, -2, 10, 0, 0, 0, 3, 5, 4]","[0.0, 0.0, 0.0]","[0.0, 0.0, 0.0]","[0.1, 0.8, 0.1]","[0, 1, 0]",False
AdaTE-Equal-H,3,6,"[3, 0, -2, 9, 0, 0, 0, 3, 6, 4]","[0.0, 0.0, 0.0]","[0.0, 0.0, 0.0]","[0.1, 0.8, 0.1]","[0, 1, 0]",False
AdaTE-Equal-H,3,7,"[2, 0, -2, 9, 0, 0, 0, 3, 7, 4]","[0.0, 0.0, 0.0]","[0.0, 0.0, 0.0]","[0.1, 0.8, 0.1]","[0, 1, 0]",False
AdaTE-Equal-H,3,8,"[2, 0, -1, 9, 0, 0, 0, 3, 8, 4]","[0.0, 0.0, 0.0]","[0.0, 0.0, 0.0]","[0.1, 0.8, 0.1]","[0, 1, 0]",False
AdaTE-Equal-H,3,9,"[2, 0, -1, 9, 0, 0, 0, 3, 9, 4]","[0.0, 0.0, 0.0]","[0.0, 0.0, 0.0]","[0.1, 0.8, 0.1]","[1, 0, 0]",False
AdaTE-Equal-H,3,10,"[2, 0, -1, 8, 0, 0, 0, 3, 10, 4]","[0.0, 0.0, 0.0]","[0.0, 0.0, 0.0]","[0.1, 0.8, 0.1]","[0, 1, 0]",False
AdaTE-Equal-H,3,11,"[2, 0, -1, 8, 0, 0, 0, 3, 11, 4]","[0.0, 0.0, 0.0]","[0.0, 0.0, 0.0]","[0.1, 0.8, 0.1]","[0, 1, 0]",False
AdaTE-Equal-H,3,12,"[2, 0, -1, 8, 0, 0, 0, 3, 12, 4]","[0.0, 0.0, 0.0]","[0.0, 0.0, 0.0]","[0.1, 0.8, 0.1]","[0, 1, 0]",False
AdaTE-Equal-H,3,13,"[2, 0, -1, 8, 0, 0, 0, 3, 13, 4]","[0.0, 0.0, 0.0]","[0.0, 0.0, 0.0]","[0.1, 0.8, 0.1]","[0, 0, 1]",False
AdaTE-Equal-H,3,14,"[2, 0, 0, 8, 0, 0, 0, 3, 14, 4]","[0.0, 0.0, 0.0]","[0.0, 0.0, 0.0]","[0.1, 0.8, 0.1]","[0, 1, 0]",False
AdaTE-Equal-H,3,15,"[2, 0, 0, 8, 0, 0, 0, 3, 15, 4]","[0.0, 0.0, 0.0]","[0.0, 0.0, 0.0]","[0.1, 0.8, 0.1]","[0, 1, 0]",False
AdaTE-Equal-H,3,16,"[2, 0, 0, 8, 0, 0, 0, 3, 16, 4]","[0.0, 0.0, 0.0]","[0.0, 0.0, 0.0]","[0.1, 0.8, 0.1]","[0, 1, 0]",False
AdaTE-Equal-H,3,17,"[2, 0, 0, 8, 0, 0, 0, 3, 17, 4]","[0.0, 0.0, 0.0]","[0.0, 0.0, 0.0]","[0.1, 0.8, 0.1]","[0, 0, 1]",False
AdaTE-Equal-H,3,18,"[2, 0, 0, 8, 0, 0, 0, 3, 18, 4]","[0.0, 0.0, 0.0]","[0.0, 0.0, 0.0]","[0.1, 0.8, 0.1]","[0, 1, 0]",False
AdaTE-Equal-H,3,19,"[2, 0, 0, 8, 0, 0, 0, 3, 19, 4]","[0.0, 0.0, 0.0]","[0.0, 0.0, 0.0]","[0.1, 0.8, 0.1]","[1, 0, 0]",False
AdaTE-Equal-H,3,20,"[2, 0, 0, 8, 0, 0, 0, 3, 20, 4]","[0.0, 0.0, 0.0]","[0.0, 0.0, 0.0]","[0.1, 0.8, 0.1]","[0, 0, 1]",False
AdaTE-Equal-H,3,21,"[2, 0, 0, 8, 0, 0, 0, 3, 21, 4]","[0.0, 0.0, 0.0]","[0.0, 0.0, 0.0]","[0.1, 0.8, 0.1]","[0, 0, 1]",False
AdaTE-Equal-H,3,22,"[2, 0, 0, 8, 0, 0, 0, 3, 22, 4]","[0.0, 0.0, 0.0]","[0.0, 0.0, 0.0]","[0.1, 0.8, 0.1]","[1, 0, 0]",False
AdaTE-Equal-H,3,23,"[2, 0, 0, 8, 0, 0, 0, 3, 23, 4]","[0.0, 0.0, 0.0]","[0.0, 0.0, 0.0]","[0.1, 0.8, 0.1]","[0, 1, 0]",False
AdaTE-Equal-H,3,24,"[2, 0, 0, 8, 0, 0, 0, 3, 24, 4]","[0.0, 0.0, 0.0]","[0.0, 0.0, 0.0]","[0.1, 0.8, 0.1]","[0, 1, 0]",False
AdaTE-Equal-H,3,25,"[2, 0, 0, 8, 0, 0, 0, 3, 25, 4]","[0.0, 0.0, 0.0]","[0.0, 0.0, 0.0]","[0.1, 0.8, 0.1]","[0, 1, 0]",False
AdaTE-Equal-H,3,26,"[2, 0, 0, 8, 0, 0, 0, 3, 26, 4]","[0.0, 0.0, 0.0]","[0.0, 0.0, 0.0]","[0.1, 0.8, 0.1]","[0, 1, 0]",False
AdaTE-Equal-H,3,27,"[2, 0, 0, 8, 0, 0, 0, 3, 27, 4]","[0.0, 0.0, 0.0]","[0.0, 0.0, 0.0]","[0.1, 0.8, 0.1]","[0, 1, 0]",False
AdaTE-Equal-H,3,28,"[2, 0, 0, 8, 0, 0, 0, 3, 28, 4]","[0.0, 0.0, 0.0]","[0.0, 0.0, 0.0]","[0.1, 0.8, 0.1]","[0, 0, 1]",False
AdaTE-Equal-H,3,29,"[2, 0, 0, 8, 0, 0, 0, 3, 29, 4]","[0.0, 0.0, 0.0]","[0.0, 0.0, 0.0]","[0.1, 0.8, 0.1]","[0, 1, 0]",False
AdaTE-Equal-H,3,30,"[2, 0, 0, 8, 0, 0, 0, 3, 30, 4]","[0.0, 0.0, 0.0]","[0.0, 0.0, 0.0]","[0.1, 0.8, 0.1]","[0, 0, 1]",False
AdaTE-Equal-H,3,31,"[2, 0, 0, 8, 0, 0, 0, 3, 31, 4]","[0.0, 0.0, 0.0]","[0.0, 0.0, 0.0]","[0.1, 0.8, 0.1]","[0, 1, 0]",False
AdaTE-Equal-H,3,32,"[2, 0, 0, 8, 0, 0, 0, 3, 32, 4]","[0.0, 0.0, 0.0]","[0.0, 0.0, 0.0]","[0.1, 0.8, 0.1]","[0, 1, 0]",False
AdaTE-Equal-H,3,33,"[2, 0, 0, 8, 0, 0, 0, 3, 33, 4]","[0.0, 0.0, 0.0]","[0.0, 0.0, 0.0]","[0.1, 0.8, 0.1]","[0, 1, 0]",False
AdaTE-Equal-H,3,34,"[2, 0, 0, 8, 0, 0, 0, 3, 34, 4]","[0.0, 0.0, 0.0]","[0.0, 0.0, 0.0]","[0.1, 0.8, 0.1]","[0, 1, 0]",False
AdaTE-Equal-H,4,0,"[1, 2, -1, 13, 0, 0, 1, 0, 4, 1]","[0.0, 0.0, 0.0]","[0.009843979581197104, 0.0060867831230163585, 0.013156995455423991]","[0.1, 0.8, 0.1]","[0, 1, 0]",True
AdaTE-Equal-H,4,1,"[1, 2, -1, 13, 0, 0, 1, 1, 5, 1]","[0.0, 0.0, 0.0]","[0.04754357393582663, 0.04559794123967489, 0.0011793619791666667]","[0.1, 0.8, 0.1]","[0, 1, 0]",True
AdaTE-Equal-H,4,2,"[1, 2, -2, 13, 0, 0, 0, 1, 6, 1]","[0.0, 0.0, 0.0]","[0.008723958333333334, 0.021381937662760413, 0.21532585620880126]","[0.1, 0.8, 0.1]","[0, 1, 0]",True
AdaTE-Equal-H,4,3,"[1, 1, -1, 13, 0, 0, 0, 1, 7, 1]","[0.0, 0.0, 0.0]","[0.0, 0.0, 0.0]","[0.1, 0.8, 0.1]","[0, 1, 0]",False
AdaTE-Equal-H,5,0,"[5, 2, -5, 13, 0, 0, 1, 0, 1, 0]","[0.0, 0.0, 0.0]","[2.1720465024312347e-06, 0.0, 1.5467122395833336e-05]","[0.1, 0.0, 0.1]","[1, 0, 0]",True
AdaTE-Equal-H,5,1,"[4, 2, -5, 13, 0, 0, 1, 0, 2, 0]","[0.0, 0.0, 0.0]","[0.0004979564348856608, 0.00021724853515625003, 0.00037885928948720303]","[0.1, 0.8, 0.1]","[0, 1, 0]",True
AdaTE-Equal-H,5,2,"[3, 2, -5, 13, 0, 0, 1, 0, 3, 0]","[0.0, 0.0, 0.0]","[0.0005315839648246765, 0.00480971391995748, 0.00144189453125]","[0.1, 0.8, 0.1]","[0, 1, 0]",True
AdaTE-Equal-H,5,3,"[3, 2, -6, 13, 0, 0, 1, 0, 4, 0]","[0.0, 0.0, 0.0]","[0.00016927083333333334, 0.007313690185546876, 0.046065673828124994]","[0.1, 0.8, 0.1]","[0, 1, 0]",True
AdaTE-Equal-H,5,4,"[2, 2, -6, 13, 0, 0, 1, 1, 5, 0]","[0.0, 0.0, 0.0]","[0.0, 0.0, 0.0]","[0.1, 0.8, 0.1]","[0, 1, 0]",False
AdaTE-Equal-H,5,5,"[2, 1, -5, 13, 0, -1, 0, 1, 6, 0]","[0.0, 0.25, 0.0]","[0.5506391326586405, 0.5278269449869791, 0.68359375]","[0.1, 0.8, 0.1]","[0, 1, 0]",True
AdaTE-Equal-H,6,0,"[2, 2, -1, 13, 0, 0, 1, 0, 1, 0]","[0.0, 0.0, 0.0]","[0.00032792926152547204, 0.00032615976929664615, 8.915981854001683e-05]","[0.1, 0.8, 0.1]","[0, 1, 0]",True
AdaTE-Equal-H,6,1,"[1, 2, -1, 13, 0, 0, 1, 0, 2, 0]","[0.0, 0.0, 0.0]","[0.0, 0.0, 0.0]","[0.1, 0.8, 0.1]","[1, 0, 0]",False
AdaTE-Equal-H,6,2,"[1, 2, -2, 13, 0, 0, 1, 0, 3, 0]","[0.0, 0.0, 0.0]","[0.0, 0.0, 0.0]","[0.1, 0.8, 0.1]","[0, 1, 0]",False
AdaTE-Equal-H,6,3,"[1, 2, -2, 13, 0, 0, 1, 0, 4, 0]","[0.0, 0.0, 0.0]","[0.0, 0.0, 0.0]","[0.1, 0.8, 0.1]","[0, 1, 0]",False
AdaTE-Equal-H,6,4,"[1, 2, -2, 13, 0, 0, 1, 1, 5, 0]","[0.0, 0.0, 0.0]","[0.0, 0.0, 0.0]","[0.1, 0.8, 0.1]","[0, 1, 0]",False
AdaTE-Equal-H,7,0,"[1, 2, -3, 13, 0, 0, 1, 1, 5, 0]","[0.0, 0.0, 0.0]","[0.22786458333333331, 0.6732400258382161, 0.5075581868489583]","[0.1, 0.8, 0.1]","[0, 1, 0]",True
AdaTE-Equal-H,7,1,"[1, 1, -3, 13, 0, -1, 0, 1, 6, 0]","[0.0, 0.0, 0.0]","[0.0, 0.0, 0.0]","[0.1, 0.8, 0.1]","[0, 1, 0]",False
AdaTE-Equal-H,8,0,"[1, 2, 0, 13, 0, 0, 1, 0, 4, 1]","[0.0, 0.0, 0.0]","[0.005762258529663087, 0.002293303998311361, 0.005072741254170737]","[0.1, 0.8, 0.1]","[0, 1, 0]",True
AdaTE-Equal-H,8,1,"[1, 2, 0, 13, 0, 0, 1, 1, 5, 1]","[0.0, 0.0, 0.0]","[0.02946718724568685, 0.013442114512125656, 0.033573526064554854]","[0.1, 0.8, 0.1]","[0, 1, 0]",True
AdaTE-Equal-H,8,2,"[1, 2, 0, 13, 0, 0, 0, 1, 6, 1]","[0.0, 0.0, 0.0]","[0.007577972412109375, 0.09624442299207052, 0.03119730631510417]","[0.1, 0.8, 0.1]","[0, 1, 0]",True
AdaTE-Equal-H,8,3,"[1, 1, 0, 13, 0, 0, 0, 1, 7, 1]","[0.0, 0.0, 0.0]","[0.0, 0.0, 0.0]","[0.1, 0.8, 0.1]","[0, 1, 0]",False
AdaTE-Equal-H,8,4,"[1, 1, 1, 12, 0, 0, 0, 1, 8, 1]","[0.0, 0.25, 0.0]","[0.39927164713541663, 0.22786458333333331, 0.22786458333333331]","[0.1, 0.8, 0.1]","[0, 1, 0]",True
AdaTE-Equal-H,9,0,"[2, 0, -3, 12, 0, 0, 0, 3, 0, 4]","[0.0, 0.0, 0.0]","[3.059038559595745e-06, 1.369261423746745e-06, 1.4691912333170577e-06]","[0.1, 0.8, 0.1]","[0, 1, 0]",True
AdaTE-Equal-H,9,1,"[2, 0, -2, 12, 0, 0, 0, 3, 1, 4]","[0.0, 0.0, 0.0]","[0.0, 0.0, 0.0]","[0.1, 0.8, 0.1]","[0, 0, 1]",False
AdaTE-Equal-H,9,2,"[2, 0, -1, 11, 0, 0, 0, 3, 2, 4]","[0.0, 0.0, 0.0]","[0.0, 0.0, 0.0]","[0.1, 0.8, 0.1]","[0, 1, 0]",False
AdaTE-Equal-H,9,3,"[2, 0, -1, 10, 0, 0, 0, 3, 3, 4]","[0.0, 0.0, 0.0]","[0.0, 0.0, 0.0]","[0.1, 0.8, 0.1]","[0, 0, 1]",False
AdaTE-Equal-H,9,4,"[2, 0, 0, 10, 0, 0, 0, 3, 4, 4]","[0.0, 0.0, 0.0]","[0.0, 0.0, 0.0]","[0.1, 0.8, 0.1]","[0, 1, 0]",False
AdaTE-Equal-H,9,5,"[2, 0, 0, 10, 0, 0, 0, 3, 5, 4]","[0.0, 0.0, 0.0]","[0.0, 0.0, 0.0]","[0.1, 0.8, 0.1]","[1, 0, 0]",False
AdaTE-Equal-H,9,6,"[2, 0, 0, 9, 0, 0, 0, 3, 6, 4]","[0.0, 0.0, 0.0]","[0.0, 0.0, 0.0]","[0.1, 0.8, 0.1]","[1, 0, 0]",False
AdaTE-Equal-H,9,7,"[2, 0, 0, 9, 0, 0, 0, 3, 7, 4]","[0.0, 0.0, 0.0]","[0.0, 0.0, 0.0]","[0.1, 0.8, 0.1]","[0, 1, 0]",False
AdaTE-Equal-H,9,8,"[2, 0, 0, 9, 0, 0, 0, 3, 8, 4]","[0.0, 0.0, 0.0]","[0.0, 0.0, 0.0]","[0.1, 0.8, 0.1]","[0, 1, 0]",False
AdaTE-Equal-H,9,9,"[2, 0, 0, 9, 0, 0, 0, 3, 9, 4]","[0.0, 0.0, 0.0]","[0.0, 0.0, 0.0]","[0.1, 0.8, 0.1]","[0, 1, 0]",False
AdaTE-Equal-H,9,10,"[2, 0, 0, 9, 0, 0, 0, 3, 10, 4]","[0.0, 0.0, 0.0]","[0.0, 0.0, 0.0]","[0.1, 0.8, 0.1]","[0, 0, 1]",False
AdaTE-Equal-H,9,11,"[2, 0, 1, 9, 0, 0, 0, 3, 11, 4]","[0.0, 0.0, 0.0]","[0.0, 0.0, 0.0]","[0.1, 0.8, 0.1]","[0, 1, 0]",False
AdaTE-Equal-H,9,12,"[2, 0, 0, 9, 0, 0, 0, 3, 12, 4]","[0.0, 0.0, 0.0]","[0.0, 0.0, 0.0]","[0.1, 0.8, 0.1]","[0, 1, 0]",False
AdaTE-Equal-H,9,13,"[2, 0, 0, 9, 0, 0, 0, 3, 13, 4]","[0.0, 0.0, 0.0]","[0.0, 0.0, 0.0]","[0.1, 0.8, 0.1]","[0, 1, 0]",False
AdaTE-Equal-H,9,14,"[2, 0, 0, 9, 0, 0, 0, 3, 14, 4]","[0.0, 0.0, 0.0]","[0.0, 0.0, 0.0]","[0.1, 0.8, 0.1]","[0, 1, 0]",False
AdaTE-Equal-H,9,15,"[2, 0, 0, 9, 0, 0, 0, 3, 15, 4]","[0.0, 0.0, 0.0]","[0.0, 0.0, 0.0]","[0.1, 0.8, 0.1]","[1, 0, 0]",False
AdaTE-Equal-H,9,16,"[2, 0, 0, 9, 0, 0, 0, 3, 16, 4]","[0.0, 0.0, 0.0]","[0.0, 0.0, 0.0]","[0.1, 0.8, 0.1]","[0, 1, 0]",False
AdaTE-Equal-H,9,17,"[2, 0, 0, 9, 0, 0, 0, 3, 17, 4]","[0.0, 0.0, 0.0]","[0.0, 0.0, 0.0]","[0.1, 0.8, 0.1]","[0, 1, 0]",False
AdaTE-Equal-H,9,18,"[2, 0, 0, 9, 0, 0, 0, 3, 18, 4]","[0.0, 0.0, 0.0]","[0.0, 0.0, 0.0]","[0.1, 0.8, 0.1]","[0, 1, 0]",False
AdaTE-Equal-H,9,19,"[2, 0, 0, 9, 0, 0, 0, 3, 19, 4]","[0.0, 0.0, 0.0]","[0.0, 0.0, 0.0]","[0.1, 0.8, 0.1]","[0, 1, 0]",False
AdaTE-Equal-H,9,20,"[2, 0, 0, 9, 0, 0, 0, 3, 20, 4]","[0.0, 0.0, 0.0]","[0.0, 0.0, 0.0]","[0.1, 0.8, 0.1]","[0, 1, 0]",False
AdaTE-Equal-H,9,21,"[2, 0, 0, 9, 0, 0, 0, 3, 21, 4]","[0.0, 0.0, 0.0]","[0.0, 0.0, 0.0]","[0.1, 0.8, 0.1]","[0, 1, 0]",False
AdaTE-Equal-H,9,22,"[2, 0, 0, 9, 0, 0, 0, 3, 22, 4]","[0.0, 0.0, 0.0]","[0.0, 0.0, 0.0]","[0.1, 0.8, 0.1]","[0, 1, 0]",False
AdaTE-Equal-H,9,23,"[2, 0, 0, 9, 0, 0, 0, 3, 23, 4]","[0.0, 0.0, 0.0]","[0.0, 0.0, 0.0]","[0.1, 0.8, 0.1]","[0, 1, 0]",False
AdaTE-Equal-H,9,24,"[2, 0, 0, 9, 0, 0, 0, 3, 24, 4]","[0.0, 0.0, 0.0]","[0.0, 0.0, 0.0]","[0.1, 0.8, 0.1]","[0, 1, 0]",False
AdaTE-Equal-H,9,25,"[2, 0, 0, 9, 0, 0, 0, 3, 25, 4]","[0.0, 0.0, 0.0]","[0.0, 0.0, 0.0]","[0.1, 0.8, 0.1]","[0, 1, 0]",False
AdaTE-Equal-H,9,26,"[2, 0, 0, 9, 0, 0, 0, 3, 26, 4]","[0.0, 0.0, 0.0]","[0.0, 0.0, 0.0]","[0.1, 0.8, 0.1]","[0, 1, 0]",False
AdaTE-Equal-H,9,27,"[2, 0, 0, 9, 0, 0, 0, 3, 27, 4]","[0.0, 0.0, 0.0]","[0.0, 0.0, 0.0]","[0.1, 0.8, 0.1]","[0, 1, 0]",False
AdaTE-Equal-H,9,28,"[2, 0, 0, 9, 0, 0, 0, 3, 28, 4]","[0.0, 0.0, 0.0]","[0.0, 0.0, 0.0]","[0.1, 0.8, 0.1]","[0, 1, 0]",False
AdaTE-Equal-H,9,29,"[2, 0, 0, 9, 0, 0, 0, 3, 29, 4]","[0.0, 0.0, 0.0]","[0.0, 0.0, 0.0]","[0.1, 0.8, 0.1]","[0, 0, 1]",False
AdaTE-Equal-H,9,30,"[2, 0, 0, 10, 0, 0, 0, 3, 30, 4]","[0.0, 0.0, 0.0]","[0.0, 0.0, 0.0]","[0.1, 0.8, 0.1]","[0, 1, 0]",False
AdaTE-Equal-H,9,31,"[2, 0, 0, 10, 0, 0, 0, 3, 31, 4]","[0.0, 0.0, 0.0]","[0.0, 0.0, 0.0]","[0.1, 0.8, 0.1]","[0, 1, 0]",False
AdaTE-Equal-H,9,32,"[2, 0, 0, 10, 0, 0, 0, 3, 32, 4]","[0.0, 0.0, 0.0]","[0.0, 0.0, 0.0]","[0.1, 0.8, 0.1]","[0, 1, 0]",False
AdaTE-Equal-H,9,33,"[2, 0, 0, 10, 0, 0, 0, 3, 33, 4]","[0.0, 0.0, 0.0]","[0.0, 0.0, 0.0]","[0.1, 0.8, 0.1]","[0, 0, 1]",False
AdaTE-Equal-H,9,34,"[2, 0, 0, 10, 0, 0, 0, 3, 34, 4]","[0.0, 0.0, 0.0]","[0.0, 0.0, 0.0]","[0.1, 0.8, 0.1]","[0, 1, 0]",False
AdaTE-Equal-H,10,0,"[2, 2, -5, 13, 0, 0, 1, 0, 3, 0]","[0.0, 0.0, 0.0]","[0.037620602448781335, 0.09345274527867636, 0.08307534058888755]","[0.1, 0.8, 0.1]","[0, 1, 0]",True
AdaTE-Equal-H,10,1,"[2, 2, -5, 13, 0, 0, 1, 0, 4, 0]","[0.0, 0.0, 0.0]","[0.12130267024040223, 0.21570879618326824, 0.36165667970975235]","[0.1, 0.8, 0.1]","[0, 1, 0]",True
AdaTE-Equal-H,10,2,"[1, 2, -5, 13, 0, 0, 1, 1, 5, 0]","[0.0, 0.25, 0.0]","[0.68359375, 0.45572916666666663, 0.827789306640625]","[0.1, 0.8, 0.1]","[0, 1, 0]",True
AdaTE-Equal-H,11,0,"[2, 2, -6, 13, 0, 0, 1, 0, 4, 1]","[0.0, 0.0, 0.0]","[0.0, 0.0, 0.0]","[0.1, 0.8, 0.1]","[0, 1, 0]",False
AdaTE-Equal-H,11,1,"[1, 2, -6, 13, 0, 0, 1, 1, 5, 1]","[0.0, 0.0, 0.0]","[0.0, 0.0, 0.0]","[0.1, 0.8, 0.1]","[0, 1, 0]",False
AdaTE-Equal-H,11,2,"[0, 2, -6, 13, 0, 0, 0, 1, 6, 1]","[0.0, 0.0, 0.0]","[0.0, 0.0, 0.0]","[0.1, 0.8, 0.1]","[0, 1, 0]",False
AdaTE-Equal-H,12,0,"[1, 2, 0, 13, 0, 0, 1, 0, 1, 0]","[0.0, 0.0, 0.0]","[2.9891408284505213e-05, 0.00032969584147135426, 0.0003979310218493144]","[0.1, 0.8, 0.1]","[0, 1, 0]",True
AdaTE-Equal-H,12,1,"[1, 2, 0, 13, 0, 0, 1, 0, 2, 0]","[0.0, 0.0, 0.0]","[0.00030355211695035306, 0.0020660733540852866, 0.004907567628224693]","[0.1, 0.8, 0.1]","[0, 1, 0]",True
AdaTE-Equal-H,12,2,"[1, 2, 0, 13, 0, 0, 1, 0, 3, 0]","[0.0, 0.0, 0.0]","[0.003779072999954224, 0.012216987291971845, 0.008316822052001953]","[0.1, 0.8, 0.1]","[0, 1, 0]",True
AdaTE-Equal-H,12,3,"[1, 2, 0, 13, 0, 0, 1, 0, 4, 0]","[0.0, 0.0, 0.0]","[0.06862830797831218, 0.050074301560719806, 0.04839051668842634]","[0.1, 0.8, 0.1]","[0, 1, 0]",True
AdaTE-Equal-H,12,4,"[1, 2, 0, 13, 0, 0, 1, 1, 5, 0]","[0.0, 0.0, 0.0]","[0.25623669028282164, 0.13958033720652263, 0.19377386569976807]","[0.1, 0.8, 0.1]","[0, 1, 0]",True
AdaTE-Equal-H,12,5,"[1, 1, 0, 13, 0, -1, 0, 1, 6, 0]","[0.0, 0.25, 0.0]","[0.2999623616536458, 0.45572916666666663, 0.5506391326586405]","[0.1, 0.8, 0.1]","[0, 1, 0]",True
AdaTE-Equal-H,13,0,"[2, 2, -3, 13, 0, 0, 1, 0, 1, 0]","[0.0, 0.0, 0.0]","[0.009453745457331339, 0.005777069855531057, 0.0025484524703025826]","[0.1, 0.8, 0.1]","[0, 1, 0]",True
AdaTE-Equal-H,13,1,"[2, 2, -3, 13, 0, 0, 1, 0, 2, 0]","[0.0, 0.0, 0.0]","[0.011178533681233725, 0.035807784326871234, 0.02147035376230876]","[0.1, 0.8, 0.1]","[0, 1, 0]",True
AdaTE-Equal-H,13,2,"[2, 2, -3, 13, 0, 0, 1, 0, 3, 0]","[0.0, 0.0, 0.0]","[0.0013789062500000001, 0.09655480984846751, 0.136557861328125]","[0.1, 0.8, 0.1]","[0, 1, 0]",True
AdaTE-Equal-H,13,3,"[1, 2, -3, 13, 0, 0, 1, 0, 4, 0]","[0.0, 0.0, 0.0]","[0.2114422607421875, 0.32629475911458333, 0.059525527954101556]","[0.1, 0.8, 0.1]","[0, 1, 0]",True
AdaTE-Equal-H,13,4,"[1, 2, -4, 13, 0, 0, 1, 1, 5, 0]","[0.0, 0.0, 0.0]","[0.0, 0.0, 0.0]","[0.1, 0.8, 0.1]","[0, 0, 1]",False
AdaTE-Equal-H,14,0,"[5, 2, -5, 13, 0, 0, 1, 0, 1, 1]","[0.0, 0.0, 0.0]","[8.086511807441714e-05, 2.4512791633605967e-07, 0.0]","[0.1, 0.8, 0.0]","[0, 1, 0]",True
AdaTE-Equal-H,14,1,"[4, 2, -5, 13, 0, 0, 1, 0, 2, 1]","[0.0, 0.0, 0.0]","[7.349886178970338e-05, 0.0009574382692972821, 0.00044262996355692554]","[0.1, 0.8, 0.1]","[0, 1, 0]",True
AdaTE-Equal-H,14,2,"[3, 2, -5, 13, 0, 0, 1, 0, 3, 1]","[0.0, 0.0, 0.0]","[0.0003717522303263347, 0.003076313991546632, 0.008229426967302961]","[0.1, 0.8, 0.1]","[0, 1, 0]",True
AdaTE-Equal-H,14,3,"[3, 2, -5, 13, 0, 0, 1, 0, 4, 1]","[0.0, 0.0, 0.0]","[0.018767807165781657, 0.02153220907847087, 0.021809609985351565]","[0.1, 0.8, 0.1]","[0, 1, 0]",True
AdaTE-Equal-H,14,4,"[2, 2, -6, 13, 0, 0, 1, 1, 5, 1]","[0.0, 0.0, 0.0]","[0.0, 0.019048126220703128, 0.005094194412231447]","[0.0, 0.8, 0.1]","[0, 1, 0]",True
AdaTE-Equal-H,14,5,"[2, 2, -6, 13, 0, 0, 0, 1, 6, 1]","[0.0, 0.0, 0.0]","[0.029602615038553874, 0.12188711166381837, 0.1687170155843099]","[0.1, 0.8, 0.1]","[0, 1, 0]",True
AdaTE-Equal-H,14,6,"[1, 1, -5, 13, 0, 0, 0, 1, 7, 1]","[0.0, 0.0, 0.0]","[0.0, 0.0, 0.0]","[0.1, 0.8, 0.1]","[0, 1, 0]",False
AdaTE-Equal-H,15,0,"[1, 2, -1, 13, 0, 0, 1, 0, 3, 1]","[0.0, 0.0, 0.0]","[0.0006222962872187299, 0.0008197497558593752, 0.002281237424214681]","[0.1, 0.8, 0.1]","[0, 1, 0]",True
AdaTE-Equal-H,15,1,"[1, 2, -1, 13, 0, 0, 1, 0, 4, 1]","[0.0, 0.0, 0.0]","[0.009843979581197104, 0.0060867831230163585, 0.013156995455423991]","[0.30000000000000004, 1.6, 0.30000000000000004]","[0, 2, 0]",True
AdaTE-Equal-H,15,2,"[1, 2, -2, 13, 0, 0, 1, 1, 5, 1]","[0.0, 0.0, 0.0]","[0.0, 0.0, 0.0]","[0.1, 0.8, 0.1]","[0, 0, 1]",False
AdaTE-Equal-H,15,3,"[1, 2, -1, 13, 0, 0, 0, 1, 6, 1]","[0.0, 0.0, 0.0]","[0.07671346028645833, 0.13006076216697693, 0.23114437053600945]","[0.1, 0.8, 0.1]","[0, 1, 0]",True
AdaTE-Equal-H,15,4,"[1, 1, -1, 13, 0, 0, 0, 1, 7, 1]","[0.0, 0.0, 0.0]","[0.0, 0.0, 0.0]","[0.1, 0.8, 0.1]","[0, 2, 0]",False
AdaTE-Equal-H,16,0,"[3, 2, -4, 13, 0, 0, 1, 0, 3, 0]","[0.0, 0.0, 0.0]","[0.0, 0.0, 0.0]","[0.1, 0.8, 0.1]","[0, 1, 0]",False
AdaTE-Equal-H,16,1,"[3, 2, -4, 13, 0, 0, 1, 0, 4, 0]","[0.0, 0.0, 0.0]","[0.0, 0.0, 0.0]","[0.1, 0.8, 0.1]","[0, 1, 0]",False
AdaTE-Equal-H,16,2,"[2, 2, -4, 13, 0, 0, 1, 1, 5, 0]","[0.0, 0.0, 0.0]","[0.0, 0.0, 0.0]","[0.1, 0.8, 0.1]","[0, 1, 0]",False
AdaTE-Equal-H,16,3,"[2, 1, -3, 13, 0, -1, 0, 1, 6, 0]","[0.0, 0.0, 0.0]","[0.0, 0.0, 0.0]","[0.1, 0.8, 0.1]","[0, 1, 0]",False
AdaTE-Equal-H,16,4,"[1, 0, -3, 12, 0, -1, 0, 1, 7, 0]","[0.0, 0.0, 0.0]","[0.0, 0.0, 0.0]","[0.1, 0.8, 0.1]","[0, 1, 0]",False
AdaTE-Equal-H,17,0,"[3, 2, -5, 13, 0, 0, 1, 0, 3, 1]","[0.0, 0.0, 0.0]","[0.0003717522303263347, 0.003076313991546632, 0.008229426967302961]","[0.30000000000000004, 1.6, 0.30000000000000004]","[0, 2, 0]",True
AdaTE-Equal-H,17,1,"[3, 2, -5, 13, 0, 0, 1, 0, 4, 1]","[0.0, 0.0, 0.0]","[0.018767807165781657, 0.02153220907847087, 0.021809609985351565]","[0.30000000000000004, 1.6, 0.30000000000000004]","[0, 2, 0]",True
AdaTE-Equal-H,17,2,"[2, 2, -6, 13, 0, 0, 1, 1, 5, 1]","[0.0, 0.0, 0.0]","[0.0, 0.019048126220703128, 0.005094194412231447]","[0.2, 1.6, 0.30000000000000004]","[0, 2, 0]",True
AdaTE-Equal-H,17,3,"[2, 2, -6, 13, 0, 0, 0, 1, 6, 1]","[0.0, 0.0, 0.0]","[0.029602615038553874, 0.12188711166381837, 0.1687170155843099]","[0.30000000000000004, 1.6, 0.30000000000000004]","[0, 2, 0]",True
AdaTE-Equal-H,17,4,"[1, 1, -5, 13, 0, 0, 0, 1, 7, 1]","[0.0, 0.0, 0.0]","[0.0, 0.0, 0.0]","[0.1, 0.8, 0.1]","[0, 2, 0]",False
AdaTE-Equal-H,18,0,"[1, 0, -1, 12, 0, 0, 0, 2, 0, 2]","[0.0, 0.25, 0.0]","[0.8998870849609375, 0.68359375, 0.68359375]","[0.1, 0.8, 0.1]","[0, 1, 0]",True
AdaTE-Equal-H,19,0,"[4, 2, -5, 12, 0, 0, 1, 0, 0, 0]","[0.0, 0.0, 0.0]","[0.0006727924087767802, 0.0004587697229782742, 0.0004973498188952606]","[0.1, 0.8, 0.1]","[0, 1, 0]",True
AdaTE-Equal-H,19,1,"[3, 2, -5, 13, 0, 0, 1, 0, 1, 0]","[0.0, 0.0, 0.0]","[0.00036601707190275204, 0.002095653637250265, 0.0066102304482211684]","[0.1, 0.8, 0.1]","[0, 1, 0]",True
AdaTE-Equal-H,19,2,"[3, 2, -5, 13, 0, 0, 1, 0, 2, 0]","[0.0, 0.0, 0.0]","[0.028298911730448413, 0.014104699293772381, 0.02404097090164821]","[0.1, 0.8, 0.1]","[0, 1, 0]",True
AdaTE-Equal-H,19,3,"[2, 2, -5, 13, 0, 0, 1, 0, 3, 0]","[0.0, 0.0, 0.0]","[0.037620602448781335, 0.09345274527867636, 0.08307534058888755]","[0.30000000000000004, 1.6, 0.30000000000000004]","[0, 2, 0]",True
AdaTE-Equal-H,19,4,"[2, 2, -6, 13, 0, 0, 1, 0, 4, 0]","[0.0, 0.0, 0.0]","[0.0, 0.0, 0.0]","[0.1, 0.8, 0.1]","[0, 1, 0]",False
AdaTE-Equal-H,19,5,"[1, 2, -6, 13, 0, 0, 1, 1, 5, 0]","[0.0, 0.0, 0.0]","[0.0, 0.0, 0.0]","[0.1, 0.8, 0.1]","[0, 1, 0]",False
AdaTE-Equal-H,20,0,"[5, 2, -6, 13, 0, 0, 1, 0, 4, 0]","[0.0, 0.0, 0.0]","[0.0, 3.3337402343750015e-07, 1.1874084472656254e-07]","[0.0, 0.8, 0.1]","[0, 1, 0]",True
AdaTE-Equal-H,20,1,"[4, 2, -6, 13, 0, 0, 1, 1, 5, 0]","[0.0, 0.0, 0.0]","[1.5970865885416673e-07, 1.5985107421875007e-06, 0.0]","[0.1, 0.8, 0.0]","[0, 1, 0]",True
AdaTE-Equal-H,20,2,"[4, 1, -5, 13, 0, -1, 0, 1, 6, 0]","[0.0, 0.0, 0.0]","[0.00013306327819824222, 3.3384195963541676e-05, 7.014729817708334e-05]","[0.1, 0.8, 0.1]","[0, 1, 0]",True
AdaTE-Equal-H,20,3,"[3, 0, -5, 12, 0, -1, 0, 1, 7, 0]","[0.0, 0.0, 0.0]","[0.0, 0.0, 0.0]","[0.1, 0.8, 0.1]","[1, 0, 0]",False
AdaTE-Equal-H,20,4,"[3, 0, -4, 11, 0, 0, 0, 3, 8, 0]","[0.0, 0.0, 0.0]","[0.0, 0.0, 0.0]","[0.1, 0.8, 0.1]","[0, 1, 0]",False
AdaTE-Equal-H,20,5,"[2, 0, -3, 11, 0, 0, 0, 3, 9, 0]","[0.0, 0.0, 0.0]","[0.0, 0.0, 0.0]","[0.1, 0.8, 0.1]","[1, 0, 0]",False
AdaTE-Equal-H,20,6,"[2, 0, -3, 10, 0, 0, 0, 3, 10, 0]","[0.0, 0.0, 0.0]","[0.0, 0.0, 0.0]","[0.1, 0.8, 0.1]","[0, 1, 0]",False
AdaTE-Equal-H,20,7,"[2, 0, -2, 9, 0, 0, 0, 3, 11, 0]","[0.0, 0.0, 0.0]","[0.0, 0.0, 0.0]","[0.1, 0.8, 0.1]","[1, 0, 0]",False
AdaTE-Equal-H,20,8,"[2, 0, -1, 8, 0, 0, 0, 3, 12, 0]","[0.0, 0.0, 0.0]","[0.0, 0.0, 0.0]","[0.1, 0.8, 0.1]","[0, 1, 0]",False
AdaTE-Equal-H,20,9,"[1, 0, -1, 8, 0, 0, 0, 3, 13, 0]","[0.0, 0.0, 0.0]","[0.0, 0.0, 0.0]","[0.1, 0.8, 0.1]","[0, 1, 0]",False
AdaTE-Equal-H,20,10,"[1, 0, 0, 8, 0, 0, 0, 3, 14, 0]","[0.0, 0.0, 0.0]","[0.0, 0.0, 0.0]","[0.1, 0.8, 0.1]","[0, 0, 1]",False
AdaTE-Equal-H,20,11,"[1, 0, 0, 7, 0, 0, 0, 3, 15, 0]","[0.0, 0.0, 0.0]","[0.0, 0.0, 0.0]","[0.1, 0.8, 0.1]","[0, 1, 0]",False
AdaTE-Equal-H,20,12,"[1, 0, 0, 7, 0, 0, 0, 3, 16, 0]","[0.0, 0.0, 0.0]","[0.0, 0.0, 0.0]","[0.1, 0.8, 0.1]","[0, 1, 0]",False
AdaTE-Equal-H,20,13,"[1, 0, 0, 7, 0, 0, 0, 3, 17, 0]","[0.0, 0.0, 0.0]","[0.0, 0.0, 0.0]","[0.1, 0.8, 0.1]","[1, 0, 0]",False
AdaTE-Equal-H,20,14,"[1, 0, 0, 7, 0, 0, 0, 3, 18, 0]","[0.0, 0.0, 0.0]","[0.0, 0.0, 0.0]","[0.1, 0.8, 0.1]","[0, 0, 1]",False
AdaTE-Equal-H,20,15,"[1, 0, 0, 7, 0, 0, 0, 3, 19, 0]","[0.0, 0.0, 0.0]","[0.0, 0.0, 0.0]","[0.1, 0.8, 0.1]","[0, 1, 0]",False
AdaTE-Equal-H,20,16,"[2, 0, 0, 7, 0, 0, 0, 3, 20, 0]","[0.0, 0.0, 0.0]","[0.0, 0.0, 0.0]","[0.1, 0.8, 0.1]","[0, 1, 0]",False
AdaTE-Equal-H,20,17,"[2, 0, 0, 7, 0, 0, 0, 3, 21, 0]","[0.0, 0.0, 0.0]","[0.0, 0.0, 0.0]","[0.1, 0.8, 0.1]","[0, 0, 1]",False
AdaTE-Equal-H,20,18,"[2, 0, 0, 7, 0, 0, 0, 3, 22, 0]","[0.0, 0.0, 0.0]","[0.0, 0.0, 0.0]","[0.1, 0.8, 0.1]","[0, 1, 0]",False
AdaTE-Equal-H,20,19,"[2, 0, 0, 7, 0, 0, 0, 3, 23, 0]","[0.0, 0.0, 0.0]","[0.0, 0.0, 0.0]","[0.1, 0.8, 0.1]","[0, 0, 1]",False
AdaTE-Equal-H,20,20,"[2, 0, 0, 7, 0, 0, 0, 3, 24, 0]","[0.0, 0.0, 0.0]","[0.0, 0.0, 0.0]","[0.1, 0.8, 0.1]","[0, 1, 0]",False
AdaTE-Equal-H,20,21,"[2, 0, 0, 8, 0, 0, 0, 3, 25, 0]","[0.0, 0.0, 0.0]","[0.0, 0.0, 0.0]","[0.1, 0.8, 0.1]","[0, 1, 0]",False
AdaTE-Equal-H,20,22,"[2, 0, 0, 8, 0, 0, 0, 3, 26, 0]","[0.0, 0.0, 0.0]","[0.0, 0.0, 0.0]","[0.1, 0.8, 0.1]","[0, 1, 0]",False
AdaTE-Equal-H,20,23,"[2, 0, 0, 8, 0, 0, 0, 3, 27, 0]","[0.0, 0.0, 0.0]","[0.0, 0.0, 0.0]","[0.1, 0.8, 0.1]","[0, 1, 0]",False
AdaTE-Equal-H,20,24,"[2, 0, 0, 8, 0, 0, 0, 3, 28, 0]","[0.0, 0.0, 0.0]","[0.0, 0.0, 0.0]","[0.1, 0.8, 0.1]","[0, 1, 0]",False
AdaTE-Equal-H,20,25,"[2, 0, 0, 8, 0, 0, 0, 3, 29, 0]","[0.0, 0.0, 0.0]","[0.0, 0.0, 0.0]","[0.1, 0.8, 0.1]","[0, 0, 1]",False
AdaTE-Equal-H,20,26,"[2, 0, 0, 8, 0, 0, 0, 3, 30, 0]","[0.0, 0.0, 0.0]","[0.0, 0.0, 0.0]","[0.1, 0.8, 0.1]","[0, 1, 0]",False
AdaTE-Equal-H,20,27,"[2, 0, 0, 8, 0, 0, 0, 3, 31, 0]","[0.0, 0.0, 0.0]","[0.0, 0.0, 0.0]","[0.1, 0.8, 0.1]","[0, 0, 1]",False
AdaTE-Equal-H,20,28,"[2, 0, 0, 8, 0, 0, 0, 3, 32, 0]","[0.0, 0.0, 0.0]","[0.0, 0.0, 0.0]","[0.1, 0.8, 0.1]","[0, 1, 0]",False
AdaTE-Equal-H,20,29,"[2, 0, 0, 8, 0, 0, 0, 3, 33, 0]","[0.0, 0.0, 0.0]","[0.0, 0.0, 0.0]","[0.1, 0.8, 0.1]","[0, 0, 1]",False
AdaTE-Equal-H,20,30,"[2, 0, 0, 8, 0, 0, 0, 3, 34, 0]","[0.0, 0.0, 0.0]","[0.0, 0.0, 0.0]","[0.1, 0.8, 0.1]","[0, 1, 0]",False
AdaTE-Equal-H,21,0,"[2, 2, -6, 13, 0, 0, 0, 1, 6, 1]","[0.0, 0.0, 0.0]","[0.029602615038553874, 0.12188711166381837, 0.1687170155843099]","[0.38284271247461904, 1.554247233265651, 0.38284271247461904]","[0, 3, 0]",True
AdaTE-Equal-H,21,1,"[1, 1, -5, 13, 0, 0, 0, 1, 7, 1]","[0.0, 0.0, 0.0]","[0.0, 0.0, 0.0]","[0.1, 0.8, 0.1]","[0, 3, 0]",False
AdaTE-Equal-H,22,0,"[4, 2, -3, 12, 0, 0, 1, 0, 0, 0]","[0.0, 0.0, 0.0]","[1.0142946465810144e-06, 1.8451522191365568e-07, 4.954680442810059e-07]","[0.1, 0.8, 0.1]","[0, 1, 0]",True
AdaTE-Equal-H,22,1,"[4, 2, -3, 13, 0, 0, 1, 0, 1, 0]","[0.0, 0.0, 0.0]","[5.445638020833335e-07, 5.638853518168132e-06, 4.236238491535188e-06]","[0.1, 0.8, 0.1]","[0, 1, 0]",True
AdaTE-Equal-H,22,2,"[3, 2, -3, 13, 0, 0, 1, 0, 2, 0]","[0.0, 0.0, 0.0]","[0.00013038912439346316, 5.856641133626304e-06, 8.183432133992513e-05]","[0.1, 0.8, 0.1]","[0, 1, 0]",True
AdaTE-Equal-H,22,3,"[3, 2, -3, 13, 0, 0, 1, 0, 3, 0]","[0.0, 0.0, 0.0]","[6.885284423828126e-05, 0.0007934755500157676, 0.0010824022181828818]","[0.1, 0.8, 0.1]","[0, 1, 0]",True
AdaTE-Equal-H,22,4,"[3, 2, -4, 13, 0, 0, 1, 0, 4, 0]","[0.0, 0.0, 0.0]","[0.0, 0.0, 0.0]","[0.1, 0.8, 0.1]","[0, 2, 0]",False
AdaTE-Equal-H,22,5,"[2, 2, -4, 13, 0, 0, 1, 1, 5, 0]","[0.0, 0.0, 0.0]","[0.0, 0.0, 0.0]","[0.1, 0.8, 0.1]","[0, 2, 0]",False
AdaTE-Equal-H,22,6,"[2, 1, -3, 13, 0, -1, 0, 1, 6, 0]","[0.0, 0.0, 0.0]","[0.0, 0.0, 0.0]","[0.1, 0.8, 0.1]","[0, 2, 0]",False
AdaTE-Equal-H,22,7,"[1, 0, -2, 12, 0, -1, 0, 1, 7, 0]","[0.0, 0.0, 0.0]","[0.0, 0.0, 0.0]","[0.1, 0.8, 0.1]","[0, 0, 1]",False
AdaTE-Equal-H,23,0,"[1, 2, 0, 13, 0, 0, 1, 1, 5, 0]","[0.0, 0.05, 0.0]","[0.25623669028282164, 0.13958033720652263, 0.19377386569976807]","[0.30000000000000004, 1.6, 0.30000000000000004]","[0, 2, 0]",True
AdaTE-Equal-H,23,1,"[1, 1, 0, 13, 0, -1, 0, 1, 6, 0]","[0.0, 0.4375, 0.0]","[0.2999623616536458, 0.45572916666666663, 0.5506391326586405]","[0.30000000000000004, 1.1611428571428573, 0.30000000000000004]","[0, 2, 0]",True
AdaTE-Equal-H,24,0,"[2, 2, -1, 13, 0, 0, 1, 0, 1, 0]","[0.0, 0.0, 0.0]","[0.00032792926152547204, 0.00032615976929664615, 8.915981854001683e-05]","[0.30000000000000004, 1.6, 0.30000000000000004]","[0, 2, 0]",True
AdaTE-Equal-H,24,1,"[1, 2, -1, 13, 0, 0, 1, 0, 2, 0]","[0.0, 0.0, 0.0]","[0.0, 0.0, 0.0]","[0.1, 0.8, 0.1]","[1, 1, 0]",False
AdaTE-Equal-H,24,2,"[1, 2, -2, 13, 0, 0, 1, 0, 3, 0]","[0.0, 0.0, 0.0]","[0.0, 0.0, 0.0]","[0.1, 0.8, 0.1]","[1, 1, 0]",False
AdaTE-Equal-H,24,3,"[1, 2, -2, 13, 0, 0, 1, 0, 4, 0]","[0.0, 0.0, 0.0]","[0.0, 0.0, 0.0]","[0.1, 0.8, 0.1]","[0, 2, 0]",False
AdaTE-Equal-H,24,4,"[1, 2, -2, 13, 0, 0, 1, 1, 5, 0]","[0.0, 0.0, 0.0]","[0.0, 0.0, 0.0]","[0.1, 0.8, 0.1]","[0, 2, 0]",False
AdaTE-Equal-H,25,0,"[2, 0, -5, 12, 0, 0, 0, 2, 0, 2]","[0.0, 0.0, 0.0]","[0.07547874171237152, 0.05291592984199524, 0.04888335466782252]","[0.1, 0.8, 0.1]","[0, 1, 0]",True
AdaTE-Equal-H,25,1,"[2, 0, -4, 12, 0, 0, 0, 2, 1, 2]","[0.0, 0.0, 0.0]","[0.0, 0.0, 0.0]","[0.1, 0.8, 0.1]","[0, 1, 0]",False
AdaTE-Equal-H,25,2,"[2, 0, -3, 11, 0, 0, 0, 2, 2, 2]","[0.0, 0.0, 0.0]","[0.0, 0.0, 0.0]","[0.1, 0.8, 0.1]","[0, 1, 0]",False
AdaTE-Equal-H,25,3,"[1, 0, -3, 10, 0, 0, 0, 2, 3, 2]","[0.0, 0.0, 0.0]","[0.0, 0.0, 0.0]","[0.1, 0.8, 0.1]","[0, 1, 0]",False
AdaTE-Equal-H,26,0,"[5, 2, -5, 13, 0, 0, 1, 0, 1, 1]","[0.0, 0.0, 0.0]","[8.086511807441714e-05, 2.4512791633605967e-07, 0.0]","[0.30000000000000004, 1.6, 0.2]","[0, 2, 0]",True
AdaTE-Equal-H,26,1,"[4, 2, -5, 13, 0, 0, 1, 0, 2, 1]","[0.0, 0.0, 0.0]","[7.349886178970338e-05, 0.0009574382692972821, 0.00044262996355692554]","[0.30000000000000004, 1.6, 0.30000000000000004]","[0, 2, 0]",True
AdaTE-Equal-H,26,2,"[3, 2, -5, 13, 0, 0, 1, 0, 3, 1]","[0.0, 0.0, 0.0]","[0.0003717522303263347, 0.003076313991546632, 0.008229426967302961]","[0.38284271247461904, 1.554247233265651, 0.38284271247461904]","[0, 3, 0]",True
AdaTE-Equal-H,26,3,"[3, 2, -5, 13, 0, 0, 1, 0, 4, 1]","[0.0, 0.0, 0.0]","[0.018767807165781657, 0.02153220907847087, 0.021809609985351565]","[0.38284271247461904, 1.554247233265651, 0.38284271247461904]","[0, 3, 0]",True
AdaTE-Equal-H,26,4,"[2, 2, -6, 13, 0, 0, 1, 1, 5, 1]","[0.0, 0.0, 0.0]","[0.0, 0.019048126220703128, 0.005094194412231447]","[0.28284271247461906, 1.554247233265651, 0.38284271247461904]","[0, 3, 0]",True
AdaTE-Equal-H,26,5,"[2, 2, -6, 13, 0, 0, 0, 1, 6, 1]","[0.0, 0.0, 0.0]","[0.029602615038553874, 0.12188711166381837, 0.1687170155843099]","[0.44641016151377544, 1.492820323027551, 0.44641016151377544]","[0, 4, 0]",True
AdaTE-Equal-H,26,6,"[1, 1, -5, 13, 0, 0, 0, 1, 7, 1]","[0.0, 0.0, 0.0]","[0.0, 0.0, 0.0]","[0.1, 0.8, 0.1]","[0, 4, 0]",False
AdaTE-Equal-H,27,0,"[1, 2, 0, 13, 0, 0, 1, 1, 5, 1]","[0.0, 0.0, 0.0]","[0.02946718724568685, 0.013442114512125656, 0.033573526064554854]","[0.30000000000000004, 1.6, 0.30000000000000004]","[0, 2, 0]",True
AdaTE-Equal-H,27,1,"[1, 2, 0, 13, 0, 0, 0, 1, 6, 1]","[0.0, 0.0, 0.0]","[0.007577972412109375, 0.09624442299207052, 0.03119730631510417]","[0.30000000000000004, 1.6, 0.30000000000000004]","[0, 2, 0]",True
AdaTE-Equal-H,27,2,"[1, 1, 0, 13, 0, 0, 0, 1, 7, 1]","[0.0, 0.0, 0.0]","[0.0, 0.0, 0.0]","[0.1, 0.8, 0.1]","[0, 2, 0]",False
AdaTE-Equal-H,27,3,"[1, 1, 1, 12, 0, 0, 0, 1, 8, 1]","[0.0, 0.4375, 0.0]","[0.39927164713541663, 0.22786458333333331, 0.22786458333333331]","[0.30000000000000004, 0.8777142857142858, 0.30000000000000004]","[0, 2, 0]",True
AdaTE-Equal-H,28,0,"[1, 2, -1, 13, 0, 0, 1, 0, 2, 0]","[0.0, 0.0, 0.0]","[0.0, 0.0, 0.0]","[0.1, 0.8, 0.1]","[1, 2, 0]",False
AdaTE-Equal-H,28,1,"[1, 2, -2, 13, 0, 0, 1, 0, 3, 0]","[0.0, 0.0, 0.0]","[0.0, 0.0, 0.0]","[0.1, 0.8, 0.1]","[1, 1, 1]",False
AdaTE-Equal-H,28,2,"[1, 2, -1, 13, 0, 0, 1, 0, 4, 0]","[0.0, 0.0, 0.0]","[0.0564852015177409, 0.09461761474609376, 0.07584318161010743]","[0.1, 0.8, 0.1]","[0, 1, 0]",True
AdaTE-Equal-H,28,3,"[1, 2, -2, 13, 0, 0, 1, 1, 5, 0]","[0.0, 0.0, 0.0]","[0.0, 0.0, 0.0]","[0.1, 0.8, 0.1]","[0, 3, 0]",False
AdaTE-Equal-H,28,4,"[1, 1, -1, 13, 0, -1, 0, 1, 6, 0]","[0.0, 0.0, 0.0]","[0.0, 0.0, 0.0]","[0.1, 0.8, 0.1]","[0, 1, 0]",False
AdaTE-Equal-H,29,0,"[1, 2, -4, 13, 0, 0, 0, 1, 6, 1]","[0.0, 0.0, 0.0]","[0.0, 0.0, 0.0]","[0.1, 0.8, 0.1]","[0, 2, 0]",False
AdaTE-Equal-H,29,1,"[0, 1, -3, 13, 0, 0, 0, 1, 7, 1]","[0.0, 0.0, 0.0]","[0.0, 0.0, 0.0]","[0.1, 0.8, 0.1]","[0, 2, 0]",False
AdaTE-Equal-H,30,0,"[1, 2, 0, 13, 0, 0, 1, 0, 3, 0]","[0.0, 0.0, 0.0]","[0.003779072999954224, 0.012216987291971845, 0.008316822052001953]","[0.30000000000000004, 1.6, 0.30000000000000004]","[0, 2, 0]",True
AdaTE-Equal-H,30,1,"[1, 2, 0, 13, 0, 0, 1, 0, 4, 0]","[0.0, 0.010000000000000002, 0.0]","[0.06862830797831218, 0.050074301560719806, 0.04839051668842634]","[0.30000000000000004, 1.6, 0.30000000000000004]","[0, 2, 0]",True
AdaTE-Equal-H,30,2,"[1, 2, 0, 13, 0, 0, 1, 1, 5, 0]","[0.0, 0.125, 0.0]","[0.25623669028282164, 0.13958033720652263, 0.19377386569976807]","[0.38284271247461904, 1.2676739178507717, 0.38284271247461904]","[0, 3, 0]",True
AdaTE-Equal-H,30,3,"[1, 1, 0, 13, 0, -1, 0, 1, 6, 0]","[0.0, 0.578125, 0.0]","[0.2999623616536458, 0.45572916666666663, 0.5506391326586405]","[0.38284271247461904, 0.7862472332656507, 0.38284271247461904]","[0, 3, 0]",True
AdaTE-Equal-H,31,0,"[1, 0, -5, 12, 0, 0, 0, 2, 0, 3]","[0.0, 0.25, 0.0]","[0.8998870849609375, 0.68359375, 0.68359375]","[0.1, 0.8, 0.1]","[0, 1, 0]",True
AdaTE-Equal-H,32,0,"[1, 2, 0, 13, 0, 0, 1, 0, 4, 0]","[0.0, 0.0325, 0.0]","[0.06862830797831218, 0.050074301560719806, 0.04839051668842634]","[0.38284271247461904, 1.3944846454580255, 0.38284271247461904]","[0, 3, 0]",True
AdaTE-Equal-H,32,1,"[1, 2, 0, 13, 0, 0, 1, 1, 5, 0]","[0.0, 0.209375, 0.0]","[0.25623669028282164, 0.13958033720652263, 0.19377386569976807]","[0.44641016151377544, 0.7763870344903531, 0.44641016151377544]","[0, 4, 0]",True
AdaTE-Equal-H,32,2,"[1, 1, 0, 13, 0, -1, 0, 1, 6, 0]","[0.0, 0.68359375, 0.0]","[0.2999623616536458, 0.45572916666666663, 0.5506391326586405]","[0.44641016151377544, 0.9076774658846939, 0.44641016151377544]","[0, 4, 0]",True
AdaTE-Equal-H,33,0,"[2, 2, -1, 12, 0, 0, 1, 0, 0, 0]","[0.0, 0.0, 0.0]","[5.2774144435922315e-05, 1.4617629528045655e-05, 2.1431924263636274e-05]","[0.1, 0.8, 0.1]","[0, 1, 0]",True
AdaTE-Equal-H,33,1,"[2, 2, -1, 13, 0, 0, 1, 0, 1, 0]","[0.0, 0.0, 0.0]","[0.00032792926152547204, 0.00032615976929664615, 8.915981854001683e-05]","[0.38284271247461904, 1.554247233265651, 0.38284271247461904]","[0, 3, 0]",True
AdaTE-Equal-H,33,2,"[2, 2, -1, 13, 0, 0, 1, 0, 2, 0]","[0.0, 0.0, 0.0]","[0.0030466499765714012, 0.001220757802327474, 0.003155779726306598]","[0.1, 0.8, 0.1]","[0, 1, 0]",True
AdaTE-Equal-H,33,3,"[1, 2, -1, 13, 0, 0, 1, 0, 3, 0]","[0.0, 0.0, 0.0]","[0.006868357340494792, 0.0166556765238444, 0.022587063024441405]","[0.1, 0.8, 0.1]","[0, 1, 0]",True
AdaTE-Equal-H,33,4,"[1, 2, -2, 13, 0, 0, 1, 0, 4, 0]","[0.0, 0.0, 0.0]","[0.0, 0.0, 0.0]","[0.1, 0.8, 0.1]","[0, 3, 0]",False
AdaTE-Equal-H,33,5,"[1, 2, -2, 13, 0, 0, 1, 1, 5, 0]","[0.0, 0.0, 0.0]","[0.0, 0.0, 0.0]","[0.1, 0.8, 0.1]","[0, 4, 0]",False
AdaTE-Equal-H,33,6,"[1, 1, -1, 13, 0, -1, 0, 1, 6, 0]","[0.0, 0.0, 0.0]","[0.0, 0.0, 0.0]","[0.1, 0.8, 0.1]","[0, 2, 0]",False
AdaTE-Equal-H,34,0,"[1, 2, 0, 12, 0, 0, 1, 0, 0, 1]","[0.0, 0.0, 0.0]","[1.9649745440483103e-06, 1.9885635693868012e-07, 1.1874888102213549e-07]","[0.1, 0.8, 0.1]","[0, 1, 0]",True
AdaTE-Equal-H,34,1,"[1, 2, 0, 13, 0, 0, 1, 0, 1, 1]","[0.0, 0.0, 0.0]","[5.5746632655461645e-06, 8.55568656921387e-06, 1.577885169982911e-05]","[0.1, 0.8, 0.1]","[0, 1, 0]",True
AdaTE-Equal-H,34,2,"[1, 2, 0, 13, 0, 0, 1, 0, 2, 1]","[0.0, 0.0, 0.0]","[2.447028573354086e-05, 8.619697825113934e-05, 9.410152149200442e-05]","[0.1, 0.8, 0.1]","[0, 1, 0]",True
AdaTE-Equal-H,34,3,"[1, 2, 0, 13, 0, 0, 1, 0, 3, 1]","[0.0, 0.0, 0.0]","[0.0008213894907633465, 0.0007324037981033326, 0.0002172540410359701]","[0.1, 0.8, 0.1]","[0, 1, 0]",True
AdaTE-Equal-H,34,4,"[1, 2, 0, 13, 0, 0, 1, 0, 4, 1]","[0.0, 0.0, 0.0]","[0.005762258529663087, 0.002293303998311361, 0.005072741254170737]","[0.30000000000000004, 1.6, 0.30000000000000004]","[0, 2, 0]",True
AdaTE-Equal-H,34,5,"[1, 2, 0, 13, 0, 0, 1, 1, 5, 1]","[0.0, 0.0, 0.0]","[0.02946718724568685, 0.013442114512125656, 0.033573526064554854]","[0.38284271247461904, 1.554247233265651, 0.38284271247461904]","[0, 3, 0]",True
AdaTE-Equal-H,34,6,"[1, 2, 0, 13, 0, 0, 0, 1, 6, 1]","[0.0, 0.0, 0.0]","[0.007577972412109375, 0.09624442299207052, 0.03119730631510417]","[0.38284271247461904, 1.554247233265651, 0.38284271247461904]","[0, 3, 0]",True
AdaTE-Equal-H,34,7,"[1, 1, 0, 13, 0, 0, 0, 1, 7, 1]","[0.0, 0.0, 0.0]","[0.0, 0.0, 0.0]","[0.1, 0.8, 0.1]","[0, 3, 0]",False
AdaTE-Equal-H,34,8,"[1, 1, 1, 12, 0, 0, 0, 1, 8, 1]","[0.0, 0.578125, 0.0]","[0.39927164713541663, 0.22786458333333331, 0.22786458333333331]","[0.38284271247461904, 1.490247233265651, 0.38284271247461904]","[0, 3, 0]",True
AdaTE-Equal-H,35,0,"[1, 2, -6, 13, 0, 0, 1, 1, 5, 0]","[0.0, 0.0, 0.0]","[0.0, 0.0, 0.0]","[0.1, 0.8, 0.1]","[0, 2, 0]",False
AdaTE-Equal-H,36,0,"[1, 0, -1, 12, 0, 0, 0, 2, 0, 3]","[0.0, 0.25, 0.0]","[0.8998870849609375, 0.68359375, 0.68359375]","[0.1, 0.8, 0.1]","[0, 1, 0]",True
AdaTE-Equal-H,37,0,"[3, 2, -4, 13, 0, 0, 1, 0, 4, 0]","[0.0, 0.0, 0.0]","[0.0, 0.0, 0.0]","[0.1, 0.8, 0.1]","[0, 3, 0]",False
AdaTE-Equal-H,37,1,"[2, 2, -4, 13, 0, 0, 1, 1, 5, 0]","[0.0, 0.0, 0.0]","[0.0, 0.0, 0.0]","[0.1, 0.8, 0.1]","[0, 3, 0]",False
AdaTE-Equal-H,37,2,"[2, 1, -3, 13, 0, -1, 0, 1, 6, 0]","[0.0, 0.0, 0.0]","[0.0, 0.0, 0.0]","[0.1, 0.8, 0.1]","[0, 3, 0]",False
AdaTE-Equal-H,37,3,"[1, 0, -2, 12, 0, -1, 0, 1, 7, 0]","[0.0, 0.0, 0.0]","[0.0, 0.0, 0.0]","[0.1, 0.8, 0.1]","[0, 1, 1]",False
AdaTE-Equal-H,38,0,"[1, 1, 0, 13, 0, -1, 0, 1, 6, 0]","[0.0, 0.7626953125, 0.0]","[0.2999623616536458, 0.45572916666666663, 0.5506391326586405]","[0.5, 1.0400000000000003, 0.5]","[0, 5, 0]",True
AdaTE-Equal-H,39,0,"[1, 2, -3, 13, 0, 0, 0, 1, 6, 1]","[0.0, 0.0, 0.0]","[0.15185496012369792, 0.35408935546875, 0.3476383209228516]","[0.1, 0.8, 0.1]","[0, 1, 0]",True
AdaTE-Equal-H,39,1,"[0, 1, -3, 13, 0, 0, 0, 1, 7, 1]","[0.0, 0.0, 0.0]","[0.0, 0.0, 0.0]","[0.1, 0.8, 0.1]","[0, 3, 0]",False
AdaTE-Equal-H,40,0,"[5, 2, -6, 13, 0, 0, 1, 0, 3, 1]","[0.0, 0.0, 0.0]","[0.0, 0.0, 0.0]","[0.1, 0.8, 0.1]","[0, 0, 1]",False
AdaTE-Equal-H,40,1,"[5, 2, -5, 13, 0, 0, 1, 0, 4, 1]","[0.0, 0.0, 0.0]","[2.987406412760417e-07, 4.352629184722902e-08, 8.645947774251306e-07]","[0.1, 0.8, 0.1]","[0, 1, 0]",True
AdaTE-Equal-H,40,2,"[4, 2, -6, 13, 0, 0, 1, 1, 5, 1]","[0.0, 0.0, 0.0]","[0.0, 4.187227884928387e-07, 1.8528645833333342e-06]","[0.0, 0.8, 0.1]","[0, 1, 0]",True
AdaTE-Equal-H,40,3,"[4, 2, -6, 13, 0, 0, 0, 1, 6, 1]","[0.0, 0.0, 0.0]","[0.0, 0.0, 0.0]","[0.1, 0.8, 0.1]","[0, 1, 0]",False
AdaTE-Equal-H,40,4,"[3, 1, -5, 13, 0, 0, 0, 1, 7, 1]","[0.0, 0.0, 0.0]","[0.0, 0.0, 0.0]","[0.1, 0.8, 0.1]","[0, 1, 0]",False
AdaTE-Equal-H,40,5,"[3, 1, -4, 12, 0, 0, 0, 1, 8, 1]","[0.0, 0.0, 0.0]","[0.0, 0.0, 0.0]","[0.1, 0.8, 0.1]","[0, 1, 0]",False
AdaTE-Equal-H,40,6,"[2, 1, -3, 11, 0, 0, 0, 1, 9, 1]","[0.0, 0.0, 0.0]","[0.0, 0.0, 0.0]","[0.1, 0.8, 0.1]","[1, 0, 0]",False
AdaTE-Equal-H,40,7,"[2, 0, -3, 10, 0, 0, 0, 1, 10, 1]","[0.0, 0.0, 0.0]","[0.0, 0.0, 0.0]","[0.1, 0.8, 0.1]","[1, 0, 0]",False
AdaTE-Equal-H,40,8,"[2, 0, -2, 9, 0, 0, 0, 1, 11, 1]","[0.0, 0.0, 0.0]","[0.0, 0.0, 0.0]","[0.1, 0.8, 0.1]","[0, 1, 0]",False
AdaTE-Equal-H,40,9,"[1, 0, -1, 9, 0, 0, 0, 1, 12, 1]","[0.0, 0.0, 0.0]","[0.0, 0.0, 0.0]","[0.1, 0.8, 0.1]","[0, 1, 0]",False
AdaTE-Equal-H,40,10,"[1, 0, -1, 8, 0, 0, 0, 2, 13, 1]","[0.0, 0.0, 0.0]","[0.0, 0.0, 0.0]","[0.1, 0.8, 0.1]","[0, 1, 0]",False
AdaTE-Equal-H,41,0,"[1, 2, -1, 13, 0, 0, 1, 0, 4, 1]","[0.0, 0.0, 0.0]","[0.009843979581197104, 0.0060867831230163585, 0.013156995455423991]","[0.38284271247461904, 1.554247233265651, 0.38284271247461904]","[0, 3, 0]",True
AdaTE-Equal-H,41,1,"[1, 2, -1, 13, 0, 0, 1, 1, 5, 1]","[0.0, 0.0, 0.0]","[0.04754357393582663, 0.04559794123967489, 0.0011793619791666667]","[0.30000000000000004, 1.6, 0.30000000000000004]","[0, 2, 0]",True
AdaTE-Equal-H,41,2,"[1, 2, -2, 13, 0, 0, 0, 1, 6, 1]","[0.0, 0.0, 0.0]","[0.008723958333333334, 0.021381937662760413, 0.21532585620880126]","[0.30000000000000004, 1.6, 0.30000000000000004]","[0, 2, 0]",True
AdaTE-Equal-H,41,3,"[1, 1, -1, 13, 0, 0, 0, 1, 7, 1]","[0.0, 0.0, 0.0]","[0.0, 0.0, 0.0]","[0.1, 0.8, 0.1]","[0, 3, 0]",False
AdaTE-Equal-H,42,0,"[1, 2, -1, 13, 0, 0, 1, 1, 5, 0]","[0.0, 0.0, 0.0]","[0.22815450032552084, 0.28430836995442715, 0.1183929443359375]","[0.1, 0.8, 0.1]","[0, 1, 0]",True
AdaTE-Equal-H,42,1,"[1, 1, -1, 13, 0, -1, 0, 1, 6, 0]","[0.0, 0.0, 0.0]","[0.0, 0.0, 0.0]","[0.1, 0.8, 0.1]","[0, 3, 0]",False
AdaTE-Equal-H,43,0,"[2, 2, -5, 13, 0, 0, 1, 0, 4, 1]","[0.0, 0.0, 0.0]","[0.09937747955322265, 0.03638707478841146, 0.09608978271484375]","[0.1, 0.8, 0.1]","[0, 1, 0]",True
AdaTE-Equal-H,43,1,"[1, 2, -6, 13, 0, 0, 1, 1, 5, 1]","[0.0, 0.0, 0.0]","[0.0, 0.0, 0.0]","[0.1, 0.8, 0.1]","[0, 2, 0]",False
AdaTE-Equal-H,43,2,"[1, 2, -6, 13, 0, 0, 0, 1, 6, 1]","[0.0, 0.0, 0.25]","[0.45572916666666663, 0.0, 0.22786458333333331]","[0.1, 0.0, 0.1]","[0, 0, 1]",True
AdaTE-Equal-H,44,0,"[5, 2, -5, 13, 0, 0, 1, 0, 1, 0]","[0.0, 0.0, 0.0]","[2.1720465024312347e-06, 0.0, 1.5467122395833336e-05]","[0.2, 1.6, 0.30000000000000004]","[1, 1, 0]",True
AdaTE-Equal-H,44,1,"[4, 2, -5, 13, 0, 0, 1, 0, 2, 0]","[0.0, 0.0, 0.0]","[0.0004979564348856608, 0.00021724853515625003, 0.00037885928948720303]","[0.30000000000000004, 1.6, 0.30000000000000004]","[0, 2, 0]",True
AdaTE-Equal-H,44,2,"[3, 2, -5, 13, 0, 0, 1, 0, 3, 0]","[0.0, 0.0, 0.0]","[0.0005315839648246765, 0.00480971391995748, 0.00144189453125]","[0.30000000000000004, 1.6, 0.30000000000000004]","[0, 2, 0]",True
AdaTE-Equal-H,44,3,"[3, 2, -5, 13, 0, 0, 1, 0, 4, 0]","[0.0, 0.0, 0.0]","[0.011423184871673583, 0.038145740826924644, 0.0011890379587809244]","[0.1, 0.8, 0.1]","[0, 1, 0]",True
AdaTE-Equal-H,44,4,"[2, 2, -6, 13, 0, 0, 1, 1, 5, 0]","[0.0, 0.0, 0.0]","[0.0, 0.0, 0.0]","[0.1, 0.8, 0.1]","[1, 1, 0]",False
AdaTE-Equal-H,44,5,"[2, 1, -6, 13, 0, -1, 0, 1, 6, 0]","[0.0, 0.0, 0.0]","[0.0, 0.0, 0.0]","[0.1, 0.8, 0.1]","[0, 1, 0]",False
AdaTE-Equal-H,45,0,"[3, 2, -5, 13, 0, 0, 1, 0, 1, 1]","[0.0, 0.0, 0.0]","[0.0003229390041033428, 0.0006773917897542319, 8.755529880523683e-05]","[0.1, 0.8, 0.1]","[0, 1, 0]",True
AdaTE-Equal-H,45,1,"[3, 2, -5, 13, 0, 0, 1, 0, 2, 1]","[0.0, 0.0, 0.0]","[0.0005288607915242513, 0.0024539761225382487, 0.0024777645111083986]","[0.1, 0.8, 0.1]","[0, 1, 0]",True
AdaTE-Equal-H,45,2,"[2, 2, -6, 13, 0, 0, 1, 0, 3, 1]","[0.0, 0.0, 0.0]","[0.0, 0.0, 0.0]","[0.1, 0.8, 0.1]","[0, 1, 0]",False
AdaTE-Equal-H,45,3,"[2, 2, -6, 13, 0, 0, 1, 0, 4, 1]","[0.0, 0.0, 0.0]","[0.0, 0.0, 0.0]","[0.1, 0.8, 0.1]","[0, 1, 1]",False
AdaTE-Equal-H,45,4,"[1, 2, -5, 13, 0, 0, 1, 1, 5, 1]","[0.0, 0.0, 0.0]","[0.034136962890625, 0.3033487955729167, 0.18782755533854167]","[0.1, 0.8, 0.1]","[0, 1, 0]",True
AdaTE-Equal-H,45,5,"[0, 2, -6, 13, 0, 0, 0, 1, 6, 1]","[0.0, 0.0, 0.0]","[0.0, 0.0, 0.0]","[0.1, 0.8, 0.1]","[0, 2, 0]",False
AdaTE-Equal-H,46,0,"[1, 2, 0, 13, 0, 0, 1, 0, 1, 0]","[0.0, 0.0, 0.0]","[2.9891408284505213e-05, 0.00032969584147135426, 0.0003979310218493144]","[0.30000000000000004, 1.6, 0.30000000000000004]","[0, 2, 0]",True
AdaTE-Equal-H,46,1,"[1, 2, 0, 13, 0, 0, 1, 0, 2, 0]","[0.0, 0.0, 0.0]","[0.00030355211695035306, 0.0020660733540852866, 0.004907567628224693]","[0.30000000000000004, 1.6, 0.30000000000000004]","[0, 2, 0]",True
AdaTE-Equal-H,46,2,"[1, 2, 0, 13, 0, 0, 1, 0, 3, 0]","[0.0, 0.006500000000000001, 0.0]","[0.003779072999954224, 0.012216987291971845, 0.008316822052001953]","[0.38284271247461904, 1.554247233265651, 0.38284271247461904]","[0, 3, 0]",True
AdaTE-Equal-H,46,3,"[1, 2, 0, 13, 0, 0, 1, 0, 4, 0]","[0.0, 0.06625, 0.0]","[0.06862830797831218, 0.050074301560719806, 0.04839051668842634]","[0.44641016151377544, 0.9735919126527691, 0.44641016151377544]","[0, 4, 0]",True
AdaTE-Equal-H,46,4,"[1, 2, 0, 13, 0, 0, 1, 1, 5, 0]","[0.0, 0.3095703125, 0.0]","[0.25623669028282164, 0.13958033720652263, 0.19377386569976807]","[0.5, 1.0400257582998067, 0.5]","[0, 5, 0]",True
AdaTE-Equal-H,46,5,"[1, 1, 0, 13, 0, -1, 0, 1, 6, 0]","[0.0, 0.822021484375, 0.0]","[0.2999623616536458, 0.45572916666666663, 0.5506391326586405]","[0.547213595499958, 1.135141936857087, 0.547213595499958]","[0, 6, 0]",True
AdaTE-Equal-H,47,0,"[1, 2, -2, 13, 0, 0, 1, 0, 4, 0]","[0.0, 0.0, 0.0]","[0.0, 0.0, 0.0]","[0.1, 0.8, 0.1]","[0, 4, 0]",False
AdaTE-Equal-H,47,1,"[1, 2, -2, 13, 0, 0, 1, 1, 5, 0]","[0.0, 0.0, 0.0]","[0.0, 0.0, 0.0]","[0.1, 0.8, 0.1]","[0, 5, 0]",False
AdaTE-Equal-H,47,2,"[1, 1, -1, 13, 0, -1, 0, 1, 6, 0]","[0.0, 0.0, 0.0]","[0.0, 0.0, 0.0]","[0.1, 0.8, 0.1]","[1, 3, 0]",False
AdaTE-Equal-H,48,0,"[1, 2, -2, 13, 0, 0, 1, 0, 3, 0]","[0.0, 0.0, 0.0]","[0.0, 0.0, 0.0]","[0.1, 0.8, 0.1]","[1, 2, 1]",False
AdaTE-Equal-H,48,1,"[1, 2, -2, 13, 0, 0, 1, 0, 4, 0]","[0.0, 0.0, 0.0]","[0.0, 0.0, 0.0]","[0.1, 0.8, 0.1]","[0, 5, 0]",False
AdaTE-Equal-H,48,2,"[1, 2, -2, 13, 0, 0, 1, 1, 5, 0]","[0.0, 0.0, 0.0]","[0.0, 0.0, 0.0]","[0.1, 0.8, 0.1]","[0, 6, 0]",False
AdaTE-Equal-H,48,3,"[1, 1, -1, 13, 0, -1, 0, 1, 6, 0]","[0.0, 0.0, 0.0]","[0.0, 0.0, 0.0]","[0.1, 0.8, 0.1]","[2, 3, 0]",False
AdaTE-Equal-H,49,0,"[2, 2, -5, 13, 0, 0, 0, 1, 6, 1]","[0.0, 0.0, 0.0]","[0.19193868001302083, 0.17603628158569337, 0.15497822165489197]","[0.1, 0.8, 0.1]","[0, 1, 0]",True
AdaTE-Equal-H,49,1,"[1, 1, -5, 13, 0, 0, 0, 1, 7, 1]","[0.0, 0.0, 0.0]","[0.0, 0.0, 0.0]","[0.1, 0.8, 0.1]","[0, 4, 1]",False
AdaTE-Equal-H,50,0,"[3, 2, -5, 13, 0, 0, 1, 0, 2, 1]","[0.0, 0.0, 0.0]","[0.0005288607915242513, 0.0024539761225382487, 0.0024777645111083986]","[0.30000000000000004, 1.6, 0.30000000000000004]","[0, 2, 0]",True
AdaTE-Equal-H,50,1,"[2, 2, -6, 13, 0, 0, 1, 0, 3, 1]","[0.0, 0.0, 0.0]","[0.0, 0.0, 0.0]","[0.1, 0.8, 0.1]","[0, 2, 0]",False
AdaTE-Equal-H,50,2,"[2, 2, -6, 13, 0, 0, 1, 0, 4, 1]","[0.0, 0.0, 0.0]","[0.0, 0.0, 0.0]","[0.1, 0.8, 0.1]","[0, 2, 1]",False
AdaTE-Equal-H,50,3,"[1, 2, -6, 13, 0, 0, 1, 1, 5, 1]","[0.0, 0.0, 0.0]","[0.0, 0.0, 0.0]","[0.1, 0.8, 0.1]","[0, 3, 0]",False
AdaTE-Equal-H,50,4,"[0, 2, -6, 13, 0, 0, 0, 1, 6, 1]","[0.0, 0.0, 0.0]","[0.0, 0.0, 0.0]","[0.1, 0.8, 0.1]","[0, 3, 0]",False
AdaTE-Equal-H,51,0,"[2, 0, -3, 12, 0, 0, 0, 3, 0, 4]","[0.0, 0.0, 0.0]","[3.059038559595745e-06, 1.369261423746745e-06, 1.4691912333170577e-06]","[0.30000000000000004, 1.6, 0.30000000000000004]","[0, 2, 0]",True
AdaTE-Equal-H,51,1,"[2, 0, -2, 12, 0, 0, 0, 3, 1, 4]","[0.0, 0.0, 0.0]","[0.0, 0.0, 0.0]","[0.1, 0.8, 0.1]","[0, 1, 1]",False
AdaTE-Equal-H,51,2,"[2, 0, -1, 11, 0, 0, 0, 3, 2, 4]","[0.0, 0.0, 0.0]","[0.0, 0.0, 0.0]","[0.1, 0.8, 0.1]","[0, 2, 0]",False
AdaTE-Equal-H,51,3,"[2, 0, -1, 10, 0, 0, 0, 3, 3, 4]","[0.0, 0.0, 0.0]","[0.0, 0.0, 0.0]","[0.1, 0.8, 0.1]","[0, 1, 1]",False
AdaTE-Equal-H,51,4,"[2, 0, 0, 10, 0, 0, 0, 3, 4, 4]","[0.0, 0.0, 0.0]","[0.0, 0.0, 0.0]","[0.1, 0.8, 0.1]","[0, 2, 0]",False
AdaTE-Equal-H,51,5,"[2, 0, 0, 9, 0, 0, 0, 3, 5, 4]","[0.0, 0.0, 0.0]","[0.0, 0.0, 0.0]","[0.1, 0.8, 0.1]","[0, 1, 0]",False
AdaTE-Equal-H,51,6,"[2, 0, 0, 9, 0, 0, 0, 3, 6, 4]","[0.0, 0.0, 0.0]","[0.0, 0.0, 0.0]","[0.1, 0.8, 0.1]","[1, 1, 0]",False
AdaTE-Equal-H,51,7,"[2, 0, 0, 9, 0, 0, 0, 3, 7, 4]","[0.0, 0.0, 0.0]","[0.0, 0.0, 0.0]","[0.1, 0.8, 0.1]","[0, 2, 0]",False
AdaTE-Equal-H,51,8,"[2, 0, 0, 9, 0, 0, 0, 3, 8, 4]","[0.0, 0.0, 0.0]","[0.0, 0.0, 0.0]","[0.1, 0.8, 0.1]","[0, 2, 0]",False
AdaTE-Equal-H,51,9,"[2, 0, 0, 9, 0, 0, 0, 3, 9, 4]","[0.0, 0.0, 0.0]","[0.0, 0.0, 0.0]","[0.1, 0.8, 0.1]","[0, 2, 0]",False
AdaTE-Equal-H,51,10,"[2, 0, 0, 9, 0, 0, 0, 3, 10, 4]","[0.0, 0.0, 0.0]","[0.0, 0.0, 0.0]","[0.1, 0.8, 0.1]","[0, 1, 1]",False
AdaTE-Equal-H,51,11,"[2, 0, 0, 9, 0, 0, 0, 3, 11, 4]","[0.0, 0.0, 0.0]","[0.0, 0.0, 0.0]","[0.1, 0.8, 0.1]","[0, 1, 0]",False
AdaTE-Equal-H,51,12,"[2, 0, 0, 9, 0, 0, 0, 3, 12, 4]","[0.0, 0.0, 0.0]","[0.0, 0.0, 0.0]","[0.1, 0.8, 0.1]","[0, 2, 0]",False
AdaTE-Equal-H,51,13,"[2, 0, 0, 9, 0, 0, 0, 3, 13, 4]","[0.0, 0.0, 0.0]","[0.0, 0.0, 0.0]","[0.1, 0.8, 0.1]","[1, 1, 0]",False
AdaTE-Equal-H,51,14,"[2, 0, 0, 9, 0, 0, 0, 3, 14, 4]","[0.0, 0.0, 0.0]","[0.0, 0.0, 0.0]","[0.1, 0.8, 0.1]","[0, 1, 1]",False
AdaTE-Equal-H,51,15,"[2, 0, 0, 9, 0, 0, 0, 3, 15, 4]","[0.0, 0.0, 0.0]","[0.0, 0.0, 0.0]","[0.1, 0.8, 0.1]","[1, 1, 0]",False
AdaTE-Equal-H,51,16,"[2, 0, 0, 9, 0, 0, 0, 3, 16, 4]","[0.0, 0.0, 0.0]","[0.0, 0.0, 0.0]","[0.1, 0.8, 0.1]","[0, 2, 0]",False
AdaTE-Equal-H,51,17,"[2, 0, 0, 9, 0, 0, 0, 3, 17, 4]","[0.0, 0.0, 0.0]","[0.0, 0.0, 0.0]","[0.1, 0.8, 0.1]","[0, 2, 0]",False
AdaTE-Equal-H,51,18,"[2, 0, 0, 9, 0, 0, 0, 3, 18, 4]","[0.0, 0.0, 0.0]","[0.0, 0.0, 0.0]","[0.1, 0.8, 0.1]","[0, 2, 0]",False
AdaTE-Equal-H,51,19,"[2, 0, 0, 9, 0, 0, 0, 3, 19, 4]","[0.0, 0.0, 0.0]","[0.0, 0.0, 0.0]","[0.1, 0.8, 0.1]","[0, 2, 0]",False
AdaTE-Equal-H,51,20,"[2, 0, 0, 9, 0, 0, 0, 3, 20, 4]","[0.0, 0.0, 0.0]","[0.0, 0.0, 0.0]","[0.1, 0.8, 0.1]","[0, 2, 0]",False
AdaTE-Equal-H,51,21,"[2, 0, 0, 9, 0, 0, 0, 3, 21, 4]","[0.0, 0.0, 0.0]","[0.0, 0.0, 0.0]","[0.1, 0.8, 0.1]","[0, 2, 0]",False
AdaTE-Equal-H,51,22,"[2, 0, 0, 9, 0, 0, 0, 3, 22, 4]","[0.0, 0.0, 0.0]","[0.0, 0.0, 0.0]","[0.1, 0.8, 0.1]","[0, 2, 0]",False
AdaTE-Equal-H,51,23,"[2, 0, 0, 9, 0, 0, 0, 3, 23, 4]","[0.0, 0.0, 0.0]","[0.0, 0.0, 0.0]","[0.1, 0.8, 0.1]","[0, 2, 0]",False
AdaTE-Equal-H,51,24,"[2, 0, 0, 9, 0, 0, 0, 3, 24, 4]","[0.0, 0.0, 0.0]","[0.0, 0.0, 0.0]","[0.1, 0.8, 0.1]","[0, 2, 0]",False
AdaTE-Equal-H,51,25,"[2, 0, 0, 9, 0, 0, 0, 3, 25, 4]","[0.0, 0.0, 0.0]","[0.0, 0.0, 0.0]","[0.1, 0.8, 0.1]","[0, 2, 0]",False
AdaTE-Equal-H,51,26,"[2, 0, 0, 9, 0, 0, 0, 3, 26, 4]","[0.0, 0.0, 0.0]","[0.0, 0.0, 0.0]","[0.1, 0.8, 0.1]","[0, 2, 0]",False
AdaTE-Equal-H,51,27,"[2, 0, 0, 9, 0, 0, 0, 3, 27, 4]","[0.0, 0.0, 0.0]","[0.0, 0.0, 0.0]","[0.1, 0.8, 0.1]","[0, 2, 0]",False
AdaTE-Equal-H,51,28,"[2, 0, 0, 9, 0, 0, 0, 3, 28, 4]","[0.0, 0.0, 0.0]","[0.0, 0.0, 0.0]","[0.1, 0.8, 0.1]","[0, 2, 0]",False
AdaTE-Equal-H,51,29,"[2, 0, 0, 9, 0, 0, 0, 3, 29, 4]","[0.0, 0.0, 0.0]","[0.0, 0.0, 0.0]","[0.1, 0.8, 0.1]","[1, 0, 1]",False
AdaTE-Equal-H,51,30,"[2, 0, 0, 9, 0, 0, 0, 3, 30, 4]","[0.0, 0.0, 0.0]","[0.0, 0.0, 0.0]","[0.1, 0.8, 0.1]","[0, 1, 0]",False
AdaTE-Equal-H,51,31,"[2, 0, 0, 9, 0, 0, 0, 3, 31, 4]","[0.0, 0.0, 0.0]","[0.0, 0.0, 0.0]","[0.1, 0.8, 0.1]","[0, 1, 0]",False
AdaTE-Equal-H,51,32,"[2, 0, 0, 9, 0, 0, 0, 3, 32, 4]","[0.0, 0.0, 0.0]","[0.0, 0.0, 0.0]","[0.1, 0.8, 0.1]","[0, 0, 1]",False
AdaTE-Equal-H,51,33,"[2, 0, 0, 9, 0, 0, 0, 3, 33, 4]","[0.0, 0.0, 0.0]","[0.0, 0.0, 0.0]","[0.1, 0.8, 0.1]","[0, 0, 1]",False
AdaTE-Equal-H,51,34,"[2, 0, 0, 9, 0, 0, 0, 3, 34, 4]","[0.0, 0.0, 0.0]","[0.0, 0.0, 0.0]","[0.1, 0.8, 0.1]","[0, 0, 1]",False
AdaTE-Equal-H,52,0,"[1, 2, -3, 13, 0, 0, 1, 1, 5, 1]","[0.0, 0.0, 0.0]","[0.036470947265625005, 0.09851445515950522, 0.16318710645039877]","[0.1, 0.8, 0.1]","[0, 1, 0]",True
AdaTE-Equal-H,52,1,"[1, 2, -4, 13, 0, 0, 0, 1, 6, 1]","[0.0, 0.0, 0.0]","[0.0, 0.0, 0.0]","[0.1, 0.8, 0.1]","[0, 3, 0]",False
AdaTE-Equal-H,52,2,"[0, 1, -3, 13, 0, 0, 0, 1, 7, 1]","[0.0, 0.0, 0.0]","[0.0, 0.0, 0.0]","[0.1, 0.8, 0.1]","[0, 4, 0]",False
AdaTE-Equal-H,53,0,"[3, 2, -6, 13, 0, 0, 1, 0, 4, 0]","[0.0, 0.0, 0.0]","[0.00016927083333333334, 0.007313690185546876, 0.046065673828124994]","[0.30000000000000004, 1.6, 0.30000000000000004]","[0, 2, 0]",True
AdaTE-Equal-H,53,1,"[2, 2, -6, 13, 0, 0, 1, 1, 5, 0]","[0.0, 0.0, 0.0]","[0.0, 0.0, 0.0]","[0.1, 0.8, 0.1]","[1, 2, 0]",False
AdaTE-Equal-H,53,2,"[1, 1, -6, 13, 0, -1, 0, 1, 6, 0]","[0.0, 0.0, 0.0]","[0.0, 0.0, 0.0]","[0.1, 0.8, 0.1]","[0, 1, 0]",False
AdaTE-Equal-H,54,0,"[1, 2, 0, 13, 0, 0, 1, 0, 1, 1]","[0.0, 0.0, 0.0]","[5.5746632655461645e-06, 8.55568656921387e-06, 1.577885169982911e-05]","[0.30000000000000004, 1.6, 0.30000000000000004]","[0, 2, 0]",True
AdaTE-Equal-H,54,1,"[1, 2, 0, 13, 0, 0, 1, 0, 2, 1]","[0.0, 0.0, 0.0]","[2.447028573354086e-05, 8.619697825113934e-05, 9.410152149200442e-05]","[0.30000000000000004, 1.6, 0.30000000000000004]","[0, 2, 0]",True
AdaTE-Equal-H,54,2,"[1, 2, 0, 13, 0, 0, 1, 0, 3, 1]","[0.0, 0.0, 0.0]","[0.0008213894907633465, 0.0007324037981033326, 0.0002172540410359701]","[0.30000000000000004, 1.6, 0.30000000000000004]","[0, 2, 0]",True
AdaTE-Equal-H,54,3,"[1, 2, 0, 13, 0, 0, 1, 0, 4, 1]","[0.0, 0.0, 0.0]","[0.005762258529663087, 0.002293303998311361, 0.005072741254170737]","[0.38284271247461904, 1.554247233265651, 0.38284271247461904]","[0, 3, 0]",True
AdaTE-Equal-H,54,4,"[1, 2, 0, 13, 0, 0, 1, 1, 5, 1]","[0.0, 0.0, 0.0]","[0.02946718724568685, 0.013442114512125656, 0.033573526064554854]","[0.44641016151377544, 1.492820323027551, 0.44641016151377544]","[0, 4, 0]",True
AdaTE-Equal-H,54,5,"[1, 2, 0, 13, 0, 0, 0, 1, 6, 1]","[0.0, 0.0, 0.0]","[0.007577972412109375, 0.09624442299207052, 0.03119730631510417]","[0.44641016151377544, 1.492820323027551, 0.44641016151377544]","[0, 4, 0]",True
AdaTE-Equal-H,54,6,"[1, 1, 0, 13, 0, 0, 0, 1, 7, 1]","[0.0, 0.0, 0.0]","[0.0, 0.0, 0.0]","[0.1, 0.8, 0.1]","[0, 4, 0]",False
AdaTE-Equal-H,54,7,"[1, 1, 1, 12, 0, 0, 0, 1, 8, 1]","[0.0, 0.68359375, 0.0]","[0.39927164713541663, 0.22786458333333331, 0.22786458333333331]","[0.44641016151377544, 1.9225346087418367, 0.44641016151377544]","[0, 4, 0]",True
AdaTE-Equal-H,55,0,"[3, 2, -5, 13, 0, 0, 1, 0, 3, 1]","[0.0, 0.0, 0.0]","[0.0003717522303263347, 0.003076313991546632, 0.008229426967302961]","[0.44641016151377544, 1.492820323027551, 0.44641016151377544]","[0, 4, 0]",True
AdaTE-Equal-H,55,1,"[3, 2, -5, 13, 0, 0, 1, 0, 4, 1]","[0.0, 0.0, 0.0]","[0.018767807165781657, 0.02153220907847087, 0.021809609985351565]","[0.44641016151377544, 1.492820323027551, 0.44641016151377544]","[0, 4, 0]",True
AdaTE-Equal-H,55,2,"[2, 2, -6, 13, 0, 0, 1, 1, 5, 1]","[0.0, 0.0, 0.0]","[0.0, 0.019048126220703128, 0.005094194412231447]","[0.34641016151377546, 1.492820323027551, 0.44641016151377544]","[0, 4, 0]",True
AdaTE-Equal-H,55,3,"[2, 2, -6, 13, 0, 0, 0, 1, 6, 1]","[0.0, 0.0, 0.0]","[0.029602615038553874, 0.12188711166381837, 0.1687170155843099]","[0.5, 1.4400000000000002, 0.5]","[0, 5, 0]",True
AdaTE-Equal-H,55,4,"[1, 1, -5, 13, 0, 0, 0, 1, 7, 1]","[0.0, 0.0, 0.0]","[0.0, 0.0, 0.0]","[0.1, 0.8, 0.1]","[0, 4, 2]",False
AdaTE-Equal-H,56,0,"[3, 2, -3, 12, 0, 0, 1, 0, 0, 1]","[0.0, 0.0, 0.0]","[2.083105247418086e-05, 2.6236110051472996e-06, 3.1772753675778715e-06]","[0.1, 0.8, 0.1]","[0, 1, 0]",True
AdaTE-Equal-H,56,1,"[2, 2, -3, 13, 0, 0, 1, 0, 1, 1]","[0.0, 0.0, 0.0]","[0.00018669798310597742, 8.394459390640261e-05, 5.3597942511240646e-05]","[0.30000000000000004, 1.6, 0.30000000000000004]","[0, 2, 0]",True
AdaTE-Equal-H,56,2,"[2, 2, -3, 13, 0, 0, 1, 0, 2, 1]","[0.0, 0.0, 0.0]","[5.067567269007366e-05, 0.0008386191368103029, 0.0007201108145713806]","[0.30000000000000004, 1.6, 0.30000000000000004]","[0, 2, 0]",True
AdaTE-Equal-H,56,3,"[2, 2, -3, 13, 0, 0, 1, 0, 3, 1]","[0.0, 0.0, 0.0]","[0.0010936408042907717, 0.0026283424377441405, 0.0033776327451070154]","[0.1, 0.8, 0.1]","[0, 1, 0]",True
AdaTE-Equal-H,56,4,"[1, 2, -4, 13, 0, 0, 1, 0, 4, 1]","[0.0, 0.0, 0.0]","[0.0, 0.0, 0.0]","[0.1, 0.8, 0.1]","[0, 2, 0]",False
AdaTE-Equal-H,56,5,"[1, 2, -4, 13, 0, 0, 1, 1, 5, 1]","[0.0, 0.0, 0.0]","[0.0, 0.0, 0.0]","[0.1, 0.8, 0.1]","[0, 1, 1]",False
AdaTE-Equal-H,56,6,"[1, 2, -3, 13, 0, 0, 0, 1, 6, 1]","[0.0, 0.0, 0.0]","[0.15185496012369792, 0.35408935546875, 0.3476383209228516]","[0.30000000000000004, 1.6, 0.30000000000000004]","[0, 2, 0]",True
AdaTE-Equal-H,56,7,"[0, 1, -3, 13, 0, 0, 0, 1, 7, 1]","[0.0, 0.0, 0.0]","[0.0, 0.0, 0.0]","[0.1, 0.8, 0.1]","[0, 5, 0]",False
AdaTE-Equal-H,57,0,"[3, 2, -4, 13, 0, 0, 1, 0, 4, 1]","[0.0, 0.0, 0.0]","[0.0, 0.0, 0.0]","[0.1, 0.8, 0.1]","[0, 1, 0]",False
AdaTE-Equal-H,57,1,"[2, 2, -4, 13, 0, 0, 1, 1, 5, 1]","[0.0, 0.0, 0.0]","[0.0, 0.0, 0.0]","[0.1, 0.8, 0.1]","[0, 1, 0]",False
AdaTE-Equal-H,57,2,"[2, 2, -4, 13, 0, 0, 0, 1, 6, 1]","[0.0, 0.0, 0.0]","[0.0, 0.0, 0.0]","[0.1, 0.8, 0.1]","[0, 1, 0]",False
AdaTE-Equal-H,57,3,"[2, 1, -3, 13, 0, 0, 0, 1, 7, 1]","[0.0, 0.0, 0.0]","[0.0, 0.0, 0.0]","[0.1, 0.8, 0.1]","[0, 1, 0]",False
AdaTE-Equal-H,57,4,"[1, 1, -3, 12, 0, 0, 0, 1, 8, 1]","[0.0, 0.0, 0.0]","[0.0, 0.0, 0.0]","[0.1, 0.8, 0.1]","[0, 0, 1]",False
AdaTE-Equal-H,58,0,"[2, 0, -5, 12, 0, 0, 0, 2, 0, 3]","[0.0, 0.0, 0.0]","[0.030691396868228915, 0.016491100947062173, 0.015179040606816612]","[0.1, 0.8, 0.1]","[0, 1, 0]",True
AdaTE-Equal-H,58,1,"[2, 0, -4, 12, 0, 0, 0, 2, 1, 3]","[0.0, 0.0, 0.0]","[0.0, 0.0, 0.0]","[0.1, 0.8, 0.1]","[0, 1, 0]",False
AdaTE-Equal-H,58,2,"[2, 0, -3, 11, 0, 0, 0, 2, 2, 3]","[0.0, 0.0, 0.0]","[0.0, 0.0, 0.0]","[0.1, 0.8, 0.1]","[1, 0, 0]",False
AdaTE-Equal-H,58,3,"[1, 0, -3, 10, 0, 0, 0, 2, 3, 3]","[0.0, 0.0, 0.0]","[0.0, 0.0, 0.0]","[0.1, 0.8, 0.1]","[0, 1, 0]",False
AdaTE-Equal-H,59,0,"[2, 2, -1, 13, 0, 0, 1, 0, 1, 1]","[0.0, 0.0, 0.0]","[3.494049549102784e-06, 7.395925339063011e-06, 1.2717662596702585e-05]","[0.1, 0.8, 0.1]","[0, 1, 0]",True
AdaTE-Equal-H,59,1,"[1, 2, -1, 13, 0, 0, 1, 0, 2, 1]","[0.0, 0.0, 0.0]","[0.0, 0.0, 0.0]","[0.1, 0.8, 0.1]","[0, 1, 0]",False
AdaTE-Equal-H,59,2,"[1, 2, -2, 13, 0, 0, 1, 0, 3, 1]","[0.0, 0.0, 0.0]","[0.0, 0.0, 0.0]","[0.1, 0.8, 0.1]","[0, 1, 0]",False
AdaTE-Equal-H,59,3,"[1, 2, -2, 13, 0, 0, 1, 0, 4, 1]","[0.0, 0.0, 0.0]","[0.0, 0.0, 0.0]","[0.1, 0.8, 0.1]","[0, 1, 0]",False
AdaTE-Equal-H,59,4,"[1, 2, -2, 13, 0, 0, 1, 1, 5, 1]","[0.0, 0.0, 0.0]","[0.0, 0.0, 0.0]","[0.1, 0.8, 0.1]","[0, 1, 1]",False
AdaTE-Equal-H,59,5,"[1, 2, -2, 13, 0, 0, 0, 1, 6, 1]","[0.0, 0.0, 0.0]","[0.008723958333333334, 0.021381937662760413, 0.21532585620880126]","[0.38284271247461904, 1.554247233265651, 0.38284271247461904]","[0, 3, 0]",True
AdaTE-Equal-H,59,6,"[1, 1, -1, 13, 0, 0, 0, 1, 7, 1]","[0.0, 0.0, 0.0]","[0.0, 0.0, 0.0]","[0.1, 0.8, 0.1]","[0, 4, 0]",False
AdaTE-Equal-H,60,0,"[1, 2, -3, 13, 0, 0, 1, 1, 5, 0]","[0.0, 0.0, 0.0]","[0.22786458333333331, 0.6732400258382161, 0.5075581868489583]","[0.30000000000000004, 1.6, 0.30000000000000004]","[0, 2, 0]",True
AdaTE-Equal-H,60,1,"[1, 1, -3, 13, 0, -1, 0, 1, 6, 0]","[0.0, 0.0, 0.0]","[0.0, 0.0, 0.0]","[0.1, 0.8, 0.1]","[0, 2, 0]",False
AdaTE-QP-H,1,0,"[2, 0, -5, 12, 0, 0, 0, 2, 0, 2]","[0.0, 0.0, 0.0]","[0.07547874171237152, 0.05291592984199524, 0.04888335466782252]","[0.1, 0.8, 0.1]","[0, 1, 0]",True
AdaTE-QP-H,1,1,"[2, 0, -4, 12, 0, 0, 0, 2, 1, 2]","[0.0, 0.0, 0.0]","[0.0, 0.0, 0.0]","[0.1, 0.8, 0.1]","[0, 0, 1]",False
AdaTE-QP-H,1,2,"[2, 0, -3, 11, 0, 0, 0, 2, 2, 2]","[0.0, 0.0, 0.0]","[0.0, 0.0, 0.0]","[0.1, 0.8, 0.1]","[0, 1, 0]",False
AdaTE-QP-H,1,3,"[1, 0, -2, 10, 0, 0, 0, 2, 3, 2]","[0.0, 0.0, 0.0]","[0.0, 0.0, 0.0]","[0.1, 0.8, 0.1]","[1, 0, 0]",False
AdaTE-QP-H,2,0,"[1, 2, -1, 13, 0, 0, 1, 0, 4, 0]","[0.0, 0.0, 0.0]","[0.0564852015177409, 0.09461761474609376, 0.07584318161010743]","[0.1, 0.8, 0.1]","[0, 1, 0]",True
AdaTE-QP-H,2,1,"[1, 2, -2, 13, 0, 0, 1, 1, 5, 0]","[0.0, 0.0, 0.0]","[0.0, 0.0, 0.0]","[0.1, 0.8, 0.1]","[1, 0, 0]",False
AdaTE-QP-H,2,2,"[1, 1, -1, 13, 0, -1, 0, 1, 6, 0]","[0.0, 0.0, 0.0]","[0.0, 0.0, 0.0]","[0.1, 0.8, 0.1]","[0, 1, 0]",False
AdaTE-QP-H,3,0,"[2, 0, -5, 12, 0, 0, 0, 2, 0, 3]","[0.0, 0.0, 0.0]","[0.030691396868228915, 0.016491100947062173, 0.015179040606816612]","[0.1, 0.8, 0.1]","[0, 1, 0]",True
AdaTE-QP-H,3,1,"[2, 0, -4, 12, 0, 0, 0, 2, 1, 3]","[0.0, 0.0, 0.0]","[0.0, 0.0, 0.0]","[0.1, 0.8, 0.1]","[0, 1, 0]",False
AdaTE-QP-H,3,2,"[2, 0, -3, 11, 0, 0, 0, 2, 2, 3]","[0.0, 0.0, 0.0]","[0.0, 0.0, 0.0]","[0.1, 0.8, 0.1]","[0, 1, 0]",False
AdaTE-QP-H,3,3,"[1, 0, -3, 10, 0, 0, 0, 2, 3, 3]","[0.0, 0.0, 0.0]","[0.0, 0.0, 0.0]","[0.1, 0.8, 0.1]","[0, 0, 1]",False
AdaTE-QP-H,4,0,"[2, 2, -5, 13, 0, 0, 1, 0, 4, 0]","[0.0, 0.0, 0.0]","[0.12130267024040223, 0.21570879618326824, 0.36165667970975235]","[0.1, 0.8, 0.1]","[0, 1, 0]",True
AdaTE-QP-H,4,1,"[1, 2, -5, 13, 0, 0, 1, 1, 5, 0]","[0.0, 0.25, 0.0]","[0.68359375, 0.45572916666666663, 0.827789306640625]","[0.1, 0.8, 0.1]","[0, 1, 0]",True
AdaTE-QP-H,5,0,"[4, 2, -3, 13, 0, 0, 1, 0, 1, 0]","[0.0, 0.0, 0.0]","[5.445638020833335e-07, 5.638853518168132e-06, 4.236238491535188e-06]","[0.1, 0.8, 0.1]","[0, 1, 0]",True
AdaTE-QP-H,5,1,"[3, 2, -3, 13, 0, 0, 1, 0, 2, 0]","[0.0, 0.0, 0.0]","[0.00013038912439346316, 5.856641133626304e-06, 8.183432133992513e-05]","[0.1, 0.8, 0.1]","[0, 1, 0]",True
AdaTE-QP-H,5,2,"[3, 2, -4, 13, 0, 0, 1, 0, 3, 0]","[0.0, 0.0, 0.0]","[0.0, 0.0, 0.0]","[0.1, 0.8, 0.1]","[0, 0, 1]",False
AdaTE-QP-H,5,3,"[3, 2, -3, 13, 0, 0, 1, 0, 4, 0]","[0.0, 0.0, 0.0]","[0.0013133891423543296, 0.004426761833826701, 0.002923184394836426]","[0.1, 0.8, 0.1]","[0, 1, 0]",True
AdaTE-QP-H,5,4,"[2, 2, -4, 13, 0, 0, 1, 1, 5, 0]","[0.0, 0.0, 0.0]","[0.0, 0.0, 0.0]","[0.1, 0.8, 0.1]","[0, 1, 0]",False
AdaTE-QP-H,5,5,"[2, 1, -3, 13, 0, -1, 0, 1, 6, 0]","[0.0, 0.0, 0.0]","[0.0, 0.0, 0.0]","[0.1, 0.8, 0.1]","[0, 1, 0]",False
AdaTE-QP-H,5,6,"[1, 0, -2, 12, 0, -1, 0, 1, 7, 0]","[0.0, 0.0, 0.0]","[0.0, 0.0, 0.0]","[0.1, 0.8, 0.1]","[0, 1, 0]",False
AdaTE-QP-H,6,0,"[2, 2, -6, 13, 0, 0, 1, 0, 3, 1]","[0.0, 0.0, 0.0]","[0.0, 0.0, 0.0]","[0.1, 0.8, 0.1]","[0, 0, 1]",False
AdaTE-QP-H,6,1,"[2, 2, -5, 13, 0, 0, 1, 0, 4, 1]","[0.0, 0.0, 0.0]","[0.05637942242196958, 0.014133126127964482, 0.06416719820737166]","[0.1, 0.8, 0.1]","[0, 1, 0]",True
AdaTE-QP-H,6,2,"[1, 2, -6, 13, 0, 0, 1, 1, 5, 1]","[0.0, 0.0, 0.0]","[0.0, 0.0, 0.0]","[0.1, 0.8, 0.1]","[0, 0, 1]",False
AdaTE-QP-H,6,3,"[0, 2, -5, 13, 0, 0, 0, 1, 6, 1]","[0.0, 0.0, 0.0]","[0.0, 0.0, 0.0]","[0.1, 0.8, 0.1]","[0, 0, 1]",False
AdaTE-QP-H,7,0,"[3, 2, -5, 13, 0, 0, 1, 0, 1, 0]","[0.0, 0.0, 0.0]","[0.0001837554242711045, 0.0010658392706010416, 0.0035378599186703164]","[0.1, 0.8, 0.1]","[0, 1, 0]",True
AdaTE-QP-H,7,1,"[3, 2, -5, 13, 0, 0, 1, 0, 2, 0]","[0.0, 0.0, 0.0]","[0.014113163934321878, 0.007772522928405627, 0.010900306655082424]","[0.1, 0.8, 0.1]","[0, 1, 0]",True
AdaTE-QP-H,7,2,"[2, 2, -6, 13, 0, 0, 1, 0, 3, 0]","[0.0, 0.0, 0.0]","[0.0, 0.0, 0.0]","[0.1, 0.8, 0.1]","[1, 0, 0]",False
AdaTE-QP-H,7,3,"[2, 2, -6, 13, 0, 0, 1, 0, 4, 0]","[0.0, 0.0, 0.0]","[0.0, 0.0, 0.0]","[0.1, 0.8, 0.1]","[0, 1, 0]",False
AdaTE-QP-H,7,4,"[1, 2, -6, 13, 0, 0, 1, 1, 5, 0]","[0.0, 0.0, 0.0]","[0.0, 0.0, 0.0]","[0.1, 0.8, 0.1]","[0, 1, 0]",False
AdaTE-QP-H,8,0,"[1, 2, -2, 13, 0, 0, 0, 1, 6, 1]","[0.0, 0.0, 0.0]","[0.018048637421027854, 0.011604632860160053, 0.26341114466579096]","[0.1, 0.8, 0.1]","[0, 1, 0]",True
AdaTE-QP-H,8,1,"[1, 1, -1, 13, 0, 0, 0, 1, 7, 1]","[0.0, 0.0, 0.0]","[0.0, 0.0, 0.0]","[0.1, 0.8, 0.1]","[0, 1, 0]",False
AdaTE-QP-H,9,0,"[4, 0, -5, 12, 0, 0, 0, 3, 0, 4]","[0.0, 0.0, 0.0]","[4.510499292692016e-07, 3.071182105305365e-07, 3.094162719243324e-07]","[0.1, 0.8, 0.1]","[0, 1, 0]",True
AdaTE-QP-H,9,1,"[4, 0, -4, 12, 0, 0, 0, 3, 1, 4]","[0.0, 0.0, 0.0]","[0.0, 0.0, 0.0]","[0.1, 0.8, 0.1]","[0, 1, 0]",False
AdaTE-QP-H,9,2,"[4, 0, -3, 11, 0, 0, 0, 3, 2, 4]","[0.0, 0.0, 0.0]","[0.0, 0.0, 0.0]","[0.1, 0.8, 0.1]","[0, 0, 1]",False
AdaTE-QP-H,9,3,"[3, 0, -3, 10, 0, 0, 0, 3, 3, 4]","[0.0, 0.0, 0.0]","[0.0, 0.0, 0.0]","[0.1, 0.8, 0.1]","[0, 1, 0]",False
AdaTE-QP-H,9,4,"[3, 0, -2, 10, 0, 0, 0, 3, 4, 4]","[0.0, 0.0, 0.0]","[0.0, 0.0, 0.0]","[0.1, 0.8, 0.1]","[0, 1, 0]",False
AdaTE-QP-H,9,5,"[3, 0, -2, 10, 0, 0, 0, 3, 5, 4]","[0.0, 0.0, 0.0]","[0.0, 0.0, 0.0]","[0.1, 0.8, 0.1]","[0, 1, 0]",False
AdaTE-QP-H,9,6,"[3, 0, -2, 9, 0, 0, 0, 3, 6, 4]","[0.0, 0.0, 0.0]","[0.0, 0.0, 0.0]","[0.1, 0.8, 0.1]","[0, 1, 0]",False
AdaTE-QP-H,9,7,"[2, 0, -2, 9, 0, 0, 0, 3, 7, 4]","[0.0, 0.0, 0.0]","[0.0, 0.0, 0.0]","[0.1, 0.8, 0.1]","[0, 1, 0]",False
AdaTE-QP-H,9,8,"[2, 0, -1, 9, 0, 0, 0, 3, 8, 4]","[0.0, 0.0, 0.0]","[0.0, 0.0, 0.0]","[0.1, 0.8, 0.1]","[0, 1, 0]",False
AdaTE-QP-H,9,9,"[2, 0, -1, 9, 0, 0, 0, 3, 9, 4]","[0.0, 0.0, 0.0]","[0.0, 0.0, 0.0]","[0.1, 0.8, 0.1]","[0, 1, 0]",False
AdaTE-QP-H,9,10,"[2, 0, -1, 9, 0, 0, 0, 3, 10, 4]","[0.0, 0.0, 0.0]","[0.0, 0.0, 0.0]","[0.1, 0.8, 0.1]","[0, 1, 0]",False
AdaTE-QP-H,9,11,"[2, 0, -1, 8, 0, 0, 0, 3, 11, 4]","[0.0, 0.0, 0.0]","[0.0, 0.0, 0.0]","[0.1, 0.8, 0.1]","[0, 1, 0]",False
AdaTE-QP-H,9,12,"[2, 0, -1, 8, 0, 0, 0, 3, 12, 4]","[0.0, 0.0, 0.0]","[0.0, 0.0, 0.0]","[0.1, 0.8, 0.1]","[0, 1, 0]",False
AdaTE-QP-H,9,13,"[2, 0, -1, 8, 0, 0, 0, 3, 13, 4]","[0.0, 0.0, 0.0]","[0.0, 0.0, 0.0]","[0.1, 0.8, 0.1]","[0, 0, 1]",False
AdaTE-QP-H,9,14,"[2, 0, 0, 8, 0, 0, 0, 3, 14, 4]","[0.0, 0.0, 0.0]","[0.0, 0.0, 0.0]","[0.1, 0.8, 0.1]","[1, 0, 0]",False
AdaTE-QP-H,9,15,"[2, 0, 0, 8, 0, 0, 0, 3, 15, 4]","[0.0, 0.0, 0.0]","[0.0, 0.0, 0.0]","[0.1, 0.8, 0.1]","[0, 1, 0]",False
AdaTE-QP-H,9,16,"[2, 0, 0, 8, 0, 0, 0, 3, 16, 4]","[0.0, 0.0, 0.0]","[0.0, 0.0, 0.0]","[0.1, 0.8, 0.1]","[0, 1, 0]",False
AdaTE-QP-H,9,17,"[2, 0, 0, 8, 0, 0, 0, 3, 17, 4]","[0.0, 0.0, 0.0]","[0.0, 0.0, 0.0]","[0.1, 0.8, 0.1]","[0, 1, 0]",False
AdaTE-QP-H,9,18,"[2, 0, 0, 8, 0, 0, 0, 3, 18, 4]","[0.0, 0.0, 0.0]","[0.0, 0.0, 0.0]","[0.1, 0.8, 0.1]","[0, 0, 1]",False
AdaTE-QP-H,9,19,"[2, 0, 0, 8, 0, 0, 0, 3, 19, 4]","[0.0, 0.0, 0.0]","[0.0, 0.0, 0.0]","[0.1, 0.8, 0.1]","[0, 1, 0]",False
AdaTE-QP-H,9,20,"[2, 0, 0, 8, 0, 0, 0, 3, 20, 4]","[0.0, 0.0, 0.0]","[0.0, 0.0, 0.0]","[0.1, 0.8, 0.1]","[0, 0, 1]",False
AdaTE-QP-H,9,21,"[2, 0, 0, 8, 0, 0, 0, 3, 21, 4]","[0.0, 0.0, 0.0]","[0.0, 0.0, 0.0]","[0.1, 0.8, 0.1]","[0, 1, 0]",False
AdaTE-QP-H,9,22,"[2, 0, 0, 8, 0, 0, 0, 3, 22, 4]","[0.0, 0.0, 0.0]","[0.0, 0.0, 0.0]","[0.1, 0.8, 0.1]","[0, 1, 0]",False
AdaTE-QP-H,9,23,"[2, 0, 0, 8, 0, 0, 0, 3, 23, 4]","[0.0, 0.0, 0.0]","[0.0, 0.0, 0.0]","[0.1, 0.8, 0.1]","[0, 1, 0]",False
AdaTE-QP-H,9,24,"[2, 0, 0, 8, 0, 0, 0, 3, 24, 4]","[0.0, 0.0, 0.0]","[0.0, 0.0, 0.0]","[0.1, 0.8, 0.1]","[0, 1, 0]",False
AdaTE-QP-H,9,25,"[2, 0, 0, 8, 0, 0, 0, 3, 25, 4]","[0.0, 0.0, 0.0]","[0.0, 0.0, 0.0]","[0.1, 0.8, 0.1]","[0, 1, 0]",False
AdaTE-QP-H,9,26,"[2, 0, 0, 8, 0, 0, 0, 3, 26, 4]","[0.0, 0.0, 0.0]","[0.0, 0.0, 0.0]","[0.1, 0.8, 0.1]","[0, 1, 0]",False
AdaTE-QP-H,9,27,"[2, 0, 0, 8, 0, 0, 0, 3, 27, 4]","[0.0, 0.0, 0.0]","[0.0, 0.0, 0.0]","[0.1, 0.8, 0.1]","[0, 1, 0]",False
AdaTE-QP-H,9,28,"[2, 0, 0, 8, 0, 0, 0, 3, 28, 4]","[0.0, 0.0, 0.0]","[0.0, 0.0, 0.0]","[0.1, 0.8, 0.1]","[0, 1, 0]",False
AdaTE-QP-H,9,29,"[2, 0, 0, 8, 0, 0, 0, 3, 29, 4]","[0.0, 0.0, 0.0]","[0.0, 0.0, 0.0]","[0.1, 0.8, 0.1]","[0, 1, 0]",False
AdaTE-QP-H,9,30,"[2, 0, 0, 8, 0, 0, 0, 3, 30, 4]","[0.0, 0.0, 0.0]","[0.0, 0.0, 0.0]","[0.1, 0.8, 0.1]","[0, 0, 1]",False
AdaTE-QP-H,9,31,"[2, 0, 0, 8, 0, 0, 0, 3, 31, 4]","[0.0, 0.0, 0.0]","[0.0, 0.0, 0.0]","[0.1, 0.8, 0.1]","[0, 1, 0]",False
AdaTE-QP-H,9,32,"[2, 0, 0, 8, 0, 0, 0, 3, 32, 4]","[0.0, 0.0, 0.0]","[0.0, 0.0, 0.0]","[0.1, 0.8, 0.1]","[0, 1, 0]",False
AdaTE-QP-H,9,33,"[2, 0, 0, 8, 0, 0, 0, 3, 33, 4]","[0.0, 0.0, 0.0]","[0.0, 0.0, 0.0]","[0.1, 0.8, 0.1]","[0, 1, 0]",False
AdaTE-QP-H,9,34,"[2, 0, 0, 8, 0, 0, 0, 3, 34, 4]","[0.0, 0.0, 0.0]","[0.0, 0.0, 0.0]","[0.1, 0.8, 0.1]","[0, 1, 0]",False
AdaTE-QP-H,10,0,"[2, 2, -5, 13, 0, 0, 1, 0, 4, 0]","[0.0, 0.05, 0.0]","[0.10736117866845309, 0.10292231803814442, 0.19742314076593598]","[0.30000000000000004, 1.6, 0.30000000000000004]","[0, 2, 0]",True
AdaTE-QP-H,10,1,"[1, 2, -5, 13, 0, 0, 1, 1, 5, 0]","[0.0, 0.4375, 0.0]","[0.6835937500000001, 0.21217411586867552, 0.7507269663490732]","[0.30000000000000004, 0.94262204973103, 0.30000000000000004]","[0, 2, 0]",True
AdaTE-QP-H,11,0,"[2, 2, -6, 13, 0, 0, 1, 0, 3, 0]","[0.0, 0.0, 0.0]","[0.0, 0.0, 0.0]","[0.1, 0.8, 0.1]","[2, 0, 0]",False
AdaTE-QP-H,11,1,"[2, 2, -6, 13, 0, 0, 1, 0, 4, 0]","[0.0, 0.0, 0.0]","[0.0, 0.0, 0.0]","[0.1, 0.8, 0.1]","[0, 1, 1]",False
AdaTE-QP-H,11,2,"[1, 2, -6, 13, 0, 0, 1, 1, 5, 0]","[0.0, 0.0, 0.0]","[0.0, 0.0, 0.0]","[0.1, 0.8, 0.1]","[0, 2, 0]",False
AdaTE-QP-H,12,0,"[4, 0, -5, 12, 0, 0, 0, 3, 0, 4]","[0.0, 0.0, 0.0]","[6.182436828770215e-07, 4.2141558753542594e-07, 4.240734014102329e-07]","[0.30000000000000004, 1.6, 0.30000000000000004]","[0, 2, 0]",True
AdaTE-QP-H,12,1,"[4, 0, -4, 12, 0, 0, 0, 3, 1, 4]","[0.0, 0.0, 0.0]","[0.0, 0.0, 0.0]","[0.1, 0.8, 0.1]","[0, 2, 0]",False
AdaTE-QP-H,12,2,"[4, 0, -3, 11, 0, 0, 0, 3, 2, 4]","[0.0, 0.0, 0.0]","[0.0, 0.0, 0.0]","[0.1, 0.8, 0.1]","[0, 1, 1]",False
AdaTE-QP-H,12,3,"[3, 0, -3, 10, 0, 0, 0, 3, 3, 4]","[0.0, 0.0, 0.0]","[0.0, 0.0, 0.0]","[0.1, 0.8, 0.1]","[0, 2, 0]",False
AdaTE-QP-H,12,4,"[3, 0, -2, 10, 0, 0, 0, 3, 4, 4]","[0.0, 0.0, 0.0]","[0.0, 0.0, 0.0]","[0.1, 0.8, 0.1]","[0, 2, 0]",False
AdaTE-QP-H,12,5,"[3, 0, -2, 10, 0, 0, 0, 3, 5, 4]","[0.0, 0.0, 0.0]","[0.0, 0.0, 0.0]","[0.1, 0.8, 0.1]","[0, 2, 0]",False
AdaTE-QP-H,12,6,"[3, 0, -2, 9, 0, 0, 0, 3, 6, 4]","[0.0, 0.0, 0.0]","[0.0, 0.0, 0.0]","[0.1, 0.8, 0.1]","[0, 2, 0]",False
AdaTE-QP-H,12,7,"[2, 0, -2, 9, 0, 0, 0, 3, 7, 4]","[0.0, 0.0, 0.0]","[0.0, 0.0, 0.0]","[0.1, 0.8, 0.1]","[0, 2, 0]",False
AdaTE-QP-H,12,8,"[2, 0, -1, 9, 0, 0, 0, 3, 8, 4]","[0.0, 0.0, 0.0]","[0.0, 0.0, 0.0]","[0.1, 0.8, 0.1]","[0, 2, 0]",False
AdaTE-QP-H,12,9,"[2, 0, -1, 9, 0, 0, 0, 3, 9, 4]","[0.0, 0.0, 0.0]","[0.0, 0.0, 0.0]","[0.1, 0.8, 0.1]","[0, 2, 0]",False
AdaTE-QP-H,12,10,"[2, 0, -1, 8, 0, 0, 0, 3, 10, 4]","[0.0, 0.0, 0.0]","[0.0, 0.0, 0.0]","[0.1, 0.8, 0.1]","[0, 1, 0]",False
AdaTE-QP-H,12,11,"[2, 0, -1, 8, 0, 0, 0, 3, 11, 4]","[0.0, 0.0, 0.0]","[0.0, 0.0, 0.0]","[0.1, 0.8, 0.1]","[1, 1, 0]",False
AdaTE-QP-H,12,12,"[2, 0, -1, 8, 0, 0, 0, 3, 12, 4]","[0.0, 0.0, 0.0]","[0.0, 0.0, 0.0]","[0.1, 0.8, 0.1]","[0, 2, 0]",False
AdaTE-QP-H,12,13,"[2, 0, -1, 8, 0, 0, 0, 3, 13, 4]","[0.0, 0.0, 0.0]","[0.0, 0.0, 0.0]","[0.1, 0.8, 0.1]","[0, 1, 1]",False
AdaTE-QP-H,12,14,"[2, 0, 0, 8, 0, 0, 0, 3, 14, 4]","[0.0, 0.0, 0.0]","[0.0, 0.0, 0.0]","[0.1, 0.8, 0.1]","[1, 1, 0]",False
AdaTE-QP-H,12,15,"[2, 0, 0, 8, 0, 0, 0, 3, 15, 4]","[0.0, 0.0, 0.0]","[0.0, 0.0, 0.0]","[0.1, 0.8, 0.1]","[1, 1, 0]",False
AdaTE-QP-H,12,16,"[2, 0, 0, 8, 0, 0, 0, 3, 16, 4]","[0.0, 0.0, 0.0]","[0.0, 0.0, 0.0]","[0.1, 0.8, 0.1]","[0, 2, 0]",False
AdaTE-QP-H,12,17,"[2, 0, 0, 8, 0, 0, 0, 3, 17, 4]","[0.0, 0.0, 0.0]","[0.0, 0.0, 0.0]","[0.1, 0.8, 0.1]","[0, 2, 0]",False
AdaTE-QP-H,12,18,"[2, 0, 0, 7, 0, 0, 0, 3, 18, 4]","[0.0, 0.0, 0.0]","[0.0, 0.0, 0.0]","[0.1, 0.8, 0.1]","[0, 1, 0]",False
AdaTE-QP-H,12,19,"[2, 0, 0, 7, 0, 0, 0, 3, 19, 4]","[0.0, 0.0, 0.0]","[0.0, 0.0, 0.0]","[0.1, 0.8, 0.1]","[0, 1, 0]",False
AdaTE-QP-H,12,20,"[2, 0, 0, 7, 0, 0, 0, 3, 20, 4]","[0.0, 0.0, 0.0]","[0.0, 0.0, 0.0]","[0.1, 0.8, 0.1]","[0, 1, 0]",False
AdaTE-QP-H,12,21,"[2, 0, 0, 7, 0, 0, 0, 3, 21, 4]","[0.0, 0.0, 0.0]","[0.0, 0.0, 0.0]","[0.1, 0.8, 0.1]","[0, 1, 0]",False
AdaTE-QP-H,12,22,"[2, 0, 0, 7, 0, 0, 0, 3, 22, 4]","[0.0, 0.0, 0.0]","[0.0, 0.0, 0.0]","[0.1, 0.8, 0.1]","[0, 1, 0]",False
AdaTE-QP-H,12,23,"[2, 0, 0, 7, 0, 0, 0, 3, 23, 4]","[0.0, 0.0, 0.0]","[0.0, 0.0, 0.0]","[0.1, 0.8, 0.1]","[0, 1, 0]",False
AdaTE-QP-H,12,24,"[2, 0, 0, 7, 0, 0, 0, 3, 24, 4]","[0.0, 0.0, 0.0]","[0.0, 0.0, 0.0]","[0.1, 0.8, 0.1]","[0, 1, 0]",False
AdaTE-QP-H,12,25,"[2, 0, 0, 7, 0, 0, 0, 3, 25, 4]","[0.0, 0.0, 0.0]","[0.0, 0.0, 0.0]","[0.1, 0.8, 0.1]","[0, 0, 1]",False
AdaTE-QP-H,12,26,"[2, 0, 0, 7, 0, 0, 0, 3, 26, 4]","[0.0, 0.0, 0.0]","[0.0, 0.0, 0.0]","[0.1, 0.8, 0.1]","[0, 1, 0]",False
AdaTE-QP-H,12,27,"[2, 0, 0, 8, 0, 0, 0, 3, 27, 4]","[0.0, 0.0, 0.0]","[0.0, 0.0, 0.0]","[0.1, 0.8, 0.1]","[1, 1, 0]",False
AdaTE-QP-H,12,28,"[2, 0, 0, 8, 0, 0, 0, 3, 28, 4]","[0.0, 0.0, 0.0]","[0.0, 0.0, 0.0]","[0.1, 0.8, 0.1]","[0, 2, 0]",False
AdaTE-QP-H,12,29,"[2, 0, 0, 7, 0, 0, 0, 3, 29, 4]","[0.0, 0.0, 0.0]","[0.0, 0.0, 0.0]","[0.1, 0.8, 0.1]","[0, 1, 0]",False
AdaTE-QP-H,12,30,"[2, 0, 0, 7, 0, 0, 0, 3, 30, 4]","[0.0, 0.0, 0.0]","[0.0, 0.0, 0.0]","[0.1, 0.8, 0.1]","[0, 1, 0]",False
AdaTE-QP-H,12,31,"[2, 0, 0, 7, 0, 0, 0, 3, 31, 4]","[0.0, 0.0, 0.0]","[0.0, 0.0, 0.0]","[0.1, 0.8, 0.1]","[0, 1, 0]",False
AdaTE-QP-H,12,32,"[2, 0, 0, 7, 0, 0, 0, 3, 32, 4]","[0.0, 0.0, 0.0]","[0.0, 0.0, 0.0]","[0.1, 0.8, 0.1]","[0, 1, 0]",False
AdaTE-QP-H,12,33,"[2, 0, 0, 7, 0, 0, 0, 3, 33, 4]","[0.0, 0.0, 0.0]","[0.0, 0.0, 0.0]","[0.1, 0.8, 0.1]","[0, 1, 0]",False
AdaTE-QP-H,12,34,"[2, 0, 0, 7, 0, 0, 0, 3, 34, 4]","[0.0, 0.0, 0.0]","[0.0, 0.0, 0.0]","[0.1, 0.8, 0.1]","[0, 1, 0]",False
AdaTE-QP-H,13,0,"[1, 2, -3, 13, 0, 0, 1, 1, 5, 0]","[0.0, 0.0, 0.0]","[0.21251045665263188, 0.6434898265903272, 0.5038017537668654]","[0.1, 0.8, 0.1]","[0, 1, 0]",True
AdaTE-QP-H,13,1,"[1, 1, -3, 13, 0, -1, 0, 1, 6, 0]","[0.0, 0.0, 0.0]","[0.0, 0.0, 0.0]","[0.1, 0.8, 0.1]","[0, 0, 1]",False
AdaTE-QP-H,14,0,"[1, 2, -2, 13, 0, 0, 1, 0, 4, 1]","[0.0, 0.0, 0.0]","[0.0, 0.0, 0.0]","[0.1, 0.8, 0.1]","[0, 1, 0]",False
AdaTE-QP-H,14,1,"[1, 2, -2, 13, 0, 0, 1, 1, 5, 1]","[0.0, 0.0, 0.0]","[0.0, 0.0, 0.0]","[0.1, 0.8, 0.1]","[0, 1, 0]",False
AdaTE-QP-H,14,2,"[1, 2, -2, 13, 0, 0, 0, 1, 6, 1]","[0.0, 0.0, 0.0]","[0.011537881086097128, 0.015925941477786646, 0.23731513577094482]","[0.30000000000000004, 1.6, 0.30000000000000004]","[0, 2, 0]",True
AdaTE-QP-H,14,3,"[1, 1, -1, 13, 0, 0, 0, 1, 7, 1]","[0.0, 0.0, 0.0]","[0.0, 0.0, 0.0]","[0.1, 0.8, 0.1]","[0, 2, 0]",False
AdaTE-QP-H,15,0,"[2, 2, -1, 13, 0, 0, 1, 0, 1, 1]","[0.0, 0.0, 0.0]","[3.173011604966487e-06, 7.1363016476894055e-06, 1.652027137116365e-05]","[0.1, 0.8, 0.1]","[0, 1, 0]",True
AdaTE-QP-H,15,1,"[2, 2, -1, 13, 0, 0, 1, 0, 2, 1]","[0.0, 0.0, 0.0]","[6.020090140604986e-05, 5.457549918867374e-05, 0.0003779154307485853]","[0.1, 0.8, 0.1]","[0, 1, 0]",True
AdaTE-QP-H,15,2,"[1, 2, -1, 13, 0, 0, 1, 0, 3, 1]","[0.0, 0.0, 0.0]","[0.0005610138228282116, 0.0009106784800632847, 0.002344206272146776]","[0.1, 0.8, 0.1]","[0, 1, 0]",True
AdaTE-QP-H,15,3,"[1, 2, -2, 13, 0, 0, 1, 0, 4, 1]","[0.0, 0.0, 0.0]","[0.0, 0.0, 0.0]","[0.1, 0.8, 0.1]","[0, 1, 1]",False
AdaTE-QP-H,15,4,"[1, 2, -1, 13, 0, 0, 1, 1, 5, 1]","[0.0, 0.0, 0.0]","[0.04609430373967009, 0.045860771255942456, 0.0008784259947613256]","[0.1, 0.8, 0.1]","[0, 1, 0]",True
AdaTE-QP-H,15,5,"[1, 2, -2, 13, 0, 0, 0, 1, 6, 1]","[0.0, 0.0, 0.0]","[0.011537881086097128, 0.015925941477786646, 0.23731513577094482]","[0.38284271247461904, 1.554247233265651, 0.38284271247461904]","[0, 3, 0]",True
AdaTE-QP-H,15,6,"[1, 1, -1, 13, 0, 0, 0, 1, 7, 1]","[0.0, 0.0, 0.0]","[0.0, 0.0, 0.0]","[0.1, 0.8, 0.1]","[0, 3, 0]",False
AdaTE-QP-H,16,0,"[2, 0, -3, 12, 0, 0, 0, 3, 0, 4]","[0.0, 0.0, 0.0]","[4.024330687905347e-06, 1.8029944223997596e-06, 1.9919637257745246e-06]","[0.1, 0.8, 0.1]","[0, 1, 0]",True
AdaTE-QP-H,16,1,"[2, 0, -2, 12, 0, 0, 0, 3, 1, 4]","[0.0, 0.0, 0.0]","[0.0, 0.0, 0.0]","[0.1, 0.8, 0.1]","[0, 1, 0]",False
AdaTE-QP-H,16,2,"[2, 0, -1, 11, 0, 0, 0, 3, 2, 4]","[0.0, 0.0, 0.0]","[0.0, 0.0, 0.0]","[0.1, 0.8, 0.1]","[0, 1, 0]",False
AdaTE-QP-H,16,3,"[2, 0, -1, 10, 0, 0, 0, 3, 3, 4]","[0.0, 0.0, 0.0]","[0.0, 0.0, 0.0]","[0.1, 0.8, 0.1]","[0, 0, 1]",False
AdaTE-QP-H,16,4,"[2, 0, 0, 10, 0, 0, 0, 3, 4, 4]","[0.0, 0.0, 0.0]","[0.0, 0.0, 0.0]","[0.1, 0.8, 0.1]","[0, 0, 1]",False
AdaTE-QP-H,16,5,"[2, 0, 0, 10, 0, 0, 0, 3, 5, 4]","[0.0, 0.0, 0.0]","[0.0, 0.0, 0.0]","[0.1, 0.8, 0.1]","[0, 1, 0]",False
AdaTE-QP-H,16,6,"[2, 0, 0, 9, 0, 0, 0, 3, 6, 4]","[0.0, 0.0, 0.0]","[0.0, 0.0, 0.0]","[0.1, 0.8, 0.1]","[0, 1, 0]",False
AdaTE-QP-H,16,7,"[2, 0, 0, 9, 0, 0, 0, 3, 7, 4]","[0.0, 0.0, 0.0]","[0.0, 0.0, 0.0]","[0.1, 0.8, 0.1]","[0, 1, 0]",False
AdaTE-QP-H,16,8,"[2, 0, 0, 9, 0, 0, 0, 3, 8, 4]","[0.0, 0.0, 0.0]","[0.0, 0.0, 0.0]","[0.1, 0.8, 0.1]","[0, 1, 0]",False
AdaTE-QP-H,16,9,"[2, 0, 0, 9, 0, 0, 0, 3, 9, 4]","[0.0, 0.0, 0.0]","[0.0, 0.0, 0.0]","[0.1, 0.8, 0.1]","[0, 0, 1]",False
AdaTE-QP-H,16,10,"[2, 0, 0, 9, 0, 0, 0, 3, 10, 4]","[0.0, 0.0, 0.0]","[0.0, 0.0, 0.0]","[0.1, 0.8, 0.1]","[0, 1, 0]",False
AdaTE-QP-H,16,11,"[2, 0, 0, 9, 0, 0, 0, 3, 11, 4]","[0.0, 0.0, 0.0]","[0.0, 0.0, 0.0]","[0.1, 0.8, 0.1]","[0, 1, 0]",False
AdaTE-QP-H,16,12,"[2, 0, 0, 9, 0, 0, 0, 3, 12, 4]","[0.0, 0.0, 0.0]","[0.0, 0.0, 0.0]","[0.1, 0.8, 0.1]","[0, 1, 0]",False
AdaTE-QP-H,16,13,"[2, 0, 0, 9, 0, 0, 0, 3, 13, 4]","[0.0, 0.0, 0.0]","[0.0, 0.0, 0.0]","[0.1, 0.8, 0.1]","[1, 0, 0]",False
AdaTE-QP-H,16,14,"[2, 0, 0, 9, 0, 0, 0, 3, 14, 4]","[0.0, 0.0, 0.0]","[0.0, 0.0, 0.0]","[0.1, 0.8, 0.1]","[0, 1, 0]",False
AdaTE-QP-H,16,15,"[2, 0, 0, 9, 0, 0, 0, 3, 15, 4]","[0.0, 0.0, 0.0]","[0.0, 0.0, 0.0]","[0.1, 0.8, 0.1]","[0, 0, 1]",False
AdaTE-QP-H,16,16,"[2, 0, 0, 9, 0, 0, 0, 3, 16, 4]","[0.0, 0.0, 0.0]","[0.0, 0.0, 0.0]","[0.1, 0.8, 0.1]","[0, 1, 0]",False
AdaTE-QP-H,16,17,"[2, 0, 0, 9, 0, 0, 0, 3, 17, 4]","[0.0, 0.0, 0.0]","[0.0, 0.0, 0.0]","[0.1, 0.8, 0.1]","[0, 1, 0]",False
AdaTE-QP-H,16,18,"[2, 0, 0, 9, 0, 0, 0, 3, 18, 4]","[0.0, 0.0, 0.0]","[0.0, 0.0, 0.0]","[0.1, 0.8, 0.1]","[0, 1, 0]",False
AdaTE-QP-H,16,19,"[2, 0, 0, 9, 0, 0, 0, 3, 19, 4]","[0.0, 0.0, 0.0]","[0.0, 0.0, 0.0]","[0.1, 0.8, 0.1]","[0, 1, 0]",False
AdaTE-QP-H,16,20,"[2, 0, 0, 9, 0, 0, 0, 3, 20, 4]","[0.0, 0.0, 0.0]","[0.0, 0.0, 0.0]","[0.1, 0.8, 0.1]","[0, 1, 0]",False
AdaTE-QP-H,16,21,"[2, 0, 0, 9, 0, 0, 0, 3, 21, 4]","[0.0, 0.0, 0.0]","[0.0, 0.0, 0.0]","[0.1, 0.8, 0.1]","[0, 0, 1]",False
AdaTE-QP-H,16,22,"[2, 0, 0, 9, 0, 0, 0, 3, 22, 4]","[0.0, 0.0, 0.0]","[0.0, 0.0, 0.0]","[0.1, 0.8, 0.1]","[0, 0, 1]",False
AdaTE-QP-H,16,23,"[2, 0, 0, 10, 0, 0, 0, 3, 23, 4]","[0.0, 0.0, 0.0]","[0.0, 0.0, 0.0]","[0.1, 0.8, 0.1]","[0, 0, 1]",False
AdaTE-QP-H,16,24,"[2, 0, 0, 10, 0, 0, 0, 3, 24, 4]","[0.0, 0.0, 0.0]","[0.0, 0.0, 0.0]","[0.1, 0.8, 0.1]","[1, 0, 0]",False
AdaTE-QP-H,16,25,"[2, 0, 0, 10, 0, 0, 0, 3, 25, 4]","[0.0, 0.0, 0.0]","[0.0, 0.0, 0.0]","[0.1, 0.8, 0.1]","[0, 1, 0]",False
AdaTE-QP-H,16,26,"[2, 0, 0, 10, 0, 0, 0, 3, 26, 4]","[0.0, 0.0, 0.0]","[0.0, 0.0, 0.0]","[0.1, 0.8, 0.1]","[0, 1, 0]",False
AdaTE-QP-H,16,27,"[2, 0, 0, 10, 0, 0, 0, 3, 27, 4]","[0.0, 0.0, 0.0]","[0.0, 0.0, 0.0]","[0.1, 0.8, 0.1]","[1, 0, 0]",False
AdaTE-QP-H,16,28,"[2, 0, 0, 10, 0, 0, 0, 3, 28, 4]","[0.0, 0.0, 0.0]","[0.0, 0.0, 0.0]","[0.1, 0.8, 0.1]","[0, 1, 0]",False
AdaTE-QP-H,16,29,"[2, 0, 0, 10, 0, 0, 0, 3, 29, 4]","[0.0, 0.0, 0.0]","[0.0, 0.0, 0.0]","[0.1, 0.8, 0.1]","[0, 0, 1]",False
AdaTE-QP-H,16,30,"[2, 0, 0, 10, 0, 0, 0, 3, 30, 4]","[0.0, 0.0, 0.0]","[0.0, 0.0, 0.0]","[0.1, 0.8, 0.1]","[0, 1, 0]",False
AdaTE-QP-H,16,31,"[2, 0, 0, 10, 0, 0, 0, 3, 31, 4]","[0.0, 0.0, 0.0]","[0.0, 0.0, 0.0]","[0.1, 0.8, 0.1]","[0, 1, 0]",False
AdaTE-QP-H,16,32,"[2, 0, 0, 10, 0, 0, 0, 3, 32, 4]","[0.0, 0.0, 0.0]","[0.0, 0.0, 0.0]","[0.1, 0.8, 0.1]","[0, 1, 0]",False
AdaTE-QP-H,16,33,"[2, 0, 0, 10, 0, 0, 0, 3, 33, 4]","[0.0, 0.0, 0.0]","[0.0, 0.0, 0.0]","[0.1, 0.8, 0.1]","[1, 0, 0]",False
AdaTE-QP-H,16,34,"[2, 0, 0, 10, 0, 0, 0, 3, 34, 4]","[0.0, 0.0, 0.0]","[0.0, 0.0, 0.0]","[0.1, 0.8, 0.1]","[0, 0, 1]",False
AdaTE-QP-H,17,0,"[1, 2, -1, 13, 0, 0, 1, 0, 4, 0]","[0.0, 0.0, 0.0]","[0.07897542276432758, 0.12465607263461527, 0.09047442043068599]","[0.30000000000000004, 1.6, 0.30000000000000004]","[0, 2, 0]",True
AdaTE-QP-H,17,1,"[1, 2, -1, 13, 0, 0, 1, 1, 5, 0]","[0.0, 0.0, 0.0]","[0.2776747353626968, 0.3914399015224704, 0.12031185937208477]","[0.1, 0.8, 0.1]","[0, 1, 0]",True
AdaTE-QP-H,17,2,"[1, 1, -1, 13, 0, -1, 0, 1, 6, 0]","[0.0, 0.0, 0.0]","[0.0, 0.0, 0.0]","[0.1, 0.8, 0.1]","[0, 2, 0]",False
AdaTE-QP-H,18,0,"[2, 0, -5, 12, 0, 0, 0, 2, 0, 3]","[0.0, 0.0, 0.0]","[0.03185904610664597, 0.018161619361421737, 0.02074708082545079]","[0.30000000000000004, 1.6, 0.30000000000000004]","[0, 2, 0]",True
AdaTE-QP-H,18,1,"[2, 0, -4, 12, 0, 0, 0, 2, 1, 3]","[0.0, 0.0, 0.0]","[0.0, 0.0, 0.0]","[0.1, 0.8, 0.1]","[0, 2, 0]",False
AdaTE-QP-H,18,2,"[2, 0, -3, 11, 0, 0, 0, 2, 2, 3]","[0.0, 0.0, 0.0]","[0.0, 0.0, 0.0]","[0.1, 0.8, 0.1]","[0, 2, 0]",False
AdaTE-QP-H,18,3,"[1, 0, -3, 10, 0, 0, 0, 2, 3, 3]","[0.0, 0.0, 0.0]","[0.0, 0.0, 0.0]","[0.1, 0.8, 0.1]","[0, 0, 2]",False
AdaTE-QP-H,19,0,"[1, 2, 0, 12, 0, 0, 1, 0, 0, 0]","[0.0, 0.0, 0.0]","[1.6937401187587424e-05, 1.068936357990968e-05, 7.412933708850014e-07]","[0.1, 0.8, 0.1]","[0, 1, 0]",True
AdaTE-QP-H,19,1,"[1, 2, 0, 13, 0, 0, 1, 0, 1, 0]","[0.0, 0.0, 0.0]","[4.845106934831441e-05, 0.0002618638247594483, 3.736247741339776e-05]","[0.1, 0.8, 0.1]","[0, 1, 0]",True
AdaTE-QP-H,19,2,"[1, 2, 0, 13, 0, 0, 1, 0, 2, 0]","[0.0, 0.0, 0.0]","[0.00041862785459539497, 0.001004550286597355, 0.003068269469279315]","[0.1, 0.8, 0.1]","[0, 1, 0]",True
AdaTE-QP-H,19,3,"[1, 2, 0, 13, 0, 0, 1, 0, 3, 0]","[0.0, 0.0, 0.0]","[0.005898508699579398, 0.011313063154391324, 0.002783074525422486]","[0.1, 0.8, 0.1]","[0, 1, 0]",True
AdaTE-QP-H,19,4,"[1, 2, 0, 13, 0, 0, 1, 0, 4, 0]","[0.0, 0.0, 0.0]","[0.026555118344629605, 0.02732977445078899, 0.028416740642229436]","[0.1, 0.8, 0.1]","[0, 1, 0]",True
AdaTE-QP-H,19,5,"[1, 2, 0, 13, 0, 0, 1, 1, 5, 0]","[0.0, 0.0, 0.0]","[0.20578907052187556, 0.03808599633013339, 0.19676980971629218]","[0.1, 0.8, 0.1]","[0, 1, 0]",True
AdaTE-QP-H,19,6,"[1, 1, 0, 13, 0, -1, 0, 1, 6, 0]","[0.0, 0.25, 0.0]","[0.0, 0.36934635611768896, 0.8144838121155615]","[0.0, 0.8, 0.1]","[0, 1, 0]",True
AdaTE-QP-H,20,0,"[1, 2, -4, 13, 0, 0, 1, 1, 5, 0]","[0.0, 0.0, 0.0]","[0.0, 0.0, 0.0]","[0.1, 0.8, 0.1]","[0, 0, 1]",False
AdaTE-QP-H,21,0,"[1, 0, -3, 12, 0, 0, 0, 3, 0, 4]","[0.0, 0.25, 0.0]","[0.8998870849609375, 0.68359375, 0.68359375]","[0.1, 0.8, 0.1]","[0, 1, 0]",True
AdaTE-QP-H,22,0,"[2, 0, -3, 12, 0, 0, 0, 2, 0, 2]","[0.0, 0.0, 0.0]","[4.617161205925707e-06, 2.4251172101510483e-06, 2.855028128731436e-06]","[0.1, 0.8, 0.1]","[0, 1, 0]",True
AdaTE-QP-H,22,1,"[2, 0, -2, 12, 0, 0, 0, 2, 1, 2]","[0.0, 0.0, 0.0]","[0.0, 0.0, 0.0]","[0.1, 0.8, 0.1]","[0, 1, 0]",False
AdaTE-QP-H,22,2,"[2, 0, -1, 11, 0, 0, 0, 2, 2, 2]","[0.0, 0.0, 0.0]","[0.0, 0.0, 0.0]","[0.1, 0.8, 0.1]","[0, 0, 1]",False
AdaTE-QP-H,22,3,"[2, 0, -1, 10, 0, 0, 0, 2, 3, 2]","[0.0, 0.0, 0.0]","[0.0, 0.0, 0.0]","[0.1, 0.8, 0.1]","[0, 1, 0]",False
AdaTE-QP-H,22,4,"[2, 0, 0, 10, 0, 0, 0, 2, 4, 2]","[0.0, 0.0, 0.0]","[0.0, 0.0, 0.0]","[0.1, 0.8, 0.1]","[0, 1, 0]",False
AdaTE-QP-H,22,5,"[2, 0, 0, 10, 0, 0, 0, 2, 5, 2]","[0.0, 0.0, 0.0]","[0.0, 0.0, 0.0]","[0.1, 0.8, 0.1]","[0, 1, 0]",False
AdaTE-QP-H,22,6,"[2, 0, 0, 9, 0, 0, 0, 2, 6, 2]","[0.0, 0.0, 0.0]","[0.0, 0.0, 0.0]","[0.1, 0.8, 0.1]","[0, 1, 0]",False
AdaTE-QP-H,22,7,"[2, 0, -1, 9, 0, 0, 0, 2, 7, 2]","[0.0, 0.0, 0.0]","[0.0, 0.0, 0.0]","[0.1, 0.8, 0.1]","[0, 0, 1]",False
AdaTE-QP-H,22,8,"[2, 0, -1, 9, 0, 0, 0, 2, 8, 2]","[0.0, 0.0, 0.0]","[0.0, 0.0, 0.0]","[0.1, 0.8, 0.1]","[0, 1, 0]",False
AdaTE-QP-H,22,9,"[2, 0, -1, 8, 0, 0, 0, 2, 9, 2]","[0.0, 0.0, 0.0]","[0.0, 0.0, 0.0]","[0.1, 0.8, 0.1]","[0, 0, 1]",False
AdaTE-QP-H,22,10,"[2, 0, -1, 8, 0, 0, 0, 2, 10, 2]","[0.0, 0.0, 0.0]","[0.0, 0.0, 0.0]","[0.1, 0.8, 0.1]","[0, 1, 0]",False
AdaTE-QP-H,22,11,"[1, 0, 0, 7, 0, 0, 0, 3, 11, 2]","[0.0, 0.0, 0.0]","[0.0, 0.0, 0.0]","[0.1, 0.8, 0.1]","[0, 1, 0]",False
AdaTE-QP-H,22,12,"[1, 0, 0, 7, 0, 0, 0, 3, 12, 2]","[0.0, 0.0, 0.0]","[0.0, 0.0, 0.0]","[0.1, 0.8, 0.1]","[0, 1, 0]",False
AdaTE-QP-H,22,13,"[2, 0, 1, 7, 0, 0, 0, 3, 13, 2]","[0.0, 0.0, 0.0]","[0.0, 0.0, 0.0]","[0.1, 0.8, 0.1]","[0, 1, 0]",False
AdaTE-QP-H,22,14,"[2, 0, 1, 8, 0, 0, 0, 3, 14, 2]","[0.0, 0.0, 0.0]","[0.0, 0.0, 0.0]","[0.1, 0.8, 0.1]","[1, 0, 0]",False
AdaTE-QP-H,22,15,"[2, 0, 1, 8, 0, 0, 0, 3, 15, 2]","[0.0, 0.0, 0.0]","[0.0, 0.0, 0.0]","[0.1, 0.8, 0.1]","[0, 1, 0]",False
AdaTE-QP-H,22,16,"[2, 0, 1, 8, 0, 0, 0, 3, 16, 2]","[0.0, 0.0, 0.0]","[0.0, 0.0, 0.0]","[0.1, 0.8, 0.1]","[0, 1, 0]",False
AdaTE-QP-H,22,17,"[2, 0, 1, 8, 0, 0, 0, 3, 17, 2]","[0.0, 0.0, 0.0]","[0.0, 0.0, 0.0]","[0.1, 0.8, 0.1]","[0, 0, 1]",False
AdaTE-QP-H,22,18,"[2, 0, 1, 8, 0, 0, 0, 3, 18, 2]","[0.0, 0.0, 0.0]","[0.0, 0.0, 0.0]","[0.1, 0.8, 0.1]","[0, 1, 0]",False
AdaTE-QP-H,22,19,"[2, 0, 1, 9, 0, 0, 0, 3, 19, 2]","[0.0, 0.0, 0.0]","[0.0, 0.0, 0.0]","[0.1, 0.8, 0.1]","[0, 1, 0]",False
AdaTE-QP-H,22,20,"[2, 0, 1, 9, 0, 0, 0, 3, 20, 2]","[0.0, 0.0, 0.0]","[0.0, 0.0, 0.0]","[0.1, 0.8, 0.1]","[1, 0, 0]",False
AdaTE-QP-H,22,21,"[2, 0, 0, 9, 0, 0, 0, 3, 21, 2]","[0.0, 0.0, 0.0]","[0.0, 0.0, 0.0]","[0.1, 0.8, 0.1]","[0, 1, 0]",False
AdaTE-QP-H,22,22,"[2, 0, 0, 9, 0, 0, 0, 3, 22, 2]","[0.0, 0.0, 0.0]","[0.0, 0.0, 0.0]","[0.1, 0.8, 0.1]","[1, 0, 0]",False
AdaTE-QP-H,22,23,"[2, 0, 0, 9, 0, 0, 0, 3, 23, 2]","[0.0, 0.0, 0.0]","[0.0, 0.0, 0.0]","[0.1, 0.8, 0.1]","[0, 0, 1]",False
AdaTE-QP-H,22,24,"[2, 0, 0, 9, 0, 0, 0, 3, 24, 2]","[0.0, 0.0, 0.0]","[0.0, 0.0, 0.0]","[0.1, 0.8, 0.1]","[0, 1, 0]",False
AdaTE-QP-H,22,25,"[2, 0, 0, 9, 0, 0, 0, 3, 25, 2]","[0.0, 0.0, 0.0]","[0.0, 0.0, 0.0]","[0.1, 0.8, 0.1]","[0, 1, 0]",False
AdaTE-QP-H,22,26,"[2, 0, 0, 9, 0, 0, 0, 3, 26, 2]","[0.0, 0.0, 0.0]","[0.0, 0.0, 0.0]","[0.1, 0.8, 0.1]","[0, 1, 0]",False
AdaTE-QP-H,22,27,"[2, 0, 0, 9, 0, 0, 0, 3, 27, 2]","[0.0, 0.0, 0.0]","[0.0, 0.0, 0.0]","[0.1, 0.8, 0.1]","[0, 1, 0]",False
AdaTE-QP-H,22,28,"[2, 0, 0, 9, 0, 0, 0, 3, 28, 2]","[0.0, 0.0, 0.0]","[0.0, 0.0, 0.0]","[0.1, 0.8, 0.1]","[0, 1, 0]",False
AdaTE-QP-H,22,29,"[2, 0, 0, 9, 0, 0, 0, 3, 29, 2]","[0.0, 0.0, 0.0]","[0.0, 0.0, 0.0]","[0.1, 0.8, 0.1]","[0, 1, 0]",False
AdaTE-QP-H,22,30,"[2, 0, 0, 9, 0, 0, 0, 3, 30, 2]","[0.0, 0.0, 0.0]","[0.0, 0.0, 0.0]","[0.1, 0.8, 0.1]","[0, 1, 0]",False
AdaTE-QP-H,22,31,"[2, 0, 0, 10, 0, 0, 0, 3, 31, 2]","[0.0, 0.0, 0.0]","[0.0, 0.0, 0.0]","[0.1, 0.8, 0.1]","[0, 1, 0]",False
AdaTE-QP-H,22,32,"[2, 0, 0, 10, 0, 0, 0, 3, 32, 2]","[0.0, 0.0, 0.0]","[0.0, 0.0, 0.0]","[0.1, 0.8, 0.1]","[0, 1, 0]",False
AdaTE-QP-H,22,33,"[2, 0, 0, 10, 0, 0, 0, 3, 33, 2]","[0.0, 0.0, 0.0]","[0.0, 0.0, 0.0]","[0.1, 0.8, 0.1]","[0, 1, 0]",False
AdaTE-QP-H,22,34,"[2, 0, 0, 10, 0, 0, 0, 3, 34, 2]","[0.0, 0.0, 0.0]","[0.0, 0.0, 0.0]","[0.1, 0.8, 0.1]","[0, 1, 0]",False
AdaTE-QP-H,23,0,"[1, 2, 0, 13, 0, 0, 1, 0, 4, 0]","[0.0, 0.0, 0.0]","[0.027369625070300236, 0.024047786198619258, 0.027170845823027166]","[0.30000000000000004, 1.6, 0.30000000000000004]","[0, 2, 0]",True
AdaTE-QP-H,23,1,"[1, 2, 0, 13, 0, 0, 1, 1, 5, 0]","[0.0, 0.05, 0.0]","[0.16466152081388002, 0.04193484938902151, 0.15698557468615576]","[0.30000000000000004, 1.6, 0.30000000000000004]","[0, 2, 0]",True
AdaTE-QP-H,23,2,"[1, 1, 0, 13, 0, -1, 0, 1, 6, 0]","[0.0, 0.4375, 0.0]","[0.0, 0.2678288367239184, 0.8567678045302918]","[0.2, 0.8532544200751515, 0.30000000000000004]","[0, 2, 0]",True
AdaTE-QP-H,24,0,"[2, 2, -3, 13, 0, 0, 1, 0, 3, 1]","[0.0, 0.0, 0.0]","[0.000350245713137241, 0.004795710459707411, 0.003635270622743649]","[0.1, 0.8, 0.1]","[0, 1, 0]",True
AdaTE-QP-H,24,1,"[1, 2, -3, 13, 0, 0, 1, 0, 4, 1]","[0.0, 0.0, 0.0]","[0.0007113784992921702, 0.002484566813105215, 0.02238154172774938]","[0.1, 0.8, 0.1]","[0, 1, 0]",True
AdaTE-QP-H,24,2,"[1, 2, -4, 13, 0, 0, 1, 1, 5, 1]","[0.0, 0.0, 0.0]","[0.0, 0.0, 0.0]","[0.1, 0.8, 0.1]","[0, 1, 0]",False
AdaTE-QP-H,24,3,"[1, 2, -4, 13, 0, 0, 0, 1, 6, 1]","[0.0, 0.0, 0.0]","[0.0, 0.0, 0.0]","[0.1, 0.8, 0.1]","[0, 1, 0]",False
AdaTE-QP-H,24,4,"[0, 1, -3, 13, 0, 0, 0, 1, 7, 1]","[0.0, 0.0, 0.0]","[0.0, 0.0, 0.0]","[0.1, 0.8, 0.1]","[0, 1, 0]",False
AdaTE-QP-H,25,0,"[1, 0, -5, 12, 0, 0, 0, 2, 0, 2]","[0.0, 0.25, 0.0]","[0.8998870849609375, 0.68359375, 0.68359375]","[0.1, 0.8, 0.1]","[0, 1, 0]",True
AdaTE-QP-H,26,0,"[2, 2, -6, 13, 0, 0, 1, 1, 5, 0]","[0.0, 0.0, 0.0]","[0.0, 0.0, 0.0]","[0.1, 0.8, 0.1]","[0, 1, 0]",False
AdaTE-QP-H,26,1,"[1, 1, -6, 13, 0, -1, 0, 1, 6, 0]","[0.0, 0.0, 0.0]","[0.0, 0.0, 0.0]","[0.1, 0.8, 0.1]","[0, 1, 0]",False
AdaTE-QP-H,27,0,"[2, 2, -5, 13, 0, 0, 1, 0, 4, 1]","[0.0, 0.0, 0.0]","[0.0960943453386912, 0.05561900789545903, 0.08752703697925099]","[0.30000000000000004, 1.6, 0.30000000000000004]","[0, 2, 0]",True
AdaTE-QP-H,27,1,"[1, 2, -6, 13, 0, 0, 1, 1, 5, 1]","[0.0, 0.0, 0.0]","[0.0, 0.0, 0.0]","[0.1, 0.8, 0.1]","[0, 1, 1]",False
AdaTE-QP-H,27,2,"[1, 2, -6, 13, 0, 0, 0, 1, 6, 1]","[0.25, 0.0, 0.0]","[0.68359375, 0.0, 0.0]","[0.1, 0.0, 0.0]","[1, 0, 0]",True
AdaTE-QP-H,28,0,"[4, 1, -5, 13, 0, -1, 0, 1, 6, 0]","[0.0, 0.0, 0.0]","[0.00010033409267869644, 4.883619782926427e-05, 2.4919543353815716e-05]","[0.1, 0.8, 0.1]","[0, 1, 0]",True
AdaTE-QP-H,28,1,"[3, 0, -5, 12, 0, -1, 0, 1, 7, 0]","[0.0, 0.0, 0.0]","[0.0, 0.0, 0.0]","[0.1, 0.8, 0.1]","[1, 0, 0]",False
AdaTE-QP-H,28,2,"[3, 0, -4, 11, 0, 0, 0, 3, 8, 0]","[0.0, 0.0, 0.0]","[0.0, 0.0, 0.0]","[0.1, 0.8, 0.1]","[1, 0, 0]",False
AdaTE-QP-H,28,3,"[2, 0, -3, 11, 0, 0, 0, 3, 9, 0]","[0.0, 0.0, 0.0]","[0.0, 0.0, 0.0]","[0.1, 0.8, 0.1]","[0, 1, 0]",False
AdaTE-QP-H,28,4,"[2, 0, -2, 10, 0, 0, 0, 3, 10, 0]","[0.0, 0.0, 0.0]","[0.0, 0.0, 0.0]","[0.1, 0.8, 0.1]","[0, 1, 0]",False
AdaTE-QP-H,28,5,"[2, 0, -2, 9, 0, 0, 0, 3, 11, 0]","[0.0, 0.0, 0.0]","[0.0, 0.0, 0.0]","[0.1, 0.8, 0.1]","[0, 1, 0]",False
AdaTE-QP-H,28,6,"[2, 0, -1, 8, 0, 0, 0, 3, 12, 0]","[0.0, 0.0, 0.0]","[0.0, 0.0, 0.0]","[0.1, 0.8, 0.1]","[0, 1, 0]",False
AdaTE-QP-H,28,7,"[1, 0, 0, 8, 0, 0, 0, 3, 13, 0]","[0.0, 0.0, 0.0]","[0.0, 0.0, 0.0]","[0.1, 0.8, 0.1]","[0, 1, 0]",False
AdaTE-QP-H,28,8,"[1, 0, 0, 8, 0, 0, 0, 3, 14, 0]","[0.0, 0.0, 0.0]","[0.0, 0.0, 0.0]","[0.1, 0.8, 0.1]","[0, 1, 0]",False
AdaTE-QP-H,28,9,"[1, 0, 0, 7, 0, 0, 0, 3, 15, 0]","[0.0, 0.0, 0.0]","[0.0, 0.0, 0.0]","[0.1, 0.8, 0.1]","[0, 1, 0]",False
AdaTE-QP-H,28,10,"[1, 0, 0, 7, 0, 0, 0, 3, 16, 0]","[0.0, 0.0, 0.0]","[0.0, 0.0, 0.0]","[0.1, 0.8, 0.1]","[0, 1, 0]",False
AdaTE-QP-H,28,11,"[1, 0, 0, 7, 0, 0, 0, 3, 17, 0]","[0.0, 0.0, 0.0]","[0.0, 0.0, 0.0]","[0.1, 0.8, 0.1]","[0, 1, 0]",False
AdaTE-QP-H,28,12,"[1, 0, 0, 7, 0, 0, 0, 3, 18, 0]","[0.0, 0.0, 0.0]","[0.0, 0.0, 0.0]","[0.1, 0.8, 0.1]","[0, 1, 0]",False
AdaTE-QP-H,28,13,"[1, 0, 0, 7, 0, 0, 0, 3, 19, 0]","[0.0, 0.0, 0.0]","[0.0, 0.0, 0.0]","[0.1, 0.8, 0.1]","[0, 1, 0]",False
AdaTE-QP-H,28,14,"[2, 0, 0, 7, 0, 0, 0, 3, 20, 0]","[0.0, 0.0, 0.0]","[0.0, 0.0, 0.0]","[0.1, 0.8, 0.1]","[0, 1, 0]",False
AdaTE-QP-H,28,15,"[2, 0, 0, 7, 0, 0, 0, 3, 21, 0]","[0.0, 0.0, 0.0]","[0.0, 0.0, 0.0]","[0.1, 0.8, 0.1]","[0, 1, 0]",False
AdaTE-QP-H,28,16,"[2, 0, 0, 7, 0, 0, 0, 3, 22, 0]","[0.0, 0.0, 0.0]","[0.0, 0.0, 0.0]","[0.1, 0.8, 0.1]","[0, 0, 1]",False
AdaTE-QP-H,28,17,"[2, 0, 0, 7, 0, 0, 0, 3, 23, 0]","[0.0, 0.0, 0.0]","[0.0, 0.0, 0.0]","[0.1, 0.8, 0.1]","[1, 0, 0]",False
AdaTE-QP-H,28,18,"[2, 0, 0, 7, 0, 0, 0, 3, 24, 0]","[0.0, 0.0, 0.0]","[0.0, 0.0, 0.0]","[0.1, 0.8, 0.1]","[0, 1, 0]",False
AdaTE-QP-H,28,19,"[2, 0, 0, 7, 0, 0, 0, 3, 25, 0]","[0.0, 0.0, 0.0]","[0.0, 0.0, 0.0]","[0.1, 0.8, 0.1]","[0, 0, 1]",False
AdaTE-QP-H,28,20,"[2, 0, 0, 7, 0, 0, 0, 3, 26, 0]","[0.0, 0.0, 0.0]","[0.0, 0.0, 0.0]","[0.1, 0.8, 0.1]","[0, 1, 0]",False
AdaTE-QP-H,28,21,"[2, 0, 0, 7, 0, 0, 0, 3, 27, 0]","[0.0, 0.0, 0.0]","[0.0, 0.0, 0.0]","[0.1, 0.8, 0.1]","[0, 1, 0]",False
AdaTE-QP-H,28,22,"[2, 0, 0, 8, 0, 0, 0, 3, 28, 0]","[0.0, 0.0, 0.0]","[0.0, 0.0, 0.0]","[0.1, 0.8, 0.1]","[1, 0, 0]",False
AdaTE-QP-H,28,23,"[2, 0, 0, 8, 0, 0, 0, 3, 29, 0]","[0.0, 0.0, 0.0]","[0.0, 0.0, 0.0]","[0.1, 0.8, 0.1]","[0, 1, 0]",False
AdaTE-QP-H,28,24,"[2, 0, 0, 7, 0, 0, 0, 3, 30, 0]","[0.0, 0.0, 0.0]","[0.0, 0.0, 0.0]","[0.1, 0.8, 0.1]","[1, 0, 0]",False
AdaTE-QP-H,28,25,"[2, 0, 0, 7, 0, 0, 0, 3, 31, 0]","[0.0, 0.0, 0.0]","[0.0, 0.0, 0.0]","[0.1, 0.8, 0.1]","[0, 1, 0]",False
AdaTE-QP-H,28,26,"[2, 0, 0, 7, 0, 0, 0, 3, 32, 0]","[0.0, 0.0, 0.0]","[0.0, 0.0, 0.0]","[0.1, 0.8, 0.1]","[0, 1, 0]",False
AdaTE-QP-H,28,27,"[2, 0, 0, 7, 0, 0, 0, 3, 33, 0]","[0.0, 0.0, 0.0]","[0.0, 0.0, 0.0]","[0.1, 0.8, 0.1]","[0, 1, 0]",False
AdaTE-QP-H,28,28,"[2, 0, 0, 7, 0, 0, 0, 3, 34, 0]","[0.0, 0.0, 0.0]","[0.0, 0.0, 0.0]","[0.1, 0.8, 0.1]","[0, 1, 0]",False
AdaTE-QP-H,29,0,"[3, 2, -6, 13, 0, 0, 1, 0, 2, 1]","[0.0, 0.0, 0.0]","[0.0, 0.0, 0.0]","[0.1, 0.8, 0.1]","[0, 1, 0]",False
AdaTE-QP-H,29,1,"[2, 2, -6, 13, 0, 0, 1, 0, 3, 1]","[0.0, 0.0, 0.0]","[0.0, 0.0, 0.0]","[0.1, 0.8, 0.1]","[0, 1, 1]",False
AdaTE-QP-H,29,2,"[2, 2, -6, 13, 0, 0, 1, 0, 4, 1]","[0.0, 0.0, 0.0]","[0.0, 0.0, 0.0]","[0.1, 0.8, 0.1]","[0, 1, 0]",False
AdaTE-QP-H,29,3,"[1, 2, -6, 13, 0, 0, 1, 1, 5, 1]","[0.0, 0.0, 0.0]","[0.0, 0.0, 0.0]","[0.1, 0.8, 0.1]","[0, 2, 1]",False
AdaTE-QP-H,29,4,"[0, 2, -6, 13, 0, 0, 0, 1, 6, 1]","[0.0, 0.0, 0.0]","[0.0, 0.0, 0.0]","[0.1, 0.8, 0.1]","[0, 1, 0]",False
AdaTE-QP-H,30,0,"[4, 2, -3, 12, 0, 0, 1, 0, 0, 1]","[0.0, 0.0, 0.0]","[4.595747367358672e-08, 1.4255874688996738e-08, 3.532968093449862e-08]","[0.1, 0.8, 0.1]","[0, 1, 0]",True
AdaTE-QP-H,30,1,"[4, 2, -3, 13, 0, 0, 1, 0, 1, 1]","[0.0, 0.0, 0.0]","[6.499391303931842e-07, 4.119169854332216e-07, 6.587899392948276e-08]","[0.1, 0.8, 0.1]","[0, 1, 0]",True
AdaTE-QP-H,30,2,"[3, 2, -3, 13, 0, 0, 1, 0, 2, 1]","[0.0, 0.0, 0.0]","[6.6318130369852425e-06, 3.816585308631911e-06, 1.0079643844192734e-05]","[0.1, 0.8, 0.1]","[0, 1, 0]",True
AdaTE-QP-H,30,3,"[3, 2, -3, 13, 0, 0, 1, 0, 3, 1]","[0.0, 0.0, 0.0]","[5.3447015077212006e-05, 8.178278206728932e-05, 3.7044767927241395e-05]","[0.1, 0.8, 0.1]","[0, 1, 0]",True
AdaTE-QP-H,30,4,"[3, 2, -4, 13, 0, 0, 1, 0, 4, 1]","[0.0, 0.0, 0.0]","[0.0, 0.0, 0.0]","[0.1, 0.8, 0.1]","[0, 1, 0]",False
AdaTE-QP-H,30,5,"[2, 2, -4, 13, 0, 0, 1, 1, 5, 1]","[0.0, 0.0, 0.0]","[0.0, 0.0, 0.0]","[0.1, 0.8, 0.1]","[0, 0, 1]",False
AdaTE-QP-H,30,6,"[2, 2, -3, 13, 0, 0, 0, 1, 6, 1]","[0.0, 0.0, 0.0]","[0.08761823074134044, 0.07397164435539033, 0.10069023768119531]","[0.1, 0.8, 0.1]","[0, 1, 0]",True
AdaTE-QP-H,30,7,"[2, 1, -3, 13, 0, 0, 0, 1, 7, 1]","[0.0, 0.0, 0.0]","[0.0, 0.0, 0.0]","[0.1, 0.8, 0.1]","[0, 1, 0]",False
AdaTE-QP-H,30,8,"[1, 1, -2, 12, 0, 0, 0, 1, 8, 1]","[0.0, 0.0, 0.0]","[0.0, 0.0, 0.0]","[0.1, 0.8, 0.1]","[0, 1, 0]",False
AdaTE-QP-H,31,0,"[3, 2, -3, 12, 0, 0, 1, 0, 0, 1]","[0.0, 0.0, 0.0]","[2.9251520426413012e-05, 3.676900364209451e-06, 4.449623903745763e-06]","[0.1, 0.8, 0.1]","[0, 1, 0]",True
AdaTE-QP-H,31,1,"[2, 2, -3, 13, 0, 0, 1, 0, 1, 1]","[0.0, 0.0, 0.0]","[0.0002618090246987931, 0.00011788993204390573, 7.280182325946565e-05]","[0.1, 0.8, 0.1]","[0, 1, 0]",True
AdaTE-QP-H,31,2,"[2, 2, -3, 13, 0, 0, 1, 0, 2, 1]","[0.0, 0.0, 0.0]","[4.685804831690979e-05, 0.0011680678134681562, 0.0010087542845394226]","[0.1, 0.8, 0.1]","[0, 1, 0]",True
AdaTE-QP-H,31,3,"[2, 2, -3, 13, 0, 0, 1, 0, 3, 1]","[0.0, 0.0, 0.0]","[0.0010735483093347535, 0.0036966297317738133, 0.004120082521606382]","[0.30000000000000004, 1.6, 0.30000000000000004]","[0, 2, 0]",True
AdaTE-QP-H,31,4,"[1, 2, -4, 13, 0, 0, 1, 0, 4, 1]","[0.0, 0.0, 0.0]","[0.0, 0.0, 0.0]","[0.1, 0.8, 0.1]","[0, 1, 0]",False
AdaTE-QP-H,31,5,"[1, 2, -4, 13, 0, 0, 1, 1, 5, 1]","[0.0, 0.0, 0.0]","[0.0, 0.0, 0.0]","[0.1, 0.8, 0.1]","[0, 1, 1]",False
AdaTE-QP-H,31,6,"[1, 2, -3, 13, 0, 0, 0, 1, 6, 1]","[0.0, 0.0, 0.0]","[0.16290855847411997, 0.3655244570248021, 0.3395130843938159]","[0.1, 0.8, 0.1]","[0, 1, 0]",True
AdaTE-QP-H,31,7,"[0, 1, -3, 13, 0, 0, 0, 1, 7, 1]","[0.0, 0.0, 0.0]","[0.0, 0.0, 0.0]","[0.1, 0.8, 0.1]","[0, 2, 0]",False
AdaTE-QP-H,32,0,"[3, 2, -3, 12, 0, 0, 1, 0, 0, 1]","[0.0, 0.0, 0.0]","[2.9251520426413012e-05, 3.676900364209451e-06, 4.449623903745763e-06]","[0.30000000000000004, 1.6, 0.30000000000000004]","[0, 2, 0]",True
AdaTE-QP-H,32,1,"[2, 2, -3, 13, 0, 0, 1, 0, 1, 1]","[0.0, 0.0, 0.0]","[0.0002618090246987931, 0.00011788993204390573, 7.280182325946565e-05]","[0.30000000000000004, 1.6, 0.30000000000000004]","[0, 2, 0]",True
AdaTE-QP-H,32,2,"[2, 2, -3, 13, 0, 0, 1, 0, 2, 1]","[0.0, 0.0, 0.0]","[4.685804831690979e-05, 0.0011680678134681562, 0.0010087542845394226]","[0.30000000000000004, 1.6, 0.30000000000000004]","[0, 2, 0]",True
AdaTE-QP-H,32,3,"[2, 2, -3, 13, 0, 0, 1, 0, 3, 1]","[0.0, 0.0, 0.0]","[0.0010735483093347535, 0.0036966297317738133, 0.004120082521606382]","[0.38284271247461904, 1.554247233265651, 0.38284271247461904]","[0, 3, 0]",True
AdaTE-QP-H,32,4,"[1, 2, -4, 13, 0, 0, 1, 0, 4, 1]","[0.0, 0.0, 0.0]","[0.0, 0.0, 0.0]","[0.1, 0.8, 0.1]","[0, 2, 0]",False
AdaTE-QP-H,32,5,"[1, 2, -4, 13, 0, 0, 1, 1, 5, 1]","[0.0, 0.0, 0.0]","[0.0, 0.0, 0.0]","[0.1, 0.8, 0.1]","[0, 1, 2]",False
AdaTE-QP-H,32,6,"[1, 2, -3, 13, 0, 0, 0, 1, 6, 1]","[0.0, 0.0, 0.0]","[0.16290855847411997, 0.3655244570248021, 0.3395130843938159]","[0.30000000000000004, 1.6, 0.30000000000000004]","[0, 2, 0]",True
AdaTE-QP-H,32,7,"[0, 1, -3, 13, 0, 0, 0, 1, 7, 1]","[0.0, 0.0, 0.0]","[0.0, 0.0, 0.0]","[0.1, 0.8, 0.1]","[0, 3, 0]",False
AdaTE-QP-H,33,0,"[4, 2, -5, 13, 0, 0, 1, 0, 2, 0]","[0.0, 0.0, 0.0]","[0.0005433110831211525, 0.00020668798675511094, 0.00032641518570208905]","[0.1, 0.8, 0.1]","[0, 1, 0]",True
AdaTE-QP-H,33,1,"[3, 2, -5, 13, 0, 0, 1, 0, 3, 0]","[0.0, 0.0, 0.0]","[0.00034136270002468134, 0.005221416433583615, 0.001371803393578339]","[0.1, 0.8, 0.1]","[0, 1, 0]",True
AdaTE-QP-H,33,2,"[3, 2, -6, 13, 0, 0, 1, 0, 4, 0]","[0.0, 0.0, 0.0]","[0.00016104250246319819, 0.004696569486827378, 0.06478902331820834]","[0.1, 0.8, 0.1]","[0, 1, 0]",True
AdaTE-QP-H,33,3,"[2, 2, -6, 13, 0, 0, 1, 1, 5, 0]","[0.0, 0.0, 0.0]","[0.0, 0.0, 0.0]","[0.1, 0.8, 0.1]","[0, 2, 0]",False
AdaTE-QP-H,33,4,"[2, 1, -5, 13, 0, -1, 0, 1, 6, 0]","[0.0, 0.25, 0.0]","[0.5277532820066805, 0.6058609845507782, 0.68359375]","[0.1, 0.8, 0.1]","[0, 1, 0]",True
AdaTE-QP-H,34,0,"[1, 2, 0, 13, 0, 0, 1, 0, 1, 1]","[0.0, 0.0, 0.0]","[5.983717290871662e-06, 1.1496962021648786e-05, 2.202912371692122e-05]","[0.1, 0.8, 0.1]","[0, 1, 0]",True
AdaTE-QP-H,34,1,"[1, 2, 0, 13, 0, 0, 1, 0, 2, 1]","[0.0, 0.0, 0.0]","[2.3048321475363735e-05, 0.00011162484293480247, 0.00012505114240360103]","[0.1, 0.8, 0.1]","[0, 1, 0]",True
AdaTE-QP-H,34,2,"[1, 2, 0, 13, 0, 0, 1, 0, 3, 1]","[0.0, 0.0, 0.0]","[0.0011487949214121522, 0.0009500454190725553, 0.000277724937317757]","[0.1, 0.8, 0.1]","[0, 1, 0]",True
AdaTE-QP-H,34,3,"[1, 2, 0, 13, 0, 0, 1, 0, 4, 1]","[0.0, 0.0, 0.0]","[0.0077878736033852826, 0.0028907915849584066, 0.00649953396846918]","[0.1, 0.8, 0.1]","[0, 1, 0]",True
AdaTE-QP-H,34,4,"[1, 2, 0, 13, 0, 0, 1, 1, 5, 1]","[0.0, 0.0, 0.0]","[0.032987743525081284, 0.017834535490446665, 0.040271076772838706]","[0.1, 0.8, 0.1]","[0, 1, 0]",True
AdaTE-QP-H,34,5,"[1, 2, 0, 13, 0, 0, 0, 1, 6, 1]","[0.0, 0.0, 0.0]","[0.004866281329918175, 0.10779994732571402, 0.04256682981658628]","[0.1, 0.8, 0.1]","[0, 1, 0]",True
AdaTE-QP-H,34,6,"[1, 1, 0, 13, 0, 0, 0, 1, 7, 1]","[0.0, 0.0, 0.0]","[0.0, 0.0, 0.0]","[0.1, 0.8, 0.1]","[0, 1, 0]",False
AdaTE-QP-H,34,7,"[1, 1, 1, 12, 0, 0, 0, 1, 8, 1]","[0.0, 0.25, 0.0]","[0.30940072835263566, 0.21678798408507446, 0.14632583853863992]","[0.1, 0.8, 0.1]","[0, 1, 0]",True
AdaTE-QP-H,35,0,"[4, 2, -3, 12, 0, 0, 1, 0, 0, 1]","[0.0, 0.0, 0.0]","[2.9067220966893736e-08, 8.38851210380827e-09, 1.9982345276029612e-08]","[0.30000000000000004, 1.6, 0.30000000000000004]","[0, 2, 0]",True
AdaTE-QP-H,35,1,"[4, 2, -3, 13, 0, 0, 1, 0, 1, 1]","[0.0, 0.0, 0.0]","[6.188449260674522e-07, 1.79752855429299e-07, 1.0318072897862593e-06]","[0.30000000000000004, 1.6, 0.30000000000000004]","[0, 2, 0]",True
AdaTE-QP-H,35,2,"[3, 2, -3, 13, 0, 0, 1, 0, 2, 1]","[0.0, 0.0, 0.0]","[1.4223255141679223e-05, 7.012030427936942e-06, 1.0183650359386932e-05]","[0.30000000000000004, 1.6, 0.30000000000000004]","[0, 2, 0]",True
AdaTE-QP-H,35,3,"[3, 2, -3, 13, 0, 0, 1, 0, 3, 1]","[0.0, 0.0, 0.0]","[3.7098378352721626e-05, 0.00012961698192984046, 3.766344543542084e-05]","[0.30000000000000004, 1.6, 0.30000000000000004]","[0, 2, 0]",True
AdaTE-QP-H,35,4,"[3, 2, -4, 13, 0, 0, 1, 0, 4, 1]","[0.0, 0.0, 0.0]","[0.0, 0.0, 0.0]","[0.1, 0.8, 0.1]","[0, 2, 0]",False
AdaTE-QP-H,35,5,"[2, 2, -4, 13, 0, 0, 1, 1, 5, 1]","[0.0, 0.0, 0.0]","[0.0, 0.0, 0.0]","[0.1, 0.8, 0.1]","[0, 1, 1]",False
AdaTE-QP-H,35,6,"[2, 2, -4, 13, 0, 0, 0, 1, 6, 1]","[0.0, 0.0, 0.0]","[0.0, 0.0, 0.0]","[0.1, 0.8, 0.1]","[0, 1, 0]",False
AdaTE-QP-H,35,7,"[2, 1, -3, 13, 0, 0, 0, 1, 7, 1]","[0.0, 0.0, 0.0]","[0.0, 0.0, 0.0]","[0.1, 0.8, 0.1]","[0, 2, 0]",False
AdaTE-QP-H,35,8,"[1, 1, -2, 12, 0, 0, 0, 1, 8, 1]","[0.0, 0.0, 0.0]","[0.0, 0.0, 0.0]","[0.1, 0.8, 0.1]","[0, 2, 0]",False
AdaTE-QP-H,36,0,"[4, 2, -5, 13, 0, 0, 1, 0, 2, 1]","[0.0, 0.0, 0.0]","[4.681748548238283e-05, 0.0013362585540255365, 0.0006131762329823965]","[0.1, 0.8, 0.1]","[0, 1, 0]",True
AdaTE-QP-H,36,1,"[3, 2, -5, 13, 0, 0, 1, 0, 3, 1]","[0.0, 0.0, 0.0]","[0.0002991290994326998, 0.004169073081790292, 0.011248985982058805]","[0.1, 0.8, 0.1]","[0, 1, 0]",True
AdaTE-QP-H,36,2,"[3, 2, -5, 13, 0, 0, 1, 0, 4, 1]","[0.0, 0.0, 0.0]","[0.023961243176952994, 0.029271910876517756, 0.030247856174812862]","[0.1, 0.8, 0.1]","[0, 1, 0]",True
AdaTE-QP-H,36,3,"[2, 2, -6, 13, 0, 0, 1, 1, 5, 1]","[0.0, 0.0, 0.0]","[0.0, 0.011891062234918346, 0.0052242255298066385]","[0.0, 0.8, 0.1]","[0, 1, 0]",True
AdaTE-QP-H,36,4,"[2, 2, -6, 13, 0, 0, 0, 1, 6, 1]","[0.0, 0.0, 0.0]","[0.030358232277536562, 0.08146091958166439, 0.1567712770561327]","[0.1, 0.8, 0.1]","[0, 1, 0]",True
AdaTE-QP-H,36,5,"[1, 1, -5, 13, 0, 0, 0, 1, 7, 1]","[0.0, 0.0, 0.0]","[0.0, 0.0, 0.0]","[0.1, 0.8, 0.1]","[1, 0, 0]",False
AdaTE-QP-H,37,0,"[2, 2, -1, 13, 0, 0, 1, 0, 1, 1]","[0.0, 0.0, 0.0]","[4.545472617248902e-06, 9.415951032130333e-06, 1.2802418423332924e-05]","[0.30000000000000004, 1.6, 0.30000000000000004]","[0, 2, 0]",True
AdaTE-QP-H,37,1,"[2, 2, -1, 13, 0, 0, 1, 0, 2, 1]","[0.0, 0.0, 0.0]","[5.7114143836047526e-05, 4.229103038423612e-05, 0.0004573054638990008]","[0.30000000000000004, 1.6, 0.30000000000000004]","[0, 2, 0]",True
AdaTE-QP-H,37,2,"[1, 2, -1, 13, 0, 0, 1, 0, 3, 1]","[0.0, 0.0, 0.0]","[0.0007910006168402906, 0.0009822267572218454, 0.0029763072197344104]","[0.30000000000000004, 1.6, 0.30000000000000004]","[0, 2, 0]",True
AdaTE-QP-H,37,3,"[1, 2, -2, 13, 0, 0, 1, 0, 4, 1]","[0.0, 0.0, 0.0]","[0.0, 0.0, 0.0]","[0.1, 0.8, 0.1]","[0, 2, 1]",False
AdaTE-QP-H,37,4,"[1, 2, -2, 13, 0, 0, 1, 1, 5, 1]","[0.0, 0.0, 0.0]","[0.0, 0.0, 0.0]","[0.1, 0.8, 0.1]","[0, 2, 0]",False
AdaTE-QP-H,37,5,"[1, 2, -2, 13, 0, 0, 0, 1, 6, 1]","[0.0, 0.0, 0.0]","[0.008946640461255075, 0.012034093475573649, 0.24367920751364608]","[0.44641016151377544, 1.492820323027551, 0.44641016151377544]","[0, 4, 0]",True
AdaTE-QP-H,37,6,"[1, 1, -1, 13, 0, 0, 0, 1, 7, 1]","[0.0, 0.0, 0.0]","[0.0, 0.0, 0.0]","[0.1, 0.8, 0.1]","[0, 4, 0]",False
AdaTE-QP-H,38,0,"[2, 2, -5, 13, 0, 0, 1, 0, 4, 1]","[0.0, 0.0, 0.0]","[0.10672470893483707, 0.051366134078458435, 0.0982738342213249]","[0.38284271247461904, 1.554247233265651, 0.38284271247461904]","[0, 3, 0]",True
AdaTE-QP-H,38,1,"[1, 2, -6, 13, 0, 0, 1, 1, 5, 1]","[0.0, 0.0, 0.0]","[0.0, 0.0, 0.0]","[0.1, 0.8, 0.1]","[0, 3, 1]",False
AdaTE-QP-H,38,2,"[1, 2, -6, 13, 0, 0, 0, 1, 6, 1]","[0.25, 0.25, 0.0]","[0.555347950257454, 0.0, 0.12824579974254602]","[0.15498317768453052, 1.6, 0.30000000000000004]","[1, 1, 0]",True
AdaTE-QP-H,39,0,"[1, 0, -1, 12, 0, 0, 0, 2, 0, 2]","[0.0, 0.25, 0.0]","[0.8998870849609375, 0.68359375, 0.68359375]","[0.1, 0.8, 0.1]","[0, 1, 0]",True
AdaTE-QP-H,40,0,"[3, 2, -5, 13, 0, 0, 1, 0, 2, 0]","[0.0, 0.0, 0.0]","[0.02337863435293734, 0.007973964405557704, 0.026286293601555013]","[0.30000000000000004, 1.6, 0.30000000000000004]","[0, 2, 0]",True
AdaTE-QP-H,40,1,"[2, 2, -5, 13, 0, 0, 1, 0, 3, 0]","[0.0, 0.010000000000000002, 0.0]","[0.021810533442083814, 0.08400237000572727, 0.0885113121350323]","[0.1, 0.8, 0.1]","[0, 1, 0]",True
AdaTE-QP-H,40,2,"[2, 2, -5, 13, 0, 0, 1, 0, 4, 0]","[0.0, 0.125, 0.0]","[0.08086156008381011, 0.19923392963914976, 0.3829490903040436]","[0.38284271247461904, 1.3534782173031212, 0.38284271247461904]","[0, 3, 0]",True
AdaTE-QP-H,40,3,"[1, 2, -5, 13, 0, 0, 1, 1, 5, 0]","[0.0, 0.578125, 0.0]","[0.68359375, 0.44991284242990476, 0.825948985300087]","[0.38284271247461904, 0.7763187835914696, 0.38284271247461904]","[0, 3, 0]",True
AdaTE-QP-H,41,0,"[2, 2, -3, 13, 0, 0, 1, 0, 2, 0]","[0.0, 0.0, 0.0]","[0.010046428290495494, 0.02288119673138464, 0.015878188653745504]","[0.1, 0.8, 0.1]","[0, 1, 0]",True
AdaTE-QP-H,41,1,"[2, 2, -4, 13, 0, 0, 1, 0, 3, 0]","[0.0, 0.0, 0.0]","[0.0, 0.0, 0.0]","[0.1, 0.8, 0.1]","[0, 1, 0]",False
AdaTE-QP-H,41,2,"[1, 2, -4, 13, 0, 0, 1, 0, 4, 0]","[0.0, 0.0, 0.0]","[0.0, 0.0, 0.0]","[0.1, 0.8, 0.1]","[0, 1, 0]",False
AdaTE-QP-H,41,3,"[1, 2, -4, 13, 0, 0, 1, 1, 5, 0]","[0.0, 0.0, 0.0]","[0.0, 0.0, 0.0]","[0.1, 0.8, 0.1]","[0, 1, 1]",False
AdaTE-QP-H,42,0,"[1, 2, -5, 13, 0, 0, 1, 1, 5, 0]","[0.0, 0.68359375, 0.0]","[0.6835937499999999, 0.5044252741922566, 0.8431970594123936]","[0.44641016151377544, 0.809705387402265, 0.44641016151377544]","[0, 4, 0]",True
AdaTE-QP-H,43,0,"[1, 2, -6, 13, 0, 0, 1, 1, 5, 0]","[0.0, 0.0, 0.0]","[0.0, 0.0, 0.0]","[0.1, 0.8, 0.1]","[0, 3, 0]",False
AdaTE-QP-H,44,0,"[2, 2, -3, 13, 0, 0, 1, 0, 1, 1]","[0.0, 0.0, 0.0]","[0.00014655601156049483, 6.618972389947873e-05, 4.117687970869243e-05]","[0.38284271247461904, 1.554247233265651, 0.38284271247461904]","[0, 3, 0]",True
AdaTE-QP-H,44,1,"[2, 2, -3, 13, 0, 0, 1, 0, 2, 1]","[0.0, 0.0, 0.0]","[3.55082488830238e-05, 0.000655350135064718, 0.0005647033206766883]","[0.38284271247461904, 1.554247233265651, 0.38284271247461904]","[0, 3, 0]",True
AdaTE-QP-H,44,2,"[2, 2, -3, 13, 0, 0, 1, 0, 3, 1]","[0.0, 0.0, 0.0]","[0.0007848147759981907, 0.002066648978891745, 0.0024196643415745427]","[0.44641016151377544, 1.492820323027551, 0.44641016151377544]","[0, 4, 0]",True
AdaTE-QP-H,44,3,"[1, 2, -4, 13, 0, 0, 1, 0, 4, 1]","[0.0, 0.0, 0.0]","[0.0, 0.0, 0.0]","[0.1, 0.8, 0.1]","[1, 2, 0]",False
AdaTE-QP-H,44,4,"[1, 2, -4, 13, 0, 0, 1, 1, 5, 1]","[0.0, 0.0, 0.0]","[0.0, 0.0, 0.0]","[0.1, 0.8, 0.1]","[0, 1, 3]",False
AdaTE-QP-H,44,5,"[1, 2, -4, 13, 0, 0, 0, 1, 6, 1]","[0.0, 0.0, 0.0]","[0.0, 0.0, 0.0]","[0.1, 0.8, 0.1]","[1, 1, 0]",False
AdaTE-QP-H,44,6,"[0, 1, -3, 13, 0, 0, 0, 1, 7, 1]","[0.0, 0.0, 0.0]","[0.0, 0.0, 0.0]","[0.1, 0.8, 0.1]","[0, 4, 0]",False
AdaTE-QP-H,45,0,"[3, 2, -5, 13, 0, 0, 1, 0, 1, 1]","[0.0, 0.0, 0.0]","[0.00048404238099016445, 0.0010781268527323045, 5.391876410503544e-05]","[0.1, 0.8, 0.1]","[0, 1, 0]",True
AdaTE-QP-H,45,1,"[3, 2, -5, 13, 0, 0, 1, 0, 2, 1]","[0.0, 0.0, 0.0]","[0.0003288344910839822, 0.003703283037063986, 0.003931295436869846]","[0.1, 0.8, 0.1]","[0, 1, 0]",True
AdaTE-QP-H,45,2,"[2, 2, -5, 13, 0, 0, 1, 0, 3, 1]","[0.0, 0.0, 0.0]","[0.02850963152429868, 0.010985575477457828, 0.011126330579261656]","[0.1, 0.8, 0.1]","[0, 1, 0]",True
AdaTE-QP-H,45,3,"[2, 2, -5, 13, 0, 0, 1, 0, 4, 1]","[0.0, 0.0, 0.0]","[0.11731775147572548, 0.05814221881237981, 0.10575975964005993]","[0.44641016151377544, 1.492820323027551, 0.44641016151377544]","[0, 4, 0]",True
AdaTE-QP-H,45,4,"[1, 2, -6, 13, 0, 0, 1, 1, 5, 1]","[0.0, 0.0, 0.0]","[0.0, 0.0, 0.0]","[0.1, 0.8, 0.1]","[0, 4, 1]",False
AdaTE-QP-H,45,5,"[1, 2, -6, 13, 0, 0, 0, 1, 6, 1]","[0.25, 0.4375, 0.0]","[0.5432689851451362, 0.0, 0.1403247648548637]","[0.19540363631663127, 800001.1313708499, 0.38284271247461904]","[1, 2, 0]",True
AdaTE-QP-H,46,0,"[1, 2, -4, 13, 0, 0, 1, 1, 5, 0]","[0.0, 0.0, 0.0]","[0.0, 0.0, 0.0]","[0.1, 0.8, 0.1]","[0, 2, 1]",False
AdaTE-QP-H,47,0,"[3, 2, -5, 13, 0, 0, 1, 0, 1, 0]","[0.0, 0.0, 0.0]","[0.0005984064595307366, 0.00201339888186075, 0.004960991246867922]","[0.30000000000000004, 1.6, 0.30000000000000004]","[0, 2, 0]",True
AdaTE-QP-H,47,1,"[3, 2, -5, 13, 0, 0, 1, 0, 2, 0]","[0.0, 0.0020000000000000005, 0.0]","[0.027931320344920144, 0.009375036189654606, 0.031594888902130504]","[0.38284271247461904, 1.554247233265651, 0.38284271247461904]","[0, 3, 0]",True
AdaTE-QP-H,47,2,"[2, 2, -5, 13, 0, 0, 1, 0, 3, 0]","[0.0, 0.0075000000000000015, 0.0]","[0.0249612207213503, 0.10072857815641209, 0.1052123923068985]","[0.30000000000000004, 1.520578646632165, 0.30000000000000004]","[0, 2, 0]",True
AdaTE-QP-H,47,3,"[2, 2, -6, 13, 0, 0, 1, 0, 4, 0]","[0.0, 0.0, 0.0]","[0.0, 0.0, 0.0]","[0.1, 0.8, 0.1]","[0, 2, 1]",False
AdaTE-QP-H,47,4,"[1, 2, -6, 13, 0, 0, 1, 1, 5, 0]","[0.0, 0.0, 0.0]","[0.0, 0.0, 0.0]","[0.1, 0.8, 0.1]","[0, 4, 0]",False
AdaTE-QP-H,48,0,"[1, 0, -5, 12, 0, 0, 0, 2, 0, 2]","[0.0, 0.4375, 0.0]","[0.8998870849609375, 0.68359375, 0.68359375]","[0.30000000000000004, 1.3074285714285716, 0.30000000000000004]","[0, 2, 0]",True
AdaTE-QP-H,49,0,"[3, 2, -3, 13, 0, 0, 1, 0, 2, 0]","[0.0, 0.0, 0.0]","[8.811583268578758e-05, 9.282178655953253e-06, 6.137776772662556e-05]","[0.30000000000000004, 1.6, 0.30000000000000004]","[0, 2, 0]",True
AdaTE-QP-H,49,1,"[3, 2, -3, 13, 0, 0, 1, 0, 3, 0]","[0.0, 0.0, 0.0]","[4.425080810157412e-05, 0.0005567620061221959, 0.0007640960476090366]","[0.1, 0.8, 0.1]","[0, 1, 0]",True
AdaTE-QP-H,49,2,"[3, 2, -3, 13, 0, 0, 1, 0, 4, 0]","[0.0, 0.0, 0.0]","[0.0008236486157672507, 0.003099558669294119, 0.0022036286515480417]","[0.30000000000000004, 1.6, 0.30000000000000004]","[0, 2, 0]",True
AdaTE-QP-H,49,3,"[2, 2, -4, 13, 0, 0, 1, 1, 5, 0]","[0.0, 0.0, 0.0]","[0.0, 0.0, 0.0]","[0.1, 0.8, 0.1]","[1, 1, 0]",False
AdaTE-QP-H,49,4,"[2, 1, -3, 13, 0, -1, 0, 1, 6, 0]","[0.0, 0.0, 0.0]","[0.0, 0.0, 0.0]","[0.1, 0.8, 0.1]","[0, 2, 0]",False
AdaTE-QP-H,49,5,"[1, 0, -3, 12, 0, -1, 0, 1, 7, 0]","[0.0, 0.0, 0.0]","[0.0, 0.0, 0.0]","[0.1, 0.8, 0.1]","[0, 1, 0]",False
AdaTE-QP-H,50,0,"[4, 2, -5, 12, 0, 0, 1, 0, 0, 1]","[0.0, 0.0, 0.0]","[0.00013898849239174082, 4.358735015795036e-05, 0.00010230208614931287]","[0.1, 0.8, 0.1]","[0, 1, 0]",True
AdaTE-QP-H,50,1,"[3, 2, -5, 13, 0, 0, 1, 0, 1, 1]","[0.0, 0.0, 0.0]","[0.0005163339589153378, 0.0011513069562691255, 5.8213832292182994e-05]","[0.30000000000000004, 1.6, 0.30000000000000004]","[0, 2, 0]",True
AdaTE-QP-H,50,2,"[3, 2, -5, 13, 0, 0, 1, 0, 2, 1]","[0.0, 0.0, 0.0]","[0.0003509318360033634, 0.0039560319052250464, 0.004194899577823405]","[0.30000000000000004, 1.6, 0.30000000000000004]","[0, 2, 0]",True
AdaTE-QP-H,50,3,"[2, 2, -5, 13, 0, 0, 1, 0, 3, 1]","[0.0, 0.0, 0.0]","[0.03035429909973743, 0.011751368053044152, 0.011773488545044834]","[0.30000000000000004, 1.6, 0.30000000000000004]","[0, 2, 0]",True
AdaTE-QP-H,50,4,"[2, 2, -6, 13, 0, 0, 1, 0, 4, 1]","[0.0, 0.0, 0.0]","[0.0, 0.0, 0.0]","[0.1, 0.8, 0.1]","[1, 1, 0]",False
AdaTE-QP-H,50,5,"[1, 2, -6, 13, 0, 0, 1, 1, 5, 1]","[0.0, 0.0, 0.0]","[0.0, 0.0, 0.0]","[0.1, 0.8, 0.1]","[0, 5, 1]",False
AdaTE-QP-H,50,6,"[0, 2, -6, 13, 0, 0, 0, 1, 6, 1]","[0.0, 0.0, 0.0]","[0.0, 0.0, 0.0]","[0.1, 0.8, 0.1]","[0, 1, 1]",False
AdaTE-QP-H,51,0,"[1, 2, -1, 13, 0, 0, 1, 0, 2, 1]","[0.0, 0.0, 0.0]","[0.0, 0.0, 0.0]","[0.1, 0.8, 0.1]","[0, 1, 0]",False
AdaTE-QP-H,51,1,"[1, 2, -2, 13, 0, 0, 1, 0, 3, 1]","[0.0, 0.0, 0.0]","[0.0, 0.0, 0.0]","[0.1, 0.8, 0.1]","[0, 1, 0]",False
AdaTE-QP-H,51,2,"[1, 2, -2, 13, 0, 0, 1, 0, 4, 1]","[0.0, 0.0, 0.0]","[0.0, 0.0, 0.0]","[0.1, 0.8, 0.1]","[0, 3, 1]",False
AdaTE-QP-H,51,3,"[1, 2, -2, 13, 0, 0, 1, 1, 5, 1]","[0.0, 0.0, 0.0]","[0.0, 0.0, 0.0]","[0.1, 0.8, 0.1]","[1, 2, 0]",False
AdaTE-QP-H,51,4,"[1, 2, -2, 13, 0, 0, 0, 1, 6, 1]","[0.0, 0.0, 0.0]","[0.0054767881721633155, 0.014210024177151587, 0.23015085885666817]","[0.5, 1.4400000000000002, 0.5]","[0, 5, 0]",True
AdaTE-QP-H,51,5,"[1, 1, -1, 13, 0, 0, 0, 1, 7, 1]","[0.0, 0.0, 0.0]","[0.0, 0.0, 0.0]","[0.1, 0.8, 0.1]","[1, 4, 0]",False
AdaTE-QP-H,52,0,"[2, 0, -5, 12, 0, 0, 0, 2, 0, 3]","[0.0, 0.0, 0.0]","[0.023237665433476537, 0.012659521107686688, 0.011883766659207672]","[0.38284271247461904, 1.554247233265651, 0.38284271247461904]","[0, 3, 0]",True
AdaTE-QP-H,52,1,"[2, 0, -4, 12, 0, 0, 0, 2, 1, 3]","[0.0, 0.0, 0.0]","[0.0, 0.0, 0.0]","[0.1, 0.8, 0.1]","[0, 3, 0]",False
AdaTE-QP-H,52,2,"[2, 0, -3, 11, 0, 0, 0, 2, 2, 3]","[0.0, 0.0, 0.0]","[0.0, 0.0, 0.0]","[0.1, 0.8, 0.1]","[0, 3, 0]",False
AdaTE-QP-H,52,3,"[1, 0, -3, 10, 0, 0, 0, 2, 3, 3]","[0.0, 0.0, 0.0]","[0.0, 0.0, 0.0]","[0.1, 0.8, 0.1]","[1, 0, 2]",False
AdaTE-QP-H,53,0,"[1, 2, -2, 13, 0, 0, 1, 1, 5, 0]","[0.0, 0.0, 0.0]","[0.0, 0.0, 0.0]","[0.1, 0.8, 0.1]","[1, 1, 0]",False
AdaTE-QP-H,54,0,"[2, 1, -5, 13, 0, -1, 0, 1, 6, 0]","[0.0, 0.4375, 0.0]","[0.6942306470555843, 0.3423996487353621, 0.68359375]","[0.30000000000000004, 1.0158872512320294, 0.30000000000000004]","[0, 2, 0]",True
AdaTE-QP-H,55,0,"[4, 2, -5, 13, 0, 0, 1, 0, 2, 1]","[0.0, 0.0, 0.0]","[4.841246384892251e-05, 0.001614210902735812, 0.0007397738057666195]","[0.30000000000000004, 1.6, 0.30000000000000004]","[0, 2, 0]",True
AdaTE-QP-H,55,1,"[3, 2, -5, 13, 0, 0, 1, 0, 3, 1]","[0.0, 0.0, 0.0]","[0.00023991063333904882, 0.0050398544183931455, 0.01334563645848189]","[0.30000000000000004, 1.6, 0.30000000000000004]","[0, 2, 0]",True
AdaTE-QP-H,55,2,"[3, 2, -6, 13, 0, 0, 1, 0, 4, 1]","[0.0, 0.0, 0.0]","[0.0, 0.0, 0.0]","[0.1, 0.8, 0.1]","[0, 0, 1]",False
AdaTE-QP-H,55,3,"[2, 2, -5, 13, 0, 0, 1, 1, 5, 1]","[0.0, 0.0, 0.0]","[0.030117799679044273, 0.1381195589828227, 0.0924450578157207]","[0.1, 0.8, 0.1]","[0, 1, 0]",True
AdaTE-QP-H,55,4,"[2, 2, -6, 13, 0, 0, 0, 1, 6, 1]","[0.0, 0.0, 0.0]","[0.018584138726200062, 0.07998115470095907, 0.1880834496339038]","[0.30000000000000004, 1.6, 0.30000000000000004]","[0, 2, 0]",True
AdaTE-QP-H,55,5,"[1, 1, -5, 13, 0, 0, 0, 1, 7, 1]","[0.0, 0.0, 0.0]","[0.0, 0.0, 0.0]","[0.1, 0.8, 0.1]","[2, 0, 0]",False
AdaTE-QP-H,56,0,"[1, 2, 0, 13, 0, 0, 1, 0, 4, 1]","[0.0, 0.0, 0.0]","[0.004951388592881691, 0.001909715246044692, 0.004399873019973952]","[0.30000000000000004, 1.6, 0.30000000000000004]","[0, 2, 0]",True
AdaTE-QP-H,56,1,"[1, 2, 0, 13, 0, 0, 1, 1, 5, 1]","[0.0, 0.0, 0.0]","[0.025499463221670265, 0.011768610225645246, 0.02809034575388044]","[0.30000000000000004, 1.6, 0.30000000000000004]","[0, 2, 0]",True
AdaTE-QP-H,56,2,"[1, 2, 0, 13, 0, 0, 0, 1, 6, 1]","[0.0, 0.0, 0.0]","[0.01003306764403532, 0.08366960345194228, 0.025769565061484367]","[0.30000000000000004, 1.6, 0.30000000000000004]","[0, 2, 0]",True
AdaTE-QP-H,56,3,"[1, 1, 0, 13, 0, 0, 0, 1, 7, 1]","[0.0, 0.0, 0.0]","[0.0, 0.0, 0.0]","[0.1, 0.8, 0.1]","[0, 2, 0]",False
AdaTE-QP-H,56,4,"[1, 1, 1, 12, 0, 0, 0, 1, 8, 1]","[0.0, 0.4375, 0.0]","[0.4478496841375639, 0.19430440950488165, 0.301687661809115]","[0.30000000000000004, 1.0293127186852404, 0.30000000000000004]","[0, 2, 0]",True
AdaTE-QP-H,57,0,"[2, 2, -5, 13, 0, 0, 1, 0, 3, 0]","[0.0, 0.030625, 0.0]","[0.03203929485617078, 0.09712466093065851, 0.09339129387394965]","[0.38284271247461904, 1.4924709558248095, 0.38284271247461904]","[0, 3, 0]",True
AdaTE-QP-H,57,1,"[2, 2, -5, 13, 0, 0, 1, 0, 4, 0]","[0.0, 0.23046875, 0.0]","[0.10263666086223164, 0.22714823644131021, 0.4019901640287533]","[0.44641016151377544, 1.0525791766876906, 0.44641016151377544]","[0, 4, 0]",True
AdaTE-QP-H,57,2,"[1, 2, -5, 13, 0, 0, 1, 1, 5, 0]","[0.0, 0.7626953125, 0.0]","[0.68359375, 0.49599207131399664, 0.8405287413141942]","[0.5, 0.9425881896684413, 0.5]","[0, 5, 0]",True
AdaTE-QP-H,58,0,"[1, 0, -3, 12, 0, 0, 0, 2, 0, 2]","[0.0, 0.25, 0.0]","[0.8998870849609375, 0.68359375, 0.68359375]","[0.1, 0.8, 0.1]","[0, 1, 0]",True
AdaTE-QP-H,59,0,"[1, 0, -1, 12, 0, 0, 0, 2, 0, 3]","[0.0, 0.25, 0.0]","[0.8998870849609375, 0.68359375, 0.68359375]","[0.1, 0.8, 0.1]","[0, 1, 0]",True
AdaTE-QP-H,60,0,"[4, 2, -3, 12, 0, 0, 1, 0, 0, 1]","[0.0, 0.0, 0.0]","[4.508413933049937e-08, 1.241050590419175e-08, 3.2859743727711335e-08]","[0.38284271247461904, 1.554247233265651, 0.38284271247461904]","[0, 3, 0]",True
AdaTE-QP-H,60,1,"[4, 2, -3, 13, 0, 0, 1, 0, 1, 1]","[0.0, 0.0, 0.0]","[5.158148672442066e-07, 3.5295576414111266e-07, 9.052187196227694e-07]","[0.38284271247461904, 1.554247233265651, 0.38284271247461904]","[0, 3, 0]",True
AdaTE-QP-H,60,2,"[3, 2, -3, 13, 0, 0, 1, 0, 2, 1]","[0.0, 0.0, 0.0]","[1.5995257852488854e-05, 5.150608818558894e-06, 1.2692671505014798e-05]","[0.38284271247461904, 1.554247233265651, 0.38284271247461904]","[0, 3, 0]",True
AdaTE-QP-H,60,3,"[3, 2, -3, 13, 0, 0, 1, 0, 3, 1]","[0.0, 0.0, 0.0]","[5.1476901260090775e-05, 0.00014959617365236337, 4.2735255765448815e-05]","[0.38284271247461904, 1.554247233265651, 0.38284271247461904]","[0, 3, 0]",True
AdaTE-QP-H,60,4,"[3, 2, -4, 13, 0, 0, 1, 0, 4, 1]","[0.0, 0.0, 0.0]","[0.0, 0.0, 0.0]","[0.1, 0.8, 0.1]","[1, 2, 0]",False
AdaTE-QP-H,60,5,"[2, 2, -4, 13, 0, 0, 1, 1, 5, 1]","[0.0, 0.0, 0.0]","[0.0, 0.0, 0.0]","[0.1, 0.8, 0.1]","[0, 2, 1]",False
AdaTE-QP-H,60,6,"[2, 2, -4, 13, 0, 0, 0, 1, 6, 1]","[0.0, 0.0, 0.0]","[0.0, 0.0, 0.0]","[0.1, 0.8, 0.1]","[0, 2, 0]",False
AdaTE-QP-H,60,7,"[2, 1, -3, 13, 0, 0, 0, 1, 7, 1]","[0.0, 0.0, 0.0]","[0.0, 0.0, 0.0]","[0.1, 0.8, 0.1]","[0, 3, 0]",False
AdaTE-QP-H,60,8,"[1, 1, -3, 12, 0, 0, 0, 1, 8, 1]","[0.0, 0.0, 0.0]","[0.0, 0.0, 0.0]","[0.1, 0.8, 0.1]","[0, 1, 0]",False
