seed,target,method,query,candidate_index,original_index,mode,ego_collision,background_collision,near_miss,completed,min_ttc,min_clearance
20300905,idm_delay07,ModeQuantile-Static,1,25,28,fast_intrusion,True,True,False,False,0.8125436480615422,0.0
20300905,idm_delay07,ModeQuantile-Static,2,97,163,cutin_braking,True,True,False,False,0.861788193806056,0.004094233751743559
20300905,idm_delay07,ModeQuantile-Static,3,159,287,lead_braking,True,True,False,False,0.8636282558011908,0.0
20300905,idm_delay07,ModeQuantile-Static,4,193,385,stop_and_go,True,True,False,False,0.9731801650742624,0.0
20300905,idm_delay07,ModeQuantile-Static,5,257,513,slow_lead_following,True,True,False,False,0.7253568839271135,0.0
20300905,idm_delay07,ModeQuantile-Static,6,33,36,fast_intrusion,True,True,False,False,1.3601862276891277,0.0
20300905,idm_delay07,ModeQuantile-Static,7,82,147,cutin_braking,True,True,False,False,1.315642189537442,0.0
20300905,idm_delay07,ModeQuantile-Static,8,175,303,lead_braking,True,True,False,False,1.1824265379759789,0.0
20300905,idm_delay07,ModeQuantile-Static,9,225,417,stop_and_go,True,True,False,False,1.48694876955318,0.0
20300905,idm_delay07,ModeQuantile-Static,10,281,537,slow_lead_following,True,True,False,False,1.1234029342691445,0.0
20300905,idm_delay07,ModeQuantile-Static,11,21,24,fast_intrusion,True,True,False,False,1.3357806591124544,0.0
20300905,idm_delay07,ModeQuantile-Static,12,117,183,cutin_braking,True,True,False,False,1.288406346299855,0.0
20300905,idm_delay07,ModeQuantile-Static,13,143,271,lead_braking,True,True,False,False,0.8179783170420626,0.0
20300905,idm_delay07,ModeQuantile-Static,14,241,433,stop_and_go,True,True,False,False,1.7247183577497136,0.0
20300905,idm_delay07,ModeQuantile-Static,15,273,529,slow_lead_following,True,True,False,False,1.1883491086590776,0.0
20300905,idm_delay07,ModeQuantile-Static,16,62,67,fast_intrusion,True,True,False,False,1.4668205765085436,1.4210854715202004e-14
20300905,idm_delay07,ModeQuantile-Static,17,105,171,cutin_braking,True,True,False,False,1.3319795622420214,0.0
20300905,idm_delay07,ModeQuantile-Static,18,135,263,lead_braking,False,False,False,True,1.9701806315051718,3.2296718759745886
20300905,idm_delay07,ModeQuantile-Static,19,247,439,stop_and_go,False,False,False,True,3.0750311770433685,11.527644070982944
20300905,idm_delay07,ModeQuantile-Static,20,297,553,slow_lead_following,False,False,True,True,1.5275318668597848,0.6428206354755872
20300905,idm_delay07,ModeQuantile-Static,21,48,52,fast_intrusion,False,False,True,True,1.5754704669111739,0.9233892906681263
20300905,idm_delay07,ModeQuantile-Static,22,98,164,cutin_braking,True,True,False,False,1.4379868394828994,0.0
20300905,idm_delay07,ModeQuantile-Static,23,165,293,lead_braking,False,False,False,True,2.4855783716047632,20.50120339961083
20300905,idm_delay07,ModeQuantile-Static,24,219,411,stop_and_go,False,False,False,True,3.050765698058619,18.94144046316117
20300905,idm_delay07,ModeQuantile-Static,25,277,533,slow_lead_following,False,False,True,True,1.509267653871105,0.5066429087175379
20300905,idm_delay07,ModeQuantile-Static,26,63,68,fast_intrusion,False,False,False,True,1.7370130356300892,2.32022507873927
20300905,idm_delay07,ModeQuantile-Static,27,75,140,cutin_braking,True,True,False,False,0.7078231237411882,0.0
20300905,idm_delay07,ModeQuantile-Static,28,167,295,lead_braking,True,True,False,False,0.7202862915422991,0.0
20300905,idm_delay07,ModeQuantile-Static,29,233,425,stop_and_go,True,True,False,False,0.9554062420724542,0.0
20300905,idm_delay07,ModeQuantile-Static,30,312,569,slow_lead_following,False,False,True,True,1.5724832814507381,0.9853062951139009
20300905,idm_delay07,ModeQuantile-Static,31,4,4,fast_intrusion,False,False,False,True,1.6069328322123984,1.0462853900718585
20300905,idm_delay07,ModeQuantile-Static,32,113,179,cutin_braking,False,False,True,True,1.4235276540629906,0.8996631314001604
20300905,idm_delay07,ModeQuantile-Static,33,187,315,lead_braking,False,False,True,True,1.1373216007199145,1.0426593188929303
20300905,idm_delay07,ModeQuantile-Static,34,236,428,stop_and_go,False,False,False,True,3.3467366247449117,19.938643042000535
20300905,idm_delay07,ModeQuantile-Static,35,293,549,slow_lead_following,False,False,False,True,1.707673444135463,2.076962338531473
20300905,idm_delay07,ModeQuantile-Static,36,37,40,fast_intrusion,False,False,False,True,1.8839725660138176,3.6181792691868395
20300905,idm_delay07,ModeQuantile-Static,37,67,131,cutin_braking,True,True,False,False,1.3508963435308354,0.0
20300905,idm_delay07,ModeQuantile-Static,38,179,307,lead_braking,False,False,False,True,2.018427476047475,7.67442685629311
20300905,idm_delay07,ModeQuantile-Static,39,209,401,stop_and_go,True,True,False,False,1.157553898300542,0.0
20300905,idm_delay07,ModeQuantile-Static,40,270,526,slow_lead_following,False,False,True,True,1.617053537662918,0.7439245190042953
20300905,idm_delay07,ModeQuantile-Static,41,29,32,fast_intrusion,False,False,False,True,2.1155748168066943,4.953803365713327
20300905,idm_delay07,ModeQuantile-Static,42,109,175,cutin_braking,False,False,True,True,1.3407328442790465,2.4376842846385784
20300905,idm_delay07,ModeQuantile-Static,43,185,313,lead_braking,False,False,False,True,1.7176539592224793,10.33458013062588
20300905,idm_delay07,ModeQuantile-Static,44,199,391,stop_and_go,False,False,False,True,3.9160829436294518,14.442462944395857
20300905,idm_delay07,ModeQuantile-Static,45,289,545,slow_lead_following,False,False,False,True,1.7564970201755299,1.921481088047429
20300905,idm_delay07,ModeQuantile-Static,46,32,35,fast_intrusion,False,False,False,True,2.110631566806056,3.073824543247852
20300905,idm_delay07,ModeQuantile-Static,47,71,135,cutin_braking,False,False,False,True,2.0192650587967966,4.7122041774688626
20300905,idm_delay07,ModeQuantile-Static,48,183,311,lead_braking,False,False,False,True,1.5721249935910755,3.118211337670388
20300905,idm_delay07,ModeQuantile-Static,49,250,442,stop_and_go,False,False,False,True,4.16952096314382,11.70114800483168
20300905,idm_delay07,ModeQuantile-Static,50,265,521,slow_lead_following,False,False,False,True,1.8484358080478913,3.1744328540062696
20300905,idm_brake3,ModeQuantile-Static,1,25,28,fast_intrusion,True,True,False,False,1.493155070627856,0.0
20300905,idm_brake3,ModeQuantile-Static,2,97,163,cutin_braking,True,True,False,False,1.1932821214917544,0.0016011637595738648
20300905,idm_brake3,ModeQuantile-Static,3,159,287,lead_braking,True,True,False,False,0.6637292635550204,0.0
20300905,idm_brake3,ModeQuantile-Static,4,193,385,stop_and_go,True,True,False,False,1.4288565874879389,0.0
20300905,idm_brake3,ModeQuantile-Static,5,257,513,slow_lead_following,True,True,False,False,1.2153580603412022,0.0
20300905,idm_brake3,ModeQuantile-Static,6,33,36,fast_intrusion,False,False,False,True,2.1156513781509587,1.5490683349087817
20300905,idm_brake3,ModeQuantile-Static,7,82,147,cutin_braking,False,False,True,True,1.6950731347312888,0.11280543715093927
20300905,idm_brake3,ModeQuantile-Static,8,175,303,lead_braking,True,True,False,False,0.9944605481032637,0.0
20300905,idm_brake3,ModeQuantile-Static,9,225,417,stop_and_go,True,True,False,False,1.5125586201136494,0.0
20300905,idm_brake3,ModeQuantile-Static,10,281,537,slow_lead_following,False,False,True,True,1.9007019391869286,0.2763976803046688
20300905,idm_brake3,ModeQuantile-Static,11,21,24,fast_intrusion,False,False,False,True,2.1381657345256846,1.6814013597289943
20300905,idm_brake3,ModeQuantile-Static,12,117,183,cutin_braking,False,False,True,True,1.6298364974782555,0.9915355295389929
20300905,idm_brake3,ModeQuantile-Static,13,143,271,lead_braking,True,True,False,False,0.8720697380438178,0.0
20300905,idm_brake3,ModeQuantile-Static,14,241,433,stop_and_go,False,False,False,True,2.645375569819022,1.9842687607495435
20300905,idm_brake3,ModeQuantile-Static,15,273,529,slow_lead_following,False,False,True,True,2.0115974268667287,0.9186341323005536
20300905,idm_brake3,ModeQuantile-Static,16,62,67,fast_intrusion,False,False,False,True,2.4069245757245015,2.137446037879286
20300905,idm_brake3,ModeQuantile-Static,17,105,171,cutin_braking,True,True,False,False,1.9119305353582678,2.842170943040401e-14
20300905,idm_brake3,ModeQuantile-Static,18,135,263,lead_braking,False,False,False,True,2.855414370527405,5.239435658707421
20300905,idm_brake3,ModeQuantile-Static,19,247,439,stop_and_go,False,False,False,True,1.8534344851164541,9.883916369587922
20300905,idm_brake3,ModeQuantile-Static,20,297,553,slow_lead_following,False,False,False,True,2.2932463996450827,2.7161960090437987
20300905,idm_brake3,ModeQuantile-Static,21,48,52,fast_intrusion,False,False,False,True,2.4311196610437693,3.283011956003321
20300905,idm_brake3,ModeQuantile-Static,22,98,164,cutin_braking,False,False,True,True,2.5113695539543865,0.32225383018536036
20300905,idm_brake3,ModeQuantile-Static,23,165,293,lead_braking,False,False,False,True,2.5452445948966984,22.046310523857244
20300905,idm_brake3,ModeQuantile-Static,24,219,411,stop_and_go,False,False,False,True,2.946978017692661,20.871393544029615
20300905,idm_brake3,ModeQuantile-Static,25,277,533,slow_lead_following,False,False,False,True,2.2135761885388296,2.184125813096699
20300905,idm_brake3,ModeQuantile-Static,26,63,68,fast_intrusion,False,False,False,True,2.5389057195664537,4.40110147523233
20300905,idm_brake3,ModeQuantile-Static,27,75,140,cutin_braking,False,False,True,True,0.97660294277913,0.3556145006713507
20300905,idm_brake3,ModeQuantile-Static,28,167,295,lead_braking,True,True,False,False,0.878767799085526,0.0
20300905,idm_brake3,ModeQuantile-Static,29,233,425,stop_and_go,True,True,False,False,0.8214197908248342,0.0
20300905,idm_brake3,ModeQuantile-Static,30,312,569,slow_lead_following,False,False,False,True,2.3869006695844144,3.367564667717133
20300905,idm_brake3,ModeQuantile-Static,31,4,4,fast_intrusion,False,False,False,True,2.513601848072969,3.6246572527921614
20300905,idm_brake3,ModeQuantile-Static,32,113,179,cutin_braking,False,False,False,True,1.8193890090957423,2.863042462855958
20300905,idm_brake3,ModeQuantile-Static,33,187,315,lead_braking,False,False,True,True,1.4051477767953722,2.905581314174711
20300905,idm_brake3,ModeQuantile-Static,34,236,428,stop_and_go,False,False,False,True,3.2237593117412007,21.712890952539396
20300905,idm_brake3,ModeQuantile-Static,35,293,549,slow_lead_following,False,False,False,True,2.4612777000315864,3.902382439726722
20300905,idm_brake3,ModeQuantile-Static,36,37,40,fast_intrusion,False,False,False,True,2.6785872436741567,5.4811776172419115
20300905,idm_brake3,ModeQuantile-Static,37,67,131,cutin_braking,False,False,False,True,1.5783303445417383,1.452797519000626
20300905,idm_brake3,ModeQuantile-Static,38,179,307,lead_braking,False,False,False,True,1.6548126528450358,7.925473056535708
20300905,idm_brake3,ModeQuantile-Static,39,209,401,stop_and_go,True,True,False,False,0.8745307023644258,0.0
20300905,idm_brake3,ModeQuantile-Static,40,270,526,slow_lead_following,False,False,False,True,2.535492629478094,3.28229716301891
20300905,idm_brake3,ModeQuantile-Static,41,29,32,fast_intrusion,False,False,False,True,3.031071376526476,7.4822769390148265
20300905,idm_brake3,ModeQuantile-Static,42,109,175,cutin_braking,False,False,False,True,1.578297350514428,4.00275245759002
20300905,idm_brake3,ModeQuantile-Static,43,185,313,lead_braking,False,False,False,True,1.9407065404952115,12.411042792464102
20300905,idm_brake3,ModeQuantile-Static,44,199,391,stop_and_go,False,False,False,True,3.1980365052301365,15.152303403498081
20300905,idm_brake3,ModeQuantile-Static,45,289,545,slow_lead_following,False,False,False,True,2.6558031344182544,4.517892765433231
20300905,idm_brake3,ModeQuantile-Static,46,32,35,fast_intrusion,False,False,False,True,3.1572306755062103,5.385115803607707
20300905,idm_brake3,ModeQuantile-Static,47,71,135,cutin_braking,False,False,False,True,2.5653931333095157,6.767376828111338
20300905,idm_brake3,ModeQuantile-Static,48,183,311,lead_braking,False,False,False,True,2.2337664195124867,5.626012833499132
20300905,idm_brake3,ModeQuantile-Static,49,250,442,stop_and_go,False,False,False,True,2.630437076430908,10.718700398961488
20300905,idm_brake3,ModeQuantile-Static,50,265,521,slow_lead_following,False,False,False,True,2.6983553744315434,5.633403845131582
20300905,idm_delay07_brake3,ModeQuantile-Static,1,25,28,fast_intrusion,True,True,False,False,0.7468470484492838,0.0
20300905,idm_delay07_brake3,ModeQuantile-Static,2,97,163,cutin_braking,True,True,False,False,0.7358543624804317,0.004094233751715137
20300905,idm_delay07_brake3,ModeQuantile-Static,3,159,287,lead_braking,True,True,False,False,0.6956786729780166,0.0
20300905,idm_delay07_brake3,ModeQuantile-Static,4,193,385,stop_and_go,True,True,False,False,0.8420634530374628,0.0
20300905,idm_delay07_brake3,ModeQuantile-Static,5,257,513,slow_lead_following,True,True,False,False,0.6302995952324328,0.0
20300905,idm_delay07_brake3,ModeQuantile-Static,6,33,36,fast_intrusion,True,True,False,False,0.9401781946992053,0.0003073438243745841
20300905,idm_delay07_brake3,ModeQuantile-Static,7,82,147,cutin_braking,True,True,False,False,0.8770088864591955,0.0
20300905,idm_delay07_brake3,ModeQuantile-Static,8,175,303,lead_braking,True,True,False,False,0.9321336659192002,0.0
20300905,idm_delay07_brake3,ModeQuantile-Static,9,225,417,stop_and_go,True,True,False,False,1.4670103908472956,0.0
20300905,idm_delay07_brake3,ModeQuantile-Static,10,281,537,slow_lead_following,True,True,False,False,0.7870570766429016,0.0
20300905,idm_delay07_brake3,ModeQuantile-Static,11,21,24,fast_intrusion,True,True,False,False,0.9232169376039421,0.0
20300905,idm_delay07_brake3,ModeQuantile-Static,12,117,183,cutin_braking,True,True,False,False,0.7339518803988826,0.0
20300905,idm_delay07_brake3,ModeQuantile-Static,13,143,271,lead_braking,True,True,False,False,0.6610945946572078,0.0
20300905,idm_delay07_brake3,ModeQuantile-Static,14,241,433,stop_and_go,True,True,False,False,1.1074676290108738,0.0
20300905,idm_delay07_brake3,ModeQuantile-Static,15,273,529,slow_lead_following,True,True,False,False,0.9068064482594042,0.0
20300905,idm_delay07_brake3,ModeQuantile-Static,16,62,67,fast_intrusion,True,True,False,False,1.4289528323640865,0.0
20300905,idm_delay07_brake3,ModeQuantile-Static,17,105,171,cutin_braking,True,True,False,False,1.2482515426945031,0.0
20300905,idm_delay07_brake3,ModeQuantile-Static,18,135,263,lead_braking,True,True,False,False,1.1068383205920782,0.0
20300905,idm_delay07_brake3,ModeQuantile-Static,19,247,439,stop_and_go,True,True,False,False,0.6937219872487276,0.0
20300905,idm_delay07_brake3,ModeQuantile-Static,20,297,553,slow_lead_following,True,True,False,False,0.9255829415904973,0.0
20300905,idm_delay07_brake3,ModeQuantile-Static,21,48,52,fast_intrusion,True,True,False,False,1.3903422277655852,0.0
20300905,idm_delay07_brake3,ModeQuantile-Static,22,98,164,cutin_braking,True,True,False,False,1.435662398817211,0.0
20300905,idm_delay07_brake3,ModeQuantile-Static,23,165,293,lead_braking,False,False,False,True,1.76569045561388,14.192393669059896
20300905,idm_delay07_brake3,ModeQuantile-Static,24,219,411,stop_and_go,False,False,False,True,2.3576637046021514,16.556533039753987
20300905,idm_delay07_brake3,ModeQuantile-Static,25,277,533,slow_lead_following,True,True,False,False,0.8175428791923691,0.0
20300905,idm_delay07_brake3,ModeQuantile-Static,26,63,68,fast_intrusion,True,True,False,False,1.3673959261438298,0.0
20300905,idm_delay07_brake3,ModeQuantile-Static,27,75,140,cutin_braking,True,True,False,False,0.5099705836561019,0.0
20300905,idm_delay07_brake3,ModeQuantile-Static,28,167,295,lead_braking,True,True,False,False,0.5548287678754205,0.0
20300905,idm_delay07_brake3,ModeQuantile-Static,29,233,425,stop_and_go,True,True,False,False,0.638722626747748,0.0
20300905,idm_delay07_brake3,ModeQuantile-Static,30,312,569,slow_lead_following,True,True,False,False,1.0983457880679455,0.0
20300905,idm_delay07_brake3,ModeQuantile-Static,31,4,4,fast_intrusion,True,True,False,False,1.499138616024853,0.00013590707720823048
20300905,idm_delay07_brake3,ModeQuantile-Static,32,113,179,cutin_braking,True,True,False,False,0.7135371035272122,0.0
20300905,idm_delay07_brake3,ModeQuantile-Static,33,187,315,lead_braking,True,True,False,False,0.542579513124569,0.0
20300905,idm_delay07_brake3,ModeQuantile-Static,34,236,428,stop_and_go,False,False,False,True,2.426974163128545,16.808882499169925
20300905,idm_delay07_brake3,ModeQuantile-Static,35,293,549,slow_lead_following,True,True,False,False,0.9816769424970193,0.0
20300905,idm_delay07_brake3,ModeQuantile-Static,36,37,40,fast_intrusion,True,True,False,False,1.520745425309213,2.842170943040401e-14
20300905,idm_delay07_brake3,ModeQuantile-Static,37,67,131,cutin_braking,True,True,False,False,0.7802976405861217,0.0
20300905,idm_delay07_brake3,ModeQuantile-Static,38,179,307,lead_braking,True,True,False,False,0.6736017914653794,0.0
20300905,idm_delay07_brake3,ModeQuantile-Static,39,209,401,stop_and_go,True,True,False,False,0.7436902195290632,0.0
20300905,idm_delay07_brake3,ModeQuantile-Static,40,270,526,slow_lead_following,True,True,False,False,1.5973822961710957,0.0
20300905,idm_delay07_brake3,ModeQuantile-Static,41,29,32,fast_intrusion,False,False,False,True,2.0852006396964966,1.3660029887818155
20300905,idm_delay07_brake3,ModeQuantile-Static,42,109,175,cutin_braking,True,True,False,False,0.765917709274216,0.0
20300905,idm_delay07_brake3,ModeQuantile-Static,43,185,313,lead_braking,False,False,True,True,1.2424145791285208,5.603859343388166
20300905,idm_delay07_brake3,ModeQuantile-Static,44,199,391,stop_and_go,False,False,True,True,1.297273045223427,4.769938406311809
20300905,idm_delay07_brake3,ModeQuantile-Static,45,289,545,slow_lead_following,True,True,False,False,1.7194920696272342,0.0
20300905,idm_delay07_brake3,ModeQuantile-Static,46,32,35,fast_intrusion,False,False,False,True,2.110631566806056,1.3146972297876243
20300905,idm_delay07_brake3,ModeQuantile-Static,47,71,135,cutin_braking,False,False,True,True,1.3352006920403587,0.930764155179503
20300905,idm_delay07_brake3,ModeQuantile-Static,48,183,311,lead_braking,True,True,False,False,1.169049878906573,0.0
20300905,idm_delay07_brake3,ModeQuantile-Static,49,250,442,stop_and_go,True,True,False,False,0.7345688421269937,0.0
20300905,idm_delay07_brake3,ModeQuantile-Static,50,265,521,slow_lead_following,True,True,False,False,1.6509304185662763,0.0
20300905,idm_delay07,HistoryMargin-Static,1,159,287,lead_braking,True,True,False,False,0.8636282558011908,0.0
20300905,idm_delay07,HistoryMargin-Static,2,25,28,fast_intrusion,True,True,False,False,0.8125436480615422,0.0
20300905,idm_delay07,HistoryMargin-Static,3,257,513,slow_lead_following,True,True,False,False,0.7253568839271135,0.0
20300905,idm_delay07,HistoryMargin-Static,4,175,303,lead_braking,True,True,False,False,1.1824265379759789,0.0
20300905,idm_delay07,HistoryMargin-Static,5,193,385,stop_and_go,True,True,False,False,0.9731801650742624,0.0
20300905,idm_delay07,HistoryMargin-Static,6,97,163,cutin_braking,True,True,False,False,0.861788193806056,0.004094233751743559
20300905,idm_delay07,HistoryMargin-Static,7,281,537,slow_lead_following,True,True,False,False,1.1234029342691445,0.0
20300905,idm_delay07,HistoryMargin-Static,8,273,529,slow_lead_following,True,True,False,False,1.1883491086590776,0.0
20300905,idm_delay07,HistoryMargin-Static,9,33,36,fast_intrusion,True,True,False,False,1.3601862276891277,0.0
20300905,idm_delay07,HistoryMargin-Static,10,21,24,fast_intrusion,True,True,False,False,1.3357806591124544,0.0
20300905,idm_delay07,HistoryMargin-Static,11,297,553,slow_lead_following,False,False,True,True,1.5275318668597848,0.6428206354755872
20300905,idm_delay07,HistoryMargin-Static,12,277,533,slow_lead_following,False,False,True,True,1.509267653871105,0.5066429087175379
20300905,idm_delay07,HistoryMargin-Static,13,312,569,slow_lead_following,False,False,True,True,1.5724832814507381,0.9853062951139009
20300905,idm_delay07,HistoryMargin-Static,14,225,417,stop_and_go,True,True,False,False,1.48694876955318,0.0
20300905,idm_delay07,HistoryMargin-Static,15,82,147,cutin_braking,True,True,False,False,1.315642189537442,0.0
20300905,idm_delay07,HistoryMargin-Static,16,62,67,fast_intrusion,True,True,False,False,1.4668205765085436,1.4210854715202004e-14
20300905,idm_delay07,HistoryMargin-Static,17,293,549,slow_lead_following,False,False,False,True,1.707673444135463,2.076962338531473
20300905,idm_delay07,HistoryMargin-Static,18,48,52,fast_intrusion,False,False,True,True,1.5754704669111739,0.9233892906681263
20300905,idm_delay07,HistoryMargin-Static,19,270,526,slow_lead_following,False,False,True,True,1.617053537662918,0.7439245190042953
20300905,idm_delay07,HistoryMargin-Static,20,63,68,fast_intrusion,False,False,False,True,1.7370130356300892,2.32022507873927
20300905,idm_delay07,HistoryMargin-Static,21,4,4,fast_intrusion,False,False,False,True,1.6069328322123984,1.0462853900718585
20300905,idm_delay07,HistoryMargin-Static,22,241,433,stop_and_go,True,True,False,False,1.7247183577497136,0.0
20300905,idm_delay07,HistoryMargin-Static,23,289,545,slow_lead_following,False,False,False,True,1.7564970201755299,1.921481088047429
20300905,idm_delay07,HistoryMargin-Static,24,117,183,cutin_braking,True,True,False,False,1.288406346299855,0.0
20300905,idm_delay07,HistoryMargin-Static,25,265,521,slow_lead_following,False,False,False,True,1.8484358080478913,3.1744328540062696
20300905,idm_delay07,HistoryMargin-Static,26,37,40,fast_intrusion,False,False,False,True,1.8839725660138176,3.6181792691868395
20300905,idm_delay07,HistoryMargin-Static,27,143,271,lead_braking,True,True,False,False,0.8179783170420626,0.0
20300905,idm_delay07,HistoryMargin-Static,28,105,171,cutin_braking,True,True,False,False,1.3319795622420214,0.0
20300905,idm_delay07,HistoryMargin-Static,29,135,263,lead_braking,False,False,False,True,1.9701806315051718,3.2296718759745886
20300905,idm_delay07,HistoryMargin-Static,30,286,542,slow_lead_following,False,False,False,True,1.9188596623197702,2.557166342743457
20300905,idm_delay07,HistoryMargin-Static,31,165,293,lead_braking,False,False,False,True,2.4855783716047632,20.50120339961083
20300905,idm_delay07,HistoryMargin-Static,32,98,164,cutin_braking,True,True,False,False,1.4379868394828994,0.0
20300905,idm_delay07,HistoryMargin-Static,33,302,558,slow_lead_following,False,False,False,True,1.9256447513003623,2.1782968893910635
20300905,idm_delay07,HistoryMargin-Static,34,309,566,slow_lead_following,False,False,False,True,2.055595557301959,4.356501124665371
20300905,idm_delay07,HistoryMargin-Static,35,247,439,stop_and_go,False,False,False,True,3.0750311770433685,11.527644070982944
20300905,idm_delay07,HistoryMargin-Static,36,219,411,stop_and_go,False,False,False,True,3.050765698058619,18.94144046316117
20300905,idm_delay07,HistoryMargin-Static,37,29,32,fast_intrusion,False,False,False,True,2.1155748168066943,4.953803365713327
20300905,idm_delay07,HistoryMargin-Static,38,75,140,cutin_braking,True,True,False,False,0.7078231237411882,0.0
20300905,idm_delay07,HistoryMargin-Static,39,167,295,lead_braking,True,True,False,False,0.7202862915422991,0.0
20300905,idm_delay07,HistoryMargin-Static,40,233,425,stop_and_go,True,True,False,False,0.9554062420724542,0.0
20300905,idm_delay07,HistoryMargin-Static,41,32,35,fast_intrusion,False,False,False,True,2.110631566806056,3.073824543247852
20300905,idm_delay07,HistoryMargin-Static,42,187,315,lead_braking,False,False,True,True,1.1373216007199145,1.0426593188929303
20300905,idm_delay07,HistoryMargin-Static,43,179,307,lead_braking,False,False,False,True,2.018427476047475,7.67442685629311
20300905,idm_delay07,HistoryMargin-Static,44,0,0,fast_intrusion,False,False,False,True,2.351103951385589,7.401983602488103
20300905,idm_delay07,HistoryMargin-Static,45,44,48,fast_intrusion,False,False,False,True,2.3724238803855484,7.331055619142603
20300905,idm_delay07,HistoryMargin-Static,46,236,428,stop_and_go,False,False,False,True,3.3467366247449117,19.938643042000535
20300905,idm_delay07,HistoryMargin-Static,47,8,8,fast_intrusion,False,False,False,True,2.379050538481108,6.679163682140455
20300905,idm_delay07,HistoryMargin-Static,48,262,518,slow_lead_following,False,False,False,True,2.3729544049329525,5.48184518937299
20300905,idm_delay07,HistoryMargin-Static,49,185,313,lead_braking,False,False,False,True,1.7176539592224793,10.33458013062588
20300905,idm_delay07,HistoryMargin-Static,50,183,311,lead_braking,False,False,False,True,1.5721249935910755,3.118211337670388
20300905,idm_brake3,HistoryMargin-Static,1,159,287,lead_braking,True,True,False,False,0.6637292635550204,0.0
20300905,idm_brake3,HistoryMargin-Static,2,25,28,fast_intrusion,True,True,False,False,1.493155070627856,0.0
20300905,idm_brake3,HistoryMargin-Static,3,257,513,slow_lead_following,True,True,False,False,1.2153580603412022,0.0
20300905,idm_brake3,HistoryMargin-Static,4,175,303,lead_braking,True,True,False,False,0.9944605481032637,0.0
20300905,idm_brake3,HistoryMargin-Static,5,193,385,stop_and_go,True,True,False,False,1.4288565874879389,0.0
20300905,idm_brake3,HistoryMargin-Static,6,97,163,cutin_braking,True,True,False,False,1.1932821214917544,0.0016011637595738648
20300905,idm_brake3,HistoryMargin-Static,7,281,537,slow_lead_following,False,False,True,True,1.9007019391869286,0.2763976803046688
20300905,idm_brake3,HistoryMargin-Static,8,273,529,slow_lead_following,False,False,True,True,2.0115974268667287,0.9186341323005536
20300905,idm_brake3,HistoryMargin-Static,9,33,36,fast_intrusion,False,False,False,True,2.1156513781509587,1.5490683349087817
20300905,idm_brake3,HistoryMargin-Static,10,21,24,fast_intrusion,False,False,False,True,2.1381657345256846,1.6814013597289943
20300905,idm_brake3,HistoryMargin-Static,11,297,553,slow_lead_following,False,False,False,True,2.2932463996450827,2.7161960090437987
20300905,idm_brake3,HistoryMargin-Static,12,277,533,slow_lead_following,False,False,False,True,2.2135761885388296,2.184125813096699
20300905,idm_brake3,HistoryMargin-Static,13,312,569,slow_lead_following,False,False,False,True,2.3869006695844144,3.367564667717133
20300905,idm_brake3,HistoryMargin-Static,14,225,417,stop_and_go,True,True,False,False,1.5125586201136494,0.0
20300905,idm_brake3,HistoryMargin-Static,15,82,147,cutin_braking,False,False,True,True,1.6950731347312888,0.11280543715093927
20300905,idm_brake3,HistoryMargin-Static,16,62,67,fast_intrusion,False,False,False,True,2.4069245757245015,2.137446037879286
20300905,idm_brake3,HistoryMargin-Static,17,293,549,slow_lead_following,False,False,False,True,2.4612777000315864,3.902382439726722
20300905,idm_brake3,HistoryMargin-Static,18,48,52,fast_intrusion,False,False,False,True,2.4311196610437693,3.283011956003321
20300905,idm_brake3,HistoryMargin-Static,19,270,526,slow_lead_following,False,False,False,True,2.535492629478094,3.28229716301891
20300905,idm_brake3,HistoryMargin-Static,20,63,68,fast_intrusion,False,False,False,True,2.5389057195664537,4.40110147523233
20300905,idm_brake3,HistoryMargin-Static,21,4,4,fast_intrusion,False,False,False,True,2.513601848072969,3.6246572527921614
20300905,idm_brake3,HistoryMargin-Static,22,241,433,stop_and_go,False,False,False,True,2.645375569819022,1.9842687607495435
20300905,idm_brake3,HistoryMargin-Static,23,289,545,slow_lead_following,False,False,False,True,2.6558031344182544,4.517892765433231
20300905,idm_brake3,HistoryMargin-Static,24,117,183,cutin_braking,False,False,True,True,1.6298364974782555,0.9915355295389929
20300905,idm_brake3,HistoryMargin-Static,25,265,521,slow_lead_following,False,False,False,True,2.6983553744315434,5.633403845131582
20300905,idm_brake3,HistoryMargin-Static,26,37,40,fast_intrusion,False,False,False,True,2.6785872436741567,5.4811776172419115
20300905,idm_brake3,HistoryMargin-Static,27,143,271,lead_braking,True,True,False,False,0.8720697380438178,0.0
20300905,idm_brake3,HistoryMargin-Static,28,105,171,cutin_braking,True,True,False,False,1.9119305353582678,2.842170943040401e-14
20300905,idm_brake3,HistoryMargin-Static,29,135,263,lead_braking,False,False,False,True,2.855414370527405,5.239435658707421
20300905,idm_brake3,HistoryMargin-Static,30,286,542,slow_lead_following,False,False,False,True,2.8657468388028606,5.117855440452445
20300905,idm_brake3,HistoryMargin-Static,31,165,293,lead_braking,False,False,False,True,2.5452445948966984,22.046310523857244
20300905,idm_brake3,HistoryMargin-Static,32,98,164,cutin_braking,False,False,True,True,2.5113695539543865,0.32225383018536036
20300905,idm_brake3,HistoryMargin-Static,33,302,558,slow_lead_following,False,False,False,True,2.9071252081363883,4.668022920638279
20300905,idm_brake3,HistoryMargin-Static,34,309,566,slow_lead_following,False,False,False,True,2.95365042854384,6.935226133773156
20300905,idm_brake3,HistoryMargin-Static,35,247,439,stop_and_go,False,False,False,True,1.8534344851164541,9.883916369587922
20300905,idm_brake3,HistoryMargin-Static,36,219,411,stop_and_go,False,False,False,True,2.946978017692661,20.871393544029615
20300905,idm_brake3,HistoryMargin-Static,37,29,32,fast_intrusion,False,False,False,True,3.031071376526476,7.4822769390148265
20300905,idm_brake3,HistoryMargin-Static,38,75,140,cutin_braking,False,False,True,True,0.97660294277913,0.3556145006713507
20300905,idm_brake3,HistoryMargin-Static,39,167,295,lead_braking,True,True,False,False,0.878767799085526,0.0
20300905,idm_brake3,HistoryMargin-Static,40,233,425,stop_and_go,True,True,False,False,0.8214197908248342,0.0
20300905,idm_brake3,HistoryMargin-Static,41,32,35,fast_intrusion,False,False,False,True,3.1572306755062103,5.385115803607707
20300905,idm_brake3,HistoryMargin-Static,42,187,315,lead_braking,False,False,True,True,1.4051477767953722,2.905581314174711
20300905,idm_brake3,HistoryMargin-Static,43,179,307,lead_braking,False,False,False,True,1.6548126528450358,7.925473056535708
20300905,idm_brake3,HistoryMargin-Static,44,0,0,fast_intrusion,False,False,False,True,3.2326684322885213,9.431494907875816
20300905,idm_brake3,HistoryMargin-Static,45,44,48,fast_intrusion,False,False,False,True,3.255734144736263,9.381865079996212
20300905,idm_brake3,HistoryMargin-Static,46,236,428,stop_and_go,False,False,False,True,3.2237593117412007,21.712890952539396
20300905,idm_brake3,HistoryMargin-Static,47,8,8,fast_intrusion,False,False,False,True,3.2981154535113384,8.92052861615062
20300905,idm_brake3,HistoryMargin-Static,48,262,518,slow_lead_following,False,False,False,True,3.359170634756322,8.065281957997783
20300905,idm_brake3,HistoryMargin-Static,49,185,313,lead_braking,False,False,False,True,1.9407065404952115,12.411042792464102
20300905,idm_brake3,HistoryMargin-Static,50,183,311,lead_braking,False,False,False,True,2.2337664195124867,5.626012833499132
20300905,idm_delay07_brake3,HistoryMargin-Static,1,159,287,lead_braking,True,True,False,False,0.6956786729780166,0.0
20300905,idm_delay07_brake3,HistoryMargin-Static,2,25,28,fast_intrusion,True,True,False,False,0.7468470484492838,0.0
20300905,idm_delay07_brake3,HistoryMargin-Static,3,257,513,slow_lead_following,True,True,False,False,0.6302995952324328,0.0
20300905,idm_delay07_brake3,HistoryMargin-Static,4,175,303,lead_braking,True,True,False,False,0.9321336659192002,0.0
20300905,idm_delay07_brake3,HistoryMargin-Static,5,193,385,stop_and_go,True,True,False,False,0.8420634530374628,0.0
20300905,idm_delay07_brake3,HistoryMargin-Static,6,97,163,cutin_braking,True,True,False,False,0.7358543624804317,0.004094233751715137
20300905,idm_delay07_brake3,HistoryMargin-Static,7,281,537,slow_lead_following,True,True,False,False,0.7870570766429016,0.0
20300905,idm_delay07_brake3,HistoryMargin-Static,8,273,529,slow_lead_following,True,True,False,False,0.9068064482594042,0.0
20300905,idm_delay07_brake3,HistoryMargin-Static,9,33,36,fast_intrusion,True,True,False,False,0.9401781946992053,0.0003073438243745841
20300905,idm_delay07_brake3,HistoryMargin-Static,10,21,24,fast_intrusion,True,True,False,False,0.9232169376039421,0.0
20300905,idm_delay07_brake3,HistoryMargin-Static,11,297,553,slow_lead_following,True,True,False,False,0.9255829415904973,0.0
20300905,idm_delay07_brake3,HistoryMargin-Static,12,277,533,slow_lead_following,True,True,False,False,0.8175428791923691,0.0
20300905,idm_delay07_brake3,HistoryMargin-Static,13,312,569,slow_lead_following,True,True,False,False,1.0983457880679455,0.0
20300905,idm_delay07_brake3,HistoryMargin-Static,14,225,417,stop_and_go,True,True,False,False,1.4670103908472956,0.0
20300905,idm_delay07_brake3,HistoryMargin-Static,15,82,147,cutin_braking,True,True,False,False,0.8770088864591955,0.0
20300905,idm_delay07_brake3,HistoryMargin-Static,16,62,67,fast_intrusion,True,True,False,False,1.4289528323640865,0.0
20300905,idm_delay07_brake3,HistoryMargin-Static,17,293,549,slow_lead_following,True,True,False,False,0.9816769424970193,0.0
20300905,idm_delay07_brake3,HistoryMargin-Static,18,48,52,fast_intrusion,True,True,False,False,1.3903422277655852,0.0
20300905,idm_delay07_brake3,HistoryMargin-Static,19,270,526,slow_lead_following,True,True,False,False,1.5973822961710957,0.0
20300905,idm_delay07_brake3,HistoryMargin-Static,20,63,68,fast_intrusion,True,True,False,False,1.3673959261438298,0.0
20300905,idm_delay07_brake3,HistoryMargin-Static,21,4,4,fast_intrusion,True,True,False,False,1.499138616024853,0.00013590707720823048
20300905,idm_delay07_brake3,HistoryMargin-Static,22,241,433,stop_and_go,True,True,False,False,1.1074676290108738,0.0
20300905,idm_delay07_brake3,HistoryMargin-Static,23,289,545,slow_lead_following,True,True,False,False,1.7194920696272342,0.0
20300905,idm_delay07_brake3,HistoryMargin-Static,24,117,183,cutin_braking,True,True,False,False,0.7339518803988826,0.0
20300905,idm_delay07_brake3,HistoryMargin-Static,25,265,521,slow_lead_following,True,True,False,False,1.6509304185662763,0.0
20300905,idm_delay07_brake3,HistoryMargin-Static,26,37,40,fast_intrusion,True,True,False,False,1.520745425309213,2.842170943040401e-14
20300905,idm_delay07_brake3,HistoryMargin-Static,27,143,271,lead_braking,True,True,False,False,0.6610945946572078,0.0
20300905,idm_delay07_brake3,HistoryMargin-Static,28,105,171,cutin_braking,True,True,False,False,1.2482515426945031,0.0
20300905,idm_delay07_brake3,HistoryMargin-Static,29,135,263,lead_braking,True,True,False,False,1.1068383205920782,0.0
20300905,idm_delay07_brake3,HistoryMargin-Static,30,286,542,slow_lead_following,False,False,True,True,1.9188596623197702,0.3795073173142214
20300905,idm_delay07_brake3,HistoryMargin-Static,31,165,293,lead_braking,False,False,False,True,1.76569045561388,14.192393669059896
20300905,idm_delay07_brake3,HistoryMargin-Static,32,98,164,cutin_braking,True,True,False,False,1.435662398817211,0.0
20300905,idm_delay07_brake3,HistoryMargin-Static,33,302,558,slow_lead_following,False,False,True,True,1.9256447513003623,0.37584151040832126
20300905,idm_delay07_brake3,HistoryMargin-Static,34,309,566,slow_lead_following,False,False,False,True,2.0292512244120706,1.025094408352487
20300905,idm_delay07_brake3,HistoryMargin-Static,35,247,439,stop_and_go,True,True,False,False,0.6937219872487276,0.0
20300905,idm_delay07_brake3,HistoryMargin-Static,36,219,411,stop_and_go,False,False,False,True,2.3576637046021514,16.556533039753987
20300905,idm_delay07_brake3,HistoryMargin-Static,37,29,32,fast_intrusion,False,False,False,True,2.0852006396964966,1.3660029887818155
20300905,idm_delay07_brake3,HistoryMargin-Static,38,75,140,cutin_braking,True,True,False,False,0.5099705836561019,0.0
20300905,idm_delay07_brake3,HistoryMargin-Static,39,167,295,lead_braking,True,True,False,False,0.5548287678754205,0.0
20300905,idm_delay07_brake3,HistoryMargin-Static,40,233,425,stop_and_go,True,True,False,False,0.638722626747748,0.0
20300905,idm_delay07_brake3,HistoryMargin-Static,41,32,35,fast_intrusion,False,False,False,True,2.110631566806056,1.3146972297876243
20300905,idm_delay07_brake3,HistoryMargin-Static,42,187,315,lead_braking,True,True,False,False,0.542579513124569,0.0
20300905,idm_delay07_brake3,HistoryMargin-Static,43,179,307,lead_braking,True,True,False,False,0.6736017914653794,0.0
20300905,idm_delay07_brake3,HistoryMargin-Static,44,0,0,fast_intrusion,False,False,False,True,2.3104165664874428,2.8332440777423074
20300905,idm_delay07_brake3,HistoryMargin-Static,45,44,48,fast_intrusion,False,False,False,True,2.3533489385537107,3.1309785987783822
20300905,idm_delay07_brake3,HistoryMargin-Static,46,236,428,stop_and_go,False,False,False,True,2.426974163128545,16.808882499169925
20300905,idm_delay07_brake3,HistoryMargin-Static,47,8,8,fast_intrusion,False,False,False,True,2.379050538481108,3.3108235055073294
20300905,idm_delay07_brake3,HistoryMargin-Static,48,262,518,slow_lead_following,False,False,False,True,2.3729544049329525,3.085856421318468
20300905,idm_delay07_brake3,HistoryMargin-Static,49,185,313,lead_braking,False,False,True,True,1.2424145791285208,5.603859343388166
20300905,idm_delay07_brake3,HistoryMargin-Static,50,183,311,lead_braking,True,True,False,False,1.169049878906573,0.0
20300905,idm_delay07,RiskDiverse-Static,1,159,287,lead_braking,True,True,False,False,0.8636282558011908,0.0
20300905,idm_delay07,RiskDiverse-Static,2,25,28,fast_intrusion,True,True,False,False,0.8125436480615422,0.0
20300905,idm_delay07,RiskDiverse-Static,3,257,513,slow_lead_following,True,True,False,False,0.7253568839271135,0.0
20300905,idm_delay07,RiskDiverse-Static,4,193,385,stop_and_go,True,True,False,False,0.9731801650742624,0.0
20300905,idm_delay07,RiskDiverse-Static,5,97,163,cutin_braking,True,True,False,False,0.861788193806056,0.004094233751743559
20300905,idm_delay07,RiskDiverse-Static,6,21,24,fast_intrusion,True,True,False,False,1.3357806591124544,0.0
20300905,idm_delay07,RiskDiverse-Static,7,225,417,stop_and_go,True,True,False,False,1.48694876955318,0.0
20300905,idm_delay07,RiskDiverse-Static,8,48,52,fast_intrusion,False,False,True,True,1.5754704669111739,0.9233892906681263
20300905,idm_delay07,RiskDiverse-Static,9,270,526,slow_lead_following,False,False,True,True,1.617053537662918,0.7439245190042953
20300905,idm_delay07,RiskDiverse-Static,10,82,147,cutin_braking,True,True,False,False,1.315642189537442,0.0
20300905,idm_delay07,RiskDiverse-Static,11,135,263,lead_braking,False,False,False,True,1.9701806315051718,3.2296718759745886
20300905,idm_delay07,RiskDiverse-Static,12,165,293,lead_braking,False,False,False,True,2.4855783716047632,20.50120339961083
20300905,idm_delay07,RiskDiverse-Static,13,247,439,stop_and_go,False,False,False,True,3.0750311770433685,11.527644070982944
20300905,idm_delay07,RiskDiverse-Static,14,143,271,lead_braking,True,True,False,False,0.8179783170420626,0.0
20300905,idm_delay07,RiskDiverse-Static,15,98,164,cutin_braking,True,True,False,False,1.4379868394828994,0.0
20300905,idm_delay07,RiskDiverse-Static,16,75,140,cutin_braking,True,True,False,False,0.7078231237411882,0.0
20300905,idm_delay07,RiskDiverse-Static,17,63,68,fast_intrusion,False,False,False,True,1.7370130356300892,2.32022507873927
20300905,idm_delay07,RiskDiverse-Static,18,219,411,stop_and_go,False,False,False,True,3.050765698058619,18.94144046316117
20300905,idm_delay07,RiskDiverse-Static,19,105,171,cutin_braking,True,True,False,False,1.3319795622420214,0.0
20300905,idm_delay07,RiskDiverse-Static,20,62,67,fast_intrusion,True,True,False,False,1.4668205765085436,1.4210854715202004e-14
20300905,idm_delay07,RiskDiverse-Static,21,233,425,stop_and_go,True,True,False,False,0.9554062420724542,0.0
20300905,idm_delay07,RiskDiverse-Static,22,37,40,fast_intrusion,False,False,False,True,1.8839725660138176,3.6181792691868395
20300905,idm_delay07,RiskDiverse-Static,23,185,313,lead_braking,False,False,False,True,1.7176539592224793,10.33458013062588
20300905,idm_delay07,RiskDiverse-Static,24,187,315,lead_braking,False,False,True,True,1.1373216007199145,1.0426593188929303
20300905,idm_delay07,RiskDiverse-Static,25,10,10,fast_intrusion,False,False,False,True,2.799285308225863,11.859934386996002
20300905,idm_delay07,RiskDiverse-Static,26,236,428,stop_and_go,False,False,False,True,3.3467366247449117,19.938643042000535
20300905,idm_delay07,RiskDiverse-Static,27,113,179,cutin_braking,False,False,True,True,1.4235276540629906,0.8996631314001604
20300905,idm_delay07,RiskDiverse-Static,28,55,59,fast_intrusion,False,False,False,True,2.3930439074543917,5.201735834378866
20300905,idm_delay07,RiskDiverse-Static,29,149,277,lead_braking,False,False,False,True,3.7023895539749705,22.409661083185142
20300905,idm_delay07,RiskDiverse-Static,30,179,307,lead_braking,False,False,False,True,2.018427476047475,7.67442685629311
20300905,idm_delay07,RiskDiverse-Static,31,250,442,stop_and_go,False,False,False,True,4.16952096314382,11.70114800483168
20300905,idm_delay07,RiskDiverse-Static,32,267,523,slow_lead_following,False,False,False,True,2.839209441027856,13.014624304211168
20300905,idm_delay07,RiskDiverse-Static,33,33,36,fast_intrusion,True,True,False,False,1.3601862276891277,0.0
20300905,idm_delay07,RiskDiverse-Static,34,222,414,stop_and_go,False,False,False,True,2.3658331825715084,1.098076739663739
20300905,idm_delay07,RiskDiverse-Static,35,146,274,lead_braking,False,False,False,True,3.77555578157395,25.376855767448546
20300905,idm_delay07,RiskDiverse-Static,36,265,521,slow_lead_following,False,False,False,True,1.8484358080478913,3.1744328540062696
20300905,idm_delay07,RiskDiverse-Static,37,209,401,stop_and_go,True,True,False,False,1.157553898300542,0.0
20300905,idm_delay07,RiskDiverse-Static,38,4,4,fast_intrusion,False,False,False,True,1.6069328322123984,1.0462853900718585
20300905,idm_delay07,RiskDiverse-Static,39,183,311,lead_braking,False,False,False,True,1.5721249935910755,3.118211337670388
20300905,idm_delay07,RiskDiverse-Static,40,227,419,stop_and_go,False,False,False,True,4.183512353419155,16.837646578954235
20300905,idm_delay07,RiskDiverse-Static,41,201,393,stop_and_go,False,False,False,True,2.6256500653201353,4.25279085237004
20300905,idm_delay07,RiskDiverse-Static,42,191,319,lead_braking,False,False,False,True,3.0077818859807577,6.389351822816096
20300905,idm_delay07,RiskDiverse-Static,43,32,35,fast_intrusion,False,False,False,True,2.110631566806056,3.073824543247852
20300905,idm_delay07,RiskDiverse-Static,44,47,51,fast_intrusion,False,False,False,True,2.213308916211106,1.870501980198597
20300905,idm_delay07,RiskDiverse-Static,45,31,34,fast_intrusion,False,False,False,True,3.0700063958445005,13.6162900776973
20300905,idm_delay07,RiskDiverse-Static,46,93,159,cutin_braking,False,False,False,True,2.2911493647812837,6.039285925693434
20300905,idm_delay07,RiskDiverse-Static,47,0,0,fast_intrusion,False,False,False,True,2.351103951385589,7.401983602488103
20300905,idm_delay07,RiskDiverse-Static,48,8,8,fast_intrusion,False,False,False,True,2.379050538481108,6.679163682140455
20300905,idm_delay07,RiskDiverse-Static,49,107,173,cutin_braking,False,False,False,True,3.61913479491771,20.51369584185096
20300905,idm_delay07,RiskDiverse-Static,50,253,445,stop_and_go,False,False,False,True,3.2637126744365297,6.324147240437924
20300905,idm_brake3,RiskDiverse-Static,1,159,287,lead_braking,True,True,False,False,0.6637292635550204,0.0
20300905,idm_brake3,RiskDiverse-Static,2,25,28,fast_intrusion,True,True,False,False,1.493155070627856,0.0
20300905,idm_brake3,RiskDiverse-Static,3,257,513,slow_lead_following,True,True,False,False,1.2153580603412022,0.0
20300905,idm_brake3,RiskDiverse-Static,4,193,385,stop_and_go,True,True,False,False,1.4288565874879389,0.0
20300905,idm_brake3,RiskDiverse-Static,5,97,163,cutin_braking,True,True,False,False,1.1932821214917544,0.0016011637595738648
20300905,idm_brake3,RiskDiverse-Static,6,21,24,fast_intrusion,False,False,False,True,2.1381657345256846,1.6814013597289943
20300905,idm_brake3,RiskDiverse-Static,7,225,417,stop_and_go,True,True,False,False,1.5125586201136494,0.0
20300905,idm_brake3,RiskDiverse-Static,8,48,52,fast_intrusion,False,False,False,True,2.4311196610437693,3.283011956003321
20300905,idm_brake3,RiskDiverse-Static,9,270,526,slow_lead_following,False,False,False,True,2.535492629478094,3.28229716301891
20300905,idm_brake3,RiskDiverse-Static,10,82,147,cutin_braking,False,False,True,True,1.6950731347312888,0.11280543715093927
20300905,idm_brake3,RiskDiverse-Static,11,135,263,lead_braking,False,False,False,True,2.855414370527405,5.239435658707421
20300905,idm_brake3,RiskDiverse-Static,12,165,293,lead_braking,False,False,False,True,2.5452445948966984,22.046310523857244
20300905,idm_brake3,RiskDiverse-Static,13,247,439,stop_and_go,False,False,False,True,1.8534344851164541,9.883916369587922
20300905,idm_brake3,RiskDiverse-Static,14,143,271,lead_braking,True,True,False,False,0.8720697380438178,0.0
20300905,idm_brake3,RiskDiverse-Static,15,98,164,cutin_braking,False,False,True,True,2.5113695539543865,0.32225383018536036
20300905,idm_brake3,RiskDiverse-Static,16,75,140,cutin_braking,False,False,True,True,0.97660294277913,0.3556145006713507
20300905,idm_brake3,RiskDiverse-Static,17,63,68,fast_intrusion,False,False,False,True,2.5389057195664537,4.40110147523233
20300905,idm_brake3,RiskDiverse-Static,18,219,411,stop_and_go,False,False,False,True,2.946978017692661,20.871393544029615
20300905,idm_brake3,RiskDiverse-Static,19,105,171,cutin_braking,True,True,False,False,1.9119305353582678,2.842170943040401e-14
20300905,idm_brake3,RiskDiverse-Static,20,62,67,fast_intrusion,False,False,False,True,2.4069245757245015,2.137446037879286
20300905,idm_brake3,RiskDiverse-Static,21,233,425,stop_and_go,True,True,False,False,0.8214197908248342,0.0
20300905,idm_brake3,RiskDiverse-Static,22,37,40,fast_intrusion,False,False,False,True,2.6785872436741567,5.4811776172419115
20300905,idm_brake3,RiskDiverse-Static,23,185,313,lead_braking,False,False,False,True,1.9407065404952115,12.411042792464102
20300905,idm_brake3,RiskDiverse-Static,24,187,315,lead_braking,False,False,True,True,1.4051477767953722,2.905581314174711
20300905,idm_brake3,RiskDiverse-Static,25,10,10,fast_intrusion,False,False,False,True,3.672161711399757,13.520584534775395
20300905,idm_brake3,RiskDiverse-Static,26,236,428,stop_and_go,False,False,False,True,3.2237593117412007,21.712890952539396
20300905,idm_brake3,RiskDiverse-Static,27,113,179,cutin_braking,False,False,False,True,1.8193890090957423,2.863042462855958
20300905,idm_brake3,RiskDiverse-Static,28,55,59,fast_intrusion,False,False,False,True,3.4200552774536064,7.489802180944906
20300905,idm_brake3,RiskDiverse-Static,29,149,277,lead_braking,False,False,False,True,3.7715766813075726,24.78420552395599
20300905,idm_brake3,RiskDiverse-Static,30,179,307,lead_braking,False,False,False,True,1.6548126528450358,7.925473056535708
20300905,idm_brake3,RiskDiverse-Static,31,250,442,stop_and_go,False,False,False,True,2.630437076430908,10.718700398961488
20300905,idm_brake3,RiskDiverse-Static,32,267,523,slow_lead_following,False,False,False,True,3.7173688957044937,14.86371342464301
20300905,idm_brake3,RiskDiverse-Static,33,33,36,fast_intrusion,False,False,False,True,2.1156513781509587,1.5490683349087817
20300905,idm_brake3,RiskDiverse-Static,34,222,414,stop_and_go,False,False,False,True,3.29108808253376,1.8307367072998773
20300905,idm_brake3,RiskDiverse-Static,35,146,274,lead_braking,False,False,False,True,3.7847262332465053,27.446552652863403
20300905,idm_brake3,RiskDiverse-Static,36,265,521,slow_lead_following,False,False,False,True,2.6983553744315434,5.633403845131582
20300905,idm_brake3,RiskDiverse-Static,37,209,401,stop_and_go,True,True,False,False,0.8745307023644258,0.0
20300905,idm_brake3,RiskDiverse-Static,38,4,4,fast_intrusion,False,False,False,True,2.513601848072969,3.6246572527921614
20300905,idm_brake3,RiskDiverse-Static,39,183,311,lead_braking,False,False,False,True,2.2337664195124867,5.626012833499132
20300905,idm_brake3,RiskDiverse-Static,40,227,419,stop_and_go,False,False,False,True,4.09394855672912,18.99288933565296
20300905,idm_brake3,RiskDiverse-Static,41,201,393,stop_and_go,False,False,False,True,3.758816982092886,6.072557272063975
20300905,idm_brake3,RiskDiverse-Static,42,191,319,lead_braking,False,False,False,True,4.231359702065573,8.632778760110668
20300905,idm_brake3,RiskDiverse-Static,43,32,35,fast_intrusion,False,False,False,True,3.1572306755062103,5.385115803607707
20300905,idm_brake3,RiskDiverse-Static,44,47,51,fast_intrusion,False,False,False,True,3.508117567618882,3.857051617355424
20300905,idm_brake3,RiskDiverse-Static,45,31,34,fast_intrusion,False,False,False,True,3.9910674462295797,15.509982558016588
20300905,idm_brake3,RiskDiverse-Static,46,93,159,cutin_braking,False,False,False,True,2.3908052596654485,7.488094642834454
20300905,idm_brake3,RiskDiverse-Static,47,0,0,fast_intrusion,False,False,False,True,3.2326684322885213,9.431494907875816
20300905,idm_brake3,RiskDiverse-Static,48,8,8,fast_intrusion,False,False,False,True,3.2981154535113384,8.92052861615062
20300905,idm_brake3,RiskDiverse-Static,49,107,173,cutin_braking,False,False,False,True,3.680579019329225,22.18530498297534
20300905,idm_brake3,RiskDiverse-Static,50,253,445,stop_and_go,False,False,False,True,1.6305435265067967,3.742672960934186
20300905,idm_delay07_brake3,RiskDiverse-Static,1,159,287,lead_braking,True,True,False,False,0.6956786729780166,0.0
20300905,idm_delay07_brake3,RiskDiverse-Static,2,25,28,fast_intrusion,True,True,False,False,0.7468470484492838,0.0
20300905,idm_delay07_brake3,RiskDiverse-Static,3,257,513,slow_lead_following,True,True,False,False,0.6302995952324328,0.0
20300905,idm_delay07_brake3,RiskDiverse-Static,4,193,385,stop_and_go,True,True,False,False,0.8420634530374628,0.0
20300905,idm_delay07_brake3,RiskDiverse-Static,5,97,163,cutin_braking,True,True,False,False,0.7358543624804317,0.004094233751715137
20300905,idm_delay07_brake3,RiskDiverse-Static,6,21,24,fast_intrusion,True,True,False,False,0.9232169376039421,0.0
20300905,idm_delay07_brake3,RiskDiverse-Static,7,225,417,stop_and_go,True,True,False,False,1.4670103908472956,0.0
20300905,idm_delay07_brake3,RiskDiverse-Static,8,48,52,fast_intrusion,True,True,False,False,1.3903422277655852,0.0
20300905,idm_delay07_brake3,RiskDiverse-Static,9,270,526,slow_lead_following,True,True,False,False,1.5973822961710957,0.0
20300905,idm_delay07_brake3,RiskDiverse-Static,10,82,147,cutin_braking,True,True,False,False,0.8770088864591955,0.0
20300905,idm_delay07_brake3,RiskDiverse-Static,11,135,263,lead_braking,True,True,False,False,1.1068383205920782,0.0
20300905,idm_delay07_brake3,RiskDiverse-Static,12,165,293,lead_braking,False,False,False,True,1.76569045561388,14.192393669059896
20300905,idm_delay07_brake3,RiskDiverse-Static,13,247,439,stop_and_go,True,True,False,False,0.6937219872487276,0.0
20300905,idm_delay07_brake3,RiskDiverse-Static,14,143,271,lead_braking,True,True,False,False,0.6610945946572078,0.0
20300905,idm_delay07_brake3,RiskDiverse-Static,15,98,164,cutin_braking,True,True,False,False,1.435662398817211,0.0
20300905,idm_delay07_brake3,RiskDiverse-Static,16,75,140,cutin_braking,True,True,False,False,0.5099705836561019,0.0
20300905,idm_delay07_brake3,RiskDiverse-Static,17,63,68,fast_intrusion,True,True,False,False,1.3673959261438298,0.0
20300905,idm_delay07_brake3,RiskDiverse-Static,18,219,411,stop_and_go,False,False,False,True,2.3576637046021514,16.556533039753987
20300905,idm_delay07_brake3,RiskDiverse-Static,19,105,171,cutin_braking,True,True,False,False,1.2482515426945031,0.0
20300905,idm_delay07_brake3,RiskDiverse-Static,20,62,67,fast_intrusion,True,True,False,False,1.4289528323640865,0.0
20300905,idm_delay07_brake3,RiskDiverse-Static,21,233,425,stop_and_go,True,True,False,False,0.638722626747748,0.0
20300905,idm_delay07_brake3,RiskDiverse-Static,22,37,40,fast_intrusion,True,True,False,False,1.520745425309213,2.842170943040401e-14
20300905,idm_delay07_brake3,RiskDiverse-Static,23,185,313,lead_braking,False,False,True,True,1.2424145791285208,5.603859343388166
20300905,idm_delay07_brake3,RiskDiverse-Static,24,187,315,lead_braking,True,True,False,False,0.542579513124569,0.0
20300905,idm_delay07_brake3,RiskDiverse-Static,25,10,10,fast_intrusion,False,False,False,True,2.7903583426882688,6.470004565498385
20300905,idm_delay07_brake3,RiskDiverse-Static,26,236,428,stop_and_go,False,False,False,True,2.426974163128545,16.808882499169925
20300905,idm_delay07_brake3,RiskDiverse-Static,27,113,179,cutin_braking,True,True,False,False,0.7135371035272122,0.0
20300905,idm_delay07_brake3,RiskDiverse-Static,28,55,59,fast_intrusion,False,False,False,True,2.3930439074543917,3.0643898191479764
20300905,idm_delay07_brake3,RiskDiverse-Static,29,149,277,lead_braking,False,False,False,True,2.7172078502236077,18.664151904172684
20300905,idm_delay07_brake3,RiskDiverse-Static,30,179,307,lead_braking,True,True,False,False,0.6736017914653794,0.0
20300905,idm_delay07_brake3,RiskDiverse-Static,31,250,442,stop_and_go,True,True,False,False,0.7345688421269937,0.0
20300905,idm_delay07_brake3,RiskDiverse-Static,32,267,523,slow_lead_following,False,False,False,True,2.7999503249215363,6.54958530713327
20300905,idm_delay07_brake3,RiskDiverse-Static,33,33,36,fast_intrusion,True,True,False,False,0.9401781946992053,0.0003073438243745841
20300905,idm_delay07_brake3,RiskDiverse-Static,34,222,414,stop_and_go,True,True,False,False,1.7307102196162258,0.0
20300905,idm_delay07_brake3,RiskDiverse-Static,35,146,274,lead_braking,False,False,False,True,3.2214171010126242,23.968677843110555
20300905,idm_delay07_brake3,RiskDiverse-Static,36,265,521,slow_lead_following,True,True,False,False,1.6509304185662763,0.0
20300905,idm_delay07_brake3,RiskDiverse-Static,37,209,401,stop_and_go,True,True,False,False,0.7436902195290632,0.0
20300905,idm_delay07_brake3,RiskDiverse-Static,38,4,4,fast_intrusion,True,True,False,False,1.499138616024853,0.00013590707720823048
20300905,idm_delay07_brake3,RiskDiverse-Static,39,183,311,lead_braking,True,True,False,False,1.169049878906573,0.0
20300905,idm_delay07_brake3,RiskDiverse-Static,40,227,419,stop_and_go,False,False,False,True,1.9016187875956494,9.176652442669138
20300905,idm_delay07_brake3,RiskDiverse-Static,41,201,393,stop_and_go,True,True,False,False,1.3882547050048395,0.0
20300905,idm_delay07_brake3,RiskDiverse-Static,42,191,319,lead_braking,False,False,False,True,2.0726215557121432,2.2217849085090506
20300905,idm_delay07_brake3,RiskDiverse-Static,43,32,35,fast_intrusion,False,False,False,True,2.110631566806056,1.3146972297876243
20300905,idm_delay07_brake3,RiskDiverse-Static,44,47,51,fast_intrusion,False,False,True,True,2.213308916211106,0.9089583663876226
20300905,idm_delay07_brake3,RiskDiverse-Static,45,31,34,fast_intrusion,False,False,False,True,3.0700063958445005,8.829783774748648
20300905,idm_delay07_brake3,RiskDiverse-Static,46,93,159,cutin_braking,False,False,True,True,1.179908168737787,0.6348635114933074
20300905,idm_delay07_brake3,RiskDiverse-Static,47,0,0,fast_intrusion,False,False,False,True,2.3104165664874428,2.8332440777423074
20300905,idm_delay07_brake3,RiskDiverse-Static,48,8,8,fast_intrusion,False,False,False,True,2.379050538481108,3.3108235055073294
20300905,idm_delay07_brake3,RiskDiverse-Static,49,107,173,cutin_braking,False,False,False,True,2.4261802707169142,15.765533430883522
20300905,idm_delay07_brake3,RiskDiverse-Static,50,253,445,stop_and_go,True,True,False,False,0.6630717847777036,0.0
20300919,idm_delay07,ModeQuantile-Static,1,2,2,fast_intrusion,True,True,False,False,0.8546629663983272,2.842170943040401e-14
20300919,idm_delay07,ModeQuantile-Static,2,84,149,cutin_braking,True,True,False,False,0.8767792414312521,0.005395292628151083
20300919,idm_delay07,ModeQuantile-Static,3,152,280,lead_braking,True,True,False,False,0.8873232901004732,0.0
20300919,idm_delay07,ModeQuantile-Static,4,229,421,stop_and_go,True,True,False,False,1.3763517315666645,0.0
20300919,idm_delay07,ModeQuantile-Static,5,311,568,slow_lead_following,True,True,False,False,0.7008794705414783,0.0
20300919,idm_delay07,ModeQuantile-Static,6,6,6,fast_intrusion,True,True,False,False,1.0577066144092064,0.0
20300919,idm_delay07,ModeQuantile-Static,7,76,141,cutin_braking,True,True,False,False,0.7095283368565446,0.0032941959401853182
20300919,idm_delay07,ModeQuantile-Static,8,176,304,lead_braking,True,True,False,False,0.6090853298403145,0.0
20300919,idm_delay07,ModeQuantile-Static,9,197,389,stop_and_go,True,True,False,False,1.509679077021213,0.0
20300919,idm_delay07,ModeQuantile-Static,10,295,552,slow_lead_following,True,True,False,False,0.8622027898559469,0.0
20300919,idm_delay07,ModeQuantile-Static,11,59,62,fast_intrusion,True,True,False,False,1.2210612608194593,1.4210854715202004e-14
20300919,idm_delay07,ModeQuantile-Static,12,115,181,cutin_braking,True,True,False,False,1.148889524825364,2.842170943040401e-14
20300919,idm_delay07,ModeQuantile-Static,13,168,296,lead_braking,True,True,False,False,1.1938524360574765,0.0
20300919,idm_delay07,ModeQuantile-Static,14,223,415,stop_and_go,False,False,False,True,2.8040099959735385,15.370877814216442
20300919,idm_delay07,ModeQuantile-Static,15,256,512,slow_lead_following,True,True,False,False,0.7943537094980161,0.0
20300919,idm_delay07,ModeQuantile-Static,16,29,30,fast_intrusion,True,True,False,False,1.317694421527591,0.0
20300919,idm_delay07,ModeQuantile-Static,17,88,153,cutin_braking,True,True,False,False,1.3063564350891224,0.0
20300919,idm_delay07,ModeQuantile-Static,18,138,266,lead_braking,False,False,True,True,1.342884268624428,8.717545705799239
20300919,idm_delay07,ModeQuantile-Static,19,213,405,stop_and_go,True,True,False,False,0.9202563721043724,0.0
20300919,idm_delay07,ModeQuantile-Static,20,264,520,slow_lead_following,True,True,False,False,1.118783559816517,0.0
20300919,idm_delay07,ModeQuantile-Static,21,14,14,fast_intrusion,True,True,False,False,1.3992037129111796,0.0
20300919,idm_delay07,ModeQuantile-Static,22,123,189,cutin_braking,True,True,False,False,1.020116190775929,0.0010087873231157118
20300919,idm_delay07,ModeQuantile-Static,23,184,312,lead_braking,False,False,False,True,1.9221757304616403,1.521777110905191
20300919,idm_delay07,ModeQuantile-Static,24,205,397,stop_and_go,False,False,True,True,2.004302830095092,0.4679470064276785
20300919,idm_delay07,ModeQuantile-Static,25,303,560,slow_lead_following,True,True,False,False,1.4143010627457793,0.0
20300919,idm_delay07,ModeQuantile-Static,26,44,46,fast_intrusion,False,False,True,True,1.572263783888281,0.9765014161724821
20300919,idm_delay07,ModeQuantile-Static,27,104,170,cutin_braking,True,True,False,False,1.4230573937508348,0.0
20300919,idm_delay07,ModeQuantile-Static,28,128,256,lead_braking,True,True,False,False,0.9546708827786545,0.0
20300919,idm_delay07,ModeQuantile-Static,29,232,424,stop_and_go,False,False,False,True,2.9951015805266996,19.369797145403993
20300919,idm_delay07,ModeQuantile-Static,30,310,567,slow_lead_following,False,False,True,True,1.5497696989898342,0.7673577880947988
20300919,idm_delay07,ModeQuantile-Static,31,9,9,fast_intrusion,True,True,False,False,1.3742617266476163,0.006874409572120223
20300919,idm_delay07,ModeQuantile-Static,32,92,157,cutin_braking,True,True,False,False,0.8576708153013287,0.0008747144041478805
20300919,idm_delay07,ModeQuantile-Static,33,166,294,lead_braking,False,False,False,True,3.281441088106285,24.611108464755546
20300919,idm_delay07,ModeQuantile-Static,34,245,437,stop_and_go,False,False,False,True,2.0995854098517177,1.3444494136405751
20300919,idm_delay07,ModeQuantile-Static,35,319,576,slow_lead_following,False,False,False,True,1.6935856327968897,1.93457064246833
20300919,idm_delay07,ModeQuantile-Static,36,39,41,fast_intrusion,False,False,True,True,1.5465739806373053,0.28439130807603874
20300919,idm_delay07,ModeQuantile-Static,37,111,177,cutin_braking,False,False,False,True,1.505276451451961,2.3500670460448134
20300919,idm_delay07,ModeQuantile-Static,38,144,272,lead_braking,False,False,False,True,2.3499618347577322,3.766733696248096
20300919,idm_delay07,ModeQuantile-Static,39,243,435,stop_and_go,False,False,False,True,3.4366720886694755,13.321348598954927
20300919,idm_delay07,ModeQuantile-Static,40,263,519,slow_lead_following,False,False,False,True,1.6762464599664575,1.3204878636448996
20300919,idm_delay07,ModeQuantile-Static,41,24,25,fast_intrusion,False,False,True,True,1.6938719714903259,0.9464276113523624
20300919,idm_delay07,ModeQuantile-Static,42,103,169,cutin_braking,False,False,False,True,2.183703440987748,5.263034122638402
20300919,idm_delay07,ModeQuantile-Static,43,148,276,lead_braking,False,False,True,True,0.960433969221212,0.5495899853077475
20300919,idm_delay07,ModeQuantile-Static,44,237,429,stop_and_go,True,True,False,False,1.2648787484739834,0.0
20300919,idm_delay07,ModeQuantile-Static,45,315,572,slow_lead_following,False,False,False,True,2.138440421330537,5.712919659646218
20300919,idm_delay07,ModeQuantile-Static,46,40,42,fast_intrusion,False,False,False,True,2.0284160111577214,4.834542927387752
20300919,idm_delay07,ModeQuantile-Static,47,89,154,cutin_braking,True,True,False,False,1.0134826074041547,0.0
20300919,idm_delay07,ModeQuantile-Static,48,186,314,lead_braking,False,False,False,True,3.537013243489108,16.04064943129916
20300919,idm_delay07,ModeQuantile-Static,49,201,393,stop_and_go,False,False,False,True,1.9842967750937595,5.218556545947365
20300919,idm_delay07,ModeQuantile-Static,50,287,544,slow_lead_following,False,False,False,True,2.076333355830398,3.884598816598242
20300919,idm_brake3,ModeQuantile-Static,1,2,2,fast_intrusion,True,True,False,False,1.54986711392568,0.0
20300919,idm_brake3,ModeQuantile-Static,2,84,149,cutin_braking,True,True,False,False,1.6261537214121504,0.0030876870922043054
20300919,idm_brake3,ModeQuantile-Static,3,152,280,lead_braking,True,True,False,False,1.2343213928501184,0.0
20300919,idm_brake3,ModeQuantile-Static,4,229,421,stop_and_go,True,True,False,False,1.4265286247073818,0.0
20300919,idm_brake3,ModeQuantile-Static,5,311,568,slow_lead_following,True,True,False,False,1.2018033842400433,0.0
20300919,idm_brake3,ModeQuantile-Static,6,6,6,fast_intrusion,True,True,False,False,1.8481164562756656,0.0
20300919,idm_brake3,ModeQuantile-Static,7,76,141,cutin_braking,True,True,False,False,0.8244139913449783,0.0
20300919,idm_brake3,ModeQuantile-Static,8,176,304,lead_braking,True,True,False,False,0.4962218571177114,0.0
20300919,idm_brake3,ModeQuantile-Static,9,197,389,stop_and_go,True,True,False,False,2.4636609307493167,0.0
20300919,idm_brake3,ModeQuantile-Static,10,295,552,slow_lead_following,True,True,False,False,1.5684214038788853,0.0
20300919,idm_brake3,ModeQuantile-Static,11,59,62,fast_intrusion,False,False,True,True,1.9491663123296117,0.5526544199762498
20300919,idm_brake3,ModeQuantile-Static,12,115,181,cutin_braking,False,False,True,True,2.0238580680072205,0.5915512711819133
20300919,idm_brake3,ModeQuantile-Static,13,168,296,lead_braking,True,True,False,False,1.351721113526423,0.0
20300919,idm_brake3,ModeQuantile-Static,14,223,415,stop_and_go,False,False,False,True,2.494362202228867,16.55218439162755
20300919,idm_brake3,ModeQuantile-Static,15,256,512,slow_lead_following,True,True,False,False,1.3383778726236188,0.0
20300919,idm_brake3,ModeQuantile-Static,16,29,30,fast_intrusion,False,False,False,True,2.12731947713635,1.4319252530846711
20300919,idm_brake3,ModeQuantile-Static,17,88,153,cutin_braking,False,False,False,True,1.8220889317582356,1.644506894508396
20300919,idm_brake3,ModeQuantile-Static,18,138,266,lead_braking,False,False,True,True,1.4973032787162723,10.281574055799638
20300919,idm_brake3,ModeQuantile-Static,19,213,405,stop_and_go,True,True,False,False,0.8608745409584626,0.0
20300919,idm_brake3,ModeQuantile-Static,20,264,520,slow_lead_following,False,False,True,True,1.9379999276748978,0.48873064686097223
20300919,idm_brake3,ModeQuantile-Static,21,14,14,fast_intrusion,False,False,False,True,2.1597229619574314,1.8182959941661352
20300919,idm_brake3,ModeQuantile-Static,22,123,189,cutin_braking,True,True,False,False,1.1431514790997537,0.0
20300919,idm_brake3,ModeQuantile-Static,23,184,312,lead_braking,False,False,False,True,1.999434834861511,2.4720415582656585
20300919,idm_brake3,ModeQuantile-Static,24,205,397,stop_and_go,False,False,False,True,2.3435182873287306,1.8921182842015867
20300919,idm_brake3,ModeQuantile-Static,25,303,560,slow_lead_following,False,False,False,True,2.184080736495826,1.9920354203020452
20300919,idm_brake3,ModeQuantile-Static,26,44,46,fast_intrusion,False,False,False,True,2.379698770867141,3.160906724637016
20300919,idm_brake3,ModeQuantile-Static,27,104,170,cutin_braking,True,True,False,False,1.0979628631139913,0.0
20300919,idm_brake3,ModeQuantile-Static,28,128,256,lead_braking,True,True,False,False,0.8707842078507706,0.0
20300919,idm_brake3,ModeQuantile-Static,29,232,424,stop_and_go,False,False,False,True,2.8628918658151914,21.103401536658936
20300919,idm_brake3,ModeQuantile-Static,30,310,567,slow_lead_following,False,False,False,True,2.4004152161514134,3.353604139089512
20300919,idm_brake3,ModeQuantile-Static,31,9,9,fast_intrusion,False,False,True,True,2.3726092581739806,0.6483461413089913
20300919,idm_brake3,ModeQuantile-Static,32,92,157,cutin_braking,True,True,False,False,0.7104048275466375,0.0
20300919,idm_brake3,ModeQuantile-Static,33,166,294,lead_braking,False,False,False,True,3.3358024034279783,26.82019727999952
20300919,idm_brake3,ModeQuantile-Static,34,245,437,stop_and_go,False,False,False,True,3.163056276118608,3.688177938507465
20300919,idm_brake3,ModeQuantile-Static,35,319,576,slow_lead_following,False,False,False,True,2.5323498295517144,4.413196642067973
20300919,idm_brake3,ModeQuantile-Static,36,39,41,fast_intrusion,False,False,False,True,2.4916080182318487,2.623469608576926
20300919,idm_brake3,ModeQuantile-Static,37,111,177,cutin_braking,False,False,True,True,1.4969251066427567,3.274750455477374
20300919,idm_brake3,ModeQuantile-Static,38,144,272,lead_braking,False,False,False,True,3.3578548430908555,5.901241374543261
20300919,idm_brake3,ModeQuantile-Static,39,243,435,stop_and_go,False,False,False,True,2.431281061478632,12.778906769573979
20300919,idm_brake3,ModeQuantile-Static,40,263,519,slow_lead_following,False,False,False,True,2.576685337330522,3.90722734878554
20300919,idm_brake3,ModeQuantile-Static,41,24,25,fast_intrusion,False,False,False,True,2.6531717405781245,3.186561652434307
20300919,idm_brake3,ModeQuantile-Static,42,103,169,cutin_braking,False,False,False,True,2.9445751777691354,7.393457930586607
20300919,idm_brake3,ModeQuantile-Static,43,148,276,lead_braking,False,False,True,True,1.1044576088223952,1.9027290209260173
20300919,idm_brake3,ModeQuantile-Static,44,237,429,stop_and_go,True,True,False,False,0.9889492873164719,0.0
20300919,idm_brake3,ModeQuantile-Static,45,315,572,slow_lead_following,False,False,False,True,2.99975649466069,8.060763115484491
20300919,idm_brake3,ModeQuantile-Static,46,40,42,fast_intrusion,False,False,False,True,2.8374712020288424,6.667799064366221
20300919,idm_brake3,ModeQuantile-Static,47,89,154,cutin_braking,True,True,False,False,0.8441405822177772,0.00021229509277986836
20300919,idm_brake3,ModeQuantile-Static,48,186,314,lead_braking,False,False,False,True,2.9082561309331925,16.79800368814054
20300919,idm_brake3,ModeQuantile-Static,49,201,393,stop_and_go,False,False,True,True,1.265166565377843,4.263998083840534
20300919,idm_brake3,ModeQuantile-Static,50,287,544,slow_lead_following,False,False,False,True,3.014937452567388,6.480367038310675
20300919,idm_delay07_brake3,ModeQuantile-Static,1,2,2,fast_intrusion,True,True,False,False,0.6854069334920726,0.0
20300919,idm_delay07_brake3,ModeQuantile-Static,2,84,149,cutin_braking,True,True,False,False,0.8200636150659766,0.005395292628151083
20300919,idm_delay07_brake3,ModeQuantile-Static,3,152,280,lead_braking,True,True,False,False,0.7615254802327459,0.0
20300919,idm_delay07_brake3,ModeQuantile-Static,4,229,421,stop_and_go,True,True,False,False,1.237738714378868,0.0
20300919,idm_delay07_brake3,ModeQuantile-Static,5,311,568,slow_lead_following,True,True,False,False,0.6431327212714333,0.0
20300919,idm_delay07_brake3,ModeQuantile-Static,6,6,6,fast_intrusion,True,True,False,False,0.8854278678052515,0.0
20300919,idm_delay07_brake3,ModeQuantile-Static,7,76,141,cutin_braking,True,True,False,False,0.6274669144042546,0.0
20300919,idm_delay07_brake3,ModeQuantile-Static,8,176,304,lead_braking,True,True,False,False,0.49079150004508854,0.0
20300919,idm_delay07_brake3,ModeQuantile-Static,9,197,389,stop_and_go,True,True,False,False,1.2031006115932041,0.0
20300919,idm_delay07_brake3,ModeQuantile-Static,10,295,552,slow_lead_following,True,True,False,False,0.6903178260042446,0.0
20300919,idm_delay07_brake3,ModeQuantile-Static,11,59,62,fast_intrusion,True,True,False,False,0.8195486784401124,1.4210854715202004e-14
20300919,idm_delay07_brake3,ModeQuantile-Static,12,115,181,cutin_braking,True,True,False,False,0.8874705743794711,0.0
20300919,idm_delay07_brake3,ModeQuantile-Static,13,168,296,lead_braking,True,True,False,False,0.8099529079704433,0.0
20300919,idm_delay07_brake3,ModeQuantile-Static,14,223,415,stop_and_go,False,False,True,True,1.4203526785926204,8.139490916845205
20300919,idm_delay07_brake3,ModeQuantile-Static,15,256,512,slow_lead_following,True,True,False,False,0.6293721546236071,0.0
20300919,idm_delay07_brake3,ModeQuantile-Static,16,29,30,fast_intrusion,True,True,False,False,1.09382299606814,1.0013198291900815e-14
20300919,idm_delay07_brake3,ModeQuantile-Static,17,88,153,cutin_braking,True,True,False,False,0.7066301959673003,2.842170943040401e-14
20300919,idm_delay07_brake3,ModeQuantile-Static,18,138,266,lead_braking,False,False,True,True,0.9879225470324935,2.503662171760851
20300919,idm_delay07_brake3,ModeQuantile-Static,19,213,405,stop_and_go,True,True,False,False,0.6903147187287991,0.0
20300919,idm_delay07_brake3,ModeQuantile-Static,20,264,520,slow_lead_following,True,True,False,False,0.8458701773270746,0.0
20300919,idm_delay07_brake3,ModeQuantile-Static,21,14,14,fast_intrusion,True,True,False,False,1.0094414658261974,0.0
20300919,idm_delay07_brake3,ModeQuantile-Static,22,123,189,cutin_braking,True,True,False,False,0.7139646028903316,0.001402960430738176
20300919,idm_delay07_brake3,ModeQuantile-Static,23,184,312,lead_braking,True,True,False,False,1.4767061482910264,0.0
20300919,idm_delay07_brake3,ModeQuantile-Static,24,205,397,stop_and_go,True,True,False,False,0.9083921246791518,2.842170943040401e-14
20300919,idm_delay07_brake3,ModeQuantile-Static,25,303,560,slow_lead_following,True,True,False,False,0.8730987361291406,0.0
20300919,idm_delay07_brake3,ModeQuantile-Static,26,44,46,fast_intrusion,True,True,False,False,1.2451710745004032,0.0
20300919,idm_delay07_brake3,ModeQuantile-Static,27,104,170,cutin_braking,True,True,False,False,1.0683595471636673,0.0025893272183736826
20300919,idm_delay07_brake3,ModeQuantile-Static,28,128,256,lead_braking,True,True,False,False,0.6382048310867121,0.0
20300919,idm_delay07_brake3,ModeQuantile-Static,29,232,424,stop_and_go,False,False,False,True,2.071207039542622,15.357563381755
20300919,idm_delay07_brake3,ModeQuantile-Static,30,310,567,slow_lead_following,True,True,False,False,1.3261618484795186,0.0
20300919,idm_delay07_brake3,ModeQuantile-Static,31,9,9,fast_intrusion,True,True,False,False,1.3742617266476163,0.006874022642863255
20300919,idm_delay07_brake3,ModeQuantile-Static,32,92,157,cutin_braking,True,True,False,False,0.6507940332782164,0.0012417767729004936
20300919,idm_delay07_brake3,ModeQuantile-Static,33,166,294,lead_braking,False,False,False,True,2.635942243247493,21.825439400813394
20300919,idm_delay07_brake3,ModeQuantile-Static,34,245,437,stop_and_go,True,True,False,False,1.4844995056372638,0.0
20300919,idm_delay07_brake3,ModeQuantile-Static,35,319,576,slow_lead_following,True,True,False,False,1.3982752139861458,0.0
20300919,idm_delay07_brake3,ModeQuantile-Static,36,39,41,fast_intrusion,True,True,False,False,1.5221507743435383,0.0
20300919,idm_delay07_brake3,ModeQuantile-Static,37,111,177,cutin_braking,True,True,False,False,0.5567222042801248,0.0
20300919,idm_delay07_brake3,ModeQuantile-Static,38,144,272,lead_braking,True,True,False,False,1.1244127281939496,0.0
20300919,idm_delay07_brake3,ModeQuantile-Static,39,243,435,stop_and_go,False,False,True,True,0.9594728766025589,2.4339619368004435
20300919,idm_delay07_brake3,ModeQuantile-Static,40,263,519,slow_lead_following,True,True,False,False,1.6367657621564946,0.0
20300919,idm_delay07_brake3,ModeQuantile-Static,41,24,25,fast_intrusion,True,True,False,False,1.6928276506466278,0.0
20300919,idm_delay07_brake3,ModeQuantile-Static,42,103,169,cutin_braking,False,False,False,True,1.5820062721928754,1.6450095968697838
20300919,idm_delay07_brake3,ModeQuantile-Static,43,148,276,lead_braking,True,True,False,False,0.448721034995459,0.0
20300919,idm_delay07_brake3,ModeQuantile-Static,44,237,429,stop_and_go,True,True,False,False,0.7494074666807625,0.0
20300919,idm_delay07_brake3,ModeQuantile-Static,45,315,572,slow_lead_following,False,False,True,True,2.01928217312408,0.9644655514937313
20300919,idm_delay07_brake3,ModeQuantile-Static,46,40,42,fast_intrusion,True,True,False,False,1.831003499272439,0.0
20300919,idm_delay07_brake3,ModeQuantile-Static,47,89,154,cutin_braking,True,True,False,False,0.7998356617457779,0.0
20300919,idm_delay07_brake3,ModeQuantile-Static,48,186,314,lead_braking,False,False,False,True,1.5784919649311242,8.234456503550973
20300919,idm_delay07_brake3,ModeQuantile-Static,49,201,393,stop_and_go,True,True,False,False,0.46117597833619955,0.0
20300919,idm_delay07_brake3,ModeQuantile-Static,50,287,544,slow_lead_following,False,False,False,True,2.076333355830398,1.3104422511041918
20300919,idm_delay07,HistoryMargin-Static,1,311,568,slow_lead_following,True,True,False,False,0.7008794705414783,0.0
20300919,idm_delay07,HistoryMargin-Static,2,84,149,cutin_braking,True,True,False,False,0.8767792414312521,0.005395292628151083
20300919,idm_delay07,HistoryMargin-Static,3,295,552,slow_lead_following,True,True,False,False,0.8622027898559469,0.0
20300919,idm_delay07,HistoryMargin-Static,4,256,512,slow_lead_following,True,True,False,False,0.7943537094980161,0.0
20300919,idm_delay07,HistoryMargin-Static,5,2,2,fast_intrusion,True,True,False,False,0.8546629663983272,2.842170943040401e-14
20300919,idm_delay07,HistoryMargin-Static,6,76,141,cutin_braking,True,True,False,False,0.7095283368565446,0.0032941959401853182
20300919,idm_delay07,HistoryMargin-Static,7,6,6,fast_intrusion,True,True,False,False,1.0577066144092064,0.0
20300919,idm_delay07,HistoryMargin-Static,8,264,520,slow_lead_following,True,True,False,False,1.118783559816517,0.0
20300919,idm_delay07,HistoryMargin-Static,9,152,280,lead_braking,True,True,False,False,0.8873232901004732,0.0
20300919,idm_delay07,HistoryMargin-Static,10,229,421,stop_and_go,True,True,False,False,1.3763517315666645,0.0
20300919,idm_delay07,HistoryMargin-Static,11,59,62,fast_intrusion,True,True,False,False,1.2210612608194593,1.4210854715202004e-14
20300919,idm_delay07,HistoryMargin-Static,12,29,30,fast_intrusion,True,True,False,False,1.317694421527591,0.0
20300919,idm_delay07,HistoryMargin-Static,13,14,14,fast_intrusion,True,True,False,False,1.3992037129111796,0.0
20300919,idm_delay07,HistoryMargin-Static,14,303,560,slow_lead_following,True,True,False,False,1.4143010627457793,0.0
20300919,idm_delay07,HistoryMargin-Static,15,176,304,lead_braking,True,True,False,False,0.6090853298403145,0.0
20300919,idm_delay07,HistoryMargin-Static,16,168,296,lead_braking,True,True,False,False,1.1938524360574765,0.0
20300919,idm_delay07,HistoryMargin-Static,17,310,567,slow_lead_following,False,False,True,True,1.5497696989898342,0.7673577880947988
20300919,idm_delay07,HistoryMargin-Static,18,138,266,lead_braking,False,False,True,True,1.342884268624428,8.717545705799239
20300919,idm_delay07,HistoryMargin-Static,19,115,181,cutin_braking,True,True,False,False,1.148889524825364,2.842170943040401e-14
20300919,idm_delay07,HistoryMargin-Static,20,44,46,fast_intrusion,False,False,True,True,1.572263783888281,0.9765014161724821
20300919,idm_delay07,HistoryMargin-Static,21,197,389,stop_and_go,True,True,False,False,1.509679077021213,0.0
20300919,idm_delay07,HistoryMargin-Static,22,9,9,fast_intrusion,True,True,False,False,1.3742617266476163,0.006874409572120223
20300919,idm_delay07,HistoryMargin-Static,23,319,576,slow_lead_following,False,False,False,True,1.6935856327968897,1.93457064246833
20300919,idm_delay07,HistoryMargin-Static,24,263,519,slow_lead_following,False,False,False,True,1.6762464599664575,1.3204878636448996
20300919,idm_delay07,HistoryMargin-Static,25,39,41,fast_intrusion,False,False,True,True,1.5465739806373053,0.28439130807603874
20300919,idm_delay07,HistoryMargin-Static,26,88,153,cutin_braking,True,True,False,False,1.3063564350891224,0.0
20300919,idm_delay07,HistoryMargin-Static,27,123,189,cutin_braking,True,True,False,False,1.020116190775929,0.0010087873231157118
20300919,idm_delay07,HistoryMargin-Static,28,223,415,stop_and_go,False,False,False,True,2.8040099959735385,15.370877814216442
20300919,idm_delay07,HistoryMargin-Static,29,213,405,stop_and_go,True,True,False,False,0.9202563721043724,0.0
20300919,idm_delay07,HistoryMargin-Static,30,24,25,fast_intrusion,False,False,True,True,1.6938719714903259,0.9464276113523624
20300919,idm_delay07,HistoryMargin-Static,31,104,170,cutin_braking,True,True,False,False,1.4230573937508348,0.0
20300919,idm_delay07,HistoryMargin-Static,32,40,42,fast_intrusion,False,False,False,True,2.0284160111577214,4.834542927387752
20300919,idm_delay07,HistoryMargin-Static,33,184,312,lead_braking,False,False,False,True,1.9221757304616403,1.521777110905191
20300919,idm_delay07,HistoryMargin-Static,34,92,157,cutin_braking,True,True,False,False,0.8576708153013287,0.0008747144041478805
20300919,idm_delay07,HistoryMargin-Static,35,205,397,stop_and_go,False,False,True,True,2.004302830095092,0.4679470064276785
20300919,idm_delay07,HistoryMargin-Static,36,232,424,stop_and_go,False,False,False,True,2.9951015805266996,19.369797145403993
20300919,idm_delay07,HistoryMargin-Static,37,315,572,slow_lead_following,False,False,False,True,2.138440421330537,5.712919659646218
20300919,idm_delay07,HistoryMargin-Static,38,287,544,slow_lead_following,False,False,False,True,2.076333355830398,3.884598816598242
20300919,idm_delay07,HistoryMargin-Static,39,18,18,fast_intrusion,False,False,False,True,2.1170879243628087,4.901517022080924
20300919,idm_delay07,HistoryMargin-Static,40,128,256,lead_braking,True,True,False,False,0.9546708827786545,0.0
20300919,idm_delay07,HistoryMargin-Static,41,299,556,slow_lead_following,False,False,False,True,2.3084940515781667,7.258847080318759
20300919,idm_delay07,HistoryMargin-Static,42,283,540,slow_lead_following,False,False,False,True,2.2811016169843783,6.343781771761925
20300919,idm_delay07,HistoryMargin-Static,43,1,1,fast_intrusion,False,False,False,True,2.115836791688717,3.7189655241219555
20300919,idm_delay07,HistoryMargin-Static,44,276,532,slow_lead_following,False,False,False,True,2.359051622990769,8.362170328488972
20300919,idm_delay07,HistoryMargin-Static,45,291,548,slow_lead_following,False,False,False,True,2.34097210519816,7.694226110309685
20300919,idm_delay07,HistoryMargin-Static,46,245,437,stop_and_go,False,False,False,True,2.0995854098517177,1.3444494136405751
20300919,idm_delay07,HistoryMargin-Static,47,286,543,slow_lead_following,False,False,False,True,2.2380902674026495,4.708989767793042
20300919,idm_delay07,HistoryMargin-Static,48,243,435,stop_and_go,False,False,False,True,3.4366720886694755,13.321348598954927
20300919,idm_delay07,HistoryMargin-Static,49,48,50,fast_intrusion,False,False,False,True,2.2905705038595343,6.563282045929782
20300919,idm_delay07,HistoryMargin-Static,50,63,66,fast_intrusion,False,False,False,True,2.285236606202949,5.908570414694367
20300919,idm_brake3,HistoryMargin-Static,1,311,568,slow_lead_following,True,True,False,False,1.2018033842400433,0.0
20300919,idm_brake3,HistoryMargin-Static,2,84,149,cutin_braking,True,True,False,False,1.6261537214121504,0.0030876870922043054
20300919,idm_brake3,HistoryMargin-Static,3,295,552,slow_lead_following,True,True,False,False,1.5684214038788853,0.0
20300919,idm_brake3,HistoryMargin-Static,4,256,512,slow_lead_following,True,True,False,False,1.3383778726236188,0.0
20300919,idm_brake3,HistoryMargin-Static,5,2,2,fast_intrusion,True,True,False,False,1.54986711392568,0.0
20300919,idm_brake3,HistoryMargin-Static,6,76,141,cutin_braking,True,True,False,False,0.8244139913449783,0.0
20300919,idm_brake3,HistoryMargin-Static,7,6,6,fast_intrusion,True,True,False,False,1.8481164562756656,0.0
20300919,idm_brake3,HistoryMargin-Static,8,264,520,slow_lead_following,False,False,True,True,1.9379999276748978,0.48873064686097223
20300919,idm_brake3,HistoryMargin-Static,9,152,280,lead_braking,True,True,False,False,1.2343213928501184,0.0
20300919,idm_brake3,HistoryMargin-Static,10,229,421,stop_and_go,True,True,False,False,1.4265286247073818,0.0
20300919,idm_brake3,HistoryMargin-Static,11,59,62,fast_intrusion,False,False,True,True,1.9491663123296117,0.5526544199762498
20300919,idm_brake3,HistoryMargin-Static,12,29,30,fast_intrusion,False,False,False,True,2.12731947713635,1.4319252530846711
20300919,idm_brake3,HistoryMargin-Static,13,14,14,fast_intrusion,False,False,False,True,2.1597229619574314,1.8182959941661352
20300919,idm_brake3,HistoryMargin-Static,14,303,560,slow_lead_following,False,False,False,True,2.184080736495826,1.9920354203020452
20300919,idm_brake3,HistoryMargin-Static,15,176,304,lead_braking,True,True,False,False,0.4962218571177114,0.0
20300919,idm_brake3,HistoryMargin-Static,16,168,296,lead_braking,True,True,False,False,1.351721113526423,0.0
20300919,idm_brake3,HistoryMargin-Static,17,310,567,slow_lead_following,False,False,False,True,2.4004152161514134,3.353604139089512
20300919,idm_brake3,HistoryMargin-Static,18,138,266,lead_braking,False,False,True,True,1.4973032787162723,10.281574055799638
20300919,idm_brake3,HistoryMargin-Static,19,115,181,cutin_braking,False,False,True,True,2.0238580680072205,0.5915512711819133
20300919,idm_brake3,HistoryMargin-Static,20,44,46,fast_intrusion,False,False,False,True,2.379698770867141,3.160906724637016
20300919,idm_brake3,HistoryMargin-Static,21,197,389,stop_and_go,True,True,False,False,2.4636609307493167,0.0
20300919,idm_brake3,HistoryMargin-Static,22,9,9,fast_intrusion,False,False,True,True,2.3726092581739806,0.6483461413089913
20300919,idm_brake3,HistoryMargin-Static,23,319,576,slow_lead_following,False,False,False,True,2.5323498295517144,4.413196642067973
20300919,idm_brake3,HistoryMargin-Static,24,263,519,slow_lead_following,False,False,False,True,2.576685337330522,3.90722734878554
20300919,idm_brake3,HistoryMargin-Static,25,39,41,fast_intrusion,False,False,False,True,2.4916080182318487,2.623469608576926
20300919,idm_brake3,HistoryMargin-Static,26,88,153,cutin_braking,False,False,False,True,1.8220889317582356,1.644506894508396
20300919,idm_brake3,HistoryMargin-Static,27,123,189,cutin_braking,True,True,False,False,1.1431514790997537,0.0
20300919,idm_brake3,HistoryMargin-Static,28,223,415,stop_and_go,False,False,False,True,2.494362202228867,16.55218439162755
20300919,idm_brake3,HistoryMargin-Static,29,213,405,stop_and_go,True,True,False,False,0.8608745409584626,0.0
20300919,idm_brake3,HistoryMargin-Static,30,24,25,fast_intrusion,False,False,False,True,2.6531717405781245,3.186561652434307
20300919,idm_brake3,HistoryMargin-Static,31,104,170,cutin_braking,True,True,False,False,1.0979628631139913,0.0
20300919,idm_brake3,HistoryMargin-Static,32,40,42,fast_intrusion,False,False,False,True,2.8374712020288424,6.667799064366221
20300919,idm_brake3,HistoryMargin-Static,33,184,312,lead_braking,False,False,False,True,1.999434834861511,2.4720415582656585
20300919,idm_brake3,HistoryMargin-Static,34,92,157,cutin_braking,True,True,False,False,0.7104048275466375,0.0
20300919,idm_brake3,HistoryMargin-Static,35,205,397,stop_and_go,False,False,False,True,2.3435182873287306,1.8921182842015867
20300919,idm_brake3,HistoryMargin-Static,36,232,424,stop_and_go,False,False,False,True,2.8628918658151914,21.103401536658936
20300919,idm_brake3,HistoryMargin-Static,37,315,572,slow_lead_following,False,False,False,True,2.99975649466069,8.060763115484491
20300919,idm_brake3,HistoryMargin-Static,38,287,544,slow_lead_following,False,False,False,True,3.014937452567388,6.480367038310675
20300919,idm_brake3,HistoryMargin-Static,39,18,18,fast_intrusion,False,False,False,True,3.005053645948826,7.123042077989055
20300919,idm_brake3,HistoryMargin-Static,40,128,256,lead_braking,True,True,False,False,0.8707842078507706,0.0
20300919,idm_brake3,HistoryMargin-Static,41,299,556,slow_lead_following,False,False,False,True,3.178459157962169,9.553932251688295
20300919,idm_brake3,HistoryMargin-Static,42,283,540,slow_lead_following,False,False,False,True,3.1824301042075405,8.867811190746906
20300919,idm_brake3,HistoryMargin-Static,43,1,1,fast_intrusion,False,False,False,True,3.1023720350257027,6.057080774420115
20300919,idm_brake3,HistoryMargin-Static,44,276,532,slow_lead_following,False,False,False,True,3.1989341520087122,10.108668111339028
20300919,idm_brake3,HistoryMargin-Static,45,291,548,slow_lead_following,False,False,False,True,3.2061363153211144,9.905761547530886
20300919,idm_brake3,HistoryMargin-Static,46,245,437,stop_and_go,False,False,False,True,3.163056276118608,3.688177938507465
20300919,idm_brake3,HistoryMargin-Static,47,286,543,slow_lead_following,False,False,False,True,3.2058956352297945,7.295758754788125
20300919,idm_brake3,HistoryMargin-Static,48,243,435,stop_and_go,False,False,False,True,2.431281061478632,12.778906769573979
20300919,idm_brake3,HistoryMargin-Static,49,48,50,fast_intrusion,False,False,False,True,3.1744209513429498,8.708617492149074
20300919,idm_brake3,HistoryMargin-Static,50,63,66,fast_intrusion,False,False,False,True,3.221489131248621,8.214410436325409
20300919,idm_delay07_brake3,HistoryMargin-Static,1,311,568,slow_lead_following,True,True,False,False,0.6431327212714333,0.0
20300919,idm_delay07_brake3,HistoryMargin-Static,2,84,149,cutin_braking,True,True,False,False,0.8200636150659766,0.005395292628151083
20300919,idm_delay07_brake3,HistoryMargin-Static,3,295,552,slow_lead_following,True,True,False,False,0.6903178260042446,0.0
20300919,idm_delay07_brake3,HistoryMargin-Static,4,256,512,slow_lead_following,True,True,False,False,0.6293721546236071,0.0
20300919,idm_delay07_brake3,HistoryMargin-Static,5,2,2,fast_intrusion,True,True,False,False,0.6854069334920726,0.0
20300919,idm_delay07_brake3,HistoryMargin-Static,6,76,141,cutin_braking,True,True,False,False,0.6274669144042546,0.0
20300919,idm_delay07_brake3,HistoryMargin-Static,7,6,6,fast_intrusion,True,True,False,False,0.8854278678052515,0.0
20300919,idm_delay07_brake3,HistoryMargin-Static,8,264,520,slow_lead_following,True,True,False,False,0.8458701773270746,0.0
20300919,idm_delay07_brake3,HistoryMargin-Static,9,152,280,lead_braking,True,True,False,False,0.7615254802327459,0.0
20300919,idm_delay07_brake3,HistoryMargin-Static,10,229,421,stop_and_go,True,True,False,False,1.237738714378868,0.0
20300919,idm_delay07_brake3,HistoryMargin-Static,11,59,62,fast_intrusion,True,True,False,False,0.8195486784401124,1.4210854715202004e-14
20300919,idm_delay07_brake3,HistoryMargin-Static,12,29,30,fast_intrusion,True,True,False,False,1.09382299606814,1.0013198291900815e-14
20300919,idm_delay07_brake3,HistoryMargin-Static,13,14,14,fast_intrusion,True,True,False,False,1.0094414658261974,0.0
20300919,idm_delay07_brake3,HistoryMargin-Static,14,303,560,slow_lead_following,True,True,False,False,0.8730987361291406,0.0
20300919,idm_delay07_brake3,HistoryMargin-Static,15,176,304,lead_braking,True,True,False,False,0.49079150004508854,0.0
20300919,idm_delay07_brake3,HistoryMargin-Static,16,168,296,lead_braking,True,True,False,False,0.8099529079704433,0.0
20300919,idm_delay07_brake3,HistoryMargin-Static,17,310,567,slow_lead_following,True,True,False,False,1.3261618484795186,0.0
20300919,idm_delay07_brake3,HistoryMargin-Static,18,138,266,lead_braking,False,False,True,True,0.9879225470324935,2.503662171760851
20300919,idm_delay07_brake3,HistoryMargin-Static,19,115,181,cutin_braking,True,True,False,False,0.8874705743794711,0.0
20300919,idm_delay07_brake3,HistoryMargin-Static,20,44,46,fast_intrusion,True,True,False,False,1.2451710745004032,0.0
20300919,idm_delay07_brake3,HistoryMargin-Static,21,197,389,stop_and_go,True,True,False,False,1.2031006115932041,0.0
20300919,idm_delay07_brake3,HistoryMargin-Static,22,9,9,fast_intrusion,True,True,False,False,1.3742617266476163,0.006874022642863255
20300919,idm_delay07_brake3,HistoryMargin-Static,23,319,576,slow_lead_following,True,True,False,False,1.3982752139861458,0.0
20300919,idm_delay07_brake3,HistoryMargin-Static,24,263,519,slow_lead_following,True,True,False,False,1.6367657621564946,0.0
20300919,idm_delay07_brake3,HistoryMargin-Static,25,39,41,fast_intrusion,True,True,False,False,1.5221507743435383,0.0
20300919,idm_delay07_brake3,HistoryMargin-Static,26,88,153,cutin_braking,True,True,False,False,0.7066301959673003,2.842170943040401e-14
20300919,idm_delay07_brake3,HistoryMargin-Static,27,123,189,cutin_braking,True,True,False,False,0.7139646028903316,0.001402960430738176
20300919,idm_delay07_brake3,HistoryMargin-Static,28,223,415,stop_and_go,False,False,True,True,1.4203526785926204,8.139490916845205
20300919,idm_delay07_brake3,HistoryMargin-Static,29,213,405,stop_and_go,True,True,False,False,0.6903147187287991,0.0
20300919,idm_delay07_brake3,HistoryMargin-Static,30,24,25,fast_intrusion,True,True,False,False,1.6928276506466278,0.0
20300919,idm_delay07_brake3,HistoryMargin-Static,31,104,170,cutin_braking,True,True,False,False,1.0683595471636673,0.0025893272183736826
20300919,idm_delay07_brake3,HistoryMargin-Static,32,40,42,fast_intrusion,True,True,False,False,1.831003499272439,0.0
20300919,idm_delay07_brake3,HistoryMargin-Static,33,184,312,lead_braking,True,True,False,False,1.4767061482910264,0.0
20300919,idm_delay07_brake3,HistoryMargin-Static,34,92,157,cutin_braking,True,True,False,False,0.6507940332782164,0.0012417767729004936
20300919,idm_delay07_brake3,HistoryMargin-Static,35,205,397,stop_and_go,True,True,False,False,0.9083921246791518,2.842170943040401e-14
20300919,idm_delay07_brake3,HistoryMargin-Static,36,232,424,stop_and_go,False,False,False,True,2.071207039542622,15.357563381755
20300919,idm_delay07_brake3,HistoryMargin-Static,37,315,572,slow_lead_following,False,False,True,True,2.01928217312408,0.9644655514937313
20300919,idm_delay07_brake3,HistoryMargin-Static,38,287,544,slow_lead_following,False,False,False,True,2.076333355830398,1.3104422511041918
20300919,idm_delay07_brake3,HistoryMargin-Static,39,18,18,fast_intrusion,False,False,False,True,2.0924891728314585,1.410941415167062
20300919,idm_delay07_brake3,HistoryMargin-Static,40,128,256,lead_braking,True,True,False,False,0.6382048310867121,0.0
20300919,idm_delay07_brake3,HistoryMargin-Static,41,299,556,slow_lead_following,False,False,False,True,2.2299737071573804,2.2911690205456807
20300919,idm_delay07_brake3,HistoryMargin-Static,42,283,540,slow_lead_following,False,False,False,True,2.265467369472891,2.5281005541810373
20300919,idm_delay07_brake3,HistoryMargin-Static,43,1,1,fast_intrusion,False,False,False,True,2.115836791688717,1.5108258857659962
20300919,idm_delay07_brake3,HistoryMargin-Static,44,276,532,slow_lead_following,False,False,False,True,2.123114339882801,1.6025808459876885
20300919,idm_delay07_brake3,HistoryMargin-Static,45,291,548,slow_lead_following,False,False,False,True,2.2468579954188845,2.4040791012446903
20300919,idm_delay07_brake3,HistoryMargin-Static,46,245,437,stop_and_go,True,True,False,False,1.4844995056372638,0.0
20300919,idm_delay07_brake3,HistoryMargin-Static,47,286,543,slow_lead_following,False,False,False,True,2.2380902674026495,2.2843376368034427
20300919,idm_delay07_brake3,HistoryMargin-Static,48,243,435,stop_and_go,False,False,True,True,0.9594728766025589,2.4339619368004435
20300919,idm_delay07_brake3,HistoryMargin-Static,49,48,50,fast_intrusion,False,False,False,True,2.266956940020978,2.5389161037935253
20300919,idm_delay07_brake3,HistoryMargin-Static,50,63,66,fast_intrusion,False,False,False,True,2.284265621842982,2.6542669464466258
20300919,idm_delay07,RiskDiverse-Static,1,311,568,slow_lead_following,True,True,False,False,0.7008794705414783,0.0
20300919,idm_delay07,RiskDiverse-Static,2,84,149,cutin_braking,True,True,False,False,0.8767792414312521,0.005395292628151083
20300919,idm_delay07,RiskDiverse-Static,3,2,2,fast_intrusion,True,True,False,False,0.8546629663983272,2.842170943040401e-14
20300919,idm_delay07,RiskDiverse-Static,4,76,141,cutin_braking,True,True,False,False,0.7095283368565446,0.0032941959401853182
20300919,idm_delay07,RiskDiverse-Static,5,6,6,fast_intrusion,True,True,False,False,1.0577066144092064,0.0
20300919,idm_delay07,RiskDiverse-Static,6,152,280,lead_braking,True,True,False,False,0.8873232901004732,0.0
20300919,idm_delay07,RiskDiverse-Static,7,229,421,stop_and_go,True,True,False,False,1.3763517315666645,0.0
20300919,idm_delay07,RiskDiverse-Static,8,176,304,lead_braking,True,True,False,False,0.6090853298403145,0.0
20300919,idm_delay07,RiskDiverse-Static,9,59,62,fast_intrusion,True,True,False,False,1.2210612608194593,1.4210854715202004e-14
20300919,idm_delay07,RiskDiverse-Static,10,14,14,fast_intrusion,True,True,False,False,1.3992037129111796,0.0
20300919,idm_delay07,RiskDiverse-Static,11,138,266,lead_braking,False,False,True,True,1.342884268624428,8.717545705799239
20300919,idm_delay07,RiskDiverse-Static,12,197,389,stop_and_go,True,True,False,False,1.509679077021213,0.0
20300919,idm_delay07,RiskDiverse-Static,13,9,9,fast_intrusion,True,True,False,False,1.3742617266476163,0.006874409572120223
20300919,idm_delay07,RiskDiverse-Static,14,44,46,fast_intrusion,False,False,True,True,1.572263783888281,0.9765014161724821
20300919,idm_delay07,RiskDiverse-Static,15,223,415,stop_and_go,False,False,False,True,2.8040099959735385,15.370877814216442
20300919,idm_delay07,RiskDiverse-Static,16,213,405,stop_and_go,True,True,False,False,0.9202563721043724,0.0
20300919,idm_delay07,RiskDiverse-Static,17,88,153,cutin_braking,True,True,False,False,1.3063564350891224,0.0
20300919,idm_delay07,RiskDiverse-Static,18,168,296,lead_braking,True,True,False,False,1.1938524360574765,0.0
20300919,idm_delay07,RiskDiverse-Static,19,184,312,lead_braking,False,False,False,True,1.9221757304616403,1.521777110905191
20300919,idm_delay07,RiskDiverse-Static,20,29,30,fast_intrusion,True,True,False,False,1.317694421527591,0.0
20300919,idm_delay07,RiskDiverse-Static,21,39,41,fast_intrusion,False,False,True,True,1.5465739806373053,0.28439130807603874
20300919,idm_delay07,RiskDiverse-Static,22,263,519,slow_lead_following,False,False,False,True,1.6762464599664575,1.3204878636448996
20300919,idm_delay07,RiskDiverse-Static,23,115,181,cutin_braking,True,True,False,False,1.148889524825364,2.842170943040401e-14
20300919,idm_delay07,RiskDiverse-Static,24,205,397,stop_and_go,False,False,True,True,2.004302830095092,0.4679470064276785
20300919,idm_delay07,RiskDiverse-Static,25,166,294,lead_braking,False,False,False,True,3.281441088106285,24.611108464755546
20300919,idm_delay07,RiskDiverse-Static,26,232,424,stop_and_go,False,False,False,True,2.9951015805266996,19.369797145403993
20300919,idm_delay07,RiskDiverse-Static,27,276,532,slow_lead_following,False,False,False,True,2.359051622990769,8.362170328488972
20300919,idm_delay07,RiskDiverse-Static,28,104,170,cutin_braking,True,True,False,False,1.4230573937508348,0.0
20300919,idm_delay07,RiskDiverse-Static,29,156,284,lead_braking,False,False,False,True,3.8295112374673526,13.376770160169144
20300919,idm_delay07,RiskDiverse-Static,30,201,393,stop_and_go,False,False,False,True,1.9842967750937595,5.218556545947365
20300919,idm_delay07,RiskDiverse-Static,31,202,394,stop_and_go,False,False,False,True,2.6506951019456553,3.6576602038039
20300919,idm_delay07,RiskDiverse-Static,32,128,256,lead_braking,True,True,False,False,0.9546708827786545,0.0
20300919,idm_delay07,RiskDiverse-Static,33,89,154,cutin_braking,True,True,False,False,1.0134826074041547,0.0
20300919,idm_delay07,RiskDiverse-Static,34,54,57,fast_intrusion,False,False,False,True,2.0553196750854013,1.6571695290427277
20300919,idm_delay07,RiskDiverse-Static,35,31,32,fast_intrusion,False,False,False,True,2.511295125613593,9.290033741238801
20300919,idm_delay07,RiskDiverse-Static,36,47,49,fast_intrusion,False,False,False,True,2.7110794520521093,5.591620603877317
20300919,idm_delay07,RiskDiverse-Static,37,189,317,lead_braking,False,False,False,True,4.1054596867008994,22.403448339207102
20300919,idm_delay07,RiskDiverse-Static,38,196,388,stop_and_go,False,False,False,True,4.6565955154484895,17.353553244377792
20300919,idm_delay07,RiskDiverse-Static,39,136,264,lead_braking,False,False,True,True,1.161572998161845,0.1246794443409982
20300919,idm_delay07,RiskDiverse-Static,40,171,299,lead_braking,False,False,True,True,1.1582964247305747,3.379600323651303
20300919,idm_delay07,RiskDiverse-Static,41,65,129,cutin_braking,False,False,True,True,1.3954184892077317,3.8702419100657437
20300919,idm_delay07,RiskDiverse-Static,42,145,273,lead_braking,False,False,False,True,4.032013518647176,27.06680657153632
20300919,idm_delay07,RiskDiverse-Static,43,16,16,fast_intrusion,False,False,False,True,2.928452821973848,11.877310536070496
20300919,idm_delay07,RiskDiverse-Static,44,186,314,lead_braking,False,False,False,True,3.537013243489108,16.04064943129916
20300919,idm_delay07,RiskDiverse-Static,45,299,556,slow_lead_following,False,False,False,True,2.3084940515781667,7.258847080318759
20300919,idm_delay07,RiskDiverse-Static,46,55,58,fast_intrusion,False,False,False,True,2.7600357277197203,9.230456962936229
20300919,idm_delay07,RiskDiverse-Static,47,188,316,lead_braking,False,False,False,True,2.1853450322713486,7.593263536203693
20300919,idm_delay07,RiskDiverse-Static,48,123,189,cutin_braking,True,True,False,False,1.020116190775929,0.0010087873231157118
20300919,idm_delay07,RiskDiverse-Static,49,33,34,fast_intrusion,False,False,False,True,2.5583182223866037,6.5838280124684445
20300919,idm_delay07,RiskDiverse-Static,50,25,26,fast_intrusion,False,False,False,True,2.9925418364350818,12.370980050752763
20300919,idm_brake3,RiskDiverse-Static,1,311,568,slow_lead_following,True,True,False,False,1.2018033842400433,0.0
20300919,idm_brake3,RiskDiverse-Static,2,84,149,cutin_braking,True,True,False,False,1.6261537214121504,0.0030876870922043054
20300919,idm_brake3,RiskDiverse-Static,3,2,2,fast_intrusion,True,True,False,False,1.54986711392568,0.0
20300919,idm_brake3,RiskDiverse-Static,4,76,141,cutin_braking,True,True,False,False,0.8244139913449783,0.0
20300919,idm_brake3,RiskDiverse-Static,5,6,6,fast_intrusion,True,True,False,False,1.8481164562756656,0.0
20300919,idm_brake3,RiskDiverse-Static,6,152,280,lead_braking,True,True,False,False,1.2343213928501184,0.0
20300919,idm_brake3,RiskDiverse-Static,7,229,421,stop_and_go,True,True,False,False,1.4265286247073818,0.0
20300919,idm_brake3,RiskDiverse-Static,8,176,304,lead_braking,True,True,False,False,0.4962218571177114,0.0
20300919,idm_brake3,RiskDiverse-Static,9,59,62,fast_intrusion,False,False,True,True,1.9491663123296117,0.5526544199762498
20300919,idm_brake3,RiskDiverse-Static,10,14,14,fast_intrusion,False,False,False,True,2.1597229619574314,1.8182959941661352
20300919,idm_brake3,RiskDiverse-Static,11,138,266,lead_braking,False,False,True,True,1.4973032787162723,10.281574055799638
20300919,idm_brake3,RiskDiverse-Static,12,197,389,stop_and_go,True,True,False,False,2.4636609307493167,0.0
20300919,idm_brake3,RiskDiverse-Static,13,9,9,fast_intrusion,False,False,True,True,2.3726092581739806,0.6483461413089913
20300919,idm_brake3,RiskDiverse-Static,14,44,46,fast_intrusion,False,False,False,True,2.379698770867141,3.160906724637016
20300919,idm_brake3,RiskDiverse-Static,15,223,415,stop_and_go,False,False,False,True,2.494362202228867,16.55218439162755
20300919,idm_brake3,RiskDiverse-Static,16,213,405,stop_and_go,True,True,False,False,0.8608745409584626,0.0
20300919,idm_brake3,RiskDiverse-Static,17,88,153,cutin_braking,False,False,False,True,1.8220889317582356,1.644506894508396
20300919,idm_brake3,RiskDiverse-Static,18,168,296,lead_braking,True,True,False,False,1.351721113526423,0.0
20300919,idm_brake3,RiskDiverse-Static,19,184,312,lead_braking,False,False,False,True,1.999434834861511,2.4720415582656585
20300919,idm_brake3,RiskDiverse-Static,20,29,30,fast_intrusion,False,False,False,True,2.12731947713635,1.4319252530846711
20300919,idm_brake3,RiskDiverse-Static,21,39,41,fast_intrusion,False,False,False,True,2.4916080182318487,2.623469608576926
20300919,idm_brake3,RiskDiverse-Static,22,263,519,slow_lead_following,False,False,False,True,2.576685337330522,3.90722734878554
20300919,idm_brake3,RiskDiverse-Static,23,115,181,cutin_braking,False,False,True,True,2.0238580680072205,0.5915512711819133
20300919,idm_brake3,RiskDiverse-Static,24,205,397,stop_and_go,False,False,False,True,2.3435182873287306,1.8921182842015867
20300919,idm_brake3,RiskDiverse-Static,25,166,294,lead_braking,False,False,False,True,3.3358024034279783,26.82019727999952
20300919,idm_brake3,RiskDiverse-Static,26,232,424,stop_and_go,False,False,False,True,2.8628918658151914,21.103401536658936
20300919,idm_brake3,RiskDiverse-Static,27,276,532,slow_lead_following,False,False,False,True,3.1989341520087122,10.108668111339028
20300919,idm_brake3,RiskDiverse-Static,28,104,170,cutin_braking,True,True,False,False,1.0979628631139913,0.0
20300919,idm_brake3,RiskDiverse-Static,29,156,284,lead_braking,False,False,False,True,2.712728544355449,13.647243689545064
20300919,idm_brake3,RiskDiverse-Static,30,201,393,stop_and_go,False,False,True,True,1.265166565377843,4.263998083840534
20300919,idm_brake3,RiskDiverse-Static,31,202,394,stop_and_go,False,False,False,True,3.894283174818041,5.001912773837745
20300919,idm_brake3,RiskDiverse-Static,32,128,256,lead_braking,True,True,False,False,0.8707842078507706,0.0
20300919,idm_brake3,RiskDiverse-Static,33,89,154,cutin_braking,True,True,False,False,0.8441405822177772,0.00021229509277986836
20300919,idm_brake3,RiskDiverse-Static,34,54,57,fast_intrusion,False,False,False,True,3.1931247546807437,3.7249272894307808
20300919,idm_brake3,RiskDiverse-Static,35,31,32,fast_intrusion,False,False,False,True,3.3717304248652282,11.033416748867069
20300919,idm_brake3,RiskDiverse-Static,36,47,49,fast_intrusion,False,False,False,True,3.9142366244976343,8.015380682626784
20300919,idm_brake3,RiskDiverse-Static,37,189,317,lead_braking,False,False,False,True,3.8562399178254525,24.057383366165396
20300919,idm_brake3,RiskDiverse-Static,38,196,388,stop_and_go,False,False,False,True,4.3966200243021065,18.90037274947224
20300919,idm_brake3,RiskDiverse-Static,39,136,264,lead_braking,False,False,False,True,1.561844869725792,2.418579567966546
20300919,idm_brake3,RiskDiverse-Static,40,171,299,lead_braking,False,False,True,True,1.3490937406579653,5.352787209170842
20300919,idm_brake3,RiskDiverse-Static,41,65,129,cutin_braking,False,False,False,True,1.5623646297388765,5.290496741441274
20300919,idm_brake3,RiskDiverse-Static,42,145,273,lead_braking,False,False,False,True,4.137945733357107,29.177397080959736
20300919,idm_brake3,RiskDiverse-Static,43,16,16,fast_intrusion,False,False,False,True,3.8580447508366604,13.860593467285241
20300919,idm_brake3,RiskDiverse-Static,44,186,314,lead_braking,False,False,False,True,2.9082561309331925,16.79800368814054
20300919,idm_brake3,RiskDiverse-Static,45,299,556,slow_lead_following,False,False,False,True,3.178459157962169,9.553932251688295
20300919,idm_brake3,RiskDiverse-Static,46,55,58,fast_intrusion,False,False,False,True,3.7275850909985095,11.429069611844284
20300919,idm_brake3,RiskDiverse-Static,47,188,316,lead_braking,False,False,False,True,2.7264613720427286,9.950427063533894
20300919,idm_brake3,RiskDiverse-Static,48,123,189,cutin_braking,True,True,False,False,1.1431514790997537,0.0
20300919,idm_brake3,RiskDiverse-Static,49,33,34,fast_intrusion,False,False,False,True,3.5855634709672524,8.949537452923408
20300919,idm_brake3,RiskDiverse-Static,50,25,26,fast_intrusion,False,False,False,True,3.9555703318738398,14.515705049217047
20300919,idm_delay07_brake3,RiskDiverse-Static,1,311,568,slow_lead_following,True,True,False,False,0.6431327212714333,0.0
20300919,idm_delay07_brake3,RiskDiverse-Static,2,84,149,cutin_braking,True,True,False,False,0.8200636150659766,0.005395292628151083
20300919,idm_delay07_brake3,RiskDiverse-Static,3,2,2,fast_intrusion,True,True,False,False,0.6854069334920726,0.0
20300919,idm_delay07_brake3,RiskDiverse-Static,4,76,141,cutin_braking,True,True,False,False,0.6274669144042546,0.0
20300919,idm_delay07_brake3,RiskDiverse-Static,5,6,6,fast_intrusion,True,True,False,False,0.8854278678052515,0.0
20300919,idm_delay07_brake3,RiskDiverse-Static,6,152,280,lead_braking,True,True,False,False,0.7615254802327459,0.0
20300919,idm_delay07_brake3,RiskDiverse-Static,7,229,421,stop_and_go,True,True,False,False,1.237738714378868,0.0
20300919,idm_delay07_brake3,RiskDiverse-Static,8,176,304,lead_braking,True,True,False,False,0.49079150004508854,0.0
20300919,idm_delay07_brake3,RiskDiverse-Static,9,59,62,fast_intrusion,True,True,False,False,0.8195486784401124,1.4210854715202004e-14
20300919,idm_delay07_brake3,RiskDiverse-Static,10,14,14,fast_intrusion,True,True,False,False,1.0094414658261974,0.0
20300919,idm_delay07_brake3,RiskDiverse-Static,11,138,266,lead_braking,False,False,True,True,0.9879225470324935,2.503662171760851
20300919,idm_delay07_brake3,RiskDiverse-Static,12,197,389,stop_and_go,True,True,False,False,1.2031006115932041,0.0
20300919,idm_delay07_brake3,RiskDiverse-Static,13,9,9,fast_intrusion,True,True,False,False,1.3742617266476163,0.006874022642863255
20300919,idm_delay07_brake3,RiskDiverse-Static,14,44,46,fast_intrusion,True,True,False,False,1.2451710745004032,0.0
20300919,idm_delay07_brake3,RiskDiverse-Static,15,223,415,stop_and_go,False,False,True,True,1.4203526785926204,8.139490916845205
20300919,idm_delay07_brake3,RiskDiverse-Static,16,213,405,stop_and_go,True,True,False,False,0.6903147187287991,0.0
20300919,idm_delay07_brake3,RiskDiverse-Static,17,88,153,cutin_braking,True,True,False,False,0.7066301959673003,2.842170943040401e-14
20300919,idm_delay07_brake3,RiskDiverse-Static,18,168,296,lead_braking,True,True,False,False,0.8099529079704433,0.0
20300919,idm_delay07_brake3,RiskDiverse-Static,19,184,312,lead_braking,True,True,False,False,1.4767061482910264,0.0
20300919,idm_delay07_brake3,RiskDiverse-Static,20,29,30,fast_intrusion,True,True,False,False,1.09382299606814,1.0013198291900815e-14
20300919,idm_delay07_brake3,RiskDiverse-Static,21,39,41,fast_intrusion,True,True,False,False,1.5221507743435383,0.0
20300919,idm_delay07_brake3,RiskDiverse-Static,22,263,519,slow_lead_following,True,True,False,False,1.6367657621564946,0.0
20300919,idm_delay07_brake3,RiskDiverse-Static,23,115,181,cutin_braking,True,True,False,False,0.8874705743794711,0.0
20300919,idm_delay07_brake3,RiskDiverse-Static,24,205,397,stop_and_go,True,True,False,False,0.9083921246791518,2.842170943040401e-14
20300919,idm_delay07_brake3,RiskDiverse-Static,25,166,294,lead_braking,False,False,False,True,2.635942243247493,21.825439400813394
20300919,idm_delay07_brake3,RiskDiverse-Static,26,232,424,stop_and_go,False,False,False,True,2.071207039542622,15.357563381755
20300919,idm_delay07_brake3,RiskDiverse-Static,27,276,532,slow_lead_following,False,False,False,True,2.123114339882801,1.6025808459876885
20300919,idm_delay07_brake3,RiskDiverse-Static,28,104,170,cutin_braking,True,True,False,False,1.0683595471636673,0.0025893272183736826
20300919,idm_delay07_brake3,RiskDiverse-Static,29,156,284,lead_braking,False,False,True,True,1.253893418278093,4.725482489223765
20300919,idm_delay07_brake3,RiskDiverse-Static,30,201,393,stop_and_go,True,True,False,False,0.46117597833619955,0.0
20300919,idm_delay07_brake3,RiskDiverse-Static,31,202,394,stop_and_go,True,True,False,False,1.4975933604371818,0.0
20300919,idm_delay07_brake3,RiskDiverse-Static,32,128,256,lead_braking,True,True,False,False,0.6382048310867121,0.0
20300919,idm_delay07_brake3,RiskDiverse-Static,33,89,154,cutin_braking,True,True,False,False,0.7998356617457779,0.0
20300919,idm_delay07_brake3,RiskDiverse-Static,34,54,57,fast_intrusion,False,False,True,True,2.0553196750854013,0.529786589645795
20300919,idm_delay07_brake3,RiskDiverse-Static,35,31,32,fast_intrusion,False,False,False,True,2.456266830081991,3.8652482780750574
20300919,idm_delay07_brake3,RiskDiverse-Static,36,47,49,fast_intrusion,False,False,False,True,2.7110794520521093,4.055126828472567
20300919,idm_delay07_brake3,RiskDiverse-Static,37,189,317,lead_braking,False,False,False,True,3.332337823758469,20.71482658232688
20300919,idm_delay07_brake3,RiskDiverse-Static,38,196,388,stop_and_go,False,False,False,True,3.125459977284631,13.757022648430706
20300919,idm_delay07_brake3,RiskDiverse-Static,39,136,264,lead_braking,True,True,False,False,0.6407089749580941,0.0
20300919,idm_delay07_brake3,RiskDiverse-Static,40,171,299,lead_braking,True,True,False,False,0.6494562606749217,0.0
20300919,idm_delay07_brake3,RiskDiverse-Static,41,65,129,cutin_braking,True,True,False,False,0.8113610968309585,0.0
20300919,idm_delay07_brake3,RiskDiverse-Static,42,145,273,lead_braking,False,False,False,True,3.313727845977937,25.21558503346114
20300919,idm_delay07_brake3,RiskDiverse-Static,43,16,16,fast_intrusion,False,False,False,True,2.928452821973848,7.56837607737171
20300919,idm_delay07_brake3,RiskDiverse-Static,44,186,314,lead_braking,False,False,False,True,1.5784919649311242,8.234456503550973
20300919,idm_delay07_brake3,RiskDiverse-Static,45,299,556,slow_lead_following,False,False,False,True,2.2299737071573804,2.2911690205456807
20300919,idm_delay07_brake3,RiskDiverse-Static,46,55,58,fast_intrusion,False,False,False,True,2.7600357277197203,5.973056468688043
20300919,idm_delay07_brake3,RiskDiverse-Static,47,188,316,lead_braking,False,False,False,True,1.516076887865526,3.4767695813820865
20300919,idm_delay07_brake3,RiskDiverse-Static,48,123,189,cutin_braking,True,True,False,False,0.7139646028903316,0.001402960430738176
20300919,idm_delay07_brake3,RiskDiverse-Static,49,33,34,fast_intrusion,False,False,False,True,2.5583182223866037,4.193053093673281
20300919,idm_delay07_brake3,RiskDiverse-Static,50,25,26,fast_intrusion,False,False,False,True,2.9925418364350818,8.079073786959384
20301003,idm_delay07,ModeQuantile-Static,1,7,7,fast_intrusion,True,True,False,False,0.7872599462036323,0.0
20301003,idm_delay07,ModeQuantile-Static,2,107,174,cutin_braking,True,True,False,False,0.9960381595514085,0.0
20301003,idm_delay07,ModeQuantile-Static,3,156,284,lead_braking,True,True,False,False,0.5975489890785408,0.0
20301003,idm_delay07,ModeQuantile-Static,4,232,424,stop_and_go,True,True,False,False,1.1884855881694425,0.0
20301003,idm_delay07,ModeQuantile-Static,5,296,552,slow_lead_following,True,True,False,False,0.6321808738149024,0.0
20301003,idm_delay07,ModeQuantile-Static,6,21,23,fast_intrusion,True,True,False,False,0.8760518307707184,0.0
20301003,idm_delay07,ModeQuantile-Static,7,85,150,cutin_braking,True,True,False,False,1.1900656106056204,2.842170943040401e-14
20301003,idm_delay07,ModeQuantile-Static,8,164,292,lead_braking,True,True,False,False,0.6378605283442683,0.0
20301003,idm_delay07,ModeQuantile-Static,9,216,408,stop_and_go,True,True,False,False,1.3953807767605175,0.0
20301003,idm_delay07,ModeQuantile-Static,10,280,536,slow_lead_following,True,True,False,False,0.7732987220861335,0.0
20301003,idm_delay07,ModeQuantile-Static,11,29,31,fast_intrusion,True,True,False,False,1.0029146694999296,0.0
20301003,idm_delay07,ModeQuantile-Static,12,89,154,cutin_braking,True,True,False,False,1.278396377430657,0.0009627863172738671
20301003,idm_delay07,ModeQuantile-Static,13,180,308,lead_braking,True,True,False,False,0.9770924694862007,0.0
20301003,idm_delay07,ModeQuantile-Static,14,192,384,stop_and_go,True,True,False,False,1.8037425010104,0.0
20301003,idm_delay07,ModeQuantile-Static,15,288,544,slow_lead_following,True,True,False,False,1.210809480007941,0.0
20301003,idm_delay07,ModeQuantile-Static,16,37,39,fast_intrusion,True,True,False,False,0.9725813388671857,0.0007224643994447888
20301003,idm_delay07,ModeQuantile-Static,17,70,134,cutin_braking,False,False,False,True,1.827691633950898,1.1469478554725185
20301003,idm_delay07,ModeQuantile-Static,18,132,260,lead_braking,True,True,False,False,1.3295305008600762,0.0
20301003,idm_delay07,ModeQuantile-Static,19,200,392,stop_and_go,True,True,False,False,1.1166993920908501,0.0
20301003,idm_delay07,ModeQuantile-Static,20,312,568,slow_lead_following,True,True,False,False,1.2547976899103506,0.0
20301003,idm_delay07,ModeQuantile-Static,21,25,27,fast_intrusion,True,True,False,False,1.3067600730479934,2.842170943040401e-14
20301003,idm_delay07,ModeQuantile-Static,22,115,182,cutin_braking,True,True,False,False,1.5486757638807078,0.0
20301003,idm_delay07,ModeQuantile-Static,23,128,256,lead_braking,False,False,True,True,1.2475033027242446,5.904808311445876
20301003,idm_delay07,ModeQuantile-Static,24,222,414,stop_and_go,False,False,False,True,3.0855938141266495,12.878885572213221
20301003,idm_delay07,ModeQuantile-Static,25,256,512,slow_lead_following,False,False,True,True,1.4583404085848959,0.13427557788270406
20301003,idm_delay07,ModeQuantile-Static,26,48,51,fast_intrusion,False,False,False,True,1.805065405182987,2.918723839908381
20301003,idm_delay07,ModeQuantile-Static,27,110,177,cutin_braking,False,False,True,True,1.837570204280276,0.5198659262440515
20301003,idm_delay07,ModeQuantile-Static,28,150,278,lead_braking,False,False,False,True,2.8298169288039134,18.724084271834926
20301003,idm_delay07,ModeQuantile-Static,29,242,434,stop_and_go,False,False,False,True,3.156588664128643,20.005260471595165
20301003,idm_delay07,ModeQuantile-Static,30,264,520,slow_lead_following,False,False,True,True,1.501329118151856,0.44728245910427233
20301003,idm_delay07,ModeQuantile-Static,31,56,59,fast_intrusion,False,False,False,True,1.798958814383992,2.654695101326632
20301003,idm_delay07,ModeQuantile-Static,32,111,178,cutin_braking,False,False,True,True,1.3533488773747286,1.2520118813406214
20301003,idm_delay07,ModeQuantile-Static,33,172,300,lead_braking,True,True,False,False,0.8219493237244603,0.0
20301003,idm_delay07,ModeQuantile-Static,34,228,420,stop_and_go,False,False,False,True,2.600626841201793,2.098770268494576
20301003,idm_delay07,ModeQuantile-Static,35,263,519,slow_lead_following,True,True,False,False,1.4575794261712174,0.0
20301003,idm_delay07,ModeQuantile-Static,36,60,64,fast_intrusion,False,False,False,True,1.6626015167287531,1.1583976050079885
20301003,idm_delay07,ModeQuantile-Static,37,103,170,cutin_braking,False,False,False,True,2.069498198147921,4.684209052393982
20301003,idm_delay07,ModeQuantile-Static,38,148,276,lead_braking,False,False,True,True,2.042401348135167,0.8241487415534579
20301003,idm_delay07,ModeQuantile-Static,39,238,430,stop_and_go,False,False,False,True,3.6942698804876923,13.167899357011748
20301003,idm_delay07,ModeQuantile-Static,40,268,524,slow_lead_following,False,False,False,True,1.582768999832876,1.06536265248198
20301003,idm_delay07,ModeQuantile-Static,41,45,48,fast_intrusion,False,False,True,True,1.6200407576525078,0.03946841751047714
20301003,idm_delay07,ModeQuantile-Static,42,119,186,cutin_braking,False,False,True,True,1.0383272657386846,0.6952360744575685
20301003,idm_delay07,ModeQuantile-Static,43,188,316,lead_braking,False,False,False,True,2.2706107105857725,3.419377207582343
20301003,idm_delay07,ModeQuantile-Static,44,248,440,stop_and_go,True,True,False,False,2.438547638104822,0.0
20301003,idm_delay07,ModeQuantile-Static,45,304,560,slow_lead_following,False,False,False,True,1.7607816197175075,2.489900007699916
20301003,idm_delay07,ModeQuantile-Static,46,53,56,fast_intrusion,False,False,False,True,1.7411755820527726,1.5860314194900695
20301003,idm_delay07,ModeQuantile-Static,47,105,172,cutin_braking,False,False,False,True,2.9200427131742366,15.835893606095823
20301003,idm_delay07,ModeQuantile-Static,48,166,294,lead_braking,False,False,False,True,2.8866887987093413,18.989932572625023
20301003,idm_delay07,ModeQuantile-Static,49,194,386,stop_and_go,False,False,False,True,3.678355617342085,20.489419783191494
20301003,idm_delay07,ModeQuantile-Static,50,316,572,slow_lead_following,False,False,False,True,1.82081709784887,3.062178272524932
20301003,idm_brake3,ModeQuantile-Static,1,7,7,fast_intrusion,True,True,False,False,1.4076138208347933,0.0
20301003,idm_brake3,ModeQuantile-Static,2,107,174,cutin_braking,True,True,False,False,1.792659262398515,0.0
20301003,idm_brake3,ModeQuantile-Static,3,156,284,lead_braking,True,True,False,False,0.5846220116850032,0.0
20301003,idm_brake3,ModeQuantile-Static,4,232,424,stop_and_go,True,True,False,False,2.0348705612669398,0.0
20301003,idm_brake3,ModeQuantile-Static,5,296,552,slow_lead_following,True,True,False,False,0.9590814867976389,0.0
20301003,idm_brake3,ModeQuantile-Static,6,21,23,fast_intrusion,True,True,False,False,1.558940738749814,0.0
20301003,idm_brake3,ModeQuantile-Static,7,85,150,cutin_braking,True,True,False,False,0.9153452771508723,0.0
20301003,idm_brake3,ModeQuantile-Static,8,164,292,lead_braking,True,True,False,False,0.6856829350483029,0.0
20301003,idm_brake3,ModeQuantile-Static,9,216,408,stop_and_go,True,True,False,False,1.7272772300980623,0.0
20301003,idm_brake3,ModeQuantile-Static,10,280,536,slow_lead_following,True,True,False,False,1.3990030213575289,0.0
20301003,idm_brake3,ModeQuantile-Static,11,29,31,fast_intrusion,True,True,False,False,1.801273725421419,3.9857440264912114e-15
20301003,idm_brake3,ModeQuantile-Static,12,89,154,cutin_braking,False,False,False,True,1.7389751439609475,1.0462745768892887
20301003,idm_brake3,ModeQuantile-Static,13,180,308,lead_braking,True,True,False,False,0.8743527877493641,0.0
20301003,idm_brake3,ModeQuantile-Static,14,192,384,stop_and_go,True,True,False,False,1.3390351462588614,0.0
20301003,idm_brake3,ModeQuantile-Static,15,288,544,slow_lead_following,False,False,True,True,1.9893519373445014,0.7864987983952432
20301003,idm_brake3,ModeQuantile-Static,16,37,39,fast_intrusion,True,True,False,False,1.6906959104900576,0.0
20301003,idm_brake3,ModeQuantile-Static,17,70,134,cutin_braking,False,False,False,True,2.7646528689282404,3.3424407039933897
20301003,idm_brake3,ModeQuantile-Static,18,132,260,lead_braking,False,False,True,True,1.3792364743455974,0.17385317071406803
20301003,idm_brake3,ModeQuantile-Static,19,200,392,stop_and_go,True,True,False,False,1.009741010555064,0.0
20301003,idm_brake3,ModeQuantile-Static,20,312,568,slow_lead_following,False,False,False,True,2.0882697768686564,1.3797176871261883
20301003,idm_brake3,ModeQuantile-Static,21,25,27,fast_intrusion,False,False,False,True,2.0919998123998735,1.4060209710014735
20301003,idm_brake3,ModeQuantile-Static,22,115,182,cutin_braking,False,False,False,True,2.5152899173883867,2.0674552363079783
20301003,idm_brake3,ModeQuantile-Static,23,128,256,lead_braking,False,False,True,True,1.4112601190470464,7.706445917789111
20301003,idm_brake3,ModeQuantile-Static,24,222,414,stop_and_go,False,False,False,True,2.255096692307349,12.285677542903727
20301003,idm_brake3,ModeQuantile-Static,25,256,512,slow_lead_following,False,False,False,True,2.261687071149009,2.502850242625186
20301003,idm_brake3,ModeQuantile-Static,26,48,51,fast_intrusion,False,False,False,True,2.5750903451814633,4.718867435521813
20301003,idm_brake3,ModeQuantile-Static,27,110,177,cutin_braking,False,False,False,True,2.9333866526272177,2.811308250481318
20301003,idm_brake3,ModeQuantile-Static,28,150,278,lead_braking,False,False,False,True,2.658429589519928,20.07371645764448
20301003,idm_brake3,ModeQuantile-Static,29,242,434,stop_and_go,False,False,False,True,3.118198643481391,22.14246256094313
20301003,idm_brake3,ModeQuantile-Static,30,264,520,slow_lead_following,False,False,False,True,2.3294878580661176,2.9646471878885308
20301003,idm_brake3,ModeQuantile-Static,31,56,59,fast_intrusion,False,False,False,True,2.647623251821206,4.871762802416555
20301003,idm_brake3,ModeQuantile-Static,32,111,178,cutin_braking,False,False,True,True,1.432631422318965,2.3656884853487554
20301003,idm_brake3,ModeQuantile-Static,33,172,300,lead_braking,True,True,False,False,0.5417797014479769,0.0
20301003,idm_brake3,ModeQuantile-Static,34,228,420,stop_and_go,True,True,False,False,0.6693153789890282,0.0
20301003,idm_brake3,ModeQuantile-Static,35,263,519,slow_lead_following,False,False,False,True,2.3458835674874243,2.4797515807790234
20301003,idm_brake3,ModeQuantile-Static,36,60,64,fast_intrusion,False,False,False,True,2.5867513025174302,3.5014499963160404
20301003,idm_brake3,ModeQuantile-Static,37,103,170,cutin_braking,False,False,False,True,2.932807281777545,6.863610465691437
20301003,idm_brake3,ModeQuantile-Static,38,148,276,lead_braking,False,False,False,True,1.8888801688989225,2.3578995905377553
20301003,idm_brake3,ModeQuantile-Static,39,238,430,stop_and_go,False,False,False,True,2.4030088418639597,12.276207772892235
20301003,idm_brake3,ModeQuantile-Static,40,268,524,slow_lead_following,False,False,False,True,2.33974594738585,3.036051172355883
20301003,idm_brake3,ModeQuantile-Static,41,45,48,fast_intrusion,False,False,False,True,2.634898566843727,2.1788496382047953
20301003,idm_brake3,ModeQuantile-Static,42,119,186,cutin_braking,False,False,True,True,1.2288908379718801,2.2282088094762287
20301003,idm_brake3,ModeQuantile-Static,43,188,316,lead_braking,False,False,False,True,3.2537445254005966,5.744480405213579
20301003,idm_brake3,ModeQuantile-Static,44,248,440,stop_and_go,True,True,False,False,1.024097733887693,0.0
20301003,idm_brake3,ModeQuantile-Static,45,304,560,slow_lead_following,False,False,False,True,2.6007252040520568,4.931568521051858
20301003,idm_brake3,ModeQuantile-Static,46,53,56,fast_intrusion,False,False,False,True,2.6615651078601363,3.8879974476735697
20301003,idm_brake3,ModeQuantile-Static,47,105,172,cutin_braking,False,False,False,True,2.7890280004846026,16.805208026552208
20301003,idm_brake3,ModeQuantile-Static,48,166,294,lead_braking,False,False,False,True,2.834990878207378,20.441264598170335
20301003,idm_brake3,ModeQuantile-Static,49,194,386,stop_and_go,False,False,False,True,3.8082106455478724,23.12343517168921
20301003,idm_brake3,ModeQuantile-Static,50,316,572,slow_lead_following,False,False,False,True,2.5869309492307564,4.8444237646462796
20301003,idm_delay07_brake3,ModeQuantile-Static,1,7,7,fast_intrusion,True,True,False,False,0.7370256269985067,2.920092553176934e-14
20301003,idm_delay07_brake3,ModeQuantile-Static,2,107,174,cutin_braking,True,True,False,False,0.8989167158134925,0.0
20301003,idm_delay07_brake3,ModeQuantile-Static,3,156,284,lead_braking,True,True,False,False,0.48911786693608555,0.0
20301003,idm_delay07_brake3,ModeQuantile-Static,4,232,424,stop_and_go,True,True,False,False,1.05210694822507,0.0
20301003,idm_delay07_brake3,ModeQuantile-Static,5,296,552,slow_lead_following,True,True,False,False,0.5741102324666121,0.0
20301003,idm_delay07_brake3,ModeQuantile-Static,6,21,23,fast_intrusion,True,True,False,False,0.7423254813978762,0.0
20301003,idm_delay07_brake3,ModeQuantile-Static,7,85,150,cutin_braking,True,True,False,False,0.8990556541431773,0.0020551945059708032
20301003,idm_delay07_brake3,ModeQuantile-Static,8,164,292,lead_braking,True,True,False,False,0.5221135262730823,0.0
20301003,idm_delay07_brake3,ModeQuantile-Static,9,216,408,stop_and_go,True,True,False,False,0.9534434583096683,0.0
20301003,idm_delay07_brake3,ModeQuantile-Static,10,280,536,slow_lead_following,True,True,False,False,0.6716462763958485,0.0
20301003,idm_delay07_brake3,ModeQuantile-Static,11,29,31,fast_intrusion,True,True,False,False,0.8919633042583387,0.0
20301003,idm_delay07_brake3,ModeQuantile-Static,12,89,154,cutin_braking,True,True,False,False,0.7527489818492243,0.0
20301003,idm_delay07_brake3,ModeQuantile-Static,13,180,308,lead_braking,True,True,False,False,0.7754928224568147,0.0
20301003,idm_delay07_brake3,ModeQuantile-Static,14,192,384,stop_and_go,True,True,False,False,1.0383906943228332,1.4210854715202004e-14
20301003,idm_delay07_brake3,ModeQuantile-Static,15,288,544,slow_lead_following,True,True,False,False,0.811761251669741,0.0
20301003,idm_delay07_brake3,ModeQuantile-Static,16,37,39,fast_intrusion,True,True,False,False,0.7556254782531237,1.4210854715202004e-14
20301003,idm_delay07_brake3,ModeQuantile-Static,17,70,134,cutin_braking,True,True,False,False,1.0964996009125336,0.0010352219889853131
20301003,idm_delay07_brake3,ModeQuantile-Static,18,132,260,lead_braking,True,True,False,False,0.8680254342481417,0.0
20301003,idm_delay07_brake3,ModeQuantile-Static,19,200,392,stop_and_go,True,True,False,False,0.8253052001257444,0.0
20301003,idm_delay07_brake3,ModeQuantile-Static,20,312,568,slow_lead_following,True,True,False,False,1.0249718307099822,0.0
20301003,idm_delay07_brake3,ModeQuantile-Static,21,25,27,fast_intrusion,True,True,False,False,0.869662050080859,0.0
20301003,idm_delay07_brake3,ModeQuantile-Static,22,115,182,cutin_braking,True,True,False,False,0.9046536036204751,0.0
20301003,idm_delay07_brake3,ModeQuantile-Static,23,128,256,lead_braking,False,False,True,True,0.8151957640193549,0.48935809862490487
20301003,idm_delay07_brake3,ModeQuantile-Static,24,222,414,stop_and_go,False,False,True,True,0.8577660937218099,1.4151399133204734
20301003,idm_delay07_brake3,ModeQuantile-Static,25,256,512,slow_lead_following,True,True,False,False,0.984984399243124,1.4210854715202004e-14
20301003,idm_delay07_brake3,ModeQuantile-Static,26,48,51,fast_intrusion,True,True,False,False,1.3967676286482549,0.0
20301003,idm_delay07_brake3,ModeQuantile-Static,27,110,177,cutin_braking,True,True,False,False,1.2038726067651244,0.0
20301003,idm_delay07_brake3,ModeQuantile-Static,28,150,278,lead_braking,False,False,False,True,1.7485104886178078,12.542934157524797
20301003,idm_delay07_brake3,ModeQuantile-Static,29,242,434,stop_and_go,False,False,False,True,2.470230289729734,17.647044910456202
20301003,idm_delay07_brake3,ModeQuantile-Static,30,264,520,slow_lead_following,True,True,False,False,1.1243749385478976,0.0
20301003,idm_delay07_brake3,ModeQuantile-Static,31,56,59,fast_intrusion,True,True,False,False,1.655226591020228,0.0
20301003,idm_delay07_brake3,ModeQuantile-Static,32,111,178,cutin_braking,True,True,False,False,0.5644658393926013,0.0
20301003,idm_delay07_brake3,ModeQuantile-Static,33,172,300,lead_braking,True,True,False,False,0.6923798845434067,0.0
20301003,idm_delay07_brake3,ModeQuantile-Static,34,228,420,stop_and_go,True,True,False,False,0.68127989811278,0.0
20301003,idm_delay07_brake3,ModeQuantile-Static,35,263,519,slow_lead_following,True,True,False,False,1.3777780995455065,0.0
20301003,idm_delay07_brake3,ModeQuantile-Static,36,60,64,fast_intrusion,True,True,False,False,1.6320965485080512,1.4729103353650075e-14
20301003,idm_delay07_brake3,ModeQuantile-Static,37,103,170,cutin_braking,False,False,False,True,1.6030033624736544,1.2287715544678122
20301003,idm_delay07_brake3,ModeQuantile-Static,38,148,276,lead_braking,True,True,False,False,1.0552210356127476,0.0
20301003,idm_delay07_brake3,ModeQuantile-Static,39,238,430,stop_and_go,False,False,True,True,0.9624234259387588,2.255701110505129
20301003,idm_delay07_brake3,ModeQuantile-Static,40,268,524,slow_lead_following,True,True,False,False,0.932197559557271,0.0
20301003,idm_delay07_brake3,ModeQuantile-Static,41,45,48,fast_intrusion,True,True,False,False,1.6200407576525078,0.0
20301003,idm_delay07_brake3,ModeQuantile-Static,42,119,186,cutin_braking,True,True,False,False,0.49359599913718727,0.0
20301003,idm_delay07_brake3,ModeQuantile-Static,43,188,316,lead_braking,True,True,False,False,1.21606761165738,0.0
20301003,idm_delay07_brake3,ModeQuantile-Static,44,248,440,stop_and_go,True,True,False,False,1.0424349012995033,0.0
20301003,idm_delay07_brake3,ModeQuantile-Static,45,304,560,slow_lead_following,True,True,False,False,1.4831562260403057,0.0
20301003,idm_delay07_brake3,ModeQuantile-Static,46,53,56,fast_intrusion,True,True,False,False,1.7271047851251002,0.00010495738226268259
20301003,idm_delay07_brake3,ModeQuantile-Static,47,105,172,cutin_braking,False,False,False,True,1.7536687498217098,9.499325573757261
20301003,idm_delay07_brake3,ModeQuantile-Static,48,166,294,lead_braking,False,False,False,True,1.8251740027333938,12.540153526891942
20301003,idm_delay07_brake3,ModeQuantile-Static,49,194,386,stop_and_go,False,False,False,True,2.7740257292392765,17.491486523506865
20301003,idm_delay07_brake3,ModeQuantile-Static,50,316,572,slow_lead_following,True,True,False,False,1.0966831477241041,0.0
20301003,idm_delay07,HistoryMargin-Static,1,296,552,slow_lead_following,True,True,False,False,0.6321808738149024,0.0
20301003,idm_delay07,HistoryMargin-Static,2,7,7,fast_intrusion,True,True,False,False,0.7872599462036323,0.0
20301003,idm_delay07,HistoryMargin-Static,3,280,536,slow_lead_following,True,True,False,False,0.7732987220861335,0.0
20301003,idm_delay07,HistoryMargin-Static,4,21,23,fast_intrusion,True,True,False,False,0.8760518307707184,0.0
20301003,idm_delay07,HistoryMargin-Static,5,29,31,fast_intrusion,True,True,False,False,1.0029146694999296,0.0
20301003,idm_delay07,HistoryMargin-Static,6,37,39,fast_intrusion,True,True,False,False,0.9725813388671857,0.0007224643994447888
20301003,idm_delay07,HistoryMargin-Static,7,232,424,stop_and_go,True,True,False,False,1.1884855881694425,0.0
20301003,idm_delay07,HistoryMargin-Static,8,107,174,cutin_braking,True,True,False,False,0.9960381595514085,0.0
20301003,idm_delay07,HistoryMargin-Static,9,288,544,slow_lead_following,True,True,False,False,1.210809480007941,0.0
20301003,idm_delay07,HistoryMargin-Static,10,156,284,lead_braking,True,True,False,False,0.5975489890785408,0.0
20301003,idm_delay07,HistoryMargin-Static,11,312,568,slow_lead_following,True,True,False,False,1.2547976899103506,0.0
20301003,idm_delay07,HistoryMargin-Static,12,164,292,lead_braking,True,True,False,False,0.6378605283442683,0.0
20301003,idm_delay07,HistoryMargin-Static,13,25,27,fast_intrusion,True,True,False,False,1.3067600730479934,2.842170943040401e-14
20301003,idm_delay07,HistoryMargin-Static,14,180,308,lead_braking,True,True,False,False,0.9770924694862007,0.0
20301003,idm_delay07,HistoryMargin-Static,15,256,512,slow_lead_following,False,False,True,True,1.4583404085848959,0.13427557788270406
20301003,idm_delay07,HistoryMargin-Static,16,264,520,slow_lead_following,False,False,True,True,1.501329118151856,0.44728245910427233
20301003,idm_delay07,HistoryMargin-Static,17,263,519,slow_lead_following,True,True,False,False,1.4575794261712174,0.0
20301003,idm_delay07,HistoryMargin-Static,18,268,524,slow_lead_following,False,False,False,True,1.582768999832876,1.06536265248198
20301003,idm_delay07,HistoryMargin-Static,19,132,260,lead_braking,True,True,False,False,1.3295305008600762,0.0
20301003,idm_delay07,HistoryMargin-Static,20,216,408,stop_and_go,True,True,False,False,1.3953807767605175,0.0
20301003,idm_delay07,HistoryMargin-Static,21,85,150,cutin_braking,True,True,False,False,1.1900656106056204,2.842170943040401e-14
20301003,idm_delay07,HistoryMargin-Static,22,89,154,cutin_braking,True,True,False,False,1.278396377430657,0.0009627863172738671
20301003,idm_delay07,HistoryMargin-Static,23,304,560,slow_lead_following,False,False,False,True,1.7607816197175075,2.489900007699916
20301003,idm_delay07,HistoryMargin-Static,24,316,572,slow_lead_following,False,False,False,True,1.82081709784887,3.062178272524932
20301003,idm_delay07,HistoryMargin-Static,25,295,551,slow_lead_following,False,False,False,True,1.7019005169005508,1.362136143746767
20301003,idm_delay07,HistoryMargin-Static,26,48,51,fast_intrusion,False,False,False,True,1.805065405182987,2.918723839908381
20301003,idm_delay07,HistoryMargin-Static,27,272,528,slow_lead_following,False,False,False,True,1.831289540057949,3.0696870840925925
20301003,idm_delay07,HistoryMargin-Static,28,56,59,fast_intrusion,False,False,False,True,1.798958814383992,2.654695101326632
20301003,idm_delay07,HistoryMargin-Static,29,60,64,fast_intrusion,False,False,False,True,1.6626015167287531,1.1583976050079885
20301003,idm_delay07,HistoryMargin-Static,30,192,384,stop_and_go,True,True,False,False,1.8037425010104,0.0
20301003,idm_delay07,HistoryMargin-Static,31,45,48,fast_intrusion,False,False,True,True,1.6200407576525078,0.03946841751047714
20301003,idm_delay07,HistoryMargin-Static,32,53,56,fast_intrusion,False,False,False,True,1.7411755820527726,1.5860314194900695
20301003,idm_delay07,HistoryMargin-Static,33,200,392,stop_and_go,True,True,False,False,1.1166993920908501,0.0
20301003,idm_delay07,HistoryMargin-Static,34,128,256,lead_braking,False,False,True,True,1.2475033027242446,5.904808311445876
20301003,idm_delay07,HistoryMargin-Static,35,222,414,stop_and_go,False,False,False,True,3.0855938141266495,12.878885572213221
20301003,idm_delay07,HistoryMargin-Static,36,150,278,lead_braking,False,False,False,True,2.8298169288039134,18.724084271834926
20301003,idm_delay07,HistoryMargin-Static,37,172,300,lead_braking,True,True,False,False,0.8219493237244603,0.0
20301003,idm_delay07,HistoryMargin-Static,38,70,134,cutin_braking,False,False,False,True,1.827691633950898,1.1469478554725185
20301003,idm_delay07,HistoryMargin-Static,39,30,32,fast_intrusion,False,False,False,True,1.8997336494872288,1.8673354368589514
20301003,idm_delay07,HistoryMargin-Static,40,148,276,lead_braking,False,False,True,True,2.042401348135167,0.8241487415534579
20301003,idm_delay07,HistoryMargin-Static,41,276,532,slow_lead_following,False,False,False,True,2.2327051160060174,6.883436995549644
20301003,idm_delay07,HistoryMargin-Static,42,115,182,cutin_braking,True,True,False,False,1.5486757638807078,0.0
20301003,idm_delay07,HistoryMargin-Static,43,41,43,fast_intrusion,False,False,False,True,2.1873086556321026,5.85726108727394
20301003,idm_delay07,HistoryMargin-Static,44,287,543,slow_lead_following,False,False,False,True,2.1638952011419095,4.43945544014413
20301003,idm_delay07,HistoryMargin-Static,45,242,434,stop_and_go,False,False,False,True,3.156588664128643,20.005260471595165
20301003,idm_delay07,HistoryMargin-Static,46,228,420,stop_and_go,False,False,False,True,2.600626841201793,2.098770268494576
20301003,idm_delay07,HistoryMargin-Static,47,188,316,lead_braking,False,False,False,True,2.2706107105857725,3.419377207582343
20301003,idm_delay07,HistoryMargin-Static,48,310,566,slow_lead_following,False,False,False,True,2.459682296437583,9.518996913048099
20301003,idm_delay07,HistoryMargin-Static,49,110,177,cutin_braking,False,False,True,True,1.837570204280276,0.5198659262440515
20301003,idm_delay07,HistoryMargin-Static,50,166,294,lead_braking,False,False,False,True,2.8866887987093413,18.989932572625023
20301003,idm_brake3,HistoryMargin-Static,1,296,552,slow_lead_following,True,True,False,False,0.9590814867976389,0.0
20301003,idm_brake3,HistoryMargin-Static,2,7,7,fast_intrusion,True,True,False,False,1.4076138208347933,0.0
20301003,idm_brake3,HistoryMargin-Static,3,280,536,slow_lead_following,True,True,False,False,1.3990030213575289,0.0
20301003,idm_brake3,HistoryMargin-Static,4,21,23,fast_intrusion,True,True,False,False,1.558940738749814,0.0
20301003,idm_brake3,HistoryMargin-Static,5,29,31,fast_intrusion,True,True,False,False,1.801273725421419,3.9857440264912114e-15
20301003,idm_brake3,HistoryMargin-Static,6,37,39,fast_intrusion,True,True,False,False,1.6906959104900576,0.0
20301003,idm_brake3,HistoryMargin-Static,7,232,424,stop_and_go,True,True,False,False,2.0348705612669398,0.0
20301003,idm_brake3,HistoryMargin-Static,8,107,174,cutin_braking,True,True,False,False,1.792659262398515,0.0
20301003,idm_brake3,HistoryMargin-Static,9,288,544,slow_lead_following,False,False,True,True,1.9893519373445014,0.7864987983952432
20301003,idm_brake3,HistoryMargin-Static,10,156,284,lead_braking,True,True,False,False,0.5846220116850032,0.0
20301003,idm_brake3,HistoryMargin-Static,11,312,568,slow_lead_following,False,False,False,True,2.0882697768686564,1.3797176871261883
20301003,idm_brake3,HistoryMargin-Static,12,164,292,lead_braking,True,True,False,False,0.6856829350483029,0.0
20301003,idm_brake3,HistoryMargin-Static,13,25,27,fast_intrusion,False,False,False,True,2.0919998123998735,1.4060209710014735
20301003,idm_brake3,HistoryMargin-Static,14,180,308,lead_braking,True,True,False,False,0.8743527877493641,0.0
20301003,idm_brake3,HistoryMargin-Static,15,256,512,slow_lead_following,False,False,False,True,2.261687071149009,2.502850242625186
20301003,idm_brake3,HistoryMargin-Static,16,264,520,slow_lead_following,False,False,False,True,2.3294878580661176,2.9646471878885308
20301003,idm_brake3,HistoryMargin-Static,17,263,519,slow_lead_following,False,False,False,True,2.3458835674874243,2.4797515807790234
20301003,idm_brake3,HistoryMargin-Static,18,268,524,slow_lead_following,False,False,False,True,2.33974594738585,3.036051172355883
20301003,idm_brake3,HistoryMargin-Static,19,132,260,lead_braking,False,False,True,True,1.3792364743455974,0.17385317071406803
20301003,idm_brake3,HistoryMargin-Static,20,216,408,stop_and_go,True,True,False,False,1.7272772300980623,0.0
20301003,idm_brake3,HistoryMargin-Static,21,85,150,cutin_braking,True,True,False,False,0.9153452771508723,0.0
20301003,idm_brake3,HistoryMargin-Static,22,89,154,cutin_braking,False,False,False,True,1.7389751439609475,1.0462745768892887
20301003,idm_brake3,HistoryMargin-Static,23,304,560,slow_lead_following,False,False,False,True,2.6007252040520568,4.931568521051858
20301003,idm_brake3,HistoryMargin-Static,24,316,572,slow_lead_following,False,False,False,True,2.5869309492307564,4.8444237646462796
20301003,idm_brake3,HistoryMargin-Static,25,295,551,slow_lead_following,False,False,False,True,2.6166406901904713,3.9312550249508007
20301003,idm_brake3,HistoryMargin-Static,26,48,51,fast_intrusion,False,False,False,True,2.5750903451814633,4.718867435521813
20301003,idm_brake3,HistoryMargin-Static,27,272,528,slow_lead_following,False,False,False,True,2.675454015092812,5.4965698385263835
20301003,idm_brake3,HistoryMargin-Static,28,56,59,fast_intrusion,False,False,False,True,2.647623251821206,4.871762802416555
20301003,idm_brake3,HistoryMargin-Static,29,60,64,fast_intrusion,False,False,False,True,2.5867513025174302,3.5014499963160404
20301003,idm_brake3,HistoryMargin-Static,30,192,384,stop_and_go,True,True,False,False,1.3390351462588614,0.0
20301003,idm_brake3,HistoryMargin-Static,31,45,48,fast_intrusion,False,False,False,True,2.634898566843727,2.1788496382047953
20301003,idm_brake3,HistoryMargin-Static,32,53,56,fast_intrusion,False,False,False,True,2.6615651078601363,3.8879974476735697
20301003,idm_brake3,HistoryMargin-Static,33,200,392,stop_and_go,True,True,False,False,1.009741010555064,0.0
20301003,idm_brake3,HistoryMargin-Static,34,128,256,lead_braking,False,False,True,True,1.4112601190470464,7.706445917789111
20301003,idm_brake3,HistoryMargin-Static,35,222,414,stop_and_go,False,False,False,True,2.255096692307349,12.285677542903727
20301003,idm_brake3,HistoryMargin-Static,36,150,278,lead_braking,False,False,False,True,2.658429589519928,20.07371645764448
20301003,idm_brake3,HistoryMargin-Static,37,172,300,lead_braking,True,True,False,False,0.5417797014479769,0.0
20301003,idm_brake3,HistoryMargin-Static,38,70,134,cutin_braking,False,False,False,True,2.7646528689282404,3.3424407039933897
20301003,idm_brake3,HistoryMargin-Static,39,30,32,fast_intrusion,False,False,False,True,2.9467703511068764,4.156780103821461
20301003,idm_brake3,HistoryMargin-Static,40,148,276,lead_braking,False,False,False,True,1.8888801688989225,2.3578995905377553
20301003,idm_brake3,HistoryMargin-Static,41,276,532,slow_lead_following,False,False,False,True,3.079933422027683,8.955640812734956
20301003,idm_brake3,HistoryMargin-Static,42,115,182,cutin_braking,False,False,False,True,2.5152899173883867,2.0674552363079783
20301003,idm_brake3,HistoryMargin-Static,43,41,43,fast_intrusion,False,False,False,True,3.0565577695752744,8.024708039538552
20301003,idm_brake3,HistoryMargin-Static,44,287,543,slow_lead_following,False,False,False,True,3.1120242338309283,7.035223661856563
20301003,idm_brake3,HistoryMargin-Static,45,242,434,stop_and_go,False,False,False,True,3.118198643481391,22.14246256094313
20301003,idm_brake3,HistoryMargin-Static,46,228,420,stop_and_go,True,True,False,False,0.6693153789890282,0.0
20301003,idm_brake3,HistoryMargin-Static,47,188,316,lead_braking,False,False,False,True,3.2537445254005966,5.744480405213579
20301003,idm_brake3,HistoryMargin-Static,48,310,566,slow_lead_following,False,False,False,True,3.298952234461696,11.077233864371124
20301003,idm_brake3,HistoryMargin-Static,49,110,177,cutin_braking,False,False,False,True,2.9333866526272177,2.811308250481318
20301003,idm_brake3,HistoryMargin-Static,50,166,294,lead_braking,False,False,False,True,2.834990878207378,20.441264598170335
20301003,idm_delay07_brake3,HistoryMargin-Static,1,296,552,slow_lead_following,True,True,False,False,0.5741102324666121,0.0
20301003,idm_delay07_brake3,HistoryMargin-Static,2,7,7,fast_intrusion,True,True,False,False,0.7370256269985067,2.920092553176934e-14
20301003,idm_delay07_brake3,HistoryMargin-Static,3,280,536,slow_lead_following,True,True,False,False,0.6716462763958485,0.0
20301003,idm_delay07_brake3,HistoryMargin-Static,4,21,23,fast_intrusion,True,True,False,False,0.7423254813978762,0.0
20301003,idm_delay07_brake3,HistoryMargin-Static,5,29,31,fast_intrusion,True,True,False,False,0.8919633042583387,0.0
20301003,idm_delay07_brake3,HistoryMargin-Static,6,37,39,fast_intrusion,True,True,False,False,0.7556254782531237,1.4210854715202004e-14
20301003,idm_delay07_brake3,HistoryMargin-Static,7,232,424,stop_and_go,True,True,False,False,1.05210694822507,0.0
20301003,idm_delay07_brake3,HistoryMargin-Static,8,107,174,cutin_braking,True,True,False,False,0.8989167158134925,0.0
20301003,idm_delay07_brake3,HistoryMargin-Static,9,288,544,slow_lead_following,True,True,False,False,0.811761251669741,0.0
20301003,idm_delay07_brake3,HistoryMargin-Static,10,156,284,lead_braking,True,True,False,False,0.48911786693608555,0.0
20301003,idm_delay07_brake3,HistoryMargin-Static,11,312,568,slow_lead_following,True,True,False,False,1.0249718307099822,0.0
20301003,idm_delay07_brake3,HistoryMargin-Static,12,164,292,lead_braking,True,True,False,False,0.5221135262730823,0.0
20301003,idm_delay07_brake3,HistoryMargin-Static,13,25,27,fast_intrusion,True,True,False,False,0.869662050080859,0.0
20301003,idm_delay07_brake3,HistoryMargin-Static,14,180,308,lead_braking,True,True,False,False,0.7754928224568147,0.0
20301003,idm_delay07_brake3,HistoryMargin-Static,15,256,512,slow_lead_following,True,True,False,False,0.984984399243124,1.4210854715202004e-14
20301003,idm_delay07_brake3,HistoryMargin-Static,16,264,520,slow_lead_following,True,True,False,False,1.1243749385478976,0.0
20301003,idm_delay07_brake3,HistoryMargin-Static,17,263,519,slow_lead_following,True,True,False,False,1.3777780995455065,0.0
20301003,idm_delay07_brake3,HistoryMargin-Static,18,268,524,slow_lead_following,True,True,False,False,0.932197559557271,0.0
20301003,idm_delay07_brake3,HistoryMargin-Static,19,132,260,lead_braking,True,True,False,False,0.8680254342481417,0.0
20301003,idm_delay07_brake3,HistoryMargin-Static,20,216,408,stop_and_go,True,True,False,False,0.9534434583096683,0.0
20301003,idm_delay07_brake3,HistoryMargin-Static,21,85,150,cutin_braking,True,True,False,False,0.8990556541431773,0.0020551945059708032
20301003,idm_delay07_brake3,HistoryMargin-Static,22,89,154,cutin_braking,True,True,False,False,0.7527489818492243,0.0
20301003,idm_delay07_brake3,HistoryMargin-Static,23,304,560,slow_lead_following,True,True,False,False,1.4831562260403057,0.0
20301003,idm_delay07_brake3,HistoryMargin-Static,24,316,572,slow_lead_following,True,True,False,False,1.0966831477241041,0.0
20301003,idm_delay07_brake3,HistoryMargin-Static,25,295,551,slow_lead_following,True,True,False,False,1.682224750563065,0.0
20301003,idm_delay07_brake3,HistoryMargin-Static,26,48,51,fast_intrusion,True,True,False,False,1.3967676286482549,0.0
20301003,idm_delay07_brake3,HistoryMargin-Static,27,272,528,slow_lead_following,True,True,False,False,1.5934831972691084,0.0
20301003,idm_delay07_brake3,HistoryMargin-Static,28,56,59,fast_intrusion,True,True,False,False,1.655226591020228,0.0
20301003,idm_delay07_brake3,HistoryMargin-Static,29,60,64,fast_intrusion,True,True,False,False,1.6320965485080512,1.4729103353650075e-14
20301003,idm_delay07_brake3,HistoryMargin-Static,30,192,384,stop_and_go,True,True,False,False,1.0383906943228332,1.4210854715202004e-14
20301003,idm_delay07_brake3,HistoryMargin-Static,31,45,48,fast_intrusion,True,True,False,False,1.6200407576525078,0.0
20301003,idm_delay07_brake3,HistoryMargin-Static,32,53,56,fast_intrusion,True,True,False,False,1.7271047851251002,0.00010495738226268259
20301003,idm_delay07_brake3,HistoryMargin-Static,33,200,392,stop_and_go,True,True,False,False,0.8253052001257444,0.0
20301003,idm_delay07_brake3,HistoryMargin-Static,34,128,256,lead_braking,False,False,True,True,0.8151957640193549,0.48935809862490487
20301003,idm_delay07_brake3,HistoryMargin-Static,35,222,414,stop_and_go,False,False,True,True,0.8577660937218099,1.4151399133204734
20301003,idm_delay07_brake3,HistoryMargin-Static,36,150,278,lead_braking,False,False,False,True,1.7485104886178078,12.542934157524797
20301003,idm_delay07_brake3,HistoryMargin-Static,37,172,300,lead_braking,True,True,False,False,0.6923798845434067,0.0
20301003,idm_delay07_brake3,HistoryMargin-Static,38,70,134,cutin_braking,True,True,False,False,1.0964996009125336,0.0010352219889853131
20301003,idm_delay07_brake3,HistoryMargin-Static,39,30,32,fast_intrusion,False,False,True,True,1.8997336494872288,0.20367743263383886
20301003,idm_delay07_brake3,HistoryMargin-Static,40,148,276,lead_braking,True,True,False,False,1.0552210356127476,0.0
20301003,idm_delay07_brake3,HistoryMargin-Static,41,276,532,slow_lead_following,False,False,False,True,2.0436309411833182,1.1117515832726497
20301003,idm_delay07_brake3,HistoryMargin-Static,42,115,182,cutin_braking,True,True,False,False,0.9046536036204751,0.0
20301003,idm_delay07_brake3,HistoryMargin-Static,43,41,43,fast_intrusion,False,False,False,True,2.1330605992446596,1.6651260019879714
20301003,idm_delay07_brake3,HistoryMargin-Static,44,287,543,slow_lead_following,False,False,False,True,2.1638952011419095,1.8552796352159504
20301003,idm_delay07_brake3,HistoryMargin-Static,45,242,434,stop_and_go,False,False,False,True,2.470230289729734,17.647044910456202
20301003,idm_delay07_brake3,HistoryMargin-Static,46,228,420,stop_and_go,True,True,False,False,0.68127989811278,0.0
20301003,idm_delay07_brake3,HistoryMargin-Static,47,188,316,lead_braking,True,True,False,False,1.21606761165738,0.0
20301003,idm_delay07_brake3,HistoryMargin-Static,48,310,566,slow_lead_following,False,False,False,True,2.223303148688977,2.2474941859033493
20301003,idm_delay07_brake3,HistoryMargin-Static,49,110,177,cutin_braking,True,True,False,False,1.2038726067651244,0.0
20301003,idm_delay07_brake3,HistoryMargin-Static,50,166,294,lead_braking,False,False,False,True,1.8251740027333938,12.540153526891942
20301003,idm_delay07,RiskDiverse-Static,1,296,552,slow_lead_following,True,True,False,False,0.6321808738149024,0.0
20301003,idm_delay07,RiskDiverse-Static,2,7,7,fast_intrusion,True,True,False,False,0.7872599462036323,0.0
20301003,idm_delay07,RiskDiverse-Static,3,37,39,fast_intrusion,True,True,False,False,0.9725813388671857,0.0007224643994447888
20301003,idm_delay07,RiskDiverse-Static,4,232,424,stop_and_go,True,True,False,False,1.1884855881694425,0.0
20301003,idm_delay07,RiskDiverse-Static,5,107,174,cutin_braking,True,True,False,False,0.9960381595514085,0.0
20301003,idm_delay07,RiskDiverse-Static,6,156,284,lead_braking,True,True,False,False,0.5975489890785408,0.0
20301003,idm_delay07,RiskDiverse-Static,7,132,260,lead_braking,True,True,False,False,1.3295305008600762,0.0
20301003,idm_delay07,RiskDiverse-Static,8,312,568,slow_lead_following,True,True,False,False,1.2547976899103506,0.0
20301003,idm_delay07,RiskDiverse-Static,9,89,154,cutin_braking,True,True,False,False,1.278396377430657,0.0009627863172738671
20301003,idm_delay07,RiskDiverse-Static,10,45,48,fast_intrusion,False,False,True,True,1.6200407576525078,0.03946841751047714
20301003,idm_delay07,RiskDiverse-Static,11,200,392,stop_and_go,True,True,False,False,1.1166993920908501,0.0
20301003,idm_delay07,RiskDiverse-Static,12,192,384,stop_and_go,True,True,False,False,1.8037425010104,0.0
20301003,idm_delay07,RiskDiverse-Static,13,29,31,fast_intrusion,True,True,False,False,1.0029146694999296,0.0
20301003,idm_delay07,RiskDiverse-Static,14,222,414,stop_and_go,False,False,False,True,3.0855938141266495,12.878885572213221
20301003,idm_delay07,RiskDiverse-Static,15,150,278,lead_braking,False,False,False,True,2.8298169288039134,18.724084271834926
20301003,idm_delay07,RiskDiverse-Static,16,21,23,fast_intrusion,True,True,False,False,0.8760518307707184,0.0
20301003,idm_delay07,RiskDiverse-Static,17,172,300,lead_braking,True,True,False,False,0.8219493237244603,0.0
20301003,idm_delay07,RiskDiverse-Static,18,115,182,cutin_braking,True,True,False,False,1.5486757638807078,0.0
20301003,idm_delay07,RiskDiverse-Static,19,30,32,fast_intrusion,False,False,False,True,1.8997336494872288,1.8673354368589514
20301003,idm_delay07,RiskDiverse-Static,20,41,43,fast_intrusion,False,False,False,True,2.1873086556321026,5.85726108727394
20301003,idm_delay07,RiskDiverse-Static,21,242,434,stop_and_go,False,False,False,True,3.156588664128643,20.005260471595165
20301003,idm_delay07,RiskDiverse-Static,22,53,56,fast_intrusion,False,False,False,True,1.7411755820527726,1.5860314194900695
20301003,idm_delay07,RiskDiverse-Static,23,85,150,cutin_braking,True,True,False,False,1.1900656106056204,2.842170943040401e-14
20301003,idm_delay07,RiskDiverse-Static,24,228,420,stop_and_go,False,False,False,True,2.600626841201793,2.098770268494576
20301003,idm_delay07,RiskDiverse-Static,25,164,292,lead_braking,True,True,False,False,0.6378605283442683,0.0
20301003,idm_delay07,RiskDiverse-Static,26,128,256,lead_braking,False,False,True,True,1.2475033027242446,5.904808311445876
20301003,idm_delay07,RiskDiverse-Static,27,197,389,stop_and_go,False,False,False,True,3.793737899048382,21.8630556895001
20301003,idm_delay07,RiskDiverse-Static,28,279,535,slow_lead_following,False,False,False,True,2.3231143358869053,3.7861578912907987
20301003,idm_delay07,RiskDiverse-Static,29,148,276,lead_braking,False,False,True,True,2.042401348135167,0.8241487415534579
20301003,idm_delay07,RiskDiverse-Static,30,161,289,lead_braking,False,False,False,True,3.725259020094946,28.230387000893955
20301003,idm_delay07,RiskDiverse-Static,31,310,566,slow_lead_following,False,False,False,True,2.459682296437583,9.518996913048099
20301003,idm_delay07,RiskDiverse-Static,32,224,416,stop_and_go,False,False,True,True,2.570309137544546,0.5621363040805392
20301003,idm_delay07,RiskDiverse-Static,33,233,425,stop_and_go,False,False,False,True,4.218561053917819,13.89882908362992
20301003,idm_delay07,RiskDiverse-Static,34,180,308,lead_braking,True,True,False,False,0.9770924694862007,0.0
20301003,idm_delay07,RiskDiverse-Static,35,105,172,cutin_braking,False,False,False,True,2.9200427131742366,15.835893606095823
20301003,idm_delay07,RiskDiverse-Static,36,43,45,fast_intrusion,False,False,False,True,2.5354618445823944,9.475465374892508
20301003,idm_delay07,RiskDiverse-Static,37,119,186,cutin_braking,False,False,True,True,1.0383272657386846,0.6952360744575685
20301003,idm_delay07,RiskDiverse-Static,38,183,311,lead_braking,False,False,False,True,3.7771766029858678,13.419566909244395
20301003,idm_delay07,RiskDiverse-Static,39,117,184,cutin_braking,False,False,False,True,2.282218034923567,9.234429533977845
20301003,idm_delay07,RiskDiverse-Static,40,144,272,lead_braking,False,False,False,True,2.559427952144949,8.642129808147828
20301003,idm_delay07,RiskDiverse-Static,41,70,134,cutin_braking,False,False,False,True,1.827691633950898,1.1469478554725185
20301003,idm_delay07,RiskDiverse-Static,42,248,440,stop_and_go,True,True,False,False,2.438547638104822,0.0
20301003,idm_delay07,RiskDiverse-Static,43,50,53,fast_intrusion,False,False,False,True,3.4106700660812135,16.096061685698544
20301003,idm_delay07,RiskDiverse-Static,44,52,55,fast_intrusion,False,False,False,True,2.3708428354644693,5.580131104945394
20301003,idm_delay07,RiskDiverse-Static,45,238,430,stop_and_go,False,False,False,True,3.6942698804876923,13.167899357011748
20301003,idm_delay07,RiskDiverse-Static,46,158,286,lead_braking,False,False,False,True,4.211772600055164,26.211361829466412
20301003,idm_delay07,RiskDiverse-Static,47,103,170,cutin_braking,False,False,False,True,2.069498198147921,4.684209052393982
20301003,idm_delay07,RiskDiverse-Static,48,48,51,fast_intrusion,False,False,False,True,1.805065405182987,2.918723839908381
20301003,idm_delay07,RiskDiverse-Static,49,33,35,fast_intrusion,False,False,False,True,2.8599475588432717,9.788216873320323
20301003,idm_delay07,RiskDiverse-Static,50,141,269,lead_braking,False,False,False,True,3.99045775643524,20.32518658461055
20301003,idm_brake3,RiskDiverse-Static,1,296,552,slow_lead_following,True,True,False,False,0.9590814867976389,0.0
20301003,idm_brake3,RiskDiverse-Static,2,7,7,fast_intrusion,True,True,False,False,1.4076138208347933,0.0
20301003,idm_brake3,RiskDiverse-Static,3,37,39,fast_intrusion,True,True,False,False,1.6906959104900576,0.0
20301003,idm_brake3,RiskDiverse-Static,4,232,424,stop_and_go,True,True,False,False,2.0348705612669398,0.0
20301003,idm_brake3,RiskDiverse-Static,5,107,174,cutin_braking,True,True,False,False,1.792659262398515,0.0
20301003,idm_brake3,RiskDiverse-Static,6,156,284,lead_braking,True,True,False,False,0.5846220116850032,0.0
20301003,idm_brake3,RiskDiverse-Static,7,132,260,lead_braking,False,False,True,True,1.3792364743455974,0.17385317071406803
20301003,idm_brake3,RiskDiverse-Static,8,312,568,slow_lead_following,False,False,False,True,2.0882697768686564,1.3797176871261883
20301003,idm_brake3,RiskDiverse-Static,9,89,154,cutin_braking,False,False,False,True,1.7389751439609475,1.0462745768892887
20301003,idm_brake3,RiskDiverse-Static,10,45,48,fast_intrusion,False,False,False,True,2.634898566843727,2.1788496382047953
20301003,idm_brake3,RiskDiverse-Static,11,200,392,stop_and_go,True,True,False,False,1.009741010555064,0.0
20301003,idm_brake3,RiskDiverse-Static,12,192,384,stop_and_go,True,True,False,False,1.3390351462588614,0.0
20301003,idm_brake3,RiskDiverse-Static,13,29,31,fast_intrusion,True,True,False,False,1.801273725421419,3.9857440264912114e-15
20301003,idm_brake3,RiskDiverse-Static,14,222,414,stop_and_go,False,False,False,True,2.255096692307349,12.285677542903727
20301003,idm_brake3,RiskDiverse-Static,15,150,278,lead_braking,False,False,False,True,2.658429589519928,20.07371645764448
20301003,idm_brake3,RiskDiverse-Static,16,21,23,fast_intrusion,True,True,False,False,1.558940738749814,0.0
20301003,idm_brake3,RiskDiverse-Static,17,172,300,lead_braking,True,True,False,False,0.5417797014479769,0.0
20301003,idm_brake3,RiskDiverse-Static,18,115,182,cutin_braking,False,False,False,True,2.5152899173883867,2.0674552363079783
20301003,idm_brake3,RiskDiverse-Static,19,30,32,fast_intrusion,False,False,False,True,2.9467703511068764,4.156780103821461
20301003,idm_brake3,RiskDiverse-Static,20,41,43,fast_intrusion,False,False,False,True,3.0565577695752744,8.024708039538552
20301003,idm_brake3,RiskDiverse-Static,21,242,434,stop_and_go,False,False,False,True,3.118198643481391,22.14246256094313
20301003,idm_brake3,RiskDiverse-Static,22,53,56,fast_intrusion,False,False,False,True,2.6615651078601363,3.8879974476735697
20301003,idm_brake3,RiskDiverse-Static,23,85,150,cutin_braking,True,True,False,False,0.9153452771508723,0.0
20301003,idm_brake3,RiskDiverse-Static,24,228,420,stop_and_go,True,True,False,False,0.6693153789890282,0.0
20301003,idm_brake3,RiskDiverse-Static,25,164,292,lead_braking,True,True,False,False,0.6856829350483029,0.0
20301003,idm_brake3,RiskDiverse-Static,26,128,256,lead_braking,False,False,True,True,1.4112601190470464,7.706445917789111
20301003,idm_brake3,RiskDiverse-Static,27,197,389,stop_and_go,False,False,False,True,3.8350492021644325,23.955257795155518
20301003,idm_brake3,RiskDiverse-Static,28,279,535,slow_lead_following,False,False,False,True,3.393690647044504,6.207898751371417
20301003,idm_brake3,RiskDiverse-Static,29,148,276,lead_braking,False,False,False,True,1.8888801688989225,2.3578995905377553
20301003,idm_brake3,RiskDiverse-Static,30,161,289,lead_braking,False,False,False,True,3.773607474148854,30.01175505511489
20301003,idm_brake3,RiskDiverse-Static,31,310,566,slow_lead_following,False,False,False,True,3.298952234461696,11.077233864371124
20301003,idm_brake3,RiskDiverse-Static,32,224,416,stop_and_go,False,False,False,True,1.9476935655993644,1.9652710286382273
20301003,idm_brake3,RiskDiverse-Static,33,233,425,stop_and_go,False,False,False,True,2.7721159576824803,13.639595549593253
20301003,idm_brake3,RiskDiverse-Static,34,180,308,lead_braking,True,True,False,False,0.8743527877493641,0.0
20301003,idm_brake3,RiskDiverse-Static,35,105,172,cutin_braking,False,False,False,True,2.7890280004846026,16.805208026552208
20301003,idm_brake3,RiskDiverse-Static,36,43,45,fast_intrusion,False,False,False,True,3.3882516871147477,11.157625632741514
20301003,idm_brake3,RiskDiverse-Static,37,119,186,cutin_braking,False,False,True,True,1.2288908379718801,2.2282088094762287
20301003,idm_brake3,RiskDiverse-Static,38,183,311,lead_braking,False,False,False,True,3.0454849832864026,14.62122433340241
20301003,idm_brake3,RiskDiverse-Static,39,117,184,cutin_braking,False,False,False,True,2.6679889155699072,10.9639501247172
20301003,idm_brake3,RiskDiverse-Static,40,144,272,lead_braking,False,False,False,True,3.134837839633698,10.91512702388711
20301003,idm_brake3,RiskDiverse-Static,41,70,134,cutin_braking,False,False,False,True,2.7646528689282404,3.3424407039933897
20301003,idm_brake3,RiskDiverse-Static,42,248,440,stop_and_go,True,True,False,False,1.024097733887693,0.0
20301003,idm_brake3,RiskDiverse-Static,43,50,53,fast_intrusion,False,False,False,True,4.3545045405335285,18.09294073713062
20301003,idm_brake3,RiskDiverse-Static,44,52,55,fast_intrusion,False,False,False,True,3.341721468553652,7.926950362986105
20301003,idm_brake3,RiskDiverse-Static,45,238,430,stop_and_go,False,False,False,True,2.4030088418639597,12.276207772892235
20301003,idm_brake3,RiskDiverse-Static,46,158,286,lead_braking,False,False,False,True,4.508741194635627,28.73317385035115
20301003,idm_brake3,RiskDiverse-Static,47,103,170,cutin_braking,False,False,False,True,2.932807281777545,6.863610465691437
20301003,idm_brake3,RiskDiverse-Static,48,48,51,fast_intrusion,False,False,False,True,2.5750903451814633,4.718867435521813
20301003,idm_brake3,RiskDiverse-Static,49,33,35,fast_intrusion,False,False,False,True,3.842195183255913,12.01218025816604
20301003,idm_brake3,RiskDiverse-Static,50,141,269,lead_braking,False,False,False,True,3.745231171222257,22.14732270952723
20301003,idm_delay07_brake3,RiskDiverse-Static,1,296,552,slow_lead_following,True,True,False,False,0.5741102324666121,0.0
20301003,idm_delay07_brake3,RiskDiverse-Static,2,7,7,fast_intrusion,True,True,False,False,0.7370256269985067,2.920092553176934e-14
20301003,idm_delay07_brake3,RiskDiverse-Static,3,37,39,fast_intrusion,True,True,False,False,0.7556254782531237,1.4210854715202004e-14
20301003,idm_delay07_brake3,RiskDiverse-Static,4,232,424,stop_and_go,True,True,False,False,1.05210694822507,0.0
20301003,idm_delay07_brake3,RiskDiverse-Static,5,107,174,cutin_braking,True,True,False,False,0.8989167158134925,0.0
20301003,idm_delay07_brake3,RiskDiverse-Static,6,156,284,lead_braking,True,True,False,False,0.48911786693608555,0.0
20301003,idm_delay07_brake3,RiskDiverse-Static,7,132,260,lead_braking,True,True,False,False,0.8680254342481417,0.0
20301003,idm_delay07_brake3,RiskDiverse-Static,8,312,568,slow_lead_following,True,True,False,False,1.0249718307099822,0.0
20301003,idm_delay07_brake3,RiskDiverse-Static,9,89,154,cutin_braking,True,True,False,False,0.7527489818492243,0.0
20301003,idm_delay07_brake3,RiskDiverse-Static,10,45,48,fast_intrusion,True,True,False,False,1.6200407576525078,0.0
20301003,idm_delay07_brake3,RiskDiverse-Static,11,200,392,stop_and_go,True,True,False,False,0.8253052001257444,0.0
20301003,idm_delay07_brake3,RiskDiverse-Static,12,192,384,stop_and_go,True,True,False,False,1.0383906943228332,1.4210854715202004e-14
20301003,idm_delay07_brake3,RiskDiverse-Static,13,29,31,fast_intrusion,True,True,False,False,0.8919633042583387,0.0
20301003,idm_delay07_brake3,RiskDiverse-Static,14,222,414,stop_and_go,False,False,True,True,0.8577660937218099,1.4151399133204734
20301003,idm_delay07_brake3,RiskDiverse-Static,15,150,278,lead_braking,False,False,False,True,1.7485104886178078,12.542934157524797
20301003,idm_delay07_brake3,RiskDiverse-Static,16,21,23,fast_intrusion,True,True,False,False,0.7423254813978762,0.0
20301003,idm_delay07_brake3,RiskDiverse-Static,17,172,300,lead_braking,True,True,False,False,0.6923798845434067,0.0
20301003,idm_delay07_brake3,RiskDiverse-Static,18,115,182,cutin_braking,True,True,False,False,0.9046536036204751,0.0
20301003,idm_delay07_brake3,RiskDiverse-Static,19,30,32,fast_intrusion,False,False,True,True,1.8997336494872288,0.20367743263383886
20301003,idm_delay07_brake3,RiskDiverse-Static,20,41,43,fast_intrusion,False,False,False,True,2.1330605992446596,1.6651260019879714
20301003,idm_delay07_brake3,RiskDiverse-Static,21,242,434,stop_and_go,False,False,False,True,2.470230289729734,17.647044910456202
20301003,idm_delay07_brake3,RiskDiverse-Static,22,53,56,fast_intrusion,True,True,False,False,1.7271047851251002,0.00010495738226268259
20301003,idm_delay07_brake3,RiskDiverse-Static,23,85,150,cutin_braking,True,True,False,False,0.8990556541431773,0.0020551945059708032
20301003,idm_delay07_brake3,RiskDiverse-Static,24,228,420,stop_and_go,True,True,False,False,0.68127989811278,0.0
20301003,idm_delay07_brake3,RiskDiverse-Static,25,164,292,lead_braking,True,True,False,False,0.5221135262730823,0.0
20301003,idm_delay07_brake3,RiskDiverse-Static,26,128,256,lead_braking,False,False,True,True,0.8151957640193549,0.48935809862490487
20301003,idm_delay07_brake3,RiskDiverse-Static,27,197,389,stop_and_go,False,False,False,True,3.677659138007533,22.121122644465316
20301003,idm_delay07_brake3,RiskDiverse-Static,28,279,535,slow_lead_following,False,False,False,True,2.3231143358869053,2.2215792673499237
20301003,idm_delay07_brake3,RiskDiverse-Static,29,148,276,lead_braking,True,True,False,False,1.0552210356127476,0.0
20301003,idm_delay07_brake3,RiskDiverse-Static,30,161,289,lead_braking,False,False,False,True,3.1440910227903673,26.53692645449044
20301003,idm_delay07_brake3,RiskDiverse-Static,31,310,566,slow_lead_following,False,False,False,True,2.223303148688977,2.2474941859033493
20301003,idm_delay07_brake3,RiskDiverse-Static,32,224,416,stop_and_go,True,True,False,False,0.833235337170395,0.0
20301003,idm_delay07_brake3,RiskDiverse-Static,33,233,425,stop_and_go,False,False,True,True,1.1901919565166277,4.300079909733881
20301003,idm_delay07_brake3,RiskDiverse-Static,34,180,308,lead_braking,True,True,False,False,0.7754928224568147,0.0
20301003,idm_delay07_brake3,RiskDiverse-Static,35,105,172,cutin_braking,False,False,False,True,1.7536687498217098,9.499325573757261
20301003,idm_delay07_brake3,RiskDiverse-Static,36,43,45,fast_intrusion,False,False,False,True,2.4889239123472224,4.105128023460281
20301003,idm_delay07_brake3,RiskDiverse-Static,37,119,186,cutin_braking,True,True,False,False,0.49359599913718727,0.0
20301003,idm_delay07_brake3,RiskDiverse-Static,38,183,311,lead_braking,False,False,False,True,1.517687747234969,6.855362438521354
20301003,idm_delay07_brake3,RiskDiverse-Static,39,117,184,cutin_braking,False,False,False,True,1.639435701013325,4.309575969564975
20301003,idm_delay07_brake3,RiskDiverse-Static,40,144,272,lead_braking,False,False,False,True,1.7060057019687673,4.088500510216022
20301003,idm_delay07_brake3,RiskDiverse-Static,41,70,134,cutin_braking,True,True,False,False,1.0964996009125336,0.0010352219889853131
20301003,idm_delay07_brake3,RiskDiverse-Static,42,248,440,stop_and_go,True,True,False,False,1.0424349012995033,0.0
20301003,idm_delay07_brake3,RiskDiverse-Static,43,50,53,fast_intrusion,False,False,False,True,3.4106700660812135,11.576124883133076
20301003,idm_delay07_brake3,RiskDiverse-Static,44,52,55,fast_intrusion,False,False,False,True,2.3708428354644693,3.1049236951707826
20301003,idm_delay07_brake3,RiskDiverse-Static,45,238,430,stop_and_go,False,False,True,True,0.9624234259387588,2.255701110505129
20301003,idm_delay07_brake3,RiskDiverse-Static,46,158,286,lead_braking,False,False,False,True,3.1093050081355784,22.635416091828517
20301003,idm_delay07_brake3,RiskDiverse-Static,47,103,170,cutin_braking,False,False,False,True,1.6030033624736544,1.2287715544678122
20301003,idm_delay07_brake3,RiskDiverse-Static,48,48,51,fast_intrusion,True,True,False,False,1.3967676286482549,0.0
20301003,idm_delay07_brake3,RiskDiverse-Static,49,33,35,fast_intrusion,False,False,False,True,2.8599475588432717,6.621381677245552
20301003,idm_delay07_brake3,RiskDiverse-Static,50,141,269,lead_braking,False,False,False,True,2.6874699020786967,16.550062932025725
