parent,target,method,repeat,context_id,direction,available_changes,queries,discoveries,recall
nl_v0,nl2_v1,random,0,S01:regression_bootstrap_confirmation:c0,R,0,5,0,
nl_v0,nl2_v1,random,0,S01:regression_bootstrap_confirmation:c1,R,0,2,0,
nl_v0,nl2_v1,random,0,S01:regression_bootstrap_confirmation:c2,R,0,4,0,
nl_v0,nl2_v1,random,0,S02:regression_bootstrap_confirmation:c0,R,0,0,0,
nl_v0,nl2_v1,random,0,S02:regression_bootstrap_confirmation:c1,R,0,0,0,
nl_v0,nl2_v1,random,0,S02:regression_bootstrap_confirmation:c2,R,0,0,0,
nl_v0,nl2_v1,random,0,S08:regression_bootstrap_confirmation:c0,R,0,2,0,
nl_v0,nl2_v1,random,0,S08:regression_bootstrap_confirmation:c1,R,20,5,1,0.05
nl_v0,nl2_v1,random,0,S08:regression_bootstrap_confirmation:c2,R,0,2,0,
nl_v0,nl2_v1,random,0,S01:regression_bootstrap_confirmation:c0,I,0,1,0,
nl_v0,nl2_v1,random,0,S01:regression_bootstrap_confirmation:c1,I,0,0,0,
nl_v0,nl2_v1,random,0,S01:regression_bootstrap_confirmation:c2,I,0,2,0,
nl_v0,nl2_v1,random,0,S02:regression_bootstrap_confirmation:c0,I,0,5,0,
nl_v0,nl2_v1,random,0,S02:regression_bootstrap_confirmation:c1,I,0,5,0,
nl_v0,nl2_v1,random,0,S02:regression_bootstrap_confirmation:c2,I,0,6,0,
nl_v0,nl2_v1,random,0,S08:regression_bootstrap_confirmation:c0,I,0,1,0,
nl_v0,nl2_v1,random,0,S08:regression_bootstrap_confirmation:c1,I,0,0,0,
nl_v0,nl2_v1,random,0,S08:regression_bootstrap_confirmation:c2,I,0,0,0,
nl_v0,nl2_v1,random,1,S01:regression_bootstrap_confirmation:c0,R,0,2,0,
nl_v0,nl2_v1,random,1,S01:regression_bootstrap_confirmation:c1,R,0,2,0,
nl_v0,nl2_v1,random,1,S01:regression_bootstrap_confirmation:c2,R,0,2,0,
nl_v0,nl2_v1,random,1,S02:regression_bootstrap_confirmation:c0,R,0,0,0,
nl_v0,nl2_v1,random,1,S02:regression_bootstrap_confirmation:c1,R,0,0,0,
nl_v0,nl2_v1,random,1,S02:regression_bootstrap_confirmation:c2,R,0,0,0,
nl_v0,nl2_v1,random,1,S08:regression_bootstrap_confirmation:c0,R,0,4,0,
nl_v0,nl2_v1,random,1,S08:regression_bootstrap_confirmation:c1,R,20,7,1,0.05
nl_v0,nl2_v1,random,1,S08:regression_bootstrap_confirmation:c2,R,0,3,0,
nl_v0,nl2_v1,random,1,S01:regression_bootstrap_confirmation:c0,I,0,3,0,
nl_v0,nl2_v1,random,1,S01:regression_bootstrap_confirmation:c1,I,0,0,0,
nl_v0,nl2_v1,random,1,S01:regression_bootstrap_confirmation:c2,I,0,0,0,
nl_v0,nl2_v1,random,1,S02:regression_bootstrap_confirmation:c0,I,0,1,0,
nl_v0,nl2_v1,random,1,S02:regression_bootstrap_confirmation:c1,I,0,2,0,
nl_v0,nl2_v1,random,1,S02:regression_bootstrap_confirmation:c2,I,0,3,0,
nl_v0,nl2_v1,random,1,S08:regression_bootstrap_confirmation:c0,I,0,6,0,
nl_v0,nl2_v1,random,1,S08:regression_bootstrap_confirmation:c1,I,0,0,0,
nl_v0,nl2_v1,random,1,S08:regression_bootstrap_confirmation:c2,I,0,5,0,
nl_v0,nl2_v1,random,2,S01:regression_bootstrap_confirmation:c0,R,0,2,0,
nl_v0,nl2_v1,random,2,S01:regression_bootstrap_confirmation:c1,R,0,3,0,
nl_v0,nl2_v1,random,2,S01:regression_bootstrap_confirmation:c2,R,0,4,0,
nl_v0,nl2_v1,random,2,S02:regression_bootstrap_confirmation:c0,R,0,0,0,
nl_v0,nl2_v1,random,2,S02:regression_bootstrap_confirmation:c1,R,0,0,0,
nl_v0,nl2_v1,random,2,S02:regression_bootstrap_confirmation:c2,R,0,0,0,
nl_v0,nl2_v1,random,2,S08:regression_bootstrap_confirmation:c0,R,0,1,0,
nl_v0,nl2_v1,random,2,S08:regression_bootstrap_confirmation:c1,R,20,7,2,0.1
nl_v0,nl2_v1,random,2,S08:regression_bootstrap_confirmation:c2,R,0,3,0,
nl_v0,nl2_v1,random,2,S01:regression_bootstrap_confirmation:c0,I,0,0,0,
nl_v0,nl2_v1,random,2,S01:regression_bootstrap_confirmation:c1,I,0,0,0,
nl_v0,nl2_v1,random,2,S01:regression_bootstrap_confirmation:c2,I,0,0,0,
nl_v0,nl2_v1,random,2,S02:regression_bootstrap_confirmation:c0,I,0,4,0,
nl_v0,nl2_v1,random,2,S02:regression_bootstrap_confirmation:c1,I,0,5,0,
nl_v0,nl2_v1,random,2,S02:regression_bootstrap_confirmation:c2,I,0,6,0,
nl_v0,nl2_v1,random,2,S08:regression_bootstrap_confirmation:c0,I,0,2,0,
nl_v0,nl2_v1,random,2,S08:regression_bootstrap_confirmation:c1,I,0,0,0,
nl_v0,nl2_v1,random,2,S08:regression_bootstrap_confirmation:c2,I,0,3,0,
nl_v0,nl2_v1,random,3,S01:regression_bootstrap_confirmation:c0,R,0,2,0,
nl_v0,nl2_v1,random,3,S01:regression_bootstrap_confirmation:c1,R,0,3,0,
nl_v0,nl2_v1,random,3,S01:regression_bootstrap_confirmation:c2,R,0,5,0,
nl_v0,nl2_v1,random,3,S02:regression_bootstrap_confirmation:c0,R,0,0,0,
nl_v0,nl2_v1,random,3,S02:regression_bootstrap_confirmation:c1,R,0,0,0,
nl_v0,nl2_v1,random,3,S02:regression_bootstrap_confirmation:c2,R,0,0,0,
nl_v0,nl2_v1,random,3,S08:regression_bootstrap_confirmation:c0,R,0,3,0,
nl_v0,nl2_v1,random,3,S08:regression_bootstrap_confirmation:c1,R,20,7,1,0.05
nl_v0,nl2_v1,random,3,S08:regression_bootstrap_confirmation:c2,R,0,0,0,
nl_v0,nl2_v1,random,3,S01:regression_bootstrap_confirmation:c0,I,0,2,0,
nl_v0,nl2_v1,random,3,S01:regression_bootstrap_confirmation:c1,I,0,0,0,
nl_v0,nl2_v1,random,3,S01:regression_bootstrap_confirmation:c2,I,0,1,0,
nl_v0,nl2_v1,random,3,S02:regression_bootstrap_confirmation:c0,I,0,4,0,
nl_v0,nl2_v1,random,3,S02:regression_bootstrap_confirmation:c1,I,0,8,0,
nl_v0,nl2_v1,random,3,S02:regression_bootstrap_confirmation:c2,I,0,3,0,
nl_v0,nl2_v1,random,3,S08:regression_bootstrap_confirmation:c0,I,0,1,0,
nl_v0,nl2_v1,random,3,S08:regression_bootstrap_confirmation:c1,I,0,0,0,
nl_v0,nl2_v1,random,3,S08:regression_bootstrap_confirmation:c2,I,0,1,0,
nl_v0,nl2_v1,random,4,S01:regression_bootstrap_confirmation:c0,R,0,1,0,
nl_v0,nl2_v1,random,4,S01:regression_bootstrap_confirmation:c1,R,0,9,0,
nl_v0,nl2_v1,random,4,S01:regression_bootstrap_confirmation:c2,R,0,5,0,
nl_v0,nl2_v1,random,4,S02:regression_bootstrap_confirmation:c0,R,0,0,0,
nl_v0,nl2_v1,random,4,S02:regression_bootstrap_confirmation:c1,R,0,0,0,
nl_v0,nl2_v1,random,4,S02:regression_bootstrap_confirmation:c2,R,0,0,0,
nl_v0,nl2_v1,random,4,S08:regression_bootstrap_confirmation:c0,R,0,3,0,
nl_v0,nl2_v1,random,4,S08:regression_bootstrap_confirmation:c1,R,20,0,0,0.0
nl_v0,nl2_v1,random,4,S08:regression_bootstrap_confirmation:c2,R,0,2,0,
nl_v0,nl2_v1,random,4,S01:regression_bootstrap_confirmation:c0,I,0,2,0,
nl_v0,nl2_v1,random,4,S01:regression_bootstrap_confirmation:c1,I,0,0,0,
nl_v0,nl2_v1,random,4,S01:regression_bootstrap_confirmation:c2,I,0,1,0,
nl_v0,nl2_v1,random,4,S02:regression_bootstrap_confirmation:c0,I,0,4,0,
nl_v0,nl2_v1,random,4,S02:regression_bootstrap_confirmation:c1,I,0,2,0,
nl_v0,nl2_v1,random,4,S02:regression_bootstrap_confirmation:c2,I,0,6,0,
nl_v0,nl2_v1,random,4,S08:regression_bootstrap_confirmation:c0,I,0,4,0,
nl_v0,nl2_v1,random,4,S08:regression_bootstrap_confirmation:c1,I,0,0,0,
nl_v0,nl2_v1,random,4,S08:regression_bootstrap_confirmation:c2,I,0,1,0,
nl_v0,nl2_v1,random,5,S01:regression_bootstrap_confirmation:c0,R,0,1,0,
nl_v0,nl2_v1,random,5,S01:regression_bootstrap_confirmation:c1,R,0,3,0,
nl_v0,nl2_v1,random,5,S01:regression_bootstrap_confirmation:c2,R,0,4,0,
nl_v0,nl2_v1,random,5,S02:regression_bootstrap_confirmation:c0,R,0,0,0,
nl_v0,nl2_v1,random,5,S02:regression_bootstrap_confirmation:c1,R,0,0,0,
nl_v0,nl2_v1,random,5,S02:regression_bootstrap_confirmation:c2,R,0,0,0,
nl_v0,nl2_v1,random,5,S08:regression_bootstrap_confirmation:c0,R,0,3,0,
nl_v0,nl2_v1,random,5,S08:regression_bootstrap_confirmation:c1,R,20,5,4,0.2
nl_v0,nl2_v1,random,5,S08:regression_bootstrap_confirmation:c2,R,0,4,0,
nl_v0,nl2_v1,random,5,S01:regression_bootstrap_confirmation:c0,I,0,0,0,
nl_v0,nl2_v1,random,5,S01:regression_bootstrap_confirmation:c1,I,0,0,0,
nl_v0,nl2_v1,random,5,S01:regression_bootstrap_confirmation:c2,I,0,1,0,
nl_v0,nl2_v1,random,5,S02:regression_bootstrap_confirmation:c0,I,0,7,0,
nl_v0,nl2_v1,random,5,S02:regression_bootstrap_confirmation:c1,I,0,4,0,
nl_v0,nl2_v1,random,5,S02:regression_bootstrap_confirmation:c2,I,0,5,0,
nl_v0,nl2_v1,random,5,S08:regression_bootstrap_confirmation:c0,I,0,0,0,
nl_v0,nl2_v1,random,5,S08:regression_bootstrap_confirmation:c1,I,0,0,0,
nl_v0,nl2_v1,random,5,S08:regression_bootstrap_confirmation:c2,I,0,3,0,
nl_v0,nl2_v1,random,6,S01:regression_bootstrap_confirmation:c0,R,0,3,0,
nl_v0,nl2_v1,random,6,S01:regression_bootstrap_confirmation:c1,R,0,6,0,
nl_v0,nl2_v1,random,6,S01:regression_bootstrap_confirmation:c2,R,0,0,0,
nl_v0,nl2_v1,random,6,S02:regression_bootstrap_confirmation:c0,R,0,0,0,
nl_v0,nl2_v1,random,6,S02:regression_bootstrap_confirmation:c1,R,0,0,0,
nl_v0,nl2_v1,random,6,S02:regression_bootstrap_confirmation:c2,R,0,0,0,
nl_v0,nl2_v1,random,6,S08:regression_bootstrap_confirmation:c0,R,0,4,0,
nl_v0,nl2_v1,random,6,S08:regression_bootstrap_confirmation:c1,R,20,4,1,0.05
nl_v0,nl2_v1,random,6,S08:regression_bootstrap_confirmation:c2,R,0,3,0,
nl_v0,nl2_v1,random,6,S01:regression_bootstrap_confirmation:c0,I,0,2,0,
nl_v0,nl2_v1,random,6,S01:regression_bootstrap_confirmation:c1,I,0,0,0,
nl_v0,nl2_v1,random,6,S01:regression_bootstrap_confirmation:c2,I,0,1,0,
nl_v0,nl2_v1,random,6,S02:regression_bootstrap_confirmation:c0,I,0,4,0,
nl_v0,nl2_v1,random,6,S02:regression_bootstrap_confirmation:c1,I,0,4,0,
nl_v0,nl2_v1,random,6,S02:regression_bootstrap_confirmation:c2,I,0,5,0,
nl_v0,nl2_v1,random,6,S08:regression_bootstrap_confirmation:c0,I,0,4,0,
nl_v0,nl2_v1,random,6,S08:regression_bootstrap_confirmation:c1,I,0,0,0,
nl_v0,nl2_v1,random,6,S08:regression_bootstrap_confirmation:c2,I,0,0,0,
nl_v0,nl2_v1,random,7,S01:regression_bootstrap_confirmation:c0,R,0,6,0,
nl_v0,nl2_v1,random,7,S01:regression_bootstrap_confirmation:c1,R,0,3,0,
nl_v0,nl2_v1,random,7,S01:regression_bootstrap_confirmation:c2,R,0,3,0,
nl_v0,nl2_v1,random,7,S02:regression_bootstrap_confirmation:c0,R,0,0,0,
nl_v0,nl2_v1,random,7,S02:regression_bootstrap_confirmation:c1,R,0,0,0,
nl_v0,nl2_v1,random,7,S02:regression_bootstrap_confirmation:c2,R,0,0,0,
nl_v0,nl2_v1,random,7,S08:regression_bootstrap_confirmation:c0,R,0,2,0,
nl_v0,nl2_v1,random,7,S08:regression_bootstrap_confirmation:c1,R,20,2,0,0.0
nl_v0,nl2_v1,random,7,S08:regression_bootstrap_confirmation:c2,R,0,4,0,
nl_v0,nl2_v1,random,7,S01:regression_bootstrap_confirmation:c0,I,0,1,0,
nl_v0,nl2_v1,random,7,S01:regression_bootstrap_confirmation:c1,I,0,0,0,
nl_v0,nl2_v1,random,7,S01:regression_bootstrap_confirmation:c2,I,0,1,0,
nl_v0,nl2_v1,random,7,S02:regression_bootstrap_confirmation:c0,I,0,6,0,
nl_v0,nl2_v1,random,7,S02:regression_bootstrap_confirmation:c1,I,0,5,0,
nl_v0,nl2_v1,random,7,S02:regression_bootstrap_confirmation:c2,I,0,5,0,
nl_v0,nl2_v1,random,7,S08:regression_bootstrap_confirmation:c0,I,0,1,0,
nl_v0,nl2_v1,random,7,S08:regression_bootstrap_confirmation:c1,I,0,0,0,
nl_v0,nl2_v1,random,7,S08:regression_bootstrap_confirmation:c2,I,0,1,0,
nl_v0,nl2_v1,random,8,S01:regression_bootstrap_confirmation:c0,R,0,5,0,
nl_v0,nl2_v1,random,8,S01:regression_bootstrap_confirmation:c1,R,0,3,0,
nl_v0,nl2_v1,random,8,S01:regression_bootstrap_confirmation:c2,R,0,1,0,
nl_v0,nl2_v1,random,8,S02:regression_bootstrap_confirmation:c0,R,0,0,0,
nl_v0,nl2_v1,random,8,S02:regression_bootstrap_confirmation:c1,R,0,0,0,
nl_v0,nl2_v1,random,8,S02:regression_bootstrap_confirmation:c2,R,0,0,0,
nl_v0,nl2_v1,random,8,S08:regression_bootstrap_confirmation:c0,R,0,2,0,
nl_v0,nl2_v1,random,8,S08:regression_bootstrap_confirmation:c1,R,20,4,0,0.0
nl_v0,nl2_v1,random,8,S08:regression_bootstrap_confirmation:c2,R,0,5,0,
nl_v0,nl2_v1,random,8,S01:regression_bootstrap_confirmation:c0,I,0,2,0,
nl_v0,nl2_v1,random,8,S01:regression_bootstrap_confirmation:c1,I,0,0,0,
nl_v0,nl2_v1,random,8,S01:regression_bootstrap_confirmation:c2,I,0,1,0,
nl_v0,nl2_v1,random,8,S02:regression_bootstrap_confirmation:c0,I,0,5,0,
nl_v0,nl2_v1,random,8,S02:regression_bootstrap_confirmation:c1,I,0,4,0,
nl_v0,nl2_v1,random,8,S02:regression_bootstrap_confirmation:c2,I,0,3,0,
nl_v0,nl2_v1,random,8,S08:regression_bootstrap_confirmation:c0,I,0,2,0,
nl_v0,nl2_v1,random,8,S08:regression_bootstrap_confirmation:c1,I,0,0,0,
nl_v0,nl2_v1,random,8,S08:regression_bootstrap_confirmation:c2,I,0,3,0,
nl_v0,nl2_v1,random,9,S01:regression_bootstrap_confirmation:c0,R,0,4,0,
nl_v0,nl2_v1,random,9,S01:regression_bootstrap_confirmation:c1,R,0,4,0,
nl_v0,nl2_v1,random,9,S01:regression_bootstrap_confirmation:c2,R,0,3,0,
nl_v0,nl2_v1,random,9,S02:regression_bootstrap_confirmation:c0,R,0,0,0,
nl_v0,nl2_v1,random,9,S02:regression_bootstrap_confirmation:c1,R,0,0,0,
nl_v0,nl2_v1,random,9,S02:regression_bootstrap_confirmation:c2,R,0,0,0,
nl_v0,nl2_v1,random,9,S08:regression_bootstrap_confirmation:c0,R,0,3,0,
nl_v0,nl2_v1,random,9,S08:regression_bootstrap_confirmation:c1,R,20,5,0,0.0
nl_v0,nl2_v1,random,9,S08:regression_bootstrap_confirmation:c2,R,0,1,0,
nl_v0,nl2_v1,random,9,S01:regression_bootstrap_confirmation:c0,I,0,2,0,
nl_v0,nl2_v1,random,9,S01:regression_bootstrap_confirmation:c1,I,0,0,0,
nl_v0,nl2_v1,random,9,S01:regression_bootstrap_confirmation:c2,I,0,1,0,
nl_v0,nl2_v1,random,9,S02:regression_bootstrap_confirmation:c0,I,0,5,0,
nl_v0,nl2_v1,random,9,S02:regression_bootstrap_confirmation:c1,I,0,3,0,
nl_v0,nl2_v1,random,9,S02:regression_bootstrap_confirmation:c2,I,0,6,0,
nl_v0,nl2_v1,random,9,S08:regression_bootstrap_confirmation:c0,I,0,1,0,
nl_v0,nl2_v1,random,9,S08:regression_bootstrap_confirmation:c1,I,0,0,0,
nl_v0,nl2_v1,random,9,S08:regression_bootstrap_confirmation:c2,I,0,2,0,
nl_v0,nl2_v1,static_risk,0,S01:regression_bootstrap_confirmation:c0,R,0,15,0,
nl_v0,nl2_v1,static_risk,0,S01:regression_bootstrap_confirmation:c1,R,0,0,0,
nl_v0,nl2_v1,static_risk,0,S01:regression_bootstrap_confirmation:c2,R,0,5,0,
nl_v0,nl2_v1,static_risk,0,S02:regression_bootstrap_confirmation:c0,R,0,0,0,
nl_v0,nl2_v1,static_risk,0,S02:regression_bootstrap_confirmation:c1,R,0,0,0,
nl_v0,nl2_v1,static_risk,0,S02:regression_bootstrap_confirmation:c2,R,0,0,0,
nl_v0,nl2_v1,static_risk,0,S08:regression_bootstrap_confirmation:c0,R,0,0,0,
nl_v0,nl2_v1,static_risk,0,S08:regression_bootstrap_confirmation:c1,R,20,0,0,0.0
nl_v0,nl2_v1,static_risk,0,S08:regression_bootstrap_confirmation:c2,R,0,0,0,
nl_v0,nl2_v1,static_risk,0,S01:regression_bootstrap_confirmation:c0,I,0,12,0,
nl_v0,nl2_v1,static_risk,0,S01:regression_bootstrap_confirmation:c1,I,0,0,0,
nl_v0,nl2_v1,static_risk,0,S01:regression_bootstrap_confirmation:c2,I,0,8,0,
nl_v0,nl2_v1,static_risk,0,S02:regression_bootstrap_confirmation:c0,I,0,0,0,
nl_v0,nl2_v1,static_risk,0,S02:regression_bootstrap_confirmation:c1,I,0,0,0,
nl_v0,nl2_v1,static_risk,0,S02:regression_bootstrap_confirmation:c2,I,0,0,0,
nl_v0,nl2_v1,static_risk,0,S08:regression_bootstrap_confirmation:c0,I,0,0,0,
nl_v0,nl2_v1,static_risk,0,S08:regression_bootstrap_confirmation:c1,I,0,0,0,
nl_v0,nl2_v1,static_risk,0,S08:regression_bootstrap_confirmation:c2,I,0,0,0,
nl_v0,nl2_v1,static_boundary,0,S01:regression_bootstrap_confirmation:c0,R,0,7,0,
nl_v0,nl2_v1,static_boundary,0,S01:regression_bootstrap_confirmation:c1,R,0,0,0,
nl_v0,nl2_v1,static_boundary,0,S01:regression_bootstrap_confirmation:c2,R,0,5,0,
nl_v0,nl2_v1,static_boundary,0,S02:regression_bootstrap_confirmation:c0,R,0,0,0,
nl_v0,nl2_v1,static_boundary,0,S02:regression_bootstrap_confirmation:c1,R,0,0,0,
nl_v0,nl2_v1,static_boundary,0,S02:regression_bootstrap_confirmation:c2,R,0,0,0,
nl_v0,nl2_v1,static_boundary,0,S08:regression_bootstrap_confirmation:c0,R,0,4,0,
nl_v0,nl2_v1,static_boundary,0,S08:regression_bootstrap_confirmation:c1,R,20,0,0,0.0
nl_v0,nl2_v1,static_boundary,0,S08:regression_bootstrap_confirmation:c2,R,0,4,0,
nl_v0,nl2_v1,static_boundary,0,S01:regression_bootstrap_confirmation:c0,I,0,7,0,
nl_v0,nl2_v1,static_boundary,0,S01:regression_bootstrap_confirmation:c1,I,0,0,0,
nl_v0,nl2_v1,static_boundary,0,S01:regression_bootstrap_confirmation:c2,I,0,5,0,
nl_v0,nl2_v1,static_boundary,0,S02:regression_bootstrap_confirmation:c0,I,0,0,0,
nl_v0,nl2_v1,static_boundary,0,S02:regression_bootstrap_confirmation:c1,I,0,0,0,
nl_v0,nl2_v1,static_boundary,0,S02:regression_bootstrap_confirmation:c2,I,0,0,0,
nl_v0,nl2_v1,static_boundary,0,S08:regression_bootstrap_confirmation:c0,I,0,4,0,
nl_v0,nl2_v1,static_boundary,0,S08:regression_bootstrap_confirmation:c1,I,0,0,0,
nl_v0,nl2_v1,static_boundary,0,S08:regression_bootstrap_confirmation:c2,I,0,4,0,
nl_v0,nl2_v1,center_residual,0,S01:regression_bootstrap_confirmation:c0,R,0,13,0,
nl_v0,nl2_v1,center_residual,0,S01:regression_bootstrap_confirmation:c1,R,0,0,0,
nl_v0,nl2_v1,center_residual,0,S01:regression_bootstrap_confirmation:c2,R,0,4,0,
nl_v0,nl2_v1,center_residual,0,S02:regression_bootstrap_confirmation:c0,R,0,0,0,
nl_v0,nl2_v1,center_residual,0,S02:regression_bootstrap_confirmation:c1,R,0,0,0,
nl_v0,nl2_v1,center_residual,0,S02:regression_bootstrap_confirmation:c2,R,0,0,0,
nl_v0,nl2_v1,center_residual,0,S08:regression_bootstrap_confirmation:c0,R,0,3,0,
nl_v0,nl2_v1,center_residual,0,S08:regression_bootstrap_confirmation:c1,R,20,0,0,0.0
nl_v0,nl2_v1,center_residual,0,S08:regression_bootstrap_confirmation:c2,R,0,0,0,
nl_v0,nl2_v1,center_residual,0,S01:regression_bootstrap_confirmation:c0,I,0,7,0,
nl_v0,nl2_v1,center_residual,0,S01:regression_bootstrap_confirmation:c1,I,0,0,0,
nl_v0,nl2_v1,center_residual,0,S01:regression_bootstrap_confirmation:c2,I,0,9,0,
nl_v0,nl2_v1,center_residual,0,S02:regression_bootstrap_confirmation:c0,I,0,0,0,
nl_v0,nl2_v1,center_residual,0,S02:regression_bootstrap_confirmation:c1,I,0,0,0,
nl_v0,nl2_v1,center_residual,0,S02:regression_bootstrap_confirmation:c2,I,0,0,0,
nl_v0,nl2_v1,center_residual,0,S08:regression_bootstrap_confirmation:c0,I,0,1,0,
nl_v0,nl2_v1,center_residual,0,S08:regression_bootstrap_confirmation:c1,I,0,0,0,
nl_v0,nl2_v1,center_residual,0,S08:regression_bootstrap_confirmation:c2,I,0,3,0,
nl_v0,nl2_v1,coordinate_residual,0,S01:regression_bootstrap_confirmation:c0,R,0,14,0,
nl_v0,nl2_v1,coordinate_residual,0,S01:regression_bootstrap_confirmation:c1,R,0,0,0,
nl_v0,nl2_v1,coordinate_residual,0,S01:regression_bootstrap_confirmation:c2,R,0,4,0,
nl_v0,nl2_v1,coordinate_residual,0,S02:regression_bootstrap_confirmation:c0,R,0,0,0,
nl_v0,nl2_v1,coordinate_residual,0,S02:regression_bootstrap_confirmation:c1,R,0,0,0,
nl_v0,nl2_v1,coordinate_residual,0,S02:regression_bootstrap_confirmation:c2,R,0,0,0,
nl_v0,nl2_v1,coordinate_residual,0,S08:regression_bootstrap_confirmation:c0,R,0,2,0,
nl_v0,nl2_v1,coordinate_residual,0,S08:regression_bootstrap_confirmation:c1,R,20,0,0,0.0
nl_v0,nl2_v1,coordinate_residual,0,S08:regression_bootstrap_confirmation:c2,R,0,0,0,
nl_v0,nl2_v1,coordinate_residual,0,S01:regression_bootstrap_confirmation:c0,I,0,9,0,
nl_v0,nl2_v1,coordinate_residual,0,S01:regression_bootstrap_confirmation:c1,I,0,0,0,
nl_v0,nl2_v1,coordinate_residual,0,S01:regression_bootstrap_confirmation:c2,I,0,8,0,
nl_v0,nl2_v1,coordinate_residual,0,S02:regression_bootstrap_confirmation:c0,I,0,0,0,
nl_v0,nl2_v1,coordinate_residual,0,S02:regression_bootstrap_confirmation:c1,I,0,0,0,
nl_v0,nl2_v1,coordinate_residual,0,S02:regression_bootstrap_confirmation:c2,I,0,0,0,
nl_v0,nl2_v1,coordinate_residual,0,S08:regression_bootstrap_confirmation:c0,I,0,0,0,
nl_v0,nl2_v1,coordinate_residual,0,S08:regression_bootstrap_confirmation:c1,I,0,0,0,
nl_v0,nl2_v1,coordinate_residual,0,S08:regression_bootstrap_confirmation:c2,I,0,3,0,
nl_v0,nl2_v1,target_only,0,S01:regression_bootstrap_confirmation:c0,R,0,7,0,
nl_v0,nl2_v1,target_only,0,S01:regression_bootstrap_confirmation:c1,R,0,6,0,
nl_v0,nl2_v1,target_only,0,S01:regression_bootstrap_confirmation:c2,R,0,3,0,
nl_v0,nl2_v1,target_only,0,S02:regression_bootstrap_confirmation:c0,R,0,0,0,
nl_v0,nl2_v1,target_only,0,S02:regression_bootstrap_confirmation:c1,R,0,0,0,
nl_v0,nl2_v1,target_only,0,S02:regression_bootstrap_confirmation:c2,R,0,0,0,
nl_v0,nl2_v1,target_only,0,S08:regression_bootstrap_confirmation:c0,R,0,1,0,
nl_v0,nl2_v1,target_only,0,S08:regression_bootstrap_confirmation:c1,R,20,3,1,0.05
nl_v0,nl2_v1,target_only,0,S08:regression_bootstrap_confirmation:c2,R,0,0,0,
nl_v0,nl2_v1,target_only,0,S01:regression_bootstrap_confirmation:c0,I,0,0,0,
nl_v0,nl2_v1,target_only,0,S01:regression_bootstrap_confirmation:c1,I,0,0,0,
nl_v0,nl2_v1,target_only,0,S01:regression_bootstrap_confirmation:c2,I,0,1,0,
nl_v0,nl2_v1,target_only,0,S02:regression_bootstrap_confirmation:c0,I,0,6,0,
nl_v0,nl2_v1,target_only,0,S02:regression_bootstrap_confirmation:c1,I,0,6,0,
nl_v0,nl2_v1,target_only,0,S02:regression_bootstrap_confirmation:c2,I,0,5,0,
nl_v0,nl2_v1,target_only,0,S08:regression_bootstrap_confirmation:c0,I,0,1,0,
nl_v0,nl2_v1,target_only,0,S08:regression_bootstrap_confirmation:c1,I,0,0,0,
nl_v0,nl2_v1,target_only,0,S08:regression_bootstrap_confirmation:c2,I,0,1,0,
nl_v0,nl2_v1,directed_residual,0,S01:regression_bootstrap_confirmation:c0,R,0,14,0,
nl_v0,nl2_v1,directed_residual,0,S01:regression_bootstrap_confirmation:c1,R,0,0,0,
nl_v0,nl2_v1,directed_residual,0,S01:regression_bootstrap_confirmation:c2,R,0,4,0,
nl_v0,nl2_v1,directed_residual,0,S02:regression_bootstrap_confirmation:c0,R,0,0,0,
nl_v0,nl2_v1,directed_residual,0,S02:regression_bootstrap_confirmation:c1,R,0,0,0,
nl_v0,nl2_v1,directed_residual,0,S02:regression_bootstrap_confirmation:c2,R,0,0,0,
nl_v0,nl2_v1,directed_residual,0,S08:regression_bootstrap_confirmation:c0,R,0,2,0,
nl_v0,nl2_v1,directed_residual,0,S08:regression_bootstrap_confirmation:c1,R,20,0,0,0.0
nl_v0,nl2_v1,directed_residual,0,S08:regression_bootstrap_confirmation:c2,R,0,0,0,
nl_v0,nl2_v1,directed_residual,0,S01:regression_bootstrap_confirmation:c0,I,0,7,0,
nl_v0,nl2_v1,directed_residual,0,S01:regression_bootstrap_confirmation:c1,I,0,0,0,
nl_v0,nl2_v1,directed_residual,0,S01:regression_bootstrap_confirmation:c2,I,0,7,0,
nl_v0,nl2_v1,directed_residual,0,S02:regression_bootstrap_confirmation:c0,I,0,0,0,
nl_v0,nl2_v1,directed_residual,0,S02:regression_bootstrap_confirmation:c1,I,0,0,0,
nl_v0,nl2_v1,directed_residual,0,S02:regression_bootstrap_confirmation:c2,I,0,0,0,
nl_v0,nl2_v1,directed_residual,0,S08:regression_bootstrap_confirmation:c0,I,0,2,0,
nl_v0,nl2_v1,directed_residual,0,S08:regression_bootstrap_confirmation:c1,I,0,0,0,
nl_v0,nl2_v1,directed_residual,0,S08:regression_bootstrap_confirmation:c2,I,0,4,0,
nl_v0,nl2_v1,directed_context_laplace,0,S01:regression_bootstrap_confirmation:c0,R,0,14,0,
nl_v0,nl2_v1,directed_context_laplace,0,S01:regression_bootstrap_confirmation:c1,R,0,0,0,
nl_v0,nl2_v1,directed_context_laplace,0,S01:regression_bootstrap_confirmation:c2,R,0,5,0,
nl_v0,nl2_v1,directed_context_laplace,0,S02:regression_bootstrap_confirmation:c0,R,0,0,0,
nl_v0,nl2_v1,directed_context_laplace,0,S02:regression_bootstrap_confirmation:c1,R,0,0,0,
nl_v0,nl2_v1,directed_context_laplace,0,S02:regression_bootstrap_confirmation:c2,R,0,0,0,
nl_v0,nl2_v1,directed_context_laplace,0,S08:regression_bootstrap_confirmation:c0,R,0,1,0,
nl_v0,nl2_v1,directed_context_laplace,0,S08:regression_bootstrap_confirmation:c1,R,20,0,0,0.0
nl_v0,nl2_v1,directed_context_laplace,0,S08:regression_bootstrap_confirmation:c2,R,0,0,0,
nl_v0,nl2_v1,directed_context_laplace,0,S01:regression_bootstrap_confirmation:c0,I,0,9,0,
nl_v0,nl2_v1,directed_context_laplace,0,S01:regression_bootstrap_confirmation:c1,I,0,0,0,
nl_v0,nl2_v1,directed_context_laplace,0,S01:regression_bootstrap_confirmation:c2,I,0,11,0,
nl_v0,nl2_v1,directed_context_laplace,0,S02:regression_bootstrap_confirmation:c0,I,0,0,0,
nl_v0,nl2_v1,directed_context_laplace,0,S02:regression_bootstrap_confirmation:c1,I,0,0,0,
nl_v0,nl2_v1,directed_context_laplace,0,S02:regression_bootstrap_confirmation:c2,I,0,0,0,
nl_v0,nl2_v1,directed_context_laplace,0,S08:regression_bootstrap_confirmation:c0,I,0,0,0,
nl_v0,nl2_v1,directed_context_laplace,0,S08:regression_bootstrap_confirmation:c1,I,0,0,0,
nl_v0,nl2_v1,directed_context_laplace,0,S08:regression_bootstrap_confirmation:c2,I,0,0,0,
nl_v0,nl2_v1,directed_context_ucb,0,S01:regression_bootstrap_confirmation:c0,R,0,8,0,
nl_v0,nl2_v1,directed_context_ucb,0,S01:regression_bootstrap_confirmation:c1,R,0,0,0,
nl_v0,nl2_v1,directed_context_ucb,0,S01:regression_bootstrap_confirmation:c2,R,0,7,0,
nl_v0,nl2_v1,directed_context_ucb,0,S02:regression_bootstrap_confirmation:c0,R,0,0,0,
nl_v0,nl2_v1,directed_context_ucb,0,S02:regression_bootstrap_confirmation:c1,R,0,0,0,
nl_v0,nl2_v1,directed_context_ucb,0,S02:regression_bootstrap_confirmation:c2,R,0,0,0,
nl_v0,nl2_v1,directed_context_ucb,0,S08:regression_bootstrap_confirmation:c0,R,0,4,0,
nl_v0,nl2_v1,directed_context_ucb,0,S08:regression_bootstrap_confirmation:c1,R,20,0,0,0.0
nl_v0,nl2_v1,directed_context_ucb,0,S08:regression_bootstrap_confirmation:c2,R,0,1,0,
nl_v0,nl2_v1,directed_context_ucb,0,S01:regression_bootstrap_confirmation:c0,I,0,7,0,
nl_v0,nl2_v1,directed_context_ucb,0,S01:regression_bootstrap_confirmation:c1,I,0,0,0,
nl_v0,nl2_v1,directed_context_ucb,0,S01:regression_bootstrap_confirmation:c2,I,0,11,0,
nl_v0,nl2_v1,directed_context_ucb,0,S02:regression_bootstrap_confirmation:c0,I,0,0,0,
nl_v0,nl2_v1,directed_context_ucb,0,S02:regression_bootstrap_confirmation:c1,I,0,0,0,
nl_v0,nl2_v1,directed_context_ucb,0,S02:regression_bootstrap_confirmation:c2,I,0,0,0,
nl_v0,nl2_v1,directed_context_ucb,0,S08:regression_bootstrap_confirmation:c0,I,0,2,0,
nl_v0,nl2_v1,directed_context_ucb,0,S08:regression_bootstrap_confirmation:c1,I,0,0,0,
nl_v0,nl2_v1,directed_context_ucb,0,S08:regression_bootstrap_confirmation:c2,I,0,0,0,
nl_v0,nl2_v1,coordinate_context_ucb_pure,0,S01:regression_bootstrap_confirmation:c0,R,0,9,0,
nl_v0,nl2_v1,coordinate_context_ucb_pure,0,S01:regression_bootstrap_confirmation:c1,R,0,0,0,
nl_v0,nl2_v1,coordinate_context_ucb_pure,0,S01:regression_bootstrap_confirmation:c2,R,0,6,0,
nl_v0,nl2_v1,coordinate_context_ucb_pure,0,S02:regression_bootstrap_confirmation:c0,R,0,0,0,
nl_v0,nl2_v1,coordinate_context_ucb_pure,0,S02:regression_bootstrap_confirmation:c1,R,0,0,0,
nl_v0,nl2_v1,coordinate_context_ucb_pure,0,S02:regression_bootstrap_confirmation:c2,R,0,0,0,
nl_v0,nl2_v1,coordinate_context_ucb_pure,0,S08:regression_bootstrap_confirmation:c0,R,0,3,0,
nl_v0,nl2_v1,coordinate_context_ucb_pure,0,S08:regression_bootstrap_confirmation:c1,R,20,0,0,0.0
nl_v0,nl2_v1,coordinate_context_ucb_pure,0,S08:regression_bootstrap_confirmation:c2,R,0,2,0,
nl_v0,nl2_v1,coordinate_context_ucb_pure,0,S01:regression_bootstrap_confirmation:c0,I,0,8,0,
nl_v0,nl2_v1,coordinate_context_ucb_pure,0,S01:regression_bootstrap_confirmation:c1,I,0,0,0,
nl_v0,nl2_v1,coordinate_context_ucb_pure,0,S01:regression_bootstrap_confirmation:c2,I,0,8,0,
nl_v0,nl2_v1,coordinate_context_ucb_pure,0,S02:regression_bootstrap_confirmation:c0,I,0,0,0,
nl_v0,nl2_v1,coordinate_context_ucb_pure,0,S02:regression_bootstrap_confirmation:c1,I,0,0,0,
nl_v0,nl2_v1,coordinate_context_ucb_pure,0,S02:regression_bootstrap_confirmation:c2,I,0,0,0,
nl_v0,nl2_v1,coordinate_context_ucb_pure,0,S08:regression_bootstrap_confirmation:c0,I,0,2,0,
nl_v0,nl2_v1,coordinate_context_ucb_pure,0,S08:regression_bootstrap_confirmation:c1,I,0,0,0,
nl_v0,nl2_v1,coordinate_context_ucb_pure,0,S08:regression_bootstrap_confirmation:c2,I,0,2,0,
nl_v0,nl2_v1,directed_context_ucb_pure,0,S01:regression_bootstrap_confirmation:c0,R,0,7,0,
nl_v0,nl2_v1,directed_context_ucb_pure,0,S01:regression_bootstrap_confirmation:c1,R,0,0,0,
nl_v0,nl2_v1,directed_context_ucb_pure,0,S01:regression_bootstrap_confirmation:c2,R,0,7,0,
nl_v0,nl2_v1,directed_context_ucb_pure,0,S02:regression_bootstrap_confirmation:c0,R,0,0,0,
nl_v0,nl2_v1,directed_context_ucb_pure,0,S02:regression_bootstrap_confirmation:c1,R,0,0,0,
nl_v0,nl2_v1,directed_context_ucb_pure,0,S02:regression_bootstrap_confirmation:c2,R,0,0,0,
nl_v0,nl2_v1,directed_context_ucb_pure,0,S08:regression_bootstrap_confirmation:c0,R,0,3,0,
nl_v0,nl2_v1,directed_context_ucb_pure,0,S08:regression_bootstrap_confirmation:c1,R,20,0,0,0.0
nl_v0,nl2_v1,directed_context_ucb_pure,0,S08:regression_bootstrap_confirmation:c2,R,0,3,0,
nl_v0,nl2_v1,directed_context_ucb_pure,0,S01:regression_bootstrap_confirmation:c0,I,0,7,0,
nl_v0,nl2_v1,directed_context_ucb_pure,0,S01:regression_bootstrap_confirmation:c1,I,0,0,0,
nl_v0,nl2_v1,directed_context_ucb_pure,0,S01:regression_bootstrap_confirmation:c2,I,0,9,0,
nl_v0,nl2_v1,directed_context_ucb_pure,0,S02:regression_bootstrap_confirmation:c0,I,0,0,0,
nl_v0,nl2_v1,directed_context_ucb_pure,0,S02:regression_bootstrap_confirmation:c1,I,0,0,0,
nl_v0,nl2_v1,directed_context_ucb_pure,0,S02:regression_bootstrap_confirmation:c2,I,0,0,0,
nl_v0,nl2_v1,directed_context_ucb_pure,0,S08:regression_bootstrap_confirmation:c0,I,0,2,0,
nl_v0,nl2_v1,directed_context_ucb_pure,0,S08:regression_bootstrap_confirmation:c1,I,0,0,0,
nl_v0,nl2_v1,directed_context_ucb_pure,0,S08:regression_bootstrap_confirmation:c2,I,0,2,0,
nl_v0,nl2_v1,directed_context_ucb_loose,0,S01:regression_bootstrap_confirmation:c0,R,0,7,0,
nl_v0,nl2_v1,directed_context_ucb_loose,0,S01:regression_bootstrap_confirmation:c1,R,0,0,0,
nl_v0,nl2_v1,directed_context_ucb_loose,0,S01:regression_bootstrap_confirmation:c2,R,0,7,0,
nl_v0,nl2_v1,directed_context_ucb_loose,0,S02:regression_bootstrap_confirmation:c0,R,0,0,0,
nl_v0,nl2_v1,directed_context_ucb_loose,0,S02:regression_bootstrap_confirmation:c1,R,0,0,0,
nl_v0,nl2_v1,directed_context_ucb_loose,0,S02:regression_bootstrap_confirmation:c2,R,0,0,0,
nl_v0,nl2_v1,directed_context_ucb_loose,0,S08:regression_bootstrap_confirmation:c0,R,0,3,0,
nl_v0,nl2_v1,directed_context_ucb_loose,0,S08:regression_bootstrap_confirmation:c1,R,20,0,0,0.0
nl_v0,nl2_v1,directed_context_ucb_loose,0,S08:regression_bootstrap_confirmation:c2,R,0,3,0,
nl_v0,nl2_v1,directed_context_ucb_loose,0,S01:regression_bootstrap_confirmation:c0,I,0,7,0,
nl_v0,nl2_v1,directed_context_ucb_loose,0,S01:regression_bootstrap_confirmation:c1,I,0,0,0,
nl_v0,nl2_v1,directed_context_ucb_loose,0,S01:regression_bootstrap_confirmation:c2,I,0,8,0,
nl_v0,nl2_v1,directed_context_ucb_loose,0,S02:regression_bootstrap_confirmation:c0,I,0,0,0,
nl_v0,nl2_v1,directed_context_ucb_loose,0,S02:regression_bootstrap_confirmation:c1,I,0,0,0,
nl_v0,nl2_v1,directed_context_ucb_loose,0,S02:regression_bootstrap_confirmation:c2,I,0,0,0,
nl_v0,nl2_v1,directed_context_ucb_loose,0,S08:regression_bootstrap_confirmation:c0,I,0,3,0,
nl_v0,nl2_v1,directed_context_ucb_loose,0,S08:regression_bootstrap_confirmation:c1,I,0,0,0,
nl_v0,nl2_v1,directed_context_ucb_loose,0,S08:regression_bootstrap_confirmation:c2,I,0,2,0,
nl_v0,nl2_v1,coordinate_offset_calibrated_ucb,0,S01:regression_bootstrap_confirmation:c0,R,0,7,0,
nl_v0,nl2_v1,coordinate_offset_calibrated_ucb,0,S01:regression_bootstrap_confirmation:c1,R,0,0,0,
nl_v0,nl2_v1,coordinate_offset_calibrated_ucb,0,S01:regression_bootstrap_confirmation:c2,R,0,9,0,
nl_v0,nl2_v1,coordinate_offset_calibrated_ucb,0,S02:regression_bootstrap_confirmation:c0,R,0,0,0,
nl_v0,nl2_v1,coordinate_offset_calibrated_ucb,0,S02:regression_bootstrap_confirmation:c1,R,0,0,0,
nl_v0,nl2_v1,coordinate_offset_calibrated_ucb,0,S02:regression_bootstrap_confirmation:c2,R,0,0,0,
nl_v0,nl2_v1,coordinate_offset_calibrated_ucb,0,S08:regression_bootstrap_confirmation:c0,R,0,2,0,
nl_v0,nl2_v1,coordinate_offset_calibrated_ucb,0,S08:regression_bootstrap_confirmation:c1,R,20,0,0,0.0
nl_v0,nl2_v1,coordinate_offset_calibrated_ucb,0,S08:regression_bootstrap_confirmation:c2,R,0,2,0,
nl_v0,nl2_v1,coordinate_offset_calibrated_ucb,0,S01:regression_bootstrap_confirmation:c0,I,0,7,0,
nl_v0,nl2_v1,coordinate_offset_calibrated_ucb,0,S01:regression_bootstrap_confirmation:c1,I,0,0,0,
nl_v0,nl2_v1,coordinate_offset_calibrated_ucb,0,S01:regression_bootstrap_confirmation:c2,I,0,9,0,
nl_v0,nl2_v1,coordinate_offset_calibrated_ucb,0,S02:regression_bootstrap_confirmation:c0,I,0,0,0,
nl_v0,nl2_v1,coordinate_offset_calibrated_ucb,0,S02:regression_bootstrap_confirmation:c1,I,0,0,0,
nl_v0,nl2_v1,coordinate_offset_calibrated_ucb,0,S02:regression_bootstrap_confirmation:c2,I,0,0,0,
nl_v0,nl2_v1,coordinate_offset_calibrated_ucb,0,S08:regression_bootstrap_confirmation:c0,I,0,2,0,
nl_v0,nl2_v1,coordinate_offset_calibrated_ucb,0,S08:regression_bootstrap_confirmation:c1,I,0,0,0,
nl_v0,nl2_v1,coordinate_offset_calibrated_ucb,0,S08:regression_bootstrap_confirmation:c2,I,0,2,0,
nl_v0,nl2_v1,directed_offset_calibrated_ucb,0,S01:regression_bootstrap_confirmation:c0,R,0,7,0,
nl_v0,nl2_v1,directed_offset_calibrated_ucb,0,S01:regression_bootstrap_confirmation:c1,R,0,0,0,
nl_v0,nl2_v1,directed_offset_calibrated_ucb,0,S01:regression_bootstrap_confirmation:c2,R,0,9,0,
nl_v0,nl2_v1,directed_offset_calibrated_ucb,0,S02:regression_bootstrap_confirmation:c0,R,0,0,0,
nl_v0,nl2_v1,directed_offset_calibrated_ucb,0,S02:regression_bootstrap_confirmation:c1,R,0,0,0,
nl_v0,nl2_v1,directed_offset_calibrated_ucb,0,S02:regression_bootstrap_confirmation:c2,R,0,0,0,
nl_v0,nl2_v1,directed_offset_calibrated_ucb,0,S08:regression_bootstrap_confirmation:c0,R,0,2,0,
nl_v0,nl2_v1,directed_offset_calibrated_ucb,0,S08:regression_bootstrap_confirmation:c1,R,20,0,0,0.0
nl_v0,nl2_v1,directed_offset_calibrated_ucb,0,S08:regression_bootstrap_confirmation:c2,R,0,2,0,
nl_v0,nl2_v1,directed_offset_calibrated_ucb,0,S01:regression_bootstrap_confirmation:c0,I,0,6,0,
nl_v0,nl2_v1,directed_offset_calibrated_ucb,0,S01:regression_bootstrap_confirmation:c1,I,0,0,0,
nl_v0,nl2_v1,directed_offset_calibrated_ucb,0,S01:regression_bootstrap_confirmation:c2,I,0,10,0,
nl_v0,nl2_v1,directed_offset_calibrated_ucb,0,S02:regression_bootstrap_confirmation:c0,I,0,0,0,
nl_v0,nl2_v1,directed_offset_calibrated_ucb,0,S02:regression_bootstrap_confirmation:c1,I,0,0,0,
nl_v0,nl2_v1,directed_offset_calibrated_ucb,0,S02:regression_bootstrap_confirmation:c2,I,0,0,0,
nl_v0,nl2_v1,directed_offset_calibrated_ucb,0,S08:regression_bootstrap_confirmation:c0,I,0,2,0,
nl_v0,nl2_v1,directed_offset_calibrated_ucb,0,S08:regression_bootstrap_confirmation:c1,I,0,0,0,
nl_v0,nl2_v1,directed_offset_calibrated_ucb,0,S08:regression_bootstrap_confirmation:c2,I,0,2,0,
nl_v0,nl2_v1,coordinate_bootstrap_offset_ucb,0,S01:regression_bootstrap_confirmation:c0,R,0,2,0,
nl_v0,nl2_v1,coordinate_bootstrap_offset_ucb,0,S01:regression_bootstrap_confirmation:c1,R,0,1,0,
nl_v0,nl2_v1,coordinate_bootstrap_offset_ucb,0,S01:regression_bootstrap_confirmation:c2,R,0,3,0,
nl_v0,nl2_v1,coordinate_bootstrap_offset_ucb,0,S02:regression_bootstrap_confirmation:c0,R,0,0,0,
nl_v0,nl2_v1,coordinate_bootstrap_offset_ucb,0,S02:regression_bootstrap_confirmation:c1,R,0,0,0,
nl_v0,nl2_v1,coordinate_bootstrap_offset_ucb,0,S02:regression_bootstrap_confirmation:c2,R,0,0,0,
nl_v0,nl2_v1,coordinate_bootstrap_offset_ucb,0,S08:regression_bootstrap_confirmation:c0,R,0,1,0,
nl_v0,nl2_v1,coordinate_bootstrap_offset_ucb,0,S08:regression_bootstrap_confirmation:c1,R,20,12,11,0.55
nl_v0,nl2_v1,coordinate_bootstrap_offset_ucb,0,S08:regression_bootstrap_confirmation:c2,R,0,1,0,
nl_v0,nl2_v1,coordinate_bootstrap_offset_ucb,0,S01:regression_bootstrap_confirmation:c0,I,0,6,0,
nl_v0,nl2_v1,coordinate_bootstrap_offset_ucb,0,S01:regression_bootstrap_confirmation:c1,I,0,0,0,
nl_v0,nl2_v1,coordinate_bootstrap_offset_ucb,0,S01:regression_bootstrap_confirmation:c2,I,0,8,0,
nl_v0,nl2_v1,coordinate_bootstrap_offset_ucb,0,S02:regression_bootstrap_confirmation:c0,I,0,1,0,
nl_v0,nl2_v1,coordinate_bootstrap_offset_ucb,0,S02:regression_bootstrap_confirmation:c1,I,0,1,0,
nl_v0,nl2_v1,coordinate_bootstrap_offset_ucb,0,S02:regression_bootstrap_confirmation:c2,I,0,1,0,
nl_v0,nl2_v1,coordinate_bootstrap_offset_ucb,0,S08:regression_bootstrap_confirmation:c0,I,0,2,0,
nl_v0,nl2_v1,coordinate_bootstrap_offset_ucb,0,S08:regression_bootstrap_confirmation:c1,I,0,0,0,
nl_v0,nl2_v1,coordinate_bootstrap_offset_ucb,0,S08:regression_bootstrap_confirmation:c2,I,0,1,0,
nl_v0,nl2_v1,directed_bootstrap_offset_ucb,0,S01:regression_bootstrap_confirmation:c0,R,0,2,0,
nl_v0,nl2_v1,directed_bootstrap_offset_ucb,0,S01:regression_bootstrap_confirmation:c1,R,0,1,0,
nl_v0,nl2_v1,directed_bootstrap_offset_ucb,0,S01:regression_bootstrap_confirmation:c2,R,0,2,0,
nl_v0,nl2_v1,directed_bootstrap_offset_ucb,0,S02:regression_bootstrap_confirmation:c0,R,0,0,0,
nl_v0,nl2_v1,directed_bootstrap_offset_ucb,0,S02:regression_bootstrap_confirmation:c1,R,0,0,0,
nl_v0,nl2_v1,directed_bootstrap_offset_ucb,0,S02:regression_bootstrap_confirmation:c2,R,0,0,0,
nl_v0,nl2_v1,directed_bootstrap_offset_ucb,0,S08:regression_bootstrap_confirmation:c0,R,0,1,0,
nl_v0,nl2_v1,directed_bootstrap_offset_ucb,0,S08:regression_bootstrap_confirmation:c1,R,20,13,12,0.6
nl_v0,nl2_v1,directed_bootstrap_offset_ucb,0,S08:regression_bootstrap_confirmation:c2,R,0,1,0,
nl_v0,nl2_v1,directed_bootstrap_offset_ucb,0,S01:regression_bootstrap_confirmation:c0,I,0,5,0,
nl_v0,nl2_v1,directed_bootstrap_offset_ucb,0,S01:regression_bootstrap_confirmation:c1,I,0,0,0,
nl_v0,nl2_v1,directed_bootstrap_offset_ucb,0,S01:regression_bootstrap_confirmation:c2,I,0,9,0,
nl_v0,nl2_v1,directed_bootstrap_offset_ucb,0,S02:regression_bootstrap_confirmation:c0,I,0,1,0,
nl_v0,nl2_v1,directed_bootstrap_offset_ucb,0,S02:regression_bootstrap_confirmation:c1,I,0,1,0,
nl_v0,nl2_v1,directed_bootstrap_offset_ucb,0,S02:regression_bootstrap_confirmation:c2,I,0,1,0,
nl_v0,nl2_v1,directed_bootstrap_offset_ucb,0,S08:regression_bootstrap_confirmation:c0,I,0,2,0,
nl_v0,nl2_v1,directed_bootstrap_offset_ucb,0,S08:regression_bootstrap_confirmation:c1,I,0,0,0,
nl_v0,nl2_v1,directed_bootstrap_offset_ucb,0,S08:regression_bootstrap_confirmation:c2,I,0,1,0,
nl_v0,nl2_v1,coordinate_regression_bootstrap_ucb,0,S01:regression_bootstrap_confirmation:c0,R,0,2,0,
nl_v0,nl2_v1,coordinate_regression_bootstrap_ucb,0,S01:regression_bootstrap_confirmation:c1,R,0,1,0,
nl_v0,nl2_v1,coordinate_regression_bootstrap_ucb,0,S01:regression_bootstrap_confirmation:c2,R,0,4,0,
nl_v0,nl2_v1,coordinate_regression_bootstrap_ucb,0,S02:regression_bootstrap_confirmation:c0,R,0,0,0,
nl_v0,nl2_v1,coordinate_regression_bootstrap_ucb,0,S02:regression_bootstrap_confirmation:c1,R,0,0,0,
nl_v0,nl2_v1,coordinate_regression_bootstrap_ucb,0,S02:regression_bootstrap_confirmation:c2,R,0,0,0,
nl_v0,nl2_v1,coordinate_regression_bootstrap_ucb,0,S08:regression_bootstrap_confirmation:c0,R,0,1,0,
nl_v0,nl2_v1,coordinate_regression_bootstrap_ucb,0,S08:regression_bootstrap_confirmation:c1,R,20,11,10,0.5
nl_v0,nl2_v1,coordinate_regression_bootstrap_ucb,0,S08:regression_bootstrap_confirmation:c2,R,0,1,0,
nl_v0,nl2_v1,coordinate_regression_bootstrap_ucb,0,S01:regression_bootstrap_confirmation:c0,I,0,5,0,
nl_v0,nl2_v1,coordinate_regression_bootstrap_ucb,0,S01:regression_bootstrap_confirmation:c1,I,0,0,0,
nl_v0,nl2_v1,coordinate_regression_bootstrap_ucb,0,S01:regression_bootstrap_confirmation:c2,I,0,11,0,
nl_v0,nl2_v1,coordinate_regression_bootstrap_ucb,0,S02:regression_bootstrap_confirmation:c0,I,0,0,0,
nl_v0,nl2_v1,coordinate_regression_bootstrap_ucb,0,S02:regression_bootstrap_confirmation:c1,I,0,0,0,
nl_v0,nl2_v1,coordinate_regression_bootstrap_ucb,0,S02:regression_bootstrap_confirmation:c2,I,0,0,0,
nl_v0,nl2_v1,coordinate_regression_bootstrap_ucb,0,S08:regression_bootstrap_confirmation:c0,I,0,2,0,
nl_v0,nl2_v1,coordinate_regression_bootstrap_ucb,0,S08:regression_bootstrap_confirmation:c1,I,0,0,0,
nl_v0,nl2_v1,coordinate_regression_bootstrap_ucb,0,S08:regression_bootstrap_confirmation:c2,I,0,2,0,
nl_v0,nl2_v1,directed_regression_bootstrap_ucb,0,S01:regression_bootstrap_confirmation:c0,R,0,2,0,
nl_v0,nl2_v1,directed_regression_bootstrap_ucb,0,S01:regression_bootstrap_confirmation:c1,R,0,1,0,
nl_v0,nl2_v1,directed_regression_bootstrap_ucb,0,S01:regression_bootstrap_confirmation:c2,R,0,2,0,
nl_v0,nl2_v1,directed_regression_bootstrap_ucb,0,S02:regression_bootstrap_confirmation:c0,R,0,0,0,
nl_v0,nl2_v1,directed_regression_bootstrap_ucb,0,S02:regression_bootstrap_confirmation:c1,R,0,0,0,
nl_v0,nl2_v1,directed_regression_bootstrap_ucb,0,S02:regression_bootstrap_confirmation:c2,R,0,0,0,
nl_v0,nl2_v1,directed_regression_bootstrap_ucb,0,S08:regression_bootstrap_confirmation:c0,R,0,1,0,
nl_v0,nl2_v1,directed_regression_bootstrap_ucb,0,S08:regression_bootstrap_confirmation:c1,R,20,13,12,0.6
nl_v0,nl2_v1,directed_regression_bootstrap_ucb,0,S08:regression_bootstrap_confirmation:c2,R,0,1,0,
nl_v0,nl2_v1,directed_regression_bootstrap_ucb,0,S01:regression_bootstrap_confirmation:c0,I,0,5,0,
nl_v0,nl2_v1,directed_regression_bootstrap_ucb,0,S01:regression_bootstrap_confirmation:c1,I,0,0,0,
nl_v0,nl2_v1,directed_regression_bootstrap_ucb,0,S01:regression_bootstrap_confirmation:c2,I,0,9,0,
nl_v0,nl2_v1,directed_regression_bootstrap_ucb,0,S02:regression_bootstrap_confirmation:c0,I,0,1,0,
nl_v0,nl2_v1,directed_regression_bootstrap_ucb,0,S02:regression_bootstrap_confirmation:c1,I,0,1,0,
nl_v0,nl2_v1,directed_regression_bootstrap_ucb,0,S02:regression_bootstrap_confirmation:c2,I,0,0,0,
nl_v0,nl2_v1,directed_regression_bootstrap_ucb,0,S08:regression_bootstrap_confirmation:c0,I,0,2,0,
nl_v0,nl2_v1,directed_regression_bootstrap_ucb,0,S08:regression_bootstrap_confirmation:c1,I,0,0,0,
nl_v0,nl2_v1,directed_regression_bootstrap_ucb,0,S08:regression_bootstrap_confirmation:c2,I,0,2,0,
nl_v0,nl2_v1,static_margin_coverage,0,S01:regression_bootstrap_confirmation:c0,R,0,6,0,
nl_v0,nl2_v1,static_margin_coverage,0,S01:regression_bootstrap_confirmation:c1,R,0,1,0,
nl_v0,nl2_v1,static_margin_coverage,0,S01:regression_bootstrap_confirmation:c2,R,0,5,0,
nl_v0,nl2_v1,static_margin_coverage,0,S02:regression_bootstrap_confirmation:c0,R,0,0,0,
nl_v0,nl2_v1,static_margin_coverage,0,S02:regression_bootstrap_confirmation:c1,R,0,0,0,
nl_v0,nl2_v1,static_margin_coverage,0,S02:regression_bootstrap_confirmation:c2,R,0,0,0,
nl_v0,nl2_v1,static_margin_coverage,0,S08:regression_bootstrap_confirmation:c0,R,0,1,0,
nl_v0,nl2_v1,static_margin_coverage,0,S08:regression_bootstrap_confirmation:c1,R,20,1,1,0.05
nl_v0,nl2_v1,static_margin_coverage,0,S08:regression_bootstrap_confirmation:c2,R,0,6,0,
nl_v0,nl2_v1,static_margin_coverage,0,S01:regression_bootstrap_confirmation:c0,I,0,12,0,
nl_v0,nl2_v1,static_margin_coverage,0,S01:regression_bootstrap_confirmation:c1,I,0,0,0,
nl_v0,nl2_v1,static_margin_coverage,0,S01:regression_bootstrap_confirmation:c2,I,0,8,0,
nl_v0,nl2_v1,static_margin_coverage,0,S02:regression_bootstrap_confirmation:c0,I,0,0,0,
nl_v0,nl2_v1,static_margin_coverage,0,S02:regression_bootstrap_confirmation:c1,I,0,0,0,
nl_v0,nl2_v1,static_margin_coverage,0,S02:regression_bootstrap_confirmation:c2,I,0,0,0,
nl_v0,nl2_v1,static_margin_coverage,0,S08:regression_bootstrap_confirmation:c0,I,0,0,0,
nl_v0,nl2_v1,static_margin_coverage,0,S08:regression_bootstrap_confirmation:c1,I,0,0,0,
nl_v0,nl2_v1,static_margin_coverage,0,S08:regression_bootstrap_confirmation:c2,I,0,0,0,
nl_v0,nl2_v1,coordinate_margin_frontier,0,S01:regression_bootstrap_confirmation:c0,R,0,1,0,
nl_v0,nl2_v1,coordinate_margin_frontier,0,S01:regression_bootstrap_confirmation:c1,R,0,1,0,
nl_v0,nl2_v1,coordinate_margin_frontier,0,S01:regression_bootstrap_confirmation:c2,R,0,1,0,
nl_v0,nl2_v1,coordinate_margin_frontier,0,S02:regression_bootstrap_confirmation:c0,R,0,0,0,
nl_v0,nl2_v1,coordinate_margin_frontier,0,S02:regression_bootstrap_confirmation:c1,R,0,0,0,
nl_v0,nl2_v1,coordinate_margin_frontier,0,S02:regression_bootstrap_confirmation:c2,R,0,0,0,
nl_v0,nl2_v1,coordinate_margin_frontier,0,S08:regression_bootstrap_confirmation:c0,R,0,1,0,
nl_v0,nl2_v1,coordinate_margin_frontier,0,S08:regression_bootstrap_confirmation:c1,R,20,15,13,0.65
nl_v0,nl2_v1,coordinate_margin_frontier,0,S08:regression_bootstrap_confirmation:c2,R,0,1,0,
nl_v0,nl2_v1,coordinate_margin_frontier,0,S01:regression_bootstrap_confirmation:c0,I,0,8,0,
nl_v0,nl2_v1,coordinate_margin_frontier,0,S01:regression_bootstrap_confirmation:c1,I,0,0,0,
nl_v0,nl2_v1,coordinate_margin_frontier,0,S01:regression_bootstrap_confirmation:c2,I,0,7,0,
nl_v0,nl2_v1,coordinate_margin_frontier,0,S02:regression_bootstrap_confirmation:c0,I,0,0,0,
nl_v0,nl2_v1,coordinate_margin_frontier,0,S02:regression_bootstrap_confirmation:c1,I,0,0,0,
nl_v0,nl2_v1,coordinate_margin_frontier,0,S02:regression_bootstrap_confirmation:c2,I,0,0,0,
nl_v0,nl2_v1,coordinate_margin_frontier,0,S08:regression_bootstrap_confirmation:c0,I,0,3,0,
nl_v0,nl2_v1,coordinate_margin_frontier,0,S08:regression_bootstrap_confirmation:c1,I,0,0,0,
nl_v0,nl2_v1,coordinate_margin_frontier,0,S08:regression_bootstrap_confirmation:c2,I,0,2,0,
nl_v0,nl2_v1,directed_margin_frontier,0,S01:regression_bootstrap_confirmation:c0,R,0,1,0,
nl_v0,nl2_v1,directed_margin_frontier,0,S01:regression_bootstrap_confirmation:c1,R,0,1,0,
nl_v0,nl2_v1,directed_margin_frontier,0,S01:regression_bootstrap_confirmation:c2,R,0,1,0,
nl_v0,nl2_v1,directed_margin_frontier,0,S02:regression_bootstrap_confirmation:c0,R,0,0,0,
nl_v0,nl2_v1,directed_margin_frontier,0,S02:regression_bootstrap_confirmation:c1,R,0,0,0,
nl_v0,nl2_v1,directed_margin_frontier,0,S02:regression_bootstrap_confirmation:c2,R,0,0,0,
nl_v0,nl2_v1,directed_margin_frontier,0,S08:regression_bootstrap_confirmation:c0,R,0,1,0,
nl_v0,nl2_v1,directed_margin_frontier,0,S08:regression_bootstrap_confirmation:c1,R,20,15,14,0.7
nl_v0,nl2_v1,directed_margin_frontier,0,S08:regression_bootstrap_confirmation:c2,R,0,1,0,
nl_v0,nl2_v1,directed_margin_frontier,0,S01:regression_bootstrap_confirmation:c0,I,0,6,0,
nl_v0,nl2_v1,directed_margin_frontier,0,S01:regression_bootstrap_confirmation:c1,I,0,0,0,
nl_v0,nl2_v1,directed_margin_frontier,0,S01:regression_bootstrap_confirmation:c2,I,0,7,0,
nl_v0,nl2_v1,directed_margin_frontier,0,S02:regression_bootstrap_confirmation:c0,I,0,0,0,
nl_v0,nl2_v1,directed_margin_frontier,0,S02:regression_bootstrap_confirmation:c1,I,0,0,0,
nl_v0,nl2_v1,directed_margin_frontier,0,S02:regression_bootstrap_confirmation:c2,I,0,0,0,
nl_v0,nl2_v1,directed_margin_frontier,0,S08:regression_bootstrap_confirmation:c0,I,0,7,0,
nl_v0,nl2_v1,directed_margin_frontier,0,S08:regression_bootstrap_confirmation:c1,I,0,0,0,
nl_v0,nl2_v1,directed_margin_frontier,0,S08:regression_bootstrap_confirmation:c2,I,0,0,0,
nl_v0,nl2_v1,static_dual_margin_coverage,0,S01:regression_bootstrap_confirmation:c0,R,0,6,0,
nl_v0,nl2_v1,static_dual_margin_coverage,0,S01:regression_bootstrap_confirmation:c1,R,0,1,0,
nl_v0,nl2_v1,static_dual_margin_coverage,0,S01:regression_bootstrap_confirmation:c2,R,0,5,0,
nl_v0,nl2_v1,static_dual_margin_coverage,0,S02:regression_bootstrap_confirmation:c0,R,0,0,0,
nl_v0,nl2_v1,static_dual_margin_coverage,0,S02:regression_bootstrap_confirmation:c1,R,0,0,0,
nl_v0,nl2_v1,static_dual_margin_coverage,0,S02:regression_bootstrap_confirmation:c2,R,0,0,0,
nl_v0,nl2_v1,static_dual_margin_coverage,0,S08:regression_bootstrap_confirmation:c0,R,0,1,0,
nl_v0,nl2_v1,static_dual_margin_coverage,0,S08:regression_bootstrap_confirmation:c1,R,20,1,1,0.05
nl_v0,nl2_v1,static_dual_margin_coverage,0,S08:regression_bootstrap_confirmation:c2,R,0,6,0,
nl_v0,nl2_v1,static_dual_margin_coverage,0,S01:regression_bootstrap_confirmation:c0,I,0,1,0,
nl_v0,nl2_v1,static_dual_margin_coverage,0,S01:regression_bootstrap_confirmation:c1,I,0,0,0,
nl_v0,nl2_v1,static_dual_margin_coverage,0,S01:regression_bootstrap_confirmation:c2,I,0,2,0,
nl_v0,nl2_v1,static_dual_margin_coverage,0,S02:regression_bootstrap_confirmation:c0,I,0,1,0,
nl_v0,nl2_v1,static_dual_margin_coverage,0,S02:regression_bootstrap_confirmation:c1,I,0,1,0,
nl_v0,nl2_v1,static_dual_margin_coverage,0,S02:regression_bootstrap_confirmation:c2,I,0,1,0,
nl_v0,nl2_v1,static_dual_margin_coverage,0,S08:regression_bootstrap_confirmation:c0,I,0,3,0,
nl_v0,nl2_v1,static_dual_margin_coverage,0,S08:regression_bootstrap_confirmation:c1,I,0,0,0,
nl_v0,nl2_v1,static_dual_margin_coverage,0,S08:regression_bootstrap_confirmation:c2,I,0,11,0,
nl_v0,nl2_v1,coordinate_dual_margin_frontier,0,S01:regression_bootstrap_confirmation:c0,R,0,1,0,
nl_v0,nl2_v1,coordinate_dual_margin_frontier,0,S01:regression_bootstrap_confirmation:c1,R,0,1,0,
nl_v0,nl2_v1,coordinate_dual_margin_frontier,0,S01:regression_bootstrap_confirmation:c2,R,0,1,0,
nl_v0,nl2_v1,coordinate_dual_margin_frontier,0,S02:regression_bootstrap_confirmation:c0,R,0,0,0,
nl_v0,nl2_v1,coordinate_dual_margin_frontier,0,S02:regression_bootstrap_confirmation:c1,R,0,0,0,
nl_v0,nl2_v1,coordinate_dual_margin_frontier,0,S02:regression_bootstrap_confirmation:c2,R,0,0,0,
nl_v0,nl2_v1,coordinate_dual_margin_frontier,0,S08:regression_bootstrap_confirmation:c0,R,0,1,0,
nl_v0,nl2_v1,coordinate_dual_margin_frontier,0,S08:regression_bootstrap_confirmation:c1,R,20,15,15,0.75
nl_v0,nl2_v1,coordinate_dual_margin_frontier,0,S08:regression_bootstrap_confirmation:c2,R,0,1,0,
nl_v0,nl2_v1,coordinate_dual_margin_frontier,0,S01:regression_bootstrap_confirmation:c0,I,0,9,0,
nl_v0,nl2_v1,coordinate_dual_margin_frontier,0,S01:regression_bootstrap_confirmation:c1,I,0,0,0,
nl_v0,nl2_v1,coordinate_dual_margin_frontier,0,S01:regression_bootstrap_confirmation:c2,I,0,5,0,
nl_v0,nl2_v1,coordinate_dual_margin_frontier,0,S02:regression_bootstrap_confirmation:c0,I,0,1,0,
nl_v0,nl2_v1,coordinate_dual_margin_frontier,0,S02:regression_bootstrap_confirmation:c1,I,0,1,0,
nl_v0,nl2_v1,coordinate_dual_margin_frontier,0,S02:regression_bootstrap_confirmation:c2,I,0,1,0,
nl_v0,nl2_v1,coordinate_dual_margin_frontier,0,S08:regression_bootstrap_confirmation:c0,I,0,2,0,
nl_v0,nl2_v1,coordinate_dual_margin_frontier,0,S08:regression_bootstrap_confirmation:c1,I,0,0,0,
nl_v0,nl2_v1,coordinate_dual_margin_frontier,0,S08:regression_bootstrap_confirmation:c2,I,0,1,0,
nl_v0,nl2_v1,directed_dual_margin_frontier,0,S01:regression_bootstrap_confirmation:c0,R,0,1,0,
nl_v0,nl2_v1,directed_dual_margin_frontier,0,S01:regression_bootstrap_confirmation:c1,R,0,1,0,
nl_v0,nl2_v1,directed_dual_margin_frontier,0,S01:regression_bootstrap_confirmation:c2,R,0,1,0,
nl_v0,nl2_v1,directed_dual_margin_frontier,0,S02:regression_bootstrap_confirmation:c0,R,0,0,0,
nl_v0,nl2_v1,directed_dual_margin_frontier,0,S02:regression_bootstrap_confirmation:c1,R,0,0,0,
nl_v0,nl2_v1,directed_dual_margin_frontier,0,S02:regression_bootstrap_confirmation:c2,R,0,0,0,
nl_v0,nl2_v1,directed_dual_margin_frontier,0,S08:regression_bootstrap_confirmation:c0,R,0,1,0,
nl_v0,nl2_v1,directed_dual_margin_frontier,0,S08:regression_bootstrap_confirmation:c1,R,20,15,14,0.7
nl_v0,nl2_v1,directed_dual_margin_frontier,0,S08:regression_bootstrap_confirmation:c2,R,0,1,0,
nl_v0,nl2_v1,directed_dual_margin_frontier,0,S01:regression_bootstrap_confirmation:c0,I,0,5,0,
nl_v0,nl2_v1,directed_dual_margin_frontier,0,S01:regression_bootstrap_confirmation:c1,I,0,0,0,
nl_v0,nl2_v1,directed_dual_margin_frontier,0,S01:regression_bootstrap_confirmation:c2,I,0,6,0,
nl_v0,nl2_v1,directed_dual_margin_frontier,0,S02:regression_bootstrap_confirmation:c0,I,0,1,0,
nl_v0,nl2_v1,directed_dual_margin_frontier,0,S02:regression_bootstrap_confirmation:c1,I,0,1,0,
nl_v0,nl2_v1,directed_dual_margin_frontier,0,S02:regression_bootstrap_confirmation:c2,I,0,1,0,
nl_v0,nl2_v1,directed_dual_margin_frontier,0,S08:regression_bootstrap_confirmation:c0,I,0,5,0,
nl_v0,nl2_v1,directed_dual_margin_frontier,0,S08:regression_bootstrap_confirmation:c1,I,0,0,0,
nl_v0,nl2_v1,directed_dual_margin_frontier,0,S08:regression_bootstrap_confirmation:c2,I,0,1,0,
nl_v0,nl2_v1,static_dual_coverage2,0,S01:regression_bootstrap_confirmation:c0,R,0,6,0,
nl_v0,nl2_v1,static_dual_coverage2,0,S01:regression_bootstrap_confirmation:c1,R,0,1,0,
nl_v0,nl2_v1,static_dual_coverage2,0,S01:regression_bootstrap_confirmation:c2,R,0,5,0,
nl_v0,nl2_v1,static_dual_coverage2,0,S02:regression_bootstrap_confirmation:c0,R,0,0,0,
nl_v0,nl2_v1,static_dual_coverage2,0,S02:regression_bootstrap_confirmation:c1,R,0,0,0,
nl_v0,nl2_v1,static_dual_coverage2,0,S02:regression_bootstrap_confirmation:c2,R,0,0,0,
nl_v0,nl2_v1,static_dual_coverage2,0,S08:regression_bootstrap_confirmation:c0,R,0,1,0,
nl_v0,nl2_v1,static_dual_coverage2,0,S08:regression_bootstrap_confirmation:c1,R,20,1,1,0.05
nl_v0,nl2_v1,static_dual_coverage2,0,S08:regression_bootstrap_confirmation:c2,R,0,6,0,
nl_v0,nl2_v1,static_dual_coverage2,0,S01:regression_bootstrap_confirmation:c0,I,0,2,0,
nl_v0,nl2_v1,static_dual_coverage2,0,S01:regression_bootstrap_confirmation:c1,I,0,0,0,
nl_v0,nl2_v1,static_dual_coverage2,0,S01:regression_bootstrap_confirmation:c2,I,0,2,0,
nl_v0,nl2_v1,static_dual_coverage2,0,S02:regression_bootstrap_confirmation:c0,I,0,2,0,
nl_v0,nl2_v1,static_dual_coverage2,0,S02:regression_bootstrap_confirmation:c1,I,0,2,0,
nl_v0,nl2_v1,static_dual_coverage2,0,S02:regression_bootstrap_confirmation:c2,I,0,2,0,
nl_v0,nl2_v1,static_dual_coverage2,0,S08:regression_bootstrap_confirmation:c0,I,0,2,0,
nl_v0,nl2_v1,static_dual_coverage2,0,S08:regression_bootstrap_confirmation:c1,I,0,0,0,
nl_v0,nl2_v1,static_dual_coverage2,0,S08:regression_bootstrap_confirmation:c2,I,0,8,0,
nl_v0,nl2_v1,coordinate_dual_local,0,S01:regression_bootstrap_confirmation:c0,R,0,1,0,
nl_v0,nl2_v1,coordinate_dual_local,0,S01:regression_bootstrap_confirmation:c1,R,0,1,0,
nl_v0,nl2_v1,coordinate_dual_local,0,S01:regression_bootstrap_confirmation:c2,R,0,1,0,
nl_v0,nl2_v1,coordinate_dual_local,0,S02:regression_bootstrap_confirmation:c0,R,0,0,0,
nl_v0,nl2_v1,coordinate_dual_local,0,S02:regression_bootstrap_confirmation:c1,R,0,0,0,
nl_v0,nl2_v1,coordinate_dual_local,0,S02:regression_bootstrap_confirmation:c2,R,0,0,0,
nl_v0,nl2_v1,coordinate_dual_local,0,S08:regression_bootstrap_confirmation:c0,R,0,1,0,
nl_v0,nl2_v1,coordinate_dual_local,0,S08:regression_bootstrap_confirmation:c1,R,20,15,13,0.65
nl_v0,nl2_v1,coordinate_dual_local,0,S08:regression_bootstrap_confirmation:c2,R,0,1,0,
nl_v0,nl2_v1,coordinate_dual_local,0,S01:regression_bootstrap_confirmation:c0,I,0,5,0,
nl_v0,nl2_v1,coordinate_dual_local,0,S01:regression_bootstrap_confirmation:c1,I,0,0,0,
nl_v0,nl2_v1,coordinate_dual_local,0,S01:regression_bootstrap_confirmation:c2,I,0,5,0,
nl_v0,nl2_v1,coordinate_dual_local,0,S02:regression_bootstrap_confirmation:c0,I,0,2,0,
nl_v0,nl2_v1,coordinate_dual_local,0,S02:regression_bootstrap_confirmation:c1,I,0,2,0,
nl_v0,nl2_v1,coordinate_dual_local,0,S02:regression_bootstrap_confirmation:c2,I,0,2,0,
nl_v0,nl2_v1,coordinate_dual_local,0,S08:regression_bootstrap_confirmation:c0,I,0,2,0,
nl_v0,nl2_v1,coordinate_dual_local,0,S08:regression_bootstrap_confirmation:c1,I,0,0,0,
nl_v0,nl2_v1,coordinate_dual_local,0,S08:regression_bootstrap_confirmation:c2,I,0,2,0,
nl_v0,nl2_v1,directed_dual_local,0,S01:regression_bootstrap_confirmation:c0,R,0,1,0,
nl_v0,nl2_v1,directed_dual_local,0,S01:regression_bootstrap_confirmation:c1,R,0,1,0,
nl_v0,nl2_v1,directed_dual_local,0,S01:regression_bootstrap_confirmation:c2,R,0,1,0,
nl_v0,nl2_v1,directed_dual_local,0,S02:regression_bootstrap_confirmation:c0,R,0,0,0,
nl_v0,nl2_v1,directed_dual_local,0,S02:regression_bootstrap_confirmation:c1,R,0,0,0,
nl_v0,nl2_v1,directed_dual_local,0,S02:regression_bootstrap_confirmation:c2,R,0,0,0,
nl_v0,nl2_v1,directed_dual_local,0,S08:regression_bootstrap_confirmation:c0,R,0,1,0,
nl_v0,nl2_v1,directed_dual_local,0,S08:regression_bootstrap_confirmation:c1,R,20,15,13,0.65
nl_v0,nl2_v1,directed_dual_local,0,S08:regression_bootstrap_confirmation:c2,R,0,1,0,
nl_v0,nl2_v1,directed_dual_local,0,S01:regression_bootstrap_confirmation:c0,I,0,4,0,
nl_v0,nl2_v1,directed_dual_local,0,S01:regression_bootstrap_confirmation:c1,I,0,0,0,
nl_v0,nl2_v1,directed_dual_local,0,S01:regression_bootstrap_confirmation:c2,I,0,4,0,
nl_v0,nl2_v1,directed_dual_local,0,S02:regression_bootstrap_confirmation:c0,I,0,2,0,
nl_v0,nl2_v1,directed_dual_local,0,S02:regression_bootstrap_confirmation:c1,I,0,2,0,
nl_v0,nl2_v1,directed_dual_local,0,S02:regression_bootstrap_confirmation:c2,I,0,2,0,
nl_v0,nl2_v1,directed_dual_local,0,S08:regression_bootstrap_confirmation:c0,I,0,3,0,
nl_v0,nl2_v1,directed_dual_local,0,S08:regression_bootstrap_confirmation:c1,I,0,0,0,
nl_v0,nl2_v1,directed_dual_local,0,S08:regression_bootstrap_confirmation:c2,I,0,3,0,
nl_v0,nl2_v1,static_majority_coverage2,0,S01:regression_bootstrap_confirmation:c0,R,0,6,0,
nl_v0,nl2_v1,static_majority_coverage2,0,S01:regression_bootstrap_confirmation:c1,R,0,1,0,
nl_v0,nl2_v1,static_majority_coverage2,0,S01:regression_bootstrap_confirmation:c2,R,0,5,0,
nl_v0,nl2_v1,static_majority_coverage2,0,S02:regression_bootstrap_confirmation:c0,R,0,0,0,
nl_v0,nl2_v1,static_majority_coverage2,0,S02:regression_bootstrap_confirmation:c1,R,0,0,0,
nl_v0,nl2_v1,static_majority_coverage2,0,S02:regression_bootstrap_confirmation:c2,R,0,0,0,
nl_v0,nl2_v1,static_majority_coverage2,0,S08:regression_bootstrap_confirmation:c0,R,0,1,0,
nl_v0,nl2_v1,static_majority_coverage2,0,S08:regression_bootstrap_confirmation:c1,R,20,1,1,0.05
nl_v0,nl2_v1,static_majority_coverage2,0,S08:regression_bootstrap_confirmation:c2,R,0,6,0,
nl_v0,nl2_v1,static_majority_coverage2,0,S01:regression_bootstrap_confirmation:c0,I,0,1,0,
nl_v0,nl2_v1,static_majority_coverage2,0,S01:regression_bootstrap_confirmation:c1,I,0,0,0,
nl_v0,nl2_v1,static_majority_coverage2,0,S01:regression_bootstrap_confirmation:c2,I,0,2,0,
nl_v0,nl2_v1,static_majority_coverage2,0,S02:regression_bootstrap_confirmation:c0,I,0,2,0,
nl_v0,nl2_v1,static_majority_coverage2,0,S02:regression_bootstrap_confirmation:c1,I,0,2,0,
nl_v0,nl2_v1,static_majority_coverage2,0,S02:regression_bootstrap_confirmation:c2,I,0,2,0,
nl_v0,nl2_v1,static_majority_coverage2,0,S08:regression_bootstrap_confirmation:c0,I,0,0,0,
nl_v0,nl2_v1,static_majority_coverage2,0,S08:regression_bootstrap_confirmation:c1,I,0,0,0,
nl_v0,nl2_v1,static_majority_coverage2,0,S08:regression_bootstrap_confirmation:c2,I,0,11,0,
nl_v0,nl2_v1,coordinate_majority_local,0,S01:regression_bootstrap_confirmation:c0,R,0,1,0,
nl_v0,nl2_v1,coordinate_majority_local,0,S01:regression_bootstrap_confirmation:c1,R,0,1,0,
nl_v0,nl2_v1,coordinate_majority_local,0,S01:regression_bootstrap_confirmation:c2,R,0,1,0,
nl_v0,nl2_v1,coordinate_majority_local,0,S02:regression_bootstrap_confirmation:c0,R,0,0,0,
nl_v0,nl2_v1,coordinate_majority_local,0,S02:regression_bootstrap_confirmation:c1,R,0,0,0,
nl_v0,nl2_v1,coordinate_majority_local,0,S02:regression_bootstrap_confirmation:c2,R,0,0,0,
nl_v0,nl2_v1,coordinate_majority_local,0,S08:regression_bootstrap_confirmation:c0,R,0,1,0,
nl_v0,nl2_v1,coordinate_majority_local,0,S08:regression_bootstrap_confirmation:c1,R,20,15,13,0.65
nl_v0,nl2_v1,coordinate_majority_local,0,S08:regression_bootstrap_confirmation:c2,R,0,1,0,
nl_v0,nl2_v1,coordinate_majority_local,0,S01:regression_bootstrap_confirmation:c0,I,0,5,0,
nl_v0,nl2_v1,coordinate_majority_local,0,S01:regression_bootstrap_confirmation:c1,I,0,0,0,
nl_v0,nl2_v1,coordinate_majority_local,0,S01:regression_bootstrap_confirmation:c2,I,0,5,0,
nl_v0,nl2_v1,coordinate_majority_local,0,S02:regression_bootstrap_confirmation:c0,I,0,3,0,
nl_v0,nl2_v1,coordinate_majority_local,0,S02:regression_bootstrap_confirmation:c1,I,0,2,0,
nl_v0,nl2_v1,coordinate_majority_local,0,S02:regression_bootstrap_confirmation:c2,I,0,2,0,
nl_v0,nl2_v1,coordinate_majority_local,0,S08:regression_bootstrap_confirmation:c0,I,0,2,0,
nl_v0,nl2_v1,coordinate_majority_local,0,S08:regression_bootstrap_confirmation:c1,I,0,0,0,
nl_v0,nl2_v1,coordinate_majority_local,0,S08:regression_bootstrap_confirmation:c2,I,0,1,0,
nl_v0,nl2_v1,directed_majority_local,0,S01:regression_bootstrap_confirmation:c0,R,0,1,0,
nl_v0,nl2_v1,directed_majority_local,0,S01:regression_bootstrap_confirmation:c1,R,0,1,0,
nl_v0,nl2_v1,directed_majority_local,0,S01:regression_bootstrap_confirmation:c2,R,0,1,0,
nl_v0,nl2_v1,directed_majority_local,0,S02:regression_bootstrap_confirmation:c0,R,0,0,0,
nl_v0,nl2_v1,directed_majority_local,0,S02:regression_bootstrap_confirmation:c1,R,0,0,0,
nl_v0,nl2_v1,directed_majority_local,0,S02:regression_bootstrap_confirmation:c2,R,0,0,0,
nl_v0,nl2_v1,directed_majority_local,0,S08:regression_bootstrap_confirmation:c0,R,0,1,0,
nl_v0,nl2_v1,directed_majority_local,0,S08:regression_bootstrap_confirmation:c1,R,20,15,13,0.65
nl_v0,nl2_v1,directed_majority_local,0,S08:regression_bootstrap_confirmation:c2,R,0,1,0,
nl_v0,nl2_v1,directed_majority_local,0,S01:regression_bootstrap_confirmation:c0,I,0,5,0,
nl_v0,nl2_v1,directed_majority_local,0,S01:regression_bootstrap_confirmation:c1,I,0,0,0,
nl_v0,nl2_v1,directed_majority_local,0,S01:regression_bootstrap_confirmation:c2,I,0,4,0,
nl_v0,nl2_v1,directed_majority_local,0,S02:regression_bootstrap_confirmation:c0,I,0,3,0,
nl_v0,nl2_v1,directed_majority_local,0,S02:regression_bootstrap_confirmation:c1,I,0,2,0,
nl_v0,nl2_v1,directed_majority_local,0,S02:regression_bootstrap_confirmation:c2,I,0,2,0,
nl_v0,nl2_v1,directed_majority_local,0,S08:regression_bootstrap_confirmation:c0,I,0,3,0,
nl_v0,nl2_v1,directed_majority_local,0,S08:regression_bootstrap_confirmation:c1,I,0,0,0,
nl_v0,nl2_v1,directed_majority_local,0,S08:regression_bootstrap_confirmation:c2,I,0,1,0,
nl_v0,nl2_v1,directed_gated_majority,0,S01:regression_bootstrap_confirmation:c0,R,0,1,0,
nl_v0,nl2_v1,directed_gated_majority,0,S01:regression_bootstrap_confirmation:c1,R,0,1,0,
nl_v0,nl2_v1,directed_gated_majority,0,S01:regression_bootstrap_confirmation:c2,R,0,1,0,
nl_v0,nl2_v1,directed_gated_majority,0,S02:regression_bootstrap_confirmation:c0,R,0,0,0,
nl_v0,nl2_v1,directed_gated_majority,0,S02:regression_bootstrap_confirmation:c1,R,0,0,0,
nl_v0,nl2_v1,directed_gated_majority,0,S02:regression_bootstrap_confirmation:c2,R,0,0,0,
nl_v0,nl2_v1,directed_gated_majority,0,S08:regression_bootstrap_confirmation:c0,R,0,1,0,
nl_v0,nl2_v1,directed_gated_majority,0,S08:regression_bootstrap_confirmation:c1,R,20,15,14,0.7
nl_v0,nl2_v1,directed_gated_majority,0,S08:regression_bootstrap_confirmation:c2,R,0,1,0,
nl_v0,nl2_v1,directed_gated_majority,0,S01:regression_bootstrap_confirmation:c0,I,0,4,0,
nl_v0,nl2_v1,directed_gated_majority,0,S01:regression_bootstrap_confirmation:c1,I,0,0,0,
nl_v0,nl2_v1,directed_gated_majority,0,S01:regression_bootstrap_confirmation:c2,I,0,6,0,
nl_v0,nl2_v1,directed_gated_majority,0,S02:regression_bootstrap_confirmation:c0,I,0,2,0,
nl_v0,nl2_v1,directed_gated_majority,0,S02:regression_bootstrap_confirmation:c1,I,0,2,0,
nl_v0,nl2_v1,directed_gated_majority,0,S02:regression_bootstrap_confirmation:c2,I,0,2,0,
nl_v0,nl2_v1,directed_gated_majority,0,S08:regression_bootstrap_confirmation:c0,I,0,4,0,
nl_v0,nl2_v1,directed_gated_majority,0,S08:regression_bootstrap_confirmation:c1,I,0,0,0,
nl_v0,nl2_v1,directed_gated_majority,0,S08:regression_bootstrap_confirmation:c2,I,0,0,0,
nl_v0,nl2_v1,static_role_coverage2,0,S01:regression_bootstrap_confirmation:c0,R,0,6,0,
nl_v0,nl2_v1,static_role_coverage2,0,S01:regression_bootstrap_confirmation:c1,R,0,1,0,
nl_v0,nl2_v1,static_role_coverage2,0,S01:regression_bootstrap_confirmation:c2,R,0,5,0,
nl_v0,nl2_v1,static_role_coverage2,0,S02:regression_bootstrap_confirmation:c0,R,0,0,0,
nl_v0,nl2_v1,static_role_coverage2,0,S02:regression_bootstrap_confirmation:c1,R,0,0,0,
nl_v0,nl2_v1,static_role_coverage2,0,S02:regression_bootstrap_confirmation:c2,R,0,0,0,
nl_v0,nl2_v1,static_role_coverage2,0,S08:regression_bootstrap_confirmation:c0,R,0,1,0,
nl_v0,nl2_v1,static_role_coverage2,0,S08:regression_bootstrap_confirmation:c1,R,20,1,1,0.05
nl_v0,nl2_v1,static_role_coverage2,0,S08:regression_bootstrap_confirmation:c2,R,0,6,0,
nl_v0,nl2_v1,static_role_coverage2,0,S01:regression_bootstrap_confirmation:c0,I,0,1,0,
nl_v0,nl2_v1,static_role_coverage2,0,S01:regression_bootstrap_confirmation:c1,I,0,0,0,
nl_v0,nl2_v1,static_role_coverage2,0,S01:regression_bootstrap_confirmation:c2,I,0,2,0,
nl_v0,nl2_v1,static_role_coverage2,0,S02:regression_bootstrap_confirmation:c0,I,0,0,0,
nl_v0,nl2_v1,static_role_coverage2,0,S02:regression_bootstrap_confirmation:c1,I,0,0,0,
nl_v0,nl2_v1,static_role_coverage2,0,S02:regression_bootstrap_confirmation:c2,I,0,0,0,
nl_v0,nl2_v1,static_role_coverage2,0,S08:regression_bootstrap_confirmation:c0,I,0,6,0,
nl_v0,nl2_v1,static_role_coverage2,0,S08:regression_bootstrap_confirmation:c1,I,0,0,0,
nl_v0,nl2_v1,static_role_coverage2,0,S08:regression_bootstrap_confirmation:c2,I,0,11,0,
nl_v0,nl2_v1,coordinate_role_gated,0,S01:regression_bootstrap_confirmation:c0,R,0,1,0,
nl_v0,nl2_v1,coordinate_role_gated,0,S01:regression_bootstrap_confirmation:c1,R,0,1,0,
nl_v0,nl2_v1,coordinate_role_gated,0,S01:regression_bootstrap_confirmation:c2,R,0,1,0,
nl_v0,nl2_v1,coordinate_role_gated,0,S02:regression_bootstrap_confirmation:c0,R,0,0,0,
nl_v0,nl2_v1,coordinate_role_gated,0,S02:regression_bootstrap_confirmation:c1,R,0,0,0,
nl_v0,nl2_v1,coordinate_role_gated,0,S02:regression_bootstrap_confirmation:c2,R,0,0,0,
nl_v0,nl2_v1,coordinate_role_gated,0,S08:regression_bootstrap_confirmation:c0,R,0,1,0,
nl_v0,nl2_v1,coordinate_role_gated,0,S08:regression_bootstrap_confirmation:c1,R,20,15,14,0.7
nl_v0,nl2_v1,coordinate_role_gated,0,S08:regression_bootstrap_confirmation:c2,R,0,1,0,
nl_v0,nl2_v1,coordinate_role_gated,0,S01:regression_bootstrap_confirmation:c0,I,0,10,0,
nl_v0,nl2_v1,coordinate_role_gated,0,S01:regression_bootstrap_confirmation:c1,I,0,0,0,
nl_v0,nl2_v1,coordinate_role_gated,0,S01:regression_bootstrap_confirmation:c2,I,0,6,0,
nl_v0,nl2_v1,coordinate_role_gated,0,S02:regression_bootstrap_confirmation:c0,I,0,0,0,
nl_v0,nl2_v1,coordinate_role_gated,0,S02:regression_bootstrap_confirmation:c1,I,0,0,0,
nl_v0,nl2_v1,coordinate_role_gated,0,S02:regression_bootstrap_confirmation:c2,I,0,0,0,
nl_v0,nl2_v1,coordinate_role_gated,0,S08:regression_bootstrap_confirmation:c0,I,0,4,0,
nl_v0,nl2_v1,coordinate_role_gated,0,S08:regression_bootstrap_confirmation:c1,I,0,0,0,
nl_v0,nl2_v1,coordinate_role_gated,0,S08:regression_bootstrap_confirmation:c2,I,0,0,0,
nl_v0,nl2_v1,directed_role_gated,0,S01:regression_bootstrap_confirmation:c0,R,0,1,0,
nl_v0,nl2_v1,directed_role_gated,0,S01:regression_bootstrap_confirmation:c1,R,0,1,0,
nl_v0,nl2_v1,directed_role_gated,0,S01:regression_bootstrap_confirmation:c2,R,0,1,0,
nl_v0,nl2_v1,directed_role_gated,0,S02:regression_bootstrap_confirmation:c0,R,0,0,0,
nl_v0,nl2_v1,directed_role_gated,0,S02:regression_bootstrap_confirmation:c1,R,0,0,0,
nl_v0,nl2_v1,directed_role_gated,0,S02:regression_bootstrap_confirmation:c2,R,0,0,0,
nl_v0,nl2_v1,directed_role_gated,0,S08:regression_bootstrap_confirmation:c0,R,0,1,0,
nl_v0,nl2_v1,directed_role_gated,0,S08:regression_bootstrap_confirmation:c1,R,20,15,14,0.7
nl_v0,nl2_v1,directed_role_gated,0,S08:regression_bootstrap_confirmation:c2,R,0,1,0,
nl_v0,nl2_v1,directed_role_gated,0,S01:regression_bootstrap_confirmation:c0,I,0,6,0,
nl_v0,nl2_v1,directed_role_gated,0,S01:regression_bootstrap_confirmation:c1,I,0,0,0,
nl_v0,nl2_v1,directed_role_gated,0,S01:regression_bootstrap_confirmation:c2,I,0,7,0,
nl_v0,nl2_v1,directed_role_gated,0,S02:regression_bootstrap_confirmation:c0,I,0,0,0,
nl_v0,nl2_v1,directed_role_gated,0,S02:regression_bootstrap_confirmation:c1,I,0,0,0,
nl_v0,nl2_v1,directed_role_gated,0,S02:regression_bootstrap_confirmation:c2,I,0,0,0,
nl_v0,nl2_v1,directed_role_gated,0,S08:regression_bootstrap_confirmation:c0,I,0,7,0,
nl_v0,nl2_v1,directed_role_gated,0,S08:regression_bootstrap_confirmation:c1,I,0,0,0,
nl_v0,nl2_v1,directed_role_gated,0,S08:regression_bootstrap_confirmation:c2,I,0,0,0,
nl_v0,nl2_v1,adaptive_role_hybrid,0,S01:regression_bootstrap_confirmation:c0,R,0,6,0,
nl_v0,nl2_v1,adaptive_role_hybrid,0,S01:regression_bootstrap_confirmation:c1,R,0,1,0,
nl_v0,nl2_v1,adaptive_role_hybrid,0,S01:regression_bootstrap_confirmation:c2,R,0,5,0,
nl_v0,nl2_v1,adaptive_role_hybrid,0,S02:regression_bootstrap_confirmation:c0,R,0,0,0,
nl_v0,nl2_v1,adaptive_role_hybrid,0,S02:regression_bootstrap_confirmation:c1,R,0,0,0,
nl_v0,nl2_v1,adaptive_role_hybrid,0,S02:regression_bootstrap_confirmation:c2,R,0,0,0,
nl_v0,nl2_v1,adaptive_role_hybrid,0,S08:regression_bootstrap_confirmation:c0,R,0,1,0,
nl_v0,nl2_v1,adaptive_role_hybrid,0,S08:regression_bootstrap_confirmation:c1,R,20,1,1,0.05
nl_v0,nl2_v1,adaptive_role_hybrid,0,S08:regression_bootstrap_confirmation:c2,R,0,6,0,
nl_v0,nl2_v1,adaptive_role_hybrid,0,S01:regression_bootstrap_confirmation:c0,I,0,11,0,
nl_v0,nl2_v1,adaptive_role_hybrid,0,S01:regression_bootstrap_confirmation:c1,I,0,0,0,
nl_v0,nl2_v1,adaptive_role_hybrid,0,S01:regression_bootstrap_confirmation:c2,I,0,6,0,
nl_v0,nl2_v1,adaptive_role_hybrid,0,S02:regression_bootstrap_confirmation:c0,I,0,0,0,
nl_v0,nl2_v1,adaptive_role_hybrid,0,S02:regression_bootstrap_confirmation:c1,I,0,0,0,
nl_v0,nl2_v1,adaptive_role_hybrid,0,S02:regression_bootstrap_confirmation:c2,I,0,0,0,
nl_v0,nl2_v1,adaptive_role_hybrid,0,S08:regression_bootstrap_confirmation:c0,I,0,2,0,
nl_v0,nl2_v1,adaptive_role_hybrid,0,S08:regression_bootstrap_confirmation:c1,I,0,0,0,
nl_v0,nl2_v1,adaptive_role_hybrid,0,S08:regression_bootstrap_confirmation:c2,I,0,1,0,
nl_v0,nl2_v1,multi_frontier_role,0,S01:regression_bootstrap_confirmation:c0,R,0,1,0,
nl_v0,nl2_v1,multi_frontier_role,0,S01:regression_bootstrap_confirmation:c1,R,0,1,0,
nl_v0,nl2_v1,multi_frontier_role,0,S01:regression_bootstrap_confirmation:c2,R,0,1,0,
nl_v0,nl2_v1,multi_frontier_role,0,S02:regression_bootstrap_confirmation:c0,R,0,0,0,
nl_v0,nl2_v1,multi_frontier_role,0,S02:regression_bootstrap_confirmation:c1,R,0,0,0,
nl_v0,nl2_v1,multi_frontier_role,0,S02:regression_bootstrap_confirmation:c2,R,0,0,0,
nl_v0,nl2_v1,multi_frontier_role,0,S08:regression_bootstrap_confirmation:c0,R,0,1,0,
nl_v0,nl2_v1,multi_frontier_role,0,S08:regression_bootstrap_confirmation:c1,R,20,15,14,0.7
nl_v0,nl2_v1,multi_frontier_role,0,S08:regression_bootstrap_confirmation:c2,R,0,1,0,
nl_v0,nl2_v1,multi_frontier_role,0,S01:regression_bootstrap_confirmation:c0,I,0,6,0,
nl_v0,nl2_v1,multi_frontier_role,0,S01:regression_bootstrap_confirmation:c1,I,0,0,0,
nl_v0,nl2_v1,multi_frontier_role,0,S01:regression_bootstrap_confirmation:c2,I,0,7,0,
nl_v0,nl2_v1,multi_frontier_role,0,S02:regression_bootstrap_confirmation:c0,I,0,0,0,
nl_v0,nl2_v1,multi_frontier_role,0,S02:regression_bootstrap_confirmation:c1,I,0,0,0,
nl_v0,nl2_v1,multi_frontier_role,0,S02:regression_bootstrap_confirmation:c2,I,0,0,0,
nl_v0,nl2_v1,multi_frontier_role,0,S08:regression_bootstrap_confirmation:c0,I,0,7,0,
nl_v0,nl2_v1,multi_frontier_role,0,S08:regression_bootstrap_confirmation:c1,I,0,0,0,
nl_v0,nl2_v1,multi_frontier_role,0,S08:regression_bootstrap_confirmation:c2,I,0,0,0,
nl_v0,nl2_v1,multi_frontier_diversified,0,S01:regression_bootstrap_confirmation:c0,R,0,1,0,
nl_v0,nl2_v1,multi_frontier_diversified,0,S01:regression_bootstrap_confirmation:c1,R,0,1,0,
nl_v0,nl2_v1,multi_frontier_diversified,0,S01:regression_bootstrap_confirmation:c2,R,0,1,0,
nl_v0,nl2_v1,multi_frontier_diversified,0,S02:regression_bootstrap_confirmation:c0,R,0,0,0,
nl_v0,nl2_v1,multi_frontier_diversified,0,S02:regression_bootstrap_confirmation:c1,R,0,0,0,
nl_v0,nl2_v1,multi_frontier_diversified,0,S02:regression_bootstrap_confirmation:c2,R,0,0,0,
nl_v0,nl2_v1,multi_frontier_diversified,0,S08:regression_bootstrap_confirmation:c0,R,0,1,0,
nl_v0,nl2_v1,multi_frontier_diversified,0,S08:regression_bootstrap_confirmation:c1,R,20,15,14,0.7
nl_v0,nl2_v1,multi_frontier_diversified,0,S08:regression_bootstrap_confirmation:c2,R,0,1,0,
nl_v0,nl2_v1,multi_frontier_diversified,0,S01:regression_bootstrap_confirmation:c0,I,0,6,0,
nl_v0,nl2_v1,multi_frontier_diversified,0,S01:regression_bootstrap_confirmation:c1,I,0,0,0,
nl_v0,nl2_v1,multi_frontier_diversified,0,S01:regression_bootstrap_confirmation:c2,I,0,7,0,
nl_v0,nl2_v1,multi_frontier_diversified,0,S02:regression_bootstrap_confirmation:c0,I,0,0,0,
nl_v0,nl2_v1,multi_frontier_diversified,0,S02:regression_bootstrap_confirmation:c1,I,0,0,0,
nl_v0,nl2_v1,multi_frontier_diversified,0,S02:regression_bootstrap_confirmation:c2,I,0,0,0,
nl_v0,nl2_v1,multi_frontier_diversified,0,S08:regression_bootstrap_confirmation:c0,I,0,7,0,
nl_v0,nl2_v1,multi_frontier_diversified,0,S08:regression_bootstrap_confirmation:c1,I,0,0,0,
nl_v0,nl2_v1,multi_frontier_diversified,0,S08:regression_bootstrap_confirmation:c2,I,0,0,0,
nl_v0,nl2_v1,coordinate_multi_frontier,0,S01:regression_bootstrap_confirmation:c0,R,0,1,0,
nl_v0,nl2_v1,coordinate_multi_frontier,0,S01:regression_bootstrap_confirmation:c1,R,0,1,0,
nl_v0,nl2_v1,coordinate_multi_frontier,0,S01:regression_bootstrap_confirmation:c2,R,0,1,0,
nl_v0,nl2_v1,coordinate_multi_frontier,0,S02:regression_bootstrap_confirmation:c0,R,0,0,0,
nl_v0,nl2_v1,coordinate_multi_frontier,0,S02:regression_bootstrap_confirmation:c1,R,0,0,0,
nl_v0,nl2_v1,coordinate_multi_frontier,0,S02:regression_bootstrap_confirmation:c2,R,0,0,0,
nl_v0,nl2_v1,coordinate_multi_frontier,0,S08:regression_bootstrap_confirmation:c0,R,0,1,0,
nl_v0,nl2_v1,coordinate_multi_frontier,0,S08:regression_bootstrap_confirmation:c1,R,20,15,14,0.7
nl_v0,nl2_v1,coordinate_multi_frontier,0,S08:regression_bootstrap_confirmation:c2,R,0,1,0,
nl_v0,nl2_v1,coordinate_multi_frontier,0,S01:regression_bootstrap_confirmation:c0,I,0,10,0,
nl_v0,nl2_v1,coordinate_multi_frontier,0,S01:regression_bootstrap_confirmation:c1,I,0,0,0,
nl_v0,nl2_v1,coordinate_multi_frontier,0,S01:regression_bootstrap_confirmation:c2,I,0,6,0,
nl_v0,nl2_v1,coordinate_multi_frontier,0,S02:regression_bootstrap_confirmation:c0,I,0,0,0,
nl_v0,nl2_v1,coordinate_multi_frontier,0,S02:regression_bootstrap_confirmation:c1,I,0,0,0,
nl_v0,nl2_v1,coordinate_multi_frontier,0,S02:regression_bootstrap_confirmation:c2,I,0,0,0,
nl_v0,nl2_v1,coordinate_multi_frontier,0,S08:regression_bootstrap_confirmation:c0,I,0,4,0,
nl_v0,nl2_v1,coordinate_multi_frontier,0,S08:regression_bootstrap_confirmation:c1,I,0,0,0,
nl_v0,nl2_v1,coordinate_multi_frontier,0,S08:regression_bootstrap_confirmation:c2,I,0,0,0,
nl_v0,nl2_v1,static_role_coverage_latest,0,S01:regression_bootstrap_confirmation:c0,R,0,6,0,
nl_v0,nl2_v1,static_role_coverage_latest,0,S01:regression_bootstrap_confirmation:c1,R,0,1,0,
nl_v0,nl2_v1,static_role_coverage_latest,0,S01:regression_bootstrap_confirmation:c2,R,0,5,0,
nl_v0,nl2_v1,static_role_coverage_latest,0,S02:regression_bootstrap_confirmation:c0,R,0,0,0,
nl_v0,nl2_v1,static_role_coverage_latest,0,S02:regression_bootstrap_confirmation:c1,R,0,0,0,
nl_v0,nl2_v1,static_role_coverage_latest,0,S02:regression_bootstrap_confirmation:c2,R,0,0,0,
nl_v0,nl2_v1,static_role_coverage_latest,0,S08:regression_bootstrap_confirmation:c0,R,0,1,0,
nl_v0,nl2_v1,static_role_coverage_latest,0,S08:regression_bootstrap_confirmation:c1,R,20,1,1,0.05
nl_v0,nl2_v1,static_role_coverage_latest,0,S08:regression_bootstrap_confirmation:c2,R,0,6,0,
nl_v0,nl2_v1,static_role_coverage_latest,0,S01:regression_bootstrap_confirmation:c0,I,0,0,0,
nl_v0,nl2_v1,static_role_coverage_latest,0,S01:regression_bootstrap_confirmation:c1,I,0,0,0,
nl_v0,nl2_v1,static_role_coverage_latest,0,S01:regression_bootstrap_confirmation:c2,I,0,0,0,
nl_v0,nl2_v1,static_role_coverage_latest,0,S02:regression_bootstrap_confirmation:c0,I,0,0,0,
nl_v0,nl2_v1,static_role_coverage_latest,0,S02:regression_bootstrap_confirmation:c1,I,0,19,0,
nl_v0,nl2_v1,static_role_coverage_latest,0,S02:regression_bootstrap_confirmation:c2,I,0,1,0,
nl_v0,nl2_v1,static_role_coverage_latest,0,S08:regression_bootstrap_confirmation:c0,I,0,0,0,
nl_v0,nl2_v1,static_role_coverage_latest,0,S08:regression_bootstrap_confirmation:c1,I,0,0,0,
nl_v0,nl2_v1,static_role_coverage_latest,0,S08:regression_bootstrap_confirmation:c2,I,0,0,0,
nl_v0,nl2_v1,coordinate_role_gated_latest,0,S01:regression_bootstrap_confirmation:c0,R,0,1,0,
nl_v0,nl2_v1,coordinate_role_gated_latest,0,S01:regression_bootstrap_confirmation:c1,R,0,1,0,
nl_v0,nl2_v1,coordinate_role_gated_latest,0,S01:regression_bootstrap_confirmation:c2,R,0,1,0,
nl_v0,nl2_v1,coordinate_role_gated_latest,0,S02:regression_bootstrap_confirmation:c0,R,0,0,0,
nl_v0,nl2_v1,coordinate_role_gated_latest,0,S02:regression_bootstrap_confirmation:c1,R,0,0,0,
nl_v0,nl2_v1,coordinate_role_gated_latest,0,S02:regression_bootstrap_confirmation:c2,R,0,0,0,
nl_v0,nl2_v1,coordinate_role_gated_latest,0,S08:regression_bootstrap_confirmation:c0,R,0,1,0,
nl_v0,nl2_v1,coordinate_role_gated_latest,0,S08:regression_bootstrap_confirmation:c1,R,20,15,14,0.7
nl_v0,nl2_v1,coordinate_role_gated_latest,0,S08:regression_bootstrap_confirmation:c2,R,0,1,0,
nl_v0,nl2_v1,coordinate_role_gated_latest,0,S01:regression_bootstrap_confirmation:c0,I,0,10,0,
nl_v0,nl2_v1,coordinate_role_gated_latest,0,S01:regression_bootstrap_confirmation:c1,I,0,0,0,
nl_v0,nl2_v1,coordinate_role_gated_latest,0,S01:regression_bootstrap_confirmation:c2,I,0,6,0,
nl_v0,nl2_v1,coordinate_role_gated_latest,0,S02:regression_bootstrap_confirmation:c0,I,0,0,0,
nl_v0,nl2_v1,coordinate_role_gated_latest,0,S02:regression_bootstrap_confirmation:c1,I,0,0,0,
nl_v0,nl2_v1,coordinate_role_gated_latest,0,S02:regression_bootstrap_confirmation:c2,I,0,0,0,
nl_v0,nl2_v1,coordinate_role_gated_latest,0,S08:regression_bootstrap_confirmation:c0,I,0,4,0,
nl_v0,nl2_v1,coordinate_role_gated_latest,0,S08:regression_bootstrap_confirmation:c1,I,0,0,0,
nl_v0,nl2_v1,coordinate_role_gated_latest,0,S08:regression_bootstrap_confirmation:c2,I,0,0,0,
nl_v0,nl2_v1,directed_role_gated_latest,0,S01:regression_bootstrap_confirmation:c0,R,0,1,0,
nl_v0,nl2_v1,directed_role_gated_latest,0,S01:regression_bootstrap_confirmation:c1,R,0,1,0,
nl_v0,nl2_v1,directed_role_gated_latest,0,S01:regression_bootstrap_confirmation:c2,R,0,1,0,
nl_v0,nl2_v1,directed_role_gated_latest,0,S02:regression_bootstrap_confirmation:c0,R,0,0,0,
nl_v0,nl2_v1,directed_role_gated_latest,0,S02:regression_bootstrap_confirmation:c1,R,0,0,0,
nl_v0,nl2_v1,directed_role_gated_latest,0,S02:regression_bootstrap_confirmation:c2,R,0,0,0,
nl_v0,nl2_v1,directed_role_gated_latest,0,S08:regression_bootstrap_confirmation:c0,R,0,1,0,
nl_v0,nl2_v1,directed_role_gated_latest,0,S08:regression_bootstrap_confirmation:c1,R,20,15,14,0.7
nl_v0,nl2_v1,directed_role_gated_latest,0,S08:regression_bootstrap_confirmation:c2,R,0,1,0,
nl_v0,nl2_v1,directed_role_gated_latest,0,S01:regression_bootstrap_confirmation:c0,I,0,6,0,
nl_v0,nl2_v1,directed_role_gated_latest,0,S01:regression_bootstrap_confirmation:c1,I,0,0,0,
nl_v0,nl2_v1,directed_role_gated_latest,0,S01:regression_bootstrap_confirmation:c2,I,0,7,0,
nl_v0,nl2_v1,directed_role_gated_latest,0,S02:regression_bootstrap_confirmation:c0,I,0,0,0,
nl_v0,nl2_v1,directed_role_gated_latest,0,S02:regression_bootstrap_confirmation:c1,I,0,0,0,
nl_v0,nl2_v1,directed_role_gated_latest,0,S02:regression_bootstrap_confirmation:c2,I,0,0,0,
nl_v0,nl2_v1,directed_role_gated_latest,0,S08:regression_bootstrap_confirmation:c0,I,0,7,0,
nl_v0,nl2_v1,directed_role_gated_latest,0,S08:regression_bootstrap_confirmation:c1,I,0,0,0,
nl_v0,nl2_v1,directed_role_gated_latest,0,S08:regression_bootstrap_confirmation:c2,I,0,0,0,
nl_v0,nl2_v1,static_role_coverage_span,0,S01:regression_bootstrap_confirmation:c0,R,0,6,0,
nl_v0,nl2_v1,static_role_coverage_span,0,S01:regression_bootstrap_confirmation:c1,R,0,1,0,
nl_v0,nl2_v1,static_role_coverage_span,0,S01:regression_bootstrap_confirmation:c2,R,0,5,0,
nl_v0,nl2_v1,static_role_coverage_span,0,S02:regression_bootstrap_confirmation:c0,R,0,0,0,
nl_v0,nl2_v1,static_role_coverage_span,0,S02:regression_bootstrap_confirmation:c1,R,0,0,0,
nl_v0,nl2_v1,static_role_coverage_span,0,S02:regression_bootstrap_confirmation:c2,R,0,0,0,
nl_v0,nl2_v1,static_role_coverage_span,0,S08:regression_bootstrap_confirmation:c0,R,0,1,0,
nl_v0,nl2_v1,static_role_coverage_span,0,S08:regression_bootstrap_confirmation:c1,R,20,1,1,0.05
nl_v0,nl2_v1,static_role_coverage_span,0,S08:regression_bootstrap_confirmation:c2,R,0,6,0,
nl_v0,nl2_v1,static_role_coverage_span,0,S01:regression_bootstrap_confirmation:c0,I,0,1,0,
nl_v0,nl2_v1,static_role_coverage_span,0,S01:regression_bootstrap_confirmation:c1,I,0,0,0,
nl_v0,nl2_v1,static_role_coverage_span,0,S01:regression_bootstrap_confirmation:c2,I,0,2,0,
nl_v0,nl2_v1,static_role_coverage_span,0,S02:regression_bootstrap_confirmation:c0,I,0,0,0,
nl_v0,nl2_v1,static_role_coverage_span,0,S02:regression_bootstrap_confirmation:c1,I,0,0,0,
nl_v0,nl2_v1,static_role_coverage_span,0,S02:regression_bootstrap_confirmation:c2,I,0,0,0,
nl_v0,nl2_v1,static_role_coverage_span,0,S08:regression_bootstrap_confirmation:c0,I,0,6,0,
nl_v0,nl2_v1,static_role_coverage_span,0,S08:regression_bootstrap_confirmation:c1,I,0,0,0,
nl_v0,nl2_v1,static_role_coverage_span,0,S08:regression_bootstrap_confirmation:c2,I,0,11,0,
nl_v0,nl2_v1,coordinate_role_gated_span,0,S01:regression_bootstrap_confirmation:c0,R,0,1,0,
nl_v0,nl2_v1,coordinate_role_gated_span,0,S01:regression_bootstrap_confirmation:c1,R,0,1,0,
nl_v0,nl2_v1,coordinate_role_gated_span,0,S01:regression_bootstrap_confirmation:c2,R,0,1,0,
nl_v0,nl2_v1,coordinate_role_gated_span,0,S02:regression_bootstrap_confirmation:c0,R,0,0,0,
nl_v0,nl2_v1,coordinate_role_gated_span,0,S02:regression_bootstrap_confirmation:c1,R,0,0,0,
nl_v0,nl2_v1,coordinate_role_gated_span,0,S02:regression_bootstrap_confirmation:c2,R,0,0,0,
nl_v0,nl2_v1,coordinate_role_gated_span,0,S08:regression_bootstrap_confirmation:c0,R,0,1,0,
nl_v0,nl2_v1,coordinate_role_gated_span,0,S08:regression_bootstrap_confirmation:c1,R,20,15,14,0.7
nl_v0,nl2_v1,coordinate_role_gated_span,0,S08:regression_bootstrap_confirmation:c2,R,0,1,0,
nl_v0,nl2_v1,coordinate_role_gated_span,0,S01:regression_bootstrap_confirmation:c0,I,0,10,0,
nl_v0,nl2_v1,coordinate_role_gated_span,0,S01:regression_bootstrap_confirmation:c1,I,0,0,0,
nl_v0,nl2_v1,coordinate_role_gated_span,0,S01:regression_bootstrap_confirmation:c2,I,0,6,0,
nl_v0,nl2_v1,coordinate_role_gated_span,0,S02:regression_bootstrap_confirmation:c0,I,0,0,0,
nl_v0,nl2_v1,coordinate_role_gated_span,0,S02:regression_bootstrap_confirmation:c1,I,0,0,0,
nl_v0,nl2_v1,coordinate_role_gated_span,0,S02:regression_bootstrap_confirmation:c2,I,0,0,0,
nl_v0,nl2_v1,coordinate_role_gated_span,0,S08:regression_bootstrap_confirmation:c0,I,0,4,0,
nl_v0,nl2_v1,coordinate_role_gated_span,0,S08:regression_bootstrap_confirmation:c1,I,0,0,0,
nl_v0,nl2_v1,coordinate_role_gated_span,0,S08:regression_bootstrap_confirmation:c2,I,0,0,0,
nl_v0,nl2_v1,directed_role_gated_span,0,S01:regression_bootstrap_confirmation:c0,R,0,1,0,
nl_v0,nl2_v1,directed_role_gated_span,0,S01:regression_bootstrap_confirmation:c1,R,0,1,0,
nl_v0,nl2_v1,directed_role_gated_span,0,S01:regression_bootstrap_confirmation:c2,R,0,1,0,
nl_v0,nl2_v1,directed_role_gated_span,0,S02:regression_bootstrap_confirmation:c0,R,0,0,0,
nl_v0,nl2_v1,directed_role_gated_span,0,S02:regression_bootstrap_confirmation:c1,R,0,0,0,
nl_v0,nl2_v1,directed_role_gated_span,0,S02:regression_bootstrap_confirmation:c2,R,0,0,0,
nl_v0,nl2_v1,directed_role_gated_span,0,S08:regression_bootstrap_confirmation:c0,R,0,1,0,
nl_v0,nl2_v1,directed_role_gated_span,0,S08:regression_bootstrap_confirmation:c1,R,20,15,14,0.7
nl_v0,nl2_v1,directed_role_gated_span,0,S08:regression_bootstrap_confirmation:c2,R,0,1,0,
nl_v0,nl2_v1,directed_role_gated_span,0,S01:regression_bootstrap_confirmation:c0,I,0,6,0,
nl_v0,nl2_v1,directed_role_gated_span,0,S01:regression_bootstrap_confirmation:c1,I,0,0,0,
nl_v0,nl2_v1,directed_role_gated_span,0,S01:regression_bootstrap_confirmation:c2,I,0,7,0,
nl_v0,nl2_v1,directed_role_gated_span,0,S02:regression_bootstrap_confirmation:c0,I,0,0,0,
nl_v0,nl2_v1,directed_role_gated_span,0,S02:regression_bootstrap_confirmation:c1,I,0,0,0,
nl_v0,nl2_v1,directed_role_gated_span,0,S02:regression_bootstrap_confirmation:c2,I,0,0,0,
nl_v0,nl2_v1,directed_role_gated_span,0,S08:regression_bootstrap_confirmation:c0,I,0,7,0,
nl_v0,nl2_v1,directed_role_gated_span,0,S08:regression_bootstrap_confirmation:c1,I,0,0,0,
nl_v0,nl2_v1,directed_role_gated_span,0,S08:regression_bootstrap_confirmation:c2,I,0,0,0,
nl_v0,nl2_v1,directed_role_gated_edges,0,S01:regression_bootstrap_confirmation:c0,R,0,1,0,
nl_v0,nl2_v1,directed_role_gated_edges,0,S01:regression_bootstrap_confirmation:c1,R,0,1,0,
nl_v0,nl2_v1,directed_role_gated_edges,0,S01:regression_bootstrap_confirmation:c2,R,0,1,0,
nl_v0,nl2_v1,directed_role_gated_edges,0,S02:regression_bootstrap_confirmation:c0,R,0,0,0,
nl_v0,nl2_v1,directed_role_gated_edges,0,S02:regression_bootstrap_confirmation:c1,R,0,0,0,
nl_v0,nl2_v1,directed_role_gated_edges,0,S02:regression_bootstrap_confirmation:c2,R,0,0,0,
nl_v0,nl2_v1,directed_role_gated_edges,0,S08:regression_bootstrap_confirmation:c0,R,0,1,0,
nl_v0,nl2_v1,directed_role_gated_edges,0,S08:regression_bootstrap_confirmation:c1,R,20,15,14,0.7
nl_v0,nl2_v1,directed_role_gated_edges,0,S08:regression_bootstrap_confirmation:c2,R,0,1,0,
nl_v0,nl2_v1,directed_role_gated_edges,0,S01:regression_bootstrap_confirmation:c0,I,0,6,0,
nl_v0,nl2_v1,directed_role_gated_edges,0,S01:regression_bootstrap_confirmation:c1,I,0,0,0,
nl_v0,nl2_v1,directed_role_gated_edges,0,S01:regression_bootstrap_confirmation:c2,I,0,7,0,
nl_v0,nl2_v1,directed_role_gated_edges,0,S02:regression_bootstrap_confirmation:c0,I,0,0,0,
nl_v0,nl2_v1,directed_role_gated_edges,0,S02:regression_bootstrap_confirmation:c1,I,0,0,0,
nl_v0,nl2_v1,directed_role_gated_edges,0,S02:regression_bootstrap_confirmation:c2,I,0,0,0,
nl_v0,nl2_v1,directed_role_gated_edges,0,S08:regression_bootstrap_confirmation:c0,I,0,7,0,
nl_v0,nl2_v1,directed_role_gated_edges,0,S08:regression_bootstrap_confirmation:c1,I,0,0,0,
nl_v0,nl2_v1,directed_role_gated_edges,0,S08:regression_bootstrap_confirmation:c2,I,0,0,0,
nl2_v1,nl2_v2,random,0,S01:regression_bootstrap_confirmation:c0,R,0,5,0,
nl2_v1,nl2_v2,random,0,S01:regression_bootstrap_confirmation:c1,R,0,2,0,
nl2_v1,nl2_v2,random,0,S01:regression_bootstrap_confirmation:c2,R,0,4,0,
nl2_v1,nl2_v2,random,0,S02:regression_bootstrap_confirmation:c0,R,0,0,0,
nl2_v1,nl2_v2,random,0,S02:regression_bootstrap_confirmation:c1,R,0,0,0,
nl2_v1,nl2_v2,random,0,S02:regression_bootstrap_confirmation:c2,R,0,0,0,
nl2_v1,nl2_v2,random,0,S08:regression_bootstrap_confirmation:c0,R,0,2,0,
nl2_v1,nl2_v2,random,0,S08:regression_bootstrap_confirmation:c1,R,0,6,0,
nl2_v1,nl2_v2,random,0,S08:regression_bootstrap_confirmation:c2,R,0,1,0,
nl2_v1,nl2_v2,random,0,S01:regression_bootstrap_confirmation:c0,I,11,2,0,0.0
nl2_v1,nl2_v2,random,0,S01:regression_bootstrap_confirmation:c1,I,0,0,0,
nl2_v1,nl2_v2,random,0,S01:regression_bootstrap_confirmation:c2,I,6,2,1,0.16666666666666666
nl2_v1,nl2_v2,random,0,S02:regression_bootstrap_confirmation:c0,I,0,5,0,
nl2_v1,nl2_v2,random,0,S02:regression_bootstrap_confirmation:c1,I,0,5,0,
nl2_v1,nl2_v2,random,0,S02:regression_bootstrap_confirmation:c2,I,0,4,0,
nl2_v1,nl2_v2,random,0,S08:regression_bootstrap_confirmation:c0,I,22,2,0,0.0
nl2_v1,nl2_v2,random,0,S08:regression_bootstrap_confirmation:c1,I,20,0,0,0.0
nl2_v1,nl2_v2,random,0,S08:regression_bootstrap_confirmation:c2,I,11,0,0,0.0
nl2_v1,nl2_v2,random,1,S01:regression_bootstrap_confirmation:c0,R,0,2,0,
nl2_v1,nl2_v2,random,1,S01:regression_bootstrap_confirmation:c1,R,0,3,0,
nl2_v1,nl2_v2,random,1,S01:regression_bootstrap_confirmation:c2,R,0,2,0,
nl2_v1,nl2_v2,random,1,S02:regression_bootstrap_confirmation:c0,R,0,0,0,
nl2_v1,nl2_v2,random,1,S02:regression_bootstrap_confirmation:c1,R,0,0,0,
nl2_v1,nl2_v2,random,1,S02:regression_bootstrap_confirmation:c2,R,0,0,0,
nl2_v1,nl2_v2,random,1,S08:regression_bootstrap_confirmation:c0,R,0,4,0,
nl2_v1,nl2_v2,random,1,S08:regression_bootstrap_confirmation:c1,R,0,6,0,
nl2_v1,nl2_v2,random,1,S08:regression_bootstrap_confirmation:c2,R,0,3,0,
nl2_v1,nl2_v2,random,1,S01:regression_bootstrap_confirmation:c0,I,11,2,1,0.09090909090909091
nl2_v1,nl2_v2,random,1,S01:regression_bootstrap_confirmation:c1,I,0,0,0,
nl2_v1,nl2_v2,random,1,S01:regression_bootstrap_confirmation:c2,I,6,2,0,0.0
nl2_v1,nl2_v2,random,1,S02:regression_bootstrap_confirmation:c0,I,0,1,0,
nl2_v1,nl2_v2,random,1,S02:regression_bootstrap_confirmation:c1,I,0,2,0,
nl2_v1,nl2_v2,random,1,S02:regression_bootstrap_confirmation:c2,I,0,3,0,
nl2_v1,nl2_v2,random,1,S08:regression_bootstrap_confirmation:c0,I,22,6,4,0.18181818181818182
nl2_v1,nl2_v2,random,1,S08:regression_bootstrap_confirmation:c1,I,20,0,0,0.0
nl2_v1,nl2_v2,random,1,S08:regression_bootstrap_confirmation:c2,I,11,4,0,0.0
nl2_v1,nl2_v2,random,2,S01:regression_bootstrap_confirmation:c0,R,0,2,0,
nl2_v1,nl2_v2,random,2,S01:regression_bootstrap_confirmation:c1,R,0,4,0,
nl2_v1,nl2_v2,random,2,S01:regression_bootstrap_confirmation:c2,R,0,4,0,
nl2_v1,nl2_v2,random,2,S02:regression_bootstrap_confirmation:c0,R,0,0,0,
nl2_v1,nl2_v2,random,2,S02:regression_bootstrap_confirmation:c1,R,0,0,0,
nl2_v1,nl2_v2,random,2,S02:regression_bootstrap_confirmation:c2,R,0,0,0,
nl2_v1,nl2_v2,random,2,S08:regression_bootstrap_confirmation:c0,R,0,1,0,
nl2_v1,nl2_v2,random,2,S08:regression_bootstrap_confirmation:c1,R,0,6,0,
nl2_v1,nl2_v2,random,2,S08:regression_bootstrap_confirmation:c2,R,0,3,0,
nl2_v1,nl2_v2,random,2,S01:regression_bootstrap_confirmation:c0,I,11,0,0,0.0
nl2_v1,nl2_v2,random,2,S01:regression_bootstrap_confirmation:c1,I,0,0,0,
nl2_v1,nl2_v2,random,2,S01:regression_bootstrap_confirmation:c2,I,6,0,0,0.0
nl2_v1,nl2_v2,random,2,S02:regression_bootstrap_confirmation:c0,I,0,3,0,
nl2_v1,nl2_v2,random,2,S02:regression_bootstrap_confirmation:c1,I,0,4,0,
nl2_v1,nl2_v2,random,2,S02:regression_bootstrap_confirmation:c2,I,0,6,0,
nl2_v1,nl2_v2,random,2,S08:regression_bootstrap_confirmation:c0,I,22,3,1,0.045454545454545456
nl2_v1,nl2_v2,random,2,S08:regression_bootstrap_confirmation:c1,I,20,1,1,0.05
nl2_v1,nl2_v2,random,2,S08:regression_bootstrap_confirmation:c2,I,11,3,2,0.18181818181818182
nl2_v1,nl2_v2,random,3,S01:regression_bootstrap_confirmation:c0,R,0,2,0,
nl2_v1,nl2_v2,random,3,S01:regression_bootstrap_confirmation:c1,R,0,3,0,
nl2_v1,nl2_v2,random,3,S01:regression_bootstrap_confirmation:c2,R,0,5,0,
nl2_v1,nl2_v2,random,3,S02:regression_bootstrap_confirmation:c0,R,0,0,0,
nl2_v1,nl2_v2,random,3,S02:regression_bootstrap_confirmation:c1,R,0,0,0,
nl2_v1,nl2_v2,random,3,S02:regression_bootstrap_confirmation:c2,R,0,0,0,
nl2_v1,nl2_v2,random,3,S08:regression_bootstrap_confirmation:c0,R,0,3,0,
nl2_v1,nl2_v2,random,3,S08:regression_bootstrap_confirmation:c1,R,0,5,0,
nl2_v1,nl2_v2,random,3,S08:regression_bootstrap_confirmation:c2,R,0,2,0,
nl2_v1,nl2_v2,random,3,S01:regression_bootstrap_confirmation:c0,I,11,2,1,0.09090909090909091
nl2_v1,nl2_v2,random,3,S01:regression_bootstrap_confirmation:c1,I,0,0,0,
nl2_v1,nl2_v2,random,3,S01:regression_bootstrap_confirmation:c2,I,6,2,0,0.0
nl2_v1,nl2_v2,random,3,S02:regression_bootstrap_confirmation:c0,I,0,4,0,
nl2_v1,nl2_v2,random,3,S02:regression_bootstrap_confirmation:c1,I,0,7,0,
nl2_v1,nl2_v2,random,3,S02:regression_bootstrap_confirmation:c2,I,0,3,0,
nl2_v1,nl2_v2,random,3,S08:regression_bootstrap_confirmation:c0,I,22,0,0,0.0
nl2_v1,nl2_v2,random,3,S08:regression_bootstrap_confirmation:c1,I,20,1,1,0.05
nl2_v1,nl2_v2,random,3,S08:regression_bootstrap_confirmation:c2,I,11,1,1,0.09090909090909091
nl2_v1,nl2_v2,random,4,S01:regression_bootstrap_confirmation:c0,R,0,1,0,
nl2_v1,nl2_v2,random,4,S01:regression_bootstrap_confirmation:c1,R,0,9,0,
nl2_v1,nl2_v2,random,4,S01:regression_bootstrap_confirmation:c2,R,0,5,0,
nl2_v1,nl2_v2,random,4,S02:regression_bootstrap_confirmation:c0,R,0,0,0,
nl2_v1,nl2_v2,random,4,S02:regression_bootstrap_confirmation:c1,R,0,0,0,
nl2_v1,nl2_v2,random,4,S02:regression_bootstrap_confirmation:c2,R,0,0,0,
nl2_v1,nl2_v2,random,4,S08:regression_bootstrap_confirmation:c0,R,0,3,0,
nl2_v1,nl2_v2,random,4,S08:regression_bootstrap_confirmation:c1,R,0,0,0,
nl2_v1,nl2_v2,random,4,S08:regression_bootstrap_confirmation:c2,R,0,2,0,
nl2_v1,nl2_v2,random,4,S01:regression_bootstrap_confirmation:c0,I,11,1,0,0.0
nl2_v1,nl2_v2,random,4,S01:regression_bootstrap_confirmation:c1,I,0,0,0,
nl2_v1,nl2_v2,random,4,S01:regression_bootstrap_confirmation:c2,I,6,2,0,0.0
nl2_v1,nl2_v2,random,4,S02:regression_bootstrap_confirmation:c0,I,0,3,0,
nl2_v1,nl2_v2,random,4,S02:regression_bootstrap_confirmation:c1,I,0,3,0,
nl2_v1,nl2_v2,random,4,S02:regression_bootstrap_confirmation:c2,I,0,5,0,
nl2_v1,nl2_v2,random,4,S08:regression_bootstrap_confirmation:c0,I,22,3,2,0.09090909090909091
nl2_v1,nl2_v2,random,4,S08:regression_bootstrap_confirmation:c1,I,20,2,2,0.1
nl2_v1,nl2_v2,random,4,S08:regression_bootstrap_confirmation:c2,I,11,1,0,0.0
nl2_v1,nl2_v2,random,5,S01:regression_bootstrap_confirmation:c0,R,0,1,0,
nl2_v1,nl2_v2,random,5,S01:regression_bootstrap_confirmation:c1,R,0,3,0,
nl2_v1,nl2_v2,random,5,S01:regression_bootstrap_confirmation:c2,R,0,4,0,
nl2_v1,nl2_v2,random,5,S02:regression_bootstrap_confirmation:c0,R,0,0,0,
nl2_v1,nl2_v2,random,5,S02:regression_bootstrap_confirmation:c1,R,0,0,0,
nl2_v1,nl2_v2,random,5,S02:regression_bootstrap_confirmation:c2,R,0,0,0,
nl2_v1,nl2_v2,random,5,S08:regression_bootstrap_confirmation:c0,R,0,3,0,
nl2_v1,nl2_v2,random,5,S08:regression_bootstrap_confirmation:c1,R,0,6,0,
nl2_v1,nl2_v2,random,5,S08:regression_bootstrap_confirmation:c2,R,0,3,0,
nl2_v1,nl2_v2,random,5,S01:regression_bootstrap_confirmation:c0,I,11,2,0,0.0
nl2_v1,nl2_v2,random,5,S01:regression_bootstrap_confirmation:c1,I,0,0,0,
nl2_v1,nl2_v2,random,5,S01:regression_bootstrap_confirmation:c2,I,6,0,0,0.0
nl2_v1,nl2_v2,random,5,S02:regression_bootstrap_confirmation:c0,I,0,5,0,
nl2_v1,nl2_v2,random,5,S02:regression_bootstrap_confirmation:c1,I,0,6,0,
nl2_v1,nl2_v2,random,5,S02:regression_bootstrap_confirmation:c2,I,0,4,0,
nl2_v1,nl2_v2,random,5,S08:regression_bootstrap_confirmation:c0,I,22,0,0,0.0
nl2_v1,nl2_v2,random,5,S08:regression_bootstrap_confirmation:c1,I,20,0,0,0.0
nl2_v1,nl2_v2,random,5,S08:regression_bootstrap_confirmation:c2,I,11,3,1,0.09090909090909091
nl2_v1,nl2_v2,random,6,S01:regression_bootstrap_confirmation:c0,R,0,3,0,
nl2_v1,nl2_v2,random,6,S01:regression_bootstrap_confirmation:c1,R,0,6,0,
nl2_v1,nl2_v2,random,6,S01:regression_bootstrap_confirmation:c2,R,0,1,0,
nl2_v1,nl2_v2,random,6,S02:regression_bootstrap_confirmation:c0,R,0,0,0,
nl2_v1,nl2_v2,random,6,S02:regression_bootstrap_confirmation:c1,R,0,0,0,
nl2_v1,nl2_v2,random,6,S02:regression_bootstrap_confirmation:c2,R,0,0,0,
nl2_v1,nl2_v2,random,6,S08:regression_bootstrap_confirmation:c0,R,0,4,0,
nl2_v1,nl2_v2,random,6,S08:regression_bootstrap_confirmation:c1,R,0,3,0,
nl2_v1,nl2_v2,random,6,S08:regression_bootstrap_confirmation:c2,R,0,3,0,
nl2_v1,nl2_v2,random,6,S01:regression_bootstrap_confirmation:c0,I,11,1,0,0.0
nl2_v1,nl2_v2,random,6,S01:regression_bootstrap_confirmation:c1,I,0,0,0,
nl2_v1,nl2_v2,random,6,S01:regression_bootstrap_confirmation:c2,I,6,3,1,0.16666666666666666
nl2_v1,nl2_v2,random,6,S02:regression_bootstrap_confirmation:c0,I,0,4,0,
nl2_v1,nl2_v2,random,6,S02:regression_bootstrap_confirmation:c1,I,0,3,0,
nl2_v1,nl2_v2,random,6,S02:regression_bootstrap_confirmation:c2,I,0,5,0,
nl2_v1,nl2_v2,random,6,S08:regression_bootstrap_confirmation:c0,I,22,2,0,0.0
nl2_v1,nl2_v2,random,6,S08:regression_bootstrap_confirmation:c1,I,20,2,2,0.1
nl2_v1,nl2_v2,random,6,S08:regression_bootstrap_confirmation:c2,I,11,0,0,0.0
nl2_v1,nl2_v2,random,7,S01:regression_bootstrap_confirmation:c0,R,0,6,0,
nl2_v1,nl2_v2,random,7,S01:regression_bootstrap_confirmation:c1,R,0,3,0,
nl2_v1,nl2_v2,random,7,S01:regression_bootstrap_confirmation:c2,R,0,3,0,
nl2_v1,nl2_v2,random,7,S02:regression_bootstrap_confirmation:c0,R,0,0,0,
nl2_v1,nl2_v2,random,7,S02:regression_bootstrap_confirmation:c1,R,0,0,0,
nl2_v1,nl2_v2,random,7,S02:regression_bootstrap_confirmation:c2,R,0,0,0,
nl2_v1,nl2_v2,random,7,S08:regression_bootstrap_confirmation:c0,R,0,2,0,
nl2_v1,nl2_v2,random,7,S08:regression_bootstrap_confirmation:c1,R,0,0,0,
nl2_v1,nl2_v2,random,7,S08:regression_bootstrap_confirmation:c2,R,0,6,0,
nl2_v1,nl2_v2,random,7,S01:regression_bootstrap_confirmation:c0,I,11,0,0,0.0
nl2_v1,nl2_v2,random,7,S01:regression_bootstrap_confirmation:c1,I,0,0,0,
nl2_v1,nl2_v2,random,7,S01:regression_bootstrap_confirmation:c2,I,6,1,0,0.0
nl2_v1,nl2_v2,random,7,S02:regression_bootstrap_confirmation:c0,I,0,7,0,
nl2_v1,nl2_v2,random,7,S02:regression_bootstrap_confirmation:c1,I,0,5,0,
nl2_v1,nl2_v2,random,7,S02:regression_bootstrap_confirmation:c2,I,0,4,0,
nl2_v1,nl2_v2,random,7,S08:regression_bootstrap_confirmation:c0,I,22,2,1,0.045454545454545456
nl2_v1,nl2_v2,random,7,S08:regression_bootstrap_confirmation:c1,I,20,0,0,0.0
nl2_v1,nl2_v2,random,7,S08:regression_bootstrap_confirmation:c2,I,11,1,0,0.0
nl2_v1,nl2_v2,random,8,S01:regression_bootstrap_confirmation:c0,R,0,5,0,
nl2_v1,nl2_v2,random,8,S01:regression_bootstrap_confirmation:c1,R,0,3,0,
nl2_v1,nl2_v2,random,8,S01:regression_bootstrap_confirmation:c2,R,0,1,0,
nl2_v1,nl2_v2,random,8,S02:regression_bootstrap_confirmation:c0,R,0,0,0,
nl2_v1,nl2_v2,random,8,S02:regression_bootstrap_confirmation:c1,R,0,0,0,
nl2_v1,nl2_v2,random,8,S02:regression_bootstrap_confirmation:c2,R,0,0,0,
nl2_v1,nl2_v2,random,8,S08:regression_bootstrap_confirmation:c0,R,0,2,0,
nl2_v1,nl2_v2,random,8,S08:regression_bootstrap_confirmation:c1,R,0,4,0,
nl2_v1,nl2_v2,random,8,S08:regression_bootstrap_confirmation:c2,R,0,5,0,
nl2_v1,nl2_v2,random,8,S01:regression_bootstrap_confirmation:c0,I,11,2,1,0.09090909090909091
nl2_v1,nl2_v2,random,8,S01:regression_bootstrap_confirmation:c1,I,0,0,0,
nl2_v1,nl2_v2,random,8,S01:regression_bootstrap_confirmation:c2,I,6,1,0,0.0
nl2_v1,nl2_v2,random,8,S02:regression_bootstrap_confirmation:c0,I,0,5,0,
nl2_v1,nl2_v2,random,8,S02:regression_bootstrap_confirmation:c1,I,0,3,0,
nl2_v1,nl2_v2,random,8,S02:regression_bootstrap_confirmation:c2,I,0,3,0,
nl2_v1,nl2_v2,random,8,S08:regression_bootstrap_confirmation:c0,I,22,2,1,0.045454545454545456
nl2_v1,nl2_v2,random,8,S08:regression_bootstrap_confirmation:c1,I,20,1,1,0.05
nl2_v1,nl2_v2,random,8,S08:regression_bootstrap_confirmation:c2,I,11,3,2,0.18181818181818182
nl2_v1,nl2_v2,random,9,S01:regression_bootstrap_confirmation:c0,R,0,4,0,
nl2_v1,nl2_v2,random,9,S01:regression_bootstrap_confirmation:c1,R,0,4,0,
nl2_v1,nl2_v2,random,9,S01:regression_bootstrap_confirmation:c2,R,0,3,0,
nl2_v1,nl2_v2,random,9,S02:regression_bootstrap_confirmation:c0,R,0,0,0,
nl2_v1,nl2_v2,random,9,S02:regression_bootstrap_confirmation:c1,R,0,0,0,
nl2_v1,nl2_v2,random,9,S02:regression_bootstrap_confirmation:c2,R,0,0,0,
nl2_v1,nl2_v2,random,9,S08:regression_bootstrap_confirmation:c0,R,0,3,0,
nl2_v1,nl2_v2,random,9,S08:regression_bootstrap_confirmation:c1,R,0,4,0,
nl2_v1,nl2_v2,random,9,S08:regression_bootstrap_confirmation:c2,R,0,2,0,
nl2_v1,nl2_v2,random,9,S01:regression_bootstrap_confirmation:c0,I,11,1,0,0.0
nl2_v1,nl2_v2,random,9,S01:regression_bootstrap_confirmation:c1,I,0,0,0,
nl2_v1,nl2_v2,random,9,S01:regression_bootstrap_confirmation:c2,I,6,2,0,0.0
nl2_v1,nl2_v2,random,9,S02:regression_bootstrap_confirmation:c0,I,0,6,0,
nl2_v1,nl2_v2,random,9,S02:regression_bootstrap_confirmation:c1,I,0,2,0,
nl2_v1,nl2_v2,random,9,S02:regression_bootstrap_confirmation:c2,I,0,6,0,
nl2_v1,nl2_v2,random,9,S08:regression_bootstrap_confirmation:c0,I,22,1,0,0.0
nl2_v1,nl2_v2,random,9,S08:regression_bootstrap_confirmation:c1,I,20,0,0,0.0
nl2_v1,nl2_v2,random,9,S08:regression_bootstrap_confirmation:c2,I,11,2,0,0.0
nl2_v1,nl2_v2,static_risk,0,S01:regression_bootstrap_confirmation:c0,R,0,15,0,
nl2_v1,nl2_v2,static_risk,0,S01:regression_bootstrap_confirmation:c1,R,0,0,0,
nl2_v1,nl2_v2,static_risk,0,S01:regression_bootstrap_confirmation:c2,R,0,5,0,
nl2_v1,nl2_v2,static_risk,0,S02:regression_bootstrap_confirmation:c0,R,0,0,0,
nl2_v1,nl2_v2,static_risk,0,S02:regression_bootstrap_confirmation:c1,R,0,0,0,
nl2_v1,nl2_v2,static_risk,0,S02:regression_bootstrap_confirmation:c2,R,0,0,0,
nl2_v1,nl2_v2,static_risk,0,S08:regression_bootstrap_confirmation:c0,R,0,0,0,
nl2_v1,nl2_v2,static_risk,0,S08:regression_bootstrap_confirmation:c1,R,0,0,0,
nl2_v1,nl2_v2,static_risk,0,S08:regression_bootstrap_confirmation:c2,R,0,0,0,
nl2_v1,nl2_v2,static_risk,0,S01:regression_bootstrap_confirmation:c0,I,11,9,5,0.45454545454545453
nl2_v1,nl2_v2,static_risk,0,S01:regression_bootstrap_confirmation:c1,I,0,0,0,
nl2_v1,nl2_v2,static_risk,0,S01:regression_bootstrap_confirmation:c2,I,6,7,6,1.0
nl2_v1,nl2_v2,static_risk,0,S02:regression_bootstrap_confirmation:c0,I,0,0,0,
nl2_v1,nl2_v2,static_risk,0,S02:regression_bootstrap_confirmation:c1,I,0,0,0,
nl2_v1,nl2_v2,static_risk,0,S02:regression_bootstrap_confirmation:c2,I,0,0,0,
nl2_v1,nl2_v2,static_risk,0,S08:regression_bootstrap_confirmation:c0,I,22,0,0,0.0
nl2_v1,nl2_v2,static_risk,0,S08:regression_bootstrap_confirmation:c1,I,20,4,4,0.2
nl2_v1,nl2_v2,static_risk,0,S08:regression_bootstrap_confirmation:c2,I,11,0,0,0.0
nl2_v1,nl2_v2,static_boundary,0,S01:regression_bootstrap_confirmation:c0,R,0,5,0,
nl2_v1,nl2_v2,static_boundary,0,S01:regression_bootstrap_confirmation:c1,R,0,0,0,
nl2_v1,nl2_v2,static_boundary,0,S01:regression_bootstrap_confirmation:c2,R,0,4,0,
nl2_v1,nl2_v2,static_boundary,0,S02:regression_bootstrap_confirmation:c0,R,0,0,0,
nl2_v1,nl2_v2,static_boundary,0,S02:regression_bootstrap_confirmation:c1,R,0,0,0,
nl2_v1,nl2_v2,static_boundary,0,S02:regression_bootstrap_confirmation:c2,R,0,0,0,
nl2_v1,nl2_v2,static_boundary,0,S08:regression_bootstrap_confirmation:c0,R,0,4,0,
nl2_v1,nl2_v2,static_boundary,0,S08:regression_bootstrap_confirmation:c1,R,0,3,0,
nl2_v1,nl2_v2,static_boundary,0,S08:regression_bootstrap_confirmation:c2,R,0,4,0,
nl2_v1,nl2_v2,static_boundary,0,S01:regression_bootstrap_confirmation:c0,I,11,5,0,0.0
nl2_v1,nl2_v2,static_boundary,0,S01:regression_bootstrap_confirmation:c1,I,0,0,0,
nl2_v1,nl2_v2,static_boundary,0,S01:regression_bootstrap_confirmation:c2,I,6,4,0,0.0
nl2_v1,nl2_v2,static_boundary,0,S02:regression_bootstrap_confirmation:c0,I,0,0,0,
nl2_v1,nl2_v2,static_boundary,0,S02:regression_bootstrap_confirmation:c1,I,0,0,0,
nl2_v1,nl2_v2,static_boundary,0,S02:regression_bootstrap_confirmation:c2,I,0,0,0,
nl2_v1,nl2_v2,static_boundary,0,S08:regression_bootstrap_confirmation:c0,I,22,4,4,0.18181818181818182
nl2_v1,nl2_v2,static_boundary,0,S08:regression_bootstrap_confirmation:c1,I,20,3,3,0.15
nl2_v1,nl2_v2,static_boundary,0,S08:regression_bootstrap_confirmation:c2,I,11,4,4,0.36363636363636365
nl2_v1,nl2_v2,center_residual,0,S01:regression_bootstrap_confirmation:c0,R,0,12,0,
nl2_v1,nl2_v2,center_residual,0,S01:regression_bootstrap_confirmation:c1,R,0,0,0,
nl2_v1,nl2_v2,center_residual,0,S01:regression_bootstrap_confirmation:c2,R,0,6,0,
nl2_v1,nl2_v2,center_residual,0,S02:regression_bootstrap_confirmation:c0,R,0,0,0,
nl2_v1,nl2_v2,center_residual,0,S02:regression_bootstrap_confirmation:c1,R,0,0,0,
nl2_v1,nl2_v2,center_residual,0,S02:regression_bootstrap_confirmation:c2,R,0,0,0,
nl2_v1,nl2_v2,center_residual,0,S08:regression_bootstrap_confirmation:c0,R,0,2,0,
nl2_v1,nl2_v2,center_residual,0,S08:regression_bootstrap_confirmation:c1,R,0,0,0,
nl2_v1,nl2_v2,center_residual,0,S08:regression_bootstrap_confirmation:c2,R,0,0,0,
nl2_v1,nl2_v2,center_residual,0,S01:regression_bootstrap_confirmation:c0,I,11,3,0,0.0
nl2_v1,nl2_v2,center_residual,0,S01:regression_bootstrap_confirmation:c1,I,0,0,0,
nl2_v1,nl2_v2,center_residual,0,S01:regression_bootstrap_confirmation:c2,I,6,7,6,1.0
nl2_v1,nl2_v2,center_residual,0,S02:regression_bootstrap_confirmation:c0,I,0,0,0,
nl2_v1,nl2_v2,center_residual,0,S02:regression_bootstrap_confirmation:c1,I,0,0,0,
nl2_v1,nl2_v2,center_residual,0,S02:regression_bootstrap_confirmation:c2,I,0,0,0,
nl2_v1,nl2_v2,center_residual,0,S08:regression_bootstrap_confirmation:c0,I,22,0,0,0.0
nl2_v1,nl2_v2,center_residual,0,S08:regression_bootstrap_confirmation:c1,I,20,6,6,0.3
nl2_v1,nl2_v2,center_residual,0,S08:regression_bootstrap_confirmation:c2,I,11,4,4,0.36363636363636365
nl2_v1,nl2_v2,coordinate_residual,0,S01:regression_bootstrap_confirmation:c0,R,0,14,0,
nl2_v1,nl2_v2,coordinate_residual,0,S01:regression_bootstrap_confirmation:c1,R,0,0,0,
nl2_v1,nl2_v2,coordinate_residual,0,S01:regression_bootstrap_confirmation:c2,R,0,4,0,
nl2_v1,nl2_v2,coordinate_residual,0,S02:regression_bootstrap_confirmation:c0,R,0,0,0,
nl2_v1,nl2_v2,coordinate_residual,0,S02:regression_bootstrap_confirmation:c1,R,0,0,0,
nl2_v1,nl2_v2,coordinate_residual,0,S02:regression_bootstrap_confirmation:c2,R,0,0,0,
nl2_v1,nl2_v2,coordinate_residual,0,S08:regression_bootstrap_confirmation:c0,R,0,2,0,
nl2_v1,nl2_v2,coordinate_residual,0,S08:regression_bootstrap_confirmation:c1,R,0,0,0,
nl2_v1,nl2_v2,coordinate_residual,0,S08:regression_bootstrap_confirmation:c2,R,0,0,0,
nl2_v1,nl2_v2,coordinate_residual,0,S01:regression_bootstrap_confirmation:c0,I,11,6,1,0.09090909090909091
nl2_v1,nl2_v2,coordinate_residual,0,S01:regression_bootstrap_confirmation:c1,I,0,0,0,
nl2_v1,nl2_v2,coordinate_residual,0,S01:regression_bootstrap_confirmation:c2,I,6,7,6,1.0
nl2_v1,nl2_v2,coordinate_residual,0,S02:regression_bootstrap_confirmation:c0,I,0,0,0,
nl2_v1,nl2_v2,coordinate_residual,0,S02:regression_bootstrap_confirmation:c1,I,0,0,0,
nl2_v1,nl2_v2,coordinate_residual,0,S02:regression_bootstrap_confirmation:c2,I,0,0,0,
nl2_v1,nl2_v2,coordinate_residual,0,S08:regression_bootstrap_confirmation:c0,I,22,0,0,0.0
nl2_v1,nl2_v2,coordinate_residual,0,S08:regression_bootstrap_confirmation:c1,I,20,6,6,0.3
nl2_v1,nl2_v2,coordinate_residual,0,S08:regression_bootstrap_confirmation:c2,I,11,1,1,0.09090909090909091
nl2_v1,nl2_v2,target_only,0,S01:regression_bootstrap_confirmation:c0,R,0,6,0,
nl2_v1,nl2_v2,target_only,0,S01:regression_bootstrap_confirmation:c1,R,0,7,0,
nl2_v1,nl2_v2,target_only,0,S01:regression_bootstrap_confirmation:c2,R,0,3,0,
nl2_v1,nl2_v2,target_only,0,S02:regression_bootstrap_confirmation:c0,R,0,0,0,
nl2_v1,nl2_v2,target_only,0,S02:regression_bootstrap_confirmation:c1,R,0,0,0,
nl2_v1,nl2_v2,target_only,0,S02:regression_bootstrap_confirmation:c2,R,0,0,0,
nl2_v1,nl2_v2,target_only,0,S08:regression_bootstrap_confirmation:c0,R,0,2,0,
nl2_v1,nl2_v2,target_only,0,S08:regression_bootstrap_confirmation:c1,R,0,1,0,
nl2_v1,nl2_v2,target_only,0,S08:regression_bootstrap_confirmation:c2,R,0,1,0,
nl2_v1,nl2_v2,target_only,0,S01:regression_bootstrap_confirmation:c0,I,11,0,0,0.0
nl2_v1,nl2_v2,target_only,0,S01:regression_bootstrap_confirmation:c1,I,0,0,0,
nl2_v1,nl2_v2,target_only,0,S01:regression_bootstrap_confirmation:c2,I,6,1,0,0.0
nl2_v1,nl2_v2,target_only,0,S02:regression_bootstrap_confirmation:c0,I,0,6,0,
nl2_v1,nl2_v2,target_only,0,S02:regression_bootstrap_confirmation:c1,I,0,5,0,
nl2_v1,nl2_v2,target_only,0,S02:regression_bootstrap_confirmation:c2,I,0,5,0,
nl2_v1,nl2_v2,target_only,0,S08:regression_bootstrap_confirmation:c0,I,22,1,0,0.0
nl2_v1,nl2_v2,target_only,0,S08:regression_bootstrap_confirmation:c1,I,20,1,1,0.05
nl2_v1,nl2_v2,target_only,0,S08:regression_bootstrap_confirmation:c2,I,11,1,0,0.0
nl2_v1,nl2_v2,directed_residual,0,S01:regression_bootstrap_confirmation:c0,R,0,12,0,
nl2_v1,nl2_v2,directed_residual,0,S01:regression_bootstrap_confirmation:c1,R,0,0,0,
nl2_v1,nl2_v2,directed_residual,0,S01:regression_bootstrap_confirmation:c2,R,0,6,0,
nl2_v1,nl2_v2,directed_residual,0,S02:regression_bootstrap_confirmation:c0,R,0,0,0,
nl2_v1,nl2_v2,directed_residual,0,S02:regression_bootstrap_confirmation:c1,R,0,0,0,
nl2_v1,nl2_v2,directed_residual,0,S02:regression_bootstrap_confirmation:c2,R,0,0,0,
nl2_v1,nl2_v2,directed_residual,0,S08:regression_bootstrap_confirmation:c0,R,0,2,0,
nl2_v1,nl2_v2,directed_residual,0,S08:regression_bootstrap_confirmation:c1,R,0,0,0,
nl2_v1,nl2_v2,directed_residual,0,S08:regression_bootstrap_confirmation:c2,R,0,0,0,
nl2_v1,nl2_v2,directed_residual,0,S01:regression_bootstrap_confirmation:c0,I,11,4,1,0.09090909090909091
nl2_v1,nl2_v2,directed_residual,0,S01:regression_bootstrap_confirmation:c1,I,0,0,0,
nl2_v1,nl2_v2,directed_residual,0,S01:regression_bootstrap_confirmation:c2,I,6,7,6,1.0
nl2_v1,nl2_v2,directed_residual,0,S02:regression_bootstrap_confirmation:c0,I,0,0,0,
nl2_v1,nl2_v2,directed_residual,0,S02:regression_bootstrap_confirmation:c1,I,0,0,0,
nl2_v1,nl2_v2,directed_residual,0,S02:regression_bootstrap_confirmation:c2,I,0,0,0,
nl2_v1,nl2_v2,directed_residual,0,S08:regression_bootstrap_confirmation:c0,I,22,0,0,0.0
nl2_v1,nl2_v2,directed_residual,0,S08:regression_bootstrap_confirmation:c1,I,20,5,5,0.25
nl2_v1,nl2_v2,directed_residual,0,S08:regression_bootstrap_confirmation:c2,I,11,4,4,0.36363636363636365
nl2_v1,nl2_v2,directed_context_laplace,0,S01:regression_bootstrap_confirmation:c0,R,0,14,0,
nl2_v1,nl2_v2,directed_context_laplace,0,S01:regression_bootstrap_confirmation:c1,R,0,0,0,
nl2_v1,nl2_v2,directed_context_laplace,0,S01:regression_bootstrap_confirmation:c2,R,0,4,0,
nl2_v1,nl2_v2,directed_context_laplace,0,S02:regression_bootstrap_confirmation:c0,R,0,0,0,
nl2_v1,nl2_v2,directed_context_laplace,0,S02:regression_bootstrap_confirmation:c1,R,0,0,0,
nl2_v1,nl2_v2,directed_context_laplace,0,S02:regression_bootstrap_confirmation:c2,R,0,0,0,
nl2_v1,nl2_v2,directed_context_laplace,0,S08:regression_bootstrap_confirmation:c0,R,0,2,0,
nl2_v1,nl2_v2,directed_context_laplace,0,S08:regression_bootstrap_confirmation:c1,R,0,0,0,
nl2_v1,nl2_v2,directed_context_laplace,0,S08:regression_bootstrap_confirmation:c2,R,0,0,0,
nl2_v1,nl2_v2,directed_context_laplace,0,S01:regression_bootstrap_confirmation:c0,I,11,2,0,0.0
nl2_v1,nl2_v2,directed_context_laplace,0,S01:regression_bootstrap_confirmation:c1,I,0,0,0,
nl2_v1,nl2_v2,directed_context_laplace,0,S01:regression_bootstrap_confirmation:c2,I,6,10,6,1.0
nl2_v1,nl2_v2,directed_context_laplace,0,S02:regression_bootstrap_confirmation:c0,I,0,0,0,
nl2_v1,nl2_v2,directed_context_laplace,0,S02:regression_bootstrap_confirmation:c1,I,0,0,0,
nl2_v1,nl2_v2,directed_context_laplace,0,S02:regression_bootstrap_confirmation:c2,I,0,0,0,
nl2_v1,nl2_v2,directed_context_laplace,0,S08:regression_bootstrap_confirmation:c0,I,22,0,0,0.0
nl2_v1,nl2_v2,directed_context_laplace,0,S08:regression_bootstrap_confirmation:c1,I,20,8,8,0.4
nl2_v1,nl2_v2,directed_context_laplace,0,S08:regression_bootstrap_confirmation:c2,I,11,0,0,0.0
nl2_v1,nl2_v2,directed_context_ucb,0,S01:regression_bootstrap_confirmation:c0,R,0,7,0,
nl2_v1,nl2_v2,directed_context_ucb,0,S01:regression_bootstrap_confirmation:c1,R,0,0,0,
nl2_v1,nl2_v2,directed_context_ucb,0,S01:regression_bootstrap_confirmation:c2,R,0,6,0,
nl2_v1,nl2_v2,directed_context_ucb,0,S02:regression_bootstrap_confirmation:c0,R,0,0,0,
nl2_v1,nl2_v2,directed_context_ucb,0,S02:regression_bootstrap_confirmation:c1,R,0,0,0,
nl2_v1,nl2_v2,directed_context_ucb,0,S02:regression_bootstrap_confirmation:c2,R,0,0,0,
nl2_v1,nl2_v2,directed_context_ucb,0,S08:regression_bootstrap_confirmation:c0,R,0,5,0,
nl2_v1,nl2_v2,directed_context_ucb,0,S08:regression_bootstrap_confirmation:c1,R,0,1,0,
nl2_v1,nl2_v2,directed_context_ucb,0,S08:regression_bootstrap_confirmation:c2,R,0,1,0,
nl2_v1,nl2_v2,directed_context_ucb,0,S01:regression_bootstrap_confirmation:c0,I,11,2,0,0.0
nl2_v1,nl2_v2,directed_context_ucb,0,S01:regression_bootstrap_confirmation:c1,I,0,0,0,
nl2_v1,nl2_v2,directed_context_ucb,0,S01:regression_bootstrap_confirmation:c2,I,6,10,6,1.0
nl2_v1,nl2_v2,directed_context_ucb,0,S02:regression_bootstrap_confirmation:c0,I,0,0,0,
nl2_v1,nl2_v2,directed_context_ucb,0,S02:regression_bootstrap_confirmation:c1,I,0,0,0,
nl2_v1,nl2_v2,directed_context_ucb,0,S02:regression_bootstrap_confirmation:c2,I,0,0,0,
nl2_v1,nl2_v2,directed_context_ucb,0,S08:regression_bootstrap_confirmation:c0,I,22,0,0,0.0
nl2_v1,nl2_v2,directed_context_ucb,0,S08:regression_bootstrap_confirmation:c1,I,20,8,8,0.4
nl2_v1,nl2_v2,directed_context_ucb,0,S08:regression_bootstrap_confirmation:c2,I,11,0,0,0.0
nl2_v1,nl2_v2,coordinate_context_ucb_pure,0,S01:regression_bootstrap_confirmation:c0,R,0,8,0,
nl2_v1,nl2_v2,coordinate_context_ucb_pure,0,S01:regression_bootstrap_confirmation:c1,R,0,0,0,
nl2_v1,nl2_v2,coordinate_context_ucb_pure,0,S01:regression_bootstrap_confirmation:c2,R,0,4,0,
nl2_v1,nl2_v2,coordinate_context_ucb_pure,0,S02:regression_bootstrap_confirmation:c0,R,0,0,0,
nl2_v1,nl2_v2,coordinate_context_ucb_pure,0,S02:regression_bootstrap_confirmation:c1,R,0,0,0,
nl2_v1,nl2_v2,coordinate_context_ucb_pure,0,S02:regression_bootstrap_confirmation:c2,R,0,0,0,
nl2_v1,nl2_v2,coordinate_context_ucb_pure,0,S08:regression_bootstrap_confirmation:c0,R,0,4,0,
nl2_v1,nl2_v2,coordinate_context_ucb_pure,0,S08:regression_bootstrap_confirmation:c1,R,0,1,0,
nl2_v1,nl2_v2,coordinate_context_ucb_pure,0,S08:regression_bootstrap_confirmation:c2,R,0,3,0,
nl2_v1,nl2_v2,coordinate_context_ucb_pure,0,S01:regression_bootstrap_confirmation:c0,I,11,1,0,0.0
nl2_v1,nl2_v2,coordinate_context_ucb_pure,0,S01:regression_bootstrap_confirmation:c1,I,0,0,0,
nl2_v1,nl2_v2,coordinate_context_ucb_pure,0,S01:regression_bootstrap_confirmation:c2,I,6,9,6,1.0
nl2_v1,nl2_v2,coordinate_context_ucb_pure,0,S02:regression_bootstrap_confirmation:c0,I,0,0,0,
nl2_v1,nl2_v2,coordinate_context_ucb_pure,0,S02:regression_bootstrap_confirmation:c1,I,0,0,0,
nl2_v1,nl2_v2,coordinate_context_ucb_pure,0,S02:regression_bootstrap_confirmation:c2,I,0,0,0,
nl2_v1,nl2_v2,coordinate_context_ucb_pure,0,S08:regression_bootstrap_confirmation:c0,I,22,0,0,0.0
nl2_v1,nl2_v2,coordinate_context_ucb_pure,0,S08:regression_bootstrap_confirmation:c1,I,20,10,10,0.5
nl2_v1,nl2_v2,coordinate_context_ucb_pure,0,S08:regression_bootstrap_confirmation:c2,I,11,0,0,0.0
nl2_v1,nl2_v2,directed_context_ucb_pure,0,S01:regression_bootstrap_confirmation:c0,R,0,6,0,
nl2_v1,nl2_v2,directed_context_ucb_pure,0,S01:regression_bootstrap_confirmation:c1,R,0,0,0,
nl2_v1,nl2_v2,directed_context_ucb_pure,0,S01:regression_bootstrap_confirmation:c2,R,0,5,0,
nl2_v1,nl2_v2,directed_context_ucb_pure,0,S02:regression_bootstrap_confirmation:c0,R,0,0,0,
nl2_v1,nl2_v2,directed_context_ucb_pure,0,S02:regression_bootstrap_confirmation:c1,R,0,0,0,
nl2_v1,nl2_v2,directed_context_ucb_pure,0,S02:regression_bootstrap_confirmation:c2,R,0,0,0,
nl2_v1,nl2_v2,directed_context_ucb_pure,0,S08:regression_bootstrap_confirmation:c0,R,0,4,0,
nl2_v1,nl2_v2,directed_context_ucb_pure,0,S08:regression_bootstrap_confirmation:c1,R,0,2,0,
nl2_v1,nl2_v2,directed_context_ucb_pure,0,S08:regression_bootstrap_confirmation:c2,R,0,3,0,
nl2_v1,nl2_v2,directed_context_ucb_pure,0,S01:regression_bootstrap_confirmation:c0,I,11,0,0,0.0
nl2_v1,nl2_v2,directed_context_ucb_pure,0,S01:regression_bootstrap_confirmation:c1,I,0,0,0,
nl2_v1,nl2_v2,directed_context_ucb_pure,0,S01:regression_bootstrap_confirmation:c2,I,6,10,6,1.0
nl2_v1,nl2_v2,directed_context_ucb_pure,0,S02:regression_bootstrap_confirmation:c0,I,0,0,0,
nl2_v1,nl2_v2,directed_context_ucb_pure,0,S02:regression_bootstrap_confirmation:c1,I,0,0,0,
nl2_v1,nl2_v2,directed_context_ucb_pure,0,S02:regression_bootstrap_confirmation:c2,I,0,0,0,
nl2_v1,nl2_v2,directed_context_ucb_pure,0,S08:regression_bootstrap_confirmation:c0,I,22,0,0,0.0
nl2_v1,nl2_v2,directed_context_ucb_pure,0,S08:regression_bootstrap_confirmation:c1,I,20,10,10,0.5
nl2_v1,nl2_v2,directed_context_ucb_pure,0,S08:regression_bootstrap_confirmation:c2,I,11,0,0,0.0
nl2_v1,nl2_v2,directed_context_ucb_loose,0,S01:regression_bootstrap_confirmation:c0,R,0,5,0,
nl2_v1,nl2_v2,directed_context_ucb_loose,0,S01:regression_bootstrap_confirmation:c1,R,0,0,0,
nl2_v1,nl2_v2,directed_context_ucb_loose,0,S01:regression_bootstrap_confirmation:c2,R,0,6,0,
nl2_v1,nl2_v2,directed_context_ucb_loose,0,S02:regression_bootstrap_confirmation:c0,R,0,0,0,
nl2_v1,nl2_v2,directed_context_ucb_loose,0,S02:regression_bootstrap_confirmation:c1,R,0,0,0,
nl2_v1,nl2_v2,directed_context_ucb_loose,0,S02:regression_bootstrap_confirmation:c2,R,0,0,0,
nl2_v1,nl2_v2,directed_context_ucb_loose,0,S08:regression_bootstrap_confirmation:c0,R,0,4,0,
nl2_v1,nl2_v2,directed_context_ucb_loose,0,S08:regression_bootstrap_confirmation:c1,R,0,2,0,
nl2_v1,nl2_v2,directed_context_ucb_loose,0,S08:regression_bootstrap_confirmation:c2,R,0,3,0,
nl2_v1,nl2_v2,directed_context_ucb_loose,0,S01:regression_bootstrap_confirmation:c0,I,11,0,0,0.0
nl2_v1,nl2_v2,directed_context_ucb_loose,0,S01:regression_bootstrap_confirmation:c1,I,0,0,0,
nl2_v1,nl2_v2,directed_context_ucb_loose,0,S01:regression_bootstrap_confirmation:c2,I,6,9,6,1.0
nl2_v1,nl2_v2,directed_context_ucb_loose,0,S02:regression_bootstrap_confirmation:c0,I,0,0,0,
nl2_v1,nl2_v2,directed_context_ucb_loose,0,S02:regression_bootstrap_confirmation:c1,I,0,0,0,
nl2_v1,nl2_v2,directed_context_ucb_loose,0,S02:regression_bootstrap_confirmation:c2,I,0,0,0,
nl2_v1,nl2_v2,directed_context_ucb_loose,0,S08:regression_bootstrap_confirmation:c0,I,22,0,0,0.0
nl2_v1,nl2_v2,directed_context_ucb_loose,0,S08:regression_bootstrap_confirmation:c1,I,20,11,11,0.55
nl2_v1,nl2_v2,directed_context_ucb_loose,0,S08:regression_bootstrap_confirmation:c2,I,11,0,0,0.0
nl2_v1,nl2_v2,coordinate_offset_calibrated_ucb,0,S01:regression_bootstrap_confirmation:c0,R,0,5,0,
nl2_v1,nl2_v2,coordinate_offset_calibrated_ucb,0,S01:regression_bootstrap_confirmation:c1,R,0,0,0,
nl2_v1,nl2_v2,coordinate_offset_calibrated_ucb,0,S01:regression_bootstrap_confirmation:c2,R,0,8,0,
nl2_v1,nl2_v2,coordinate_offset_calibrated_ucb,0,S02:regression_bootstrap_confirmation:c0,R,0,0,0,
nl2_v1,nl2_v2,coordinate_offset_calibrated_ucb,0,S02:regression_bootstrap_confirmation:c1,R,0,0,0,
nl2_v1,nl2_v2,coordinate_offset_calibrated_ucb,0,S02:regression_bootstrap_confirmation:c2,R,0,0,0,
nl2_v1,nl2_v2,coordinate_offset_calibrated_ucb,0,S08:regression_bootstrap_confirmation:c0,R,0,4,0,
nl2_v1,nl2_v2,coordinate_offset_calibrated_ucb,0,S08:regression_bootstrap_confirmation:c1,R,0,1,0,
nl2_v1,nl2_v2,coordinate_offset_calibrated_ucb,0,S08:regression_bootstrap_confirmation:c2,R,0,2,0,
nl2_v1,nl2_v2,coordinate_offset_calibrated_ucb,0,S01:regression_bootstrap_confirmation:c0,I,11,0,0,0.0
nl2_v1,nl2_v2,coordinate_offset_calibrated_ucb,0,S01:regression_bootstrap_confirmation:c1,I,0,0,0,
nl2_v1,nl2_v2,coordinate_offset_calibrated_ucb,0,S01:regression_bootstrap_confirmation:c2,I,6,9,6,1.0
nl2_v1,nl2_v2,coordinate_offset_calibrated_ucb,0,S02:regression_bootstrap_confirmation:c0,I,0,0,0,
nl2_v1,nl2_v2,coordinate_offset_calibrated_ucb,0,S02:regression_bootstrap_confirmation:c1,I,0,0,0,
nl2_v1,nl2_v2,coordinate_offset_calibrated_ucb,0,S02:regression_bootstrap_confirmation:c2,I,0,0,0,
nl2_v1,nl2_v2,coordinate_offset_calibrated_ucb,0,S08:regression_bootstrap_confirmation:c0,I,22,0,0,0.0
nl2_v1,nl2_v2,coordinate_offset_calibrated_ucb,0,S08:regression_bootstrap_confirmation:c1,I,20,11,11,0.55
nl2_v1,nl2_v2,coordinate_offset_calibrated_ucb,0,S08:regression_bootstrap_confirmation:c2,I,11,0,0,0.0
nl2_v1,nl2_v2,directed_offset_calibrated_ucb,0,S01:regression_bootstrap_confirmation:c0,R,0,5,0,
nl2_v1,nl2_v2,directed_offset_calibrated_ucb,0,S01:regression_bootstrap_confirmation:c1,R,0,0,0,
nl2_v1,nl2_v2,directed_offset_calibrated_ucb,0,S01:regression_bootstrap_confirmation:c2,R,0,6,0,
nl2_v1,nl2_v2,directed_offset_calibrated_ucb,0,S02:regression_bootstrap_confirmation:c0,R,0,0,0,
nl2_v1,nl2_v2,directed_offset_calibrated_ucb,0,S02:regression_bootstrap_confirmation:c1,R,0,0,0,
nl2_v1,nl2_v2,directed_offset_calibrated_ucb,0,S02:regression_bootstrap_confirmation:c2,R,0,0,0,
nl2_v1,nl2_v2,directed_offset_calibrated_ucb,0,S08:regression_bootstrap_confirmation:c0,R,0,4,0,
nl2_v1,nl2_v2,directed_offset_calibrated_ucb,0,S08:regression_bootstrap_confirmation:c1,R,0,2,0,
nl2_v1,nl2_v2,directed_offset_calibrated_ucb,0,S08:regression_bootstrap_confirmation:c2,R,0,3,0,
nl2_v1,nl2_v2,directed_offset_calibrated_ucb,0,S01:regression_bootstrap_confirmation:c0,I,11,0,0,0.0
nl2_v1,nl2_v2,directed_offset_calibrated_ucb,0,S01:regression_bootstrap_confirmation:c1,I,0,0,0,
nl2_v1,nl2_v2,directed_offset_calibrated_ucb,0,S01:regression_bootstrap_confirmation:c2,I,6,9,6,1.0
nl2_v1,nl2_v2,directed_offset_calibrated_ucb,0,S02:regression_bootstrap_confirmation:c0,I,0,0,0,
nl2_v1,nl2_v2,directed_offset_calibrated_ucb,0,S02:regression_bootstrap_confirmation:c1,I,0,0,0,
nl2_v1,nl2_v2,directed_offset_calibrated_ucb,0,S02:regression_bootstrap_confirmation:c2,I,0,0,0,
nl2_v1,nl2_v2,directed_offset_calibrated_ucb,0,S08:regression_bootstrap_confirmation:c0,I,22,0,0,0.0
nl2_v1,nl2_v2,directed_offset_calibrated_ucb,0,S08:regression_bootstrap_confirmation:c1,I,20,11,11,0.55
nl2_v1,nl2_v2,directed_offset_calibrated_ucb,0,S08:regression_bootstrap_confirmation:c2,I,11,0,0,0.0
nl2_v1,nl2_v2,coordinate_bootstrap_offset_ucb,0,S01:regression_bootstrap_confirmation:c0,R,0,5,0,
nl2_v1,nl2_v2,coordinate_bootstrap_offset_ucb,0,S01:regression_bootstrap_confirmation:c1,R,0,1,0,
nl2_v1,nl2_v2,coordinate_bootstrap_offset_ucb,0,S01:regression_bootstrap_confirmation:c2,R,0,7,0,
nl2_v1,nl2_v2,coordinate_bootstrap_offset_ucb,0,S02:regression_bootstrap_confirmation:c0,R,0,0,0,
nl2_v1,nl2_v2,coordinate_bootstrap_offset_ucb,0,S02:regression_bootstrap_confirmation:c1,R,0,0,0,
nl2_v1,nl2_v2,coordinate_bootstrap_offset_ucb,0,S02:regression_bootstrap_confirmation:c2,R,0,0,0,
nl2_v1,nl2_v2,coordinate_bootstrap_offset_ucb,0,S08:regression_bootstrap_confirmation:c0,R,0,3,0,
nl2_v1,nl2_v2,coordinate_bootstrap_offset_ucb,0,S08:regression_bootstrap_confirmation:c1,R,0,2,0,
nl2_v1,nl2_v2,coordinate_bootstrap_offset_ucb,0,S08:regression_bootstrap_confirmation:c2,R,0,2,0,
nl2_v1,nl2_v2,coordinate_bootstrap_offset_ucb,0,S01:regression_bootstrap_confirmation:c0,I,11,2,1,0.09090909090909091
nl2_v1,nl2_v2,coordinate_bootstrap_offset_ucb,0,S01:regression_bootstrap_confirmation:c1,I,0,0,0,
nl2_v1,nl2_v2,coordinate_bootstrap_offset_ucb,0,S01:regression_bootstrap_confirmation:c2,I,6,9,6,1.0
nl2_v1,nl2_v2,coordinate_bootstrap_offset_ucb,0,S02:regression_bootstrap_confirmation:c0,I,0,1,0,
nl2_v1,nl2_v2,coordinate_bootstrap_offset_ucb,0,S02:regression_bootstrap_confirmation:c1,I,0,1,0,
nl2_v1,nl2_v2,coordinate_bootstrap_offset_ucb,0,S02:regression_bootstrap_confirmation:c2,I,0,1,0,
nl2_v1,nl2_v2,coordinate_bootstrap_offset_ucb,0,S08:regression_bootstrap_confirmation:c0,I,22,1,1,0.045454545454545456
nl2_v1,nl2_v2,coordinate_bootstrap_offset_ucb,0,S08:regression_bootstrap_confirmation:c1,I,20,4,4,0.2
nl2_v1,nl2_v2,coordinate_bootstrap_offset_ucb,0,S08:regression_bootstrap_confirmation:c2,I,11,1,1,0.09090909090909091
nl2_v1,nl2_v2,directed_bootstrap_offset_ucb,0,S01:regression_bootstrap_confirmation:c0,R,0,4,0,
nl2_v1,nl2_v2,directed_bootstrap_offset_ucb,0,S01:regression_bootstrap_confirmation:c1,R,0,1,0,
nl2_v1,nl2_v2,directed_bootstrap_offset_ucb,0,S01:regression_bootstrap_confirmation:c2,R,0,7,0,
nl2_v1,nl2_v2,directed_bootstrap_offset_ucb,0,S02:regression_bootstrap_confirmation:c0,R,0,0,0,
nl2_v1,nl2_v2,directed_bootstrap_offset_ucb,0,S02:regression_bootstrap_confirmation:c1,R,0,0,0,
nl2_v1,nl2_v2,directed_bootstrap_offset_ucb,0,S02:regression_bootstrap_confirmation:c2,R,0,0,0,
nl2_v1,nl2_v2,directed_bootstrap_offset_ucb,0,S08:regression_bootstrap_confirmation:c0,R,0,3,0,
nl2_v1,nl2_v2,directed_bootstrap_offset_ucb,0,S08:regression_bootstrap_confirmation:c1,R,0,3,0,
nl2_v1,nl2_v2,directed_bootstrap_offset_ucb,0,S08:regression_bootstrap_confirmation:c2,R,0,2,0,
nl2_v1,nl2_v2,directed_bootstrap_offset_ucb,0,S01:regression_bootstrap_confirmation:c0,I,11,1,1,0.09090909090909091
nl2_v1,nl2_v2,directed_bootstrap_offset_ucb,0,S01:regression_bootstrap_confirmation:c1,I,0,0,0,
nl2_v1,nl2_v2,directed_bootstrap_offset_ucb,0,S01:regression_bootstrap_confirmation:c2,I,6,9,6,1.0
nl2_v1,nl2_v2,directed_bootstrap_offset_ucb,0,S02:regression_bootstrap_confirmation:c0,I,0,1,0,
nl2_v1,nl2_v2,directed_bootstrap_offset_ucb,0,S02:regression_bootstrap_confirmation:c1,I,0,1,0,
nl2_v1,nl2_v2,directed_bootstrap_offset_ucb,0,S02:regression_bootstrap_confirmation:c2,I,0,1,0,
nl2_v1,nl2_v2,directed_bootstrap_offset_ucb,0,S08:regression_bootstrap_confirmation:c0,I,22,1,1,0.045454545454545456
nl2_v1,nl2_v2,directed_bootstrap_offset_ucb,0,S08:regression_bootstrap_confirmation:c1,I,20,5,5,0.25
nl2_v1,nl2_v2,directed_bootstrap_offset_ucb,0,S08:regression_bootstrap_confirmation:c2,I,11,1,1,0.09090909090909091
nl2_v1,nl2_v2,coordinate_regression_bootstrap_ucb,0,S01:regression_bootstrap_confirmation:c0,R,0,6,0,
nl2_v1,nl2_v2,coordinate_regression_bootstrap_ucb,0,S01:regression_bootstrap_confirmation:c1,R,0,1,0,
nl2_v1,nl2_v2,coordinate_regression_bootstrap_ucb,0,S01:regression_bootstrap_confirmation:c2,R,0,7,0,
nl2_v1,nl2_v2,coordinate_regression_bootstrap_ucb,0,S02:regression_bootstrap_confirmation:c0,R,0,0,0,
nl2_v1,nl2_v2,coordinate_regression_bootstrap_ucb,0,S02:regression_bootstrap_confirmation:c1,R,0,0,0,
nl2_v1,nl2_v2,coordinate_regression_bootstrap_ucb,0,S02:regression_bootstrap_confirmation:c2,R,0,0,0,
nl2_v1,nl2_v2,coordinate_regression_bootstrap_ucb,0,S08:regression_bootstrap_confirmation:c0,R,0,3,0,
nl2_v1,nl2_v2,coordinate_regression_bootstrap_ucb,0,S08:regression_bootstrap_confirmation:c1,R,0,1,0,
nl2_v1,nl2_v2,coordinate_regression_bootstrap_ucb,0,S08:regression_bootstrap_confirmation:c2,R,0,2,0,
nl2_v1,nl2_v2,coordinate_regression_bootstrap_ucb,0,S01:regression_bootstrap_confirmation:c0,I,11,2,1,0.09090909090909091
nl2_v1,nl2_v2,coordinate_regression_bootstrap_ucb,0,S01:regression_bootstrap_confirmation:c1,I,0,0,0,
nl2_v1,nl2_v2,coordinate_regression_bootstrap_ucb,0,S01:regression_bootstrap_confirmation:c2,I,6,10,6,1.0
nl2_v1,nl2_v2,coordinate_regression_bootstrap_ucb,0,S02:regression_bootstrap_confirmation:c0,I,0,0,0,
nl2_v1,nl2_v2,coordinate_regression_bootstrap_ucb,0,S02:regression_bootstrap_confirmation:c1,I,0,0,0,
nl2_v1,nl2_v2,coordinate_regression_bootstrap_ucb,0,S02:regression_bootstrap_confirmation:c2,I,0,0,0,
nl2_v1,nl2_v2,coordinate_regression_bootstrap_ucb,0,S08:regression_bootstrap_confirmation:c0,I,22,0,0,0.0
nl2_v1,nl2_v2,coordinate_regression_bootstrap_ucb,0,S08:regression_bootstrap_confirmation:c1,I,20,8,8,0.4
nl2_v1,nl2_v2,coordinate_regression_bootstrap_ucb,0,S08:regression_bootstrap_confirmation:c2,I,11,0,0,0.0
nl2_v1,nl2_v2,directed_regression_bootstrap_ucb,0,S01:regression_bootstrap_confirmation:c0,R,0,5,0,
nl2_v1,nl2_v2,directed_regression_bootstrap_ucb,0,S01:regression_bootstrap_confirmation:c1,R,0,1,0,
nl2_v1,nl2_v2,directed_regression_bootstrap_ucb,0,S01:regression_bootstrap_confirmation:c2,R,0,7,0,
nl2_v1,nl2_v2,directed_regression_bootstrap_ucb,0,S02:regression_bootstrap_confirmation:c0,R,0,0,0,
nl2_v1,nl2_v2,directed_regression_bootstrap_ucb,0,S02:regression_bootstrap_confirmation:c1,R,0,0,0,
nl2_v1,nl2_v2,directed_regression_bootstrap_ucb,0,S02:regression_bootstrap_confirmation:c2,R,0,0,0,
nl2_v1,nl2_v2,directed_regression_bootstrap_ucb,0,S08:regression_bootstrap_confirmation:c0,R,0,4,0,
nl2_v1,nl2_v2,directed_regression_bootstrap_ucb,0,S08:regression_bootstrap_confirmation:c1,R,0,1,0,
nl2_v1,nl2_v2,directed_regression_bootstrap_ucb,0,S08:regression_bootstrap_confirmation:c2,R,0,2,0,
nl2_v1,nl2_v2,directed_regression_bootstrap_ucb,0,S01:regression_bootstrap_confirmation:c0,I,11,3,2,0.18181818181818182
nl2_v1,nl2_v2,directed_regression_bootstrap_ucb,0,S01:regression_bootstrap_confirmation:c1,I,0,0,0,
nl2_v1,nl2_v2,directed_regression_bootstrap_ucb,0,S01:regression_bootstrap_confirmation:c2,I,6,9,6,1.0
nl2_v1,nl2_v2,directed_regression_bootstrap_ucb,0,S02:regression_bootstrap_confirmation:c0,I,0,0,0,
nl2_v1,nl2_v2,directed_regression_bootstrap_ucb,0,S02:regression_bootstrap_confirmation:c1,I,0,0,0,
nl2_v1,nl2_v2,directed_regression_bootstrap_ucb,0,S02:regression_bootstrap_confirmation:c2,I,0,0,0,
nl2_v1,nl2_v2,directed_regression_bootstrap_ucb,0,S08:regression_bootstrap_confirmation:c0,I,22,0,0,0.0
nl2_v1,nl2_v2,directed_regression_bootstrap_ucb,0,S08:regression_bootstrap_confirmation:c1,I,20,8,8,0.4
nl2_v1,nl2_v2,directed_regression_bootstrap_ucb,0,S08:regression_bootstrap_confirmation:c2,I,11,0,0,0.0
nl2_v1,nl2_v2,static_margin_coverage,0,S01:regression_bootstrap_confirmation:c0,R,0,1,0,
nl2_v1,nl2_v2,static_margin_coverage,0,S01:regression_bootstrap_confirmation:c1,R,0,1,0,
nl2_v1,nl2_v2,static_margin_coverage,0,S01:regression_bootstrap_confirmation:c2,R,0,4,0,
nl2_v1,nl2_v2,static_margin_coverage,0,S02:regression_bootstrap_confirmation:c0,R,0,0,0,
nl2_v1,nl2_v2,static_margin_coverage,0,S02:regression_bootstrap_confirmation:c1,R,0,0,0,
nl2_v1,nl2_v2,static_margin_coverage,0,S02:regression_bootstrap_confirmation:c2,R,0,0,0,
nl2_v1,nl2_v2,static_margin_coverage,0,S08:regression_bootstrap_confirmation:c0,R,0,1,0,
nl2_v1,nl2_v2,static_margin_coverage,0,S08:regression_bootstrap_confirmation:c1,R,0,12,0,
nl2_v1,nl2_v2,static_margin_coverage,0,S08:regression_bootstrap_confirmation:c2,R,0,1,0,
nl2_v1,nl2_v2,static_margin_coverage,0,S01:regression_bootstrap_confirmation:c0,I,11,9,5,0.45454545454545453
nl2_v1,nl2_v2,static_margin_coverage,0,S01:regression_bootstrap_confirmation:c1,I,0,0,0,
nl2_v1,nl2_v2,static_margin_coverage,0,S01:regression_bootstrap_confirmation:c2,I,6,7,6,1.0
nl2_v1,nl2_v2,static_margin_coverage,0,S02:regression_bootstrap_confirmation:c0,I,0,0,0,
nl2_v1,nl2_v2,static_margin_coverage,0,S02:regression_bootstrap_confirmation:c1,I,0,0,0,
nl2_v1,nl2_v2,static_margin_coverage,0,S02:regression_bootstrap_confirmation:c2,I,0,0,0,
nl2_v1,nl2_v2,static_margin_coverage,0,S08:regression_bootstrap_confirmation:c0,I,22,0,0,0.0
nl2_v1,nl2_v2,static_margin_coverage,0,S08:regression_bootstrap_confirmation:c1,I,20,4,4,0.2
nl2_v1,nl2_v2,static_margin_coverage,0,S08:regression_bootstrap_confirmation:c2,I,11,0,0,0.0
nl2_v1,nl2_v2,coordinate_margin_frontier,0,S01:regression_bootstrap_confirmation:c0,R,0,9,0,
nl2_v1,nl2_v2,coordinate_margin_frontier,0,S01:regression_bootstrap_confirmation:c1,R,0,1,0,
nl2_v1,nl2_v2,coordinate_margin_frontier,0,S01:regression_bootstrap_confirmation:c2,R,0,5,0,
nl2_v1,nl2_v2,coordinate_margin_frontier,0,S02:regression_bootstrap_confirmation:c0,R,0,0,0,
nl2_v1,nl2_v2,coordinate_margin_frontier,0,S02:regression_bootstrap_confirmation:c1,R,0,0,0,
nl2_v1,nl2_v2,coordinate_margin_frontier,0,S02:regression_bootstrap_confirmation:c2,R,0,0,0,
nl2_v1,nl2_v2,coordinate_margin_frontier,0,S08:regression_bootstrap_confirmation:c0,R,0,3,0,
nl2_v1,nl2_v2,coordinate_margin_frontier,0,S08:regression_bootstrap_confirmation:c1,R,0,1,0,
nl2_v1,nl2_v2,coordinate_margin_frontier,0,S08:regression_bootstrap_confirmation:c2,R,0,1,0,
nl2_v1,nl2_v2,coordinate_margin_frontier,0,S01:regression_bootstrap_confirmation:c0,I,11,5,1,0.09090909090909091
nl2_v1,nl2_v2,coordinate_margin_frontier,0,S01:regression_bootstrap_confirmation:c1,I,0,0,0,
nl2_v1,nl2_v2,coordinate_margin_frontier,0,S01:regression_bootstrap_confirmation:c2,I,6,8,6,1.0
nl2_v1,nl2_v2,coordinate_margin_frontier,0,S02:regression_bootstrap_confirmation:c0,I,0,0,0,
nl2_v1,nl2_v2,coordinate_margin_frontier,0,S02:regression_bootstrap_confirmation:c1,I,0,0,0,
nl2_v1,nl2_v2,coordinate_margin_frontier,0,S02:regression_bootstrap_confirmation:c2,I,0,0,0,
nl2_v1,nl2_v2,coordinate_margin_frontier,0,S08:regression_bootstrap_confirmation:c0,I,22,0,0,0.0
nl2_v1,nl2_v2,coordinate_margin_frontier,0,S08:regression_bootstrap_confirmation:c1,I,20,6,6,0.3
nl2_v1,nl2_v2,coordinate_margin_frontier,0,S08:regression_bootstrap_confirmation:c2,I,11,1,1,0.09090909090909091
nl2_v1,nl2_v2,directed_margin_frontier,0,S01:regression_bootstrap_confirmation:c0,R,0,7,0,
nl2_v1,nl2_v2,directed_margin_frontier,0,S01:regression_bootstrap_confirmation:c1,R,0,1,0,
nl2_v1,nl2_v2,directed_margin_frontier,0,S01:regression_bootstrap_confirmation:c2,R,0,5,0,
nl2_v1,nl2_v2,directed_margin_frontier,0,S02:regression_bootstrap_confirmation:c0,R,0,0,0,
nl2_v1,nl2_v2,directed_margin_frontier,0,S02:regression_bootstrap_confirmation:c1,R,0,0,0,
nl2_v1,nl2_v2,directed_margin_frontier,0,S02:regression_bootstrap_confirmation:c2,R,0,0,0,
nl2_v1,nl2_v2,directed_margin_frontier,0,S08:regression_bootstrap_confirmation:c0,R,0,5,0,
nl2_v1,nl2_v2,directed_margin_frontier,0,S08:regression_bootstrap_confirmation:c1,R,0,1,0,
nl2_v1,nl2_v2,directed_margin_frontier,0,S08:regression_bootstrap_confirmation:c2,R,0,1,0,
nl2_v1,nl2_v2,directed_margin_frontier,0,S01:regression_bootstrap_confirmation:c0,I,11,2,0,0.0
nl2_v1,nl2_v2,directed_margin_frontier,0,S01:regression_bootstrap_confirmation:c1,I,0,0,0,
nl2_v1,nl2_v2,directed_margin_frontier,0,S01:regression_bootstrap_confirmation:c2,I,6,10,6,1.0
nl2_v1,nl2_v2,directed_margin_frontier,0,S02:regression_bootstrap_confirmation:c0,I,0,0,0,
nl2_v1,nl2_v2,directed_margin_frontier,0,S02:regression_bootstrap_confirmation:c1,I,0,0,0,
nl2_v1,nl2_v2,directed_margin_frontier,0,S02:regression_bootstrap_confirmation:c2,I,0,0,0,
nl2_v1,nl2_v2,directed_margin_frontier,0,S08:regression_bootstrap_confirmation:c0,I,22,0,0,0.0
nl2_v1,nl2_v2,directed_margin_frontier,0,S08:regression_bootstrap_confirmation:c1,I,20,8,8,0.4
nl2_v1,nl2_v2,directed_margin_frontier,0,S08:regression_bootstrap_confirmation:c2,I,11,0,0,0.0
nl2_v1,nl2_v2,static_dual_margin_coverage,0,S01:regression_bootstrap_confirmation:c0,R,0,1,0,
nl2_v1,nl2_v2,static_dual_margin_coverage,0,S01:regression_bootstrap_confirmation:c1,R,0,1,0,
nl2_v1,nl2_v2,static_dual_margin_coverage,0,S01:regression_bootstrap_confirmation:c2,R,0,4,0,
nl2_v1,nl2_v2,static_dual_margin_coverage,0,S02:regression_bootstrap_confirmation:c0,R,0,0,0,
nl2_v1,nl2_v2,static_dual_margin_coverage,0,S02:regression_bootstrap_confirmation:c1,R,0,0,0,
nl2_v1,nl2_v2,static_dual_margin_coverage,0,S02:regression_bootstrap_confirmation:c2,R,0,0,0,
nl2_v1,nl2_v2,static_dual_margin_coverage,0,S08:regression_bootstrap_confirmation:c0,R,0,1,0,
nl2_v1,nl2_v2,static_dual_margin_coverage,0,S08:regression_bootstrap_confirmation:c1,R,0,12,0,
nl2_v1,nl2_v2,static_dual_margin_coverage,0,S08:regression_bootstrap_confirmation:c2,R,0,1,0,
nl2_v1,nl2_v2,static_dual_margin_coverage,0,S01:regression_bootstrap_confirmation:c0,I,11,1,0,0.0
nl2_v1,nl2_v2,static_dual_margin_coverage,0,S01:regression_bootstrap_confirmation:c1,I,0,0,0,
nl2_v1,nl2_v2,static_dual_margin_coverage,0,S01:regression_bootstrap_confirmation:c2,I,6,2,0,0.0
nl2_v1,nl2_v2,static_dual_margin_coverage,0,S02:regression_bootstrap_confirmation:c0,I,0,1,0,
nl2_v1,nl2_v2,static_dual_margin_coverage,0,S02:regression_bootstrap_confirmation:c1,I,0,1,0,
nl2_v1,nl2_v2,static_dual_margin_coverage,0,S02:regression_bootstrap_confirmation:c2,I,0,1,0,
nl2_v1,nl2_v2,static_dual_margin_coverage,0,S08:regression_bootstrap_confirmation:c0,I,22,2,0,0.0
nl2_v1,nl2_v2,static_dual_margin_coverage,0,S08:regression_bootstrap_confirmation:c1,I,20,1,1,0.05
nl2_v1,nl2_v2,static_dual_margin_coverage,0,S08:regression_bootstrap_confirmation:c2,I,11,11,0,0.0
nl2_v1,nl2_v2,coordinate_dual_margin_frontier,0,S01:regression_bootstrap_confirmation:c0,R,0,11,0,
nl2_v1,nl2_v2,coordinate_dual_margin_frontier,0,S01:regression_bootstrap_confirmation:c1,R,0,1,0,
nl2_v1,nl2_v2,coordinate_dual_margin_frontier,0,S01:regression_bootstrap_confirmation:c2,R,0,5,0,
nl2_v1,nl2_v2,coordinate_dual_margin_frontier,0,S02:regression_bootstrap_confirmation:c0,R,0,0,0,
nl2_v1,nl2_v2,coordinate_dual_margin_frontier,0,S02:regression_bootstrap_confirmation:c1,R,0,0,0,
nl2_v1,nl2_v2,coordinate_dual_margin_frontier,0,S02:regression_bootstrap_confirmation:c2,R,0,0,0,
nl2_v1,nl2_v2,coordinate_dual_margin_frontier,0,S08:regression_bootstrap_confirmation:c0,R,0,1,0,
nl2_v1,nl2_v2,coordinate_dual_margin_frontier,0,S08:regression_bootstrap_confirmation:c1,R,0,1,0,
nl2_v1,nl2_v2,coordinate_dual_margin_frontier,0,S08:regression_bootstrap_confirmation:c2,R,0,1,0,
nl2_v1,nl2_v2,coordinate_dual_margin_frontier,0,S01:regression_bootstrap_confirmation:c0,I,11,1,0,0.0
nl2_v1,nl2_v2,coordinate_dual_margin_frontier,0,S01:regression_bootstrap_confirmation:c1,I,0,0,0,
nl2_v1,nl2_v2,coordinate_dual_margin_frontier,0,S01:regression_bootstrap_confirmation:c2,I,6,1,0,0.0
nl2_v1,nl2_v2,coordinate_dual_margin_frontier,0,S02:regression_bootstrap_confirmation:c0,I,0,1,0,
nl2_v1,nl2_v2,coordinate_dual_margin_frontier,0,S02:regression_bootstrap_confirmation:c1,I,0,1,0,
nl2_v1,nl2_v2,coordinate_dual_margin_frontier,0,S02:regression_bootstrap_confirmation:c2,I,0,1,0,
nl2_v1,nl2_v2,coordinate_dual_margin_frontier,0,S08:regression_bootstrap_confirmation:c0,I,22,1,0,0.0
nl2_v1,nl2_v2,coordinate_dual_margin_frontier,0,S08:regression_bootstrap_confirmation:c1,I,20,13,13,0.65
nl2_v1,nl2_v2,coordinate_dual_margin_frontier,0,S08:regression_bootstrap_confirmation:c2,I,11,1,0,0.0
nl2_v1,nl2_v2,directed_dual_margin_frontier,0,S01:regression_bootstrap_confirmation:c0,R,0,6,0,
nl2_v1,nl2_v2,directed_dual_margin_frontier,0,S01:regression_bootstrap_confirmation:c1,R,0,1,0,
nl2_v1,nl2_v2,directed_dual_margin_frontier,0,S01:regression_bootstrap_confirmation:c2,R,0,6,0,
nl2_v1,nl2_v2,directed_dual_margin_frontier,0,S02:regression_bootstrap_confirmation:c0,R,0,0,0,
nl2_v1,nl2_v2,directed_dual_margin_frontier,0,S02:regression_bootstrap_confirmation:c1,R,0,0,0,
nl2_v1,nl2_v2,directed_dual_margin_frontier,0,S02:regression_bootstrap_confirmation:c2,R,0,0,0,
nl2_v1,nl2_v2,directed_dual_margin_frontier,0,S08:regression_bootstrap_confirmation:c0,R,0,5,0,
nl2_v1,nl2_v2,directed_dual_margin_frontier,0,S08:regression_bootstrap_confirmation:c1,R,0,1,0,
nl2_v1,nl2_v2,directed_dual_margin_frontier,0,S08:regression_bootstrap_confirmation:c2,R,0,1,0,
nl2_v1,nl2_v2,directed_dual_margin_frontier,0,S01:regression_bootstrap_confirmation:c0,I,11,1,0,0.0
nl2_v1,nl2_v2,directed_dual_margin_frontier,0,S01:regression_bootstrap_confirmation:c1,I,0,0,0,
nl2_v1,nl2_v2,directed_dual_margin_frontier,0,S01:regression_bootstrap_confirmation:c2,I,6,1,0,0.0
nl2_v1,nl2_v2,directed_dual_margin_frontier,0,S02:regression_bootstrap_confirmation:c0,I,0,1,0,
nl2_v1,nl2_v2,directed_dual_margin_frontier,0,S02:regression_bootstrap_confirmation:c1,I,0,1,0,
nl2_v1,nl2_v2,directed_dual_margin_frontier,0,S02:regression_bootstrap_confirmation:c2,I,0,1,0,
nl2_v1,nl2_v2,directed_dual_margin_frontier,0,S08:regression_bootstrap_confirmation:c0,I,22,1,0,0.0
nl2_v1,nl2_v2,directed_dual_margin_frontier,0,S08:regression_bootstrap_confirmation:c1,I,20,13,13,0.65
nl2_v1,nl2_v2,directed_dual_margin_frontier,0,S08:regression_bootstrap_confirmation:c2,I,11,1,0,0.0
nl2_v1,nl2_v2,static_dual_coverage2,0,S01:regression_bootstrap_confirmation:c0,R,0,1,0,
nl2_v1,nl2_v2,static_dual_coverage2,0,S01:regression_bootstrap_confirmation:c1,R,0,1,0,
nl2_v1,nl2_v2,static_dual_coverage2,0,S01:regression_bootstrap_confirmation:c2,R,0,4,0,
nl2_v1,nl2_v2,static_dual_coverage2,0,S02:regression_bootstrap_confirmation:c0,R,0,0,0,
nl2_v1,nl2_v2,static_dual_coverage2,0,S02:regression_bootstrap_confirmation:c1,R,0,0,0,
nl2_v1,nl2_v2,static_dual_coverage2,0,S02:regression_bootstrap_confirmation:c2,R,0,0,0,
nl2_v1,nl2_v2,static_dual_coverage2,0,S08:regression_bootstrap_confirmation:c0,R,0,1,0,
nl2_v1,nl2_v2,static_dual_coverage2,0,S08:regression_bootstrap_confirmation:c1,R,0,12,0,
nl2_v1,nl2_v2,static_dual_coverage2,0,S08:regression_bootstrap_confirmation:c2,R,0,1,0,
nl2_v1,nl2_v2,static_dual_coverage2,0,S01:regression_bootstrap_confirmation:c0,I,11,2,0,0.0
nl2_v1,nl2_v2,static_dual_coverage2,0,S01:regression_bootstrap_confirmation:c1,I,0,0,0,
nl2_v1,nl2_v2,static_dual_coverage2,0,S01:regression_bootstrap_confirmation:c2,I,6,2,0,0.0
nl2_v1,nl2_v2,static_dual_coverage2,0,S02:regression_bootstrap_confirmation:c0,I,0,2,0,
nl2_v1,nl2_v2,static_dual_coverage2,0,S02:regression_bootstrap_confirmation:c1,I,0,2,0,
nl2_v1,nl2_v2,static_dual_coverage2,0,S02:regression_bootstrap_confirmation:c2,I,0,2,0,
nl2_v1,nl2_v2,static_dual_coverage2,0,S08:regression_bootstrap_confirmation:c0,I,22,2,0,0.0
nl2_v1,nl2_v2,static_dual_coverage2,0,S08:regression_bootstrap_confirmation:c1,I,20,2,2,0.1
nl2_v1,nl2_v2,static_dual_coverage2,0,S08:regression_bootstrap_confirmation:c2,I,11,6,0,0.0
nl2_v1,nl2_v2,coordinate_dual_local,0,S01:regression_bootstrap_confirmation:c0,R,0,7,0,
nl2_v1,nl2_v2,coordinate_dual_local,0,S01:regression_bootstrap_confirmation:c1,R,0,1,0,
nl2_v1,nl2_v2,coordinate_dual_local,0,S01:regression_bootstrap_confirmation:c2,R,0,5,0,
nl2_v1,nl2_v2,coordinate_dual_local,0,S02:regression_bootstrap_confirmation:c0,R,0,0,0,
nl2_v1,nl2_v2,coordinate_dual_local,0,S02:regression_bootstrap_confirmation:c1,R,0,0,0,
nl2_v1,nl2_v2,coordinate_dual_local,0,S02:regression_bootstrap_confirmation:c2,R,0,0,0,
nl2_v1,nl2_v2,coordinate_dual_local,0,S08:regression_bootstrap_confirmation:c0,R,0,3,0,
nl2_v1,nl2_v2,coordinate_dual_local,0,S08:regression_bootstrap_confirmation:c1,R,0,1,0,
nl2_v1,nl2_v2,coordinate_dual_local,0,S08:regression_bootstrap_confirmation:c2,R,0,3,0,
nl2_v1,nl2_v2,coordinate_dual_local,0,S01:regression_bootstrap_confirmation:c0,I,11,2,0,0.0
nl2_v1,nl2_v2,coordinate_dual_local,0,S01:regression_bootstrap_confirmation:c1,I,0,0,0,
nl2_v1,nl2_v2,coordinate_dual_local,0,S01:regression_bootstrap_confirmation:c2,I,6,2,0,0.0
nl2_v1,nl2_v2,coordinate_dual_local,0,S02:regression_bootstrap_confirmation:c0,I,0,2,0,
nl2_v1,nl2_v2,coordinate_dual_local,0,S02:regression_bootstrap_confirmation:c1,I,0,2,0,
nl2_v1,nl2_v2,coordinate_dual_local,0,S02:regression_bootstrap_confirmation:c2,I,0,2,0,
nl2_v1,nl2_v2,coordinate_dual_local,0,S08:regression_bootstrap_confirmation:c0,I,22,2,0,0.0
nl2_v1,nl2_v2,coordinate_dual_local,0,S08:regression_bootstrap_confirmation:c1,I,20,6,6,0.3
nl2_v1,nl2_v2,coordinate_dual_local,0,S08:regression_bootstrap_confirmation:c2,I,11,2,0,0.0
nl2_v1,nl2_v2,directed_dual_local,0,S01:regression_bootstrap_confirmation:c0,R,0,6,0,
nl2_v1,nl2_v2,directed_dual_local,0,S01:regression_bootstrap_confirmation:c1,R,0,1,0,
nl2_v1,nl2_v2,directed_dual_local,0,S01:regression_bootstrap_confirmation:c2,R,0,5,0,
nl2_v1,nl2_v2,directed_dual_local,0,S02:regression_bootstrap_confirmation:c0,R,0,0,0,
nl2_v1,nl2_v2,directed_dual_local,0,S02:regression_bootstrap_confirmation:c1,R,0,0,0,
nl2_v1,nl2_v2,directed_dual_local,0,S02:regression_bootstrap_confirmation:c2,R,0,0,0,
nl2_v1,nl2_v2,directed_dual_local,0,S08:regression_bootstrap_confirmation:c0,R,0,4,0,
nl2_v1,nl2_v2,directed_dual_local,0,S08:regression_bootstrap_confirmation:c1,R,0,1,0,
nl2_v1,nl2_v2,directed_dual_local,0,S08:regression_bootstrap_confirmation:c2,R,0,3,0,
nl2_v1,nl2_v2,directed_dual_local,0,S01:regression_bootstrap_confirmation:c0,I,11,2,0,0.0
nl2_v1,nl2_v2,directed_dual_local,0,S01:regression_bootstrap_confirmation:c1,I,0,0,0,
nl2_v1,nl2_v2,directed_dual_local,0,S01:regression_bootstrap_confirmation:c2,I,6,2,0,0.0
nl2_v1,nl2_v2,directed_dual_local,0,S02:regression_bootstrap_confirmation:c0,I,0,2,0,
nl2_v1,nl2_v2,directed_dual_local,0,S02:regression_bootstrap_confirmation:c1,I,0,2,0,
nl2_v1,nl2_v2,directed_dual_local,0,S02:regression_bootstrap_confirmation:c2,I,0,2,0,
nl2_v1,nl2_v2,directed_dual_local,0,S08:regression_bootstrap_confirmation:c0,I,22,2,0,0.0
nl2_v1,nl2_v2,directed_dual_local,0,S08:regression_bootstrap_confirmation:c1,I,20,6,6,0.3
nl2_v1,nl2_v2,directed_dual_local,0,S08:regression_bootstrap_confirmation:c2,I,11,2,0,0.0
nl2_v1,nl2_v2,static_majority_coverage2,0,S01:regression_bootstrap_confirmation:c0,R,0,1,0,
nl2_v1,nl2_v2,static_majority_coverage2,0,S01:regression_bootstrap_confirmation:c1,R,0,1,0,
nl2_v1,nl2_v2,static_majority_coverage2,0,S01:regression_bootstrap_confirmation:c2,R,0,4,0,
nl2_v1,nl2_v2,static_majority_coverage2,0,S02:regression_bootstrap_confirmation:c0,R,0,0,0,
nl2_v1,nl2_v2,static_majority_coverage2,0,S02:regression_bootstrap_confirmation:c1,R,0,0,0,
nl2_v1,nl2_v2,static_majority_coverage2,0,S02:regression_bootstrap_confirmation:c2,R,0,0,0,
nl2_v1,nl2_v2,static_majority_coverage2,0,S08:regression_bootstrap_confirmation:c0,R,0,1,0,
nl2_v1,nl2_v2,static_majority_coverage2,0,S08:regression_bootstrap_confirmation:c1,R,0,12,0,
nl2_v1,nl2_v2,static_majority_coverage2,0,S08:regression_bootstrap_confirmation:c2,R,0,1,0,
nl2_v1,nl2_v2,static_majority_coverage2,0,S01:regression_bootstrap_confirmation:c0,I,11,1,0,0.0
nl2_v1,nl2_v2,static_majority_coverage2,0,S01:regression_bootstrap_confirmation:c1,I,0,0,0,
nl2_v1,nl2_v2,static_majority_coverage2,0,S01:regression_bootstrap_confirmation:c2,I,6,2,0,0.0
nl2_v1,nl2_v2,static_majority_coverage2,0,S02:regression_bootstrap_confirmation:c0,I,0,2,0,
nl2_v1,nl2_v2,static_majority_coverage2,0,S02:regression_bootstrap_confirmation:c1,I,0,2,0,
nl2_v1,nl2_v2,static_majority_coverage2,0,S02:regression_bootstrap_confirmation:c2,I,0,2,0,
nl2_v1,nl2_v2,static_majority_coverage2,0,S08:regression_bootstrap_confirmation:c0,I,22,0,0,0.0
nl2_v1,nl2_v2,static_majority_coverage2,0,S08:regression_bootstrap_confirmation:c1,I,20,0,0,0.0
nl2_v1,nl2_v2,static_majority_coverage2,0,S08:regression_bootstrap_confirmation:c2,I,11,11,0,0.0
nl2_v1,nl2_v2,coordinate_majority_local,0,S01:regression_bootstrap_confirmation:c0,R,0,5,0,
nl2_v1,nl2_v2,coordinate_majority_local,0,S01:regression_bootstrap_confirmation:c1,R,0,1,0,
nl2_v1,nl2_v2,coordinate_majority_local,0,S01:regression_bootstrap_confirmation:c2,R,0,6,0,
nl2_v1,nl2_v2,coordinate_majority_local,0,S02:regression_bootstrap_confirmation:c0,R,0,0,0,
nl2_v1,nl2_v2,coordinate_majority_local,0,S02:regression_bootstrap_confirmation:c1,R,0,0,0,
nl2_v1,nl2_v2,coordinate_majority_local,0,S02:regression_bootstrap_confirmation:c2,R,0,0,0,
nl2_v1,nl2_v2,coordinate_majority_local,0,S08:regression_bootstrap_confirmation:c0,R,0,3,0,
nl2_v1,nl2_v2,coordinate_majority_local,0,S08:regression_bootstrap_confirmation:c1,R,0,3,0,
nl2_v1,nl2_v2,coordinate_majority_local,0,S08:regression_bootstrap_confirmation:c2,R,0,2,0,
nl2_v1,nl2_v2,coordinate_majority_local,0,S01:regression_bootstrap_confirmation:c0,I,11,0,0,0.0
nl2_v1,nl2_v2,coordinate_majority_local,0,S01:regression_bootstrap_confirmation:c1,I,0,0,0,
nl2_v1,nl2_v2,coordinate_majority_local,0,S01:regression_bootstrap_confirmation:c2,I,6,12,6,1.0
nl2_v1,nl2_v2,coordinate_majority_local,0,S02:regression_bootstrap_confirmation:c0,I,0,2,0,
nl2_v1,nl2_v2,coordinate_majority_local,0,S02:regression_bootstrap_confirmation:c1,I,0,2,0,
nl2_v1,nl2_v2,coordinate_majority_local,0,S02:regression_bootstrap_confirmation:c2,I,0,2,0,
nl2_v1,nl2_v2,coordinate_majority_local,0,S08:regression_bootstrap_confirmation:c0,I,22,0,0,0.0
nl2_v1,nl2_v2,coordinate_majority_local,0,S08:regression_bootstrap_confirmation:c1,I,20,2,2,0.1
nl2_v1,nl2_v2,coordinate_majority_local,0,S08:regression_bootstrap_confirmation:c2,I,11,0,0,0.0
nl2_v1,nl2_v2,directed_majority_local,0,S01:regression_bootstrap_confirmation:c0,R,0,4,0,
nl2_v1,nl2_v2,directed_majority_local,0,S01:regression_bootstrap_confirmation:c1,R,0,1,0,
nl2_v1,nl2_v2,directed_majority_local,0,S01:regression_bootstrap_confirmation:c2,R,0,6,0,
nl2_v1,nl2_v2,directed_majority_local,0,S02:regression_bootstrap_confirmation:c0,R,0,0,0,
nl2_v1,nl2_v2,directed_majority_local,0,S02:regression_bootstrap_confirmation:c1,R,0,0,0,
nl2_v1,nl2_v2,directed_majority_local,0,S02:regression_bootstrap_confirmation:c2,R,0,0,0,
nl2_v1,nl2_v2,directed_majority_local,0,S08:regression_bootstrap_confirmation:c0,R,0,4,0,
nl2_v1,nl2_v2,directed_majority_local,0,S08:regression_bootstrap_confirmation:c1,R,0,3,0,
nl2_v1,nl2_v2,directed_majority_local,0,S08:regression_bootstrap_confirmation:c2,R,0,2,0,
nl2_v1,nl2_v2,directed_majority_local,0,S01:regression_bootstrap_confirmation:c0,I,11,0,0,0.0
nl2_v1,nl2_v2,directed_majority_local,0,S01:regression_bootstrap_confirmation:c1,I,0,0,0,
nl2_v1,nl2_v2,directed_majority_local,0,S01:regression_bootstrap_confirmation:c2,I,6,12,6,1.0
nl2_v1,nl2_v2,directed_majority_local,0,S02:regression_bootstrap_confirmation:c0,I,0,2,0,
nl2_v1,nl2_v2,directed_majority_local,0,S02:regression_bootstrap_confirmation:c1,I,0,2,0,
nl2_v1,nl2_v2,directed_majority_local,0,S02:regression_bootstrap_confirmation:c2,I,0,2,0,
nl2_v1,nl2_v2,directed_majority_local,0,S08:regression_bootstrap_confirmation:c0,I,22,0,0,0.0
nl2_v1,nl2_v2,directed_majority_local,0,S08:regression_bootstrap_confirmation:c1,I,20,2,2,0.1
nl2_v1,nl2_v2,directed_majority_local,0,S08:regression_bootstrap_confirmation:c2,I,11,0,0,0.0
nl2_v1,nl2_v2,directed_gated_majority,0,S01:regression_bootstrap_confirmation:c0,R,0,5,0,
nl2_v1,nl2_v2,directed_gated_majority,0,S01:regression_bootstrap_confirmation:c1,R,0,1,0,
nl2_v1,nl2_v2,directed_gated_majority,0,S01:regression_bootstrap_confirmation:c2,R,0,6,0,
nl2_v1,nl2_v2,directed_gated_majority,0,S02:regression_bootstrap_confirmation:c0,R,0,0,0,
nl2_v1,nl2_v2,directed_gated_majority,0,S02:regression_bootstrap_confirmation:c1,R,0,0,0,
nl2_v1,nl2_v2,directed_gated_majority,0,S02:regression_bootstrap_confirmation:c2,R,0,0,0,
nl2_v1,nl2_v2,directed_gated_majority,0,S08:regression_bootstrap_confirmation:c0,R,0,5,0,
nl2_v1,nl2_v2,directed_gated_majority,0,S08:regression_bootstrap_confirmation:c1,R,0,2,0,
nl2_v1,nl2_v2,directed_gated_majority,0,S08:regression_bootstrap_confirmation:c2,R,0,1,0,
nl2_v1,nl2_v2,directed_gated_majority,0,S01:regression_bootstrap_confirmation:c0,I,11,0,0,0.0
nl2_v1,nl2_v2,directed_gated_majority,0,S01:regression_bootstrap_confirmation:c1,I,0,0,0,
nl2_v1,nl2_v2,directed_gated_majority,0,S01:regression_bootstrap_confirmation:c2,I,6,12,6,1.0
nl2_v1,nl2_v2,directed_gated_majority,0,S02:regression_bootstrap_confirmation:c0,I,0,2,0,
nl2_v1,nl2_v2,directed_gated_majority,0,S02:regression_bootstrap_confirmation:c1,I,0,2,0,
nl2_v1,nl2_v2,directed_gated_majority,0,S02:regression_bootstrap_confirmation:c2,I,0,2,0,
nl2_v1,nl2_v2,directed_gated_majority,0,S08:regression_bootstrap_confirmation:c0,I,22,0,0,0.0
nl2_v1,nl2_v2,directed_gated_majority,0,S08:regression_bootstrap_confirmation:c1,I,20,2,2,0.1
nl2_v1,nl2_v2,directed_gated_majority,0,S08:regression_bootstrap_confirmation:c2,I,11,0,0,0.0
nl2_v1,nl2_v2,static_role_coverage2,0,S01:regression_bootstrap_confirmation:c0,R,0,1,0,
nl2_v1,nl2_v2,static_role_coverage2,0,S01:regression_bootstrap_confirmation:c1,R,0,1,0,
nl2_v1,nl2_v2,static_role_coverage2,0,S01:regression_bootstrap_confirmation:c2,R,0,4,0,
nl2_v1,nl2_v2,static_role_coverage2,0,S02:regression_bootstrap_confirmation:c0,R,0,0,0,
nl2_v1,nl2_v2,static_role_coverage2,0,S02:regression_bootstrap_confirmation:c1,R,0,0,0,
nl2_v1,nl2_v2,static_role_coverage2,0,S02:regression_bootstrap_confirmation:c2,R,0,0,0,
nl2_v1,nl2_v2,static_role_coverage2,0,S08:regression_bootstrap_confirmation:c0,R,0,1,0,
nl2_v1,nl2_v2,static_role_coverage2,0,S08:regression_bootstrap_confirmation:c1,R,0,12,0,
nl2_v1,nl2_v2,static_role_coverage2,0,S08:regression_bootstrap_confirmation:c2,R,0,1,0,
nl2_v1,nl2_v2,static_role_coverage2,0,S01:regression_bootstrap_confirmation:c0,I,11,1,0,0.0
nl2_v1,nl2_v2,static_role_coverage2,0,S01:regression_bootstrap_confirmation:c1,I,0,0,0,
nl2_v1,nl2_v2,static_role_coverage2,0,S01:regression_bootstrap_confirmation:c2,I,6,2,0,0.0
nl2_v1,nl2_v2,static_role_coverage2,0,S02:regression_bootstrap_confirmation:c0,I,0,0,0,
nl2_v1,nl2_v2,static_role_coverage2,0,S02:regression_bootstrap_confirmation:c1,I,0,0,0,
nl2_v1,nl2_v2,static_role_coverage2,0,S02:regression_bootstrap_confirmation:c2,I,0,0,0,
nl2_v1,nl2_v2,static_role_coverage2,0,S08:regression_bootstrap_confirmation:c0,I,22,6,0,0.0
nl2_v1,nl2_v2,static_role_coverage2,0,S08:regression_bootstrap_confirmation:c1,I,20,0,0,0.0
nl2_v1,nl2_v2,static_role_coverage2,0,S08:regression_bootstrap_confirmation:c2,I,11,11,0,0.0
nl2_v1,nl2_v2,coordinate_role_gated,0,S01:regression_bootstrap_confirmation:c0,R,0,9,0,
nl2_v1,nl2_v2,coordinate_role_gated,0,S01:regression_bootstrap_confirmation:c1,R,0,1,0,
nl2_v1,nl2_v2,coordinate_role_gated,0,S01:regression_bootstrap_confirmation:c2,R,0,5,0,
nl2_v1,nl2_v2,coordinate_role_gated,0,S02:regression_bootstrap_confirmation:c0,R,0,0,0,
nl2_v1,nl2_v2,coordinate_role_gated,0,S02:regression_bootstrap_confirmation:c1,R,0,0,0,
nl2_v1,nl2_v2,coordinate_role_gated,0,S02:regression_bootstrap_confirmation:c2,R,0,0,0,
nl2_v1,nl2_v2,coordinate_role_gated,0,S08:regression_bootstrap_confirmation:c0,R,0,3,0,
nl2_v1,nl2_v2,coordinate_role_gated,0,S08:regression_bootstrap_confirmation:c1,R,0,1,0,
nl2_v1,nl2_v2,coordinate_role_gated,0,S08:regression_bootstrap_confirmation:c2,R,0,1,0,
nl2_v1,nl2_v2,coordinate_role_gated,0,S01:regression_bootstrap_confirmation:c0,I,11,0,0,0.0
nl2_v1,nl2_v2,coordinate_role_gated,0,S01:regression_bootstrap_confirmation:c1,I,0,0,0,
nl2_v1,nl2_v2,coordinate_role_gated,0,S01:regression_bootstrap_confirmation:c2,I,6,12,6,1.0
nl2_v1,nl2_v2,coordinate_role_gated,0,S02:regression_bootstrap_confirmation:c0,I,0,0,0,
nl2_v1,nl2_v2,coordinate_role_gated,0,S02:regression_bootstrap_confirmation:c1,I,0,0,0,
nl2_v1,nl2_v2,coordinate_role_gated,0,S02:regression_bootstrap_confirmation:c2,I,0,0,0,
nl2_v1,nl2_v2,coordinate_role_gated,0,S08:regression_bootstrap_confirmation:c0,I,22,0,0,0.0
nl2_v1,nl2_v2,coordinate_role_gated,0,S08:regression_bootstrap_confirmation:c1,I,20,8,8,0.4
nl2_v1,nl2_v2,coordinate_role_gated,0,S08:regression_bootstrap_confirmation:c2,I,11,0,0,0.0
nl2_v1,nl2_v2,directed_role_gated,0,S01:regression_bootstrap_confirmation:c0,R,0,6,0,
nl2_v1,nl2_v2,directed_role_gated,0,S01:regression_bootstrap_confirmation:c1,R,0,1,0,
nl2_v1,nl2_v2,directed_role_gated,0,S01:regression_bootstrap_confirmation:c2,R,0,5,0,
nl2_v1,nl2_v2,directed_role_gated,0,S02:regression_bootstrap_confirmation:c0,R,0,0,0,
nl2_v1,nl2_v2,directed_role_gated,0,S02:regression_bootstrap_confirmation:c1,R,0,0,0,
nl2_v1,nl2_v2,directed_role_gated,0,S02:regression_bootstrap_confirmation:c2,R,0,0,0,
nl2_v1,nl2_v2,directed_role_gated,0,S08:regression_bootstrap_confirmation:c0,R,0,5,0,
nl2_v1,nl2_v2,directed_role_gated,0,S08:regression_bootstrap_confirmation:c1,R,0,1,0,
nl2_v1,nl2_v2,directed_role_gated,0,S08:regression_bootstrap_confirmation:c2,R,0,2,0,
nl2_v1,nl2_v2,directed_role_gated,0,S01:regression_bootstrap_confirmation:c0,I,11,0,0,0.0
nl2_v1,nl2_v2,directed_role_gated,0,S01:regression_bootstrap_confirmation:c1,I,0,0,0,
nl2_v1,nl2_v2,directed_role_gated,0,S01:regression_bootstrap_confirmation:c2,I,6,12,6,1.0
nl2_v1,nl2_v2,directed_role_gated,0,S02:regression_bootstrap_confirmation:c0,I,0,0,0,
nl2_v1,nl2_v2,directed_role_gated,0,S02:regression_bootstrap_confirmation:c1,I,0,0,0,
nl2_v1,nl2_v2,directed_role_gated,0,S02:regression_bootstrap_confirmation:c2,I,0,0,0,
nl2_v1,nl2_v2,directed_role_gated,0,S08:regression_bootstrap_confirmation:c0,I,22,0,0,0.0
nl2_v1,nl2_v2,directed_role_gated,0,S08:regression_bootstrap_confirmation:c1,I,20,8,8,0.4
nl2_v1,nl2_v2,directed_role_gated,0,S08:regression_bootstrap_confirmation:c2,I,11,0,0,0.0
nl2_v1,nl2_v2,adaptive_role_hybrid,0,S01:regression_bootstrap_confirmation:c0,R,0,1,0,
nl2_v1,nl2_v2,adaptive_role_hybrid,0,S01:regression_bootstrap_confirmation:c1,R,0,1,0,
nl2_v1,nl2_v2,adaptive_role_hybrid,0,S01:regression_bootstrap_confirmation:c2,R,0,4,0,
nl2_v1,nl2_v2,adaptive_role_hybrid,0,S02:regression_bootstrap_confirmation:c0,R,0,0,0,
nl2_v1,nl2_v2,adaptive_role_hybrid,0,S02:regression_bootstrap_confirmation:c1,R,0,0,0,
nl2_v1,nl2_v2,adaptive_role_hybrid,0,S02:regression_bootstrap_confirmation:c2,R,0,0,0,
nl2_v1,nl2_v2,adaptive_role_hybrid,0,S08:regression_bootstrap_confirmation:c0,R,0,1,0,
nl2_v1,nl2_v2,adaptive_role_hybrid,0,S08:regression_bootstrap_confirmation:c1,R,0,12,0,
nl2_v1,nl2_v2,adaptive_role_hybrid,0,S08:regression_bootstrap_confirmation:c2,R,0,1,0,
nl2_v1,nl2_v2,adaptive_role_hybrid,0,S01:regression_bootstrap_confirmation:c0,I,11,0,0,0.0
nl2_v1,nl2_v2,adaptive_role_hybrid,0,S01:regression_bootstrap_confirmation:c1,I,0,0,0,
nl2_v1,nl2_v2,adaptive_role_hybrid,0,S01:regression_bootstrap_confirmation:c2,I,6,12,6,1.0
nl2_v1,nl2_v2,adaptive_role_hybrid,0,S02:regression_bootstrap_confirmation:c0,I,0,0,0,
nl2_v1,nl2_v2,adaptive_role_hybrid,0,S02:regression_bootstrap_confirmation:c1,I,0,0,0,
nl2_v1,nl2_v2,adaptive_role_hybrid,0,S02:regression_bootstrap_confirmation:c2,I,0,0,0,
nl2_v1,nl2_v2,adaptive_role_hybrid,0,S08:regression_bootstrap_confirmation:c0,I,22,0,0,0.0
nl2_v1,nl2_v2,adaptive_role_hybrid,0,S08:regression_bootstrap_confirmation:c1,I,20,8,8,0.4
nl2_v1,nl2_v2,adaptive_role_hybrid,0,S08:regression_bootstrap_confirmation:c2,I,11,0,0,0.0
nl2_v1,nl2_v2,multi_frontier_role,0,S01:regression_bootstrap_confirmation:c0,R,0,6,0,
nl2_v1,nl2_v2,multi_frontier_role,0,S01:regression_bootstrap_confirmation:c1,R,0,1,0,
nl2_v1,nl2_v2,multi_frontier_role,0,S01:regression_bootstrap_confirmation:c2,R,0,5,0,
nl2_v1,nl2_v2,multi_frontier_role,0,S02:regression_bootstrap_confirmation:c0,R,0,0,0,
nl2_v1,nl2_v2,multi_frontier_role,0,S02:regression_bootstrap_confirmation:c1,R,0,0,0,
nl2_v1,nl2_v2,multi_frontier_role,0,S02:regression_bootstrap_confirmation:c2,R,0,0,0,
nl2_v1,nl2_v2,multi_frontier_role,0,S08:regression_bootstrap_confirmation:c0,R,0,5,0,
nl2_v1,nl2_v2,multi_frontier_role,0,S08:regression_bootstrap_confirmation:c1,R,0,1,0,
nl2_v1,nl2_v2,multi_frontier_role,0,S08:regression_bootstrap_confirmation:c2,R,0,2,0,
nl2_v1,nl2_v2,multi_frontier_role,0,S01:regression_bootstrap_confirmation:c0,I,11,0,0,0.0
nl2_v1,nl2_v2,multi_frontier_role,0,S01:regression_bootstrap_confirmation:c1,I,0,0,0,
nl2_v1,nl2_v2,multi_frontier_role,0,S01:regression_bootstrap_confirmation:c2,I,6,12,6,1.0
nl2_v1,nl2_v2,multi_frontier_role,0,S02:regression_bootstrap_confirmation:c0,I,0,0,0,
nl2_v1,nl2_v2,multi_frontier_role,0,S02:regression_bootstrap_confirmation:c1,I,0,0,0,
nl2_v1,nl2_v2,multi_frontier_role,0,S02:regression_bootstrap_confirmation:c2,I,0,0,0,
nl2_v1,nl2_v2,multi_frontier_role,0,S08:regression_bootstrap_confirmation:c0,I,22,0,0,0.0
nl2_v1,nl2_v2,multi_frontier_role,0,S08:regression_bootstrap_confirmation:c1,I,20,8,8,0.4
nl2_v1,nl2_v2,multi_frontier_role,0,S08:regression_bootstrap_confirmation:c2,I,11,0,0,0.0
nl2_v1,nl2_v2,multi_frontier_diversified,0,S01:regression_bootstrap_confirmation:c0,R,0,6,0,
nl2_v1,nl2_v2,multi_frontier_diversified,0,S01:regression_bootstrap_confirmation:c1,R,0,1,0,
nl2_v1,nl2_v2,multi_frontier_diversified,0,S01:regression_bootstrap_confirmation:c2,R,0,5,0,
nl2_v1,nl2_v2,multi_frontier_diversified,0,S02:regression_bootstrap_confirmation:c0,R,0,0,0,
nl2_v1,nl2_v2,multi_frontier_diversified,0,S02:regression_bootstrap_confirmation:c1,R,0,0,0,
nl2_v1,nl2_v2,multi_frontier_diversified,0,S02:regression_bootstrap_confirmation:c2,R,0,0,0,
nl2_v1,nl2_v2,multi_frontier_diversified,0,S08:regression_bootstrap_confirmation:c0,R,0,5,0,
nl2_v1,nl2_v2,multi_frontier_diversified,0,S08:regression_bootstrap_confirmation:c1,R,0,1,0,
nl2_v1,nl2_v2,multi_frontier_diversified,0,S08:regression_bootstrap_confirmation:c2,R,0,2,0,
nl2_v1,nl2_v2,multi_frontier_diversified,0,S01:regression_bootstrap_confirmation:c0,I,11,0,0,0.0
nl2_v1,nl2_v2,multi_frontier_diversified,0,S01:regression_bootstrap_confirmation:c1,I,0,0,0,
nl2_v1,nl2_v2,multi_frontier_diversified,0,S01:regression_bootstrap_confirmation:c2,I,6,12,6,1.0
nl2_v1,nl2_v2,multi_frontier_diversified,0,S02:regression_bootstrap_confirmation:c0,I,0,0,0,
nl2_v1,nl2_v2,multi_frontier_diversified,0,S02:regression_bootstrap_confirmation:c1,I,0,0,0,
nl2_v1,nl2_v2,multi_frontier_diversified,0,S02:regression_bootstrap_confirmation:c2,I,0,0,0,
nl2_v1,nl2_v2,multi_frontier_diversified,0,S08:regression_bootstrap_confirmation:c0,I,22,0,0,0.0
nl2_v1,nl2_v2,multi_frontier_diversified,0,S08:regression_bootstrap_confirmation:c1,I,20,8,8,0.4
nl2_v1,nl2_v2,multi_frontier_diversified,0,S08:regression_bootstrap_confirmation:c2,I,11,0,0,0.0
nl2_v1,nl2_v2,coordinate_multi_frontier,0,S01:regression_bootstrap_confirmation:c0,R,0,9,0,
nl2_v1,nl2_v2,coordinate_multi_frontier,0,S01:regression_bootstrap_confirmation:c1,R,0,1,0,
nl2_v1,nl2_v2,coordinate_multi_frontier,0,S01:regression_bootstrap_confirmation:c2,R,0,5,0,
nl2_v1,nl2_v2,coordinate_multi_frontier,0,S02:regression_bootstrap_confirmation:c0,R,0,0,0,
nl2_v1,nl2_v2,coordinate_multi_frontier,0,S02:regression_bootstrap_confirmation:c1,R,0,0,0,
nl2_v1,nl2_v2,coordinate_multi_frontier,0,S02:regression_bootstrap_confirmation:c2,R,0,0,0,
nl2_v1,nl2_v2,coordinate_multi_frontier,0,S08:regression_bootstrap_confirmation:c0,R,0,3,0,
nl2_v1,nl2_v2,coordinate_multi_frontier,0,S08:regression_bootstrap_confirmation:c1,R,0,1,0,
nl2_v1,nl2_v2,coordinate_multi_frontier,0,S08:regression_bootstrap_confirmation:c2,R,0,1,0,
nl2_v1,nl2_v2,coordinate_multi_frontier,0,S01:regression_bootstrap_confirmation:c0,I,11,0,0,0.0
nl2_v1,nl2_v2,coordinate_multi_frontier,0,S01:regression_bootstrap_confirmation:c1,I,0,0,0,
nl2_v1,nl2_v2,coordinate_multi_frontier,0,S01:regression_bootstrap_confirmation:c2,I,6,12,6,1.0
nl2_v1,nl2_v2,coordinate_multi_frontier,0,S02:regression_bootstrap_confirmation:c0,I,0,0,0,
nl2_v1,nl2_v2,coordinate_multi_frontier,0,S02:regression_bootstrap_confirmation:c1,I,0,0,0,
nl2_v1,nl2_v2,coordinate_multi_frontier,0,S02:regression_bootstrap_confirmation:c2,I,0,0,0,
nl2_v1,nl2_v2,coordinate_multi_frontier,0,S08:regression_bootstrap_confirmation:c0,I,22,0,0,0.0
nl2_v1,nl2_v2,coordinate_multi_frontier,0,S08:regression_bootstrap_confirmation:c1,I,20,8,8,0.4
nl2_v1,nl2_v2,coordinate_multi_frontier,0,S08:regression_bootstrap_confirmation:c2,I,11,0,0,0.0
nl2_v1,nl2_v2,static_role_coverage_latest,0,S01:regression_bootstrap_confirmation:c0,R,0,1,0,
nl2_v1,nl2_v2,static_role_coverage_latest,0,S01:regression_bootstrap_confirmation:c1,R,0,1,0,
nl2_v1,nl2_v2,static_role_coverage_latest,0,S01:regression_bootstrap_confirmation:c2,R,0,4,0,
nl2_v1,nl2_v2,static_role_coverage_latest,0,S02:regression_bootstrap_confirmation:c0,R,0,0,0,
nl2_v1,nl2_v2,static_role_coverage_latest,0,S02:regression_bootstrap_confirmation:c1,R,0,0,0,
nl2_v1,nl2_v2,static_role_coverage_latest,0,S02:regression_bootstrap_confirmation:c2,R,0,0,0,
nl2_v1,nl2_v2,static_role_coverage_latest,0,S08:regression_bootstrap_confirmation:c0,R,0,1,0,
nl2_v1,nl2_v2,static_role_coverage_latest,0,S08:regression_bootstrap_confirmation:c1,R,0,12,0,
nl2_v1,nl2_v2,static_role_coverage_latest,0,S08:regression_bootstrap_confirmation:c2,R,0,1,0,
nl2_v1,nl2_v2,static_role_coverage_latest,0,S01:regression_bootstrap_confirmation:c0,I,11,0,0,0.0
nl2_v1,nl2_v2,static_role_coverage_latest,0,S01:regression_bootstrap_confirmation:c1,I,0,0,0,
nl2_v1,nl2_v2,static_role_coverage_latest,0,S01:regression_bootstrap_confirmation:c2,I,6,0,0,0.0
nl2_v1,nl2_v2,static_role_coverage_latest,0,S02:regression_bootstrap_confirmation:c0,I,0,0,0,
nl2_v1,nl2_v2,static_role_coverage_latest,0,S02:regression_bootstrap_confirmation:c1,I,0,20,0,
nl2_v1,nl2_v2,static_role_coverage_latest,0,S02:regression_bootstrap_confirmation:c2,I,0,0,0,
nl2_v1,nl2_v2,static_role_coverage_latest,0,S08:regression_bootstrap_confirmation:c0,I,22,0,0,0.0
nl2_v1,nl2_v2,static_role_coverage_latest,0,S08:regression_bootstrap_confirmation:c1,I,20,0,0,0.0
nl2_v1,nl2_v2,static_role_coverage_latest,0,S08:regression_bootstrap_confirmation:c2,I,11,0,0,0.0
nl2_v1,nl2_v2,coordinate_role_gated_latest,0,S01:regression_bootstrap_confirmation:c0,R,0,9,0,
nl2_v1,nl2_v2,coordinate_role_gated_latest,0,S01:regression_bootstrap_confirmation:c1,R,0,1,0,
nl2_v1,nl2_v2,coordinate_role_gated_latest,0,S01:regression_bootstrap_confirmation:c2,R,0,5,0,
nl2_v1,nl2_v2,coordinate_role_gated_latest,0,S02:regression_bootstrap_confirmation:c0,R,0,0,0,
nl2_v1,nl2_v2,coordinate_role_gated_latest,0,S02:regression_bootstrap_confirmation:c1,R,0,0,0,
nl2_v1,nl2_v2,coordinate_role_gated_latest,0,S02:regression_bootstrap_confirmation:c2,R,0,0,0,
nl2_v1,nl2_v2,coordinate_role_gated_latest,0,S08:regression_bootstrap_confirmation:c0,R,0,3,0,
nl2_v1,nl2_v2,coordinate_role_gated_latest,0,S08:regression_bootstrap_confirmation:c1,R,0,1,0,
nl2_v1,nl2_v2,coordinate_role_gated_latest,0,S08:regression_bootstrap_confirmation:c2,R,0,1,0,
nl2_v1,nl2_v2,coordinate_role_gated_latest,0,S01:regression_bootstrap_confirmation:c0,I,11,0,0,0.0
nl2_v1,nl2_v2,coordinate_role_gated_latest,0,S01:regression_bootstrap_confirmation:c1,I,0,0,0,
nl2_v1,nl2_v2,coordinate_role_gated_latest,0,S01:regression_bootstrap_confirmation:c2,I,6,12,6,1.0
nl2_v1,nl2_v2,coordinate_role_gated_latest,0,S02:regression_bootstrap_confirmation:c0,I,0,0,0,
nl2_v1,nl2_v2,coordinate_role_gated_latest,0,S02:regression_bootstrap_confirmation:c1,I,0,0,0,
nl2_v1,nl2_v2,coordinate_role_gated_latest,0,S02:regression_bootstrap_confirmation:c2,I,0,0,0,
nl2_v1,nl2_v2,coordinate_role_gated_latest,0,S08:regression_bootstrap_confirmation:c0,I,22,0,0,0.0
nl2_v1,nl2_v2,coordinate_role_gated_latest,0,S08:regression_bootstrap_confirmation:c1,I,20,8,8,0.4
nl2_v1,nl2_v2,coordinate_role_gated_latest,0,S08:regression_bootstrap_confirmation:c2,I,11,0,0,0.0
nl2_v1,nl2_v2,directed_role_gated_latest,0,S01:regression_bootstrap_confirmation:c0,R,0,6,0,
nl2_v1,nl2_v2,directed_role_gated_latest,0,S01:regression_bootstrap_confirmation:c1,R,0,1,0,
nl2_v1,nl2_v2,directed_role_gated_latest,0,S01:regression_bootstrap_confirmation:c2,R,0,5,0,
nl2_v1,nl2_v2,directed_role_gated_latest,0,S02:regression_bootstrap_confirmation:c0,R,0,0,0,
nl2_v1,nl2_v2,directed_role_gated_latest,0,S02:regression_bootstrap_confirmation:c1,R,0,0,0,
nl2_v1,nl2_v2,directed_role_gated_latest,0,S02:regression_bootstrap_confirmation:c2,R,0,0,0,
nl2_v1,nl2_v2,directed_role_gated_latest,0,S08:regression_bootstrap_confirmation:c0,R,0,5,0,
nl2_v1,nl2_v2,directed_role_gated_latest,0,S08:regression_bootstrap_confirmation:c1,R,0,1,0,
nl2_v1,nl2_v2,directed_role_gated_latest,0,S08:regression_bootstrap_confirmation:c2,R,0,2,0,
nl2_v1,nl2_v2,directed_role_gated_latest,0,S01:regression_bootstrap_confirmation:c0,I,11,0,0,0.0
nl2_v1,nl2_v2,directed_role_gated_latest,0,S01:regression_bootstrap_confirmation:c1,I,0,0,0,
nl2_v1,nl2_v2,directed_role_gated_latest,0,S01:regression_bootstrap_confirmation:c2,I,6,12,6,1.0
nl2_v1,nl2_v2,directed_role_gated_latest,0,S02:regression_bootstrap_confirmation:c0,I,0,0,0,
nl2_v1,nl2_v2,directed_role_gated_latest,0,S02:regression_bootstrap_confirmation:c1,I,0,0,0,
nl2_v1,nl2_v2,directed_role_gated_latest,0,S02:regression_bootstrap_confirmation:c2,I,0,0,0,
nl2_v1,nl2_v2,directed_role_gated_latest,0,S08:regression_bootstrap_confirmation:c0,I,22,0,0,0.0
nl2_v1,nl2_v2,directed_role_gated_latest,0,S08:regression_bootstrap_confirmation:c1,I,20,8,8,0.4
nl2_v1,nl2_v2,directed_role_gated_latest,0,S08:regression_bootstrap_confirmation:c2,I,11,0,0,0.0
nl2_v1,nl2_v2,static_role_coverage_span,0,S01:regression_bootstrap_confirmation:c0,R,0,1,0,
nl2_v1,nl2_v2,static_role_coverage_span,0,S01:regression_bootstrap_confirmation:c1,R,0,1,0,
nl2_v1,nl2_v2,static_role_coverage_span,0,S01:regression_bootstrap_confirmation:c2,R,0,4,0,
nl2_v1,nl2_v2,static_role_coverage_span,0,S02:regression_bootstrap_confirmation:c0,R,0,0,0,
nl2_v1,nl2_v2,static_role_coverage_span,0,S02:regression_bootstrap_confirmation:c1,R,0,0,0,
nl2_v1,nl2_v2,static_role_coverage_span,0,S02:regression_bootstrap_confirmation:c2,R,0,0,0,
nl2_v1,nl2_v2,static_role_coverage_span,0,S08:regression_bootstrap_confirmation:c0,R,0,1,0,
nl2_v1,nl2_v2,static_role_coverage_span,0,S08:regression_bootstrap_confirmation:c1,R,0,12,0,
nl2_v1,nl2_v2,static_role_coverage_span,0,S08:regression_bootstrap_confirmation:c2,R,0,1,0,
nl2_v1,nl2_v2,static_role_coverage_span,0,S01:regression_bootstrap_confirmation:c0,I,11,1,0,0.0
nl2_v1,nl2_v2,static_role_coverage_span,0,S01:regression_bootstrap_confirmation:c1,I,0,0,0,
nl2_v1,nl2_v2,static_role_coverage_span,0,S01:regression_bootstrap_confirmation:c2,I,6,2,0,0.0
nl2_v1,nl2_v2,static_role_coverage_span,0,S02:regression_bootstrap_confirmation:c0,I,0,0,0,
nl2_v1,nl2_v2,static_role_coverage_span,0,S02:regression_bootstrap_confirmation:c1,I,0,0,0,
nl2_v1,nl2_v2,static_role_coverage_span,0,S02:regression_bootstrap_confirmation:c2,I,0,0,0,
nl2_v1,nl2_v2,static_role_coverage_span,0,S08:regression_bootstrap_confirmation:c0,I,22,6,0,0.0
nl2_v1,nl2_v2,static_role_coverage_span,0,S08:regression_bootstrap_confirmation:c1,I,20,0,0,0.0
nl2_v1,nl2_v2,static_role_coverage_span,0,S08:regression_bootstrap_confirmation:c2,I,11,11,0,0.0
nl2_v1,nl2_v2,coordinate_role_gated_span,0,S01:regression_bootstrap_confirmation:c0,R,0,9,0,
nl2_v1,nl2_v2,coordinate_role_gated_span,0,S01:regression_bootstrap_confirmation:c1,R,0,1,0,
nl2_v1,nl2_v2,coordinate_role_gated_span,0,S01:regression_bootstrap_confirmation:c2,R,0,5,0,
nl2_v1,nl2_v2,coordinate_role_gated_span,0,S02:regression_bootstrap_confirmation:c0,R,0,0,0,
nl2_v1,nl2_v2,coordinate_role_gated_span,0,S02:regression_bootstrap_confirmation:c1,R,0,0,0,
nl2_v1,nl2_v2,coordinate_role_gated_span,0,S02:regression_bootstrap_confirmation:c2,R,0,0,0,
nl2_v1,nl2_v2,coordinate_role_gated_span,0,S08:regression_bootstrap_confirmation:c0,R,0,3,0,
nl2_v1,nl2_v2,coordinate_role_gated_span,0,S08:regression_bootstrap_confirmation:c1,R,0,1,0,
nl2_v1,nl2_v2,coordinate_role_gated_span,0,S08:regression_bootstrap_confirmation:c2,R,0,1,0,
nl2_v1,nl2_v2,coordinate_role_gated_span,0,S01:regression_bootstrap_confirmation:c0,I,11,0,0,0.0
nl2_v1,nl2_v2,coordinate_role_gated_span,0,S01:regression_bootstrap_confirmation:c1,I,0,0,0,
nl2_v1,nl2_v2,coordinate_role_gated_span,0,S01:regression_bootstrap_confirmation:c2,I,6,12,6,1.0
nl2_v1,nl2_v2,coordinate_role_gated_span,0,S02:regression_bootstrap_confirmation:c0,I,0,0,0,
nl2_v1,nl2_v2,coordinate_role_gated_span,0,S02:regression_bootstrap_confirmation:c1,I,0,0,0,
nl2_v1,nl2_v2,coordinate_role_gated_span,0,S02:regression_bootstrap_confirmation:c2,I,0,0,0,
nl2_v1,nl2_v2,coordinate_role_gated_span,0,S08:regression_bootstrap_confirmation:c0,I,22,0,0,0.0
nl2_v1,nl2_v2,coordinate_role_gated_span,0,S08:regression_bootstrap_confirmation:c1,I,20,8,8,0.4
nl2_v1,nl2_v2,coordinate_role_gated_span,0,S08:regression_bootstrap_confirmation:c2,I,11,0,0,0.0
nl2_v1,nl2_v2,directed_role_gated_span,0,S01:regression_bootstrap_confirmation:c0,R,0,6,0,
nl2_v1,nl2_v2,directed_role_gated_span,0,S01:regression_bootstrap_confirmation:c1,R,0,1,0,
nl2_v1,nl2_v2,directed_role_gated_span,0,S01:regression_bootstrap_confirmation:c2,R,0,5,0,
nl2_v1,nl2_v2,directed_role_gated_span,0,S02:regression_bootstrap_confirmation:c0,R,0,0,0,
nl2_v1,nl2_v2,directed_role_gated_span,0,S02:regression_bootstrap_confirmation:c1,R,0,0,0,
nl2_v1,nl2_v2,directed_role_gated_span,0,S02:regression_bootstrap_confirmation:c2,R,0,0,0,
nl2_v1,nl2_v2,directed_role_gated_span,0,S08:regression_bootstrap_confirmation:c0,R,0,5,0,
nl2_v1,nl2_v2,directed_role_gated_span,0,S08:regression_bootstrap_confirmation:c1,R,0,1,0,
nl2_v1,nl2_v2,directed_role_gated_span,0,S08:regression_bootstrap_confirmation:c2,R,0,2,0,
nl2_v1,nl2_v2,directed_role_gated_span,0,S01:regression_bootstrap_confirmation:c0,I,11,0,0,0.0
nl2_v1,nl2_v2,directed_role_gated_span,0,S01:regression_bootstrap_confirmation:c1,I,0,0,0,
nl2_v1,nl2_v2,directed_role_gated_span,0,S01:regression_bootstrap_confirmation:c2,I,6,12,6,1.0
nl2_v1,nl2_v2,directed_role_gated_span,0,S02:regression_bootstrap_confirmation:c0,I,0,0,0,
nl2_v1,nl2_v2,directed_role_gated_span,0,S02:regression_bootstrap_confirmation:c1,I,0,0,0,
nl2_v1,nl2_v2,directed_role_gated_span,0,S02:regression_bootstrap_confirmation:c2,I,0,0,0,
nl2_v1,nl2_v2,directed_role_gated_span,0,S08:regression_bootstrap_confirmation:c0,I,22,0,0,0.0
nl2_v1,nl2_v2,directed_role_gated_span,0,S08:regression_bootstrap_confirmation:c1,I,20,8,8,0.4
nl2_v1,nl2_v2,directed_role_gated_span,0,S08:regression_bootstrap_confirmation:c2,I,11,0,0,0.0
nl2_v1,nl2_v2,directed_role_gated_edges,0,S01:regression_bootstrap_confirmation:c0,R,0,6,0,
nl2_v1,nl2_v2,directed_role_gated_edges,0,S01:regression_bootstrap_confirmation:c1,R,0,1,0,
nl2_v1,nl2_v2,directed_role_gated_edges,0,S01:regression_bootstrap_confirmation:c2,R,0,5,0,
nl2_v1,nl2_v2,directed_role_gated_edges,0,S02:regression_bootstrap_confirmation:c0,R,0,0,0,
nl2_v1,nl2_v2,directed_role_gated_edges,0,S02:regression_bootstrap_confirmation:c1,R,0,0,0,
nl2_v1,nl2_v2,directed_role_gated_edges,0,S02:regression_bootstrap_confirmation:c2,R,0,0,0,
nl2_v1,nl2_v2,directed_role_gated_edges,0,S08:regression_bootstrap_confirmation:c0,R,0,5,0,
nl2_v1,nl2_v2,directed_role_gated_edges,0,S08:regression_bootstrap_confirmation:c1,R,0,1,0,
nl2_v1,nl2_v2,directed_role_gated_edges,0,S08:regression_bootstrap_confirmation:c2,R,0,2,0,
nl2_v1,nl2_v2,directed_role_gated_edges,0,S01:regression_bootstrap_confirmation:c0,I,11,0,0,0.0
nl2_v1,nl2_v2,directed_role_gated_edges,0,S01:regression_bootstrap_confirmation:c1,I,0,0,0,
nl2_v1,nl2_v2,directed_role_gated_edges,0,S01:regression_bootstrap_confirmation:c2,I,6,12,6,1.0
nl2_v1,nl2_v2,directed_role_gated_edges,0,S02:regression_bootstrap_confirmation:c0,I,0,0,0,
nl2_v1,nl2_v2,directed_role_gated_edges,0,S02:regression_bootstrap_confirmation:c1,I,0,0,0,
nl2_v1,nl2_v2,directed_role_gated_edges,0,S02:regression_bootstrap_confirmation:c2,I,0,0,0,
nl2_v1,nl2_v2,directed_role_gated_edges,0,S08:regression_bootstrap_confirmation:c0,I,22,0,0,0.0
nl2_v1,nl2_v2,directed_role_gated_edges,0,S08:regression_bootstrap_confirmation:c1,I,20,8,8,0.4
nl2_v1,nl2_v2,directed_role_gated_edges,0,S08:regression_bootstrap_confirmation:c2,I,11,0,0,0.0
