method,budget,repeat,target_sut,estimate,target_mu,signed_error,absolute_error,relative_absolute_error,freeze_sha256
CMC,5,0,SUT-E,0.0,0.078125,-0.078125,0.078125,1.0,fdb12e7fe72c82b1485080b0381022d0ad2365844e86695ff8bfece9ef42964b
CMC,5,0,SUT-F,0.4,0.3489583333333333,0.05104166666666671,0.05104166666666671,0.14626865671641803,fdb12e7fe72c82b1485080b0381022d0ad2365844e86695ff8bfece9ef42964b
Uniform,5,0,SUT-E,0.0,0.078125,-0.078125,0.078125,1.0,fdb12e7fe72c82b1485080b0381022d0ad2365844e86695ff8bfece9ef42964b
Uniform,5,0,SUT-F,0.6000000000000001,0.3489583333333333,0.2510416666666668,0.2510416666666668,0.7194029850746272,fdb12e7fe72c82b1485080b0381022d0ad2365844e86695ff8bfece9ef42964b
IS,5,0,SUT-E,0.03887076181018584,0.078125,-0.03925423818981416,0.03925423818981416,0.5024542488296213,fdb12e7fe72c82b1485080b0381022d0ad2365844e86695ff8bfece9ef42964b
IS,5,0,SUT-F,0.3402698920710319,0.3489583333333333,-0.008688441262301394,0.008688441262301394,0.024898219736744293,fdb12e7fe72c82b1485080b0381022d0ad2365844e86695ff8bfece9ef42964b
FST-RandomSet,5,0,SUT-E,0.05788853019475937,0.078125,-0.02023646980524063,0.02023646980524063,0.25902681350708007,fdb12e7fe72c82b1485080b0381022d0ad2365844e86695ff8bfece9ef42964b
FST-RandomSet,5,0,SUT-F,0.2777022235095501,0.3489583333333333,-0.07125610982378322,0.07125610982378322,0.20419661322636387,fdb12e7fe72c82b1485080b0381022d0ad2365844e86695ff8bfece9ef42964b
Handcrafted-Similarity,5,0,SUT-E,0.0,0.078125,-0.078125,0.078125,1.0,fdb12e7fe72c82b1485080b0381022d0ad2365844e86695ff8bfece9ef42964b
Handcrafted-Similarity,5,0,SUT-F,0.4003932190905438,0.3489583333333333,0.0514348857572105,0.0514348857572105,0.14739549351320025,fdb12e7fe72c82b1485080b0381022d0ad2365844e86695ff8bfece9ef42964b
FST-Similarity-H,5,0,SUT-E,0.057411566376686096,0.078125,-0.020713433623313904,0.020713433623313904,0.26513195037841797,fdb12e7fe72c82b1485080b0381022d0ad2365844e86695ff8bfece9ef42964b
FST-Similarity-H,5,0,SUT-F,0.308958537876606,0.3489583333333333,-0.03999979545672733,0.03999979545672733,0.11462627951778578,fdb12e7fe72c82b1485080b0381022d0ad2365844e86695ff8bfece9ef42964b
NoSimilarity-Optimized,5,0,SUT-E,0.0,0.078125,-0.078125,0.078125,1.0,fdb12e7fe72c82b1485080b0381022d0ad2365844e86695ff8bfece9ef42964b
NoSimilarity-Optimized,5,0,SUT-F,0.6000000000000001,0.3489583333333333,0.2510416666666668,0.2510416666666668,0.7194029850746272,fdb12e7fe72c82b1485080b0381022d0ad2365844e86695ff8bfece9ef42964b
CMC,5,1,SUT-E,0.0,0.078125,-0.078125,0.078125,1.0,fdb12e7fe72c82b1485080b0381022d0ad2365844e86695ff8bfece9ef42964b
CMC,5,1,SUT-F,0.2,0.3489583333333333,-0.1489583333333333,0.1489583333333333,0.42686567164179096,fdb12e7fe72c82b1485080b0381022d0ad2365844e86695ff8bfece9ef42964b
Uniform,5,1,SUT-E,0.0,0.078125,-0.078125,0.078125,1.0,fdb12e7fe72c82b1485080b0381022d0ad2365844e86695ff8bfece9ef42964b
Uniform,5,1,SUT-F,0.0,0.3489583333333333,-0.3489583333333333,0.3489583333333333,1.0,fdb12e7fe72c82b1485080b0381022d0ad2365844e86695ff8bfece9ef42964b
IS,5,1,SUT-E,0.07774152362037168,0.078125,-0.0003834763796283225,0.0003834763796283225,0.004908497659242528,fdb12e7fe72c82b1485080b0381022d0ad2365844e86695ff8bfece9ef42964b
IS,5,1,SUT-F,0.3276465738210787,0.3489583333333333,-0.021311759512254613,0.021311759512254613,0.0610725048709386,fdb12e7fe72c82b1485080b0381022d0ad2365844e86695ff8bfece9ef42964b
FST-RandomSet,5,1,SUT-E,0.17242459952831268,0.078125,0.09429959952831268,0.09429959952831268,1.2070348739624024,fdb12e7fe72c82b1485080b0381022d0ad2365844e86695ff8bfece9ef42964b
FST-RandomSet,5,1,SUT-F,0.25769632682204247,0.3489583333333333,-0.09126200651129085,0.09126200651129085,0.2615269440323559,fdb12e7fe72c82b1485080b0381022d0ad2365844e86695ff8bfece9ef42964b
Handcrafted-Similarity,5,1,SUT-E,0.0,0.078125,-0.078125,0.078125,1.0,fdb12e7fe72c82b1485080b0381022d0ad2365844e86695ff8bfece9ef42964b
Handcrafted-Similarity,5,1,SUT-F,0.195829092461262,0.3489583333333333,-0.1531292408720713,0.1531292408720713,0.438818123096085,fdb12e7fe72c82b1485080b0381022d0ad2365844e86695ff8bfece9ef42964b
FST-Similarity-H,5,1,SUT-E,0.1658448576927185,0.078125,0.0877198576927185,0.0877198576927185,1.1228141784667969,fdb12e7fe72c82b1485080b0381022d0ad2365844e86695ff8bfece9ef42964b
FST-Similarity-H,5,1,SUT-F,0.32761867344379425,0.3489583333333333,-0.021339659889539064,0.021339659889539064,0.06115245819091792,fdb12e7fe72c82b1485080b0381022d0ad2365844e86695ff8bfece9ef42964b
NoSimilarity-Optimized,5,1,SUT-E,0.2,0.078125,0.12187500000000001,0.12187500000000001,1.56,fdb12e7fe72c82b1485080b0381022d0ad2365844e86695ff8bfece9ef42964b
NoSimilarity-Optimized,5,1,SUT-F,0.4,0.3489583333333333,0.05104166666666671,0.05104166666666671,0.14626865671641803,fdb12e7fe72c82b1485080b0381022d0ad2365844e86695ff8bfece9ef42964b
CMC,5,2,SUT-E,0.0,0.078125,-0.078125,0.078125,1.0,fdb12e7fe72c82b1485080b0381022d0ad2365844e86695ff8bfece9ef42964b
CMC,5,2,SUT-F,0.4,0.3489583333333333,0.05104166666666671,0.05104166666666671,0.14626865671641803,fdb12e7fe72c82b1485080b0381022d0ad2365844e86695ff8bfece9ef42964b
Uniform,5,2,SUT-E,0.4,0.078125,0.321875,0.321875,4.12,fdb12e7fe72c82b1485080b0381022d0ad2365844e86695ff8bfece9ef42964b
Uniform,5,2,SUT-F,0.6000000000000001,0.3489583333333333,0.2510416666666668,0.2510416666666668,0.7194029850746272,fdb12e7fe72c82b1485080b0381022d0ad2365844e86695ff8bfece9ef42964b
IS,5,2,SUT-E,0.0903648418703249,0.078125,0.012239841870324897,0.012239841870324897,0.1566699759401587,fdb12e7fe72c82b1485080b0381022d0ad2365844e86695ff8bfece9ef42964b
IS,5,2,SUT-F,0.3402698920710319,0.3489583333333333,-0.008688441262301394,0.008688441262301394,0.024898219736744293,fdb12e7fe72c82b1485080b0381022d0ad2365844e86695ff8bfece9ef42964b
FST-RandomSet,5,2,SUT-E,0.05692712217569351,0.078125,-0.021197877824306488,0.021197877824306488,0.271332836151123,fdb12e7fe72c82b1485080b0381022d0ad2365844e86695ff8bfece9ef42964b
FST-RandomSet,5,2,SUT-F,0.3812427595257759,0.3489583333333333,0.032284426192442595,0.032284426192442595,0.09251656461117878,fdb12e7fe72c82b1485080b0381022d0ad2365844e86695ff8bfece9ef42964b
Handcrafted-Similarity,5,2,SUT-E,0.0,0.078125,-0.078125,0.078125,1.0,fdb12e7fe72c82b1485080b0381022d0ad2365844e86695ff8bfece9ef42964b
Handcrafted-Similarity,5,2,SUT-F,0.3924876344909367,0.3489583333333333,0.043529301157603395,0.043529301157603395,0.12474068391432615,fdb12e7fe72c82b1485080b0381022d0ad2365844e86695ff8bfece9ef42964b
FST-Similarity-H,5,2,SUT-E,0.17031514644622803,0.078125,0.09219014644622803,0.09219014644622803,1.1800338745117187,fdb12e7fe72c82b1485080b0381022d0ad2365844e86695ff8bfece9ef42964b
FST-Similarity-H,5,2,SUT-F,1.0000000223517418,0.3489583333333333,0.6510416890184085,0.6510416890184085,1.8656717058437977,fdb12e7fe72c82b1485080b0381022d0ad2365844e86695ff8bfece9ef42964b
NoSimilarity-Optimized,5,2,SUT-E,0.0,0.078125,-0.078125,0.078125,1.0,fdb12e7fe72c82b1485080b0381022d0ad2365844e86695ff8bfece9ef42964b
NoSimilarity-Optimized,5,2,SUT-F,0.4,0.3489583333333333,0.05104166666666671,0.05104166666666671,0.14626865671641803,fdb12e7fe72c82b1485080b0381022d0ad2365844e86695ff8bfece9ef42964b
CMC,5,3,SUT-E,0.0,0.078125,-0.078125,0.078125,1.0,fdb12e7fe72c82b1485080b0381022d0ad2365844e86695ff8bfece9ef42964b
CMC,5,3,SUT-F,0.0,0.3489583333333333,-0.3489583333333333,0.3489583333333333,1.0,fdb12e7fe72c82b1485080b0381022d0ad2365844e86695ff8bfece9ef42964b
Uniform,5,3,SUT-E,0.0,0.078125,-0.078125,0.078125,1.0,fdb12e7fe72c82b1485080b0381022d0ad2365844e86695ff8bfece9ef42964b
Uniform,5,3,SUT-F,0.6000000000000001,0.3489583333333333,0.2510416666666668,0.2510416666666668,0.7194029850746272,fdb12e7fe72c82b1485080b0381022d0ad2365844e86695ff8bfece9ef42964b
IS,5,3,SUT-E,0.07774152362037168,0.078125,-0.0003834763796283225,0.0003834763796283225,0.004908497659242528,fdb12e7fe72c82b1485080b0381022d0ad2365844e86695ff8bfece9ef42964b
IS,5,3,SUT-F,0.352411887025621,0.3489583333333333,0.0034535536922876697,0.0034535536922876697,0.009896750879391531,fdb12e7fe72c82b1485080b0381022d0ad2365844e86695ff8bfece9ef42964b
FST-RandomSet,5,3,SUT-E,0.10837600752711296,0.078125,0.03025100752711296,0.03025100752711296,0.3872128963470459,fdb12e7fe72c82b1485080b0381022d0ad2365844e86695ff8bfece9ef42964b
FST-RandomSet,5,3,SUT-F,0.3963411711156368,0.3489583333333333,0.04738283778230351,0.04738283778230351,0.13578365454033245,fdb12e7fe72c82b1485080b0381022d0ad2365844e86695ff8bfece9ef42964b
Handcrafted-Similarity,5,3,SUT-E,0.0,0.078125,-0.078125,0.078125,1.0,fdb12e7fe72c82b1485080b0381022d0ad2365844e86695ff8bfece9ef42964b
Handcrafted-Similarity,5,3,SUT-F,0.19705243301544512,0.3489583333333333,-0.1519059003178882,0.1519059003178882,0.4353124307617095,fdb12e7fe72c82b1485080b0381022d0ad2365844e86695ff8bfece9ef42964b
FST-Similarity-H,5,3,SUT-E,0.057902589440345764,0.078125,-0.020222410559654236,0.020222410559654236,0.2588468551635742,fdb12e7fe72c82b1485080b0381022d0ad2365844e86695ff8bfece9ef42964b
FST-Similarity-H,5,3,SUT-F,0.24218789488077164,0.3489583333333333,-0.10677043845256168,0.10677043845256168,0.30596901765510215,fdb12e7fe72c82b1485080b0381022d0ad2365844e86695ff8bfece9ef42964b
NoSimilarity-Optimized,5,3,SUT-E,0.2,0.078125,0.12187500000000001,0.12187500000000001,1.56,fdb12e7fe72c82b1485080b0381022d0ad2365844e86695ff8bfece9ef42964b
NoSimilarity-Optimized,5,3,SUT-F,0.4,0.3489583333333333,0.05104166666666671,0.05104166666666671,0.14626865671641803,fdb12e7fe72c82b1485080b0381022d0ad2365844e86695ff8bfece9ef42964b
CMC,5,4,SUT-E,0.2,0.078125,0.12187500000000001,0.12187500000000001,1.56,fdb12e7fe72c82b1485080b0381022d0ad2365844e86695ff8bfece9ef42964b
CMC,5,4,SUT-F,0.6000000000000001,0.3489583333333333,0.2510416666666668,0.2510416666666668,0.7194029850746272,fdb12e7fe72c82b1485080b0381022d0ad2365844e86695ff8bfece9ef42964b
Uniform,5,4,SUT-E,0.2,0.078125,0.12187500000000001,0.12187500000000001,1.56,fdb12e7fe72c82b1485080b0381022d0ad2365844e86695ff8bfece9ef42964b
Uniform,5,4,SUT-F,0.4,0.3489583333333333,0.05104166666666671,0.05104166666666671,0.14626865671641803,fdb12e7fe72c82b1485080b0381022d0ad2365844e86695ff8bfece9ef42964b
IS,5,4,SUT-E,0.1807296837406498,0.078125,0.1026046837406498,0.1026046837406498,1.3133399518803173,fdb12e7fe72c82b1485080b0381022d0ad2365844e86695ff8bfece9ef42964b
IS,5,4,SUT-F,0.1807296837406498,0.3489583333333333,-0.16822864959268352,0.16822864959268352,0.48208807047455576,fdb12e7fe72c82b1485080b0381022d0ad2365844e86695ff8bfece9ef42964b
FST-RandomSet,5,4,SUT-E,0.05713009089231491,0.078125,-0.02099490910768509,0.02099490910768509,0.26873483657836916,fdb12e7fe72c82b1485080b0381022d0ad2365844e86695ff8bfece9ef42964b
FST-RandomSet,5,4,SUT-F,0.9999999701976776,0.3489583333333333,0.6510416368643444,0.6510416368643444,1.865671556387375,fdb12e7fe72c82b1485080b0381022d0ad2365844e86695ff8bfece9ef42964b
Handcrafted-Similarity,5,4,SUT-E,0.0,0.078125,-0.078125,0.078125,1.0,fdb12e7fe72c82b1485080b0381022d0ad2365844e86695ff8bfece9ef42964b
Handcrafted-Similarity,5,4,SUT-F,0.4133605354001886,0.3489583333333333,0.06440220206685526,0.06440220206685526,0.18455556413188376,fdb12e7fe72c82b1485080b0381022d0ad2365844e86695ff8bfece9ef42964b
FST-Similarity-H,5,4,SUT-E,0.056699976325035095,0.078125,-0.021425023674964905,0.021425023674964905,0.27424030303955077,fdb12e7fe72c82b1485080b0381022d0ad2365844e86695ff8bfece9ef42964b
FST-Similarity-H,5,4,SUT-F,0.3614172264933586,0.3489583333333333,0.012458893160025297,0.012458893160025297,0.03570309681678891,fdb12e7fe72c82b1485080b0381022d0ad2365844e86695ff8bfece9ef42964b
NoSimilarity-Optimized,5,4,SUT-E,0.0,0.078125,-0.078125,0.078125,1.0,fdb12e7fe72c82b1485080b0381022d0ad2365844e86695ff8bfece9ef42964b
NoSimilarity-Optimized,5,4,SUT-F,0.6000000000000001,0.3489583333333333,0.2510416666666668,0.2510416666666668,0.7194029850746272,fdb12e7fe72c82b1485080b0381022d0ad2365844e86695ff8bfece9ef42964b
CMC,5,5,SUT-E,0.2,0.078125,0.12187500000000001,0.12187500000000001,1.56,fdb12e7fe72c82b1485080b0381022d0ad2365844e86695ff8bfece9ef42964b
CMC,5,5,SUT-F,0.6000000000000001,0.3489583333333333,0.2510416666666668,0.2510416666666668,0.7194029850746272,fdb12e7fe72c82b1485080b0381022d0ad2365844e86695ff8bfece9ef42964b
Uniform,5,5,SUT-E,0.4,0.078125,0.321875,0.321875,4.12,fdb12e7fe72c82b1485080b0381022d0ad2365844e86695ff8bfece9ef42964b
Uniform,5,5,SUT-F,0.6000000000000001,0.3489583333333333,0.2510416666666668,0.2510416666666668,0.7194029850746272,fdb12e7fe72c82b1485080b0381022d0ad2365844e86695ff8bfece9ef42964b
IS,5,5,SUT-E,0.07774152362037168,0.078125,-0.0003834763796283225,0.0003834763796283225,0.004908497659242528,fdb12e7fe72c82b1485080b0381022d0ad2365844e86695ff8bfece9ef42964b
IS,5,5,SUT-F,0.27615249376093964,0.3489583333333333,-0.07280583957239367,0.07280583957239367,0.2086376298193968,fdb12e7fe72c82b1485080b0381022d0ad2365844e86695ff8bfece9ef42964b
FST-RandomSet,5,5,SUT-E,0.05706764757633209,0.078125,-0.021057352423667908,0.021057352423667908,0.2695341110229492,fdb12e7fe72c82b1485080b0381022d0ad2365844e86695ff8bfece9ef42964b
FST-RandomSet,5,5,SUT-F,0.34520114213228226,0.3489583333333333,-0.0037571912010510577,0.0037571912010510577,0.010766876277638853,fdb12e7fe72c82b1485080b0381022d0ad2365844e86695ff8bfece9ef42964b
Handcrafted-Similarity,5,5,SUT-E,0.0,0.078125,-0.078125,0.078125,1.0,fdb12e7fe72c82b1485080b0381022d0ad2365844e86695ff8bfece9ef42964b
Handcrafted-Similarity,5,5,SUT-F,0.5685005994175152,0.3489583333333333,0.21954226608418187,0.21954226608418187,0.6291360460919839,fdb12e7fe72c82b1485080b0381022d0ad2365844e86695ff8bfece9ef42964b
FST-Similarity-H,5,5,SUT-E,0.05733726918697357,0.078125,-0.020787730813026428,0.020787730813026428,0.2660829544067383,fdb12e7fe72c82b1485080b0381022d0ad2365844e86695ff8bfece9ef42964b
FST-Similarity-H,5,5,SUT-F,0.3603190407156944,0.3489583333333333,0.011360707382361113,0.011360707382361113,0.032556056976318415,fdb12e7fe72c82b1485080b0381022d0ad2365844e86695ff8bfece9ef42964b
NoSimilarity-Optimized,5,5,SUT-E,0.0,0.078125,-0.078125,0.078125,1.0,fdb12e7fe72c82b1485080b0381022d0ad2365844e86695ff8bfece9ef42964b
NoSimilarity-Optimized,5,5,SUT-F,0.6000000000000001,0.3489583333333333,0.2510416666666668,0.2510416666666668,0.7194029850746272,fdb12e7fe72c82b1485080b0381022d0ad2365844e86695ff8bfece9ef42964b
CMC,5,6,SUT-E,0.0,0.078125,-0.078125,0.078125,1.0,fdb12e7fe72c82b1485080b0381022d0ad2365844e86695ff8bfece9ef42964b
CMC,5,6,SUT-F,0.2,0.3489583333333333,-0.1489583333333333,0.1489583333333333,0.42686567164179096,fdb12e7fe72c82b1485080b0381022d0ad2365844e86695ff8bfece9ef42964b
Uniform,5,6,SUT-E,0.2,0.078125,0.12187500000000001,0.12187500000000001,1.56,fdb12e7fe72c82b1485080b0381022d0ad2365844e86695ff8bfece9ef42964b
Uniform,5,6,SUT-F,0.4,0.3489583333333333,0.05104166666666671,0.05104166666666671,0.14626865671641803,fdb12e7fe72c82b1485080b0381022d0ad2365844e86695ff8bfece9ef42964b
IS,5,6,SUT-E,0.03887076181018584,0.078125,-0.03925423818981416,0.03925423818981416,0.5024542488296213,fdb12e7fe72c82b1485080b0381022d0ad2365844e86695ff8bfece9ef42964b
IS,5,6,SUT-F,0.31354112521543515,0.3489583333333333,-0.03541720811789817,0.03541720811789817,0.10149408893487237,fdb12e7fe72c82b1485080b0381022d0ad2365844e86695ff8bfece9ef42964b
FST-RandomSet,5,6,SUT-E,0.056226182729005814,0.078125,-0.021898817270994186,0.021898817270994186,0.2803048610687256,fdb12e7fe72c82b1485080b0381022d0ad2365844e86695ff8bfece9ef42964b
FST-RandomSet,5,6,SUT-F,0.8880045376718044,0.3489583333333333,0.5390462043384712,0.5390462043384712,1.5447294213878577,fdb12e7fe72c82b1485080b0381022d0ad2365844e86695ff8bfece9ef42964b
Handcrafted-Similarity,5,6,SUT-E,0.0,0.078125,-0.078125,0.078125,1.0,fdb12e7fe72c82b1485080b0381022d0ad2365844e86695ff8bfece9ef42964b
Handcrafted-Similarity,5,6,SUT-F,0.38454590538031036,0.3489583333333333,0.035587572046977045,0.035587572046977045,0.10198229601521781,fdb12e7fe72c82b1485080b0381022d0ad2365844e86695ff8bfece9ef42964b
FST-Similarity-H,5,6,SUT-E,0.05676626041531563,0.078125,-0.021358739584684372,0.021358739584684372,0.27339186668396,fdb12e7fe72c82b1485080b0381022d0ad2365844e86695ff8bfece9ef42964b
FST-Similarity-H,5,6,SUT-F,0.4258907474577427,0.3489583333333333,0.07693241412440938,0.07693241412440938,0.22046303749084478,fdb12e7fe72c82b1485080b0381022d0ad2365844e86695ff8bfece9ef42964b
NoSimilarity-Optimized,5,6,SUT-E,0.0,0.078125,-0.078125,0.078125,1.0,fdb12e7fe72c82b1485080b0381022d0ad2365844e86695ff8bfece9ef42964b
NoSimilarity-Optimized,5,6,SUT-F,0.4,0.3489583333333333,0.05104166666666671,0.05104166666666671,0.14626865671641803,fdb12e7fe72c82b1485080b0381022d0ad2365844e86695ff8bfece9ef42964b
CMC,5,7,SUT-E,0.2,0.078125,0.12187500000000001,0.12187500000000001,1.56,fdb12e7fe72c82b1485080b0381022d0ad2365844e86695ff8bfece9ef42964b
CMC,5,7,SUT-F,0.4,0.3489583333333333,0.05104166666666671,0.05104166666666671,0.14626865671641803,fdb12e7fe72c82b1485080b0381022d0ad2365844e86695ff8bfece9ef42964b
Uniform,5,7,SUT-E,0.0,0.078125,-0.078125,0.078125,1.0,fdb12e7fe72c82b1485080b0381022d0ad2365844e86695ff8bfece9ef42964b
Uniform,5,7,SUT-F,0.2,0.3489583333333333,-0.1489583333333333,0.1489583333333333,0.42686567164179096,fdb12e7fe72c82b1485080b0381022d0ad2365844e86695ff8bfece9ef42964b
IS,5,7,SUT-E,0.07774152362037168,0.078125,-0.0003834763796283225,0.0003834763796283225,0.004908497659242528,fdb12e7fe72c82b1485080b0381022d0ad2365844e86695ff8bfece9ef42964b
IS,5,7,SUT-F,0.28175439020987336,0.3489583333333333,-0.06720394312345995,0.06720394312345995,0.19258443402543748,fdb12e7fe72c82b1485080b0381022d0ad2365844e86695ff8bfece9ef42964b
FST-RandomSet,5,7,SUT-E,0.0579485222697258,0.078125,-0.0201764777302742,0.0201764777302742,0.25825891494750974,fdb12e7fe72c82b1485080b0381022d0ad2365844e86695ff8bfece9ef42964b
FST-RandomSet,5,7,SUT-F,0.4793349727988243,0.3489583333333333,0.130376639465491,0.130376639465491,0.3736166384682727,fdb12e7fe72c82b1485080b0381022d0ad2365844e86695ff8bfece9ef42964b
Handcrafted-Similarity,5,7,SUT-E,0.0,0.078125,-0.078125,0.078125,1.0,fdb12e7fe72c82b1485080b0381022d0ad2365844e86695ff8bfece9ef42964b
Handcrafted-Similarity,5,7,SUT-F,0.39431531550093457,0.3489583333333333,0.045356982167601256,0.045356982167601256,0.12997821755491704,fdb12e7fe72c82b1485080b0381022d0ad2365844e86695ff8bfece9ef42964b
FST-Similarity-H,5,7,SUT-E,0.05678902938961983,0.078125,-0.021335970610380173,0.021335970610380173,0.2731004238128662,fdb12e7fe72c82b1485080b0381022d0ad2365844e86695ff8bfece9ef42964b
FST-Similarity-H,5,7,SUT-F,1.0000000409781933,0.3489583333333333,0.65104170764486,0.65104170764486,1.8656717592210914,fdb12e7fe72c82b1485080b0381022d0ad2365844e86695ff8bfece9ef42964b
NoSimilarity-Optimized,5,7,SUT-E,0.0,0.078125,-0.078125,0.078125,1.0,fdb12e7fe72c82b1485080b0381022d0ad2365844e86695ff8bfece9ef42964b
NoSimilarity-Optimized,5,7,SUT-F,0.6000000000000001,0.3489583333333333,0.2510416666666668,0.2510416666666668,0.7194029850746272,fdb12e7fe72c82b1485080b0381022d0ad2365844e86695ff8bfece9ef42964b
CMC,5,8,SUT-E,0.0,0.078125,-0.078125,0.078125,1.0,fdb12e7fe72c82b1485080b0381022d0ad2365844e86695ff8bfece9ef42964b
CMC,5,8,SUT-F,0.2,0.3489583333333333,-0.1489583333333333,0.1489583333333333,0.42686567164179096,fdb12e7fe72c82b1485080b0381022d0ad2365844e86695ff8bfece9ef42964b
Uniform,5,8,SUT-E,0.0,0.078125,-0.078125,0.078125,1.0,fdb12e7fe72c82b1485080b0381022d0ad2365844e86695ff8bfece9ef42964b
Uniform,5,8,SUT-F,0.4,0.3489583333333333,0.05104166666666671,0.05104166666666671,0.14626865671641803,fdb12e7fe72c82b1485080b0381022d0ad2365844e86695ff8bfece9ef42964b
IS,5,8,SUT-E,0.11661228543055752,0.078125,0.038487285430557516,0.038487285430557516,0.4926372535111362,fdb12e7fe72c82b1485080b0381022d0ad2365844e86695ff8bfece9ef42964b
IS,5,8,SUT-F,0.11661228543055752,0.3489583333333333,-0.2323460479027758,0.2323460479027758,0.6658274805572083,fdb12e7fe72c82b1485080b0381022d0ad2365844e86695ff8bfece9ef42964b
FST-RandomSet,5,8,SUT-E,0.031023353338241577,0.078125,-0.04710164666175842,0.04710164666175842,0.6029010772705078,fdb12e7fe72c82b1485080b0381022d0ad2365844e86695ff8bfece9ef42964b
FST-RandomSet,5,8,SUT-F,0.36060818284749985,0.3489583333333333,0.011649849514166533,0.011649849514166533,0.03338464338388022,fdb12e7fe72c82b1485080b0381022d0ad2365844e86695ff8bfece9ef42964b
Handcrafted-Similarity,5,8,SUT-E,0.0,0.078125,-0.078125,0.078125,1.0,fdb12e7fe72c82b1485080b0381022d0ad2365844e86695ff8bfece9ef42964b
Handcrafted-Similarity,5,8,SUT-F,0.39273858842021864,0.3489583333333333,0.04378025508688532,0.04378025508688532,0.1254598354728654,fdb12e7fe72c82b1485080b0381022d0ad2365844e86695ff8bfece9ef42964b
FST-Similarity-H,5,8,SUT-E,0.17262008041143417,0.078125,0.09449508041143417,0.09449508041143417,1.2095370292663574,fdb12e7fe72c82b1485080b0381022d0ad2365844e86695ff8bfece9ef42964b
FST-Similarity-H,5,8,SUT-F,0.3116699233651161,0.3489583333333333,-0.037288409968217195,0.037288409968217195,0.10685633901339854,fdb12e7fe72c82b1485080b0381022d0ad2365844e86695ff8bfece9ef42964b
NoSimilarity-Optimized,5,8,SUT-E,0.0,0.078125,-0.078125,0.078125,1.0,fdb12e7fe72c82b1485080b0381022d0ad2365844e86695ff8bfece9ef42964b
NoSimilarity-Optimized,5,8,SUT-F,0.4,0.3489583333333333,0.05104166666666671,0.05104166666666671,0.14626865671641803,fdb12e7fe72c82b1485080b0381022d0ad2365844e86695ff8bfece9ef42964b
CMC,5,9,SUT-E,0.2,0.078125,0.12187500000000001,0.12187500000000001,1.56,fdb12e7fe72c82b1485080b0381022d0ad2365844e86695ff8bfece9ef42964b
CMC,5,9,SUT-F,0.2,0.3489583333333333,-0.1489583333333333,0.1489583333333333,0.42686567164179096,fdb12e7fe72c82b1485080b0381022d0ad2365844e86695ff8bfece9ef42964b
Uniform,5,9,SUT-E,0.0,0.078125,-0.078125,0.078125,1.0,fdb12e7fe72c82b1485080b0381022d0ad2365844e86695ff8bfece9ef42964b
Uniform,5,9,SUT-F,0.4,0.3489583333333333,0.05104166666666671,0.05104166666666671,0.14626865671641803,fdb12e7fe72c82b1485080b0381022d0ad2365844e86695ff8bfece9ef42964b
IS,5,9,SUT-E,0.03887076181018584,0.078125,-0.03925423818981416,0.03925423818981416,0.5024542488296213,fdb12e7fe72c82b1485080b0381022d0ad2365844e86695ff8bfece9ef42964b
IS,5,9,SUT-F,0.3402698920710319,0.3489583333333333,-0.008688441262301394,0.008688441262301394,0.024898219736744293,fdb12e7fe72c82b1485080b0381022d0ad2365844e86695ff8bfece9ef42964b
FST-RandomSet,5,9,SUT-E,0.17164672911167145,0.078125,0.09352172911167145,0.09352172911167145,1.1970781326293944,fdb12e7fe72c82b1485080b0381022d0ad2365844e86695ff8bfece9ef42964b
FST-RandomSet,5,9,SUT-F,0.5882730931043625,0.3489583333333333,0.23931475977102917,0.23931475977102917,0.6857975205378747,fdb12e7fe72c82b1485080b0381022d0ad2365844e86695ff8bfece9ef42964b
Handcrafted-Similarity,5,9,SUT-E,0.19008595091568056,0.078125,0.11196095091568056,0.11196095091568056,1.4331001717207112,fdb12e7fe72c82b1485080b0381022d0ad2365844e86695ff8bfece9ef42964b
Handcrafted-Similarity,5,9,SUT-F,0.3678150144697583,0.3489583333333333,0.01885668113642497,0.01885668113642497,0.05403705639094917,fdb12e7fe72c82b1485080b0381022d0ad2365844e86695ff8bfece9ef42964b
FST-Similarity-H,5,9,SUT-E,0.06119322404265404,0.078125,-0.016931775957345963,0.016931775957345963,0.21672673225402833,fdb12e7fe72c82b1485080b0381022d0ad2365844e86695ff8bfece9ef42964b
FST-Similarity-H,5,9,SUT-F,0.24954317323863506,0.3489583333333333,-0.09941516009469825,0.09941516009469825,0.2848912050474935,fdb12e7fe72c82b1485080b0381022d0ad2365844e86695ff8bfece9ef42964b
NoSimilarity-Optimized,5,9,SUT-E,0.2,0.078125,0.12187500000000001,0.12187500000000001,1.56,fdb12e7fe72c82b1485080b0381022d0ad2365844e86695ff8bfece9ef42964b
NoSimilarity-Optimized,5,9,SUT-F,0.4,0.3489583333333333,0.05104166666666671,0.05104166666666671,0.14626865671641803,fdb12e7fe72c82b1485080b0381022d0ad2365844e86695ff8bfece9ef42964b
CMC,5,10,SUT-E,0.2,0.078125,0.12187500000000001,0.12187500000000001,1.56,fdb12e7fe72c82b1485080b0381022d0ad2365844e86695ff8bfece9ef42964b
CMC,5,10,SUT-F,0.2,0.3489583333333333,-0.1489583333333333,0.1489583333333333,0.42686567164179096,fdb12e7fe72c82b1485080b0381022d0ad2365844e86695ff8bfece9ef42964b
Uniform,5,10,SUT-E,0.0,0.078125,-0.078125,0.078125,1.0,fdb12e7fe72c82b1485080b0381022d0ad2365844e86695ff8bfece9ef42964b
Uniform,5,10,SUT-F,0.8,0.3489583333333333,0.45104166666666673,0.45104166666666673,1.2925373134328362,fdb12e7fe72c82b1485080b0381022d0ad2365844e86695ff8bfece9ef42964b
IS,5,10,SUT-E,0.05149408006013906,0.078125,-0.026630919939860942,0.026630919939860942,0.34087577523022006,fdb12e7fe72c82b1485080b0381022d0ad2365844e86695ff8bfece9ef42964b
IS,5,10,SUT-F,0.3013991302608461,0.3489583333333333,-0.04755920307248723,0.04755920307248723,0.1362890595510082,fdb12e7fe72c82b1485080b0381022d0ad2365844e86695ff8bfece9ef42964b
FST-RandomSet,5,10,SUT-E,0.0567532517015934,0.078125,-0.0213717482984066,0.0213717482984066,0.2735583782196045,fdb12e7fe72c82b1485080b0381022d0ad2365844e86695ff8bfece9ef42964b
FST-RandomSet,5,10,SUT-F,0.25330018252134323,0.3489583333333333,-0.09565815081199008,0.09565815081199008,0.274124850088091,fdb12e7fe72c82b1485080b0381022d0ad2365844e86695ff8bfece9ef42964b
Handcrafted-Similarity,5,10,SUT-E,0.0,0.078125,-0.078125,0.078125,1.0,fdb12e7fe72c82b1485080b0381022d0ad2365844e86695ff8bfece9ef42964b
Handcrafted-Similarity,5,10,SUT-F,0.3789955446985432,0.3489583333333333,0.03003721136520987,0.03003721136520987,0.08607678480776561,fdb12e7fe72c82b1485080b0381022d0ad2365844e86695ff8bfece9ef42964b
FST-Similarity-H,5,10,SUT-E,0.16865487396717072,0.078125,0.09052987396717072,0.09052987396717072,1.158782386779785,fdb12e7fe72c82b1485080b0381022d0ad2365844e86695ff8bfece9ef42964b
FST-Similarity-H,5,10,SUT-F,0.24973521940410137,0.3489583333333333,-0.09922311392923194,0.09922311392923194,0.284340863797202,fdb12e7fe72c82b1485080b0381022d0ad2365844e86695ff8bfece9ef42964b
NoSimilarity-Optimized,5,10,SUT-E,0.0,0.078125,-0.078125,0.078125,1.0,fdb12e7fe72c82b1485080b0381022d0ad2365844e86695ff8bfece9ef42964b
NoSimilarity-Optimized,5,10,SUT-F,0.6000000000000001,0.3489583333333333,0.2510416666666668,0.2510416666666668,0.7194029850746272,fdb12e7fe72c82b1485080b0381022d0ad2365844e86695ff8bfece9ef42964b
CMC,5,11,SUT-E,0.0,0.078125,-0.078125,0.078125,1.0,fdb12e7fe72c82b1485080b0381022d0ad2365844e86695ff8bfece9ef42964b
CMC,5,11,SUT-F,0.2,0.3489583333333333,-0.1489583333333333,0.1489583333333333,0.42686567164179096,fdb12e7fe72c82b1485080b0381022d0ad2365844e86695ff8bfece9ef42964b
Uniform,5,11,SUT-E,0.2,0.078125,0.12187500000000001,0.12187500000000001,1.56,fdb12e7fe72c82b1485080b0381022d0ad2365844e86695ff8bfece9ef42964b
Uniform,5,11,SUT-F,0.8,0.3489583333333333,0.45104166666666673,0.45104166666666673,1.2925373134328362,fdb12e7fe72c82b1485080b0381022d0ad2365844e86695ff8bfece9ef42964b
IS,5,11,SUT-E,0.12923560368051074,0.078125,0.051110603680510736,0.051110603680510736,0.6542157271105374,fdb12e7fe72c82b1485080b0381022d0ad2365844e86695ff8bfece9ef42964b
IS,5,11,SUT-F,0.23222376380078885,0.3489583333333333,-0.11673456953254446,0.11673456953254446,0.33452294552609757,fdb12e7fe72c82b1485080b0381022d0ad2365844e86695ff8bfece9ef42964b
FST-RandomSet,5,11,SUT-E,0.0665249228477478,0.078125,-0.011600077152252197,0.011600077152252197,0.14848098754882813,fdb12e7fe72c82b1485080b0381022d0ad2365844e86695ff8bfece9ef42964b
FST-RandomSet,5,11,SUT-F,1.0000000521540642,0.3489583333333333,0.6510417188207309,0.6510417188207309,1.8656717912474678,fdb12e7fe72c82b1485080b0381022d0ad2365844e86695ff8bfece9ef42964b
Handcrafted-Similarity,5,11,SUT-E,0.0,0.078125,-0.078125,0.078125,1.0,fdb12e7fe72c82b1485080b0381022d0ad2365844e86695ff8bfece9ef42964b
Handcrafted-Similarity,5,11,SUT-F,0.5500665538577543,0.3489583333333333,0.20110822052442096,0.20110822052442096,0.5763101244878929,fdb12e7fe72c82b1485080b0381022d0ad2365844e86695ff8bfece9ef42964b
FST-Similarity-H,5,11,SUT-E,0.05822119489312172,0.078125,-0.01990380510687828,0.01990380510687828,0.25476870536804197,fdb12e7fe72c82b1485080b0381022d0ad2365844e86695ff8bfece9ef42964b
FST-Similarity-H,5,11,SUT-F,0.24413668736815453,0.3489583333333333,-0.10482164596517879,0.10482164596517879,0.30038441828827356,fdb12e7fe72c82b1485080b0381022d0ad2365844e86695ff8bfece9ef42964b
NoSimilarity-Optimized,5,11,SUT-E,0.0,0.078125,-0.078125,0.078125,1.0,fdb12e7fe72c82b1485080b0381022d0ad2365844e86695ff8bfece9ef42964b
NoSimilarity-Optimized,5,11,SUT-F,0.8,0.3489583333333333,0.45104166666666673,0.45104166666666673,1.2925373134328362,fdb12e7fe72c82b1485080b0381022d0ad2365844e86695ff8bfece9ef42964b
CMC,5,12,SUT-E,0.0,0.078125,-0.078125,0.078125,1.0,fdb12e7fe72c82b1485080b0381022d0ad2365844e86695ff8bfece9ef42964b
CMC,5,12,SUT-F,0.2,0.3489583333333333,-0.1489583333333333,0.1489583333333333,0.42686567164179096,fdb12e7fe72c82b1485080b0381022d0ad2365844e86695ff8bfece9ef42964b
Uniform,5,12,SUT-E,0.2,0.078125,0.12187500000000001,0.12187500000000001,1.56,fdb12e7fe72c82b1485080b0381022d0ad2365844e86695ff8bfece9ef42964b
Uniform,5,12,SUT-F,0.4,0.3489583333333333,0.05104166666666671,0.05104166666666671,0.14626865671641803,fdb12e7fe72c82b1485080b0381022d0ad2365844e86695ff8bfece9ef42964b
IS,5,12,SUT-E,0.05149408006013906,0.078125,-0.026630919939860942,0.026630919939860942,0.34087577523022006,fdb12e7fe72c82b1485080b0381022d0ad2365844e86695ff8bfece9ef42964b
IS,5,12,SUT-F,0.2574704003006953,0.3489583333333333,-0.09148793303263802,0.09148793303263802,0.262174375257709,fdb12e7fe72c82b1485080b0381022d0ad2365844e86695ff8bfece9ef42964b
FST-RandomSet,5,12,SUT-E,0.17139506340026855,0.078125,0.09327006340026855,0.09327006340026855,1.1938568115234376,fdb12e7fe72c82b1485080b0381022d0ad2365844e86695ff8bfece9ef42964b
FST-RandomSet,5,12,SUT-F,0.3292332738637924,0.3489583333333333,-0.019725059469540895,0.019725059469540895,0.05652554355450526,fdb12e7fe72c82b1485080b0381022d0ad2365844e86695ff8bfece9ef42964b
Handcrafted-Similarity,5,12,SUT-E,0.0,0.078125,-0.078125,0.078125,1.0,fdb12e7fe72c82b1485080b0381022d0ad2365844e86695ff8bfece9ef42964b
Handcrafted-Similarity,5,12,SUT-F,0.56401501430572,0.3489583333333333,0.21505668097238667,0.21505668097238667,0.6162818320402723,fdb12e7fe72c82b1485080b0381022d0ad2365844e86695ff8bfece9ef42964b
FST-Similarity-H,5,12,SUT-E,0.17116409540176392,0.078125,0.09303909540176392,0.09303909540176392,1.1909004211425782,fdb12e7fe72c82b1485080b0381022d0ad2365844e86695ff8bfece9ef42964b
FST-Similarity-H,5,12,SUT-F,0.24219262972474098,0.3489583333333333,-0.10676570360859233,0.10676570360859233,0.3059554491470109,fdb12e7fe72c82b1485080b0381022d0ad2365844e86695ff8bfece9ef42964b
NoSimilarity-Optimized,5,12,SUT-E,0.0,0.078125,-0.078125,0.078125,1.0,fdb12e7fe72c82b1485080b0381022d0ad2365844e86695ff8bfece9ef42964b
NoSimilarity-Optimized,5,12,SUT-F,0.4,0.3489583333333333,0.05104166666666671,0.05104166666666671,0.14626865671641803,fdb12e7fe72c82b1485080b0381022d0ad2365844e86695ff8bfece9ef42964b
CMC,5,13,SUT-E,0.0,0.078125,-0.078125,0.078125,1.0,fdb12e7fe72c82b1485080b0381022d0ad2365844e86695ff8bfece9ef42964b
CMC,5,13,SUT-F,0.2,0.3489583333333333,-0.1489583333333333,0.1489583333333333,0.42686567164179096,fdb12e7fe72c82b1485080b0381022d0ad2365844e86695ff8bfece9ef42964b
Uniform,5,13,SUT-E,0.0,0.078125,-0.078125,0.078125,1.0,fdb12e7fe72c82b1485080b0381022d0ad2365844e86695ff8bfece9ef42964b
Uniform,5,13,SUT-F,0.4,0.3489583333333333,0.05104166666666671,0.05104166666666671,0.14626865671641803,fdb12e7fe72c82b1485080b0381022d0ad2365844e86695ff8bfece9ef42964b
IS,5,13,SUT-E,0.0,0.078125,-0.078125,0.078125,1.0,fdb12e7fe72c82b1485080b0381022d0ad2365844e86695ff8bfece9ef42964b
IS,5,13,SUT-F,0.5437388303615649,0.3489583333333333,0.19478049702823158,0.19478049702823158,0.5581769467077682,fdb12e7fe72c82b1485080b0381022d0ad2365844e86695ff8bfece9ef42964b
FST-RandomSet,5,13,SUT-E,0.05753534287214279,0.078125,-0.020589657127857208,0.020589657127857208,0.2635476112365723,fdb12e7fe72c82b1485080b0381022d0ad2365844e86695ff8bfece9ef42964b
FST-RandomSet,5,13,SUT-F,0.27491961047053337,0.3489583333333333,-0.07403872286279994,0.07403872286279994,0.21217066850235208,fdb12e7fe72c82b1485080b0381022d0ad2365844e86695ff8bfece9ef42964b
Handcrafted-Similarity,5,13,SUT-E,0.0,0.078125,-0.078125,0.078125,1.0,fdb12e7fe72c82b1485080b0381022d0ad2365844e86695ff8bfece9ef42964b
Handcrafted-Similarity,5,13,SUT-F,0.4222120474284247,0.3489583333333333,0.0732537140950914,0.0732537140950914,0.2099210911381724,fdb12e7fe72c82b1485080b0381022d0ad2365844e86695ff8bfece9ef42964b
FST-Similarity-H,5,13,SUT-E,0.05736721307039261,0.078125,-0.02075778692960739,0.02075778692960739,0.2656996726989746,fdb12e7fe72c82b1485080b0381022d0ad2365844e86695ff8bfece9ef42964b
FST-Similarity-H,5,13,SUT-F,0.30883194506168365,0.3489583333333333,-0.04012638827164966,0.04012638827164966,0.11498905295756322,fdb12e7fe72c82b1485080b0381022d0ad2365844e86695ff8bfece9ef42964b
NoSimilarity-Optimized,5,13,SUT-E,0.0,0.078125,-0.078125,0.078125,1.0,fdb12e7fe72c82b1485080b0381022d0ad2365844e86695ff8bfece9ef42964b
NoSimilarity-Optimized,5,13,SUT-F,0.4,0.3489583333333333,0.05104166666666671,0.05104166666666671,0.14626865671641803,fdb12e7fe72c82b1485080b0381022d0ad2365844e86695ff8bfece9ef42964b
CMC,5,14,SUT-E,0.0,0.078125,-0.078125,0.078125,1.0,fdb12e7fe72c82b1485080b0381022d0ad2365844e86695ff8bfece9ef42964b
CMC,5,14,SUT-F,0.2,0.3489583333333333,-0.1489583333333333,0.1489583333333333,0.42686567164179096,fdb12e7fe72c82b1485080b0381022d0ad2365844e86695ff8bfece9ef42964b
Uniform,5,14,SUT-E,0.0,0.078125,-0.078125,0.078125,1.0,fdb12e7fe72c82b1485080b0381022d0ad2365844e86695ff8bfece9ef42964b
Uniform,5,14,SUT-F,0.4,0.3489583333333333,0.05104166666666671,0.05104166666666671,0.14626865671641803,fdb12e7fe72c82b1485080b0381022d0ad2365844e86695ff8bfece9ef42964b
IS,5,14,SUT-E,0.07774152362037168,0.078125,-0.0003834763796283225,0.0003834763796283225,0.004908497659242528,fdb12e7fe72c82b1485080b0381022d0ad2365844e86695ff8bfece9ef42964b
IS,5,14,SUT-F,0.1807296837406498,0.3489583333333333,-0.16822864959268352,0.16822864959268352,0.48208807047455576,fdb12e7fe72c82b1485080b0381022d0ad2365844e86695ff8bfece9ef42964b
FST-RandomSet,5,14,SUT-E,0.05665554851293564,0.078125,-0.02146945148706436,0.02146945148706436,0.2748089790344238,fdb12e7fe72c82b1485080b0381022d0ad2365844e86695ff8bfece9ef42964b
FST-RandomSet,5,14,SUT-F,0.38746973872184753,0.3489583333333333,0.03851140538851422,0.03851140538851422,0.11036104230738404,fdb12e7fe72c82b1485080b0381022d0ad2365844e86695ff8bfece9ef42964b
Handcrafted-Similarity,5,14,SUT-E,0.0,0.078125,-0.078125,0.078125,1.0,fdb12e7fe72c82b1485080b0381022d0ad2365844e86695ff8bfece9ef42964b
Handcrafted-Similarity,5,14,SUT-F,0.6093215285919195,0.3489583333333333,0.26036319525858614,0.26036319525858614,0.7461154252186349,fdb12e7fe72c82b1485080b0381022d0ad2365844e86695ff8bfece9ef42964b
FST-Similarity-H,5,14,SUT-E,0.05723901838064194,0.078125,-0.020885981619358063,0.020885981619358063,0.2673405647277832,fdb12e7fe72c82b1485080b0381022d0ad2365844e86695ff8bfece9ef42964b
FST-Similarity-H,5,14,SUT-F,1.0000000521540642,0.3489583333333333,0.6510417188207309,0.6510417188207309,1.8656717912474678,fdb12e7fe72c82b1485080b0381022d0ad2365844e86695ff8bfece9ef42964b
NoSimilarity-Optimized,5,14,SUT-E,0.0,0.078125,-0.078125,0.078125,1.0,fdb12e7fe72c82b1485080b0381022d0ad2365844e86695ff8bfece9ef42964b
NoSimilarity-Optimized,5,14,SUT-F,0.4,0.3489583333333333,0.05104166666666671,0.05104166666666671,0.14626865671641803,fdb12e7fe72c82b1485080b0381022d0ad2365844e86695ff8bfece9ef42964b
CMC,5,15,SUT-E,0.2,0.078125,0.12187500000000001,0.12187500000000001,1.56,fdb12e7fe72c82b1485080b0381022d0ad2365844e86695ff8bfece9ef42964b
CMC,5,15,SUT-F,0.6000000000000001,0.3489583333333333,0.2510416666666668,0.2510416666666668,0.7194029850746272,fdb12e7fe72c82b1485080b0381022d0ad2365844e86695ff8bfece9ef42964b
Uniform,5,15,SUT-E,0.0,0.078125,-0.078125,0.078125,1.0,fdb12e7fe72c82b1485080b0381022d0ad2365844e86695ff8bfece9ef42964b
Uniform,5,15,SUT-F,0.6000000000000001,0.3489583333333333,0.2510416666666668,0.2510416666666668,0.7194029850746272,fdb12e7fe72c82b1485080b0381022d0ad2365844e86695ff8bfece9ef42964b
IS,5,15,SUT-E,0.15548304724074336,0.078125,0.07735804724074336,0.07735804724074336,0.990183004681515,fdb12e7fe72c82b1485080b0381022d0ad2365844e86695ff8bfece9ef42964b
IS,5,15,SUT-F,0.30239993732117226,0.3489583333333333,-0.04655839601216105,0.04655839601216105,0.1334210751393272,fdb12e7fe72c82b1485080b0381022d0ad2365844e86695ff8bfece9ef42964b
FST-RandomSet,5,15,SUT-E,0.05711914971470833,0.078125,-0.021005850285291672,0.021005850285291672,0.2688748836517334,fdb12e7fe72c82b1485080b0381022d0ad2365844e86695ff8bfece9ef42964b
FST-RandomSet,5,15,SUT-F,0.4762611351907253,0.3489583333333333,0.127302801857392,0.127302801857392,0.36480802920327265,fdb12e7fe72c82b1485080b0381022d0ad2365844e86695ff8bfece9ef42964b
Handcrafted-Similarity,5,15,SUT-E,0.0,0.078125,-0.078125,0.078125,1.0,fdb12e7fe72c82b1485080b0381022d0ad2365844e86695ff8bfece9ef42964b
Handcrafted-Similarity,5,15,SUT-F,0.38498101240705973,0.3489583333333333,0.036022679073726416,0.036022679073726416,0.1032291698829175,fdb12e7fe72c82b1485080b0381022d0ad2365844e86695ff8bfece9ef42964b
FST-Similarity-H,5,15,SUT-E,0.05726893991231918,0.078125,-0.020856060087680817,0.020856060087680817,0.26695756912231444,fdb12e7fe72c82b1485080b0381022d0ad2365844e86695ff8bfece9ef42964b
FST-Similarity-H,5,15,SUT-F,0.3619850352406502,0.3489583333333333,0.013026701907316862,0.013026701907316862,0.03733025024186325,fdb12e7fe72c82b1485080b0381022d0ad2365844e86695ff8bfece9ef42964b
NoSimilarity-Optimized,5,15,SUT-E,0.0,0.078125,-0.078125,0.078125,1.0,fdb12e7fe72c82b1485080b0381022d0ad2365844e86695ff8bfece9ef42964b
NoSimilarity-Optimized,5,15,SUT-F,0.4,0.3489583333333333,0.05104166666666671,0.05104166666666671,0.14626865671641803,fdb12e7fe72c82b1485080b0381022d0ad2365844e86695ff8bfece9ef42964b
CMC,5,16,SUT-E,0.2,0.078125,0.12187500000000001,0.12187500000000001,1.56,fdb12e7fe72c82b1485080b0381022d0ad2365844e86695ff8bfece9ef42964b
CMC,5,16,SUT-F,0.2,0.3489583333333333,-0.1489583333333333,0.1489583333333333,0.42686567164179096,fdb12e7fe72c82b1485080b0381022d0ad2365844e86695ff8bfece9ef42964b
Uniform,5,16,SUT-E,0.0,0.078125,-0.078125,0.078125,1.0,fdb12e7fe72c82b1485080b0381022d0ad2365844e86695ff8bfece9ef42964b
Uniform,5,16,SUT-F,0.4,0.3489583333333333,0.05104166666666671,0.05104166666666671,0.14626865671641803,fdb12e7fe72c82b1485080b0381022d0ad2365844e86695ff8bfece9ef42964b
IS,5,16,SUT-E,0.0903648418703249,0.078125,0.012239841870324897,0.012239841870324897,0.1566699759401587,fdb12e7fe72c82b1485080b0381022d0ad2365844e86695ff8bfece9ef42964b
IS,5,16,SUT-F,0.24484708205074207,0.3489583333333333,-0.10411125128259124,0.10411125128259124,0.2983486603919033,fdb12e7fe72c82b1485080b0381022d0ad2365844e86695ff8bfece9ef42964b
FST-RandomSet,5,16,SUT-E,0.034166187047958374,0.078125,-0.043958812952041626,0.043958812952041626,0.5626728057861328,fdb12e7fe72c82b1485080b0381022d0ad2365844e86695ff8bfece9ef42964b
FST-RandomSet,5,16,SUT-F,1.0000000558793545,0.3489583333333333,0.6510417225460212,0.6510417225460212,1.8656718019229266,fdb12e7fe72c82b1485080b0381022d0ad2365844e86695ff8bfece9ef42964b
Handcrafted-Similarity,5,16,SUT-E,0.0,0.078125,-0.078125,0.078125,1.0,fdb12e7fe72c82b1485080b0381022d0ad2365844e86695ff8bfece9ef42964b
Handcrafted-Similarity,5,16,SUT-F,0.5818276454179926,0.3489583333333333,0.23286931208465927,0.23286931208465927,0.6673269838843967,fdb12e7fe72c82b1485080b0381022d0ad2365844e86695ff8bfece9ef42964b
FST-Similarity-H,5,16,SUT-E,0.05736721307039261,0.078125,-0.02075778692960739,0.02075778692960739,0.2656996726989746,fdb12e7fe72c82b1485080b0381022d0ad2365844e86695ff8bfece9ef42964b
FST-Similarity-H,5,16,SUT-F,0.30883194506168365,0.3489583333333333,-0.04012638827164966,0.04012638827164966,0.11498905295756322,fdb12e7fe72c82b1485080b0381022d0ad2365844e86695ff8bfece9ef42964b
NoSimilarity-Optimized,5,16,SUT-E,0.0,0.078125,-0.078125,0.078125,1.0,fdb12e7fe72c82b1485080b0381022d0ad2365844e86695ff8bfece9ef42964b
NoSimilarity-Optimized,5,16,SUT-F,0.8,0.3489583333333333,0.45104166666666673,0.45104166666666673,1.2925373134328362,fdb12e7fe72c82b1485080b0381022d0ad2365844e86695ff8bfece9ef42964b
CMC,5,17,SUT-E,0.0,0.078125,-0.078125,0.078125,1.0,fdb12e7fe72c82b1485080b0381022d0ad2365844e86695ff8bfece9ef42964b
CMC,5,17,SUT-F,0.2,0.3489583333333333,-0.1489583333333333,0.1489583333333333,0.42686567164179096,fdb12e7fe72c82b1485080b0381022d0ad2365844e86695ff8bfece9ef42964b
Uniform,5,17,SUT-E,0.0,0.078125,-0.078125,0.078125,1.0,fdb12e7fe72c82b1485080b0381022d0ad2365844e86695ff8bfece9ef42964b
Uniform,5,17,SUT-F,0.4,0.3489583333333333,0.05104166666666671,0.05104166666666671,0.14626865671641803,fdb12e7fe72c82b1485080b0381022d0ad2365844e86695ff8bfece9ef42964b
IS,5,17,SUT-E,0.05149408006013906,0.078125,-0.026630919939860942,0.026630919939860942,0.34087577523022006,fdb12e7fe72c82b1485080b0381022d0ad2365844e86695ff8bfece9ef42964b
IS,5,17,SUT-F,0.2307416334450985,0.3489583333333333,-0.11821669988823483,0.11821669988823483,0.33877024445583714,fdb12e7fe72c82b1485080b0381022d0ad2365844e86695ff8bfece9ef42964b
FST-RandomSet,5,17,SUT-E,0.05732983350753784,0.078125,-0.020795166492462158,0.020795166492462158,0.2661781311035156,fdb12e7fe72c82b1485080b0381022d0ad2365844e86695ff8bfece9ef42964b
FST-RandomSet,5,17,SUT-F,0.25390955433249474,0.3489583333333333,-0.09504877900083858,0.09504877900083858,0.27237859056956726,fdb12e7fe72c82b1485080b0381022d0ad2365844e86695ff8bfece9ef42964b
Handcrafted-Similarity,5,17,SUT-E,0.0,0.078125,-0.078125,0.078125,1.0,fdb12e7fe72c82b1485080b0381022d0ad2365844e86695ff8bfece9ef42964b
Handcrafted-Similarity,5,17,SUT-F,0.18969327825392315,0.3489583333333333,-0.15926505507941016,0.15926505507941016,0.45640135186935454,fdb12e7fe72c82b1485080b0381022d0ad2365844e86695ff8bfece9ef42964b
FST-Similarity-H,5,17,SUT-E,0.06119322404265404,0.078125,-0.016931775957345963,0.016931775957345963,0.21672673225402833,fdb12e7fe72c82b1485080b0381022d0ad2365844e86695ff8bfece9ef42964b
FST-Similarity-H,5,17,SUT-F,0.24954316578805447,0.3489583333333333,-0.09941516754527885,0.09941516754527885,0.284891226398411,fdb12e7fe72c82b1485080b0381022d0ad2365844e86695ff8bfece9ef42964b
NoSimilarity-Optimized,5,17,SUT-E,0.0,0.078125,-0.078125,0.078125,1.0,fdb12e7fe72c82b1485080b0381022d0ad2365844e86695ff8bfece9ef42964b
NoSimilarity-Optimized,5,17,SUT-F,0.4,0.3489583333333333,0.05104166666666671,0.05104166666666671,0.14626865671641803,fdb12e7fe72c82b1485080b0381022d0ad2365844e86695ff8bfece9ef42964b
CMC,5,18,SUT-E,0.0,0.078125,-0.078125,0.078125,1.0,fdb12e7fe72c82b1485080b0381022d0ad2365844e86695ff8bfece9ef42964b
CMC,5,18,SUT-F,0.2,0.3489583333333333,-0.1489583333333333,0.1489583333333333,0.42686567164179096,fdb12e7fe72c82b1485080b0381022d0ad2365844e86695ff8bfece9ef42964b
Uniform,5,18,SUT-E,0.2,0.078125,0.12187500000000001,0.12187500000000001,1.56,fdb12e7fe72c82b1485080b0381022d0ad2365844e86695ff8bfece9ef42964b
Uniform,5,18,SUT-F,0.4,0.3489583333333333,0.05104166666666671,0.05104166666666671,0.14626865671641803,fdb12e7fe72c82b1485080b0381022d0ad2365844e86695ff8bfece9ef42964b
IS,5,18,SUT-E,0.12923560368051074,0.078125,0.051110603680510736,0.051110603680510736,0.6542157271105374,fdb12e7fe72c82b1485080b0381022d0ad2365844e86695ff8bfece9ef42964b
IS,5,18,SUT-F,0.27615249376093964,0.3489583333333333,-0.07280583957239367,0.07280583957239367,0.2086376298193968,fdb12e7fe72c82b1485080b0381022d0ad2365844e86695ff8bfece9ef42964b
FST-RandomSet,5,18,SUT-E,0.057092420756816864,0.078125,-0.021032579243183136,0.021032579243183136,0.26921701431274414,fdb12e7fe72c82b1485080b0381022d0ad2365844e86695ff8bfece9ef42964b
FST-RandomSet,5,18,SUT-F,0.30453747510910034,0.3489583333333333,-0.04442085822423297,0.04442085822423297,0.12729559371720495,fdb12e7fe72c82b1485080b0381022d0ad2365844e86695ff8bfece9ef42964b
Handcrafted-Similarity,5,18,SUT-E,0.0,0.078125,-0.078125,0.078125,1.0,fdb12e7fe72c82b1485080b0381022d0ad2365844e86695ff8bfece9ef42964b
Handcrafted-Similarity,5,18,SUT-F,0.40344515096210853,0.3489583333333333,0.05448681762877522,0.05448681762877522,0.15614132813022152,fdb12e7fe72c82b1485080b0381022d0ad2365844e86695ff8bfece9ef42964b
FST-Similarity-H,5,18,SUT-E,0.05680106207728386,0.078125,-0.02132393792271614,0.02132393792271614,0.2729464054107666,fdb12e7fe72c82b1485080b0381022d0ad2365844e86695ff8bfece9ef42964b
FST-Similarity-H,5,18,SUT-F,0.31234196946024895,0.3489583333333333,-0.03661636387308437,0.03661636387308437,0.10493047557659999,fdb12e7fe72c82b1485080b0381022d0ad2365844e86695ff8bfece9ef42964b
NoSimilarity-Optimized,5,18,SUT-E,0.0,0.078125,-0.078125,0.078125,1.0,fdb12e7fe72c82b1485080b0381022d0ad2365844e86695ff8bfece9ef42964b
NoSimilarity-Optimized,5,18,SUT-F,0.6000000000000001,0.3489583333333333,0.2510416666666668,0.2510416666666668,0.7194029850746272,fdb12e7fe72c82b1485080b0381022d0ad2365844e86695ff8bfece9ef42964b
CMC,5,19,SUT-E,0.2,0.078125,0.12187500000000001,0.12187500000000001,1.56,fdb12e7fe72c82b1485080b0381022d0ad2365844e86695ff8bfece9ef42964b
CMC,5,19,SUT-F,0.4,0.3489583333333333,0.05104166666666671,0.05104166666666671,0.14626865671641803,fdb12e7fe72c82b1485080b0381022d0ad2365844e86695ff8bfece9ef42964b
Uniform,5,19,SUT-E,0.0,0.078125,-0.078125,0.078125,1.0,fdb12e7fe72c82b1485080b0381022d0ad2365844e86695ff8bfece9ef42964b
Uniform,5,19,SUT-F,0.6000000000000001,0.3489583333333333,0.2510416666666668,0.2510416666666668,0.7194029850746272,fdb12e7fe72c82b1485080b0381022d0ad2365844e86695ff8bfece9ef42964b
IS,5,19,SUT-E,0.03887076181018584,0.078125,-0.03925423818981416,0.03925423818981416,0.5024542488296213,fdb12e7fe72c82b1485080b0381022d0ad2365844e86695ff8bfece9ef42964b
IS,5,19,SUT-F,0.340269892071032,0.3489583333333333,-0.008688441262301339,0.008688441262301339,0.024898219736744137,fdb12e7fe72c82b1485080b0381022d0ad2365844e86695ff8bfece9ef42964b
FST-RandomSet,5,19,SUT-E,0.05578066408634186,0.078125,-0.022344335913658142,0.022344335913658142,0.2860074996948242,fdb12e7fe72c82b1485080b0381022d0ad2365844e86695ff8bfece9ef42964b
FST-RandomSet,5,19,SUT-F,0.6340956166386604,0.3489583333333333,0.2851372833053271,0.2851372833053271,0.8171098267854151,fdb12e7fe72c82b1485080b0381022d0ad2365844e86695ff8bfece9ef42964b
Handcrafted-Similarity,5,19,SUT-E,0.20288492613500547,0.078125,0.12475992613500547,0.12475992613500547,1.59692705452807,fdb12e7fe72c82b1485080b0381022d0ad2365844e86695ff8bfece9ef42964b
Handcrafted-Similarity,5,19,SUT-F,0.4074166014700517,0.3489583333333333,0.058458268136718394,0.058458268136718394,0.16752220122761094,fdb12e7fe72c82b1485080b0381022d0ad2365844e86695ff8bfece9ef42964b
FST-Similarity-H,5,19,SUT-E,0.05743884667754173,0.078125,-0.020686153322458267,0.020686153322458267,0.2647827625274658,fdb12e7fe72c82b1485080b0381022d0ad2365844e86695ff8bfece9ef42964b
FST-Similarity-H,5,19,SUT-F,0.3015526421368122,0.3489583333333333,-0.047405691196521105,0.047405691196521105,0.13584914492137393,fdb12e7fe72c82b1485080b0381022d0ad2365844e86695ff8bfece9ef42964b
NoSimilarity-Optimized,5,19,SUT-E,0.0,0.078125,-0.078125,0.078125,1.0,fdb12e7fe72c82b1485080b0381022d0ad2365844e86695ff8bfece9ef42964b
NoSimilarity-Optimized,5,19,SUT-F,0.4,0.3489583333333333,0.05104166666666671,0.05104166666666671,0.14626865671641803,fdb12e7fe72c82b1485080b0381022d0ad2365844e86695ff8bfece9ef42964b
CMC,5,20,SUT-E,0.2,0.078125,0.12187500000000001,0.12187500000000001,1.56,fdb12e7fe72c82b1485080b0381022d0ad2365844e86695ff8bfece9ef42964b
CMC,5,20,SUT-F,0.8,0.3489583333333333,0.45104166666666673,0.45104166666666673,1.2925373134328362,fdb12e7fe72c82b1485080b0381022d0ad2365844e86695ff8bfece9ef42964b
Uniform,5,20,SUT-E,0.0,0.078125,-0.078125,0.078125,1.0,fdb12e7fe72c82b1485080b0381022d0ad2365844e86695ff8bfece9ef42964b
Uniform,5,20,SUT-F,0.4,0.3489583333333333,0.05104166666666671,0.05104166666666671,0.14626865671641803,fdb12e7fe72c82b1485080b0381022d0ad2365844e86695ff8bfece9ef42964b
IS,5,20,SUT-E,0.0,0.078125,-0.078125,0.078125,1.0,fdb12e7fe72c82b1485080b0381022d0ad2365844e86695ff8bfece9ef42964b
IS,5,20,SUT-F,0.5437388303615649,0.3489583333333333,0.19478049702823158,0.19478049702823158,0.5581769467077682,fdb12e7fe72c82b1485080b0381022d0ad2365844e86695ff8bfece9ef42964b
FST-RandomSet,5,20,SUT-E,0.0560353547334671,0.078125,-0.022089645266532898,0.022089645266532898,0.2827474594116211,fdb12e7fe72c82b1485080b0381022d0ad2365844e86695ff8bfece9ef42964b
FST-RandomSet,5,20,SUT-F,0.5823211520910263,0.3489583333333333,0.233362818757693,0.233362818757693,0.6687412119623442,fdb12e7fe72c82b1485080b0381022d0ad2365844e86695ff8bfece9ef42964b
Handcrafted-Similarity,5,20,SUT-E,0.0,0.078125,-0.078125,0.078125,1.0,fdb12e7fe72c82b1485080b0381022d0ad2365844e86695ff8bfece9ef42964b
Handcrafted-Similarity,5,20,SUT-F,0.3593156109887915,0.3489583333333333,0.010357277655458186,0.010357277655458186,0.029680556863402565,fdb12e7fe72c82b1485080b0381022d0ad2365844e86695ff8bfece9ef42964b
FST-Similarity-H,5,20,SUT-E,0.057447806000709534,0.078125,-0.020677193999290466,0.020677193999290466,0.26466808319091795,fdb12e7fe72c82b1485080b0381022d0ad2365844e86695ff8bfece9ef42964b
FST-Similarity-H,5,20,SUT-F,0.311070941388607,0.3489583333333333,-0.03788739194472629,0.03788739194472629,0.1085728246774246,fdb12e7fe72c82b1485080b0381022d0ad2365844e86695ff8bfece9ef42964b
NoSimilarity-Optimized,5,20,SUT-E,0.0,0.078125,-0.078125,0.078125,1.0,fdb12e7fe72c82b1485080b0381022d0ad2365844e86695ff8bfece9ef42964b
NoSimilarity-Optimized,5,20,SUT-F,0.6000000000000001,0.3489583333333333,0.2510416666666668,0.2510416666666668,0.7194029850746272,fdb12e7fe72c82b1485080b0381022d0ad2365844e86695ff8bfece9ef42964b
CMC,5,21,SUT-E,0.2,0.078125,0.12187500000000001,0.12187500000000001,1.56,fdb12e7fe72c82b1485080b0381022d0ad2365844e86695ff8bfece9ef42964b
CMC,5,21,SUT-F,0.4,0.3489583333333333,0.05104166666666671,0.05104166666666671,0.14626865671641803,fdb12e7fe72c82b1485080b0381022d0ad2365844e86695ff8bfece9ef42964b
Uniform,5,21,SUT-E,0.0,0.078125,-0.078125,0.078125,1.0,fdb12e7fe72c82b1485080b0381022d0ad2365844e86695ff8bfece9ef42964b
Uniform,5,21,SUT-F,0.6000000000000001,0.3489583333333333,0.2510416666666668,0.2510416666666668,0.7194029850746272,fdb12e7fe72c82b1485080b0381022d0ad2365844e86695ff8bfece9ef42964b
IS,5,21,SUT-E,0.0,0.078125,-0.078125,0.078125,1.0,fdb12e7fe72c82b1485080b0381022d0ad2365844e86695ff8bfece9ef42964b
IS,5,21,SUT-F,0.3013991302608461,0.3489583333333333,-0.04755920307248723,0.04755920307248723,0.1362890595510082,fdb12e7fe72c82b1485080b0381022d0ad2365844e86695ff8bfece9ef42964b
FST-RandomSet,5,21,SUT-E,0.17223413661122322,0.078125,0.09410913661122322,0.09410913661122322,1.2045969486236572,fdb12e7fe72c82b1485080b0381022d0ad2365844e86695ff8bfece9ef42964b
FST-RandomSet,5,21,SUT-F,0.2818712592124939,0.3489583333333333,-0.06708707412083942,0.06708707412083942,0.19224952583882343,fdb12e7fe72c82b1485080b0381022d0ad2365844e86695ff8bfece9ef42964b
Handcrafted-Similarity,5,21,SUT-E,0.0,0.078125,-0.078125,0.078125,1.0,fdb12e7fe72c82b1485080b0381022d0ad2365844e86695ff8bfece9ef42964b
Handcrafted-Similarity,5,21,SUT-F,0.195829092461262,0.3489583333333333,-0.1531292408720713,0.1531292408720713,0.438818123096085,fdb12e7fe72c82b1485080b0381022d0ad2365844e86695ff8bfece9ef42964b
FST-Similarity-H,5,21,SUT-E,0.057646386325359344,0.078125,-0.020478613674640656,0.020478613674640656,0.2621262550354004,fdb12e7fe72c82b1485080b0381022d0ad2365844e86695ff8bfece9ef42964b
FST-Similarity-H,5,21,SUT-F,0.30802521854639053,0.3489583333333333,-0.04093311478694278,0.04093311478694278,0.11730086625511962,fdb12e7fe72c82b1485080b0381022d0ad2365844e86695ff8bfece9ef42964b
NoSimilarity-Optimized,5,21,SUT-E,0.0,0.078125,-0.078125,0.078125,1.0,fdb12e7fe72c82b1485080b0381022d0ad2365844e86695ff8bfece9ef42964b
NoSimilarity-Optimized,5,21,SUT-F,0.6000000000000001,0.3489583333333333,0.2510416666666668,0.2510416666666668,0.7194029850746272,fdb12e7fe72c82b1485080b0381022d0ad2365844e86695ff8bfece9ef42964b
CMC,5,22,SUT-E,0.2,0.078125,0.12187500000000001,0.12187500000000001,1.56,fdb12e7fe72c82b1485080b0381022d0ad2365844e86695ff8bfece9ef42964b
CMC,5,22,SUT-F,0.2,0.3489583333333333,-0.1489583333333333,0.1489583333333333,0.42686567164179096,fdb12e7fe72c82b1485080b0381022d0ad2365844e86695ff8bfece9ef42964b
Uniform,5,22,SUT-E,0.2,0.078125,0.12187500000000001,0.12187500000000001,1.56,fdb12e7fe72c82b1485080b0381022d0ad2365844e86695ff8bfece9ef42964b
Uniform,5,22,SUT-F,0.4,0.3489583333333333,0.05104166666666671,0.05104166666666671,0.14626865671641803,fdb12e7fe72c82b1485080b0381022d0ad2365844e86695ff8bfece9ef42964b
IS,5,22,SUT-E,0.03887076181018584,0.078125,-0.03925423818981416,0.03925423818981416,0.5024542488296213,fdb12e7fe72c82b1485080b0381022d0ad2365844e86695ff8bfece9ef42964b
IS,5,22,SUT-F,0.193353001990603,0.3489583333333333,-0.1556053313427303,0.1556053313427303,0.44591378534036147,fdb12e7fe72c82b1485080b0381022d0ad2365844e86695ff8bfece9ef42964b
FST-RandomSet,5,22,SUT-E,0.05478488281369209,0.078125,-0.023340117186307907,0.023340117186307907,0.2987534999847412,fdb12e7fe72c82b1485080b0381022d0ad2365844e86695ff8bfece9ef42964b
FST-RandomSet,5,22,SUT-F,0.22826745733618736,0.3489583333333333,-0.12069087599714595,0.12069087599714595,0.34586042076794066,fdb12e7fe72c82b1485080b0381022d0ad2365844e86695ff8bfece9ef42964b
Handcrafted-Similarity,5,22,SUT-E,0.0,0.078125,-0.078125,0.078125,1.0,fdb12e7fe72c82b1485080b0381022d0ad2365844e86695ff8bfece9ef42964b
Handcrafted-Similarity,5,22,SUT-F,0.38798886319103976,0.3489583333333333,0.03903052985770644,0.03903052985770644,0.11184868257730801,fdb12e7fe72c82b1485080b0381022d0ad2365844e86695ff8bfece9ef42964b
FST-Similarity-H,5,22,SUT-E,0.05752342566847801,0.078125,-0.020601574331521988,0.020601574331521988,0.26370015144348147,fdb12e7fe72c82b1485080b0381022d0ad2365844e86695ff8bfece9ef42964b
FST-Similarity-H,5,22,SUT-F,0.31120463088154793,0.3489583333333333,-0.03775370245178539,0.03775370245178539,0.10818971448869842,fdb12e7fe72c82b1485080b0381022d0ad2365844e86695ff8bfece9ef42964b
NoSimilarity-Optimized,5,22,SUT-E,0.0,0.078125,-0.078125,0.078125,1.0,fdb12e7fe72c82b1485080b0381022d0ad2365844e86695ff8bfece9ef42964b
NoSimilarity-Optimized,5,22,SUT-F,0.4,0.3489583333333333,0.05104166666666671,0.05104166666666671,0.14626865671641803,fdb12e7fe72c82b1485080b0381022d0ad2365844e86695ff8bfece9ef42964b
CMC,5,23,SUT-E,0.0,0.078125,-0.078125,0.078125,1.0,fdb12e7fe72c82b1485080b0381022d0ad2365844e86695ff8bfece9ef42964b
CMC,5,23,SUT-F,0.4,0.3489583333333333,0.05104166666666671,0.05104166666666671,0.14626865671641803,fdb12e7fe72c82b1485080b0381022d0ad2365844e86695ff8bfece9ef42964b
Uniform,5,23,SUT-E,0.0,0.078125,-0.078125,0.078125,1.0,fdb12e7fe72c82b1485080b0381022d0ad2365844e86695ff8bfece9ef42964b
Uniform,5,23,SUT-F,0.2,0.3489583333333333,-0.1489583333333333,0.1489583333333333,0.42686567164179096,fdb12e7fe72c82b1485080b0381022d0ad2365844e86695ff8bfece9ef42964b
IS,5,23,SUT-E,0.0,0.078125,-0.078125,0.078125,1.0,fdb12e7fe72c82b1485080b0381022d0ad2365844e86695ff8bfece9ef42964b
IS,5,23,SUT-F,0.35289321032098514,0.3489583333333333,0.003934876987651825,0.003934876987651825,0.011276065397450007,fdb12e7fe72c82b1485080b0381022d0ad2365844e86695ff8bfece9ef42964b
FST-RandomSet,5,23,SUT-E,0.05628598481416702,0.078125,-0.021839015185832977,0.021839015185832977,0.2795393943786621,fdb12e7fe72c82b1485080b0381022d0ad2365844e86695ff8bfece9ef42964b
FST-RandomSet,5,23,SUT-F,0.21813706308603287,0.3489583333333333,-0.13082127024730045,0.13082127024730045,0.37489080429077143,fdb12e7fe72c82b1485080b0381022d0ad2365844e86695ff8bfece9ef42964b
Handcrafted-Similarity,5,23,SUT-E,0.0,0.078125,-0.078125,0.078125,1.0,fdb12e7fe72c82b1485080b0381022d0ad2365844e86695ff8bfece9ef42964b
Handcrafted-Similarity,5,23,SUT-F,0.18835157148599208,0.3489583333333333,-0.16060676184734124,0.16060676184734124,0.46024624290581373,fdb12e7fe72c82b1485080b0381022d0ad2365844e86695ff8bfece9ef42964b
FST-Similarity-H,5,23,SUT-E,0.06119322404265404,0.078125,-0.016931775957345963,0.016931775957345963,0.21672673225402833,fdb12e7fe72c82b1485080b0381022d0ad2365844e86695ff8bfece9ef42964b
FST-Similarity-H,5,23,SUT-F,0.24954317323863506,0.3489583333333333,-0.09941516009469825,0.09941516009469825,0.2848912050474935,fdb12e7fe72c82b1485080b0381022d0ad2365844e86695ff8bfece9ef42964b
NoSimilarity-Optimized,5,23,SUT-E,0.0,0.078125,-0.078125,0.078125,1.0,fdb12e7fe72c82b1485080b0381022d0ad2365844e86695ff8bfece9ef42964b
NoSimilarity-Optimized,5,23,SUT-F,0.4,0.3489583333333333,0.05104166666666671,0.05104166666666671,0.14626865671641803,fdb12e7fe72c82b1485080b0381022d0ad2365844e86695ff8bfece9ef42964b
CMC,5,24,SUT-E,0.0,0.078125,-0.078125,0.078125,1.0,fdb12e7fe72c82b1485080b0381022d0ad2365844e86695ff8bfece9ef42964b
CMC,5,24,SUT-F,0.6000000000000001,0.3489583333333333,0.2510416666666668,0.2510416666666668,0.7194029850746272,fdb12e7fe72c82b1485080b0381022d0ad2365844e86695ff8bfece9ef42964b
Uniform,5,24,SUT-E,0.0,0.078125,-0.078125,0.078125,1.0,fdb12e7fe72c82b1485080b0381022d0ad2365844e86695ff8bfece9ef42964b
Uniform,5,24,SUT-F,0.4,0.3489583333333333,0.05104166666666671,0.05104166666666671,0.14626865671641803,fdb12e7fe72c82b1485080b0381022d0ad2365844e86695ff8bfece9ef42964b
IS,5,24,SUT-E,0.0,0.078125,-0.078125,0.078125,1.0,fdb12e7fe72c82b1485080b0381022d0ad2365844e86695ff8bfece9ef42964b
IS,5,24,SUT-F,0.25550694664964074,0.3489583333333333,-0.09345138668369257,0.09345138668369257,0.26780098870550706,fdb12e7fe72c82b1485080b0381022d0ad2365844e86695ff8bfece9ef42964b
FST-RandomSet,5,24,SUT-E,0.1705802083015442,0.078125,0.09245520830154419,0.09245520830154419,1.1834266662597657,fdb12e7fe72c82b1485080b0381022d0ad2365844e86695ff8bfece9ef42964b
FST-RandomSet,5,24,SUT-F,0.3673747181892395,0.3489583333333333,0.018416384855906187,0.018416384855906187,0.05277531182588042,fdb12e7fe72c82b1485080b0381022d0ad2365844e86695ff8bfece9ef42964b
Handcrafted-Similarity,5,24,SUT-E,0.19219196102421196,0.078125,0.11406696102421196,0.11406696102421196,1.460057101109913,fdb12e7fe72c82b1485080b0381022d0ad2365844e86695ff8bfece9ef42964b
Handcrafted-Similarity,5,24,SUT-F,0.19219196102421196,0.3489583333333333,-0.15676637230912135,0.15676637230912135,0.449240947512706,fdb12e7fe72c82b1485080b0381022d0ad2365844e86695ff8bfece9ef42964b
FST-Similarity-H,5,24,SUT-E,0.0580810010433197,0.078125,-0.020043998956680298,0.020043998956680298,0.2565631866455078,fdb12e7fe72c82b1485080b0381022d0ad2365844e86695ff8bfece9ef42964b
FST-Similarity-H,5,24,SUT-F,0.24218740686774254,0.3489583333333333,-0.10677092646559078,0.10677092646559078,0.30597041614020043,fdb12e7fe72c82b1485080b0381022d0ad2365844e86695ff8bfece9ef42964b
NoSimilarity-Optimized,5,24,SUT-E,0.2,0.078125,0.12187500000000001,0.12187500000000001,1.56,fdb12e7fe72c82b1485080b0381022d0ad2365844e86695ff8bfece9ef42964b
NoSimilarity-Optimized,5,24,SUT-F,0.4,0.3489583333333333,0.05104166666666671,0.05104166666666671,0.14626865671641803,fdb12e7fe72c82b1485080b0381022d0ad2365844e86695ff8bfece9ef42964b
CMC,5,25,SUT-E,0.2,0.078125,0.12187500000000001,0.12187500000000001,1.56,fdb12e7fe72c82b1485080b0381022d0ad2365844e86695ff8bfece9ef42964b
CMC,5,25,SUT-F,0.4,0.3489583333333333,0.05104166666666671,0.05104166666666671,0.14626865671641803,fdb12e7fe72c82b1485080b0381022d0ad2365844e86695ff8bfece9ef42964b
Uniform,5,25,SUT-E,0.2,0.078125,0.12187500000000001,0.12187500000000001,1.56,fdb12e7fe72c82b1485080b0381022d0ad2365844e86695ff8bfece9ef42964b
Uniform,5,25,SUT-F,0.2,0.3489583333333333,-0.1489583333333333,0.1489583333333333,0.42686567164179096,fdb12e7fe72c82b1485080b0381022d0ad2365844e86695ff8bfece9ef42964b
IS,5,25,SUT-E,0.0903648418703249,0.078125,0.012239841870324897,0.012239841870324897,0.1566699759401587,fdb12e7fe72c82b1485080b0381022d0ad2365844e86695ff8bfece9ef42964b
IS,5,25,SUT-F,0.26961239525528435,0.3489583333333333,-0.07934593807804896,0.07934593807804896,0.22737940464157316,fdb12e7fe72c82b1485080b0381022d0ad2365844e86695ff8bfece9ef42964b
FST-RandomSet,5,25,SUT-E,0.06528645008802414,0.078125,-0.01283854991197586,0.01283854991197586,0.16433343887329102,fdb12e7fe72c82b1485080b0381022d0ad2365844e86695ff8bfece9ef42964b
FST-RandomSet,5,25,SUT-F,0.7760408818721771,0.3489583333333333,0.4270825485388438,0.4270825485388438,1.2238783480516122,fdb12e7fe72c82b1485080b0381022d0ad2365844e86695ff8bfece9ef42964b
Handcrafted-Similarity,5,25,SUT-E,0.0,0.078125,-0.078125,0.078125,1.0,fdb12e7fe72c82b1485080b0381022d0ad2365844e86695ff8bfece9ef42964b
Handcrafted-Similarity,5,25,SUT-F,0.39419118022697974,0.3489583333333333,0.04523284689364643,0.04523284689364643,0.12962248662059872,fdb12e7fe72c82b1485080b0381022d0ad2365844e86695ff8bfece9ef42964b
FST-Similarity-H,5,25,SUT-E,0.059693071991205215,0.078125,-0.018431928008794785,0.018431928008794785,0.23592867851257324,fdb12e7fe72c82b1485080b0381022d0ad2365844e86695ff8bfece9ef42964b
FST-Similarity-H,5,25,SUT-F,0.4218342937529087,0.3489583333333333,0.07287596041957539,0.07287596041957539,0.20883857314266382,fdb12e7fe72c82b1485080b0381022d0ad2365844e86695ff8bfece9ef42964b
NoSimilarity-Optimized,5,25,SUT-E,0.0,0.078125,-0.078125,0.078125,1.0,fdb12e7fe72c82b1485080b0381022d0ad2365844e86695ff8bfece9ef42964b
NoSimilarity-Optimized,5,25,SUT-F,0.6000000000000001,0.3489583333333333,0.2510416666666668,0.2510416666666668,0.7194029850746272,fdb12e7fe72c82b1485080b0381022d0ad2365844e86695ff8bfece9ef42964b
CMC,5,26,SUT-E,0.0,0.078125,-0.078125,0.078125,1.0,fdb12e7fe72c82b1485080b0381022d0ad2365844e86695ff8bfece9ef42964b
CMC,5,26,SUT-F,0.4,0.3489583333333333,0.05104166666666671,0.05104166666666671,0.14626865671641803,fdb12e7fe72c82b1485080b0381022d0ad2365844e86695ff8bfece9ef42964b
Uniform,5,26,SUT-E,0.2,0.078125,0.12187500000000001,0.12187500000000001,1.56,fdb12e7fe72c82b1485080b0381022d0ad2365844e86695ff8bfece9ef42964b
Uniform,5,26,SUT-F,0.4,0.3489583333333333,0.05104166666666671,0.05104166666666671,0.14626865671641803,fdb12e7fe72c82b1485080b0381022d0ad2365844e86695ff8bfece9ef42964b
IS,5,26,SUT-E,0.05149408006013906,0.078125,-0.026630919939860942,0.026630919939860942,0.34087577523022006,fdb12e7fe72c82b1485080b0381022d0ad2365844e86695ff8bfece9ef42964b
IS,5,26,SUT-F,0.3013991302608461,0.3489583333333333,-0.04755920307248723,0.04755920307248723,0.1362890595510082,fdb12e7fe72c82b1485080b0381022d0ad2365844e86695ff8bfece9ef42964b
FST-RandomSet,5,26,SUT-E,0.05808449536561966,0.078125,-0.02004050463438034,0.02004050463438034,0.25651845932006834,fdb12e7fe72c82b1485080b0381022d0ad2365844e86695ff8bfece9ef42964b
FST-RandomSet,5,26,SUT-F,0.3213067874312401,0.3489583333333333,-0.027651545902093233,0.027651545902093233,0.07924025094331195,fdb12e7fe72c82b1485080b0381022d0ad2365844e86695ff8bfece9ef42964b
Handcrafted-Similarity,5,26,SUT-E,0.0,0.078125,-0.078125,0.078125,1.0,fdb12e7fe72c82b1485080b0381022d0ad2365844e86695ff8bfece9ef42964b
Handcrafted-Similarity,5,26,SUT-F,0.6036887732997107,0.3489583333333333,0.2547304399663774,0.2547304399663774,0.7299737981126039,fdb12e7fe72c82b1485080b0381022d0ad2365844e86695ff8bfece9ef42964b
FST-Similarity-H,5,26,SUT-E,0.16998916491866112,0.078125,0.09186416491866112,0.09186416491866112,1.1758613109588623,fdb12e7fe72c82b1485080b0381022d0ad2365844e86695ff8bfece9ef42964b
FST-Similarity-H,5,26,SUT-F,0.3145136199891567,0.3489583333333333,-0.03444471334417659,0.03444471334417659,0.09870723824002844,fdb12e7fe72c82b1485080b0381022d0ad2365844e86695ff8bfece9ef42964b
NoSimilarity-Optimized,5,26,SUT-E,0.0,0.078125,-0.078125,0.078125,1.0,fdb12e7fe72c82b1485080b0381022d0ad2365844e86695ff8bfece9ef42964b
NoSimilarity-Optimized,5,26,SUT-F,0.4,0.3489583333333333,0.05104166666666671,0.05104166666666671,0.14626865671641803,fdb12e7fe72c82b1485080b0381022d0ad2365844e86695ff8bfece9ef42964b
CMC,5,27,SUT-E,0.0,0.078125,-0.078125,0.078125,1.0,fdb12e7fe72c82b1485080b0381022d0ad2365844e86695ff8bfece9ef42964b
CMC,5,27,SUT-F,0.0,0.3489583333333333,-0.3489583333333333,0.3489583333333333,1.0,fdb12e7fe72c82b1485080b0381022d0ad2365844e86695ff8bfece9ef42964b
Uniform,5,27,SUT-E,0.2,0.078125,0.12187500000000001,0.12187500000000001,1.56,fdb12e7fe72c82b1485080b0381022d0ad2365844e86695ff8bfece9ef42964b
Uniform,5,27,SUT-F,0.4,0.3489583333333333,0.05104166666666671,0.05104166666666671,0.14626865671641803,fdb12e7fe72c82b1485080b0381022d0ad2365844e86695ff8bfece9ef42964b
IS,5,27,SUT-E,0.0903648418703249,0.078125,0.012239841870324897,0.012239841870324897,0.1566699759401587,fdb12e7fe72c82b1485080b0381022d0ad2365844e86695ff8bfece9ef42964b
IS,5,27,SUT-F,0.24484708205074207,0.3489583333333333,-0.10411125128259124,0.10411125128259124,0.2983486603919033,fdb12e7fe72c82b1485080b0381022d0ad2365844e86695ff8bfece9ef42964b
FST-RandomSet,5,27,SUT-E,0.058827370405197144,0.078125,-0.019297629594802856,0.019297629594802856,0.24700965881347656,fdb12e7fe72c82b1485080b0381022d0ad2365844e86695ff8bfece9ef42964b
FST-RandomSet,5,27,SUT-F,0.4246743470430374,0.3489583333333333,0.0757160137097041,0.0757160137097041,0.21697723331736102,fdb12e7fe72c82b1485080b0381022d0ad2365844e86695ff8bfece9ef42964b
Handcrafted-Similarity,5,27,SUT-E,0.0,0.078125,-0.078125,0.078125,1.0,fdb12e7fe72c82b1485080b0381022d0ad2365844e86695ff8bfece9ef42964b
Handcrafted-Similarity,5,27,SUT-F,0.5641705896668227,0.3489583333333333,0.21521225633348934,0.21521225633348934,0.6167276599407456,fdb12e7fe72c82b1485080b0381022d0ad2365844e86695ff8bfece9ef42964b
FST-Similarity-H,5,27,SUT-E,0.17240795493125916,0.078125,0.09428295493125916,0.09428295493125916,1.206821823120117,fdb12e7fe72c82b1485080b0381022d0ad2365844e86695ff8bfece9ef42964b
FST-Similarity-H,5,27,SUT-F,0.24218547716736794,0.3489583333333333,-0.10677285616596538,0.10677285616596538,0.3059759460278411,fdb12e7fe72c82b1485080b0381022d0ad2365844e86695ff8bfece9ef42964b
NoSimilarity-Optimized,5,27,SUT-E,0.0,0.078125,-0.078125,0.078125,1.0,fdb12e7fe72c82b1485080b0381022d0ad2365844e86695ff8bfece9ef42964b
NoSimilarity-Optimized,5,27,SUT-F,0.4,0.3489583333333333,0.05104166666666671,0.05104166666666671,0.14626865671641803,fdb12e7fe72c82b1485080b0381022d0ad2365844e86695ff8bfece9ef42964b
CMC,5,28,SUT-E,0.0,0.078125,-0.078125,0.078125,1.0,fdb12e7fe72c82b1485080b0381022d0ad2365844e86695ff8bfece9ef42964b
CMC,5,28,SUT-F,0.2,0.3489583333333333,-0.1489583333333333,0.1489583333333333,0.42686567164179096,fdb12e7fe72c82b1485080b0381022d0ad2365844e86695ff8bfece9ef42964b
Uniform,5,28,SUT-E,0.0,0.078125,-0.078125,0.078125,1.0,fdb12e7fe72c82b1485080b0381022d0ad2365844e86695ff8bfece9ef42964b
Uniform,5,28,SUT-F,0.2,0.3489583333333333,-0.1489583333333333,0.1489583333333333,0.42686567164179096,fdb12e7fe72c82b1485080b0381022d0ad2365844e86695ff8bfece9ef42964b
IS,5,28,SUT-E,0.05149408006013906,0.078125,-0.026630919939860942,0.026630919939860942,0.34087577523022006,fdb12e7fe72c82b1485080b0381022d0ad2365844e86695ff8bfece9ef42964b
IS,5,28,SUT-F,0.44831602034127505,0.3489583333333333,0.09935768700794173,0.09935768700794173,0.28472650605260913,fdb12e7fe72c82b1485080b0381022d0ad2365844e86695ff8bfece9ef42964b
FST-RandomSet,5,28,SUT-E,0.05639713257551193,0.078125,-0.021727867424488068,0.021727867424488068,0.27811670303344727,fdb12e7fe72c82b1485080b0381022d0ad2365844e86695ff8bfece9ef42964b
FST-RandomSet,5,28,SUT-F,0.2808973826467991,0.3489583333333333,-0.06806095068653423,0.06806095068653423,0.19504033629573989,fdb12e7fe72c82b1485080b0381022d0ad2365844e86695ff8bfece9ef42964b
Handcrafted-Similarity,5,28,SUT-E,0.0,0.078125,-0.078125,0.078125,1.0,fdb12e7fe72c82b1485080b0381022d0ad2365844e86695ff8bfece9ef42964b
Handcrafted-Similarity,5,28,SUT-F,0.18922603850736958,0.3489583333333333,-0.15973229482596374,0.15973229482596374,0.4577403075609707,fdb12e7fe72c82b1485080b0381022d0ad2365844e86695ff8bfece9ef42964b
FST-Similarity-H,5,28,SUT-E,0.17198839038610458,0.078125,0.09386339038610458,0.09386339038610458,1.2014513969421388,fdb12e7fe72c82b1485080b0381022d0ad2365844e86695ff8bfece9ef42964b
FST-Similarity-H,5,28,SUT-F,0.24218934774398804,0.3489583333333333,-0.10676898558934528,0.10676898558934528,0.3059648542261835,fdb12e7fe72c82b1485080b0381022d0ad2365844e86695ff8bfece9ef42964b
NoSimilarity-Optimized,5,28,SUT-E,0.0,0.078125,-0.078125,0.078125,1.0,fdb12e7fe72c82b1485080b0381022d0ad2365844e86695ff8bfece9ef42964b
NoSimilarity-Optimized,5,28,SUT-F,0.6000000000000001,0.3489583333333333,0.2510416666666668,0.2510416666666668,0.7194029850746272,fdb12e7fe72c82b1485080b0381022d0ad2365844e86695ff8bfece9ef42964b
CMC,5,29,SUT-E,0.0,0.078125,-0.078125,0.078125,1.0,fdb12e7fe72c82b1485080b0381022d0ad2365844e86695ff8bfece9ef42964b
CMC,5,29,SUT-F,0.2,0.3489583333333333,-0.1489583333333333,0.1489583333333333,0.42686567164179096,fdb12e7fe72c82b1485080b0381022d0ad2365844e86695ff8bfece9ef42964b
Uniform,5,29,SUT-E,0.2,0.078125,0.12187500000000001,0.12187500000000001,1.56,fdb12e7fe72c82b1485080b0381022d0ad2365844e86695ff8bfece9ef42964b
Uniform,5,29,SUT-F,0.8,0.3489583333333333,0.45104166666666673,0.45104166666666673,1.2925373134328362,fdb12e7fe72c82b1485080b0381022d0ad2365844e86695ff8bfece9ef42964b
IS,5,29,SUT-E,0.16810636549069657,0.078125,0.08998136549069657,0.08998136549069657,1.1517614782809162,fdb12e7fe72c82b1485080b0381022d0ad2365844e86695ff8bfece9ef42964b
IS,5,29,SUT-F,0.21960044555083563,0.3489583333333333,-0.12935788778249768,0.12935788778249768,0.37069723066029187,fdb12e7fe72c82b1485080b0381022d0ad2365844e86695ff8bfece9ef42964b
FST-RandomSet,5,29,SUT-E,0.17288845777511597,0.078125,0.09476345777511597,0.09476345777511597,1.2129722595214845,fdb12e7fe72c82b1485080b0381022d0ad2365844e86695ff8bfece9ef42964b
FST-RandomSet,5,29,SUT-F,0.2729199044406414,0.3489583333333333,-0.07603842889269191,0.07603842889269191,0.21790116936413206,fdb12e7fe72c82b1485080b0381022d0ad2365844e86695ff8bfece9ef42964b
Handcrafted-Similarity,5,29,SUT-E,0.0,0.078125,-0.078125,0.078125,1.0,fdb12e7fe72c82b1485080b0381022d0ad2365844e86695ff8bfece9ef42964b
Handcrafted-Similarity,5,29,SUT-F,0.1943308975670264,0.3489583333333333,-0.15462743576630691,0.15462743576630691,0.44311145771837207,fdb12e7fe72c82b1485080b0381022d0ad2365844e86695ff8bfece9ef42964b
FST-Similarity-H,5,29,SUT-E,0.057902589440345764,0.078125,-0.020222410559654236,0.020222410559654236,0.2588468551635742,fdb12e7fe72c82b1485080b0381022d0ad2365844e86695ff8bfece9ef42964b
FST-Similarity-H,5,29,SUT-F,0.24218789488077164,0.3489583333333333,-0.10677043845256168,0.10677043845256168,0.30596901765510215,fdb12e7fe72c82b1485080b0381022d0ad2365844e86695ff8bfece9ef42964b
NoSimilarity-Optimized,5,29,SUT-E,0.2,0.078125,0.12187500000000001,0.12187500000000001,1.56,fdb12e7fe72c82b1485080b0381022d0ad2365844e86695ff8bfece9ef42964b
NoSimilarity-Optimized,5,29,SUT-F,0.4,0.3489583333333333,0.05104166666666671,0.05104166666666671,0.14626865671641803,fdb12e7fe72c82b1485080b0381022d0ad2365844e86695ff8bfece9ef42964b
CMC,5,30,SUT-E,0.4,0.078125,0.321875,0.321875,4.12,fdb12e7fe72c82b1485080b0381022d0ad2365844e86695ff8bfece9ef42964b
CMC,5,30,SUT-F,0.4,0.3489583333333333,0.05104166666666671,0.05104166666666671,0.14626865671641803,fdb12e7fe72c82b1485080b0381022d0ad2365844e86695ff8bfece9ef42964b
Uniform,5,30,SUT-E,0.0,0.078125,-0.078125,0.078125,1.0,fdb12e7fe72c82b1485080b0381022d0ad2365844e86695ff8bfece9ef42964b
Uniform,5,30,SUT-F,0.2,0.3489583333333333,-0.1489583333333333,0.1489583333333333,0.42686567164179096,fdb12e7fe72c82b1485080b0381022d0ad2365844e86695ff8bfece9ef42964b
IS,5,30,SUT-E,0.0903648418703249,0.078125,0.012239841870324897,0.012239841870324897,0.1566699759401587,fdb12e7fe72c82b1485080b0381022d0ad2365844e86695ff8bfece9ef42964b
IS,5,30,SUT-F,0.193353001990603,0.3489583333333333,-0.1556053313427303,0.1556053313427303,0.44591378534036147,fdb12e7fe72c82b1485080b0381022d0ad2365844e86695ff8bfece9ef42964b
FST-RandomSet,5,30,SUT-E,0.07109621912240982,0.078125,-0.0070287808775901794,0.0070287808775901794,0.0899683952331543,fdb12e7fe72c82b1485080b0381022d0ad2365844e86695ff8bfece9ef42964b
FST-RandomSet,5,30,SUT-F,1.0000000931322575,0.3489583333333333,0.6510417597989242,0.6510417597989242,1.8656719086775142,fdb12e7fe72c82b1485080b0381022d0ad2365844e86695ff8bfece9ef42964b
Handcrafted-Similarity,5,30,SUT-E,0.0,0.078125,-0.078125,0.078125,1.0,fdb12e7fe72c82b1485080b0381022d0ad2365844e86695ff8bfece9ef42964b
Handcrafted-Similarity,5,30,SUT-F,0.3593156109887915,0.3489583333333333,0.010357277655458186,0.010357277655458186,0.029680556863402565,fdb12e7fe72c82b1485080b0381022d0ad2365844e86695ff8bfece9ef42964b
FST-Similarity-H,5,30,SUT-E,0.057902589440345764,0.078125,-0.020222410559654236,0.020222410559654236,0.2588468551635742,fdb12e7fe72c82b1485080b0381022d0ad2365844e86695ff8bfece9ef42964b
FST-Similarity-H,5,30,SUT-F,0.24218789488077164,0.3489583333333333,-0.10677043845256168,0.10677043845256168,0.30596901765510215,fdb12e7fe72c82b1485080b0381022d0ad2365844e86695ff8bfece9ef42964b
NoSimilarity-Optimized,5,30,SUT-E,0.0,0.078125,-0.078125,0.078125,1.0,fdb12e7fe72c82b1485080b0381022d0ad2365844e86695ff8bfece9ef42964b
NoSimilarity-Optimized,5,30,SUT-F,0.6000000000000001,0.3489583333333333,0.2510416666666668,0.2510416666666668,0.7194029850746272,fdb12e7fe72c82b1485080b0381022d0ad2365844e86695ff8bfece9ef42964b
CMC,5,31,SUT-E,0.0,0.078125,-0.078125,0.078125,1.0,fdb12e7fe72c82b1485080b0381022d0ad2365844e86695ff8bfece9ef42964b
CMC,5,31,SUT-F,0.4,0.3489583333333333,0.05104166666666671,0.05104166666666671,0.14626865671641803,fdb12e7fe72c82b1485080b0381022d0ad2365844e86695ff8bfece9ef42964b
Uniform,5,31,SUT-E,0.4,0.078125,0.321875,0.321875,4.12,fdb12e7fe72c82b1485080b0381022d0ad2365844e86695ff8bfece9ef42964b
Uniform,5,31,SUT-F,0.8,0.3489583333333333,0.45104166666666673,0.45104166666666673,1.2925373134328362,fdb12e7fe72c82b1485080b0381022d0ad2365844e86695ff8bfece9ef42964b
IS,5,31,SUT-E,0.07774152362037168,0.078125,-0.0003834763796283225,0.0003834763796283225,0.004908497659242528,fdb12e7fe72c82b1485080b0381022d0ad2365844e86695ff8bfece9ef42964b
IS,5,31,SUT-F,0.3276465738210787,0.3489583333333333,-0.021311759512254613,0.021311759512254613,0.0610725048709386,fdb12e7fe72c82b1485080b0381022d0ad2365844e86695ff8bfece9ef42964b
FST-RandomSet,5,31,SUT-E,0.058273233473300934,0.078125,-0.019851766526699066,0.019851766526699066,0.25410261154174807,fdb12e7fe72c82b1485080b0381022d0ad2365844e86695ff8bfece9ef42964b
FST-RandomSet,5,31,SUT-F,1.0000000149011612,0.3489583333333333,0.6510416815678279,0.6510416815678279,1.8656716844928802,fdb12e7fe72c82b1485080b0381022d0ad2365844e86695ff8bfece9ef42964b
Handcrafted-Similarity,5,31,SUT-E,0.0,0.078125,-0.078125,0.078125,1.0,fdb12e7fe72c82b1485080b0381022d0ad2365844e86695ff8bfece9ef42964b
Handcrafted-Similarity,5,31,SUT-F,0.5725196993405473,0.3489583333333333,0.22356136600721394,0.22356136600721394,0.6406534667669415,fdb12e7fe72c82b1485080b0381022d0ad2365844e86695ff8bfece9ef42964b
FST-Similarity-H,5,31,SUT-E,0.056699976325035095,0.078125,-0.021425023674964905,0.021425023674964905,0.27424030303955077,fdb12e7fe72c82b1485080b0381022d0ad2365844e86695ff8bfece9ef42964b
FST-Similarity-H,5,31,SUT-F,0.3614172264933586,0.3489583333333333,0.012458893160025297,0.012458893160025297,0.03570309681678891,fdb12e7fe72c82b1485080b0381022d0ad2365844e86695ff8bfece9ef42964b
NoSimilarity-Optimized,5,31,SUT-E,0.0,0.078125,-0.078125,0.078125,1.0,fdb12e7fe72c82b1485080b0381022d0ad2365844e86695ff8bfece9ef42964b
NoSimilarity-Optimized,5,31,SUT-F,0.8,0.3489583333333333,0.45104166666666673,0.45104166666666673,1.2925373134328362,fdb12e7fe72c82b1485080b0381022d0ad2365844e86695ff8bfece9ef42964b
CMC,5,32,SUT-E,0.0,0.078125,-0.078125,0.078125,1.0,fdb12e7fe72c82b1485080b0381022d0ad2365844e86695ff8bfece9ef42964b
CMC,5,32,SUT-F,0.2,0.3489583333333333,-0.1489583333333333,0.1489583333333333,0.42686567164179096,fdb12e7fe72c82b1485080b0381022d0ad2365844e86695ff8bfece9ef42964b
Uniform,5,32,SUT-E,0.0,0.078125,-0.078125,0.078125,1.0,fdb12e7fe72c82b1485080b0381022d0ad2365844e86695ff8bfece9ef42964b
Uniform,5,32,SUT-F,0.2,0.3489583333333333,-0.1489583333333333,0.1489583333333333,0.42686567164179096,fdb12e7fe72c82b1485080b0381022d0ad2365844e86695ff8bfece9ef42964b
IS,5,32,SUT-E,0.16810636549069657,0.078125,0.08998136549069657,0.08998136549069657,1.1517614782809162,fdb12e7fe72c82b1485080b0381022d0ad2365844e86695ff8bfece9ef42964b
IS,5,32,SUT-F,0.2443657587553779,0.3489583333333333,-0.10459257457795543,0.10459257457795543,0.29972797490996184,fdb12e7fe72c82b1485080b0381022d0ad2365844e86695ff8bfece9ef42964b
FST-RandomSet,5,32,SUT-E,0.014320752583444118,0.078125,-0.06380424741655588,0.06380424741655588,0.8166943669319153,fdb12e7fe72c82b1485080b0381022d0ad2365844e86695ff8bfece9ef42964b
FST-RandomSet,5,32,SUT-F,0.5701171671971679,0.3489583333333333,0.22115883386383456,0.22115883386383456,0.6337685985351678,fdb12e7fe72c82b1485080b0381022d0ad2365844e86695ff8bfece9ef42964b
Handcrafted-Similarity,5,32,SUT-E,0.0,0.078125,-0.078125,0.078125,1.0,fdb12e7fe72c82b1485080b0381022d0ad2365844e86695ff8bfece9ef42964b
Handcrafted-Similarity,5,32,SUT-F,0.4103143312670266,0.3489583333333333,0.061355997933693285,0.061355997933693285,0.17582614333237478,fdb12e7fe72c82b1485080b0381022d0ad2365844e86695ff8bfece9ef42964b
FST-Similarity-H,5,32,SUT-E,0.05629875883460045,0.078125,-0.02182624116539955,0.02182624116539955,0.27937588691711424,fdb12e7fe72c82b1485080b0381022d0ad2365844e86695ff8bfece9ef42964b
FST-Similarity-H,5,32,SUT-F,0.31233884766697884,0.3489583333333333,-0.03661948566635448,0.03661948566635448,0.10493942161104568,fdb12e7fe72c82b1485080b0381022d0ad2365844e86695ff8bfece9ef42964b
NoSimilarity-Optimized,5,32,SUT-E,0.0,0.078125,-0.078125,0.078125,1.0,fdb12e7fe72c82b1485080b0381022d0ad2365844e86695ff8bfece9ef42964b
NoSimilarity-Optimized,5,32,SUT-F,0.4,0.3489583333333333,0.05104166666666671,0.05104166666666671,0.14626865671641803,fdb12e7fe72c82b1485080b0381022d0ad2365844e86695ff8bfece9ef42964b
CMC,5,33,SUT-E,0.0,0.078125,-0.078125,0.078125,1.0,fdb12e7fe72c82b1485080b0381022d0ad2365844e86695ff8bfece9ef42964b
CMC,5,33,SUT-F,0.2,0.3489583333333333,-0.1489583333333333,0.1489583333333333,0.42686567164179096,fdb12e7fe72c82b1485080b0381022d0ad2365844e86695ff8bfece9ef42964b
Uniform,5,33,SUT-E,0.0,0.078125,-0.078125,0.078125,1.0,fdb12e7fe72c82b1485080b0381022d0ad2365844e86695ff8bfece9ef42964b
Uniform,5,33,SUT-F,0.2,0.3489583333333333,-0.1489583333333333,0.1489583333333333,0.42686567164179096,fdb12e7fe72c82b1485080b0381022d0ad2365844e86695ff8bfece9ef42964b
IS,5,33,SUT-E,0.16810636549069657,0.078125,0.08998136549069657,0.08998136549069657,1.1517614782809162,fdb12e7fe72c82b1485080b0381022d0ad2365844e86695ff8bfece9ef42964b
IS,5,33,SUT-F,0.21960044555083563,0.3489583333333333,-0.12935788778249768,0.12935788778249768,0.37069723066029187,fdb12e7fe72c82b1485080b0381022d0ad2365844e86695ff8bfece9ef42964b
FST-RandomSet,5,33,SUT-E,0.0558282732963562,0.078125,-0.0222967267036438,0.0222967267036438,0.2853981018066406,fdb12e7fe72c82b1485080b0381022d0ad2365844e86695ff8bfece9ef42964b
FST-RandomSet,5,33,SUT-F,0.2656930238008499,0.3489583333333333,-0.0832653095324834,0.0832653095324834,0.23861103627219124,fdb12e7fe72c82b1485080b0381022d0ad2365844e86695ff8bfece9ef42964b
Handcrafted-Similarity,5,33,SUT-E,0.0,0.078125,-0.078125,0.078125,1.0,fdb12e7fe72c82b1485080b0381022d0ad2365844e86695ff8bfece9ef42964b
Handcrafted-Similarity,5,33,SUT-F,0.3599046732355319,0.3489583333333333,0.010946339902198565,0.010946339902198565,0.03136861583913619,fdb12e7fe72c82b1485080b0381022d0ad2365844e86695ff8bfece9ef42964b
FST-Similarity-H,5,33,SUT-E,0.05584612488746643,0.078125,-0.02227887511253357,0.02227887511253357,0.2851696014404297,fdb12e7fe72c82b1485080b0381022d0ad2365844e86695ff8bfece9ef42964b
FST-Similarity-H,5,33,SUT-F,0.242189334705472,0.3489583333333333,-0.10676899862786132,0.10676899862786132,0.30596489159028917,fdb12e7fe72c82b1485080b0381022d0ad2365844e86695ff8bfece9ef42964b
NoSimilarity-Optimized,5,33,SUT-E,0.0,0.078125,-0.078125,0.078125,1.0,fdb12e7fe72c82b1485080b0381022d0ad2365844e86695ff8bfece9ef42964b
NoSimilarity-Optimized,5,33,SUT-F,0.4,0.3489583333333333,0.05104166666666671,0.05104166666666671,0.14626865671641803,fdb12e7fe72c82b1485080b0381022d0ad2365844e86695ff8bfece9ef42964b
CMC,5,34,SUT-E,0.2,0.078125,0.12187500000000001,0.12187500000000001,1.56,fdb12e7fe72c82b1485080b0381022d0ad2365844e86695ff8bfece9ef42964b
CMC,5,34,SUT-F,0.6000000000000001,0.3489583333333333,0.2510416666666668,0.2510416666666668,0.7194029850746272,fdb12e7fe72c82b1485080b0381022d0ad2365844e86695ff8bfece9ef42964b
Uniform,5,34,SUT-E,0.0,0.078125,-0.078125,0.078125,1.0,fdb12e7fe72c82b1485080b0381022d0ad2365844e86695ff8bfece9ef42964b
Uniform,5,34,SUT-F,0.6000000000000001,0.3489583333333333,0.2510416666666668,0.2510416666666668,0.7194029850746272,fdb12e7fe72c82b1485080b0381022d0ad2365844e86695ff8bfece9ef42964b
IS,5,34,SUT-E,0.03887076181018584,0.078125,-0.03925423818981416,0.03925423818981416,0.5024542488296213,fdb12e7fe72c82b1485080b0381022d0ad2365844e86695ff8bfece9ef42964b
IS,5,34,SUT-F,0.31354112521543515,0.3489583333333333,-0.03541720811789817,0.03541720811789817,0.10149408893487237,fdb12e7fe72c82b1485080b0381022d0ad2365844e86695ff8bfece9ef42964b
FST-RandomSet,5,34,SUT-E,0.055630914866924286,0.078125,-0.022494085133075714,0.022494085133075714,0.28792428970336914,fdb12e7fe72c82b1485080b0381022d0ad2365844e86695ff8bfece9ef42964b
FST-RandomSet,5,34,SUT-F,0.587887778878212,0.3489583333333333,0.23892944554487866,0.23892944554487866,0.6846933364868165,fdb12e7fe72c82b1485080b0381022d0ad2365844e86695ff8bfece9ef42964b
Handcrafted-Similarity,5,34,SUT-E,0.0,0.078125,-0.078125,0.078125,1.0,fdb12e7fe72c82b1485080b0381022d0ad2365844e86695ff8bfece9ef42964b
Handcrafted-Similarity,5,34,SUT-F,0.3732219119153718,0.3489583333333333,0.02426357858203848,0.02426357858203848,0.06953144907091625,fdb12e7fe72c82b1485080b0381022d0ad2365844e86695ff8bfece9ef42964b
FST-Similarity-H,5,34,SUT-E,0.05728934705257416,0.078125,-0.020835652947425842,0.020835652947425842,0.2666963577270508,fdb12e7fe72c82b1485080b0381022d0ad2365844e86695ff8bfece9ef42964b
FST-Similarity-H,5,34,SUT-F,0.24218786507844925,0.3489583333333333,-0.10677046825488407,0.10677046825488407,0.3059691030587723,fdb12e7fe72c82b1485080b0381022d0ad2365844e86695ff8bfece9ef42964b
NoSimilarity-Optimized,5,34,SUT-E,0.0,0.078125,-0.078125,0.078125,1.0,fdb12e7fe72c82b1485080b0381022d0ad2365844e86695ff8bfece9ef42964b
NoSimilarity-Optimized,5,34,SUT-F,0.4,0.3489583333333333,0.05104166666666671,0.05104166666666671,0.14626865671641803,fdb12e7fe72c82b1485080b0381022d0ad2365844e86695ff8bfece9ef42964b
CMC,5,35,SUT-E,0.0,0.078125,-0.078125,0.078125,1.0,fdb12e7fe72c82b1485080b0381022d0ad2365844e86695ff8bfece9ef42964b
CMC,5,35,SUT-F,0.4,0.3489583333333333,0.05104166666666671,0.05104166666666671,0.14626865671641803,fdb12e7fe72c82b1485080b0381022d0ad2365844e86695ff8bfece9ef42964b
Uniform,5,35,SUT-E,0.0,0.078125,-0.078125,0.078125,1.0,fdb12e7fe72c82b1485080b0381022d0ad2365844e86695ff8bfece9ef42964b
Uniform,5,35,SUT-F,0.4,0.3489583333333333,0.05104166666666671,0.05104166666666671,0.14626865671641803,fdb12e7fe72c82b1485080b0381022d0ad2365844e86695ff8bfece9ef42964b
IS,5,35,SUT-E,0.03887076181018584,0.078125,-0.03925423818981416,0.03925423818981416,0.5024542488296213,fdb12e7fe72c82b1485080b0381022d0ad2365844e86695ff8bfece9ef42964b
IS,5,35,SUT-F,0.24484708205074207,0.3489583333333333,-0.10411125128259124,0.10411125128259124,0.2983486603919033,fdb12e7fe72c82b1485080b0381022d0ad2365844e86695ff8bfece9ef42964b
FST-RandomSet,5,35,SUT-E,0.17194819450378418,0.078125,0.09382319450378418,0.09382319450378418,1.2009368896484376,fdb12e7fe72c82b1485080b0381022d0ad2365844e86695ff8bfece9ef42964b
FST-RandomSet,5,35,SUT-F,1.0000001043081284,0.3489583333333333,0.6510417709747951,0.6510417709747951,1.8656719407038904,fdb12e7fe72c82b1485080b0381022d0ad2365844e86695ff8bfece9ef42964b
Handcrafted-Similarity,5,35,SUT-E,0.0,0.078125,-0.078125,0.078125,1.0,fdb12e7fe72c82b1485080b0381022d0ad2365844e86695ff8bfece9ef42964b
Handcrafted-Similarity,5,35,SUT-F,0.20112588983257818,0.3489583333333333,-0.14783244350075514,0.14783244350075514,0.42363924107679085,fdb12e7fe72c82b1485080b0381022d0ad2365844e86695ff8bfece9ef42964b
FST-Similarity-H,5,35,SUT-E,0.05629876255989075,0.078125,-0.021826237440109253,0.021826237440109253,0.2793758392333984,fdb12e7fe72c82b1485080b0381022d0ad2365844e86695ff8bfece9ef42964b
FST-Similarity-H,5,35,SUT-F,0.31233885139226913,0.3489583333333333,-0.03661948194106418,0.03661948194106418,0.10493941093558691,fdb12e7fe72c82b1485080b0381022d0ad2365844e86695ff8bfece9ef42964b
NoSimilarity-Optimized,5,35,SUT-E,0.0,0.078125,-0.078125,0.078125,1.0,fdb12e7fe72c82b1485080b0381022d0ad2365844e86695ff8bfece9ef42964b
NoSimilarity-Optimized,5,35,SUT-F,0.6000000000000001,0.3489583333333333,0.2510416666666668,0.2510416666666668,0.7194029850746272,fdb12e7fe72c82b1485080b0381022d0ad2365844e86695ff8bfece9ef42964b
CMC,5,36,SUT-E,0.0,0.078125,-0.078125,0.078125,1.0,fdb12e7fe72c82b1485080b0381022d0ad2365844e86695ff8bfece9ef42964b
CMC,5,36,SUT-F,0.2,0.3489583333333333,-0.1489583333333333,0.1489583333333333,0.42686567164179096,fdb12e7fe72c82b1485080b0381022d0ad2365844e86695ff8bfece9ef42964b
Uniform,5,36,SUT-E,0.0,0.078125,-0.078125,0.078125,1.0,fdb12e7fe72c82b1485080b0381022d0ad2365844e86695ff8bfece9ef42964b
Uniform,5,36,SUT-F,0.4,0.3489583333333333,0.05104166666666671,0.05104166666666671,0.14626865671641803,fdb12e7fe72c82b1485080b0381022d0ad2365844e86695ff8bfece9ef42964b
IS,5,36,SUT-E,0.11661228543055752,0.078125,0.038487285430557516,0.038487285430557516,0.4926372535111362,fdb12e7fe72c82b1485080b0381022d0ad2365844e86695ff8bfece9ef42964b
IS,5,36,SUT-F,0.21960044555083563,0.3489583333333333,-0.12935788778249768,0.12935788778249768,0.37069723066029187,fdb12e7fe72c82b1485080b0381022d0ad2365844e86695ff8bfece9ef42964b
FST-RandomSet,5,36,SUT-E,0.07093623280525208,0.078125,-0.007188767194747925,0.007188767194747925,0.09201622009277344,fdb12e7fe72c82b1485080b0381022d0ad2365844e86695ff8bfece9ef42964b
FST-RandomSet,5,36,SUT-F,0.7093309164047241,0.3489583333333333,0.3603725830713908,0.3603725830713908,1.0327094917866722,fdb12e7fe72c82b1485080b0381022d0ad2365844e86695ff8bfece9ef42964b
Handcrafted-Similarity,5,36,SUT-E,0.0,0.078125,-0.078125,0.078125,1.0,fdb12e7fe72c82b1485080b0381022d0ad2365844e86695ff8bfece9ef42964b
Handcrafted-Similarity,5,36,SUT-F,0.19706852230559005,0.3489583333333333,-0.15188981102774327,0.15188981102774327,0.43526632413920463,fdb12e7fe72c82b1485080b0381022d0ad2365844e86695ff8bfece9ef42964b
FST-Similarity-H,5,36,SUT-E,0.1719110645353794,0.078125,0.09378606453537941,0.09378606453537941,1.2004616260528564,fdb12e7fe72c82b1485080b0381022d0ad2365844e86695ff8bfece9ef42964b
FST-Similarity-H,5,36,SUT-F,0.24218996241688728,0.3489583333333333,-0.10676837091644603,0.10676837091644603,0.30596309277548717,fdb12e7fe72c82b1485080b0381022d0ad2365844e86695ff8bfece9ef42964b
NoSimilarity-Optimized,5,36,SUT-E,0.0,0.078125,-0.078125,0.078125,1.0,fdb12e7fe72c82b1485080b0381022d0ad2365844e86695ff8bfece9ef42964b
NoSimilarity-Optimized,5,36,SUT-F,0.4,0.3489583333333333,0.05104166666666671,0.05104166666666671,0.14626865671641803,fdb12e7fe72c82b1485080b0381022d0ad2365844e86695ff8bfece9ef42964b
CMC,5,37,SUT-E,0.0,0.078125,-0.078125,0.078125,1.0,fdb12e7fe72c82b1485080b0381022d0ad2365844e86695ff8bfece9ef42964b
CMC,5,37,SUT-F,0.0,0.3489583333333333,-0.3489583333333333,0.3489583333333333,1.0,fdb12e7fe72c82b1485080b0381022d0ad2365844e86695ff8bfece9ef42964b
Uniform,5,37,SUT-E,0.2,0.078125,0.12187500000000001,0.12187500000000001,1.56,fdb12e7fe72c82b1485080b0381022d0ad2365844e86695ff8bfece9ef42964b
Uniform,5,37,SUT-F,0.2,0.3489583333333333,-0.1489583333333333,0.1489583333333333,0.42686567164179096,fdb12e7fe72c82b1485080b0381022d0ad2365844e86695ff8bfece9ef42964b
IS,5,37,SUT-E,0.05149408006013906,0.078125,-0.026630919939860942,0.026630919939860942,0.34087577523022006,fdb12e7fe72c82b1485080b0381022d0ad2365844e86695ff8bfece9ef42964b
IS,5,37,SUT-F,0.3528932103209852,0.3489583333333333,0.003934876987651881,0.003934876987651881,0.011276065397450167,fdb12e7fe72c82b1485080b0381022d0ad2365844e86695ff8bfece9ef42964b
FST-RandomSet,5,37,SUT-E,0.054983951151371,0.078125,-0.023141048848628998,0.023141048848628998,0.2962054252624512,fdb12e7fe72c82b1485080b0381022d0ad2365844e86695ff8bfece9ef42964b
FST-RandomSet,5,37,SUT-F,0.5975755229592323,0.3489583333333333,0.24861718962589902,0.24861718962589902,0.7124552299727256,fdb12e7fe72c82b1485080b0381022d0ad2365844e86695ff8bfece9ef42964b
Handcrafted-Similarity,5,37,SUT-E,0.0,0.078125,-0.078125,0.078125,1.0,fdb12e7fe72c82b1485080b0381022d0ad2365844e86695ff8bfece9ef42964b
Handcrafted-Similarity,5,37,SUT-F,0.195829092461262,0.3489583333333333,-0.1531292408720713,0.1531292408720713,0.438818123096085,fdb12e7fe72c82b1485080b0381022d0ad2365844e86695ff8bfece9ef42964b
FST-Similarity-H,5,37,SUT-E,0.0,0.078125,-0.078125,0.078125,1.0,fdb12e7fe72c82b1485080b0381022d0ad2365844e86695ff8bfece9ef42964b
FST-Similarity-H,5,37,SUT-F,0.8499079123139381,0.3489583333333333,0.5009495789806049,0.5009495789806049,1.4355570024518827,fdb12e7fe72c82b1485080b0381022d0ad2365844e86695ff8bfece9ef42964b
NoSimilarity-Optimized,5,37,SUT-E,0.0,0.078125,-0.078125,0.078125,1.0,fdb12e7fe72c82b1485080b0381022d0ad2365844e86695ff8bfece9ef42964b
NoSimilarity-Optimized,5,37,SUT-F,0.4,0.3489583333333333,0.05104166666666671,0.05104166666666671,0.14626865671641803,fdb12e7fe72c82b1485080b0381022d0ad2365844e86695ff8bfece9ef42964b
CMC,5,38,SUT-E,0.2,0.078125,0.12187500000000001,0.12187500000000001,1.56,fdb12e7fe72c82b1485080b0381022d0ad2365844e86695ff8bfece9ef42964b
CMC,5,38,SUT-F,0.4,0.3489583333333333,0.05104166666666671,0.05104166666666671,0.14626865671641803,fdb12e7fe72c82b1485080b0381022d0ad2365844e86695ff8bfece9ef42964b
Uniform,5,38,SUT-E,0.0,0.078125,-0.078125,0.078125,1.0,fdb12e7fe72c82b1485080b0381022d0ad2365844e86695ff8bfece9ef42964b
Uniform,5,38,SUT-F,0.6000000000000001,0.3489583333333333,0.2510416666666668,0.2510416666666668,0.7194029850746272,fdb12e7fe72c82b1485080b0381022d0ad2365844e86695ff8bfece9ef42964b
IS,5,38,SUT-E,0.16810636549069657,0.078125,0.08998136549069657,0.08998136549069657,1.1517614782809162,fdb12e7fe72c82b1485080b0381022d0ad2365844e86695ff8bfece9ef42964b
IS,5,38,SUT-F,0.16810636549069657,0.3489583333333333,-0.18085196784263674,0.18085196784263674,0.5182623556087501,fdb12e7fe72c82b1485080b0381022d0ad2365844e86695ff8bfece9ef42964b
FST-RandomSet,5,38,SUT-E,0.056931547820568085,0.078125,-0.021193452179431915,0.021193452179431915,0.2712761878967285,fdb12e7fe72c82b1485080b0381022d0ad2365844e86695ff8bfece9ef42964b
FST-RandomSet,5,38,SUT-F,0.27143536135554314,0.3489583333333333,-0.07752297197779018,0.07752297197779018,0.22215538238411514,fdb12e7fe72c82b1485080b0381022d0ad2365844e86695ff8bfece9ef42964b
Handcrafted-Similarity,5,38,SUT-E,0.0,0.078125,-0.078125,0.078125,1.0,fdb12e7fe72c82b1485080b0381022d0ad2365844e86695ff8bfece9ef42964b
Handcrafted-Similarity,5,38,SUT-F,0.19526619762433098,0.3489583333333333,-0.15369213570900234,0.15369213570900234,0.4404311948675888,fdb12e7fe72c82b1485080b0381022d0ad2365844e86695ff8bfece9ef42964b
FST-Similarity-H,5,38,SUT-E,0.057902589440345764,0.078125,-0.020222410559654236,0.020222410559654236,0.2588468551635742,fdb12e7fe72c82b1485080b0381022d0ad2365844e86695ff8bfece9ef42964b
FST-Similarity-H,5,38,SUT-F,0.24218789488077164,0.3489583333333333,-0.10677043845256168,0.10677043845256168,0.30596901765510215,fdb12e7fe72c82b1485080b0381022d0ad2365844e86695ff8bfece9ef42964b
NoSimilarity-Optimized,5,38,SUT-E,0.0,0.078125,-0.078125,0.078125,1.0,fdb12e7fe72c82b1485080b0381022d0ad2365844e86695ff8bfece9ef42964b
NoSimilarity-Optimized,5,38,SUT-F,0.4,0.3489583333333333,0.05104166666666671,0.05104166666666671,0.14626865671641803,fdb12e7fe72c82b1485080b0381022d0ad2365844e86695ff8bfece9ef42964b
CMC,5,39,SUT-E,0.0,0.078125,-0.078125,0.078125,1.0,fdb12e7fe72c82b1485080b0381022d0ad2365844e86695ff8bfece9ef42964b
CMC,5,39,SUT-F,0.4,0.3489583333333333,0.05104166666666671,0.05104166666666671,0.14626865671641803,fdb12e7fe72c82b1485080b0381022d0ad2365844e86695ff8bfece9ef42964b
Uniform,5,39,SUT-E,0.2,0.078125,0.12187500000000001,0.12187500000000001,1.56,fdb12e7fe72c82b1485080b0381022d0ad2365844e86695ff8bfece9ef42964b
Uniform,5,39,SUT-F,0.4,0.3489583333333333,0.05104166666666671,0.05104166666666671,0.14626865671641803,fdb12e7fe72c82b1485080b0381022d0ad2365844e86695ff8bfece9ef42964b
IS,5,39,SUT-E,0.11661228543055752,0.078125,0.038487285430557516,0.038487285430557516,0.4926372535111362,fdb12e7fe72c82b1485080b0381022d0ad2365844e86695ff8bfece9ef42964b
IS,5,39,SUT-F,0.33978856877566777,0.3489583333333333,-0.00916976455766555,0.00916976455766555,0.02627753425480277,fdb12e7fe72c82b1485080b0381022d0ad2365844e86695ff8bfece9ef42964b
FST-RandomSet,5,39,SUT-E,0.056331101804971695,0.078125,-0.021793898195028305,0.021793898195028305,0.2789618968963623,fdb12e7fe72c82b1485080b0381022d0ad2365844e86695ff8bfece9ef42964b
FST-RandomSet,5,39,SUT-F,0.41481563076376915,0.3489583333333333,0.06585729743043583,0.06585729743043583,0.18872538965139823,fdb12e7fe72c82b1485080b0381022d0ad2365844e86695ff8bfece9ef42964b
Handcrafted-Similarity,5,39,SUT-E,0.0,0.078125,-0.078125,0.078125,1.0,fdb12e7fe72c82b1485080b0381022d0ad2365844e86695ff8bfece9ef42964b
Handcrafted-Similarity,5,39,SUT-F,0.3593156109887915,0.3489583333333333,0.010357277655458186,0.010357277655458186,0.029680556863402565,fdb12e7fe72c82b1485080b0381022d0ad2365844e86695ff8bfece9ef42964b
FST-Similarity-H,5,39,SUT-E,0.05972736328840256,0.078125,-0.018397636711597443,0.018397636711597443,0.23548974990844726,fdb12e7fe72c82b1485080b0381022d0ad2365844e86695ff8bfece9ef42964b
FST-Similarity-H,5,39,SUT-F,0.42178040742874146,0.3489583333333333,0.07282207409540814,0.07282207409540814,0.20868415263161738,fdb12e7fe72c82b1485080b0381022d0ad2365844e86695ff8bfece9ef42964b
NoSimilarity-Optimized,5,39,SUT-E,0.0,0.078125,-0.078125,0.078125,1.0,fdb12e7fe72c82b1485080b0381022d0ad2365844e86695ff8bfece9ef42964b
NoSimilarity-Optimized,5,39,SUT-F,0.4,0.3489583333333333,0.05104166666666671,0.05104166666666671,0.14626865671641803,fdb12e7fe72c82b1485080b0381022d0ad2365844e86695ff8bfece9ef42964b
CMC,5,40,SUT-E,0.0,0.078125,-0.078125,0.078125,1.0,fdb12e7fe72c82b1485080b0381022d0ad2365844e86695ff8bfece9ef42964b
CMC,5,40,SUT-F,0.6000000000000001,0.3489583333333333,0.2510416666666668,0.2510416666666668,0.7194029850746272,fdb12e7fe72c82b1485080b0381022d0ad2365844e86695ff8bfece9ef42964b
Uniform,5,40,SUT-E,0.2,0.078125,0.12187500000000001,0.12187500000000001,1.56,fdb12e7fe72c82b1485080b0381022d0ad2365844e86695ff8bfece9ef42964b
Uniform,5,40,SUT-F,0.4,0.3489583333333333,0.05104166666666671,0.05104166666666671,0.14626865671641803,fdb12e7fe72c82b1485080b0381022d0ad2365844e86695ff8bfece9ef42964b
IS,5,40,SUT-E,0.05149408006013906,0.078125,-0.026630919939860942,0.026630919939860942,0.34087577523022006,fdb12e7fe72c82b1485080b0381022d0ad2365844e86695ff8bfece9ef42964b
IS,5,40,SUT-F,0.2574704003006953,0.3489583333333333,-0.09148793303263802,0.09148793303263802,0.262174375257709,fdb12e7fe72c82b1485080b0381022d0ad2365844e86695ff8bfece9ef42964b
FST-RandomSet,5,40,SUT-E,0.056581705808639526,0.078125,-0.021543294191360474,0.021543294191360474,0.2757541656494141,fdb12e7fe72c82b1485080b0381022d0ad2365844e86695ff8bfece9ef42964b
FST-RandomSet,5,40,SUT-F,0.2908332645893097,0.3489583333333333,-0.05812506874402362,0.05812506874402362,0.16656736117690352,fdb12e7fe72c82b1485080b0381022d0ad2365844e86695ff8bfece9ef42964b
Handcrafted-Similarity,5,40,SUT-E,0.0,0.078125,-0.078125,0.078125,1.0,fdb12e7fe72c82b1485080b0381022d0ad2365844e86695ff8bfece9ef42964b
Handcrafted-Similarity,5,40,SUT-F,0.6529606683456614,0.3489583333333333,0.30400233501232804,0.30400233501232804,0.8711708704830894,fdb12e7fe72c82b1485080b0381022d0ad2365844e86695ff8bfece9ef42964b
FST-Similarity-H,5,40,SUT-E,0.17242949083447456,0.078125,0.09430449083447456,0.09430449083447456,1.2070974826812744,fdb12e7fe72c82b1485080b0381022d0ad2365844e86695ff8bfece9ef42964b
FST-Similarity-H,5,40,SUT-F,0.24219296127557755,0.3489583333333333,-0.10676537205775577,0.10676537205775577,0.3059544990311807,fdb12e7fe72c82b1485080b0381022d0ad2365844e86695ff8bfece9ef42964b
NoSimilarity-Optimized,5,40,SUT-E,0.0,0.078125,-0.078125,0.078125,1.0,fdb12e7fe72c82b1485080b0381022d0ad2365844e86695ff8bfece9ef42964b
NoSimilarity-Optimized,5,40,SUT-F,0.4,0.3489583333333333,0.05104166666666671,0.05104166666666671,0.14626865671641803,fdb12e7fe72c82b1485080b0381022d0ad2365844e86695ff8bfece9ef42964b
CMC,5,41,SUT-E,0.0,0.078125,-0.078125,0.078125,1.0,fdb12e7fe72c82b1485080b0381022d0ad2365844e86695ff8bfece9ef42964b
CMC,5,41,SUT-F,0.4,0.3489583333333333,0.05104166666666671,0.05104166666666671,0.14626865671641803,fdb12e7fe72c82b1485080b0381022d0ad2365844e86695ff8bfece9ef42964b
Uniform,5,41,SUT-E,0.2,0.078125,0.12187500000000001,0.12187500000000001,1.56,fdb12e7fe72c82b1485080b0381022d0ad2365844e86695ff8bfece9ef42964b
Uniform,5,41,SUT-F,0.8,0.3489583333333333,0.45104166666666673,0.45104166666666673,1.2925373134328362,fdb12e7fe72c82b1485080b0381022d0ad2365844e86695ff8bfece9ef42964b
IS,5,41,SUT-E,0.07774152362037168,0.078125,-0.0003834763796283225,0.0003834763796283225,0.004908497659242528,fdb12e7fe72c82b1485080b0381022d0ad2365844e86695ff8bfece9ef42964b
IS,5,41,SUT-F,0.1807296837406498,0.3489583333333333,-0.16822864959268352,0.16822864959268352,0.48208807047455576,fdb12e7fe72c82b1485080b0381022d0ad2365844e86695ff8bfece9ef42964b
FST-RandomSet,5,41,SUT-E,0.05746038258075714,0.078125,-0.02066461741924286,0.02066461741924286,0.2645071029663086,fdb12e7fe72c82b1485080b0381022d0ad2365844e86695ff8bfece9ef42964b
FST-RandomSet,5,41,SUT-F,0.42685945332050323,0.3489583333333333,0.07790111998716992,0.07790111998716992,0.2232390304109944,fdb12e7fe72c82b1485080b0381022d0ad2365844e86695ff8bfece9ef42964b
Handcrafted-Similarity,5,41,SUT-E,0.0,0.078125,-0.078125,0.078125,1.0,fdb12e7fe72c82b1485080b0381022d0ad2365844e86695ff8bfece9ef42964b
Handcrafted-Similarity,5,41,SUT-F,0.41152768210128954,0.3489583333333333,0.06256934876795622,0.06256934876795622,0.1793032084096656,fdb12e7fe72c82b1485080b0381022d0ad2365844e86695ff8bfece9ef42964b
FST-Similarity-H,5,41,SUT-E,0.05676626041531563,0.078125,-0.021358739584684372,0.021358739584684372,0.27339186668396,fdb12e7fe72c82b1485080b0381022d0ad2365844e86695ff8bfece9ef42964b
FST-Similarity-H,5,41,SUT-F,0.4258907474577427,0.3489583333333333,0.07693241412440938,0.07693241412440938,0.22046303749084478,fdb12e7fe72c82b1485080b0381022d0ad2365844e86695ff8bfece9ef42964b
NoSimilarity-Optimized,5,41,SUT-E,0.0,0.078125,-0.078125,0.078125,1.0,fdb12e7fe72c82b1485080b0381022d0ad2365844e86695ff8bfece9ef42964b
NoSimilarity-Optimized,5,41,SUT-F,0.4,0.3489583333333333,0.05104166666666671,0.05104166666666671,0.14626865671641803,fdb12e7fe72c82b1485080b0381022d0ad2365844e86695ff8bfece9ef42964b
CMC,5,42,SUT-E,0.2,0.078125,0.12187500000000001,0.12187500000000001,1.56,fdb12e7fe72c82b1485080b0381022d0ad2365844e86695ff8bfece9ef42964b
CMC,5,42,SUT-F,0.2,0.3489583333333333,-0.1489583333333333,0.1489583333333333,0.42686567164179096,fdb12e7fe72c82b1485080b0381022d0ad2365844e86695ff8bfece9ef42964b
Uniform,5,42,SUT-E,0.0,0.078125,-0.078125,0.078125,1.0,fdb12e7fe72c82b1485080b0381022d0ad2365844e86695ff8bfece9ef42964b
Uniform,5,42,SUT-F,0.4,0.3489583333333333,0.05104166666666671,0.05104166666666671,0.14626865671641803,fdb12e7fe72c82b1485080b0381022d0ad2365844e86695ff8bfece9ef42964b
IS,5,42,SUT-E,0.03887076181018584,0.078125,-0.03925423818981416,0.03925423818981416,0.5024542488296213,fdb12e7fe72c82b1485080b0381022d0ad2365844e86695ff8bfece9ef42964b
IS,5,42,SUT-F,0.3402698920710319,0.3489583333333333,-0.008688441262301394,0.008688441262301394,0.024898219736744293,fdb12e7fe72c82b1485080b0381022d0ad2365844e86695ff8bfece9ef42964b
FST-RandomSet,5,42,SUT-E,0.1526617743074894,0.078125,0.0745367743074894,0.0745367743074894,0.9540707111358643,fdb12e7fe72c82b1485080b0381022d0ad2365844e86695ff8bfece9ef42964b
FST-RandomSet,5,42,SUT-F,0.9084427691996098,0.3489583333333333,0.5594844358662765,0.5594844358662765,1.603298681885449,fdb12e7fe72c82b1485080b0381022d0ad2365844e86695ff8bfece9ef42964b
Handcrafted-Similarity,5,42,SUT-E,0.0,0.078125,-0.078125,0.078125,1.0,fdb12e7fe72c82b1485080b0381022d0ad2365844e86695ff8bfece9ef42964b
Handcrafted-Similarity,5,42,SUT-F,0.19468651260795236,0.3489583333333333,-0.15427182072538095,0.15427182072538095,0.44209238178019616,fdb12e7fe72c82b1485080b0381022d0ad2365844e86695ff8bfece9ef42964b
FST-Similarity-H,5,42,SUT-E,0.05684933066368103,0.078125,-0.02127566933631897,0.02127566933631897,0.2723285675048828,fdb12e7fe72c82b1485080b0381022d0ad2365844e86695ff8bfece9ef42964b
FST-Similarity-H,5,42,SUT-F,0.2421872243285179,0.3489583333333333,-0.1067711090048154,0.1067711090048154,0.30597093923768,fdb12e7fe72c82b1485080b0381022d0ad2365844e86695ff8bfece9ef42964b
NoSimilarity-Optimized,5,42,SUT-E,0.0,0.078125,-0.078125,0.078125,1.0,fdb12e7fe72c82b1485080b0381022d0ad2365844e86695ff8bfece9ef42964b
NoSimilarity-Optimized,5,42,SUT-F,0.8,0.3489583333333333,0.45104166666666673,0.45104166666666673,1.2925373134328362,fdb12e7fe72c82b1485080b0381022d0ad2365844e86695ff8bfece9ef42964b
CMC,5,43,SUT-E,0.0,0.078125,-0.078125,0.078125,1.0,fdb12e7fe72c82b1485080b0381022d0ad2365844e86695ff8bfece9ef42964b
CMC,5,43,SUT-F,0.4,0.3489583333333333,0.05104166666666671,0.05104166666666671,0.14626865671641803,fdb12e7fe72c82b1485080b0381022d0ad2365844e86695ff8bfece9ef42964b
Uniform,5,43,SUT-E,0.0,0.078125,-0.078125,0.078125,1.0,fdb12e7fe72c82b1485080b0381022d0ad2365844e86695ff8bfece9ef42964b
Uniform,5,43,SUT-F,0.4,0.3489583333333333,0.05104166666666671,0.05104166666666671,0.14626865671641803,fdb12e7fe72c82b1485080b0381022d0ad2365844e86695ff8bfece9ef42964b
IS,5,43,SUT-E,0.11661228543055752,0.078125,0.038487285430557516,0.038487285430557516,0.4926372535111362,fdb12e7fe72c82b1485080b0381022d0ad2365844e86695ff8bfece9ef42964b
IS,5,43,SUT-F,0.21960044555083563,0.3489583333333333,-0.12935788778249768,0.12935788778249768,0.37069723066029187,fdb12e7fe72c82b1485080b0381022d0ad2365844e86695ff8bfece9ef42964b
FST-RandomSet,5,43,SUT-E,0.05790672451257706,0.078125,-0.020218275487422943,0.020218275487422943,0.25879392623901365,fdb12e7fe72c82b1485080b0381022d0ad2365844e86695ff8bfece9ef42964b
FST-RandomSet,5,43,SUT-F,0.44472500681877136,0.3489583333333333,0.09576667348543805,0.09576667348543805,0.2744358404358822,fdb12e7fe72c82b1485080b0381022d0ad2365844e86695ff8bfece9ef42964b
Handcrafted-Similarity,5,43,SUT-E,0.0,0.078125,-0.078125,0.078125,1.0,fdb12e7fe72c82b1485080b0381022d0ad2365844e86695ff8bfece9ef42964b
Handcrafted-Similarity,5,43,SUT-F,0.38400068490625905,0.3489583333333333,0.035042351572925734,0.035042351572925734,0.1004198731642051,fdb12e7fe72c82b1485080b0381022d0ad2365844e86695ff8bfece9ef42964b
FST-Similarity-H,5,43,SUT-E,0.0580810010433197,0.078125,-0.020043998956680298,0.020043998956680298,0.2565631866455078,fdb12e7fe72c82b1485080b0381022d0ad2365844e86695ff8bfece9ef42964b
FST-Similarity-H,5,43,SUT-F,0.24218740686774254,0.3489583333333333,-0.10677092646559078,0.10677092646559078,0.30597041614020043,fdb12e7fe72c82b1485080b0381022d0ad2365844e86695ff8bfece9ef42964b
NoSimilarity-Optimized,5,43,SUT-E,0.0,0.078125,-0.078125,0.078125,1.0,fdb12e7fe72c82b1485080b0381022d0ad2365844e86695ff8bfece9ef42964b
NoSimilarity-Optimized,5,43,SUT-F,0.4,0.3489583333333333,0.05104166666666671,0.05104166666666671,0.14626865671641803,fdb12e7fe72c82b1485080b0381022d0ad2365844e86695ff8bfece9ef42964b
CMC,5,44,SUT-E,0.0,0.078125,-0.078125,0.078125,1.0,fdb12e7fe72c82b1485080b0381022d0ad2365844e86695ff8bfece9ef42964b
CMC,5,44,SUT-F,0.4,0.3489583333333333,0.05104166666666671,0.05104166666666671,0.14626865671641803,fdb12e7fe72c82b1485080b0381022d0ad2365844e86695ff8bfece9ef42964b
Uniform,5,44,SUT-E,0.0,0.078125,-0.078125,0.078125,1.0,fdb12e7fe72c82b1485080b0381022d0ad2365844e86695ff8bfece9ef42964b
Uniform,5,44,SUT-F,0.4,0.3489583333333333,0.05104166666666671,0.05104166666666671,0.14626865671641803,fdb12e7fe72c82b1485080b0381022d0ad2365844e86695ff8bfece9ef42964b
IS,5,44,SUT-E,0.03887076181018584,0.078125,-0.03925423818981416,0.03925423818981416,0.5024542488296213,fdb12e7fe72c82b1485080b0381022d0ad2365844e86695ff8bfece9ef42964b
IS,5,44,SUT-F,0.38419862203118277,0.3489583333333333,0.03524028869784945,0.03524028869784945,0.10098709596995664,fdb12e7fe72c82b1485080b0381022d0ad2365844e86695ff8bfece9ef42964b
FST-RandomSet,5,44,SUT-E,0.03082304447889328,0.078125,-0.04730195552110672,0.04730195552110672,0.605465030670166,fdb12e7fe72c82b1485080b0381022d0ad2365844e86695ff8bfece9ef42964b
FST-RandomSet,5,44,SUT-F,0.2881440073251724,0.3489583333333333,-0.06081432600816089,0.06081432600816089,0.17427388945622227,fdb12e7fe72c82b1485080b0381022d0ad2365844e86695ff8bfece9ef42964b
Handcrafted-Similarity,5,44,SUT-E,0.0,0.078125,-0.078125,0.078125,1.0,fdb12e7fe72c82b1485080b0381022d0ad2365844e86695ff8bfece9ef42964b
Handcrafted-Similarity,5,44,SUT-F,0.3933935118269149,0.3489583333333333,0.044435178493581584,0.044435178493581584,0.12733663090698008,fdb12e7fe72c82b1485080b0381022d0ad2365844e86695ff8bfece9ef42964b
FST-Similarity-H,5,44,SUT-E,0.173675999045372,0.078125,0.09555099904537201,0.09555099904537201,1.2230527877807618,fdb12e7fe72c82b1485080b0381022d0ad2365844e86695ff8bfece9ef42964b
FST-Similarity-H,5,44,SUT-F,0.24315781891345978,0.3489583333333333,-0.10580051441987354,0.10580051441987354,0.30318953385993613,fdb12e7fe72c82b1485080b0381022d0ad2365844e86695ff8bfece9ef42964b
NoSimilarity-Optimized,5,44,SUT-E,0.0,0.078125,-0.078125,0.078125,1.0,fdb12e7fe72c82b1485080b0381022d0ad2365844e86695ff8bfece9ef42964b
NoSimilarity-Optimized,5,44,SUT-F,0.4,0.3489583333333333,0.05104166666666671,0.05104166666666671,0.14626865671641803,fdb12e7fe72c82b1485080b0381022d0ad2365844e86695ff8bfece9ef42964b
CMC,5,45,SUT-E,0.0,0.078125,-0.078125,0.078125,1.0,fdb12e7fe72c82b1485080b0381022d0ad2365844e86695ff8bfece9ef42964b
CMC,5,45,SUT-F,0.2,0.3489583333333333,-0.1489583333333333,0.1489583333333333,0.42686567164179096,fdb12e7fe72c82b1485080b0381022d0ad2365844e86695ff8bfece9ef42964b
Uniform,5,45,SUT-E,0.0,0.078125,-0.078125,0.078125,1.0,fdb12e7fe72c82b1485080b0381022d0ad2365844e86695ff8bfece9ef42964b
Uniform,5,45,SUT-F,0.4,0.3489583333333333,0.05104166666666671,0.05104166666666671,0.14626865671641803,fdb12e7fe72c82b1485080b0381022d0ad2365844e86695ff8bfece9ef42964b
IS,5,45,SUT-E,0.07774152362037168,0.078125,-0.0003834763796283225,0.0003834763796283225,0.004908497659242528,fdb12e7fe72c82b1485080b0381022d0ad2365844e86695ff8bfece9ef42964b
IS,5,45,SUT-F,0.352411887025621,0.3489583333333333,0.0034535536922876697,0.0034535536922876697,0.009896750879391531,fdb12e7fe72c82b1485080b0381022d0ad2365844e86695ff8bfece9ef42964b
FST-RandomSet,5,45,SUT-E,0.054711662232875824,0.078125,-0.023413337767124176,0.023413337767124176,0.29969072341918945,fdb12e7fe72c82b1485080b0381022d0ad2365844e86695ff8bfece9ef42964b
FST-RandomSet,5,45,SUT-F,0.8206902369856834,0.3489583333333333,0.4717319036523501,0.4717319036523501,1.3518287388246453,fdb12e7fe72c82b1485080b0381022d0ad2365844e86695ff8bfece9ef42964b
Handcrafted-Similarity,5,45,SUT-E,0.0,0.078125,-0.078125,0.078125,1.0,fdb12e7fe72c82b1485080b0381022d0ad2365844e86695ff8bfece9ef42964b
Handcrafted-Similarity,5,45,SUT-F,0.3593156109887915,0.3489583333333333,0.010357277655458186,0.010357277655458186,0.029680556863402565,fdb12e7fe72c82b1485080b0381022d0ad2365844e86695ff8bfece9ef42964b
FST-Similarity-H,5,45,SUT-E,0.17403094097971916,0.078125,0.09590594097971916,0.09590594097971916,1.2275960445404053,fdb12e7fe72c82b1485080b0381022d0ad2365844e86695ff8bfece9ef42964b
FST-Similarity-H,5,45,SUT-F,1.0000000558793545,0.3489583333333333,0.6510417225460212,0.6510417225460212,1.8656718019229266,fdb12e7fe72c82b1485080b0381022d0ad2365844e86695ff8bfece9ef42964b
NoSimilarity-Optimized,5,45,SUT-E,0.0,0.078125,-0.078125,0.078125,1.0,fdb12e7fe72c82b1485080b0381022d0ad2365844e86695ff8bfece9ef42964b
NoSimilarity-Optimized,5,45,SUT-F,0.4,0.3489583333333333,0.05104166666666671,0.05104166666666671,0.14626865671641803,fdb12e7fe72c82b1485080b0381022d0ad2365844e86695ff8bfece9ef42964b
CMC,5,46,SUT-E,0.2,0.078125,0.12187500000000001,0.12187500000000001,1.56,fdb12e7fe72c82b1485080b0381022d0ad2365844e86695ff8bfece9ef42964b
CMC,5,46,SUT-F,0.4,0.3489583333333333,0.05104166666666671,0.05104166666666671,0.14626865671641803,fdb12e7fe72c82b1485080b0381022d0ad2365844e86695ff8bfece9ef42964b
Uniform,5,46,SUT-E,0.0,0.078125,-0.078125,0.078125,1.0,fdb12e7fe72c82b1485080b0381022d0ad2365844e86695ff8bfece9ef42964b
Uniform,5,46,SUT-F,0.2,0.3489583333333333,-0.1489583333333333,0.1489583333333333,0.42686567164179096,fdb12e7fe72c82b1485080b0381022d0ad2365844e86695ff8bfece9ef42964b
IS,5,46,SUT-E,0.12923560368051074,0.078125,0.051110603680510736,0.051110603680510736,0.6542157271105374,fdb12e7fe72c82b1485080b0381022d0ad2365844e86695ff8bfece9ef42964b
IS,5,46,SUT-F,0.27615249376093964,0.3489583333333333,-0.07280583957239367,0.07280583957239367,0.2086376298193968,fdb12e7fe72c82b1485080b0381022d0ad2365844e86695ff8bfece9ef42964b
FST-RandomSet,5,46,SUT-E,0.009931148961186409,0.078125,-0.06819385103881359,0.06819385103881359,0.872881293296814,fdb12e7fe72c82b1485080b0381022d0ad2365844e86695ff8bfece9ef42964b
FST-RandomSet,5,46,SUT-F,0.9999999944120646,0.3489583333333333,0.6510416610787313,0.6510416610787313,1.865671625777857,fdb12e7fe72c82b1485080b0381022d0ad2365844e86695ff8bfece9ef42964b
Handcrafted-Similarity,5,46,SUT-E,0.0,0.078125,-0.078125,0.078125,1.0,fdb12e7fe72c82b1485080b0381022d0ad2365844e86695ff8bfece9ef42964b
Handcrafted-Similarity,5,46,SUT-F,0.18911566467110713,0.3489583333333333,-0.15984266866222618,0.15984266866222618,0.4580566027335437,fdb12e7fe72c82b1485080b0381022d0ad2365844e86695ff8bfece9ef42964b
FST-Similarity-H,5,46,SUT-E,0.056419409811496735,0.078125,-0.021705590188503265,0.021705590188503265,0.2778315544128418,fdb12e7fe72c82b1485080b0381022d0ad2365844e86695ff8bfece9ef42964b
FST-Similarity-H,5,46,SUT-F,0.36231933534145355,0.3489583333333333,0.013361002008120237,0.013361002008120237,0.03828824456058337,fdb12e7fe72c82b1485080b0381022d0ad2365844e86695ff8bfece9ef42964b
NoSimilarity-Optimized,5,46,SUT-E,0.0,0.078125,-0.078125,0.078125,1.0,fdb12e7fe72c82b1485080b0381022d0ad2365844e86695ff8bfece9ef42964b
NoSimilarity-Optimized,5,46,SUT-F,0.6000000000000001,0.3489583333333333,0.2510416666666668,0.2510416666666668,0.7194029850746272,fdb12e7fe72c82b1485080b0381022d0ad2365844e86695ff8bfece9ef42964b
CMC,5,47,SUT-E,0.0,0.078125,-0.078125,0.078125,1.0,fdb12e7fe72c82b1485080b0381022d0ad2365844e86695ff8bfece9ef42964b
CMC,5,47,SUT-F,0.6000000000000001,0.3489583333333333,0.2510416666666668,0.2510416666666668,0.7194029850746272,fdb12e7fe72c82b1485080b0381022d0ad2365844e86695ff8bfece9ef42964b
Uniform,5,47,SUT-E,0.2,0.078125,0.12187500000000001,0.12187500000000001,1.56,fdb12e7fe72c82b1485080b0381022d0ad2365844e86695ff8bfece9ef42964b
Uniform,5,47,SUT-F,0.4,0.3489583333333333,0.05104166666666671,0.05104166666666671,0.14626865671641803,fdb12e7fe72c82b1485080b0381022d0ad2365844e86695ff8bfece9ef42964b
IS,5,47,SUT-E,0.07774152362037168,0.078125,-0.0003834763796283225,0.0003834763796283225,0.004908497659242528,fdb12e7fe72c82b1485080b0381022d0ad2365844e86695ff8bfece9ef42964b
IS,5,47,SUT-F,0.23222376380078885,0.3489583333333333,-0.11673456953254446,0.11673456953254446,0.33452294552609757,fdb12e7fe72c82b1485080b0381022d0ad2365844e86695ff8bfece9ef42964b
FST-RandomSet,5,47,SUT-E,0.07020415272563696,0.078125,-0.007920847274363041,0.007920847274363041,0.10138684511184692,fdb12e7fe72c82b1485080b0381022d0ad2365844e86695ff8bfece9ef42964b
FST-RandomSet,5,47,SUT-F,0.5498571386560798,0.3489583333333333,0.20089880532274645,0.20089880532274645,0.5757100092830943,fdb12e7fe72c82b1485080b0381022d0ad2365844e86695ff8bfece9ef42964b
Handcrafted-Similarity,5,47,SUT-E,0.0,0.078125,-0.078125,0.078125,1.0,fdb12e7fe72c82b1485080b0381022d0ad2365844e86695ff8bfece9ef42964b
Handcrafted-Similarity,5,47,SUT-F,0.38666102107892353,0.3489583333333333,0.03770268774559021,0.03770268774559021,0.10804352309184062,fdb12e7fe72c82b1485080b0381022d0ad2365844e86695ff8bfece9ef42964b
FST-Similarity-H,5,47,SUT-E,0.057918913662433624,0.078125,-0.020206086337566376,0.020206086337566376,0.2586379051208496,fdb12e7fe72c82b1485080b0381022d0ad2365844e86695ff8bfece9ef42964b
FST-Similarity-H,5,47,SUT-F,0.3599642589688301,0.3489583333333333,0.011005925635496794,0.011005925635496794,0.031539368985304246,fdb12e7fe72c82b1485080b0381022d0ad2365844e86695ff8bfece9ef42964b
NoSimilarity-Optimized,5,47,SUT-E,0.2,0.078125,0.12187500000000001,0.12187500000000001,1.56,fdb12e7fe72c82b1485080b0381022d0ad2365844e86695ff8bfece9ef42964b
NoSimilarity-Optimized,5,47,SUT-F,0.4,0.3489583333333333,0.05104166666666671,0.05104166666666671,0.14626865671641803,fdb12e7fe72c82b1485080b0381022d0ad2365844e86695ff8bfece9ef42964b
CMC,5,48,SUT-E,0.2,0.078125,0.12187500000000001,0.12187500000000001,1.56,fdb12e7fe72c82b1485080b0381022d0ad2365844e86695ff8bfece9ef42964b
CMC,5,48,SUT-F,0.4,0.3489583333333333,0.05104166666666671,0.05104166666666671,0.14626865671641803,fdb12e7fe72c82b1485080b0381022d0ad2365844e86695ff8bfece9ef42964b
Uniform,5,48,SUT-E,0.0,0.078125,-0.078125,0.078125,1.0,fdb12e7fe72c82b1485080b0381022d0ad2365844e86695ff8bfece9ef42964b
Uniform,5,48,SUT-F,0.4,0.3489583333333333,0.05104166666666671,0.05104166666666671,0.14626865671641803,fdb12e7fe72c82b1485080b0381022d0ad2365844e86695ff8bfece9ef42964b
IS,5,48,SUT-E,0.03887076181018584,0.078125,-0.03925423818981416,0.03925423818981416,0.5024542488296213,fdb12e7fe72c82b1485080b0381022d0ad2365844e86695ff8bfece9ef42964b
IS,5,48,SUT-F,0.28877581201089286,0.3489583333333333,-0.06018252132244045,0.06018252132244045,0.1724633446852025,fdb12e7fe72c82b1485080b0381022d0ad2365844e86695ff8bfece9ef42964b
FST-RandomSet,5,48,SUT-E,0.056502994149923325,0.078125,-0.021622005850076675,0.021622005850076675,0.27676167488098147,fdb12e7fe72c82b1485080b0381022d0ad2365844e86695ff8bfece9ef42964b
FST-RandomSet,5,48,SUT-F,0.262638870626688,0.3489583333333333,-0.08631946270664531,0.08631946270664531,0.24736323641307315,fdb12e7fe72c82b1485080b0381022d0ad2365844e86695ff8bfece9ef42964b
Handcrafted-Similarity,5,48,SUT-E,0.0,0.078125,-0.078125,0.078125,1.0,fdb12e7fe72c82b1485080b0381022d0ad2365844e86695ff8bfece9ef42964b
Handcrafted-Similarity,5,48,SUT-F,0.20112588983257818,0.3489583333333333,-0.14783244350075514,0.14783244350075514,0.42363924107679085,fdb12e7fe72c82b1485080b0381022d0ad2365844e86695ff8bfece9ef42964b
FST-Similarity-H,5,48,SUT-E,0.06119322404265404,0.078125,-0.016931775957345963,0.016931775957345963,0.21672673225402833,fdb12e7fe72c82b1485080b0381022d0ad2365844e86695ff8bfece9ef42964b
FST-Similarity-H,5,48,SUT-F,0.24954316578805447,0.3489583333333333,-0.09941516754527885,0.09941516754527885,0.284891226398411,fdb12e7fe72c82b1485080b0381022d0ad2365844e86695ff8bfece9ef42964b
NoSimilarity-Optimized,5,48,SUT-E,0.0,0.078125,-0.078125,0.078125,1.0,fdb12e7fe72c82b1485080b0381022d0ad2365844e86695ff8bfece9ef42964b
NoSimilarity-Optimized,5,48,SUT-F,0.4,0.3489583333333333,0.05104166666666671,0.05104166666666671,0.14626865671641803,fdb12e7fe72c82b1485080b0381022d0ad2365844e86695ff8bfece9ef42964b
CMC,5,49,SUT-E,0.0,0.078125,-0.078125,0.078125,1.0,fdb12e7fe72c82b1485080b0381022d0ad2365844e86695ff8bfece9ef42964b
CMC,5,49,SUT-F,0.2,0.3489583333333333,-0.1489583333333333,0.1489583333333333,0.42686567164179096,fdb12e7fe72c82b1485080b0381022d0ad2365844e86695ff8bfece9ef42964b
Uniform,5,49,SUT-E,0.0,0.078125,-0.078125,0.078125,1.0,fdb12e7fe72c82b1485080b0381022d0ad2365844e86695ff8bfece9ef42964b
Uniform,5,49,SUT-F,0.2,0.3489583333333333,-0.1489583333333333,0.1489583333333333,0.42686567164179096,fdb12e7fe72c82b1485080b0381022d0ad2365844e86695ff8bfece9ef42964b
IS,5,49,SUT-E,0.07774152362037168,0.078125,-0.0003834763796283225,0.0003834763796283225,0.004908497659242528,fdb12e7fe72c82b1485080b0381022d0ad2365844e86695ff8bfece9ef42964b
IS,5,49,SUT-F,0.352411887025621,0.3489583333333333,0.0034535536922876697,0.0034535536922876697,0.009896750879391531,fdb12e7fe72c82b1485080b0381022d0ad2365844e86695ff8bfece9ef42964b
FST-RandomSet,5,49,SUT-E,0.05613270029425621,0.078125,-0.02199229970574379,0.02199229970574379,0.28150143623352053,fdb12e7fe72c82b1485080b0381022d0ad2365844e86695ff8bfece9ef42964b
FST-RandomSet,5,49,SUT-F,0.30436572059988976,0.3489583333333333,-0.04459261273344356,0.04459261273344356,0.12778778574359947,fdb12e7fe72c82b1485080b0381022d0ad2365844e86695ff8bfece9ef42964b
Handcrafted-Similarity,5,49,SUT-E,0.0,0.078125,-0.078125,0.078125,1.0,fdb12e7fe72c82b1485080b0381022d0ad2365844e86695ff8bfece9ef42964b
Handcrafted-Similarity,5,49,SUT-F,0.4184426083790751,0.3489583333333333,0.06948427504574178,0.06948427504574178,0.1991191165489914,fdb12e7fe72c82b1485080b0381022d0ad2365844e86695ff8bfece9ef42964b
FST-Similarity-H,5,49,SUT-E,0.057902589440345764,0.078125,-0.020222410559654236,0.020222410559654236,0.2588468551635742,fdb12e7fe72c82b1485080b0381022d0ad2365844e86695ff8bfece9ef42964b
FST-Similarity-H,5,49,SUT-F,0.24218789488077164,0.3489583333333333,-0.10677043845256168,0.10677043845256168,0.30596901765510215,fdb12e7fe72c82b1485080b0381022d0ad2365844e86695ff8bfece9ef42964b
NoSimilarity-Optimized,5,49,SUT-E,0.0,0.078125,-0.078125,0.078125,1.0,fdb12e7fe72c82b1485080b0381022d0ad2365844e86695ff8bfece9ef42964b
NoSimilarity-Optimized,5,49,SUT-F,0.4,0.3489583333333333,0.05104166666666671,0.05104166666666671,0.14626865671641803,fdb12e7fe72c82b1485080b0381022d0ad2365844e86695ff8bfece9ef42964b
CMC,10,0,SUT-E,0.1,0.078125,0.021875000000000006,0.021875000000000006,0.2800000000000001,fdb12e7fe72c82b1485080b0381022d0ad2365844e86695ff8bfece9ef42964b
CMC,10,0,SUT-F,0.1,0.3489583333333333,-0.2489583333333333,0.2489583333333333,0.7134328358208955,fdb12e7fe72c82b1485080b0381022d0ad2365844e86695ff8bfece9ef42964b
Uniform,10,0,SUT-E,0.2,0.078125,0.12187500000000001,0.12187500000000001,1.56,fdb12e7fe72c82b1485080b0381022d0ad2365844e86695ff8bfece9ef42964b
Uniform,10,0,SUT-F,0.5,0.3489583333333333,0.15104166666666669,0.15104166666666669,0.43283582089552247,fdb12e7fe72c82b1485080b0381022d0ad2365844e86695ff8bfece9ef42964b
IS,10,0,SUT-E,0.07774152362037168,0.078125,-0.0003834763796283225,0.0003834763796283225,0.004908497659242528,fdb12e7fe72c82b1485080b0381022d0ad2365844e86695ff8bfece9ef42964b
IS,10,0,SUT-F,0.21885938037299044,0.3489583333333333,-0.13009895296034288,0.13009895296034288,0.3728208801251617,fdb12e7fe72c82b1485080b0381022d0ad2365844e86695ff8bfece9ef42964b
FST-RandomSet,10,0,SUT-E,0.09862094558775425,0.078125,0.02049594558775425,0.02049594558775425,0.2623481035232544,fdb12e7fe72c82b1485080b0381022d0ad2365844e86695ff8bfece9ef42964b
FST-RandomSet,10,0,SUT-F,0.2946667429059744,0.3489583333333333,-0.05429159042735893,0.05429159042735893,0.15558187107541663,fdb12e7fe72c82b1485080b0381022d0ad2365844e86695ff8bfece9ef42964b
Handcrafted-Similarity,10,0,SUT-E,0.06710873307609178,0.078125,-0.011016266923908224,0.011016266923908224,0.14100821662602528,fdb12e7fe72c82b1485080b0381022d0ad2365844e86695ff8bfece9ef42964b
Handcrafted-Similarity,10,0,SUT-F,0.4203964318595265,0.3489583333333333,0.0714380985261932,0.0714380985261932,0.20471813308998651,fdb12e7fe72c82b1485080b0381022d0ad2365844e86695ff8bfece9ef42964b
FST-Similarity-H,10,0,SUT-E,0.05645541846752167,0.078125,-0.021669581532478333,0.021669581532478333,0.27737064361572267,fdb12e7fe72c82b1485080b0381022d0ad2365844e86695ff8bfece9ef42964b
FST-Similarity-H,10,0,SUT-F,0.27801984921097755,0.3489583333333333,-0.07093848412235576,0.07093848412235576,0.20328640226107922,fdb12e7fe72c82b1485080b0381022d0ad2365844e86695ff8bfece9ef42964b
NoSimilarity-Optimized,10,0,SUT-E,0.1,0.078125,0.021875000000000006,0.021875000000000006,0.2800000000000001,fdb12e7fe72c82b1485080b0381022d0ad2365844e86695ff8bfece9ef42964b
NoSimilarity-Optimized,10,0,SUT-F,0.4,0.3489583333333333,0.05104166666666671,0.05104166666666671,0.14626865671641803,fdb12e7fe72c82b1485080b0381022d0ad2365844e86695ff8bfece9ef42964b
CMC,10,1,SUT-E,0.0,0.078125,-0.078125,0.078125,1.0,fdb12e7fe72c82b1485080b0381022d0ad2365844e86695ff8bfece9ef42964b
CMC,10,1,SUT-F,0.2,0.3489583333333333,-0.1489583333333333,0.1489583333333333,0.42686567164179096,fdb12e7fe72c82b1485080b0381022d0ad2365844e86695ff8bfece9ef42964b
Uniform,10,1,SUT-E,0.1,0.078125,0.021875000000000006,0.021875000000000006,0.2800000000000001,fdb12e7fe72c82b1485080b0381022d0ad2365844e86695ff8bfece9ef42964b
Uniform,10,1,SUT-F,0.30000000000000004,0.3489583333333333,-0.04895833333333327,0.04895833333333327,0.1402985074626864,fdb12e7fe72c82b1485080b0381022d0ad2365844e86695ff8bfece9ef42964b
IS,10,1,SUT-E,0.03887076181018584,0.078125,-0.03925423818981416,0.03925423818981416,0.5024542488296213,fdb12e7fe72c82b1485080b0381022d0ad2365844e86695ff8bfece9ef42964b
IS,10,1,SUT-F,0.30395941683763084,0.3489583333333333,-0.04499891649570248,0.04499891649570248,0.12895211891305786,fdb12e7fe72c82b1485080b0381022d0ad2365844e86695ff8bfece9ef42964b
FST-RandomSet,10,1,SUT-E,0.08211817592382431,0.078125,0.00399317592382431,0.00399317592382431,0.05111265182495117,fdb12e7fe72c82b1485080b0381022d0ad2365844e86695ff8bfece9ef42964b
FST-RandomSet,10,1,SUT-F,0.431676072999835,0.3489583333333333,0.0827177396665017,0.0827177396665017,0.23704188083534816,fdb12e7fe72c82b1485080b0381022d0ad2365844e86695ff8bfece9ef42964b
Handcrafted-Similarity,10,1,SUT-E,0.0680170452134076,0.078125,-0.010107954786592405,0.010107954786592405,0.12938182126838277,fdb12e7fe72c82b1485080b0381022d0ad2365844e86695ff8bfece9ef42964b
Handcrafted-Similarity,10,1,SUT-F,0.4401680018001137,0.3489583333333333,0.09120966846678036,0.09120966846678036,0.26137696038241537,fdb12e7fe72c82b1485080b0381022d0ad2365844e86695ff8bfece9ef42964b
FST-Similarity-H,10,1,SUT-E,0.06280981190502644,0.078125,-0.015315188094973564,0.015315188094973564,0.19603440761566163,fdb12e7fe72c82b1485080b0381022d0ad2365844e86695ff8bfece9ef42964b
FST-Similarity-H,10,1,SUT-F,0.251534387934953,0.3489583333333333,-0.09742394539838034,0.09742394539838034,0.2791850375595377,fdb12e7fe72c82b1485080b0381022d0ad2365844e86695ff8bfece9ef42964b
NoSimilarity-Optimized,10,1,SUT-E,0.1,0.078125,0.021875000000000006,0.021875000000000006,0.2800000000000001,fdb12e7fe72c82b1485080b0381022d0ad2365844e86695ff8bfece9ef42964b
NoSimilarity-Optimized,10,1,SUT-F,0.30000000000000004,0.3489583333333333,-0.04895833333333327,0.04895833333333327,0.1402985074626864,fdb12e7fe72c82b1485080b0381022d0ad2365844e86695ff8bfece9ef42964b
CMC,10,2,SUT-E,0.1,0.078125,0.021875000000000006,0.021875000000000006,0.2800000000000001,fdb12e7fe72c82b1485080b0381022d0ad2365844e86695ff8bfece9ef42964b
CMC,10,2,SUT-F,0.2,0.3489583333333333,-0.1489583333333333,0.1489583333333333,0.42686567164179096,fdb12e7fe72c82b1485080b0381022d0ad2365844e86695ff8bfece9ef42964b
Uniform,10,2,SUT-E,0.1,0.078125,0.021875000000000006,0.021875000000000006,0.2800000000000001,fdb12e7fe72c82b1485080b0381022d0ad2365844e86695ff8bfece9ef42964b
Uniform,10,2,SUT-F,0.2,0.3489583333333333,-0.1489583333333333,0.1489583333333333,0.42686567164179096,fdb12e7fe72c82b1485080b0381022d0ad2365844e86695ff8bfece9ef42964b
IS,10,2,SUT-E,0.0971769045254646,0.078125,0.019051904525464597,0.019051904525464597,0.24386437792594684,fdb12e7fe72c82b1485080b0381022d0ad2365844e86695ff8bfece9ef42964b
IS,10,2,SUT-F,0.23829476127808338,0.3489583333333333,-0.11066357205524993,0.11066357205524993,0.3171254602180297,fdb12e7fe72c82b1485080b0381022d0ad2365844e86695ff8bfece9ef42964b
FST-RandomSet,10,2,SUT-E,0.07994055934250355,0.078125,0.0018155593425035477,0.0018155593425035477,0.02323915958404541,fdb12e7fe72c82b1485080b0381022d0ad2365844e86695ff8bfece9ef42964b
FST-RandomSet,10,2,SUT-F,0.5514873322099447,0.3489583333333333,0.2025289988766114,0.2025289988766114,0.5803816087210357,fdb12e7fe72c82b1485080b0381022d0ad2365844e86695ff8bfece9ef42964b
Handcrafted-Similarity,10,2,SUT-E,0.06973682611301696,0.078125,-0.008388173886983041,0.008388173886983041,0.10736862575338293,fdb12e7fe72c82b1485080b0381022d0ad2365844e86695ff8bfece9ef42964b
Handcrafted-Similarity,10,2,SUT-F,0.2528076464505392,0.3489583333333333,-0.0961506868827941,0.0961506868827941,0.27553629673875324,fdb12e7fe72c82b1485080b0381022d0ad2365844e86695ff8bfece9ef42964b
FST-Similarity-H,10,2,SUT-E,0.0568074993789196,0.078125,-0.0213175006210804,0.0213175006210804,0.2728640079498291,fdb12e7fe72c82b1485080b0381022d0ad2365844e86695ff8bfece9ef42964b
FST-Similarity-H,10,2,SUT-F,0.39194468036293983,0.3489583333333333,0.04298634702960652,0.04298634702960652,0.12318475566693213,fdb12e7fe72c82b1485080b0381022d0ad2365844e86695ff8bfece9ef42964b
NoSimilarity-Optimized,10,2,SUT-E,0.1,0.078125,0.021875000000000006,0.021875000000000006,0.2800000000000001,fdb12e7fe72c82b1485080b0381022d0ad2365844e86695ff8bfece9ef42964b
NoSimilarity-Optimized,10,2,SUT-F,0.4,0.3489583333333333,0.05104166666666671,0.05104166666666671,0.14626865671641803,fdb12e7fe72c82b1485080b0381022d0ad2365844e86695ff8bfece9ef42964b
CMC,10,3,SUT-E,0.2,0.078125,0.12187500000000001,0.12187500000000001,1.56,fdb12e7fe72c82b1485080b0381022d0ad2365844e86695ff8bfece9ef42964b
CMC,10,3,SUT-F,0.30000000000000004,0.3489583333333333,-0.04895833333333327,0.04895833333333327,0.1402985074626864,fdb12e7fe72c82b1485080b0381022d0ad2365844e86695ff8bfece9ef42964b
Uniform,10,3,SUT-E,0.0,0.078125,-0.078125,0.078125,1.0,fdb12e7fe72c82b1485080b0381022d0ad2365844e86695ff8bfece9ef42964b
Uniform,10,3,SUT-F,0.6,0.3489583333333333,0.25104166666666666,0.25104166666666666,0.7194029850746269,fdb12e7fe72c82b1485080b0381022d0ad2365844e86695ff8bfece9ef42964b
IS,10,3,SUT-E,0.03887076181018584,0.078125,-0.03925423818981416,0.03925423818981416,0.5024542488296213,fdb12e7fe72c82b1485080b0381022d0ad2365844e86695ff8bfece9ef42964b
IS,10,3,SUT-F,0.448075358693593,0.3489583333333333,0.09911702536025968,0.09911702536025968,0.28403684879358,fdb12e7fe72c82b1485080b0381022d0ad2365844e86695ff8bfece9ef42964b
FST-RandomSet,10,3,SUT-E,0.06735386699438095,0.078125,-0.010771133005619049,0.010771133005619049,0.13787050247192384,fdb12e7fe72c82b1485080b0381022d0ad2365844e86695ff8bfece9ef42964b
FST-RandomSet,10,3,SUT-F,0.27685760939493775,0.3489583333333333,-0.07210072393839556,0.07210072393839556,0.2066169999428649,fdb12e7fe72c82b1485080b0381022d0ad2365844e86695ff8bfece9ef42964b
Handcrafted-Similarity,10,3,SUT-E,0.06665518772885712,0.078125,-0.011469812271142882,0.011469812271142882,0.14681359707062888,fdb12e7fe72c82b1485080b0381022d0ad2365844e86695ff8bfece9ef42964b
Handcrafted-Similarity,10,3,SUT-F,0.42897992713627253,0.3489583333333333,0.08002159380293922,0.08002159380293922,0.22931561209200493,fdb12e7fe72c82b1485080b0381022d0ad2365844e86695ff8bfece9ef42964b
FST-Similarity-H,10,3,SUT-E,0.05714785307645798,0.078125,-0.020977146923542023,0.020977146923542023,0.2685074806213379,fdb12e7fe72c82b1485080b0381022d0ad2365844e86695ff8bfece9ef42964b
FST-Similarity-H,10,3,SUT-F,0.2862727679312229,0.3489583333333333,-0.0626855654021104,0.0626855654021104,0.17963624712246562,fdb12e7fe72c82b1485080b0381022d0ad2365844e86695ff8bfece9ef42964b
NoSimilarity-Optimized,10,3,SUT-E,0.1,0.078125,0.021875000000000006,0.021875000000000006,0.2800000000000001,fdb12e7fe72c82b1485080b0381022d0ad2365844e86695ff8bfece9ef42964b
NoSimilarity-Optimized,10,3,SUT-F,0.30000000000000004,0.3489583333333333,-0.04895833333333327,0.04895833333333327,0.1402985074626864,fdb12e7fe72c82b1485080b0381022d0ad2365844e86695ff8bfece9ef42964b
CMC,10,4,SUT-E,0.0,0.078125,-0.078125,0.078125,1.0,fdb12e7fe72c82b1485080b0381022d0ad2365844e86695ff8bfece9ef42964b
CMC,10,4,SUT-F,0.4,0.3489583333333333,0.05104166666666671,0.05104166666666671,0.14626865671641803,fdb12e7fe72c82b1485080b0381022d0ad2365844e86695ff8bfece9ef42964b
Uniform,10,4,SUT-E,0.1,0.078125,0.021875000000000006,0.021875000000000006,0.2800000000000001,fdb12e7fe72c82b1485080b0381022d0ad2365844e86695ff8bfece9ef42964b
Uniform,10,4,SUT-F,0.2,0.3489583333333333,-0.1489583333333333,0.1489583333333333,0.42686567164179096,fdb12e7fe72c82b1485080b0381022d0ad2365844e86695ff8bfece9ef42964b
IS,10,4,SUT-E,0.11611188190039443,0.078125,0.037986881900394426,0.037986881900394426,0.48623208832504866,fdb12e7fe72c82b1485080b0381022d0ad2365844e86695ff8bfece9ef42964b
IS,10,4,SUT-F,0.21811831519514527,0.3489583333333333,-0.13084001813818805,0.13084001813818805,0.37494452959003144,fdb12e7fe72c82b1485080b0381022d0ad2365844e86695ff8bfece9ef42964b
FST-RandomSet,10,4,SUT-E,0.057885600719600916,0.078125,-0.020239399280399084,0.020239399280399084,0.2590643107891083,fdb12e7fe72c82b1485080b0381022d0ad2365844e86695ff8bfece9ef42964b
FST-RandomSet,10,4,SUT-F,0.5576464678160846,0.3489583333333333,0.2086881344827513,0.2086881344827513,0.5980316689654963,fdb12e7fe72c82b1485080b0381022d0ad2365844e86695ff8bfece9ef42964b
Handcrafted-Similarity,10,4,SUT-E,0.15281781075356257,0.078125,0.07469281075356257,0.07469281075356257,0.9560679776456009,fdb12e7fe72c82b1485080b0381022d0ad2365844e86695ff8bfece9ef42964b
Handcrafted-Similarity,10,4,SUT-F,0.4440252562002617,0.3489583333333333,0.09506692286692836,0.09506692286692836,0.2724305849320932,fdb12e7fe72c82b1485080b0381022d0ad2365844e86695ff8bfece9ef42964b
FST-Similarity-H,10,4,SUT-E,0.05706794932484627,0.078125,-0.021057050675153732,0.021057050675153732,0.2695302486419678,fdb12e7fe72c82b1485080b0381022d0ad2365844e86695ff8bfece9ef42964b
FST-Similarity-H,10,4,SUT-F,0.5976317208260298,0.3489583333333333,0.24867338749269646,0.24867338749269646,0.7126162746059361,fdb12e7fe72c82b1485080b0381022d0ad2365844e86695ff8bfece9ef42964b
NoSimilarity-Optimized,10,4,SUT-E,0.1,0.078125,0.021875000000000006,0.021875000000000006,0.2800000000000001,fdb12e7fe72c82b1485080b0381022d0ad2365844e86695ff8bfece9ef42964b
NoSimilarity-Optimized,10,4,SUT-F,0.4,0.3489583333333333,0.05104166666666671,0.05104166666666671,0.14626865671641803,fdb12e7fe72c82b1485080b0381022d0ad2365844e86695ff8bfece9ef42964b
CMC,10,5,SUT-E,0.1,0.078125,0.021875000000000006,0.021875000000000006,0.2800000000000001,fdb12e7fe72c82b1485080b0381022d0ad2365844e86695ff8bfece9ef42964b
CMC,10,5,SUT-F,0.5,0.3489583333333333,0.15104166666666669,0.15104166666666669,0.43283582089552247,fdb12e7fe72c82b1485080b0381022d0ad2365844e86695ff8bfece9ef42964b
Uniform,10,5,SUT-E,0.2,0.078125,0.12187500000000001,0.12187500000000001,1.56,fdb12e7fe72c82b1485080b0381022d0ad2365844e86695ff8bfece9ef42964b
Uniform,10,5,SUT-F,0.7,0.3489583333333333,0.35104166666666664,0.35104166666666664,1.0059701492537314,fdb12e7fe72c82b1485080b0381022d0ad2365844e86695ff8bfece9ef42964b
IS,10,5,SUT-E,0.08405318274534829,0.078125,0.005928182745348287,0.005928182745348287,0.07588073914045808,fdb12e7fe72c82b1485080b0381022d0ad2365844e86695ff8bfece9ef42964b
IS,10,5,SUT-F,0.33395823294605537,0.3489583333333333,-0.015000100387277948,0.015000100387277948,0.042985362303841285,fdb12e7fe72c82b1485080b0381022d0ad2365844e86695ff8bfece9ef42964b
FST-RandomSet,10,5,SUT-E,0.07605871744453907,0.078125,-0.00206628255546093,0.00206628255546093,0.0264484167098999,fdb12e7fe72c82b1485080b0381022d0ad2365844e86695ff8bfece9ef42964b
FST-RandomSet,10,5,SUT-F,0.32758055068552494,0.3489583333333333,-0.021377782647808374,0.021377782647808374,0.061261705498197136,fdb12e7fe72c82b1485080b0381022d0ad2365844e86695ff8bfece9ef42964b
Handcrafted-Similarity,10,5,SUT-E,0.07230369058466646,0.078125,-0.005821309415333542,0.005821309415333542,0.07451276051626934,fdb12e7fe72c82b1485080b0381022d0ad2365844e86695ff8bfece9ef42964b
Handcrafted-Similarity,10,5,SUT-F,0.34868700951080406,0.3489583333333333,-0.0002713238225292569,0.0002713238225292569,0.0007775249839644377,fdb12e7fe72c82b1485080b0381022d0ad2365844e86695ff8bfece9ef42964b
FST-Similarity-H,10,5,SUT-E,0.05720999836921692,0.078125,-0.02091500163078308,0.02091500163078308,0.26771202087402346,fdb12e7fe72c82b1485080b0381022d0ad2365844e86695ff8bfece9ef42964b
FST-Similarity-H,10,5,SUT-F,0.2998319948092103,0.3489583333333333,-0.049126338524123014,0.049126338524123014,0.14077995517360625,fdb12e7fe72c82b1485080b0381022d0ad2365844e86695ff8bfece9ef42964b
NoSimilarity-Optimized,10,5,SUT-E,0.1,0.078125,0.021875000000000006,0.021875000000000006,0.2800000000000001,fdb12e7fe72c82b1485080b0381022d0ad2365844e86695ff8bfece9ef42964b
NoSimilarity-Optimized,10,5,SUT-F,0.4,0.3489583333333333,0.05104166666666671,0.05104166666666671,0.14626865671641803,fdb12e7fe72c82b1485080b0381022d0ad2365844e86695ff8bfece9ef42964b
CMC,10,6,SUT-E,0.1,0.078125,0.021875000000000006,0.021875000000000006,0.2800000000000001,fdb12e7fe72c82b1485080b0381022d0ad2365844e86695ff8bfece9ef42964b
CMC,10,6,SUT-F,0.6,0.3489583333333333,0.25104166666666666,0.25104166666666666,0.7194029850746269,fdb12e7fe72c82b1485080b0381022d0ad2365844e86695ff8bfece9ef42964b
Uniform,10,6,SUT-E,0.1,0.078125,0.021875000000000006,0.021875000000000006,0.2800000000000001,fdb12e7fe72c82b1485080b0381022d0ad2365844e86695ff8bfece9ef42964b
Uniform,10,6,SUT-F,0.5,0.3489583333333333,0.15104166666666669,0.15104166666666669,0.43283582089552247,fdb12e7fe72c82b1485080b0381022d0ad2365844e86695ff8bfece9ef42964b
IS,10,6,SUT-E,0.06461780184025537,0.078125,-0.013507198159744632,0.013507198159744632,0.17289213644473128,fdb12e7fe72c82b1485080b0381022d0ad2365844e86695ff8bfece9ef42964b
IS,10,6,SUT-F,0.24106440700074794,0.3489583333333333,-0.10789392633258538,0.10789392633258538,0.30918856501278197,fdb12e7fe72c82b1485080b0381022d0ad2365844e86695ff8bfece9ef42964b
FST-RandomSet,10,6,SUT-E,0.056519944220781326,0.078125,-0.021605055779218674,0.021605055779218674,0.27654471397399905,fdb12e7fe72c82b1485080b0381022d0ad2365844e86695ff8bfece9ef42964b
FST-RandomSet,10,6,SUT-F,0.8404197935014963,0.3489583333333333,0.491461460168163,0.491461460168163,1.4083671694371238,fdb12e7fe72c82b1485080b0381022d0ad2365844e86695ff8bfece9ef42964b
Handcrafted-Similarity,10,6,SUT-E,0.07016298682387925,0.078125,-0.007962013176120747,0.007962013176120747,0.10191376865434557,fdb12e7fe72c82b1485080b0381022d0ad2365844e86695ff8bfece9ef42964b
Handcrafted-Similarity,10,6,SUT-F,0.45022275291616765,0.3489583333333333,0.10126441958283433,0.10126441958283433,0.2901905755209581,fdb12e7fe72c82b1485080b0381022d0ad2365844e86695ff8bfece9ef42964b
FST-Similarity-H,10,6,SUT-E,0.05667196959257126,0.078125,-0.02145303040742874,0.02145303040742874,0.2745987892150879,fdb12e7fe72c82b1485080b0381022d0ad2365844e86695ff8bfece9ef42964b
FST-Similarity-H,10,6,SUT-F,0.82728579826653,0.3489583333333333,0.4783274649331967,0.4783274649331967,1.3707294517488624,fdb12e7fe72c82b1485080b0381022d0ad2365844e86695ff8bfece9ef42964b
NoSimilarity-Optimized,10,6,SUT-E,0.1,0.078125,0.021875000000000006,0.021875000000000006,0.2800000000000001,fdb12e7fe72c82b1485080b0381022d0ad2365844e86695ff8bfece9ef42964b
NoSimilarity-Optimized,10,6,SUT-F,0.5,0.3489583333333333,0.15104166666666669,0.15104166666666669,0.43283582089552247,fdb12e7fe72c82b1485080b0381022d0ad2365844e86695ff8bfece9ef42964b
CMC,10,7,SUT-E,0.1,0.078125,0.021875000000000006,0.021875000000000006,0.2800000000000001,fdb12e7fe72c82b1485080b0381022d0ad2365844e86695ff8bfece9ef42964b
CMC,10,7,SUT-F,0.2,0.3489583333333333,-0.1489583333333333,0.1489583333333333,0.42686567164179096,fdb12e7fe72c82b1485080b0381022d0ad2365844e86695ff8bfece9ef42964b
Uniform,10,7,SUT-E,0.1,0.078125,0.021875000000000006,0.021875000000000006,0.2800000000000001,fdb12e7fe72c82b1485080b0381022d0ad2365844e86695ff8bfece9ef42964b
Uniform,10,7,SUT-F,0.5,0.3489583333333333,0.15104166666666669,0.15104166666666669,0.43283582089552247,fdb12e7fe72c82b1485080b0381022d0ad2365844e86695ff8bfece9ef42964b
IS,10,7,SUT-E,0.01943538090509292,0.078125,-0.05868961909490708,0.05868961909490708,0.7512271244148107,fdb12e7fe72c82b1485080b0381022d0ad2365844e86695ff8bfece9ef42964b
IS,10,7,SUT-F,0.3332171677682102,0.3489583333333333,-0.015741165565123116,0.015741165565123116,0.04510901176871102,fdb12e7fe72c82b1485080b0381022d0ad2365844e86695ff8bfece9ef42964b
FST-RandomSet,10,7,SUT-E,0.05659324862062931,0.078125,-0.02153175137937069,0.02153175137937069,0.27560641765594485,fdb12e7fe72c82b1485080b0381022d0ad2365844e86695ff8bfece9ef42964b
FST-RandomSet,10,7,SUT-F,0.605359273031354,0.3489583333333333,0.25640093969802064,0.25640093969802064,0.7347609018211935,fdb12e7fe72c82b1485080b0381022d0ad2365844e86695ff8bfece9ef42964b
Handcrafted-Similarity,10,7,SUT-E,0.0675322233317023,0.078125,-0.010592776668297693,0.010592776668297693,0.13558754135421047,fdb12e7fe72c82b1485080b0381022d0ad2365844e86695ff8bfece9ef42964b
Handcrafted-Similarity,10,7,SUT-F,0.3423918722192003,0.3489583333333333,-0.006566461114133004,0.006566461114133004,0.018817321401694582,fdb12e7fe72c82b1485080b0381022d0ad2365844e86695ff8bfece9ef42964b
FST-Similarity-H,10,7,SUT-E,0.05846762657165527,0.078125,-0.019657373428344727,0.019657373428344727,0.2516143798828125,fdb12e7fe72c82b1485080b0381022d0ad2365844e86695ff8bfece9ef42964b
FST-Similarity-H,10,7,SUT-F,0.3802029127255082,0.3489583333333333,0.031244579392174898,0.031244579392174898,0.08953670512384448,fdb12e7fe72c82b1485080b0381022d0ad2365844e86695ff8bfece9ef42964b
NoSimilarity-Optimized,10,7,SUT-E,0.1,0.078125,0.021875000000000006,0.021875000000000006,0.2800000000000001,fdb12e7fe72c82b1485080b0381022d0ad2365844e86695ff8bfece9ef42964b
NoSimilarity-Optimized,10,7,SUT-F,0.4,0.3489583333333333,0.05104166666666671,0.05104166666666671,0.14626865671641803,fdb12e7fe72c82b1485080b0381022d0ad2365844e86695ff8bfece9ef42964b
CMC,10,8,SUT-E,0.0,0.078125,-0.078125,0.078125,1.0,fdb12e7fe72c82b1485080b0381022d0ad2365844e86695ff8bfece9ef42964b
CMC,10,8,SUT-F,0.30000000000000004,0.3489583333333333,-0.04895833333333327,0.04895833333333327,0.1402985074626864,fdb12e7fe72c82b1485080b0381022d0ad2365844e86695ff8bfece9ef42964b
Uniform,10,8,SUT-E,0.0,0.078125,-0.078125,0.078125,1.0,fdb12e7fe72c82b1485080b0381022d0ad2365844e86695ff8bfece9ef42964b
Uniform,10,8,SUT-F,0.30000000000000004,0.3489583333333333,-0.04895833333333327,0.04895833333333327,0.1402985074626864,fdb12e7fe72c82b1485080b0381022d0ad2365844e86695ff8bfece9ef42964b
IS,10,8,SUT-E,0.03887076181018584,0.078125,-0.03925423818981416,0.03925423818981416,0.5024542488296213,fdb12e7fe72c82b1485080b0381022d0ad2365844e86695ff8bfece9ef42964b
IS,10,8,SUT-F,0.32690550864323364,0.3489583333333333,-0.02205282469009967,0.02205282469009967,0.06319615433580801,fdb12e7fe72c82b1485080b0381022d0ad2365844e86695ff8bfece9ef42964b
FST-RandomSet,10,8,SUT-E,0.17209517024457455,0.078125,0.09397017024457455,0.09397017024457455,1.202818179130554,fdb12e7fe72c82b1485080b0381022d0ad2365844e86695ff8bfece9ef42964b
FST-RandomSet,10,8,SUT-F,0.33461557887494564,0.3489583333333333,-0.014342754458387674,0.014342754458387674,0.04110162471657364,fdb12e7fe72c82b1485080b0381022d0ad2365844e86695ff8bfece9ef42964b
Handcrafted-Similarity,10,8,SUT-E,0.07067580689084244,0.078125,-0.007449193109157565,0.007449193109157565,0.09534967179721683,fdb12e7fe72c82b1485080b0381022d0ad2365844e86695ff8bfece9ef42964b
Handcrafted-Similarity,10,8,SUT-F,0.43799866219807393,0.3489583333333333,0.08904032886474061,0.08904032886474061,0.2551603454034358,fdb12e7fe72c82b1485080b0381022d0ad2365844e86695ff8bfece9ef42964b
FST-Similarity-H,10,8,SUT-E,0.057110320776700974,0.078125,-0.021014679223299026,0.021014679223299026,0.26898789405822754,fdb12e7fe72c82b1485080b0381022d0ad2365844e86695ff8bfece9ef42964b
FST-Similarity-H,10,8,SUT-F,0.47365195490419865,0.3489583333333333,0.12469362157086533,0.12469362157086533,0.3573309752478529,fdb12e7fe72c82b1485080b0381022d0ad2365844e86695ff8bfece9ef42964b
NoSimilarity-Optimized,10,8,SUT-E,0.1,0.078125,0.021875000000000006,0.021875000000000006,0.2800000000000001,fdb12e7fe72c82b1485080b0381022d0ad2365844e86695ff8bfece9ef42964b
NoSimilarity-Optimized,10,8,SUT-F,0.4,0.3489583333333333,0.05104166666666671,0.05104166666666671,0.14626865671641803,fdb12e7fe72c82b1485080b0381022d0ad2365844e86695ff8bfece9ef42964b
CMC,10,9,SUT-E,0.0,0.078125,-0.078125,0.078125,1.0,fdb12e7fe72c82b1485080b0381022d0ad2365844e86695ff8bfece9ef42964b
CMC,10,9,SUT-F,0.2,0.3489583333333333,-0.1489583333333333,0.1489583333333333,0.42686567164179096,fdb12e7fe72c82b1485080b0381022d0ad2365844e86695ff8bfece9ef42964b
Uniform,10,9,SUT-E,0.1,0.078125,0.021875000000000006,0.021875000000000006,0.2800000000000001,fdb12e7fe72c82b1485080b0381022d0ad2365844e86695ff8bfece9ef42964b
Uniform,10,9,SUT-F,0.30000000000000004,0.3489583333333333,-0.04895833333333327,0.04895833333333327,0.1402985074626864,fdb12e7fe72c82b1485080b0381022d0ad2365844e86695ff8bfece9ef42964b
IS,10,9,SUT-E,0.13554726280548735,0.078125,0.057422262805487345,0.057422262805487345,0.7350049639102381,fdb12e7fe72c82b1485080b0381022d0ad2365844e86695ff8bfece9ef42964b
IS,10,9,SUT-F,0.2862468279359104,0.3489583333333333,-0.06271150539742293,0.06271150539742293,0.17971058263142095,fdb12e7fe72c82b1485080b0381022d0ad2365844e86695ff8bfece9ef42964b
FST-RandomSet,10,9,SUT-E,0.05682864598929882,0.078125,-0.02129635401070118,0.02129635401070118,0.2725933313369751,fdb12e7fe72c82b1485080b0381022d0ad2365844e86695ff8bfece9ef42964b
FST-RandomSet,10,9,SUT-F,0.4927291125059128,0.3489583333333333,0.14377077917257947,0.14377077917257947,0.41199984479306356,fdb12e7fe72c82b1485080b0381022d0ad2365844e86695ff8bfece9ef42964b
Handcrafted-Similarity,10,9,SUT-E,0.0701632434368615,0.078125,-0.007961756563138495,0.007961756563138495,0.10191048400817274,fdb12e7fe72c82b1485080b0381022d0ad2365844e86695ff8bfece9ef42964b
Handcrafted-Similarity,10,9,SUT-F,0.34815066097179803,0.3489583333333333,-0.0008076723615352832,0.0008076723615352832,0.0023145237823100654,fdb12e7fe72c82b1485080b0381022d0ad2365844e86695ff8bfece9ef42964b
FST-Similarity-H,10,9,SUT-E,0.05699481815099716,0.078125,-0.021130181849002838,0.021130181849002838,0.27046632766723633,fdb12e7fe72c82b1485080b0381022d0ad2365844e86695ff8bfece9ef42964b
FST-Similarity-H,10,9,SUT-F,0.31804978055879474,0.3489583333333333,-0.030908552774538578,0.030908552774538578,0.08857376317479712,fdb12e7fe72c82b1485080b0381022d0ad2365844e86695ff8bfece9ef42964b
NoSimilarity-Optimized,10,9,SUT-E,0.1,0.078125,0.021875000000000006,0.021875000000000006,0.2800000000000001,fdb12e7fe72c82b1485080b0381022d0ad2365844e86695ff8bfece9ef42964b
NoSimilarity-Optimized,10,9,SUT-F,0.4,0.3489583333333333,0.05104166666666671,0.05104166666666671,0.14626865671641803,fdb12e7fe72c82b1485080b0381022d0ad2365844e86695ff8bfece9ef42964b
CMC,10,10,SUT-E,0.1,0.078125,0.021875000000000006,0.021875000000000006,0.2800000000000001,fdb12e7fe72c82b1485080b0381022d0ad2365844e86695ff8bfece9ef42964b
CMC,10,10,SUT-F,0.4,0.3489583333333333,0.05104166666666671,0.05104166666666671,0.14626865671641803,fdb12e7fe72c82b1485080b0381022d0ad2365844e86695ff8bfece9ef42964b
Uniform,10,10,SUT-E,0.1,0.078125,0.021875000000000006,0.021875000000000006,0.2800000000000001,fdb12e7fe72c82b1485080b0381022d0ad2365844e86695ff8bfece9ef42964b
Uniform,10,10,SUT-F,0.4,0.3489583333333333,0.05104166666666671,0.05104166666666671,0.14626865671641803,fdb12e7fe72c82b1485080b0381022d0ad2365844e86695ff8bfece9ef42964b
IS,10,10,SUT-E,0.0971769045254646,0.078125,0.019051904525464597,0.019051904525464597,0.24386437792594684,fdb12e7fe72c82b1485080b0381022d0ad2365844e86695ff8bfece9ef42964b
IS,10,10,SUT-F,0.2001650646457427,0.3489583333333333,-0.1487932686875906,0.1487932686875906,0.4263926505674238,fdb12e7fe72c82b1485080b0381022d0ad2365844e86695ff8bfece9ef42964b
FST-RandomSet,10,10,SUT-E,0.05619116313755512,0.078125,-0.021933836862444878,0.021933836862444878,0.2807531118392944,fdb12e7fe72c82b1485080b0381022d0ad2365844e86695ff8bfece9ef42964b
FST-RandomSet,10,10,SUT-F,0.36884598433971405,0.3489583333333333,0.019887651006380735,0.019887651006380735,0.05699147751082241,fdb12e7fe72c82b1485080b0381022d0ad2365844e86695ff8bfece9ef42964b
Handcrafted-Similarity,10,10,SUT-E,0.06883837227970468,0.078125,-0.009286627720295315,0.009286627720295315,0.11886883481978003,fdb12e7fe72c82b1485080b0381022d0ad2365844e86695ff8bfece9ef42964b
Handcrafted-Similarity,10,10,SUT-F,0.3341439171346324,0.3489583333333333,-0.014814416198700942,0.014814416198700942,0.04245325239030718,fdb12e7fe72c82b1485080b0381022d0ad2365844e86695ff8bfece9ef42964b
FST-Similarity-H,10,10,SUT-E,0.10506684705615044,0.078125,0.026941847056150436,0.026941847056150436,0.34485564231872556,fdb12e7fe72c82b1485080b0381022d0ad2365844e86695ff8bfece9ef42964b
FST-Similarity-H,10,10,SUT-F,0.3517968254163861,0.3489583333333333,0.0028384920830528126,0.0028384920830528126,0.008134186267852837,fdb12e7fe72c82b1485080b0381022d0ad2365844e86695ff8bfece9ef42964b
NoSimilarity-Optimized,10,10,SUT-E,0.1,0.078125,0.021875000000000006,0.021875000000000006,0.2800000000000001,fdb12e7fe72c82b1485080b0381022d0ad2365844e86695ff8bfece9ef42964b
NoSimilarity-Optimized,10,10,SUT-F,0.30000000000000004,0.3489583333333333,-0.04895833333333327,0.04895833333333327,0.1402985074626864,fdb12e7fe72c82b1485080b0381022d0ad2365844e86695ff8bfece9ef42964b
CMC,10,11,SUT-E,0.2,0.078125,0.12187500000000001,0.12187500000000001,1.56,fdb12e7fe72c82b1485080b0381022d0ad2365844e86695ff8bfece9ef42964b
CMC,10,11,SUT-F,0.30000000000000004,0.3489583333333333,-0.04895833333333327,0.04895833333333327,0.1402985074626864,fdb12e7fe72c82b1485080b0381022d0ad2365844e86695ff8bfece9ef42964b
Uniform,10,11,SUT-E,0.0,0.078125,-0.078125,0.078125,1.0,fdb12e7fe72c82b1485080b0381022d0ad2365844e86695ff8bfece9ef42964b
Uniform,10,11,SUT-F,0.30000000000000004,0.3489583333333333,-0.04895833333333327,0.04895833333333327,0.1402985074626864,fdb12e7fe72c82b1485080b0381022d0ad2365844e86695ff8bfece9ef42964b
IS,10,11,SUT-E,0.05830614271527876,0.078125,-0.019818857284721242,0.019818857284721242,0.2536813732444319,fdb12e7fe72c82b1485080b0381022d0ad2365844e86695ff8bfece9ef42964b
IS,10,11,SUT-F,0.3463408895483264,0.3489583333333333,-0.00261744378500689,0.00261744378500689,0.007500734428676461,fdb12e7fe72c82b1485080b0381022d0ad2365844e86695ff8bfece9ef42964b
FST-RandomSet,10,11,SUT-E,0.09636633470654488,0.078125,0.018241334706544876,0.018241334706544876,0.2334890842437744,fdb12e7fe72c82b1485080b0381022d0ad2365844e86695ff8bfece9ef42964b
FST-RandomSet,10,11,SUT-F,0.2585369907319546,0.3489583333333333,-0.09042134260137874,0.09042134260137874,0.25911787730544356,fdb12e7fe72c82b1485080b0381022d0ad2365844e86695ff8bfece9ef42964b
Handcrafted-Similarity,10,11,SUT-E,0.06928695941112088,0.078125,-0.008838040588879117,0.008838040588879117,0.1131269195376527,fdb12e7fe72c82b1485080b0381022d0ad2365844e86695ff8bfece9ef42964b
Handcrafted-Similarity,10,11,SUT-F,0.436482717624889,0.3489583333333333,0.08752438429155568,0.08752438429155568,0.2508161460295327,fdb12e7fe72c82b1485080b0381022d0ad2365844e86695ff8bfece9ef42964b
FST-Similarity-H,10,11,SUT-E,0.09615289513021708,0.078125,0.018027895130217075,0.018027895130217075,0.23075705766677856,fdb12e7fe72c82b1485080b0381022d0ad2365844e86695ff8bfece9ef42964b
FST-Similarity-H,10,11,SUT-F,0.393508299253881,0.3489583333333333,0.04454996592054766,0.04454996592054766,0.12766557398127093,fdb12e7fe72c82b1485080b0381022d0ad2365844e86695ff8bfece9ef42964b
NoSimilarity-Optimized,10,11,SUT-E,0.1,0.078125,0.021875000000000006,0.021875000000000006,0.2800000000000001,fdb12e7fe72c82b1485080b0381022d0ad2365844e86695ff8bfece9ef42964b
NoSimilarity-Optimized,10,11,SUT-F,0.30000000000000004,0.3489583333333333,-0.04895833333333327,0.04895833333333327,0.1402985074626864,fdb12e7fe72c82b1485080b0381022d0ad2365844e86695ff8bfece9ef42964b
CMC,10,12,SUT-E,0.0,0.078125,-0.078125,0.078125,1.0,fdb12e7fe72c82b1485080b0381022d0ad2365844e86695ff8bfece9ef42964b
CMC,10,12,SUT-F,0.30000000000000004,0.3489583333333333,-0.04895833333333327,0.04895833333333327,0.1402985074626864,fdb12e7fe72c82b1485080b0381022d0ad2365844e86695ff8bfece9ef42964b
Uniform,10,12,SUT-E,0.0,0.078125,-0.078125,0.078125,1.0,fdb12e7fe72c82b1485080b0381022d0ad2365844e86695ff8bfece9ef42964b
Uniform,10,12,SUT-F,0.4,0.3489583333333333,0.05104166666666671,0.05104166666666671,0.14626865671641803,fdb12e7fe72c82b1485080b0381022d0ad2365844e86695ff8bfece9ef42964b
IS,10,12,SUT-E,0.08405318274534829,0.078125,0.005928182745348287,0.005928182745348287,0.07588073914045808,fdb12e7fe72c82b1485080b0381022d0ad2365844e86695ff8bfece9ef42964b
IS,10,12,SUT-F,0.23853542292576546,0.3489583333333333,-0.11042291040756785,0.11042291040756785,0.3164358029590004,fdb12e7fe72c82b1485080b0381022d0ad2365844e86695ff8bfece9ef42964b
FST-RandomSet,10,12,SUT-E,0.12265415769070387,0.078125,0.04452915769070387,0.04452915769070387,0.5699732184410096,fdb12e7fe72c82b1485080b0381022d0ad2365844e86695ff8bfece9ef42964b
FST-RandomSet,10,12,SUT-F,0.5285103349015117,0.3489583333333333,0.17955200156817835,0.17955200156817835,0.51453707912075,fdb12e7fe72c82b1485080b0381022d0ad2365844e86695ff8bfece9ef42964b
Handcrafted-Similarity,10,12,SUT-E,0.06934847511446687,0.078125,-0.008776524885533127,0.008776524885533127,0.11233951853482402,fdb12e7fe72c82b1485080b0381022d0ad2365844e86695ff8bfece9ef42964b
Handcrafted-Similarity,10,12,SUT-F,0.4423048536949077,0.3489583333333333,0.09334652036157437,0.09334652036157437,0.26750047626003404,fdb12e7fe72c82b1485080b0381022d0ad2365844e86695ff8bfece9ef42964b
FST-Similarity-H,10,12,SUT-E,0.05741489678621292,0.078125,-0.02071010321378708,0.02071010321378708,0.2650893211364746,fdb12e7fe72c82b1485080b0381022d0ad2365844e86695ff8bfece9ef42964b
FST-Similarity-H,10,12,SUT-F,0.6912006605416536,0.3489583333333333,0.3422423272083203,0.3422423272083203,0.9807541317014553,fdb12e7fe72c82b1485080b0381022d0ad2365844e86695ff8bfece9ef42964b
NoSimilarity-Optimized,10,12,SUT-E,0.1,0.078125,0.021875000000000006,0.021875000000000006,0.2800000000000001,fdb12e7fe72c82b1485080b0381022d0ad2365844e86695ff8bfece9ef42964b
NoSimilarity-Optimized,10,12,SUT-F,0.4,0.3489583333333333,0.05104166666666671,0.05104166666666671,0.14626865671641803,fdb12e7fe72c82b1485080b0381022d0ad2365844e86695ff8bfece9ef42964b
CMC,10,13,SUT-E,0.0,0.078125,-0.078125,0.078125,1.0,fdb12e7fe72c82b1485080b0381022d0ad2365844e86695ff8bfece9ef42964b
CMC,10,13,SUT-F,0.30000000000000004,0.3489583333333333,-0.04895833333333327,0.04895833333333327,0.1402985074626864,fdb12e7fe72c82b1485080b0381022d0ad2365844e86695ff8bfece9ef42964b
Uniform,10,13,SUT-E,0.2,0.078125,0.12187500000000001,0.12187500000000001,1.56,fdb12e7fe72c82b1485080b0381022d0ad2365844e86695ff8bfece9ef42964b
Uniform,10,13,SUT-F,0.30000000000000004,0.3489583333333333,-0.04895833333333327,0.04895833333333327,0.1402985074626864,fdb12e7fe72c82b1485080b0381022d0ad2365844e86695ff8bfece9ef42964b
IS,10,13,SUT-E,0.0903648418703249,0.078125,0.012239841870324897,0.012239841870324897,0.1566699759401587,fdb12e7fe72c82b1485080b0381022d0ad2365844e86695ff8bfece9ef42964b
IS,10,13,SUT-F,0.193353001990603,0.3489583333333333,-0.1556053313427303,0.1556053313427303,0.44591378534036147,fdb12e7fe72c82b1485080b0381022d0ad2365844e86695ff8bfece9ef42964b
FST-RandomSet,10,13,SUT-E,0.05597882345318794,0.078125,-0.022146176546812057,0.022146176546812057,0.28347105979919435,fdb12e7fe72c82b1485080b0381022d0ad2365844e86695ff8bfece9ef42964b
FST-RandomSet,10,13,SUT-F,0.29760458040982485,0.3489583333333333,-0.05135375292350847,0.05135375292350847,0.1471629934524422,fdb12e7fe72c82b1485080b0381022d0ad2365844e86695ff8bfece9ef42964b
Handcrafted-Similarity,10,13,SUT-E,0.07071763180418135,0.078125,-0.0074073681958186505,0.0074073681958186505,0.09481431290647872,fdb12e7fe72c82b1485080b0381022d0ad2365844e86695ff8bfece9ef42964b
Handcrafted-Similarity,10,13,SUT-F,0.3523956425714853,0.3489583333333333,0.0034373092381519976,0.0034373092381519976,0.009850199607838561,fdb12e7fe72c82b1485080b0381022d0ad2365844e86695ff8bfece9ef42964b
FST-Similarity-H,10,13,SUT-E,0.05736026167869568,0.078125,-0.02076473832130432,0.02076473832130432,0.2657886505126953,fdb12e7fe72c82b1485080b0381022d0ad2365844e86695ff8bfece9ef42964b
FST-Similarity-H,10,13,SUT-F,0.3118658270686865,0.3489583333333333,-0.03709250626464683,0.03709250626464683,0.1062949433255551,fdb12e7fe72c82b1485080b0381022d0ad2365844e86695ff8bfece9ef42964b
NoSimilarity-Optimized,10,13,SUT-E,0.1,0.078125,0.021875000000000006,0.021875000000000006,0.2800000000000001,fdb12e7fe72c82b1485080b0381022d0ad2365844e86695ff8bfece9ef42964b
NoSimilarity-Optimized,10,13,SUT-F,0.4,0.3489583333333333,0.05104166666666671,0.05104166666666671,0.14626865671641803,fdb12e7fe72c82b1485080b0381022d0ad2365844e86695ff8bfece9ef42964b
CMC,10,14,SUT-E,0.1,0.078125,0.021875000000000006,0.021875000000000006,0.2800000000000001,fdb12e7fe72c82b1485080b0381022d0ad2365844e86695ff8bfece9ef42964b
CMC,10,14,SUT-F,0.2,0.3489583333333333,-0.1489583333333333,0.1489583333333333,0.42686567164179096,fdb12e7fe72c82b1485080b0381022d0ad2365844e86695ff8bfece9ef42964b
Uniform,10,14,SUT-E,0.2,0.078125,0.12187500000000001,0.12187500000000001,1.56,fdb12e7fe72c82b1485080b0381022d0ad2365844e86695ff8bfece9ef42964b
Uniform,10,14,SUT-F,0.5,0.3489583333333333,0.15104166666666669,0.15104166666666669,0.43283582089552247,fdb12e7fe72c82b1485080b0381022d0ad2365844e86695ff8bfece9ef42964b
IS,10,14,SUT-E,0.0966765009953015,0.078125,0.018551500995301506,0.018551500995301506,0.2374592127398593,fdb12e7fe72c82b1485080b0381022d0ad2365844e86695ff8bfece9ef42964b
IS,10,14,SUT-F,0.30747012773814064,0.3489583333333333,-0.04148820559519267,0.04148820559519267,0.11889157424294021,fdb12e7fe72c82b1485080b0381022d0ad2365844e86695ff8bfece9ef42964b
FST-RandomSet,10,14,SUT-E,0.1813069600611925,0.078125,0.10318196006119251,0.10318196006119251,1.3207290887832641,fdb12e7fe72c82b1485080b0381022d0ad2365844e86695ff8bfece9ef42964b
FST-RandomSet,10,14,SUT-F,0.4741000384092331,0.3489583333333333,0.12514170507589978,0.12514170507589978,0.35861503544138446,fdb12e7fe72c82b1485080b0381022d0ad2365844e86695ff8bfece9ef42964b
Handcrafted-Similarity,10,14,SUT-E,0.16152874416335009,0.078125,0.08340374416335009,0.08340374416335009,1.0675679252908812,fdb12e7fe72c82b1485080b0381022d0ad2365844e86695ff8bfece9ef42964b
Handcrafted-Similarity,10,14,SUT-F,0.4318279470457553,0.3489583333333333,0.08286961371242196,0.08286961371242196,0.23747710198186595,fdb12e7fe72c82b1485080b0381022d0ad2365844e86695ff8bfece9ef42964b
FST-Similarity-H,10,14,SUT-E,0.057098785415291786,0.078125,-0.021026214584708214,0.021026214584708214,0.26913554668426515,fdb12e7fe72c82b1485080b0381022d0ad2365844e86695ff8bfece9ef42964b
FST-Similarity-H,10,14,SUT-F,0.2901226431131363,0.3489583333333333,-0.05883569022019702,0.05883569022019702,0.16860376898922133,fdb12e7fe72c82b1485080b0381022d0ad2365844e86695ff8bfece9ef42964b
NoSimilarity-Optimized,10,14,SUT-E,0.2,0.078125,0.12187500000000001,0.12187500000000001,1.56,fdb12e7fe72c82b1485080b0381022d0ad2365844e86695ff8bfece9ef42964b
NoSimilarity-Optimized,10,14,SUT-F,0.30000000000000004,0.3489583333333333,-0.04895833333333327,0.04895833333333327,0.1402985074626864,fdb12e7fe72c82b1485080b0381022d0ad2365844e86695ff8bfece9ef42964b
CMC,10,15,SUT-E,0.0,0.078125,-0.078125,0.078125,1.0,fdb12e7fe72c82b1485080b0381022d0ad2365844e86695ff8bfece9ef42964b
CMC,10,15,SUT-F,0.1,0.3489583333333333,-0.2489583333333333,0.2489583333333333,0.7134328358208955,fdb12e7fe72c82b1485080b0381022d0ad2365844e86695ff8bfece9ef42964b
Uniform,10,15,SUT-E,0.0,0.078125,-0.078125,0.078125,1.0,fdb12e7fe72c82b1485080b0381022d0ad2365844e86695ff8bfece9ef42964b
Uniform,10,15,SUT-F,0.2,0.3489583333333333,-0.1489583333333333,0.1489583333333333,0.42686567164179096,fdb12e7fe72c82b1485080b0381022d0ad2365844e86695ff8bfece9ef42964b
IS,10,15,SUT-E,0.06461780184025537,0.078125,-0.013507198159744632,0.013507198159744632,0.17289213644473128,fdb12e7fe72c82b1485080b0381022d0ad2365844e86695ff8bfece9ef42964b
IS,10,15,SUT-F,0.2153173669706784,0.3489583333333333,-0.1336409663626549,0.1336409663626549,0.3829711274870111,fdb12e7fe72c82b1485080b0381022d0ad2365844e86695ff8bfece9ef42964b
FST-RandomSet,10,15,SUT-E,0.05594936665147543,0.078125,-0.02217563334852457,0.02217563334852457,0.2838481068611145,fdb12e7fe72c82b1485080b0381022d0ad2365844e86695ff8bfece9ef42964b
FST-RandomSet,10,15,SUT-F,0.4064535303041339,0.3489583333333333,0.05749519697080058,0.05749519697080058,0.16476235549841362,fdb12e7fe72c82b1485080b0381022d0ad2365844e86695ff8bfece9ef42964b
Handcrafted-Similarity,10,15,SUT-E,0.07114031290884706,0.078125,-0.006984687091152936,0.006984687091152936,0.08940399476675757,fdb12e7fe72c82b1485080b0381022d0ad2365844e86695ff8bfece9ef42964b
Handcrafted-Similarity,10,15,SUT-F,0.34272029983057795,0.3489583333333333,-0.006238033502755369,0.006238033502755369,0.01787615570938852,fdb12e7fe72c82b1485080b0381022d0ad2365844e86695ff8bfece9ef42964b
FST-Similarity-H,10,15,SUT-E,0.05718283075839281,0.078125,-0.02094216924160719,0.02094216924160719,0.268059766292572,fdb12e7fe72c82b1485080b0381022d0ad2365844e86695ff8bfece9ef42964b
FST-Similarity-H,10,15,SUT-F,1.0000000344589353,0.3489583333333333,0.651041701125602,0.651041701125602,1.8656717405390386,fdb12e7fe72c82b1485080b0381022d0ad2365844e86695ff8bfece9ef42964b
NoSimilarity-Optimized,10,15,SUT-E,0.1,0.078125,0.021875000000000006,0.021875000000000006,0.2800000000000001,fdb12e7fe72c82b1485080b0381022d0ad2365844e86695ff8bfece9ef42964b
NoSimilarity-Optimized,10,15,SUT-F,0.4,0.3489583333333333,0.05104166666666671,0.05104166666666671,0.14626865671641803,fdb12e7fe72c82b1485080b0381022d0ad2365844e86695ff8bfece9ef42964b
CMC,10,16,SUT-E,0.1,0.078125,0.021875000000000006,0.021875000000000006,0.2800000000000001,fdb12e7fe72c82b1485080b0381022d0ad2365844e86695ff8bfece9ef42964b
CMC,10,16,SUT-F,0.5,0.3489583333333333,0.15104166666666669,0.15104166666666669,0.43283582089552247,fdb12e7fe72c82b1485080b0381022d0ad2365844e86695ff8bfece9ef42964b
Uniform,10,16,SUT-E,0.2,0.078125,0.12187500000000001,0.12187500000000001,1.56,fdb12e7fe72c82b1485080b0381022d0ad2365844e86695ff8bfece9ef42964b
Uniform,10,16,SUT-F,0.4,0.3489583333333333,0.05104166666666671,0.05104166666666671,0.14626865671641803,fdb12e7fe72c82b1485080b0381022d0ad2365844e86695ff8bfece9ef42964b
IS,10,16,SUT-E,0.1034885636504412,0.078125,0.025363563650441207,0.025363563650441207,0.32465361472564747,fdb12e7fe72c82b1485080b0381022d0ad2365844e86695ff8bfece9ef42964b
IS,10,16,SUT-F,0.24460642040306,0.3489583333333333,-0.10435191293027332,0.10435191293027332,0.29903831765093253,fdb12e7fe72c82b1485080b0381022d0ad2365844e86695ff8bfece9ef42964b
FST-RandomSet,10,16,SUT-E,0.05639414116740227,0.078125,-0.021730858832597733,0.021730858832597733,0.278154993057251,fdb12e7fe72c82b1485080b0381022d0ad2365844e86695ff8bfece9ef42964b
FST-RandomSet,10,16,SUT-F,0.391784705221653,0.3489583333333333,0.04282637188831967,0.04282637188831967,0.12272631944115488,fdb12e7fe72c82b1485080b0381022d0ad2365844e86695ff8bfece9ef42964b
Handcrafted-Similarity,10,16,SUT-E,0.0686008911024358,0.078125,-0.009524108897564207,0.009524108897564207,0.12190859388882185,fdb12e7fe72c82b1485080b0381022d0ad2365844e86695ff8bfece9ef42964b
Handcrafted-Similarity,10,16,SUT-F,0.4433928373224057,0.3489583333333333,0.09443450398907238,0.09443450398907238,0.270618280088088,fdb12e7fe72c82b1485080b0381022d0ad2365844e86695ff8bfece9ef42964b
FST-Similarity-H,10,16,SUT-E,0.057130595203489065,0.078125,-0.020994404796510935,0.020994404796510935,0.26872838139533994,fdb12e7fe72c82b1485080b0381022d0ad2365844e86695ff8bfece9ef42964b
FST-Similarity-H,10,16,SUT-F,0.3130447897128761,0.3489583333333333,-0.03591354362045723,0.03591354362045723,0.10291642350936998,fdb12e7fe72c82b1485080b0381022d0ad2365844e86695ff8bfece9ef42964b
NoSimilarity-Optimized,10,16,SUT-E,0.1,0.078125,0.021875000000000006,0.021875000000000006,0.2800000000000001,fdb12e7fe72c82b1485080b0381022d0ad2365844e86695ff8bfece9ef42964b
NoSimilarity-Optimized,10,16,SUT-F,0.30000000000000004,0.3489583333333333,-0.04895833333333327,0.04895833333333327,0.1402985074626864,fdb12e7fe72c82b1485080b0381022d0ad2365844e86695ff8bfece9ef42964b
CMC,10,17,SUT-E,0.2,0.078125,0.12187500000000001,0.12187500000000001,1.56,fdb12e7fe72c82b1485080b0381022d0ad2365844e86695ff8bfece9ef42964b
CMC,10,17,SUT-F,0.5,0.3489583333333333,0.15104166666666669,0.15104166666666669,0.43283582089552247,fdb12e7fe72c82b1485080b0381022d0ad2365844e86695ff8bfece9ef42964b
Uniform,10,17,SUT-E,0.2,0.078125,0.12187500000000001,0.12187500000000001,1.56,fdb12e7fe72c82b1485080b0381022d0ad2365844e86695ff8bfece9ef42964b
Uniform,10,17,SUT-F,0.4,0.3489583333333333,0.05104166666666671,0.05104166666666671,0.14626865671641803,fdb12e7fe72c82b1485080b0381022d0ad2365844e86695ff8bfece9ef42964b
IS,10,17,SUT-E,0.02574704003006953,0.078125,-0.05237795996993047,0.05237795996993047,0.67043788761511,fdb12e7fe72c82b1485080b0381022d0ad2365844e86695ff8bfece9ef42964b
IS,10,17,SUT-F,0.2574704003006953,0.3489583333333333,-0.09148793303263802,0.09148793303263802,0.262174375257709,fdb12e7fe72c82b1485080b0381022d0ad2365844e86695ff8bfece9ef42964b
FST-RandomSet,10,17,SUT-E,0.05663439258933067,0.078125,-0.021490607410669327,0.021490607410669327,0.27507977485656737,fdb12e7fe72c82b1485080b0381022d0ad2365844e86695ff8bfece9ef42964b
FST-RandomSet,10,17,SUT-F,0.4223548648878932,0.3489583333333333,0.07339653155455989,0.07339653155455989,0.21033035908172387,fdb12e7fe72c82b1485080b0381022d0ad2365844e86695ff8bfece9ef42964b
Handcrafted-Similarity,10,17,SUT-E,0.0720953524320335,0.078125,-0.006029647567966506,0.006029647567966506,0.07717948886997128,fdb12e7fe72c82b1485080b0381022d0ad2365844e86695ff8bfece9ef42964b
Handcrafted-Similarity,10,17,SUT-F,0.34026615656004755,0.3489583333333333,-0.008692176773285765,0.008692176773285765,0.024908924484639803,fdb12e7fe72c82b1485080b0381022d0ad2365844e86695ff8bfece9ef42964b
FST-Similarity-H,10,17,SUT-E,0.05773146450519562,0.078125,-0.020393535494804382,0.020393535494804382,0.2610372543334961,fdb12e7fe72c82b1485080b0381022d0ad2365844e86695ff8bfece9ef42964b
FST-Similarity-H,10,17,SUT-F,0.7557250466197729,0.3489583333333333,0.4067667132864396,0.4067667132864396,1.1656598350894987,fdb12e7fe72c82b1485080b0381022d0ad2365844e86695ff8bfece9ef42964b
NoSimilarity-Optimized,10,17,SUT-E,0.1,0.078125,0.021875000000000006,0.021875000000000006,0.2800000000000001,fdb12e7fe72c82b1485080b0381022d0ad2365844e86695ff8bfece9ef42964b
NoSimilarity-Optimized,10,17,SUT-F,0.4,0.3489583333333333,0.05104166666666671,0.05104166666666671,0.14626865671641803,fdb12e7fe72c82b1485080b0381022d0ad2365844e86695ff8bfece9ef42964b
CMC,10,18,SUT-E,0.1,0.078125,0.021875000000000006,0.021875000000000006,0.2800000000000001,fdb12e7fe72c82b1485080b0381022d0ad2365844e86695ff8bfece9ef42964b
CMC,10,18,SUT-F,0.5,0.3489583333333333,0.15104166666666669,0.15104166666666669,0.43283582089552247,fdb12e7fe72c82b1485080b0381022d0ad2365844e86695ff8bfece9ef42964b
Uniform,10,18,SUT-E,0.0,0.078125,-0.078125,0.078125,1.0,fdb12e7fe72c82b1485080b0381022d0ad2365844e86695ff8bfece9ef42964b
Uniform,10,18,SUT-F,0.30000000000000004,0.3489583333333333,-0.04895833333333327,0.04895833333333327,0.1402985074626864,fdb12e7fe72c82b1485080b0381022d0ad2365844e86695ff8bfece9ef42964b
IS,10,18,SUT-E,0.14867098458560365,0.078125,0.07054598458560365,0.07054598458560365,0.9029886026957268,fdb12e7fe72c82b1485080b0381022d0ad2365844e86695ff8bfece9ef42964b
IS,10,18,SUT-F,0.24787646965588764,0.3489583333333333,-0.10108186367744568,0.10108186367744568,0.28966743023984437,fdb12e7fe72c82b1485080b0381022d0ad2365844e86695ff8bfece9ef42964b
FST-RandomSet,10,18,SUT-E,0.05641326121985912,0.078125,-0.021711738780140877,0.021711738780140877,0.27791025638580324,fdb12e7fe72c82b1485080b0381022d0ad2365844e86695ff8bfece9ef42964b
FST-RandomSet,10,18,SUT-F,0.3215222340077162,0.3489583333333333,-0.027436099325617136,0.027436099325617136,0.07862285179878344,fdb12e7fe72c82b1485080b0381022d0ad2365844e86695ff8bfece9ef42964b
Handcrafted-Similarity,10,18,SUT-E,0.06937269493718967,0.078125,-0.008752305062810328,0.008752305062810328,0.1120295048039722,fdb12e7fe72c82b1485080b0381022d0ad2365844e86695ff8bfece9ef42964b
Handcrafted-Similarity,10,18,SUT-F,0.3479708705509232,0.3489583333333333,-0.0009874627824101312,0.0009874627824101312,0.002829744092876794,fdb12e7fe72c82b1485080b0381022d0ad2365844e86695ff8bfece9ef42964b
FST-Similarity-H,10,18,SUT-E,0.05697290226817131,0.078125,-0.02115209773182869,0.02115209773182869,0.27074685096740725,fdb12e7fe72c82b1485080b0381022d0ad2365844e86695ff8bfece9ef42964b
FST-Similarity-H,10,18,SUT-F,0.30266180308535695,0.3489583333333333,-0.046296530247976364,0.046296530247976364,0.1326706538449472,fdb12e7fe72c82b1485080b0381022d0ad2365844e86695ff8bfece9ef42964b
NoSimilarity-Optimized,10,18,SUT-E,0.1,0.078125,0.021875000000000006,0.021875000000000006,0.2800000000000001,fdb12e7fe72c82b1485080b0381022d0ad2365844e86695ff8bfece9ef42964b
NoSimilarity-Optimized,10,18,SUT-F,0.30000000000000004,0.3489583333333333,-0.04895833333333327,0.04895833333333327,0.1402985074626864,fdb12e7fe72c82b1485080b0381022d0ad2365844e86695ff8bfece9ef42964b
CMC,10,19,SUT-E,0.0,0.078125,-0.078125,0.078125,1.0,fdb12e7fe72c82b1485080b0381022d0ad2365844e86695ff8bfece9ef42964b
CMC,10,19,SUT-F,0.2,0.3489583333333333,-0.1489583333333333,0.1489583333333333,0.42686567164179096,fdb12e7fe72c82b1485080b0381022d0ad2365844e86695ff8bfece9ef42964b
Uniform,10,19,SUT-E,0.0,0.078125,-0.078125,0.078125,1.0,fdb12e7fe72c82b1485080b0381022d0ad2365844e86695ff8bfece9ef42964b
Uniform,10,19,SUT-F,0.30000000000000004,0.3489583333333333,-0.04895833333333327,0.04895833333333327,0.1402985074626864,fdb12e7fe72c82b1485080b0381022d0ad2365844e86695ff8bfece9ef42964b
IS,10,19,SUT-E,0.12292394455553413,0.078125,0.044798944555534126,0.044798944555534126,0.5734264903108368,fdb12e7fe72c82b1485080b0381022d0ad2365844e86695ff8bfece9ef42964b
IS,10,19,SUT-F,0.2602591262581587,0.3489583333333333,-0.08869920707517459,0.08869920707517459,0.25418280236467944,fdb12e7fe72c82b1485080b0381022d0ad2365844e86695ff8bfece9ef42964b
FST-RandomSet,10,19,SUT-E,0.0794448759406805,0.078125,0.0013198759406805038,0.0013198759406805038,0.01689441204071045,fdb12e7fe72c82b1485080b0381022d0ad2365844e86695ff8bfece9ef42964b
FST-RandomSet,10,19,SUT-F,0.3631022581830621,0.3489583333333333,0.014143924849728762,0.014143924849728762,0.040531844345491376,fdb12e7fe72c82b1485080b0381022d0ad2365844e86695ff8bfece9ef42964b
Handcrafted-Similarity,10,19,SUT-E,0.06829493454335647,0.078125,-0.009830065456643527,0.009830065456643527,0.12582483784503715,fdb12e7fe72c82b1485080b0381022d0ad2365844e86695ff8bfece9ef42964b
Handcrafted-Similarity,10,19,SUT-F,0.4514837129240845,0.3489583333333333,0.1025253795907512,0.1025253795907512,0.2938040728570781,fdb12e7fe72c82b1485080b0381022d0ad2365844e86695ff8bfece9ef42964b
FST-Similarity-H,10,19,SUT-E,0.0575411100871861,0.078125,-0.020583889912813902,0.020583889912813902,0.26347379088401796,fdb12e7fe72c82b1485080b0381022d0ad2365844e86695ff8bfece9ef42964b
FST-Similarity-H,10,19,SUT-F,0.30188037548214197,0.3489583333333333,-0.04707795785119134,0.04707795785119134,0.13490996876759312,fdb12e7fe72c82b1485080b0381022d0ad2365844e86695ff8bfece9ef42964b
NoSimilarity-Optimized,10,19,SUT-E,0.1,0.078125,0.021875000000000006,0.021875000000000006,0.2800000000000001,fdb12e7fe72c82b1485080b0381022d0ad2365844e86695ff8bfece9ef42964b
NoSimilarity-Optimized,10,19,SUT-F,0.4,0.3489583333333333,0.05104166666666671,0.05104166666666671,0.14626865671641803,fdb12e7fe72c82b1485080b0381022d0ad2365844e86695ff8bfece9ef42964b
CMC,10,20,SUT-E,0.0,0.078125,-0.078125,0.078125,1.0,fdb12e7fe72c82b1485080b0381022d0ad2365844e86695ff8bfece9ef42964b
CMC,10,20,SUT-F,0.2,0.3489583333333333,-0.1489583333333333,0.1489583333333333,0.42686567164179096,fdb12e7fe72c82b1485080b0381022d0ad2365844e86695ff8bfece9ef42964b
Uniform,10,20,SUT-E,0.0,0.078125,-0.078125,0.078125,1.0,fdb12e7fe72c82b1485080b0381022d0ad2365844e86695ff8bfece9ef42964b
Uniform,10,20,SUT-F,0.4,0.3489583333333333,0.05104166666666671,0.05104166666666671,0.14626865671641803,fdb12e7fe72c82b1485080b0381022d0ad2365844e86695ff8bfece9ef42964b
IS,10,20,SUT-E,0.12292394455553413,0.078125,0.044798944555534126,0.044798944555534126,0.5734264903108368,fdb12e7fe72c82b1485080b0381022d0ad2365844e86695ff8bfece9ef42964b
IS,10,20,SUT-F,0.29558787466603265,0.3489583333333333,-0.05337045866730067,0.05337045866730067,0.15294220991226462,fdb12e7fe72c82b1485080b0381022d0ad2365844e86695ff8bfece9ef42964b
FST-RandomSet,10,20,SUT-E,0.05154174938797951,0.078125,-0.026583250612020493,0.026583250612020493,0.3402656078338623,fdb12e7fe72c82b1485080b0381022d0ad2365844e86695ff8bfece9ef42964b
FST-RandomSet,10,20,SUT-F,0.33988064900040627,0.3489583333333333,-0.00907768433292705,0.00907768433292705,0.026013662565999903,fdb12e7fe72c82b1485080b0381022d0ad2365844e86695ff8bfece9ef42964b
Handcrafted-Similarity,10,20,SUT-E,0.0704164181821993,0.078125,-0.007708581817800694,0.007708581817800694,0.09866984726784889,fdb12e7fe72c82b1485080b0381022d0ad2365844e86695ff8bfece9ef42964b
Handcrafted-Similarity,10,20,SUT-F,0.5403033616957551,0.3489583333333333,0.1913450283624218,0.1913450283624218,0.5483320215758953,fdb12e7fe72c82b1485080b0381022d0ad2365844e86695ff8bfece9ef42964b
FST-Similarity-H,10,20,SUT-E,0.05665699392557144,0.078125,-0.02146800607442856,0.02146800607442856,0.27479047775268556,fdb12e7fe72c82b1485080b0381022d0ad2365844e86695ff8bfece9ef42964b
FST-Similarity-H,10,20,SUT-F,0.3669707588851452,0.3489583333333333,0.018012425551811873,0.018012425551811873,0.0516176971036997,fdb12e7fe72c82b1485080b0381022d0ad2365844e86695ff8bfece9ef42964b
NoSimilarity-Optimized,10,20,SUT-E,0.1,0.078125,0.021875000000000006,0.021875000000000006,0.2800000000000001,fdb12e7fe72c82b1485080b0381022d0ad2365844e86695ff8bfece9ef42964b
NoSimilarity-Optimized,10,20,SUT-F,0.4,0.3489583333333333,0.05104166666666671,0.05104166666666671,0.14626865671641803,fdb12e7fe72c82b1485080b0381022d0ad2365844e86695ff8bfece9ef42964b
CMC,10,21,SUT-E,0.2,0.078125,0.12187500000000001,0.12187500000000001,1.56,fdb12e7fe72c82b1485080b0381022d0ad2365844e86695ff8bfece9ef42964b
CMC,10,21,SUT-F,0.6,0.3489583333333333,0.25104166666666666,0.25104166666666666,0.7194029850746269,fdb12e7fe72c82b1485080b0381022d0ad2365844e86695ff8bfece9ef42964b
Uniform,10,21,SUT-E,0.1,0.078125,0.021875000000000006,0.021875000000000006,0.2800000000000001,fdb12e7fe72c82b1485080b0381022d0ad2365844e86695ff8bfece9ef42964b
Uniform,10,21,SUT-F,0.6,0.3489583333333333,0.25104166666666666,0.25104166666666666,0.7194029850746269,fdb12e7fe72c82b1485080b0381022d0ad2365844e86695ff8bfece9ef42964b
IS,10,21,SUT-E,0.1034885636504412,0.078125,0.025363563650441207,0.025363563650441207,0.32465361472564747,fdb12e7fe72c82b1485080b0381022d0ad2365844e86695ff8bfece9ef42964b
IS,10,21,SUT-F,0.2923178254132049,0.3489583333333333,-0.056640507920128425,0.056640507920128425,0.1623130973233531,fdb12e7fe72c82b1485080b0381022d0ad2365844e86695ff8bfece9ef42964b
FST-RandomSet,10,21,SUT-E,0.05635563004761934,0.078125,-0.021769369952380657,0.021769369952380657,0.2786479353904724,fdb12e7fe72c82b1485080b0381022d0ad2365844e86695ff8bfece9ef42964b
FST-RandomSet,10,21,SUT-F,0.3225856190547347,0.3489583333333333,-0.026372714278598608,0.026372714278598608,0.0755755394252378,fdb12e7fe72c82b1485080b0381022d0ad2365844e86695ff8bfece9ef42964b
Handcrafted-Similarity,10,21,SUT-E,0.0695565102567621,0.078125,-0.0085684897432379,0.0085684897432379,0.10967666871344513,fdb12e7fe72c82b1485080b0381022d0ad2365844e86695ff8bfece9ef42964b
Handcrafted-Similarity,10,21,SUT-F,0.34012486653826934,0.3489583333333333,-0.008833466795063971,0.008833466795063971,0.02531381529331765,fdb12e7fe72c82b1485080b0381022d0ad2365844e86695ff8bfece9ef42964b
FST-Similarity-H,10,21,SUT-E,0.0568724200129509,0.078125,-0.021252579987049103,0.021252579987049103,0.2720330238342285,fdb12e7fe72c82b1485080b0381022d0ad2365844e86695ff8bfece9ef42964b
FST-Similarity-H,10,21,SUT-F,0.3637341223657131,0.3489583333333333,0.014775789032379805,0.014775789032379805,0.04234255961517795,fdb12e7fe72c82b1485080b0381022d0ad2365844e86695ff8bfece9ef42964b
NoSimilarity-Optimized,10,21,SUT-E,0.1,0.078125,0.021875000000000006,0.021875000000000006,0.2800000000000001,fdb12e7fe72c82b1485080b0381022d0ad2365844e86695ff8bfece9ef42964b
NoSimilarity-Optimized,10,21,SUT-F,0.30000000000000004,0.3489583333333333,-0.04895833333333327,0.04895833333333327,0.1402985074626864,fdb12e7fe72c82b1485080b0381022d0ad2365844e86695ff8bfece9ef42964b
CMC,10,22,SUT-E,0.0,0.078125,-0.078125,0.078125,1.0,fdb12e7fe72c82b1485080b0381022d0ad2365844e86695ff8bfece9ef42964b
CMC,10,22,SUT-F,0.2,0.3489583333333333,-0.1489583333333333,0.1489583333333333,0.42686567164179096,fdb12e7fe72c82b1485080b0381022d0ad2365844e86695ff8bfece9ef42964b
Uniform,10,22,SUT-E,0.1,0.078125,0.021875000000000006,0.021875000000000006,0.2800000000000001,fdb12e7fe72c82b1485080b0381022d0ad2365844e86695ff8bfece9ef42964b
Uniform,10,22,SUT-F,0.2,0.3489583333333333,-0.1489583333333333,0.1489583333333333,0.42686567164179096,fdb12e7fe72c82b1485080b0381022d0ad2365844e86695ff8bfece9ef42964b
IS,10,22,SUT-E,0.10980022277541782,0.078125,0.031675222775417816,0.031675222775417816,0.40544285152534804,fdb12e7fe72c82b1485080b0381022d0ad2365844e86695ff8bfece9ef42964b
IS,10,22,SUT-F,0.2862468279359104,0.3489583333333333,-0.06271150539742293,0.06271150539742293,0.17971058263142095,fdb12e7fe72c82b1485080b0381022d0ad2365844e86695ff8bfece9ef42964b
FST-RandomSet,10,22,SUT-E,0.05710216611623764,0.078125,-0.02102283388376236,0.02102283388376236,0.2690922737121582,fdb12e7fe72c82b1485080b0381022d0ad2365844e86695ff8bfece9ef42964b
FST-RandomSet,10,22,SUT-F,0.3284188937395811,0.3489583333333333,-0.020539439593752207,0.020539439593752207,0.05885928958209588,fdb12e7fe72c82b1485080b0381022d0ad2365844e86695ff8bfece9ef42964b
Handcrafted-Similarity,10,22,SUT-E,0.07381378992303925,0.078125,-0.004311210076960753,0.004311210076960753,0.05518348898509764,fdb12e7fe72c82b1485080b0381022d0ad2365844e86695ff8bfece9ef42964b
Handcrafted-Similarity,10,22,SUT-F,0.3371636619638422,0.3489583333333333,-0.011794671369491139,0.011794671369491139,0.033799655267795506,fdb12e7fe72c82b1485080b0381022d0ad2365844e86695ff8bfece9ef42964b
FST-Similarity-H,10,22,SUT-E,0.05763954157009721,0.078125,-0.020485458429902792,0.020485458429902792,0.26221386790275575,fdb12e7fe72c82b1485080b0381022d0ad2365844e86695ff8bfece9ef42964b
FST-Similarity-H,10,22,SUT-F,0.2850350667722523,0.3489583333333333,-0.063923266561081,0.063923266561081,0.18318309223473958,fdb12e7fe72c82b1485080b0381022d0ad2365844e86695ff8bfece9ef42964b
NoSimilarity-Optimized,10,22,SUT-E,0.1,0.078125,0.021875000000000006,0.021875000000000006,0.2800000000000001,fdb12e7fe72c82b1485080b0381022d0ad2365844e86695ff8bfece9ef42964b
NoSimilarity-Optimized,10,22,SUT-F,0.30000000000000004,0.3489583333333333,-0.04895833333333327,0.04895833333333327,0.1402985074626864,fdb12e7fe72c82b1485080b0381022d0ad2365844e86695ff8bfece9ef42964b
CMC,10,23,SUT-E,0.0,0.078125,-0.078125,0.078125,1.0,fdb12e7fe72c82b1485080b0381022d0ad2365844e86695ff8bfece9ef42964b
CMC,10,23,SUT-F,0.5,0.3489583333333333,0.15104166666666669,0.15104166666666669,0.43283582089552247,fdb12e7fe72c82b1485080b0381022d0ad2365844e86695ff8bfece9ef42964b
Uniform,10,23,SUT-E,0.1,0.078125,0.021875000000000006,0.021875000000000006,0.2800000000000001,fdb12e7fe72c82b1485080b0381022d0ad2365844e86695ff8bfece9ef42964b
Uniform,10,23,SUT-F,0.2,0.3489583333333333,-0.1489583333333333,0.1489583333333333,0.42686567164179096,fdb12e7fe72c82b1485080b0381022d0ad2365844e86695ff8bfece9ef42964b
IS,10,23,SUT-E,0.07774152362037168,0.078125,-0.0003834763796283225,0.0003834763796283225,0.004908497659242528,fdb12e7fe72c82b1485080b0381022d0ad2365844e86695ff8bfece9ef42964b
IS,10,23,SUT-F,0.3753579788312237,0.3489583333333333,0.026399645497890367,0.026399645497890367,0.07565271545664105,fdb12e7fe72c82b1485080b0381022d0ad2365844e86695ff8bfece9ef42964b
FST-RandomSet,10,23,SUT-E,0.05844865273684263,0.078125,-0.019676347263157368,0.019676347263157368,0.25185724496841433,fdb12e7fe72c82b1485080b0381022d0ad2365844e86695ff8bfece9ef42964b
FST-RandomSet,10,23,SUT-F,0.2819431824609637,0.3489583333333333,-0.06701515087236959,0.06701515087236959,0.19204341742529793,fdb12e7fe72c82b1485080b0381022d0ad2365844e86695ff8bfece9ef42964b
Handcrafted-Similarity,10,23,SUT-E,0.06987031663622137,0.078125,-0.008254683363778631,0.008254683363778631,0.10565994705636647,fdb12e7fe72c82b1485080b0381022d0ad2365844e86695ff8bfece9ef42964b
Handcrafted-Similarity,10,23,SUT-F,0.5469850558895251,0.3489583333333333,0.19802672255619175,0.19802672255619175,0.5674795631461017,fdb12e7fe72c82b1485080b0381022d0ad2365844e86695ff8bfece9ef42964b
FST-Similarity-H,10,23,SUT-E,0.05724233388900757,0.078125,-0.02088266611099243,0.02088266611099243,0.26729812622070315,fdb12e7fe72c82b1485080b0381022d0ad2365844e86695ff8bfece9ef42964b
FST-Similarity-H,10,23,SUT-F,0.34712450206279755,0.3489583333333333,-0.0018338312705357684,0.0018338312705357684,0.005255158267803994,fdb12e7fe72c82b1485080b0381022d0ad2365844e86695ff8bfece9ef42964b
NoSimilarity-Optimized,10,23,SUT-E,0.1,0.078125,0.021875000000000006,0.021875000000000006,0.2800000000000001,fdb12e7fe72c82b1485080b0381022d0ad2365844e86695ff8bfece9ef42964b
NoSimilarity-Optimized,10,23,SUT-F,0.4,0.3489583333333333,0.05104166666666671,0.05104166666666671,0.14626865671641803,fdb12e7fe72c82b1485080b0381022d0ad2365844e86695ff8bfece9ef42964b
CMC,10,24,SUT-E,0.1,0.078125,0.021875000000000006,0.021875000000000006,0.2800000000000001,fdb12e7fe72c82b1485080b0381022d0ad2365844e86695ff8bfece9ef42964b
CMC,10,24,SUT-F,0.1,0.3489583333333333,-0.2489583333333333,0.2489583333333333,0.7134328358208955,fdb12e7fe72c82b1485080b0381022d0ad2365844e86695ff8bfece9ef42964b
Uniform,10,24,SUT-E,0.1,0.078125,0.021875000000000006,0.021875000000000006,0.2800000000000001,fdb12e7fe72c82b1485080b0381022d0ad2365844e86695ff8bfece9ef42964b
Uniform,10,24,SUT-F,0.4,0.3489583333333333,0.05104166666666671,0.05104166666666671,0.14626865671641803,fdb12e7fe72c82b1485080b0381022d0ad2365844e86695ff8bfece9ef42964b
IS,10,24,SUT-E,0.07774152362037168,0.078125,-0.0003834763796283225,0.0003834763796283225,0.004908497659242528,fdb12e7fe72c82b1485080b0381022d0ad2365844e86695ff8bfece9ef42964b
IS,10,24,SUT-F,0.3877406354334948,0.3489583333333333,0.03878230210016148,0.03878230210016148,0.11113734333180604,fdb12e7fe72c82b1485080b0381022d0ad2365844e86695ff8bfece9ef42964b
FST-RandomSet,10,24,SUT-E,0.05683776177465916,0.078125,-0.021287238225340843,0.021287238225340843,0.27247664928436277,fdb12e7fe72c82b1485080b0381022d0ad2365844e86695ff8bfece9ef42964b
FST-RandomSet,10,24,SUT-F,0.38612295873463154,0.3489583333333333,0.037164625401298224,0.037164625401298224,0.10650161309028745,fdb12e7fe72c82b1485080b0381022d0ad2365844e86695ff8bfece9ef42964b
Handcrafted-Similarity,10,24,SUT-E,0.07166930653985243,0.078125,-0.006455693460147571,0.006455693460147571,0.08263287628988891,fdb12e7fe72c82b1485080b0381022d0ad2365844e86695ff8bfece9ef42964b
Handcrafted-Similarity,10,24,SUT-F,0.4417378664618329,0.3489583333333333,0.09277953312849957,0.09277953312849957,0.265875677024954,fdb12e7fe72c82b1485080b0381022d0ad2365844e86695ff8bfece9ef42964b
FST-Similarity-H,10,24,SUT-E,0.057458266615867615,0.078125,-0.020666733384132385,0.020666733384132385,0.26453418731689454,fdb12e7fe72c82b1485080b0381022d0ad2365844e86695ff8bfece9ef42964b
FST-Similarity-H,10,24,SUT-F,0.5066507328301668,0.3489583333333333,0.1576923994968335,0.1576923994968335,0.4518946373640602,fdb12e7fe72c82b1485080b0381022d0ad2365844e86695ff8bfece9ef42964b
NoSimilarity-Optimized,10,24,SUT-E,0.1,0.078125,0.021875000000000006,0.021875000000000006,0.2800000000000001,fdb12e7fe72c82b1485080b0381022d0ad2365844e86695ff8bfece9ef42964b
NoSimilarity-Optimized,10,24,SUT-F,0.4,0.3489583333333333,0.05104166666666671,0.05104166666666671,0.14626865671641803,fdb12e7fe72c82b1485080b0381022d0ad2365844e86695ff8bfece9ef42964b
CMC,10,25,SUT-E,0.1,0.078125,0.021875000000000006,0.021875000000000006,0.2800000000000001,fdb12e7fe72c82b1485080b0381022d0ad2365844e86695ff8bfece9ef42964b
CMC,10,25,SUT-F,0.4,0.3489583333333333,0.05104166666666671,0.05104166666666671,0.14626865671641803,fdb12e7fe72c82b1485080b0381022d0ad2365844e86695ff8bfece9ef42964b
Uniform,10,25,SUT-E,0.1,0.078125,0.021875000000000006,0.021875000000000006,0.2800000000000001,fdb12e7fe72c82b1485080b0381022d0ad2365844e86695ff8bfece9ef42964b
Uniform,10,25,SUT-F,0.4,0.3489583333333333,0.05104166666666671,0.05104166666666671,0.14626865671641803,fdb12e7fe72c82b1485080b0381022d0ad2365844e86695ff8bfece9ef42964b
IS,10,25,SUT-E,0.14235932546062705,0.078125,0.06423432546062705,0.06423432546062705,0.8221993658960262,fdb12e7fe72c82b1485080b0381022d0ad2365844e86695ff8bfece9ef42964b
IS,10,25,SUT-F,0.20623606212303722,0.3489583333333333,-0.1427222712102961,0.1427222712102961,0.40899516525935603,fdb12e7fe72c82b1485080b0381022d0ad2365844e86695ff8bfece9ef42964b
FST-RandomSet,10,25,SUT-E,0.09503397345542908,0.078125,0.016908973455429077,0.016908973455429077,0.21643486022949218,fdb12e7fe72c82b1485080b0381022d0ad2365844e86695ff8bfece9ef42964b
FST-RandomSet,10,25,SUT-F,0.5080938264727592,0.3489583333333333,0.15913549313942593,0.15913549313942593,0.4560300698920863,fdb12e7fe72c82b1485080b0381022d0ad2365844e86695ff8bfece9ef42964b
Handcrafted-Similarity,10,25,SUT-E,0.07013984976101142,0.078125,-0.007985150238988575,0.007985150238988575,0.10220992305905377,fdb12e7fe72c82b1485080b0381022d0ad2365844e86695ff8bfece9ef42964b
Handcrafted-Similarity,10,25,SUT-F,0.4497197959595721,0.3489583333333333,0.1007614626262388,0.1007614626262388,0.2887492660334008,fdb12e7fe72c82b1485080b0381022d0ad2365844e86695ff8bfece9ef42964b
FST-Similarity-H,10,25,SUT-E,0.05719653517007828,0.078125,-0.020928464829921722,0.020928464829921722,0.267884349822998,fdb12e7fe72c82b1485080b0381022d0ad2365844e86695ff8bfece9ef42964b
FST-Similarity-H,10,25,SUT-F,0.9680205881595612,0.3489583333333333,0.6190622548262279,0.6190622548262279,1.7740291481587427,fdb12e7fe72c82b1485080b0381022d0ad2365844e86695ff8bfece9ef42964b
NoSimilarity-Optimized,10,25,SUT-E,0.1,0.078125,0.021875000000000006,0.021875000000000006,0.2800000000000001,fdb12e7fe72c82b1485080b0381022d0ad2365844e86695ff8bfece9ef42964b
NoSimilarity-Optimized,10,25,SUT-F,0.5,0.3489583333333333,0.15104166666666669,0.15104166666666669,0.43283582089552247,fdb12e7fe72c82b1485080b0381022d0ad2365844e86695ff8bfece9ef42964b
CMC,10,26,SUT-E,0.0,0.078125,-0.078125,0.078125,1.0,fdb12e7fe72c82b1485080b0381022d0ad2365844e86695ff8bfece9ef42964b
CMC,10,26,SUT-F,0.2,0.3489583333333333,-0.1489583333333333,0.1489583333333333,0.42686567164179096,fdb12e7fe72c82b1485080b0381022d0ad2365844e86695ff8bfece9ef42964b
Uniform,10,26,SUT-E,0.30000000000000004,0.078125,0.22187500000000004,0.22187500000000004,2.8400000000000007,fdb12e7fe72c82b1485080b0381022d0ad2365844e86695ff8bfece9ef42964b
Uniform,10,26,SUT-F,0.5,0.3489583333333333,0.15104166666666669,0.15104166666666669,0.43283582089552247,fdb12e7fe72c82b1485080b0381022d0ad2365844e86695ff8bfece9ef42964b
IS,10,26,SUT-E,0.16179470636571996,0.078125,0.08366970636571996,0.08366970636571996,1.0709722414812155,fdb12e7fe72c82b1485080b0381022d0ad2365844e86695ff8bfece9ef42964b
IS,10,26,SUT-F,0.21328878642585902,0.3489583333333333,-0.1356695469074743,0.1356695469074743,0.388784373227389,fdb12e7fe72c82b1485080b0381022d0ad2365844e86695ff8bfece9ef42964b
FST-RandomSet,10,26,SUT-E,0.10172144044190645,0.078125,0.023596440441906452,0.023596440441906452,0.3020344376564026,fdb12e7fe72c82b1485080b0381022d0ad2365844e86695ff8bfece9ef42964b
FST-RandomSet,10,26,SUT-F,0.2536255922168493,0.3489583333333333,-0.09533274111648399,0.09533274111648399,0.27319233275171534,fdb12e7fe72c82b1485080b0381022d0ad2365844e86695ff8bfece9ef42964b
Handcrafted-Similarity,10,26,SUT-E,0.15692495919986538,0.078125,0.07879995919986538,0.07879995919986538,1.0086394777582768,fdb12e7fe72c82b1485080b0381022d0ad2365844e86695ff8bfece9ef42964b
Handcrafted-Similarity,10,26,SUT-F,0.25967869206817196,0.3489583333333333,-0.08927964126516136,0.08927964126516136,0.25584613616285046,fdb12e7fe72c82b1485080b0381022d0ad2365844e86695ff8bfece9ef42964b
FST-Similarity-H,10,26,SUT-E,0.05784432915970683,0.078125,-0.02028067084029317,0.02028067084029317,0.2595925867557526,fdb12e7fe72c82b1485080b0381022d0ad2365844e86695ff8bfece9ef42964b
FST-Similarity-H,10,26,SUT-F,0.3034336077980697,0.3489583333333333,-0.0455247255352636,0.0455247255352636,0.13045891496672554,fdb12e7fe72c82b1485080b0381022d0ad2365844e86695ff8bfece9ef42964b
NoSimilarity-Optimized,10,26,SUT-E,0.2,0.078125,0.12187500000000001,0.12187500000000001,1.56,fdb12e7fe72c82b1485080b0381022d0ad2365844e86695ff8bfece9ef42964b
NoSimilarity-Optimized,10,26,SUT-F,0.30000000000000004,0.3489583333333333,-0.04895833333333327,0.04895833333333327,0.1402985074626864,fdb12e7fe72c82b1485080b0381022d0ad2365844e86695ff8bfece9ef42964b
CMC,10,27,SUT-E,0.1,0.078125,0.021875000000000006,0.021875000000000006,0.2800000000000001,fdb12e7fe72c82b1485080b0381022d0ad2365844e86695ff8bfece9ef42964b
CMC,10,27,SUT-F,0.30000000000000004,0.3489583333333333,-0.04895833333333327,0.04895833333333327,0.1402985074626864,fdb12e7fe72c82b1485080b0381022d0ad2365844e86695ff8bfece9ef42964b
Uniform,10,27,SUT-E,0.1,0.078125,0.021875000000000006,0.021875000000000006,0.2800000000000001,fdb12e7fe72c82b1485080b0381022d0ad2365844e86695ff8bfece9ef42964b
Uniform,10,27,SUT-F,0.1,0.3489583333333333,-0.2489583333333333,0.2489583333333333,0.7134328358208955,fdb12e7fe72c82b1485080b0381022d0ad2365844e86695ff8bfece9ef42964b
IS,10,27,SUT-E,0.07774152362037168,0.078125,-0.0003834763796283225,0.0003834763796283225,0.004908497659242528,fdb12e7fe72c82b1485080b0381022d0ad2365844e86695ff8bfece9ef42964b
IS,10,27,SUT-F,0.3018995337910092,0.3489583333333333,-0.047058799542324115,0.047058799542324115,0.1348550673451676,fdb12e7fe72c82b1485080b0381022d0ad2365844e86695ff8bfece9ef42964b
FST-RandomSet,10,27,SUT-E,0.055033931508660316,0.078125,-0.023091068491339684,0.023091068491339684,0.29556567668914796,fdb12e7fe72c82b1485080b0381022d0ad2365844e86695ff8bfece9ef42964b
FST-RandomSet,10,27,SUT-F,0.28235578909516335,0.3489583333333333,-0.06660254423816997,0.06660254423816997,0.19086102229445723,fdb12e7fe72c82b1485080b0381022d0ad2365844e86695ff8bfece9ef42964b
Handcrafted-Similarity,10,27,SUT-E,0.06733615537933724,0.078125,-0.010788844620662763,0.010788844620662763,0.13809721114448337,fdb12e7fe72c82b1485080b0381022d0ad2365844e86695ff8bfece9ef42964b
Handcrafted-Similarity,10,27,SUT-F,0.33566820173908124,0.3489583333333333,-0.013290131594252075,0.013290131594252075,0.03808515322531938,fdb12e7fe72c82b1485080b0381022d0ad2365844e86695ff8bfece9ef42964b
FST-Similarity-H,10,27,SUT-E,0.12706512305885553,0.078125,0.048940123058855534,0.048940123058855534,0.6264335751533509,fdb12e7fe72c82b1485080b0381022d0ad2365844e86695ff8bfece9ef42964b
FST-Similarity-H,10,27,SUT-F,0.30134668853133917,0.3489583333333333,-0.047611644801994146,0.047611644801994146,0.13643934032810265,fdb12e7fe72c82b1485080b0381022d0ad2365844e86695ff8bfece9ef42964b
NoSimilarity-Optimized,10,27,SUT-E,0.1,0.078125,0.021875000000000006,0.021875000000000006,0.2800000000000001,fdb12e7fe72c82b1485080b0381022d0ad2365844e86695ff8bfece9ef42964b
NoSimilarity-Optimized,10,27,SUT-F,0.30000000000000004,0.3489583333333333,-0.04895833333333327,0.04895833333333327,0.1402985074626864,fdb12e7fe72c82b1485080b0381022d0ad2365844e86695ff8bfece9ef42964b
CMC,10,28,SUT-E,0.1,0.078125,0.021875000000000006,0.021875000000000006,0.2800000000000001,fdb12e7fe72c82b1485080b0381022d0ad2365844e86695ff8bfece9ef42964b
CMC,10,28,SUT-F,0.6,0.3489583333333333,0.25104166666666666,0.25104166666666666,0.7194029850746269,fdb12e7fe72c82b1485080b0381022d0ad2365844e86695ff8bfece9ef42964b
Uniform,10,28,SUT-E,0.2,0.078125,0.12187500000000001,0.12187500000000001,1.56,fdb12e7fe72c82b1485080b0381022d0ad2365844e86695ff8bfece9ef42964b
Uniform,10,28,SUT-F,0.5,0.3489583333333333,0.15104166666666669,0.15104166666666669,0.43283582089552247,fdb12e7fe72c82b1485080b0381022d0ad2365844e86695ff8bfece9ef42964b
IS,10,28,SUT-E,0.1034885636504412,0.078125,0.025363563650441207,0.025363563650441207,0.32465361472564747,fdb12e7fe72c82b1485080b0381022d0ad2365844e86695ff8bfece9ef42964b
IS,10,28,SUT-F,0.24460642040306,0.3489583333333333,-0.10435191293027332,0.10435191293027332,0.29903831765093253,fdb12e7fe72c82b1485080b0381022d0ad2365844e86695ff8bfece9ef42964b
FST-RandomSet,10,28,SUT-E,0.05945754982531071,0.078125,-0.018667450174689293,0.018667450174689293,0.23894336223602294,fdb12e7fe72c82b1485080b0381022d0ad2365844e86695ff8bfece9ef42964b
FST-RandomSet,10,28,SUT-F,0.2934884112328291,0.3489583333333333,-0.05546992210050422,0.05546992210050422,0.1589585827357733,fdb12e7fe72c82b1485080b0381022d0ad2365844e86695ff8bfece9ef42964b
Handcrafted-Similarity,10,28,SUT-E,0.07106261709263598,0.078125,-0.007062382907364023,0.007062382907364023,0.09039850121425949,fdb12e7fe72c82b1485080b0381022d0ad2365844e86695ff8bfece9ef42964b
Handcrafted-Similarity,10,28,SUT-F,0.4446022847218214,0.3489583333333333,0.09564395138848808,0.09564395138848808,0.2740841592028315,fdb12e7fe72c82b1485080b0381022d0ad2365844e86695ff8bfece9ef42964b
FST-Similarity-H,10,28,SUT-E,0.10410753823816776,0.078125,0.025982538238167763,0.025982538238167763,0.33257648944854734,fdb12e7fe72c82b1485080b0381022d0ad2365844e86695ff8bfece9ef42964b
FST-Similarity-H,10,28,SUT-F,0.46816721372306347,0.3489583333333333,0.11920888038973015,0.11920888038973015,0.34161350798251033,fdb12e7fe72c82b1485080b0381022d0ad2365844e86695ff8bfece9ef42964b
NoSimilarity-Optimized,10,28,SUT-E,0.1,0.078125,0.021875000000000006,0.021875000000000006,0.2800000000000001,fdb12e7fe72c82b1485080b0381022d0ad2365844e86695ff8bfece9ef42964b
NoSimilarity-Optimized,10,28,SUT-F,0.30000000000000004,0.3489583333333333,-0.04895833333333327,0.04895833333333327,0.1402985074626864,fdb12e7fe72c82b1485080b0381022d0ad2365844e86695ff8bfece9ef42964b
CMC,10,29,SUT-E,0.1,0.078125,0.021875000000000006,0.021875000000000006,0.2800000000000001,fdb12e7fe72c82b1485080b0381022d0ad2365844e86695ff8bfece9ef42964b
CMC,10,29,SUT-F,0.5,0.3489583333333333,0.15104166666666669,0.15104166666666669,0.43283582089552247,fdb12e7fe72c82b1485080b0381022d0ad2365844e86695ff8bfece9ef42964b
Uniform,10,29,SUT-E,0.2,0.078125,0.12187500000000001,0.12187500000000001,1.56,fdb12e7fe72c82b1485080b0381022d0ad2365844e86695ff8bfece9ef42964b
Uniform,10,29,SUT-F,0.30000000000000004,0.3489583333333333,-0.04895833333333327,0.04895833333333327,0.1402985074626864,fdb12e7fe72c82b1485080b0381022d0ad2365844e86695ff8bfece9ef42964b
IS,10,29,SUT-E,0.05830614271527876,0.078125,-0.019818857284721242,0.019818857284721242,0.2536813732444319,fdb12e7fe72c82b1485080b0381022d0ad2365844e86695ff8bfece9ef42964b
IS,10,29,SUT-F,0.2986294845381815,0.3489583333333333,-0.050328848795151815,0.050328848795151815,0.14422595475625596,fdb12e7fe72c82b1485080b0381022d0ad2365844e86695ff8bfece9ef42964b
FST-RandomSet,10,29,SUT-E,0.058297619223594666,0.078125,-0.019827380776405334,0.019827380776405334,0.25379047393798826,fdb12e7fe72c82b1485080b0381022d0ad2365844e86695ff8bfece9ef42964b
FST-RandomSet,10,29,SUT-F,0.5033896695822477,0.3489583333333333,0.15443133624891442,0.15443133624891442,0.4425495008924115,fdb12e7fe72c82b1485080b0381022d0ad2365844e86695ff8bfece9ef42964b
Handcrafted-Similarity,10,29,SUT-E,0.16197332274875692,0.078125,0.08384832274875692,0.08384832274875692,1.0732585311840885,fdb12e7fe72c82b1485080b0381022d0ad2365844e86695ff8bfece9ef42964b
Handcrafted-Similarity,10,29,SUT-F,0.3396010330006346,0.3489583333333333,-0.009357300332698715,0.009357300332698715,0.026814950207136617,fdb12e7fe72c82b1485080b0381022d0ad2365844e86695ff8bfece9ef42964b
FST-Similarity-H,10,29,SUT-E,0.0570930615067482,0.078125,-0.0210319384932518,0.0210319384932518,0.26920881271362307,fdb12e7fe72c82b1485080b0381022d0ad2365844e86695ff8bfece9ef42964b
FST-Similarity-H,10,29,SUT-F,0.2886554691940546,0.3489583333333333,-0.06030286413927871,0.06030286413927871,0.17280820768270916,fdb12e7fe72c82b1485080b0381022d0ad2365844e86695ff8bfece9ef42964b
NoSimilarity-Optimized,10,29,SUT-E,0.1,0.078125,0.021875000000000006,0.021875000000000006,0.2800000000000001,fdb12e7fe72c82b1485080b0381022d0ad2365844e86695ff8bfece9ef42964b
NoSimilarity-Optimized,10,29,SUT-F,0.30000000000000004,0.3489583333333333,-0.04895833333333327,0.04895833333333327,0.1402985074626864,fdb12e7fe72c82b1485080b0381022d0ad2365844e86695ff8bfece9ef42964b
CMC,10,30,SUT-E,0.1,0.078125,0.021875000000000006,0.021875000000000006,0.2800000000000001,fdb12e7fe72c82b1485080b0381022d0ad2365844e86695ff8bfece9ef42964b
CMC,10,30,SUT-F,0.30000000000000004,0.3489583333333333,-0.04895833333333327,0.04895833333333327,0.1402985074626864,fdb12e7fe72c82b1485080b0381022d0ad2365844e86695ff8bfece9ef42964b
Uniform,10,30,SUT-E,0.2,0.078125,0.12187500000000001,0.12187500000000001,1.56,fdb12e7fe72c82b1485080b0381022d0ad2365844e86695ff8bfece9ef42964b
Uniform,10,30,SUT-F,0.30000000000000004,0.3489583333333333,-0.04895833333333327,0.04895833333333327,0.1402985074626864,fdb12e7fe72c82b1485080b0381022d0ad2365844e86695ff8bfece9ef42964b
IS,10,30,SUT-E,0.10980022277541782,0.078125,0.031675222775417816,0.031675222775417816,0.40544285152534804,fdb12e7fe72c82b1485080b0381022d0ad2365844e86695ff8bfece9ef42964b
IS,10,30,SUT-F,0.33017555789606123,0.3489583333333333,-0.01878277543727208,0.01878277543727208,0.05382526692472,fdb12e7fe72c82b1485080b0381022d0ad2365844e86695ff8bfece9ef42964b
FST-RandomSet,10,30,SUT-E,0.05608448386192322,0.078125,-0.022040516138076782,0.022040516138076782,0.2821186065673828,fdb12e7fe72c82b1485080b0381022d0ad2365844e86695ff8bfece9ef42964b
FST-RandomSet,10,30,SUT-F,0.300658093765378,0.3489583333333333,-0.048300239567955316,0.048300239567955316,0.1384126268216033,fdb12e7fe72c82b1485080b0381022d0ad2365844e86695ff8bfece9ef42964b
Handcrafted-Similarity,10,30,SUT-E,0.06753751397224118,0.078125,-0.010587486027758816,0.010587486027758816,0.13551982115531286,fdb12e7fe72c82b1485080b0381022d0ad2365844e86695ff8bfece9ef42964b
Handcrafted-Similarity,10,30,SUT-F,0.351938247264947,0.3489583333333333,0.002979913931613676,0.002979913931613676,0.00853945484880337,fdb12e7fe72c82b1485080b0381022d0ad2365844e86695ff8bfece9ef42964b
FST-Similarity-H,10,30,SUT-E,0.14696132205426693,0.078125,0.06883632205426693,0.06883632205426693,0.8811049222946167,fdb12e7fe72c82b1485080b0381022d0ad2365844e86695ff8bfece9ef42964b
FST-Similarity-H,10,30,SUT-F,0.3004877604544163,0.3489583333333333,-0.04847057287891704,0.04847057287891704,0.13890074616047868,fdb12e7fe72c82b1485080b0381022d0ad2365844e86695ff8bfece9ef42964b
NoSimilarity-Optimized,10,30,SUT-E,0.1,0.078125,0.021875000000000006,0.021875000000000006,0.2800000000000001,fdb12e7fe72c82b1485080b0381022d0ad2365844e86695ff8bfece9ef42964b
NoSimilarity-Optimized,10,30,SUT-F,0.4,0.3489583333333333,0.05104166666666671,0.05104166666666671,0.14626865671641803,fdb12e7fe72c82b1485080b0381022d0ad2365844e86695ff8bfece9ef42964b
CMC,10,31,SUT-E,0.1,0.078125,0.021875000000000006,0.021875000000000006,0.2800000000000001,fdb12e7fe72c82b1485080b0381022d0ad2365844e86695ff8bfece9ef42964b
CMC,10,31,SUT-F,0.30000000000000004,0.3489583333333333,-0.04895833333333327,0.04895833333333327,0.1402985074626864,fdb12e7fe72c82b1485080b0381022d0ad2365844e86695ff8bfece9ef42964b
Uniform,10,31,SUT-E,0.2,0.078125,0.12187500000000001,0.12187500000000001,1.56,fdb12e7fe72c82b1485080b0381022d0ad2365844e86695ff8bfece9ef42964b
Uniform,10,31,SUT-F,0.6,0.3489583333333333,0.25104166666666666,0.25104166666666666,0.7194029850746269,fdb12e7fe72c82b1485080b0381022d0ad2365844e86695ff8bfece9ef42964b
IS,10,31,SUT-E,0.0903648418703249,0.078125,0.012239841870324897,0.012239841870324897,0.1566699759401587,fdb12e7fe72c82b1485080b0381022d0ad2365844e86695ff8bfece9ef42964b
IS,10,31,SUT-F,0.3297064568677004,0.3489583333333333,-0.019251876465632922,0.019251876465632922,0.055169556438828676,fdb12e7fe72c82b1485080b0381022d0ad2365844e86695ff8bfece9ef42964b
FST-RandomSet,10,31,SUT-E,0.07846889272332191,0.078125,0.00034389272332191467,0.00034389272332191467,0.0044018268585205075,fdb12e7fe72c82b1485080b0381022d0ad2365844e86695ff8bfece9ef42964b
FST-RandomSet,10,31,SUT-F,0.28106720838695765,0.3489583333333333,-0.06789112494637567,0.06789112494637567,0.19455367148812133,fdb12e7fe72c82b1485080b0381022d0ad2365844e86695ff8bfece9ef42964b
Handcrafted-Similarity,10,31,SUT-E,0.07180303713700373,0.078125,-0.006321962862996272,0.006321962862996272,0.08092112464635229,fdb12e7fe72c82b1485080b0381022d0ad2365844e86695ff8bfece9ef42964b
Handcrafted-Similarity,10,31,SUT-F,0.3476347041147,0.3489583333333333,-0.0013236292186333265,0.0013236292186333265,0.003793086716083563,fdb12e7fe72c82b1485080b0381022d0ad2365844e86695ff8bfece9ef42964b
FST-Similarity-H,10,31,SUT-E,0.17037751898169518,0.078125,0.09225251898169518,0.09225251898169518,1.1808322429656983,fdb12e7fe72c82b1485080b0381022d0ad2365844e86695ff8bfece9ef42964b
FST-Similarity-H,10,31,SUT-F,0.31398702459409833,0.3489583333333333,-0.034971308739234985,0.034971308739234985,0.10021628773034504,fdb12e7fe72c82b1485080b0381022d0ad2365844e86695ff8bfece9ef42964b
NoSimilarity-Optimized,10,31,SUT-E,0.1,0.078125,0.021875000000000006,0.021875000000000006,0.2800000000000001,fdb12e7fe72c82b1485080b0381022d0ad2365844e86695ff8bfece9ef42964b
NoSimilarity-Optimized,10,31,SUT-F,0.4,0.3489583333333333,0.05104166666666671,0.05104166666666671,0.14626865671641803,fdb12e7fe72c82b1485080b0381022d0ad2365844e86695ff8bfece9ef42964b
CMC,10,32,SUT-E,0.30000000000000004,0.078125,0.22187500000000004,0.22187500000000004,2.8400000000000007,fdb12e7fe72c82b1485080b0381022d0ad2365844e86695ff8bfece9ef42964b
CMC,10,32,SUT-F,0.7,0.3489583333333333,0.35104166666666664,0.35104166666666664,1.0059701492537314,fdb12e7fe72c82b1485080b0381022d0ad2365844e86695ff8bfece9ef42964b
Uniform,10,32,SUT-E,0.0,0.078125,-0.078125,0.078125,1.0,fdb12e7fe72c82b1485080b0381022d0ad2365844e86695ff8bfece9ef42964b
Uniform,10,32,SUT-F,0.5,0.3489583333333333,0.15104166666666669,0.15104166666666669,0.43283582089552247,fdb12e7fe72c82b1485080b0381022d0ad2365844e86695ff8bfece9ef42964b
IS,10,32,SUT-E,0.1034885636504412,0.078125,0.025363563650441207,0.025363563650441207,0.32465361472564747,fdb12e7fe72c82b1485080b0381022d0ad2365844e86695ff8bfece9ef42964b
IS,10,32,SUT-F,0.3753579788312237,0.3489583333333333,0.026399645497890367,0.026399645497890367,0.07565271545664105,fdb12e7fe72c82b1485080b0381022d0ad2365844e86695ff8bfece9ef42964b
FST-RandomSet,10,32,SUT-E,0.09961405023932457,0.078125,0.02148905023932457,0.02148905023932457,0.2750598430633545,fdb12e7fe72c82b1485080b0381022d0ad2365844e86695ff8bfece9ef42964b
FST-RandomSet,10,32,SUT-F,0.2849695775657892,0.3489583333333333,-0.06398875576754409,0.06398875576754409,0.18337076279654427,fdb12e7fe72c82b1485080b0381022d0ad2365844e86695ff8bfece9ef42964b
Handcrafted-Similarity,10,32,SUT-E,0.06878499200360536,0.078125,-0.009340007996394645,0.009340007996394645,0.11955210235385146,fdb12e7fe72c82b1485080b0381022d0ad2365844e86695ff8bfece9ef42964b
Handcrafted-Similarity,10,32,SUT-F,0.3440163435269181,0.3489583333333333,-0.004941989806415192,0.004941989806415192,0.014162120042264432,fdb12e7fe72c82b1485080b0381022d0ad2365844e86695ff8bfece9ef42964b
FST-Similarity-H,10,32,SUT-E,0.057689602952450514,0.078125,-0.020435397047549486,0.020435397047549486,0.2615730822086334,fdb12e7fe72c82b1485080b0381022d0ad2365844e86695ff8bfece9ef42964b
FST-Similarity-H,10,32,SUT-F,0.244399587623775,0.3489583333333333,-0.10455874570955831,0.10455874570955831,0.29963103248112233,fdb12e7fe72c82b1485080b0381022d0ad2365844e86695ff8bfece9ef42964b
NoSimilarity-Optimized,10,32,SUT-E,0.2,0.078125,0.12187500000000001,0.12187500000000001,1.56,fdb12e7fe72c82b1485080b0381022d0ad2365844e86695ff8bfece9ef42964b
NoSimilarity-Optimized,10,32,SUT-F,0.30000000000000004,0.3489583333333333,-0.04895833333333327,0.04895833333333327,0.1402985074626864,fdb12e7fe72c82b1485080b0381022d0ad2365844e86695ff8bfece9ef42964b
CMC,10,33,SUT-E,0.1,0.078125,0.021875000000000006,0.021875000000000006,0.2800000000000001,fdb12e7fe72c82b1485080b0381022d0ad2365844e86695ff8bfece9ef42964b
CMC,10,33,SUT-F,0.5,0.3489583333333333,0.15104166666666669,0.15104166666666669,0.43283582089552247,fdb12e7fe72c82b1485080b0381022d0ad2365844e86695ff8bfece9ef42964b
Uniform,10,33,SUT-E,0.0,0.078125,-0.078125,0.078125,1.0,fdb12e7fe72c82b1485080b0381022d0ad2365844e86695ff8bfece9ef42964b
Uniform,10,33,SUT-F,0.4,0.3489583333333333,0.05104166666666671,0.05104166666666671,0.14626865671641803,fdb12e7fe72c82b1485080b0381022d0ad2365844e86695ff8bfece9ef42964b
IS,10,33,SUT-E,0.06461780184025537,0.078125,-0.013507198159744632,0.013507198159744632,0.17289213644473128,fdb12e7fe72c82b1485080b0381022d0ad2365844e86695ff8bfece9ef42964b
IS,10,33,SUT-F,0.301158468613164,0.3489583333333333,-0.04779986472016934,0.04779986472016934,0.1369787168100375,fdb12e7fe72c82b1485080b0381022d0ad2365844e86695ff8bfece9ef42964b
FST-RandomSet,10,33,SUT-E,0.09414099436253309,0.078125,0.016015994362533092,0.016015994362533092,0.2050047278404236,fdb12e7fe72c82b1485080b0381022d0ad2365844e86695ff8bfece9ef42964b
FST-RandomSet,10,33,SUT-F,0.4922985592857003,0.3489583333333333,0.143340225952367,0.143340225952367,0.4107660206396189,fdb12e7fe72c82b1485080b0381022d0ad2365844e86695ff8bfece9ef42964b
Handcrafted-Similarity,10,33,SUT-E,0.07007766067828705,0.078125,-0.008047339321712949,0.008047339321712949,0.10300594331792574,fdb12e7fe72c82b1485080b0381022d0ad2365844e86695ff8bfece9ef42964b
Handcrafted-Similarity,10,33,SUT-F,0.3431466462772106,0.3489583333333333,-0.005811687056122727,0.005811687056122727,0.016654386787694982,fdb12e7fe72c82b1485080b0381022d0ad2365844e86695ff8bfece9ef42964b
FST-Similarity-H,10,33,SUT-E,0.05729888007044792,0.078125,-0.020826119929552078,0.020826119929552078,0.2665743350982666,fdb12e7fe72c82b1485080b0381022d0ad2365844e86695ff8bfece9ef42964b
FST-Similarity-H,10,33,SUT-F,0.4260750222019851,0.3489583333333333,0.0771166888686518,0.0771166888686518,0.2209911083997186,fdb12e7fe72c82b1485080b0381022d0ad2365844e86695ff8bfece9ef42964b
NoSimilarity-Optimized,10,33,SUT-E,0.1,0.078125,0.021875000000000006,0.021875000000000006,0.2800000000000001,fdb12e7fe72c82b1485080b0381022d0ad2365844e86695ff8bfece9ef42964b
NoSimilarity-Optimized,10,33,SUT-F,0.4,0.3489583333333333,0.05104166666666671,0.05104166666666671,0.14626865671641803,fdb12e7fe72c82b1485080b0381022d0ad2365844e86695ff8bfece9ef42964b
CMC,10,34,SUT-E,0.0,0.078125,-0.078125,0.078125,1.0,fdb12e7fe72c82b1485080b0381022d0ad2365844e86695ff8bfece9ef42964b
CMC,10,34,SUT-F,0.0,0.3489583333333333,-0.3489583333333333,0.3489583333333333,1.0,fdb12e7fe72c82b1485080b0381022d0ad2365844e86695ff8bfece9ef42964b
Uniform,10,34,SUT-E,0.2,0.078125,0.12187500000000001,0.12187500000000001,1.56,fdb12e7fe72c82b1485080b0381022d0ad2365844e86695ff8bfece9ef42964b
Uniform,10,34,SUT-F,0.6,0.3489583333333333,0.25104166666666666,0.25104166666666666,0.7194029850746269,fdb12e7fe72c82b1485080b0381022d0ad2365844e86695ff8bfece9ef42964b
IS,10,34,SUT-E,0.01943538090509292,0.078125,-0.05868961909490708,0.05868961909490708,0.7512271244148107,fdb12e7fe72c82b1485080b0381022d0ad2365844e86695ff8bfece9ef42964b
IS,10,34,SUT-F,0.33601811599267706,0.3489583333333333,-0.012940217340656257,0.012940217340656257,0.03708241387173136,fdb12e7fe72c82b1485080b0381022d0ad2365844e86695ff8bfece9ef42964b
FST-RandomSet,10,34,SUT-E,0.09992619697004557,0.078125,0.021801196970045567,0.021801196970045567,0.2790553212165833,fdb12e7fe72c82b1485080b0381022d0ad2365844e86695ff8bfece9ef42964b
FST-RandomSet,10,34,SUT-F,0.3411740781739354,0.3489583333333333,-0.0077842551593979015,0.0077842551593979015,0.022307119262752195,fdb12e7fe72c82b1485080b0381022d0ad2365844e86695ff8bfece9ef42964b
Handcrafted-Similarity,10,34,SUT-E,0.06697985150306773,0.078125,-0.011145148496932267,0.011145148496932267,0.142657900760733,fdb12e7fe72c82b1485080b0381022d0ad2365844e86695ff8bfece9ef42964b
Handcrafted-Similarity,10,34,SUT-F,0.45103436913005623,0.3489583333333333,0.10207603579672292,0.10207603579672292,0.2925164010891164,fdb12e7fe72c82b1485080b0381022d0ad2365844e86695ff8bfece9ef42964b
FST-Similarity-H,10,34,SUT-E,0.05718443542718887,0.078125,-0.020940564572811127,0.020940564572811127,0.2680392265319824,fdb12e7fe72c82b1485080b0381022d0ad2365844e86695ff8bfece9ef42964b
FST-Similarity-H,10,34,SUT-F,0.3324699653312564,0.3489583333333333,-0.016488368002076925,0.016488368002076925,0.04725024860296671,fdb12e7fe72c82b1485080b0381022d0ad2365844e86695ff8bfece9ef42964b
NoSimilarity-Optimized,10,34,SUT-E,0.1,0.078125,0.021875000000000006,0.021875000000000006,0.2800000000000001,fdb12e7fe72c82b1485080b0381022d0ad2365844e86695ff8bfece9ef42964b
NoSimilarity-Optimized,10,34,SUT-F,0.30000000000000004,0.3489583333333333,-0.04895833333333327,0.04895833333333327,0.1402985074626864,fdb12e7fe72c82b1485080b0381022d0ad2365844e86695ff8bfece9ef42964b
CMC,10,35,SUT-E,0.2,0.078125,0.12187500000000001,0.12187500000000001,1.56,fdb12e7fe72c82b1485080b0381022d0ad2365844e86695ff8bfece9ef42964b
CMC,10,35,SUT-F,0.4,0.3489583333333333,0.05104166666666671,0.05104166666666671,0.14626865671641803,fdb12e7fe72c82b1485080b0381022d0ad2365844e86695ff8bfece9ef42964b
Uniform,10,35,SUT-E,0.1,0.078125,0.021875000000000006,0.021875000000000006,0.2800000000000001,fdb12e7fe72c82b1485080b0381022d0ad2365844e86695ff8bfece9ef42964b
Uniform,10,35,SUT-F,0.4,0.3489583333333333,0.05104166666666671,0.05104166666666671,0.14626865671641803,fdb12e7fe72c82b1485080b0381022d0ad2365844e86695ff8bfece9ef42964b
IS,10,35,SUT-E,0.04518242093516245,0.078125,-0.03294257906483755,0.03294257906483755,0.4216650120299207,fdb12e7fe72c82b1485080b0381022d0ad2365844e86695ff8bfece9ef42964b
IS,10,35,SUT-F,0.35896420779827976,0.3489583333333333,0.01000587446494644,0.01000587446494644,0.02867355070551816,fdb12e7fe72c82b1485080b0381022d0ad2365844e86695ff8bfece9ef42964b
FST-RandomSet,10,35,SUT-E,0.09937875531613827,0.078125,0.021253755316138268,0.021253755316138268,0.27204806804656984,fdb12e7fe72c82b1485080b0381022d0ad2365844e86695ff8bfece9ef42964b
FST-RandomSet,10,35,SUT-F,0.48355115018785,0.3489583333333333,0.13459281685451668,0.13459281685451668,0.38569881844876425,fdb12e7fe72c82b1485080b0381022d0ad2365844e86695ff8bfece9ef42964b
Handcrafted-Similarity,10,35,SUT-E,0.06746461354149567,0.078125,-0.010660386458504326,0.010660386458504326,0.13645294666885538,fdb12e7fe72c82b1485080b0381022d0ad2365844e86695ff8bfece9ef42964b
Handcrafted-Similarity,10,35,SUT-F,0.25724883511538005,0.3489583333333333,-0.09170949821795327,0.09170949821795327,0.2628093083260751,fdb12e7fe72c82b1485080b0381022d0ad2365844e86695ff8bfece9ef42964b
FST-Similarity-H,10,35,SUT-E,0.058145387563854456,0.078125,-0.019979612436145544,0.019979612436145544,0.25573903918266294,fdb12e7fe72c82b1485080b0381022d0ad2365844e86695ff8bfece9ef42964b
FST-Similarity-H,10,35,SUT-F,0.5240348377265036,0.3489583333333333,0.1750765043931703,0.1750765043931703,0.5017117737834134,fdb12e7fe72c82b1485080b0381022d0ad2365844e86695ff8bfece9ef42964b
NoSimilarity-Optimized,10,35,SUT-E,0.1,0.078125,0.021875000000000006,0.021875000000000006,0.2800000000000001,fdb12e7fe72c82b1485080b0381022d0ad2365844e86695ff8bfece9ef42964b
NoSimilarity-Optimized,10,35,SUT-F,0.4,0.3489583333333333,0.05104166666666671,0.05104166666666671,0.14626865671641803,fdb12e7fe72c82b1485080b0381022d0ad2365844e86695ff8bfece9ef42964b
CMC,10,36,SUT-E,0.0,0.078125,-0.078125,0.078125,1.0,fdb12e7fe72c82b1485080b0381022d0ad2365844e86695ff8bfece9ef42964b
CMC,10,36,SUT-F,0.2,0.3489583333333333,-0.1489583333333333,0.1489583333333333,0.42686567164179096,fdb12e7fe72c82b1485080b0381022d0ad2365844e86695ff8bfece9ef42964b
Uniform,10,36,SUT-E,0.30000000000000004,0.078125,0.22187500000000004,0.22187500000000004,2.8400000000000007,fdb12e7fe72c82b1485080b0381022d0ad2365844e86695ff8bfece9ef42964b
Uniform,10,36,SUT-F,0.6,0.3489583333333333,0.25104166666666666,0.25104166666666666,0.7194029850746269,fdb12e7fe72c82b1485080b0381022d0ad2365844e86695ff8bfece9ef42964b
IS,10,36,SUT-E,0.12292394455553413,0.078125,0.044798944555534126,0.044798944555534126,0.5734264903108368,fdb12e7fe72c82b1485080b0381022d0ad2365844e86695ff8bfece9ef42964b
IS,10,36,SUT-F,0.2001650646457427,0.3489583333333333,-0.1487932686875906,0.1487932686875906,0.4263926505674238,fdb12e7fe72c82b1485080b0381022d0ad2365844e86695ff8bfece9ef42964b
FST-RandomSet,10,36,SUT-E,0.06419085897505283,0.078125,-0.013934141024947166,0.013934141024947166,0.17835700511932373,fdb12e7fe72c82b1485080b0381022d0ad2365844e86695ff8bfece9ef42964b
FST-RandomSet,10,36,SUT-F,0.3472684770822525,0.3489583333333333,-0.0016898562510808124,0.0016898562510808124,0.004842573137425612,fdb12e7fe72c82b1485080b0381022d0ad2365844e86695ff8bfece9ef42964b
Handcrafted-Similarity,10,36,SUT-E,0.0709224247680933,0.078125,-0.007202575231906705,0.007202575231906705,0.09219296296840582,fdb12e7fe72c82b1485080b0381022d0ad2365844e86695ff8bfece9ef42964b
Handcrafted-Similarity,10,36,SUT-F,0.44007659063557714,0.3489583333333333,0.09111825730224382,0.09111825730224382,0.2611150060004599,fdb12e7fe72c82b1485080b0381022d0ad2365844e86695ff8bfece9ef42964b
FST-Similarity-H,10,36,SUT-E,0.05711903050541878,0.078125,-0.021005969494581223,0.021005969494581223,0.2688764095306396,fdb12e7fe72c82b1485080b0381022d0ad2365844e86695ff8bfece9ef42964b
FST-Similarity-H,10,36,SUT-F,1.0000000707805157,0.3489583333333333,0.6510417374471824,0.6510417374471824,1.8656718446247615,fdb12e7fe72c82b1485080b0381022d0ad2365844e86695ff8bfece9ef42964b
NoSimilarity-Optimized,10,36,SUT-E,0.1,0.078125,0.021875000000000006,0.021875000000000006,0.2800000000000001,fdb12e7fe72c82b1485080b0381022d0ad2365844e86695ff8bfece9ef42964b
NoSimilarity-Optimized,10,36,SUT-F,0.4,0.3489583333333333,0.05104166666666671,0.05104166666666671,0.14626865671641803,fdb12e7fe72c82b1485080b0381022d0ad2365844e86695ff8bfece9ef42964b
CMC,10,37,SUT-E,0.0,0.078125,-0.078125,0.078125,1.0,fdb12e7fe72c82b1485080b0381022d0ad2365844e86695ff8bfece9ef42964b
CMC,10,37,SUT-F,0.30000000000000004,0.3489583333333333,-0.04895833333333327,0.04895833333333327,0.1402985074626864,fdb12e7fe72c82b1485080b0381022d0ad2365844e86695ff8bfece9ef42964b
Uniform,10,37,SUT-E,0.0,0.078125,-0.078125,0.078125,1.0,fdb12e7fe72c82b1485080b0381022d0ad2365844e86695ff8bfece9ef42964b
Uniform,10,37,SUT-F,0.5,0.3489583333333333,0.15104166666666669,0.15104166666666669,0.43283582089552247,fdb12e7fe72c82b1485080b0381022d0ad2365844e86695ff8bfece9ef42964b
IS,10,37,SUT-E,0.07774152362037168,0.078125,-0.0003834763796283225,0.0003834763796283225,0.004908497659242528,fdb12e7fe72c82b1485080b0381022d0ad2365844e86695ff8bfece9ef42964b
IS,10,37,SUT-F,0.3877406354334948,0.3489583333333333,0.03878230210016148,0.03878230210016148,0.11113734333180604,fdb12e7fe72c82b1485080b0381022d0ad2365844e86695ff8bfece9ef42964b
FST-RandomSet,10,37,SUT-E,0.09984738752245903,0.078125,0.02172238752245903,0.02172238752245903,0.2780465602874756,fdb12e7fe72c82b1485080b0381022d0ad2365844e86695ff8bfece9ef42964b
FST-RandomSet,10,37,SUT-F,0.5993395932018757,0.3489583333333333,0.25038125986854237,0.25038125986854237,0.7175104760411961,fdb12e7fe72c82b1485080b0381022d0ad2365844e86695ff8bfece9ef42964b
Handcrafted-Similarity,10,37,SUT-E,0.07114626944792907,0.078125,-0.006978730552070933,0.006978730552070933,0.08932775106650795,fdb12e7fe72c82b1485080b0381022d0ad2365844e86695ff8bfece9ef42964b
Handcrafted-Similarity,10,37,SUT-F,0.35188556803155724,0.3489583333333333,0.002927234698223924,0.002927234698223924,0.008388493463567065,fdb12e7fe72c82b1485080b0381022d0ad2365844e86695ff8bfece9ef42964b
FST-Similarity-H,10,37,SUT-E,0.05698044318705797,0.078125,-0.021144556812942028,0.021144556812942028,0.27065032720565796,fdb12e7fe72c82b1485080b0381022d0ad2365844e86695ff8bfece9ef42964b
FST-Similarity-H,10,37,SUT-F,0.43188547529280186,0.3489583333333333,0.08292714195946854,0.08292714195946854,0.23764195904802926,fdb12e7fe72c82b1485080b0381022d0ad2365844e86695ff8bfece9ef42964b
NoSimilarity-Optimized,10,37,SUT-E,0.1,0.078125,0.021875000000000006,0.021875000000000006,0.2800000000000001,fdb12e7fe72c82b1485080b0381022d0ad2365844e86695ff8bfece9ef42964b
NoSimilarity-Optimized,10,37,SUT-F,0.4,0.3489583333333333,0.05104166666666671,0.05104166666666671,0.14626865671641803,fdb12e7fe72c82b1485080b0381022d0ad2365844e86695ff8bfece9ef42964b
CMC,10,38,SUT-E,0.0,0.078125,-0.078125,0.078125,1.0,fdb12e7fe72c82b1485080b0381022d0ad2365844e86695ff8bfece9ef42964b
CMC,10,38,SUT-F,0.30000000000000004,0.3489583333333333,-0.04895833333333327,0.04895833333333327,0.1402985074626864,fdb12e7fe72c82b1485080b0381022d0ad2365844e86695ff8bfece9ef42964b
Uniform,10,38,SUT-E,0.0,0.078125,-0.078125,0.078125,1.0,fdb12e7fe72c82b1485080b0381022d0ad2365844e86695ff8bfece9ef42964b
Uniform,10,38,SUT-F,0.30000000000000004,0.3489583333333333,-0.04895833333333327,0.04895833333333327,0.1402985074626864,fdb12e7fe72c82b1485080b0381022d0ad2365844e86695ff8bfece9ef42964b
IS,10,38,SUT-E,0.01943538090509292,0.078125,-0.05868961909490708,0.05868961909490708,0.7512271244148107,fdb12e7fe72c82b1485080b0381022d0ad2365844e86695ff8bfece9ef42964b
IS,10,38,SUT-F,0.23401168269792613,0.3489583333333333,-0.11494665063540718,0.11494665063540718,0.329399357044749,fdb12e7fe72c82b1485080b0381022d0ad2365844e86695ff8bfece9ef42964b
FST-RandomSet,10,38,SUT-E,0.05619138851761818,0.078125,-0.02193361148238182,0.02193361148238182,0.2807502269744873,fdb12e7fe72c82b1485080b0381022d0ad2365844e86695ff8bfece9ef42964b
FST-RandomSet,10,38,SUT-F,0.2826724983751774,0.3489583333333333,-0.06628583495815593,0.06628583495815593,0.18995343749202895,fdb12e7fe72c82b1485080b0381022d0ad2365844e86695ff8bfece9ef42964b
Handcrafted-Similarity,10,38,SUT-E,0.06876331092519053,0.078125,-0.00936168907480947,0.00936168907480947,0.11982962015756123,fdb12e7fe72c82b1485080b0381022d0ad2365844e86695ff8bfece9ef42964b
Handcrafted-Similarity,10,38,SUT-F,0.3455198679956783,0.3489583333333333,-0.0034384653376550167,0.0034384653376550167,0.009853512609399451,fdb12e7fe72c82b1485080b0381022d0ad2365844e86695ff8bfece9ef42964b
FST-Similarity-H,10,38,SUT-E,0.05728130601346493,0.078125,-0.020843693986535072,0.020843693986535072,0.26679928302764894,fdb12e7fe72c82b1485080b0381022d0ad2365844e86695ff8bfece9ef42964b
FST-Similarity-H,10,38,SUT-F,0.2924856096506119,0.3489583333333333,-0.05647272368272144,0.05647272368272144,0.16183228279227638,fdb12e7fe72c82b1485080b0381022d0ad2365844e86695ff8bfece9ef42964b
NoSimilarity-Optimized,10,38,SUT-E,0.1,0.078125,0.021875000000000006,0.021875000000000006,0.2800000000000001,fdb12e7fe72c82b1485080b0381022d0ad2365844e86695ff8bfece9ef42964b
NoSimilarity-Optimized,10,38,SUT-F,0.30000000000000004,0.3489583333333333,-0.04895833333333327,0.04895833333333327,0.1402985074626864,fdb12e7fe72c82b1485080b0381022d0ad2365844e86695ff8bfece9ef42964b
CMC,10,39,SUT-E,0.1,0.078125,0.021875000000000006,0.021875000000000006,0.2800000000000001,fdb12e7fe72c82b1485080b0381022d0ad2365844e86695ff8bfece9ef42964b
CMC,10,39,SUT-F,0.30000000000000004,0.3489583333333333,-0.04895833333333327,0.04895833333333327,0.1402985074626864,fdb12e7fe72c82b1485080b0381022d0ad2365844e86695ff8bfece9ef42964b
Uniform,10,39,SUT-E,0.0,0.078125,-0.078125,0.078125,1.0,fdb12e7fe72c82b1485080b0381022d0ad2365844e86695ff8bfece9ef42964b
Uniform,10,39,SUT-F,0.1,0.3489583333333333,-0.2489583333333333,0.2489583333333333,0.7134328358208955,fdb12e7fe72c82b1485080b0381022d0ad2365844e86695ff8bfece9ef42964b
IS,10,39,SUT-E,0.03887076181018584,0.078125,-0.03925423818981416,0.03925423818981416,0.5024542488296213,fdb12e7fe72c82b1485080b0381022d0ad2365844e86695ff8bfece9ef42964b
IS,10,39,SUT-F,0.3526525486733031,0.3489583333333333,0.0036942153399697752,0.0036942153399697752,0.01058640813842085,fdb12e7fe72c82b1485080b0381022d0ad2365844e86695ff8bfece9ef42964b
FST-RandomSet,10,39,SUT-E,0.056556109338998795,0.078125,-0.021568890661001205,0.021568890661001205,0.27608180046081543,fdb12e7fe72c82b1485080b0381022d0ad2365844e86695ff8bfece9ef42964b
FST-RandomSet,10,39,SUT-F,0.34669377841055393,0.3489583333333333,-0.0022645549227793826,0.0022645549227793826,0.006489470823487186,fdb12e7fe72c82b1485080b0381022d0ad2365844e86695ff8bfece9ef42964b
Handcrafted-Similarity,10,39,SUT-E,0.16190268067812771,0.078125,0.08377768067812771,0.08377768067812771,1.0723543126800348,fdb12e7fe72c82b1485080b0381022d0ad2365844e86695ff8bfece9ef42964b
Handcrafted-Similarity,10,39,SUT-F,0.24768085746280064,0.3489583333333333,-0.10127747587053268,0.10127747587053268,0.2902279905543623,fdb12e7fe72c82b1485080b0381022d0ad2365844e86695ff8bfece9ef42964b
FST-Similarity-H,10,39,SUT-E,0.05801085429266095,0.078125,-0.02011414570733905,0.02011414570733905,0.25746106505393984,fdb12e7fe72c82b1485080b0381022d0ad2365844e86695ff8bfece9ef42964b
FST-Similarity-H,10,39,SUT-F,0.24526177113875747,0.3489583333333333,-0.10369656219457585,0.10369656219457585,0.29716029763221735,fdb12e7fe72c82b1485080b0381022d0ad2365844e86695ff8bfece9ef42964b
NoSimilarity-Optimized,10,39,SUT-E,0.1,0.078125,0.021875000000000006,0.021875000000000006,0.2800000000000001,fdb12e7fe72c82b1485080b0381022d0ad2365844e86695ff8bfece9ef42964b
NoSimilarity-Optimized,10,39,SUT-F,0.30000000000000004,0.3489583333333333,-0.04895833333333327,0.04895833333333327,0.1402985074626864,fdb12e7fe72c82b1485080b0381022d0ad2365844e86695ff8bfece9ef42964b
CMC,10,40,SUT-E,0.0,0.078125,-0.078125,0.078125,1.0,fdb12e7fe72c82b1485080b0381022d0ad2365844e86695ff8bfece9ef42964b
CMC,10,40,SUT-F,0.30000000000000004,0.3489583333333333,-0.04895833333333327,0.04895833333333327,0.1402985074626864,fdb12e7fe72c82b1485080b0381022d0ad2365844e86695ff8bfece9ef42964b
Uniform,10,40,SUT-E,0.1,0.078125,0.021875000000000006,0.021875000000000006,0.2800000000000001,fdb12e7fe72c82b1485080b0381022d0ad2365844e86695ff8bfece9ef42964b
Uniform,10,40,SUT-F,0.2,0.3489583333333333,-0.1489583333333333,0.1489583333333333,0.42686567164179096,fdb12e7fe72c82b1485080b0381022d0ad2365844e86695ff8bfece9ef42964b
IS,10,40,SUT-E,0.15498264371058026,0.078125,0.07685764371058026,0.07685764371058026,0.9837778394954274,fdb12e7fe72c82b1485080b0381022d0ad2365844e86695ff8bfece9ef42964b
IS,10,40,SUT-F,0.32764657382107876,0.3489583333333333,-0.021311759512254558,0.021311759512254558,0.06107250487093844,fdb12e7fe72c82b1485080b0381022d0ad2365844e86695ff8bfece9ef42964b
FST-RandomSet,10,40,SUT-E,0.09424536861479282,0.078125,0.016120368614792824,0.016120368614792824,0.20634071826934813,fdb12e7fe72c82b1485080b0381022d0ad2365844e86695ff8bfece9ef42964b
FST-RandomSet,10,40,SUT-F,0.3351701144129038,0.3489583333333333,-0.013788218920429529,0.013788218920429529,0.03951250795108164,fdb12e7fe72c82b1485080b0381022d0ad2365844e86695ff8bfece9ef42964b
Handcrafted-Similarity,10,40,SUT-E,0.15831434987082546,0.078125,0.08018934987082546,0.08018934987082546,1.026423678346566,fdb12e7fe72c82b1485080b0381022d0ad2365844e86695ff8bfece9ef42964b
Handcrafted-Similarity,10,40,SUT-F,0.34808279727427444,0.3489583333333333,-0.000875536059058879,0.000875536059058879,0.002508998855810519,fdb12e7fe72c82b1485080b0381022d0ad2365844e86695ff8bfece9ef42964b
FST-Similarity-H,10,40,SUT-E,0.05736210336908698,0.078125,-0.02076289663091302,0.02076289663091302,0.2657650768756866,fdb12e7fe72c82b1485080b0381022d0ad2365844e86695ff8bfece9ef42964b
FST-Similarity-H,10,40,SUT-F,0.3505030139349401,0.3489583333333333,0.0015446806016067849,0.0015446806016067849,0.004426547395649294,fdb12e7fe72c82b1485080b0381022d0ad2365844e86695ff8bfece9ef42964b
NoSimilarity-Optimized,10,40,SUT-E,0.2,0.078125,0.12187500000000001,0.12187500000000001,1.56,fdb12e7fe72c82b1485080b0381022d0ad2365844e86695ff8bfece9ef42964b
NoSimilarity-Optimized,10,40,SUT-F,0.30000000000000004,0.3489583333333333,-0.04895833333333327,0.04895833333333327,0.1402985074626864,fdb12e7fe72c82b1485080b0381022d0ad2365844e86695ff8bfece9ef42964b
CMC,10,41,SUT-E,0.0,0.078125,-0.078125,0.078125,1.0,fdb12e7fe72c82b1485080b0381022d0ad2365844e86695ff8bfece9ef42964b
CMC,10,41,SUT-F,0.6,0.3489583333333333,0.25104166666666666,0.25104166666666666,0.7194029850746269,fdb12e7fe72c82b1485080b0381022d0ad2365844e86695ff8bfece9ef42964b
Uniform,10,41,SUT-E,0.0,0.078125,-0.078125,0.078125,1.0,fdb12e7fe72c82b1485080b0381022d0ad2365844e86695ff8bfece9ef42964b
Uniform,10,41,SUT-F,0.30000000000000004,0.3489583333333333,-0.04895833333333327,0.04895833333333327,0.1402985074626864,fdb12e7fe72c82b1485080b0381022d0ad2365844e86695ff8bfece9ef42964b
IS,10,41,SUT-E,0.04518242093516245,0.078125,-0.03294257906483755,0.03294257906483755,0.4216650120299207,fdb12e7fe72c82b1485080b0381022d0ad2365844e86695ff8bfece9ef42964b
IS,10,41,SUT-F,0.3332171677682102,0.3489583333333333,-0.015741165565123116,0.015741165565123116,0.04510901176871102,fdb12e7fe72c82b1485080b0381022d0ad2365844e86695ff8bfece9ef42964b
FST-RandomSet,10,41,SUT-E,0.13588992739096284,0.078125,0.05776492739096284,0.05776492739096284,0.7393910706043243,fdb12e7fe72c82b1485080b0381022d0ad2365844e86695ff8bfece9ef42964b
FST-RandomSet,10,41,SUT-F,0.4997561671771109,0.3489583333333333,0.1507978338437776,0.1507978338437776,0.43213707608963137,fdb12e7fe72c82b1485080b0381022d0ad2365844e86695ff8bfece9ef42964b
Handcrafted-Similarity,10,41,SUT-E,0.07039694813168679,0.078125,-0.007728051868313213,0.007728051868313213,0.09891906391440912,fdb12e7fe72c82b1485080b0381022d0ad2365844e86695ff8bfece9ef42964b
Handcrafted-Similarity,10,41,SUT-F,0.3512537091480474,0.3489583333333333,0.0022953758147140624,0.0022953758147140624,0.006577793379479105,fdb12e7fe72c82b1485080b0381022d0ad2365844e86695ff8bfece9ef42964b
FST-Similarity-H,10,41,SUT-E,0.057175032794475555,0.078125,-0.020949967205524445,0.020949967205524445,0.2681595802307129,fdb12e7fe72c82b1485080b0381022d0ad2365844e86695ff8bfece9ef42964b
FST-Similarity-H,10,41,SUT-F,0.31128085404634476,0.3489583333333333,-0.03767747928698856,0.03767747928698856,0.10797128392689259,fdb12e7fe72c82b1485080b0381022d0ad2365844e86695ff8bfece9ef42964b
NoSimilarity-Optimized,10,41,SUT-E,0.1,0.078125,0.021875000000000006,0.021875000000000006,0.2800000000000001,fdb12e7fe72c82b1485080b0381022d0ad2365844e86695ff8bfece9ef42964b
NoSimilarity-Optimized,10,41,SUT-F,0.5,0.3489583333333333,0.15104166666666669,0.15104166666666669,0.43283582089552247,fdb12e7fe72c82b1485080b0381022d0ad2365844e86695ff8bfece9ef42964b
CMC,10,42,SUT-E,0.2,0.078125,0.12187500000000001,0.12187500000000001,1.56,fdb12e7fe72c82b1485080b0381022d0ad2365844e86695ff8bfece9ef42964b
CMC,10,42,SUT-F,0.5,0.3489583333333333,0.15104166666666669,0.15104166666666669,0.43283582089552247,fdb12e7fe72c82b1485080b0381022d0ad2365844e86695ff8bfece9ef42964b
Uniform,10,42,SUT-E,0.0,0.078125,-0.078125,0.078125,1.0,fdb12e7fe72c82b1485080b0381022d0ad2365844e86695ff8bfece9ef42964b
Uniform,10,42,SUT-F,0.2,0.3489583333333333,-0.1489583333333333,0.1489583333333333,0.42686567164179096,fdb12e7fe72c82b1485080b0381022d0ad2365844e86695ff8bfece9ef42964b
IS,10,42,SUT-E,0.12292394455553413,0.078125,0.044798944555534126,0.044798944555534126,0.5734264903108368,fdb12e7fe72c82b1485080b0381022d0ad2365844e86695ff8bfece9ef42964b
IS,10,42,SUT-F,0.2602591262581588,0.3489583333333333,-0.08869920707517454,0.08869920707517454,0.2541828023646793,fdb12e7fe72c82b1485080b0381022d0ad2365844e86695ff8bfece9ef42964b
FST-RandomSet,10,42,SUT-E,0.05750216916203499,0.078125,-0.02062283083796501,0.02062283083796501,0.26397223472595216,fdb12e7fe72c82b1485080b0381022d0ad2365844e86695ff8bfece9ef42964b
FST-RandomSet,10,42,SUT-F,0.4320040885359049,0.3489583333333333,0.08304575520257157,0.08304575520257157,0.2379818656551305,fdb12e7fe72c82b1485080b0381022d0ad2365844e86695ff8bfece9ef42964b
Handcrafted-Similarity,10,42,SUT-E,0.06965954031665683,0.078125,-0.008465459683343168,0.008465459683343168,0.10835788394679255,fdb12e7fe72c82b1485080b0381022d0ad2365844e86695ff8bfece9ef42964b
Handcrafted-Similarity,10,42,SUT-F,0.35776892928782955,0.3489583333333333,0.008810595954496236,0.008810595954496236,0.02524827497407877,fdb12e7fe72c82b1485080b0381022d0ad2365844e86695ff8bfece9ef42964b
FST-Similarity-H,10,42,SUT-E,0.057697500102221966,0.078125,-0.020427499897778034,0.020427499897778034,0.26147199869155885,fdb12e7fe72c82b1485080b0381022d0ad2365844e86695ff8bfece9ef42964b
FST-Similarity-H,10,42,SUT-F,0.7762960670515895,0.3489583333333333,0.4273377337182562,0.4273377337182562,1.2246096249836596,fdb12e7fe72c82b1485080b0381022d0ad2365844e86695ff8bfece9ef42964b
NoSimilarity-Optimized,10,42,SUT-E,0.1,0.078125,0.021875000000000006,0.021875000000000006,0.2800000000000001,fdb12e7fe72c82b1485080b0381022d0ad2365844e86695ff8bfece9ef42964b
NoSimilarity-Optimized,10,42,SUT-F,0.4,0.3489583333333333,0.05104166666666671,0.05104166666666671,0.14626865671641803,fdb12e7fe72c82b1485080b0381022d0ad2365844e86695ff8bfece9ef42964b
CMC,10,43,SUT-E,0.1,0.078125,0.021875000000000006,0.021875000000000006,0.2800000000000001,fdb12e7fe72c82b1485080b0381022d0ad2365844e86695ff8bfece9ef42964b
CMC,10,43,SUT-F,0.6,0.3489583333333333,0.25104166666666666,0.25104166666666666,0.7194029850746269,fdb12e7fe72c82b1485080b0381022d0ad2365844e86695ff8bfece9ef42964b
Uniform,10,43,SUT-E,0.1,0.078125,0.021875000000000006,0.021875000000000006,0.2800000000000001,fdb12e7fe72c82b1485080b0381022d0ad2365844e86695ff8bfece9ef42964b
Uniform,10,43,SUT-F,0.2,0.3489583333333333,-0.1489583333333333,0.1489583333333333,0.42686567164179096,fdb12e7fe72c82b1485080b0381022d0ad2365844e86695ff8bfece9ef42964b
IS,10,43,SUT-E,0.1034885636504412,0.078125,0.025363563650441207,0.025363563650441207,0.32465361472564747,fdb12e7fe72c82b1485080b0381022d0ad2365844e86695ff8bfece9ef42964b
IS,10,43,SUT-F,0.253206401955337,0.3489583333333333,-0.09575193137799631,0.09575193137799631,0.2743935943966462,fdb12e7fe72c82b1485080b0381022d0ad2365844e86695ff8bfece9ef42964b
FST-RandomSet,10,43,SUT-E,0.058263758197426796,0.078125,-0.019861241802573204,0.019861241802573204,0.254223895072937,fdb12e7fe72c82b1485080b0381022d0ad2365844e86695ff8bfece9ef42964b
FST-RandomSet,10,43,SUT-F,0.3171664420515299,0.3489583333333333,-0.03179189128180343,0.03179189128180343,0.09110512128516804,fdb12e7fe72c82b1485080b0381022d0ad2365844e86695ff8bfece9ef42964b
Handcrafted-Similarity,10,43,SUT-E,0.06984042760579763,0.078125,-0.008284572394202369,0.008284572394202369,0.10604252664579032,fdb12e7fe72c82b1485080b0381022d0ad2365844e86695ff8bfece9ef42964b
Handcrafted-Similarity,10,43,SUT-F,0.44581505719603437,0.3489583333333333,0.09685672386270106,0.09685672386270106,0.2775595668901284,fdb12e7fe72c82b1485080b0381022d0ad2365844e86695ff8bfece9ef42964b
FST-Similarity-H,10,43,SUT-E,0.05696688964962959,0.078125,-0.021158110350370407,0.021158110350370407,0.2708238124847412,fdb12e7fe72c82b1485080b0381022d0ad2365844e86695ff8bfece9ef42964b
FST-Similarity-H,10,43,SUT-F,0.36485177651047707,0.3489583333333333,0.01589344317714375,0.01589344317714375,0.045545389403158214,fdb12e7fe72c82b1485080b0381022d0ad2365844e86695ff8bfece9ef42964b
NoSimilarity-Optimized,10,43,SUT-E,0.1,0.078125,0.021875000000000006,0.021875000000000006,0.2800000000000001,fdb12e7fe72c82b1485080b0381022d0ad2365844e86695ff8bfece9ef42964b
NoSimilarity-Optimized,10,43,SUT-F,0.4,0.3489583333333333,0.05104166666666671,0.05104166666666671,0.14626865671641803,fdb12e7fe72c82b1485080b0381022d0ad2365844e86695ff8bfece9ef42964b
CMC,10,44,SUT-E,0.0,0.078125,-0.078125,0.078125,1.0,fdb12e7fe72c82b1485080b0381022d0ad2365844e86695ff8bfece9ef42964b
CMC,10,44,SUT-F,0.4,0.3489583333333333,0.05104166666666671,0.05104166666666671,0.14626865671641803,fdb12e7fe72c82b1485080b0381022d0ad2365844e86695ff8bfece9ef42964b
Uniform,10,44,SUT-E,0.1,0.078125,0.021875000000000006,0.021875000000000006,0.2800000000000001,fdb12e7fe72c82b1485080b0381022d0ad2365844e86695ff8bfece9ef42964b
Uniform,10,44,SUT-F,0.4,0.3489583333333333,0.05104166666666671,0.05104166666666671,0.14626865671641803,fdb12e7fe72c82b1485080b0381022d0ad2365844e86695ff8bfece9ef42964b
IS,10,44,SUT-E,0.01943538090509292,0.078125,-0.05868961909490708,0.05868961909490708,0.7512271244148107,fdb12e7fe72c82b1485080b0381022d0ad2365844e86695ff8bfece9ef42964b
IS,10,44,SUT-F,0.2597587227279957,0.3489583333333333,-0.0891996106053376,0.0891996106053376,0.2556167945705197,fdb12e7fe72c82b1485080b0381022d0ad2365844e86695ff8bfece9ef42964b
FST-RandomSet,10,44,SUT-E,0.09839129820466042,0.078125,0.020266298204660416,0.020266298204660416,0.25940861701965334,fdb12e7fe72c82b1485080b0381022d0ad2365844e86695ff8bfece9ef42964b
FST-RandomSet,10,44,SUT-F,0.28147360729053617,0.3489583333333333,-0.06748472604279715,0.06748472604279715,0.1933890656748814,fdb12e7fe72c82b1485080b0381022d0ad2365844e86695ff8bfece9ef42964b
Handcrafted-Similarity,10,44,SUT-E,0.07075766772953737,0.078125,-0.007367332270462629,0.007367332270462629,0.09430185306192165,fdb12e7fe72c82b1485080b0381022d0ad2365844e86695ff8bfece9ef42964b
Handcrafted-Similarity,10,44,SUT-F,0.4459143451818679,0.3489583333333333,0.09695601184853458,0.09695601184853458,0.2778440936555021,fdb12e7fe72c82b1485080b0381022d0ad2365844e86695ff8bfece9ef42964b
FST-Similarity-H,10,44,SUT-E,0.05796728050336242,0.078125,-0.020157719496637583,0.020157719496637583,0.25801880955696105,fdb12e7fe72c82b1485080b0381022d0ad2365844e86695ff8bfece9ef42964b
FST-Similarity-H,10,44,SUT-F,0.28612174233421683,0.3489583333333333,-0.06283659099911648,0.06283659099911648,0.18006903689299053,fdb12e7fe72c82b1485080b0381022d0ad2365844e86695ff8bfece9ef42964b
NoSimilarity-Optimized,10,44,SUT-E,0.2,0.078125,0.12187500000000001,0.12187500000000001,1.56,fdb12e7fe72c82b1485080b0381022d0ad2365844e86695ff8bfece9ef42964b
NoSimilarity-Optimized,10,44,SUT-F,0.30000000000000004,0.3489583333333333,-0.04895833333333327,0.04895833333333327,0.1402985074626864,fdb12e7fe72c82b1485080b0381022d0ad2365844e86695ff8bfece9ef42964b
CMC,10,45,SUT-E,0.0,0.078125,-0.078125,0.078125,1.0,fdb12e7fe72c82b1485080b0381022d0ad2365844e86695ff8bfece9ef42964b
CMC,10,45,SUT-F,0.30000000000000004,0.3489583333333333,-0.04895833333333327,0.04895833333333327,0.1402985074626864,fdb12e7fe72c82b1485080b0381022d0ad2365844e86695ff8bfece9ef42964b
Uniform,10,45,SUT-E,0.0,0.078125,-0.078125,0.078125,1.0,fdb12e7fe72c82b1485080b0381022d0ad2365844e86695ff8bfece9ef42964b
Uniform,10,45,SUT-F,0.30000000000000004,0.3489583333333333,-0.04895833333333327,0.04895833333333327,0.1402985074626864,fdb12e7fe72c82b1485080b0381022d0ad2365844e86695ff8bfece9ef42964b
IS,10,45,SUT-E,0.16179470636571996,0.078125,0.08366970636571996,0.08366970636571996,1.0709722414812155,fdb12e7fe72c82b1485080b0381022d0ad2365844e86695ff8bfece9ef42964b
IS,10,45,SUT-F,0.21328878642585902,0.3489583333333333,-0.1356695469074743,0.1356695469074743,0.388784373227389,fdb12e7fe72c82b1485080b0381022d0ad2365844e86695ff8bfece9ef42964b
FST-RandomSet,10,45,SUT-E,0.058077582623809576,0.078125,-0.020047417376190424,0.020047417376190424,0.2566069424152374,fdb12e7fe72c82b1485080b0381022d0ad2365844e86695ff8bfece9ef42964b
FST-RandomSet,10,45,SUT-F,0.4339682781137526,0.3489583333333333,0.08500994478041929,0.08500994478041929,0.2436105880274702,fdb12e7fe72c82b1485080b0381022d0ad2365844e86695ff8bfece9ef42964b
Handcrafted-Similarity,10,45,SUT-E,0.06603917727284156,0.078125,-0.01208582272715844,0.01208582272715844,0.15469853090762803,fdb12e7fe72c82b1485080b0381022d0ad2365844e86695ff8bfece9ef42964b
Handcrafted-Similarity,10,45,SUT-F,0.435981332319334,0.3489583333333333,0.08702299898600069,0.08702299898600069,0.24937934037779302,fdb12e7fe72c82b1485080b0381022d0ad2365844e86695ff8bfece9ef42964b
FST-Similarity-H,10,45,SUT-E,0.057438235729932785,0.078125,-0.020686764270067215,0.020686764270067215,0.26479058265686034,fdb12e7fe72c82b1485080b0381022d0ad2365844e86695ff8bfece9ef42964b
FST-Similarity-H,10,45,SUT-F,0.5643517062999308,0.3489583333333333,0.2153933729665975,0.2153933729665975,0.6172466807401004,fdb12e7fe72c82b1485080b0381022d0ad2365844e86695ff8bfece9ef42964b
NoSimilarity-Optimized,10,45,SUT-E,0.1,0.078125,0.021875000000000006,0.021875000000000006,0.2800000000000001,fdb12e7fe72c82b1485080b0381022d0ad2365844e86695ff8bfece9ef42964b
NoSimilarity-Optimized,10,45,SUT-F,0.4,0.3489583333333333,0.05104166666666671,0.05104166666666671,0.14626865671641803,fdb12e7fe72c82b1485080b0381022d0ad2365844e86695ff8bfece9ef42964b
CMC,10,46,SUT-E,0.2,0.078125,0.12187500000000001,0.12187500000000001,1.56,fdb12e7fe72c82b1485080b0381022d0ad2365844e86695ff8bfece9ef42964b
CMC,10,46,SUT-F,0.30000000000000004,0.3489583333333333,-0.04895833333333327,0.04895833333333327,0.1402985074626864,fdb12e7fe72c82b1485080b0381022d0ad2365844e86695ff8bfece9ef42964b
Uniform,10,46,SUT-E,0.1,0.078125,0.021875000000000006,0.021875000000000006,0.2800000000000001,fdb12e7fe72c82b1485080b0381022d0ad2365844e86695ff8bfece9ef42964b
Uniform,10,46,SUT-F,0.30000000000000004,0.3489583333333333,-0.04895833333333327,0.04895833333333327,0.1402985074626864,fdb12e7fe72c82b1485080b0381022d0ad2365844e86695ff8bfece9ef42964b
IS,10,46,SUT-E,0.0903648418703249,0.078125,0.012239841870324897,0.012239841870324897,0.1566699759401587,fdb12e7fe72c82b1485080b0381022d0ad2365844e86695ff8bfece9ef42964b
IS,10,46,SUT-F,1.3269055086432335,0.3489583333333333,0.9779471753099003,0.9779471753099003,2.802475487455237,fdb12e7fe72c82b1485080b0381022d0ad2365844e86695ff8bfece9ef42964b
FST-RandomSet,10,46,SUT-E,0.06607106700539589,0.078125,-0.01205393299460411,0.01205393299460411,0.1542903423309326,fdb12e7fe72c82b1485080b0381022d0ad2365844e86695ff8bfece9ef42964b
FST-RandomSet,10,46,SUT-F,0.6275115772150457,0.3489583333333333,0.2785532438817124,0.2785532438817124,0.798242131720728,fdb12e7fe72c82b1485080b0381022d0ad2365844e86695ff8bfece9ef42964b
Handcrafted-Similarity,10,46,SUT-E,0.06704788652748594,0.078125,-0.011077113472514055,0.011077113472514055,0.1417870524481799,fdb12e7fe72c82b1485080b0381022d0ad2365844e86695ff8bfece9ef42964b
Handcrafted-Similarity,10,46,SUT-F,0.3324423877156312,0.3489583333333333,-0.016515945617702088,0.016515945617702088,0.04732927699401196,fdb12e7fe72c82b1485080b0381022d0ad2365844e86695ff8bfece9ef42964b
FST-Similarity-H,10,46,SUT-E,0.17186178173869848,0.078125,0.09373678173869848,0.09373678173869848,1.1998308062553407,fdb12e7fe72c82b1485080b0381022d0ad2365844e86695ff8bfece9ef42964b
FST-Similarity-H,10,46,SUT-F,0.3131409315392375,0.3489583333333333,-0.035817401794095816,0.035817401794095816,0.10264091260397608,fdb12e7fe72c82b1485080b0381022d0ad2365844e86695ff8bfece9ef42964b
NoSimilarity-Optimized,10,46,SUT-E,0.1,0.078125,0.021875000000000006,0.021875000000000006,0.2800000000000001,fdb12e7fe72c82b1485080b0381022d0ad2365844e86695ff8bfece9ef42964b
NoSimilarity-Optimized,10,46,SUT-F,0.4,0.3489583333333333,0.05104166666666671,0.05104166666666671,0.14626865671641803,fdb12e7fe72c82b1485080b0381022d0ad2365844e86695ff8bfece9ef42964b
CMC,10,47,SUT-E,0.1,0.078125,0.021875000000000006,0.021875000000000006,0.2800000000000001,fdb12e7fe72c82b1485080b0381022d0ad2365844e86695ff8bfece9ef42964b
CMC,10,47,SUT-F,0.5,0.3489583333333333,0.15104166666666669,0.15104166666666669,0.43283582089552247,fdb12e7fe72c82b1485080b0381022d0ad2365844e86695ff8bfece9ef42964b
Uniform,10,47,SUT-E,0.0,0.078125,-0.078125,0.078125,1.0,fdb12e7fe72c82b1485080b0381022d0ad2365844e86695ff8bfece9ef42964b
Uniform,10,47,SUT-F,0.1,0.3489583333333333,-0.2489583333333333,0.2489583333333333,0.7134328358208955,fdb12e7fe72c82b1485080b0381022d0ad2365844e86695ff8bfece9ef42964b
IS,10,47,SUT-E,0.08405318274534829,0.078125,0.005928182745348287,0.005928182745348287,0.07588073914045808,fdb12e7fe72c82b1485080b0381022d0ad2365844e86695ff8bfece9ef42964b
IS,10,47,SUT-F,0.3339582329460553,0.3489583333333333,-0.015000100387278004,0.015000100387278004,0.042985362303841444,fdb12e7fe72c82b1485080b0381022d0ad2365844e86695ff8bfece9ef42964b
FST-RandomSet,10,47,SUT-E,0.05785261280834675,0.078125,-0.02027238719165325,0.02027238719165325,0.2594865560531616,fdb12e7fe72c82b1485080b0381022d0ad2365844e86695ff8bfece9ef42964b
FST-RandomSet,10,47,SUT-F,0.26757172867655754,0.3489583333333333,-0.08138660465677577,0.08138660465677577,0.23322728498658132,fdb12e7fe72c82b1485080b0381022d0ad2365844e86695ff8bfece9ef42964b
Handcrafted-Similarity,10,47,SUT-E,0.06662555452811383,0.078125,-0.011499445471886166,0.011499445471886166,0.14719290204014293,fdb12e7fe72c82b1485080b0381022d0ad2365844e86695ff8bfece9ef42964b
Handcrafted-Similarity,10,47,SUT-F,0.3323119037123892,0.3489583333333333,-0.016646429620944092,0.016646429620944092,0.04770320130180994,fdb12e7fe72c82b1485080b0381022d0ad2365844e86695ff8bfece9ef42964b
FST-Similarity-H,10,47,SUT-E,0.05740715563297272,0.078125,-0.020717844367027283,0.020717844367027283,0.26518840789794923,fdb12e7fe72c82b1485080b0381022d0ad2365844e86695ff8bfece9ef42964b
FST-Similarity-H,10,47,SUT-F,0.2580493874847889,0.3489583333333333,-0.09090894584854442,0.09090894584854442,0.2605151881032915,fdb12e7fe72c82b1485080b0381022d0ad2365844e86695ff8bfece9ef42964b
NoSimilarity-Optimized,10,47,SUT-E,0.1,0.078125,0.021875000000000006,0.021875000000000006,0.2800000000000001,fdb12e7fe72c82b1485080b0381022d0ad2365844e86695ff8bfece9ef42964b
NoSimilarity-Optimized,10,47,SUT-F,0.4,0.3489583333333333,0.05104166666666671,0.05104166666666671,0.14626865671641803,fdb12e7fe72c82b1485080b0381022d0ad2365844e86695ff8bfece9ef42964b
CMC,10,48,SUT-E,0.1,0.078125,0.021875000000000006,0.021875000000000006,0.2800000000000001,fdb12e7fe72c82b1485080b0381022d0ad2365844e86695ff8bfece9ef42964b
CMC,10,48,SUT-F,0.30000000000000004,0.3489583333333333,-0.04895833333333327,0.04895833333333327,0.1402985074626864,fdb12e7fe72c82b1485080b0381022d0ad2365844e86695ff8bfece9ef42964b
Uniform,10,48,SUT-E,0.0,0.078125,-0.078125,0.078125,1.0,fdb12e7fe72c82b1485080b0381022d0ad2365844e86695ff8bfece9ef42964b
Uniform,10,48,SUT-F,0.30000000000000004,0.3489583333333333,-0.04895833333333327,0.04895833333333327,0.1402985074626864,fdb12e7fe72c82b1485080b0381022d0ad2365844e86695ff8bfece9ef42964b
IS,10,48,SUT-E,0.0971769045254646,0.078125,0.019051904525464597,0.019051904525464597,0.24386437792594684,fdb12e7fe72c82b1485080b0381022d0ad2365844e86695ff8bfece9ef42964b
IS,10,48,SUT-F,0.3461002279006443,0.3489583333333333,-0.0028581054326889954,0.0028581054326889954,0.008190391687705778,fdb12e7fe72c82b1485080b0381022d0ad2365844e86695ff8bfece9ef42964b
FST-RandomSet,10,48,SUT-E,0.0562989991158247,0.078125,-0.0218260008841753,0.0218260008841753,0.27937281131744385,fdb12e7fe72c82b1485080b0381022d0ad2365844e86695ff8bfece9ef42964b
FST-RandomSet,10,48,SUT-F,0.32168869534507394,0.3489583333333333,-0.027269637988259376,0.027269637988259376,0.0781458282648627,fdb12e7fe72c82b1485080b0381022d0ad2365844e86695ff8bfece9ef42964b
Handcrafted-Similarity,10,48,SUT-E,0.07397367008332259,0.078125,-0.00415132991667741,0.00415132991667741,0.05313702293347085,fdb12e7fe72c82b1485080b0381022d0ad2365844e86695ff8bfece9ef42964b
Handcrafted-Similarity,10,48,SUT-F,0.34908425818496414,0.3489583333333333,0.0001259248516308209,0.0001259248516308209,0.0003608592763151883,fdb12e7fe72c82b1485080b0381022d0ad2365844e86695ff8bfece9ef42964b
FST-Similarity-H,10,48,SUT-E,0.05728897452354431,0.078125,-0.02083602547645569,0.02083602547645569,0.26670112609863283,fdb12e7fe72c82b1485080b0381022d0ad2365844e86695ff8bfece9ef42964b
FST-Similarity-H,10,48,SUT-F,0.38071852922439575,0.3489583333333333,0.03176019589106244,0.03176019589106244,0.0910142927027461,fdb12e7fe72c82b1485080b0381022d0ad2365844e86695ff8bfece9ef42964b
NoSimilarity-Optimized,10,48,SUT-E,0.1,0.078125,0.021875000000000006,0.021875000000000006,0.2800000000000001,fdb12e7fe72c82b1485080b0381022d0ad2365844e86695ff8bfece9ef42964b
NoSimilarity-Optimized,10,48,SUT-F,0.30000000000000004,0.3489583333333333,-0.04895833333333327,0.04895833333333327,0.1402985074626864,fdb12e7fe72c82b1485080b0381022d0ad2365844e86695ff8bfece9ef42964b
CMC,10,49,SUT-E,0.0,0.078125,-0.078125,0.078125,1.0,fdb12e7fe72c82b1485080b0381022d0ad2365844e86695ff8bfece9ef42964b
CMC,10,49,SUT-F,0.1,0.3489583333333333,-0.2489583333333333,0.2489583333333333,0.7134328358208955,fdb12e7fe72c82b1485080b0381022d0ad2365844e86695ff8bfece9ef42964b
Uniform,10,49,SUT-E,0.1,0.078125,0.021875000000000006,0.021875000000000006,0.2800000000000001,fdb12e7fe72c82b1485080b0381022d0ad2365844e86695ff8bfece9ef42964b
Uniform,10,49,SUT-F,0.30000000000000004,0.3489583333333333,-0.04895833333333327,0.04895833333333327,0.1402985074626864,fdb12e7fe72c82b1485080b0381022d0ad2365844e86695ff8bfece9ef42964b
IS,10,49,SUT-E,0.12292394455553413,0.078125,0.044798944555534126,0.044798944555534126,0.5734264903108368,fdb12e7fe72c82b1485080b0381022d0ad2365844e86695ff8bfece9ef42964b
IS,10,49,SUT-F,0.23829476127808338,0.3489583333333333,-0.11066357205524993,0.11066357205524993,0.3171254602180297,fdb12e7fe72c82b1485080b0381022d0ad2365844e86695ff8bfece9ef42964b
FST-RandomSet,10,49,SUT-E,0.056151630356907845,0.078125,-0.021973369643092155,0.021973369643092155,0.2812591314315796,fdb12e7fe72c82b1485080b0381022d0ad2365844e86695ff8bfece9ef42964b
FST-RandomSet,10,49,SUT-F,0.5207645576447248,0.3489583333333333,0.17180622431139153,0.17180622431139153,0.4923402248923459,fdb12e7fe72c82b1485080b0381022d0ad2365844e86695ff8bfece9ef42964b
Handcrafted-Similarity,10,49,SUT-E,0.06933955324945729,0.078125,-0.008785446750542714,0.008785446750542714,0.11245371840694673,fdb12e7fe72c82b1485080b0381022d0ad2365844e86695ff8bfece9ef42964b
Handcrafted-Similarity,10,49,SUT-F,0.44681588817972373,0.3489583333333333,0.09785755484639042,0.09785755484639042,0.2804276198583128,fdb12e7fe72c82b1485080b0381022d0ad2365844e86695ff8bfece9ef42964b
FST-Similarity-H,10,49,SUT-E,0.05737508647143841,0.078125,-0.020749913528561592,0.020749913528561592,0.2655988931655884,fdb12e7fe72c82b1485080b0381022d0ad2365844e86695ff8bfece9ef42964b
FST-Similarity-H,10,49,SUT-F,0.29031914100050926,0.3489583333333333,-0.05863919233282405,0.05863919233282405,0.16804067056570476,fdb12e7fe72c82b1485080b0381022d0ad2365844e86695ff8bfece9ef42964b
NoSimilarity-Optimized,10,49,SUT-E,0.1,0.078125,0.021875000000000006,0.021875000000000006,0.2800000000000001,fdb12e7fe72c82b1485080b0381022d0ad2365844e86695ff8bfece9ef42964b
NoSimilarity-Optimized,10,49,SUT-F,0.4,0.3489583333333333,0.05104166666666671,0.05104166666666671,0.14626865671641803,fdb12e7fe72c82b1485080b0381022d0ad2365844e86695ff8bfece9ef42964b
CMC,20,0,SUT-E,0.1,0.078125,0.021875000000000006,0.021875000000000006,0.2800000000000001,fdb12e7fe72c82b1485080b0381022d0ad2365844e86695ff8bfece9ef42964b
CMC,20,0,SUT-F,0.6000000000000001,0.3489583333333333,0.2510416666666668,0.2510416666666668,0.7194029850746272,fdb12e7fe72c82b1485080b0381022d0ad2365844e86695ff8bfece9ef42964b
Uniform,20,0,SUT-E,0.15000000000000002,0.078125,0.07187500000000002,0.07187500000000002,0.9200000000000003,fdb12e7fe72c82b1485080b0381022d0ad2365844e86695ff8bfece9ef42964b
Uniform,20,0,SUT-F,0.25,0.3489583333333333,-0.09895833333333331,0.09895833333333331,0.2835820895522388,fdb12e7fe72c82b1485080b0381022d0ad2365844e86695ff8bfece9ef42964b
IS,20,0,SUT-E,0.1034885636504412,0.078125,0.025363563650441207,0.025363563650441207,0.32465361472564747,fdb12e7fe72c82b1485080b0381022d0ad2365844e86695ff8bfece9ef42964b
IS,20,0,SUT-F,0.2541881287808642,0.3489583333333333,-0.0947702045524691,0.0947702045524691,0.2715802876727473,fdb12e7fe72c82b1485080b0381022d0ad2365844e86695ff8bfece9ef42964b
FST-RandomSet,20,0,SUT-E,0.05885937623679638,0.078125,-0.01926562376320362,0.01926562376320362,0.24659998416900636,fdb12e7fe72c82b1485080b0381022d0ad2365844e86695ff8bfece9ef42964b
FST-RandomSet,20,0,SUT-F,0.4167942269705236,0.3489583333333333,0.06783589363719028,0.06783589363719028,0.19439539669164976,fdb12e7fe72c82b1485080b0381022d0ad2365844e86695ff8bfece9ef42964b
Handcrafted-Similarity,20,0,SUT-E,0.11129838765475505,0.078125,0.033173387654755054,0.033173387654755054,0.4246193619808647,fdb12e7fe72c82b1485080b0381022d0ad2365844e86695ff8bfece9ef42964b
Handcrafted-Similarity,20,0,SUT-F,0.4170535741347325,0.3489583333333333,0.06809524080139917,0.06809524080139917,0.1951386005055021,fdb12e7fe72c82b1485080b0381022d0ad2365844e86695ff8bfece9ef42964b
FST-Similarity-H,20,0,SUT-E,0.0578188169747591,0.078125,-0.020306183025240898,0.020306183025240898,0.2599191427230835,fdb12e7fe72c82b1485080b0381022d0ad2365844e86695ff8bfece9ef42964b
FST-Similarity-H,20,0,SUT-F,0.3275076453574002,0.3489583333333333,-0.021450687975933136,0.021450687975933136,0.061470628229539734,fdb12e7fe72c82b1485080b0381022d0ad2365844e86695ff8bfece9ef42964b
NoSimilarity-Optimized,20,0,SUT-E,0.05,0.078125,-0.028124999999999997,0.028124999999999997,0.36,fdb12e7fe72c82b1485080b0381022d0ad2365844e86695ff8bfece9ef42964b
NoSimilarity-Optimized,20,0,SUT-F,0.39999999999999997,0.3489583333333333,0.05104166666666665,0.05104166666666665,0.14626865671641787,fdb12e7fe72c82b1485080b0381022d0ad2365844e86695ff8bfece9ef42964b
CMC,20,1,SUT-E,0.05,0.078125,-0.028124999999999997,0.028124999999999997,0.36,fdb12e7fe72c82b1485080b0381022d0ad2365844e86695ff8bfece9ef42964b
CMC,20,1,SUT-F,0.4,0.3489583333333333,0.05104166666666671,0.05104166666666671,0.14626865671641803,fdb12e7fe72c82b1485080b0381022d0ad2365844e86695ff8bfece9ef42964b
Uniform,20,1,SUT-E,0.0,0.078125,-0.078125,0.078125,1.0,fdb12e7fe72c82b1485080b0381022d0ad2365844e86695ff8bfece9ef42964b
Uniform,20,1,SUT-F,0.2,0.3489583333333333,-0.1489583333333333,0.1489583333333333,0.42686567164179096,fdb12e7fe72c82b1485080b0381022d0ad2365844e86695ff8bfece9ef42964b
IS,20,1,SUT-E,0.0517442818252206,0.078125,-0.026380718174779397,0.026380718174779397,0.33767319263717627,fdb12e7fe72c82b1485080b0381022d0ad2365844e86695ff8bfece9ef42964b
IS,20,1,SUT-F,0.7119269868940095,0.3489583333333333,0.36296865356067615,0.36296865356067615,1.0401489773679078,fdb12e7fe72c82b1485080b0381022d0ad2365844e86695ff8bfece9ef42964b
FST-RandomSet,20,1,SUT-E,0.06789859011769295,0.078125,-0.010226409882307053,0.010226409882307053,0.13089804649353026,fdb12e7fe72c82b1485080b0381022d0ad2365844e86695ff8bfece9ef42964b
FST-RandomSet,20,1,SUT-F,0.3378889290615916,0.3489583333333333,-0.01106940427174169,0.01106940427174169,0.031721277913050815,fdb12e7fe72c82b1485080b0381022d0ad2365844e86695ff8bfece9ef42964b
Handcrafted-Similarity,20,1,SUT-E,0.06565634028907102,0.078125,-0.012468659710928975,0.012468659710928975,0.15959884429989088,fdb12e7fe72c82b1485080b0381022d0ad2365844e86695ff8bfece9ef42964b
Handcrafted-Similarity,20,1,SUT-F,0.38250944377282436,0.3489583333333333,0.03355111043949105,0.03355111043949105,0.09614646573704898,fdb12e7fe72c82b1485080b0381022d0ad2365844e86695ff8bfece9ef42964b
FST-Similarity-H,20,1,SUT-E,0.057142117992043495,0.078125,-0.020982882007956505,0.020982882007956505,0.26858088970184324,fdb12e7fe72c82b1485080b0381022d0ad2365844e86695ff8bfece9ef42964b
FST-Similarity-H,20,1,SUT-F,0.31843509804457426,0.3489583333333333,-0.030523235288759054,0.030523235288759054,0.08746956978271252,fdb12e7fe72c82b1485080b0381022d0ad2365844e86695ff8bfece9ef42964b
NoSimilarity-Optimized,20,1,SUT-E,0.1,0.078125,0.021875000000000006,0.021875000000000006,0.2800000000000001,fdb12e7fe72c82b1485080b0381022d0ad2365844e86695ff8bfece9ef42964b
NoSimilarity-Optimized,20,1,SUT-F,0.35,0.3489583333333333,0.001041666666666663,0.001041666666666663,0.0029850746268656613,fdb12e7fe72c82b1485080b0381022d0ad2365844e86695ff8bfece9ef42964b
CMC,20,2,SUT-E,0.1,0.078125,0.021875000000000006,0.021875000000000006,0.2800000000000001,fdb12e7fe72c82b1485080b0381022d0ad2365844e86695ff8bfece9ef42964b
CMC,20,2,SUT-F,0.49999999999999994,0.3489583333333333,0.15104166666666663,0.15104166666666663,0.4328358208955223,fdb12e7fe72c82b1485080b0381022d0ad2365844e86695ff8bfece9ef42964b
Uniform,20,2,SUT-E,0.0,0.078125,-0.078125,0.078125,1.0,fdb12e7fe72c82b1485080b0381022d0ad2365844e86695ff8bfece9ef42964b
Uniform,20,2,SUT-F,0.2,0.3489583333333333,-0.1489583333333333,0.1489583333333333,0.42686567164179096,fdb12e7fe72c82b1485080b0381022d0ad2365844e86695ff8bfece9ef42964b
IS,20,2,SUT-E,0.08405318274534829,0.078125,0.005928182745348287,0.005928182745348287,0.07588073914045808,fdb12e7fe72c82b1485080b0381022d0ad2365844e86695ff8bfece9ef42964b
IS,20,2,SUT-F,0.322485187043254,0.3489583333333333,-0.026473146290079297,0.026473146290079297,0.07586334459246605,fdb12e7fe72c82b1485080b0381022d0ad2365844e86695ff8bfece9ef42964b
FST-RandomSet,20,2,SUT-E,0.07305296370759606,0.078125,-0.005072036292403936,0.005072036292403936,0.06492206454277039,fdb12e7fe72c82b1485080b0381022d0ad2365844e86695ff8bfece9ef42964b
FST-RandomSet,20,2,SUT-F,0.3674232796765864,0.3489583333333333,0.018464946343253075,0.018464946343253075,0.05291447310305359,fdb12e7fe72c82b1485080b0381022d0ad2365844e86695ff8bfece9ef42964b
Handcrafted-Similarity,20,2,SUT-E,0.0980144193726662,0.078125,0.019889419372666195,0.019889419372666195,0.2545845679701273,fdb12e7fe72c82b1485080b0381022d0ad2365844e86695ff8bfece9ef42964b
Handcrafted-Similarity,20,2,SUT-F,0.4284794393286132,0.3489583333333333,0.0795211059952799,0.0795211059952799,0.22788137837453346,fdb12e7fe72c82b1485080b0381022d0ad2365844e86695ff8bfece9ef42964b
FST-Similarity-H,20,2,SUT-E,0.05747140338644385,0.078125,-0.020653596613556147,0.020653596613556147,0.26436603665351865,fdb12e7fe72c82b1485080b0381022d0ad2365844e86695ff8bfece9ef42964b
FST-Similarity-H,20,2,SUT-F,0.32631942071020603,0.3489583333333333,-0.022638912623127283,0.022638912623127283,0.06487568990508118,fdb12e7fe72c82b1485080b0381022d0ad2365844e86695ff8bfece9ef42964b
NoSimilarity-Optimized,20,2,SUT-E,0.1,0.078125,0.021875000000000006,0.021875000000000006,0.2800000000000001,fdb12e7fe72c82b1485080b0381022d0ad2365844e86695ff8bfece9ef42964b
NoSimilarity-Optimized,20,2,SUT-F,0.39999999999999997,0.3489583333333333,0.05104166666666665,0.05104166666666665,0.14626865671641787,fdb12e7fe72c82b1485080b0381022d0ad2365844e86695ff8bfece9ef42964b
CMC,20,3,SUT-E,0.0,0.078125,-0.078125,0.078125,1.0,fdb12e7fe72c82b1485080b0381022d0ad2365844e86695ff8bfece9ef42964b
CMC,20,3,SUT-F,0.35000000000000003,0.3489583333333333,0.0010416666666667185,0.0010416666666667185,0.0029850746268658204,fdb12e7fe72c82b1485080b0381022d0ad2365844e86695ff8bfece9ef42964b
Uniform,20,3,SUT-E,0.1,0.078125,0.021875000000000006,0.021875000000000006,0.2800000000000001,fdb12e7fe72c82b1485080b0381022d0ad2365844e86695ff8bfece9ef42964b
Uniform,20,3,SUT-F,0.4,0.3489583333333333,0.05104166666666671,0.05104166666666671,0.14626865671641803,fdb12e7fe72c82b1485080b0381022d0ad2365844e86695ff8bfece9ef42964b
IS,20,3,SUT-E,0.05805594095019721,0.078125,-0.020069059049802787,0.020069059049802787,0.2568839558374757,fdb12e7fe72c82b1485080b0381022d0ad2365844e86695ff8bfece9ef42964b
IS,20,3,SUT-F,0.803170136962002,0.3489583333333333,0.4542118036286687,0.4542118036286687,1.3016218850254386,fdb12e7fe72c82b1485080b0381022d0ad2365844e86695ff8bfece9ef42964b
FST-RandomSet,20,3,SUT-E,0.05613566003739834,0.078125,-0.02198933996260166,0.02198933996260166,0.28146355152130126,fdb12e7fe72c82b1485080b0381022d0ad2365844e86695ff8bfece9ef42964b
FST-RandomSet,20,3,SUT-F,0.34264953806996346,0.3489583333333333,-0.00630879526336986,0.00630879526336986,0.018078935680104675,fdb12e7fe72c82b1485080b0381022d0ad2365844e86695ff8bfece9ef42964b
Handcrafted-Similarity,20,3,SUT-E,0.06297080497467564,0.078125,-0.015154195025324363,0.015154195025324363,0.19397369632415185,fdb12e7fe72c82b1485080b0381022d0ad2365844e86695ff8bfece9ef42964b
Handcrafted-Similarity,20,3,SUT-F,0.32702189615732324,0.3489583333333333,-0.02193643717601007,0.02193643717601007,0.06286262593722289,fdb12e7fe72c82b1485080b0381022d0ad2365844e86695ff8bfece9ef42964b
FST-Similarity-H,20,3,SUT-E,0.05728329066187143,0.078125,-0.020841709338128567,0.020841709338128567,0.26677387952804565,fdb12e7fe72c82b1485080b0381022d0ad2365844e86695ff8bfece9ef42964b
FST-Similarity-H,20,3,SUT-F,0.4385079676285386,0.3489583333333333,0.0895496342952053,0.0895496342952053,0.2566198475325286,fdb12e7fe72c82b1485080b0381022d0ad2365844e86695ff8bfece9ef42964b
NoSimilarity-Optimized,20,3,SUT-E,0.05,0.078125,-0.028124999999999997,0.028124999999999997,0.36,fdb12e7fe72c82b1485080b0381022d0ad2365844e86695ff8bfece9ef42964b
NoSimilarity-Optimized,20,3,SUT-F,0.39999999999999997,0.3489583333333333,0.05104166666666665,0.05104166666666665,0.14626865671641787,fdb12e7fe72c82b1485080b0381022d0ad2365844e86695ff8bfece9ef42964b
CMC,20,4,SUT-E,0.05,0.078125,-0.028124999999999997,0.028124999999999997,0.36,fdb12e7fe72c82b1485080b0381022d0ad2365844e86695ff8bfece9ef42964b
CMC,20,4,SUT-F,0.35000000000000003,0.3489583333333333,0.0010416666666667185,0.0010416666666667185,0.0029850746268658204,fdb12e7fe72c82b1485080b0381022d0ad2365844e86695ff8bfece9ef42964b
Uniform,20,4,SUT-E,0.1,0.078125,0.021875000000000006,0.021875000000000006,0.2800000000000001,fdb12e7fe72c82b1485080b0381022d0ad2365844e86695ff8bfece9ef42964b
Uniform,20,4,SUT-F,0.3,0.3489583333333333,-0.048958333333333326,0.048958333333333326,0.14029850746268654,fdb12e7fe72c82b1485080b0381022d0ad2365844e86695ff8bfece9ef42964b
IS,20,4,SUT-E,0.06461780184025537,0.078125,-0.013507198159744632,0.013507198159744632,0.17289213644473128,fdb12e7fe72c82b1485080b0381022d0ad2365844e86695ff8bfece9ef42964b
IS,20,4,SUT-F,0.32071418034209803,0.3489583333333333,-0.028244152991235283,0.028244152991235283,0.08093846827339067,fdb12e7fe72c82b1485080b0381022d0ad2365844e86695ff8bfece9ef42964b
FST-RandomSet,20,4,SUT-E,0.08997475076466799,0.078125,0.011849750764667988,0.011849750764667988,0.15167680978775025,fdb12e7fe72c82b1485080b0381022d0ad2365844e86695ff8bfece9ef42964b
FST-RandomSet,20,4,SUT-F,0.3397551067173481,0.3489583333333333,-0.009203226615985216,0.009203226615985216,0.026373425526405397,fdb12e7fe72c82b1485080b0381022d0ad2365844e86695ff8bfece9ef42964b
Handcrafted-Similarity,20,4,SUT-E,0.1183524268683116,0.078125,0.0402274268683116,0.0402274268683116,0.5149110639143885,fdb12e7fe72c82b1485080b0381022d0ad2365844e86695ff8bfece9ef42964b
Handcrafted-Similarity,20,4,SUT-F,0.2903544366915761,0.3489583333333333,-0.05860389664175719,0.05860389664175719,0.16793952470473703,fdb12e7fe72c82b1485080b0381022d0ad2365844e86695ff8bfece9ef42964b
FST-Similarity-H,20,4,SUT-E,0.06254086503759027,0.078125,-0.015584134962409735,0.015584134962409735,0.1994769275188446,fdb12e7fe72c82b1485080b0381022d0ad2365844e86695ff8bfece9ef42964b
FST-Similarity-H,20,4,SUT-F,0.31812894670292735,0.3489583333333333,-0.030829386630405964,0.030829386630405964,0.08834689900056635,fdb12e7fe72c82b1485080b0381022d0ad2365844e86695ff8bfece9ef42964b
NoSimilarity-Optimized,20,4,SUT-E,0.05,0.078125,-0.028124999999999997,0.028124999999999997,0.36,fdb12e7fe72c82b1485080b0381022d0ad2365844e86695ff8bfece9ef42964b
NoSimilarity-Optimized,20,4,SUT-F,0.39999999999999997,0.3489583333333333,0.05104166666666665,0.05104166666666665,0.14626865671641787,fdb12e7fe72c82b1485080b0381022d0ad2365844e86695ff8bfece9ef42964b
CMC,20,5,SUT-E,0.0,0.078125,-0.078125,0.078125,1.0,fdb12e7fe72c82b1485080b0381022d0ad2365844e86695ff8bfece9ef42964b
CMC,20,5,SUT-F,0.39999999999999997,0.3489583333333333,0.05104166666666665,0.05104166666666665,0.14626865671641787,fdb12e7fe72c82b1485080b0381022d0ad2365844e86695ff8bfece9ef42964b
Uniform,20,5,SUT-E,0.0,0.078125,-0.078125,0.078125,1.0,fdb12e7fe72c82b1485080b0381022d0ad2365844e86695ff8bfece9ef42964b
Uniform,20,5,SUT-F,0.25,0.3489583333333333,-0.09895833333333331,0.09895833333333331,0.2835820895522388,fdb12e7fe72c82b1485080b0381022d0ad2365844e86695ff8bfece9ef42964b
IS,20,5,SUT-E,0.0517442818252206,0.078125,-0.026380718174779397,0.026380718174779397,0.33767319263717627,fdb12e7fe72c82b1485080b0381022d0ad2365844e86695ff8bfece9ef42964b
IS,20,5,SUT-F,0.31592332615319585,0.3489583333333333,-0.033035007180137466,0.033035007180137466,0.09466748326248349,fdb12e7fe72c82b1485080b0381022d0ad2365844e86695ff8bfece9ef42964b
FST-RandomSet,20,5,SUT-E,0.06386212399229407,0.078125,-0.014262876007705927,0.014262876007705927,0.18256481289863585,fdb12e7fe72c82b1485080b0381022d0ad2365844e86695ff8bfece9ef42964b
FST-RandomSet,20,5,SUT-F,0.34884346555918455,0.3489583333333333,-0.00011486777414876359,0.00011486777414876359,0.0003291733229337703,fdb12e7fe72c82b1485080b0381022d0ad2365844e86695ff8bfece9ef42964b
Handcrafted-Similarity,20,5,SUT-E,0.06244915272010048,0.078125,-0.01567584727989952,0.01567584727989952,0.20065084518271387,fdb12e7fe72c82b1485080b0381022d0ad2365844e86695ff8bfece9ef42964b
Handcrafted-Similarity,20,5,SUT-F,0.37682068420411463,0.3489583333333333,0.027862350870781316,0.027862350870781316,0.07984434876403004,fdb12e7fe72c82b1485080b0381022d0ad2365844e86695ff8bfece9ef42964b
FST-Similarity-H,20,5,SUT-E,0.06249631475657225,0.078125,-0.015628685243427753,0.015628685243427753,0.20004717111587525,fdb12e7fe72c82b1485080b0381022d0ad2365844e86695ff8bfece9ef42964b
FST-Similarity-H,20,5,SUT-F,0.5207075220532715,0.3489583333333333,0.17174918871993822,0.17174918871993822,0.49217677961534534,fdb12e7fe72c82b1485080b0381022d0ad2365844e86695ff8bfece9ef42964b
NoSimilarity-Optimized,20,5,SUT-E,0.05,0.078125,-0.028124999999999997,0.028124999999999997,0.36,fdb12e7fe72c82b1485080b0381022d0ad2365844e86695ff8bfece9ef42964b
NoSimilarity-Optimized,20,5,SUT-F,0.35,0.3489583333333333,0.001041666666666663,0.001041666666666663,0.0029850746268656613,fdb12e7fe72c82b1485080b0381022d0ad2365844e86695ff8bfece9ef42964b
CMC,20,6,SUT-E,0.15000000000000002,0.078125,0.07187500000000002,0.07187500000000002,0.9200000000000003,fdb12e7fe72c82b1485080b0381022d0ad2365844e86695ff8bfece9ef42964b
CMC,20,6,SUT-F,0.35,0.3489583333333333,0.001041666666666663,0.001041666666666663,0.0029850746268656613,fdb12e7fe72c82b1485080b0381022d0ad2365844e86695ff8bfece9ef42964b
Uniform,20,6,SUT-E,0.15000000000000002,0.078125,0.07187500000000002,0.07187500000000002,0.9200000000000003,fdb12e7fe72c82b1485080b0381022d0ad2365844e86695ff8bfece9ef42964b
Uniform,20,6,SUT-F,0.5,0.3489583333333333,0.15104166666666669,0.15104166666666669,0.43283582089552247,fdb12e7fe72c82b1485080b0381022d0ad2365844e86695ff8bfece9ef42964b
IS,20,6,SUT-E,0.05830614271527876,0.078125,-0.019818857284721242,0.019818857284721242,0.2536813732444319,fdb12e7fe72c82b1485080b0381022d0ad2365844e86695ff8bfece9ef42964b
IS,20,6,SUT-F,0.33346736953329176,0.3489583333333333,-0.015490963800041557,0.015490963800041557,0.044392015665790735,fdb12e7fe72c82b1485080b0381022d0ad2365844e86695ff8bfece9ef42964b
FST-RandomSet,20,6,SUT-E,0.057787452824413776,0.078125,-0.020337547175586224,0.020337547175586224,0.26032060384750366,fdb12e7fe72c82b1485080b0381022d0ad2365844e86695ff8bfece9ef42964b
FST-RandomSet,20,6,SUT-F,0.4514881488867104,0.3489583333333333,0.10252981555337709,0.10252981555337709,0.2938167848693791,fdb12e7fe72c82b1485080b0381022d0ad2365844e86695ff8bfece9ef42964b
Handcrafted-Similarity,20,6,SUT-E,0.09039031953884062,0.078125,0.012265319538840622,0.012265319538840622,0.15699609009715995,fdb12e7fe72c82b1485080b0381022d0ad2365844e86695ff8bfece9ef42964b
Handcrafted-Similarity,20,6,SUT-F,0.42525546411746906,0.3489583333333333,0.07629713078413575,0.07629713078413575,0.21864252403812037,fdb12e7fe72c82b1485080b0381022d0ad2365844e86695ff8bfece9ef42964b
FST-Similarity-H,20,6,SUT-E,0.06821168540045619,0.078125,-0.00991331459954381,0.00991331459954381,0.12689042687416077,fdb12e7fe72c82b1485080b0381022d0ad2365844e86695ff8bfece9ef42964b
FST-Similarity-H,20,6,SUT-F,0.31982973497360945,0.3489583333333333,-0.029128598359723867,0.029128598359723867,0.08347299828458184,fdb12e7fe72c82b1485080b0381022d0ad2365844e86695ff8bfece9ef42964b
NoSimilarity-Optimized,20,6,SUT-E,0.05,0.078125,-0.028124999999999997,0.028124999999999997,0.36,fdb12e7fe72c82b1485080b0381022d0ad2365844e86695ff8bfece9ef42964b
NoSimilarity-Optimized,20,6,SUT-F,0.3,0.3489583333333333,-0.048958333333333326,0.048958333333333326,0.14029850746268654,fdb12e7fe72c82b1485080b0381022d0ad2365844e86695ff8bfece9ef42964b
CMC,20,7,SUT-E,0.05,0.078125,-0.028124999999999997,0.028124999999999997,0.36,fdb12e7fe72c82b1485080b0381022d0ad2365844e86695ff8bfece9ef42964b
CMC,20,7,SUT-F,0.4,0.3489583333333333,0.05104166666666671,0.05104166666666671,0.14626865671641803,fdb12e7fe72c82b1485080b0381022d0ad2365844e86695ff8bfece9ef42964b
Uniform,20,7,SUT-E,0.2,0.078125,0.12187500000000001,0.12187500000000001,1.56,fdb12e7fe72c82b1485080b0381022d0ad2365844e86695ff8bfece9ef42964b
Uniform,20,7,SUT-F,0.45,0.3489583333333333,0.1010416666666667,0.1010416666666667,0.28955223880597025,fdb12e7fe72c82b1485080b0381022d0ad2365844e86695ff8bfece9ef42964b
IS,20,7,SUT-E,0.0971769045254646,0.078125,0.019051904525464597,0.019051904525464597,0.24386437792594684,fdb12e7fe72c82b1485080b0381022d0ad2365844e86695ff8bfece9ef42964b
IS,20,7,SUT-F,0.2044650554218812,0.3489583333333333,-0.1444932779114521,0.1444932779114521,0.4140702889402807,fdb12e7fe72c82b1485080b0381022d0ad2365844e86695ff8bfece9ef42964b
FST-RandomSet,20,7,SUT-E,0.09395186370238662,0.078125,0.015826863702386618,0.015826863702386618,0.2025838553905487,fdb12e7fe72c82b1485080b0381022d0ad2365844e86695ff8bfece9ef42964b
FST-RandomSet,20,7,SUT-F,0.5763187259435654,0.3489583333333333,0.22736039261023205,0.22736039261023205,0.6515402295696202,fdb12e7fe72c82b1485080b0381022d0ad2365844e86695ff8bfece9ef42964b
Handcrafted-Similarity,20,7,SUT-E,0.0656077859292151,0.078125,-0.012517214070784904,0.012517214070784904,0.16022034010604677,fdb12e7fe72c82b1485080b0381022d0ad2365844e86695ff8bfece9ef42964b
Handcrafted-Similarity,20,7,SUT-F,0.296856081838933,0.3489583333333333,-0.05210225149440034,0.05210225149440034,0.14930794458096816,fdb12e7fe72c82b1485080b0381022d0ad2365844e86695ff8bfece9ef42964b
FST-Similarity-H,20,7,SUT-E,0.09400385851040483,0.078125,0.015878858510404825,0.015878858510404825,0.20324938893318176,fdb12e7fe72c82b1485080b0381022d0ad2365844e86695ff8bfece9ef42964b
FST-Similarity-H,20,7,SUT-F,0.37842318788170815,0.3489583333333333,0.02946485454837483,0.02946485454837483,0.08443659810877564,fdb12e7fe72c82b1485080b0381022d0ad2365844e86695ff8bfece9ef42964b
NoSimilarity-Optimized,20,7,SUT-E,0.05,0.078125,-0.028124999999999997,0.028124999999999997,0.36,fdb12e7fe72c82b1485080b0381022d0ad2365844e86695ff8bfece9ef42964b
NoSimilarity-Optimized,20,7,SUT-F,0.44999999999999996,0.3489583333333333,0.10104166666666664,0.10104166666666664,0.2895522388059701,fdb12e7fe72c82b1485080b0381022d0ad2365844e86695ff8bfece9ef42964b
CMC,20,8,SUT-E,0.25,0.078125,0.171875,0.171875,2.2,fdb12e7fe72c82b1485080b0381022d0ad2365844e86695ff8bfece9ef42964b
CMC,20,8,SUT-F,0.4,0.3489583333333333,0.05104166666666671,0.05104166666666671,0.14626865671641803,fdb12e7fe72c82b1485080b0381022d0ad2365844e86695ff8bfece9ef42964b
Uniform,20,8,SUT-E,0.15000000000000002,0.078125,0.07187500000000002,0.07187500000000002,0.9200000000000003,fdb12e7fe72c82b1485080b0381022d0ad2365844e86695ff8bfece9ef42964b
Uniform,20,8,SUT-F,0.4,0.3489583333333333,0.05104166666666671,0.05104166666666671,0.14626865671641803,fdb12e7fe72c82b1485080b0381022d0ad2365844e86695ff8bfece9ef42964b
IS,20,8,SUT-E,0.0517442818252206,0.078125,-0.026380718174779397,0.026380718174779397,0.33767319263717627,fdb12e7fe72c82b1485080b0381022d0ad2365844e86695ff8bfece9ef42964b
IS,20,8,SUT-F,0.31592332615319585,0.3489583333333333,-0.033035007180137466,0.033035007180137466,0.09466748326248349,fdb12e7fe72c82b1485080b0381022d0ad2365844e86695ff8bfece9ef42964b
FST-RandomSet,20,8,SUT-E,0.06749526038765907,0.078125,-0.010629739612340927,0.010629739612340927,0.13606066703796388,fdb12e7fe72c82b1485080b0381022d0ad2365844e86695ff8bfece9ef42964b
FST-RandomSet,20,8,SUT-F,0.49938733968883753,0.3489583333333333,0.1504290063555042,0.1504290063555042,0.4310801376157733,fdb12e7fe72c82b1485080b0381022d0ad2365844e86695ff8bfece9ef42964b
Handcrafted-Similarity,20,8,SUT-E,0.0477884832443638,0.078125,-0.0303365167556362,0.0303365167556362,0.38830741447214334,fdb12e7fe72c82b1485080b0381022d0ad2365844e86695ff8bfece9ef42964b
Handcrafted-Similarity,20,8,SUT-F,0.37951590073319474,0.3489583333333333,0.03055756739986143,0.03055756739986143,0.08756795433990142,fdb12e7fe72c82b1485080b0381022d0ad2365844e86695ff8bfece9ef42964b
FST-Similarity-H,20,8,SUT-E,0.10437098611146212,0.078125,0.026245986111462116,0.026245986111462116,0.33594862222671507,fdb12e7fe72c82b1485080b0381022d0ad2365844e86695ff8bfece9ef42964b
FST-Similarity-H,20,8,SUT-F,0.3404145962558687,0.3489583333333333,-0.008543737077464642,0.008543737077464642,0.024483545057809124,fdb12e7fe72c82b1485080b0381022d0ad2365844e86695ff8bfece9ef42964b
NoSimilarity-Optimized,20,8,SUT-E,0.1,0.078125,0.021875000000000006,0.021875000000000006,0.2800000000000001,fdb12e7fe72c82b1485080b0381022d0ad2365844e86695ff8bfece9ef42964b
NoSimilarity-Optimized,20,8,SUT-F,0.39999999999999997,0.3489583333333333,0.05104166666666665,0.05104166666666665,0.14626865671641787,fdb12e7fe72c82b1485080b0381022d0ad2365844e86695ff8bfece9ef42964b
CMC,20,9,SUT-E,0.05,0.078125,-0.028124999999999997,0.028124999999999997,0.36,fdb12e7fe72c82b1485080b0381022d0ad2365844e86695ff8bfece9ef42964b
CMC,20,9,SUT-F,0.3,0.3489583333333333,-0.048958333333333326,0.048958333333333326,0.14029850746268654,fdb12e7fe72c82b1485080b0381022d0ad2365844e86695ff8bfece9ef42964b
Uniform,20,9,SUT-E,0.1,0.078125,0.021875000000000006,0.021875000000000006,0.2800000000000001,fdb12e7fe72c82b1485080b0381022d0ad2365844e86695ff8bfece9ef42964b
Uniform,20,9,SUT-F,0.4,0.3489583333333333,0.05104166666666671,0.05104166666666671,0.14626865671641803,fdb12e7fe72c82b1485080b0381022d0ad2365844e86695ff8bfece9ef42964b
IS,20,9,SUT-E,0.07433549229280183,0.078125,-0.0037895077071981725,0.0037895077071981725,0.04850569865213661,fdb12e7fe72c82b1485080b0381022d0ad2365844e86695ff8bfece9ef42964b
IS,20,9,SUT-F,0.2760382740706003,0.3489583333333333,-0.07292005926273304,0.07292005926273304,0.2089649459469365,fdb12e7fe72c82b1485080b0381022d0ad2365844e86695ff8bfece9ef42964b
FST-RandomSet,20,9,SUT-E,0.07778794411569834,0.078125,-0.00033705588430166245,0.00033705588430166245,0.004314315319061279,fdb12e7fe72c82b1485080b0381022d0ad2365844e86695ff8bfece9ef42964b
FST-RandomSet,20,9,SUT-F,0.30264741089195013,0.3489583333333333,-0.046310922441383184,0.046310922441383184,0.1327118971454563,fdb12e7fe72c82b1485080b0381022d0ad2365844e86695ff8bfece9ef42964b
Handcrafted-Similarity,20,9,SUT-E,0.0851353884836128,0.078125,0.007010388483612795,0.007010388483612795,0.08973297259024378,fdb12e7fe72c82b1485080b0381022d0ad2365844e86695ff8bfece9ef42964b
Handcrafted-Similarity,20,9,SUT-F,0.4268719956585646,0.3489583333333333,0.07791366232523128,0.07791366232523128,0.2232749726334986,fdb12e7fe72c82b1485080b0381022d0ad2365844e86695ff8bfece9ef42964b
FST-Similarity-H,20,9,SUT-E,0.07862609252333641,0.078125,0.0005010925233364105,0.0005010925233364105,0.006413984298706055,fdb12e7fe72c82b1485080b0381022d0ad2365844e86695ff8bfece9ef42964b
FST-Similarity-H,20,9,SUT-F,0.292742567602545,0.3489583333333333,-0.05621576573078829,0.05621576573078829,0.16109592567628883,fdb12e7fe72c82b1485080b0381022d0ad2365844e86695ff8bfece9ef42964b
NoSimilarity-Optimized,20,9,SUT-E,0.05,0.078125,-0.028124999999999997,0.028124999999999997,0.36,fdb12e7fe72c82b1485080b0381022d0ad2365844e86695ff8bfece9ef42964b
NoSimilarity-Optimized,20,9,SUT-F,0.35,0.3489583333333333,0.001041666666666663,0.001041666666666663,0.0029850746268656613,fdb12e7fe72c82b1485080b0381022d0ad2365844e86695ff8bfece9ef42964b
CMC,20,10,SUT-E,0.15000000000000002,0.078125,0.07187500000000002,0.07187500000000002,0.9200000000000003,fdb12e7fe72c82b1485080b0381022d0ad2365844e86695ff8bfece9ef42964b
CMC,20,10,SUT-F,0.35000000000000003,0.3489583333333333,0.0010416666666667185,0.0010416666666667185,0.0029850746268658204,fdb12e7fe72c82b1485080b0381022d0ad2365844e86695ff8bfece9ef42964b
Uniform,20,10,SUT-E,0.15000000000000002,0.078125,0.07187500000000002,0.07187500000000002,0.9200000000000003,fdb12e7fe72c82b1485080b0381022d0ad2365844e86695ff8bfece9ef42964b
Uniform,20,10,SUT-F,0.30000000000000004,0.3489583333333333,-0.04895833333333327,0.04895833333333327,0.1402985074626864,fdb12e7fe72c82b1485080b0381022d0ad2365844e86695ff8bfece9ef42964b
IS,20,10,SUT-E,0.11320625410298767,0.078125,0.035081254102987666,0.035081254102987666,0.44904005251824214,fdb12e7fe72c82b1485080b0381022d0ad2365844e86695ff8bfece9ef42964b
IS,20,10,SUT-F,0.7510322992183759,0.3489583333333333,0.4020739658850426,0.4020739658850426,1.1522119619392266,fdb12e7fe72c82b1485080b0381022d0ad2365844e86695ff8bfece9ef42964b
FST-RandomSet,20,10,SUT-E,0.0677638160996139,0.078125,-0.010361183900386095,0.010361183900386095,0.132623153924942,fdb12e7fe72c82b1485080b0381022d0ad2365844e86695ff8bfece9ef42964b
FST-RandomSet,20,10,SUT-F,0.39560559019446373,0.3489583333333333,0.046647256861130415,0.046647256861130415,0.1336757211542842,fdb12e7fe72c82b1485080b0381022d0ad2365844e86695ff8bfece9ef42964b
Handcrafted-Similarity,20,10,SUT-E,0.0655865894952826,0.078125,-0.012538410504717407,0.012538410504717407,0.1604916544603828,fdb12e7fe72c82b1485080b0381022d0ad2365844e86695ff8bfece9ef42964b
Handcrafted-Similarity,20,10,SUT-F,0.3779661285954634,0.3489583333333333,0.0290077952621301,0.0290077952621301,0.08312681627356686,fdb12e7fe72c82b1485080b0381022d0ad2365844e86695ff8bfece9ef42964b
FST-Similarity-H,20,10,SUT-E,0.06254560733214021,0.078125,-0.015579392667859793,0.015579392667859793,0.19941622614860535,fdb12e7fe72c82b1485080b0381022d0ad2365844e86695ff8bfece9ef42964b
FST-Similarity-H,20,10,SUT-F,0.43502321233972907,0.3489583333333333,0.08606487900639576,0.08606487900639576,0.24663368312280576,fdb12e7fe72c82b1485080b0381022d0ad2365844e86695ff8bfece9ef42964b
NoSimilarity-Optimized,20,10,SUT-E,0.1,0.078125,0.021875000000000006,0.021875000000000006,0.2800000000000001,fdb12e7fe72c82b1485080b0381022d0ad2365844e86695ff8bfece9ef42964b
NoSimilarity-Optimized,20,10,SUT-F,0.35,0.3489583333333333,0.001041666666666663,0.001041666666666663,0.0029850746268656613,fdb12e7fe72c82b1485080b0381022d0ad2365844e86695ff8bfece9ef42964b
CMC,20,11,SUT-E,0.05,0.078125,-0.028124999999999997,0.028124999999999997,0.36,fdb12e7fe72c82b1485080b0381022d0ad2365844e86695ff8bfece9ef42964b
CMC,20,11,SUT-F,0.6000000000000001,0.3489583333333333,0.2510416666666668,0.2510416666666668,0.7194029850746272,fdb12e7fe72c82b1485080b0381022d0ad2365844e86695ff8bfece9ef42964b
Uniform,20,11,SUT-E,0.1,0.078125,0.021875000000000006,0.021875000000000006,0.2800000000000001,fdb12e7fe72c82b1485080b0381022d0ad2365844e86695ff8bfece9ef42964b
Uniform,20,11,SUT-F,0.35000000000000003,0.3489583333333333,0.0010416666666667185,0.0010416666666667185,0.0029850746268658204,fdb12e7fe72c82b1485080b0381022d0ad2365844e86695ff8bfece9ef42964b
IS,20,11,SUT-E,0.07117966273031352,0.078125,-0.006945337269686477,0.006945337269686477,0.08890031705198691,fdb12e7fe72c82b1485080b0381022d0ad2365844e86695ff8bfece9ef42964b
IS,20,11,SUT-F,0.26669111620697644,0.3489583333333333,-0.08226721712635687,0.08226721712635687,0.23575083116806747,fdb12e7fe72c82b1485080b0381022d0ad2365844e86695ff8bfece9ef42964b
FST-RandomSet,20,11,SUT-E,0.05829892447218299,0.078125,-0.01982607552781701,0.01982607552781701,0.25377376675605773,fdb12e7fe72c82b1485080b0381022d0ad2365844e86695ff8bfece9ef42964b
FST-RandomSet,20,11,SUT-F,0.3163143750280142,0.3489583333333333,-0.03264395830531913,0.03264395830531913,0.0935468655913623,fdb12e7fe72c82b1485080b0381022d0ad2365844e86695ff8bfece9ef42964b
Handcrafted-Similarity,20,11,SUT-E,0.06604635377335027,0.078125,-0.012078646226649725,0.012078646226649725,0.15460667170111647,fdb12e7fe72c82b1485080b0381022d0ad2365844e86695ff8bfece9ef42964b
Handcrafted-Similarity,20,11,SUT-F,0.40644623003942904,0.3489583333333333,0.05748789670609572,0.05748789670609572,0.16474143533687133,fdb12e7fe72c82b1485080b0381022d0ad2365844e86695ff8bfece9ef42964b
FST-Similarity-H,20,11,SUT-E,0.05711839394643903,0.078125,-0.021006606053560972,0.021006606053560972,0.26888455748558043,fdb12e7fe72c82b1485080b0381022d0ad2365844e86695ff8bfece9ef42964b
FST-Similarity-H,20,11,SUT-F,0.45965525740757585,0.3489583333333333,0.11069692407424253,0.11069692407424253,0.31722103615305325,fdb12e7fe72c82b1485080b0381022d0ad2365844e86695ff8bfece9ef42964b
NoSimilarity-Optimized,20,11,SUT-E,0.05,0.078125,-0.028124999999999997,0.028124999999999997,0.36,fdb12e7fe72c82b1485080b0381022d0ad2365844e86695ff8bfece9ef42964b
NoSimilarity-Optimized,20,11,SUT-F,0.45,0.3489583333333333,0.1010416666666667,0.1010416666666667,0.28955223880597025,fdb12e7fe72c82b1485080b0381022d0ad2365844e86695ff8bfece9ef42964b
CMC,20,12,SUT-E,0.05,0.078125,-0.028124999999999997,0.028124999999999997,0.36,fdb12e7fe72c82b1485080b0381022d0ad2365844e86695ff8bfece9ef42964b
CMC,20,12,SUT-F,0.3,0.3489583333333333,-0.048958333333333326,0.048958333333333326,0.14029850746268654,fdb12e7fe72c82b1485080b0381022d0ad2365844e86695ff8bfece9ef42964b
Uniform,20,12,SUT-E,0.05,0.078125,-0.028124999999999997,0.028124999999999997,0.36,fdb12e7fe72c82b1485080b0381022d0ad2365844e86695ff8bfece9ef42964b
Uniform,20,12,SUT-F,0.25,0.3489583333333333,-0.09895833333333331,0.09895833333333331,0.2835820895522388,fdb12e7fe72c82b1485080b0381022d0ad2365844e86695ff8bfece9ef42964b
IS,20,12,SUT-E,0.11320625410298767,0.078125,0.035081254102987666,0.035081254102987666,0.44904005251824214,fdb12e7fe72c82b1485080b0381022d0ad2365844e86695ff8bfece9ef42964b
IS,20,12,SUT-F,0.29395285003961874,0.3489583333333333,-0.055005483293714574,0.055005483293714574,0.15762765361780895,fdb12e7fe72c82b1485080b0381022d0ad2365844e86695ff8bfece9ef42964b
FST-RandomSet,20,12,SUT-E,0.06726496899500489,0.078125,-0.010860031004995108,0.010860031004995108,0.13900839686393737,fdb12e7fe72c82b1485080b0381022d0ad2365844e86695ff8bfece9ef42964b
FST-RandomSet,20,12,SUT-F,0.34158717887476087,0.3489583333333333,-0.007371154458572449,0.007371154458572449,0.02112330829919269,fdb12e7fe72c82b1485080b0381022d0ad2365844e86695ff8bfece9ef42964b
Handcrafted-Similarity,20,12,SUT-E,0.050841019517507115,0.078125,-0.027283980482492885,0.027283980482492885,0.34923495017590894,fdb12e7fe72c82b1485080b0381022d0ad2365844e86695ff8bfece9ef42964b
Handcrafted-Similarity,20,12,SUT-F,0.47028477902271465,0.3489583333333333,0.12132644568938133,0.12132644568938133,0.34768175481136143,fdb12e7fe72c82b1485080b0381022d0ad2365844e86695ff8bfece9ef42964b
FST-Similarity-H,20,12,SUT-E,0.057239075656980276,0.078125,-0.020885924343019724,0.020885924343019724,0.26733983159065244,fdb12e7fe72c82b1485080b0381022d0ad2365844e86695ff8bfece9ef42964b
FST-Similarity-H,20,12,SUT-F,0.3100369106978178,0.3489583333333333,-0.03892142263551551,0.03892142263551551,0.11153601710476088,fdb12e7fe72c82b1485080b0381022d0ad2365844e86695ff8bfece9ef42964b
NoSimilarity-Optimized,20,12,SUT-E,0.05,0.078125,-0.028124999999999997,0.028124999999999997,0.36,fdb12e7fe72c82b1485080b0381022d0ad2365844e86695ff8bfece9ef42964b
NoSimilarity-Optimized,20,12,SUT-F,0.39999999999999997,0.3489583333333333,0.05104166666666665,0.05104166666666665,0.14626865671641787,fdb12e7fe72c82b1485080b0381022d0ad2365844e86695ff8bfece9ef42964b
CMC,20,13,SUT-E,0.0,0.078125,-0.078125,0.078125,1.0,fdb12e7fe72c82b1485080b0381022d0ad2365844e86695ff8bfece9ef42964b
CMC,20,13,SUT-F,0.35,0.3489583333333333,0.001041666666666663,0.001041666666666663,0.0029850746268656613,fdb12e7fe72c82b1485080b0381022d0ad2365844e86695ff8bfece9ef42964b
Uniform,20,13,SUT-E,0.05,0.078125,-0.028124999999999997,0.028124999999999997,0.36,fdb12e7fe72c82b1485080b0381022d0ad2365844e86695ff8bfece9ef42964b
Uniform,20,13,SUT-F,0.35,0.3489583333333333,0.001041666666666663,0.001041666666666663,0.0029850746268656613,fdb12e7fe72c82b1485080b0381022d0ad2365844e86695ff8bfece9ef42964b
IS,20,13,SUT-E,0.06146197227776706,0.078125,-0.016663027722232937,0.016663027722232937,0.2132867548445816,fdb12e7fe72c82b1485080b0381022d0ad2365844e86695ff8bfece9ef42964b
IS,20,13,SUT-F,0.30797664240180544,0.3489583333333333,-0.04098169093152787,0.04098169093152787,0.11744006953512465,fdb12e7fe72c82b1485080b0381022d0ad2365844e86695ff8bfece9ef42964b
FST-RandomSet,20,13,SUT-E,0.05778763070702553,0.078125,-0.020337369292974472,0.020337369292974472,0.26031832695007323,fdb12e7fe72c82b1485080b0381022d0ad2365844e86695ff8bfece9ef42964b
FST-RandomSet,20,13,SUT-F,0.32314788131043315,0.3489583333333333,-0.025810452022900165,0.025810452022900165,0.07396428042383331,fdb12e7fe72c82b1485080b0381022d0ad2365844e86695ff8bfece9ef42964b
Handcrafted-Similarity,20,13,SUT-E,0.11181714754612905,0.078125,0.03369214754612905,0.03369214754612905,0.4312594885904518,fdb12e7fe72c82b1485080b0381022d0ad2365844e86695ff8bfece9ef42964b
Handcrafted-Similarity,20,13,SUT-F,0.38049298145180027,0.3489583333333333,0.03153464811846696,0.03153464811846696,0.09036794684695008,fdb12e7fe72c82b1485080b0381022d0ad2365844e86695ff8bfece9ef42964b
FST-Similarity-H,20,13,SUT-E,0.057348782662302256,0.078125,-0.020776217337697744,0.020776217337697744,0.26593558192253114,fdb12e7fe72c82b1485080b0381022d0ad2365844e86695ff8bfece9ef42964b
FST-Similarity-H,20,13,SUT-F,0.3661541515029967,0.3489583333333333,0.01719581816966337,0.01719581816966337,0.049277568486199505,fdb12e7fe72c82b1485080b0381022d0ad2365844e86695ff8bfece9ef42964b
NoSimilarity-Optimized,20,13,SUT-E,0.05,0.078125,-0.028124999999999997,0.028124999999999997,0.36,fdb12e7fe72c82b1485080b0381022d0ad2365844e86695ff8bfece9ef42964b
NoSimilarity-Optimized,20,13,SUT-F,0.39999999999999997,0.3489583333333333,0.05104166666666665,0.05104166666666665,0.14626865671641787,fdb12e7fe72c82b1485080b0381022d0ad2365844e86695ff8bfece9ef42964b
CMC,20,14,SUT-E,0.1,0.078125,0.021875000000000006,0.021875000000000006,0.2800000000000001,fdb12e7fe72c82b1485080b0381022d0ad2365844e86695ff8bfece9ef42964b
CMC,20,14,SUT-F,0.4,0.3489583333333333,0.05104166666666671,0.05104166666666671,0.14626865671641803,fdb12e7fe72c82b1485080b0381022d0ad2365844e86695ff8bfece9ef42964b
Uniform,20,14,SUT-E,0.05,0.078125,-0.028124999999999997,0.028124999999999997,0.36,fdb12e7fe72c82b1485080b0381022d0ad2365844e86695ff8bfece9ef42964b
Uniform,20,14,SUT-F,0.35000000000000003,0.3489583333333333,0.0010416666666667185,0.0010416666666667185,0.0029850746268658204,fdb12e7fe72c82b1485080b0381022d0ad2365844e86695ff8bfece9ef42964b
IS,20,14,SUT-E,0.1003327340879529,0.078125,0.0222077340879529,0.0222077340879529,0.28425899632579715,fdb12e7fe72c82b1485080b0381022d0ad2365844e86695ff8bfece9ef42964b
IS,20,14,SUT-F,0.28297066754958106,0.3489583333333333,-0.06598766578375226,0.06598766578375226,0.1890989825444841,fdb12e7fe72c82b1485080b0381022d0ad2365844e86695ff8bfece9ef42964b
FST-RandomSet,20,14,SUT-E,0.07628560531884432,0.078125,-0.0018393946811556816,0.0018393946811556816,0.023544251918792725,fdb12e7fe72c82b1485080b0381022d0ad2365844e86695ff8bfece9ef42964b
FST-RandomSet,20,14,SUT-F,0.35172148793935776,0.3489583333333333,0.0027631546060244427,0.0027631546060244427,0.007918293796368553,fdb12e7fe72c82b1485080b0381022d0ad2365844e86695ff8bfece9ef42964b
Handcrafted-Similarity,20,14,SUT-E,0.06584740509795098,0.078125,-0.012277594902049022,0.012277594902049022,0.15715321474622748,fdb12e7fe72c82b1485080b0381022d0ad2365844e86695ff8bfece9ef42964b
Handcrafted-Similarity,20,14,SUT-F,0.3679554827866065,0.3489583333333333,0.018997149453273188,0.018997149453273188,0.054439592463111225,fdb12e7fe72c82b1485080b0381022d0ad2365844e86695ff8bfece9ef42964b
FST-Similarity-H,20,14,SUT-E,0.06284275278449059,0.078125,-0.015282247215509415,0.015282247215509415,0.1956127643585205,fdb12e7fe72c82b1485080b0381022d0ad2365844e86695ff8bfece9ef42964b
FST-Similarity-H,20,14,SUT-F,0.35095045855268836,0.3489583333333333,0.0019921252193550454,0.0019921252193550454,0.005708776748002518,fdb12e7fe72c82b1485080b0381022d0ad2365844e86695ff8bfece9ef42964b
NoSimilarity-Optimized,20,14,SUT-E,0.05,0.078125,-0.028124999999999997,0.028124999999999997,0.36,fdb12e7fe72c82b1485080b0381022d0ad2365844e86695ff8bfece9ef42964b
NoSimilarity-Optimized,20,14,SUT-F,0.39999999999999997,0.3489583333333333,0.05104166666666665,0.05104166666666665,0.14626865671641787,fdb12e7fe72c82b1485080b0381022d0ad2365844e86695ff8bfece9ef42964b
CMC,20,15,SUT-E,0.15000000000000002,0.078125,0.07187500000000002,0.07187500000000002,0.9200000000000003,fdb12e7fe72c82b1485080b0381022d0ad2365844e86695ff8bfece9ef42964b
CMC,20,15,SUT-F,0.3,0.3489583333333333,-0.048958333333333326,0.048958333333333326,0.14029850746268654,fdb12e7fe72c82b1485080b0381022d0ad2365844e86695ff8bfece9ef42964b
Uniform,20,15,SUT-E,0.1,0.078125,0.021875000000000006,0.021875000000000006,0.2800000000000001,fdb12e7fe72c82b1485080b0381022d0ad2365844e86695ff8bfece9ef42964b
Uniform,20,15,SUT-F,0.55,0.3489583333333333,0.20104166666666673,0.20104166666666673,0.5761194029850748,fdb12e7fe72c82b1485080b0381022d0ad2365844e86695ff8bfece9ef42964b
IS,20,15,SUT-E,0.10008253232287136,0.078125,0.021957532322871356,0.021957532322871356,0.28105641373275336,fdb12e7fe72c82b1485080b0381022d0ad2365844e86695ff8bfece9ef42964b
IS,20,15,SUT-F,0.32424054249350887,0.3489583333333333,-0.02471779083982445,0.02471779083982445,0.07083307225740738,fdb12e7fe72c82b1485080b0381022d0ad2365844e86695ff8bfece9ef42964b
FST-RandomSet,20,15,SUT-E,0.057668658904731274,0.078125,-0.020456341095268726,0.020456341095268726,0.2618411660194397,fdb12e7fe72c82b1485080b0381022d0ad2365844e86695ff8bfece9ef42964b
FST-RandomSet,20,15,SUT-F,0.48724798671901226,0.3489583333333333,0.13828965338567895,0.13828965338567895,0.3962927380604531,fdb12e7fe72c82b1485080b0381022d0ad2365844e86695ff8bfece9ef42964b
Handcrafted-Similarity,20,15,SUT-E,0.06074903334021706,0.078125,-0.017375966659782943,0.017375966659782943,0.22241237324522167,fdb12e7fe72c82b1485080b0381022d0ad2365844e86695ff8bfece9ef42964b
Handcrafted-Similarity,20,15,SUT-F,0.43833887910061065,0.3489583333333333,0.08938054576727733,0.08938054576727733,0.25613529533309326,fdb12e7fe72c82b1485080b0381022d0ad2365844e86695ff8bfece9ef42964b
FST-Similarity-H,20,15,SUT-E,0.0577078964561224,0.078125,-0.0204171035438776,0.0204171035438776,0.2613389253616333,fdb12e7fe72c82b1485080b0381022d0ad2365844e86695ff8bfece9ef42964b
FST-Similarity-H,20,15,SUT-F,0.8035785988904536,0.3489583333333333,0.45462026555712026,0.45462026555712026,1.3027924027905537,fdb12e7fe72c82b1485080b0381022d0ad2365844e86695ff8bfece9ef42964b
NoSimilarity-Optimized,20,15,SUT-E,0.05,0.078125,-0.028124999999999997,0.028124999999999997,0.36,fdb12e7fe72c82b1485080b0381022d0ad2365844e86695ff8bfece9ef42964b
NoSimilarity-Optimized,20,15,SUT-F,0.35,0.3489583333333333,0.001041666666666663,0.001041666666666663,0.0029850746268656613,fdb12e7fe72c82b1485080b0381022d0ad2365844e86695ff8bfece9ef42964b
CMC,20,16,SUT-E,0.05,0.078125,-0.028124999999999997,0.028124999999999997,0.36,fdb12e7fe72c82b1485080b0381022d0ad2365844e86695ff8bfece9ef42964b
CMC,20,16,SUT-F,0.3,0.3489583333333333,-0.048958333333333326,0.048958333333333326,0.14029850746268654,fdb12e7fe72c82b1485080b0381022d0ad2365844e86695ff8bfece9ef42964b
Uniform,20,16,SUT-E,0.05,0.078125,-0.028124999999999997,0.028124999999999997,0.36,fdb12e7fe72c82b1485080b0381022d0ad2365844e86695ff8bfece9ef42964b
Uniform,20,16,SUT-F,0.3,0.3489583333333333,-0.048958333333333326,0.048958333333333326,0.14029850746268654,fdb12e7fe72c82b1485080b0381022d0ad2365844e86695ff8bfece9ef42964b
IS,20,16,SUT-E,0.05830614271527876,0.078125,-0.019818857284721242,0.019818857284721242,0.2536813732444319,fdb12e7fe72c82b1485080b0381022d0ad2365844e86695ff8bfece9ef42964b
IS,20,16,SUT-F,0.23664408540076842,0.3489583333333333,-0.11231424793256489,0.11231424793256489,0.3218557552694397,fdb12e7fe72c82b1485080b0381022d0ad2365844e86695ff8bfece9ef42964b
FST-RandomSet,20,16,SUT-E,0.05621690768748522,0.078125,-0.021908092312514782,0.021908092312514782,0.2804235816001892,fdb12e7fe72c82b1485080b0381022d0ad2365844e86695ff8bfece9ef42964b
FST-RandomSet,20,16,SUT-F,0.5539667312987149,0.3489583333333333,0.20500839796538156,0.20500839796538156,0.5874867523784069,fdb12e7fe72c82b1485080b0381022d0ad2365844e86695ff8bfece9ef42964b
Handcrafted-Similarity,20,16,SUT-E,0.115202185467712,0.078125,0.03707718546771201,0.03707718546771201,0.4745879739867137,fdb12e7fe72c82b1485080b0381022d0ad2365844e86695ff8bfece9ef42964b
Handcrafted-Similarity,20,16,SUT-F,0.32854597253853224,0.3489583333333333,-0.020412360794801077,0.020412360794801077,0.05849512347166876,fdb12e7fe72c82b1485080b0381022d0ad2365844e86695ff8bfece9ef42964b
FST-Similarity-H,20,16,SUT-E,0.05755860125645995,0.078125,-0.02056639874354005,0.02056639874354005,0.2632499039173126,fdb12e7fe72c82b1485080b0381022d0ad2365844e86695ff8bfece9ef42964b
FST-Similarity-H,20,16,SUT-F,0.2941386247985065,0.3489583333333333,-0.054819708534826816,0.054819708534826816,0.15709528415950372,fdb12e7fe72c82b1485080b0381022d0ad2365844e86695ff8bfece9ef42964b
NoSimilarity-Optimized,20,16,SUT-E,0.05,0.078125,-0.028124999999999997,0.028124999999999997,0.36,fdb12e7fe72c82b1485080b0381022d0ad2365844e86695ff8bfece9ef42964b
NoSimilarity-Optimized,20,16,SUT-F,0.39999999999999997,0.3489583333333333,0.05104166666666665,0.05104166666666665,0.14626865671641787,fdb12e7fe72c82b1485080b0381022d0ad2365844e86695ff8bfece9ef42964b
CMC,20,17,SUT-E,0.05,0.078125,-0.028124999999999997,0.028124999999999997,0.36,fdb12e7fe72c82b1485080b0381022d0ad2365844e86695ff8bfece9ef42964b
CMC,20,17,SUT-F,0.4,0.3489583333333333,0.05104166666666671,0.05104166666666671,0.14626865671641803,fdb12e7fe72c82b1485080b0381022d0ad2365844e86695ff8bfece9ef42964b
Uniform,20,17,SUT-E,0.15000000000000002,0.078125,0.07187500000000002,0.07187500000000002,0.9200000000000003,fdb12e7fe72c82b1485080b0381022d0ad2365844e86695ff8bfece9ef42964b
Uniform,20,17,SUT-F,0.35,0.3489583333333333,0.001041666666666663,0.001041666666666663,0.0029850746268656613,fdb12e7fe72c82b1485080b0381022d0ad2365844e86695ff8bfece9ef42964b
IS,20,17,SUT-E,0.04518242093516245,0.078125,-0.03294257906483755,0.03294257906483755,0.4216650120299207,fdb12e7fe72c82b1485080b0381022d0ad2365844e86695ff8bfece9ef42964b
IS,20,17,SUT-F,0.3938020927933899,0.3489583333333333,0.04484375946005659,0.04484375946005659,0.12850748979598306,fdb12e7fe72c82b1485080b0381022d0ad2365844e86695ff8bfece9ef42964b
FST-RandomSet,20,17,SUT-E,0.06869225157424808,0.078125,-0.009432748425751925,0.009432748425751925,0.12073917984962464,fdb12e7fe72c82b1485080b0381022d0ad2365844e86695ff8bfece9ef42964b
FST-RandomSet,20,17,SUT-F,0.3573148478753865,0.3489583333333333,0.008356514542053162,0.008356514542053162,0.023947026747376227,fdb12e7fe72c82b1485080b0381022d0ad2365844e86695ff8bfece9ef42964b
Handcrafted-Similarity,20,17,SUT-E,0.06843752372515881,0.078125,-0.009687476274841192,0.009687476274841192,0.12399969631796726,fdb12e7fe72c82b1485080b0381022d0ad2365844e86695ff8bfece9ef42964b
Handcrafted-Similarity,20,17,SUT-F,0.49096263010448193,0.3489583333333333,0.14200429677114862,0.14200429677114862,0.40693768626956023,fdb12e7fe72c82b1485080b0381022d0ad2365844e86695ff8bfece9ef42964b
FST-Similarity-H,20,17,SUT-E,0.07129068160429597,0.078125,-0.006834318395704031,0.006834318395704031,0.0874792754650116,fdb12e7fe72c82b1485080b0381022d0ad2365844e86695ff8bfece9ef42964b
FST-Similarity-H,20,17,SUT-F,0.39463294902816415,0.3489583333333333,0.045674615694830834,0.045674615694830834,0.1308884509463809,fdb12e7fe72c82b1485080b0381022d0ad2365844e86695ff8bfece9ef42964b
NoSimilarity-Optimized,20,17,SUT-E,0.05,0.078125,-0.028124999999999997,0.028124999999999997,0.36,fdb12e7fe72c82b1485080b0381022d0ad2365844e86695ff8bfece9ef42964b
NoSimilarity-Optimized,20,17,SUT-F,0.35,0.3489583333333333,0.001041666666666663,0.001041666666666663,0.0029850746268656613,fdb12e7fe72c82b1485080b0381022d0ad2365844e86695ff8bfece9ef42964b
CMC,20,18,SUT-E,0.0,0.078125,-0.078125,0.078125,1.0,fdb12e7fe72c82b1485080b0381022d0ad2365844e86695ff8bfece9ef42964b
CMC,20,18,SUT-F,0.2,0.3489583333333333,-0.1489583333333333,0.1489583333333333,0.42686567164179096,fdb12e7fe72c82b1485080b0381022d0ad2365844e86695ff8bfece9ef42964b
Uniform,20,18,SUT-E,0.0,0.078125,-0.078125,0.078125,1.0,fdb12e7fe72c82b1485080b0381022d0ad2365844e86695ff8bfece9ef42964b
Uniform,20,18,SUT-F,0.4,0.3489583333333333,0.05104166666666671,0.05104166666666671,0.14626865671641803,fdb12e7fe72c82b1485080b0381022d0ad2365844e86695ff8bfece9ef42964b
IS,20,18,SUT-E,0.09692670276038305,0.078125,0.01880170276038305,0.01880170276038305,0.24066179533290305,fdb12e7fe72c82b1485080b0381022d0ad2365844e86695ff8bfece9ef42964b
IS,20,18,SUT-F,0.7962472836004209,0.3489583333333333,0.44728895026708754,0.44728895026708754,1.2817832604668777,fdb12e7fe72c82b1485080b0381022d0ad2365844e86695ff8bfece9ef42964b
FST-RandomSet,20,18,SUT-E,0.09428113279864192,0.078125,0.01615613279864192,0.01615613279864192,0.20679849982261658,fdb12e7fe72c82b1485080b0381022d0ad2365844e86695ff8bfece9ef42964b
FST-RandomSet,20,18,SUT-F,0.43774747941643,0.3489583333333333,0.08878914608309668,0.08878914608309668,0.2544405380291726,fdb12e7fe72c82b1485080b0381022d0ad2365844e86695ff8bfece9ef42964b
Handcrafted-Similarity,20,18,SUT-E,0.06459484216457415,0.078125,-0.013530157835425854,0.013530157835425854,0.17318602029345093,fdb12e7fe72c82b1485080b0381022d0ad2365844e86695ff8bfece9ef42964b
Handcrafted-Similarity,20,18,SUT-F,0.48524074814786256,0.3489583333333333,0.13628241481452924,0.13628241481452924,0.39054065140880023,fdb12e7fe72c82b1485080b0381022d0ad2365844e86695ff8bfece9ef42964b
FST-Similarity-H,20,18,SUT-E,0.0573165537789464,0.078125,-0.0208084462210536,0.0208084462210536,0.2663481116294861,fdb12e7fe72c82b1485080b0381022d0ad2365844e86695ff8bfece9ef42964b
FST-Similarity-H,20,18,SUT-F,0.5054865465499461,0.3489583333333333,0.15652821321661275,0.15652821321661275,0.4485584617550694,fdb12e7fe72c82b1485080b0381022d0ad2365844e86695ff8bfece9ef42964b
NoSimilarity-Optimized,20,18,SUT-E,0.05,0.078125,-0.028124999999999997,0.028124999999999997,0.36,fdb12e7fe72c82b1485080b0381022d0ad2365844e86695ff8bfece9ef42964b
NoSimilarity-Optimized,20,18,SUT-F,0.39999999999999997,0.3489583333333333,0.05104166666666665,0.05104166666666665,0.14626865671641787,fdb12e7fe72c82b1485080b0381022d0ad2365844e86695ff8bfece9ef42964b
CMC,20,19,SUT-E,0.15000000000000002,0.078125,0.07187500000000002,0.07187500000000002,0.9200000000000003,fdb12e7fe72c82b1485080b0381022d0ad2365844e86695ff8bfece9ef42964b
CMC,20,19,SUT-F,0.35000000000000003,0.3489583333333333,0.0010416666666667185,0.0010416666666667185,0.0029850746268658204,fdb12e7fe72c82b1485080b0381022d0ad2365844e86695ff8bfece9ef42964b
Uniform,20,19,SUT-E,0.0,0.078125,-0.078125,0.078125,1.0,fdb12e7fe72c82b1485080b0381022d0ad2365844e86695ff8bfece9ef42964b
Uniform,20,19,SUT-F,0.25,0.3489583333333333,-0.09895833333333331,0.09895833333333331,0.2835820895522388,fdb12e7fe72c82b1485080b0381022d0ad2365844e86695ff8bfece9ef42964b
IS,20,19,SUT-E,0.08405318274534829,0.078125,0.005928182745348287,0.005928182745348287,0.07588073914045808,fdb12e7fe72c82b1485080b0381022d0ad2365844e86695ff8bfece9ef42964b
IS,20,19,SUT-F,0.32248518704325396,0.3489583333333333,-0.026473146290079352,0.026473146290079352,0.07586334459246621,fdb12e7fe72c82b1485080b0381022d0ad2365844e86695ff8bfece9ef42964b
FST-RandomSet,20,19,SUT-E,0.05773718282580376,0.078125,-0.020387817174196243,0.020387817174196243,0.26096405982971194,fdb12e7fe72c82b1485080b0381022d0ad2365844e86695ff8bfece9ef42964b
FST-RandomSet,20,19,SUT-F,0.5099327256903052,0.3489583333333333,0.16097439235697192,0.16097439235697192,0.4612997512319196,fdb12e7fe72c82b1485080b0381022d0ad2365844e86695ff8bfece9ef42964b
Handcrafted-Similarity,20,19,SUT-E,0.043944966906908633,0.078125,-0.034180033093091367,0.034180033093091367,0.4375044235915695,fdb12e7fe72c82b1485080b0381022d0ad2365844e86695ff8bfece9ef42964b
Handcrafted-Similarity,20,19,SUT-F,0.41255198344056004,0.3489583333333333,0.06359365010722673,0.06359365010722673,0.18223851971026167,fdb12e7fe72c82b1485080b0381022d0ad2365844e86695ff8bfece9ef42964b
FST-Similarity-H,20,19,SUT-E,0.057429414708167315,0.078125,-0.020695585291832685,0.020695585291832685,0.26490349173545835,fdb12e7fe72c82b1485080b0381022d0ad2365844e86695ff8bfece9ef42964b
FST-Similarity-H,20,19,SUT-F,0.4432473019696772,0.3489583333333333,0.0942889686363439,0.0942889686363439,0.27020122355489595,fdb12e7fe72c82b1485080b0381022d0ad2365844e86695ff8bfece9ef42964b
NoSimilarity-Optimized,20,19,SUT-E,0.05,0.078125,-0.028124999999999997,0.028124999999999997,0.36,fdb12e7fe72c82b1485080b0381022d0ad2365844e86695ff8bfece9ef42964b
NoSimilarity-Optimized,20,19,SUT-F,0.35,0.3489583333333333,0.001041666666666663,0.001041666666666663,0.0029850746268656613,fdb12e7fe72c82b1485080b0381022d0ad2365844e86695ff8bfece9ef42964b
CMC,20,20,SUT-E,0.1,0.078125,0.021875000000000006,0.021875000000000006,0.2800000000000001,fdb12e7fe72c82b1485080b0381022d0ad2365844e86695ff8bfece9ef42964b
CMC,20,20,SUT-F,0.39999999999999997,0.3489583333333333,0.05104166666666665,0.05104166666666665,0.14626865671641787,fdb12e7fe72c82b1485080b0381022d0ad2365844e86695ff8bfece9ef42964b
Uniform,20,20,SUT-E,0.05,0.078125,-0.028124999999999997,0.028124999999999997,0.36,fdb12e7fe72c82b1485080b0381022d0ad2365844e86695ff8bfece9ef42964b
Uniform,20,20,SUT-F,0.15000000000000002,0.3489583333333333,-0.1989583333333333,0.1989583333333333,0.5701492537313432,fdb12e7fe72c82b1485080b0381022d0ad2365844e86695ff8bfece9ef42964b
IS,20,20,SUT-E,0.042026591372674144,0.078125,-0.036098408627325856,0.036098408627325856,0.46205963042977094,fdb12e7fe72c82b1485080b0381022d0ad2365844e86695ff8bfece9ef42964b
IS,20,20,SUT-F,0.30620563570064946,0.3489583333333333,-0.042752697632683856,0.042752697632683856,0.12251519321604927,fdb12e7fe72c82b1485080b0381022d0ad2365844e86695ff8bfece9ef42964b
FST-RandomSet,20,20,SUT-E,0.057879062835127115,0.078125,-0.020245937164872885,0.020245937164872885,0.25914799571037295,fdb12e7fe72c82b1485080b0381022d0ad2365844e86695ff8bfece9ef42964b
FST-RandomSet,20,20,SUT-F,0.35131373861804605,0.3489583333333333,0.0023554052847127305,0.0023554052847127305,0.006749818129326034,fdb12e7fe72c82b1485080b0381022d0ad2365844e86695ff8bfece9ef42964b
Handcrafted-Similarity,20,20,SUT-E,0.10899981712552442,0.078125,0.030874817125524423,0.030874817125524423,0.3951976592067126,fdb12e7fe72c82b1485080b0381022d0ad2365844e86695ff8bfece9ef42964b
Handcrafted-Similarity,20,20,SUT-F,0.4016516029521345,0.3489583333333333,0.052693269618801164,0.052693269618801164,0.1510016084598481,fdb12e7fe72c82b1485080b0381022d0ad2365844e86695ff8bfece9ef42964b
FST-Similarity-H,20,20,SUT-E,0.09901187336072326,0.078125,0.020886873360723257,0.020886873360723257,0.2673519790172577,fdb12e7fe72c82b1485080b0381022d0ad2365844e86695ff8bfece9ef42964b
FST-Similarity-H,20,20,SUT-F,0.3526650909334421,0.3489583333333333,0.003706757600108801,0.003706757600108801,0.010622350137625221,fdb12e7fe72c82b1485080b0381022d0ad2365844e86695ff8bfece9ef42964b
NoSimilarity-Optimized,20,20,SUT-E,0.05,0.078125,-0.028124999999999997,0.028124999999999997,0.36,fdb12e7fe72c82b1485080b0381022d0ad2365844e86695ff8bfece9ef42964b
NoSimilarity-Optimized,20,20,SUT-F,0.39999999999999997,0.3489583333333333,0.05104166666666665,0.05104166666666665,0.14626865671641787,fdb12e7fe72c82b1485080b0381022d0ad2365844e86695ff8bfece9ef42964b
CMC,20,21,SUT-E,0.05,0.078125,-0.028124999999999997,0.028124999999999997,0.36,fdb12e7fe72c82b1485080b0381022d0ad2365844e86695ff8bfece9ef42964b
CMC,20,21,SUT-F,0.4,0.3489583333333333,0.05104166666666671,0.05104166666666671,0.14626865671641803,fdb12e7fe72c82b1485080b0381022d0ad2365844e86695ff8bfece9ef42964b
Uniform,20,21,SUT-E,0.1,0.078125,0.021875000000000006,0.021875000000000006,0.2800000000000001,fdb12e7fe72c82b1485080b0381022d0ad2365844e86695ff8bfece9ef42964b
Uniform,20,21,SUT-F,0.5,0.3489583333333333,0.15104166666666669,0.15104166666666669,0.43283582089552247,fdb12e7fe72c82b1485080b0381022d0ad2365844e86695ff8bfece9ef42964b
IS,20,21,SUT-E,0.1294858054455923,0.078125,0.051360805445592295,0.051360805445592295,0.6574183097035814,fdb12e7fe72c82b1485080b0381022d0ad2365844e86695ff8bfece9ef42964b
IS,20,21,SUT-F,0.21770910802583854,0.3489583333333333,-0.13124922530749478,0.13124922530749478,0.3761171829707313,fdb12e7fe72c82b1485080b0381022d0ad2365844e86695ff8bfece9ef42964b
FST-RandomSet,20,21,SUT-E,0.06828063633292913,0.078125,-0.009844363667070866,0.009844363667070866,0.12600785493850708,fdb12e7fe72c82b1485080b0381022d0ad2365844e86695ff8bfece9ef42964b
FST-RandomSet,20,21,SUT-F,0.363361194729805,0.3489583333333333,0.014402861396471678,0.014402861396471678,0.04127387146451585,fdb12e7fe72c82b1485080b0381022d0ad2365844e86695ff8bfece9ef42964b
Handcrafted-Similarity,20,21,SUT-E,0.06749643362820744,0.078125,-0.010628566371792561,0.010628566371792561,0.13604564955894477,fdb12e7fe72c82b1485080b0381022d0ad2365844e86695ff8bfece9ef42964b
Handcrafted-Similarity,20,21,SUT-F,0.3900815368068298,0.3489583333333333,0.04112320347349646,0.04112320347349646,0.11784559801360181,fdb12e7fe72c82b1485080b0381022d0ad2365844e86695ff8bfece9ef42964b
FST-Similarity-H,20,21,SUT-E,0.05721077648922801,0.078125,-0.02091422351077199,0.02091422351077199,0.26770206093788146,fdb12e7fe72c82b1485080b0381022d0ad2365844e86695ff8bfece9ef42964b
FST-Similarity-H,20,21,SUT-F,0.318173601757735,0.3489583333333333,-0.0307847315755983,0.0307847315755983,0.08821893227634141,fdb12e7fe72c82b1485080b0381022d0ad2365844e86695ff8bfece9ef42964b
NoSimilarity-Optimized,20,21,SUT-E,0.05,0.078125,-0.028124999999999997,0.028124999999999997,0.36,fdb12e7fe72c82b1485080b0381022d0ad2365844e86695ff8bfece9ef42964b
NoSimilarity-Optimized,20,21,SUT-F,0.44999999999999996,0.3489583333333333,0.10104166666666664,0.10104166666666664,0.2895522388059701,fdb12e7fe72c82b1485080b0381022d0ad2365844e86695ff8bfece9ef42964b
CMC,20,22,SUT-E,0.05,0.078125,-0.028124999999999997,0.028124999999999997,0.36,fdb12e7fe72c82b1485080b0381022d0ad2365844e86695ff8bfece9ef42964b
CMC,20,22,SUT-F,0.3,0.3489583333333333,-0.048958333333333326,0.048958333333333326,0.14029850746268654,fdb12e7fe72c82b1485080b0381022d0ad2365844e86695ff8bfece9ef42964b
Uniform,20,22,SUT-E,0.0,0.078125,-0.078125,0.078125,1.0,fdb12e7fe72c82b1485080b0381022d0ad2365844e86695ff8bfece9ef42964b
Uniform,20,22,SUT-F,0.45,0.3489583333333333,0.1010416666666667,0.1010416666666667,0.28955223880597025,fdb12e7fe72c82b1485080b0381022d0ad2365844e86695ff8bfece9ef42964b
IS,20,22,SUT-E,0.11661228543055752,0.078125,0.038487285430557516,0.038487285430557516,0.4926372535111362,fdb12e7fe72c82b1485080b0381022d0ad2365844e86695ff8bfece9ef42964b
IS,20,22,SUT-F,0.2434561480559081,0.3489583333333333,-0.10550218527742522,0.10550218527742522,0.3023346204965021,fdb12e7fe72c82b1485080b0381022d0ad2365844e86695ff8bfece9ef42964b
FST-RandomSet,20,22,SUT-E,0.11316111637279391,0.078125,0.03503611637279391,0.03503611637279391,0.4484622895717621,fdb12e7fe72c82b1485080b0381022d0ad2365844e86695ff8bfece9ef42964b
FST-RandomSet,20,22,SUT-F,0.5305570135824382,0.3489583333333333,0.18159868024910492,0.18159868024910492,0.5204021881765395,fdb12e7fe72c82b1485080b0381022d0ad2365844e86695ff8bfece9ef42964b
Handcrafted-Similarity,20,22,SUT-E,0.06746915810332833,0.078125,-0.010655841896671667,0.010655841896671667,0.13639477627739732,fdb12e7fe72c82b1485080b0381022d0ad2365844e86695ff8bfece9ef42964b
Handcrafted-Similarity,20,22,SUT-F,0.29133990132803733,0.3489583333333333,-0.05761843200529598,0.05761843200529598,0.16511550664204222,fdb12e7fe72c82b1485080b0381022d0ad2365844e86695ff8bfece9ef42964b
FST-Similarity-H,20,22,SUT-E,0.0833414695225656,0.078125,0.005216469522565603,0.005216469522565603,0.06677080988883972,fdb12e7fe72c82b1485080b0381022d0ad2365844e86695ff8bfece9ef42964b
FST-Similarity-H,20,22,SUT-F,0.3281161095947027,0.3489583333333333,-0.020842223738630594,0.020842223738630594,0.05972696951965783,fdb12e7fe72c82b1485080b0381022d0ad2365844e86695ff8bfece9ef42964b
NoSimilarity-Optimized,20,22,SUT-E,0.1,0.078125,0.021875000000000006,0.021875000000000006,0.2800000000000001,fdb12e7fe72c82b1485080b0381022d0ad2365844e86695ff8bfece9ef42964b
NoSimilarity-Optimized,20,22,SUT-F,0.3,0.3489583333333333,-0.048958333333333326,0.048958333333333326,0.14029850746268654,fdb12e7fe72c82b1485080b0381022d0ad2365844e86695ff8bfece9ef42964b
CMC,20,23,SUT-E,0.15000000000000002,0.078125,0.07187500000000002,0.07187500000000002,0.9200000000000003,fdb12e7fe72c82b1485080b0381022d0ad2365844e86695ff8bfece9ef42964b
CMC,20,23,SUT-F,0.45,0.3489583333333333,0.1010416666666667,0.1010416666666667,0.28955223880597025,fdb12e7fe72c82b1485080b0381022d0ad2365844e86695ff8bfece9ef42964b
Uniform,20,23,SUT-E,0.1,0.078125,0.021875000000000006,0.021875000000000006,0.2800000000000001,fdb12e7fe72c82b1485080b0381022d0ad2365844e86695ff8bfece9ef42964b
Uniform,20,23,SUT-F,0.4,0.3489583333333333,0.05104166666666671,0.05104166666666671,0.14626865671641803,fdb12e7fe72c82b1485080b0381022d0ad2365844e86695ff8bfece9ef42964b
IS,20,23,SUT-E,0.07433549229280183,0.078125,-0.0037895077071981725,0.0037895077071981725,0.04850569865213661,fdb12e7fe72c82b1485080b0381022d0ad2365844e86695ff8bfece9ef42964b
IS,20,23,SUT-F,0.28842093067287145,0.3489583333333333,-0.06053740266046187,0.06053740266046187,0.17348031807177133,fdb12e7fe72c82b1485080b0381022d0ad2365844e86695ff8bfece9ef42964b
FST-RandomSet,20,23,SUT-E,0.06759544368833303,0.078125,-0.010529556311666965,0.010529556311666965,0.13477832078933716,fdb12e7fe72c82b1485080b0381022d0ad2365844e86695ff8bfece9ef42964b
FST-RandomSet,20,23,SUT-F,0.3499730094335973,0.3489583333333333,0.0010146761002640114,0.0010146761002640114,0.0029077285261297045,fdb12e7fe72c82b1485080b0381022d0ad2365844e86695ff8bfece9ef42964b
Handcrafted-Similarity,20,23,SUT-E,0.04893873532886178,0.078125,-0.029186264671138218,0.029186264671138218,0.3735841877905692,fdb12e7fe72c82b1485080b0381022d0ad2365844e86695ff8bfece9ef42964b
Handcrafted-Similarity,20,23,SUT-F,0.47968577113005856,0.3489583333333333,0.13072743779672524,0.13072743779672524,0.3746219112980783,fdb12e7fe72c82b1485080b0381022d0ad2365844e86695ff8bfece9ef42964b
FST-Similarity-H,20,23,SUT-E,0.062461528461426497,0.078125,-0.015663471538573503,0.015663471538573503,0.20049243569374084,fdb12e7fe72c82b1485080b0381022d0ad2365844e86695ff8bfece9ef42964b
FST-Similarity-H,20,23,SUT-F,0.3294175094924867,0.3489583333333333,-0.0195408238408466,0.0195408238408466,0.05599758473794847,fdb12e7fe72c82b1485080b0381022d0ad2365844e86695ff8bfece9ef42964b
NoSimilarity-Optimized,20,23,SUT-E,0.1,0.078125,0.021875000000000006,0.021875000000000006,0.2800000000000001,fdb12e7fe72c82b1485080b0381022d0ad2365844e86695ff8bfece9ef42964b
NoSimilarity-Optimized,20,23,SUT-F,0.45,0.3489583333333333,0.1010416666666667,0.1010416666666667,0.28955223880597025,fdb12e7fe72c82b1485080b0381022d0ad2365844e86695ff8bfece9ef42964b
CMC,20,24,SUT-E,0.1,0.078125,0.021875000000000006,0.021875000000000006,0.2800000000000001,fdb12e7fe72c82b1485080b0381022d0ad2365844e86695ff8bfece9ef42964b
CMC,20,24,SUT-F,0.3,0.3489583333333333,-0.048958333333333326,0.048958333333333326,0.14029850746268654,fdb12e7fe72c82b1485080b0381022d0ad2365844e86695ff8bfece9ef42964b
Uniform,20,24,SUT-E,0.0,0.078125,-0.078125,0.078125,1.0,fdb12e7fe72c82b1485080b0381022d0ad2365844e86695ff8bfece9ef42964b
Uniform,20,24,SUT-F,0.3,0.3489583333333333,-0.048958333333333326,0.048958333333333326,0.14029850746268654,fdb12e7fe72c82b1485080b0381022d0ad2365844e86695ff8bfece9ef42964b
IS,20,24,SUT-E,0.14551515502311535,0.078125,0.06739015502311535,0.06739015502311535,0.8625939842958765,fdb12e7fe72c82b1485080b0381022d0ad2365844e86695ff8bfece9ef42964b
IS,20,24,SUT-F,0.24661197761839643,0.3489583333333333,-0.10234635571493689,0.10234635571493689,0.29329104921295346,fdb12e7fe72c82b1485080b0381022d0ad2365844e86695ff8bfece9ef42964b
FST-RandomSet,20,24,SUT-E,0.05543285794556141,0.078125,-0.02269214205443859,0.02269214205443859,0.290459418296814,fdb12e7fe72c82b1485080b0381022d0ad2365844e86695ff8bfece9ef42964b
FST-RandomSet,20,24,SUT-F,0.40242269122973084,0.3489583333333333,0.05346435789639753,0.05346435789639753,0.15321129427027352,fdb12e7fe72c82b1485080b0381022d0ad2365844e86695ff8bfece9ef42964b
Handcrafted-Similarity,20,24,SUT-E,0.07023551196179785,0.078125,-0.00788948803820215,0.00788948803820215,0.10098544688898752,fdb12e7fe72c82b1485080b0381022d0ad2365844e86695ff8bfece9ef42964b
Handcrafted-Similarity,20,24,SUT-F,0.40209198113780126,0.3489583333333333,0.05313364780446794,0.05313364780446794,0.1522635877381768,fdb12e7fe72c82b1485080b0381022d0ad2365844e86695ff8bfece9ef42964b
FST-Similarity-H,20,24,SUT-E,0.057441651821136475,0.078125,-0.020683348178863525,0.020683348178863525,0.26474685668945314,fdb12e7fe72c82b1485080b0381022d0ad2365844e86695ff8bfece9ef42964b
FST-Similarity-H,20,24,SUT-F,0.4069776968099177,0.3489583333333333,0.058019363476584374,0.058019363476584374,0.16626444458961492,fdb12e7fe72c82b1485080b0381022d0ad2365844e86695ff8bfece9ef42964b
NoSimilarity-Optimized,20,24,SUT-E,0.05,0.078125,-0.028124999999999997,0.028124999999999997,0.36,fdb12e7fe72c82b1485080b0381022d0ad2365844e86695ff8bfece9ef42964b
NoSimilarity-Optimized,20,24,SUT-F,0.35,0.3489583333333333,0.001041666666666663,0.001041666666666663,0.0029850746268656613,fdb12e7fe72c82b1485080b0381022d0ad2365844e86695ff8bfece9ef42964b
CMC,20,25,SUT-E,0.1,0.078125,0.021875000000000006,0.021875000000000006,0.2800000000000001,fdb12e7fe72c82b1485080b0381022d0ad2365844e86695ff8bfece9ef42964b
CMC,20,25,SUT-F,0.35,0.3489583333333333,0.001041666666666663,0.001041666666666663,0.0029850746268656613,fdb12e7fe72c82b1485080b0381022d0ad2365844e86695ff8bfece9ef42964b
Uniform,20,25,SUT-E,0.0,0.078125,-0.078125,0.078125,1.0,fdb12e7fe72c82b1485080b0381022d0ad2365844e86695ff8bfece9ef42964b
Uniform,20,25,SUT-F,0.2,0.3489583333333333,-0.1489583333333333,0.1489583333333333,0.42686567164179096,fdb12e7fe72c82b1485080b0381022d0ad2365844e86695ff8bfece9ef42964b
IS,20,25,SUT-E,0.07433549229280183,0.078125,-0.0037895077071981725,0.0037895077071981725,0.04850569865213661,fdb12e7fe72c82b1485080b0381022d0ad2365844e86695ff8bfece9ef42964b
IS,20,25,SUT-F,0.2889117940856351,0.3489583333333333,-0.060046539247698205,0.060046539247698205,0.17207366470982174,fdb12e7fe72c82b1485080b0381022d0ad2365844e86695ff8bfece9ef42964b
FST-RandomSet,20,25,SUT-E,0.06902322079986334,0.078125,-0.009101779200136662,0.009101779200136662,0.11650277376174926,fdb12e7fe72c82b1485080b0381022d0ad2365844e86695ff8bfece9ef42964b
FST-RandomSet,20,25,SUT-F,0.3569982936605811,0.3489583333333333,0.008039960327247797,0.008039960327247797,0.02303988631091906,fdb12e7fe72c82b1485080b0381022d0ad2365844e86695ff8bfece9ef42964b
Handcrafted-Similarity,20,25,SUT-E,0.09644725366057177,0.078125,0.018322253660571775,0.018322253660571775,0.2345248468553187,fdb12e7fe72c82b1485080b0381022d0ad2365844e86695ff8bfece9ef42964b
Handcrafted-Similarity,20,25,SUT-F,0.36693809868669025,0.3489583333333333,0.017979765353356936,0.017979765353356936,0.05152410369917212,fdb12e7fe72c82b1485080b0381022d0ad2365844e86695ff8bfece9ef42964b
FST-Similarity-H,20,25,SUT-E,0.05738566163927317,0.078125,-0.020739338360726833,0.020739338360726833,0.26546353101730347,fdb12e7fe72c82b1485080b0381022d0ad2365844e86695ff8bfece9ef42964b
FST-Similarity-H,20,25,SUT-F,0.34483746252954006,0.3489583333333333,-0.004120870803793253,0.004120870803793253,0.011809062601914994,fdb12e7fe72c82b1485080b0381022d0ad2365844e86695ff8bfece9ef42964b
NoSimilarity-Optimized,20,25,SUT-E,0.05,0.078125,-0.028124999999999997,0.028124999999999997,0.36,fdb12e7fe72c82b1485080b0381022d0ad2365844e86695ff8bfece9ef42964b
NoSimilarity-Optimized,20,25,SUT-F,0.35,0.3489583333333333,0.001041666666666663,0.001041666666666663,0.0029850746268656613,fdb12e7fe72c82b1485080b0381022d0ad2365844e86695ff8bfece9ef42964b
CMC,20,26,SUT-E,0.1,0.078125,0.021875000000000006,0.021875000000000006,0.2800000000000001,fdb12e7fe72c82b1485080b0381022d0ad2365844e86695ff8bfece9ef42964b
CMC,20,26,SUT-F,0.45,0.3489583333333333,0.1010416666666667,0.1010416666666667,0.28955223880597025,fdb12e7fe72c82b1485080b0381022d0ad2365844e86695ff8bfece9ef42964b
Uniform,20,26,SUT-E,0.05,0.078125,-0.028124999999999997,0.028124999999999997,0.36,fdb12e7fe72c82b1485080b0381022d0ad2365844e86695ff8bfece9ef42964b
Uniform,20,26,SUT-F,0.35,0.3489583333333333,0.001041666666666663,0.001041666666666663,0.0029850746268656613,fdb12e7fe72c82b1485080b0381022d0ad2365844e86695ff8bfece9ef42964b
IS,20,26,SUT-E,0.08745921407291814,0.078125,0.009334214072918137,0.009334214072918137,0.11947794013335215,fdb12e7fe72c82b1485080b0381022d0ad2365844e86695ff8bfece9ef42964b
IS,20,26,SUT-F,0.20332089420823102,0.3489583333333333,-0.1456374391251023,0.1456374391251023,0.41734907928387527,fdb12e7fe72c82b1485080b0381022d0ad2365844e86695ff8bfece9ef42964b
FST-RandomSet,20,26,SUT-E,0.058681368827819824,0.078125,-0.019443631172180176,0.019443631172180176,0.24887847900390625,fdb12e7fe72c82b1485080b0381022d0ad2365844e86695ff8bfece9ef42964b
FST-RandomSet,20,26,SUT-F,0.30340748094022274,0.3489583333333333,-0.045550852393110575,0.045550852393110575,0.13053378596234672,fdb12e7fe72c82b1485080b0381022d0ad2365844e86695ff8bfece9ef42964b
Handcrafted-Similarity,20,26,SUT-E,0.09182261856537519,0.078125,0.013697618565375186,0.013697618565375186,0.17532951763680238,fdb12e7fe72c82b1485080b0381022d0ad2365844e86695ff8bfece9ef42964b
Handcrafted-Similarity,20,26,SUT-F,0.4724522046124847,0.3489583333333333,0.1234938712791514,0.1234938712791514,0.35389288485965775,fdb12e7fe72c82b1485080b0381022d0ad2365844e86695ff8bfece9ef42964b
FST-Similarity-H,20,26,SUT-E,0.0574673842638731,0.078125,-0.0206576157361269,0.0206576157361269,0.2644174814224243,fdb12e7fe72c82b1485080b0381022d0ad2365844e86695ff8bfece9ef42964b
FST-Similarity-H,20,26,SUT-F,0.8938414147123694,0.3489583333333333,0.5448830813790362,0.5448830813790362,1.5614559943996262,fdb12e7fe72c82b1485080b0381022d0ad2365844e86695ff8bfece9ef42964b
NoSimilarity-Optimized,20,26,SUT-E,0.05,0.078125,-0.028124999999999997,0.028124999999999997,0.36,fdb12e7fe72c82b1485080b0381022d0ad2365844e86695ff8bfece9ef42964b
NoSimilarity-Optimized,20,26,SUT-F,0.39999999999999997,0.3489583333333333,0.05104166666666665,0.05104166666666665,0.14626865671641787,fdb12e7fe72c82b1485080b0381022d0ad2365844e86695ff8bfece9ef42964b
CMC,20,27,SUT-E,0.0,0.078125,-0.078125,0.078125,1.0,fdb12e7fe72c82b1485080b0381022d0ad2365844e86695ff8bfece9ef42964b
CMC,20,27,SUT-F,0.4,0.3489583333333333,0.05104166666666671,0.05104166666666671,0.14626865671641803,fdb12e7fe72c82b1485080b0381022d0ad2365844e86695ff8bfece9ef42964b
Uniform,20,27,SUT-E,0.1,0.078125,0.021875000000000006,0.021875000000000006,0.2800000000000001,fdb12e7fe72c82b1485080b0381022d0ad2365844e86695ff8bfece9ef42964b
Uniform,20,27,SUT-F,0.44999999999999996,0.3489583333333333,0.10104166666666664,0.10104166666666664,0.2895522388059701,fdb12e7fe72c82b1485080b0381022d0ad2365844e86695ff8bfece9ef42964b
IS,20,27,SUT-E,0.07117966273031352,0.078125,-0.006945337269686477,0.006945337269686477,0.08890031705198691,fdb12e7fe72c82b1485080b0381022d0ad2365844e86695ff8bfece9ef42964b
IS,20,27,SUT-F,0.7619002620180741,0.3489583333333333,0.41294192868474083,0.41294192868474083,1.183355974738362,fdb12e7fe72c82b1485080b0381022d0ad2365844e86695ff8bfece9ef42964b
FST-RandomSet,20,27,SUT-E,0.06661622365936637,0.078125,-0.01150877634063363,0.01150877634063363,0.14731233716011047,fdb12e7fe72c82b1485080b0381022d0ad2365844e86695ff8bfece9ef42964b
FST-RandomSet,20,27,SUT-F,0.4197524804621935,0.3489583333333333,0.07079414712886017,0.07079414712886017,0.20287277983195753,fdb12e7fe72c82b1485080b0381022d0ad2365844e86695ff8bfece9ef42964b
Handcrafted-Similarity,20,27,SUT-E,0.08507637904327059,0.078125,0.006951379043270589,0.006951379043270589,0.08897765175386355,fdb12e7fe72c82b1485080b0381022d0ad2365844e86695ff8bfece9ef42964b
Handcrafted-Similarity,20,27,SUT-F,0.4366682296412172,0.3489583333333333,0.0877098963078839,0.0877098963078839,0.2513477625539359,fdb12e7fe72c82b1485080b0381022d0ad2365844e86695ff8bfece9ef42964b
FST-Similarity-H,20,27,SUT-E,0.06212042551487684,0.078125,-0.016004574485123158,0.016004574485123158,0.20485855340957643,fdb12e7fe72c82b1485080b0381022d0ad2365844e86695ff8bfece9ef42964b
FST-Similarity-H,20,27,SUT-F,0.8454778692685068,0.3489583333333333,0.49651953593517345,0.49651953593517345,1.4228619537246763,fdb12e7fe72c82b1485080b0381022d0ad2365844e86695ff8bfece9ef42964b
NoSimilarity-Optimized,20,27,SUT-E,0.1,0.078125,0.021875000000000006,0.021875000000000006,0.2800000000000001,fdb12e7fe72c82b1485080b0381022d0ad2365844e86695ff8bfece9ef42964b
NoSimilarity-Optimized,20,27,SUT-F,0.3,0.3489583333333333,-0.048958333333333326,0.048958333333333326,0.14029850746268654,fdb12e7fe72c82b1485080b0381022d0ad2365844e86695ff8bfece9ef42964b
CMC,20,28,SUT-E,0.05,0.078125,-0.028124999999999997,0.028124999999999997,0.36,fdb12e7fe72c82b1485080b0381022d0ad2365844e86695ff8bfece9ef42964b
CMC,20,28,SUT-F,0.3,0.3489583333333333,-0.048958333333333326,0.048958333333333326,0.14029850746268654,fdb12e7fe72c82b1485080b0381022d0ad2365844e86695ff8bfece9ef42964b
Uniform,20,28,SUT-E,0.15000000000000002,0.078125,0.07187500000000002,0.07187500000000002,0.9200000000000003,fdb12e7fe72c82b1485080b0381022d0ad2365844e86695ff8bfece9ef42964b
Uniform,20,28,SUT-F,0.35,0.3489583333333333,0.001041666666666663,0.001041666666666663,0.0029850746268656613,fdb12e7fe72c82b1485080b0381022d0ad2365844e86695ff8bfece9ef42964b
IS,20,28,SUT-E,0.0485884522627323,0.078125,-0.0295365477372677,0.0295365477372677,0.3780678110370266,fdb12e7fe72c82b1485080b0381022d0ad2365844e86695ff8bfece9ef42964b
IS,20,28,SUT-F,0.3194496883046068,0.3489583333333333,-0.02950864502872652,0.02950864502872652,0.08456208724649988,fdb12e7fe72c82b1485080b0381022d0ad2365844e86695ff8bfece9ef42964b
FST-RandomSet,20,28,SUT-E,0.06816598726436496,0.078125,-0.009959012735635042,0.009959012735635042,0.12747536301612855,fdb12e7fe72c82b1485080b0381022d0ad2365844e86695ff8bfece9ef42964b
FST-RandomSet,20,28,SUT-F,0.41466819774359465,0.3489583333333333,0.06570986441026133,0.06570986441026133,0.18830289502642053,fdb12e7fe72c82b1485080b0381022d0ad2365844e86695ff8bfece9ef42964b
Handcrafted-Similarity,20,28,SUT-E,0.0676826039720021,0.078125,-0.010442396027997902,0.010442396027997902,0.13366266915837316,fdb12e7fe72c82b1485080b0381022d0ad2365844e86695ff8bfece9ef42964b
Handcrafted-Similarity,20,28,SUT-F,0.3905422590939048,0.3489583333333333,0.04158392576057146,0.04158392576057146,0.11916587680641375,fdb12e7fe72c82b1485080b0381022d0ad2365844e86695ff8bfece9ef42964b
FST-Similarity-H,20,28,SUT-E,0.07902116887271404,0.078125,0.0008961688727140427,0.0008961688727140427,0.011470961570739745,fdb12e7fe72c82b1485080b0381022d0ad2365844e86695ff8bfece9ef42964b
FST-Similarity-H,20,28,SUT-F,0.47724599251523614,0.3489583333333333,0.12828765918190282,0.12828765918190282,0.36763030690933346,fdb12e7fe72c82b1485080b0381022d0ad2365844e86695ff8bfece9ef42964b
NoSimilarity-Optimized,20,28,SUT-E,0.05,0.078125,-0.028124999999999997,0.028124999999999997,0.36,fdb12e7fe72c82b1485080b0381022d0ad2365844e86695ff8bfece9ef42964b
NoSimilarity-Optimized,20,28,SUT-F,0.35,0.3489583333333333,0.001041666666666663,0.001041666666666663,0.0029850746268656613,fdb12e7fe72c82b1485080b0381022d0ad2365844e86695ff8bfece9ef42964b
CMC,20,29,SUT-E,0.15000000000000002,0.078125,0.07187500000000002,0.07187500000000002,0.9200000000000003,fdb12e7fe72c82b1485080b0381022d0ad2365844e86695ff8bfece9ef42964b
CMC,20,29,SUT-F,0.5500000000000002,0.3489583333333333,0.20104166666666684,0.20104166666666684,0.5761194029850751,fdb12e7fe72c82b1485080b0381022d0ad2365844e86695ff8bfece9ef42964b
Uniform,20,29,SUT-E,0.05,0.078125,-0.028124999999999997,0.028124999999999997,0.36,fdb12e7fe72c82b1485080b0381022d0ad2365844e86695ff8bfece9ef42964b
Uniform,20,29,SUT-F,0.15000000000000002,0.3489583333333333,-0.1989583333333333,0.1989583333333333,0.5701492537313432,fdb12e7fe72c82b1485080b0381022d0ad2365844e86695ff8bfece9ef42964b
IS,20,29,SUT-E,0.05830614271527876,0.078125,-0.019818857284721242,0.019818857284721242,0.2536813732444319,fdb12e7fe72c82b1485080b0381022d0ad2365844e86695ff8bfece9ef42964b
IS,20,29,SUT-F,0.344940415436093,0.3489583333333333,-0.0040179178972403196,0.0040179178972403196,0.01151403337716629,fdb12e7fe72c82b1485080b0381022d0ad2365844e86695ff8bfece9ef42964b
FST-RandomSet,20,29,SUT-E,0.06175513006746769,0.078125,-0.01636986993253231,0.01636986993253231,0.20953433513641356,fdb12e7fe72c82b1485080b0381022d0ad2365844e86695ff8bfece9ef42964b
FST-RandomSet,20,29,SUT-F,0.2927170805633068,0.3489583333333333,-0.056241252770026506,0.056241252770026506,0.16116896316186702,fdb12e7fe72c82b1485080b0381022d0ad2365844e86695ff8bfece9ef42964b
Handcrafted-Similarity,20,29,SUT-E,0.04533678990732363,0.078125,-0.03278821009267637,0.03278821009267637,0.4196890891862576,fdb12e7fe72c82b1485080b0381022d0ad2365844e86695ff8bfece9ef42964b
Handcrafted-Similarity,20,29,SUT-F,0.4276172818629486,0.3489583333333333,0.0786589485296153,0.0786589485296153,0.22541071817442,fdb12e7fe72c82b1485080b0381022d0ad2365844e86695ff8bfece9ef42964b
FST-Similarity-H,20,29,SUT-E,0.05697648413479328,0.078125,-0.02114851586520672,0.02114851586520672,0.270701003074646,fdb12e7fe72c82b1485080b0381022d0ad2365844e86695ff8bfece9ef42964b
FST-Similarity-H,20,29,SUT-F,0.2784697636961937,0.3489583333333333,-0.07048856963713962,0.07048856963713962,0.2019970950795643,fdb12e7fe72c82b1485080b0381022d0ad2365844e86695ff8bfece9ef42964b
NoSimilarity-Optimized,20,29,SUT-E,0.05,0.078125,-0.028124999999999997,0.028124999999999997,0.36,fdb12e7fe72c82b1485080b0381022d0ad2365844e86695ff8bfece9ef42964b
NoSimilarity-Optimized,20,29,SUT-F,0.39999999999999997,0.3489583333333333,0.05104166666666665,0.05104166666666665,0.14626865671641787,fdb12e7fe72c82b1485080b0381022d0ad2365844e86695ff8bfece9ef42964b
CMC,20,30,SUT-E,0.2,0.078125,0.12187500000000001,0.12187500000000001,1.56,fdb12e7fe72c82b1485080b0381022d0ad2365844e86695ff8bfece9ef42964b
CMC,20,30,SUT-F,0.5,0.3489583333333333,0.15104166666666669,0.15104166666666669,0.43283582089552247,fdb12e7fe72c82b1485080b0381022d0ad2365844e86695ff8bfece9ef42964b
Uniform,20,30,SUT-E,0.05,0.078125,-0.028124999999999997,0.028124999999999997,0.36,fdb12e7fe72c82b1485080b0381022d0ad2365844e86695ff8bfece9ef42964b
Uniform,20,30,SUT-F,0.25,0.3489583333333333,-0.09895833333333331,0.09895833333333331,0.2835820895522388,fdb12e7fe72c82b1485080b0381022d0ad2365844e86695ff8bfece9ef42964b
IS,20,30,SUT-E,0.0517442818252206,0.078125,-0.026380718174779397,0.026380718174779397,0.33767319263717627,fdb12e7fe72c82b1485080b0381022d0ad2365844e86695ff8bfece9ef42964b
IS,20,30,SUT-F,0.3765082511783756,0.3489583333333333,0.027549917845042293,0.027549917845042293,0.07894901830221075,fdb12e7fe72c82b1485080b0381022d0ad2365844e86695ff8bfece9ef42964b
FST-RandomSet,20,30,SUT-E,0.060533682350069284,0.078125,-0.017591317649930716,0.017591317649930716,0.22516886591911317,fdb12e7fe72c82b1485080b0381022d0ad2365844e86695ff8bfece9ef42964b
FST-RandomSet,20,30,SUT-F,0.5135286571457982,0.3489583333333333,0.1645703238124649,0.1645703238124649,0.4716045100297502,fdb12e7fe72c82b1485080b0381022d0ad2365844e86695ff8bfece9ef42964b
Handcrafted-Similarity,20,30,SUT-E,0.06624316891637534,0.078125,-0.011881831083624658,0.011881831083624658,0.15208743787039564,fdb12e7fe72c82b1485080b0381022d0ad2365844e86695ff8bfece9ef42964b
Handcrafted-Similarity,20,30,SUT-F,0.340325933261559,0.3489583333333333,-0.008632400071774293,0.008632400071774293,0.024737624086278574,fdb12e7fe72c82b1485080b0381022d0ad2365844e86695ff8bfece9ef42964b
FST-Similarity-H,20,30,SUT-E,0.07863574521616101,0.078125,0.0005107452161610126,0.0005107452161610126,0.006537538766860962,fdb12e7fe72c82b1485080b0381022d0ad2365844e86695ff8bfece9ef42964b
FST-Similarity-H,20,30,SUT-F,0.36985998088493943,0.3489583333333333,0.020901647551606117,0.020901647551606117,0.059897258655348874,fdb12e7fe72c82b1485080b0381022d0ad2365844e86695ff8bfece9ef42964b
NoSimilarity-Optimized,20,30,SUT-E,0.05,0.078125,-0.028124999999999997,0.028124999999999997,0.36,fdb12e7fe72c82b1485080b0381022d0ad2365844e86695ff8bfece9ef42964b
NoSimilarity-Optimized,20,30,SUT-F,0.39999999999999997,0.3489583333333333,0.05104166666666665,0.05104166666666665,0.14626865671641787,fdb12e7fe72c82b1485080b0381022d0ad2365844e86695ff8bfece9ef42964b
CMC,20,31,SUT-E,0.1,0.078125,0.021875000000000006,0.021875000000000006,0.2800000000000001,fdb12e7fe72c82b1485080b0381022d0ad2365844e86695ff8bfece9ef42964b
CMC,20,31,SUT-F,0.25,0.3489583333333333,-0.09895833333333331,0.09895833333333331,0.2835820895522388,fdb12e7fe72c82b1485080b0381022d0ad2365844e86695ff8bfece9ef42964b
Uniform,20,31,SUT-E,0.05,0.078125,-0.028124999999999997,0.028124999999999997,0.36,fdb12e7fe72c82b1485080b0381022d0ad2365844e86695ff8bfece9ef42964b
Uniform,20,31,SUT-F,0.4,0.3489583333333333,0.05104166666666671,0.05104166666666671,0.14626865671641803,fdb12e7fe72c82b1485080b0381022d0ad2365844e86695ff8bfece9ef42964b
IS,20,31,SUT-E,0.10664439321292951,0.078125,0.02851939321292951,0.02851939321292951,0.3650482331254977,fdb12e7fe72c82b1485080b0381022d0ad2365844e86695ff8bfece9ef42964b
IS,20,31,SUT-F,0.23967958413941565,0.3489583333333333,-0.10927874919391767,0.10927874919391767,0.31315701261540585,fdb12e7fe72c82b1485080b0381022d0ad2365844e86695ff8bfece9ef42964b
FST-RandomSet,20,31,SUT-E,0.06790190329775214,0.078125,-0.010223096702247858,0.010223096702247858,0.13085563778877257,fdb12e7fe72c82b1485080b0381022d0ad2365844e86695ff8bfece9ef42964b
FST-RandomSet,20,31,SUT-F,0.35030969930812716,0.3489583333333333,0.00135136597479385,0.00135136597479385,0.003872571151648048,fdb12e7fe72c82b1485080b0381022d0ad2365844e86695ff8bfece9ef42964b
Handcrafted-Similarity,20,31,SUT-E,0.04892788912178282,0.078125,-0.029197110878217178,0.029197110878217178,0.3737230192411799,fdb12e7fe72c82b1485080b0381022d0ad2365844e86695ff8bfece9ef42964b
Handcrafted-Similarity,20,31,SUT-F,0.37702362094945696,0.3489583333333333,0.028065287616123646,0.028065287616123646,0.08042589884023493,fdb12e7fe72c82b1485080b0381022d0ad2365844e86695ff8bfece9ef42964b
FST-Similarity-H,20,31,SUT-E,0.10022841207683086,0.078125,0.022103412076830864,0.022103412076830864,0.28292367458343504,fdb12e7fe72c82b1485080b0381022d0ad2365844e86695ff8bfece9ef42964b
FST-Similarity-H,20,31,SUT-F,0.3369928835891187,0.3489583333333333,-0.011965449744214596,0.011965449744214596,0.03428905001327168,fdb12e7fe72c82b1485080b0381022d0ad2365844e86695ff8bfece9ef42964b
NoSimilarity-Optimized,20,31,SUT-E,0.05,0.078125,-0.028124999999999997,0.028124999999999997,0.36,fdb12e7fe72c82b1485080b0381022d0ad2365844e86695ff8bfece9ef42964b
NoSimilarity-Optimized,20,31,SUT-F,0.39999999999999997,0.3489583333333333,0.05104166666666665,0.05104166666666665,0.14626865671641787,fdb12e7fe72c82b1485080b0381022d0ad2365844e86695ff8bfece9ef42964b
CMC,20,32,SUT-E,0.05,0.078125,-0.028124999999999997,0.028124999999999997,0.36,fdb12e7fe72c82b1485080b0381022d0ad2365844e86695ff8bfece9ef42964b
CMC,20,32,SUT-F,0.2,0.3489583333333333,-0.1489583333333333,0.1489583333333333,0.42686567164179096,fdb12e7fe72c82b1485080b0381022d0ad2365844e86695ff8bfece9ef42964b
Uniform,20,32,SUT-E,0.05,0.078125,-0.028124999999999997,0.028124999999999997,0.36,fdb12e7fe72c82b1485080b0381022d0ad2365844e86695ff8bfece9ef42964b
Uniform,20,32,SUT-F,0.35,0.3489583333333333,0.001041666666666663,0.001041666666666663,0.0029850746268656613,fdb12e7fe72c82b1485080b0381022d0ad2365844e86695ff8bfece9ef42964b
IS,20,32,SUT-E,0.04518242093516245,0.078125,-0.03294257906483755,0.03294257906483755,0.4216650120299207,fdb12e7fe72c82b1485080b0381022d0ad2365844e86695ff8bfece9ef42964b
IS,20,32,SUT-F,0.24877654023795803,0.3489583333333333,-0.10018179309537528,0.10018179309537528,0.28708812349719487,fdb12e7fe72c82b1485080b0381022d0ad2365844e86695ff8bfece9ef42964b
FST-RandomSet,20,32,SUT-E,0.056217577774077654,0.078125,-0.021907422225922346,0.021907422225922346,0.280415004491806,fdb12e7fe72c82b1485080b0381022d0ad2365844e86695ff8bfece9ef42964b
FST-RandomSet,20,32,SUT-F,0.3250577338039875,0.3489583333333333,-0.023900599529345812,0.023900599529345812,0.06849127029305069,fdb12e7fe72c82b1485080b0381022d0ad2365844e86695ff8bfece9ef42964b
Handcrafted-Similarity,20,32,SUT-E,0.06578738657064706,0.078125,-0.01233761342935294,0.01233761342935294,0.15792145189571763,fdb12e7fe72c82b1485080b0381022d0ad2365844e86695ff8bfece9ef42964b
Handcrafted-Similarity,20,32,SUT-F,0.29099843576911144,0.3489583333333333,-0.057959897564221874,0.057959897564221874,0.16609403481090448,fdb12e7fe72c82b1485080b0381022d0ad2365844e86695ff8bfece9ef42964b
FST-Similarity-H,20,32,SUT-E,0.11326450807973742,0.078125,0.035139508079737425,0.035139508079737425,0.44978570342063906,fdb12e7fe72c82b1485080b0381022d0ad2365844e86695ff8bfece9ef42964b
FST-Similarity-H,20,32,SUT-F,0.37198019539937377,0.3489583333333333,0.023021862066040455,0.023021862066040455,0.06597309726387712,fdb12e7fe72c82b1485080b0381022d0ad2365844e86695ff8bfece9ef42964b
NoSimilarity-Optimized,20,32,SUT-E,0.05,0.078125,-0.028124999999999997,0.028124999999999997,0.36,fdb12e7fe72c82b1485080b0381022d0ad2365844e86695ff8bfece9ef42964b
NoSimilarity-Optimized,20,32,SUT-F,0.35,0.3489583333333333,0.001041666666666663,0.001041666666666663,0.0029850746268656613,fdb12e7fe72c82b1485080b0381022d0ad2365844e86695ff8bfece9ef42964b
CMC,20,33,SUT-E,0.15000000000000002,0.078125,0.07187500000000002,0.07187500000000002,0.9200000000000003,fdb12e7fe72c82b1485080b0381022d0ad2365844e86695ff8bfece9ef42964b
CMC,20,33,SUT-F,0.35,0.3489583333333333,0.001041666666666663,0.001041666666666663,0.0029850746268656613,fdb12e7fe72c82b1485080b0381022d0ad2365844e86695ff8bfece9ef42964b
Uniform,20,33,SUT-E,0.1,0.078125,0.021875000000000006,0.021875000000000006,0.2800000000000001,fdb12e7fe72c82b1485080b0381022d0ad2365844e86695ff8bfece9ef42964b
Uniform,20,33,SUT-F,0.4,0.3489583333333333,0.05104166666666671,0.05104166666666671,0.14626865671641803,fdb12e7fe72c82b1485080b0381022d0ad2365844e86695ff8bfece9ef42964b
IS,20,33,SUT-E,0.09377087319789475,0.078125,0.015645873197894747,0.015645873197894747,0.20026717693305277,fdb12e7fe72c82b1485080b0381022d0ad2365844e86695ff8bfece9ef42964b
IS,20,33,SUT-F,0.2683261408333903,0.3489583333333333,-0.08063219249994302,0.08063219249994302,0.2310653874625233,fdb12e7fe72c82b1485080b0381022d0ad2365844e86695ff8bfece9ef42964b
FST-RandomSet,20,33,SUT-E,0.05706043867394328,0.078125,-0.02106456132605672,0.02106456132605672,0.269626384973526,fdb12e7fe72c82b1485080b0381022d0ad2365844e86695ff8bfece9ef42964b
FST-RandomSet,20,33,SUT-F,0.46790959499776363,0.3489583333333333,0.11895126166443032,0.11895126166443032,0.3408752573070242,fdb12e7fe72c82b1485080b0381022d0ad2365844e86695ff8bfece9ef42964b
Handcrafted-Similarity,20,33,SUT-E,0.068069624460979,0.078125,-0.010055375539021,0.010055375539021,0.1287088068994688,fdb12e7fe72c82b1485080b0381022d0ad2365844e86695ff8bfece9ef42964b
Handcrafted-Similarity,20,33,SUT-F,0.3893436727189854,0.3489583333333333,0.040385339385652086,0.040385339385652086,0.11573112182157017,fdb12e7fe72c82b1485080b0381022d0ad2365844e86695ff8bfece9ef42964b
FST-Similarity-H,20,33,SUT-E,0.0845461180433631,0.078125,0.006421118043363094,0.006421118043363094,0.08219031095504761,fdb12e7fe72c82b1485080b0381022d0ad2365844e86695ff8bfece9ef42964b
FST-Similarity-H,20,33,SUT-F,0.627648089081049,0.3489583333333333,0.27868975574771565,0.27868975574771565,0.7986333299039016,fdb12e7fe72c82b1485080b0381022d0ad2365844e86695ff8bfece9ef42964b
NoSimilarity-Optimized,20,33,SUT-E,0.05,0.078125,-0.028124999999999997,0.028124999999999997,0.36,fdb12e7fe72c82b1485080b0381022d0ad2365844e86695ff8bfece9ef42964b
NoSimilarity-Optimized,20,33,SUT-F,0.3,0.3489583333333333,-0.048958333333333326,0.048958333333333326,0.14029850746268654,fdb12e7fe72c82b1485080b0381022d0ad2365844e86695ff8bfece9ef42964b
CMC,20,34,SUT-E,0.0,0.078125,-0.078125,0.078125,1.0,fdb12e7fe72c82b1485080b0381022d0ad2365844e86695ff8bfece9ef42964b
CMC,20,34,SUT-F,0.35000000000000003,0.3489583333333333,0.0010416666666667185,0.0010416666666667185,0.0029850746268658204,fdb12e7fe72c82b1485080b0381022d0ad2365844e86695ff8bfece9ef42964b
Uniform,20,34,SUT-E,0.15000000000000002,0.078125,0.07187500000000002,0.07187500000000002,0.9200000000000003,fdb12e7fe72c82b1485080b0381022d0ad2365844e86695ff8bfece9ef42964b
Uniform,20,34,SUT-F,0.4,0.3489583333333333,0.05104166666666671,0.05104166666666671,0.14626865671641803,fdb12e7fe72c82b1485080b0381022d0ad2365844e86695ff8bfece9ef42964b
IS,20,34,SUT-E,0.03887076181018584,0.078125,-0.03925423818981416,0.03925423818981416,0.5024542488296213,fdb12e7fe72c82b1485080b0381022d0ad2365844e86695ff8bfece9ef42964b
IS,20,34,SUT-F,0.3397790286582683,0.3489583333333333,-0.009179304675065003,0.009179304675065003,0.02630487309869374,fdb12e7fe72c82b1485080b0381022d0ad2365844e86695ff8bfece9ef42964b
FST-RandomSet,20,34,SUT-E,0.05783014930784702,0.078125,-0.020294850692152977,0.020294850692152977,0.2597740888595581,fdb12e7fe72c82b1485080b0381022d0ad2365844e86695ff8bfece9ef42964b
FST-RandomSet,20,34,SUT-F,0.3163438877090812,0.3489583333333333,-0.03261444562425214,0.03261444562425214,0.0934622919381554,fdb12e7fe72c82b1485080b0381022d0ad2365844e86695ff8bfece9ef42964b
Handcrafted-Similarity,20,34,SUT-E,0.0619551622686838,0.078125,-0.0161698377313162,0.0161698377313162,0.20697392296084738,fdb12e7fe72c82b1485080b0381022d0ad2365844e86695ff8bfece9ef42964b
Handcrafted-Similarity,20,34,SUT-F,0.32796807441936987,0.3489583333333333,-0.020990258913963444,0.020990258913963444,0.06015118972359674,fdb12e7fe72c82b1485080b0381022d0ad2365844e86695ff8bfece9ef42964b
FST-Similarity-H,20,34,SUT-E,0.05730645963922143,0.078125,-0.02081854036077857,0.02081854036077857,0.2664773166179657,fdb12e7fe72c82b1485080b0381022d0ad2365844e86695ff8bfece9ef42964b
FST-Similarity-H,20,34,SUT-F,0.36171953147277236,0.3489583333333333,0.012761198139439045,0.012761198139439045,0.03656940362346712,fdb12e7fe72c82b1485080b0381022d0ad2365844e86695ff8bfece9ef42964b
NoSimilarity-Optimized,20,34,SUT-E,0.05,0.078125,-0.028124999999999997,0.028124999999999997,0.36,fdb12e7fe72c82b1485080b0381022d0ad2365844e86695ff8bfece9ef42964b
NoSimilarity-Optimized,20,34,SUT-F,0.3,0.3489583333333333,-0.048958333333333326,0.048958333333333326,0.14029850746268654,fdb12e7fe72c82b1485080b0381022d0ad2365844e86695ff8bfece9ef42964b
CMC,20,35,SUT-E,0.0,0.078125,-0.078125,0.078125,1.0,fdb12e7fe72c82b1485080b0381022d0ad2365844e86695ff8bfece9ef42964b
CMC,20,35,SUT-F,0.3,0.3489583333333333,-0.048958333333333326,0.048958333333333326,0.14029850746268654,fdb12e7fe72c82b1485080b0381022d0ad2365844e86695ff8bfece9ef42964b
Uniform,20,35,SUT-E,0.0,0.078125,-0.078125,0.078125,1.0,fdb12e7fe72c82b1485080b0381022d0ad2365844e86695ff8bfece9ef42964b
Uniform,20,35,SUT-F,0.35000000000000003,0.3489583333333333,0.0010416666666667185,0.0010416666666667185,0.0029850746268658204,fdb12e7fe72c82b1485080b0381022d0ad2365844e86695ff8bfece9ef42964b
IS,20,35,SUT-E,0.08405318274534829,0.078125,0.005928182745348287,0.005928182745348287,0.07588073914045808,fdb12e7fe72c82b1485080b0381022d0ad2365844e86695ff8bfece9ef42964b
IS,20,35,SUT-F,0.30961166702821924,0.3489583333333333,-0.039346666305114075,0.039346666305114075,0.11275462582958064,fdb12e7fe72c82b1485080b0381022d0ad2365844e86695ff8bfece9ef42964b
FST-RandomSet,20,35,SUT-E,0.05639957683160901,0.078125,-0.02172542316839099,0.02172542316839099,0.27808541655540464,fdb12e7fe72c82b1485080b0381022d0ad2365844e86695ff8bfece9ef42964b
FST-RandomSet,20,35,SUT-F,0.37021904857829213,0.3489583333333333,0.021260715244958817,0.021260715244958817,0.06092622876167303,fdb12e7fe72c82b1485080b0381022d0ad2365844e86695ff8bfece9ef42964b
Handcrafted-Similarity,20,35,SUT-E,0.09755615887021657,0.078125,0.01943115887021657,0.01943115887021657,0.24871883353877208,fdb12e7fe72c82b1485080b0381022d0ad2365844e86695ff8bfece9ef42964b
Handcrafted-Similarity,20,35,SUT-F,0.390964915006336,0.3489583333333333,0.042006581673002696,0.042006581673002696,0.12037706986890326,fdb12e7fe72c82b1485080b0381022d0ad2365844e86695ff8bfece9ef42964b
FST-Similarity-H,20,35,SUT-E,0.05727103725075722,0.078125,-0.020853962749242783,0.020853962749242783,0.26693072319030764,fdb12e7fe72c82b1485080b0381022d0ad2365844e86695ff8bfece9ef42964b
FST-Similarity-H,20,35,SUT-F,0.36549974186345935,0.3489583333333333,0.016541408530126034,0.016541408530126034,0.04740224534006267,fdb12e7fe72c82b1485080b0381022d0ad2365844e86695ff8bfece9ef42964b
NoSimilarity-Optimized,20,35,SUT-E,0.05,0.078125,-0.028124999999999997,0.028124999999999997,0.36,fdb12e7fe72c82b1485080b0381022d0ad2365844e86695ff8bfece9ef42964b
NoSimilarity-Optimized,20,35,SUT-F,0.35,0.3489583333333333,0.001041666666666663,0.001041666666666663,0.0029850746268656613,fdb12e7fe72c82b1485080b0381022d0ad2365844e86695ff8bfece9ef42964b
CMC,20,36,SUT-E,0.1,0.078125,0.021875000000000006,0.021875000000000006,0.2800000000000001,fdb12e7fe72c82b1485080b0381022d0ad2365844e86695ff8bfece9ef42964b
CMC,20,36,SUT-F,0.35,0.3489583333333333,0.001041666666666663,0.001041666666666663,0.0029850746268656613,fdb12e7fe72c82b1485080b0381022d0ad2365844e86695ff8bfece9ef42964b
Uniform,20,36,SUT-E,0.05,0.078125,-0.028124999999999997,0.028124999999999997,0.36,fdb12e7fe72c82b1485080b0381022d0ad2365844e86695ff8bfece9ef42964b
Uniform,20,36,SUT-F,0.3,0.3489583333333333,-0.048958333333333326,0.048958333333333326,0.14029850746268654,fdb12e7fe72c82b1485080b0381022d0ad2365844e86695ff8bfece9ef42964b
IS,20,36,SUT-E,0.11320625410298767,0.078125,0.035081254102987666,0.035081254102987666,0.44904005251824214,fdb12e7fe72c82b1485080b0381022d0ad2365844e86695ff8bfece9ef42964b
IS,20,36,SUT-F,0.2524327733306094,0.3489583333333333,-0.09652556000272394,0.09652556000272394,0.27661056000780593,fdb12e7fe72c82b1485080b0381022d0ad2365844e86695ff8bfece9ef42964b
FST-RandomSet,20,36,SUT-E,0.0938166631385684,0.078125,0.0156916631385684,0.0156916631385684,0.20085328817367554,fdb12e7fe72c82b1485080b0381022d0ad2365844e86695ff8bfece9ef42964b
FST-RandomSet,20,36,SUT-F,0.3220423716120422,0.3489583333333333,-0.026915961721291126,0.026915961721291126,0.07713230821623726,fdb12e7fe72c82b1485080b0381022d0ad2365844e86695ff8bfece9ef42964b
Handcrafted-Similarity,20,36,SUT-E,0.08677549721304814,0.078125,0.008650497213048142,0.008650497213048142,0.11072636432701621,fdb12e7fe72c82b1485080b0381022d0ad2365844e86695ff8bfece9ef42964b
Handcrafted-Similarity,20,36,SUT-F,0.4318694222002139,0.3489583333333333,0.08291108886688059,0.08291108886688059,0.23759595615583692,fdb12e7fe72c82b1485080b0381022d0ad2365844e86695ff8bfece9ef42964b
FST-Similarity-H,20,36,SUT-E,0.06255309423431754,0.078125,-0.015571905765682459,0.015571905765682459,0.19932039380073546,fdb12e7fe72c82b1485080b0381022d0ad2365844e86695ff8bfece9ef42964b
FST-Similarity-H,20,36,SUT-F,0.3874612282961607,0.3489583333333333,0.03850289496282738,0.03850289496282738,0.1103366542218337,fdb12e7fe72c82b1485080b0381022d0ad2365844e86695ff8bfece9ef42964b
NoSimilarity-Optimized,20,36,SUT-E,0.1,0.078125,0.021875000000000006,0.021875000000000006,0.2800000000000001,fdb12e7fe72c82b1485080b0381022d0ad2365844e86695ff8bfece9ef42964b
NoSimilarity-Optimized,20,36,SUT-F,0.4,0.3489583333333333,0.05104166666666671,0.05104166666666671,0.14626865671641803,fdb12e7fe72c82b1485080b0381022d0ad2365844e86695ff8bfece9ef42964b
CMC,20,37,SUT-E,0.15000000000000002,0.078125,0.07187500000000002,0.07187500000000002,0.9200000000000003,fdb12e7fe72c82b1485080b0381022d0ad2365844e86695ff8bfece9ef42964b
CMC,20,37,SUT-F,0.3,0.3489583333333333,-0.048958333333333326,0.048958333333333326,0.14029850746268654,fdb12e7fe72c82b1485080b0381022d0ad2365844e86695ff8bfece9ef42964b
Uniform,20,37,SUT-E,0.0,0.078125,-0.078125,0.078125,1.0,fdb12e7fe72c82b1485080b0381022d0ad2365844e86695ff8bfece9ef42964b
Uniform,20,37,SUT-F,0.25,0.3489583333333333,-0.09895833333333331,0.09895833333333331,0.2835820895522388,fdb12e7fe72c82b1485080b0381022d0ad2365844e86695ff8bfece9ef42964b
IS,20,37,SUT-E,0.13264163500808057,0.078125,0.05451663500808057,0.05451663500808057,0.6978129281034313,fdb12e7fe72c82b1485080b0381022d0ad2365844e86695ff8bfece9ef42964b
IS,20,37,SUT-F,0.252803305919532,0.3489583333333333,-0.09615502741380133,0.09615502741380133,0.275548735275371,fdb12e7fe72c82b1485080b0381022d0ad2365844e86695ff8bfece9ef42964b
FST-RandomSet,20,37,SUT-E,0.07279744371771812,0.078125,-0.005327556282281876,0.005327556282281876,0.06819272041320801,fdb12e7fe72c82b1485080b0381022d0ad2365844e86695ff8bfece9ef42964b
FST-RandomSet,20,37,SUT-F,0.644285655580461,0.3489583333333333,0.2953273222471277,0.2953273222471277,0.8463111324096795,fdb12e7fe72c82b1485080b0381022d0ad2365844e86695ff8bfece9ef42964b
Handcrafted-Similarity,20,37,SUT-E,0.06574265946839182,0.078125,-0.01238234053160818,0.01238234053160818,0.1584939588045847,fdb12e7fe72c82b1485080b0381022d0ad2365844e86695ff8bfece9ef42964b
Handcrafted-Similarity,20,37,SUT-F,0.3370060601603899,0.3489583333333333,-0.011952273172943395,0.011952273172943395,0.03425129028664376,fdb12e7fe72c82b1485080b0381022d0ad2365844e86695ff8bfece9ef42964b
FST-Similarity-H,20,37,SUT-E,0.05750288348644972,0.078125,-0.02062211651355028,0.02062211651355028,0.2639630913734436,fdb12e7fe72c82b1485080b0381022d0ad2365844e86695ff8bfece9ef42964b
FST-Similarity-H,20,37,SUT-F,0.38384817028418183,0.3489583333333333,0.03488983695084852,0.03488983695084852,0.09998281633675994,fdb12e7fe72c82b1485080b0381022d0ad2365844e86695ff8bfece9ef42964b
NoSimilarity-Optimized,20,37,SUT-E,0.05,0.078125,-0.028124999999999997,0.028124999999999997,0.36,fdb12e7fe72c82b1485080b0381022d0ad2365844e86695ff8bfece9ef42964b
NoSimilarity-Optimized,20,37,SUT-F,0.35,0.3489583333333333,0.001041666666666663,0.001041666666666663,0.0029850746268656613,fdb12e7fe72c82b1485080b0381022d0ad2365844e86695ff8bfece9ef42964b
CMC,20,38,SUT-E,0.1,0.078125,0.021875000000000006,0.021875000000000006,0.2800000000000001,fdb12e7fe72c82b1485080b0381022d0ad2365844e86695ff8bfece9ef42964b
CMC,20,38,SUT-F,0.55,0.3489583333333333,0.20104166666666673,0.20104166666666673,0.5761194029850748,fdb12e7fe72c82b1485080b0381022d0ad2365844e86695ff8bfece9ef42964b
Uniform,20,38,SUT-E,0.1,0.078125,0.021875000000000006,0.021875000000000006,0.2800000000000001,fdb12e7fe72c82b1485080b0381022d0ad2365844e86695ff8bfece9ef42964b
Uniform,20,38,SUT-F,0.3,0.3489583333333333,-0.048958333333333326,0.048958333333333326,0.14029850746268654,fdb12e7fe72c82b1485080b0381022d0ad2365844e86695ff8bfece9ef42964b
IS,20,38,SUT-E,0.13554726280548735,0.078125,0.057422262805487345,0.057422262805487345,0.7350049639102381,fdb12e7fe72c82b1485080b0381022d0ad2365844e86695ff8bfece9ef42964b
IS,20,38,SUT-F,0.2318532312118663,0.3489583333333333,-0.11710510212146702,0.11710510212146702,0.3355847702585324,fdb12e7fe72c82b1485080b0381022d0ad2365844e86695ff8bfece9ef42964b
FST-RandomSet,20,38,SUT-E,0.07919911062344909,0.078125,0.0010741106234490871,0.0010741106234490871,0.013748615980148315,fdb12e7fe72c82b1485080b0381022d0ad2365844e86695ff8bfece9ef42964b
FST-RandomSet,20,38,SUT-F,0.35518315993249416,0.3489583333333333,0.006224826599160849,0.006224826599160849,0.017838309060281835,fdb12e7fe72c82b1485080b0381022d0ad2365844e86695ff8bfece9ef42964b
Handcrafted-Similarity,20,38,SUT-E,0.06956095901889113,0.078125,-0.00856404098110887,0.00856404098110887,0.10961972455819353,fdb12e7fe72c82b1485080b0381022d0ad2365844e86695ff8bfece9ef42964b
Handcrafted-Similarity,20,38,SUT-F,0.36018177360635656,0.3489583333333333,0.011223440273023244,0.011223440273023244,0.03216269451373825,fdb12e7fe72c82b1485080b0381022d0ad2365844e86695ff8bfece9ef42964b
FST-Similarity-H,20,38,SUT-E,0.05679553374648094,0.078125,-0.021329466253519058,0.021329466253519058,0.27301716804504395,fdb12e7fe72c82b1485080b0381022d0ad2365844e86695ff8bfece9ef42964b
FST-Similarity-H,20,38,SUT-F,0.4712568670511246,0.3489583333333333,0.12229853371779126,0.12229853371779126,0.35046743990770035,fdb12e7fe72c82b1485080b0381022d0ad2365844e86695ff8bfece9ef42964b
NoSimilarity-Optimized,20,38,SUT-E,0.05,0.078125,-0.028124999999999997,0.028124999999999997,0.36,fdb12e7fe72c82b1485080b0381022d0ad2365844e86695ff8bfece9ef42964b
NoSimilarity-Optimized,20,38,SUT-F,0.45,0.3489583333333333,0.1010416666666667,0.1010416666666667,0.28955223880597025,fdb12e7fe72c82b1485080b0381022d0ad2365844e86695ff8bfece9ef42964b
CMC,20,39,SUT-E,0.1,0.078125,0.021875000000000006,0.021875000000000006,0.2800000000000001,fdb12e7fe72c82b1485080b0381022d0ad2365844e86695ff8bfece9ef42964b
CMC,20,39,SUT-F,0.25,0.3489583333333333,-0.09895833333333331,0.09895833333333331,0.2835820895522388,fdb12e7fe72c82b1485080b0381022d0ad2365844e86695ff8bfece9ef42964b
Uniform,20,39,SUT-E,0.15000000000000002,0.078125,0.07187500000000002,0.07187500000000002,0.9200000000000003,fdb12e7fe72c82b1485080b0381022d0ad2365844e86695ff8bfece9ef42964b
Uniform,20,39,SUT-F,0.35000000000000003,0.3489583333333333,0.0010416666666667185,0.0010416666666667185,0.0029850746268658204,fdb12e7fe72c82b1485080b0381022d0ad2365844e86695ff8bfece9ef42964b
IS,20,39,SUT-E,0.05830614271527876,0.078125,-0.019818857284721242,0.019818857284721242,0.2536813732444319,fdb12e7fe72c82b1485080b0381022d0ad2365844e86695ff8bfece9ef42964b
IS,20,39,SUT-F,0.25381759619194166,0.3489583333333333,-0.09514073714139165,0.09514073714139165,0.27264211240518205,fdb12e7fe72c82b1485080b0381022d0ad2365844e86695ff8bfece9ef42964b
FST-RandomSet,20,39,SUT-E,0.09779671998694539,0.078125,0.01967171998694539,0.01967171998694539,0.251798015832901,fdb12e7fe72c82b1485080b0381022d0ad2365844e86695ff8bfece9ef42964b
FST-RandomSet,20,39,SUT-F,0.324384902138263,0.3489583333333333,-0.024573431195070328,0.024573431195070328,0.07041938491721647,fdb12e7fe72c82b1485080b0381022d0ad2365844e86695ff8bfece9ef42964b
Handcrafted-Similarity,20,39,SUT-E,0.11461868438298634,0.078125,0.036493684382986336,0.036493684382986336,0.4671191601022251,fdb12e7fe72c82b1485080b0381022d0ad2365844e86695ff8bfece9ef42964b
Handcrafted-Similarity,20,39,SUT-F,0.4787944441384255,0.3489583333333333,0.12983611080509216,0.12983611080509216,0.37206766081459247,fdb12e7fe72c82b1485080b0381022d0ad2365844e86695ff8bfece9ef42964b
FST-Similarity-H,20,39,SUT-E,0.057656286749988794,0.078125,-0.020468713250011206,0.020468713250011206,0.26199952960014344,fdb12e7fe72c82b1485080b0381022d0ad2365844e86695ff8bfece9ef42964b
FST-Similarity-H,20,39,SUT-F,0.33914805203676224,0.3489583333333333,-0.009810281296571077,0.009810281296571077,0.02811304490957682,fdb12e7fe72c82b1485080b0381022d0ad2365844e86695ff8bfece9ef42964b
NoSimilarity-Optimized,20,39,SUT-E,0.1,0.078125,0.021875000000000006,0.021875000000000006,0.2800000000000001,fdb12e7fe72c82b1485080b0381022d0ad2365844e86695ff8bfece9ef42964b
NoSimilarity-Optimized,20,39,SUT-F,0.35,0.3489583333333333,0.001041666666666663,0.001041666666666663,0.0029850746268656613,fdb12e7fe72c82b1485080b0381022d0ad2365844e86695ff8bfece9ef42964b
CMC,20,40,SUT-E,0.2,0.078125,0.12187500000000001,0.12187500000000001,1.56,fdb12e7fe72c82b1485080b0381022d0ad2365844e86695ff8bfece9ef42964b
CMC,20,40,SUT-F,0.49999999999999994,0.3489583333333333,0.15104166666666663,0.15104166666666663,0.4328358208955223,fdb12e7fe72c82b1485080b0381022d0ad2365844e86695ff8bfece9ef42964b
Uniform,20,40,SUT-E,0.2,0.078125,0.12187500000000001,0.12187500000000001,1.56,fdb12e7fe72c82b1485080b0381022d0ad2365844e86695ff8bfece9ef42964b
Uniform,20,40,SUT-F,0.35000000000000003,0.3489583333333333,0.0010416666666667185,0.0010416666666667185,0.0029850746268658204,fdb12e7fe72c82b1485080b0381022d0ad2365844e86695ff8bfece9ef42964b
IS,20,40,SUT-E,0.09061504363540644,0.078125,0.012490043635406442,0.012490043635406442,0.15987255853320245,fdb12e7fe72c82b1485080b0381022d0ad2365844e86695ff8bfece9ef42964b
IS,20,40,SUT-F,0.2890260137759744,0.3489583333333333,-0.05993231955735889,0.05993231955735889,0.17174634858228222,fdb12e7fe72c82b1485080b0381022d0ad2365844e86695ff8bfece9ef42964b
FST-RandomSet,20,40,SUT-E,0.08042113622650504,0.078125,0.002296136226505041,0.002296136226505041,0.029390543699264526,fdb12e7fe72c82b1485080b0381022d0ad2365844e86695ff8bfece9ef42964b
FST-RandomSet,20,40,SUT-F,0.47616421384736896,0.3489583333333333,0.12720588051403564,0.12720588051403564,0.364530284458132,fdb12e7fe72c82b1485080b0381022d0ad2365844e86695ff8bfece9ef42964b
Handcrafted-Similarity,20,40,SUT-E,0.0422520096863369,0.078125,-0.0358729903136631,0.0358729903136631,0.4591742760148877,fdb12e7fe72c82b1485080b0381022d0ad2365844e86695ff8bfece9ef42964b
Handcrafted-Similarity,20,40,SUT-F,0.5567354263821949,0.3489583333333333,0.20777709304886155,0.20777709304886155,0.5954209233639017,fdb12e7fe72c82b1485080b0381022d0ad2365844e86695ff8bfece9ef42964b
FST-Similarity-H,20,40,SUT-E,0.05777805997058749,0.078125,-0.020346940029412508,0.020346940029412508,0.2604408323764801,fdb12e7fe72c82b1485080b0381022d0ad2365844e86695ff8bfece9ef42964b
FST-Similarity-H,20,40,SUT-F,0.5916324383579195,0.3489583333333333,0.24267410502458614,0.24267410502458614,0.6954243009659782,fdb12e7fe72c82b1485080b0381022d0ad2365844e86695ff8bfece9ef42964b
NoSimilarity-Optimized,20,40,SUT-E,0.1,0.078125,0.021875000000000006,0.021875000000000006,0.2800000000000001,fdb12e7fe72c82b1485080b0381022d0ad2365844e86695ff8bfece9ef42964b
NoSimilarity-Optimized,20,40,SUT-F,0.35,0.3489583333333333,0.001041666666666663,0.001041666666666663,0.0029850746268656613,fdb12e7fe72c82b1485080b0381022d0ad2365844e86695ff8bfece9ef42964b
CMC,20,41,SUT-E,0.0,0.078125,-0.078125,0.078125,1.0,fdb12e7fe72c82b1485080b0381022d0ad2365844e86695ff8bfece9ef42964b
CMC,20,41,SUT-F,0.05,0.3489583333333333,-0.2989583333333333,0.2989583333333333,0.8567164179104478,fdb12e7fe72c82b1485080b0381022d0ad2365844e86695ff8bfece9ef42964b
Uniform,20,41,SUT-E,0.1,0.078125,0.021875000000000006,0.021875000000000006,0.2800000000000001,fdb12e7fe72c82b1485080b0381022d0ad2365844e86695ff8bfece9ef42964b
Uniform,20,41,SUT-F,0.39999999999999997,0.3489583333333333,0.05104166666666665,0.05104166666666665,0.14626865671641787,fdb12e7fe72c82b1485080b0381022d0ad2365844e86695ff8bfece9ef42964b
IS,20,41,SUT-E,0.09692670276038305,0.078125,0.01880170276038305,0.01880170276038305,0.24066179533290305,fdb12e7fe72c82b1485080b0381022d0ad2365844e86695ff8bfece9ef42964b
IS,20,41,SUT-F,0.2604997879058409,0.3489583333333333,-0.08845854542749243,0.08845854542749243,0.25349314510564996,fdb12e7fe72c82b1485080b0381022d0ad2365844e86695ff8bfece9ef42964b
FST-RandomSet,20,41,SUT-E,0.05788711458444595,0.078125,-0.020237885415554047,0.020237885415554047,0.2590449333190918,fdb12e7fe72c82b1485080b0381022d0ad2365844e86695ff8bfece9ef42964b
FST-RandomSet,20,41,SUT-F,0.35069122165441513,0.3489583333333333,0.0017328883210818158,0.0017328883210818158,0.004965888920115054,fdb12e7fe72c82b1485080b0381022d0ad2365844e86695ff8bfece9ef42964b
Handcrafted-Similarity,20,41,SUT-E,0.09083957044703497,0.078125,0.012714570447034973,0.012714570447034973,0.16274650172204766,fdb12e7fe72c82b1485080b0381022d0ad2365844e86695ff8bfece9ef42964b
Handcrafted-Similarity,20,41,SUT-F,0.35327689757237235,0.3489583333333333,0.0043185642390390355,0.0043185642390390355,0.012375587073067087,fdb12e7fe72c82b1485080b0381022d0ad2365844e86695ff8bfece9ef42964b
FST-Similarity-H,20,41,SUT-E,0.05688337981700897,0.078125,-0.021241620182991028,0.021241620182991028,0.27189273834228517,fdb12e7fe72c82b1485080b0381022d0ad2365844e86695ff8bfece9ef42964b
FST-Similarity-H,20,41,SUT-F,0.3288554693572223,0.3489583333333333,-0.020102863976110996,0.020102863976110996,0.05760820721512405,fdb12e7fe72c82b1485080b0381022d0ad2365844e86695ff8bfece9ef42964b
NoSimilarity-Optimized,20,41,SUT-E,0.05,0.078125,-0.028124999999999997,0.028124999999999997,0.36,fdb12e7fe72c82b1485080b0381022d0ad2365844e86695ff8bfece9ef42964b
NoSimilarity-Optimized,20,41,SUT-F,0.39999999999999997,0.3489583333333333,0.05104166666666665,0.05104166666666665,0.14626865671641787,fdb12e7fe72c82b1485080b0381022d0ad2365844e86695ff8bfece9ef42964b
CMC,20,42,SUT-E,0.15000000000000002,0.078125,0.07187500000000002,0.07187500000000002,0.9200000000000003,fdb12e7fe72c82b1485080b0381022d0ad2365844e86695ff8bfece9ef42964b
CMC,20,42,SUT-F,0.35,0.3489583333333333,0.001041666666666663,0.001041666666666663,0.0029850746268656613,fdb12e7fe72c82b1485080b0381022d0ad2365844e86695ff8bfece9ef42964b
Uniform,20,42,SUT-E,0.15000000000000002,0.078125,0.07187500000000002,0.07187500000000002,0.9200000000000003,fdb12e7fe72c82b1485080b0381022d0ad2365844e86695ff8bfece9ef42964b
Uniform,20,42,SUT-F,0.4,0.3489583333333333,0.05104166666666671,0.05104166666666671,0.14626865671641803,fdb12e7fe72c82b1485080b0381022d0ad2365844e86695ff8bfece9ef42964b
IS,20,42,SUT-E,0.07117966273031352,0.078125,-0.006945337269686477,0.006945337269686477,0.08890031705198691,fdb12e7fe72c82b1485080b0381022d0ad2365844e86695ff8bfece9ef42964b
IS,20,42,SUT-F,0.24902674200303954,0.3489583333333333,-0.09993159133029378,0.09993159133029378,0.2863711273942747,fdb12e7fe72c82b1485080b0381022d0ad2365844e86695ff8bfece9ef42964b
FST-RandomSet,20,42,SUT-E,0.07387953344732523,0.078125,-0.00424546655267477,0.00424546655267477,0.05434197187423706,fdb12e7fe72c82b1485080b0381022d0ad2365844e86695ff8bfece9ef42964b
FST-RandomSet,20,42,SUT-F,0.2856279765255749,0.3489583333333333,-0.06333035680775839,0.06333035680775839,0.18148400756850167,fdb12e7fe72c82b1485080b0381022d0ad2365844e86695ff8bfece9ef42964b
Handcrafted-Similarity,20,42,SUT-E,0.1040958954925289,0.078125,0.0259708954925289,0.0259708954925289,0.3324274623043699,fdb12e7fe72c82b1485080b0381022d0ad2365844e86695ff8bfece9ef42964b
Handcrafted-Similarity,20,42,SUT-F,0.45088475060289673,0.3489583333333333,0.10192641726956342,0.10192641726956342,0.29208764351874894,fdb12e7fe72c82b1485080b0381022d0ad2365844e86695ff8bfece9ef42964b
FST-Similarity-H,20,42,SUT-E,0.0681834602728486,0.078125,-0.009941539727151394,0.009941539727151394,0.12725170850753784,fdb12e7fe72c82b1485080b0381022d0ad2365844e86695ff8bfece9ef42964b
FST-Similarity-H,20,42,SUT-F,0.27917189663276076,0.3489583333333333,-0.06978643670057255,0.06978643670057255,0.19998501263447657,fdb12e7fe72c82b1485080b0381022d0ad2365844e86695ff8bfece9ef42964b
NoSimilarity-Optimized,20,42,SUT-E,0.05,0.078125,-0.028124999999999997,0.028124999999999997,0.36,fdb12e7fe72c82b1485080b0381022d0ad2365844e86695ff8bfece9ef42964b
NoSimilarity-Optimized,20,42,SUT-F,0.35,0.3489583333333333,0.001041666666666663,0.001041666666666663,0.0029850746268656613,fdb12e7fe72c82b1485080b0381022d0ad2365844e86695ff8bfece9ef42964b
CMC,20,43,SUT-E,0.0,0.078125,-0.078125,0.078125,1.0,fdb12e7fe72c82b1485080b0381022d0ad2365844e86695ff8bfece9ef42964b
CMC,20,43,SUT-F,0.35,0.3489583333333333,0.001041666666666663,0.001041666666666663,0.0029850746268656613,fdb12e7fe72c82b1485080b0381022d0ad2365844e86695ff8bfece9ef42964b
Uniform,20,43,SUT-E,0.1,0.078125,0.021875000000000006,0.021875000000000006,0.2800000000000001,fdb12e7fe72c82b1485080b0381022d0ad2365844e86695ff8bfece9ef42964b
Uniform,20,43,SUT-F,0.4,0.3489583333333333,0.05104166666666671,0.05104166666666671,0.14626865671641803,fdb12e7fe72c82b1485080b0381022d0ad2365844e86695ff8bfece9ef42964b
IS,20,43,SUT-E,0.07117966273031352,0.078125,-0.006945337269686477,0.006945337269686477,0.08890031705198691,fdb12e7fe72c82b1485080b0381022d0ad2365844e86695ff8bfece9ef42964b
IS,20,43,SUT-F,0.26809159031920987,0.3489583333333333,-0.08086674301412344,0.08086674301412344,0.23173753221957763,fdb12e7fe72c82b1485080b0381022d0ad2365844e86695ff8bfece9ef42964b
FST-RandomSet,20,43,SUT-E,0.11307720420882106,0.078125,0.03495220420882106,0.03495220420882106,0.44738821387290956,fdb12e7fe72c82b1485080b0381022d0ad2365844e86695ff8bfece9ef42964b
FST-RandomSet,20,43,SUT-F,0.34527727914974093,0.3489583333333333,-0.0036810541835923805,0.0036810541835923805,0.010548692585816971,fdb12e7fe72c82b1485080b0381022d0ad2365844e86695ff8bfece9ef42964b
Handcrafted-Similarity,20,43,SUT-E,0.06723879455814047,0.078125,-0.010886205441859531,0.010886205441859531,0.139343429655802,fdb12e7fe72c82b1485080b0381022d0ad2365844e86695ff8bfece9ef42964b
Handcrafted-Similarity,20,43,SUT-F,0.42517008492661496,0.3489583333333333,0.07621175159328164,0.07621175159328164,0.2183978553120907,fdb12e7fe72c82b1485080b0381022d0ad2365844e86695ff8bfece9ef42964b
FST-Similarity-H,20,43,SUT-E,0.057161763310432434,0.078125,-0.020963236689567566,0.020963236689567566,0.26832942962646483,fdb12e7fe72c82b1485080b0381022d0ad2365844e86695ff8bfece9ef42964b
FST-Similarity-H,20,43,SUT-F,0.39915206655859947,0.3489583333333333,0.05019373322526616,0.05019373322526616,0.1438387578992702,fdb12e7fe72c82b1485080b0381022d0ad2365844e86695ff8bfece9ef42964b
NoSimilarity-Optimized,20,43,SUT-E,0.05,0.078125,-0.028124999999999997,0.028124999999999997,0.36,fdb12e7fe72c82b1485080b0381022d0ad2365844e86695ff8bfece9ef42964b
NoSimilarity-Optimized,20,43,SUT-F,0.3,0.3489583333333333,-0.048958333333333326,0.048958333333333326,0.14029850746268654,fdb12e7fe72c82b1485080b0381022d0ad2365844e86695ff8bfece9ef42964b
CMC,20,44,SUT-E,0.05,0.078125,-0.028124999999999997,0.028124999999999997,0.36,fdb12e7fe72c82b1485080b0381022d0ad2365844e86695ff8bfece9ef42964b
CMC,20,44,SUT-F,0.35,0.3489583333333333,0.001041666666666663,0.001041666666666663,0.0029850746268656613,fdb12e7fe72c82b1485080b0381022d0ad2365844e86695ff8bfece9ef42964b
Uniform,20,44,SUT-E,0.1,0.078125,0.021875000000000006,0.021875000000000006,0.2800000000000001,fdb12e7fe72c82b1485080b0381022d0ad2365844e86695ff8bfece9ef42964b
Uniform,20,44,SUT-F,0.35,0.3489583333333333,0.001041666666666663,0.001041666666666663,0.0029850746268656613,fdb12e7fe72c82b1485080b0381022d0ad2365844e86695ff8bfece9ef42964b
IS,20,44,SUT-E,0.07433549229280183,0.078125,-0.0037895077071981725,0.0037895077071981725,0.04850569865213661,fdb12e7fe72c82b1485080b0381022d0ad2365844e86695ff8bfece9ef42964b
IS,20,44,SUT-F,0.30038483998843646,0.3489583333333333,-0.048573493344896856,0.048573493344896856,0.13919568242119698,fdb12e7fe72c82b1485080b0381022d0ad2365844e86695ff8bfece9ef42964b
FST-RandomSet,20,44,SUT-E,0.10053191240876913,0.078125,0.02240691240876913,0.02240691240876913,0.28680847883224486,fdb12e7fe72c82b1485080b0381022d0ad2365844e86695ff8bfece9ef42964b
FST-RandomSet,20,44,SUT-F,0.33168936241418123,0.3489583333333333,-0.017268970919152082,0.017268970919152082,0.049487200245928356,fdb12e7fe72c82b1485080b0381022d0ad2365844e86695ff8bfece9ef42964b
Handcrafted-Similarity,20,44,SUT-E,0.11944580666554502,0.078125,0.04132080666554502,0.04132080666554502,0.5289063253189763,fdb12e7fe72c82b1485080b0381022d0ad2365844e86695ff8bfece9ef42964b
Handcrafted-Similarity,20,44,SUT-F,0.4094849322375445,0.3489583333333333,0.06052659890421119,0.06052659890421119,0.17344935805385894,fdb12e7fe72c82b1485080b0381022d0ad2365844e86695ff8bfece9ef42964b
FST-Similarity-H,20,44,SUT-E,0.0683550531975925,0.078125,-0.009769946802407503,0.009769946802407503,0.12505531907081605,fdb12e7fe72c82b1485080b0381022d0ad2365844e86695ff8bfece9ef42964b
FST-Similarity-H,20,44,SUT-F,0.6331310127861798,0.3489583333333333,0.28417267945284647,0.28417267945284647,0.8143455888797989,fdb12e7fe72c82b1485080b0381022d0ad2365844e86695ff8bfece9ef42964b
NoSimilarity-Optimized,20,44,SUT-E,0.05,0.078125,-0.028124999999999997,0.028124999999999997,0.36,fdb12e7fe72c82b1485080b0381022d0ad2365844e86695ff8bfece9ef42964b
NoSimilarity-Optimized,20,44,SUT-F,0.35,0.3489583333333333,0.001041666666666663,0.001041666666666663,0.0029850746268656613,fdb12e7fe72c82b1485080b0381022d0ad2365844e86695ff8bfece9ef42964b
CMC,20,45,SUT-E,0.15000000000000002,0.078125,0.07187500000000002,0.07187500000000002,0.9200000000000003,fdb12e7fe72c82b1485080b0381022d0ad2365844e86695ff8bfece9ef42964b
CMC,20,45,SUT-F,0.35000000000000003,0.3489583333333333,0.0010416666666667185,0.0010416666666667185,0.0029850746268658204,fdb12e7fe72c82b1485080b0381022d0ad2365844e86695ff8bfece9ef42964b
Uniform,20,45,SUT-E,0.0,0.078125,-0.078125,0.078125,1.0,fdb12e7fe72c82b1485080b0381022d0ad2365844e86695ff8bfece9ef42964b
Uniform,20,45,SUT-F,0.35000000000000003,0.3489583333333333,0.0010416666666667185,0.0010416666666667185,0.0029850746268658204,fdb12e7fe72c82b1485080b0381022d0ad2365844e86695ff8bfece9ef42964b
IS,20,45,SUT-E,0.08745921407291814,0.078125,0.009334214072918137,0.009334214072918137,0.11947794013335215,fdb12e7fe72c82b1485080b0381022d0ad2365844e86695ff8bfece9ef42964b
IS,20,45,SUT-F,0.2553322899945144,0.3489583333333333,-0.09362604333881891,0.09362604333881891,0.2683014973291527,fdb12e7fe72c82b1485080b0381022d0ad2365844e86695ff8bfece9ef42964b
FST-RandomSet,20,45,SUT-E,0.06726739089936018,0.078125,-0.01085760910063982,0.01085760910063982,0.1389773964881897,fdb12e7fe72c82b1485080b0381022d0ad2365844e86695ff8bfece9ef42964b
FST-RandomSet,20,45,SUT-F,0.33293200097978115,0.3489583333333333,-0.016026332353552164,0.016026332353552164,0.04592620614749277,fdb12e7fe72c82b1485080b0381022d0ad2365844e86695ff8bfece9ef42964b
Handcrafted-Similarity,20,45,SUT-E,0.0879433609162235,0.078125,0.009818360916223498,0.009818360916223498,0.12567501972766076,fdb12e7fe72c82b1485080b0381022d0ad2365844e86695ff8bfece9ef42964b
Handcrafted-Similarity,20,45,SUT-F,0.4376556355899594,0.3489583333333333,0.08869730225662609,0.08869730225662609,0.25417734378018225,fdb12e7fe72c82b1485080b0381022d0ad2365844e86695ff8bfece9ef42964b
FST-Similarity-H,20,45,SUT-E,0.08389357198029757,0.078125,0.0057685719802975655,0.0057685719802975655,0.07383772134780883,fdb12e7fe72c82b1485080b0381022d0ad2365844e86695ff8bfece9ef42964b
FST-Similarity-H,20,45,SUT-F,0.31421827897429466,0.3489583333333333,-0.03474005435903865,0.03474005435903865,0.09955358861097645,fdb12e7fe72c82b1485080b0381022d0ad2365844e86695ff8bfece9ef42964b
NoSimilarity-Optimized,20,45,SUT-E,0.1,0.078125,0.021875000000000006,0.021875000000000006,0.2800000000000001,fdb12e7fe72c82b1485080b0381022d0ad2365844e86695ff8bfece9ef42964b
NoSimilarity-Optimized,20,45,SUT-F,0.39999999999999997,0.3489583333333333,0.05104166666666665,0.05104166666666665,0.14626865671641787,fdb12e7fe72c82b1485080b0381022d0ad2365844e86695ff8bfece9ef42964b
CMC,20,46,SUT-E,0.15000000000000002,0.078125,0.07187500000000002,0.07187500000000002,0.9200000000000003,fdb12e7fe72c82b1485080b0381022d0ad2365844e86695ff8bfece9ef42964b
CMC,20,46,SUT-F,0.6000000000000001,0.3489583333333333,0.2510416666666668,0.2510416666666668,0.7194029850746272,fdb12e7fe72c82b1485080b0381022d0ad2365844e86695ff8bfece9ef42964b
Uniform,20,46,SUT-E,0.1,0.078125,0.021875000000000006,0.021875000000000006,0.2800000000000001,fdb12e7fe72c82b1485080b0381022d0ad2365844e86695ff8bfece9ef42964b
Uniform,20,46,SUT-F,0.3,0.3489583333333333,-0.048958333333333326,0.048958333333333326,0.14029850746268654,fdb12e7fe72c82b1485080b0381022d0ad2365844e86695ff8bfece9ef42964b
IS,20,46,SUT-E,0.06802383316782522,0.078125,-0.010101166832174782,0.010101166832174782,0.1292949354518372,fdb12e7fe72c82b1485080b0381022d0ad2365844e86695ff8bfece9ef42964b
IS,20,46,SUT-F,0.27731841735899265,0.3489583333333333,-0.07163991597434066,0.07163991597434066,0.2052964756279613,fdb12e7fe72c82b1485080b0381022d0ad2365844e86695ff8bfece9ef42964b
FST-RandomSet,20,46,SUT-E,0.07879088632762432,0.078125,0.000665886327624321,0.000665886327624321,0.008523344993591309,fdb12e7fe72c82b1485080b0381022d0ad2365844e86695ff8bfece9ef42964b
FST-RandomSet,20,46,SUT-F,0.3293420746922493,0.3489583333333333,-0.019616258641084017,0.019616258641084017,0.056213756105793,fdb12e7fe72c82b1485080b0381022d0ad2365844e86695ff8bfece9ef42964b
Handcrafted-Similarity,20,46,SUT-E,0.045321029239245914,0.078125,-0.032803970760754086,0.032803970760754086,0.4198908257376523,fdb12e7fe72c82b1485080b0381022d0ad2365844e86695ff8bfece9ef42964b
Handcrafted-Similarity,20,46,SUT-F,0.40522005665405086,0.3489583333333333,0.05626172332071755,0.05626172332071755,0.16122762503847418,fdb12e7fe72c82b1485080b0381022d0ad2365844e86695ff8bfece9ef42964b
FST-Similarity-H,20,46,SUT-E,0.05722596403211355,0.078125,-0.020899035967886448,0.020899035967886448,0.2675076603889465,fdb12e7fe72c82b1485080b0381022d0ad2365844e86695ff8bfece9ef42964b
FST-Similarity-H,20,46,SUT-F,0.3917874195612967,0.3489583333333333,0.04282908622796339,0.04282908622796339,0.12273409784729807,fdb12e7fe72c82b1485080b0381022d0ad2365844e86695ff8bfece9ef42964b
NoSimilarity-Optimized,20,46,SUT-E,0.1,0.078125,0.021875000000000006,0.021875000000000006,0.2800000000000001,fdb12e7fe72c82b1485080b0381022d0ad2365844e86695ff8bfece9ef42964b
NoSimilarity-Optimized,20,46,SUT-F,0.39999999999999997,0.3489583333333333,0.05104166666666665,0.05104166666666665,0.14626865671641787,fdb12e7fe72c82b1485080b0381022d0ad2365844e86695ff8bfece9ef42964b
CMC,20,47,SUT-E,0.05,0.078125,-0.028124999999999997,0.028124999999999997,0.36,fdb12e7fe72c82b1485080b0381022d0ad2365844e86695ff8bfece9ef42964b
CMC,20,47,SUT-F,0.2,0.3489583333333333,-0.1489583333333333,0.1489583333333333,0.42686567164179096,fdb12e7fe72c82b1485080b0381022d0ad2365844e86695ff8bfece9ef42964b
Uniform,20,47,SUT-E,0.0,0.078125,-0.078125,0.078125,1.0,fdb12e7fe72c82b1485080b0381022d0ad2365844e86695ff8bfece9ef42964b
Uniform,20,47,SUT-F,0.2,0.3489583333333333,-0.1489583333333333,0.1489583333333333,0.42686567164179096,fdb12e7fe72c82b1485080b0381022d0ad2365844e86695ff8bfece9ef42964b
IS,20,47,SUT-E,0.06777363140274367,0.078125,-0.010351368597256327,0.010351368597256327,0.132497518044881,fdb12e7fe72c82b1485080b0381022d0ad2365844e86695ff8bfece9ef42964b
IS,20,47,SUT-F,0.3014147815117473,0.3489583333333333,-0.04754355182158604,0.04754355182158604,0.13624420820514208,fdb12e7fe72c82b1485080b0381022d0ad2365844e86695ff8bfece9ef42964b
FST-RandomSet,20,47,SUT-E,0.07694665342569351,0.078125,-0.001178346574306488,0.001178346574306488,0.015082836151123047,fdb12e7fe72c82b1485080b0381022d0ad2365844e86695ff8bfece9ef42964b
FST-RandomSet,20,47,SUT-F,0.4548323000781238,0.3489583333333333,0.1058739667447905,0.1058739667447905,0.30340002410447425,fdb12e7fe72c82b1485080b0381022d0ad2365844e86695ff8bfece9ef42964b
Handcrafted-Similarity,20,47,SUT-E,0.06574535951136408,0.078125,-0.01237964048863592,0.01237964048863592,0.15845939825453978,fdb12e7fe72c82b1485080b0381022d0ad2365844e86695ff8bfece9ef42964b
Handcrafted-Similarity,20,47,SUT-F,0.29731798944412324,0.3489583333333333,-0.05164034388921007,0.05164034388921007,0.1479842690556468,fdb12e7fe72c82b1485080b0381022d0ad2365844e86695ff8bfece9ef42964b
FST-Similarity-H,20,47,SUT-E,0.05727895721793175,0.078125,-0.020846042782068253,0.020846042782068253,0.2668293476104736,fdb12e7fe72c82b1485080b0381022d0ad2365844e86695ff8bfece9ef42964b
FST-Similarity-H,20,47,SUT-F,0.3597654355689883,0.3489583333333333,0.010807102235655008,0.010807102235655008,0.03096960640665316,fdb12e7fe72c82b1485080b0381022d0ad2365844e86695ff8bfece9ef42964b
NoSimilarity-Optimized,20,47,SUT-E,0.05,0.078125,-0.028124999999999997,0.028124999999999997,0.36,fdb12e7fe72c82b1485080b0381022d0ad2365844e86695ff8bfece9ef42964b
NoSimilarity-Optimized,20,47,SUT-F,0.45,0.3489583333333333,0.1010416666666667,0.1010416666666667,0.28955223880597025,fdb12e7fe72c82b1485080b0381022d0ad2365844e86695ff8bfece9ef42964b
CMC,20,48,SUT-E,0.1,0.078125,0.021875000000000006,0.021875000000000006,0.2800000000000001,fdb12e7fe72c82b1485080b0381022d0ad2365844e86695ff8bfece9ef42964b
CMC,20,48,SUT-F,0.5,0.3489583333333333,0.15104166666666669,0.15104166666666669,0.43283582089552247,fdb12e7fe72c82b1485080b0381022d0ad2365844e86695ff8bfece9ef42964b
Uniform,20,48,SUT-E,0.2,0.078125,0.12187500000000001,0.12187500000000001,1.56,fdb12e7fe72c82b1485080b0381022d0ad2365844e86695ff8bfece9ef42964b
Uniform,20,48,SUT-F,0.35000000000000003,0.3489583333333333,0.0010416666666667185,0.0010416666666667185,0.0029850746268658204,fdb12e7fe72c82b1485080b0381022d0ad2365844e86695ff8bfece9ef42964b
IS,20,48,SUT-E,0.02915307135763938,0.078125,-0.04897192864236062,0.04897192864236062,0.6268406866222159,fdb12e7fe72c82b1485080b0381022d0ad2365844e86695ff8bfece9ef42964b
IS,20,48,SUT-F,0.39064626323090157,0.3489583333333333,0.041687929897568254,0.041687929897568254,0.1194639185124344,fdb12e7fe72c82b1485080b0381022d0ad2365844e86695ff8bfece9ef42964b
FST-RandomSet,20,48,SUT-E,0.05783145874738693,0.078125,-0.020293541252613068,0.020293541252613068,0.25975732803344725,fdb12e7fe72c82b1485080b0381022d0ad2365844e86695ff8bfece9ef42964b
FST-RandomSet,20,48,SUT-F,0.3281015856191516,0.3489583333333333,-0.020856747714181723,0.020856747714181723,0.05976859046452076,fdb12e7fe72c82b1485080b0381022d0ad2365844e86695ff8bfece9ef42964b
Handcrafted-Similarity,20,48,SUT-E,0.06334084418384578,0.078125,-0.01478415581615422,0.01478415581615422,0.18923719444677403,fdb12e7fe72c82b1485080b0381022d0ad2365844e86695ff8bfece9ef42964b
Handcrafted-Similarity,20,48,SUT-F,0.37362256834261054,0.3489583333333333,0.024664235009277224,0.024664235009277224,0.07067959883255563,fdb12e7fe72c82b1485080b0381022d0ad2365844e86695ff8bfece9ef42964b
FST-Similarity-H,20,48,SUT-E,0.09430233761668205,0.078125,0.016177337616682053,0.016177337616682053,0.20706992149353026,fdb12e7fe72c82b1485080b0381022d0ad2365844e86695ff8bfece9ef42964b
FST-Similarity-H,20,48,SUT-F,0.402775552123785,0.3489583333333333,0.053817218790451704,0.053817218790451704,0.1542224777278616,fdb12e7fe72c82b1485080b0381022d0ad2365844e86695ff8bfece9ef42964b
NoSimilarity-Optimized,20,48,SUT-E,0.05,0.078125,-0.028124999999999997,0.028124999999999997,0.36,fdb12e7fe72c82b1485080b0381022d0ad2365844e86695ff8bfece9ef42964b
NoSimilarity-Optimized,20,48,SUT-F,0.3,0.3489583333333333,-0.048958333333333326,0.048958333333333326,0.14029850746268654,fdb12e7fe72c82b1485080b0381022d0ad2365844e86695ff8bfece9ef42964b
CMC,20,49,SUT-E,0.05,0.078125,-0.028124999999999997,0.028124999999999997,0.36,fdb12e7fe72c82b1485080b0381022d0ad2365844e86695ff8bfece9ef42964b
CMC,20,49,SUT-F,0.45,0.3489583333333333,0.1010416666666667,0.1010416666666667,0.28955223880597025,fdb12e7fe72c82b1485080b0381022d0ad2365844e86695ff8bfece9ef42964b
Uniform,20,49,SUT-E,0.1,0.078125,0.021875000000000006,0.021875000000000006,0.2800000000000001,fdb12e7fe72c82b1485080b0381022d0ad2365844e86695ff8bfece9ef42964b
Uniform,20,49,SUT-F,0.3,0.3489583333333333,-0.048958333333333326,0.048958333333333326,0.14029850746268654,fdb12e7fe72c82b1485080b0381022d0ad2365844e86695ff8bfece9ef42964b
IS,20,49,SUT-E,0.06777363140274367,0.078125,-0.010351368597256327,0.010351368597256327,0.132497518044881,fdb12e7fe72c82b1485080b0381022d0ad2365844e86695ff8bfece9ef42964b
IS,20,49,SUT-F,0.2566028931655074,0.3489583333333333,-0.09235544016782593,0.09235544016782593,0.2646603658540684,fdb12e7fe72c82b1485080b0381022d0ad2365844e86695ff8bfece9ef42964b
FST-RandomSet,20,49,SUT-E,0.0566620253957808,0.078125,-0.021462974604219198,0.021462974604219198,0.27472607493400575,fdb12e7fe72c82b1485080b0381022d0ad2365844e86695ff8bfece9ef42964b
FST-RandomSet,20,49,SUT-F,0.33638921985402703,0.3489583333333333,-0.012569113479306282,0.012569113479306282,0.03601895206010158,fdb12e7fe72c82b1485080b0381022d0ad2365844e86695ff8bfece9ef42964b
Handcrafted-Similarity,20,49,SUT-E,0.0676637153957309,0.078125,-0.010461284604269094,0.010461284604269094,0.1339044429346444,fdb12e7fe72c82b1485080b0381022d0ad2365844e86695ff8bfece9ef42964b
Handcrafted-Similarity,20,49,SUT-F,0.3817970290630241,0.3489583333333333,0.03283869572969078,0.03283869572969078,0.09410491910597955,fdb12e7fe72c82b1485080b0381022d0ad2365844e86695ff8bfece9ef42964b
FST-Similarity-H,20,49,SUT-E,0.05738274194300175,0.078125,-0.020742258056998253,0.020742258056998253,0.26550090312957764,fdb12e7fe72c82b1485080b0381022d0ad2365844e86695ff8bfece9ef42964b
FST-Similarity-H,20,49,SUT-F,0.34434794820845127,0.3489583333333333,-0.004610385124882044,0.004610385124882044,0.013211849910109739,fdb12e7fe72c82b1485080b0381022d0ad2365844e86695ff8bfece9ef42964b
NoSimilarity-Optimized,20,49,SUT-E,0.05,0.078125,-0.028124999999999997,0.028124999999999997,0.36,fdb12e7fe72c82b1485080b0381022d0ad2365844e86695ff8bfece9ef42964b
NoSimilarity-Optimized,20,49,SUT-F,0.3,0.3489583333333333,-0.048958333333333326,0.048958333333333326,0.14029850746268654,fdb12e7fe72c82b1485080b0381022d0ad2365844e86695ff8bfece9ef42964b
