method_variant,episode,time_step,state,q_target,q_mixed,gap_scores,visits,critical
Uniform-Equal-H,1,0,"[2, 2, -4, 13, 0, 0, 1, 0, 2, 1]","[0.0, 0.0, 0.0]","[0.0, 0.0, 0.0]","[0.1, 0.8, 0.1]","[0, 0, 1]",False
Uniform-Equal-H,1,1,"[2, 2, -3, 13, 0, 0, 1, 0, 3, 1]","[0.0, 0.0, 0.0]","[0.0010936408042907717, 0.0026283424377441405, 0.0033776327451070154]","[0.3333333333333333, 0.3333333333333333, 0.3333333333333333]","[1, 0, 0]",True
Uniform-Equal-H,1,2,"[1, 2, -4, 13, 0, 0, 1, 0, 4, 1]","[0.0, 0.0, 0.0]","[0.0, 0.0, 0.0]","[0.1, 0.8, 0.1]","[0, 1, 0]",False
Uniform-Equal-H,1,3,"[1, 2, -4, 13, 0, 0, 1, 1, 5, 1]","[0.0, 0.0, 0.0]","[0.0, 0.0, 0.0]","[0.1, 0.8, 0.1]","[0, 1, 0]",False
Uniform-Equal-H,1,4,"[1, 2, -4, 13, 0, 0, 0, 1, 6, 1]","[0.0, 0.0, 0.0]","[0.0, 0.0, 0.0]","[0.1, 0.8, 0.1]","[0, 1, 0]",False
Uniform-Equal-H,1,5,"[0, 1, -4, 13, 0, 0, 0, 1, 7, 1]","[0.0, 0.0, 0.0]","[0.0, 0.0, 0.0]","[0.1, 0.8, 0.1]","[0, 1, 0]",False
Uniform-Equal-H,2,0,"[2, 2, -1, 12, 0, 0, 1, 0, 0, 0]","[0.0, 0.0, 0.0]","[5.2774144435922315e-05, 1.4617629528045655e-05, 2.1431924263636274e-05]","[0.3333333333333333, 0.3333333333333333, 0.3333333333333333]","[1, 0, 0]",True
Uniform-Equal-H,2,1,"[2, 2, -1, 13, 0, 0, 1, 0, 1, 0]","[0.0, 0.0, 0.0]","[0.00032792926152547204, 0.00032615976929664615, 8.915981854001683e-05]","[0.3333333333333333, 0.3333333333333333, 0.3333333333333333]","[1, 0, 0]",True
Uniform-Equal-H,2,2,"[2, 2, -2, 13, 0, 0, 1, 0, 2, 0]","[0.0, 0.0, 0.0]","[0.0, 0.0, 0.0]","[0.1, 0.8, 0.1]","[0, 1, 0]",False
Uniform-Equal-H,2,3,"[1, 2, -2, 13, 0, 0, 1, 0, 3, 0]","[0.0, 0.0, 0.0]","[0.0, 0.0, 0.0]","[0.1, 0.8, 0.1]","[0, 1, 0]",False
Uniform-Equal-H,2,4,"[1, 2, -2, 13, 0, 0, 1, 0, 4, 0]","[0.0, 0.0, 0.0]","[0.0, 0.0, 0.0]","[0.1, 0.8, 0.1]","[0, 0, 1]",False
Uniform-Equal-H,2,5,"[1, 2, -1, 13, 0, 0, 1, 1, 5, 0]","[0.0, 0.0, 0.0]","[0.22815450032552084, 0.28430836995442715, 0.1183929443359375]","[0.3333333333333333, 0.3333333333333333, 0.3333333333333333]","[1, 0, 0]",True
Uniform-Equal-H,2,6,"[1, 1, -2, 13, 0, -1, 0, 1, 6, 0]","[0.0, 0.0, 0.0]","[0.0, 0.0, 0.0]","[0.1, 0.8, 0.1]","[0, 1, 0]",False
Uniform-Equal-H,3,0,"[2, 2, -6, 13, 0, 0, 1, 1, 5, 1]","[0.0, 0.0, 0.0]","[0.0, 0.019048126220703128, 0.005094194412231447]","[0.3333333333333333, 0.3333333333333333, 0.3333333333333333]","[0, 1, 0]",True
Uniform-Equal-H,3,1,"[2, 2, -6, 13, 0, 0, 0, 1, 6, 1]","[0.0, 0.0, 0.0]","[0.029602615038553874, 0.12188711166381837, 0.1687170155843099]","[0.3333333333333333, 0.3333333333333333, 0.3333333333333333]","[0, 1, 0]",True
Uniform-Equal-H,3,2,"[1, 1, -6, 13, 0, 0, 0, 1, 7, 1]","[0.0, 0.0, 0.0]","[0.0, 0.0, 0.0]","[0.1, 0.8, 0.1]","[0, 1, 0]",False
Uniform-Equal-H,4,0,"[4, 2, -6, 13, 0, 0, 0, 1, 6, 1]","[0.0, 0.0, 0.0]","[0.0, 0.0, 0.0]","[0.1, 0.8, 0.1]","[0, 1, 0]",False
Uniform-Equal-H,4,1,"[3, 1, -6, 13, 0, 0, 0, 1, 7, 1]","[0.0, 0.0, 0.0]","[0.0, 0.0, 0.0]","[0.1, 0.8, 0.1]","[0, 1, 0]",False
Uniform-Equal-H,4,2,"[3, 1, -6, 13, 0, 0, 0, 1, 8, 1]","[0.0, 0.0, 0.0]","[0.0, 0.0, 0.0]","[0.1, 0.8, 0.1]","[0, 1, 0]",False
Uniform-Equal-H,4,3,"[2, 1, -5, 13, 0, 0, 0, 1, 9, 1]","[0.0, 0.0, 0.0]","[0.0, 0.0, 0.0]","[0.1, 0.8, 0.1]","[0, 0, 1]",False
Uniform-Equal-H,4,4,"[2, 1, -5, 12, 0, 0, 0, 1, 10, 1]","[0.0, 0.0, 0.0]","[0.0, 0.0, 0.0]","[0.1, 0.8, 0.1]","[0, 1, 0]",False
Uniform-Equal-H,5,0,"[1, 0, -3, 12, 0, 0, 0, 2, 0, 2]","[0.25, 0.0, 0.0]","[0.8998870849609375, 0.68359375, 0.68359375]","[0.3333333333333333, 0.3333333333333333, 0.3333333333333333]","[1, 0, 0]",True
Uniform-Equal-H,6,0,"[4, 1, -5, 13, 0, -1, 0, 1, 6, 0]","[0.0, 0.0, 0.0]","[0.00013306327819824222, 3.3384195963541676e-05, 7.014729817708334e-05]","[0.3333333333333333, 0.3333333333333333, 0.3333333333333333]","[0, 1, 0]",True
Uniform-Equal-H,6,1,"[3, 0, -5, 13, 0, -1, 0, 1, 7, 0]","[0.0, 0.0, 0.0]","[0.0, 0.0, 0.0]","[0.1, 0.8, 0.1]","[0, 1, 0]",False
Uniform-Equal-H,6,2,"[3, 0, -5, 13, 0, 0, 0, 3, 8, 0]","[0.0, 0.0, 0.0]","[0.0, 0.0, 0.0]","[0.1, 0.8, 0.1]","[0, 1, 0]",False
Uniform-Equal-H,6,3,"[2, 0, -5, 13, 0, 0, 0, 3, 9, 0]","[0.0, 0.0, 0.0]","[0.0, 0.0, 0.0]","[0.1, 0.8, 0.1]","[1, 0, 0]",False
Uniform-Equal-H,6,4,"[2, 0, -5, 12, 0, 0, 0, 3, 10, 0]","[0.0, 0.0, 0.0]","[0.0, 0.0, 0.0]","[0.1, 0.8, 0.1]","[0, 1, 0]",False
Uniform-Equal-H,7,0,"[1, 0, -5, 12, 0, 0, 0, 2, 0, 3]","[0.0, 0.0, 0.25]","[0.8998870849609375, 0.68359375, 0.68359375]","[0.3333333333333333, 0.3333333333333333, 0.3333333333333333]","[0, 0, 1]",True
Uniform-Equal-H,8,0,"[2, 2, -3, 13, 0, 0, 1, 0, 1, 0]","[0.0, 0.0, 0.0]","[0.009453745457331339, 0.005777069855531057, 0.0025484524703025826]","[0.3333333333333333, 0.3333333333333333, 0.3333333333333333]","[0, 1, 0]",True
Uniform-Equal-H,8,1,"[2, 2, -3, 13, 0, 0, 1, 0, 2, 0]","[0.0, 0.0, 0.0]","[0.011178533681233725, 0.035807784326871234, 0.02147035376230876]","[0.3333333333333333, 0.3333333333333333, 0.3333333333333333]","[0, 1, 0]",True
Uniform-Equal-H,8,2,"[2, 2, -3, 13, 0, 0, 1, 0, 3, 0]","[0.0, 0.0, 0.0]","[0.0013789062500000001, 0.09655480984846751, 0.136557861328125]","[0.3333333333333333, 0.3333333333333333, 0.3333333333333333]","[1, 0, 0]",True
Uniform-Equal-H,8,3,"[1, 2, -4, 13, 0, 0, 1, 0, 4, 0]","[0.0, 0.0, 0.0]","[0.0, 0.0, 0.0]","[0.1, 0.8, 0.1]","[0, 1, 0]",False
Uniform-Equal-H,8,4,"[1, 2, -4, 13, 0, 0, 1, 1, 5, 0]","[0.0, 0.0, 0.0]","[0.0, 0.0, 0.0]","[0.1, 0.8, 0.1]","[0, 1, 0]",False
Uniform-Equal-H,9,0,"[2, 0, -5, 12, 0, 0, 0, 3, 0, 4]","[0.0, 0.0, 0.0]","[0.023050053848574566, 0.012684262176354728, 0.01388281929989656]","[0.3333333333333333, 0.3333333333333333, 0.3333333333333333]","[1, 0, 0]",True
Uniform-Equal-H,9,1,"[2, 0, -5, 13, 0, 0, 0, 3, 1, 4]","[0.0, 0.0, 0.0]","[0.0, 0.0, 0.0]","[0.1, 0.8, 0.1]","[0, 0, 1]",False
Uniform-Equal-H,9,2,"[1, 0, -5, 13, 0, 0, 0, 3, 2, 4]","[0.0, 0.0, 0.0]","[0.0, 0.0, 0.0]","[0.1, 0.8, 0.1]","[0, 1, 0]",False
Uniform-Equal-H,10,0,"[1, 2, -1, 13, 0, 0, 1, 0, 3, 1]","[0.0, 0.0, 0.0]","[0.0006222962872187299, 0.0008197497558593752, 0.002281237424214681]","[0.3333333333333333, 0.3333333333333333, 0.3333333333333333]","[1, 0, 0]",True
Uniform-Equal-H,10,1,"[1, 2, -1, 13, 0, 0, 1, 0, 4, 1]","[0.0, 0.0, 0.0]","[0.009843979581197104, 0.0060867831230163585, 0.013156995455423991]","[0.3333333333333333, 0.3333333333333333, 0.3333333333333333]","[1, 0, 0]",True
Uniform-Equal-H,10,2,"[1, 2, -2, 13, 0, 0, 1, 1, 5, 1]","[0.0, 0.0, 0.0]","[0.0, 0.0, 0.0]","[0.1, 0.8, 0.1]","[0, 1, 0]",False
Uniform-Equal-H,10,3,"[1, 2, -2, 13, 0, 0, 0, 1, 6, 1]","[0.0, 0.0, 0.0]","[0.008723958333333334, 0.021381937662760413, 0.21532585620880126]","[0.3333333333333333, 0.3333333333333333, 0.3333333333333333]","[1, 0, 0]",True
Uniform-Equal-H,10,4,"[1, 1, -2, 13, 0, 0, 0, 1, 7, 1]","[0.0, 0.0, 0.0]","[0.0, 0.0, 0.0]","[0.1, 0.8, 0.1]","[0, 1, 0]",False
Uniform-Equal-H,11,0,"[1, 2, 0, 13, 0, 0, 0, 1, 6, 1]","[0.0, 0.0, 0.0]","[0.007577972412109375, 0.09624442299207052, 0.03119730631510417]","[0.3333333333333333, 0.3333333333333333, 0.3333333333333333]","[0, 0, 1]",True
Uniform-Equal-H,11,1,"[1, 1, 0, 13, 0, 0, 0, 1, 7, 1]","[0.0, 0.0, 0.0]","[0.0, 0.0, 0.0]","[0.1, 0.8, 0.1]","[1, 0, 0]",False
Uniform-Equal-H,11,2,"[1, 1, 0, 13, 0, 0, 0, 1, 8, 1]","[0.0, 0.0, 0.0]","[0.0, 0.0, 0.0]","[0.1, 0.8, 0.1]","[0, 0, 1]",False
Uniform-Equal-H,12,0,"[2, 2, -6, 13, 0, 0, 0, 1, 6, 1]","[0.0, 0.0, 0.0]","[0.029602615038553874, 0.12188711166381837, 0.1687170155843099]","[0.3333333333333333, 0.3333333333333333, 0.3333333333333333]","[0, 2, 0]",True
Uniform-Equal-H,12,1,"[1, 1, -6, 13, 0, 0, 0, 1, 7, 1]","[0.0, 0.0, 0.0]","[0.0, 0.0, 0.0]","[0.1, 0.8, 0.1]","[1, 1, 0]",False
Uniform-Equal-H,13,0,"[1, 2, 0, 12, 0, 0, 1, 0, 0, 0]","[0.0, 0.0, 0.0]","[4.71708495616913e-05, 2.2291753768920904e-05, 6.477531592051192e-07]","[0.3333333333333333, 0.3333333333333333, 0.3333333333333333]","[0, 0, 1]",True
Uniform-Equal-H,13,1,"[1, 2, 1, 13, 0, 0, 1, 0, 1, 0]","[0.0, 0.0, 0.0]","[0.00027852157592773443, 0.0, 3.387687951326371e-06]","[0.3333333333333333, 0.3333333333333333, 0.3333333333333333]","[0, 1, 0]",True
Uniform-Equal-H,13,2,"[1, 2, 0, 13, 0, 0, 1, 0, 2, 0]","[0.0, 0.0, 0.0]","[0.00030355211695035306, 0.0020660733540852866, 0.004907567628224693]","[0.3333333333333333, 0.3333333333333333, 0.3333333333333333]","[1, 0, 0]",True
Uniform-Equal-H,13,3,"[1, 2, 0, 13, 0, 0, 1, 0, 3, 0]","[0.0, 0.0, 0.0]","[0.003779072999954224, 0.012216987291971845, 0.008316822052001953]","[0.3333333333333333, 0.3333333333333333, 0.3333333333333333]","[1, 0, 0]",True
Uniform-Equal-H,13,4,"[1, 2, 0, 13, 0, 0, 1, 0, 4, 0]","[0.0, 0.0, 0.0]","[0.06862830797831218, 0.050074301560719806, 0.04839051668842634]","[0.3333333333333333, 0.3333333333333333, 0.3333333333333333]","[0, 0, 1]",True
Uniform-Equal-H,13,5,"[1, 2, 0, 13, 0, 0, 1, 1, 5, 0]","[0.0, 0.0, 0.0]","[0.25623669028282164, 0.13958033720652263, 0.19377386569976807]","[0.3333333333333333, 0.3333333333333333, 0.3333333333333333]","[0, 0, 1]",True
Uniform-Equal-H,13,6,"[1, 1, 0, 13, 0, -1, 0, 1, 6, 0]","[0.25, 0.0, 0.0]","[0.2999623616536458, 0.45572916666666663, 0.5506391326586405]","[0.3333333333333333, 0.3333333333333333, 0.3333333333333333]","[1, 0, 0]",True
Uniform-Equal-H,14,0,"[4, 2, -3, 13, 0, 0, 1, 0, 1, 1]","[0.0, 0.0, 0.0]","[5.446420343716942e-07, 2.6980177799860646e-07, 1.0631121317545578e-06]","[0.3333333333333333, 0.3333333333333333, 0.3333333333333333]","[0, 1, 0]",True
Uniform-Equal-H,14,1,"[3, 2, -3, 13, 0, 0, 1, 0, 2, 1]","[0.0, 0.0, 0.0]","[1.6360167789459233e-05, 6.129693349202476e-06, 1.1910990635553998e-05]","[0.3333333333333333, 0.3333333333333333, 0.3333333333333333]","[0, 1, 0]",True
Uniform-Equal-H,14,2,"[3, 2, -3, 13, 0, 0, 1, 0, 3, 1]","[0.0, 0.0, 0.0]","[4.493054612477622e-05, 0.00014910504810015365, 4.1204959869384775e-05]","[0.3333333333333333, 0.3333333333333333, 0.3333333333333333]","[1, 0, 0]",True
Uniform-Equal-H,14,3,"[3, 2, -4, 13, 0, 0, 1, 0, 4, 1]","[0.0, 0.0, 0.0]","[0.0, 0.0, 0.0]","[0.1, 0.8, 0.1]","[0, 0, 1]",False
Uniform-Equal-H,14,4,"[2, 2, -3, 13, 0, 0, 1, 1, 5, 1]","[0.0, 0.0, 0.0]","[0.00954399108886719, 0.009861832682291667, 0.016135174306233725]","[0.3333333333333333, 0.3333333333333333, 0.3333333333333333]","[0, 0, 1]",True
Uniform-Equal-H,14,5,"[2, 2, -3, 13, 0, 0, 0, 1, 6, 1]","[0.0, 0.0, 0.0]","[0.10402559407552084, 0.08597469075520835, 0.09378670247395834]","[0.3333333333333333, 0.3333333333333333, 0.3333333333333333]","[0, 0, 1]",True
Uniform-Equal-H,14,6,"[2, 1, -3, 13, 0, 0, 0, 1, 7, 1]","[0.0, 0.0, 0.0]","[0.0, 0.0, 0.0]","[0.1, 0.8, 0.1]","[0, 1, 0]",False
Uniform-Equal-H,14,7,"[1, 1, -3, 13, 0, 0, 0, 1, 8, 1]","[0.0, 0.0, 0.0]","[0.0, 0.0, 0.0]","[0.1, 0.8, 0.1]","[0, 1, 0]",False
Uniform-Equal-H,15,0,"[1, 2, 0, 13, 0, 0, 0, 1, 6, 1]","[0.0, 0.0, 0.0]","[0.007577972412109375, 0.09624442299207052, 0.03119730631510417]","[0.3333333333333333, 0.3333333333333333, 0.3333333333333333]","[0, 1, 1]",True
Uniform-Equal-H,15,1,"[1, 1, 0, 13, 0, 0, 0, 1, 7, 1]","[0.0, 0.0, 0.0]","[0.0, 0.0, 0.0]","[0.1, 0.8, 0.1]","[1, 1, 0]",False
Uniform-Equal-H,15,2,"[1, 1, 0, 13, 0, 0, 0, 1, 8, 1]","[0.0, 0.0, 0.0]","[0.0, 0.0, 0.0]","[0.1, 0.8, 0.1]","[0, 1, 1]",False
Uniform-Equal-H,16,0,"[2, 0, -3, 12, 0, 0, 0, 2, 0, 2]","[0.0, 0.0, 0.0]","[4.490007271369299e-06, 2.819218397140504e-06, 1.6403944293657942e-06]","[0.3333333333333333, 0.3333333333333333, 0.3333333333333333]","[1, 0, 0]",True
Uniform-Equal-H,16,1,"[2, 0, -3, 13, 0, 0, 0, 2, 1, 2]","[0.0, 0.0, 0.0]","[0.0, 0.0, 0.0]","[0.1, 0.8, 0.1]","[1, 0, 0]",False
Uniform-Equal-H,16,2,"[2, 0, -4, 13, 0, 0, 0, 2, 2, 2]","[0.0, 0.0, 0.0]","[0.0, 0.0, 0.0]","[0.1, 0.8, 0.1]","[1, 0, 0]",False
Uniform-Equal-H,16,3,"[2, 0, -3, 12, 0, 0, 0, 2, 3, 2]","[0.0, 0.0, 0.0]","[0.0, 0.0, 0.0]","[0.1, 0.8, 0.1]","[0, 1, 0]",False
Uniform-Equal-H,17,0,"[1, 2, 0, 13, 0, 0, 1, 0, 3, 1]","[0.0, 0.0, 0.0]","[0.0008213894907633465, 0.0007324037981033326, 0.0002172540410359701]","[0.3333333333333333, 0.3333333333333333, 0.3333333333333333]","[0, 0, 1]",True
Uniform-Equal-H,17,1,"[1, 2, 0, 13, 0, 0, 1, 0, 4, 1]","[0.0, 0.0, 0.0]","[0.005762258529663087, 0.002293303998311361, 0.005072741254170737]","[0.3333333333333333, 0.3333333333333333, 0.3333333333333333]","[0, 1, 0]",True
Uniform-Equal-H,17,2,"[1, 2, 0, 13, 0, 0, 1, 1, 5, 1]","[0.0, 0.0, 0.0]","[0.02946718724568685, 0.013442114512125656, 0.033573526064554854]","[0.3333333333333333, 0.3333333333333333, 0.3333333333333333]","[0, 0, 1]",True
Uniform-Equal-H,17,3,"[1, 2, 0, 13, 0, 0, 0, 1, 6, 1]","[0.0, 0.0, 0.0]","[0.007577972412109375, 0.09624442299207052, 0.03119730631510417]","[0.3333333333333333, 0.3333333333333333, 0.3333333333333333]","[0, 2, 1]",True
Uniform-Equal-H,17,4,"[1, 1, 0, 13, 0, 0, 0, 1, 7, 1]","[0.0, 0.0, 0.0]","[0.0, 0.0, 0.0]","[0.1, 0.8, 0.1]","[1, 2, 0]",False
Uniform-Equal-H,17,5,"[1, 1, 0, 13, 0, 0, 0, 1, 8, 1]","[0.0, 0.0, 0.0]","[0.0, 0.0, 0.0]","[0.1, 0.8, 0.1]","[0, 2, 1]",False
Uniform-Equal-H,18,0,"[2, 0, -3, 12, 0, 0, 0, 2, 0, 3]","[0.0, 0.0, 0.0]","[3.7147000630696615e-05, 9.668792724609377e-06, 3.28367919921875e-05]","[0.3333333333333333, 0.3333333333333333, 0.3333333333333333]","[0, 1, 0]",True
Uniform-Equal-H,18,1,"[2, 0, -3, 13, 0, 0, 0, 2, 1, 3]","[0.0, 0.0, 0.0]","[0.0, 0.0, 0.0]","[0.1, 0.8, 0.1]","[0, 1, 0]",False
Uniform-Equal-H,18,2,"[2, 0, -3, 13, 0, 0, 0, 2, 2, 3]","[0.0, 0.0, 0.0]","[0.0, 0.0, 0.0]","[0.1, 0.8, 0.1]","[0, 1, 0]",False
Uniform-Equal-H,18,3,"[2, 0, -3, 12, 0, 0, 0, 2, 3, 3]","[0.0, 0.0, 0.0]","[0.0, 0.0, 0.0]","[0.1, 0.8, 0.1]","[1, 0, 0]",False
Uniform-Equal-H,18,4,"[1, 0, -3, 12, 0, 0, 0, 2, 4, 3]","[0.0, 0.0, 0.0]","[0.0, 0.0, 0.0]","[0.1, 0.8, 0.1]","[0, 0, 1]",False
Uniform-Equal-H,19,0,"[2, 2, -4, 13, 0, 0, 1, 1, 5, 1]","[0.0, 0.0, 0.0]","[0.0, 0.0, 0.0]","[0.1, 0.8, 0.1]","[0, 0, 1]",False
Uniform-Equal-H,19,1,"[2, 2, -3, 13, 0, 0, 0, 1, 6, 1]","[0.0, 0.0, 0.0]","[0.10402559407552084, 0.08597469075520835, 0.09378670247395834]","[0.3333333333333333, 0.3333333333333333, 0.3333333333333333]","[0, 0, 2]",True
Uniform-Equal-H,19,2,"[2, 1, -3, 13, 0, 0, 0, 1, 7, 1]","[0.0, 0.0, 0.0]","[0.0, 0.0, 0.0]","[0.1, 0.8, 0.1]","[0, 2, 0]",False
Uniform-Equal-H,19,3,"[1, 1, -3, 13, 0, 0, 0, 1, 8, 1]","[0.0, 0.0, 0.0]","[0.0, 0.0, 0.0]","[0.1, 0.8, 0.1]","[0, 2, 0]",False
Uniform-Equal-H,20,0,"[1, 2, -3, 13, 0, 0, 1, 1, 5, 0]","[0.25, 0.0, 0.0]","[0.22786458333333331, 0.6732400258382161, 0.5075581868489583]","[0.3333333333333333, 0.3333333333333333, 0.3333333333333333]","[1, 0, 0]",True
Uniform-Equal-H,21,0,"[2, 2, -5, 13, 0, 0, 1, 0, 3, 0]","[0.0, 0.0, 0.0]","[0.037620602448781335, 0.09345274527867636, 0.08307534058888755]","[0.3333333333333333, 0.3333333333333333, 0.3333333333333333]","[0, 0, 1]",True
Uniform-Equal-H,21,1,"[2, 2, -5, 13, 0, 0, 1, 0, 4, 0]","[0.0, 0.0, 0.0]","[0.12130267024040223, 0.21570879618326824, 0.36165667970975235]","[0.3333333333333333, 0.3333333333333333, 0.3333333333333333]","[1, 0, 0]",True
Uniform-Equal-H,21,2,"[1, 2, -6, 13, 0, 0, 1, 1, 5, 0]","[0.0, 0.0, 0.0]","[0.0, 0.0, 0.0]","[0.1, 0.8, 0.1]","[0, 1, 0]",False
Uniform-Equal-H,22,0,"[4, 2, -5, 13, 0, 0, 1, 0, 2, 1]","[0.0, 0.0, 0.0]","[7.349886178970338e-05, 0.0009574382692972821, 0.00044262996355692554]","[0.3333333333333333, 0.3333333333333333, 0.3333333333333333]","[0, 1, 0]",True
Uniform-Equal-H,22,1,"[3, 2, -5, 13, 0, 0, 1, 0, 3, 1]","[0.0, 0.0, 0.0]","[0.0003717522303263347, 0.003076313991546632, 0.008229426967302961]","[0.3333333333333333, 0.3333333333333333, 0.3333333333333333]","[0, 1, 0]",True
Uniform-Equal-H,22,2,"[3, 2, -5, 13, 0, 0, 1, 0, 4, 1]","[0.0, 0.0, 0.0]","[0.018767807165781657, 0.02153220907847087, 0.021809609985351565]","[0.3333333333333333, 0.3333333333333333, 0.3333333333333333]","[1, 0, 0]",True
Uniform-Equal-H,22,3,"[2, 2, -6, 13, 0, 0, 1, 1, 5, 1]","[0.0, 0.0, 0.0]","[0.0, 0.019048126220703128, 0.005094194412231447]","[0.3333333333333333, 0.3333333333333333, 0.3333333333333333]","[1, 1, 0]",True
Uniform-Equal-H,22,4,"[2, 2, -6, 13, 0, 0, 0, 1, 6, 1]","[0.0, 0.0, 0.0]","[0.029602615038553874, 0.12188711166381837, 0.1687170155843099]","[0.3333333333333333, 0.3333333333333333, 0.3333333333333333]","[1, 2, 0]",True
Uniform-Equal-H,22,5,"[1, 1, -6, 13, 0, 0, 0, 1, 7, 1]","[0.0, 0.0, 0.0]","[0.0, 0.0, 0.0]","[0.1, 0.8, 0.1]","[1, 1, 1]",False
Uniform-Equal-H,23,0,"[1, 2, -2, 13, 0, 0, 0, 1, 6, 1]","[0.0, 0.0, 0.0]","[0.008723958333333334, 0.021381937662760413, 0.21532585620880126]","[0.3333333333333333, 0.3333333333333333, 0.3333333333333333]","[2, 0, 0]",True
Uniform-Equal-H,23,1,"[1, 1, -2, 13, 0, 0, 0, 1, 7, 1]","[0.0, 0.0, 0.0]","[0.0, 0.0, 0.0]","[0.1, 0.8, 0.1]","[0, 2, 0]",False
Uniform-Equal-H,24,0,"[2, 2, -5, 13, 0, 0, 1, 0, 3, 1]","[0.0, 0.0, 0.0]","[0.01910569445292155, 0.007683401743570965, 0.008781665484110517]","[0.3333333333333333, 0.3333333333333333, 0.3333333333333333]","[0, 0, 1]",True
Uniform-Equal-H,24,1,"[2, 2, -5, 13, 0, 0, 1, 0, 4, 1]","[0.0, 0.0, 0.0]","[0.09937747955322265, 0.03638707478841146, 0.09608978271484375]","[0.3333333333333333, 0.3333333333333333, 0.3333333333333333]","[0, 1, 0]",True
Uniform-Equal-H,24,2,"[1, 2, -5, 13, 0, 0, 1, 1, 5, 1]","[0.0, 0.0, 0.0]","[0.034136962890625, 0.3033487955729167, 0.18782755533854167]","[0.3333333333333333, 0.3333333333333333, 0.3333333333333333]","[0, 1, 0]",True
Uniform-Equal-H,24,3,"[1, 2, -5, 13, 0, 0, 0, 1, 6, 1]","[0.0, 0.25, 0.0]","[0.5999247233072916, 0.45572916666666663, 0.5278269449869791]","[0.3333333333333333, 0.3333333333333333, 0.3333333333333333]","[0, 1, 0]",True
Uniform-Equal-H,25,0,"[4, 2, -3, 12, 0, 0, 1, 0, 0, 0]","[0.0, 0.0, 0.0]","[1.0142946465810144e-06, 1.8451522191365568e-07, 4.954680442810059e-07]","[0.3333333333333333, 0.3333333333333333, 0.3333333333333333]","[0, 1, 0]",True
Uniform-Equal-H,25,1,"[4, 2, -3, 13, 0, 0, 1, 0, 1, 0]","[0.0, 0.0, 0.0]","[5.445638020833335e-07, 5.638853518168132e-06, 4.236238491535188e-06]","[0.3333333333333333, 0.3333333333333333, 0.3333333333333333]","[0, 0, 1]",True
Uniform-Equal-H,25,2,"[3, 2, -3, 13, 0, 0, 1, 0, 2, 0]","[0.0, 0.0, 0.0]","[0.00013038912439346316, 5.856641133626304e-06, 8.183432133992513e-05]","[0.3333333333333333, 0.3333333333333333, 0.3333333333333333]","[0, 1, 0]",True
Uniform-Equal-H,25,3,"[3, 2, -3, 13, 0, 0, 1, 0, 3, 0]","[0.0, 0.0, 0.0]","[6.885284423828126e-05, 0.0007934755500157676, 0.0010824022181828818]","[0.3333333333333333, 0.3333333333333333, 0.3333333333333333]","[0, 1, 0]",True
Uniform-Equal-H,25,4,"[3, 2, -3, 13, 0, 0, 1, 0, 4, 0]","[0.0, 0.0, 0.0]","[0.0013133891423543296, 0.004426761833826701, 0.002923184394836426]","[0.3333333333333333, 0.3333333333333333, 0.3333333333333333]","[0, 0, 1]",True
Uniform-Equal-H,25,5,"[2, 2, -3, 13, 0, 0, 1, 1, 5, 0]","[0.0, 0.0, 0.0]","[0.0038049316406249998, 0.011803030312061308, 0.008600046793619791]","[0.3333333333333333, 0.3333333333333333, 0.3333333333333333]","[0, 1, 0]",True
Uniform-Equal-H,25,6,"[2, 1, -3, 13, 0, -1, 0, 1, 6, 0]","[0.0, 0.0, 0.0]","[0.0, 0.0, 0.0]","[0.1, 0.8, 0.1]","[0, 1, 0]",False
Uniform-Equal-H,25,7,"[2, 0, -3, 13, 0, -1, 0, 1, 7, 0]","[0.0, 0.0, 0.0]","[0.0, 0.0, 0.0]","[0.1, 0.8, 0.1]","[0, 1, 0]",False
Uniform-Equal-H,26,0,"[2, 2, -3, 13, 0, 0, 1, 0, 4, 0]","[0.0, 0.00625, 0.0]","[0.10806722005208333, 0.24130635579427084, 0.0]","[0.3333333333333333, 0.3333333333333333, 0.3333333333333333]","[0, 1, 0]",True
Uniform-Equal-H,26,1,"[1, 2, -3, 13, 0, 0, 1, 1, 5, 0]","[0.25, 0.25, 0.0]","[0.22786458333333331, 0.6732400258382161, 0.5075581868489583]","[0.3333333333333333, 0.3333333333333333, 0.3333333333333333]","[1, 1, 0]",True
Uniform-Equal-H,27,0,"[5, 2, -5, 13, 0, 0, 1, 0, 3, 1]","[0.0, 0.0, 0.0]","[3.656768798828127e-10, 1.2848682403564456e-08, 1.408894856770834e-09]","[0.3333333333333333, 0.3333333333333333, 0.3333333333333333]","[1, 0, 0]",True
Uniform-Equal-H,27,1,"[5, 2, -5, 13, 0, 0, 1, 0, 4, 1]","[0.0, 0.0, 0.0]","[2.987406412760417e-07, 4.352629184722902e-08, 8.645947774251306e-07]","[0.3333333333333333, 0.3333333333333333, 0.3333333333333333]","[1, 0, 0]",True
Uniform-Equal-H,27,2,"[4, 2, -6, 13, 0, 0, 1, 1, 5, 1]","[0.0, 0.0, 0.0]","[0.0, 4.187227884928387e-07, 1.8528645833333342e-06]","[0.3333333333333333, 0.3333333333333333, 0.3333333333333333]","[0, 0, 1]",True
Uniform-Equal-H,27,3,"[4, 2, -6, 13, 0, 0, 0, 1, 6, 1]","[0.0, 0.0, 0.0]","[0.0, 0.0, 0.0]","[0.1, 0.8, 0.1]","[0, 2, 0]",False
Uniform-Equal-H,27,4,"[3, 1, -6, 13, 0, 0, 0, 1, 7, 1]","[0.0, 0.0, 0.0]","[0.0, 0.0, 0.0]","[0.1, 0.8, 0.1]","[0, 2, 0]",False
Uniform-Equal-H,27,5,"[3, 1, -6, 13, 0, 0, 0, 1, 8, 1]","[0.0, 0.0, 0.0]","[0.0, 0.0, 0.0]","[0.1, 0.8, 0.1]","[0, 2, 0]",False
Uniform-Equal-H,27,6,"[2, 1, -5, 13, 0, 0, 0, 1, 9, 1]","[0.0, 0.0, 0.0]","[0.0, 0.0, 0.0]","[0.1, 0.8, 0.1]","[0, 1, 1]",False
Uniform-Equal-H,27,7,"[2, 0, -5, 12, 0, 0, 0, 1, 10, 1]","[0.0, 0.0, 0.0]","[0.0, 0.0, 0.0]","[0.1, 0.8, 0.1]","[1, 0, 0]",False
Uniform-Equal-H,28,0,"[1, 2, 0, 12, 0, 0, 1, 0, 0, 1]","[0.0, 0.0, 0.0]","[1.9649745440483103e-06, 1.9885635693868012e-07, 1.1874888102213549e-07]","[0.3333333333333333, 0.3333333333333333, 0.3333333333333333]","[0, 1, 0]",True
Uniform-Equal-H,28,1,"[1, 2, 0, 13, 0, 0, 1, 0, 1, 1]","[0.0, 0.0, 0.0]","[5.5746632655461645e-06, 8.55568656921387e-06, 1.577885169982911e-05]","[0.3333333333333333, 0.3333333333333333, 0.3333333333333333]","[0, 0, 1]",True
Uniform-Equal-H,28,2,"[1, 2, 0, 13, 0, 0, 1, 0, 2, 1]","[0.0, 0.0, 0.0]","[2.447028573354086e-05, 8.619697825113934e-05, 9.410152149200442e-05]","[0.3333333333333333, 0.3333333333333333, 0.3333333333333333]","[0, 0, 1]",True
Uniform-Equal-H,28,3,"[1, 2, 0, 13, 0, 0, 1, 0, 3, 1]","[0.0, 0.0, 0.0]","[0.0008213894907633465, 0.0007324037981033326, 0.0002172540410359701]","[0.3333333333333333, 0.3333333333333333, 0.3333333333333333]","[1, 0, 1]",True
Uniform-Equal-H,28,4,"[1, 2, 0, 13, 0, 0, 1, 0, 4, 1]","[0.0, 0.0, 0.0]","[0.005762258529663087, 0.002293303998311361, 0.005072741254170737]","[0.3333333333333333, 0.3333333333333333, 0.3333333333333333]","[1, 1, 0]",True
Uniform-Equal-H,28,5,"[1, 2, 0, 13, 0, 0, 1, 1, 5, 1]","[0.0, 0.0, 0.0]","[0.02946718724568685, 0.013442114512125656, 0.033573526064554854]","[0.3333333333333333, 0.3333333333333333, 0.3333333333333333]","[0, 0, 2]",True
Uniform-Equal-H,28,6,"[1, 2, 0, 13, 0, 0, 0, 1, 6, 1]","[0.0, 0.0, 0.0]","[0.007577972412109375, 0.09624442299207052, 0.03119730631510417]","[0.3333333333333333, 0.3333333333333333, 0.3333333333333333]","[0, 3, 1]",True
Uniform-Equal-H,28,7,"[1, 1, 0, 13, 0, 0, 0, 1, 7, 1]","[0.0, 0.0, 0.0]","[0.0, 0.0, 0.0]","[0.1, 0.8, 0.1]","[1, 3, 0]",False
Uniform-Equal-H,28,8,"[1, 1, 0, 13, 0, 0, 0, 1, 8, 1]","[0.0, 0.0, 0.0]","[0.0, 0.0, 0.0]","[0.1, 0.8, 0.1]","[0, 3, 1]",False
Uniform-Equal-H,29,0,"[1, 0, -3, 12, 0, 0, 0, 2, 0, 2]","[0.25, 0.25, 0.0]","[0.8998870849609375, 0.68359375, 0.68359375]","[0.3333333333333333, 0.3333333333333333, 0.3333333333333333]","[1, 1, 0]",True
Uniform-Equal-H,30,0,"[2, 2, -1, 12, 0, 0, 1, 0, 0, 0]","[0.0, 0.0, 0.0]","[5.2774144435922315e-05, 1.4617629528045655e-05, 2.1431924263636274e-05]","[0.3333333333333333, 0.3333333333333333, 0.3333333333333333]","[1, 0, 1]",True
Uniform-Equal-H,30,1,"[2, 2, -1, 13, 0, 0, 1, 0, 1, 0]","[0.0, 0.0, 0.0]","[0.00032792926152547204, 0.00032615976929664615, 8.915981854001683e-05]","[0.3333333333333333, 0.3333333333333333, 0.3333333333333333]","[1, 0, 1]",True
Uniform-Equal-H,30,2,"[2, 2, -1, 13, 0, 0, 1, 0, 2, 0]","[0.0, 0.0, 0.0]","[0.0030466499765714012, 0.001220757802327474, 0.003155779726306598]","[0.3333333333333333, 0.3333333333333333, 0.3333333333333333]","[0, 1, 0]",True
Uniform-Equal-H,30,3,"[1, 2, -1, 13, 0, 0, 1, 0, 3, 0]","[0.0, 0.0, 0.0]","[0.006868357340494792, 0.0166556765238444, 0.022587063024441405]","[0.3333333333333333, 0.3333333333333333, 0.3333333333333333]","[1, 0, 0]",True
Uniform-Equal-H,30,4,"[1, 2, -1, 13, 0, 0, 1, 0, 4, 0]","[0.0, 0.0, 0.0]","[0.0564852015177409, 0.09461761474609376, 0.07584318161010743]","[0.3333333333333333, 0.3333333333333333, 0.3333333333333333]","[0, 1, 0]",True
Uniform-Equal-H,30,5,"[1, 2, -1, 13, 0, 0, 1, 1, 5, 0]","[0.0, 0.0, 0.0]","[0.22815450032552084, 0.28430836995442715, 0.1183929443359375]","[0.3333333333333333, 0.3333333333333333, 0.3333333333333333]","[2, 0, 0]",True
Uniform-Equal-H,30,6,"[1, 1, -2, 13, 0, -1, 0, 1, 6, 0]","[0.0, 0.0, 0.0]","[0.0, 0.0, 0.0]","[0.1, 0.8, 0.1]","[0, 2, 0]",False
Uniform-Equal-H,31,0,"[2, 2, -1, 13, 0, 0, 1, 0, 1, 0]","[0.0, 0.0, 0.0]","[0.00032792926152547204, 0.00032615976929664615, 8.915981854001683e-05]","[0.3333333333333333, 0.3333333333333333, 0.3333333333333333]","[1, 0, 2]",True
Uniform-Equal-H,31,1,"[2, 2, -1, 13, 0, 0, 1, 0, 2, 0]","[0.0, 0.0, 0.0]","[0.0030466499765714012, 0.001220757802327474, 0.003155779726306598]","[0.3333333333333333, 0.3333333333333333, 0.3333333333333333]","[1, 1, 0]",True
Uniform-Equal-H,31,2,"[1, 2, -1, 13, 0, 0, 1, 0, 3, 0]","[0.0, 0.0, 0.0]","[0.006868357340494792, 0.0166556765238444, 0.022587063024441405]","[0.3333333333333333, 0.3333333333333333, 0.3333333333333333]","[2, 0, 0]",True
Uniform-Equal-H,31,3,"[1, 2, -2, 13, 0, 0, 1, 0, 4, 0]","[0.0, 0.0, 0.0]","[0.0, 0.0, 0.0]","[0.1, 0.8, 0.1]","[0, 1, 1]",False
Uniform-Equal-H,31,4,"[1, 2, -2, 13, 0, 0, 1, 1, 5, 0]","[0.0, 0.0, 0.0]","[0.0, 0.0, 0.0]","[0.1, 0.8, 0.1]","[0, 1, 0]",False
Uniform-Equal-H,31,5,"[1, 1, -2, 13, 0, -1, 0, 1, 6, 0]","[0.0, 0.0, 0.0]","[0.0, 0.0, 0.0]","[0.1, 0.8, 0.1]","[0, 3, 0]",False
Uniform-Equal-H,32,0,"[4, 2, -3, 12, 0, 0, 1, 0, 0, 1]","[0.0, 0.0, 0.0]","[3.795300004879635e-08, 1.0421479543050134e-08, 2.6910780270894376e-08]","[0.3333333333333333, 0.3333333333333333, 0.3333333333333333]","[1, 0, 0]",True
Uniform-Equal-H,32,1,"[4, 2, -3, 13, 0, 0, 1, 0, 1, 1]","[0.0, 0.0, 0.0]","[5.446420343716942e-07, 2.6980177799860646e-07, 1.0631121317545578e-06]","[0.3333333333333333, 0.3333333333333333, 0.3333333333333333]","[0, 2, 0]",True
Uniform-Equal-H,32,2,"[3, 2, -3, 13, 0, 0, 1, 0, 2, 1]","[0.0, 0.0, 0.0]","[1.6360167789459233e-05, 6.129693349202476e-06, 1.1910990635553998e-05]","[0.3333333333333333, 0.3333333333333333, 0.3333333333333333]","[0, 1, 1]",True
Uniform-Equal-H,32,3,"[3, 2, -3, 13, 0, 0, 1, 0, 3, 1]","[0.0, 0.0, 0.0]","[4.493054612477622e-05, 0.00014910504810015365, 4.1204959869384775e-05]","[0.3333333333333333, 0.3333333333333333, 0.3333333333333333]","[1, 0, 1]",True
Uniform-Equal-H,32,4,"[3, 2, -3, 13, 0, 0, 1, 0, 4, 1]","[0.0, 0.0, 0.0]","[0.00025415751139322917, 0.0001698870849609375, 0.004389174735546113]","[0.3333333333333333, 0.3333333333333333, 0.3333333333333333]","[0, 0, 1]",True
Uniform-Equal-H,32,5,"[2, 2, -3, 13, 0, 0, 1, 1, 5, 1]","[0.0, 0.0, 0.0]","[0.00954399108886719, 0.009861832682291667, 0.016135174306233725]","[0.3333333333333333, 0.3333333333333333, 0.3333333333333333]","[1, 0, 1]",True
Uniform-Equal-H,32,6,"[2, 2, -3, 13, 0, 0, 0, 1, 6, 1]","[0.0, 0.0, 0.0]","[0.10402559407552084, 0.08597469075520835, 0.09378670247395834]","[0.3333333333333333, 0.3333333333333333, 0.3333333333333333]","[0, 0, 3]",True
Uniform-Equal-H,32,7,"[2, 1, -3, 13, 0, 0, 0, 1, 7, 1]","[0.0, 0.0, 0.0]","[0.0, 0.0, 0.0]","[0.1, 0.8, 0.1]","[0, 3, 0]",False
Uniform-Equal-H,32,8,"[1, 1, -3, 13, 0, 0, 0, 1, 8, 1]","[0.0, 0.0, 0.0]","[0.0, 0.0, 0.0]","[0.1, 0.8, 0.1]","[1, 2, 0]",False
Uniform-Equal-H,33,0,"[1, 0, -1, 12, 0, 0, 0, 3, 0, 4]","[0.0, 0.0, 0.25]","[0.8998870849609375, 0.68359375, 0.68359375]","[0.3333333333333333, 0.3333333333333333, 0.3333333333333333]","[0, 0, 1]",True
Uniform-Equal-H,34,0,"[2, 1, -5, 13, 0, -1, 0, 1, 6, 0]","[0.25, 0.0, 0.0]","[0.5506391326586405, 0.5278269449869791, 0.68359375]","[0.3333333333333333, 0.3333333333333333, 0.3333333333333333]","[1, 0, 0]",True
Uniform-Equal-H,35,0,"[1, 0, -3, 12, 0, 0, 0, 3, 0, 4]","[0.0, 0.25, 0.0]","[0.8998870849609375, 0.68359375, 0.68359375]","[0.3333333333333333, 0.3333333333333333, 0.3333333333333333]","[0, 1, 0]",True
Uniform-Equal-H,36,0,"[1, 2, -4, 13, 0, 0, 1, 1, 5, 1]","[0.0, 0.0, 0.0]","[0.0, 0.0, 0.0]","[0.1, 0.8, 0.1]","[0, 2, 0]",False
Uniform-Equal-H,36,1,"[1, 2, -4, 13, 0, 0, 0, 1, 6, 1]","[0.0, 0.0, 0.0]","[0.0, 0.0, 0.0]","[0.1, 0.8, 0.1]","[0, 2, 0]",False
Uniform-Equal-H,36,2,"[0, 1, -4, 13, 0, 0, 0, 1, 7, 1]","[0.0, 0.0, 0.0]","[0.0, 0.0, 0.0]","[0.1, 0.8, 0.1]","[0, 2, 0]",False
Uniform-Equal-H,37,0,"[5, 2, -5, 13, 0, 0, 1, 0, 4, 1]","[0.0, 0.0, 0.0]","[2.987406412760417e-07, 4.352629184722902e-08, 8.645947774251306e-07]","[0.3333333333333333, 0.3333333333333333, 0.3333333333333333]","[2, 0, 0]",True
Uniform-Equal-H,37,1,"[4, 2, -6, 13, 0, 0, 1, 1, 5, 1]","[0.0, 0.0, 0.0]","[0.0, 4.187227884928387e-07, 1.8528645833333342e-06]","[0.3333333333333333, 0.3333333333333333, 0.3333333333333333]","[0, 0, 2]",True
Uniform-Equal-H,37,2,"[4, 2, -5, 13, 0, 0, 0, 1, 6, 1]","[0.0, 0.0, 0.0]","[0.0003467694346110027, 9.876698811848961e-05, 1.4824422200520842e-05]","[0.3333333333333333, 0.3333333333333333, 0.3333333333333333]","[0, 1, 0]",True
Uniform-Equal-H,37,3,"[3, 1, -6, 13, 0, 0, 0, 1, 7, 1]","[0.0, 0.0, 0.0]","[0.0, 0.0, 0.0]","[0.1, 0.8, 0.1]","[0, 3, 0]",False
Uniform-Equal-H,37,4,"[3, 1, -6, 13, 0, 0, 0, 1, 8, 1]","[0.0, 0.0, 0.0]","[0.0, 0.0, 0.0]","[0.1, 0.8, 0.1]","[0, 3, 0]",False
Uniform-Equal-H,37,5,"[2, 1, -5, 13, 0, 0, 0, 1, 9, 1]","[0.0, 0.0, 0.0]","[0.0, 0.0, 0.0]","[0.1, 0.8, 0.1]","[0, 2, 1]",False
Uniform-Equal-H,37,6,"[2, 0, -5, 12, 0, 0, 0, 1, 10, 1]","[0.0, 0.0, 0.0]","[0.0, 0.0, 0.0]","[0.1, 0.8, 0.1]","[1, 1, 0]",False
Uniform-Equal-H,38,0,"[2, 2, -1, 13, 0, 0, 1, 0, 2, 1]","[0.0, 0.0, 0.0]","[5.111958312988283e-05, 4.208351389567059e-05, 0.000362763336579005]","[0.3333333333333333, 0.3333333333333333, 0.3333333333333333]","[1, 0, 0]",True
Uniform-Equal-H,38,1,"[1, 2, -1, 13, 0, 0, 1, 0, 3, 1]","[0.0, 0.0, 0.0]","[0.0006222962872187299, 0.0008197497558593752, 0.002281237424214681]","[0.3333333333333333, 0.3333333333333333, 0.3333333333333333]","[1, 1, 0]",True
Uniform-Equal-H,38,2,"[1, 2, -1, 13, 0, 0, 1, 0, 4, 1]","[0.0, 0.0, 0.0]","[0.009843979581197104, 0.0060867831230163585, 0.013156995455423991]","[0.3333333333333333, 0.3333333333333333, 0.3333333333333333]","[1, 0, 1]",True
Uniform-Equal-H,38,3,"[1, 2, -1, 13, 0, 0, 1, 1, 5, 1]","[0.0, 0.0, 0.0]","[0.04754357393582663, 0.04559794123967489, 0.0011793619791666667]","[0.3333333333333333, 0.3333333333333333, 0.3333333333333333]","[0, 1, 0]",True
Uniform-Equal-H,38,4,"[1, 2, -1, 13, 0, 0, 0, 1, 6, 1]","[0.0, 0.0, 0.0]","[0.07671346028645833, 0.13006076216697693, 0.23114437053600945]","[0.3333333333333333, 0.3333333333333333, 0.3333333333333333]","[1, 0, 0]",True
Uniform-Equal-H,38,5,"[1, 1, -2, 13, 0, 0, 0, 1, 7, 1]","[0.0, 0.0, 0.0]","[0.0, 0.0, 0.0]","[0.1, 0.8, 0.1]","[0, 3, 0]",False
Uniform-Equal-H,39,0,"[1, 2, -1, 13, 0, 0, 1, 0, 3, 0]","[0.0, 0.0, 0.0]","[0.006868357340494792, 0.0166556765238444, 0.022587063024441405]","[0.3333333333333333, 0.3333333333333333, 0.3333333333333333]","[3, 0, 0]",True
Uniform-Equal-H,39,1,"[1, 2, -2, 13, 0, 0, 1, 0, 4, 0]","[0.0, 0.0, 0.0]","[0.0, 0.0, 0.0]","[0.1, 0.8, 0.1]","[1, 1, 1]",False
Uniform-Equal-H,39,2,"[1, 2, -2, 13, 0, 0, 1, 1, 5, 0]","[0.0, 0.0, 0.0]","[0.0, 0.0, 0.0]","[0.1, 0.8, 0.1]","[0, 2, 0]",False
Uniform-Equal-H,39,3,"[1, 1, -2, 13, 0, -1, 0, 1, 6, 0]","[0.0, 0.0, 0.0]","[0.0, 0.0, 0.0]","[0.1, 0.8, 0.1]","[0, 4, 0]",False
Uniform-Equal-H,40,0,"[4, 2, -3, 12, 0, 0, 1, 0, 0, 0]","[0.0, 0.0, 0.0]","[1.0142946465810144e-06, 1.8451522191365568e-07, 4.954680442810059e-07]","[0.3333333333333333, 0.3333333333333333, 0.3333333333333333]","[0, 1, 1]",True
Uniform-Equal-H,40,1,"[4, 2, -3, 13, 0, 0, 1, 0, 1, 0]","[0.0, 0.0, 0.0]","[5.445638020833335e-07, 5.638853518168132e-06, 4.236238491535188e-06]","[0.3333333333333333, 0.3333333333333333, 0.3333333333333333]","[1, 0, 1]",True
Uniform-Equal-H,40,2,"[3, 2, -3, 13, 0, 0, 1, 0, 2, 0]","[0.0, 0.0, 0.0]","[0.00013038912439346316, 5.856641133626304e-06, 8.183432133992513e-05]","[0.3333333333333333, 0.3333333333333333, 0.3333333333333333]","[0, 2, 0]",True
Uniform-Equal-H,40,3,"[3, 2, -3, 13, 0, 0, 1, 0, 3, 0]","[0.0, 0.0, 0.0]","[6.885284423828126e-05, 0.0007934755500157676, 0.0010824022181828818]","[0.3333333333333333, 0.3333333333333333, 0.3333333333333333]","[0, 1, 1]",True
Uniform-Equal-H,40,4,"[3, 2, -3, 13, 0, 0, 1, 0, 4, 0]","[0.0, 0.0, 0.0]","[0.0013133891423543296, 0.004426761833826701, 0.002923184394836426]","[0.3333333333333333, 0.3333333333333333, 0.3333333333333333]","[1, 0, 1]",True
Uniform-Equal-H,40,5,"[2, 2, -4, 13, 0, 0, 1, 1, 5, 0]","[0.0, 0.0, 0.0]","[0.0, 0.0, 0.0]","[0.1, 0.8, 0.1]","[0, 1, 0]",False
Uniform-Equal-H,40,6,"[2, 1, -4, 13, 0, -1, 0, 1, 6, 0]","[0.0, 0.0, 0.0]","[0.0, 0.0, 0.0]","[0.1, 0.8, 0.1]","[1, 0, 0]",False
Uniform-Equal-H,40,7,"[1, 0, -4, 13, 0, -1, 0, 1, 7, 0]","[0.0, 0.0, 0.0]","[0.0, 0.0, 0.0]","[0.1, 0.8, 0.1]","[0, 1, 0]",False
Uniform-Equal-H,41,0,"[1, 2, -5, 13, 0, 0, 1, 1, 5, 0]","[0.0, 0.0, 0.25]","[0.68359375, 0.45572916666666663, 0.827789306640625]","[0.3333333333333333, 0.3333333333333333, 0.3333333333333333]","[0, 0, 1]",True
Uniform-Equal-H,42,0,"[1, 2, -1, 13, 0, 0, 1, 1, 5, 1]","[0.0, 0.0, 0.0]","[0.04754357393582663, 0.04559794123967489, 0.0011793619791666667]","[0.3333333333333333, 0.3333333333333333, 0.3333333333333333]","[0, 1, 1]",True
Uniform-Equal-H,42,1,"[1, 2, -1, 13, 0, 0, 0, 1, 6, 1]","[0.0, 0.0, 0.0]","[0.07671346028645833, 0.13006076216697693, 0.23114437053600945]","[0.3333333333333333, 0.3333333333333333, 0.3333333333333333]","[1, 0, 1]",True
Uniform-Equal-H,42,2,"[1, 1, -1, 13, 0, 0, 0, 1, 7, 1]","[0.0, 0.0, 0.0]","[0.0, 0.0, 0.0]","[0.1, 0.8, 0.1]","[0, 1, 0]",False
Uniform-Equal-H,43,0,"[2, 2, -5, 13, 0, 0, 1, 0, 3, 1]","[0.0, 0.0, 0.0]","[0.01910569445292155, 0.007683401743570965, 0.008781665484110517]","[0.3333333333333333, 0.3333333333333333, 0.3333333333333333]","[0, 0, 2]",True
Uniform-Equal-H,43,1,"[2, 2, -5, 13, 0, 0, 1, 0, 4, 1]","[0.0, 0.0, 0.0]","[0.09937747955322265, 0.03638707478841146, 0.09608978271484375]","[0.3333333333333333, 0.3333333333333333, 0.3333333333333333]","[1, 1, 0]",True
Uniform-Equal-H,43,2,"[1, 2, -6, 13, 0, 0, 1, 1, 5, 1]","[0.0, 0.0, 0.0]","[0.0, 0.0, 0.0]","[0.1, 0.8, 0.1]","[0, 1, 0]",False
Uniform-Equal-H,43,3,"[1, 2, -6, 13, 0, 0, 0, 1, 6, 1]","[0.25, 0.0, 0.0]","[0.45572916666666663, 0.0, 0.22786458333333331]","[0.3333333333333333, 0.3333333333333333, 0.3333333333333333]","[1, 0, 0]",True
Uniform-Equal-H,44,0,"[1, 2, -1, 13, 0, 0, 1, 0, 4, 0]","[0.0, 0.0, 0.0]","[0.0564852015177409, 0.09461761474609376, 0.07584318161010743]","[0.3333333333333333, 0.3333333333333333, 0.3333333333333333]","[0, 2, 0]",True
Uniform-Equal-H,44,1,"[1, 2, -1, 13, 0, 0, 1, 1, 5, 0]","[0.0, 0.0, 0.0]","[0.22815450032552084, 0.28430836995442715, 0.1183929443359375]","[0.3333333333333333, 0.3333333333333333, 0.3333333333333333]","[3, 0, 0]",True
Uniform-Equal-H,44,2,"[1, 1, -2, 13, 0, -1, 0, 1, 6, 0]","[0.0, 0.0, 0.0]","[0.0, 0.0, 0.0]","[0.1, 0.8, 0.1]","[0, 5, 0]",False
Uniform-Equal-H,45,0,"[1, 2, -3, 13, 0, 0, 1, 1, 5, 0]","[0.25, 0.4375, 0.0]","[0.22786458333333331, 0.6732400258382161, 0.5075581868489583]","[0.3333333333333333, 0.3333333333333333, 0.3333333333333333]","[1, 2, 0]",True
Uniform-Equal-H,46,0,"[1, 2, 0, 12, 0, 0, 1, 0, 0, 1]","[0.0, 0.0, 0.0]","[1.9649745440483103e-06, 1.9885635693868012e-07, 1.1874888102213549e-07]","[0.3333333333333333, 0.3333333333333333, 0.3333333333333333]","[0, 2, 0]",True
Uniform-Equal-H,46,1,"[1, 2, 0, 13, 0, 0, 1, 0, 1, 1]","[0.0, 0.0, 0.0]","[5.5746632655461645e-06, 8.55568656921387e-06, 1.577885169982911e-05]","[0.3333333333333333, 0.3333333333333333, 0.3333333333333333]","[0, 1, 1]",True
Uniform-Equal-H,46,2,"[1, 2, 0, 13, 0, 0, 1, 0, 2, 1]","[0.0, 0.0, 0.0]","[2.447028573354086e-05, 8.619697825113934e-05, 9.410152149200442e-05]","[0.3333333333333333, 0.3333333333333333, 0.3333333333333333]","[0, 1, 1]",True
Uniform-Equal-H,46,3,"[1, 2, 0, 13, 0, 0, 1, 0, 3, 1]","[0.0, 0.0, 0.0]","[0.0008213894907633465, 0.0007324037981033326, 0.0002172540410359701]","[0.3333333333333333, 0.3333333333333333, 0.3333333333333333]","[2, 0, 1]",True
Uniform-Equal-H,46,4,"[1, 2, 0, 13, 0, 0, 1, 0, 4, 1]","[0.0, 0.0, 0.0]","[0.005762258529663087, 0.002293303998311361, 0.005072741254170737]","[0.3333333333333333, 0.3333333333333333, 0.3333333333333333]","[1, 2, 0]",True
Uniform-Equal-H,46,5,"[1, 2, 0, 13, 0, 0, 1, 1, 5, 1]","[0.0, 0.0, 0.0]","[0.02946718724568685, 0.013442114512125656, 0.033573526064554854]","[0.3333333333333333, 0.3333333333333333, 0.3333333333333333]","[1, 0, 2]",True
Uniform-Equal-H,46,6,"[1, 2, 0, 13, 0, 0, 0, 1, 6, 1]","[0.0, 0.0, 0.0]","[0.007577972412109375, 0.09624442299207052, 0.03119730631510417]","[0.3333333333333333, 0.3333333333333333, 0.3333333333333333]","[1, 3, 1]",True
Uniform-Equal-H,46,7,"[1, 1, 0, 13, 0, 0, 0, 1, 7, 1]","[0.0, 0.0, 0.0]","[0.0, 0.0, 0.0]","[0.1, 0.8, 0.1]","[1, 4, 0]",False
Uniform-Equal-H,46,8,"[1, 1, 0, 13, 0, 0, 0, 1, 8, 1]","[0.0, 0.0, 0.0]","[0.0, 0.0, 0.0]","[0.1, 0.8, 0.1]","[0, 4, 1]",False
Uniform-Equal-H,47,0,"[1, 2, 0, 13, 0, 0, 1, 0, 1, 0]","[0.0, 0.0, 0.0]","[2.9891408284505213e-05, 0.00032969584147135426, 0.0003979310218493144]","[0.3333333333333333, 0.3333333333333333, 0.3333333333333333]","[0, 1, 0]",True
Uniform-Equal-H,47,1,"[1, 2, 0, 13, 0, 0, 1, 0, 2, 0]","[0.0, 0.0, 0.0]","[0.00030355211695035306, 0.0020660733540852866, 0.004907567628224693]","[0.3333333333333333, 0.3333333333333333, 0.3333333333333333]","[2, 0, 0]",True
Uniform-Equal-H,47,2,"[1, 2, 0, 13, 0, 0, 1, 0, 3, 0]","[0.0, 0.0, 0.0]","[0.003779072999954224, 0.012216987291971845, 0.008316822052001953]","[0.3333333333333333, 0.3333333333333333, 0.3333333333333333]","[1, 1, 0]",True
Uniform-Equal-H,47,3,"[1, 2, 0, 13, 0, 0, 1, 0, 4, 0]","[0.0, 0.0, 0.0]","[0.06862830797831218, 0.050074301560719806, 0.04839051668842634]","[0.3333333333333333, 0.3333333333333333, 0.3333333333333333]","[0, 0, 2]",True
Uniform-Equal-H,47,4,"[1, 2, 0, 13, 0, 0, 1, 1, 5, 0]","[0.0, 0.00625, 0.0]","[0.25623669028282164, 0.13958033720652263, 0.19377386569976807]","[0.3333333333333333, 0.3333333333333333, 0.3333333333333333]","[0, 1, 1]",True
Uniform-Equal-H,47,5,"[1, 1, 0, 13, 0, -1, 0, 1, 6, 0]","[0.25, 0.0, 0.25]","[0.2999623616536458, 0.45572916666666663, 0.5506391326586405]","[0.3333333333333333, 0.3333333333333333, 0.3333333333333333]","[1, 0, 1]",True
Uniform-Equal-H,48,0,"[2, 0, -3, 12, 0, 0, 0, 2, 0, 3]","[0.0, 0.0, 0.0]","[3.7147000630696615e-05, 9.668792724609377e-06, 3.28367919921875e-05]","[0.3333333333333333, 0.3333333333333333, 0.3333333333333333]","[0, 1, 1]",True
Uniform-Equal-H,48,1,"[2, 0, -3, 13, 0, 0, 0, 2, 1, 3]","[0.0, 0.0, 0.0]","[0.0, 0.0, 0.0]","[0.1, 0.8, 0.1]","[1, 1, 0]",False
Uniform-Equal-H,48,2,"[2, 0, -3, 13, 0, 0, 0, 2, 2, 3]","[0.0, 0.0, 0.0]","[0.0, 0.0, 0.0]","[0.1, 0.8, 0.1]","[0, 2, 0]",False
Uniform-Equal-H,48,3,"[2, 0, -3, 12, 0, 0, 0, 2, 3, 3]","[0.0, 0.0, 0.0]","[0.0, 0.0, 0.0]","[0.1, 0.8, 0.1]","[1, 1, 0]",False
Uniform-Equal-H,48,4,"[1, 0, -2, 12, 0, 0, 0, 2, 4, 3]","[0.0, 0.0, 0.0]","[0.0, 0.0, 0.0]","[0.1, 0.8, 0.1]","[1, 0, 0]",False
Uniform-Equal-H,49,0,"[1, 2, 0, 13, 0, 0, 1, 1, 5, 1]","[0.0, 0.0, 0.0]","[0.02946718724568685, 0.013442114512125656, 0.033573526064554854]","[0.3333333333333333, 0.3333333333333333, 0.3333333333333333]","[2, 0, 2]",True
Uniform-Equal-H,49,1,"[1, 2, 0, 13, 0, 0, 0, 1, 6, 1]","[0.0, 0.0, 0.0]","[0.007577972412109375, 0.09624442299207052, 0.03119730631510417]","[0.3333333333333333, 0.3333333333333333, 0.3333333333333333]","[2, 3, 1]",True
Uniform-Equal-H,49,2,"[1, 1, -1, 13, 0, 0, 0, 1, 7, 1]","[0.0, 0.0, 0.0]","[0.0, 0.0, 0.0]","[0.1, 0.8, 0.1]","[0, 2, 0]",False
Uniform-Equal-H,49,3,"[1, 1, 0, 13, 0, 0, 0, 1, 8, 1]","[0.0, 0.0, 0.0]","[0.0, 0.0, 0.0]","[0.1, 0.8, 0.1]","[0, 5, 1]",False
Uniform-Equal-H,50,0,"[1, 2, -1, 13, 0, 0, 1, 0, 4, 0]","[0.0, 0.0, 0.0]","[0.0564852015177409, 0.09461761474609376, 0.07584318161010743]","[0.3333333333333333, 0.3333333333333333, 0.3333333333333333]","[0, 2, 1]",True
Uniform-Equal-H,50,1,"[1, 2, -1, 13, 0, 0, 1, 1, 5, 0]","[0.0, 0.0, 0.0]","[0.22815450032552084, 0.28430836995442715, 0.1183929443359375]","[0.3333333333333333, 0.3333333333333333, 0.3333333333333333]","[3, 0, 1]",True
Uniform-Equal-H,50,2,"[1, 1, -1, 13, 0, -1, 0, 1, 6, 0]","[0.0, 0.0, 0.0]","[0.0, 0.0, 0.0]","[0.1, 0.8, 0.1]","[0, 1, 0]",False
Uniform-Equal-H,51,0,"[1, 0, -1, 12, 0, 0, 0, 2, 0, 3]","[0.0, 0.0, 0.25]","[0.8998870849609375, 0.68359375, 0.68359375]","[0.3333333333333333, 0.3333333333333333, 0.3333333333333333]","[0, 0, 1]",True
Uniform-Equal-H,52,0,"[5, 2, -5, 13, 0, 0, 1, 0, 4, 1]","[0.0, 0.0, 0.0]","[2.987406412760417e-07, 4.352629184722902e-08, 8.645947774251306e-07]","[0.3333333333333333, 0.3333333333333333, 0.3333333333333333]","[3, 0, 0]",True
Uniform-Equal-H,52,1,"[4, 2, -6, 13, 0, 0, 1, 1, 5, 1]","[0.0, 0.0, 0.0]","[0.0, 4.187227884928387e-07, 1.8528645833333342e-06]","[0.3333333333333333, 0.3333333333333333, 0.3333333333333333]","[0, 0, 3]",True
Uniform-Equal-H,52,2,"[4, 2, -5, 13, 0, 0, 0, 1, 6, 1]","[0.0, 0.0, 0.0]","[0.0003467694346110027, 9.876698811848961e-05, 1.4824422200520842e-05]","[0.3333333333333333, 0.3333333333333333, 0.3333333333333333]","[1, 1, 0]",True
Uniform-Equal-H,52,3,"[3, 1, -6, 13, 0, 0, 0, 1, 7, 1]","[0.0, 0.0, 0.0]","[0.0, 0.0, 0.0]","[0.1, 0.8, 0.1]","[0, 4, 0]",False
Uniform-Equal-H,52,4,"[3, 1, -6, 13, 0, 0, 0, 1, 8, 1]","[0.0, 0.0, 0.0]","[0.0, 0.0, 0.0]","[0.1, 0.8, 0.1]","[0, 4, 0]",False
Uniform-Equal-H,52,5,"[2, 1, -5, 13, 0, 0, 0, 1, 9, 1]","[0.0, 0.0, 0.0]","[0.0, 0.0, 0.0]","[0.1, 0.8, 0.1]","[0, 3, 1]",False
Uniform-Equal-H,52,6,"[2, 0, -5, 12, 0, 0, 0, 1, 10, 1]","[0.0, 0.0, 0.0]","[0.0, 0.0, 0.0]","[0.1, 0.8, 0.1]","[1, 2, 0]",False
Uniform-Equal-H,53,0,"[2, 2, -5, 13, 0, 0, 1, 0, 3, 0]","[0.0, 0.0, 0.0]","[0.037620602448781335, 0.09345274527867636, 0.08307534058888755]","[0.3333333333333333, 0.3333333333333333, 0.3333333333333333]","[0, 0, 2]",True
Uniform-Equal-H,53,1,"[2, 2, -5, 13, 0, 0, 1, 0, 4, 0]","[0.0, 0.0, 0.00625]","[0.12130267024040223, 0.21570879618326824, 0.36165667970975235]","[0.3333333333333333, 0.3333333333333333, 0.3333333333333333]","[1, 0, 1]",True
Uniform-Equal-H,53,2,"[1, 2, -5, 13, 0, 0, 1, 1, 5, 0]","[0.0, 0.25, 0.25]","[0.68359375, 0.45572916666666663, 0.827789306640625]","[0.3333333333333333, 0.3333333333333333, 0.3333333333333333]","[0, 1, 1]",True
Uniform-Equal-H,54,0,"[4, 2, -3, 13, 0, 0, 1, 0, 1, 0]","[0.0, 0.0, 0.0]","[5.445638020833335e-07, 5.638853518168132e-06, 4.236238491535188e-06]","[0.3333333333333333, 0.3333333333333333, 0.3333333333333333]","[1, 1, 1]",True
Uniform-Equal-H,54,1,"[3, 2, -3, 13, 0, 0, 1, 0, 2, 0]","[0.0, 0.0, 0.0]","[0.00013038912439346316, 5.856641133626304e-06, 8.183432133992513e-05]","[0.3333333333333333, 0.3333333333333333, 0.3333333333333333]","[1, 2, 0]",True
Uniform-Equal-H,54,2,"[3, 2, -3, 13, 0, 0, 1, 0, 3, 0]","[0.0, 0.0, 0.0]","[6.885284423828126e-05, 0.0007934755500157676, 0.0010824022181828818]","[0.3333333333333333, 0.3333333333333333, 0.3333333333333333]","[0, 2, 1]",True
Uniform-Equal-H,54,3,"[3, 2, -3, 13, 0, 0, 1, 0, 4, 0]","[0.0, 0.0, 0.0]","[0.0013133891423543296, 0.004426761833826701, 0.002923184394836426]","[0.3333333333333333, 0.3333333333333333, 0.3333333333333333]","[2, 0, 1]",True
Uniform-Equal-H,54,4,"[2, 2, -4, 13, 0, 0, 1, 1, 5, 0]","[0.0, 0.0, 0.0]","[0.0, 0.0, 0.0]","[0.1, 0.8, 0.1]","[0, 2, 0]",False
Uniform-Equal-H,54,5,"[2, 1, -4, 13, 0, -1, 0, 1, 6, 0]","[0.0, 0.0, 0.0]","[0.0, 0.0, 0.0]","[0.1, 0.8, 0.1]","[1, 1, 0]",False
Uniform-Equal-H,54,6,"[1, 0, -4, 13, 0, -1, 0, 1, 7, 0]","[0.0, 0.0, 0.0]","[0.0, 0.0, 0.0]","[0.1, 0.8, 0.1]","[0, 1, 1]",False
Uniform-Equal-H,55,0,"[1, 0, -5, 12, 0, 0, 0, 2, 0, 3]","[0.25, 0.0, 0.25]","[0.8998870849609375, 0.68359375, 0.68359375]","[0.3333333333333333, 0.3333333333333333, 0.3333333333333333]","[1, 0, 1]",True
Uniform-Equal-H,56,0,"[1, 2, -3, 13, 0, 0, 1, 0, 4, 1]","[0.0, 0.0, 0.0]","[0.0006052296956380209, 0.011077403783798219, 0.019602832794189454]","[0.3333333333333333, 0.3333333333333333, 0.3333333333333333]","[0, 1, 0]",True
Uniform-Equal-H,56,1,"[1, 2, -4, 13, 0, 0, 1, 1, 5, 1]","[0.0, 0.0, 0.0]","[0.0, 0.0, 0.0]","[0.1, 0.8, 0.1]","[0, 3, 0]",False
Uniform-Equal-H,56,2,"[1, 2, -4, 13, 0, 0, 0, 1, 6, 1]","[0.0, 0.0, 0.0]","[0.0, 0.0, 0.0]","[0.1, 0.8, 0.1]","[0, 3, 0]",False
Uniform-Equal-H,56,3,"[0, 1, -4, 13, 0, 0, 0, 1, 7, 1]","[0.0, 0.0, 0.0]","[0.0, 0.0, 0.0]","[0.1, 0.8, 0.1]","[0, 3, 0]",False
Uniform-Equal-H,57,0,"[1, 0, -5, 12, 0, 0, 0, 2, 0, 3]","[0.4375, 0.0, 0.25]","[0.8998870849609375, 0.68359375, 0.68359375]","[0.3333333333333333, 0.3333333333333333, 0.3333333333333333]","[2, 0, 1]",True
Uniform-Equal-H,58,0,"[1, 2, -3, 13, 0, 0, 1, 1, 5, 0]","[0.25, 0.4375, 0.25]","[0.22786458333333331, 0.6732400258382161, 0.5075581868489583]","[0.3333333333333333, 0.3333333333333333, 0.3333333333333333]","[1, 2, 1]",True
Uniform-Equal-H,59,0,"[2, 2, -1, 12, 0, 0, 1, 0, 0, 0]","[0.0, 0.0, 0.0]","[5.2774144435922315e-05, 1.4617629528045655e-05, 2.1431924263636274e-05]","[0.3333333333333333, 0.3333333333333333, 0.3333333333333333]","[1, 0, 2]",True
Uniform-Equal-H,59,1,"[2, 2, -1, 13, 0, 0, 1, 0, 1, 0]","[0.0, 0.0, 0.0]","[0.00032792926152547204, 0.00032615976929664615, 8.915981854001683e-05]","[0.3333333333333333, 0.3333333333333333, 0.3333333333333333]","[1, 0, 3]",True
Uniform-Equal-H,59,2,"[2, 2, -1, 13, 0, 0, 1, 0, 2, 0]","[0.0, 0.0, 0.0]","[0.0030466499765714012, 0.001220757802327474, 0.003155779726306598]","[0.3333333333333333, 0.3333333333333333, 0.3333333333333333]","[1, 2, 0]",True
Uniform-Equal-H,59,3,"[1, 2, -1, 13, 0, 0, 1, 0, 3, 0]","[0.0, 0.0, 0.0]","[0.006868357340494792, 0.0166556765238444, 0.022587063024441405]","[0.3333333333333333, 0.3333333333333333, 0.3333333333333333]","[3, 1, 0]",True
Uniform-Equal-H,59,4,"[1, 2, -1, 13, 0, 0, 1, 0, 4, 0]","[0.0, 0.0, 0.0]","[0.0564852015177409, 0.09461761474609376, 0.07584318161010743]","[0.3333333333333333, 0.3333333333333333, 0.3333333333333333]","[0, 2, 2]",True
Uniform-Equal-H,59,5,"[1, 2, -1, 13, 0, 0, 1, 1, 5, 0]","[0.0, 0.0, 0.0]","[0.22815450032552084, 0.28430836995442715, 0.1183929443359375]","[0.3333333333333333, 0.3333333333333333, 0.3333333333333333]","[3, 1, 1]",True
Uniform-Equal-H,59,6,"[1, 1, -1, 13, 0, -1, 0, 1, 6, 0]","[0.0, 0.0, 0.0]","[0.0, 0.0, 0.0]","[0.1, 0.8, 0.1]","[0, 2, 0]",False
Uniform-Equal-H,60,0,"[3, 2, -5, 13, 0, 0, 1, 0, 4, 1]","[0.0, 0.0, 0.0]","[0.018767807165781657, 0.02153220907847087, 0.021809609985351565]","[0.3333333333333333, 0.3333333333333333, 0.3333333333333333]","[1, 1, 0]",True
Uniform-Equal-H,60,1,"[2, 2, -5, 13, 0, 0, 1, 1, 5, 1]","[0.0, 0.0, 0.0]","[0.046068639755249025, 0.08651654879252117, 0.05848085530598959]","[0.3333333333333333, 0.3333333333333333, 0.3333333333333333]","[0, 0, 1]",True
Uniform-Equal-H,60,2,"[2, 2, -5, 13, 0, 0, 0, 1, 6, 1]","[0.0, 0.0, 0.0]","[0.19193868001302083, 0.17603628158569337, 0.15497822165489197]","[0.3333333333333333, 0.3333333333333333, 0.3333333333333333]","[1, 0, 0]",True
Uniform-Equal-H,60,3,"[1, 1, -6, 13, 0, 0, 0, 1, 7, 1]","[0.0, 0.0, 0.0]","[0.0, 0.0, 0.0]","[0.1, 0.8, 0.1]","[1, 2, 1]",False
Uniform-QP-H,1,0,"[5, 2, -5, 12, 0, 0, 1, 0, 0, 0]","[0.0, 0.0, 0.0]","[1.7283236632744474e-06, 2.796390652656556e-07, 2.8353373209635426e-08]","[0.3333333333333333, 0.3333333333333333, 0.3333333333333333]","[0, 1, 0]",True
Uniform-QP-H,1,1,"[4, 2, -5, 13, 0, 0, 1, 0, 1, 0]","[0.0, 0.0, 0.0]","[2.0001893987258283e-05, 6.679687500000001e-06, 1.5190429687500003e-05]","[0.3333333333333333, 0.3333333333333333, 0.3333333333333333]","[1, 0, 0]",True
Uniform-QP-H,1,2,"[4, 2, -5, 13, 0, 0, 1, 0, 2, 0]","[0.0, 0.0, 0.0]","[0.0004979564348856608, 0.00021724853515625003, 0.00037885928948720303]","[0.3333333333333333, 0.3333333333333333, 0.3333333333333333]","[0, 1, 0]",True
Uniform-QP-H,1,3,"[3, 2, -5, 13, 0, 0, 1, 0, 3, 0]","[0.0, 0.0, 0.0]","[0.0005315839648246765, 0.00480971391995748, 0.00144189453125]","[0.3333333333333333, 0.3333333333333333, 0.3333333333333333]","[0, 1, 0]",True
Uniform-QP-H,1,4,"[3, 2, -5, 13, 0, 0, 1, 0, 4, 0]","[0.0, 0.0, 0.0]","[0.011423184871673583, 0.038145740826924644, 0.0011890379587809244]","[0.3333333333333333, 0.3333333333333333, 0.3333333333333333]","[0, 0, 1]",True
Uniform-QP-H,1,5,"[2, 2, -5, 13, 0, 0, 1, 1, 5, 0]","[0.0, 0.0, 0.0]","[0.19984029134114584, 0.08723958333333333, 0.17710310022036235]","[0.3333333333333333, 0.3333333333333333, 0.3333333333333333]","[0, 0, 1]",True
Uniform-QP-H,1,6,"[2, 1, -5, 13, 0, -1, 0, 1, 6, 0]","[0.0, 0.25, 0.0]","[0.5506391326586405, 0.5278269449869791, 0.68359375]","[0.3333333333333333, 0.3333333333333333, 0.3333333333333333]","[0, 1, 0]",True
Uniform-QP-H,2,0,"[1, 2, -5, 13, 0, 0, 0, 1, 6, 1]","[0.25, 0.0, 0.0]","[0.5999247233072916, 0.45572916666666663, 0.5278269449869791]","[0.3333333333333333, 0.3333333333333333, 0.3333333333333333]","[1, 0, 0]",True
Uniform-QP-H,3,0,"[2, 2, -3, 13, 0, 0, 1, 0, 3, 1]","[0.0, 0.0, 0.0]","[0.0010936408042907717, 0.0026283424377441405, 0.0033776327451070154]","[0.3333333333333333, 0.3333333333333333, 0.3333333333333333]","[1, 0, 0]",True
Uniform-QP-H,3,1,"[1, 2, -4, 13, 0, 0, 1, 0, 4, 1]","[0.0, 0.0, 0.0]","[0.0, 0.0, 0.0]","[0.1, 0.8, 0.1]","[0, 1, 0]",False
Uniform-QP-H,3,2,"[1, 2, -4, 13, 0, 0, 1, 1, 5, 1]","[0.0, 0.0, 0.0]","[0.0, 0.0, 0.0]","[0.1, 0.8, 0.1]","[0, 0, 1]",False
Uniform-QP-H,3,3,"[1, 2, -3, 13, 0, 0, 0, 1, 6, 1]","[0.0, 0.0, 0.0]","[0.15185496012369792, 0.35408935546875, 0.3476383209228516]","[0.3333333333333333, 0.3333333333333333, 0.3333333333333333]","[0, 1, 0]",True
Uniform-QP-H,3,4,"[0, 1, -4, 13, 0, 0, 0, 1, 7, 1]","[0.0, 0.0, 0.0]","[0.0, 0.0, 0.0]","[0.1, 0.8, 0.1]","[0, 1, 0]",False
Uniform-QP-H,4,0,"[1, 2, 0, 13, 0, 0, 1, 0, 1, 1]","[0.0, 0.0, 0.0]","[5.5746632655461645e-06, 8.55568656921387e-06, 1.577885169982911e-05]","[0.3333333333333333, 0.3333333333333333, 0.3333333333333333]","[0, 0, 1]",True
Uniform-QP-H,4,1,"[1, 2, 0, 13, 0, 0, 1, 0, 2, 1]","[0.0, 0.0, 0.0]","[2.447028573354086e-05, 8.619697825113934e-05, 9.410152149200442e-05]","[0.3333333333333333, 0.3333333333333333, 0.3333333333333333]","[0, 1, 0]",True
Uniform-QP-H,4,2,"[1, 2, 0, 13, 0, 0, 1, 0, 3, 1]","[0.0, 0.0, 0.0]","[0.0008213894907633465, 0.0007324037981033326, 0.0002172540410359701]","[0.3333333333333333, 0.3333333333333333, 0.3333333333333333]","[0, 1, 0]",True
Uniform-QP-H,4,3,"[1, 2, 0, 13, 0, 0, 1, 0, 4, 1]","[0.0, 0.0, 0.0]","[0.005762258529663087, 0.002293303998311361, 0.005072741254170737]","[0.3333333333333333, 0.3333333333333333, 0.3333333333333333]","[0, 1, 0]",True
Uniform-QP-H,4,4,"[1, 2, 0, 13, 0, 0, 1, 1, 5, 1]","[0.0, 0.0, 0.0]","[0.02946718724568685, 0.013442114512125656, 0.033573526064554854]","[0.3333333333333333, 0.3333333333333333, 0.3333333333333333]","[0, 0, 1]",True
Uniform-QP-H,4,5,"[1, 2, 0, 13, 0, 0, 0, 1, 6, 1]","[0.0, 0.0, 0.0]","[0.007577972412109375, 0.09624442299207052, 0.03119730631510417]","[0.3333333333333333, 0.3333333333333333, 0.3333333333333333]","[0, 0, 1]",True
Uniform-QP-H,4,6,"[1, 1, 0, 13, 0, 0, 0, 1, 7, 1]","[0.0, 0.0, 0.0]","[0.0, 0.0, 0.0]","[0.1, 0.8, 0.1]","[0, 1, 0]",False
Uniform-QP-H,4,7,"[1, 1, 0, 13, 0, 0, 0, 1, 8, 1]","[0.0, 0.0, 0.0]","[0.0, 0.0, 0.0]","[0.1, 0.8, 0.1]","[0, 1, 0]",False
Uniform-QP-H,5,0,"[1, 0, -5, 12, 0, 0, 0, 2, 0, 3]","[0.25, 0.0, 0.0]","[0.8998870849609375, 0.68359375, 0.68359375]","[0.3333333333333333, 0.3333333333333333, 0.3333333333333333]","[1, 0, 0]",True
Uniform-QP-H,6,0,"[2, 2, -3, 13, 0, 0, 1, 0, 2, 1]","[0.0, 0.0, 0.0]","[9.305950914494861e-06, 0.0007124895057958425, 0.0006223900562119561]","[0.3333333333333333, 0.3333333333333333, 0.3333333333333333]","[0, 1, 0]",True
Uniform-QP-H,6,1,"[2, 2, -3, 13, 0, 0, 1, 0, 3, 1]","[0.0, 0.0, 0.0]","[0.0003086633987233719, 0.0023000609367451567, 0.001743504747444665]","[0.3333333333333333, 0.3333333333333333, 0.3333333333333333]","[1, 0, 1]",True
Uniform-QP-H,6,2,"[1, 2, -3, 13, 0, 0, 1, 0, 4, 1]","[0.0, 0.0, 0.0]","[0.0012860529326959096, 0.004491679801473107, 0.010734365692975723]","[0.3333333333333333, 0.3333333333333333, 0.3333333333333333]","[1, 0, 0]",True
Uniform-QP-H,6,3,"[1, 2, -4, 13, 0, 0, 1, 1, 5, 1]","[0.0, 0.0, 0.0]","[0.0, 0.0, 0.0]","[0.1, 0.8, 0.1]","[0, 1, 1]",False
Uniform-QP-H,6,4,"[1, 2, -4, 13, 0, 0, 0, 1, 6, 1]","[0.0, 0.0, 0.0]","[0.0, 0.0, 0.0]","[0.1, 0.8, 0.1]","[0, 1, 0]",False
Uniform-QP-H,6,5,"[0, 1, -4, 13, 0, 0, 0, 1, 7, 1]","[0.0, 0.0, 0.0]","[0.0, 0.0, 0.0]","[0.1, 0.8, 0.1]","[0, 2, 0]",False
Uniform-QP-H,7,0,"[3, 2, -3, 12, 0, 0, 1, 0, 0, 0]","[0.0, 0.0, 0.0]","[0.0001773404676164921, 7.86109570598997e-05, 0.00010452030424365851]","[0.3333333333333333, 0.3333333333333333, 0.3333333333333333]","[1, 0, 0]",True
Uniform-QP-H,7,1,"[2, 2, -3, 13, 0, 0, 1, 0, 1, 0]","[0.0, 0.0, 0.0]","[4.614334858660892e-05, 0.0015258768067722686, 0.002289991752280178]","[0.3333333333333333, 0.3333333333333333, 0.3333333333333333]","[1, 0, 0]",True
Uniform-QP-H,7,2,"[2, 2, -4, 13, 0, 0, 1, 0, 2, 0]","[0.0, 0.0, 0.0]","[0.0, 0.0, 0.0]","[0.1, 0.8, 0.1]","[0, 1, 0]",False
Uniform-QP-H,7,3,"[2, 2, -4, 13, 0, 0, 1, 0, 3, 0]","[0.0, 0.0, 0.0]","[0.0, 0.0, 0.0]","[0.1, 0.8, 0.1]","[0, 1, 0]",False
Uniform-QP-H,7,4,"[1, 2, -4, 13, 0, 0, 1, 0, 4, 0]","[0.0, 0.0, 0.0]","[0.0, 0.0, 0.0]","[0.1, 0.8, 0.1]","[0, 1, 0]",False
Uniform-QP-H,7,5,"[1, 2, -4, 13, 0, 0, 1, 1, 5, 0]","[0.0, 0.0, 0.0]","[0.0, 0.0, 0.0]","[0.1, 0.8, 0.1]","[0, 1, 0]",False
Uniform-QP-H,8,0,"[5, 2, -5, 13, 0, 0, 1, 0, 4, 1]","[0.0, 0.0, 0.0]","[2.6142776121933554e-07, 5.259470405172874e-24, 7.502755265941139e-07]","[0.3333333333333333, 0.3333333333333333, 0.3333333333333333]","[0, 1, 0]",True
Uniform-QP-H,8,1,"[4, 2, -6, 13, 0, 0, 1, 1, 5, 1]","[0.0, 0.0, 0.0]","[0.0, 5.059608849242568e-23, 1.6214407179230936e-06]","[0.3333333333333333, 0.3333333333333333, 0.3333333333333333]","[0, 1, 0]",True
Uniform-QP-H,8,2,"[4, 2, -6, 13, 0, 0, 0, 1, 6, 1]","[0.0, 0.0, 0.0]","[0.0, 0.0, 0.0]","[0.1, 0.8, 0.1]","[1, 0, 0]",False
Uniform-QP-H,8,3,"[3, 1, -6, 13, 0, 0, 0, 1, 7, 1]","[0.0, 0.0, 0.0]","[0.0, 0.0, 0.0]","[0.1, 0.8, 0.1]","[0, 1, 0]",False
Uniform-QP-H,8,4,"[3, 1, -6, 13, 0, 0, 0, 1, 8, 1]","[0.0, 0.0, 0.0]","[0.0, 0.0, 0.0]","[0.1, 0.8, 0.1]","[0, 1, 0]",False
Uniform-QP-H,8,5,"[2, 1, -5, 13, 0, 0, 0, 1, 9, 1]","[0.0, 0.0, 0.0]","[0.0, 0.0, 0.0]","[0.1, 0.8, 0.1]","[0, 1, 0]",False
Uniform-QP-H,8,6,"[1, 1, -5, 12, 0, 0, 0, 1, 10, 1]","[0.0, 0.0, 0.0]","[0.0, 0.0, 0.0]","[0.1, 0.8, 0.1]","[0, 1, 0]",False
Uniform-QP-H,9,0,"[1, 2, -1, 13, 0, 0, 1, 0, 4, 1]","[0.0, 0.0, 0.0]","[0.012879565064511562, 0.011427254828793035, 0.02554784782526073]","[0.3333333333333333, 0.3333333333333333, 0.3333333333333333]","[0, 1, 0]",True
Uniform-QP-H,9,1,"[1, 2, -1, 13, 0, 0, 1, 1, 5, 1]","[0.0, 0.0, 0.0]","[0.09283961734029209, 0.08620078113731983, 1.4250741708446446e-19]","[0.3333333333333333, 0.3333333333333333, 0.3333333333333333]","[0, 1, 0]",True
Uniform-QP-H,9,2,"[1, 2, -1, 13, 0, 0, 0, 1, 6, 1]","[0.0, 0.0, 0.0]","[0.06713190442523687, 0.276366189265017, 0.285451790632815]","[0.3333333333333333, 0.3333333333333333, 0.3333333333333333]","[0, 0, 1]",True
Uniform-QP-H,9,3,"[1, 1, -1, 13, 0, 0, 0, 1, 7, 1]","[0.0, 0.0, 0.0]","[0.0, 0.0, 0.0]","[0.1, 0.8, 0.1]","[0, 1, 0]",False
Uniform-QP-H,10,0,"[4, 2, -3, 13, 0, 0, 1, 0, 1, 0]","[0.0, 0.0, 0.0]","[1.1571439401548597e-06, 2.692381139603338e-06, 1.0108158231742785e-06]","[0.3333333333333333, 0.3333333333333333, 0.3333333333333333]","[1, 0, 0]",True
Uniform-QP-H,10,1,"[3, 2, -3, 13, 0, 0, 1, 0, 2, 0]","[0.0, 0.0, 0.0]","[3.791561653285099e-06, 1.1611131223205104e-05, 1.5821719475373518e-05]","[0.3333333333333333, 0.3333333333333333, 0.3333333333333333]","[0, 1, 0]",True
Uniform-QP-H,10,2,"[3, 2, -3, 13, 0, 0, 1, 0, 3, 0]","[0.0, 0.0, 0.0]","[3.5411152889067295e-05, 5.947274743826743e-05, 0.00012927128128362565]","[0.3333333333333333, 0.3333333333333333, 0.3333333333333333]","[1, 0, 0]",True
Uniform-QP-H,10,3,"[3, 2, -4, 13, 0, 0, 1, 0, 4, 0]","[0.0, 0.0, 0.0]","[0.0, 0.0, 0.0]","[0.1, 0.8, 0.1]","[0, 0, 1]",False
Uniform-QP-H,10,4,"[2, 2, -3, 13, 0, 0, 1, 1, 5, 0]","[0.0, 0.0, 0.0]","[0.007519878678712426, 1.4262112847914658e-18, 0.005326085443955059]","[0.3333333333333333, 0.3333333333333333, 0.3333333333333333]","[1, 0, 0]",True
Uniform-QP-H,10,5,"[2, 1, -4, 13, 0, -1, 0, 1, 6, 0]","[0.0, 0.0, 0.0]","[0.0, 0.0, 0.0]","[0.1, 0.8, 0.1]","[0, 1, 0]",False
Uniform-QP-H,10,6,"[1, 0, -4, 13, 0, -1, 0, 1, 7, 0]","[0.0, 0.0, 0.0]","[0.0, 0.0, 0.0]","[0.1, 0.8, 0.1]","[0, 1, 0]",False
Uniform-QP-H,11,0,"[3, 2, -3, 13, 0, 0, 1, 0, 4, 0]","[0.0, 0.0, 0.0]","[0.0007756689927197526, 0.001382883075490661, 0.0012040446837028426]","[0.3333333333333333, 0.3333333333333333, 0.3333333333333333]","[0, 0, 1]",True
Uniform-QP-H,11,1,"[2, 2, -3, 13, 0, 0, 1, 1, 5, 0]","[0.0, 0.0, 0.0]","[0.007514957287957766, 0.0029224642046072054, 0.006927379691050783]","[0.3333333333333333, 0.3333333333333333, 0.3333333333333333]","[2, 0, 0]",True
Uniform-QP-H,11,2,"[2, 1, -4, 13, 0, -1, 0, 1, 6, 0]","[0.0, 0.0, 0.0]","[0.0, 0.0, 0.0]","[0.1, 0.8, 0.1]","[0, 2, 0]",False
Uniform-QP-H,11,3,"[1, 0, -4, 13, 0, -1, 0, 1, 7, 0]","[0.0, 0.0, 0.0]","[0.0, 0.0, 0.0]","[0.1, 0.8, 0.1]","[0, 2, 0]",False
Uniform-QP-H,12,0,"[3, 2, -5, 13, 0, 0, 1, 0, 1, 1]","[0.0, 0.0, 0.0]","[0.0006358693093011493, 0.0014561368564639365, 2.167894345069302e-05]","[0.3333333333333333, 0.3333333333333333, 0.3333333333333333]","[0, 1, 0]",True
Uniform-QP-H,12,1,"[3, 2, -5, 13, 0, 0, 1, 0, 2, 1]","[0.0, 0.0, 0.0]","[0.00013728256429215575, 0.004880539566096967, 0.0053024885405237795]","[0.3333333333333333, 0.3333333333333333, 0.3333333333333333]","[1, 0, 0]",True
Uniform-QP-H,12,2,"[2, 2, -5, 13, 0, 0, 1, 0, 3, 1]","[0.0, 0.0, 0.0]","[0.03737405316404375, 0.014092523122773645, 0.013327317266041241]","[0.3333333333333333, 0.3333333333333333, 0.3333333333333333]","[1, 0, 0]",True
Uniform-QP-H,12,3,"[2, 2, -6, 13, 0, 0, 1, 0, 4, 1]","[0.0, 0.0, 0.0]","[0.0, 0.0, 0.0]","[0.1, 0.8, 0.1]","[0, 0, 1]",False
Uniform-QP-H,12,4,"[1, 2, -5, 13, 0, 0, 1, 1, 5, 1]","[0.0, 0.0, 0.0]","[0.03386811177142314, 0.3657005932878665, 0.21282954157696743]","[0.3333333333333333, 0.3333333333333333, 0.3333333333333333]","[0, 1, 0]",True
Uniform-QP-H,12,5,"[0, 2, -6, 13, 0, 0, 0, 1, 6, 1]","[0.0, 0.0, 0.0]","[0.0, 0.0, 0.0]","[0.1, 0.8, 0.1]","[0, 1, 0]",False
Uniform-QP-H,13,0,"[5, 2, -5, 12, 0, 0, 1, 0, 0, 1]","[0.0, 0.0, 0.0]","[2.593893788503321e-05, 1.958328573031786e-05, 2.99381090042467e-07]","[0.3333333333333333, 0.3333333333333333, 0.3333333333333333]","[1, 0, 0]",True
Uniform-QP-H,13,1,"[4, 2, -5, 13, 0, 0, 1, 0, 1, 1]","[0.0, 0.0, 0.0]","[0.0001610276053832449, 0.0002449919333993271, 7.221349973890609e-07]","[0.3333333333333333, 0.3333333333333333, 0.3333333333333333]","[0, 0, 1]",True
Uniform-QP-H,13,2,"[4, 2, -5, 13, 0, 0, 1, 0, 2, 1]","[0.0, 0.0, 0.0]","[2.223919666832004e-05, 0.0020330376106873203, 0.0009285608412867165]","[0.3333333333333333, 0.3333333333333333, 0.3333333333333333]","[1, 0, 0]",True
Uniform-QP-H,13,3,"[3, 2, -5, 13, 0, 0, 1, 0, 3, 1]","[0.0, 0.0, 0.0]","[0.00015868598098204, 0.0062588550228425775, 0.016665407781209295]","[0.3333333333333333, 0.3333333333333333, 0.3333333333333333]","[0, 1, 0]",True
Uniform-QP-H,13,4,"[3, 2, -5, 13, 0, 0, 1, 0, 4, 1]","[0.0, 0.0, 0.0]","[0.03374003082558377, 0.042964398161171126, 0.04495145652694665]","[0.3333333333333333, 0.3333333333333333, 0.3333333333333333]","[0, 0, 1]",True
Uniform-QP-H,13,5,"[2, 2, -5, 13, 0, 0, 1, 1, 5, 1]","[0.0, 0.0, 0.0]","[0.016053932167208546, 0.17303652436650174, 0.11280971270070342]","[0.3333333333333333, 0.3333333333333333, 0.3333333333333333]","[1, 0, 0]",True
Uniform-QP-H,13,6,"[2, 2, -6, 13, 0, 0, 0, 1, 6, 1]","[0.0, 0.0, 0.0]","[0.017482884431087357, 0.03971274324212486, 0.18117181340815822]","[0.3333333333333333, 0.3333333333333333, 0.3333333333333333]","[0, 1, 0]",True
Uniform-QP-H,13,7,"[1, 1, -6, 13, 0, 0, 0, 1, 7, 1]","[0.0, 0.0, 0.0]","[0.0, 0.0, 0.0]","[0.1, 0.8, 0.1]","[0, 1, 0]",False
Uniform-QP-H,14,0,"[4, 2, -5, 13, 0, 0, 1, 1, 5, 0]","[0.0, 0.0, 0.0]","[1.1025057898999644e-07, 5.023766159291268e-07, 5.703697344696888e-06]","[0.3333333333333333, 0.3333333333333333, 0.3333333333333333]","[0, 0, 1]",True
Uniform-QP-H,14,1,"[4, 1, -5, 13, 0, -1, 0, 1, 6, 0]","[0.0, 0.0, 0.0]","[5.633370597010655e-05, 1.9649243615799694e-05, 2.317716450094455e-05]","[0.3333333333333333, 0.3333333333333333, 0.3333333333333333]","[1, 0, 0]",True
Uniform-QP-H,14,2,"[3, 0, -5, 13, 0, -1, 0, 1, 7, 0]","[0.0, 0.0, 0.0]","[0.0, 0.0, 0.0]","[0.1, 0.8, 0.1]","[0, 1, 0]",False
Uniform-QP-H,14,3,"[2, 0, -5, 13, 0, 0, 0, 3, 8, 0]","[0.0, 0.0, 0.0]","[0.0, 0.0, 0.0]","[0.1, 0.8, 0.1]","[0, 1, 0]",False
Uniform-QP-H,14,4,"[2, 0, -5, 13, 0, 0, 0, 3, 9, 0]","[0.0, 0.0, 0.0]","[0.0, 0.0, 0.0]","[0.1, 0.8, 0.1]","[0, 1, 0]",False
Uniform-QP-H,14,5,"[1, 0, -5, 12, 0, 0, 0, 3, 10, 0]","[0.0, 0.0, 0.0]","[0.0, 0.0, 0.0]","[0.1, 0.8, 0.1]","[0, 1, 0]",False
Uniform-QP-H,15,0,"[2, 2, -5, 13, 0, 0, 0, 1, 6, 1]","[0.0, 0.0, 0.0]","[0.2394232639550264, 0.3424091569242005, 0.04899128042098312]","[0.3333333333333333, 0.3333333333333333, 0.3333333333333333]","[0, 1, 0]",True
Uniform-QP-H,15,1,"[1, 1, -5, 13, 0, 0, 0, 1, 7, 1]","[0.0, 0.0, 0.0]","[0.0, 0.0, 0.0]","[0.1, 0.8, 0.1]","[1, 0, 0]",False
Uniform-QP-H,16,0,"[2, 2, -5, 13, 0, 0, 1, 0, 4, 1]","[0.0, 0.0, 0.0]","[0.10297721437349108, 0.060768808842197486, 0.09217243890902412]","[0.3333333333333333, 0.3333333333333333, 0.3333333333333333]","[0, 0, 1]",True
Uniform-QP-H,16,1,"[1, 2, -5, 13, 0, 0, 1, 1, 5, 1]","[0.0, 0.00625, 0.0]","[0.048367208487213244, 0.2821980710873393, 0.16767922930003634]","[0.3333333333333333, 0.3333333333333333, 0.3333333333333333]","[0, 2, 0]",True
Uniform-QP-H,16,2,"[1, 2, -5, 13, 0, 0, 0, 1, 6, 1]","[0.25, 0.25, 0.0]","[0.398930206146654, 0.3805488456274676, 0.8040017831868159]","[0.3333333333333333, 0.3333333333333333, 0.3333333333333333]","[1, 1, 0]",True
Uniform-QP-H,17,0,"[4, 2, -5, 13, 0, 0, 1, 0, 2, 0]","[0.0, 0.0, 0.0]","[0.0004572734024251209, 4.802835009224034e-22, 0.0003417146146284863]","[0.3333333333333333, 0.3333333333333333, 0.3333333333333333]","[0, 2, 0]",True
Uniform-QP-H,17,1,"[3, 2, -5, 13, 0, 0, 1, 0, 3, 0]","[0.0, 0.0, 0.0]","[0.0008877801947491607, 0.0033985369778157678, 3.1876769752741634e-21]","[0.3333333333333333, 0.3333333333333333, 0.3333333333333333]","[1, 1, 0]",True
Uniform-QP-H,17,2,"[3, 2, -6, 13, 0, 0, 1, 0, 4, 0]","[0.0, 0.0, 0.0]","[3.7421650911898975e-22, 0.012214343785560371, 0.06126431548021207]","[0.3333333333333333, 0.3333333333333333, 0.3333333333333333]","[1, 0, 0]",True
Uniform-QP-H,17,3,"[2, 2, -6, 13, 0, 0, 1, 1, 5, 0]","[0.0, 0.0, 0.0]","[0.0, 0.0, 0.0]","[0.1, 0.8, 0.1]","[0, 1, 0]",False
Uniform-QP-H,17,4,"[2, 1, -6, 13, 0, -1, 0, 1, 6, 0]","[0.0, 0.0, 0.0]","[0.0, 0.0, 0.0]","[0.1, 0.8, 0.1]","[0, 1, 0]",False
Uniform-QP-H,18,0,"[4, 1, -5, 13, 0, -1, 0, 1, 6, 0]","[0.0, 0.0, 0.0]","[9.068375245121306e-05, 4.413903147347431e-05, 2.2522730214258572e-05]","[0.3333333333333333, 0.3333333333333333, 0.3333333333333333]","[1, 1, 0]",True
Uniform-QP-H,18,1,"[3, 0, -6, 13, 0, -1, 0, 1, 7, 0]","[0.0, 0.0, 0.0]","[0.0, 0.0, 0.0]","[0.1, 0.8, 0.1]","[0, 1, 0]",False
Uniform-QP-H,18,2,"[2, 0, -5, 13, 0, 0, 0, 3, 8, 0]","[0.0, 0.0, 0.0]","[0.0, 0.0, 0.0]","[0.1, 0.8, 0.1]","[0, 2, 0]",False
Uniform-QP-H,18,3,"[2, 0, -5, 13, 0, 0, 0, 3, 9, 0]","[0.0, 0.0, 0.0]","[0.0, 0.0, 0.0]","[0.1, 0.8, 0.1]","[0, 2, 0]",False
Uniform-QP-H,18,4,"[1, 0, -5, 12, 0, 0, 0, 3, 10, 0]","[0.0, 0.0, 0.0]","[0.0, 0.0, 0.0]","[0.1, 0.8, 0.1]","[0, 2, 0]",False
Uniform-QP-H,19,0,"[1, 2, -1, 13, 0, 0, 1, 1, 5, 0]","[0.0, 0.0, 0.0]","[0.2778387968217898, 0.39473463370507844, 0.11602290624548382]","[0.3333333333333333, 0.3333333333333333, 0.3333333333333333]","[0, 0, 1]",True
Uniform-QP-H,19,1,"[1, 1, -1, 13, 0, -1, 0, 1, 6, 0]","[0.0, 0.0, 0.0]","[0.0, 0.0, 0.0]","[0.1, 0.8, 0.1]","[0, 1, 0]",False
Uniform-QP-H,20,0,"[3, 2, -3, 13, 0, 0, 1, 0, 2, 0]","[0.0, 0.0, 0.0]","[3.5827264293375444e-06, 9.554099654961892e-06, 1.3533244600848684e-05]","[0.3333333333333333, 0.3333333333333333, 0.3333333333333333]","[0, 1, 1]",True
Uniform-QP-H,20,1,"[3, 2, -3, 13, 0, 0, 1, 0, 3, 0]","[0.0, 0.0, 0.0]","[5.381617522783468e-05, 4.674261084296885e-05, 0.0001277511291364692]","[0.3333333333333333, 0.3333333333333333, 0.3333333333333333]","[1, 1, 0]",True
Uniform-QP-H,20,2,"[3, 2, -3, 13, 0, 0, 1, 0, 4, 0]","[0.0, 0.0, 0.0]","[0.0017467211500193944, 0.0002502244570302609, 0.0004265686915798498]","[0.3333333333333333, 0.3333333333333333, 0.3333333333333333]","[0, 0, 2]",True
Uniform-QP-H,20,3,"[3, 2, -3, 13, 0, 0, 1, 1, 5, 0]","[0.0, 0.0, 0.0]","[0.0, 0.0, 0.0]","[0.1, 0.8, 0.1]","[0, 1, 0]",False
Uniform-QP-H,20,4,"[2, 1, -3, 13, 0, -1, 0, 1, 6, 0]","[0.0, 0.0, 0.0]","[0.0, 0.0, 0.0]","[0.1, 0.8, 0.1]","[0, 1, 0]",False
Uniform-QP-H,20,5,"[2, 0, -3, 13, 0, -1, 0, 1, 7, 0]","[0.0, 0.0, 0.0]","[0.0, 0.0, 0.0]","[0.1, 0.8, 0.1]","[0, 1, 0]",False
Uniform-QP-H,20,6,"[1, 0, -3, 13, 0, 0, 0, 3, 8, 0]","[0.0, 0.0, 0.0]","[0.0, 0.0, 0.0]","[0.1, 0.8, 0.1]","[0, 1, 0]",False
Uniform-QP-H,21,0,"[1, 2, -2, 13, 0, 0, 0, 1, 6, 1]","[0.0, 0.0, 0.0]","[0.012399464866842453, 0.0, 0.2865982344816793]","[0.3333333333333333, 0.3333333333333333, 0.3333333333333333]","[0, 1, 0]",True
Uniform-QP-H,21,1,"[1, 1, -2, 13, 0, 0, 0, 1, 7, 1]","[0.0, 0.0, 0.0]","[0.0, 0.0, 0.0]","[0.1, 0.8, 0.1]","[0, 1, 0]",False
Uniform-QP-H,22,0,"[1, 2, 0, 13, 0, 0, 1, 0, 2, 1]","[0.0, 0.0, 0.0]","[1.1867301674556252e-06, 9.954957804104186e-05, 0.0001123304870219191]","[0.3333333333333333, 0.3333333333333333, 0.3333333333333333]","[1, 1, 0]",True
Uniform-QP-H,22,1,"[1, 2, 0, 13, 0, 0, 1, 0, 3, 1]","[0.0, 0.0, 0.0]","[0.0011687782017851202, 0.0008487560560256937, 0.0002218571648800164]","[0.3333333333333333, 0.3333333333333333, 0.3333333333333333]","[0, 1, 1]",True
Uniform-QP-H,22,2,"[1, 2, 0, 13, 0, 0, 1, 0, 4, 1]","[0.0, 0.0, 0.0]","[0.008255126915780746, 0.002214351984829329, 0.00625514757368836]","[0.3333333333333333, 0.3333333333333333, 0.3333333333333333]","[0, 2, 0]",True
Uniform-QP-H,22,3,"[1, 2, 0, 13, 0, 0, 1, 1, 5, 1]","[0.0, 0.0, 0.0]","[0.019374036256979827, 0.01932599163674996, 0.026016208719753166]","[0.3333333333333333, 0.3333333333333333, 0.3333333333333333]","[0, 1, 1]",True
Uniform-QP-H,22,4,"[1, 2, 0, 13, 0, 0, 0, 1, 6, 1]","[0.0, 0.0, 0.0]","[0.011963255674726041, 0.06564424606372685, 0.04024765665791667]","[0.3333333333333333, 0.3333333333333333, 0.3333333333333333]","[0, 1, 1]",True
Uniform-QP-H,22,5,"[1, 1, 0, 13, 0, 0, 0, 1, 7, 1]","[0.0, 0.0, 0.0]","[0.0, 0.0, 0.0]","[0.1, 0.8, 0.1]","[0, 2, 0]",False
Uniform-QP-H,22,6,"[1, 1, 0, 13, 0, 0, 0, 1, 8, 1]","[0.0, 0.0, 0.0]","[0.0, 0.0, 0.0]","[0.1, 0.8, 0.1]","[0, 2, 0]",False
Uniform-QP-H,23,0,"[0, 2, -6, 13, 0, 0, 0, 1, 6, 1]","[0.0, 0.0, 0.0]","[0.0, 0.0, 0.0]","[0.1, 0.8, 0.1]","[1, 1, 0]",False
Uniform-QP-H,24,0,"[2, 2, -1, 13, 0, 0, 1, 0, 2, 1]","[0.0, 0.0, 0.0]","[7.141680316317583e-05, 5.715160016258552e-05, 0.0005317954757832131]","[0.3333333333333333, 0.3333333333333333, 0.3333333333333333]","[1, 0, 0]",True
Uniform-QP-H,24,1,"[1, 2, -1, 13, 0, 0, 1, 0, 3, 1]","[0.0, 0.0, 0.0]","[0.0008197351614597136, 0.00118678963579451, 0.0034668252521784185]","[0.3333333333333333, 0.3333333333333333, 0.3333333333333333]","[0, 1, 0]",True
Uniform-QP-H,24,2,"[1, 2, -1, 13, 0, 0, 1, 0, 4, 1]","[0.0, 0.0, 0.0]","[0.011520546490512092, 0.0093502179923624, 0.020424776011513143]","[0.3333333333333333, 0.3333333333333333, 0.3333333333333333]","[0, 2, 0]",True
Uniform-QP-H,24,3,"[1, 2, -1, 13, 0, 0, 1, 1, 5, 1]","[0.0, 0.0, 0.0]","[0.07279345260399045, 0.07063879573426446, 0.0]","[0.3333333333333333, 0.3333333333333333, 0.3333333333333333]","[1, 1, 0]",True
Uniform-QP-H,24,4,"[1, 2, -2, 13, 0, 0, 0, 1, 6, 1]","[0.0, 0.0, 0.0]","[0.012399464866842453, 0.0, 0.2865982344816793]","[0.3333333333333333, 0.3333333333333333, 0.3333333333333333]","[0, 1, 1]",True
Uniform-QP-H,24,5,"[1, 1, -2, 13, 0, 0, 0, 1, 7, 1]","[0.0, 0.0, 0.0]","[0.0, 0.0, 0.0]","[0.1, 0.8, 0.1]","[0, 2, 0]",False
Uniform-QP-H,25,0,"[4, 2, -5, 13, 0, 0, 1, 0, 2, 1]","[0.0, 0.0, 0.0]","[1.6744413666497e-05, 0.0014847865813595658, 0.0006786894383510429]","[0.3333333333333333, 0.3333333333333333, 0.3333333333333333]","[2, 0, 0]",True
Uniform-QP-H,25,1,"[3, 2, -6, 13, 0, 0, 1, 0, 3, 1]","[0.0, 0.0, 0.0]","[0.0, 0.0, 0.0]","[0.1, 0.8, 0.1]","[0, 1, 0]",False
Uniform-QP-H,25,2,"[3, 2, -6, 13, 0, 0, 1, 0, 4, 1]","[0.0, 0.0, 0.0]","[0.0, 0.0, 0.0]","[0.1, 0.8, 0.1]","[0, 1, 0]",False
Uniform-QP-H,25,3,"[2, 2, -6, 13, 0, 0, 1, 1, 5, 1]","[0.0, 0.0, 0.0]","[0.0, 0.002176863034479679, 0.007240438597463379]","[0.3333333333333333, 0.3333333333333333, 0.3333333333333333]","[0, 0, 1]",True
Uniform-QP-H,25,4,"[2, 2, -5, 13, 0, 0, 0, 1, 6, 1]","[0.0, 0.0, 0.0]","[0.1582629145495099, 0.27408543118906414, 0.04400164093560431]","[0.3333333333333333, 0.3333333333333333, 0.3333333333333333]","[0, 2, 0]",True
Uniform-QP-H,25,5,"[1, 1, -6, 13, 0, 0, 0, 1, 7, 1]","[0.0, 0.0, 0.0]","[0.0, 0.0, 0.0]","[0.1, 0.8, 0.1]","[0, 2, 0]",False
Uniform-QP-H,26,0,"[2, 2, -3, 13, 0, 0, 1, 0, 3, 0]","[0.0, 0.0, 0.0]","[0.0022044607639826294, 0.054965724623607125, 0.08412334525732895]","[0.3333333333333333, 0.3333333333333333, 0.3333333333333333]","[1, 0, 0]",True
Uniform-QP-H,26,1,"[1, 2, -4, 13, 0, 0, 1, 0, 4, 0]","[0.0, 0.0, 0.0]","[0.0, 0.0, 0.0]","[0.1, 0.8, 0.1]","[0, 2, 0]",False
Uniform-QP-H,26,2,"[1, 2, -4, 13, 0, 0, 1, 1, 5, 0]","[0.0, 0.0, 0.0]","[0.0, 0.0, 0.0]","[0.1, 0.8, 0.1]","[0, 2, 0]",False
Uniform-QP-H,27,0,"[4, 1, -6, 13, 0, -1, 0, 1, 6, 0]","[0.0, 0.0, 0.0]","[0.0, 0.0, 0.0]","[0.1, 0.8, 0.1]","[0, 1, 0]",False
Uniform-QP-H,27,1,"[3, 0, -6, 13, 0, -1, 0, 1, 7, 0]","[0.0, 0.0, 0.0]","[0.0, 0.0, 0.0]","[0.1, 0.8, 0.1]","[0, 2, 0]",False
Uniform-QP-H,27,2,"[2, 0, -6, 13, 0, 0, 0, 3, 8, 0]","[0.0, 0.0, 0.0]","[0.0, 0.0, 0.0]","[0.1, 0.8, 0.1]","[0, 0, 1]",False
Uniform-QP-H,27,3,"[2, 0, -5, 13, 0, 0, 0, 3, 9, 0]","[0.0, 0.0, 0.0]","[0.0, 0.0, 0.0]","[0.1, 0.8, 0.1]","[0, 3, 0]",False
Uniform-QP-H,27,4,"[1, 0, -4, 12, 0, 0, 0, 3, 10, 0]","[0.0, 0.0, 0.0]","[0.0, 0.0, 0.0]","[0.1, 0.8, 0.1]","[0, 1, 0]",False
Uniform-QP-H,28,0,"[4, 0, -5, 12, 0, 0, 0, 2, 0, 3]","[0.0, 0.0, 0.0]","[4.140280968999006e-08, 2.1165432141455768e-09, 1.8802852182454535e-08]","[0.1, 0.8, 0.1]","[0, 1, 0]",False
Uniform-QP-H,28,1,"[4, 0, -5, 13, 0, 0, 0, 2, 1, 3]","[0.0, 0.0, 0.0]","[0.0, 0.0, 0.0]","[0.1, 0.8, 0.1]","[0, 1, 0]",False
Uniform-QP-H,28,2,"[3, 0, -5, 13, 0, 0, 0, 2, 2, 3]","[0.0, 0.0, 0.0]","[0.0, 0.0, 0.0]","[0.1, 0.8, 0.1]","[0, 1, 0]",False
Uniform-QP-H,28,3,"[3, 0, -5, 13, 0, 0, 0, 2, 3, 3]","[0.0, 0.0, 0.0]","[0.0, 0.0, 0.0]","[0.1, 0.8, 0.1]","[0, 1, 0]",False
Uniform-QP-H,28,4,"[2, 0, -5, 12, 0, 0, 0, 2, 4, 3]","[0.0, 0.0, 0.0]","[0.0, 0.0, 0.0]","[0.1, 0.8, 0.1]","[0, 1, 0]",False
Uniform-QP-H,28,5,"[2, 0, -4, 12, 0, 0, 0, 2, 5, 3]","[0.0, 0.0, 0.0]","[0.0, 0.0, 0.0]","[0.1, 0.8, 0.1]","[0, 1, 0]",False
Uniform-QP-H,28,6,"[2, 0, -4, 11, 0, 0, 0, 2, 6, 3]","[0.0, 0.0, 0.0]","[0.0, 0.0, 0.0]","[0.1, 0.8, 0.1]","[0, 1, 0]",False
Uniform-QP-H,29,0,"[1, 2, 0, 13, 0, 0, 1, 0, 3, 1]","[0.0, 0.0, 0.0]","[0.001152676414798883, 0.0008377636480193408, 0.0002187330808078251]","[0.3333333333333333, 0.3333333333333333, 0.3333333333333333]","[0, 2, 1]",True
Uniform-QP-H,29,1,"[1, 2, 0, 13, 0, 0, 1, 0, 4, 1]","[0.0, 0.0, 0.0]","[0.008156373392086642, 0.0021831705633513624, 0.006184142431635679]","[0.3333333333333333, 0.3333333333333333, 0.3333333333333333]","[1, 2, 0]",True
Uniform-QP-H,29,2,"[1, 2, 0, 13, 0, 0, 1, 1, 5, 1]","[0.0, 0.0, 0.0]","[0.01916603813485033, 0.019113056230483663, 0.02564986119465006]","[0.3333333333333333, 0.3333333333333333, 0.3333333333333333]","[1, 1, 1]",True
Uniform-QP-H,29,3,"[1, 2, 0, 13, 0, 0, 0, 1, 6, 1]","[0.0, 0.0, 0.0]","[0.012114922862259795, 0.06496790739591929, 0.03968090884440331]","[0.3333333333333333, 0.3333333333333333, 0.3333333333333333]","[0, 1, 2]",True
Uniform-QP-H,29,4,"[1, 1, 0, 13, 0, 0, 0, 1, 7, 1]","[0.0, 0.0, 0.0]","[0.0, 0.0, 0.0]","[0.1, 0.8, 0.1]","[0, 3, 0]",False
Uniform-QP-H,29,5,"[1, 1, 0, 13, 0, 0, 0, 1, 8, 1]","[0.0, 0.0, 0.0]","[0.0, 0.0, 0.0]","[0.1, 0.8, 0.1]","[0, 3, 0]",False
Uniform-QP-H,30,0,"[2, 2, -5, 13, 0, 0, 1, 0, 4, 1]","[0.0, 0.0, 0.0012500000000000002]","[0.09950663851747975, 0.058172104656973304, 0.08983006980430559]","[0.3333333333333333, 0.3333333333333333, 0.3333333333333333]","[0, 0, 2]",True
Uniform-QP-H,30,1,"[1, 2, -5, 13, 0, 0, 1, 1, 5, 1]","[0.0, 0.0609375, 0.0]","[0.04955819502375546, 0.2737053410842753, 0.16332123199650705]","[0.3333333333333333, 0.3333333333333333, 0.3333333333333333]","[0, 3, 0]",True
Uniform-QP-H,30,2,"[1, 2, -5, 13, 0, 0, 0, 1, 6, 1]","[0.25, 0.25, 0.25]","[0.42033653035504637, 0.36428766165907467, 0.7988566429468167]","[0.3333333333333333, 0.3333333333333333, 0.3333333333333333]","[1, 1, 1]",True
Uniform-QP-H,31,0,"[4, 2, -5, 13, 0, 0, 1, 1, 5, 1]","[0.0, 0.0, 0.0]","[2.9618609017614168e-05, 2.5007817877047486e-08, 1.9365731279617504e-05]","[0.3333333333333333, 0.3333333333333333, 0.3333333333333333]","[1, 0, 0]",True
Uniform-QP-H,31,1,"[4, 2, -6, 13, 0, 0, 0, 1, 6, 1]","[0.0, 0.0, 0.0]","[0.0, 0.0, 0.0]","[0.1, 0.8, 0.1]","[1, 1, 0]",False
Uniform-QP-H,31,2,"[3, 1, -6, 13, 0, 0, 0, 1, 7, 1]","[0.0, 0.0, 0.0]","[0.0, 0.0, 0.0]","[0.1, 0.8, 0.1]","[1, 1, 0]",False
Uniform-QP-H,31,3,"[3, 1, -6, 13, 0, 0, 0, 1, 8, 1]","[0.0, 0.0, 0.0]","[0.0, 0.0, 0.0]","[0.1, 0.8, 0.1]","[0, 2, 0]",False
Uniform-QP-H,31,4,"[2, 1, -5, 13, 0, 0, 0, 1, 9, 1]","[0.0, 0.0, 0.0]","[0.0, 0.0, 0.0]","[0.1, 0.8, 0.1]","[0, 2, 0]",False
Uniform-QP-H,31,5,"[2, 1, -5, 12, 0, 0, 0, 1, 10, 1]","[0.0, 0.0, 0.0]","[0.0, 0.0, 0.0]","[0.1, 0.8, 0.1]","[0, 1, 0]",False
Uniform-QP-H,32,0,"[2, 2, -1, 13, 0, 0, 1, 0, 1, 1]","[0.0, 0.0, 0.0]","[4.43723215960098e-06, 9.079472210338303e-06, 1.1416027873399786e-05]","[0.3333333333333333, 0.3333333333333333, 0.3333333333333333]","[1, 0, 0]",True
Uniform-QP-H,32,1,"[2, 2, -1, 13, 0, 0, 1, 0, 2, 1]","[0.0, 0.0, 0.0]","[5.257050299681912e-05, 3.7751678274178845e-05, 0.0004317325234148752]","[0.3333333333333333, 0.3333333333333333, 0.3333333333333333]","[2, 0, 0]",True
Uniform-QP-H,32,2,"[1, 2, -2, 13, 0, 0, 1, 0, 3, 1]","[0.0, 0.0, 0.0]","[0.0, 0.0, 0.0]","[0.1, 0.8, 0.1]","[0, 1, 0]",False
Uniform-QP-H,32,3,"[1, 2, -2, 13, 0, 0, 1, 0, 4, 1]","[0.0, 0.0, 0.0]","[0.0, 0.0, 0.0]","[0.1, 0.8, 0.1]","[0, 1, 0]",False
Uniform-QP-H,32,4,"[1, 2, -2, 13, 0, 0, 1, 1, 5, 1]","[0.0, 0.0, 0.0]","[0.0, 0.0, 0.0]","[0.1, 0.8, 0.1]","[1, 0, 0]",False
Uniform-QP-H,32,5,"[1, 2, -2, 13, 0, 0, 0, 1, 6, 1]","[0.0, 0.0, 0.0]","[0.007886670838592506, 0.015986825617488563, 0.22973227734418875]","[0.3333333333333333, 0.3333333333333333, 0.3333333333333333]","[1, 1, 1]",True
Uniform-QP-H,32,6,"[1, 1, -2, 13, 0, 0, 0, 1, 7, 1]","[0.0, 0.0, 0.0]","[0.0, 0.0, 0.0]","[0.1, 0.8, 0.1]","[0, 3, 0]",False
Uniform-QP-H,33,0,"[4, 2, -5, 13, 0, 0, 1, 0, 2, 1]","[0.0, 0.0, 0.0]","[5.679545305342207e-05, 0.0012795301610323531, 0.0005880501299236108]","[0.3333333333333333, 0.3333333333333333, 0.3333333333333333]","[3, 0, 0]",True
Uniform-QP-H,33,1,"[3, 2, -6, 13, 0, 0, 1, 0, 3, 1]","[0.0, 0.0, 0.0]","[0.0, 0.0, 0.0]","[0.1, 0.8, 0.1]","[1, 1, 0]",False
Uniform-QP-H,33,2,"[3, 2, -6, 13, 0, 0, 1, 0, 4, 1]","[0.0, 0.0, 0.0]","[0.0, 0.0, 0.0]","[0.1, 0.8, 0.1]","[0, 2, 0]",False
Uniform-QP-H,33,3,"[2, 2, -6, 13, 0, 0, 1, 1, 5, 1]","[0.0, 0.0, 0.0]","[0.0, 0.015070079267856097, 0.004605275837180176]","[0.3333333333333333, 0.3333333333333333, 0.3333333333333333]","[0, 0, 2]",True
Uniform-QP-H,33,4,"[2, 2, -6, 13, 0, 0, 0, 1, 6, 1]","[0.0, 0.0, 0.0]","[0.026761485079381146, 0.09547802203421862, 0.16988450673642416]","[0.3333333333333333, 0.3333333333333333, 0.3333333333333333]","[0, 2, 0]",True
Uniform-QP-H,33,5,"[1, 1, -6, 13, 0, 0, 0, 1, 7, 1]","[0.0, 0.0, 0.0]","[0.0, 0.0, 0.0]","[0.1, 0.8, 0.1]","[0, 3, 0]",False
Uniform-QP-H,34,0,"[3, 2, -5, 13, 0, 0, 1, 0, 2, 0]","[0.0, 0.0, 0.0]","[0.02641941973680232, 0.010557821703795756, 0.02698225470846694]","[0.3333333333333333, 0.3333333333333333, 0.3333333333333333]","[0, 0, 1]",True
Uniform-QP-H,34,1,"[2, 2, -5, 13, 0, 0, 1, 0, 3, 0]","[0.0, 0.0, 0.0]","[0.028343391652456446, 0.09209444261289215, 0.09128198973643262]","[0.3333333333333333, 0.3333333333333333, 0.3333333333333333]","[1, 0, 0]",True
Uniform-QP-H,34,2,"[2, 2, -5, 13, 0, 0, 1, 0, 4, 0]","[0.0, 0.0, 0.0]","[0.09494967275115179, 0.21635099545710418, 0.3937577405222177]","[0.3333333333333333, 0.3333333333333333, 0.3333333333333333]","[0, 1, 0]",True
Uniform-QP-H,34,3,"[1, 2, -6, 13, 0, 0, 1, 1, 5, 0]","[0.0, 0.0, 0.0]","[0.0, 0.0, 0.0]","[0.1, 0.8, 0.1]","[0, 1, 0]",False
Uniform-QP-H,35,0,"[3, 2, -3, 13, 0, 0, 1, 0, 4, 1]","[0.0, 0.0, 0.0]","[0.0001900282321510548, 0.00015358206305221694, 0.004678018929727375]","[0.3333333333333333, 0.3333333333333333, 0.3333333333333333]","[1, 0, 0]",True
Uniform-QP-H,35,1,"[2, 2, -4, 13, 0, 0, 1, 1, 5, 1]","[0.0, 0.0, 0.0]","[0.0, 0.0, 0.0]","[0.1, 0.8, 0.1]","[0, 1, 0]",False
Uniform-QP-H,35,2,"[2, 2, -4, 13, 0, 0, 0, 1, 6, 1]","[0.0, 0.0, 0.0]","[0.0, 0.0, 0.0]","[0.1, 0.8, 0.1]","[0, 1, 0]",False
Uniform-QP-H,35,3,"[2, 1, -4, 13, 0, 0, 0, 1, 7, 1]","[0.0, 0.0, 0.0]","[0.0, 0.0, 0.0]","[0.1, 0.8, 0.1]","[0, 1, 0]",False
Uniform-QP-H,35,4,"[1, 1, -4, 13, 0, 0, 0, 1, 8, 1]","[0.0, 0.0, 0.0]","[0.0, 0.0, 0.0]","[0.1, 0.8, 0.1]","[0, 0, 1]",False
Uniform-QP-H,36,0,"[4, 2, -5, 12, 0, 0, 1, 0, 0, 0]","[0.0, 0.0, 0.0]","[0.0005273919118271291, 0.00033029568218380785, 0.0003598456304392964]","[0.3333333333333333, 0.3333333333333333, 0.3333333333333333]","[1, 0, 0]",True
Uniform-QP-H,36,1,"[3, 2, -5, 13, 0, 0, 1, 0, 1, 0]","[0.0, 0.0, 0.0]","[0.00047012004707400553, 0.001687090166483645, 0.004388448263215626]","[0.3333333333333333, 0.3333333333333333, 0.3333333333333333]","[0, 1, 0]",True
Uniform-QP-H,36,2,"[3, 2, -5, 13, 0, 0, 1, 0, 2, 0]","[0.0, 0.0, 0.0]","[0.023217761224927816, 0.00857506731131067, 0.02497372609735353]","[0.3333333333333333, 0.3333333333333333, 0.3333333333333333]","[1, 0, 1]",True
Uniform-QP-H,36,3,"[2, 2, -6, 13, 0, 0, 1, 0, 3, 0]","[0.0, 0.0, 0.0]","[0.0, 0.0, 0.0]","[0.1, 0.8, 0.1]","[0, 1, 0]",False
Uniform-QP-H,36,4,"[2, 2, -6, 13, 0, 0, 1, 0, 4, 0]","[0.0, 0.0, 0.0]","[0.0, 0.0, 0.0]","[0.1, 0.8, 0.1]","[0, 1, 0]",False
Uniform-QP-H,36,5,"[1, 2, -6, 13, 0, 0, 1, 1, 5, 0]","[0.0, 0.0, 0.0]","[0.0, 0.0, 0.0]","[0.1, 0.8, 0.1]","[0, 2, 0]",False
Uniform-QP-H,37,0,"[1, 2, -1, 13, 0, 0, 1, 0, 3, 1]","[0.0, 0.0, 0.0]","[0.0007363772811891457, 0.0009655122409081222, 0.0028267654246327397]","[0.3333333333333333, 0.3333333333333333, 0.3333333333333333]","[1, 1, 0]",True
Uniform-QP-H,37,1,"[1, 2, -1, 13, 0, 0, 1, 0, 4, 1]","[0.0, 0.0, 0.0]","[0.01067896549407638, 0.007639653868345216, 0.016678689666249313]","[0.3333333333333333, 0.3333333333333333, 0.3333333333333333]","[0, 2, 1]",True
Uniform-QP-H,37,2,"[1, 2, -1, 13, 0, 0, 1, 1, 5, 1]","[0.0, 0.0, 0.0]","[0.06006515804875524, 0.05746551481723174, 0.0007138400073759224]","[0.3333333333333333, 0.3333333333333333, 0.3333333333333333]","[1, 1, 1]",True
Uniform-QP-H,37,3,"[1, 2, -1, 13, 0, 0, 0, 1, 6, 1]","[0.0, 0.0, 0.0]","[0.08413069480729973, 0.16882355759884843, 0.25539504015020104]","[0.3333333333333333, 0.3333333333333333, 0.3333333333333333]","[0, 0, 2]",True
Uniform-QP-H,37,4,"[1, 1, -1, 13, 0, 0, 0, 1, 7, 1]","[0.0, 0.0, 0.0]","[0.0, 0.0, 0.0]","[0.1, 0.8, 0.1]","[0, 1, 1]",False
Uniform-QP-H,38,0,"[3, 2, -4, 13, 0, 0, 1, 0, 3, 1]","[0.0, 0.0, 0.0]","[0.0, 0.0, 0.0]","[0.1, 0.8, 0.1]","[0, 1, 0]",False
Uniform-QP-H,38,1,"[3, 2, -4, 13, 0, 0, 1, 0, 4, 1]","[0.0, 0.0, 0.0]","[0.0, 0.0, 0.0]","[0.1, 0.8, 0.1]","[0, 1, 0]",False
Uniform-QP-H,38,2,"[2, 2, -4, 13, 0, 0, 1, 1, 5, 1]","[0.0, 0.0, 0.0]","[0.0, 0.0, 0.0]","[0.1, 0.8, 0.1]","[0, 2, 0]",False
Uniform-QP-H,38,3,"[2, 2, -4, 13, 0, 0, 0, 1, 6, 1]","[0.0, 0.0, 0.0]","[0.0, 0.0, 0.0]","[0.1, 0.8, 0.1]","[0, 2, 0]",False
Uniform-QP-H,38,4,"[2, 1, -4, 13, 0, 0, 0, 1, 7, 1]","[0.0, 0.0, 0.0]","[0.0, 0.0, 0.0]","[0.1, 0.8, 0.1]","[0, 2, 0]",False
Uniform-QP-H,38,5,"[1, 1, -4, 13, 0, 0, 0, 1, 8, 1]","[0.0, 0.0, 0.0]","[0.0, 0.0, 0.0]","[0.1, 0.8, 0.1]","[0, 1, 1]",False
Uniform-QP-H,39,0,"[3, 2, -3, 13, 0, 0, 1, 0, 3, 1]","[0.0, 0.0, 0.0]","[5.021456462316383e-05, 0.00012631156621968625, 4.0341297759493195e-05]","[0.3333333333333333, 0.3333333333333333, 0.3333333333333333]","[1, 0, 0]",True
Uniform-QP-H,39,1,"[3, 2, -3, 13, 0, 0, 1, 0, 4, 1]","[0.0, 0.0, 0.0]","[0.00015383555092710814, 0.00018631304653941448, 0.004306159774783842]","[0.3333333333333333, 0.3333333333333333, 0.3333333333333333]","[1, 0, 1]",True
Uniform-QP-H,39,2,"[2, 2, -3, 13, 0, 0, 1, 1, 5, 1]","[0.0, 0.0, 0.0]","[0.007675074181217232, 0.009160841021276556, 0.01941407298226054]","[0.3333333333333333, 0.3333333333333333, 0.3333333333333333]","[0, 1, 0]",True
Uniform-QP-H,39,3,"[2, 2, -3, 13, 0, 0, 0, 1, 6, 1]","[0.0, 0.0, 0.0]","[0.0972043604732267, 0.08206336987035788, 0.0928079744079243]","[0.3333333333333333, 0.3333333333333333, 0.3333333333333333]","[0, 0, 1]",True
Uniform-QP-H,39,4,"[2, 1, -3, 13, 0, 0, 0, 1, 7, 1]","[0.0, 0.0, 0.0]","[0.0, 0.0, 0.0]","[0.1, 0.8, 0.1]","[0, 1, 0]",False
Uniform-QP-H,39,5,"[1, 1, -3, 13, 0, 0, 0, 1, 8, 1]","[0.0, 0.0, 0.0]","[0.0, 0.0, 0.0]","[0.1, 0.8, 0.1]","[0, 0, 1]",False
Uniform-QP-H,40,0,"[1, 2, -2, 13, 0, 0, 1, 0, 4, 0]","[0.0, 0.0, 0.0]","[0.0, 0.0, 0.0]","[0.1, 0.8, 0.1]","[0, 1, 0]",False
Uniform-QP-H,40,1,"[1, 2, -2, 13, 0, 0, 1, 1, 5, 0]","[0.0, 0.0, 0.0]","[0.0, 0.0, 0.0]","[0.1, 0.8, 0.1]","[0, 1, 0]",False
Uniform-QP-H,40,2,"[1, 1, -2, 13, 0, -1, 0, 1, 6, 0]","[0.0, 0.0, 0.0]","[0.0, 0.0, 0.0]","[0.1, 0.8, 0.1]","[0, 1, 0]",False
Uniform-QP-H,41,0,"[1, 2, 1, 13, 0, 0, 1, 0, 1, 0]","[0.0, 0.0, 0.0]","[0.0002638178127604711, 0.0, 3.6462964271252796e-06]","[0.3333333333333333, 0.3333333333333333, 0.3333333333333333]","[0, 1, 0]",True
Uniform-QP-H,41,1,"[1, 2, 0, 13, 0, 0, 1, 0, 2, 0]","[0.0, 0.0, 0.0]","[0.0003267246025564513, 0.001687484532516591, 0.004330244905747726]","[0.3333333333333333, 0.3333333333333333, 0.3333333333333333]","[0, 0, 1]",True
Uniform-QP-H,41,2,"[1, 2, 0, 13, 0, 0, 1, 0, 3, 0]","[0.0, 0.0, 0.0]","[0.004729883486742444, 0.01222533223901395, 0.006040401690804894]","[0.3333333333333333, 0.3333333333333333, 0.3333333333333333]","[0, 1, 0]",True
Uniform-QP-H,41,3,"[1, 2, 0, 13, 0, 0, 1, 0, 4, 0]","[0.0, 0.0, 0.0]","[0.05226590701946163, 0.041813249647908377, 0.040878949346810745]","[0.3333333333333333, 0.3333333333333333, 0.3333333333333333]","[0, 1, 0]",True
Uniform-QP-H,41,4,"[1, 2, 0, 13, 0, 0, 1, 1, 5, 0]","[0.0, 0.0, 0.0]","[0.24322742876603115, 0.09981308573240186, 0.20117566474424034]","[0.3333333333333333, 0.3333333333333333, 0.3333333333333333]","[0, 0, 1]",True
Uniform-QP-H,41,5,"[1, 1, 0, 13, 0, -1, 0, 1, 6, 0]","[0.0, 0.0, 0.25]","[0.18421767507652023, 0.43833449707754024, 0.6458090929854585]","[0.3333333333333333, 0.3333333333333333, 0.3333333333333333]","[0, 0, 1]",True
Uniform-QP-H,42,0,"[5, 2, -5, 12, 0, 0, 1, 0, 0, 1]","[0.0, 0.0, 0.0]","[1.5805877669697022e-05, 1.1915029294632496e-05, 1.8353106041032328e-07]","[0.3333333333333333, 0.3333333333333333, 0.3333333333333333]","[1, 0, 1]",True
Uniform-QP-H,42,1,"[5, 2, -5, 13, 0, 0, 1, 0, 1, 1]","[0.0, 0.0, 0.0]","[0.00010507990044395066, 2.638404299235674e-07, 0.0]","[0.3333333333333333, 0.3333333333333333, 0.3333333333333333]","[1, 0, 0]",True
Uniform-QP-H,42,2,"[4, 2, -5, 13, 0, 0, 1, 0, 2, 1]","[0.0, 0.0, 0.0]","[5.058347407313216e-05, 0.0012415056761014625, 0.000570317297006607]","[0.3333333333333333, 0.3333333333333333, 0.3333333333333333]","[4, 0, 0]",True
Uniform-QP-H,42,3,"[3, 2, -6, 13, 0, 0, 1, 0, 3, 1]","[0.0, 0.0, 0.0]","[0.0, 0.0, 0.0]","[0.1, 0.8, 0.1]","[2, 1, 0]",False
Uniform-QP-H,42,4,"[3, 2, -6, 13, 0, 0, 1, 0, 4, 1]","[0.0, 0.0, 0.0]","[0.0, 0.0, 0.0]","[0.1, 0.8, 0.1]","[0, 3, 0]",False
Uniform-QP-H,42,5,"[2, 2, -6, 13, 0, 0, 1, 1, 5, 1]","[0.0, 0.0, 0.0]","[0.0, 0.012657017471159873, 0.005483073751562182]","[0.3333333333333333, 0.3333333333333333, 0.3333333333333333]","[1, 0, 2]",True
Uniform-QP-H,42,6,"[2, 2, -6, 13, 0, 0, 0, 1, 6, 1]","[0.0, 0.0, 0.0]","[0.031862412063774256, 0.08770206816422545, 0.15425508582531974]","[0.3333333333333333, 0.3333333333333333, 0.3333333333333333]","[0, 3, 0]",True
Uniform-QP-H,42,7,"[1, 1, -6, 13, 0, 0, 0, 1, 7, 1]","[0.0, 0.0, 0.0]","[0.0, 0.0, 0.0]","[0.1, 0.8, 0.1]","[0, 4, 0]",False
Uniform-QP-H,43,0,"[4, 2, -5, 12, 0, 0, 1, 0, 0, 0]","[0.0, 0.0, 0.0]","[0.0005336767224099726, 0.0003344960525464771, 0.0003643728062920624]","[0.3333333333333333, 0.3333333333333333, 0.3333333333333333]","[2, 0, 0]",True
Uniform-QP-H,43,1,"[3, 2, -5, 13, 0, 0, 1, 0, 1, 0]","[0.0, 0.0, 0.0]","[0.0004735376403643287, 0.0017068337610051955, 0.004447787900559167]","[0.3333333333333333, 0.3333333333333333, 0.3333333333333333]","[0, 2, 0]",True
Uniform-QP-H,43,2,"[3, 2, -5, 13, 0, 0, 1, 0, 2, 0]","[0.0, 0.0, 0.0]","[0.02348949246168299, 0.008697780108383834, 0.02522298574183794]","[0.3333333333333333, 0.3333333333333333, 0.3333333333333333]","[2, 0, 1]",True
Uniform-QP-H,43,3,"[2, 2, -6, 13, 0, 0, 1, 0, 3, 0]","[0.0, 0.0, 0.0]","[0.0, 0.0, 0.0]","[0.1, 0.8, 0.1]","[1, 1, 0]",False
Uniform-QP-H,43,4,"[2, 2, -6, 13, 0, 0, 1, 0, 4, 0]","[0.0, 0.0, 0.0]","[0.0, 0.0, 0.0]","[0.1, 0.8, 0.1]","[0, 2, 0]",False
Uniform-QP-H,43,5,"[1, 2, -6, 13, 0, 0, 1, 1, 5, 0]","[0.0, 0.0, 0.0]","[0.0, 0.0, 0.0]","[0.1, 0.8, 0.1]","[0, 3, 0]",False
Uniform-QP-H,44,0,"[5, 2, -5, 13, 0, 0, 1, 0, 4, 1]","[0.0, 0.0, 0.0]","[3.2154582965513597e-07, 2.673106133914575e-08, 9.272522234330471e-07]","[0.3333333333333333, 0.3333333333333333, 0.3333333333333333]","[0, 1, 1]",True
Uniform-QP-H,44,1,"[4, 2, -5, 13, 0, 0, 1, 1, 5, 1]","[0.0, 0.0, 0.0]","[3.467254827454837e-05, 2.0541168822436585e-08, 2.3056975654273522e-05]","[0.3333333333333333, 0.3333333333333333, 0.3333333333333333]","[1, 0, 1]",True
Uniform-QP-H,44,2,"[4, 2, -5, 13, 0, 0, 0, 1, 6, 1]","[0.0, 0.0, 0.0]","[0.00037324103300697943, 0.00010630663776259899, 9.104210865248432e-06]","[0.3333333333333333, 0.3333333333333333, 0.3333333333333333]","[1, 0, 0]",True
Uniform-QP-H,44,3,"[3, 1, -6, 13, 0, 0, 0, 1, 7, 1]","[0.0, 0.0, 0.0]","[0.0, 0.0, 0.0]","[0.1, 0.8, 0.1]","[1, 2, 0]",False
Uniform-QP-H,44,4,"[3, 1, -6, 13, 0, 0, 0, 1, 8, 1]","[0.0, 0.0, 0.0]","[0.0, 0.0, 0.0]","[0.1, 0.8, 0.1]","[0, 2, 1]",False
Uniform-QP-H,44,5,"[2, 1, -5, 13, 0, 0, 0, 1, 9, 1]","[0.0, 0.0, 0.0]","[0.0, 0.0, 0.0]","[0.1, 0.8, 0.1]","[0, 3, 0]",False
Uniform-QP-H,44,6,"[2, 1, -5, 12, 0, 0, 0, 1, 10, 1]","[0.0, 0.0, 0.0]","[0.0, 0.0, 0.0]","[0.1, 0.8, 0.1]","[0, 2, 0]",False
Uniform-QP-H,45,0,"[0, 2, -5, 13, 0, 0, 0, 1, 6, 1]","[0.0, 0.0, 0.0]","[0.0, 0.0, 0.0]","[0.1, 0.8, 0.1]","[0, 1, 0]",False
Uniform-QP-H,46,0,"[5, 2, -5, 12, 0, 0, 1, 0, 0, 1]","[0.0, 0.0, 0.0]","[1.510331201148404e-05, 1.1368225253883141e-05, 1.7443178232087084e-07]","[0.3333333333333333, 0.3333333333333333, 0.3333333333333333]","[1, 1, 1]",True
Uniform-QP-H,46,1,"[4, 2, -5, 13, 0, 0, 1, 0, 1, 1]","[0.0, 0.0, 0.0]","[9.34899728399363e-05, 0.0001450127628489237, 1.3575295360815457e-06]","[0.3333333333333333, 0.3333333333333333, 0.3333333333333333]","[0, 0, 2]",True
Uniform-QP-H,46,2,"[4, 2, -5, 13, 0, 0, 1, 0, 2, 1]","[0.0, 0.0, 0.0]","[7.247536511654044e-05, 0.0011866209116832014, 0.000546853104931862]","[0.3333333333333333, 0.3333333333333333, 0.3333333333333333]","[5, 0, 0]",True
Uniform-QP-H,46,3,"[3, 2, -5, 13, 0, 0, 1, 0, 3, 1]","[0.0, 0.0, 0.0]","[0.0003235795808978377, 0.0037866869616800967, 0.009971330677177224]","[0.3333333333333333, 0.3333333333333333, 0.3333333333333333]","[1, 1, 0]",True
Uniform-QP-H,46,4,"[3, 2, -6, 13, 0, 0, 1, 0, 4, 1]","[0.0, 0.0, 0.0]","[0.0, 0.0, 0.0]","[0.1, 0.8, 0.1]","[0, 4, 0]",False
Uniform-QP-H,46,5,"[2, 2, -6, 13, 0, 0, 1, 1, 5, 1]","[0.0, 0.0, 0.0]","[0.0, 0.020043492894288847, 0.0036578935462066456]","[0.3333333333333333, 0.3333333333333333, 0.3333333333333333]","[1, 1, 2]",True
Uniform-QP-H,46,6,"[2, 2, -6, 13, 0, 0, 0, 1, 6, 1]","[0.0, 0.0, 0.0]","[0.021256199849847102, 0.11755402610656762, 0.19010827663925162]","[0.3333333333333333, 0.3333333333333333, 0.3333333333333333]","[1, 3, 0]",True
Uniform-QP-H,46,7,"[1, 1, -6, 13, 0, 0, 0, 1, 7, 1]","[0.0, 0.0, 0.0]","[0.0, 0.0, 0.0]","[0.1, 0.8, 0.1]","[0, 5, 0]",False
Uniform-QP-H,47,0,"[1, 0, -5, 12, 0, 0, 0, 2, 0, 2]","[0.25, 0.0, 0.0]","[0.8998870849609375, 0.68359375, 0.68359375]","[0.3333333333333333, 0.3333333333333333, 0.3333333333333333]","[1, 0, 0]",True
Uniform-QP-H,48,0,"[4, 2, -6, 13, 0, 0, 1, 0, 2, 0]","[0.0, 0.0, 0.0]","[0.0, 0.0, 0.0]","[0.1, 0.8, 0.1]","[0, 1, 0]",False
Uniform-QP-H,48,1,"[3, 2, -6, 13, 0, 0, 1, 0, 3, 0]","[0.0, 0.0, 0.0]","[0.0015394494408076688, 0.0009248900270425437, 0.0]","[0.3333333333333333, 0.3333333333333333, 0.3333333333333333]","[0, 0, 1]",True
Uniform-QP-H,48,2,"[3, 2, -5, 13, 0, 0, 1, 0, 4, 0]","[0.0, 0.0, 0.0]","[0.013473976027533204, 0.0319266680708551, 0.001480010509487363]","[0.3333333333333333, 0.3333333333333333, 0.3333333333333333]","[0, 1, 1]",True
Uniform-QP-H,48,3,"[2, 2, -5, 13, 0, 0, 1, 1, 5, 0]","[0.0, 0.0, 0.05]","[0.1799181808363598, 0.06264250694526859, 0.19204865799645088]","[0.3333333333333333, 0.3333333333333333, 0.3333333333333333]","[0, 0, 2]",True
Uniform-QP-H,48,4,"[2, 1, -5, 13, 0, -1, 0, 1, 6, 0]","[0.25, 0.25, 0.0]","[0.5653800314506049, 0.47475024654054965, 0.68359375]","[0.3333333333333333, 0.3333333333333333, 0.3333333333333333]","[1, 1, 0]",True
Uniform-QP-H,49,0,"[3, 2, -3, 13, 0, 0, 1, 0, 3, 1]","[0.0, 0.0, 0.0]","[5.0298045938821213e-05, 0.00016279027176823688, 4.366185818625951e-05]","[0.3333333333333333, 0.3333333333333333, 0.3333333333333333]","[1, 0, 1]",True
Uniform-QP-H,49,1,"[3, 2, -3, 13, 0, 0, 1, 0, 4, 1]","[0.0, 0.0, 0.0]","[0.0002636213188763201, 0.00012198766308768819, 0.0049882188178055654]","[0.3333333333333333, 0.3333333333333333, 0.3333333333333333]","[2, 0, 1]",True
Uniform-QP-H,49,2,"[2, 2, -3, 13, 0, 0, 1, 1, 5, 1]","[0.0, 0.0, 0.0]","[0.00891812366942819, 0.011184941165529087, 0.016081772220808248]","[0.3333333333333333, 0.3333333333333333, 0.3333333333333333]","[1, 1, 0]",True
Uniform-QP-H,49,3,"[2, 2, -4, 13, 0, 0, 0, 1, 6, 1]","[0.0, 0.0, 0.0]","[0.0, 0.0, 0.0]","[0.1, 0.8, 0.1]","[0, 3, 0]",False
Uniform-QP-H,49,4,"[2, 1, -4, 13, 0, 0, 0, 1, 7, 1]","[0.0, 0.0, 0.0]","[0.0, 0.0, 0.0]","[0.1, 0.8, 0.1]","[0, 3, 0]",False
Uniform-QP-H,49,5,"[1, 1, -4, 13, 0, 0, 0, 1, 8, 1]","[0.0, 0.0, 0.0]","[0.0, 0.0, 0.0]","[0.1, 0.8, 0.1]","[0, 2, 1]",False
Uniform-QP-H,50,0,"[1, 2, -1, 13, 0, 0, 1, 1, 5, 0]","[0.0, 0.0, 0.0]","[0.22720434830695557, 0.2982684461096225, 0.0949558943006793]","[0.3333333333333333, 0.3333333333333333, 0.3333333333333333]","[0, 1, 1]",True
Uniform-QP-H,50,1,"[1, 1, -1, 13, 0, -1, 0, 1, 6, 0]","[0.0, 0.0, 0.0]","[0.0, 0.0, 0.0]","[0.1, 0.8, 0.1]","[0, 2, 0]",False
Uniform-QP-H,51,0,"[4, 2, -5, 12, 0, 0, 1, 0, 0, 0]","[0.0, 0.0, 0.0]","[0.0008557450946232892, 0.0005988586233483049, 0.0006477885379451881]","[0.3333333333333333, 0.3333333333333333, 0.3333333333333333]","[3, 0, 0]",True
Uniform-QP-H,51,1,"[3, 2, -5, 13, 0, 0, 1, 0, 1, 0]","[0.0, 0.0, 0.0]","[0.00036124208072176413, 0.002642954419437512, 0.008820853912831718]","[0.3333333333333333, 0.3333333333333333, 0.3333333333333333]","[0, 2, 1]",True
Uniform-QP-H,51,2,"[3, 2, -5, 13, 0, 0, 1, 0, 2, 0]","[0.0, 0.0, 0.0]","[0.0355229547177291, 0.019208447568720963, 0.0274836055076244]","[0.3333333333333333, 0.3333333333333333, 0.3333333333333333]","[3, 0, 1]",True
Uniform-QP-H,51,3,"[2, 2, -5, 13, 0, 0, 1, 0, 3, 0]","[0.0, 0.0, 0.0]","[0.0503603315385095, 0.11461074274603777, 0.09492179264273848]","[0.3333333333333333, 0.3333333333333333, 0.3333333333333333]","[1, 1, 0]",True
Uniform-QP-H,51,4,"[2, 2, -5, 13, 0, 0, 1, 0, 4, 0]","[0.0, 0.0, 0.0]","[0.14540772030007917, 0.26232968030147896, 0.4079164593934562]","[0.3333333333333333, 0.3333333333333333, 0.3333333333333333]","[0, 1, 1]",True
Uniform-QP-H,51,5,"[1, 2, -5, 13, 0, 0, 1, 1, 5, 0]","[0.0, 0.0, 0.25]","[0.68359375, 0.5421903635759506, 0.8551461697252031]","[0.3333333333333333, 0.3333333333333333, 0.3333333333333333]","[0, 0, 1]",True
Uniform-QP-H,52,0,"[3, 2, -3, 13, 0, 0, 1, 0, 2, 1]","[0.0, 0.0, 0.0]","[2.0817700812683612e-05, 6.439382877116832e-06, 1.3465026997697996e-05]","[0.3333333333333333, 0.3333333333333333, 0.3333333333333333]","[1, 0, 0]",True
Uniform-QP-H,52,1,"[3, 2, -4, 13, 0, 0, 1, 0, 3, 1]","[0.0, 0.0, 0.0]","[0.0, 0.0, 0.0]","[0.1, 0.8, 0.1]","[0, 2, 0]",False
Uniform-QP-H,52,2,"[3, 2, -4, 13, 0, 0, 1, 0, 4, 1]","[0.0, 0.0, 0.0]","[0.0, 0.0, 0.0]","[0.1, 0.8, 0.1]","[0, 2, 0]",False
Uniform-QP-H,52,3,"[2, 2, -4, 13, 0, 0, 1, 1, 5, 1]","[0.0, 0.0, 0.0]","[0.0, 0.0, 0.0]","[0.1, 0.8, 0.1]","[0, 2, 1]",False
Uniform-QP-H,52,4,"[2, 2, -3, 13, 0, 0, 0, 1, 6, 1]","[0.0, 0.0, 0.0]","[0.10923116457586915, 0.09227974702779498, 0.08268888843552824]","[0.3333333333333333, 0.3333333333333333, 0.3333333333333333]","[0, 1, 1]",True
Uniform-QP-H,52,5,"[2, 1, -4, 13, 0, 0, 0, 1, 7, 1]","[0.0, 0.0, 0.0]","[0.0, 0.0, 0.0]","[0.1, 0.8, 0.1]","[0, 4, 0]",False
Uniform-QP-H,52,6,"[1, 1, -4, 13, 0, 0, 0, 1, 8, 1]","[0.0, 0.0, 0.0]","[0.0, 0.0, 0.0]","[0.1, 0.8, 0.1]","[0, 3, 1]",False
Uniform-QP-H,53,0,"[1, 2, 0, 13, 0, 0, 1, 0, 2, 1]","[0.0, 0.0, 0.0]","[3.315943187076031e-05, 6.68485302720084e-05, 6.988423149964293e-05]","[0.3333333333333333, 0.3333333333333333, 0.3333333333333333]","[1, 1, 1]",True
Uniform-QP-H,53,1,"[1, 2, 0, 13, 0, 0, 1, 0, 3, 1]","[0.0, 0.0, 0.0]","[0.0005130356094247144, 0.0005660999684780717, 0.00018040549514825022]","[0.3333333333333333, 0.3333333333333333, 0.3333333333333333]","[0, 3, 1]",True
Uniform-QP-H,53,2,"[1, 2, 0, 13, 0, 0, 1, 0, 4, 1]","[0.0, 0.0, 0.0]","[0.0037385267288397826, 0.0019712205941408143, 0.0038408584985552413]","[0.3333333333333333, 0.3333333333333333, 0.3333333333333333]","[2, 2, 0]",True
Uniform-QP-H,53,3,"[1, 2, 0, 13, 0, 0, 1, 1, 5, 1]","[0.0, 0.0, 0.0]","[0.030819228325902386, 0.008892348766292376, 0.032215311963686835]","[0.3333333333333333, 0.3333333333333333, 0.3333333333333333]","[1, 1, 2]",True
Uniform-QP-H,53,4,"[1, 2, 0, 13, 0, 0, 0, 1, 6, 1]","[0.0, 0.0, 0.0]","[0.007680473448960804, 0.09982872478583879, 0.021506424410973043]","[0.3333333333333333, 0.3333333333333333, 0.3333333333333333]","[0, 1, 3]",True
Uniform-QP-H,53,5,"[1, 1, 0, 13, 0, 0, 0, 1, 7, 1]","[0.0, 0.0, 0.0]","[0.0, 0.0, 0.0]","[0.1, 0.8, 0.1]","[1, 3, 0]",False
Uniform-QP-H,53,6,"[1, 1, 0, 13, 0, 0, 0, 1, 8, 1]","[0.0, 0.0, 0.0]","[0.0, 0.0, 0.0]","[0.1, 0.8, 0.1]","[0, 4, 0]",False
Uniform-QP-H,54,0,"[3, 2, -5, 13, 0, 0, 1, 0, 3, 1]","[0.0, 0.0, 0.0]","[0.00036296472750116274, 0.0031900066428399636, 0.00826069689702894]","[0.3333333333333333, 0.3333333333333333, 0.3333333333333333]","[1, 2, 0]",True
Uniform-QP-H,54,1,"[3, 2, -5, 13, 0, 0, 1, 0, 4, 1]","[0.0, 0.0, 0.0]","[0.019187222981482073, 0.021461632928302526, 0.021555184437673833]","[0.3333333333333333, 0.3333333333333333, 0.3333333333333333]","[1, 0, 1]",True
Uniform-QP-H,54,2,"[2, 2, -6, 13, 0, 0, 1, 1, 5, 1]","[0.0, 0.0, 0.0]","[0.0, 0.02553220940739275, 0.003161247485039161]","[0.3333333333333333, 0.3333333333333333, 0.3333333333333333]","[1, 2, 2]",True
Uniform-QP-H,54,3,"[2, 2, -6, 13, 0, 0, 0, 1, 6, 1]","[0.0, 0.0, 0.0]","[0.01837016508763725, 0.14577040060444502, 0.204791346048056]","[0.3333333333333333, 0.3333333333333333, 0.3333333333333333]","[1, 3, 1]",True
Uniform-QP-H,54,4,"[1, 1, -5, 13, 0, 0, 0, 1, 7, 1]","[0.0, 0.0, 0.0]","[0.0, 0.0, 0.0]","[0.1, 0.8, 0.1]","[1, 1, 0]",False
Uniform-QP-H,55,0,"[2, 2, -3, 13, 0, 0, 1, 0, 3, 0]","[0.0, 0.0, 0.0]","[0.001397557587410527, 0.10264915796106389, 0.15483973686309022]","[0.3333333333333333, 0.3333333333333333, 0.3333333333333333]","[1, 1, 0]",True
Uniform-QP-H,55,1,"[2, 2, -3, 13, 0, 0, 1, 0, 4, 0]","[0.0, 0.0, 0.0]","[0.10952895697887516, 0.2501174316415177, 0.0]","[0.3333333333333333, 0.3333333333333333, 0.3333333333333333]","[1, 0, 0]",True
Uniform-QP-H,55,2,"[1, 2, -3, 13, 0, 0, 1, 1, 5, 0]","[0.25, 0.0, 0.0]","[0.230946721243477, 0.7155468935474365, 0.5059433343302708]","[0.3333333333333333, 0.3333333333333333, 0.3333333333333333]","[1, 0, 0]",True
Uniform-QP-H,56,0,"[1, 0, -5, 12, 0, 0, 0, 3, 0, 4]","[0.0, 0.25, 0.0]","[0.8998870849609375, 0.68359375, 0.68359375]","[0.3333333333333333, 0.3333333333333333, 0.3333333333333333]","[0, 1, 0]",True
Uniform-QP-H,57,0,"[2, 2, -4, 13, 0, 0, 1, 0, 3, 0]","[0.0, 0.0, 0.0]","[0.0, 0.0, 0.0]","[0.1, 0.8, 0.1]","[0, 2, 0]",False
Uniform-QP-H,57,1,"[1, 2, -4, 13, 0, 0, 1, 0, 4, 0]","[0.0, 0.0, 0.0]","[0.0, 0.0, 0.0]","[0.1, 0.8, 0.1]","[0, 3, 0]",False
Uniform-QP-H,57,2,"[1, 2, -4, 13, 0, 0, 1, 1, 5, 0]","[0.0, 0.0, 0.0]","[0.0, 0.0, 0.0]","[0.1, 0.8, 0.1]","[0, 3, 0]",False
Uniform-QP-H,58,0,"[4, 1, -5, 13, 0, -1, 0, 1, 6, 0]","[0.0, 0.0, 0.0]","[0.0001515386870331829, 3.867304083692539e-05, 7.911442005613232e-05]","[0.3333333333333333, 0.3333333333333333, 0.3333333333333333]","[2, 1, 0]",True
Uniform-QP-H,58,1,"[3, 0, -5, 13, 0, -1, 0, 1, 7, 0]","[0.0, 0.0, 0.0]","[0.0, 0.0, 0.0]","[0.1, 0.8, 0.1]","[0, 2, 0]",False
Uniform-QP-H,58,2,"[2, 0, -5, 13, 0, 0, 0, 3, 8, 0]","[0.0, 0.0, 0.0]","[0.0, 0.0, 0.0]","[0.1, 0.8, 0.1]","[0, 3, 0]",False
Uniform-QP-H,58,3,"[2, 0, -5, 13, 0, 0, 0, 3, 9, 0]","[0.0, 0.0, 0.0]","[0.0, 0.0, 0.0]","[0.1, 0.8, 0.1]","[0, 4, 0]",False
Uniform-QP-H,58,4,"[1, 0, -5, 12, 0, 0, 0, 3, 10, 0]","[0.0, 0.0, 0.0]","[0.0, 0.0, 0.0]","[0.1, 0.8, 0.1]","[1, 2, 0]",False
Uniform-QP-H,59,0,"[3, 2, -3, 13, 0, 0, 1, 0, 3, 0]","[0.0, 0.0, 0.0]","[7.862345773665734e-05, 0.000876075370857465, 0.0011944109210291142]","[0.3333333333333333, 0.3333333333333333, 0.3333333333333333]","[1, 2, 0]",True
Uniform-QP-H,59,1,"[3, 2, -3, 13, 0, 0, 1, 0, 4, 0]","[0.0, 0.0, 0.0]","[0.0015217732680412803, 0.004890075716419584, 0.003169972479865341]","[0.3333333333333333, 0.3333333333333333, 0.3333333333333333]","[1, 0, 2]",True
Uniform-QP-H,59,2,"[2, 2, -4, 13, 0, 0, 1, 1, 5, 0]","[0.0, 0.0, 0.0]","[0.0, 0.0, 0.0]","[0.1, 0.8, 0.1]","[0, 1, 0]",False
Uniform-QP-H,59,3,"[2, 1, -4, 13, 0, -1, 0, 1, 6, 0]","[0.0, 0.0, 0.0]","[0.0, 0.0, 0.0]","[0.1, 0.8, 0.1]","[1, 2, 0]",False
Uniform-QP-H,59,4,"[1, 0, -4, 13, 0, -1, 0, 1, 7, 0]","[0.0, 0.0, 0.0]","[0.0, 0.0, 0.0]","[0.1, 0.8, 0.1]","[0, 3, 0]",False
Uniform-QP-H,60,0,"[1, 2, 0, 13, 0, 0, 1, 1, 5, 0]","[0.0, 0.00625, 0.0]","[0.24341359959752237, 0.15331603981308622, 0.17525659507316516]","[0.3333333333333333, 0.3333333333333333, 0.3333333333333333]","[0, 1, 1]",True
Uniform-QP-H,60,1,"[1, 1, 0, 13, 0, -1, 0, 1, 6, 0]","[0.25, 0.0, 0.25]","[0.33536429774946996, 0.4195758588299495, 0.5388048128500211]","[0.3333333333333333, 0.3333333333333333, 0.3333333333333333]","[1, 0, 1]",True
AdaTE-Equal-H,1,0,"[2, 0, -3, 12, 0, 0, 0, 2, 0, 2]","[0.0, 0.0, 0.0]","[4.490007271369299e-06, 2.819218397140504e-06, 1.6403944293657942e-06]","[0.1, 0.8, 0.1]","[0, 1, 0]",True
AdaTE-Equal-H,1,1,"[2, 0, -3, 13, 0, 0, 0, 2, 1, 2]","[0.0, 0.0, 0.0]","[0.0, 0.0, 0.0]","[0.1, 0.8, 0.1]","[0, 0, 1]",False
AdaTE-Equal-H,1,2,"[2, 0, -3, 13, 0, 0, 0, 2, 2, 2]","[0.0, 0.0, 0.0]","[0.0, 0.0, 0.0]","[0.1, 0.8, 0.1]","[0, 1, 0]",False
AdaTE-Equal-H,1,3,"[2, 0, -3, 12, 0, 0, 0, 2, 3, 2]","[0.0, 0.0, 0.0]","[0.0, 0.0, 0.0]","[0.1, 0.8, 0.1]","[0, 1, 0]",False
AdaTE-Equal-H,1,4,"[1, 0, -2, 12, 0, 0, 0, 2, 4, 2]","[0.0, 0.0, 0.0]","[0.0, 0.0, 0.0]","[0.1, 0.8, 0.1]","[0, 1, 0]",False
AdaTE-Equal-H,2,0,"[2, 2, -3, 13, 0, 0, 1, 0, 1, 1]","[0.0, 0.0, 0.0]","[0.00018669798310597742, 8.394459390640261e-05, 5.3597942511240646e-05]","[0.1, 0.8, 0.1]","[0, 1, 0]",True
AdaTE-Equal-H,2,1,"[2, 2, -3, 13, 0, 0, 1, 0, 2, 1]","[0.0, 0.0, 0.0]","[5.067567269007366e-05, 0.0008386191368103029, 0.0007201108145713806]","[0.1, 0.8, 0.1]","[0, 1, 0]",True
AdaTE-Equal-H,2,2,"[2, 2, -3, 13, 0, 0, 1, 0, 3, 1]","[0.0, 0.0, 0.0]","[0.0010936408042907717, 0.0026283424377441405, 0.0033776327451070154]","[0.1, 0.8, 0.1]","[0, 1, 0]",True
AdaTE-Equal-H,2,3,"[1, 2, -3, 13, 0, 0, 1, 0, 4, 1]","[0.0, 0.0, 0.0]","[0.0006052296956380209, 0.011077403783798219, 0.019602832794189454]","[0.1, 0.8, 0.1]","[0, 1, 0]",True
AdaTE-Equal-H,2,4,"[1, 2, -4, 13, 0, 0, 1, 1, 5, 1]","[0.0, 0.0, 0.0]","[0.0, 0.0, 0.0]","[0.1, 0.8, 0.1]","[0, 1, 0]",False
AdaTE-Equal-H,2,5,"[1, 2, -4, 13, 0, 0, 0, 1, 6, 1]","[0.0, 0.0, 0.0]","[0.0, 0.0, 0.0]","[0.1, 0.8, 0.1]","[0, 1, 0]",False
AdaTE-Equal-H,2,6,"[0, 1, -4, 13, 0, 0, 0, 1, 7, 1]","[0.0, 0.0, 0.0]","[0.0, 0.0, 0.0]","[0.1, 0.8, 0.1]","[0, 1, 0]",False
AdaTE-Equal-H,3,0,"[1, 2, -2, 13, 0, 0, 0, 1, 6, 1]","[0.0, 0.0, 0.0]","[0.008723958333333334, 0.021381937662760413, 0.21532585620880126]","[0.1, 0.8, 0.1]","[0, 1, 0]",True
AdaTE-Equal-H,3,1,"[1, 1, -2, 13, 0, 0, 0, 1, 7, 1]","[0.0, 0.0, 0.0]","[0.0, 0.0, 0.0]","[0.1, 0.8, 0.1]","[0, 0, 1]",False
AdaTE-Equal-H,4,0,"[1, 2, 1, 13, 0, 0, 1, 0, 1, 1]","[0.0, 0.0, 0.0]","[3.586904907226563e-06, 8.27387504577637e-06, 0.0]","[0.1, 0.8, 0.0]","[0, 1, 0]",True
AdaTE-Equal-H,4,1,"[1, 2, 0, 13, 0, 0, 1, 0, 2, 1]","[0.0, 0.0, 0.0]","[2.447028573354086e-05, 8.619697825113934e-05, 9.410152149200442e-05]","[0.1, 0.8, 0.1]","[0, 1, 0]",True
AdaTE-Equal-H,4,2,"[1, 2, 0, 13, 0, 0, 1, 0, 3, 1]","[0.0, 0.0, 0.0]","[0.0008213894907633465, 0.0007324037981033326, 0.0002172540410359701]","[0.1, 0.8, 0.1]","[0, 1, 0]",True
AdaTE-Equal-H,4,3,"[1, 2, 0, 13, 0, 0, 1, 0, 4, 1]","[0.0, 0.0, 0.0]","[0.005762258529663087, 0.002293303998311361, 0.005072741254170737]","[0.1, 0.8, 0.1]","[0, 1, 0]",True
AdaTE-Equal-H,4,4,"[1, 2, 0, 13, 0, 0, 1, 1, 5, 1]","[0.0, 0.0, 0.0]","[0.02946718724568685, 0.013442114512125656, 0.033573526064554854]","[0.1, 0.8, 0.1]","[0, 1, 0]",True
AdaTE-Equal-H,4,5,"[1, 2, 0, 13, 0, 0, 0, 1, 6, 1]","[0.0, 0.0, 0.0]","[0.007577972412109375, 0.09624442299207052, 0.03119730631510417]","[0.1, 0.8, 0.1]","[0, 1, 0]",True
AdaTE-Equal-H,4,6,"[1, 1, 0, 13, 0, 0, 0, 1, 7, 1]","[0.0, 0.0, 0.0]","[0.0, 0.0, 0.0]","[0.1, 0.8, 0.1]","[0, 1, 0]",False
AdaTE-Equal-H,4,7,"[1, 1, 0, 13, 0, 0, 0, 1, 8, 1]","[0.0, 0.0, 0.0]","[0.0, 0.0, 0.0]","[0.1, 0.8, 0.1]","[0, 1, 0]",False
AdaTE-Equal-H,5,0,"[4, 2, -5, 13, 0, 0, 1, 0, 1, 1]","[0.0, 0.0, 0.0]","[7.52540075937907e-05, 0.00011725246065457664, 1.6010289986928312e-06]","[0.1, 0.8, 0.1]","[0, 1, 0]",True
AdaTE-Equal-H,5,1,"[4, 2, -5, 13, 0, 0, 1, 0, 2, 1]","[0.0, 0.0, 0.0]","[7.349886178970338e-05, 0.0009574382692972821, 0.00044262996355692554]","[0.1, 0.8, 0.1]","[0, 1, 0]",True
AdaTE-Equal-H,5,2,"[3, 2, -5, 13, 0, 0, 1, 0, 3, 1]","[0.0, 0.0, 0.0]","[0.0003717522303263347, 0.003076313991546632, 0.008229426967302961]","[0.1, 0.8, 0.1]","[0, 1, 0]",True
AdaTE-Equal-H,5,3,"[3, 2, -5, 13, 0, 0, 1, 0, 4, 1]","[0.0, 0.0, 0.0]","[0.018767807165781657, 0.02153220907847087, 0.021809609985351565]","[0.1, 0.8, 0.1]","[0, 1, 0]",True
AdaTE-Equal-H,5,4,"[2, 2, -5, 13, 0, 0, 1, 1, 5, 1]","[0.0, 0.0, 0.0]","[0.046068639755249025, 0.08651654879252117, 0.05848085530598959]","[0.1, 0.8, 0.1]","[0, 1, 0]",True
AdaTE-Equal-H,5,5,"[2, 2, -6, 13, 0, 0, 0, 1, 6, 1]","[0.0, 0.0, 0.0]","[0.029602615038553874, 0.12188711166381837, 0.1687170155843099]","[0.1, 0.8, 0.1]","[0, 1, 0]",True
AdaTE-Equal-H,5,6,"[1, 1, -6, 13, 0, 0, 0, 1, 7, 1]","[0.0, 0.0, 0.0]","[0.0, 0.0, 0.0]","[0.1, 0.8, 0.1]","[0, 0, 1]",False
AdaTE-Equal-H,6,0,"[2, 0, -5, 12, 0, 0, 0, 2, 0, 3]","[0.0, 0.0, 0.0]","[0.030691396868228915, 0.016491100947062173, 0.015179040606816612]","[0.1, 0.8, 0.1]","[0, 1, 0]",True
AdaTE-Equal-H,6,1,"[2, 0, -5, 13, 0, 0, 0, 2, 1, 3]","[0.0, 0.0, 0.0]","[0.0, 0.0, 0.0]","[0.1, 0.8, 0.1]","[0, 1, 0]",False
AdaTE-Equal-H,6,2,"[1, 0, -5, 13, 0, 0, 0, 2, 2, 3]","[0.0, 0.0, 0.0]","[0.0, 0.0, 0.0]","[0.1, 0.8, 0.1]","[0, 1, 0]",False
AdaTE-Equal-H,7,0,"[3, 2, -5, 13, 0, 0, 1, 0, 1, 1]","[0.0, 0.0, 0.0]","[0.0003229390041033428, 0.0006773917897542319, 8.755529880523683e-05]","[0.1, 0.8, 0.1]","[0, 1, 0]",True
AdaTE-Equal-H,7,1,"[3, 2, -5, 13, 0, 0, 1, 0, 2, 1]","[0.0, 0.0, 0.0]","[0.0005288607915242513, 0.0024539761225382487, 0.0024777645111083986]","[0.1, 0.8, 0.1]","[0, 1, 0]",True
AdaTE-Equal-H,7,2,"[2, 2, -5, 13, 0, 0, 1, 0, 3, 1]","[0.0, 0.0, 0.0]","[0.01910569445292155, 0.007683401743570965, 0.008781665484110517]","[0.1, 0.8, 0.1]","[0, 1, 0]",True
AdaTE-Equal-H,7,3,"[2, 2, -5, 13, 0, 0, 1, 0, 4, 1]","[0.0, 0.0, 0.0]","[0.09937747955322265, 0.03638707478841146, 0.09608978271484375]","[0.1, 0.8, 0.1]","[0, 1, 0]",True
AdaTE-Equal-H,7,4,"[1, 2, -5, 13, 0, 0, 1, 1, 5, 1]","[0.0, 0.0, 0.0]","[0.034136962890625, 0.3033487955729167, 0.18782755533854167]","[0.1, 0.8, 0.1]","[0, 1, 0]",True
AdaTE-Equal-H,7,5,"[1, 2, -5, 13, 0, 0, 0, 1, 6, 1]","[0.0, 0.25, 0.0]","[0.5999247233072916, 0.45572916666666663, 0.5278269449869791]","[0.1, 0.8, 0.1]","[0, 1, 0]",True
AdaTE-Equal-H,8,0,"[2, 2, -3, 13, 0, 0, 1, 1, 5, 1]","[0.0, 0.0, 0.0]","[0.00954399108886719, 0.009861832682291667, 0.016135174306233725]","[0.1, 0.8, 0.1]","[0, 1, 0]",True
AdaTE-Equal-H,8,1,"[2, 2, -3, 13, 0, 0, 0, 1, 6, 1]","[0.0, 0.0, 0.0]","[0.10402559407552084, 0.08597469075520835, 0.09378670247395834]","[0.1, 0.8, 0.1]","[0, 1, 0]",True
AdaTE-Equal-H,8,2,"[2, 1, -4, 13, 0, 0, 0, 1, 7, 1]","[0.0, 0.0, 0.0]","[0.0, 0.0, 0.0]","[0.1, 0.8, 0.1]","[0, 1, 0]",False
AdaTE-Equal-H,8,3,"[1, 1, -4, 13, 0, 0, 0, 1, 8, 1]","[0.0, 0.0, 0.0]","[0.0, 0.0, 0.0]","[0.1, 0.8, 0.1]","[0, 1, 0]",False
AdaTE-Equal-H,9,0,"[1, 2, -1, 13, 0, 0, 1, 0, 4, 0]","[0.0, 0.0, 0.0]","[0.0564852015177409, 0.09461761474609376, 0.07584318161010743]","[0.1, 0.8, 0.1]","[0, 1, 0]",True
AdaTE-Equal-H,9,1,"[1, 2, -1, 13, 0, 0, 1, 1, 5, 0]","[0.0, 0.0, 0.0]","[0.22815450032552084, 0.28430836995442715, 0.1183929443359375]","[0.1, 0.8, 0.1]","[0, 1, 0]",True
AdaTE-Equal-H,9,2,"[1, 1, -1, 13, 0, -1, 0, 1, 6, 0]","[0.0, 0.0, 0.0]","[0.0, 0.0, 0.0]","[0.1, 0.8, 0.1]","[0, 1, 0]",False
AdaTE-Equal-H,10,0,"[3, 2, -3, 13, 0, 0, 1, 0, 4, 0]","[0.0, 0.0, 0.0]","[0.0013133891423543296, 0.004426761833826701, 0.002923184394836426]","[0.1, 0.8, 0.1]","[0, 1, 0]",True
AdaTE-Equal-H,10,1,"[2, 2, -3, 13, 0, 0, 1, 1, 5, 0]","[0.0, 0.0, 0.0]","[0.0038049316406249998, 0.011803030312061308, 0.008600046793619791]","[0.1, 0.8, 0.1]","[0, 1, 0]",True
AdaTE-Equal-H,10,2,"[2, 1, -3, 13, 0, -1, 0, 1, 6, 0]","[0.0, 0.0, 0.0]","[0.0, 0.0, 0.0]","[0.1, 0.8, 0.1]","[0, 1, 0]",False
AdaTE-Equal-H,10,3,"[2, 0, -4, 13, 0, -1, 0, 1, 7, 0]","[0.0, 0.0, 0.0]","[0.0, 0.0, 0.0]","[0.1, 0.8, 0.1]","[0, 1, 0]",False
AdaTE-Equal-H,11,0,"[3, 2, -6, 13, 0, 0, 1, 0, 3, 0]","[0.0, 0.0, 0.0]","[0.0015459798177083336, 0.001288055419921875, 0.0]","[0.1, 0.8, 0.0]","[0, 1, 0]",True
AdaTE-Equal-H,11,1,"[3, 2, -6, 13, 0, 0, 1, 0, 4, 0]","[0.0, 0.0, 0.0]","[0.00016927083333333334, 0.007313690185546876, 0.046065673828124994]","[0.1, 0.8, 0.1]","[0, 1, 0]",True
AdaTE-Equal-H,11,2,"[2, 2, -6, 13, 0, 0, 1, 1, 5, 0]","[0.0, 0.0, 0.0]","[0.0, 0.0, 0.0]","[0.1, 0.8, 0.1]","[0, 1, 0]",False
AdaTE-Equal-H,11,3,"[2, 1, -6, 13, 0, -1, 0, 1, 6, 0]","[0.0, 0.0, 0.0]","[0.0, 0.0, 0.0]","[0.1, 0.8, 0.1]","[0, 1, 0]",False
AdaTE-Equal-H,12,0,"[3, 2, -5, 13, 0, 0, 1, 0, 2, 0]","[0.0, 0.0, 0.0]","[0.028298911730448413, 0.014104699293772381, 0.02404097090164821]","[0.1, 0.8, 0.1]","[0, 1, 0]",True
AdaTE-Equal-H,12,1,"[2, 2, -5, 13, 0, 0, 1, 0, 3, 0]","[0.0, 0.0, 0.0]","[0.037620602448781335, 0.09345274527867636, 0.08307534058888755]","[0.1, 0.8, 0.1]","[0, 1, 0]",True
AdaTE-Equal-H,12,2,"[2, 2, -5, 13, 0, 0, 1, 0, 4, 0]","[0.0, 0.0, 0.0]","[0.12130267024040223, 0.21570879618326824, 0.36165667970975235]","[0.1, 0.8, 0.1]","[0, 1, 0]",True
AdaTE-Equal-H,12,3,"[1, 2, -6, 13, 0, 0, 1, 1, 5, 0]","[0.0, 0.0, 0.0]","[0.0, 0.0, 0.0]","[0.1, 0.8, 0.1]","[0, 0, 1]",False
AdaTE-Equal-H,13,0,"[1, 2, 0, 12, 0, 0, 1, 0, 0, 1]","[0.0, 0.0, 0.0]","[1.9649745440483103e-06, 1.9885635693868012e-07, 1.1874888102213549e-07]","[0.1, 0.8, 0.1]","[0, 1, 0]",True
AdaTE-Equal-H,13,1,"[1, 2, 0, 13, 0, 0, 1, 0, 1, 1]","[0.0, 0.0, 0.0]","[5.5746632655461645e-06, 8.55568656921387e-06, 1.577885169982911e-05]","[0.1, 0.8, 0.1]","[0, 1, 0]",True
AdaTE-Equal-H,13,2,"[1, 2, 0, 13, 0, 0, 1, 0, 2, 1]","[0.0, 0.0, 0.0]","[2.447028573354086e-05, 8.619697825113934e-05, 9.410152149200442e-05]","[0.30000000000000004, 1.6, 0.30000000000000004]","[0, 2, 0]",True
AdaTE-Equal-H,13,3,"[1, 2, 0, 13, 0, 0, 1, 0, 3, 1]","[0.0, 0.0, 0.0]","[0.0008213894907633465, 0.0007324037981033326, 0.0002172540410359701]","[0.30000000000000004, 1.6, 0.30000000000000004]","[0, 2, 0]",True
AdaTE-Equal-H,13,4,"[1, 2, 0, 13, 0, 0, 1, 0, 4, 1]","[0.0, 0.0, 0.0]","[0.005762258529663087, 0.002293303998311361, 0.005072741254170737]","[0.30000000000000004, 1.6, 0.30000000000000004]","[0, 2, 0]",True
AdaTE-Equal-H,13,5,"[1, 2, 0, 13, 0, 0, 1, 1, 5, 1]","[0.0, 0.0, 0.0]","[0.02946718724568685, 0.013442114512125656, 0.033573526064554854]","[0.30000000000000004, 1.6, 0.30000000000000004]","[0, 2, 0]",True
AdaTE-Equal-H,13,6,"[1, 2, 0, 13, 0, 0, 0, 1, 6, 1]","[0.0, 0.0, 0.0]","[0.007577972412109375, 0.09624442299207052, 0.03119730631510417]","[0.30000000000000004, 1.6, 0.30000000000000004]","[0, 2, 0]",True
AdaTE-Equal-H,13,7,"[1, 1, 0, 13, 0, 0, 0, 1, 7, 1]","[0.0, 0.0, 0.0]","[0.0, 0.0, 0.0]","[0.1, 0.8, 0.1]","[0, 2, 0]",False
AdaTE-Equal-H,13,8,"[1, 1, 0, 13, 0, 0, 0, 1, 8, 1]","[0.0, 0.0, 0.0]","[0.0, 0.0, 0.0]","[0.1, 0.8, 0.1]","[0, 2, 0]",False
AdaTE-Equal-H,14,0,"[2, 1, -6, 13, 0, -1, 0, 1, 6, 0]","[0.0, 0.0, 0.0]","[0.0, 0.0, 0.0]","[0.1, 0.8, 0.1]","[1, 1, 0]",False
AdaTE-Equal-H,15,0,"[2, 2, -1, 13, 0, 0, 1, 0, 1, 0]","[0.0, 0.0, 0.0]","[0.00032792926152547204, 0.00032615976929664615, 8.915981854001683e-05]","[0.1, 0.8, 0.1]","[0, 1, 0]",True
AdaTE-Equal-H,15,1,"[2, 2, -1, 13, 0, 0, 1, 0, 2, 0]","[0.0, 0.0, 0.0]","[0.0030466499765714012, 0.001220757802327474, 0.003155779726306598]","[0.1, 0.8, 0.1]","[0, 1, 0]",True
AdaTE-Equal-H,15,2,"[1, 2, -1, 13, 0, 0, 1, 0, 3, 0]","[0.0, 0.0, 0.0]","[0.006868357340494792, 0.0166556765238444, 0.022587063024441405]","[0.1, 0.8, 0.1]","[0, 1, 0]",True
AdaTE-Equal-H,15,3,"[1, 2, -1, 13, 0, 0, 1, 0, 4, 0]","[0.0, 0.0, 0.0]","[0.0564852015177409, 0.09461761474609376, 0.07584318161010743]","[0.30000000000000004, 1.6, 0.30000000000000004]","[0, 2, 0]",True
AdaTE-Equal-H,15,4,"[1, 2, -2, 13, 0, 0, 1, 1, 5, 0]","[0.0, 0.0, 0.0]","[0.0, 0.0, 0.0]","[0.1, 0.8, 0.1]","[0, 1, 0]",False
AdaTE-Equal-H,15,5,"[1, 1, -2, 13, 0, -1, 0, 1, 6, 0]","[0.0, 0.0, 0.0]","[0.0, 0.0, 0.0]","[0.1, 0.8, 0.1]","[0, 1, 0]",False
AdaTE-Equal-H,16,0,"[2, 2, -4, 13, 0, 0, 1, 0, 3, 1]","[0.0, 0.0, 0.0]","[0.0, 0.0, 0.0]","[0.1, 0.8, 0.1]","[0, 1, 0]",False
AdaTE-Equal-H,16,1,"[1, 2, -4, 13, 0, 0, 1, 0, 4, 1]","[0.0, 0.0, 0.0]","[0.0, 0.0, 0.0]","[0.1, 0.8, 0.1]","[0, 1, 0]",False
AdaTE-Equal-H,16,2,"[1, 2, -4, 13, 0, 0, 1, 1, 5, 1]","[0.0, 0.0, 0.0]","[0.0, 0.0, 0.0]","[0.1, 0.8, 0.1]","[0, 2, 0]",False
AdaTE-Equal-H,16,3,"[1, 2, -4, 13, 0, 0, 0, 1, 6, 1]","[0.0, 0.0, 0.0]","[0.0, 0.0, 0.0]","[0.1, 0.8, 0.1]","[0, 2, 0]",False
AdaTE-Equal-H,16,4,"[0, 1, -4, 13, 0, 0, 0, 1, 7, 1]","[0.0, 0.0, 0.0]","[0.0, 0.0, 0.0]","[0.1, 0.8, 0.1]","[0, 2, 0]",False
AdaTE-Equal-H,17,0,"[1, 2, -3, 13, 0, 0, 1, 1, 5, 0]","[0.0, 0.0, 0.0]","[0.22786458333333331, 0.6732400258382161, 0.5075581868489583]","[0.1, 0.8, 0.1]","[0, 1, 0]",True
AdaTE-Equal-H,17,1,"[1, 1, -3, 13, 0, -1, 0, 1, 6, 0]","[0.0, 0.0, 0.0]","[0.0, 0.0, 0.0]","[0.1, 0.8, 0.1]","[0, 1, 0]",False
AdaTE-Equal-H,18,0,"[1, 0, -5, 12, 0, 0, 0, 2, 0, 2]","[0.0, 0.25, 0.0]","[0.8998870849609375, 0.68359375, 0.68359375]","[0.1, 0.8, 0.1]","[0, 1, 0]",True
AdaTE-Equal-H,19,0,"[2, 2, -1, 13, 0, 0, 1, 0, 2, 1]","[0.0, 0.0, 0.0]","[5.111958312988283e-05, 4.208351389567059e-05, 0.000362763336579005]","[0.1, 0.8, 0.1]","[0, 1, 0]",True
AdaTE-Equal-H,19,1,"[1, 2, -1, 13, 0, 0, 1, 0, 3, 1]","[0.0, 0.0, 0.0]","[0.0006222962872187299, 0.0008197497558593752, 0.002281237424214681]","[0.1, 0.8, 0.1]","[0, 1, 0]",True
AdaTE-Equal-H,19,2,"[1, 2, -1, 13, 0, 0, 1, 0, 4, 1]","[0.0, 0.0, 0.0]","[0.009843979581197104, 0.0060867831230163585, 0.013156995455423991]","[0.1, 0.8, 0.1]","[0, 1, 0]",True
AdaTE-Equal-H,19,3,"[1, 2, -1, 13, 0, 0, 1, 1, 5, 1]","[0.0, 0.0, 0.0]","[0.04754357393582663, 0.04559794123967489, 0.0011793619791666667]","[0.1, 0.8, 0.1]","[0, 1, 0]",True
AdaTE-Equal-H,19,4,"[1, 2, -2, 13, 0, 0, 0, 1, 6, 1]","[0.0, 0.0, 0.0]","[0.008723958333333334, 0.021381937662760413, 0.21532585620880126]","[0.30000000000000004, 1.6, 0.30000000000000004]","[0, 2, 0]",True
AdaTE-Equal-H,19,5,"[1, 1, -2, 13, 0, 0, 0, 1, 7, 1]","[0.0, 0.0, 0.0]","[0.0, 0.0, 0.0]","[0.1, 0.8, 0.1]","[0, 1, 1]",False
AdaTE-Equal-H,20,0,"[4, 2, -5, 13, 0, 0, 1, 0, 1, 1]","[0.0, 0.0, 0.0]","[7.52540075937907e-05, 0.00011725246065457664, 1.6010289986928312e-06]","[0.30000000000000004, 1.6, 0.30000000000000004]","[0, 2, 0]",True
AdaTE-Equal-H,20,1,"[4, 2, -5, 13, 0, 0, 1, 0, 2, 1]","[0.0, 0.0, 0.0]","[7.349886178970338e-05, 0.0009574382692972821, 0.00044262996355692554]","[0.30000000000000004, 1.6, 0.30000000000000004]","[0, 2, 0]",True
AdaTE-Equal-H,20,2,"[3, 2, -5, 13, 0, 0, 1, 0, 3, 1]","[0.0, 0.0, 0.0]","[0.0003717522303263347, 0.003076313991546632, 0.008229426967302961]","[0.30000000000000004, 1.6, 0.30000000000000004]","[0, 2, 0]",True
AdaTE-Equal-H,20,3,"[3, 2, -5, 13, 0, 0, 1, 0, 4, 1]","[0.0, 0.0, 0.0]","[0.018767807165781657, 0.02153220907847087, 0.021809609985351565]","[0.30000000000000004, 1.6, 0.30000000000000004]","[0, 2, 0]",True
AdaTE-Equal-H,20,4,"[2, 2, -5, 13, 0, 0, 1, 1, 5, 1]","[0.0, 0.0, 0.0]","[0.046068639755249025, 0.08651654879252117, 0.05848085530598959]","[0.30000000000000004, 1.6, 0.30000000000000004]","[0, 2, 0]",True
AdaTE-Equal-H,20,5,"[2, 2, -6, 13, 0, 0, 0, 1, 6, 1]","[0.0, 0.0, 0.0]","[0.029602615038553874, 0.12188711166381837, 0.1687170155843099]","[0.30000000000000004, 1.6, 0.30000000000000004]","[0, 2, 0]",True
AdaTE-Equal-H,20,6,"[1, 1, -6, 13, 0, 0, 0, 1, 7, 1]","[0.0, 0.0, 0.0]","[0.0, 0.0, 0.0]","[0.1, 0.8, 0.1]","[0, 1, 1]",False
AdaTE-Equal-H,21,0,"[5, 2, -6, 13, 0, 0, 1, 0, 4, 0]","[0.0, 0.0, 0.0]","[0.0, 3.3337402343750015e-07, 1.1874084472656254e-07]","[0.0, 0.8, 0.1]","[0, 1, 0]",True
AdaTE-Equal-H,21,1,"[4, 2, -6, 13, 0, 0, 1, 1, 5, 0]","[0.0, 0.0, 0.0]","[1.5970865885416673e-07, 1.5985107421875007e-06, 0.0]","[0.1, 0.8, 0.0]","[0, 1, 0]",True
AdaTE-Equal-H,21,2,"[3, 1, -6, 13, 0, -1, 0, 1, 6, 0]","[0.0, 0.0, 0.0]","[0.0, 0.0, 0.0]","[0.1, 0.8, 0.1]","[0, 1, 0]",False
AdaTE-Equal-H,21,3,"[3, 0, -6, 13, 0, -1, 0, 1, 7, 0]","[0.0, 0.0, 0.0]","[0.0, 0.0, 0.0]","[0.1, 0.8, 0.1]","[0, 1, 0]",False
AdaTE-Equal-H,21,4,"[2, 0, -6, 13, 0, 0, 0, 3, 8, 0]","[0.0, 0.0, 0.0]","[0.0, 0.0, 0.0]","[0.1, 0.8, 0.1]","[0, 1, 0]",False
AdaTE-Equal-H,21,5,"[2, 0, -5, 13, 0, 0, 0, 3, 9, 0]","[0.0, 0.0, 0.0]","[0.0, 0.0, 0.0]","[0.1, 0.8, 0.1]","[0, 1, 0]",False
AdaTE-Equal-H,22,0,"[1, 0, -5, 12, 0, 0, 0, 2, 0, 2]","[0.0, 0.4375, 0.0]","[0.8998870849609375, 0.68359375, 0.68359375]","[0.30000000000000004, 1.3074285714285716, 0.30000000000000004]","[0, 2, 0]",True
AdaTE-Equal-H,23,0,"[1, 2, 0, 13, 0, 0, 1, 0, 2, 0]","[0.0, 0.0, 0.0]","[0.00030355211695035306, 0.0020660733540852866, 0.004907567628224693]","[0.1, 0.8, 0.1]","[0, 1, 0]",True
AdaTE-Equal-H,23,1,"[1, 2, 0, 13, 0, 0, 1, 0, 3, 0]","[0.0, 0.0, 0.0]","[0.003779072999954224, 0.012216987291971845, 0.008316822052001953]","[0.1, 0.8, 0.1]","[0, 1, 0]",True
AdaTE-Equal-H,23,2,"[1, 2, 0, 13, 0, 0, 1, 0, 4, 0]","[0.0, 0.0, 0.0]","[0.06862830797831218, 0.050074301560719806, 0.04839051668842634]","[0.1, 0.8, 0.1]","[0, 1, 0]",True
AdaTE-Equal-H,23,3,"[1, 2, 0, 13, 0, 0, 1, 1, 5, 0]","[0.0, 0.0, 0.0]","[0.25623669028282164, 0.13958033720652263, 0.19377386569976807]","[0.1, 0.8, 0.1]","[0, 1, 0]",True
AdaTE-Equal-H,23,4,"[1, 1, 0, 13, 0, -1, 0, 1, 6, 0]","[0.0, 0.25, 0.0]","[0.2999623616536458, 0.45572916666666663, 0.5506391326586405]","[0.1, 0.8, 0.1]","[0, 1, 0]",True
AdaTE-Equal-H,24,0,"[4, 2, -6, 13, 0, 0, 1, 0, 2, 0]","[0.0, 0.0, 0.0]","[0.0, 0.0, 0.0]","[0.1, 0.8, 0.1]","[0, 1, 0]",False
AdaTE-Equal-H,24,1,"[3, 2, -6, 13, 0, 0, 1, 0, 3, 0]","[0.0, 0.0, 0.0]","[0.0015459798177083336, 0.001288055419921875, 0.0]","[0.30000000000000004, 1.6, 0.2]","[0, 2, 0]",True
AdaTE-Equal-H,24,2,"[3, 2, -6, 13, 0, 0, 1, 0, 4, 0]","[0.0, 0.0, 0.0]","[0.00016927083333333334, 0.007313690185546876, 0.046065673828124994]","[0.30000000000000004, 1.6, 0.30000000000000004]","[0, 2, 0]",True
AdaTE-Equal-H,24,3,"[2, 2, -6, 13, 0, 0, 1, 1, 5, 0]","[0.0, 0.0, 0.0]","[0.0, 0.0, 0.0]","[0.1, 0.8, 0.1]","[0, 2, 0]",False
AdaTE-Equal-H,24,4,"[2, 1, -6, 13, 0, -1, 0, 1, 6, 0]","[0.0, 0.0, 0.0]","[0.0, 0.0, 0.0]","[0.1, 0.8, 0.1]","[1, 2, 0]",False
AdaTE-Equal-H,25,0,"[3, 2, -5, 13, 0, 0, 1, 0, 3, 1]","[0.0, 0.0, 0.0]","[0.0003717522303263347, 0.003076313991546632, 0.008229426967302961]","[0.38284271247461904, 1.554247233265651, 0.38284271247461904]","[0, 3, 0]",True
AdaTE-Equal-H,25,1,"[3, 2, -5, 13, 0, 0, 1, 0, 4, 1]","[0.0, 0.0, 0.0]","[0.018767807165781657, 0.02153220907847087, 0.021809609985351565]","[0.38284271247461904, 1.554247233265651, 0.38284271247461904]","[0, 3, 0]",True
AdaTE-Equal-H,25,2,"[2, 2, -5, 13, 0, 0, 1, 1, 5, 1]","[0.0, 0.0, 0.0]","[0.046068639755249025, 0.08651654879252117, 0.05848085530598959]","[0.38284271247461904, 1.554247233265651, 0.38284271247461904]","[0, 3, 0]",True
AdaTE-Equal-H,25,3,"[2, 2, -6, 13, 0, 0, 0, 1, 6, 1]","[0.0, 0.0, 0.0]","[0.029602615038553874, 0.12188711166381837, 0.1687170155843099]","[0.38284271247461904, 1.554247233265651, 0.38284271247461904]","[0, 3, 0]",True
AdaTE-Equal-H,25,4,"[1, 1, -6, 13, 0, 0, 0, 1, 7, 1]","[0.0, 0.0, 0.0]","[0.0, 0.0, 0.0]","[0.1, 0.8, 0.1]","[0, 2, 1]",False
AdaTE-Equal-H,26,0,"[3, 2, -3, 13, 0, 0, 1, 0, 4, 1]","[0.0, 0.0, 0.0]","[0.00025415751139322917, 0.0001698870849609375, 0.004389174735546113]","[0.1, 0.8, 0.1]","[0, 1, 0]",True
AdaTE-Equal-H,26,1,"[2, 2, -3, 13, 0, 0, 1, 1, 5, 1]","[0.0, 0.0, 0.0]","[0.00954399108886719, 0.009861832682291667, 0.016135174306233725]","[0.30000000000000004, 1.6, 0.30000000000000004]","[0, 2, 0]",True
AdaTE-Equal-H,26,2,"[2, 2, -4, 13, 0, 0, 0, 1, 6, 1]","[0.0, 0.0, 0.0]","[0.0, 0.0, 0.0]","[0.1, 0.8, 0.1]","[0, 1, 0]",False
AdaTE-Equal-H,26,3,"[2, 1, -4, 13, 0, 0, 0, 1, 7, 1]","[0.0, 0.0, 0.0]","[0.0, 0.0, 0.0]","[0.1, 0.8, 0.1]","[0, 2, 0]",False
AdaTE-Equal-H,26,4,"[1, 1, -4, 13, 0, 0, 0, 1, 8, 1]","[0.0, 0.0, 0.0]","[0.0, 0.0, 0.0]","[0.1, 0.8, 0.1]","[0, 1, 1]",False
AdaTE-Equal-H,27,0,"[1, 2, -2, 13, 0, 0, 0, 1, 6, 1]","[0.0, 0.0, 0.0]","[0.008723958333333334, 0.021381937662760413, 0.21532585620880126]","[0.38284271247461904, 1.554247233265651, 0.38284271247461904]","[0, 3, 0]",True
AdaTE-Equal-H,27,1,"[1, 1, -2, 13, 0, 0, 0, 1, 7, 1]","[0.0, 0.0, 0.0]","[0.0, 0.0, 0.0]","[0.1, 0.8, 0.1]","[1, 1, 1]",False
AdaTE-Equal-H,28,0,"[1, 2, -1, 13, 0, 0, 1, 0, 3, 1]","[0.0, 0.0, 0.0]","[0.0006222962872187299, 0.0008197497558593752, 0.002281237424214681]","[0.30000000000000004, 1.6, 0.30000000000000004]","[0, 2, 0]",True
AdaTE-Equal-H,28,1,"[1, 2, -1, 13, 0, 0, 1, 0, 4, 1]","[0.0, 0.0, 0.0]","[0.009843979581197104, 0.0060867831230163585, 0.013156995455423991]","[0.30000000000000004, 1.6, 0.30000000000000004]","[0, 2, 0]",True
AdaTE-Equal-H,28,2,"[1, 2, -1, 13, 0, 0, 1, 1, 5, 1]","[0.0, 0.0, 0.0]","[0.04754357393582663, 0.04559794123967489, 0.0011793619791666667]","[0.30000000000000004, 1.6, 0.30000000000000004]","[0, 2, 0]",True
AdaTE-Equal-H,28,3,"[1, 2, -1, 13, 0, 0, 0, 1, 6, 1]","[0.0, 0.0, 0.0]","[0.07671346028645833, 0.13006076216697693, 0.23114437053600945]","[0.1, 0.8, 0.1]","[0, 1, 0]",True
AdaTE-Equal-H,28,4,"[1, 1, -2, 13, 0, 0, 0, 1, 7, 1]","[0.0, 0.0, 0.0]","[0.0, 0.0, 0.0]","[0.1, 0.8, 0.1]","[1, 1, 2]",False
AdaTE-Equal-H,29,0,"[2, 2, -3, 13, 0, 0, 1, 0, 1, 0]","[0.0, 0.0, 0.0]","[0.009453745457331339, 0.005777069855531057, 0.0025484524703025826]","[0.1, 0.8, 0.1]","[0, 1, 0]",True
AdaTE-Equal-H,29,1,"[2, 2, -3, 13, 0, 0, 1, 0, 2, 0]","[0.0, 0.0, 0.0]","[0.011178533681233725, 0.035807784326871234, 0.02147035376230876]","[0.1, 0.8, 0.1]","[0, 1, 0]",True
AdaTE-Equal-H,29,2,"[2, 2, -3, 13, 0, 0, 1, 0, 3, 0]","[0.0, 0.0, 0.0]","[0.0013789062500000001, 0.09655480984846751, 0.136557861328125]","[0.1, 0.8, 0.1]","[0, 1, 0]",True
AdaTE-Equal-H,29,3,"[1, 2, -3, 13, 0, 0, 1, 0, 4, 0]","[0.0, 0.0, 0.0]","[0.2114422607421875, 0.32629475911458333, 0.059525527954101556]","[0.1, 0.8, 0.1]","[0, 1, 0]",True
AdaTE-Equal-H,29,4,"[1, 2, -3, 13, 0, 0, 1, 1, 5, 0]","[0.0, 0.25, 0.0]","[0.22786458333333331, 0.6732400258382161, 0.5075581868489583]","[0.30000000000000004, 1.6, 0.30000000000000004]","[0, 2, 0]",True
AdaTE-Equal-H,30,0,"[5, 2, -6, 13, 0, 0, 1, 0, 4, 1]","[0.0, 0.0, 0.0]","[0.0, 0.0, 0.0]","[0.1, 0.8, 0.1]","[1, 0, 0]",False
AdaTE-Equal-H,30,1,"[4, 2, -6, 13, 0, 0, 1, 1, 5, 1]","[0.0, 0.0, 0.0]","[0.0, 4.187227884928387e-07, 1.8528645833333342e-06]","[0.0, 0.8, 0.1]","[0, 1, 0]",True
AdaTE-Equal-H,30,2,"[4, 2, -6, 13, 0, 0, 0, 1, 6, 1]","[0.0, 0.0, 0.0]","[0.0, 0.0, 0.0]","[0.1, 0.8, 0.1]","[0, 1, 0]",False
AdaTE-Equal-H,30,3,"[3, 1, -6, 13, 0, 0, 0, 1, 7, 1]","[0.0, 0.0, 0.0]","[0.0, 0.0, 0.0]","[0.1, 0.8, 0.1]","[0, 1, 0]",False
AdaTE-Equal-H,30,4,"[3, 1, -6, 13, 0, 0, 0, 1, 8, 1]","[0.0, 0.0, 0.0]","[0.0, 0.0, 0.0]","[0.1, 0.8, 0.1]","[0, 1, 0]",False
AdaTE-Equal-H,30,5,"[2, 1, -5, 13, 0, 0, 0, 1, 9, 1]","[0.0, 0.0, 0.0]","[0.0, 0.0, 0.0]","[0.1, 0.8, 0.1]","[0, 1, 0]",False
AdaTE-Equal-H,30,6,"[1, 0, -5, 12, 0, 0, 0, 1, 10, 1]","[0.0, 0.0, 0.0]","[0.0, 0.0, 0.0]","[0.1, 0.8, 0.1]","[0, 1, 0]",False
AdaTE-Equal-H,31,0,"[1, 0, -5, 12, 0, 0, 0, 2, 0, 2]","[0.0, 0.578125, 0.0]","[0.8998870849609375, 0.68359375, 0.68359375]","[0.38284271247461904, 1.0422472332656507, 0.38284271247461904]","[0, 3, 0]",True
AdaTE-Equal-H,32,0,"[1, 0, -5, 12, 0, 0, 0, 2, 0, 2]","[0.0, 0.68359375, 0.0]","[0.8998870849609375, 0.68359375, 0.68359375]","[0.44641016151377544, 0.8162488944561224, 0.44641016151377544]","[0, 4, 0]",True
AdaTE-Equal-H,33,0,"[2, 0, -3, 12, 0, 0, 0, 2, 0, 2]","[0.0, 0.0, 0.0]","[4.490007271369299e-06, 2.819218397140504e-06, 1.6403944293657942e-06]","[0.30000000000000004, 1.6, 0.30000000000000004]","[0, 2, 0]",True
AdaTE-Equal-H,33,1,"[2, 0, -3, 13, 0, 0, 0, 2, 1, 2]","[0.0, 0.0, 0.0]","[0.0, 0.0, 0.0]","[0.1, 0.8, 0.1]","[0, 0, 2]",False
AdaTE-Equal-H,33,2,"[2, 0, -3, 13, 0, 0, 0, 2, 2, 2]","[0.0, 0.0, 0.0]","[0.0, 0.0, 0.0]","[0.1, 0.8, 0.1]","[0, 2, 0]",False
AdaTE-Equal-H,33,3,"[2, 0, -3, 12, 0, 0, 0, 2, 3, 2]","[0.0, 0.0, 0.0]","[0.0, 0.0, 0.0]","[0.1, 0.8, 0.1]","[0, 2, 0]",False
AdaTE-Equal-H,33,4,"[1, 0, -2, 12, 0, 0, 0, 2, 4, 2]","[0.0, 0.0, 0.0]","[0.0, 0.0, 0.0]","[0.1, 0.8, 0.1]","[0, 2, 0]",False
AdaTE-Equal-H,34,0,"[2, 0, -5, 12, 0, 0, 0, 2, 0, 2]","[0.0, 0.0, 0.0]","[0.07547874171237152, 0.05291592984199524, 0.04888335466782252]","[0.1, 0.8, 0.1]","[0, 1, 0]",True
AdaTE-Equal-H,34,1,"[2, 0, -5, 13, 0, 0, 0, 2, 1, 2]","[0.0, 0.0, 0.0]","[0.0, 0.0, 0.0]","[0.1, 0.8, 0.1]","[0, 1, 0]",False
AdaTE-Equal-H,34,2,"[1, 0, -5, 13, 0, 0, 0, 2, 2, 2]","[0.0, 0.0, 0.0]","[0.0, 0.0, 0.0]","[0.1, 0.8, 0.1]","[0, 1, 0]",False
AdaTE-Equal-H,35,0,"[5, 2, -5, 13, 0, 0, 1, 0, 1, 0]","[0.0, 0.0, 0.0]","[2.1720465024312347e-06, 0.0, 1.5467122395833336e-05]","[0.1, 0.0, 0.1]","[1, 0, 0]",True
AdaTE-Equal-H,35,1,"[4, 2, -5, 13, 0, 0, 1, 0, 2, 0]","[0.0, 0.0, 0.0]","[0.0004979564348856608, 0.00021724853515625003, 0.00037885928948720303]","[0.1, 0.8, 0.1]","[0, 1, 0]",True
AdaTE-Equal-H,35,2,"[3, 2, -5, 13, 0, 0, 1, 0, 3, 0]","[0.0, 0.0, 0.0]","[0.0005315839648246765, 0.00480971391995748, 0.00144189453125]","[0.1, 0.8, 0.1]","[0, 1, 0]",True
AdaTE-Equal-H,35,3,"[3, 2, -5, 13, 0, 0, 1, 0, 4, 0]","[0.0, 0.0, 0.0]","[0.011423184871673583, 0.038145740826924644, 0.0011890379587809244]","[0.1, 0.8, 0.1]","[0, 1, 0]",True
AdaTE-Equal-H,35,4,"[2, 2, -5, 13, 0, 0, 1, 1, 5, 0]","[0.0, 0.0, 0.0]","[0.19984029134114584, 0.08723958333333333, 0.17710310022036235]","[0.1, 0.8, 0.1]","[0, 1, 0]",True
AdaTE-Equal-H,35,5,"[2, 1, -6, 13, 0, -1, 0, 1, 6, 0]","[0.0, 0.0, 0.0]","[0.0, 0.0, 0.0]","[0.1, 0.8, 0.1]","[1, 3, 0]",False
AdaTE-Equal-H,36,0,"[2, 2, -1, 13, 0, 0, 1, 0, 1, 0]","[0.0, 0.0, 0.0]","[0.00032792926152547204, 0.00032615976929664615, 8.915981854001683e-05]","[0.30000000000000004, 1.6, 0.30000000000000004]","[0, 2, 0]",True
AdaTE-Equal-H,36,1,"[2, 2, -1, 13, 0, 0, 1, 0, 2, 0]","[0.0, 0.0, 0.0]","[0.0030466499765714012, 0.001220757802327474, 0.003155779726306598]","[0.30000000000000004, 1.6, 0.30000000000000004]","[0, 2, 0]",True
AdaTE-Equal-H,36,2,"[1, 2, -1, 13, 0, 0, 1, 0, 3, 0]","[0.0, 0.0, 0.0]","[0.006868357340494792, 0.0166556765238444, 0.022587063024441405]","[0.30000000000000004, 1.6, 0.30000000000000004]","[0, 2, 0]",True
AdaTE-Equal-H,36,3,"[1, 2, -1, 13, 0, 0, 1, 0, 4, 0]","[0.0, 0.0, 0.0]","[0.0564852015177409, 0.09461761474609376, 0.07584318161010743]","[0.38284271247461904, 1.554247233265651, 0.38284271247461904]","[0, 3, 0]",True
AdaTE-Equal-H,36,4,"[1, 2, -2, 13, 0, 0, 1, 1, 5, 0]","[0.0, 0.0, 0.0]","[0.0, 0.0, 0.0]","[0.1, 0.8, 0.1]","[1, 1, 0]",False
AdaTE-Equal-H,36,5,"[1, 1, -2, 13, 0, -1, 0, 1, 6, 0]","[0.0, 0.0, 0.0]","[0.0, 0.0, 0.0]","[0.1, 0.8, 0.1]","[0, 2, 0]",False
AdaTE-Equal-H,37,0,"[1, 2, -3, 13, 0, 0, 1, 1, 5, 0]","[0.0, 0.1875, 0.0]","[0.22786458333333331, 0.6732400258382161, 0.5075581868489583]","[0.38284271247461904, 1.257176363554673, 0.38284271247461904]","[0, 3, 0]",True
AdaTE-Equal-H,37,1,"[1, 1, -3, 13, 0, -1, 0, 1, 6, 0]","[0.0, 0.0, 0.0]","[0.0, 0.0, 0.0]","[0.1, 0.8, 0.1]","[0, 2, 0]",False
AdaTE-Equal-H,38,0,"[2, 0, -3, 12, 0, 0, 0, 2, 0, 3]","[0.0, 0.0, 0.0]","[3.7147000630696615e-05, 9.668792724609377e-06, 3.28367919921875e-05]","[0.1, 0.8, 0.1]","[0, 1, 0]",True
AdaTE-Equal-H,38,1,"[2, 0, -3, 13, 0, 0, 0, 2, 1, 3]","[0.0, 0.0, 0.0]","[0.0, 0.0, 0.0]","[0.1, 0.8, 0.1]","[0, 1, 0]",False
AdaTE-Equal-H,38,2,"[2, 0, -3, 13, 0, 0, 0, 2, 2, 3]","[0.0, 0.0, 0.0]","[0.0, 0.0, 0.0]","[0.1, 0.8, 0.1]","[0, 1, 0]",False
AdaTE-Equal-H,38,3,"[2, 0, -3, 12, 0, 0, 0, 2, 3, 3]","[0.0, 0.0, 0.0]","[0.0, 0.0, 0.0]","[0.1, 0.8, 0.1]","[0, 1, 0]",False
AdaTE-Equal-H,38,4,"[1, 0, -2, 12, 0, 0, 0, 2, 4, 3]","[0.0, 0.0, 0.0]","[0.0, 0.0, 0.0]","[0.1, 0.8, 0.1]","[0, 0, 1]",False
AdaTE-Equal-H,39,0,"[3, 2, -4, 13, 0, 0, 1, 0, 2, 0]","[0.0, 0.0, 0.0]","[0.0, 0.0, 0.0]","[0.1, 0.8, 0.1]","[0, 1, 0]",False
AdaTE-Equal-H,39,1,"[3, 2, -4, 13, 0, 0, 1, 0, 3, 0]","[0.0, 0.0, 0.0]","[0.0, 0.0, 0.0]","[0.1, 0.8, 0.1]","[0, 0, 1]",False
AdaTE-Equal-H,39,2,"[3, 2, -3, 13, 0, 0, 1, 0, 4, 0]","[0.0, 0.0, 0.0]","[0.0013133891423543296, 0.004426761833826701, 0.002923184394836426]","[0.30000000000000004, 1.6, 0.30000000000000004]","[0, 2, 0]",True
AdaTE-Equal-H,39,3,"[2, 2, -3, 13, 0, 0, 1, 1, 5, 0]","[0.0, 0.0, 0.0]","[0.0038049316406249998, 0.011803030312061308, 0.008600046793619791]","[0.30000000000000004, 1.6, 0.30000000000000004]","[0, 2, 0]",True
AdaTE-Equal-H,39,4,"[2, 1, -4, 13, 0, -1, 0, 1, 6, 0]","[0.0, 0.0, 0.0]","[0.0, 0.0, 0.0]","[0.1, 0.8, 0.1]","[0, 1, 0]",False
AdaTE-Equal-H,39,5,"[1, 0, -4, 13, 0, -1, 0, 1, 7, 0]","[0.0, 0.0, 0.0]","[0.0, 0.0, 0.0]","[0.1, 0.8, 0.1]","[1, 0, 0]",False
AdaTE-Equal-H,40,0,"[1, 2, -1, 13, 0, 0, 1, 0, 4, 1]","[0.0, 0.0, 0.0]","[0.009843979581197104, 0.0060867831230163585, 0.013156995455423991]","[0.38284271247461904, 1.554247233265651, 0.38284271247461904]","[0, 3, 0]",True
AdaTE-Equal-H,40,1,"[1, 2, -1, 13, 0, 0, 1, 1, 5, 1]","[0.0, 0.0, 0.0]","[0.04754357393582663, 0.04559794123967489, 0.0011793619791666667]","[0.38284271247461904, 1.554247233265651, 0.38284271247461904]","[0, 3, 0]",True
AdaTE-Equal-H,40,2,"[1, 2, -1, 13, 0, 0, 0, 1, 6, 1]","[0.0, 0.0, 0.0]","[0.07671346028645833, 0.13006076216697693, 0.23114437053600945]","[0.30000000000000004, 1.6, 0.30000000000000004]","[0, 2, 0]",True
AdaTE-Equal-H,40,3,"[1, 1, -2, 13, 0, 0, 0, 1, 7, 1]","[0.0, 0.0, 0.0]","[0.0, 0.0, 0.0]","[0.1, 0.8, 0.1]","[1, 2, 2]",False
AdaTE-Equal-H,41,0,"[2, 2, -3, 13, 0, 0, 1, 0, 3, 0]","[0.0, 0.0, 0.0]","[0.0013789062500000001, 0.09655480984846751, 0.136557861328125]","[0.30000000000000004, 1.6, 0.30000000000000004]","[0, 2, 0]",True
AdaTE-Equal-H,41,1,"[1, 2, -3, 13, 0, 0, 1, 0, 4, 0]","[0.0, 0.037500000000000006, 0.0]","[0.2114422607421875, 0.32629475911458333, 0.059525527954101556]","[0.30000000000000004, 1.6, 0.30000000000000004]","[0, 2, 0]",True
AdaTE-Equal-H,41,2,"[1, 2, -3, 13, 0, 0, 1, 1, 5, 0]","[0.0, 0.390625, 0.0]","[0.22786458333333331, 0.6732400258382161, 0.5075581868489583]","[0.44641016151377544, 1.2700171707443175, 0.44641016151377544]","[0, 4, 0]",True
AdaTE-Equal-H,42,0,"[2, 2, -5, 13, 0, 0, 1, 1, 5, 1]","[0.0, 0.0, 0.0]","[0.046068639755249025, 0.08651654879252117, 0.05848085530598959]","[0.44641016151377544, 1.492820323027551, 0.44641016151377544]","[0, 4, 0]",True
AdaTE-Equal-H,42,1,"[2, 2, -6, 13, 0, 0, 0, 1, 6, 1]","[0.0, 0.0, 0.0]","[0.029602615038553874, 0.12188711166381837, 0.1687170155843099]","[0.44641016151377544, 1.492820323027551, 0.44641016151377544]","[0, 4, 0]",True
AdaTE-Equal-H,42,2,"[1, 1, -6, 13, 0, 0, 0, 1, 7, 1]","[0.0, 0.0, 0.0]","[0.0, 0.0, 0.0]","[0.1, 0.8, 0.1]","[0, 3, 1]",False
AdaTE-Equal-H,43,0,"[2, 2, -6, 13, 0, 0, 1, 0, 3, 0]","[0.0, 0.0, 0.0]","[0.0, 0.0, 0.0]","[0.1, 0.8, 0.1]","[0, 0, 1]",False
AdaTE-Equal-H,43,1,"[2, 2, -5, 13, 0, 0, 1, 0, 4, 0]","[0.0, 0.0, 0.0]","[0.12130267024040223, 0.21570879618326824, 0.36165667970975235]","[0.30000000000000004, 1.6, 0.30000000000000004]","[0, 2, 0]",True
AdaTE-Equal-H,43,2,"[1, 2, -5, 13, 0, 0, 1, 1, 5, 0]","[0.0, 0.25, 0.0]","[0.68359375, 0.45572916666666663, 0.827789306640625]","[0.1, 0.8, 0.1]","[0, 1, 0]",True
AdaTE-Equal-H,44,0,"[1, 2, -5, 13, 0, 0, 1, 1, 5, 0]","[0.0, 0.4375, 0.0]","[0.68359375, 0.45572916666666663, 0.827789306640625]","[0.30000000000000004, 1.1611428571428573, 0.30000000000000004]","[0, 2, 0]",True
AdaTE-Equal-H,45,0,"[2, 2, -3, 13, 0, 0, 1, 0, 1, 1]","[0.0, 0.0, 0.0]","[0.00018669798310597742, 8.394459390640261e-05, 5.3597942511240646e-05]","[0.30000000000000004, 1.6, 0.30000000000000004]","[0, 2, 0]",True
AdaTE-Equal-H,45,1,"[2, 2, -3, 13, 0, 0, 1, 0, 2, 1]","[0.0, 0.0, 0.0]","[5.067567269007366e-05, 0.0008386191368103029, 0.0007201108145713806]","[0.30000000000000004, 1.6, 0.30000000000000004]","[0, 2, 0]",True
AdaTE-Equal-H,45,2,"[2, 2, -3, 13, 0, 0, 1, 0, 3, 1]","[0.0, 0.0, 0.0]","[0.0010936408042907717, 0.0026283424377441405, 0.0033776327451070154]","[0.30000000000000004, 1.6, 0.30000000000000004]","[0, 2, 0]",True
AdaTE-Equal-H,45,3,"[1, 2, -3, 13, 0, 0, 1, 0, 4, 1]","[0.0, 0.0, 0.0]","[0.0006052296956380209, 0.011077403783798219, 0.019602832794189454]","[0.30000000000000004, 1.6, 0.30000000000000004]","[0, 2, 0]",True
AdaTE-Equal-H,45,4,"[1, 2, -3, 13, 0, 0, 1, 1, 5, 1]","[0.0, 0.0, 0.0]","[0.036470947265625005, 0.09851445515950522, 0.16318710645039877]","[0.1, 0.8, 0.1]","[0, 1, 0]",True
AdaTE-Equal-H,45,5,"[1, 2, -4, 13, 0, 0, 0, 1, 6, 1]","[0.0, 0.0, 0.0]","[0.0, 0.0, 0.0]","[0.1, 0.8, 0.1]","[0, 3, 0]",False
AdaTE-Equal-H,45,6,"[0, 1, -4, 13, 0, 0, 0, 1, 7, 1]","[0.0, 0.0, 0.0]","[0.0, 0.0, 0.0]","[0.1, 0.8, 0.1]","[0, 3, 0]",False
AdaTE-Equal-H,46,0,"[2, 2, -3, 13, 0, 0, 1, 0, 3, 1]","[0.0, 0.0, 0.0]","[0.0010936408042907717, 0.0026283424377441405, 0.0033776327451070154]","[0.38284271247461904, 1.554247233265651, 0.38284271247461904]","[0, 3, 0]",True
AdaTE-Equal-H,46,1,"[1, 2, -3, 13, 0, 0, 1, 0, 4, 1]","[0.0, 0.0, 0.0]","[0.0006052296956380209, 0.011077403783798219, 0.019602832794189454]","[0.38284271247461904, 1.554247233265651, 0.38284271247461904]","[0, 3, 0]",True
AdaTE-Equal-H,46,2,"[1, 2, -3, 13, 0, 0, 1, 1, 5, 1]","[0.0, 0.0, 0.0]","[0.036470947265625005, 0.09851445515950522, 0.16318710645039877]","[0.30000000000000004, 1.6, 0.30000000000000004]","[0, 2, 0]",True
AdaTE-Equal-H,46,3,"[1, 2, -4, 13, 0, 0, 0, 1, 6, 1]","[0.0, 0.0, 0.0]","[0.0, 0.0, 0.0]","[0.1, 0.8, 0.1]","[1, 3, 0]",False
AdaTE-Equal-H,46,4,"[0, 1, -4, 13, 0, 0, 0, 1, 7, 1]","[0.0, 0.0, 0.0]","[0.0, 0.0, 0.0]","[0.1, 0.8, 0.1]","[0, 4, 0]",False
AdaTE-Equal-H,47,0,"[4, 2, -5, 13, 0, 0, 1, 0, 2, 1]","[0.0, 0.0, 0.0]","[7.349886178970338e-05, 0.0009574382692972821, 0.00044262996355692554]","[0.38284271247461904, 1.554247233265651, 0.38284271247461904]","[0, 3, 0]",True
AdaTE-Equal-H,47,1,"[3, 2, -5, 13, 0, 0, 1, 0, 3, 1]","[0.0, 0.0, 0.0]","[0.0003717522303263347, 0.003076313991546632, 0.008229426967302961]","[0.44641016151377544, 1.492820323027551, 0.44641016151377544]","[0, 4, 0]",True
AdaTE-Equal-H,47,2,"[3, 2, -5, 13, 0, 0, 1, 0, 4, 1]","[0.0, 0.0, 0.0]","[0.018767807165781657, 0.02153220907847087, 0.021809609985351565]","[0.44641016151377544, 1.492820323027551, 0.44641016151377544]","[0, 4, 0]",True
AdaTE-Equal-H,47,3,"[2, 2, -6, 13, 0, 0, 1, 1, 5, 1]","[0.0, 0.0, 0.0]","[0.0, 0.019048126220703128, 0.005094194412231447]","[0.0, 0.8, 0.1]","[0, 1, 0]",True
AdaTE-Equal-H,47,4,"[2, 2, -6, 13, 0, 0, 0, 1, 6, 1]","[0.0, 0.0, 0.0]","[0.029602615038553874, 0.12188711166381837, 0.1687170155843099]","[0.5, 1.4400000000000002, 0.5]","[0, 5, 0]",True
AdaTE-Equal-H,47,5,"[1, 1, -6, 13, 0, 0, 0, 1, 7, 1]","[0.0, 0.0, 0.0]","[0.0, 0.0, 0.0]","[0.1, 0.8, 0.1]","[0, 4, 1]",False
AdaTE-Equal-H,48,0,"[2, 0, -5, 12, 0, 0, 0, 2, 0, 2]","[0.0, 0.0, 0.0]","[0.07547874171237152, 0.05291592984199524, 0.04888335466782252]","[0.30000000000000004, 1.6, 0.30000000000000004]","[0, 2, 0]",True
AdaTE-Equal-H,48,1,"[2, 0, -5, 13, 0, 0, 0, 2, 1, 2]","[0.0, 0.0, 0.0]","[0.0, 0.0, 0.0]","[0.1, 0.8, 0.1]","[0, 2, 0]",False
AdaTE-Equal-H,48,2,"[1, 0, -5, 13, 0, 0, 0, 2, 2, 2]","[0.0, 0.0, 0.0]","[0.0, 0.0, 0.0]","[0.1, 0.8, 0.1]","[0, 2, 0]",False
AdaTE-Equal-H,49,0,"[4, 0, -5, 12, 0, 0, 0, 2, 0, 2]","[0.0, 0.0, 0.0]","[1.3236774325370795e-07, 5.801269849141441e-08, 8.046068509419762e-08]","[0.1, 0.8, 0.1]","[0, 1, 0]",True
AdaTE-Equal-H,49,1,"[4, 0, -5, 13, 0, 0, 0, 2, 1, 2]","[0.0, 0.0, 0.0]","[0.0, 0.0, 0.0]","[0.1, 0.8, 0.1]","[0, 1, 0]",False
AdaTE-Equal-H,49,2,"[3, 0, -5, 13, 0, 0, 0, 2, 2, 2]","[0.0, 0.0, 0.0]","[0.0, 0.0, 0.0]","[0.1, 0.8, 0.1]","[0, 1, 0]",False
AdaTE-Equal-H,49,3,"[3, 0, -5, 13, 0, 0, 0, 2, 3, 2]","[0.0, 0.0, 0.0]","[0.0, 0.0, 0.0]","[0.1, 0.8, 0.1]","[0, 1, 0]",False
AdaTE-Equal-H,49,4,"[2, 0, -5, 12, 0, 0, 0, 2, 4, 2]","[0.0, 0.0, 0.0]","[0.0, 0.0, 0.0]","[0.1, 0.8, 0.1]","[0, 1, 0]",False
AdaTE-Equal-H,49,5,"[2, 0, -4, 12, 0, 0, 0, 2, 5, 2]","[0.0, 0.0, 0.0]","[0.0, 0.0, 0.0]","[0.1, 0.8, 0.1]","[0, 1, 0]",False
AdaTE-Equal-H,49,6,"[2, 0, -5, 11, 0, 0, 0, 2, 6, 2]","[0.0, 0.0, 0.0]","[0.0, 0.0, 0.0]","[0.1, 0.8, 0.1]","[0, 1, 0]",False
AdaTE-Equal-H,50,0,"[2, 2, -5, 13, 0, 0, 1, 1, 5, 0]","[0.0, 0.0, 0.0]","[0.19984029134114584, 0.08723958333333333, 0.17710310022036235]","[0.30000000000000004, 1.6, 0.30000000000000004]","[0, 2, 0]",True
AdaTE-Equal-H,50,1,"[2, 1, -5, 13, 0, -1, 0, 1, 6, 0]","[0.0, 0.25, 0.0]","[0.5506391326586405, 0.5278269449869791, 0.68359375]","[0.1, 0.8, 0.1]","[0, 1, 0]",True
AdaTE-Equal-H,51,0,"[1, 2, 0, 12, 0, 0, 1, 0, 0, 1]","[0.0, 0.0, 0.0]","[1.9649745440483103e-06, 1.9885635693868012e-07, 1.1874888102213549e-07]","[0.30000000000000004, 1.6, 0.30000000000000004]","[0, 2, 0]",True
AdaTE-Equal-H,51,1,"[1, 2, 0, 13, 0, 0, 1, 0, 1, 1]","[0.0, 0.0, 0.0]","[5.5746632655461645e-06, 8.55568656921387e-06, 1.577885169982911e-05]","[0.30000000000000004, 1.6, 0.30000000000000004]","[0, 2, 0]",True
AdaTE-Equal-H,51,2,"[1, 2, 0, 13, 0, 0, 1, 0, 2, 1]","[0.0, 0.0, 0.0]","[2.447028573354086e-05, 8.619697825113934e-05, 9.410152149200442e-05]","[0.38284271247461904, 1.554247233265651, 0.38284271247461904]","[0, 3, 0]",True
AdaTE-Equal-H,51,3,"[1, 2, 0, 13, 0, 0, 1, 0, 3, 1]","[0.0, 0.0, 0.0]","[0.0008213894907633465, 0.0007324037981033326, 0.0002172540410359701]","[0.38284271247461904, 1.554247233265651, 0.38284271247461904]","[0, 3, 0]",True
AdaTE-Equal-H,51,4,"[1, 2, 0, 13, 0, 0, 1, 0, 4, 1]","[0.0, 0.0, 0.0]","[0.005762258529663087, 0.002293303998311361, 0.005072741254170737]","[0.38284271247461904, 1.554247233265651, 0.38284271247461904]","[0, 3, 0]",True
AdaTE-Equal-H,51,5,"[1, 2, 0, 13, 0, 0, 1, 1, 5, 1]","[0.0, 0.0, 0.0]","[0.02946718724568685, 0.013442114512125656, 0.033573526064554854]","[0.38284271247461904, 1.554247233265651, 0.38284271247461904]","[0, 3, 0]",True
AdaTE-Equal-H,51,6,"[1, 2, 0, 13, 0, 0, 0, 1, 6, 1]","[0.0, 0.0, 0.0]","[0.007577972412109375, 0.09624442299207052, 0.03119730631510417]","[0.38284271247461904, 1.554247233265651, 0.38284271247461904]","[0, 3, 0]",True
AdaTE-Equal-H,51,7,"[1, 1, 0, 13, 0, 0, 0, 1, 7, 1]","[0.0, 0.0, 0.0]","[0.0, 0.0, 0.0]","[0.1, 0.8, 0.1]","[0, 3, 0]",False
AdaTE-Equal-H,51,8,"[1, 1, 0, 13, 0, 0, 0, 1, 8, 1]","[0.0, 0.0, 0.0]","[0.0, 0.0, 0.0]","[0.1, 0.8, 0.1]","[0, 2, 1]",False
AdaTE-Equal-H,52,0,"[2, 0, -3, 12, 0, 0, 0, 2, 0, 3]","[0.0, 0.0, 0.0]","[3.7147000630696615e-05, 9.668792724609377e-06, 3.28367919921875e-05]","[0.30000000000000004, 1.6, 0.30000000000000004]","[0, 2, 0]",True
AdaTE-Equal-H,52,1,"[2, 0, -3, 13, 0, 0, 0, 2, 1, 3]","[0.0, 0.0, 0.0]","[0.0, 0.0, 0.0]","[0.1, 0.8, 0.1]","[0, 2, 0]",False
AdaTE-Equal-H,52,2,"[2, 0, -3, 13, 0, 0, 0, 2, 2, 3]","[0.0, 0.0, 0.0]","[0.0, 0.0, 0.0]","[0.1, 0.8, 0.1]","[0, 2, 0]",False
AdaTE-Equal-H,52,3,"[2, 0, -3, 12, 0, 0, 0, 2, 3, 3]","[0.0, 0.0, 0.0]","[0.0, 0.0, 0.0]","[0.1, 0.8, 0.1]","[0, 1, 1]",False
AdaTE-Equal-H,52,4,"[1, 0, -2, 12, 0, 0, 0, 2, 4, 3]","[0.0, 0.0, 0.0]","[0.0, 0.0, 0.0]","[0.1, 0.8, 0.1]","[0, 1, 1]",False
AdaTE-Equal-H,53,0,"[2, 2, -3, 13, 0, 0, 1, 0, 3, 1]","[0.0, 0.0, 0.0]","[0.0010936408042907717, 0.0026283424377441405, 0.0033776327451070154]","[0.44641016151377544, 1.492820323027551, 0.44641016151377544]","[0, 4, 0]",True
AdaTE-Equal-H,53,1,"[1, 2, -3, 13, 0, 0, 1, 0, 4, 1]","[0.0, 0.0, 0.0]","[0.0006052296956380209, 0.011077403783798219, 0.019602832794189454]","[0.44641016151377544, 1.492820323027551, 0.44641016151377544]","[0, 4, 0]",True
AdaTE-Equal-H,53,2,"[1, 2, -3, 13, 0, 0, 1, 1, 5, 1]","[0.0, 0.0, 0.0]","[0.036470947265625005, 0.09851445515950522, 0.16318710645039877]","[0.38284271247461904, 1.554247233265651, 0.38284271247461904]","[0, 3, 0]",True
AdaTE-Equal-H,53,3,"[1, 2, -4, 13, 0, 0, 0, 1, 6, 1]","[0.0, 0.0, 0.0]","[0.0, 0.0, 0.0]","[0.1, 0.8, 0.1]","[1, 4, 0]",False
AdaTE-Equal-H,53,4,"[0, 1, -4, 13, 0, 0, 0, 1, 7, 1]","[0.0, 0.0, 0.0]","[0.0, 0.0, 0.0]","[0.1, 0.8, 0.1]","[0, 5, 0]",False
AdaTE-Equal-H,54,0,"[5, 2, -6, 13, 0, 0, 1, 0, 3, 1]","[0.0, 0.0, 0.0]","[0.0, 0.0, 0.0]","[0.1, 0.8, 0.1]","[0, 1, 0]",False
AdaTE-Equal-H,54,1,"[5, 2, -6, 13, 0, 0, 1, 0, 4, 1]","[0.0, 0.0, 0.0]","[0.0, 0.0, 0.0]","[0.1, 0.8, 0.1]","[1, 1, 0]",False
AdaTE-Equal-H,54,2,"[4, 2, -6, 13, 0, 0, 1, 1, 5, 1]","[0.0, 0.0, 0.0]","[0.0, 4.187227884928387e-07, 1.8528645833333342e-06]","[0.2, 1.6, 0.30000000000000004]","[0, 2, 0]",True
AdaTE-Equal-H,54,3,"[4, 2, -6, 13, 0, 0, 0, 1, 6, 1]","[0.0, 0.0, 0.0]","[0.0, 0.0, 0.0]","[0.1, 0.8, 0.1]","[0, 1, 1]",False
AdaTE-Equal-H,54,4,"[3, 1, -5, 13, 0, 0, 0, 1, 7, 1]","[0.0, 0.0, 0.0]","[0.0, 0.0, 0.0]","[0.1, 0.8, 0.1]","[0, 1, 0]",False
AdaTE-Equal-H,54,5,"[3, 1, -6, 13, 0, 0, 0, 1, 8, 1]","[0.0, 0.0, 0.0]","[0.0, 0.0, 0.0]","[0.1, 0.8, 0.1]","[0, 2, 0]",False
AdaTE-Equal-H,54,6,"[2, 1, -5, 13, 0, 0, 0, 1, 9, 1]","[0.0, 0.0, 0.0]","[0.0, 0.0, 0.0]","[0.1, 0.8, 0.1]","[0, 1, 1]",False
AdaTE-Equal-H,54,7,"[2, 0, -5, 12, 0, 0, 0, 1, 10, 1]","[0.0, 0.0, 0.0]","[0.0, 0.0, 0.0]","[0.1, 0.8, 0.1]","[0, 1, 0]",False
AdaTE-Equal-H,55,0,"[1, 2, -6, 13, 0, 0, 0, 1, 6, 1]","[0.0, 0.0, 0.25]","[0.45572916666666663, 0.0, 0.22786458333333331]","[0.1, 0.0, 0.1]","[0, 0, 1]",True
AdaTE-Equal-H,56,0,"[3, 2, -5, 13, 0, 0, 1, 0, 3, 1]","[0.0, 0.0, 0.0]","[0.0003717522303263347, 0.003076313991546632, 0.008229426967302961]","[0.5, 1.4400000000000002, 0.5]","[0, 5, 0]",True
AdaTE-Equal-H,56,1,"[3, 2, -5, 13, 0, 0, 1, 0, 4, 1]","[0.0, 0.0, 0.0]","[0.018767807165781657, 0.02153220907847087, 0.021809609985351565]","[0.5, 1.4400000000000002, 0.5]","[0, 5, 0]",True
AdaTE-Equal-H,56,2,"[2, 2, -5, 13, 0, 0, 1, 1, 5, 1]","[0.0, 0.0, 0.0]","[0.046068639755249025, 0.08651654879252117, 0.05848085530598959]","[0.5, 1.4400000000000002, 0.5]","[0, 5, 0]",True
AdaTE-Equal-H,56,3,"[2, 2, -6, 13, 0, 0, 0, 1, 6, 1]","[0.0, 0.0, 0.0]","[0.029602615038553874, 0.12188711166381837, 0.1687170155843099]","[0.547213595499958, 1.3962847939999439, 0.547213595499958]","[0, 6, 0]",True
AdaTE-Equal-H,56,4,"[1, 1, -6, 13, 0, 0, 0, 1, 7, 1]","[0.0, 0.0, 0.0]","[0.0, 0.0, 0.0]","[0.1, 0.8, 0.1]","[0, 5, 1]",False
AdaTE-Equal-H,57,0,"[3, 2, -3, 13, 0, 0, 1, 0, 2, 1]","[0.0, 0.0, 0.0]","[1.6360167789459233e-05, 6.129693349202476e-06, 1.1910990635553998e-05]","[0.1, 0.8, 0.1]","[0, 1, 0]",True
AdaTE-Equal-H,57,1,"[3, 2, -3, 13, 0, 0, 1, 0, 3, 1]","[0.0, 0.0, 0.0]","[4.493054612477622e-05, 0.00014910504810015365, 4.1204959869384775e-05]","[0.1, 0.8, 0.1]","[0, 1, 0]",True
AdaTE-Equal-H,57,2,"[3, 2, -3, 13, 0, 0, 1, 0, 4, 1]","[0.0, 0.0, 0.0]","[0.00025415751139322917, 0.0001698870849609375, 0.004389174735546113]","[0.30000000000000004, 1.6, 0.30000000000000004]","[0, 2, 0]",True
AdaTE-Equal-H,57,3,"[2, 2, -3, 13, 0, 0, 1, 1, 5, 1]","[0.0, 0.0, 0.0]","[0.00954399108886719, 0.009861832682291667, 0.016135174306233725]","[0.38284271247461904, 1.554247233265651, 0.38284271247461904]","[0, 3, 0]",True
AdaTE-Equal-H,57,4,"[2, 2, -4, 13, 0, 0, 0, 1, 6, 1]","[0.0, 0.0, 0.0]","[0.0, 0.0, 0.0]","[0.1, 0.8, 0.1]","[0, 2, 0]",False
AdaTE-Equal-H,57,5,"[2, 1, -4, 13, 0, 0, 0, 1, 7, 1]","[0.0, 0.0, 0.0]","[0.0, 0.0, 0.0]","[0.1, 0.8, 0.1]","[0, 3, 0]",False
AdaTE-Equal-H,57,6,"[1, 1, -4, 13, 0, 0, 0, 1, 8, 1]","[0.0, 0.0, 0.0]","[0.0, 0.0, 0.0]","[0.1, 0.8, 0.1]","[0, 2, 1]",False
AdaTE-Equal-H,58,0,"[5, 2, -5, 13, 0, 0, 1, 0, 4, 0]","[0.0, 0.0, 0.0]","[0.0, 1.3885904947916673e-07, 1.0857137044270839e-07]","[0.0, 0.8, 0.1]","[0, 1, 0]",True
AdaTE-Equal-H,58,1,"[4, 2, -5, 13, 0, 0, 1, 1, 5, 0]","[0.0, 0.0, 0.0]","[4.4527180989583344e-07, 2.0289611816406255e-06, 9.65769449869792e-06]","[0.1, 0.8, 0.1]","[0, 1, 0]",True
AdaTE-Equal-H,58,2,"[4, 1, -6, 13, 0, -1, 0, 1, 6, 0]","[0.0, 0.0, 0.0]","[0.0, 0.0, 0.0]","[0.1, 0.8, 0.1]","[0, 1, 0]",False
AdaTE-Equal-H,58,3,"[3, 0, -6, 13, 0, -1, 0, 1, 7, 0]","[0.0, 0.0, 0.0]","[0.0, 0.0, 0.0]","[0.1, 0.8, 0.1]","[1, 1, 0]",False
AdaTE-Equal-H,58,4,"[2, 0, -6, 13, 0, 0, 0, 3, 8, 0]","[0.0, 0.0, 0.0]","[0.0, 0.0, 0.0]","[0.1, 0.8, 0.1]","[0, 2, 0]",False
AdaTE-Equal-H,58,5,"[2, 0, -5, 13, 0, 0, 0, 3, 9, 0]","[0.0, 0.0, 0.0]","[0.0, 0.0, 0.0]","[0.1, 0.8, 0.1]","[0, 2, 0]",False
AdaTE-Equal-H,58,6,"[1, 0, -5, 12, 0, 0, 0, 3, 10, 0]","[0.0, 0.0, 0.0]","[0.0, 0.0, 0.0]","[0.1, 0.8, 0.1]","[0, 1, 0]",False
AdaTE-Equal-H,59,0,"[1, 2, 0, 13, 0, 0, 1, 0, 1, 1]","[0.0, 0.0, 0.0]","[5.5746632655461645e-06, 8.55568656921387e-06, 1.577885169982911e-05]","[0.38284271247461904, 1.554247233265651, 0.38284271247461904]","[0, 3, 0]",True
AdaTE-Equal-H,59,1,"[1, 2, 0, 13, 0, 0, 1, 0, 2, 1]","[0.0, 0.0, 0.0]","[2.447028573354086e-05, 8.619697825113934e-05, 9.410152149200442e-05]","[0.44641016151377544, 1.492820323027551, 0.44641016151377544]","[0, 4, 0]",True
AdaTE-Equal-H,59,2,"[1, 2, 0, 13, 0, 0, 1, 0, 3, 1]","[0.0, 0.0, 0.0]","[0.0008213894907633465, 0.0007324037981033326, 0.0002172540410359701]","[0.44641016151377544, 1.492820323027551, 0.44641016151377544]","[0, 4, 0]",True
AdaTE-Equal-H,59,3,"[1, 2, 0, 13, 0, 0, 1, 0, 4, 1]","[0.0, 0.0, 0.0]","[0.005762258529663087, 0.002293303998311361, 0.005072741254170737]","[0.44641016151377544, 1.492820323027551, 0.44641016151377544]","[0, 4, 0]",True
AdaTE-Equal-H,59,4,"[1, 2, 0, 13, 0, 0, 1, 1, 5, 1]","[0.0, 0.0, 0.0]","[0.02946718724568685, 0.013442114512125656, 0.033573526064554854]","[0.44641016151377544, 1.492820323027551, 0.44641016151377544]","[0, 4, 0]",True
AdaTE-Equal-H,59,5,"[1, 2, 0, 13, 0, 0, 0, 1, 6, 1]","[0.0, 0.0, 0.0]","[0.007577972412109375, 0.09624442299207052, 0.03119730631510417]","[0.44641016151377544, 1.492820323027551, 0.44641016151377544]","[0, 4, 0]",True
AdaTE-Equal-H,59,6,"[1, 1, 0, 13, 0, 0, 0, 1, 7, 1]","[0.0, 0.0, 0.0]","[0.0, 0.0, 0.0]","[0.1, 0.8, 0.1]","[0, 4, 0]",False
AdaTE-Equal-H,59,7,"[1, 1, 0, 13, 0, 0, 0, 1, 8, 1]","[0.0, 0.0, 0.0]","[0.0, 0.0, 0.0]","[0.1, 0.8, 0.1]","[1, 2, 1]",False
AdaTE-Equal-H,60,0,"[1, 2, -5, 13, 0, 0, 1, 1, 5, 0]","[0.0, 0.578125, 0.0]","[0.68359375, 0.45572916666666663, 0.827789306640625]","[0.38284271247461904, 0.7862472332656507, 0.38284271247461904]","[0, 3, 0]",True
AdaTE-QP-H,1,0,"[2, 0, -5, 12, 0, 0, 0, 2, 0, 2]","[0.0, 0.0, 0.0]","[0.07547874171237152, 0.05291592984199524, 0.04888335466782252]","[0.1, 0.8, 0.1]","[0, 1, 0]",True
AdaTE-QP-H,1,1,"[2, 0, -5, 13, 0, 0, 0, 2, 1, 2]","[0.0, 0.0, 0.0]","[0.0, 0.0, 0.0]","[0.1, 0.8, 0.1]","[0, 0, 1]",False
AdaTE-QP-H,1,2,"[1, 0, -5, 13, 0, 0, 0, 2, 2, 2]","[0.0, 0.0, 0.0]","[0.0, 0.0, 0.0]","[0.1, 0.8, 0.1]","[0, 1, 0]",False
AdaTE-QP-H,2,0,"[1, 2, -1, 13, 0, 0, 1, 0, 4, 0]","[0.0, 0.0, 0.0]","[0.0564852015177409, 0.09461761474609376, 0.07584318161010743]","[0.1, 0.8, 0.1]","[0, 1, 0]",True
AdaTE-QP-H,2,1,"[1, 2, -1, 13, 0, 0, 1, 1, 5, 0]","[0.0, 0.0, 0.0]","[0.22815450032552084, 0.28430836995442715, 0.1183929443359375]","[0.1, 0.8, 0.1]","[0, 1, 0]",True
AdaTE-QP-H,2,2,"[1, 1, -1, 13, 0, -1, 0, 1, 6, 0]","[0.0, 0.0, 0.0]","[0.0, 0.0, 0.0]","[0.1, 0.8, 0.1]","[1, 0, 0]",False
AdaTE-QP-H,3,0,"[3, 2, -5, 13, 0, 0, 1, 0, 1, 1]","[0.0, 0.0, 0.0]","[0.0003229390041033428, 0.0006773917897542319, 8.755529880523683e-05]","[0.1, 0.8, 0.1]","[0, 1, 0]",True
AdaTE-QP-H,3,1,"[3, 2, -5, 13, 0, 0, 1, 0, 2, 1]","[0.0, 0.0, 0.0]","[0.0005288607915242513, 0.0024539761225382487, 0.0024777645111083986]","[0.1, 0.8, 0.1]","[0, 1, 0]",True
AdaTE-QP-H,3,2,"[2, 2, -5, 13, 0, 0, 1, 0, 3, 1]","[0.0, 0.0, 0.0]","[0.01910569445292155, 0.007683401743570965, 0.008781665484110517]","[0.1, 0.8, 0.1]","[0, 1, 0]",True
AdaTE-QP-H,3,3,"[2, 2, -5, 13, 0, 0, 1, 0, 4, 1]","[0.0, 0.0, 0.0]","[0.09937747955322265, 0.03638707478841146, 0.09608978271484375]","[0.1, 0.8, 0.1]","[0, 1, 0]",True
AdaTE-QP-H,3,4,"[1, 2, -5, 13, 0, 0, 1, 1, 5, 1]","[0.0, 0.0, 0.0]","[0.034136962890625, 0.3033487955729167, 0.18782755533854167]","[0.1, 0.8, 0.1]","[0, 1, 0]",True
AdaTE-QP-H,3,5,"[1, 2, -6, 13, 0, 0, 0, 1, 6, 1]","[0.25, 0.0, 0.0]","[0.45572916666666663, 0.0, 0.22786458333333331]","[0.1, 0.0, 0.1]","[1, 0, 0]",True
AdaTE-QP-H,4,0,"[2, 2, -1, 13, 0, 0, 1, 0, 1, 1]","[0.0, 0.0, 0.0]","[3.494049549102784e-06, 7.395925339063011e-06, 1.2717662596702585e-05]","[0.1, 0.8, 0.1]","[0, 1, 0]",True
AdaTE-QP-H,4,1,"[2, 2, -1, 13, 0, 0, 1, 0, 2, 1]","[0.0, 0.0, 0.0]","[5.111958312988283e-05, 4.208351389567059e-05, 0.000362763336579005]","[0.1, 0.8, 0.1]","[0, 1, 0]",True
AdaTE-QP-H,4,2,"[1, 2, -1, 13, 0, 0, 1, 0, 3, 1]","[0.0, 0.0, 0.0]","[0.0006222962872187299, 0.0008197497558593752, 0.002281237424214681]","[0.1, 0.8, 0.1]","[0, 1, 0]",True
AdaTE-QP-H,4,3,"[1, 2, -1, 13, 0, 0, 1, 0, 4, 1]","[0.0, 0.0, 0.0]","[0.009843979581197104, 0.0060867831230163585, 0.013156995455423991]","[0.1, 0.8, 0.1]","[0, 1, 0]",True
AdaTE-QP-H,4,4,"[1, 2, -2, 13, 0, 0, 1, 1, 5, 1]","[0.0, 0.0, 0.0]","[0.0, 0.0, 0.0]","[0.1, 0.8, 0.1]","[1, 0, 0]",False
AdaTE-QP-H,4,5,"[1, 2, -2, 13, 0, 0, 0, 1, 6, 1]","[0.0, 0.0, 0.0]","[0.008723958333333334, 0.021381937662760413, 0.21532585620880126]","[0.1, 0.8, 0.1]","[0, 1, 0]",True
AdaTE-QP-H,4,6,"[1, 1, -2, 13, 0, 0, 0, 1, 7, 1]","[0.0, 0.0, 0.0]","[0.0, 0.0, 0.0]","[0.1, 0.8, 0.1]","[0, 1, 0]",False
AdaTE-QP-H,5,0,"[4, 2, -6, 13, 0, 0, 0, 1, 6, 1]","[0.0, 0.0, 0.0]","[0.0, 0.0, 0.0]","[0.1, 0.8, 0.1]","[0, 1, 0]",False
AdaTE-QP-H,5,1,"[3, 1, -6, 13, 0, 0, 0, 1, 7, 1]","[0.0, 0.0, 0.0]","[0.0, 0.0, 0.0]","[0.1, 0.8, 0.1]","[0, 0, 1]",False
AdaTE-QP-H,5,2,"[3, 1, -5, 13, 0, 0, 0, 1, 8, 1]","[0.0, 0.0, 0.0]","[0.0, 0.0, 0.0]","[0.1, 0.8, 0.1]","[0, 1, 0]",False
AdaTE-QP-H,5,3,"[2, 1, -5, 13, 0, 0, 0, 1, 9, 1]","[0.0, 0.0, 0.0]","[0.0, 0.0, 0.0]","[0.1, 0.8, 0.1]","[0, 0, 1]",False
AdaTE-QP-H,5,4,"[2, 0, -5, 12, 0, 0, 0, 1, 10, 1]","[0.0, 0.0, 0.0]","[0.0, 0.0, 0.0]","[0.1, 0.8, 0.1]","[0, 1, 0]",False
AdaTE-QP-H,6,0,"[2, 0, -3, 12, 0, 0, 0, 2, 0, 3]","[0.0, 0.0, 0.0]","[5.171442280784769e-05, 1.4505058855177782e-05, 4.642622333833019e-05]","[0.1, 0.8, 0.1]","[0, 1, 0]",True
AdaTE-QP-H,6,1,"[2, 0, -3, 13, 0, 0, 0, 2, 1, 3]","[0.0, 0.0, 0.0]","[0.0, 0.0, 0.0]","[0.1, 0.8, 0.1]","[0, 1, 0]",False
AdaTE-QP-H,6,2,"[2, 0, -3, 13, 0, 0, 0, 2, 2, 3]","[0.0, 0.0, 0.0]","[0.0, 0.0, 0.0]","[0.1, 0.8, 0.1]","[0, 0, 1]",False
AdaTE-QP-H,6,3,"[2, 0, -3, 12, 0, 0, 0, 2, 3, 3]","[0.0, 0.0, 0.0]","[0.0, 0.0, 0.0]","[0.1, 0.8, 0.1]","[0, 0, 1]",False
AdaTE-QP-H,6,4,"[1, 0, -2, 12, 0, 0, 0, 2, 4, 3]","[0.0, 0.0, 0.0]","[0.0, 0.0, 0.0]","[0.1, 0.8, 0.1]","[0, 0, 1]",False
AdaTE-QP-H,7,0,"[1, 1, 0, 13, 0, -1, 0, 1, 6, 0]","[0.0, 0.25, 0.0]","[0.5017132999229528, 0.3811234563212936, 0.4284549678508814]","[0.1, 0.8, 0.1]","[0, 1, 0]",True
AdaTE-QP-H,8,0,"[3, 2, -5, 13, 0, 0, 1, 0, 1, 0]","[0.0, 0.0, 0.0]","[3.285299854131392e-05, 0.002505577707612047, 0.010139600745563]","[0.1, 0.8, 0.1]","[0, 1, 0]",True
AdaTE-QP-H,8,1,"[3, 2, -5, 13, 0, 0, 1, 0, 2, 0]","[0.0, 0.0, 0.0]","[0.03268802827358113, 0.02356477479875665, 0.015136823931569475]","[0.1, 0.8, 0.1]","[0, 1, 0]",True
AdaTE-QP-H,8,2,"[2, 2, -5, 13, 0, 0, 1, 0, 3, 0]","[0.0, 0.0, 0.0]","[0.06244851019348526, 0.09442512281980202, 0.05792206356243493]","[0.1, 0.8, 0.1]","[0, 1, 0]",True
AdaTE-QP-H,8,3,"[2, 2, -5, 13, 0, 0, 1, 0, 4, 0]","[0.0, 0.0, 0.0]","[0.19349699305897247, 0.2074338849203703, 0.2632781922689301]","[0.1, 0.8, 0.1]","[0, 1, 0]",True
AdaTE-QP-H,8,4,"[1, 2, -6, 13, 0, 0, 1, 1, 5, 0]","[0.0, 0.0, 0.0]","[0.0, 0.0, 0.0]","[0.1, 0.8, 0.1]","[1, 0, 0]",False
AdaTE-QP-H,9,0,"[1, 2, -2, 13, 0, 0, 0, 1, 6, 1]","[0.0, 0.0, 0.0]","[0.011580291243699048, 0.035763161899348944, 0.1781898600187503]","[0.30000000000000004, 1.6, 0.30000000000000004]","[0, 2, 0]",True
AdaTE-QP-H,9,1,"[1, 1, -2, 13, 0, 0, 0, 1, 7, 1]","[0.0, 0.0, 0.0]","[0.0, 0.0, 0.0]","[0.1, 0.8, 0.1]","[0, 2, 0]",False
AdaTE-QP-H,10,0,"[4, 2, -5, 12, 0, 0, 1, 0, 0, 1]","[0.0, 0.0, 0.0]","[5.631542347310522e-06, 1.0788433859576577e-06, 2.250733675983931e-06]","[0.1, 0.8, 0.1]","[0, 1, 0]",True
AdaTE-QP-H,10,1,"[3, 2, -5, 13, 0, 0, 1, 0, 1, 1]","[0.0, 0.0, 0.0]","[5.413804314901097e-05, 6.975206340824862e-06, 0.00014644389931839846]","[0.30000000000000004, 1.6, 0.30000000000000004]","[0, 2, 0]",True
AdaTE-QP-H,10,2,"[3, 2, -5, 13, 0, 0, 1, 0, 2, 1]","[0.0, 0.0, 0.0]","[0.0008781903525106083, 0.00037009356162415755, 4.5595962063641344e-05]","[0.30000000000000004, 1.6, 0.30000000000000004]","[0, 2, 0]",True
AdaTE-QP-H,10,3,"[2, 2, -5, 13, 0, 0, 1, 0, 3, 1]","[0.0, 0.0, 0.0]","[0.003405137542143116, 0.002199765047379441, 0.004913998781459859]","[0.30000000000000004, 1.6, 0.30000000000000004]","[0, 2, 0]",True
AdaTE-QP-H,10,4,"[2, 2, -5, 13, 0, 0, 1, 0, 4, 1]","[0.0, 0.0, 0.0]","[0.07024145891922255, 8.805451043632574e-18, 0.08069406781020379]","[0.30000000000000004, 0.8, 0.30000000000000004]","[0, 2, 0]",True
AdaTE-QP-H,10,5,"[1, 2, -5, 13, 0, 0, 1, 1, 5, 1]","[0.0, 0.00625, 0.0]","[0.03373353962804217, 0.2522014104541676, 0.16783322496598171]","[0.30000000000000004, 1.6, 0.30000000000000004]","[0, 2, 0]",True
AdaTE-QP-H,10,6,"[1, 2, -6, 13, 0, 0, 0, 1, 6, 1]","[0.25, 0.25, 0.0]","[0.30247029367870654, 0.0, 0.3811234563212935]","[0.117347255176881, 1.6, 0.30000000000000004]","[1, 1, 0]",True
AdaTE-QP-H,11,0,"[2, 1, -6, 13, 0, -1, 0, 1, 6, 0]","[0.0, 0.0, 0.0]","[0.0, 0.0, 0.0]","[0.1, 0.8, 0.1]","[0, 1, 0]",False
AdaTE-QP-H,12,0,"[4, 0, -5, 12, 0, 0, 0, 3, 0, 4]","[0.0, 0.0, 0.0]","[1.0248946716249557e-06, 6.987312670825022e-07, 7.029982511303027e-07]","[0.1, 0.8, 0.1]","[0, 1, 0]",True
AdaTE-QP-H,12,1,"[4, 0, -5, 13, 0, 0, 0, 3, 1, 4]","[0.0, 0.0, 0.0]","[0.0, 0.0, 0.0]","[0.1, 0.8, 0.1]","[0, 1, 0]",False
AdaTE-QP-H,12,2,"[3, 0, -5, 13, 0, 0, 0, 3, 2, 4]","[0.0, 0.0, 0.0]","[0.0, 0.0, 0.0]","[0.1, 0.8, 0.1]","[0, 0, 1]",False
AdaTE-QP-H,12,3,"[3, 0, -5, 13, 0, 0, 0, 3, 3, 4]","[0.0, 0.0, 0.0]","[0.0, 0.0, 0.0]","[0.1, 0.8, 0.1]","[0, 1, 0]",False
AdaTE-QP-H,12,4,"[2, 0, -5, 12, 0, 0, 0, 3, 4, 4]","[0.0, 0.0, 0.0]","[0.0, 0.0, 0.0]","[0.1, 0.8, 0.1]","[0, 1, 0]",False
AdaTE-QP-H,12,5,"[2, 0, -4, 12, 0, 0, 0, 3, 5, 4]","[0.0, 0.0, 0.0]","[0.0, 0.0, 0.0]","[0.1, 0.8, 0.1]","[0, 1, 0]",False
AdaTE-QP-H,12,6,"[2, 0, -4, 11, 0, 0, 0, 3, 6, 4]","[0.0, 0.0, 0.0]","[0.0, 0.0, 0.0]","[0.1, 0.8, 0.1]","[0, 1, 0]",False
AdaTE-QP-H,13,0,"[2, 2, -5, 13, 0, 0, 1, 0, 4, 0]","[0.0, 0.0, 0.0]","[0.1642307417076612, 0.15316522684208692, 0.21085298519424614]","[0.30000000000000004, 1.6, 0.30000000000000004]","[0, 2, 0]",True
AdaTE-QP-H,13,1,"[1, 2, -5, 13, 0, 0, 1, 1, 5, 0]","[0.0, 0.25, 0.0]","[0.68359375, 0.28141429576320215, 0.7726349920188257]","[0.1, 0.8, 0.1]","[0, 1, 0]",True
AdaTE-QP-H,14,0,"[2, 2, -3, 13, 0, 0, 1, 1, 5, 0]","[0.0, 0.0, 0.0]","[0.0007982184900205161, 0.014576821963953568, 0.007525558483650786]","[0.1, 0.8, 0.1]","[0, 1, 0]",True
AdaTE-QP-H,14,1,"[2, 1, -4, 13, 0, -1, 0, 1, 6, 0]","[0.0, 0.0, 0.0]","[0.0, 0.0, 0.0]","[0.1, 0.8, 0.1]","[0, 1, 0]",False
AdaTE-QP-H,14,2,"[1, 0, -4, 13, 0, -1, 0, 1, 7, 0]","[0.0, 0.0, 0.0]","[0.0, 0.0, 0.0]","[0.1, 0.8, 0.1]","[0, 1, 0]",False
AdaTE-QP-H,15,0,"[1, 2, 0, 13, 0, 0, 0, 1, 6, 1]","[0.0, 0.0, 0.0]","[1.9718529965386088e-20, 0.13263289358815145, 0.0535366500971184]","[0.0, 0.8, 0.1]","[0, 1, 0]",True
AdaTE-QP-H,15,1,"[1, 1, 0, 13, 0, 0, 0, 1, 7, 1]","[0.0, 0.0, 0.0]","[0.0, 0.0, 0.0]","[0.1, 0.8, 0.1]","[0, 1, 0]",False
AdaTE-QP-H,15,2,"[1, 1, 0, 13, 0, 0, 0, 1, 8, 1]","[0.0, 0.0, 0.0]","[0.0, 0.0, 0.0]","[0.1, 0.8, 0.1]","[0, 1, 0]",False
AdaTE-QP-H,16,0,"[1, 0, -5, 12, 0, 0, 0, 2, 0, 2]","[0.0, 0.25, 0.0]","[0.8998870849609375, 0.68359375, 0.68359375]","[0.1, 0.8, 0.1]","[0, 1, 0]",True
AdaTE-QP-H,17,0,"[2, 2, -6, 13, 0, 0, 1, 0, 3, 1]","[0.0, 0.0, 0.0]","[0.0, 0.0, 0.0]","[0.1, 0.8, 0.1]","[0, 0, 1]",False
AdaTE-QP-H,17,1,"[2, 2, -5, 13, 0, 0, 1, 0, 4, 1]","[0.0, 0.0012500000000000002, 0.0]","[0.056220710970322725, 0.0, 0.06816124382762054]","[0.38284271247461904, 0.7542472332656508, 0.38284271247461904]","[0, 3, 0]",True
AdaTE-QP-H,17,2,"[1, 2, -5, 13, 0, 0, 1, 1, 5, 1]","[0.0, 0.004687500000000001, 0.0]","[0.04602548922407753, 0.2034006681263324, 0.13829554511051798]","[0.38284271247461904, 1.5296652097843193, 0.38284271247461904]","[0, 3, 0]",True
AdaTE-QP-H,17,3,"[0, 2, -6, 13, 0, 0, 0, 1, 6, 1]","[0.0, 0.0, 0.0]","[0.0, 0.0, 0.0]","[0.1, 0.8, 0.1]","[1, 0, 0]",False
AdaTE-QP-H,18,0,"[2, 2, -1, 13, 0, 0, 1, 0, 1, 0]","[0.0, 0.0, 0.0]","[0.00034014347490654215, 3.457518243076065e-05, 0.00011900760654740127]","[0.1, 0.8, 0.1]","[0, 1, 0]",True
AdaTE-QP-H,18,1,"[2, 2, -1, 13, 0, 0, 1, 0, 2, 0]","[0.0, 0.0, 0.0]","[0.001665964490191344, 0.0011843517028791103, 0.0014612992084688233]","[0.1, 0.8, 0.1]","[0, 1, 0]",True
AdaTE-QP-H,18,2,"[1, 2, -1, 13, 0, 0, 1, 0, 3, 0]","[0.0, 0.0, 0.0]","[0.012126819188014124, 0.015661302680124025, 0.007911217550942354]","[0.1, 0.8, 0.1]","[0, 1, 0]",True
AdaTE-QP-H,18,3,"[1, 2, -1, 13, 0, 0, 1, 0, 4, 0]","[0.0, 0.0, 0.0]","[0.009228355921171095, 0.07875384353813558, 0.059217113799564444]","[0.30000000000000004, 1.6, 0.30000000000000004]","[0, 2, 0]",True
AdaTE-QP-H,18,4,"[1, 2, -1, 13, 0, 0, 1, 1, 5, 0]","[0.0, 0.0, 0.0]","[0.2158544278348074, 0.2049148936065803, 0.19503783292253168]","[0.30000000000000004, 1.6, 0.30000000000000004]","[0, 2, 0]",True
AdaTE-QP-H,18,5,"[1, 1, -1, 13, 0, -1, 0, 1, 6, 0]","[0.0, 0.0, 0.0]","[0.0, 0.0, 0.0]","[0.1, 0.8, 0.1]","[1, 1, 0]",False
AdaTE-QP-H,19,0,"[2, 2, -1, 13, 0, 0, 1, 0, 1, 1]","[0.0, 0.0, 0.0]","[5.419434541942315e-07, 2.6786858230348776e-06, 2.27104108536554e-05]","[0.30000000000000004, 1.6, 0.30000000000000004]","[0, 2, 0]",True
AdaTE-QP-H,19,1,"[2, 2, -1, 13, 0, 0, 1, 0, 2, 1]","[0.0, 0.0, 0.0]","[6.344735994723775e-05, 7.505203248081543e-05, 0.00021494608204196012]","[0.30000000000000004, 1.6, 0.30000000000000004]","[0, 2, 0]",True
AdaTE-QP-H,19,2,"[1, 2, -1, 13, 0, 0, 1, 0, 3, 1]","[0.0, 0.0, 0.0]","[0.00012251075757115635, 0.0007391157704990059, 0.0010650769199623043]","[0.30000000000000004, 1.6, 0.30000000000000004]","[0, 2, 0]",True
AdaTE-QP-H,19,3,"[1, 2, -1, 13, 0, 0, 1, 0, 4, 1]","[0.0, 0.0, 0.0]","[0.007311181010775167, 0.0020833825774121077, 0.003430131392513282]","[0.30000000000000004, 1.6, 0.30000000000000004]","[0, 2, 0]",True
AdaTE-QP-H,19,4,"[1, 2, -1, 13, 0, 0, 1, 1, 5, 1]","[0.0, 0.0, 0.0]","[0.010085424462158184, 0.015491440523585977, 0.001402143611552257]","[0.1, 0.8, 0.1]","[0, 1, 0]",True
AdaTE-QP-H,19,5,"[1, 2, -2, 13, 0, 0, 0, 1, 6, 1]","[0.0, 0.0, 0.0]","[0.01579995979447958, 0.025420988488735467, 0.21761316886358736]","[0.38284271247461904, 1.554247233265651, 0.38284271247461904]","[0, 3, 0]",True
AdaTE-QP-H,19,6,"[1, 1, -2, 13, 0, 0, 0, 1, 7, 1]","[0.0, 0.0, 0.0]","[0.0, 0.0, 0.0]","[0.1, 0.8, 0.1]","[0, 3, 0]",False
AdaTE-QP-H,20,0,"[1, 2, -2, 13, 0, 0, 1, 1, 5, 0]","[0.0, 0.0, 0.0]","[0.0, 0.0, 0.0]","[0.1, 0.8, 0.1]","[0, 1, 0]",False
AdaTE-QP-H,20,1,"[1, 1, -2, 13, 0, -1, 0, 1, 6, 0]","[0.0, 0.0, 0.0]","[0.0, 0.0, 0.0]","[0.1, 0.8, 0.1]","[0, 0, 1]",False
AdaTE-QP-H,21,0,"[1, 0, -5, 12, 0, 0, 0, 3, 0, 4]","[0.0, 0.25, 0.0]","[0.8998870849609376, 0.6835937500000001, 0.6835937500000001]","[0.1, 0.8, 0.1]","[0, 1, 0]",True
AdaTE-QP-H,22,0,"[4, 2, -5, 13, 0, 0, 1, 0, 2, 0]","[0.0, 0.0, 0.0]","[0.0006115216381234491, 0.00025834717151635334, 0.0002726223058199758]","[0.1, 0.8, 0.1]","[0, 1, 0]",True
AdaTE-QP-H,22,1,"[4, 2, -5, 13, 0, 0, 1, 0, 3, 0]","[0.0, 0.0, 0.0]","[0.0, 0.0, 0.0]","[0.1, 0.8, 0.1]","[0, 1, 0]",False
AdaTE-QP-H,22,2,"[3, 2, -5, 13, 0, 0, 1, 0, 4, 0]","[0.0, 0.0, 0.0]","[0.004267801788268129, 0.059064036201040504, 6.7529697600101906e-21]","[0.1, 0.8, 0.0]","[0, 1, 0]",True
AdaTE-QP-H,22,3,"[2, 2, -5, 13, 0, 0, 1, 1, 5, 0]","[0.0, 0.0, 0.0]","[0.2909385726684117, 0.1579753595913054, 0.16274260492610199]","[0.1, 0.8, 0.1]","[0, 1, 0]",True
AdaTE-QP-H,22,4,"[2, 1, -5, 13, 0, -1, 0, 1, 6, 0]","[0.0, 0.25, 0.0]","[0.412622207887738, 0.769330839496458, 0.6835937500000001]","[0.1, 0.8, 0.1]","[0, 1, 0]",True
AdaTE-QP-H,23,0,"[4, 2, -3, 12, 0, 0, 1, 0, 0, 1]","[0.0, 0.0, 0.0]","[1.4673851530277499e-08, 4.488041967479107e-09, 8.099154427174066e-09]","[0.1, 0.8, 0.1]","[0, 1, 0]",False
AdaTE-QP-H,23,1,"[4, 2, -3, 13, 0, 0, 1, 0, 1, 1]","[0.0, 0.0, 0.0]","[6.868387988948356e-07, 1.539228200495509e-08, 1.2920612122629855e-06]","[0.1, 0.8, 0.1]","[0, 1, 0]",True
AdaTE-QP-H,23,2,"[3, 2, -3, 13, 0, 0, 1, 0, 2, 1]","[0.0, 0.0, 0.0]","[1.4295705527088645e-05, 8.901676877082267e-06, 8.412886243858367e-06]","[0.1, 0.8, 0.1]","[0, 1, 0]",True
AdaTE-QP-H,23,3,"[3, 2, -3, 13, 0, 0, 1, 0, 3, 1]","[0.0, 0.0, 0.0]","[2.396859006627785e-05, 0.00012378886596053118, 3.41558487006909e-05]","[0.1, 0.8, 0.1]","[0, 1, 0]",True
AdaTE-QP-H,23,4,"[3, 2, -3, 13, 0, 0, 1, 0, 4, 1]","[0.0, 0.0, 0.0]","[0.00030223851286661764, 0.0003076352764556161, 0.002571507066490703]","[0.1, 0.8, 0.1]","[0, 1, 0]",True
AdaTE-QP-H,23,5,"[2, 2, -3, 13, 0, 0, 1, 1, 5, 1]","[0.0, 0.0, 0.0]","[0.012959935027700577, 0.006248652148884141, 0.013759694345798119]","[0.1, 0.8, 0.1]","[0, 1, 0]",True
AdaTE-QP-H,23,6,"[2, 2, -4, 13, 0, 0, 0, 1, 6, 1]","[0.0, 0.0, 0.0]","[0.0, 0.0, 0.0]","[0.1, 0.8, 0.1]","[0, 1, 0]",False
AdaTE-QP-H,23,7,"[2, 1, -4, 13, 0, 0, 0, 1, 7, 1]","[0.0, 0.0, 0.0]","[0.0, 0.0, 0.0]","[0.1, 0.8, 0.1]","[0, 1, 0]",False
AdaTE-QP-H,23,8,"[1, 1, -4, 13, 0, 0, 0, 1, 8, 1]","[0.0, 0.0, 0.0]","[0.0, 0.0, 0.0]","[0.1, 0.8, 0.1]","[0, 1, 0]",False
AdaTE-QP-H,24,0,"[3, 2, -3, 13, 0, 0, 1, 0, 4, 1]","[0.0, 0.0, 0.0]","[0.00030223851286661764, 0.0003076352764556161, 0.002571507066490703]","[0.30000000000000004, 1.6, 0.30000000000000004]","[0, 2, 0]",True
AdaTE-QP-H,24,1,"[2, 2, -3, 13, 0, 0, 1, 1, 5, 1]","[0.0, 0.0, 0.0]","[0.012959935027700577, 0.006248652148884141, 0.013759694345798119]","[0.30000000000000004, 1.6, 0.30000000000000004]","[0, 2, 0]",True
AdaTE-QP-H,24,2,"[2, 2, -4, 13, 0, 0, 0, 1, 6, 1]","[0.0, 0.0, 0.0]","[0.0, 0.0, 0.0]","[0.1, 0.8, 0.1]","[0, 2, 0]",False
AdaTE-QP-H,24,3,"[2, 1, -4, 13, 0, 0, 0, 1, 7, 1]","[0.0, 0.0, 0.0]","[0.0, 0.0, 0.0]","[0.1, 0.8, 0.1]","[0, 2, 0]",False
AdaTE-QP-H,24,4,"[1, 1, -4, 13, 0, 0, 0, 1, 8, 1]","[0.0, 0.0, 0.0]","[0.0, 0.0, 0.0]","[0.1, 0.8, 0.1]","[0, 1, 1]",False
AdaTE-QP-H,25,0,"[1, 2, -5, 13, 0, 0, 0, 1, 6, 1]","[0.0, 0.25, 0.0]","[0.8998870849609376, 0.2709715421122621, 0.412622207887738]","[0.1, 0.8, 0.1]","[0, 1, 0]",True
AdaTE-QP-H,26,0,"[1, 2, 0, 13, 0, 0, 1, 0, 2, 0]","[0.0, 0.0, 0.0]","[0.0005155686317017762, 0.001451477549297659, 0.003202665117809652]","[0.1, 0.8, 0.1]","[0, 1, 0]",True
AdaTE-QP-H,26,1,"[1, 2, 0, 13, 0, 0, 1, 0, 3, 0]","[0.0, 0.0, 0.0]","[0.0034202025392706904, 0.009002678423289424, 0.007576871078557383]","[0.1, 0.8, 0.1]","[0, 1, 0]",True
AdaTE-QP-H,26,2,"[1, 2, 0, 13, 0, 0, 1, 0, 4, 0]","[0.0, 0.0, 0.0]","[0.05531127487359072, 0.03812046731502859, 0.039983022320426886]","[0.1, 0.8, 0.1]","[0, 1, 0]",True
AdaTE-QP-H,26,3,"[1, 2, 0, 13, 0, 0, 1, 1, 5, 0]","[0.0, 0.05, 0.0]","[0.1864868150921537, 0.10986182208545277, 0.1439774700682273]","[0.1, 0.8, 0.1]","[0, 1, 0]",True
AdaTE-QP-H,26,4,"[1, 1, 0, 13, 0, -1, 0, 1, 6, 0]","[0.0, 0.4375, 0.0]","[0.1976003852302664, 0.29657674408112444, 0.6946878195412237]","[0.30000000000000004, 0.9256382909602219, 0.30000000000000004]","[0, 2, 0]",True
AdaTE-QP-H,27,0,"[4, 1, -5, 13, 0, -1, 0, 1, 6, 0]","[0.0, 0.0, 0.0]","[0.0001585492496687212, 5.649838024012627e-05, 6.381714420936906e-05]","[0.1, 0.8, 0.1]","[0, 1, 0]",True
AdaTE-QP-H,27,1,"[3, 0, -6, 13, 0, -1, 0, 1, 7, 0]","[0.0, 0.0, 0.0]","[0.0, 0.0, 0.0]","[0.1, 0.8, 0.1]","[0, 1, 0]",False
AdaTE-QP-H,27,2,"[2, 0, -5, 13, 0, 0, 0, 3, 8, 0]","[0.0, 0.0, 0.0]","[0.0, 0.0, 0.0]","[0.1, 0.8, 0.1]","[0, 1, 0]",False
AdaTE-QP-H,27,3,"[2, 0, -5, 13, 0, 0, 0, 3, 9, 0]","[0.0, 0.0, 0.0]","[0.0, 0.0, 0.0]","[0.1, 0.8, 0.1]","[0, 1, 0]",False
AdaTE-QP-H,27,4,"[1, 0, -5, 12, 0, 0, 0, 3, 10, 0]","[0.0, 0.0, 0.0]","[0.0, 0.0, 0.0]","[0.1, 0.8, 0.1]","[0, 1, 0]",False
AdaTE-QP-H,28,0,"[3, 2, -3, 13, 0, 0, 1, 0, 2, 0]","[0.0, 0.0, 0.0]","[8.684752126004819e-05, 4.468782993065756e-06, 5.5578889482313124e-05]","[0.1, 0.8, 0.1]","[0, 1, 0]",True
AdaTE-QP-H,28,1,"[3, 2, -3, 13, 0, 0, 1, 0, 3, 0]","[0.0, 0.0, 0.0]","[8.742866334340366e-05, 0.0005222559938780831, 0.0007546700333076095]","[0.1, 0.8, 0.1]","[0, 1, 0]",True
AdaTE-QP-H,28,2,"[3, 2, -3, 13, 0, 0, 1, 0, 4, 0]","[0.0, 0.0, 0.0]","[0.002230728119502259, 0.002913741787553352, 0.0019292999308992411]","[0.1, 0.8, 0.1]","[0, 1, 0]",True
AdaTE-QP-H,28,3,"[2, 2, -3, 13, 0, 0, 1, 1, 5, 0]","[0.0, 0.0, 0.0]","[0.0029232207897891813, 0.0077752532807459935, 0.005625299682629081]","[0.30000000000000004, 1.6, 0.30000000000000004]","[0, 2, 0]",True
AdaTE-QP-H,28,4,"[2, 1, -3, 13, 0, -1, 0, 1, 6, 0]","[0.0, 0.0, 0.0]","[0.0, 0.0, 0.0]","[0.1, 0.8, 0.1]","[0, 0, 1]",False
AdaTE-QP-H,28,5,"[2, 0, -3, 13, 0, -1, 0, 1, 7, 0]","[0.0, 0.0, 0.0]","[0.0, 0.0, 0.0]","[0.1, 0.8, 0.1]","[0, 1, 0]",False
AdaTE-QP-H,29,0,"[5, 2, -5, 12, 0, 0, 1, 0, 0, 0]","[0.0, 0.0, 0.0]","[1.2167580995125073e-06, 2.21778886838861e-07, 3.2522336128905186e-08]","[0.1, 0.8, 0.1]","[0, 1, 0]",True
AdaTE-QP-H,29,1,"[4, 2, -5, 13, 0, 0, 1, 0, 1, 0]","[0.0, 0.0, 0.0]","[1.9761452775140307e-05, 4.400248137604142e-06, 1.0006704646262054e-05]","[0.1, 0.8, 0.1]","[0, 1, 0]",True
AdaTE-QP-H,29,2,"[4, 2, -5, 13, 0, 0, 1, 0, 2, 0]","[0.0, 0.0, 0.0]","[0.0005551015674997033, 0.0001431126025309593, 0.000290194093579359]","[0.30000000000000004, 1.6, 0.30000000000000004]","[0, 2, 0]",True
AdaTE-QP-H,29,3,"[3, 2, -5, 13, 0, 0, 1, 0, 3, 0]","[0.0, 0.0, 0.0]","[0.00034170091118042203, 0.005048903609455265, 0.0009498488852591396]","[0.1, 0.8, 0.1]","[0, 1, 0]",True
AdaTE-QP-H,29,4,"[3, 2, -5, 13, 0, 0, 1, 0, 4, 0]","[0.0, 0.0, 0.0]","[0.007400049224403868, 0.0510020676344587, 0.0007643107784064792]","[0.30000000000000004, 1.6, 0.30000000000000004]","[0, 2, 0]",True
AdaTE-QP-H,29,5,"[2, 2, -5, 13, 0, 0, 1, 1, 5, 0]","[0.0, 0.0, 0.0]","[0.22077741538859416, 0.14817222512322667, 0.11602466498724075]","[0.30000000000000004, 1.6, 0.30000000000000004]","[0, 2, 0]",True
AdaTE-QP-H,29,6,"[2, 1, -6, 13, 0, -1, 0, 1, 6, 0]","[0.0, 0.0, 0.0]","[0.0, 0.0, 0.0]","[0.1, 0.8, 0.1]","[0, 2, 0]",False
AdaTE-QP-H,30,0,"[4, 2, -5, 12, 0, 0, 1, 0, 0, 1]","[0.0, 0.0, 0.0]","[5.5186408337352236e-05, 1.7052146190334048e-05, 3.9464183079732425e-05]","[0.30000000000000004, 1.6, 0.30000000000000004]","[0, 2, 0]",True
AdaTE-QP-H,30,1,"[3, 2, -5, 13, 0, 0, 1, 0, 1, 1]","[0.0, 0.0, 0.0]","[0.0002142136590140079, 0.0004409730222058973, 5.767710547912871e-05]","[0.38284271247461904, 1.554247233265651, 0.38284271247461904]","[0, 3, 0]",True
AdaTE-QP-H,30,2,"[3, 2, -5, 13, 0, 0, 1, 0, 2, 1]","[0.0, 0.0, 0.0]","[0.0003675913058925575, 0.0015997085520648338, 0.0016289623457205204]","[0.38284271247461904, 1.554247233265651, 0.38284271247461904]","[0, 3, 0]",True
AdaTE-QP-H,30,3,"[2, 2, -5, 13, 0, 0, 1, 0, 3, 1]","[0.0, 0.00025000000000000006, 0.0]","[0.012950954690750494, 0.004959853546204215, 0.006355189012279953]","[0.38284271247461904, 1.554247233265651, 0.38284271247461904]","[0, 3, 0]",True
AdaTE-QP-H,30,4,"[2, 2, -5, 13, 0, 0, 1, 0, 4, 1]","[0.0, 0.0018750000000000004, 0.0]","[0.07211398243489016, 0.02338952533019142, 0.07552316924871158]","[0.44641016151377544, 1.4500661420049377, 0.44641016151377544]","[0, 4, 0]",True
AdaTE-QP-H,30,5,"[1, 2, -5, 13, 0, 0, 1, 1, 5, 1]","[0.0, 0.059765625, 0.0]","[0.04877050240226673, 0.22640953780457218, 0.1451747060856164]","[0.44641016151377544, 1.4762574165512483, 0.44641016151377544]","[0, 4, 0]",True
AdaTE-QP-H,30,6,"[1, 2, -6, 13, 0, 0, 0, 1, 6, 1]","[0.25, 0.4375, 0.0]","[0.5334878193799757, 0.0, 0.15010593062002434]","[0.19455993018065612, 800001.1313708499, 0.38284271247461904]","[1, 2, 0]",True
AdaTE-QP-H,31,0,"[2, 2, -3, 13, 0, 0, 1, 0, 2, 0]","[0.0, 0.0, 0.0]","[0.015520282041875454, 0.029229822156020116, 0.025321980898472516]","[0.1, 0.8, 0.1]","[0, 1, 0]",True
AdaTE-QP-H,31,1,"[2, 2, -3, 13, 0, 0, 1, 0, 3, 0]","[0.0, 0.0, 0.0]","[0.001112032178972394, 0.09892414700477184, 0.12285799274924136]","[0.1, 0.8, 0.1]","[0, 1, 0]",True
AdaTE-QP-H,31,2,"[2, 2, -3, 13, 0, 0, 1, 0, 4, 0]","[0.0, 0.0, 0.0]","[0.08715184675535947, 0.2538633360791731, 0.0]","[0.1, 0.8, 0.0]","[0, 1, 0]",True
AdaTE-QP-H,31,3,"[1, 2, -3, 13, 0, 0, 1, 1, 5, 0]","[0.0, 0.0, 0.0]","[0.1837635800945882, 0.6391085977989813, 0.493422941071731]","[0.1, 0.8, 0.1]","[0, 1, 0]",True
AdaTE-QP-H,31,4,"[1, 1, -3, 13, 0, -1, 0, 1, 6, 0]","[0.0, 0.0, 0.0]","[0.0, 0.0, 0.0]","[0.1, 0.8, 0.1]","[0, 1, 0]",False
AdaTE-QP-H,32,0,"[2, 0, -3, 12, 0, 0, 0, 2, 0, 3]","[0.0, 0.0, 0.0]","[4.968322056340495e-05, 1.0600270453326779e-05, 4.2328615195452406e-05]","[0.30000000000000004, 1.6, 0.30000000000000004]","[0, 2, 0]",True
AdaTE-QP-H,32,1,"[2, 0, -3, 13, 0, 0, 0, 2, 1, 3]","[0.0, 0.0, 0.0]","[0.0, 0.0, 0.0]","[0.1, 0.8, 0.1]","[0, 2, 0]",False
AdaTE-QP-H,32,2,"[2, 0, -3, 13, 0, 0, 0, 2, 2, 3]","[0.0, 0.0, 0.0]","[0.0, 0.0, 0.0]","[0.1, 0.8, 0.1]","[0, 1, 1]",False
AdaTE-QP-H,32,3,"[2, 0, -3, 12, 0, 0, 0, 2, 3, 3]","[0.0, 0.0, 0.0]","[0.0, 0.0, 0.0]","[0.1, 0.8, 0.1]","[0, 1, 1]",False
AdaTE-QP-H,32,4,"[1, 0, -2, 12, 0, 0, 0, 2, 4, 3]","[0.0, 0.0, 0.0]","[0.0, 0.0, 0.0]","[0.1, 0.8, 0.1]","[0, 1, 1]",False
AdaTE-QP-H,33,0,"[5, 2, -5, 12, 0, 0, 1, 0, 0, 1]","[0.0, 0.0, 0.0]","[9.804305524310944e-06, 7.377855856653276e-06, 1.1523687293797964e-07]","[0.1, 0.8, 0.1]","[0, 1, 0]",True
AdaTE-QP-H,33,1,"[4, 2, -5, 13, 0, 0, 1, 0, 1, 1]","[0.0, 0.0, 0.0]","[6.060714883549065e-05, 9.416636160167175e-05, 1.8708627701581633e-06]","[0.1, 0.8, 0.1]","[0, 1, 0]",True
AdaTE-QP-H,33,2,"[4, 2, -5, 13, 0, 0, 1, 0, 2, 1]","[0.0, 0.0, 0.0]","[6.137503305391182e-05, 0.0007727014228631628, 0.00035772458243972695]","[0.1, 0.8, 0.1]","[0, 1, 0]",True
AdaTE-QP-H,33,3,"[3, 2, -5, 13, 0, 0, 1, 0, 3, 1]","[0.0, 0.0, 0.0]","[0.0004142110675651826, 0.0024615105914993322, 0.006898050265896703]","[0.1, 0.8, 0.1]","[0, 1, 0]",True
AdaTE-QP-H,33,4,"[3, 2, -5, 13, 0, 0, 1, 0, 4, 1]","[0.0, 0.0, 0.0]","[0.01600297199194741, 0.01831543250300354, 0.01853305006080764]","[0.1, 0.8, 0.1]","[0, 1, 0]",True
AdaTE-QP-H,33,5,"[2, 2, -5, 13, 0, 0, 1, 1, 5, 1]","[0.0, 0.0, 0.0]","[0.04321927602457859, 0.0757894243611321, 0.04648745569062889]","[0.1, 0.8, 0.1]","[0, 1, 0]",True
AdaTE-QP-H,33,6,"[2, 2, -6, 13, 0, 0, 0, 1, 6, 1]","[0.0, 0.0, 0.0]","[0.04387055877117671, 0.10814353691623961, 0.1269628778655916]","[0.1, 0.8, 0.1]","[0, 1, 0]",True
AdaTE-QP-H,33,7,"[1, 1, -6, 13, 0, 0, 0, 1, 7, 1]","[0.0, 0.0, 0.0]","[0.0, 0.0, 0.0]","[0.1, 0.8, 0.1]","[0, 1, 0]",False
AdaTE-QP-H,34,0,"[1, 2, -6, 13, 0, 0, 0, 1, 6, 1]","[0.25, 0.578125, 0.0]","[0.5214549152004693, 0.0, 0.16213883479953073]","[0.2252622974572252, 800000.9237604308, 0.44641016151377544]","[1, 3, 0]",True
AdaTE-QP-H,35,0,"[2, 0, -3, 12, 0, 0, 0, 2, 0, 3]","[0.0, 0.0, 0.0]","[4.968322056340495e-05, 1.0600270453326779e-05, 4.2328615195452406e-05]","[0.38284271247461904, 1.554247233265651, 0.38284271247461904]","[0, 3, 0]",True
AdaTE-QP-H,35,1,"[2, 0, -3, 13, 0, 0, 0, 2, 1, 3]","[0.0, 0.0, 0.0]","[0.0, 0.0, 0.0]","[0.1, 0.8, 0.1]","[1, 2, 0]",False
AdaTE-QP-H,35,2,"[2, 0, -3, 13, 0, 0, 0, 2, 2, 3]","[0.0, 0.0, 0.0]","[0.0, 0.0, 0.0]","[0.1, 0.8, 0.1]","[0, 2, 1]",False
AdaTE-QP-H,35,3,"[2, 0, -3, 12, 0, 0, 0, 2, 3, 3]","[0.0, 0.0, 0.0]","[0.0, 0.0, 0.0]","[0.1, 0.8, 0.1]","[0, 2, 1]",False
AdaTE-QP-H,35,4,"[1, 0, -3, 12, 0, 0, 0, 2, 4, 3]","[0.0, 0.0, 0.0]","[0.0, 0.0, 0.0]","[0.1, 0.8, 0.1]","[0, 1, 0]",False
AdaTE-QP-H,36,0,"[3, 2, -5, 13, 0, 0, 1, 0, 4, 0]","[0.0, 0.0, 0.0]","[0.010274839760552617, 0.043658300246835306, 0.0014781663410762048]","[0.38284271247461904, 1.554247233265651, 0.38284271247461904]","[0, 3, 0]",True
AdaTE-QP-H,36,1,"[2, 2, -5, 13, 0, 0, 1, 1, 5, 0]","[0.0, 0.05, 0.0]","[0.1548470398542982, 0.14024829831275756, 0.0704580212504825]","[0.38284271247461904, 1.554247233265651, 0.38284271247461904]","[0, 3, 0]",True
AdaTE-QP-H,36,2,"[2, 1, -5, 13, 0, -1, 0, 1, 6, 0]","[0.0, 0.4375, 0.0]","[0.7675811099928682, 0.411079397904621, 0.6835937500000001]","[0.30000000000000004, 1.1134759829379623, 0.30000000000000004]","[0, 2, 0]",True
AdaTE-QP-H,37,0,"[4, 2, -5, 12, 0, 0, 1, 0, 0, 0]","[0.0, 0.0, 0.0]","[0.0002930497698850407, 0.0001529414698766102, 0.0001693322981036661]","[0.1, 0.8, 0.1]","[0, 1, 0]",True
AdaTE-QP-H,37,1,"[3, 2, -5, 13, 0, 0, 1, 0, 1, 0]","[0.0, 0.0, 0.0]","[0.0004640386470445236, 0.000982848105749321, 0.0016134172848475356]","[0.30000000000000004, 1.6, 0.30000000000000004]","[0, 2, 0]",True
AdaTE-QP-H,37,2,"[3, 2, -5, 13, 0, 0, 1, 0, 2, 0]","[0.0, 0.0, 0.0]","[0.013884290907671243, 0.0022169059246548843, 0.020117963757254876]","[0.30000000000000004, 1.6, 0.30000000000000004]","[0, 2, 0]",True
AdaTE-QP-H,37,3,"[2, 2, -5, 13, 0, 0, 1, 0, 3, 0]","[0.0, 0.0, 0.0]","[0.007621544668063303, 0.05441869840751927, 0.06810569727108468]","[0.30000000000000004, 1.6, 0.30000000000000004]","[0, 2, 0]",True
AdaTE-QP-H,37,4,"[2, 2, -5, 13, 0, 0, 1, 0, 4, 0]","[0.0, 0.05, 0.0]","[0.057784076232956935, 0.13249004639557102, 0.3032428668945942]","[0.38284271247461904, 1.554247233265651, 0.38284271247461904]","[0, 3, 0]",True
AdaTE-QP-H,37,5,"[1, 2, -5, 13, 0, 0, 1, 1, 5, 0]","[0.0, 0.4375, 0.0]","[0.6835937500000001, 0.3172735678398124, 0.7839810898243157]","[0.30000000000000004, 0.9696291772374256, 0.30000000000000004]","[0, 2, 0]",True
AdaTE-QP-H,38,0,"[1, 2, 0, 13, 0, 0, 1, 1, 5, 0]","[0.0, 0.125, 0.0]","[0.18699856780382457, 0.05569352217251642, 0.1708642725277722]","[0.30000000000000004, 0.8817836179206644, 0.30000000000000004]","[0, 2, 0]",True
AdaTE-QP-H,38,1,"[1, 1, 0, 13, 0, -1, 0, 1, 6, 0]","[0.0, 0.578125, 0.0]","[0.04475921574443334, 0.3172735678398124, 0.802172060444221]","[0.38284271247461904, 1.057396173100156, 0.38284271247461904]","[0, 3, 0]",True
AdaTE-QP-H,39,0,"[1, 2, -4, 13, 0, 0, 1, 1, 5, 1]","[0.0, 0.0, 0.0]","[0.0, 0.0, 0.0]","[0.1, 0.8, 0.1]","[0, 1, 0]",False
AdaTE-QP-H,39,1,"[1, 2, -4, 13, 0, 0, 0, 1, 6, 1]","[0.0, 0.0, 0.0]","[0.0, 0.0, 0.0]","[0.1, 0.8, 0.1]","[0, 1, 0]",False
AdaTE-QP-H,39,2,"[0, 1, -4, 13, 0, 0, 0, 1, 7, 1]","[0.0, 0.0, 0.0]","[0.0, 0.0, 0.0]","[0.1, 0.8, 0.1]","[0, 1, 0]",False
AdaTE-QP-H,40,0,"[3, 2, -3, 13, 0, 0, 1, 0, 3, 0]","[0.0, 0.0, 0.0]","[6.92887842549403e-05, 0.00014901720922148127, 0.00026910781486443513]","[0.30000000000000004, 1.6, 0.30000000000000004]","[0, 2, 0]",True
AdaTE-QP-H,40,1,"[3, 2, -3, 13, 0, 0, 1, 0, 4, 0]","[0.0, 0.0, 0.0]","[0.0021114336543061607, 0.000824449037525773, 0.0007199128344363535]","[0.30000000000000004, 1.6, 0.30000000000000004]","[0, 2, 0]",True
AdaTE-QP-H,40,2,"[2, 2, -3, 13, 0, 0, 1, 1, 5, 0]","[0.0, 0.0, 0.0]","[0.004894972337991975, 0.0017612022297172011, 0.0040252512944477315]","[0.38284271247461904, 1.554247233265651, 0.38284271247461904]","[0, 3, 0]",True
AdaTE-QP-H,40,3,"[2, 1, -3, 13, 0, -1, 0, 1, 6, 0]","[0.0, 0.0, 0.0]","[0.0, 0.0, 0.0]","[0.1, 0.8, 0.1]","[0, 1, 1]",False
AdaTE-QP-H,40,4,"[2, 0, -4, 13, 0, -1, 0, 1, 7, 0]","[0.0, 0.0, 0.0]","[0.0, 0.0, 0.0]","[0.1, 0.8, 0.1]","[0, 1, 0]",False
AdaTE-QP-H,41,0,"[1, 2, 0, 13, 0, 0, 0, 1, 6, 1]","[0.0, 0.0, 0.0]","[0.008407890473102628, 0.08774917412846424, 0.039138090621588316]","[0.30000000000000004, 1.6, 0.30000000000000004]","[0, 2, 0]",True
AdaTE-QP-H,41,1,"[1, 1, 0, 13, 0, 0, 0, 1, 7, 1]","[0.0, 0.0, 0.0]","[0.0, 0.0, 0.0]","[0.1, 0.8, 0.1]","[0, 2, 0]",False
AdaTE-QP-H,41,2,"[1, 1, 0, 13, 0, 0, 0, 1, 8, 1]","[0.0, 0.0, 0.0]","[0.0, 0.0, 0.0]","[0.1, 0.8, 0.1]","[0, 2, 0]",False
AdaTE-QP-H,42,0,"[1, 2, 0, 13, 0, 0, 1, 0, 2, 0]","[0.0, 0.0, 0.0]","[0.00040207652645373886, 0.001534324272603623, 0.0038062601289417537]","[0.30000000000000004, 1.6, 0.30000000000000004]","[0, 2, 0]",True
AdaTE-QP-H,42,1,"[1, 2, 0, 13, 0, 0, 1, 0, 3, 0]","[0.0, 0.0, 0.0]","[0.004394834469764222, 0.011007566594290807, 0.006237590549939203]","[0.30000000000000004, 1.6, 0.30000000000000004]","[0, 2, 0]",True
AdaTE-QP-H,42,2,"[1, 2, 0, 13, 0, 0, 1, 0, 4, 0]","[0.0, 0.025, 0.0]","[0.05065734171918616, 0.03902241288210305, 0.039272654104864094]","[0.30000000000000004, 1.6, 0.30000000000000004]","[0, 2, 0]",True
AdaTE-QP-H,42,3,"[1, 2, 0, 13, 0, 0, 1, 1, 5, 0]","[0.0, 0.209375, 0.0]","[0.21956675922845453, 0.09690511619474969, 0.18078564640794725]","[0.38284271247461904, 0.9861844923782712, 0.38284271247461904]","[0, 3, 0]",True
AdaTE-QP-H,42,4,"[1, 1, 0, 13, 0, -1, 0, 1, 6, 0]","[0.0, 0.68359375, 0.0]","[0.16975205723551737, 0.3817707843460338, 0.6803576819812149]","[0.44641016151377544, 1.104280232911053, 0.44641016151377544]","[0, 4, 0]",True
AdaTE-QP-H,43,0,"[4, 0, -5, 12, 0, 0, 0, 3, 0, 4]","[0.0, 0.0, 0.0]","[4.6989348462995065e-07, 3.20198931249684e-07, 3.223228507606601e-07]","[0.30000000000000004, 1.6, 0.30000000000000004]","[0, 2, 0]",True
AdaTE-QP-H,43,1,"[4, 0, -5, 13, 0, 0, 0, 3, 1, 4]","[0.0, 0.0, 0.0]","[0.0, 0.0, 0.0]","[0.1, 0.8, 0.1]","[0, 2, 0]",False
AdaTE-QP-H,43,2,"[3, 0, -5, 13, 0, 0, 0, 3, 2, 4]","[0.0, 0.0, 0.0]","[0.0, 0.0, 0.0]","[0.1, 0.8, 0.1]","[1, 0, 1]",False
AdaTE-QP-H,43,3,"[3, 0, -5, 13, 0, 0, 0, 3, 3, 4]","[0.0, 0.0, 0.0]","[0.0, 0.0, 0.0]","[0.1, 0.8, 0.1]","[0, 2, 0]",False
AdaTE-QP-H,43,4,"[2, 0, -5, 12, 0, 0, 0, 3, 4, 4]","[0.0, 0.0, 0.0]","[0.0, 0.0, 0.0]","[0.1, 0.8, 0.1]","[0, 2, 0]",False
AdaTE-QP-H,43,5,"[2, 0, -4, 12, 0, 0, 0, 3, 5, 4]","[0.0, 0.0, 0.0]","[0.0, 0.0, 0.0]","[0.1, 0.8, 0.1]","[0, 2, 0]",False
AdaTE-QP-H,43,6,"[2, 0, -4, 11, 0, 0, 0, 3, 6, 4]","[0.0, 0.0, 0.0]","[0.0, 0.0, 0.0]","[0.1, 0.8, 0.1]","[0, 2, 0]",False
AdaTE-QP-H,44,0,"[3, 2, -5, 13, 0, 0, 1, 0, 2, 0]","[0.0, 0.0, 0.0]","[0.0208180559886169, 0.008040403392379524, 0.02182312659854384]","[0.38284271247461904, 1.554247233265651, 0.38284271247461904]","[0, 3, 0]",True
AdaTE-QP-H,44,1,"[2, 2, -5, 13, 0, 0, 1, 0, 3, 0]","[0.0, 0.010000000000000002, 0.0]","[0.022334449470398365, 0.07299841142295663, 0.07477128846125425]","[0.38284271247461904, 1.554247233265651, 0.38284271247461904]","[0, 3, 0]",True
AdaTE-QP-H,44,2,"[2, 2, -5, 13, 0, 0, 1, 0, 4, 0]","[0.0, 0.125, 0.0]","[0.08928996618206639, 0.17191473506458452, 0.3292489307153306]","[0.44641016151377544, 1.2601468411123857, 0.44641016151377544]","[0, 4, 0]",True
AdaTE-QP-H,44,3,"[1, 2, -5, 13, 0, 0, 1, 1, 5, 0]","[0.0, 0.578125, 0.0]","[0.68359375, 0.3817707843460338, 0.8043884122344873]","[0.38284271247461904, 0.8710277056099227, 0.38284271247461904]","[0, 3, 0]",True
AdaTE-QP-H,45,0,"[1, 2, -1, 13, 0, 0, 1, 0, 3, 1]","[0.0, 0.0, 0.0]","[0.0006344322866289153, 0.0009772801079905521, 0.0026380541988199196]","[0.38284271247461904, 1.554247233265651, 0.38284271247461904]","[0, 3, 0]",True
AdaTE-QP-H,45,1,"[1, 2, -1, 13, 0, 0, 1, 0, 4, 1]","[0.0, 0.0, 0.0]","[0.010219235519937229, 0.00696463014154256, 0.014982957049243094]","[0.38284271247461904, 1.554247233265651, 0.38284271247461904]","[0, 3, 0]",True
AdaTE-QP-H,45,2,"[1, 2, -2, 13, 0, 0, 1, 1, 5, 1]","[0.0, 0.0, 0.0]","[0.0, 0.0, 0.0]","[0.1, 0.8, 0.1]","[1, 1, 0]",False
AdaTE-QP-H,45,3,"[1, 2, -2, 13, 0, 0, 0, 1, 6, 1]","[0.0, 0.0, 0.0]","[0.01155550782789471, 0.012100277801273455, 0.24876992022416333]","[0.44641016151377544, 1.492820323027551, 0.44641016151377544]","[0, 4, 0]",True
AdaTE-QP-H,45,4,"[1, 1, -2, 13, 0, 0, 0, 1, 7, 1]","[0.0, 0.0, 0.0]","[0.0, 0.0, 0.0]","[0.1, 0.8, 0.1]","[0, 4, 0]",False
AdaTE-QP-H,46,0,"[1, 2, -3, 13, 0, 0, 1, 1, 5, 0]","[0.0, 0.0, 0.0]","[0.2793595774326984, 0.6467063563690038, 0.5283915877030905]","[0.30000000000000004, 1.6, 0.30000000000000004]","[0, 2, 0]",True
AdaTE-QP-H,46,1,"[1, 1, -3, 13, 0, -1, 0, 1, 6, 0]","[0.0, 0.0, 0.0]","[0.0, 0.0, 0.0]","[0.1, 0.8, 0.1]","[0, 1, 1]",False
AdaTE-QP-H,47,0,"[1, 2, -2, 13, 0, 0, 1, 0, 4, 1]","[0.0, 0.0, 0.0]","[0.0, 0.0, 0.0]","[0.1, 0.8, 0.1]","[0, 1, 0]",False
AdaTE-QP-H,47,1,"[1, 2, -2, 13, 0, 0, 1, 1, 5, 1]","[0.0, 0.0, 0.0]","[0.0, 0.0, 0.0]","[0.1, 0.8, 0.1]","[1, 2, 0]",False
AdaTE-QP-H,47,2,"[1, 2, -2, 13, 0, 0, 0, 1, 6, 1]","[0.0, 0.0, 0.0]","[0.008830257836313677, 0.016289310938685433, 0.23074208539286437]","[0.5, 1.4400000000000002, 0.5]","[0, 5, 0]",True
AdaTE-QP-H,47,3,"[1, 1, -2, 13, 0, 0, 0, 1, 7, 1]","[0.0, 0.0, 0.0]","[0.0, 0.0, 0.0]","[0.1, 0.8, 0.1]","[0, 5, 0]",False
AdaTE-QP-H,48,0,"[2, 2, -1, 13, 0, 0, 1, 0, 1, 1]","[0.0, 0.0, 0.0]","[4.072085405744957e-06, 8.504467033344984e-06, 1.2742839247397337e-05]","[0.38284271247461904, 1.554247233265651, 0.38284271247461904]","[0, 3, 0]",True
AdaTE-QP-H,48,1,"[2, 2, -1, 13, 0, 0, 1, 0, 2, 1]","[0.0, 0.0, 0.0]","[5.43541369223165e-05, 4.212735612020574e-05, 0.0004144930383871593]","[0.38284271247461904, 1.554247233265651, 0.38284271247461904]","[0, 3, 0]",True
AdaTE-QP-H,48,2,"[1, 2, -1, 13, 0, 0, 1, 0, 3, 1]","[0.0, 0.0, 0.0]","[0.0007150987284864431, 0.0009082876938067711, 0.002661822987650186]","[0.44641016151377544, 1.492820323027551, 0.44641016151377544]","[0, 4, 0]",True
AdaTE-QP-H,48,3,"[1, 2, -1, 13, 0, 0, 1, 0, 4, 1]","[0.0, 0.0, 0.0]","[0.010462645598916357, 0.0071992911951152825, 0.015714877600202407]","[0.44641016151377544, 1.492820323027551, 0.44641016151377544]","[0, 4, 0]",True
AdaTE-QP-H,48,4,"[1, 2, -1, 13, 0, 0, 1, 1, 5, 1]","[0.0, 0.0, 0.0]","[0.056792974801984974, 0.054073793660520675, 0.000898468337664639]","[0.30000000000000004, 1.6, 0.30000000000000004]","[0, 2, 0]",True
AdaTE-QP-H,48,5,"[1, 2, -2, 13, 0, 0, 0, 1, 6, 1]","[0.0, 0.0, 0.0]","[0.008830257836313677, 0.016289310938685433, 0.23074208539286437]","[0.547213595499958, 1.3962847939999439, 0.547213595499958]","[0, 6, 0]",True
AdaTE-QP-H,48,6,"[1, 1, -2, 13, 0, 0, 0, 1, 7, 1]","[0.0, 0.0, 0.0]","[0.0, 0.0, 0.0]","[0.1, 0.8, 0.1]","[0, 5, 1]",False
AdaTE-QP-H,49,0,"[2, 0, -3, 12, 0, 0, 0, 3, 0, 4]","[0.0, 0.0, 0.0]","[3.0610247304070477e-06, 1.3704512581523508e-06, 1.480885536842945e-06]","[0.1, 0.8, 0.1]","[0, 1, 0]",True
AdaTE-QP-H,49,1,"[2, 0, -3, 13, 0, 0, 0, 3, 1, 4]","[0.0, 0.0, 0.0]","[0.0, 0.0, 0.0]","[0.1, 0.8, 0.1]","[0, 1, 0]",False
AdaTE-QP-H,49,2,"[2, 0, -3, 13, 0, 0, 0, 3, 2, 4]","[0.0, 0.0, 0.0]","[0.0, 0.0, 0.0]","[0.1, 0.8, 0.1]","[0, 1, 0]",False
AdaTE-QP-H,49,3,"[2, 0, -3, 12, 0, 0, 0, 3, 3, 4]","[0.0, 0.0, 0.0]","[0.0, 0.0, 0.0]","[0.1, 0.8, 0.1]","[0, 1, 0]",False
AdaTE-QP-H,49,4,"[1, 0, -2, 12, 0, 0, 0, 3, 4, 4]","[0.0, 0.0, 0.0]","[0.0, 0.0, 0.0]","[0.1, 0.8, 0.1]","[0, 0, 1]",False
AdaTE-QP-H,50,0,"[2, 0, -3, 12, 0, 0, 0, 2, 0, 3]","[0.0, 0.0, 0.0]","[3.5855235278562774e-05, 8.574913939860996e-06, 3.117828490059497e-05]","[0.44641016151377544, 1.492820323027551, 0.44641016151377544]","[0, 4, 0]",True
AdaTE-QP-H,50,1,"[2, 0, -3, 13, 0, 0, 0, 2, 1, 3]","[0.0, 0.0, 0.0]","[0.0, 0.0, 0.0]","[0.1, 0.8, 0.1]","[1, 3, 0]",False
AdaTE-QP-H,50,2,"[2, 0, -3, 13, 0, 0, 0, 2, 2, 3]","[0.0, 0.0, 0.0]","[0.0, 0.0, 0.0]","[0.1, 0.8, 0.1]","[0, 3, 1]",False
AdaTE-QP-H,50,3,"[2, 0, -3, 12, 0, 0, 0, 2, 3, 3]","[0.0, 0.0, 0.0]","[0.0, 0.0, 0.0]","[0.1, 0.8, 0.1]","[0, 3, 1]",False
AdaTE-QP-H,50,4,"[1, 0, -2, 12, 0, 0, 0, 2, 4, 3]","[0.0, 0.0, 0.0]","[0.0, 0.0, 0.0]","[0.1, 0.8, 0.1]","[0, 2, 1]",False
AdaTE-QP-H,51,0,"[1, 0, -5, 12, 0, 0, 0, 2, 0, 2]","[0.0, 0.4375, 0.0]","[0.8998870849609374, 0.68359375, 0.68359375]","[0.30000000000000004, 1.3074285714285716, 0.30000000000000004]","[0, 2, 0]",True
AdaTE-QP-H,52,0,"[4, 2, -5, 13, 0, 0, 1, 0, 1, 1]","[0.0, 0.0, 0.0]","[9.185873793771025e-05, 0.0001416987698522139, 1.4574599421277357e-06]","[0.30000000000000004, 1.6, 0.30000000000000004]","[0, 2, 0]",True
AdaTE-QP-H,52,1,"[4, 2, -5, 13, 0, 0, 1, 0, 2, 1]","[0.0, 0.0, 0.0]","[5.8942795255275605e-05, 0.0011654248366126457, 0.000536272696917971]","[0.30000000000000004, 1.6, 0.30000000000000004]","[0, 2, 0]",True
AdaTE-QP-H,52,2,"[3, 2, -5, 13, 0, 0, 1, 0, 3, 1]","[0.0, 0.0, 0.0]","[0.0003318533405281826, 0.003676582864801947, 0.009886755978776895]","[0.30000000000000004, 1.6, 0.30000000000000004]","[0, 2, 0]",True
AdaTE-QP-H,52,3,"[3, 2, -5, 13, 0, 0, 1, 0, 4, 1]","[0.0, 0.0, 0.0]","[0.02162005782029098, 0.025779532788730568, 0.026439421466868923]","[0.30000000000000004, 1.6, 0.30000000000000004]","[0, 2, 0]",True
AdaTE-QP-H,52,4,"[2, 2, -6, 13, 0, 0, 1, 1, 5, 1]","[0.0, 0.0, 0.0]","[0.0, 0.015151391484901616, 0.005156266044558757]","[0.0, 0.8, 0.1]","[0, 1, 0]",True
AdaTE-QP-H,52,5,"[2, 2, -6, 13, 0, 0, 0, 1, 6, 1]","[0.0, 0.0, 0.0]","[0.029963316356153402, 0.09981542200277077, 0.16233442099187556]","[0.30000000000000004, 1.6, 0.30000000000000004]","[0, 2, 0]",True
AdaTE-QP-H,52,6,"[1, 1, -6, 13, 0, 0, 0, 1, 7, 1]","[0.0, 0.0, 0.0]","[0.0, 0.0, 0.0]","[0.1, 0.8, 0.1]","[0, 2, 0]",False
AdaTE-QP-H,53,0,"[1, 0, -5, 12, 0, 0, 0, 2, 0, 2]","[0.0, 0.578125, 0.0]","[0.8998870849609374, 0.68359375, 0.68359375]","[0.38284271247461904, 1.0422472332656507, 0.38284271247461904]","[0, 3, 0]",True
AdaTE-QP-H,54,0,"[2, 2, -3, 13, 0, 0, 1, 0, 1, 0]","[0.0, 0.0, 0.0]","[0.007212186392553627, 0.0048295288176584406, 0.0025897421102862293]","[0.1, 0.8, 0.1]","[0, 1, 0]",True
AdaTE-QP-H,54,1,"[2, 2, -3, 13, 0, 0, 1, 0, 2, 0]","[0.0, 0.0, 0.0]","[0.011645837961441254, 0.028498067702937294, 0.019816319852342414]","[0.30000000000000004, 1.6, 0.30000000000000004]","[0, 2, 0]",True
AdaTE-QP-H,54,2,"[2, 2, -3, 13, 0, 0, 1, 0, 3, 0]","[0.0, 0.0, 0.0]","[0.0016905245285784437, 0.08337824311139964, 0.12374494989895624]","[0.30000000000000004, 1.6, 0.30000000000000004]","[0, 2, 0]",True
AdaTE-QP-H,54,3,"[1, 2, -3, 13, 0, 0, 1, 0, 4, 0]","[0.0, 0.0, 0.0]","[0.2076144020591656, 0.30128531747615706, 0.06025083334809762]","[0.1, 0.8, 0.1]","[0, 1, 0]",True
AdaTE-QP-H,54,4,"[1, 2, -4, 13, 0, 0, 1, 1, 5, 0]","[0.0, 0.0, 0.0]","[0.0, 0.0, 0.0]","[0.1, 0.8, 0.1]","[0, 1, 0]",False
AdaTE-QP-H,55,0,"[2, 2, -3, 13, 0, 0, 1, 0, 1, 1]","[0.0, 0.0, 0.0]","[0.00018857451046321285, 8.501607717325954e-05, 5.2831065162676364e-05]","[0.1, 0.8, 0.1]","[0, 1, 0]",True
AdaTE-QP-H,55,1,"[2, 2, -3, 13, 0, 0, 1, 0, 2, 1]","[0.0, 0.0, 0.0]","[4.063882666462269e-05, 0.0008426901413071091, 0.0007266598387957631]","[0.1, 0.8, 0.1]","[0, 1, 0]",True
AdaTE-QP-H,55,2,"[2, 2, -3, 13, 0, 0, 1, 0, 3, 1]","[0.0, 0.0, 0.0]","[0.0009085157847401107, 0.0026603682090877313, 0.003071970546999748]","[0.1, 0.8, 0.1]","[0, 1, 0]",True
AdaTE-QP-H,55,3,"[2, 2, -3, 13, 0, 0, 1, 0, 4, 1]","[0.0, 0.0, 0.0]","[0.005525566532384653, 0.02089920088662682, 0.0129130561889754]","[0.1, 0.8, 0.1]","[0, 1, 0]",True
AdaTE-QP-H,55,4,"[1, 2, -3, 13, 0, 0, 1, 1, 5, 1]","[0.0, 0.0, 0.0]","[0.036915337692473474, 0.09269973465041181, 0.15234859359881303]","[0.1, 0.8, 0.1]","[0, 1, 0]",True
AdaTE-QP-H,55,5,"[1, 2, -3, 13, 0, 0, 0, 1, 6, 1]","[0.0, 0.0, 0.0]","[0.16458457053162423, 0.33966372135097095, 0.32495844028111315]","[0.1, 0.8, 0.1]","[0, 1, 0]",True
AdaTE-QP-H,55,6,"[0, 1, -4, 13, 0, 0, 0, 1, 7, 1]","[0.0, 0.0, 0.0]","[0.0, 0.0, 0.0]","[0.1, 0.8, 0.1]","[1, 1, 0]",False
AdaTE-QP-H,56,0,"[4, 2, -6, 13, 0, 0, 0, 1, 6, 1]","[0.0, 0.0, 0.0]","[0.0, 0.0, 0.0]","[0.1, 0.8, 0.1]","[0, 1, 1]",False
AdaTE-QP-H,56,1,"[3, 1, -5, 13, 0, 0, 0, 1, 7, 1]","[0.0, 0.0, 0.0]","[0.0, 0.0, 0.0]","[0.1, 0.8, 0.1]","[0, 1, 0]",False
AdaTE-QP-H,56,2,"[3, 1, -6, 13, 0, 0, 0, 1, 8, 1]","[0.0, 0.0, 0.0]","[0.0, 0.0, 0.0]","[0.1, 0.8, 0.1]","[0, 1, 0]",False
AdaTE-QP-H,56,3,"[2, 1, -5, 13, 0, 0, 0, 1, 9, 1]","[0.0, 0.0, 0.0]","[0.0, 0.0, 0.0]","[0.1, 0.8, 0.1]","[0, 1, 1]",False
AdaTE-QP-H,56,4,"[2, 0, -5, 12, 0, 0, 0, 1, 10, 1]","[0.0, 0.0, 0.0]","[0.0, 0.0, 0.0]","[0.1, 0.8, 0.1]","[0, 2, 0]",False
AdaTE-QP-H,57,0,"[2, 0, -5, 12, 0, 0, 0, 3, 0, 4]","[0.0, 0.0, 0.0]","[0.02687567016397558, 0.013898854643838637, 0.01586936877315048]","[0.1, 0.8, 0.1]","[0, 1, 0]",True
AdaTE-QP-H,57,1,"[2, 0, -5, 13, 0, 0, 0, 3, 1, 4]","[0.0, 0.0, 0.0]","[0.0, 0.0, 0.0]","[0.1, 0.8, 0.1]","[0, 1, 0]",False
AdaTE-QP-H,57,2,"[1, 0, -5, 13, 0, 0, 0, 3, 2, 4]","[0.0, 0.0, 0.0]","[0.0, 0.0, 0.0]","[0.1, 0.8, 0.1]","[0, 0, 1]",False
AdaTE-QP-H,58,0,"[1, 2, -5, 13, 0, 0, 0, 1, 6, 1]","[0.0, 0.4375, 0.0]","[0.47392630028950045, 0.43988720573073814, 0.669667328940699]","[0.30000000000000004, 1.1453379925707066, 0.30000000000000004]","[0, 2, 0]",True
AdaTE-QP-H,59,0,"[4, 0, -5, 12, 0, 0, 0, 2, 0, 2]","[0.0, 0.0, 0.0]","[1.0259272074707271e-07, 4.102672418035324e-08, 5.778123304691675e-08]","[0.1, 0.8, 0.1]","[0, 1, 0]",True
AdaTE-QP-H,59,1,"[4, 0, -5, 13, 0, 0, 0, 2, 1, 2]","[0.0, 0.0, 0.0]","[0.0, 0.0, 0.0]","[0.1, 0.8, 0.1]","[0, 0, 1]",False
AdaTE-QP-H,59,2,"[3, 0, -5, 13, 0, 0, 0, 2, 2, 2]","[0.0, 0.0, 0.0]","[0.0, 0.0, 0.0]","[0.1, 0.8, 0.1]","[1, 0, 0]",False
AdaTE-QP-H,59,3,"[3, 0, -5, 13, 0, 0, 0, 2, 3, 2]","[0.0, 0.0, 0.0]","[0.0, 0.0, 0.0]","[0.1, 0.8, 0.1]","[0, 1, 0]",False
AdaTE-QP-H,59,4,"[2, 0, -5, 12, 0, 0, 0, 2, 4, 2]","[0.0, 0.0, 0.0]","[0.0, 0.0, 0.0]","[0.1, 0.8, 0.1]","[0, 1, 0]",False
AdaTE-QP-H,59,5,"[2, 0, -4, 12, 0, 0, 0, 2, 5, 2]","[0.0, 0.0, 0.0]","[0.0, 0.0, 0.0]","[0.1, 0.8, 0.1]","[1, 0, 0]",False
AdaTE-QP-H,59,6,"[2, 0, -5, 11, 0, 0, 0, 2, 6, 2]","[0.0, 0.0, 0.0]","[0.0, 0.0, 0.0]","[0.1, 0.8, 0.1]","[0, 1, 0]",False
AdaTE-QP-H,60,0,"[1, 2, -1, 13, 0, 0, 1, 0, 3, 0]","[0.0, 0.0, 0.0]","[0.007406344606946386, 0.019100472856816673, 0.026021888613261743]","[0.30000000000000004, 1.6, 0.30000000000000004]","[0, 2, 0]",True
AdaTE-QP-H,60,1,"[1, 2, -1, 13, 0, 0, 1, 0, 4, 0]","[0.0, 0.0, 0.0]","[0.07315112093781172, 0.11066343334571342, 0.08482901380301022]","[0.38284271247461904, 1.554247233265651, 0.38284271247461904]","[0, 3, 0]",True
AdaTE-QP-H,60,2,"[1, 2, -1, 13, 0, 0, 1, 1, 5, 0]","[0.0, 0.0, 0.0]","[0.2527855138305262, 0.3445355734966722, 0.10920636950948473]","[0.38284271247461904, 1.554247233265651, 0.38284271247461904]","[0, 3, 0]",True
AdaTE-QP-H,60,3,"[1, 1, -1, 13, 0, -1, 0, 1, 6, 0]","[0.0, 0.0, 0.0]","[0.0, 0.0, 0.0]","[0.1, 0.8, 0.1]","[1, 2, 0]",False
