method,target_sut,repeat,critical_events_available,collision_events_available,critical_events_found,collision_events_found,queried_indices,critical_recall_curve,critical_recall_at_10,critical_count_at_10,critical_recall_at_20,critical_count_at_20,critical_recall_at_30,critical_count_at_30,critical_recall_at_50,critical_count_at_50
DETOUR,Modular-Atlas,0,49,28,36,26,230;160;194;93;25;169;214;206;225;9;202;183;33;209;222;235;85;226;65;218;228;192;157;211;81;219;119;141;196;5;238;145;53;198;205;173;210;201;220;143;236;234;233;135;195;193;212;200;208;45,0.02040816;0.02040816;0.04081633;0.04081633;0.06122449;0.06122449;0.08163265;0.10204082;0.12244898;0.14285714;0.16326531;0.16326531;0.16326531;0.18367347;0.20408163;0.22448980;0.22448980;0.24489796;0.26530612;0.28571429;0.30612245;0.32653061;0.34693878;0.36734694;0.36734694;0.38775510;0.38775510;0.38775510;0.40816327;0.40816327;0.42857143;0.44897959;0.44897959;0.46938776;0.48979592;0.51020408;0.53061224;0.55102041;0.57142857;0.57142857;0.59183673;0.61224490;0.63265306;0.63265306;0.65306122;0.67346939;0.69387755;0.71428571;0.73469388;0.73469388,0.14285714285714285,7,0.2857142857142857,14,0.40816326530612246,20,0.7346938775510204,36
Mining,Modular-Atlas,0,49,28,25,21,136;150;49;87;178;77;85;149;141;185;214;222;206;9;33;209;17;225;45;1;25;41;230;194;238;65;193;5;198;234;220;202;145;226;135;119;111;173;181;128;236;218;38;81;69;201;157;57;93;210,0.00000000;0.00000000;0.00000000;0.00000000;0.00000000;0.00000000;0.00000000;0.00000000;0.00000000;0.00000000;0.02040816;0.04081633;0.06122449;0.08163265;0.08163265;0.10204082;0.10204082;0.12244898;0.12244898;0.12244898;0.14285714;0.14285714;0.16326531;0.18367347;0.20408163;0.22448980;0.24489796;0.24489796;0.26530612;0.28571429;0.30612245;0.32653061;0.34693878;0.36734694;0.36734694;0.36734694;0.36734694;0.38775510;0.40816327;0.40816327;0.42857143;0.44897959;0.44897959;0.44897959;0.44897959;0.46938776;0.48979592;0.48979592;0.48979592;0.51020408,0.0,0,0.12244897959183673,6,0.2857142857142857,14,0.5102040816326531,25
Mining-DETOUR,Modular-Atlas,0,49,28,28,24,136;150;49;85;178;77;87;149;141;93;33;17;45;1;41;9;214;222;206;209;225;25;230;194;238;193;65;5;145;198;234;220;202;226;181;173;135;119;111;236;38;218;128;157;201;224;210;212;6;200,0.00000000;0.00000000;0.00000000;0.00000000;0.00000000;0.00000000;0.00000000;0.00000000;0.00000000;0.00000000;0.00000000;0.00000000;0.00000000;0.00000000;0.00000000;0.02040816;0.04081633;0.06122449;0.08163265;0.10204082;0.12244898;0.14285714;0.16326531;0.18367347;0.20408163;0.22448980;0.24489796;0.24489796;0.26530612;0.28571429;0.30612245;0.32653061;0.34693878;0.36734694;0.38775510;0.40816327;0.40816327;0.40816327;0.40816327;0.42857143;0.42857143;0.44897959;0.44897959;0.46938776;0.48979592;0.51020408;0.53061224;0.55102041;0.55102041;0.57142857,0.0,0,0.10204081632653061,5,0.2857142857142857,14,0.5714285714285714,28
AdaTE Global,Modular-Atlas,0,49,28,32,25,214;230;194;206;222;209;238;155;93;145;9;225;25;33;220;234;198;111;65;193;202;135;17;226;119;81;45;128;57;1;41;77;236;218;201;210;217;233;221;173;181;170;157;224;167;5;212;200;183;208,0.02040816;0.04081633;0.06122449;0.08163265;0.10204082;0.12244898;0.14285714;0.14285714;0.14285714;0.16326531;0.18367347;0.20408163;0.22448980;0.22448980;0.24489796;0.26530612;0.28571429;0.28571429;0.30612245;0.32653061;0.34693878;0.34693878;0.34693878;0.36734694;0.36734694;0.36734694;0.36734694;0.36734694;0.36734694;0.36734694;0.36734694;0.36734694;0.38775510;0.40816327;0.42857143;0.44897959;0.46938776;0.48979592;0.51020408;0.53061224;0.55102041;0.55102041;0.57142857;0.59183673;0.59183673;0.59183673;0.61224490;0.63265306;0.63265306;0.65306122,0.16326530612244897,8,0.32653061224489793,16,0.3673469387755102,18,0.6530612244897959,32
Global Routed Mining,Modular-Atlas,0,49,28,31,24,214;230;194;206;222;209;238;155;93;145;1;225;9;25;220;234;198;202;226;193;65;236;218;201;33;210;17;135;233;217;45;81;119;41;57;111;85;128;5;69;173;181;221;38;157;170;77;224;212;200,0.02040816;0.04081633;0.06122449;0.08163265;0.10204082;0.12244898;0.14285714;0.14285714;0.14285714;0.16326531;0.16326531;0.18367347;0.20408163;0.22448980;0.24489796;0.26530612;0.28571429;0.30612245;0.32653061;0.34693878;0.36734694;0.38775510;0.40816327;0.42857143;0.42857143;0.44897959;0.44897959;0.44897959;0.46938776;0.48979592;0.48979592;0.48979592;0.48979592;0.48979592;0.48979592;0.48979592;0.48979592;0.48979592;0.48979592;0.48979592;0.51020408;0.53061224;0.55102041;0.55102041;0.57142857;0.57142857;0.57142857;0.59183673;0.61224490;0.63265306,0.16326530612244897,8,0.3469387755102041,17,0.4897959183673469,24,0.6326530612244898,31
Function Routing (risk-only),Modular-Atlas,0,49,28,47,28,214;230;194;206;222;209;238;155;93;145;9;225;220;234;202;198;236;200;224;218;226;208;111;192;181;173;212;228;196;25;193;157;65;210;197;232;201;219;237;204;207;233;217;235;221;231;199;216;205;215,0.02040816;0.04081633;0.06122449;0.08163265;0.10204082;0.12244898;0.14285714;0.14285714;0.14285714;0.16326531;0.18367347;0.20408163;0.22448980;0.24489796;0.26530612;0.28571429;0.30612245;0.32653061;0.34693878;0.36734694;0.38775510;0.40816327;0.40816327;0.42857143;0.44897959;0.46938776;0.48979592;0.51020408;0.53061224;0.55102041;0.57142857;0.59183673;0.61224490;0.63265306;0.65306122;0.67346939;0.69387755;0.71428571;0.73469388;0.75510204;0.77551020;0.79591837;0.81632653;0.83673469;0.85714286;0.87755102;0.89795918;0.91836735;0.93877551;0.95918367,0.16326530612244897,8,0.3673469387755102,18,0.5510204081632653,27,0.9591836734693877,47
Function-Conditioned Mining,Modular-Atlas,0,49,28,48,28,214;230;194;206;222;209;111;93;145;9;225;238;220;234;202;236;198;200;181;224;218;208;226;192;212;173;228;196;25;193;157;210;65;197;232;201;219;237;204;207;233;217;235;231;221;199;216;205;215;211,0.02040816;0.04081633;0.06122449;0.08163265;0.10204082;0.12244898;0.12244898;0.12244898;0.14285714;0.16326531;0.18367347;0.20408163;0.22448980;0.24489796;0.26530612;0.28571429;0.30612245;0.32653061;0.34693878;0.36734694;0.38775510;0.40816327;0.42857143;0.44897959;0.46938776;0.48979592;0.51020408;0.53061224;0.55102041;0.57142857;0.59183673;0.61224490;0.63265306;0.65306122;0.67346939;0.69387755;0.71428571;0.73469388;0.75510204;0.77551020;0.79591837;0.81632653;0.83673469;0.85714286;0.87755102;0.89795918;0.91836735;0.93877551;0.95918367;0.97959184,0.16326530612244897,8,0.3673469387755102,18,0.5714285714285714,28,0.9795918367346939,48
Random,Modular-Atlas,0,49,28,8,6,4;97;109;35;114;194;29;85;132;60;156;218;66;8;76;101;206;44;118;139;158;80;120;234;167;171;198;205;89;127;98;201;128;100;166;72;116;213;58;173;26;61;142;150;88;77;10;19;18;155,0.00000000;0.00000000;0.00000000;0.00000000;0.00000000;0.02040816;0.02040816;0.02040816;0.02040816;0.02040816;0.02040816;0.04081633;0.04081633;0.04081633;0.04081633;0.04081633;0.06122449;0.06122449;0.06122449;0.06122449;0.06122449;0.06122449;0.06122449;0.08163265;0.08163265;0.08163265;0.10204082;0.12244898;0.12244898;0.12244898;0.12244898;0.14285714;0.14285714;0.14285714;0.14285714;0.14285714;0.14285714;0.14285714;0.14285714;0.16326531;0.16326531;0.16326531;0.16326531;0.16326531;0.16326531;0.16326531;0.16326531;0.16326531;0.16326531;0.16326531,0.02040816326530612,1,0.061224489795918366,3,0.12244897959183673,6,0.16326530612244897,8
Random,Modular-Atlas,1,49,28,9,5,38;215;124;123;28;166;40;159;114;234;45;105;202;64;213;7;21;189;183;205;156;228;44;24;157;70;14;41;59;23;29;92;238;51;13;97;52;43;77;154;18;65;120;118;113;53;72;235;187;60,0.00000000;0.02040816;0.02040816;0.02040816;0.02040816;0.02040816;0.02040816;0.02040816;0.02040816;0.04081633;0.04081633;0.04081633;0.06122449;0.06122449;0.06122449;0.06122449;0.06122449;0.06122449;0.06122449;0.08163265;0.08163265;0.10204082;0.10204082;0.10204082;0.12244898;0.12244898;0.12244898;0.12244898;0.12244898;0.12244898;0.12244898;0.12244898;0.14285714;0.14285714;0.14285714;0.14285714;0.14285714;0.14285714;0.14285714;0.14285714;0.14285714;0.16326531;0.16326531;0.16326531;0.16326531;0.16326531;0.16326531;0.18367347;0.18367347;0.18367347,0.04081632653061224,2,0.08163265306122448,4,0.12244897959183673,6,0.1836734693877551,9
Random,Modular-Atlas,2,49,28,5,2,14;111;186;155;179;215;97;134;7;136;185;71;91;161;80;146;37;1;102;171;84;117;158;107;172;203;169;46;211;207;147;123;57;11;4;236;76;23;31;78;226;132;182;48;170;15;167;40;81;69,0.00000000;0.00000000;0.00000000;0.00000000;0.00000000;0.02040816;0.02040816;0.02040816;0.02040816;0.02040816;0.02040816;0.02040816;0.02040816;0.02040816;0.02040816;0.02040816;0.02040816;0.02040816;0.02040816;0.02040816;0.02040816;0.02040816;0.02040816;0.02040816;0.02040816;0.02040816;0.02040816;0.02040816;0.04081633;0.06122449;0.06122449;0.06122449;0.06122449;0.06122449;0.06122449;0.08163265;0.08163265;0.08163265;0.08163265;0.08163265;0.10204082;0.10204082;0.10204082;0.10204082;0.10204082;0.10204082;0.10204082;0.10204082;0.10204082;0.10204082,0.02040816326530612,1,0.02040816326530612,1,0.061224489795918366,3,0.10204081632653061,5
Random,Modular-Atlas,3,49,28,14,9,235;219;127;44;7;47;194;45;38;179;217;225;8;182;39;222;167;166;15;226;80;118;206;180;144;87;50;215;60;236;2;10;75;62;114;163;35;175;227;202;93;148;193;112;189;220;49;186;9;97,0.02040816;0.04081633;0.04081633;0.04081633;0.04081633;0.04081633;0.06122449;0.06122449;0.06122449;0.06122449;0.08163265;0.10204082;0.10204082;0.10204082;0.10204082;0.12244898;0.12244898;0.12244898;0.12244898;0.14285714;0.14285714;0.14285714;0.16326531;0.16326531;0.16326531;0.16326531;0.16326531;0.18367347;0.18367347;0.20408163;0.20408163;0.20408163;0.20408163;0.20408163;0.20408163;0.20408163;0.20408163;0.20408163;0.20408163;0.22448980;0.22448980;0.22448980;0.24489796;0.24489796;0.24489796;0.26530612;0.26530612;0.26530612;0.28571429;0.28571429,0.061224489795918366,3,0.14285714285714285,7,0.20408163265306123,10,0.2857142857142857,14
Random,Modular-Atlas,4,49,28,6,5,203;75;67;27;128;166;2;87;78;20;231;50;222;144;148;39;8;181;21;225;58;33;191;106;93;188;120;126;68;38;168;55;96;194;159;3;172;163;182;11;30;66;99;40;116;71;70;131;202;100,0.00000000;0.00000000;0.00000000;0.00000000;0.00000000;0.00000000;0.00000000;0.00000000;0.00000000;0.00000000;0.02040816;0.02040816;0.04081633;0.04081633;0.04081633;0.04081633;0.04081633;0.06122449;0.06122449;0.08163265;0.08163265;0.08163265;0.08163265;0.08163265;0.08163265;0.08163265;0.08163265;0.08163265;0.08163265;0.08163265;0.08163265;0.08163265;0.08163265;0.10204082;0.10204082;0.10204082;0.10204082;0.10204082;0.10204082;0.10204082;0.10204082;0.10204082;0.10204082;0.10204082;0.10204082;0.10204082;0.10204082;0.10204082;0.12244898;0.12244898,0.0,0,0.08163265306122448,4,0.08163265306122448,4,0.12244897959183673,6
Random,Modular-Atlas,5,49,28,12,10,92;8;150;191;225;200;145;66;36;127;70;119;236;223;167;93;121;72;120;10;148;51;226;156;41;180;233;214;14;196;69;181;192;27;141;42;151;61;38;183;239;80;163;54;65;31;222;189;11;40,0.00000000;0.00000000;0.00000000;0.00000000;0.02040816;0.04081633;0.06122449;0.06122449;0.06122449;0.06122449;0.06122449;0.06122449;0.08163265;0.08163265;0.08163265;0.08163265;0.08163265;0.08163265;0.08163265;0.08163265;0.08163265;0.08163265;0.10204082;0.10204082;0.10204082;0.10204082;0.12244898;0.14285714;0.14285714;0.16326531;0.16326531;0.18367347;0.20408163;0.20408163;0.20408163;0.20408163;0.20408163;0.20408163;0.20408163;0.20408163;0.20408163;0.20408163;0.20408163;0.20408163;0.22448980;0.22448980;0.24489796;0.24489796;0.24489796;0.24489796,0.061224489795918366,3,0.08163265306122448,4,0.16326530612244897,8,0.24489795918367346,12
Random,Modular-Atlas,6,49,28,10,4,49;13;37;117;221;12;202;163;148;7;172;34;100;5;45;95;35;103;225;192;132;159;125;54;57;26;111;213;4;11;134;85;141;105;19;72;216;219;38;165;215;142;184;200;191;61;60;195;126;207,0.00000000;0.00000000;0.00000000;0.00000000;0.02040816;0.02040816;0.04081633;0.04081633;0.04081633;0.04081633;0.04081633;0.04081633;0.04081633;0.04081633;0.04081633;0.04081633;0.04081633;0.04081633;0.06122449;0.08163265;0.08163265;0.08163265;0.08163265;0.08163265;0.08163265;0.08163265;0.08163265;0.08163265;0.08163265;0.08163265;0.08163265;0.08163265;0.08163265;0.08163265;0.08163265;0.08163265;0.10204082;0.12244898;0.12244898;0.12244898;0.14285714;0.14285714;0.14285714;0.16326531;0.16326531;0.16326531;0.16326531;0.18367347;0.18367347;0.20408163,0.04081632653061224,2,0.08163265306122448,4,0.08163265306122448,4,0.20408163265306123,10
Random,Modular-Atlas,7,49,28,6,4,92;185;198;163;132;143;55;175;156;181;90;74;10;26;34;50;88;12;130;158;73;72;47;62;201;105;45;171;134;56;165;137;192;120;49;71;98;87;233;61;8;222;127;102;155;125;110;109;97;17,0.00000000;0.00000000;0.02040816;0.02040816;0.02040816;0.02040816;0.02040816;0.02040816;0.02040816;0.04081633;0.04081633;0.04081633;0.04081633;0.04081633;0.04081633;0.04081633;0.04081633;0.04081633;0.04081633;0.04081633;0.04081633;0.04081633;0.04081633;0.04081633;0.06122449;0.06122449;0.06122449;0.06122449;0.06122449;0.06122449;0.06122449;0.06122449;0.08163265;0.08163265;0.08163265;0.08163265;0.08163265;0.08163265;0.10204082;0.10204082;0.10204082;0.12244898;0.12244898;0.12244898;0.12244898;0.12244898;0.12244898;0.12244898;0.12244898;0.12244898,0.04081632653061224,2,0.04081632653061224,2,0.061224489795918366,3,0.12244897959183673,6
Random,Modular-Atlas,8,49,28,10,8,159;2;100;58;156;37;60;115;160;12;10;54;201;155;33;153;232;154;49;71;144;36;194;157;141;104;96;77;62;182;126;80;63;93;61;149;187;225;176;202;218;177;234;145;22;161;121;220;164;27,0.00000000;0.00000000;0.00000000;0.00000000;0.00000000;0.00000000;0.00000000;0.00000000;0.00000000;0.00000000;0.00000000;0.00000000;0.02040816;0.02040816;0.02040816;0.02040816;0.04081633;0.04081633;0.04081633;0.04081633;0.04081633;0.04081633;0.06122449;0.08163265;0.08163265;0.08163265;0.08163265;0.08163265;0.08163265;0.08163265;0.08163265;0.08163265;0.08163265;0.08163265;0.08163265;0.08163265;0.08163265;0.10204082;0.10204082;0.12244898;0.14285714;0.14285714;0.16326531;0.18367347;0.18367347;0.18367347;0.18367347;0.20408163;0.20408163;0.20408163,0.0,0,0.04081632653061224,2,0.08163265306122448,4,0.20408163265306123,10
Random,Modular-Atlas,9,49,28,6,5,124;104;64;113;198;26;11;90;236;41;143;63;126;168;50;138;60;102;33;129;118;226;81;225;164;89;62;20;52;183;32;229;206;117;1;142;116;105;86;49;99;188;111;84;207;67;82;77;66;3,0.00000000;0.00000000;0.00000000;0.00000000;0.02040816;0.02040816;0.02040816;0.02040816;0.04081633;0.04081633;0.04081633;0.04081633;0.04081633;0.04081633;0.04081633;0.04081633;0.04081633;0.04081633;0.04081633;0.04081633;0.04081633;0.06122449;0.06122449;0.08163265;0.08163265;0.08163265;0.08163265;0.08163265;0.08163265;0.08163265;0.08163265;0.08163265;0.10204082;0.10204082;0.10204082;0.10204082;0.10204082;0.10204082;0.10204082;0.10204082;0.10204082;0.10204082;0.10204082;0.10204082;0.12244898;0.12244898;0.12244898;0.12244898;0.12244898;0.12244898,0.04081632653061224,2,0.04081632653061224,2,0.08163265306122448,4,0.12244897959183673,6
Random,Modular-Atlas,10,49,28,9,5,177;131;83;46;109;225;31;107;94;3;88;24;227;163;156;216;230;209;193;210;222;99;74;75;9;5;56;76;178;180;101;66;22;195;50;169;162;11;175;63;61;129;143;17;21;130;114;176;115;122,0.00000000;0.00000000;0.00000000;0.00000000;0.00000000;0.02040816;0.02040816;0.02040816;0.02040816;0.02040816;0.02040816;0.02040816;0.02040816;0.02040816;0.02040816;0.04081633;0.06122449;0.08163265;0.10204082;0.12244898;0.14285714;0.14285714;0.14285714;0.14285714;0.16326531;0.16326531;0.16326531;0.16326531;0.16326531;0.16326531;0.16326531;0.16326531;0.16326531;0.18367347;0.18367347;0.18367347;0.18367347;0.18367347;0.18367347;0.18367347;0.18367347;0.18367347;0.18367347;0.18367347;0.18367347;0.18367347;0.18367347;0.18367347;0.18367347;0.18367347,0.02040816326530612,1,0.12244897959183673,6,0.16326530612244897,8,0.1836734693877551,9
Random,Modular-Atlas,11,49,28,9,4,211;175;74;105;27;126;216;124;182;180;141;162;205;73;132;71;213;50;159;137;29;200;69;75;127;106;166;111;112;96;177;142;193;199;19;173;145;56;57;197;23;45;150;43;72;128;80;171;51;79,0.02040816;0.02040816;0.02040816;0.02040816;0.02040816;0.02040816;0.04081633;0.04081633;0.04081633;0.04081633;0.04081633;0.04081633;0.06122449;0.06122449;0.06122449;0.06122449;0.06122449;0.06122449;0.06122449;0.06122449;0.06122449;0.08163265;0.08163265;0.08163265;0.08163265;0.08163265;0.08163265;0.08163265;0.08163265;0.08163265;0.08163265;0.08163265;0.10204082;0.12244898;0.12244898;0.14285714;0.16326531;0.16326531;0.16326531;0.18367347;0.18367347;0.18367347;0.18367347;0.18367347;0.18367347;0.18367347;0.18367347;0.18367347;0.18367347;0.18367347,0.04081632653061224,2,0.061224489795918366,3,0.08163265306122448,4,0.1836734693877551,9
Random,Modular-Atlas,12,49,28,11,5,131;7;20;59;66;215;207;85;103;235;37;24;116;150;50;200;128;170;224;174;198;108;196;213;129;183;130;19;89;60;16;70;144;97;36;195;175;102;169;231;48;34;149;32;234;2;171;138;205;27,0.00000000;0.00000000;0.00000000;0.00000000;0.00000000;0.02040816;0.04081633;0.04081633;0.04081633;0.06122449;0.06122449;0.06122449;0.06122449;0.06122449;0.06122449;0.08163265;0.08163265;0.08163265;0.10204082;0.10204082;0.12244898;0.12244898;0.14285714;0.14285714;0.14285714;0.14285714;0.14285714;0.14285714;0.14285714;0.14285714;0.14285714;0.14285714;0.14285714;0.14285714;0.14285714;0.16326531;0.16326531;0.16326531;0.16326531;0.18367347;0.18367347;0.18367347;0.18367347;0.18367347;0.20408163;0.20408163;0.20408163;0.20408163;0.22448980;0.22448980,0.061224489795918366,3,0.10204081632653061,5,0.14285714285714285,7,0.22448979591836735,11
Random,Modular-Atlas,13,49,28,13,5,204;95;217;53;186;161;23;41;16;117;169;99;2;221;28;202;172;119;52;129;90;151;96;40;239;197;203;113;114;229;70;111;47;187;206;140;234;196;147;81;192;188;65;144;160;59;223;199;237;232,0.02040816;0.02040816;0.04081633;0.04081633;0.04081633;0.04081633;0.04081633;0.04081633;0.04081633;0.04081633;0.04081633;0.04081633;0.04081633;0.06122449;0.06122449;0.08163265;0.08163265;0.08163265;0.08163265;0.08163265;0.08163265;0.08163265;0.08163265;0.08163265;0.08163265;0.10204082;0.10204082;0.10204082;0.10204082;0.10204082;0.10204082;0.10204082;0.10204082;0.10204082;0.12244898;0.12244898;0.14285714;0.16326531;0.16326531;0.16326531;0.18367347;0.18367347;0.20408163;0.20408163;0.20408163;0.20408163;0.20408163;0.22448980;0.24489796;0.26530612,0.04081632653061224,2,0.08163265306122448,4,0.10204081632653061,5,0.2653061224489796,13
Random,Modular-Atlas,14,49,28,10,6,105;135;164;46;149;15;203;40;123;12;22;115;9;67;74;47;134;228;43;87;53;84;214;137;210;206;30;44;176;4;133;147;140;56;190;76;213;109;88;3;80;220;231;229;103;230;225;177;201;124,0.00000000;0.00000000;0.00000000;0.00000000;0.00000000;0.00000000;0.00000000;0.00000000;0.00000000;0.00000000;0.00000000;0.00000000;0.02040816;0.02040816;0.02040816;0.02040816;0.02040816;0.04081633;0.04081633;0.04081633;0.04081633;0.04081633;0.06122449;0.06122449;0.08163265;0.10204082;0.10204082;0.10204082;0.10204082;0.10204082;0.10204082;0.10204082;0.10204082;0.10204082;0.10204082;0.10204082;0.10204082;0.10204082;0.10204082;0.10204082;0.10204082;0.12244898;0.14285714;0.14285714;0.14285714;0.16326531;0.18367347;0.18367347;0.20408163;0.20408163,0.0,0,0.04081632653061224,2,0.10204081632653061,5,0.20408163265306123,10
Random,Modular-Atlas,15,49,28,5,2,73;5;160;88;14;30;185;84;110;175;163;22;28;53;142;50;80;153;154;199;41;42;149;181;87;167;191;6;111;184;187;201;62;36;32;83;143;156;144;119;158;51;200;70;155;86;161;103;0;210,0.00000000;0.00000000;0.00000000;0.00000000;0.00000000;0.00000000;0.00000000;0.00000000;0.00000000;0.00000000;0.00000000;0.00000000;0.00000000;0.00000000;0.00000000;0.00000000;0.00000000;0.00000000;0.00000000;0.02040816;0.02040816;0.02040816;0.02040816;0.04081633;0.04081633;0.04081633;0.04081633;0.04081633;0.04081633;0.04081633;0.04081633;0.06122449;0.06122449;0.06122449;0.06122449;0.06122449;0.06122449;0.06122449;0.06122449;0.06122449;0.06122449;0.06122449;0.08163265;0.08163265;0.08163265;0.08163265;0.08163265;0.08163265;0.08163265;0.10204082,0.0,0,0.02040816326530612,1,0.04081632653061224,2,0.10204081632653061,5
Random,Modular-Atlas,16,49,28,11,7,188;100;207;222;86;110;226;26;238;145;152;124;108;83;2;64;144;57;12;80;140;33;49;35;36;113;171;219;105;68;62;160;236;208;189;52;231;213;59;229;106;43;95;221;7;19;230;142;134;170,0.00000000;0.00000000;0.02040816;0.04081633;0.04081633;0.04081633;0.06122449;0.06122449;0.08163265;0.10204082;0.10204082;0.10204082;0.10204082;0.10204082;0.10204082;0.10204082;0.10204082;0.10204082;0.10204082;0.10204082;0.10204082;0.10204082;0.10204082;0.10204082;0.10204082;0.10204082;0.10204082;0.12244898;0.12244898;0.12244898;0.12244898;0.12244898;0.14285714;0.16326531;0.16326531;0.16326531;0.18367347;0.18367347;0.18367347;0.18367347;0.18367347;0.18367347;0.18367347;0.20408163;0.20408163;0.20408163;0.22448980;0.22448980;0.22448980;0.22448980,0.10204081632653061,5,0.10204081632653061,5,0.12244897959183673,6,0.22448979591836735,11
Random,Modular-Atlas,17,49,28,7,4,191;38;220;201;198;105;118;34;133;31;102;138;84;101;107;5;57;143;165;62;235;46;60;139;146;194;18;131;164;88;2;35;16;223;226;99;176;186;92;134;7;90;125;162;47;96;17;197;61;227,0.00000000;0.00000000;0.02040816;0.04081633;0.06122449;0.06122449;0.06122449;0.06122449;0.06122449;0.06122449;0.06122449;0.06122449;0.06122449;0.06122449;0.06122449;0.06122449;0.06122449;0.06122449;0.06122449;0.06122449;0.08163265;0.08163265;0.08163265;0.08163265;0.08163265;0.10204082;0.10204082;0.10204082;0.10204082;0.10204082;0.10204082;0.10204082;0.10204082;0.10204082;0.12244898;0.12244898;0.12244898;0.12244898;0.12244898;0.12244898;0.12244898;0.12244898;0.12244898;0.12244898;0.12244898;0.12244898;0.12244898;0.14285714;0.14285714;0.14285714,0.061224489795918366,3,0.061224489795918366,3,0.10204081632653061,5,0.14285714285714285,7
Random,Modular-Atlas,18,49,28,7,5,110;113;24;158;211;83;7;149;64;111;173;121;105;166;178;28;128;129;222;203;45;52;152;80;153;42;187;135;146;9;26;5;214;206;147;75;36;120;27;82;61;70;74;164;2;77;160;230;96;104,0.00000000;0.00000000;0.00000000;0.00000000;0.02040816;0.02040816;0.02040816;0.02040816;0.02040816;0.02040816;0.04081633;0.04081633;0.04081633;0.04081633;0.04081633;0.04081633;0.04081633;0.04081633;0.06122449;0.06122449;0.06122449;0.06122449;0.06122449;0.06122449;0.06122449;0.06122449;0.06122449;0.06122449;0.06122449;0.08163265;0.08163265;0.08163265;0.10204082;0.12244898;0.12244898;0.12244898;0.12244898;0.12244898;0.12244898;0.12244898;0.12244898;0.12244898;0.12244898;0.12244898;0.12244898;0.12244898;0.12244898;0.14285714;0.14285714;0.14285714,0.02040816326530612,1,0.061224489795918366,3,0.08163265306122448,4,0.14285714285714285,7
Random,Modular-Atlas,19,49,28,16,9,224;88;70;160;213;62;171;161;2;35;50;42;207;96;109;195;219;168;200;29;208;128;94;193;5;199;222;126;89;1;72;205;181;93;228;214;74;191;162;238;95;130;20;155;215;237;38;47;169;223,0.02040816;0.02040816;0.02040816;0.02040816;0.02040816;0.02040816;0.02040816;0.02040816;0.02040816;0.02040816;0.02040816;0.02040816;0.04081633;0.04081633;0.04081633;0.06122449;0.08163265;0.08163265;0.10204082;0.10204082;0.12244898;0.12244898;0.12244898;0.14285714;0.14285714;0.16326531;0.18367347;0.18367347;0.18367347;0.18367347;0.18367347;0.20408163;0.22448980;0.22448980;0.24489796;0.26530612;0.26530612;0.26530612;0.26530612;0.28571429;0.28571429;0.28571429;0.28571429;0.28571429;0.30612245;0.32653061;0.32653061;0.32653061;0.32653061;0.32653061,0.02040816326530612,1,0.10204081632653061,5,0.1836734693877551,9,0.32653061224489793,16
DETOUR,Modular-Boreal,0,55,33,25,21,45;198;234;228;222;225;209;205;41;194;5;226;208;214;119;233;33;197;220;81;230;201;157;236;202;192;232;235;211;57;196;200;219;212;25;207;135;206;217;65;169;127;53;199;227;218;224;213;216;238,0.00000000;0.01818182;0.03636364;0.03636364;0.05454545;0.07272727;0.09090909;0.09090909;0.09090909;0.10909091;0.10909091;0.12727273;0.12727273;0.14545455;0.16363636;0.18181818;0.18181818;0.18181818;0.20000000;0.21818182;0.23636364;0.25454545;0.25454545;0.27272727;0.29090909;0.29090909;0.29090909;0.29090909;0.29090909;0.30909091;0.30909091;0.30909091;0.30909091;0.30909091;0.32727273;0.32727273;0.34545455;0.36363636;0.38181818;0.40000000;0.40000000;0.41818182;0.41818182;0.41818182;0.41818182;0.43636364;0.43636364;0.43636364;0.43636364;0.45454545,0.10909090909090909,6,0.21818181818181817,12,0.3090909090909091,17,0.45454545454545453,25
Mining,Modular-Boreal,0,55,33,28,25,49;150;62;77;158;93;176;57;87;186;214;222;206;209;225;25;9;65;33;17;45;81;1;230;41;194;238;69;193;5;85;145;173;181;157;135;198;71;234;119;220;202;79;38;111;53;226;15;51;128,0.01818182;0.01818182;0.03636364;0.05454545;0.05454545;0.07272727;0.07272727;0.09090909;0.09090909;0.09090909;0.10909091;0.12727273;0.14545455;0.16363636;0.18181818;0.20000000;0.21818182;0.23636364;0.23636364;0.23636364;0.23636364;0.25454545;0.25454545;0.27272727;0.27272727;0.29090909;0.30909091;0.32727273;0.34545455;0.34545455;0.34545455;0.34545455;0.34545455;0.34545455;0.34545455;0.36363636;0.38181818;0.38181818;0.40000000;0.41818182;0.43636364;0.45454545;0.45454545;0.45454545;0.47272727;0.47272727;0.49090909;0.49090909;0.49090909;0.50909091,0.09090909090909091,5,0.23636363636363636,13,0.34545454545454546,19,0.509090909090909,28
Mining-DETOUR,Modular-Boreal,0,55,33,28,25,49;150;62;77;191;93;176;57;87;186;214;222;206;209;225;25;9;65;33;17;45;1;81;41;230;194;238;69;193;5;85;145;173;181;157;135;198;119;71;234;220;202;38;79;111;53;226;15;51;128,0.01818182;0.01818182;0.03636364;0.05454545;0.05454545;0.07272727;0.07272727;0.09090909;0.09090909;0.09090909;0.10909091;0.12727273;0.14545455;0.16363636;0.18181818;0.20000000;0.21818182;0.23636364;0.23636364;0.23636364;0.23636364;0.23636364;0.25454545;0.25454545;0.27272727;0.29090909;0.30909091;0.32727273;0.34545455;0.34545455;0.34545455;0.34545455;0.34545455;0.34545455;0.34545455;0.36363636;0.38181818;0.40000000;0.40000000;0.41818182;0.43636364;0.45454545;0.45454545;0.45454545;0.47272727;0.47272727;0.49090909;0.49090909;0.49090909;0.50909091,0.09090909090909091,5,0.23636363636363636,13,0.34545454545454546,19,0.509090909090909,28
AdaTE Global,Modular-Boreal,0,55,33,35,26,214;230;194;93;206;222;209;65;220;9;238;234;198;225;202;25;226;201;57;69;193;33;236;218;17;210;233;217;221;135;45;81;1;119;41;111;85;5;145;128;15;224;77;87;49;62;29;212;23;200,0.01818182;0.03636364;0.05454545;0.07272727;0.09090909;0.10909091;0.12727273;0.14545455;0.16363636;0.18181818;0.20000000;0.21818182;0.23636364;0.25454545;0.27272727;0.29090909;0.30909091;0.32727273;0.34545455;0.36363636;0.38181818;0.38181818;0.40000000;0.41818182;0.41818182;0.43636364;0.45454545;0.47272727;0.49090909;0.50909091;0.50909091;0.52727273;0.52727273;0.54545455;0.54545455;0.56363636;0.56363636;0.56363636;0.56363636;0.58181818;0.58181818;0.58181818;0.60000000;0.60000000;0.61818182;0.63636364;0.63636364;0.63636364;0.63636364;0.63636364,0.18181818181818182,10,0.36363636363636365,20,0.509090909090909,28,0.6363636363636364,35
Global Routed Mining,Modular-Boreal,0,55,33,30,22,214;230;194;93;206;222;209;65;220;9;238;234;198;225;202;226;25;201;69;193;85;145;236;218;33;210;233;217;221;87;157;17;173;45;181;79;51;224;1;212;41;200;81;57;71;77;5;66;208;49,0.01818182;0.03636364;0.05454545;0.07272727;0.09090909;0.10909091;0.12727273;0.14545455;0.16363636;0.18181818;0.20000000;0.21818182;0.23636364;0.25454545;0.27272727;0.29090909;0.30909091;0.32727273;0.34545455;0.36363636;0.36363636;0.36363636;0.38181818;0.40000000;0.40000000;0.41818182;0.43636364;0.45454545;0.47272727;0.47272727;0.47272727;0.47272727;0.47272727;0.47272727;0.47272727;0.47272727;0.47272727;0.47272727;0.47272727;0.47272727;0.47272727;0.47272727;0.49090909;0.50909091;0.50909091;0.52727273;0.52727273;0.52727273;0.52727273;0.54545455,0.18181818181818182,10,0.36363636363636365,20,0.4727272727272727,26,0.5454545454545454,30
Function Routing (risk-only),Modular-Boreal,0,55,33,49,33,214;230;194;93;206;222;209;65;220;9;238;234;198;225;202;57;81;226;77;111;128;135;119;49;25;201;193;107;141;143;112;127;123;136;138;69;99;133;125;100;120;155;105;108;122;236;101;218;139;210,0.01818182;0.03636364;0.05454545;0.07272727;0.09090909;0.10909091;0.12727273;0.14545455;0.16363636;0.18181818;0.20000000;0.21818182;0.23636364;0.25454545;0.27272727;0.29090909;0.30909091;0.32727273;0.34545455;0.36363636;0.38181818;0.40000000;0.41818182;0.43636364;0.45454545;0.47272727;0.49090909;0.50909091;0.52727273;0.54545455;0.56363636;0.58181818;0.60000000;0.61818182;0.63636364;0.65454545;0.67272727;0.69090909;0.70909091;0.72727273;0.74545455;0.74545455;0.76363636;0.78181818;0.80000000;0.81818182;0.83636364;0.85454545;0.87272727;0.89090909,0.18181818181818182,10,0.36363636363636365,20,0.5454545454545454,30,0.8909090909090909,49
Function-Conditioned Mining,Modular-Boreal,0,55,33,49,33,214;230;194;93;206;222;209;9;111;145;65;220;238;234;198;128;57;225;202;81;135;77;226;119;25;49;201;193;107;141;143;112;127;123;136;69;138;99;133;125;100;120;105;108;122;101;236;139;218;62,0.01818182;0.03636364;0.05454545;0.07272727;0.09090909;0.10909091;0.12727273;0.14545455;0.16363636;0.16363636;0.18181818;0.20000000;0.21818182;0.23636364;0.25454545;0.27272727;0.29090909;0.30909091;0.32727273;0.34545455;0.36363636;0.38181818;0.40000000;0.41818182;0.43636364;0.45454545;0.47272727;0.49090909;0.50909091;0.52727273;0.54545455;0.56363636;0.58181818;0.60000000;0.61818182;0.63636364;0.65454545;0.67272727;0.69090909;0.70909091;0.72727273;0.74545455;0.76363636;0.78181818;0.80000000;0.81818182;0.83636364;0.85454545;0.87272727;0.89090909,0.16363636363636364,9,0.34545454545454546,19,0.5272727272727272,29,0.8909090909090909,49
Random,Modular-Boreal,0,55,33,14,10,206;222;236;201;12;85;44;127;194;109;141;87;203;60;239;76;55;232;210;126;220;229;207;124;104;191;231;111;197;90;41;40;86;70;32;8;147;88;153;148;48;31;151;238;154;6;57;51;221;13,0.01818182;0.03636364;0.05454545;0.07272727;0.07272727;0.07272727;0.07272727;0.09090909;0.10909091;0.10909091;0.12727273;0.12727273;0.12727273;0.12727273;0.12727273;0.12727273;0.12727273;0.12727273;0.14545455;0.14545455;0.16363636;0.16363636;0.16363636;0.16363636;0.18181818;0.18181818;0.18181818;0.20000000;0.20000000;0.20000000;0.20000000;0.20000000;0.20000000;0.20000000;0.20000000;0.20000000;0.20000000;0.20000000;0.20000000;0.20000000;0.20000000;0.20000000;0.20000000;0.21818182;0.21818182;0.21818182;0.23636364;0.23636364;0.25454545;0.25454545,0.10909090909090909,6,0.14545454545454545,8,0.2,11,0.2545454545454545,14
Random,Modular-Boreal,1,55,33,11,7,148;182;45;75;158;41;103;234;24;185;202;131;177;216;108;111;235;207;210;230;38;7;18;47;201;11;146;134;17;219;72;43;87;48;57;78;5;212;231;188;89;22;195;68;175;100;98;1;86;225,0.00000000;0.00000000;0.00000000;0.00000000;0.00000000;0.00000000;0.01818182;0.03636364;0.03636364;0.03636364;0.05454545;0.05454545;0.05454545;0.05454545;0.07272727;0.09090909;0.09090909;0.09090909;0.10909091;0.12727273;0.12727273;0.12727273;0.12727273;0.12727273;0.14545455;0.14545455;0.14545455;0.14545455;0.14545455;0.14545455;0.14545455;0.14545455;0.14545455;0.14545455;0.16363636;0.16363636;0.16363636;0.16363636;0.16363636;0.16363636;0.16363636;0.16363636;0.16363636;0.16363636;0.16363636;0.18181818;0.18181818;0.18181818;0.18181818;0.20000000,0.03636363636363636,2,0.12727272727272726,7,0.14545454545454545,8,0.2,11
Random,Modular-Boreal,2,55,33,14,11,86;52;212;225;125;135;33;209;160;238;196;24;233;37;143;123;46;170;40;187;94;93;112;147;141;43;76;26;117;122;47;149;229;63;5;8;137;203;58;145;23;30;194;79;109;4;61;12;206;142,0.00000000;0.00000000;0.00000000;0.01818182;0.03636364;0.05454545;0.05454545;0.07272727;0.07272727;0.09090909;0.09090909;0.09090909;0.10909091;0.10909091;0.12727273;0.14545455;0.14545455;0.14545455;0.14545455;0.14545455;0.14545455;0.16363636;0.18181818;0.18181818;0.20000000;0.20000000;0.20000000;0.20000000;0.20000000;0.21818182;0.21818182;0.21818182;0.21818182;0.21818182;0.21818182;0.21818182;0.21818182;0.21818182;0.21818182;0.21818182;0.21818182;0.21818182;0.23636364;0.23636364;0.23636364;0.23636364;0.23636364;0.23636364;0.25454545;0.25454545,0.09090909090909091,5,0.14545454545454545,8,0.21818181818181817,12,0.2545454545454545,14
Random,Modular-Boreal,3,55,33,13,7,113;60;65;167;172;63;188;123;149;165;192;204;236;187;122;30;46;135;207;133;152;224;190;71;95;158;88;19;164;227;48;148;161;150;103;170;14;228;75;215;202;49;221;216;111;155;105;44;151;81,0.00000000;0.00000000;0.01818182;0.01818182;0.01818182;0.01818182;0.01818182;0.03636364;0.03636364;0.03636364;0.03636364;0.03636364;0.05454545;0.05454545;0.07272727;0.07272727;0.07272727;0.09090909;0.09090909;0.10909091;0.10909091;0.10909091;0.10909091;0.10909091;0.10909091;0.10909091;0.10909091;0.10909091;0.10909091;0.10909091;0.10909091;0.10909091;0.10909091;0.10909091;0.12727273;0.12727273;0.12727273;0.12727273;0.12727273;0.12727273;0.14545455;0.16363636;0.18181818;0.18181818;0.20000000;0.20000000;0.21818182;0.21818182;0.21818182;0.23636364,0.03636363636363636,2,0.10909090909090909,6,0.10909090909090909,6,0.23636363636363636,13
Random,Modular-Boreal,4,55,33,6,4,151;200;32;39;154;42;102;79;173;51;64;89;5;160;80;21;58;185;117;170;73;208;142;68;164;13;232;108;74;127;128;25;78;113;140;175;211;27;237;10;85;6;105;226;146;196;114;60;184;168,0.00000000;0.00000000;0.00000000;0.00000000;0.00000000;0.00000000;0.00000000;0.00000000;0.00000000;0.00000000;0.00000000;0.00000000;0.00000000;0.00000000;0.00000000;0.00000000;0.00000000;0.00000000;0.00000000;0.00000000;0.00000000;0.00000000;0.00000000;0.00000000;0.00000000;0.00000000;0.00000000;0.01818182;0.01818182;0.03636364;0.05454545;0.07272727;0.07272727;0.07272727;0.07272727;0.07272727;0.07272727;0.07272727;0.07272727;0.07272727;0.07272727;0.07272727;0.09090909;0.10909091;0.10909091;0.10909091;0.10909091;0.10909091;0.10909091;0.10909091,0.0,0,0.0,0,0.03636363636363636,2,0.10909090909090909,6
Random,Modular-Boreal,5,55,33,12,8,27;85;119;180;20;141;168;14;98;195;94;102;181;199;90;165;93;107;187;91;156;217;135;37;224;228;209;63;114;87;53;74;118;69;17;196;117;58;100;169;237;178;68;18;239;238;38;154;112;104,0.00000000;0.00000000;0.01818182;0.01818182;0.01818182;0.03636364;0.03636364;0.03636364;0.03636364;0.03636364;0.03636364;0.03636364;0.03636364;0.03636364;0.03636364;0.03636364;0.05454545;0.07272727;0.07272727;0.07272727;0.07272727;0.09090909;0.10909091;0.10909091;0.10909091;0.10909091;0.12727273;0.12727273;0.12727273;0.12727273;0.12727273;0.12727273;0.12727273;0.14545455;0.14545455;0.14545455;0.14545455;0.14545455;0.16363636;0.16363636;0.16363636;0.16363636;0.16363636;0.16363636;0.16363636;0.18181818;0.18181818;0.18181818;0.20000000;0.21818182,0.03636363636363636,2,0.07272727272727272,4,0.12727272727272726,7,0.21818181818181817,12
Random,Modular-Boreal,6,55,33,13,6,42;44;107;59;22;76;67;239;95;1;41;72;14;110;65;7;45;138;179;190;199;47;157;70;194;230;116;43;100;50;83;215;37;155;170;166;73;218;80;192;123;108;139;9;6;134;217;35;214;131,0.00000000;0.00000000;0.01818182;0.01818182;0.01818182;0.01818182;0.01818182;0.01818182;0.01818182;0.01818182;0.01818182;0.01818182;0.01818182;0.01818182;0.03636364;0.03636364;0.03636364;0.05454545;0.05454545;0.05454545;0.05454545;0.05454545;0.05454545;0.05454545;0.07272727;0.09090909;0.09090909;0.09090909;0.10909091;0.10909091;0.10909091;0.10909091;0.10909091;0.10909091;0.10909091;0.10909091;0.10909091;0.12727273;0.12727273;0.12727273;0.14545455;0.16363636;0.18181818;0.20000000;0.20000000;0.20000000;0.21818182;0.21818182;0.23636364;0.23636364,0.01818181818181818,1,0.05454545454545454,3,0.10909090909090909,6,0.23636363636363636,13
Random,Modular-Boreal,7,55,33,11,7,88;107;128;189;83;39;14;147;58;25;219;23;156;52;49;145;3;85;136;69;199;227;43;8;86;111;167;138;170;98;237;120;67;146;122;112;178;96;132;164;208;140;74;142;169;154;203;15;7;16,0.00000000;0.01818182;0.03636364;0.03636364;0.03636364;0.03636364;0.03636364;0.03636364;0.03636364;0.05454545;0.05454545;0.05454545;0.05454545;0.05454545;0.07272727;0.07272727;0.07272727;0.07272727;0.09090909;0.10909091;0.10909091;0.10909091;0.10909091;0.10909091;0.10909091;0.12727273;0.12727273;0.14545455;0.14545455;0.14545455;0.14545455;0.16363636;0.16363636;0.16363636;0.18181818;0.20000000;0.20000000;0.20000000;0.20000000;0.20000000;0.20000000;0.20000000;0.20000000;0.20000000;0.20000000;0.20000000;0.20000000;0.20000000;0.20000000;0.20000000,0.05454545454545454,3,0.10909090909090909,6,0.14545454545454545,8,0.2,11
Random,Modular-Boreal,8,55,33,11,8,211;45;147;111;215;179;117;231;116;59;233;15;69;135;144;88;219;193;62;134;225;186;187;160;83;238;216;228;63;68;18;48;115;146;61;67;207;200;201;21;126;149;34;44;155;127;194;184;55;11,0.00000000;0.00000000;0.00000000;0.01818182;0.01818182;0.01818182;0.01818182;0.01818182;0.01818182;0.01818182;0.03636364;0.03636364;0.05454545;0.07272727;0.07272727;0.07272727;0.07272727;0.09090909;0.10909091;0.10909091;0.12727273;0.12727273;0.12727273;0.12727273;0.12727273;0.14545455;0.14545455;0.14545455;0.14545455;0.14545455;0.14545455;0.14545455;0.14545455;0.14545455;0.14545455;0.14545455;0.14545455;0.14545455;0.16363636;0.16363636;0.16363636;0.16363636;0.16363636;0.16363636;0.16363636;0.18181818;0.20000000;0.20000000;0.20000000;0.20000000,0.01818181818181818,1,0.10909090909090909,6,0.14545454545454545,8,0.2,11
Random,Modular-Boreal,9,55,33,11,5,40;10;25;61;81;163;28;189;179;80;177;148;127;230;11;67;195;203;48;191;142;34;134;62;224;131;96;217;114;117;216;43;146;149;72;223;94;136;105;204;69;38;73;95;32;233;85;139;24;160,0.00000000;0.00000000;0.01818182;0.01818182;0.03636364;0.03636364;0.03636364;0.03636364;0.03636364;0.03636364;0.03636364;0.03636364;0.05454545;0.07272727;0.07272727;0.07272727;0.07272727;0.07272727;0.07272727;0.07272727;0.07272727;0.07272727;0.07272727;0.09090909;0.09090909;0.09090909;0.09090909;0.10909091;0.10909091;0.10909091;0.10909091;0.10909091;0.10909091;0.10909091;0.10909091;0.10909091;0.10909091;0.12727273;0.14545455;0.14545455;0.16363636;0.16363636;0.16363636;0.16363636;0.16363636;0.18181818;0.18181818;0.20000000;0.20000000;0.20000000,0.03636363636363636,2,0.07272727272727272,4,0.10909090909090909,6,0.2,11
Random,Modular-Boreal,10,55,33,12,7,1;5;165;99;182;209;184;15;226;42;219;66;63;123;27;119;147;8;154;205;143;19;178;72;67;160;96;212;93;236;159;170;41;208;24;53;140;48;38;122;130;91;62;28;7;201;69;98;162;52,0.00000000;0.00000000;0.00000000;0.01818182;0.01818182;0.03636364;0.03636364;0.03636364;0.05454545;0.05454545;0.05454545;0.05454545;0.05454545;0.07272727;0.07272727;0.09090909;0.09090909;0.09090909;0.09090909;0.09090909;0.10909091;0.10909091;0.10909091;0.10909091;0.10909091;0.10909091;0.10909091;0.10909091;0.12727273;0.14545455;0.14545455;0.14545455;0.14545455;0.14545455;0.14545455;0.14545455;0.14545455;0.14545455;0.14545455;0.16363636;0.16363636;0.16363636;0.18181818;0.18181818;0.18181818;0.20000000;0.21818182;0.21818182;0.21818182;0.21818182,0.05454545454545454,3,0.09090909090909091,5,0.14545454545454545,8,0.21818181818181817,12
Random,Modular-Boreal,11,55,33,11,7,155;101;53;223;78;14;166;72;44;97;29;183;239;27;194;26;86;123;102;220;88;66;51;118;219;85;153;185;152;176;141;115;171;184;159;62;111;127;158;25;50;192;203;210;229;22;221;8;109;47,0.00000000;0.01818182;0.01818182;0.01818182;0.01818182;0.01818182;0.01818182;0.01818182;0.01818182;0.01818182;0.01818182;0.01818182;0.01818182;0.01818182;0.03636364;0.03636364;0.03636364;0.05454545;0.05454545;0.07272727;0.07272727;0.07272727;0.07272727;0.07272727;0.07272727;0.07272727;0.07272727;0.07272727;0.07272727;0.07272727;0.09090909;0.09090909;0.09090909;0.09090909;0.09090909;0.10909091;0.12727273;0.14545455;0.14545455;0.16363636;0.16363636;0.16363636;0.16363636;0.18181818;0.18181818;0.18181818;0.20000000;0.20000000;0.20000000;0.20000000,0.01818181818181818,1,0.07272727272727272,4,0.07272727272727272,4,0.2,11
Random,Modular-Boreal,12,55,33,9,4,100;200;56;68;6;23;152;138;31;223;53;24;215;45;159;182;140;91;192;211;48;154;177;18;206;195;80;41;160;11;84;153;34;89;216;21;124;101;158;103;116;217;193;14;170;143;186;114;111;172,0.01818182;0.01818182;0.01818182;0.01818182;0.01818182;0.01818182;0.01818182;0.03636364;0.03636364;0.03636364;0.03636364;0.03636364;0.03636364;0.03636364;0.03636364;0.03636364;0.03636364;0.03636364;0.03636364;0.03636364;0.03636364;0.03636364;0.03636364;0.03636364;0.05454545;0.05454545;0.05454545;0.05454545;0.05454545;0.05454545;0.05454545;0.05454545;0.05454545;0.05454545;0.05454545;0.05454545;0.05454545;0.07272727;0.07272727;0.09090909;0.09090909;0.10909091;0.12727273;0.12727273;0.12727273;0.14545455;0.14545455;0.14545455;0.16363636;0.16363636,0.03636363636363636,2,0.03636363636363636,2,0.05454545454545454,3,0.16363636363636364,9
Random,Modular-Boreal,13,55,33,9,7,192;159;113;136;2;220;39;58;45;168;3;198;31;175;61;147;146;215;16;71;6;224;208;137;64;196;60;167;235;79;158;134;18;151;21;80;227;114;193;117;95;139;219;40;9;181;194;57;1;25,0.00000000;0.00000000;0.00000000;0.01818182;0.01818182;0.03636364;0.03636364;0.03636364;0.03636364;0.03636364;0.03636364;0.05454545;0.05454545;0.05454545;0.05454545;0.05454545;0.05454545;0.05454545;0.05454545;0.05454545;0.05454545;0.05454545;0.05454545;0.05454545;0.05454545;0.05454545;0.05454545;0.05454545;0.05454545;0.05454545;0.05454545;0.05454545;0.05454545;0.05454545;0.05454545;0.05454545;0.05454545;0.05454545;0.07272727;0.07272727;0.07272727;0.09090909;0.09090909;0.09090909;0.10909091;0.10909091;0.12727273;0.14545455;0.14545455;0.16363636,0.03636363636363636,2,0.05454545454545454,3,0.05454545454545454,3,0.16363636363636364,9
Random,Modular-Boreal,14,55,33,6,3,0;5;13;39;23;234;174;199;48;144;237;154;7;193;29;12;187;76;37;170;151;92;197;129;163;232;178;10;14;86;72;19;89;90;55;82;160;15;104;3;69;78;171;71;139;188;194;216;117;169,0.00000000;0.00000000;0.00000000;0.00000000;0.00000000;0.01818182;0.01818182;0.01818182;0.01818182;0.01818182;0.01818182;0.01818182;0.01818182;0.03636364;0.03636364;0.03636364;0.03636364;0.03636364;0.03636364;0.03636364;0.03636364;0.03636364;0.03636364;0.03636364;0.03636364;0.03636364;0.03636364;0.03636364;0.03636364;0.03636364;0.03636364;0.03636364;0.03636364;0.03636364;0.03636364;0.03636364;0.03636364;0.03636364;0.05454545;0.05454545;0.07272727;0.07272727;0.07272727;0.07272727;0.09090909;0.09090909;0.10909091;0.10909091;0.10909091;0.10909091,0.01818181818181818,1,0.03636363636363636,2,0.03636363636363636,2,0.10909090909090909,6
Random,Modular-Boreal,15,55,33,10,4,11;125;51;75;153;218;167;61;219;147;100;7;47;41;88;200;174;50;229;2;204;237;169;156;119;178;68;8;236;4;170;194;129;161;58;44;62;49;172;227;73;159;188;152;86;112;131;0;133;71,0.00000000;0.01818182;0.01818182;0.01818182;0.01818182;0.03636364;0.03636364;0.03636364;0.03636364;0.03636364;0.05454545;0.05454545;0.05454545;0.05454545;0.05454545;0.05454545;0.05454545;0.05454545;0.05454545;0.05454545;0.05454545;0.05454545;0.05454545;0.05454545;0.07272727;0.07272727;0.07272727;0.07272727;0.09090909;0.09090909;0.09090909;0.10909091;0.10909091;0.10909091;0.10909091;0.10909091;0.12727273;0.14545455;0.14545455;0.14545455;0.14545455;0.14545455;0.14545455;0.14545455;0.14545455;0.16363636;0.16363636;0.16363636;0.18181818;0.18181818,0.03636363636363636,2,0.05454545454545454,3,0.09090909090909091,5,0.18181818181818182,10
Random,Modular-Boreal,16,55,33,14,12,147;212;9;94;126;97;61;80;136;38;55;11;45;117;24;44;208;155;228;13;120;200;78;106;198;112;91;25;141;87;204;10;49;66;230;222;231;167;84;88;193;32;119;0;169;196;206;18;214;153,0.00000000;0.00000000;0.01818182;0.01818182;0.01818182;0.01818182;0.01818182;0.01818182;0.03636364;0.03636364;0.03636364;0.03636364;0.03636364;0.03636364;0.03636364;0.03636364;0.03636364;0.03636364;0.03636364;0.03636364;0.05454545;0.05454545;0.05454545;0.05454545;0.07272727;0.09090909;0.09090909;0.10909091;0.12727273;0.12727273;0.12727273;0.12727273;0.14545455;0.14545455;0.16363636;0.18181818;0.18181818;0.18181818;0.18181818;0.18181818;0.20000000;0.20000000;0.21818182;0.21818182;0.21818182;0.21818182;0.23636364;0.23636364;0.25454545;0.25454545,0.03636363636363636,2,0.03636363636363636,2,0.12727272727272726,7,0.2545454545454545,14
Random,Modular-Boreal,17,55,33,12,6,157;26;51;88;225;5;49;67;179;226;110;58;45;99;118;228;112;17;205;12;79;214;38;151;69;233;103;96;87;36;85;84;229;168;34;127;219;97;236;162;1;42;131;114;237;44;68;108;164;130,0.00000000;0.00000000;0.00000000;0.00000000;0.01818182;0.01818182;0.03636364;0.03636364;0.03636364;0.05454545;0.05454545;0.05454545;0.05454545;0.07272727;0.07272727;0.07272727;0.09090909;0.09090909;0.09090909;0.09090909;0.09090909;0.10909091;0.10909091;0.10909091;0.12727273;0.14545455;0.16363636;0.16363636;0.16363636;0.16363636;0.16363636;0.16363636;0.16363636;0.16363636;0.16363636;0.18181818;0.18181818;0.18181818;0.20000000;0.20000000;0.20000000;0.20000000;0.20000000;0.20000000;0.20000000;0.20000000;0.20000000;0.21818182;0.21818182;0.21818182,0.05454545454545454,3,0.09090909090909091,5,0.16363636363636364,9,0.21818181818181817,12
Random,Modular-Boreal,18,55,33,12,8,55;105;18;110;146;8;168;106;219;170;102;194;135;187;96;201;174;188;37;81;176;114;229;231;119;179;212;150;175;197;230;84;6;148;180;206;52;218;53;51;216;136;40;26;185;210;153;167;133;64,0.00000000;0.01818182;0.01818182;0.01818182;0.01818182;0.01818182;0.01818182;0.01818182;0.01818182;0.01818182;0.01818182;0.03636364;0.05454545;0.05454545;0.05454545;0.07272727;0.07272727;0.07272727;0.07272727;0.09090909;0.09090909;0.09090909;0.09090909;0.09090909;0.10909091;0.10909091;0.10909091;0.10909091;0.10909091;0.10909091;0.12727273;0.12727273;0.12727273;0.12727273;0.12727273;0.14545455;0.14545455;0.16363636;0.16363636;0.16363636;0.16363636;0.18181818;0.18181818;0.18181818;0.18181818;0.20000000;0.20000000;0.20000000;0.21818182;0.21818182,0.01818181818181818,1,0.09090909090909091,5,0.10909090909090909,6,0.21818181818181817,12
Random,Modular-Boreal,19,55,33,14,8,191;230;29;207;1;121;48;129;125;95;198;140;218;215;34;32;134;70;94;145;127;143;85;73;108;54;190;23;78;131;165;10;99;25;214;235;163;146;45;182;49;213;36;211;24;62;81;66;151;138,0.00000000;0.01818182;0.01818182;0.01818182;0.01818182;0.01818182;0.01818182;0.01818182;0.03636364;0.03636364;0.05454545;0.05454545;0.07272727;0.07272727;0.07272727;0.07272727;0.07272727;0.07272727;0.07272727;0.07272727;0.09090909;0.10909091;0.10909091;0.10909091;0.12727273;0.12727273;0.12727273;0.12727273;0.12727273;0.12727273;0.12727273;0.12727273;0.14545455;0.16363636;0.18181818;0.18181818;0.18181818;0.18181818;0.18181818;0.18181818;0.20000000;0.20000000;0.20000000;0.20000000;0.20000000;0.21818182;0.23636364;0.23636364;0.23636364;0.25454545,0.03636363636363636,2,0.07272727272727272,4,0.12727272727272726,7,0.2545454545454545,14
DETOUR,Modular-Cascade,0,47,26,16,12,220;214;236;224;222;194;169;145;230;33;212;186;119;225;189;198;193;234;209;208;135;202;228;9;235;181;211;192;178;170;112;206;143;218;185;205;196;238;226;25;200;207;221;219;69;127;232;77;165;201,0.00000000;0.02127660;0.02127660;0.02127660;0.04255319;0.06382979;0.06382979;0.08510638;0.10638298;0.12765957;0.12765957;0.12765957;0.12765957;0.14893617;0.14893617;0.14893617;0.17021277;0.17021277;0.19148936;0.19148936;0.19148936;0.19148936;0.19148936;0.21276596;0.21276596;0.23404255;0.23404255;0.23404255;0.23404255;0.23404255;0.23404255;0.25531915;0.25531915;0.25531915;0.25531915;0.25531915;0.25531915;0.27659574;0.27659574;0.29787234;0.29787234;0.29787234;0.29787234;0.29787234;0.31914894;0.31914894;0.31914894;0.34042553;0.34042553;0.34042553,0.1276595744680851,6,0.19148936170212766,9,0.23404255319148937,11,0.3404255319148936,16
Mining,Modular-Cascade,0,47,26,22,17,49;150;62;77;183;93;57;167;136;81;230;194;214;220;234;198;206;222;209;202;238;225;226;65;25;201;193;69;9;135;111;236;218;119;128;210;233;217;221;87;85;107;141;143;112;127;123;125;71;15,0.02127660;0.02127660;0.04255319;0.06382979;0.06382979;0.08510638;0.10638298;0.10638298;0.10638298;0.12765957;0.14893617;0.17021277;0.19148936;0.19148936;0.19148936;0.19148936;0.21276596;0.23404255;0.25531915;0.25531915;0.27659574;0.29787234;0.29787234;0.31914894;0.34042553;0.34042553;0.36170213;0.38297872;0.40425532;0.40425532;0.40425532;0.40425532;0.40425532;0.40425532;0.40425532;0.40425532;0.40425532;0.40425532;0.40425532;0.42553191;0.44680851;0.44680851;0.44680851;0.44680851;0.44680851;0.44680851;0.44680851;0.44680851;0.46808511;0.46808511,0.1276595744680851,6,0.2553191489361702,12,0.40425531914893614,19,0.46808510638297873,22
Mining-DETOUR,Modular-Cascade,0,47,26,22,17,49;150;62;77;183;93;57;167;136;81;230;194;214;220;234;198;206;222;209;202;238;225;226;65;25;201;193;69;9;135;111;236;218;119;128;210;233;217;221;87;85;107;141;143;112;127;123;125;71;15,0.02127660;0.02127660;0.04255319;0.06382979;0.06382979;0.08510638;0.10638298;0.10638298;0.10638298;0.12765957;0.14893617;0.17021277;0.19148936;0.19148936;0.19148936;0.19148936;0.21276596;0.23404255;0.25531915;0.25531915;0.27659574;0.29787234;0.29787234;0.31914894;0.34042553;0.34042553;0.36170213;0.38297872;0.40425532;0.40425532;0.40425532;0.40425532;0.40425532;0.40425532;0.40425532;0.40425532;0.40425532;0.40425532;0.40425532;0.42553191;0.44680851;0.44680851;0.44680851;0.44680851;0.44680851;0.44680851;0.44680851;0.44680851;0.46808511;0.46808511,0.1276595744680851,6,0.2553191489361702,12,0.40425531914893614,19,0.46808510638297873,22
AdaTE Global,Modular-Cascade,0,47,26,28,23,214;155;230;206;222;209;145;225;194;238;181;173;25;157;193;220;9;65;198;141;234;33;17;135;45;81;1;111;107;41;119;5;57;93;128;15;112;202;226;170;77;49;167;236;69;218;143;29;23;165,0.02127660;0.02127660;0.04255319;0.06382979;0.08510638;0.10638298;0.12765957;0.14893617;0.17021277;0.19148936;0.21276596;0.23404255;0.25531915;0.27659574;0.29787234;0.29787234;0.31914894;0.34042553;0.34042553;0.34042553;0.34042553;0.36170213;0.38297872;0.38297872;0.40425532;0.42553191;0.44680851;0.44680851;0.44680851;0.46808511;0.46808511;0.48936170;0.51063830;0.53191489;0.53191489;0.53191489;0.53191489;0.53191489;0.53191489;0.53191489;0.55319149;0.57446809;0.57446809;0.57446809;0.59574468;0.59574468;0.59574468;0.59574468;0.59574468;0.59574468,0.19148936170212766,9,0.3404255319148936,16,0.46808510638297873,22,0.5957446808510638,28
Global Routed Mining,Modular-Cascade,0,47,26,28,23,214;155;230;206;222;209;145;225;194;238;25;181;173;157;193;220;9;65;135;198;111;234;202;119;226;128;236;170;218;33;17;45;1;167;41;169;5;81;57;93;77;49;107;15;141;69;143;201;127;123,0.02127660;0.02127660;0.04255319;0.06382979;0.08510638;0.10638298;0.12765957;0.14893617;0.17021277;0.19148936;0.21276596;0.23404255;0.25531915;0.27659574;0.29787234;0.29787234;0.31914894;0.34042553;0.34042553;0.34042553;0.34042553;0.34042553;0.34042553;0.34042553;0.34042553;0.34042553;0.34042553;0.34042553;0.34042553;0.36170213;0.38297872;0.40425532;0.42553191;0.42553191;0.44680851;0.44680851;0.46808511;0.48936170;0.51063830;0.53191489;0.55319149;0.57446809;0.57446809;0.57446809;0.57446809;0.59574468;0.59574468;0.59574468;0.59574468;0.59574468,0.19148936170212766,9,0.3404255319148936,16,0.3617021276595745,17,0.5957446808510638,28
Function Routing (risk-only),Modular-Cascade,0,47,26,47,26,214;155;230;206;222;209;145;225;194;238;173;181;25;157;9;33;17;45;1;41;65;93;57;77;69;81;62;87;128;85;49;71;79;66;51;53;61;5;86;73;54;63;89;75;59;91;193;38;6;135,0.02127660;0.02127660;0.04255319;0.06382979;0.08510638;0.10638298;0.12765957;0.14893617;0.17021277;0.19148936;0.21276596;0.23404255;0.25531915;0.27659574;0.29787234;0.31914894;0.34042553;0.36170213;0.38297872;0.40425532;0.42553191;0.44680851;0.46808511;0.48936170;0.51063830;0.53191489;0.55319149;0.57446809;0.57446809;0.59574468;0.61702128;0.63829787;0.65957447;0.68085106;0.70212766;0.72340426;0.74468085;0.76595745;0.78723404;0.80851064;0.82978723;0.85106383;0.87234043;0.89361702;0.91489362;0.93617021;0.95744681;0.97872340;1.00000000;1.00000000,0.19148936170212766,9,0.40425531914893614,19,0.5957446808510638,28,1.0,47
Function-Conditioned Mining,Modular-Cascade,0,47,26,47,26,214;155;230;206;222;209;145;25;65;135;225;173;181;157;9;33;17;45;1;41;93;57;77;69;81;62;87;85;49;238;194;71;79;66;53;51;61;5;86;73;54;63;89;75;59;91;193;38;6;119,0.02127660;0.02127660;0.04255319;0.06382979;0.08510638;0.10638298;0.12765957;0.14893617;0.17021277;0.17021277;0.19148936;0.21276596;0.23404255;0.25531915;0.27659574;0.29787234;0.31914894;0.34042553;0.36170213;0.38297872;0.40425532;0.42553191;0.44680851;0.46808511;0.48936170;0.51063830;0.53191489;0.55319149;0.57446809;0.59574468;0.61702128;0.63829787;0.65957447;0.68085106;0.70212766;0.72340426;0.74468085;0.76595745;0.78723404;0.80851064;0.82978723;0.85106383;0.87234043;0.89361702;0.91489362;0.93617021;0.95744681;0.97872340;1.00000000;1.00000000,0.1702127659574468,8,0.3829787234042553,18,0.5957446808510638,28,1.0,47
Random,Modular-Cascade,0,47,26,8,4,153;121;8;102;211;31;92;74;80;208;68;239;210;51;12;83;20;73;136;141;25;220;137;235;107;215;111;88;89;87;44;116;219;169;214;179;128;164;204;184;183;227;158;85;182;23;60;71;72;198,0.00000000;0.00000000;0.00000000;0.00000000;0.00000000;0.00000000;0.00000000;0.00000000;0.00000000;0.00000000;0.00000000;0.00000000;0.00000000;0.02127660;0.02127660;0.02127660;0.02127660;0.04255319;0.04255319;0.04255319;0.06382979;0.06382979;0.06382979;0.06382979;0.06382979;0.06382979;0.06382979;0.06382979;0.08510638;0.10638298;0.10638298;0.10638298;0.10638298;0.10638298;0.12765957;0.12765957;0.12765957;0.12765957;0.12765957;0.12765957;0.12765957;0.12765957;0.12765957;0.14893617;0.14893617;0.14893617;0.14893617;0.17021277;0.17021277;0.17021277,0.0,0,0.0425531914893617,2,0.10638297872340426,5,0.1702127659574468,8
Random,Modular-Cascade,1,47,26,10,4,222;180;173;219;94;185;125;110;179;0;223;97;235;159;194;66;215;227;162;62;150;35;124;183;61;13;96;63;54;140;230;231;203;181;130;104;152;210;83;177;205;147;67;68;155;169;120;109;92;168,0.02127660;0.02127660;0.04255319;0.04255319;0.04255319;0.04255319;0.04255319;0.04255319;0.04255319;0.04255319;0.04255319;0.04255319;0.04255319;0.04255319;0.06382979;0.08510638;0.08510638;0.08510638;0.08510638;0.10638298;0.10638298;0.10638298;0.10638298;0.10638298;0.12765957;0.12765957;0.12765957;0.14893617;0.17021277;0.17021277;0.19148936;0.19148936;0.19148936;0.21276596;0.21276596;0.21276596;0.21276596;0.21276596;0.21276596;0.21276596;0.21276596;0.21276596;0.21276596;0.21276596;0.21276596;0.21276596;0.21276596;0.21276596;0.21276596;0.21276596,0.0425531914893617,2,0.10638297872340426,5,0.1702127659574468,8,0.2127659574468085,10
Random,Modular-Cascade,2,47,26,10,6,223;3;226;63;230;64;92;94;134;141;35;15;188;10;234;196;25;1;85;175;216;140;62;190;93;204;72;212;80;40;142;151;32;124;102;21;229;59;159;239;171;180;150;38;77;37;122;70;110;164,0.00000000;0.00000000;0.00000000;0.02127660;0.04255319;0.04255319;0.04255319;0.04255319;0.04255319;0.04255319;0.04255319;0.04255319;0.04255319;0.04255319;0.04255319;0.04255319;0.06382979;0.08510638;0.10638298;0.10638298;0.10638298;0.10638298;0.12765957;0.12765957;0.14893617;0.14893617;0.14893617;0.14893617;0.14893617;0.14893617;0.14893617;0.14893617;0.14893617;0.14893617;0.14893617;0.14893617;0.14893617;0.17021277;0.17021277;0.17021277;0.17021277;0.17021277;0.17021277;0.19148936;0.21276596;0.21276596;0.21276596;0.21276596;0.21276596;0.21276596,0.0425531914893617,2,0.10638297872340426,5,0.14893617021276595,7,0.2127659574468085,10
Random,Modular-Cascade,3,47,26,11,5,100;91;68;201;76;64;206;226;110;150;174;41;54;178;12;23;175;168;74;220;184;185;96;40;159;27;204;77;29;25;46;191;1;115;129;200;22;109;120;15;61;79;154;237;11;53;50;142;194;210,0.00000000;0.02127660;0.02127660;0.02127660;0.02127660;0.02127660;0.04255319;0.04255319;0.04255319;0.04255319;0.04255319;0.06382979;0.08510638;0.08510638;0.08510638;0.08510638;0.08510638;0.08510638;0.08510638;0.08510638;0.08510638;0.08510638;0.08510638;0.08510638;0.08510638;0.08510638;0.08510638;0.10638298;0.10638298;0.12765957;0.12765957;0.12765957;0.14893617;0.14893617;0.14893617;0.14893617;0.14893617;0.14893617;0.14893617;0.14893617;0.17021277;0.19148936;0.19148936;0.19148936;0.19148936;0.21276596;0.21276596;0.21276596;0.23404255;0.23404255,0.0425531914893617,2,0.0851063829787234,4,0.1276595744680851,6,0.23404255319148937,11
Random,Modular-Cascade,4,47,26,12,5,96;109;8;193;102;153;222;189;157;94;225;67;170;14;18;82;66;25;119;126;51;178;30;52;23;80;1;21;50;224;54;231;204;235;131;34;59;114;128;90;63;201;164;162;95;64;98;5;171;125,0.00000000;0.00000000;0.00000000;0.02127660;0.02127660;0.02127660;0.04255319;0.04255319;0.06382979;0.06382979;0.08510638;0.08510638;0.08510638;0.08510638;0.08510638;0.08510638;0.10638298;0.12765957;0.12765957;0.12765957;0.14893617;0.14893617;0.14893617;0.14893617;0.14893617;0.14893617;0.17021277;0.17021277;0.17021277;0.17021277;0.19148936;0.19148936;0.19148936;0.19148936;0.19148936;0.19148936;0.21276596;0.21276596;0.21276596;0.21276596;0.23404255;0.23404255;0.23404255;0.23404255;0.23404255;0.23404255;0.23404255;0.25531915;0.25531915;0.25531915,0.06382978723404255,3,0.1276595744680851,6,0.1702127659574468,8,0.2553191489361702,12
Random,Modular-Cascade,5,47,26,11,6,78;3;45;76;206;39;119;117;85;223;98;27;156;129;190;225;172;133;205;218;231;95;130;51;113;141;178;104;196;122;23;26;79;193;62;41;43;207;148;189;229;176;136;228;186;73;184;61;198;116,0.00000000;0.00000000;0.02127660;0.02127660;0.04255319;0.04255319;0.04255319;0.04255319;0.06382979;0.06382979;0.06382979;0.06382979;0.06382979;0.06382979;0.06382979;0.08510638;0.08510638;0.08510638;0.08510638;0.08510638;0.08510638;0.08510638;0.08510638;0.10638298;0.10638298;0.10638298;0.10638298;0.10638298;0.10638298;0.10638298;0.10638298;0.10638298;0.12765957;0.14893617;0.17021277;0.19148936;0.19148936;0.19148936;0.19148936;0.19148936;0.19148936;0.19148936;0.19148936;0.19148936;0.19148936;0.21276596;0.21276596;0.23404255;0.23404255;0.23404255,0.06382978723404255,3,0.0851063829787234,4,0.10638297872340426,5,0.23404255319148937,11
Random,Modular-Cascade,6,47,26,11,5,199;79;94;43;211;174;45;191;209;206;198;123;115;71;205;170;210;238;228;28;27;24;114;46;143;32;208;138;86;128;36;84;85;192;2;179;14;144;146;4;121;68;183;229;166;61;73;1;67;21,0.00000000;0.02127660;0.02127660;0.02127660;0.02127660;0.02127660;0.04255319;0.04255319;0.06382979;0.08510638;0.08510638;0.08510638;0.08510638;0.10638298;0.10638298;0.10638298;0.10638298;0.12765957;0.12765957;0.12765957;0.12765957;0.12765957;0.12765957;0.12765957;0.12765957;0.12765957;0.12765957;0.12765957;0.14893617;0.14893617;0.14893617;0.14893617;0.17021277;0.17021277;0.17021277;0.17021277;0.17021277;0.17021277;0.17021277;0.17021277;0.17021277;0.17021277;0.17021277;0.17021277;0.17021277;0.19148936;0.21276596;0.23404255;0.23404255;0.23404255,0.0851063829787234,4,0.1276595744680851,6,0.14893617021276595,7,0.23404255319148937,11
Random,Modular-Cascade,7,47,26,7,3,146;1;27;192;114;22;164;134;214;166;136;138;148;213;176;140;51;21;152;34;205;184;237;96;39;108;55;120;109;103;130;59;95;207;183;102;131;28;229;66;195;188;124;210;13;61;106;62;155;31,0.00000000;0.02127660;0.02127660;0.02127660;0.02127660;0.02127660;0.02127660;0.02127660;0.04255319;0.04255319;0.04255319;0.04255319;0.04255319;0.04255319;0.04255319;0.04255319;0.06382979;0.06382979;0.06382979;0.06382979;0.06382979;0.06382979;0.06382979;0.06382979;0.06382979;0.06382979;0.06382979;0.06382979;0.06382979;0.06382979;0.06382979;0.08510638;0.08510638;0.08510638;0.08510638;0.08510638;0.08510638;0.08510638;0.08510638;0.10638298;0.10638298;0.10638298;0.10638298;0.10638298;0.10638298;0.12765957;0.12765957;0.14893617;0.14893617;0.14893617,0.0425531914893617,2,0.06382978723404255,3,0.06382978723404255,3,0.14893617021276595,7
Random,Modular-Cascade,8,47,26,9,4,196;59;168;217;160;215;89;51;162;171;231;74;110;69;208;101;164;72;43;71;239;233;207;173;123;22;96;203;50;136;88;49;149;182;2;27;184;161;202;60;148;216;10;97;39;105;170;61;206;104,0.00000000;0.02127660;0.02127660;0.02127660;0.02127660;0.02127660;0.04255319;0.06382979;0.06382979;0.06382979;0.06382979;0.06382979;0.06382979;0.08510638;0.08510638;0.08510638;0.08510638;0.08510638;0.08510638;0.10638298;0.10638298;0.10638298;0.10638298;0.12765957;0.12765957;0.12765957;0.12765957;0.12765957;0.12765957;0.12765957;0.12765957;0.14893617;0.14893617;0.14893617;0.14893617;0.14893617;0.14893617;0.14893617;0.14893617;0.14893617;0.14893617;0.14893617;0.14893617;0.14893617;0.14893617;0.14893617;0.14893617;0.17021277;0.19148936;0.19148936,0.06382978723404255,3,0.10638297872340426,5,0.1276595744680851,6,0.19148936170212766,9
Random,Modular-Cascade,9,47,26,13,8,181;59;61;70;235;105;173;141;75;119;176;165;49;78;215;91;60;90;63;151;164;170;184;210;214;108;192;209;222;219;142;40;9;180;126;212;178;122;163;183;74;41;94;146;130;138;98;116;82;109,0.02127660;0.04255319;0.06382979;0.06382979;0.06382979;0.06382979;0.08510638;0.08510638;0.10638298;0.10638298;0.10638298;0.10638298;0.12765957;0.12765957;0.12765957;0.14893617;0.14893617;0.14893617;0.17021277;0.17021277;0.17021277;0.17021277;0.17021277;0.17021277;0.19148936;0.19148936;0.19148936;0.21276596;0.23404255;0.23404255;0.23404255;0.23404255;0.25531915;0.25531915;0.25531915;0.25531915;0.25531915;0.25531915;0.25531915;0.25531915;0.25531915;0.27659574;0.27659574;0.27659574;0.27659574;0.27659574;0.27659574;0.27659574;0.27659574;0.27659574,0.10638297872340426,5,0.1702127659574468,8,0.23404255319148937,11,0.2765957446808511,13
Random,Modular-Cascade,10,47,26,12,5,165;211;193;238;208;118;117;15;101;87;158;91;40;109;72;6;162;31;45;221;145;14;226;97;44;65;143;58;169;46;172;92;112;48;140;93;52;136;220;18;198;75;122;102;116;110;66;104;134;230,0.00000000;0.00000000;0.02127660;0.04255319;0.04255319;0.04255319;0.04255319;0.04255319;0.04255319;0.06382979;0.06382979;0.08510638;0.08510638;0.08510638;0.08510638;0.10638298;0.10638298;0.10638298;0.12765957;0.12765957;0.14893617;0.14893617;0.14893617;0.14893617;0.14893617;0.17021277;0.17021277;0.17021277;0.17021277;0.17021277;0.17021277;0.17021277;0.17021277;0.17021277;0.17021277;0.19148936;0.19148936;0.19148936;0.19148936;0.19148936;0.19148936;0.21276596;0.21276596;0.21276596;0.21276596;0.21276596;0.23404255;0.23404255;0.23404255;0.25531915,0.06382978723404255,3,0.1276595744680851,6,0.1702127659574468,8,0.2553191489361702,12
Random,Modular-Cascade,11,47,26,8,4,159;61;213;80;64;183;156;200;185;32;5;216;131;229;87;173;21;138;56;47;53;58;121;126;81;153;208;26;108;36;239;176;70;192;152;193;28;15;14;43;109;93;188;231;78;107;205;178;55;88,0.00000000;0.02127660;0.02127660;0.02127660;0.02127660;0.02127660;0.02127660;0.02127660;0.02127660;0.02127660;0.04255319;0.04255319;0.04255319;0.04255319;0.06382979;0.08510638;0.08510638;0.08510638;0.08510638;0.08510638;0.10638298;0.10638298;0.10638298;0.10638298;0.12765957;0.12765957;0.12765957;0.12765957;0.12765957;0.12765957;0.12765957;0.12765957;0.12765957;0.12765957;0.12765957;0.14893617;0.14893617;0.14893617;0.14893617;0.14893617;0.14893617;0.17021277;0.17021277;0.17021277;0.17021277;0.17021277;0.17021277;0.17021277;0.17021277;0.17021277,0.02127659574468085,1,0.0851063829787234,4,0.1276595744680851,6,0.1702127659574468,8
Random,Modular-Cascade,12,47,26,11,7,174;68;1;116;114;0;161;36;86;226;200;43;170;148;215;69;203;219;115;229;129;85;22;47;61;151;146;111;112;27;44;117;176;59;64;177;10;231;50;204;130;9;122;187;173;237;206;214;193;144,0.00000000;0.00000000;0.02127660;0.02127660;0.02127660;0.02127660;0.02127660;0.02127660;0.04255319;0.04255319;0.04255319;0.04255319;0.04255319;0.04255319;0.04255319;0.06382979;0.06382979;0.06382979;0.06382979;0.06382979;0.06382979;0.08510638;0.08510638;0.08510638;0.10638298;0.10638298;0.10638298;0.10638298;0.10638298;0.10638298;0.10638298;0.10638298;0.10638298;0.12765957;0.12765957;0.12765957;0.12765957;0.12765957;0.12765957;0.12765957;0.12765957;0.14893617;0.14893617;0.14893617;0.17021277;0.17021277;0.19148936;0.21276596;0.23404255;0.23404255,0.0425531914893617,2,0.06382978723404255,3,0.10638297872340426,5,0.23404255319148937,11
Random,Modular-Cascade,13,47,26,13,7,9;143;203;183;112;160;140;54;209;154;42;51;166;173;198;2;41;165;14;22;61;62;235;232;206;46;116;196;124;155;146;142;36;15;114;226;50;73;182;233;64;12;44;89;131;23;178;45;197;86,0.02127660;0.02127660;0.02127660;0.02127660;0.02127660;0.02127660;0.02127660;0.04255319;0.06382979;0.06382979;0.06382979;0.08510638;0.08510638;0.10638298;0.10638298;0.10638298;0.12765957;0.12765957;0.12765957;0.12765957;0.14893617;0.17021277;0.17021277;0.17021277;0.19148936;0.19148936;0.19148936;0.19148936;0.19148936;0.19148936;0.19148936;0.19148936;0.19148936;0.19148936;0.19148936;0.19148936;0.19148936;0.21276596;0.21276596;0.21276596;0.21276596;0.21276596;0.21276596;0.23404255;0.23404255;0.23404255;0.23404255;0.25531915;0.25531915;0.27659574,0.06382978723404255,3,0.1276595744680851,6,0.19148936170212766,9,0.2765957446808511,13
Random,Modular-Cascade,14,47,26,13,8,147;48;151;120;229;180;34;222;239;71;33;87;115;60;37;84;119;74;63;152;204;36;168;12;20;30;193;43;47;128;73;159;93;110;83;32;129;41;224;81;57;22;225;149;118;23;191;231;51;196,0.00000000;0.00000000;0.00000000;0.00000000;0.00000000;0.00000000;0.00000000;0.02127660;0.02127660;0.04255319;0.06382979;0.08510638;0.08510638;0.08510638;0.08510638;0.08510638;0.08510638;0.08510638;0.10638298;0.10638298;0.10638298;0.10638298;0.10638298;0.10638298;0.10638298;0.10638298;0.12765957;0.12765957;0.12765957;0.12765957;0.14893617;0.14893617;0.17021277;0.17021277;0.17021277;0.17021277;0.17021277;0.19148936;0.19148936;0.21276596;0.23404255;0.23404255;0.25531915;0.25531915;0.25531915;0.25531915;0.25531915;0.25531915;0.27659574;0.27659574,0.0425531914893617,2,0.10638297872340426,5,0.1276595744680851,6,0.2765957446808511,13
Random,Modular-Cascade,15,47,26,7,5,56;216;87;219;209;0;42;115;103;9;45;27;57;230;144;13;141;129;168;153;217;226;166;233;94;4;8;156;169;107;227;35;236;44;54;137;164;184;180;183;2;208;102;100;74;154;78;150;155;21,0.00000000;0.00000000;0.02127660;0.02127660;0.04255319;0.04255319;0.04255319;0.04255319;0.04255319;0.06382979;0.08510638;0.08510638;0.10638298;0.12765957;0.12765957;0.12765957;0.12765957;0.12765957;0.12765957;0.12765957;0.12765957;0.12765957;0.12765957;0.12765957;0.12765957;0.12765957;0.12765957;0.12765957;0.12765957;0.12765957;0.12765957;0.12765957;0.12765957;0.12765957;0.14893617;0.14893617;0.14893617;0.14893617;0.14893617;0.14893617;0.14893617;0.14893617;0.14893617;0.14893617;0.14893617;0.14893617;0.14893617;0.14893617;0.14893617;0.14893617,0.06382978723404255,3,0.1276595744680851,6,0.1276595744680851,6,0.14893617021276595,7
Random,Modular-Cascade,16,47,26,7,4,10;174;121;18;188;76;104;106;131;12;168;183;190;209;88;92;62;120;91;72;97;166;79;204;50;176;134;193;223;198;56;217;126;83;210;1;211;151;232;64;125;9;236;13;37;4;186;200;177;219,0.00000000;0.00000000;0.00000000;0.00000000;0.00000000;0.00000000;0.00000000;0.00000000;0.00000000;0.00000000;0.00000000;0.00000000;0.00000000;0.02127660;0.02127660;0.02127660;0.04255319;0.04255319;0.06382979;0.06382979;0.06382979;0.06382979;0.08510638;0.08510638;0.08510638;0.08510638;0.08510638;0.10638298;0.10638298;0.10638298;0.10638298;0.10638298;0.10638298;0.10638298;0.10638298;0.12765957;0.12765957;0.12765957;0.12765957;0.12765957;0.12765957;0.14893617;0.14893617;0.14893617;0.14893617;0.14893617;0.14893617;0.14893617;0.14893617;0.14893617,0.0,0,0.06382978723404255,3,0.10638297872340426,5,0.14893617021276595,7
Random,Modular-Cascade,17,47,26,8,1,133;125;84;150;219;99;119;166;36;14;229;205;171;53;76;98;114;153;170;149;227;141;95;73;100;187;75;235;151;161;138;120;123;152;124;174;237;89;37;63;8;97;102;0;45;230;210;178;168;66,0.00000000;0.00000000;0.00000000;0.00000000;0.00000000;0.00000000;0.00000000;0.00000000;0.00000000;0.00000000;0.00000000;0.00000000;0.00000000;0.02127660;0.02127660;0.02127660;0.02127660;0.02127660;0.02127660;0.02127660;0.02127660;0.02127660;0.02127660;0.04255319;0.04255319;0.04255319;0.06382979;0.06382979;0.06382979;0.06382979;0.06382979;0.06382979;0.06382979;0.06382979;0.06382979;0.06382979;0.06382979;0.08510638;0.08510638;0.10638298;0.10638298;0.10638298;0.10638298;0.10638298;0.12765957;0.14893617;0.14893617;0.14893617;0.14893617;0.17021277,0.0,0,0.02127659574468085,1,0.06382978723404255,3,0.1702127659574468,8
Random,Modular-Cascade,18,47,26,11,3,225;97;101;129;227;207;190;224;71;92;112;56;94;67;138;219;193;169;66;125;93;12;161;19;153;91;16;79;3;198;230;210;195;201;191;151;42;22;194;81;134;199;37;218;89;184;48;58;146;113,0.02127660;0.02127660;0.02127660;0.02127660;0.02127660;0.02127660;0.02127660;0.02127660;0.04255319;0.04255319;0.04255319;0.04255319;0.04255319;0.04255319;0.04255319;0.04255319;0.06382979;0.06382979;0.08510638;0.08510638;0.10638298;0.10638298;0.10638298;0.10638298;0.10638298;0.12765957;0.12765957;0.14893617;0.14893617;0.14893617;0.17021277;0.17021277;0.17021277;0.17021277;0.17021277;0.17021277;0.17021277;0.17021277;0.19148936;0.21276596;0.21276596;0.21276596;0.21276596;0.21276596;0.23404255;0.23404255;0.23404255;0.23404255;0.23404255;0.23404255,0.0425531914893617,2,0.0851063829787234,4,0.14893617021276595,7,0.23404255319148937,11
Random,Modular-Cascade,19,47,26,9,5,88;220;1;130;123;36;9;166;177;79;7;189;115;42;136;55;87;35;94;110;169;228;199;106;167;8;232;86;28;63;70;49;229;62;226;119;59;122;135;202;64;112;139;32;215;22;78;132;120;147,0.00000000;0.00000000;0.02127660;0.02127660;0.02127660;0.02127660;0.04255319;0.04255319;0.04255319;0.06382979;0.06382979;0.06382979;0.06382979;0.06382979;0.06382979;0.06382979;0.08510638;0.08510638;0.08510638;0.08510638;0.08510638;0.08510638;0.08510638;0.08510638;0.08510638;0.08510638;0.08510638;0.10638298;0.10638298;0.12765957;0.12765957;0.14893617;0.14893617;0.17021277;0.17021277;0.17021277;0.19148936;0.19148936;0.19148936;0.19148936;0.19148936;0.19148936;0.19148936;0.19148936;0.19148936;0.19148936;0.19148936;0.19148936;0.19148936;0.19148936,0.06382978723404255,3,0.0851063829787234,4,0.1276595744680851,6,0.19148936170212766,9
DETOUR,Modular-Delta,0,85,55,42,30,214;200;196;222;194;226;9;238;224;225;209;216;206;202;81;205;25;235;211;233;212;198;1;220;193;208;119;183;218;57;236;207;33;127;5;221;197;234;135;210;217;232;230;136;93;143;175;192;229;104,0.01176471;0.02352941;0.03529412;0.04705882;0.05882353;0.07058824;0.08235294;0.09411765;0.10588235;0.11764706;0.12941176;0.14117647;0.15294118;0.16470588;0.16470588;0.17647059;0.18823529;0.20000000;0.21176471;0.22352941;0.23529412;0.24705882;0.25882353;0.27058824;0.28235294;0.29411765;0.30588235;0.31764706;0.32941176;0.32941176;0.34117647;0.35294118;0.36470588;0.36470588;0.37647059;0.38823529;0.40000000;0.41176471;0.42352941;0.43529412;0.44705882;0.45882353;0.47058824;0.47058824;0.47058824;0.47058824;0.48235294;0.49411765;0.49411765;0.49411765,0.11764705882352941,10,0.2235294117647059,19,0.32941176470588235,28,0.49411764705882355,42
Mining,Modular-Delta,0,85,55,41,29,136;41;38;54;127;62;85;49;143;87;214;206;222;209;230;194;225;238;220;234;198;202;25;226;193;236;218;65;9;201;210;233;217;221;145;157;224;212;200;208;192;173;196;228;181;237;197;81;205;204,0.00000000;0.01176471;0.02352941;0.02352941;0.02352941;0.02352941;0.02352941;0.02352941;0.02352941;0.02352941;0.03529412;0.04705882;0.05882353;0.07058824;0.08235294;0.09411765;0.10588235;0.11764706;0.12941176;0.14117647;0.15294118;0.16470588;0.17647059;0.18823529;0.20000000;0.21176471;0.22352941;0.23529412;0.24705882;0.25882353;0.27058824;0.28235294;0.29411765;0.30588235;0.31764706;0.32941176;0.34117647;0.35294118;0.36470588;0.37647059;0.38823529;0.40000000;0.41176471;0.42352941;0.43529412;0.44705882;0.45882353;0.45882353;0.47058824;0.48235294,0.023529411764705882,2,0.1411764705882353,12,0.25882352941176473,22,0.4823529411764706,41
Mining-DETOUR,Modular-Delta,0,85,55,39,31,136;1;38;54;127;41;87;49;143;77;214;222;206;209;225;230;194;238;25;193;220;234;198;65;202;226;9;236;218;201;145;210;157;217;233;221;81;173;181;57;93;224;69;212;200;208;192;196;228;33,0.00000000;0.01176471;0.02352941;0.02352941;0.02352941;0.03529412;0.03529412;0.03529412;0.03529412;0.03529412;0.04705882;0.05882353;0.07058824;0.08235294;0.09411765;0.10588235;0.11764706;0.12941176;0.14117647;0.15294118;0.16470588;0.17647059;0.18823529;0.20000000;0.21176471;0.22352941;0.23529412;0.24705882;0.25882353;0.27058824;0.28235294;0.29411765;0.30588235;0.31764706;0.32941176;0.34117647;0.34117647;0.35294118;0.36470588;0.36470588;0.36470588;0.37647059;0.37647059;0.38823529;0.40000000;0.41176471;0.42352941;0.43529412;0.44705882;0.45882353,0.03529411764705882,3,0.15294117647058825,13,0.27058823529411763,23,0.4588235294117647,39
AdaTE Global,Modular-Delta,0,85,55,50,29,214;230;194;206;222;209;238;220;225;234;145;202;236;198;200;224;218;208;226;192;212;173;181;228;196;157;25;193;9;210;65;201;233;217;197;221;232;219;237;204;207;235;231;216;199;205;215;195;211;33,0.01176471;0.02352941;0.03529412;0.04705882;0.05882353;0.07058824;0.08235294;0.09411765;0.10588235;0.11764706;0.12941176;0.14117647;0.15294118;0.16470588;0.17647059;0.18823529;0.20000000;0.21176471;0.22352941;0.23529412;0.24705882;0.25882353;0.27058824;0.28235294;0.29411765;0.30588235;0.31764706;0.32941176;0.34117647;0.35294118;0.36470588;0.37647059;0.38823529;0.40000000;0.41176471;0.42352941;0.43529412;0.44705882;0.45882353;0.47058824;0.48235294;0.49411765;0.50588235;0.51764706;0.52941176;0.54117647;0.55294118;0.56470588;0.57647059;0.58823529,0.11764705882352941,10,0.23529411764705882,20,0.35294117647058826,30,0.5882352941176471,50
Global Routed Mining,Modular-Delta,0,85,55,49,28,214;230;194;206;222;209;238;220;225;234;202;236;198;200;99;226;218;25;193;224;208;212;192;228;196;65;9;210;197;232;201;219;237;145;173;181;157;233;217;221;204;207;235;231;216;199;205;215;195;211,0.01176471;0.02352941;0.03529412;0.04705882;0.05882353;0.07058824;0.08235294;0.09411765;0.10588235;0.11764706;0.12941176;0.14117647;0.15294118;0.16470588;0.16470588;0.17647059;0.18823529;0.20000000;0.21176471;0.22352941;0.23529412;0.24705882;0.25882353;0.27058824;0.28235294;0.29411765;0.30588235;0.31764706;0.32941176;0.34117647;0.35294118;0.36470588;0.37647059;0.38823529;0.40000000;0.41176471;0.42352941;0.43529412;0.44705882;0.45882353;0.47058824;0.48235294;0.49411765;0.50588235;0.51764706;0.52941176;0.54117647;0.55294118;0.56470588;0.57647059,0.11764705882352941,10,0.2235294117647059,19,0.3411764705882353,29,0.5764705882352941,49
Function Routing (risk-only),Modular-Delta,0,85,55,50,50,214;230;194;206;222;209;238;220;225;234;145;202;236;198;181;200;224;218;208;226;173;192;212;228;196;25;193;9;170;155;167;183;176;160;191;175;158;150;185;169;153;186;178;165;149;189;33;17;45;1,0.01176471;0.02352941;0.03529412;0.04705882;0.05882353;0.07058824;0.08235294;0.09411765;0.10588235;0.11764706;0.12941176;0.14117647;0.15294118;0.16470588;0.17647059;0.18823529;0.20000000;0.21176471;0.22352941;0.23529412;0.24705882;0.25882353;0.27058824;0.28235294;0.29411765;0.30588235;0.31764706;0.32941176;0.34117647;0.35294118;0.36470588;0.37647059;0.38823529;0.40000000;0.41176471;0.42352941;0.43529412;0.44705882;0.45882353;0.47058824;0.48235294;0.49411765;0.50588235;0.51764706;0.52941176;0.54117647;0.55294118;0.56470588;0.57647059;0.58823529,0.11764705882352941,10,0.23529411764705882,20,0.35294117647058826,30,0.5882352941176471,50
Function-Conditioned Mining,Modular-Delta,0,85,55,49,48,214;230;194;206;222;209;25;65;145;141;220;238;225;234;202;236;198;200;181;224;218;208;226;173;192;212;228;196;193;9;170;155;167;183;176;160;191;175;158;150;185;169;153;186;178;165;149;189;33;17,0.01176471;0.02352941;0.03529412;0.04705882;0.05882353;0.07058824;0.08235294;0.09411765;0.10588235;0.10588235;0.11764706;0.12941176;0.14117647;0.15294118;0.16470588;0.17647059;0.18823529;0.20000000;0.21176471;0.22352941;0.23529412;0.24705882;0.25882353;0.27058824;0.28235294;0.29411765;0.30588235;0.31764706;0.32941176;0.34117647;0.35294118;0.36470588;0.37647059;0.38823529;0.40000000;0.41176471;0.42352941;0.43529412;0.44705882;0.45882353;0.47058824;0.48235294;0.49411765;0.50588235;0.51764706;0.52941176;0.54117647;0.55294118;0.56470588;0.57647059,0.10588235294117647,9,0.2235294117647059,19,0.3411764705882353,29,0.5764705882352941,49
Random,Modular-Delta,0,85,55,19,14,45;237;129;181;62;50;200;105;64;176;68;189;128;184;154;94;169;55;230;23;9;182;71;152;27;24;46;88;41;214;107;52;116;103;89;77;173;26;106;216;37;91;235;178;33;138;100;6;215;227,0.01176471;0.02352941;0.02352941;0.03529412;0.03529412;0.03529412;0.04705882;0.04705882;0.04705882;0.05882353;0.05882353;0.07058824;0.08235294;0.08235294;0.08235294;0.08235294;0.09411765;0.09411765;0.10588235;0.10588235;0.11764706;0.11764706;0.11764706;0.11764706;0.11764706;0.11764706;0.11764706;0.11764706;0.12941176;0.14117647;0.14117647;0.14117647;0.14117647;0.14117647;0.14117647;0.14117647;0.15294118;0.15294118;0.15294118;0.16470588;0.16470588;0.16470588;0.17647059;0.18823529;0.20000000;0.20000000;0.20000000;0.21176471;0.22352941;0.22352941,0.058823529411764705,5,0.10588235294117647,9,0.1411764705882353,12,0.2235294117647059,19
Random,Modular-Delta,1,85,55,22,14,189;155;20;131;102;161;113;109;192;50;96;92;25;114;132;233;29;151;162;4;77;146;193;214;237;70;190;196;191;142;160;75;207;220;210;212;194;154;53;186;144;215;40;165;159;223;115;171;112;23,0.01176471;0.02352941;0.02352941;0.02352941;0.02352941;0.02352941;0.02352941;0.02352941;0.03529412;0.03529412;0.03529412;0.03529412;0.04705882;0.04705882;0.04705882;0.05882353;0.05882353;0.05882353;0.07058824;0.07058824;0.07058824;0.08235294;0.09411765;0.10588235;0.11764706;0.11764706;0.11764706;0.12941176;0.14117647;0.14117647;0.15294118;0.15294118;0.16470588;0.17647059;0.18823529;0.20000000;0.21176471;0.21176471;0.21176471;0.22352941;0.22352941;0.23529412;0.23529412;0.24705882;0.25882353;0.25882353;0.25882353;0.25882353;0.25882353;0.25882353,0.03529411764705882,3,0.07058823529411765,6,0.1411764705882353,12,0.25882352941176473,22
Random,Modular-Delta,2,85,55,21,13,11;165;3;125;5;37;19;150;213;146;122;153;9;143;175;6;133;28;152;132;73;225;78;103;84;47;224;119;118;182;158;237;219;168;185;66;43;135;137;54;184;162;163;62;207;130;129;194;105;212,0.00000000;0.01176471;0.01176471;0.01176471;0.02352941;0.02352941;0.02352941;0.03529412;0.03529412;0.04705882;0.04705882;0.05882353;0.07058824;0.07058824;0.08235294;0.09411765;0.09411765;0.09411765;0.09411765;0.09411765;0.09411765;0.10588235;0.10588235;0.10588235;0.10588235;0.10588235;0.11764706;0.12941176;0.12941176;0.12941176;0.14117647;0.15294118;0.16470588;0.17647059;0.18823529;0.18823529;0.18823529;0.20000000;0.20000000;0.20000000;0.20000000;0.21176471;0.21176471;0.21176471;0.22352941;0.22352941;0.22352941;0.23529412;0.23529412;0.24705882,0.047058823529411764,4,0.09411764705882353,8,0.12941176470588237,11,0.24705882352941178,21
Random,Modular-Delta,3,85,55,21,15,199;77;164;186;67;90;204;35;167;10;205;15;22;113;239;80;116;137;11;69;49;227;234;93;46;225;118;89;231;54;224;211;181;196;208;36;188;28;233;25;4;169;178;135;39;230;202;183;91;139,0.01176471;0.01176471;0.01176471;0.02352941;0.02352941;0.02352941;0.03529412;0.03529412;0.04705882;0.04705882;0.05882353;0.05882353;0.05882353;0.05882353;0.05882353;0.05882353;0.05882353;0.05882353;0.05882353;0.05882353;0.05882353;0.05882353;0.07058824;0.07058824;0.07058824;0.08235294;0.08235294;0.08235294;0.09411765;0.09411765;0.10588235;0.11764706;0.12941176;0.14117647;0.15294118;0.15294118;0.15294118;0.15294118;0.16470588;0.17647059;0.17647059;0.18823529;0.20000000;0.21176471;0.21176471;0.22352941;0.23529412;0.24705882;0.24705882;0.24705882,0.047058823529411764,4,0.058823529411764705,5,0.09411764705882353,8,0.24705882352941178,21
Random,Modular-Delta,4,85,55,18,8,64;117;180;131;190;207;121;176;68;118;165;120;231;13;154;224;138;160;38;114;5;115;61;9;235;236;127;97;164;66;89;41;16;29;59;6;31;204;123;142;168;72;193;147;77;34;201;101;90;187,0.00000000;0.00000000;0.00000000;0.00000000;0.00000000;0.01176471;0.01176471;0.02352941;0.02352941;0.02352941;0.03529412;0.03529412;0.04705882;0.04705882;0.04705882;0.05882353;0.05882353;0.07058824;0.08235294;0.08235294;0.09411765;0.09411765;0.09411765;0.10588235;0.11764706;0.12941176;0.12941176;0.12941176;0.12941176;0.12941176;0.12941176;0.14117647;0.14117647;0.14117647;0.14117647;0.15294118;0.15294118;0.16470588;0.16470588;0.16470588;0.17647059;0.17647059;0.18823529;0.20000000;0.20000000;0.20000000;0.21176471;0.21176471;0.21176471;0.21176471,0.023529411764705882,2,0.08235294117647059,7,0.12941176470588237,11,0.21176470588235294,18
Random,Modular-Delta,5,85,55,13,8,135;125;83;138;209;136;4;192;84;37;24;151;73;169;44;52;31;16;200;106;156;95;56;104;14;96;227;155;144;142;154;48;133;105;189;47;71;94;57;181;68;8;195;97;50;6;229;10;65;232,0.01176471;0.01176471;0.01176471;0.01176471;0.02352941;0.02352941;0.02352941;0.03529412;0.03529412;0.03529412;0.03529412;0.03529412;0.03529412;0.04705882;0.04705882;0.04705882;0.04705882;0.04705882;0.05882353;0.05882353;0.07058824;0.07058824;0.07058824;0.07058824;0.07058824;0.07058824;0.07058824;0.08235294;0.08235294;0.08235294;0.08235294;0.08235294;0.08235294;0.08235294;0.09411765;0.09411765;0.09411765;0.09411765;0.09411765;0.10588235;0.10588235;0.10588235;0.11764706;0.11764706;0.11764706;0.12941176;0.12941176;0.12941176;0.14117647;0.15294118,0.03529411764705882,3,0.058823529411764705,5,0.08235294117647059,7,0.15294117647058825,13
Random,Modular-Delta,6,85,55,19,14,19;29;195;69;65;178;164;82;220;183;38;94;112;139;214;60;85;41;87;16;173;161;43;236;212;4;78;66;224;121;154;113;202;17;3;31;157;107;24;58;172;174;185;134;8;221;33;119;116;21,0.00000000;0.00000000;0.01176471;0.01176471;0.02352941;0.03529412;0.03529412;0.03529412;0.04705882;0.05882353;0.07058824;0.07058824;0.07058824;0.07058824;0.08235294;0.08235294;0.08235294;0.09411765;0.09411765;0.09411765;0.10588235;0.10588235;0.10588235;0.11764706;0.12941176;0.12941176;0.12941176;0.12941176;0.14117647;0.14117647;0.14117647;0.14117647;0.15294118;0.16470588;0.16470588;0.16470588;0.17647059;0.17647059;0.17647059;0.17647059;0.17647059;0.17647059;0.18823529;0.18823529;0.18823529;0.20000000;0.21176471;0.22352941;0.22352941;0.22352941,0.058823529411764705,5,0.09411764705882353,8,0.1411764705882353,12,0.2235294117647059,19
Random,Modular-Delta,7,85,55,22,14,163;86;190;14;224;183;88;211;93;87;36;11;92;158;5;20;208;28;201;164;40;12;126;41;213;38;120;31;90;121;185;146;60;216;23;111;226;193;85;46;26;228;194;33;186;119;237;147;66;203,0.00000000;0.00000000;0.00000000;0.00000000;0.01176471;0.02352941;0.02352941;0.03529412;0.03529412;0.03529412;0.03529412;0.03529412;0.03529412;0.04705882;0.05882353;0.05882353;0.07058824;0.07058824;0.08235294;0.08235294;0.08235294;0.08235294;0.08235294;0.09411765;0.09411765;0.10588235;0.10588235;0.10588235;0.10588235;0.10588235;0.11764706;0.12941176;0.12941176;0.14117647;0.14117647;0.15294118;0.16470588;0.17647059;0.17647059;0.17647059;0.17647059;0.18823529;0.20000000;0.21176471;0.22352941;0.23529412;0.24705882;0.25882353;0.25882353;0.25882353,0.03529411764705882,3,0.08235294117647059,7,0.10588235294117647,9,0.25882352941176473,22
Random,Modular-Delta,8,85,55,24,18,105;29;88;10;21;220;152;42;2;97;113;112;46;119;176;76;39;100;183;80;207;217;14;150;56;26;165;175;38;148;238;33;103;224;199;233;25;169;6;69;8;153;190;128;186;47;45;145;206;130,0.00000000;0.00000000;0.00000000;0.00000000;0.00000000;0.01176471;0.01176471;0.01176471;0.01176471;0.01176471;0.01176471;0.01176471;0.01176471;0.02352941;0.03529412;0.03529412;0.03529412;0.03529412;0.04705882;0.04705882;0.05882353;0.07058824;0.07058824;0.08235294;0.08235294;0.08235294;0.09411765;0.10588235;0.11764706;0.11764706;0.12941176;0.14117647;0.14117647;0.15294118;0.16470588;0.17647059;0.18823529;0.20000000;0.21176471;0.21176471;0.21176471;0.22352941;0.22352941;0.23529412;0.24705882;0.24705882;0.25882353;0.27058824;0.28235294;0.28235294,0.011764705882352941,1,0.047058823529411764,4,0.11764705882352941,10,0.2823529411764706,24
Random,Modular-Delta,9,85,55,20,10,56;88;102;2;25;152;187;156;89;44;195;1;173;12;199;36;224;91;67;33;71;203;90;104;5;118;6;3;45;160;130;233;159;109;157;84;202;177;135;106;114;14;198;47;69;131;98;197;97;215,0.00000000;0.00000000;0.00000000;0.00000000;0.01176471;0.01176471;0.01176471;0.02352941;0.02352941;0.02352941;0.03529412;0.04705882;0.05882353;0.05882353;0.07058824;0.07058824;0.08235294;0.08235294;0.08235294;0.09411765;0.09411765;0.09411765;0.09411765;0.09411765;0.10588235;0.10588235;0.11764706;0.11764706;0.12941176;0.14117647;0.14117647;0.15294118;0.16470588;0.16470588;0.17647059;0.17647059;0.18823529;0.18823529;0.20000000;0.20000000;0.20000000;0.20000000;0.21176471;0.21176471;0.21176471;0.21176471;0.21176471;0.22352941;0.22352941;0.23529412,0.023529411764705882,2,0.09411764705882353,8,0.1411764705882353,12,0.23529411764705882,20
Random,Modular-Delta,10,85,55,19,12,52;205;75;117;119;179;60;44;3;57;86;79;85;169;39;56;94;155;153;65;47;67;193;219;237;231;187;185;102;224;200;203;70;80;216;129;108;71;15;69;208;234;201;10;42;109;126;111;2;1,0.00000000;0.01176471;0.01176471;0.01176471;0.02352941;0.02352941;0.02352941;0.02352941;0.02352941;0.02352941;0.02352941;0.02352941;0.02352941;0.03529412;0.03529412;0.03529412;0.03529412;0.04705882;0.05882353;0.07058824;0.07058824;0.07058824;0.08235294;0.09411765;0.10588235;0.11764706;0.11764706;0.12941176;0.12941176;0.14117647;0.15294118;0.15294118;0.15294118;0.15294118;0.16470588;0.16470588;0.16470588;0.16470588;0.16470588;0.16470588;0.17647059;0.18823529;0.20000000;0.20000000;0.20000000;0.20000000;0.20000000;0.21176471;0.21176471;0.22352941,0.023529411764705882,2,0.07058823529411765,6,0.1411764705882353,12,0.2235294117647059,19
Random,Modular-Delta,11,85,55,17,8,58;59;172;220;4;216;235;19;112;98;131;96;195;15;91;239;23;233;156;68;221;111;1;47;39;228;205;121;35;163;140;57;67;225;31;148;160;24;170;115;16;144;237;93;56;44;110;84;181;147,0.00000000;0.00000000;0.00000000;0.01176471;0.01176471;0.02352941;0.03529412;0.03529412;0.03529412;0.03529412;0.03529412;0.03529412;0.04705882;0.04705882;0.04705882;0.04705882;0.04705882;0.05882353;0.07058824;0.07058824;0.08235294;0.09411765;0.10588235;0.10588235;0.10588235;0.11764706;0.12941176;0.12941176;0.12941176;0.12941176;0.12941176;0.12941176;0.12941176;0.14117647;0.14117647;0.14117647;0.15294118;0.15294118;0.16470588;0.16470588;0.16470588;0.16470588;0.17647059;0.17647059;0.17647059;0.17647059;0.17647059;0.17647059;0.18823529;0.20000000,0.03529411764705882,3,0.07058823529411765,6,0.12941176470588237,11,0.2,17
Random,Modular-Delta,12,85,55,18,11,54;195;222;32;172;49;139;19;1;97;13;70;192;33;6;44;122;157;235;213;59;234;189;27;91;190;194;170;21;137;203;147;23;47;143;138;169;76;133;232;130;175;167;56;71;113;124;118;65;53,0.00000000;0.01176471;0.02352941;0.02352941;0.02352941;0.02352941;0.02352941;0.02352941;0.03529412;0.03529412;0.03529412;0.03529412;0.04705882;0.05882353;0.07058824;0.07058824;0.07058824;0.08235294;0.09411765;0.09411765;0.09411765;0.10588235;0.11764706;0.11764706;0.11764706;0.11764706;0.12941176;0.14117647;0.14117647;0.14117647;0.14117647;0.15294118;0.15294118;0.15294118;0.15294118;0.15294118;0.16470588;0.16470588;0.16470588;0.17647059;0.17647059;0.18823529;0.20000000;0.20000000;0.20000000;0.20000000;0.20000000;0.20000000;0.21176471;0.21176471,0.03529411764705882,3,0.09411764705882353,8,0.1411764705882353,12,0.21176470588235294,18
Random,Modular-Delta,13,85,55,20,14,108;5;145;76;98;181;73;167;81;136;20;46;132;100;128;78;176;62;94;206;165;25;114;174;163;90;222;151;0;225;201;169;198;237;124;17;127;118;116;44;221;171;79;115;13;22;38;105;211;218,0.00000000;0.01176471;0.02352941;0.02352941;0.02352941;0.03529412;0.03529412;0.04705882;0.04705882;0.04705882;0.04705882;0.04705882;0.04705882;0.04705882;0.05882353;0.05882353;0.07058824;0.07058824;0.07058824;0.08235294;0.09411765;0.10588235;0.10588235;0.10588235;0.10588235;0.10588235;0.11764706;0.11764706;0.11764706;0.12941176;0.14117647;0.15294118;0.16470588;0.17647059;0.17647059;0.18823529;0.18823529;0.18823529;0.18823529;0.18823529;0.20000000;0.20000000;0.20000000;0.20000000;0.20000000;0.20000000;0.21176471;0.21176471;0.22352941;0.23529412,0.047058823529411764,4,0.08235294117647059,7,0.12941176470588237,11,0.23529411764705882,20
Random,Modular-Delta,14,85,55,19,13,153;25;140;126;102;98;204;115;180;228;11;81;112;138;133;239;209;122;125;160;76;31;71;217;5;176;212;105;60;201;114;12;151;18;147;158;220;185;219;161;101;20;187;144;19;224;203;55;33;111,0.01176471;0.02352941;0.02352941;0.02352941;0.02352941;0.02352941;0.03529412;0.03529412;0.03529412;0.04705882;0.04705882;0.04705882;0.04705882;0.04705882;0.04705882;0.04705882;0.05882353;0.05882353;0.05882353;0.07058824;0.07058824;0.07058824;0.07058824;0.08235294;0.09411765;0.10588235;0.11764706;0.11764706;0.11764706;0.12941176;0.12941176;0.12941176;0.12941176;0.12941176;0.14117647;0.15294118;0.16470588;0.17647059;0.18823529;0.18823529;0.18823529;0.18823529;0.18823529;0.18823529;0.18823529;0.20000000;0.20000000;0.20000000;0.21176471;0.22352941,0.047058823529411764,4,0.07058823529411765,6,0.12941176470588237,11,0.2235294117647059,19
Random,Modular-Delta,15,85,55,19,13,151;112;166;219;209;228;66;206;45;33;216;130;95;120;172;201;76;177;42;205;164;184;238;55;188;226;104;213;186;19;225;113;176;233;80;63;67;198;149;62;100;161;40;18;115;156;49;133;17;103,0.00000000;0.00000000;0.00000000;0.01176471;0.02352941;0.03529412;0.03529412;0.04705882;0.05882353;0.07058824;0.08235294;0.08235294;0.08235294;0.08235294;0.08235294;0.09411765;0.09411765;0.09411765;0.09411765;0.10588235;0.10588235;0.10588235;0.11764706;0.11764706;0.11764706;0.12941176;0.12941176;0.12941176;0.14117647;0.14117647;0.15294118;0.15294118;0.16470588;0.17647059;0.17647059;0.17647059;0.17647059;0.18823529;0.20000000;0.20000000;0.20000000;0.20000000;0.20000000;0.20000000;0.20000000;0.21176471;0.21176471;0.21176471;0.22352941;0.22352941,0.07058823529411765,6,0.10588235294117647,9,0.1411764705882353,12,0.2235294117647059,19
Random,Modular-Delta,16,85,55,16,9,210;216;150;208;168;130;83;128;36;9;43;87;20;57;141;30;32;60;200;34;53;101;61;176;14;122;99;164;90;239;190;113;193;204;8;49;69;214;156;73;58;213;10;149;92;3;199;68;137;197,0.01176471;0.02352941;0.03529412;0.04705882;0.05882353;0.05882353;0.05882353;0.07058824;0.07058824;0.08235294;0.08235294;0.08235294;0.08235294;0.08235294;0.08235294;0.08235294;0.08235294;0.08235294;0.09411765;0.09411765;0.09411765;0.09411765;0.09411765;0.10588235;0.10588235;0.10588235;0.10588235;0.10588235;0.10588235;0.10588235;0.10588235;0.10588235;0.11764706;0.12941176;0.12941176;0.12941176;0.12941176;0.14117647;0.15294118;0.15294118;0.15294118;0.15294118;0.15294118;0.16470588;0.16470588;0.16470588;0.17647059;0.17647059;0.17647059;0.18823529,0.08235294117647059,7,0.09411764705882353,8,0.10588235294117647,9,0.18823529411764706,16
Random,Modular-Delta,17,85,55,16,11,75;99;26;133;120;86;155;23;198;15;1;172;222;107;14;82;142;182;160;56;51;76;176;151;38;114;195;17;69;29;165;70;213;18;124;212;220;125;95;132;221;122;103;216;156;130;97;164;196;174,0.00000000;0.00000000;0.00000000;0.00000000;0.00000000;0.00000000;0.01176471;0.01176471;0.02352941;0.02352941;0.03529412;0.03529412;0.04705882;0.04705882;0.04705882;0.04705882;0.04705882;0.04705882;0.05882353;0.05882353;0.05882353;0.05882353;0.07058824;0.07058824;0.08235294;0.08235294;0.09411765;0.10588235;0.10588235;0.10588235;0.11764706;0.11764706;0.11764706;0.11764706;0.11764706;0.12941176;0.14117647;0.14117647;0.14117647;0.14117647;0.15294118;0.15294118;0.15294118;0.16470588;0.17647059;0.17647059;0.17647059;0.17647059;0.18823529;0.18823529,0.023529411764705882,2,0.058823529411764705,5,0.10588235294117647,9,0.18823529411764706,16
Random,Modular-Delta,18,85,55,21,14,93;8;67;4;156;152;73;13;160;208;166;150;76;110;153;221;85;193;222;70;50;108;236;226;220;83;136;194;229;151;120;233;237;122;145;34;161;230;203;214;231;96;146;31;131;168;104;23;176;27,0.00000000;0.00000000;0.00000000;0.00000000;0.01176471;0.01176471;0.01176471;0.01176471;0.02352941;0.03529412;0.03529412;0.04705882;0.04705882;0.04705882;0.05882353;0.07058824;0.07058824;0.08235294;0.09411765;0.09411765;0.09411765;0.09411765;0.10588235;0.11764706;0.12941176;0.12941176;0.12941176;0.14117647;0.14117647;0.14117647;0.14117647;0.15294118;0.16470588;0.16470588;0.17647059;0.17647059;0.17647059;0.18823529;0.18823529;0.20000000;0.21176471;0.21176471;0.22352941;0.22352941;0.22352941;0.23529412;0.23529412;0.23529412;0.24705882;0.24705882,0.03529411764705882,3,0.09411764705882353,8,0.1411764705882353,12,0.24705882352941178,21
Random,Modular-Delta,19,85,55,16,12,207;122;203;36;86;4;56;111;234;110;191;74;65;57;154;175;118;200;128;79;153;14;174;72;80;11;226;124;182;50;97;77;29;135;24;195;148;104;59;236;169;147;53;83;92;75;176;68;131;113,0.01176471;0.01176471;0.01176471;0.01176471;0.01176471;0.01176471;0.01176471;0.02352941;0.03529412;0.03529412;0.04705882;0.04705882;0.05882353;0.05882353;0.05882353;0.07058824;0.07058824;0.08235294;0.09411765;0.09411765;0.10588235;0.10588235;0.10588235;0.10588235;0.10588235;0.10588235;0.11764706;0.11764706;0.11764706;0.11764706;0.11764706;0.11764706;0.11764706;0.12941176;0.12941176;0.14117647;0.14117647;0.14117647;0.14117647;0.15294118;0.16470588;0.17647059;0.17647059;0.17647059;0.17647059;0.17647059;0.18823529;0.18823529;0.18823529;0.18823529,0.03529411764705882,3,0.09411764705882353,8,0.11764705882352941,10,0.18823529411764706,16
DETOUR,Modular-Estuary,0,92,52,23,17,141;176;208;128;220;194;202;222;214;230;1;200;209;225;145;81;206;205;226;45;123;224;192;33;235;196;9;218;100;193;210;49;211;228;219;212;120;207;236;198;199;238;77;233;195;197;217;221;227;229,0.01086957;0.02173913;0.02173913;0.03260870;0.03260870;0.04347826;0.04347826;0.05434783;0.06521739;0.07608696;0.08695652;0.08695652;0.09782609;0.10869565;0.11956522;0.13043478;0.14130435;0.14130435;0.14130435;0.15217391;0.16304348;0.16304348;0.16304348;0.17391304;0.17391304;0.17391304;0.18478261;0.18478261;0.19565217;0.20652174;0.20652174;0.21739130;0.21739130;0.21739130;0.21739130;0.21739130;0.22826087;0.22826087;0.22826087;0.22826087;0.22826087;0.23913043;0.25000000;0.25000000;0.25000000;0.25000000;0.25000000;0.25000000;0.25000000;0.25000000,0.07608695652173914,7,0.15217391304347827,14,0.20652173913043478,19,0.25,23
Mining,Modular-Estuary,0,92,52,34,26,62;41;49;38;54;77;1;87;93;45;214;222;206;209;225;25;65;9;230;194;238;193;33;81;17;57;198;69;234;220;202;226;85;5;135;145;201;236;119;218;111;128;210;173;157;181;79;71;217;233,0.01086957;0.02173913;0.03260870;0.04347826;0.04347826;0.05434783;0.06521739;0.06521739;0.07608696;0.08695652;0.09782609;0.10869565;0.11956522;0.13043478;0.14130435;0.15217391;0.16304348;0.17391304;0.18478261;0.19565217;0.20652174;0.21739130;0.22826087;0.23913043;0.25000000;0.26086957;0.26086957;0.27173913;0.27173913;0.27173913;0.27173913;0.27173913;0.27173913;0.28260870;0.29347826;0.30434783;0.30434783;0.30434783;0.31521739;0.31521739;0.32608696;0.33695652;0.33695652;0.34782609;0.35869565;0.36956522;0.36956522;0.36956522;0.36956522;0.36956522,0.08695652173913043,8,0.1956521739130435,18,0.2717391304347826,25,0.3695652173913043,34
Mining-DETOUR,Modular-Estuary,0,92,52,33,26,49;1;54;77;41;62;45;87;17;93;214;222;206;209;225;25;65;9;230;194;238;193;33;81;57;198;234;69;220;202;226;85;5;135;201;145;236;119;218;111;128;210;173;157;217;181;233;79;71;221,0.01086957;0.02173913;0.02173913;0.03260870;0.04347826;0.05434783;0.06521739;0.06521739;0.07608696;0.08695652;0.09782609;0.10869565;0.11956522;0.13043478;0.14130435;0.15217391;0.16304348;0.17391304;0.18478261;0.19565217;0.20652174;0.21739130;0.22826087;0.23913043;0.25000000;0.25000000;0.25000000;0.26086957;0.26086957;0.26086957;0.26086957;0.26086957;0.27173913;0.28260870;0.28260870;0.29347826;0.29347826;0.30434783;0.30434783;0.31521739;0.32608696;0.32608696;0.33695652;0.34782609;0.34782609;0.35869565;0.35869565;0.35869565;0.35869565;0.35869565,0.08695652173913043,8,0.1956521739130435,18,0.2608695652173913,24,0.358695652173913,33
AdaTE Global,Modular-Estuary,0,92,52,36,29,214;93;65;87;107;141;112;230;194;206;222;57;209;225;81;238;77;49;220;25;193;69;198;9;62;234;202;226;33;17;145;45;1;85;41;157;173;181;71;5;53;79;135;119;111;128;236;201;218;210,0.01086957;0.02173913;0.03260870;0.03260870;0.04347826;0.05434783;0.06521739;0.07608696;0.08695652;0.09782609;0.10869565;0.11956522;0.13043478;0.14130435;0.15217391;0.16304348;0.17391304;0.18478261;0.18478261;0.19565217;0.20652174;0.21739130;0.21739130;0.22826087;0.23913043;0.23913043;0.23913043;0.23913043;0.25000000;0.26086957;0.27173913;0.28260870;0.29347826;0.29347826;0.30434783;0.31521739;0.32608696;0.33695652;0.33695652;0.34782609;0.34782609;0.34782609;0.35869565;0.36956522;0.38043478;0.39130435;0.39130435;0.39130435;0.39130435;0.39130435,0.09782608695652174,9,0.1956521739130435,18,0.2608695652173913,24,0.391304347826087,36
Global Routed Mining,Modular-Estuary,0,92,52,36,29,214;93;65;87;107;141;112;230;194;206;222;57;209;225;81;238;77;49;220;25;193;198;69;9;62;234;202;226;135;201;33;17;85;119;111;128;236;45;1;41;5;71;218;53;145;157;173;181;79;210,0.01086957;0.02173913;0.03260870;0.03260870;0.04347826;0.05434783;0.06521739;0.07608696;0.08695652;0.09782609;0.10869565;0.11956522;0.13043478;0.14130435;0.15217391;0.16304348;0.17391304;0.18478261;0.18478261;0.19565217;0.20652174;0.20652174;0.21739130;0.22826087;0.23913043;0.23913043;0.23913043;0.23913043;0.25000000;0.25000000;0.26086957;0.27173913;0.27173913;0.28260870;0.29347826;0.30434783;0.30434783;0.31521739;0.32608696;0.33695652;0.34782609;0.34782609;0.34782609;0.34782609;0.35869565;0.36956522;0.38043478;0.39130435;0.39130435;0.39130435,0.09782608695652174,9,0.1956521739130435,18,0.25,23,0.391304347826087,36
Function Routing (risk-only),Modular-Estuary,0,92,52,49,31,214;93;65;87;107;141;112;230;194;206;128;143;57;111;127;222;81;135;77;136;225;209;123;49;119;25;9;33;17;45;1;41;5;15;238;138;69;99;133;125;100;120;105;108;122;101;139;62;104;29,0.01086957;0.02173913;0.03260870;0.03260870;0.04347826;0.05434783;0.06521739;0.07608696;0.08695652;0.09782609;0.10869565;0.11956522;0.13043478;0.14130435;0.15217391;0.16304348;0.17391304;0.18478261;0.19565217;0.20652174;0.21739130;0.22826087;0.23913043;0.25000000;0.26086957;0.27173913;0.28260870;0.29347826;0.30434783;0.31521739;0.32608696;0.33695652;0.34782609;0.35869565;0.36956522;0.38043478;0.39130435;0.40217391;0.41304348;0.42391304;0.43478261;0.44565217;0.45652174;0.46739130;0.47826087;0.48913043;0.50000000;0.51086957;0.52173913;0.53260870,0.09782608695652174,9,0.20652173913043478,19,0.31521739130434784,29,0.532608695652174,49
Function-Conditioned Mining,Modular-Estuary,0,92,52,49,32,214;93;65;87;107;141;112;230;25;145;222;57;206;81;225;209;77;128;143;111;127;135;136;123;119;49;9;33;17;45;1;41;5;15;238;194;138;69;133;99;125;100;120;105;108;122;101;139;62;104,0.01086957;0.02173913;0.03260870;0.03260870;0.04347826;0.05434783;0.06521739;0.07608696;0.08695652;0.09782609;0.10869565;0.11956522;0.13043478;0.14130435;0.15217391;0.16304348;0.17391304;0.18478261;0.19565217;0.20652174;0.21739130;0.22826087;0.23913043;0.25000000;0.26086957;0.27173913;0.28260870;0.29347826;0.30434783;0.31521739;0.32608696;0.33695652;0.34782609;0.35869565;0.36956522;0.38043478;0.39130435;0.40217391;0.41304348;0.42391304;0.43478261;0.44565217;0.45652174;0.46739130;0.47826087;0.48913043;0.50000000;0.51086957;0.52173913;0.53260870,0.09782608695652174,9,0.20652173913043478,19,0.31521739130434784,29,0.532608695652174,49
Random,Modular-Estuary,0,92,52,17,10,29;49;192;234;63;122;195;70;228;180;199;5;213;79;54;147;73;143;217;227;181;75;187;92;12;236;160;210;24;238;162;43;69;231;137;176;107;191;19;171;82;235;197;163;2;83;77;9;91;71,0.01086957;0.02173913;0.02173913;0.02173913;0.02173913;0.03260870;0.03260870;0.03260870;0.03260870;0.03260870;0.03260870;0.04347826;0.04347826;0.04347826;0.04347826;0.05434783;0.05434783;0.06521739;0.06521739;0.06521739;0.07608696;0.07608696;0.07608696;0.07608696;0.07608696;0.07608696;0.08695652;0.08695652;0.08695652;0.09782609;0.10869565;0.11956522;0.13043478;0.13043478;0.13043478;0.14130435;0.15217391;0.16304348;0.16304348;0.16304348;0.16304348;0.16304348;0.16304348;0.16304348;0.16304348;0.16304348;0.17391304;0.18478261;0.18478261;0.18478261,0.03260869565217391,3,0.06521739130434782,6,0.09782608695652174,9,0.18478260869565216,17
Random,Modular-Estuary,1,92,52,21,12,161;34;37;218;65;126;56;159;105;27;209;96;200;215;146;227;19;53;117;203;71;104;49;165;100;239;149;195;178;223;236;76;171;141;217;163;135;112;95;85;39;140;70;134;206;185;75;193;9;198,0.00000000;0.00000000;0.01086957;0.01086957;0.02173913;0.02173913;0.02173913;0.03260870;0.04347826;0.05434783;0.06521739;0.06521739;0.06521739;0.06521739;0.07608696;0.07608696;0.07608696;0.07608696;0.07608696;0.07608696;0.07608696;0.08695652;0.09782609;0.10869565;0.11956522;0.11956522;0.13043478;0.13043478;0.14130435;0.14130435;0.14130435;0.14130435;0.14130435;0.15217391;0.15217391;0.15217391;0.16304348;0.17391304;0.17391304;0.17391304;0.18478261;0.18478261;0.18478261;0.18478261;0.19565217;0.20652174;0.20652174;0.21739130;0.22826087;0.22826087,0.05434782608695652,5,0.07608695652173914,7,0.14130434782608695,13,0.22826086956521738,21
Random,Modular-Estuary,2,92,52,13,7,189;30;42;24;87;196;216;2;113;136;227;110;171;197;131;237;195;95;65;235;105;80;156;204;92;118;73;69;165;200;239;82;183;45;100;228;56;37;51;96;114;192;225;215;142;50;29;53;4;12,0.01086957;0.01086957;0.01086957;0.01086957;0.01086957;0.01086957;0.01086957;0.01086957;0.01086957;0.02173913;0.02173913;0.02173913;0.02173913;0.02173913;0.02173913;0.02173913;0.02173913;0.02173913;0.03260870;0.03260870;0.04347826;0.04347826;0.05434783;0.05434783;0.05434783;0.05434783;0.05434783;0.06521739;0.07608696;0.07608696;0.07608696;0.07608696;0.08695652;0.09782609;0.10869565;0.10869565;0.10869565;0.11956522;0.11956522;0.11956522;0.11956522;0.11956522;0.13043478;0.13043478;0.13043478;0.13043478;0.14130435;0.14130435;0.14130435;0.14130435,0.021739130434782608,2,0.03260869565217391,3,0.07608695652173914,7,0.14130434782608695,13
Random,Modular-Estuary,3,92,52,21,16,8;154;212;93;123;227;67;159;0;11;221;113;101;5;191;163;185;6;57;174;206;231;115;48;145;84;223;135;119;172;99;141;204;229;12;142;89;200;91;56;178;128;64;87;209;16;19;120;65;41,0.00000000;0.00000000;0.00000000;0.01086957;0.02173913;0.02173913;0.02173913;0.03260870;0.03260870;0.04347826;0.04347826;0.04347826;0.05434783;0.06521739;0.07608696;0.07608696;0.08695652;0.08695652;0.09782609;0.09782609;0.10869565;0.10869565;0.10869565;0.10869565;0.11956522;0.11956522;0.11956522;0.13043478;0.14130435;0.14130435;0.15217391;0.16304348;0.16304348;0.16304348;0.16304348;0.16304348;0.16304348;0.16304348;0.16304348;0.16304348;0.17391304;0.18478261;0.18478261;0.18478261;0.19565217;0.19565217;0.19565217;0.20652174;0.21739130;0.22826087,0.043478260869565216,4,0.09782608695652174,9,0.14130434782608695,13,0.22826086956521738,21
Random,Modular-Estuary,4,92,52,22,15,178;5;6;217;56;219;184;223;141;185;149;172;108;70;92;210;24;69;155;1;16;177;212;152;159;175;131;110;32;135;91;156;216;38;42;61;52;93;26;67;145;28;167;171;65;17;88;191;193;162,0.01086957;0.02173913;0.02173913;0.02173913;0.02173913;0.02173913;0.02173913;0.02173913;0.03260870;0.04347826;0.05434783;0.05434783;0.06521739;0.06521739;0.06521739;0.06521739;0.06521739;0.07608696;0.08695652;0.09782609;0.09782609;0.09782609;0.09782609;0.09782609;0.10869565;0.11956522;0.11956522;0.11956522;0.11956522;0.13043478;0.13043478;0.14130435;0.14130435;0.15217391;0.15217391;0.15217391;0.15217391;0.16304348;0.16304348;0.16304348;0.17391304;0.17391304;0.18478261;0.18478261;0.19565217;0.20652174;0.20652174;0.21739130;0.22826087;0.23913043,0.043478260869565216,4,0.09782608695652174,9,0.13043478260869565,12,0.2391304347826087,22
Random,Modular-Estuary,5,92,52,19,12,59;28;170;172;142;5;52;22;20;101;216;86;50;225;140;193;141;188;93;157;130;183;197;189;19;176;61;191;151;124;44;152;168;126;87;75;83;43;1;223;173;96;206;84;98;204;194;122;233;42,0.00000000;0.00000000;0.01086957;0.01086957;0.01086957;0.02173913;0.02173913;0.02173913;0.02173913;0.03260870;0.03260870;0.03260870;0.03260870;0.04347826;0.04347826;0.05434783;0.06521739;0.06521739;0.07608696;0.08695652;0.08695652;0.09782609;0.09782609;0.10869565;0.10869565;0.11956522;0.11956522;0.13043478;0.13043478;0.13043478;0.13043478;0.13043478;0.14130435;0.14130435;0.14130435;0.14130435;0.14130435;0.15217391;0.16304348;0.16304348;0.17391304;0.17391304;0.18478261;0.18478261;0.18478261;0.18478261;0.19565217;0.20652174;0.20652174;0.20652174,0.03260869565217391,3,0.08695652173913043,8,0.13043478260869565,12,0.20652173913043478,19
Random,Modular-Estuary,6,92,52,15,7,122;131;83;234;77;237;156;127;152;30;124;171;217;211;132;113;170;95;207;24;28;199;21;232;43;157;120;167;94;151;2;29;130;103;114;164;210;91;189;196;33;144;187;64;106;34;121;90;116;175,0.01086957;0.01086957;0.01086957;0.01086957;0.02173913;0.02173913;0.03260870;0.04347826;0.04347826;0.04347826;0.04347826;0.04347826;0.04347826;0.04347826;0.04347826;0.04347826;0.05434783;0.05434783;0.05434783;0.05434783;0.05434783;0.05434783;0.06521739;0.06521739;0.07608696;0.08695652;0.09782609;0.10869565;0.10869565;0.10869565;0.10869565;0.11956522;0.11956522;0.13043478;0.13043478;0.13043478;0.13043478;0.13043478;0.14130435;0.14130435;0.15217391;0.15217391;0.15217391;0.15217391;0.15217391;0.15217391;0.15217391;0.15217391;0.15217391;0.16304348,0.043478260869565216,4,0.05434782608695652,5,0.10869565217391304,10,0.16304347826086957,15
Random,Modular-Estuary,7,92,52,21,12,63;175;24;199;42;25;218;208;215;7;170;98;209;23;108;29;67;119;38;88;110;125;221;121;174;184;60;41;225;57;28;26;92;159;171;200;27;101;95;17;61;81;228;93;231;193;182;54;79;206,0.00000000;0.01086957;0.01086957;0.01086957;0.01086957;0.02173913;0.02173913;0.02173913;0.02173913;0.02173913;0.03260870;0.03260870;0.04347826;0.05434783;0.06521739;0.07608696;0.07608696;0.08695652;0.09782609;0.09782609;0.09782609;0.10869565;0.10869565;0.10869565;0.10869565;0.10869565;0.10869565;0.11956522;0.13043478;0.14130435;0.14130435;0.14130435;0.14130435;0.15217391;0.15217391;0.15217391;0.16304348;0.17391304;0.17391304;0.18478261;0.18478261;0.19565217;0.19565217;0.20652174;0.20652174;0.21739130;0.21739130;0.21739130;0.21739130;0.22826087,0.021739130434782608,2,0.09782608695652174,9,0.14130434782608695,13,0.22826086956521738,21
Random,Modular-Estuary,8,92,52,12,9,124;224;152;122;15;89;121;10;229;35;64;137;14;228;216;181;80;51;25;88;126;19;193;129;163;60;34;151;84;199;96;130;142;174;215;160;115;91;182;113;219;116;179;170;222;200;173;45;134;150,0.00000000;0.00000000;0.00000000;0.01086957;0.02173913;0.02173913;0.02173913;0.02173913;0.02173913;0.03260870;0.03260870;0.03260870;0.03260870;0.03260870;0.03260870;0.04347826;0.04347826;0.04347826;0.05434783;0.05434783;0.05434783;0.05434783;0.06521739;0.06521739;0.06521739;0.06521739;0.06521739;0.06521739;0.06521739;0.06521739;0.06521739;0.06521739;0.06521739;0.06521739;0.06521739;0.07608696;0.07608696;0.07608696;0.07608696;0.07608696;0.07608696;0.07608696;0.07608696;0.08695652;0.09782609;0.09782609;0.10869565;0.11956522;0.11956522;0.13043478,0.03260869565217391,3,0.05434782608695652,5,0.06521739130434782,6,0.13043478260869565,12
Random,Modular-Estuary,9,92,52,16,9,52;70;115;131;224;218;35;154;166;235;68;58;208;91;188;78;62;143;170;227;189;221;92;61;229;25;59;156;47;13;84;56;207;194;72;64;220;238;127;129;202;152;134;5;128;239;165;141;87;177,0.00000000;0.00000000;0.00000000;0.00000000;0.00000000;0.00000000;0.01086957;0.01086957;0.01086957;0.01086957;0.01086957;0.01086957;0.01086957;0.01086957;0.01086957;0.01086957;0.02173913;0.03260870;0.04347826;0.04347826;0.05434783;0.05434783;0.05434783;0.05434783;0.05434783;0.06521739;0.06521739;0.07608696;0.08695652;0.09782609;0.09782609;0.09782609;0.09782609;0.10869565;0.10869565;0.10869565;0.10869565;0.11956522;0.13043478;0.13043478;0.13043478;0.13043478;0.13043478;0.14130435;0.15217391;0.15217391;0.16304348;0.17391304;0.17391304;0.17391304,0.010869565217391304,1,0.043478260869565216,4,0.09782608695652174,9,0.17391304347826086,16
Random,Modular-Estuary,10,92,52,19,9,121;89;228;227;46;8;143;38;151;237;212;142;33;52;35;81;110;42;48;158;190;137;61;139;159;220;210;188;112;13;233;102;80;25;170;100;239;4;22;135;99;23;72;201;15;180;104;122;229;129,0.00000000;0.00000000;0.00000000;0.00000000;0.00000000;0.00000000;0.01086957;0.02173913;0.02173913;0.02173913;0.02173913;0.02173913;0.03260870;0.03260870;0.04347826;0.05434783;0.05434783;0.05434783;0.05434783;0.06521739;0.06521739;0.06521739;0.06521739;0.07608696;0.08695652;0.08695652;0.08695652;0.08695652;0.09782609;0.10869565;0.10869565;0.10869565;0.10869565;0.11956522;0.13043478;0.14130435;0.14130435;0.14130435;0.14130435;0.15217391;0.16304348;0.17391304;0.17391304;0.17391304;0.18478261;0.18478261;0.19565217;0.20652174;0.20652174;0.20652174,0.021739130434782608,2,0.06521739130434782,6,0.10869565217391304,10,0.20652173913043478,19
Random,Modular-Estuary,11,92,52,15,6,147;34;66;23;19;102;227;140;44;27;171;220;230;150;86;39;77;170;212;236;151;13;50;74;32;180;48;78;58;186;118;43;189;228;190;1;75;30;82;211;132;182;152;126;133;104;95;6;142;94,0.01086957;0.01086957;0.01086957;0.02173913;0.02173913;0.02173913;0.02173913;0.02173913;0.02173913;0.03260870;0.03260870;0.03260870;0.04347826;0.05434783;0.05434783;0.06521739;0.07608696;0.08695652;0.08695652;0.08695652;0.08695652;0.09782609;0.09782609;0.09782609;0.09782609;0.09782609;0.09782609;0.09782609;0.09782609;0.10869565;0.10869565;0.11956522;0.13043478;0.13043478;0.13043478;0.14130435;0.14130435;0.14130435;0.14130435;0.14130435;0.14130435;0.14130435;0.14130435;0.14130435;0.15217391;0.16304348;0.16304348;0.16304348;0.16304348;0.16304348,0.03260869565217391,3,0.08695652173913043,8,0.10869565217391304,10,0.16304347826086957,15
Random,Modular-Estuary,12,92,52,17,10,65;19;238;148;209;33;15;232;74;43;139;109;114;182;206;134;166;103;76;155;115;142;177;190;82;126;83;218;123;35;89;196;78;184;32;46;87;10;112;226;219;178;156;173;108;213;2;210;98;61,0.01086957;0.01086957;0.02173913;0.02173913;0.03260870;0.04347826;0.05434783;0.05434783;0.05434783;0.06521739;0.07608696;0.07608696;0.07608696;0.07608696;0.08695652;0.08695652;0.08695652;0.09782609;0.09782609;0.10869565;0.10869565;0.10869565;0.10869565;0.10869565;0.10869565;0.10869565;0.10869565;0.10869565;0.11956522;0.13043478;0.13043478;0.13043478;0.13043478;0.13043478;0.13043478;0.13043478;0.13043478;0.13043478;0.14130435;0.14130435;0.14130435;0.15217391;0.16304348;0.17391304;0.18478261;0.18478261;0.18478261;0.18478261;0.18478261;0.18478261,0.06521739130434782,6,0.10869565217391304,10,0.13043478260869565,12,0.18478260869565216,17
Random,Modular-Estuary,13,92,52,19,13,171;161;127;232;135;195;146;63;220;118;192;90;87;150;111;152;39;78;227;194;170;214;186;49;125;14;149;18;79;160;168;85;2;215;191;143;114;166;53;165;208;223;83;64;110;221;137;46;164;138,0.00000000;0.00000000;0.01086957;0.01086957;0.02173913;0.02173913;0.03260870;0.03260870;0.03260870;0.03260870;0.03260870;0.03260870;0.03260870;0.04347826;0.05434783;0.05434783;0.06521739;0.06521739;0.06521739;0.07608696;0.08695652;0.09782609;0.10869565;0.11956522;0.13043478;0.13043478;0.14130435;0.14130435;0.14130435;0.15217391;0.16304348;0.16304348;0.16304348;0.16304348;0.17391304;0.18478261;0.18478261;0.18478261;0.18478261;0.19565217;0.19565217;0.19565217;0.19565217;0.19565217;0.19565217;0.19565217;0.19565217;0.19565217;0.19565217;0.20652174,0.03260869565217391,3,0.07608695652173914,7,0.15217391304347827,14,0.20652173913043478,19
Random,Modular-Estuary,14,92,52,24,14,92;83;91;159;228;214;155;123;239;54;183;89;129;106;41;66;93;154;118;18;231;107;120;189;150;76;101;197;168;187;192;143;127;137;146;105;56;3;46;6;191;119;104;210;74;124;23;9;171;238,0.00000000;0.00000000;0.00000000;0.01086957;0.01086957;0.02173913;0.03260870;0.04347826;0.04347826;0.04347826;0.05434783;0.05434783;0.05434783;0.05434783;0.06521739;0.06521739;0.07608696;0.07608696;0.07608696;0.07608696;0.07608696;0.08695652;0.09782609;0.10869565;0.11956522;0.11956522;0.13043478;0.13043478;0.14130435;0.14130435;0.14130435;0.15217391;0.16304348;0.16304348;0.17391304;0.18478261;0.18478261;0.19565217;0.19565217;0.19565217;0.20652174;0.21739130;0.22826087;0.22826087;0.22826087;0.22826087;0.23913043;0.25000000;0.25000000;0.26086957,0.043478260869565216,4,0.07608695652173914,7,0.14130434782608695,13,0.2608695652173913,24
Random,Modular-Estuary,15,92,52,15,9,19;97;107;117;212;128;178;89;167;163;38;132;231;130;148;196;153;27;177;88;108;210;21;227;102;166;192;47;32;152;34;51;17;176;179;110;237;3;131;95;191;155;207;82;44;10;36;188;213;56,0.00000000;0.00000000;0.01086957;0.01086957;0.01086957;0.02173913;0.03260870;0.03260870;0.04347826;0.04347826;0.05434783;0.05434783;0.05434783;0.05434783;0.05434783;0.05434783;0.06521739;0.07608696;0.07608696;0.07608696;0.08695652;0.08695652;0.09782609;0.09782609;0.09782609;0.09782609;0.09782609;0.10869565;0.10869565;0.10869565;0.10869565;0.10869565;0.11956522;0.13043478;0.13043478;0.13043478;0.13043478;0.14130435;0.14130435;0.14130435;0.15217391;0.16304348;0.16304348;0.16304348;0.16304348;0.16304348;0.16304348;0.16304348;0.16304348;0.16304348,0.043478260869565216,4,0.07608695652173914,7,0.10869565217391304,10,0.16304347826086957,15
Random,Modular-Estuary,16,92,52,15,7,39;177;95;71;20;144;97;155;223;73;91;211;127;49;109;19;45;239;103;138;168;52;98;126;37;210;54;18;30;117;58;43;235;69;12;228;161;102;232;55;41;111;231;165;140;195;164;62;130;6,0.01086957;0.01086957;0.01086957;0.01086957;0.01086957;0.01086957;0.01086957;0.02173913;0.02173913;0.02173913;0.02173913;0.02173913;0.03260870;0.04347826;0.04347826;0.04347826;0.05434783;0.05434783;0.06521739;0.07608696;0.08695652;0.08695652;0.08695652;0.08695652;0.09782609;0.09782609;0.09782609;0.09782609;0.09782609;0.09782609;0.09782609;0.10869565;0.10869565;0.11956522;0.11956522;0.11956522;0.11956522;0.11956522;0.11956522;0.11956522;0.13043478;0.14130435;0.14130435;0.15217391;0.15217391;0.15217391;0.15217391;0.16304348;0.16304348;0.16304348,0.021739130434782608,2,0.07608695652173914,7,0.09782608695652174,9,0.16304347826086957,15
Random,Modular-Estuary,17,92,52,21,13,173;108;11;69;46;211;125;83;136;141;31;64;0;164;140;145;165;176;73;20;71;180;9;237;223;181;154;94;12;175;86;120;15;44;81;111;14;187;174;61;221;172;115;158;146;182;130;68;52;122,0.01086957;0.02173913;0.03260870;0.04347826;0.04347826;0.04347826;0.05434783;0.05434783;0.06521739;0.07608696;0.08695652;0.08695652;0.08695652;0.08695652;0.08695652;0.09782609;0.10869565;0.11956522;0.11956522;0.11956522;0.11956522;0.11956522;0.13043478;0.13043478;0.13043478;0.14130435;0.14130435;0.14130435;0.14130435;0.15217391;0.15217391;0.16304348;0.17391304;0.17391304;0.18478261;0.19565217;0.19565217;0.19565217;0.19565217;0.19565217;0.19565217;0.19565217;0.19565217;0.20652174;0.21739130;0.21739130;0.21739130;0.21739130;0.21739130;0.22826087,0.07608695652173914,7,0.11956521739130435,11,0.15217391304347827,14,0.22826086956521738,21
Random,Modular-Estuary,18,92,52,21,12,209;157;215;11;230;51;162;72;211;57;135;18;54;13;208;22;82;10;93;118;83;239;187;222;181;202;138;158;127;227;52;231;116;44;177;228;55;62;95;126;39;193;20;123;12;111;198;206;148;25,0.01086957;0.02173913;0.02173913;0.03260870;0.04347826;0.04347826;0.05434783;0.05434783;0.05434783;0.06521739;0.07608696;0.07608696;0.07608696;0.08695652;0.08695652;0.08695652;0.08695652;0.08695652;0.09782609;0.09782609;0.09782609;0.09782609;0.09782609;0.10869565;0.11956522;0.11956522;0.13043478;0.14130435;0.15217391;0.15217391;0.15217391;0.15217391;0.15217391;0.15217391;0.15217391;0.15217391;0.15217391;0.16304348;0.16304348;0.16304348;0.17391304;0.18478261;0.18478261;0.19565217;0.19565217;0.20652174;0.20652174;0.21739130;0.21739130;0.22826087,0.06521739130434782,6,0.09782608695652174,9,0.15217391304347827,14,0.22826086956521738,21
Random,Modular-Estuary,19,92,52,24,14,15;1;215;155;25;186;67;9;225;78;116;181;134;16;47;80;46;222;212;91;193;103;166;4;209;205;14;191;168;190;37;124;122;86;39;187;182;11;234;108;98;127;110;83;207;229;107;125;151;165,0.01086957;0.02173913;0.02173913;0.03260870;0.04347826;0.05434783;0.05434783;0.06521739;0.07608696;0.07608696;0.07608696;0.08695652;0.08695652;0.08695652;0.09782609;0.09782609;0.09782609;0.10869565;0.10869565;0.10869565;0.11956522;0.13043478;0.13043478;0.13043478;0.14130435;0.14130435;0.14130435;0.15217391;0.16304348;0.16304348;0.17391304;0.17391304;0.18478261;0.18478261;0.19565217;0.19565217;0.19565217;0.20652174;0.20652174;0.21739130;0.21739130;0.22826087;0.22826087;0.22826087;0.22826087;0.22826087;0.23913043;0.25000000;0.25000000;0.26086957,0.07608695652173914,7,0.10869565217391304,10,0.16304347826086957,15,0.2608695652173913,24
DETOUR,Modular-Fjord,0,72,38,27,21,198;181;206;225;238;194;111;189;193;192;81;222;196;221;49;236;234;205;220;200;135;208;183;93;218;141;212;229;214;209;185;207;202;233;235;226;230;228;197;62;224;211;219;216;210;119;115;217;227;199,0.01388889;0.01388889;0.02777778;0.04166667;0.05555556;0.06944444;0.08333333;0.08333333;0.09722222;0.09722222;0.11111111;0.12500000;0.12500000;0.13888889;0.15277778;0.16666667;0.18055556;0.18055556;0.19444444;0.19444444;0.20833333;0.20833333;0.20833333;0.22222222;0.23611111;0.23611111;0.23611111;0.23611111;0.25000000;0.26388889;0.26388889;0.26388889;0.27777778;0.29166667;0.29166667;0.30555556;0.31944444;0.31944444;0.31944444;0.33333333;0.33333333;0.33333333;0.33333333;0.33333333;0.34722222;0.36111111;0.36111111;0.37500000;0.37500000;0.37500000,0.09722222222222222,7,0.19444444444444445,14,0.2638888888888889,19,0.375,27
Mining,Modular-Fjord,0,72,38,34,34,49;150;62;136;77;128;158;93;186;57;214;222;206;209;225;65;25;81;9;230;194;238;69;193;145;173;181;33;141;157;17;112;45;107;1;41;135;198;143;119;234;220;202;123;111;138;125;226;127;5,0.01388889;0.01388889;0.02777778;0.02777778;0.04166667;0.05555556;0.05555556;0.06944444;0.06944444;0.08333333;0.09722222;0.11111111;0.12500000;0.13888889;0.15277778;0.16666667;0.18055556;0.19444444;0.20833333;0.22222222;0.23611111;0.25000000;0.26388889;0.27777778;0.27777778;0.27777778;0.27777778;0.29166667;0.29166667;0.29166667;0.30555556;0.30555556;0.31944444;0.31944444;0.33333333;0.34722222;0.36111111;0.37500000;0.37500000;0.38888889;0.40277778;0.41666667;0.43055556;0.43055556;0.44444444;0.44444444;0.44444444;0.45833333;0.45833333;0.47222222,0.08333333333333333,6,0.2222222222222222,16,0.2916666666666667,21,0.4722222222222222,34
Mining-DETOUR,Modular-Fjord,0,72,38,34,34,49;150;62;136;77;128;186;93;183;57;214;222;206;209;225;65;25;81;9;230;194;238;69;193;145;173;181;33;141;157;17;112;45;107;1;41;135;198;119;143;234;111;220;123;202;138;125;226;127;5,0.01388889;0.01388889;0.02777778;0.02777778;0.04166667;0.05555556;0.05555556;0.06944444;0.06944444;0.08333333;0.09722222;0.11111111;0.12500000;0.13888889;0.15277778;0.16666667;0.18055556;0.19444444;0.20833333;0.22222222;0.23611111;0.25000000;0.26388889;0.27777778;0.27777778;0.27777778;0.27777778;0.29166667;0.29166667;0.29166667;0.30555556;0.30555556;0.31944444;0.31944444;0.33333333;0.34722222;0.36111111;0.37500000;0.38888889;0.38888889;0.40277778;0.41666667;0.43055556;0.43055556;0.44444444;0.44444444;0.44444444;0.45833333;0.45833333;0.47222222,0.08333333333333333,6,0.2222222222222222,16,0.2916666666666667,21,0.4722222222222222,34
AdaTE Global,Modular-Fjord,0,72,38,40,34,214;230;107;155;194;206;222;209;220;238;145;234;225;198;202;226;25;193;236;65;218;201;9;210;135;111;128;119;233;217;221;81;57;93;77;141;49;143;127;69;112;33;17;45;1;41;173;181;62;123,0.01388889;0.02777778;0.02777778;0.02777778;0.04166667;0.05555556;0.06944444;0.08333333;0.09722222;0.11111111;0.11111111;0.12500000;0.13888889;0.15277778;0.16666667;0.18055556;0.19444444;0.20833333;0.22222222;0.23611111;0.25000000;0.26388889;0.27777778;0.29166667;0.30555556;0.31944444;0.33333333;0.34722222;0.36111111;0.37500000;0.38888889;0.40277778;0.41666667;0.43055556;0.44444444;0.44444444;0.45833333;0.45833333;0.45833333;0.47222222;0.47222222;0.48611111;0.50000000;0.51388889;0.52777778;0.54166667;0.54166667;0.54166667;0.55555556;0.55555556,0.1111111111111111,8,0.2361111111111111,17,0.375,27,0.5555555555555556,40
Global Routed Mining,Modular-Fjord,0,72,38,40,34,214;230;107;155;194;206;222;209;220;238;145;234;225;198;202;226;25;193;236;218;201;65;9;210;233;217;221;173;81;57;93;77;49;69;62;141;33;157;17;45;181;112;1;41;135;119;111;128;143;123,0.01388889;0.02777778;0.02777778;0.02777778;0.04166667;0.05555556;0.06944444;0.08333333;0.09722222;0.11111111;0.11111111;0.12500000;0.13888889;0.15277778;0.16666667;0.18055556;0.19444444;0.20833333;0.22222222;0.23611111;0.25000000;0.26388889;0.27777778;0.29166667;0.30555556;0.31944444;0.33333333;0.33333333;0.34722222;0.36111111;0.37500000;0.38888889;0.40277778;0.41666667;0.43055556;0.43055556;0.44444444;0.44444444;0.45833333;0.47222222;0.47222222;0.47222222;0.48611111;0.50000000;0.51388889;0.52777778;0.54166667;0.55555556;0.55555556;0.55555556,0.1111111111111111,8,0.2361111111111111,17,0.3611111111111111,26,0.5555555555555556,40
Function Routing (risk-only),Modular-Fjord,0,72,38,47,38,214;230;107;155;194;206;222;209;220;238;234;145;198;225;202;226;201;25;193;9;135;111;128;119;65;33;17;45;1;41;5;15;81;93;57;77;69;62;87;85;49;71;79;66;51;53;61;86;236;218,0.01388889;0.02777778;0.02777778;0.02777778;0.04166667;0.05555556;0.06944444;0.08333333;0.09722222;0.11111111;0.12500000;0.12500000;0.13888889;0.15277778;0.16666667;0.18055556;0.19444444;0.20833333;0.22222222;0.23611111;0.25000000;0.26388889;0.27777778;0.29166667;0.30555556;0.31944444;0.33333333;0.34722222;0.36111111;0.37500000;0.38888889;0.40277778;0.41666667;0.43055556;0.44444444;0.45833333;0.47222222;0.48611111;0.50000000;0.51388889;0.52777778;0.54166667;0.55555556;0.56944444;0.58333333;0.59722222;0.61111111;0.62500000;0.63888889;0.65277778,0.1111111111111111,8,0.2361111111111111,17,0.375,27,0.6527777777777778,47
Function-Conditioned Mining,Modular-Fjord,0,72,38,47,38,214;230;107;155;194;206;222;209;25;65;225;238;220;234;198;202;226;201;193;9;145;33;17;45;1;41;111;128;135;119;5;15;81;93;57;77;69;62;87;85;49;71;79;66;51;53;61;86;236;218,0.01388889;0.02777778;0.02777778;0.02777778;0.04166667;0.05555556;0.06944444;0.08333333;0.09722222;0.11111111;0.12500000;0.13888889;0.15277778;0.16666667;0.18055556;0.19444444;0.20833333;0.22222222;0.23611111;0.25000000;0.25000000;0.26388889;0.27777778;0.29166667;0.30555556;0.31944444;0.33333333;0.34722222;0.36111111;0.37500000;0.38888889;0.40277778;0.41666667;0.43055556;0.44444444;0.45833333;0.47222222;0.48611111;0.50000000;0.51388889;0.52777778;0.54166667;0.55555556;0.56944444;0.58333333;0.59722222;0.61111111;0.62500000;0.63888889;0.65277778,0.1111111111111111,8,0.25,18,0.375,27,0.6527777777777778,47
Random,Modular-Fjord,0,72,38,14,10,127;228;6;107;212;190;83;50;142;189;191;113;201;104;17;74;126;62;230;111;105;67;13;99;8;210;161;121;216;209;176;4;193;35;146;198;227;10;148;135;58;231;165;138;125;211;144;234;124;29,0.00000000;0.00000000;0.00000000;0.00000000;0.00000000;0.00000000;0.00000000;0.00000000;0.00000000;0.00000000;0.00000000;0.00000000;0.01388889;0.01388889;0.02777778;0.02777778;0.02777778;0.04166667;0.05555556;0.06944444;0.06944444;0.06944444;0.08333333;0.08333333;0.08333333;0.09722222;0.09722222;0.09722222;0.09722222;0.11111111;0.11111111;0.11111111;0.12500000;0.13888889;0.13888889;0.15277778;0.15277778;0.15277778;0.15277778;0.16666667;0.16666667;0.16666667;0.16666667;0.16666667;0.16666667;0.16666667;0.16666667;0.18055556;0.18055556;0.19444444,0.0,0,0.06944444444444445,5,0.1111111111111111,8,0.19444444444444445,14
Random,Modular-Fjord,1,72,38,12,5,168;61;38;165;139;225;170;12;217;190;177;112;91;197;199;19;14;159;20;137;31;191;74;46;166;8;44;171;161;192;175;49;121;98;198;157;140;102;92;68;210;81;156;214;95;178;108;237;75;181,0.00000000;0.01388889;0.02777778;0.02777778;0.02777778;0.04166667;0.04166667;0.04166667;0.05555556;0.05555556;0.05555556;0.05555556;0.06944444;0.06944444;0.06944444;0.06944444;0.06944444;0.06944444;0.06944444;0.06944444;0.08333333;0.08333333;0.08333333;0.08333333;0.08333333;0.08333333;0.08333333;0.08333333;0.08333333;0.08333333;0.08333333;0.09722222;0.09722222;0.09722222;0.11111111;0.11111111;0.11111111;0.11111111;0.11111111;0.11111111;0.12500000;0.13888889;0.13888889;0.15277778;0.15277778;0.15277778;0.15277778;0.15277778;0.16666667;0.16666667,0.05555555555555555,4,0.06944444444444445,5,0.08333333333333333,6,0.16666666666666666,12
Random,Modular-Fjord,2,72,38,14,6,153;125;134;172;174;183;151;46;78;167;81;136;186;63;233;24;56;135;199;205;1;101;211;42;68;17;49;117;239;112;95;179;38;188;73;59;216;58;169;231;98;184;30;221;89;164;141;35;171;85,0.00000000;0.00000000;0.00000000;0.00000000;0.00000000;0.00000000;0.00000000;0.00000000;0.00000000;0.00000000;0.01388889;0.01388889;0.01388889;0.02777778;0.04166667;0.04166667;0.04166667;0.05555556;0.05555556;0.05555556;0.06944444;0.06944444;0.06944444;0.06944444;0.06944444;0.08333333;0.09722222;0.09722222;0.09722222;0.09722222;0.09722222;0.09722222;0.11111111;0.11111111;0.12500000;0.13888889;0.13888889;0.13888889;0.13888889;0.13888889;0.13888889;0.13888889;0.13888889;0.15277778;0.16666667;0.16666667;0.16666667;0.18055556;0.18055556;0.19444444,0.0,0,0.05555555555555555,4,0.09722222222222222,7,0.19444444444444445,14
Random,Modular-Fjord,3,72,38,15,8,191;36;205;65;145;86;9;231;158;83;180;151;207;141;153;232;112;208;111;214;142;193;103;78;51;134;106;197;79;52;224;47;152;119;31;219;105;71;120;43;32;57;136;117;229;201;203;237;94;107,0.00000000;0.00000000;0.00000000;0.01388889;0.01388889;0.02777778;0.04166667;0.04166667;0.04166667;0.04166667;0.04166667;0.04166667;0.04166667;0.04166667;0.04166667;0.04166667;0.04166667;0.04166667;0.05555556;0.06944444;0.06944444;0.08333333;0.08333333;0.08333333;0.09722222;0.09722222;0.09722222;0.09722222;0.11111111;0.11111111;0.11111111;0.12500000;0.12500000;0.13888889;0.15277778;0.15277778;0.15277778;0.16666667;0.16666667;0.18055556;0.18055556;0.19444444;0.19444444;0.19444444;0.19444444;0.20833333;0.20833333;0.20833333;0.20833333;0.20833333,0.041666666666666664,3,0.06944444444444445,5,0.1111111111111111,8,0.20833333333333334,15
Random,Modular-Fjord,4,72,38,16,9,193;204;139;36;202;142;183;41;27;18;152;26;65;30;171;74;221;14;46;72;53;128;156;187;136;209;120;42;37;186;215;110;214;197;210;29;58;112;238;211;111;64;63;207;172;228;90;181;174;123,0.01388889;0.01388889;0.01388889;0.01388889;0.02777778;0.02777778;0.02777778;0.04166667;0.05555556;0.05555556;0.05555556;0.05555556;0.06944444;0.06944444;0.06944444;0.06944444;0.08333333;0.08333333;0.08333333;0.08333333;0.09722222;0.11111111;0.11111111;0.11111111;0.11111111;0.12500000;0.12500000;0.12500000;0.13888889;0.13888889;0.13888889;0.13888889;0.15277778;0.15277778;0.16666667;0.18055556;0.18055556;0.18055556;0.19444444;0.19444444;0.20833333;0.20833333;0.22222222;0.22222222;0.22222222;0.22222222;0.22222222;0.22222222;0.22222222;0.22222222,0.05555555555555555,4,0.08333333333333333,6,0.1388888888888889,10,0.2222222222222222,16
Random,Modular-Fjord,5,72,38,19,11,119;32;61;29;33;196;58;24;145;234;168;45;199;176;173;134;16;120;84;180;96;65;6;190;118;193;75;62;171;227;93;73;1;86;215;233;213;210;80;131;34;239;194;99;138;76;238;219;91;144,0.01388889;0.01388889;0.02777778;0.04166667;0.05555556;0.05555556;0.05555556;0.05555556;0.05555556;0.06944444;0.06944444;0.08333333;0.08333333;0.08333333;0.08333333;0.08333333;0.08333333;0.08333333;0.08333333;0.08333333;0.08333333;0.09722222;0.09722222;0.09722222;0.09722222;0.11111111;0.12500000;0.13888889;0.13888889;0.13888889;0.15277778;0.16666667;0.18055556;0.19444444;0.19444444;0.20833333;0.20833333;0.22222222;0.22222222;0.22222222;0.22222222;0.22222222;0.23611111;0.23611111;0.23611111;0.23611111;0.25000000;0.25000000;0.26388889;0.26388889,0.06944444444444445,5,0.08333333333333333,6,0.1388888888888889,10,0.2638888888888889,19
Random,Modular-Fjord,6,72,38,13,9,64;190;65;212;175;174;116;136;195;189;133;184;131;139;147;80;95;21;89;144;51;201;96;56;9;216;126;120;85;159;63;153;186;215;155;238;62;44;192;84;214;198;24;110;191;134;12;32;72;77,0.00000000;0.00000000;0.01388889;0.01388889;0.01388889;0.01388889;0.01388889;0.01388889;0.01388889;0.01388889;0.01388889;0.01388889;0.01388889;0.01388889;0.01388889;0.01388889;0.01388889;0.02777778;0.04166667;0.04166667;0.05555556;0.06944444;0.06944444;0.06944444;0.08333333;0.08333333;0.08333333;0.08333333;0.09722222;0.09722222;0.11111111;0.11111111;0.11111111;0.11111111;0.11111111;0.12500000;0.13888889;0.13888889;0.13888889;0.13888889;0.15277778;0.16666667;0.16666667;0.16666667;0.16666667;0.16666667;0.16666667;0.16666667;0.16666667;0.18055556,0.013888888888888888,1,0.041666666666666664,3,0.09722222222222222,7,0.18055555555555555,13
Random,Modular-Fjord,7,72,38,14,6,95;65;139;88;182;142;102;225;42;44;232;132;1;141;92;217;79;166;194;75;211;159;3;98;97;144;168;143;153;167;118;204;2;207;151;124;51;128;54;137;106;61;0;149;148;226;26;74;11;154,0.00000000;0.01388889;0.01388889;0.01388889;0.01388889;0.01388889;0.01388889;0.02777778;0.02777778;0.02777778;0.02777778;0.02777778;0.04166667;0.04166667;0.04166667;0.05555556;0.06944444;0.06944444;0.08333333;0.09722222;0.09722222;0.09722222;0.11111111;0.11111111;0.11111111;0.11111111;0.11111111;0.11111111;0.11111111;0.11111111;0.11111111;0.11111111;0.11111111;0.11111111;0.11111111;0.11111111;0.12500000;0.13888889;0.15277778;0.15277778;0.15277778;0.16666667;0.16666667;0.16666667;0.16666667;0.18055556;0.18055556;0.18055556;0.19444444;0.19444444,0.027777777777777776,2,0.09722222222222222,7,0.1111111111111111,8,0.19444444444444445,14
Random,Modular-Fjord,8,72,38,12,4,80;100;23;227;89;171;18;180;160;175;56;104;11;148;50;154;208;226;120;30;63;115;155;218;40;90;26;1;176;197;70;73;213;14;45;66;124;199;48;146;232;43;131;143;182;7;33;137;110;83,0.00000000;0.00000000;0.01388889;0.01388889;0.02777778;0.02777778;0.02777778;0.02777778;0.02777778;0.02777778;0.02777778;0.02777778;0.04166667;0.04166667;0.04166667;0.04166667;0.04166667;0.05555556;0.05555556;0.05555556;0.06944444;0.06944444;0.06944444;0.08333333;0.08333333;0.08333333;0.08333333;0.09722222;0.09722222;0.09722222;0.09722222;0.11111111;0.11111111;0.11111111;0.12500000;0.13888889;0.13888889;0.13888889;0.13888889;0.13888889;0.13888889;0.15277778;0.15277778;0.15277778;0.15277778;0.15277778;0.16666667;0.16666667;0.16666667;0.16666667,0.027777777777777776,2,0.05555555555555555,4,0.09722222222222222,7,0.16666666666666666,12
Random,Modular-Fjord,9,72,38,15,8,209;170;189;233;224;181;42;17;25;144;223;120;34;215;203;89;6;149;48;111;121;109;183;35;56;157;200;86;95;80;54;112;100;38;208;143;146;194;13;147;188;198;107;164;14;214;191;1;60;197,0.01388889;0.01388889;0.01388889;0.02777778;0.02777778;0.02777778;0.02777778;0.04166667;0.05555556;0.05555556;0.05555556;0.05555556;0.05555556;0.05555556;0.05555556;0.06944444;0.06944444;0.06944444;0.06944444;0.08333333;0.08333333;0.08333333;0.08333333;0.09722222;0.09722222;0.09722222;0.09722222;0.11111111;0.11111111;0.11111111;0.12500000;0.12500000;0.12500000;0.13888889;0.13888889;0.13888889;0.13888889;0.15277778;0.16666667;0.16666667;0.16666667;0.18055556;0.18055556;0.18055556;0.18055556;0.19444444;0.19444444;0.20833333;0.20833333;0.20833333,0.05555555555555555,4,0.08333333333333333,6,0.1111111111111111,8,0.20833333333333334,15
Random,Modular-Fjord,10,72,38,18,8,197;96;213;165;224;13;67;161;171;41;118;234;168;79;77;221;216;37;239;82;236;129;189;127;51;238;57;201;24;204;34;117;131;47;212;101;132;225;80;190;63;122;183;153;141;149;231;93;73;66,0.00000000;0.00000000;0.00000000;0.00000000;0.00000000;0.01388889;0.01388889;0.01388889;0.01388889;0.02777778;0.02777778;0.04166667;0.04166667;0.05555556;0.06944444;0.08333333;0.08333333;0.09722222;0.09722222;0.09722222;0.11111111;0.11111111;0.11111111;0.11111111;0.12500000;0.13888889;0.15277778;0.16666667;0.16666667;0.16666667;0.16666667;0.16666667;0.16666667;0.18055556;0.18055556;0.18055556;0.18055556;0.19444444;0.19444444;0.19444444;0.20833333;0.20833333;0.20833333;0.20833333;0.20833333;0.20833333;0.20833333;0.22222222;0.23611111;0.25000000,0.027777777777777776,2,0.09722222222222222,7,0.16666666666666666,12,0.25,18
Random,Modular-Fjord,11,72,38,18,8,84;199;210;53;29;57;14;209;79;182;176;47;28;207;164;178;219;3;220;2;232;67;70;222;235;39;125;115;92;38;62;71;26;63;237;212;16;83;1;138;224;139;214;50;82;136;52;102;208;85,0.00000000;0.00000000;0.01388889;0.02777778;0.04166667;0.05555556;0.05555556;0.06944444;0.08333333;0.08333333;0.08333333;0.09722222;0.09722222;0.09722222;0.09722222;0.09722222;0.09722222;0.11111111;0.12500000;0.12500000;0.12500000;0.12500000;0.12500000;0.13888889;0.13888889;0.15277778;0.15277778;0.15277778;0.15277778;0.16666667;0.18055556;0.19444444;0.19444444;0.20833333;0.20833333;0.20833333;0.20833333;0.20833333;0.22222222;0.22222222;0.22222222;0.22222222;0.23611111;0.23611111;0.23611111;0.23611111;0.23611111;0.23611111;0.23611111;0.25000000,0.08333333333333333,6,0.125,9,0.16666666666666666,12,0.25,18
Random,Modular-Fjord,12,72,38,11,7,229;148;206;7;152;21;40;153;107;114;224;219;56;44;48;33;167;151;111;72;154;94;121;117;95;140;105;170;30;55;216;182;69;34;198;91;139;143;70;190;203;100;158;75;58;87;89;84;24;214,0.00000000;0.00000000;0.01388889;0.01388889;0.01388889;0.02777778;0.02777778;0.02777778;0.02777778;0.02777778;0.02777778;0.02777778;0.02777778;0.02777778;0.02777778;0.04166667;0.04166667;0.04166667;0.05555556;0.05555556;0.05555556;0.05555556;0.05555556;0.05555556;0.05555556;0.05555556;0.05555556;0.05555556;0.05555556;0.05555556;0.05555556;0.05555556;0.06944444;0.06944444;0.08333333;0.09722222;0.09722222;0.09722222;0.09722222;0.09722222;0.09722222;0.09722222;0.09722222;0.11111111;0.11111111;0.12500000;0.13888889;0.13888889;0.13888889;0.15277778,0.027777777777777776,2,0.05555555555555555,4,0.05555555555555555,4,0.1527777777777778,11
Random,Modular-Fjord,13,72,38,13,4,131;107;184;120;93;81;53;20;191;207;234;197;38;32;110;80;12;144;132;52;158;173;91;61;189;155;47;221;13;130;68;46;11;187;86;161;220;235;177;42;101;178;213;149;106;167;76;112;186;211,0.00000000;0.00000000;0.00000000;0.00000000;0.01388889;0.02777778;0.04166667;0.04166667;0.04166667;0.04166667;0.05555556;0.05555556;0.06944444;0.06944444;0.06944444;0.06944444;0.06944444;0.06944444;0.06944444;0.06944444;0.06944444;0.06944444;0.08333333;0.09722222;0.09722222;0.09722222;0.11111111;0.12500000;0.13888889;0.13888889;0.13888889;0.13888889;0.15277778;0.15277778;0.16666667;0.16666667;0.18055556;0.18055556;0.18055556;0.18055556;0.18055556;0.18055556;0.18055556;0.18055556;0.18055556;0.18055556;0.18055556;0.18055556;0.18055556;0.18055556,0.041666666666666664,3,0.06944444444444445,5,0.1388888888888889,10,0.18055555555555555,13
Random,Modular-Fjord,14,72,38,14,10,69;94;87;132;108;159;15;115;178;208;220;6;123;133;175;25;194;172;197;222;227;205;195;2;171;79;120;184;129;7;104;218;163;58;42;106;100;4;213;209;73;10;191;216;3;150;225;201;134;185,0.01388889;0.01388889;0.02777778;0.02777778;0.02777778;0.02777778;0.04166667;0.04166667;0.04166667;0.04166667;0.05555556;0.05555556;0.05555556;0.05555556;0.05555556;0.06944444;0.08333333;0.08333333;0.08333333;0.09722222;0.09722222;0.09722222;0.09722222;0.09722222;0.09722222;0.11111111;0.11111111;0.11111111;0.11111111;0.11111111;0.11111111;0.12500000;0.12500000;0.12500000;0.12500000;0.12500000;0.12500000;0.12500000;0.12500000;0.13888889;0.15277778;0.15277778;0.15277778;0.15277778;0.16666667;0.16666667;0.18055556;0.19444444;0.19444444;0.19444444,0.041666666666666664,3,0.09722222222222222,7,0.1111111111111111,8,0.19444444444444445,14
Random,Modular-Fjord,15,72,38,18,13,77;15;82;56;199;98;137;61;7;201;192;236;5;158;13;170;161;198;229;144;34;60;131;18;57;135;121;189;94;9;63;107;152;49;24;148;81;220;128;238;102;185;84;73;213;235;70;149;175;130,0.01388889;0.02777778;0.02777778;0.02777778;0.02777778;0.02777778;0.02777778;0.04166667;0.04166667;0.05555556;0.05555556;0.06944444;0.08333333;0.08333333;0.09722222;0.09722222;0.09722222;0.11111111;0.11111111;0.11111111;0.11111111;0.11111111;0.11111111;0.11111111;0.12500000;0.13888889;0.13888889;0.13888889;0.13888889;0.15277778;0.16666667;0.16666667;0.16666667;0.18055556;0.18055556;0.18055556;0.19444444;0.20833333;0.22222222;0.23611111;0.23611111;0.23611111;0.23611111;0.25000000;0.25000000;0.25000000;0.25000000;0.25000000;0.25000000;0.25000000,0.05555555555555555,4,0.1111111111111111,8,0.1527777777777778,11,0.25,18
Random,Modular-Fjord,16,72,38,15,6,152;185;225;224;90;35;3;208;141;120;151;11;19;176;5;51;105;7;73;30;230;237;27;210;56;98;42;203;62;72;200;179;144;94;0;63;131;107;111;189;162;226;117;216;163;115;89;159;106;99,0.00000000;0.00000000;0.01388889;0.01388889;0.01388889;0.02777778;0.04166667;0.04166667;0.04166667;0.04166667;0.04166667;0.05555556;0.05555556;0.05555556;0.06944444;0.08333333;0.08333333;0.08333333;0.09722222;0.09722222;0.11111111;0.11111111;0.12500000;0.13888889;0.13888889;0.13888889;0.13888889;0.13888889;0.15277778;0.15277778;0.15277778;0.15277778;0.15277778;0.15277778;0.15277778;0.16666667;0.16666667;0.16666667;0.18055556;0.18055556;0.18055556;0.19444444;0.19444444;0.19444444;0.19444444;0.19444444;0.20833333;0.20833333;0.20833333;0.20833333,0.041666666666666664,3,0.09722222222222222,7,0.1527777777777778,11,0.20833333333333334,15
Random,Modular-Fjord,17,72,38,13,6,210;239;108;58;150;64;207;21;137;142;78;4;37;98;40;26;176;183;134;8;160;187;214;133;115;148;129;189;169;11;140;10;77;5;211;65;180;67;90;1;232;121;25;178;227;35;185;38;217;191,0.01388889;0.01388889;0.01388889;0.01388889;0.01388889;0.01388889;0.01388889;0.02777778;0.02777778;0.02777778;0.02777778;0.02777778;0.04166667;0.04166667;0.04166667;0.04166667;0.04166667;0.04166667;0.04166667;0.04166667;0.04166667;0.04166667;0.05555556;0.05555556;0.05555556;0.05555556;0.05555556;0.05555556;0.05555556;0.06944444;0.06944444;0.06944444;0.08333333;0.09722222;0.09722222;0.11111111;0.11111111;0.11111111;0.11111111;0.12500000;0.12500000;0.12500000;0.13888889;0.13888889;0.13888889;0.15277778;0.15277778;0.16666667;0.18055556;0.18055556,0.027777777777777776,2,0.041666666666666664,3,0.06944444444444445,5,0.18055555555555555,13
Random,Modular-Fjord,18,72,38,13,6,141;60;128;213;101;212;219;218;61;179;154;145;174;119;161;24;238;175;237;98;236;58;104;131;67;216;233;2;209;187;129;126;32;13;167;34;37;193;38;116;72;142;224;235;70;227;185;168;65;0,0.00000000;0.00000000;0.01388889;0.01388889;0.01388889;0.01388889;0.01388889;0.02777778;0.04166667;0.04166667;0.04166667;0.04166667;0.04166667;0.05555556;0.05555556;0.05555556;0.06944444;0.06944444;0.06944444;0.06944444;0.08333333;0.08333333;0.08333333;0.08333333;0.08333333;0.08333333;0.09722222;0.09722222;0.11111111;0.11111111;0.11111111;0.11111111;0.11111111;0.12500000;0.12500000;0.12500000;0.13888889;0.15277778;0.16666667;0.16666667;0.16666667;0.16666667;0.16666667;0.16666667;0.16666667;0.16666667;0.16666667;0.16666667;0.18055556;0.18055556,0.041666666666666664,3,0.06944444444444445,5,0.1111111111111111,8,0.18055555555555555,13
Random,Modular-Fjord,19,72,38,15,7,92;57;220;167;201;130;158;195;53;79;4;214;207;152;27;206;73;0;65;183;122;120;205;98;60;157;163;90;9;229;160;142;72;148;78;95;153;164;71;11;141;168;224;221;215;19;55;44;38;190,0.00000000;0.01388889;0.02777778;0.02777778;0.04166667;0.04166667;0.04166667;0.04166667;0.05555556;0.06944444;0.06944444;0.08333333;0.08333333;0.08333333;0.09722222;0.11111111;0.12500000;0.12500000;0.13888889;0.13888889;0.13888889;0.13888889;0.13888889;0.13888889;0.13888889;0.13888889;0.13888889;0.13888889;0.15277778;0.15277778;0.15277778;0.15277778;0.15277778;0.15277778;0.15277778;0.15277778;0.15277778;0.15277778;0.16666667;0.18055556;0.18055556;0.18055556;0.18055556;0.19444444;0.19444444;0.19444444;0.19444444;0.19444444;0.20833333;0.20833333,0.06944444444444445,5,0.1388888888888889,10,0.1527777777777778,11,0.20833333333333334,15
