method_variant,episode,alpha_0,alpha_1,alpha_2,qp_status,critical_rows,asd,asd_threshold,converged,restore_steps_cumulative
Uniform-QP-H,1,0.3333333333333333,0.3333333333333333,0.3333333333333333,not_due_or_no_critical_rows,7,nan,0.02,False,0
Uniform-QP-H,2,0.3333333333333333,0.3333333333333333,0.3333333333333333,not_due_or_no_critical_rows,12,nan,0.02,False,2
Uniform-QP-H,3,0.3333333333333333,0.3333333333333333,0.3333333333333333,not_due_or_no_critical_rows,15,nan,0.02,False,8
Uniform-QP-H,4,0.3333333333333333,0.3333333333333333,0.3333333333333333,not_due_or_no_critical_rows,16,nan,0.02,False,15
Uniform-QP-H,5,7.186698305212534e-18,1.0,0.0,Optimization terminated successfully,17,nan,0.02,False,22
Uniform-QP-H,6,7.186698305212534e-18,1.0,0.0,not_due_or_no_critical_rows,19,nan,0.02,False,27
Uniform-QP-H,7,7.186698305212534e-18,1.0,0.0,not_due_or_no_critical_rows,23,nan,0.02,False,32
Uniform-QP-H,8,7.186698305212534e-18,1.0,0.0,not_due_or_no_critical_rows,24,nan,0.02,False,40
Uniform-QP-H,9,7.186698305212534e-18,1.0,0.0,not_due_or_no_critical_rows,26,nan,0.02,False,48
Uniform-QP-H,10,0.0,0.23360917011266702,0.766390829887333,Optimization terminated successfully,26,nan,0.02,False,57
Uniform-QP-H,11,0.0,0.23360917011266702,0.766390829887333,not_due_or_no_critical_rows,26,0.2887049977026664,0.02,False,60
Uniform-QP-H,12,0.0,0.23360917011266702,0.766390829887333,not_due_or_no_critical_rows,29,0.2887049977026664,0.02,False,64
Uniform-QP-H,13,0.0,0.23360917011266702,0.766390829887333,not_due_or_no_critical_rows,30,0.2887049977026664,0.02,False,70
Uniform-QP-H,14,0.0,0.23360917011266702,0.766390829887333,not_due_or_no_critical_rows,31,0.2887049977026664,0.02,False,81
Uniform-QP-H,15,1.6024689053196368e-17,0.7416550110692514,0.25834498893074864,Optimization terminated successfully,32,0.1722299926204991,0.02,False,83
Uniform-QP-H,16,1.6024689053196368e-17,0.7416550110692514,0.25834498893074864,not_due_or_no_critical_rows,34,0.1722299926204991,0.02,False,88
Uniform-QP-H,17,1.6024689053196368e-17,0.7416550110692514,0.25834498893074864,not_due_or_no_critical_rows,35,0.1722299926204991,0.02,False,91
Uniform-QP-H,18,1.6024689053196368e-17,0.7416550110692514,0.25834498893074864,not_due_or_no_critical_rows,39,0.1722299926204991,0.02,False,91
Uniform-QP-H,19,1.6024689053196368e-17,0.7416550110692514,0.25834498893074864,not_due_or_no_critical_rows,40,0.1722299926204991,0.02,False,100
Uniform-QP-H,20,0.0,0.7418006666535744,0.25819933334642564,Optimization terminated successfully,40,0.3387943310272716,0.02,False,108
Uniform-QP-H,21,0.0,0.7418006666535744,0.25819933334642564,not_due_or_no_critical_rows,40,0.3387943310272716,0.02,False,116
Uniform-QP-H,22,0.0,0.7418006666535744,0.25819933334642564,not_due_or_no_critical_rows,42,0.3387943310272716,0.02,False,118
Uniform-QP-H,23,0.0,0.7418006666535744,0.25819933334642564,not_due_or_no_critical_rows,45,0.3387943310272716,0.02,False,123
Uniform-QP-H,24,0.0,0.7418006666535744,0.25819933334642564,not_due_or_no_critical_rows,46,0.3387943310272716,0.02,False,130
Uniform-QP-H,25,0.0,0.7418006666535744,0.25819933334642564,Optimization terminated successfully,48,9.710372288200613e-05,0.02,False,133
Uniform-QP-H,26,0.0,0.7418006666535744,0.25819933334642564,not_due_or_no_critical_rows,51,9.710372288200613e-05,0.02,False,138
Uniform-QP-H,27,0.0,0.7418006666535744,0.25819933334642564,not_due_or_no_critical_rows,53,9.710372288200613e-05,0.02,False,143
Uniform-QP-H,28,0.0,0.7418006666535744,0.25819933334642564,not_due_or_no_critical_rows,53,9.710372288200613e-05,0.02,False,143
Uniform-QP-H,29,0.0,0.7418006666535744,0.25819933334642564,not_due_or_no_critical_rows,55,9.710372288200613e-05,0.02,False,146
Uniform-QP-H,30,1.5707794567525247e-18,0.741835216639053,0.258164783360947,Optimization terminated successfully,55,2.303332365244434e-05,0.02,False,153
Uniform-QP-H,31,1.5707794567525247e-18,0.741835216639053,0.258164783360947,not_due_or_no_critical_rows,59,2.303332365244434e-05,0.02,False,156
Uniform-QP-H,32,1.5707794567525247e-18,0.741835216639053,0.258164783360947,not_due_or_no_critical_rows,60,2.303332365244434e-05,0.02,False,158
Uniform-QP-H,33,1.5707794567525247e-18,0.741835216639053,0.258164783360947,not_due_or_no_critical_rows,61,2.303332365244434e-05,0.02,False,158
Uniform-QP-H,34,1.5707794567525247e-18,0.741835216639053,0.258164783360947,not_due_or_no_critical_rows,62,2.303332365244434e-05,0.02,False,161
Uniform-QP-H,35,0.33684608883301975,0.6631539111669802,2.2551405187698492e-17,Optimization terminated successfully,67,0.2245640592220132,0.02,False,164
Uniform-QP-H,36,0.33684608883301975,0.6631539111669802,2.2551405187698492e-17,not_due_or_no_critical_rows,68,0.2245640592220132,0.02,False,170
Uniform-QP-H,37,0.33684608883301975,0.6631539111669802,2.2551405187698492e-17,not_due_or_no_critical_rows,70,0.2245640592220132,0.02,False,176
Uniform-QP-H,38,0.33684608883301975,0.6631539111669802,2.2551405187698492e-17,not_due_or_no_critical_rows,71,0.2245640592220132,0.02,False,179
Uniform-QP-H,39,0.33684608883301975,0.6631539111669802,2.2551405187698492e-17,not_due_or_no_critical_rows,73,0.2245640592220132,0.02,False,187
Uniform-QP-H,40,0.33684608883301975,0.6631539111669802,2.2551405187698492e-17,Optimization terminated successfully,76,0.2245640592220132,0.02,False,191
Uniform-QP-H,41,0.33684608883301975,0.6631539111669802,2.2551405187698492e-17,not_due_or_no_critical_rows,76,0.2245640592220132,0.02,False,194
Uniform-QP-H,42,0.33684608883301975,0.6631539111669802,2.2551405187698492e-17,not_due_or_no_critical_rows,79,0.2245640592220132,0.02,False,196
Uniform-QP-H,43,0.33684608883301975,0.6631539111669802,2.2551405187698492e-17,not_due_or_no_critical_rows,80,0.2245640592220132,0.02,False,201
Uniform-QP-H,44,0.33684608883301975,0.6631539111669802,2.2551405187698492e-17,not_due_or_no_critical_rows,80,0.2245640592220132,0.02,False,207
Uniform-QP-H,45,0.33684608883301975,0.6631539111669802,2.2551405187698492e-17,Optimization terminated successfully,81,0.0,0.02,True,214
Uniform-QP-H,46,0.33684608883301975,0.6631539111669802,2.2551405187698492e-17,not_due_or_no_critical_rows,82,0.0,0.02,True,219
Uniform-QP-H,47,0.33684608883301975,0.6631539111669802,2.2551405187698492e-17,not_due_or_no_critical_rows,84,0.0,0.02,True,222
Uniform-QP-H,48,0.33684608883301975,0.6631539111669802,2.2551405187698492e-17,not_due_or_no_critical_rows,84,0.0,0.02,True,229
Uniform-QP-H,49,0.33684608883301975,0.6631539111669802,2.2551405187698492e-17,not_due_or_no_critical_rows,84,0.0,0.02,True,238
Uniform-QP-H,50,0.33685891487680497,0.663141085123195,0.0,Optimization terminated successfully,87,8.550695856801687e-06,0.02,True,242
Uniform-QP-H,51,0.33685891487680497,0.663141085123195,0.0,not_due_or_no_critical_rows,87,8.550695856801687e-06,0.02,True,253
Uniform-QP-H,52,0.33685891487680497,0.663141085123195,0.0,not_due_or_no_critical_rows,88,8.550695856801687e-06,0.02,True,257
Uniform-QP-H,53,0.33685891487680497,0.663141085123195,0.0,not_due_or_no_critical_rows,90,8.550695856801687e-06,0.02,True,259
Uniform-QP-H,54,0.33685891487680497,0.663141085123195,0.0,not_due_or_no_critical_rows,93,8.550695856801687e-06,0.02,True,263
Uniform-QP-H,55,0.33684475471229924,0.6631552452877008,1.648114357120055e-17,Optimization terminated successfully,94,8.894138136929584e-07,0.02,True,267
Uniform-QP-H,56,0.33684475471229924,0.6631552452877008,1.648114357120055e-17,not_due_or_no_critical_rows,95,8.894138136929584e-07,0.02,True,276
Uniform-QP-H,57,0.33684475471229924,0.6631552452877008,1.648114357120055e-17,not_due_or_no_critical_rows,96,8.894138136929584e-07,0.02,True,279
Uniform-QP-H,58,0.33684475471229924,0.6631552452877008,1.648114357120055e-17,not_due_or_no_critical_rows,96,8.894138136929584e-07,0.02,True,288
Uniform-QP-H,59,0.33684475471229924,0.6631552452877008,1.648114357120055e-17,not_due_or_no_critical_rows,97,8.894138136929584e-07,0.02,True,296
Uniform-QP-H,60,0.33689089631621183,0.6631091036837882,6.7754165450871484e-18,Optimization terminated successfully,97,2.1320959604574587e-05,0.02,True,299
Uniform-QP-H,61,0.33689089631621183,0.6631091036837882,6.7754165450871484e-18,not_due_or_no_critical_rows,98,2.1320959604574587e-05,0.02,True,303
Uniform-QP-H,62,0.33689089631621183,0.6631091036837882,6.7754165450871484e-18,not_due_or_no_critical_rows,98,2.1320959604574587e-05,0.02,True,307
Uniform-QP-H,63,0.33689089631621183,0.6631091036837882,6.7754165450871484e-18,not_due_or_no_critical_rows,100,2.1320959604574587e-05,0.02,True,310
Uniform-QP-H,64,0.33689089631621183,0.6631091036837882,6.7754165450871484e-18,not_due_or_no_critical_rows,100,2.1320959604574587e-05,0.02,True,316
Uniform-QP-H,65,0.5690489521339884,0.43095104786601157,3.0998017737718375e-17,Optimization terminated successfully,101,0.1548027982811261,0.02,False,323
Uniform-QP-H,66,0.5690489521339884,0.43095104786601157,3.0998017737718375e-17,not_due_or_no_critical_rows,101,0.1548027982811261,0.02,False,324
Uniform-QP-H,67,0.5690489521339884,0.43095104786601157,3.0998017737718375e-17,not_due_or_no_critical_rows,101,0.1548027982811261,0.02,False,328
Uniform-QP-H,68,0.5690489521339884,0.43095104786601157,3.0998017737718375e-17,not_due_or_no_critical_rows,101,0.1548027982811261,0.02,False,333
Uniform-QP-H,69,0.5690489521339884,0.43095104786601157,3.0998017737718375e-17,not_due_or_no_critical_rows,103,0.1548027982811261,0.02,False,340
Uniform-QP-H,70,0.48426692491990325,0.5157330750800967,1.7987591667892322e-17,Optimization terminated successfully,106,0.0982506857357943,0.02,False,342
Uniform-QP-H,71,0.48426692491990325,0.5157330750800967,1.7987591667892322e-17,not_due_or_no_critical_rows,107,0.0982506857357943,0.02,False,348
Uniform-QP-H,72,0.48426692491990325,0.5157330750800967,1.7987591667892322e-17,not_due_or_no_critical_rows,108,0.0982506857357943,0.02,False,348
Uniform-QP-H,73,0.48426692491990325,0.5157330750800967,1.7987591667892322e-17,not_due_or_no_critical_rows,109,0.0982506857357943,0.02,False,352
Uniform-QP-H,74,0.48426692491990325,0.5157330750800967,1.7987591667892322e-17,not_due_or_no_critical_rows,110,0.0982506857357943,0.02,False,354
Uniform-QP-H,75,0.4834888116262808,0.5165111883737192,4.811147140404426e-18,Optimization terminated successfully,113,0.0570400936718051,0.02,False,354
Uniform-QP-H,76,0.4834888116262808,0.5165111883737192,4.811147140404426e-18,not_due_or_no_critical_rows,113,0.0570400936718051,0.02,False,360
Uniform-QP-H,77,0.4834888116262808,0.5165111883737192,4.811147140404426e-18,not_due_or_no_critical_rows,113,0.0570400936718051,0.02,False,367
Uniform-QP-H,78,0.4834888116262808,0.5165111883737192,4.811147140404426e-18,not_due_or_no_critical_rows,113,0.0570400936718051,0.02,False,373
Uniform-QP-H,79,0.4834888116262808,0.5165111883737192,4.811147140404426e-18,not_due_or_no_critical_rows,114,0.0570400936718051,0.02,False,377
Uniform-QP-H,80,0.32128866508741644,0.5393091670668099,0.13940216784577383,Optimization terminated successfully,114,0.10865217322165795,0.02,False,381
Uniform-QP-H,81,0.32128866508741644,0.5393091670668099,0.13940216784577383,not_due_or_no_critical_rows,115,0.10865217322165795,0.02,False,390
Uniform-QP-H,82,0.32128866508741644,0.5393091670668099,0.13940216784577383,not_due_or_no_critical_rows,115,0.10865217322165795,0.02,False,399
Uniform-QP-H,83,0.32128866508741644,0.5393091670668099,0.13940216784577383,not_due_or_no_critical_rows,118,0.10865217322165795,0.02,False,402
Uniform-QP-H,84,0.32128866508741644,0.5393091670668099,0.13940216784577383,not_due_or_no_critical_rows,118,0.10865217322165795,0.02,False,408
Uniform-QP-H,85,0.32203830919443827,0.5297678792788493,0.1481938115267124,Optimization terminated successfully,118,0.107633668287895,0.02,False,415
Uniform-QP-H,86,0.32203830919443827,0.5297678792788493,0.1481938115267124,not_due_or_no_critical_rows,119,0.107633668287895,0.02,False,421
Uniform-QP-H,87,0.32203830919443827,0.5297678792788493,0.1481938115267124,not_due_or_no_critical_rows,119,0.107633668287895,0.02,False,429
Uniform-QP-H,88,0.32203830919443827,0.5297678792788493,0.1481938115267124,not_due_or_no_critical_rows,120,0.107633668287895,0.02,False,437
Uniform-QP-H,89,0.32203830919443827,0.5297678792788493,0.1481938115267124,not_due_or_no_critical_rows,120,0.107633668287895,0.02,False,441
Uniform-QP-H,90,0.32175103644995245,0.533188289543925,0.14506067400612246,Optimization terminated successfully,120,0.004080585015256488,0.02,True,444
Uniform-QP-H,91,0.32175103644995245,0.533188289543925,0.14506067400612246,not_due_or_no_critical_rows,120,0.004080585015256488,0.02,True,448
Uniform-QP-H,92,0.32175103644995245,0.533188289543925,0.14506067400612246,not_due_or_no_critical_rows,120,0.004080585015256488,0.02,True,454
Uniform-QP-H,93,0.32175103644995245,0.533188289543925,0.14506067400612246,not_due_or_no_critical_rows,120,0.004080585015256488,0.02,True,461
Uniform-QP-H,94,0.32175103644995245,0.533188289543925,0.14506067400612246,not_due_or_no_critical_rows,120,0.004080585015256488,0.02,True,467
Uniform-QP-H,95,0.32173676743652085,0.5333742952186642,0.14488893734481495,Optimization terminated successfully,120,0.0024042772932099297,0.02,True,470
Uniform-QP-H,96,0.32173676743652085,0.5333742952186642,0.14488893734481495,not_due_or_no_critical_rows,120,0.0024042772932099297,0.02,True,477
Uniform-QP-H,97,0.32173676743652085,0.5333742952186642,0.14488893734481495,not_due_or_no_critical_rows,120,0.0024042772932099297,0.02,True,486
Uniform-QP-H,98,0.32173676743652085,0.5333742952186642,0.14488893734481495,not_due_or_no_critical_rows,120,0.0024042772932099297,0.02,True,490
Uniform-QP-H,99,0.32173676743652085,0.5333742952186642,0.14488893734481495,not_due_or_no_critical_rows,121,0.0024042772932099297,0.02,True,492
Uniform-QP-H,100,0.32173148257172024,0.5333367774859805,0.1449317399422993,Optimization terminated successfully,121,9.899196137028166e-05,0.02,True,499
Uniform-QP-H,101,0.32173148257172024,0.5333367774859805,0.1449317399422993,not_due_or_no_critical_rows,122,9.899196137028166e-05,0.02,True,500
Uniform-QP-H,102,0.32173148257172024,0.5333367774859805,0.1449317399422993,not_due_or_no_critical_rows,122,9.899196137028166e-05,0.02,True,504
Uniform-QP-H,103,0.32173148257172024,0.5333367774859805,0.1449317399422993,not_due_or_no_critical_rows,122,9.899196137028166e-05,0.02,True,506
Uniform-QP-H,104,0.32173148257172024,0.5333367774859805,0.1449317399422993,not_due_or_no_critical_rows,123,9.899196137028166e-05,0.02,True,511
Uniform-QP-H,105,0.31510384306606987,0.5925824286383522,0.09231372829557792,Optimization terminated successfully,123,0.03947208894645867,0.02,False,518
Uniform-QP-H,106,0.31510384306606987,0.5925824286383522,0.09231372829557792,not_due_or_no_critical_rows,124,0.03947208894645867,0.02,False,523
Uniform-QP-H,107,0.31510384306606987,0.5925824286383522,0.09231372829557792,not_due_or_no_critical_rows,124,0.03947208894645867,0.02,False,528
Uniform-QP-H,108,0.31510384306606987,0.5925824286383522,0.09231372829557792,not_due_or_no_critical_rows,124,0.03947208894645867,0.02,False,537
Uniform-QP-H,109,0.31510384306606987,0.5925824286383522,0.09231372829557792,not_due_or_no_critical_rows,124,0.03947208894645867,0.02,False,541
Uniform-QP-H,110,0.3121768785333994,0.6329376475976881,0.05488547386891235,Optimization terminated successfully,124,0.06640058007447179,0.02,False,550
Uniform-QP-H,111,0.3121768785333994,0.6329376475976881,0.05488547386891235,not_due_or_no_critical_rows,124,0.06640058007447179,0.02,False,555
Uniform-QP-H,112,0.3121768785333994,0.6329376475976881,0.05488547386891235,not_due_or_no_critical_rows,124,0.06640058007447179,0.02,False,564
Uniform-QP-H,113,0.3121768785333994,0.6329376475976881,0.05488547386891235,not_due_or_no_critical_rows,125,0.06640058007447179,0.02,False,572
Uniform-QP-H,114,0.3121768785333994,0.6329376475976881,0.05488547386891235,not_due_or_no_critical_rows,125,0.06640058007447179,0.02,False,579
Uniform-QP-H,115,0.30805823770887275,0.68972873732601,0.0022130249651171954,Optimization terminated successfully,125,0.06476420579177189,0.02,False,583
Uniform-QP-H,116,0.30805823770887275,0.68972873732601,0.0022130249651171954,not_due_or_no_critical_rows,125,0.06476420579177189,0.02,False,587
Uniform-QP-H,117,0.30805823770887275,0.68972873732601,0.0022130249651171954,not_due_or_no_critical_rows,125,0.06476420579177189,0.02,False,593
Uniform-QP-H,118,0.30805823770887275,0.68972873732601,0.0022130249651171954,not_due_or_no_critical_rows,125,0.06476420579177189,0.02,False,600
Uniform-QP-H,119,0.30805823770887275,0.68972873732601,0.0022130249651171954,not_due_or_no_critical_rows,125,0.06476420579177189,0.02,False,605
Uniform-QP-H,120,0.3080409378451459,0.6897678894740955,0.0021911726807585462,Optimization terminated successfully,125,0.0378868279176049,0.02,False,614
Uniform-QP-H,121,0.3080409378451459,0.6897678894740955,0.0021911726807585462,not_due_or_no_critical_rows,125,0.0378868279176049,0.02,False,618
Uniform-QP-H,122,0.3080409378451459,0.6897678894740955,0.0021911726807585462,not_due_or_no_critical_rows,125,0.0378868279176049,0.02,False,624
Uniform-QP-H,123,0.3080409378451459,0.6897678894740955,0.0021911726807585462,not_due_or_no_critical_rows,125,0.0378868279176049,0.02,False,629
Uniform-QP-H,124,0.3080409378451459,0.6897678894740955,0.0021911726807585462,not_due_or_no_critical_rows,126,0.0378868279176049,0.02,False,631
Uniform-QP-H,125,0.3081558278193472,0.6903736123313224,0.0014705598493304347,Optimization terminated successfully,126,0.0004949767438578702,0.02,True,634
Uniform-QP-H,126,0.3081558278193472,0.6903736123313224,0.0014705598493304347,not_due_or_no_critical_rows,126,0.0004949767438578702,0.02,True,637
Uniform-QP-H,127,0.3081558278193472,0.6903736123313224,0.0014705598493304347,not_due_or_no_critical_rows,126,0.0004949767438578702,0.02,True,644
Uniform-QP-H,128,0.3081558278193472,0.6903736123313224,0.0014705598493304347,not_due_or_no_critical_rows,126,0.0004949767438578702,0.02,True,652
Uniform-QP-H,129,0.3081558278193472,0.6903736123313224,0.0014705598493304347,not_due_or_no_critical_rows,126,0.0004949767438578702,0.02,True,660
Uniform-QP-H,130,0.3081588046292066,0.6903668199213032,0.0014743754494902363,Optimization terminated successfully,126,0.00047786482084556485,0.02,True,665
Uniform-QP-H,131,0.3081588046292066,0.6903668199213032,0.0014743754494902363,not_due_or_no_critical_rows,126,0.00047786482084556485,0.02,True,674
Uniform-QP-H,132,0.3081588046292066,0.6903668199213032,0.0014743754494902363,not_due_or_no_critical_rows,126,0.00047786482084556485,0.02,True,682
Uniform-QP-H,133,0.3081588046292066,0.6903668199213032,0.0014743754494902363,not_due_or_no_critical_rows,126,0.00047786482084556485,0.02,True,688
Uniform-QP-H,134,0.3081588046292066,0.6903668199213032,0.0014743754494902363,not_due_or_no_critical_rows,126,0.00047786482084556485,0.02,True,693
Uniform-QP-H,135,0.29406563953123926,0.7059343604687607,1.6254562257810024e-18,Optimization terminated successfully,126,0.010373832091625535,0.02,True,700
Uniform-QP-H,136,0.29406563953123926,0.7059343604687607,1.6254562257810024e-18,not_due_or_no_critical_rows,126,0.010373832091625535,0.02,True,711
Uniform-QP-H,137,0.29406563953123926,0.7059343604687607,1.6254562257810024e-18,not_due_or_no_critical_rows,126,0.010373832091625535,0.02,True,717
Uniform-QP-H,138,0.29406563953123926,0.7059343604687607,1.6254562257810024e-18,not_due_or_no_critical_rows,126,0.010373832091625535,0.02,True,722
Uniform-QP-H,139,0.29406563953123926,0.7059343604687607,1.6254562257810024e-18,not_due_or_no_critical_rows,126,0.010373832091625535,0.02,True,728
Uniform-QP-H,140,0.29406563953123926,0.7059343604687607,1.6254562257810024e-18,Optimization terminated successfully,126,0.01037836036497167,0.02,True,735
Uniform-QP-H,141,0.29406563953123926,0.7059343604687607,1.6254562257810024e-18,not_due_or_no_critical_rows,126,0.01037836036497167,0.02,True,745
Uniform-QP-H,142,0.29406563953123926,0.7059343604687607,1.6254562257810024e-18,not_due_or_no_critical_rows,128,0.01037836036497167,0.02,True,747
Uniform-QP-H,143,0.29406563953123926,0.7059343604687607,1.6254562257810024e-18,not_due_or_no_critical_rows,128,0.01037836036497167,0.02,True,752
Uniform-QP-H,144,0.29406563953123926,0.7059343604687607,1.6254562257810024e-18,not_due_or_no_critical_rows,128,0.01037836036497167,0.02,True,761
Uniform-QP-H,145,0.3117118620466867,0.6413381217012536,0.046950016252059704,Optimization terminated successfully,128,0.04306415917833808,0.02,False,766
Uniform-QP-H,146,0.3117118620466867,0.6413381217012536,0.046950016252059704,not_due_or_no_critical_rows,128,0.04306415917833808,0.02,False,773
Uniform-QP-H,147,0.3117118620466867,0.6413381217012536,0.046950016252059704,not_due_or_no_critical_rows,129,0.04306415917833808,0.02,False,777
Uniform-QP-H,148,0.3117118620466867,0.6413381217012536,0.046950016252059704,not_due_or_no_critical_rows,129,0.04306415917833808,0.02,False,786
Uniform-QP-H,149,0.3117118620466867,0.6413381217012536,0.046950016252059704,not_due_or_no_critical_rows,130,0.04306415917833808,0.02,False,786
Uniform-QP-H,150,0.31239151920786074,0.6319649537211285,0.05564352707101074,Optimization terminated successfully,130,0.0493129378317548,0.02,False,793
Uniform-QP-H,151,0.31239151920786074,0.6319649537211285,0.05564352707101074,not_due_or_no_critical_rows,130,0.0493129378317548,0.02,False,796
Uniform-QP-H,152,0.31239151920786074,0.6319649537211285,0.05564352707101074,not_due_or_no_critical_rows,130,0.0493129378317548,0.02,False,803
Uniform-QP-H,153,0.31239151920786074,0.6319649537211285,0.05564352707101074,not_due_or_no_critical_rows,130,0.0493129378317548,0.02,False,809
Uniform-QP-H,154,0.31239151920786074,0.6319649537211285,0.05564352707101074,not_due_or_no_critical_rows,131,0.0493129378317548,0.02,False,813
Uniform-QP-H,155,0.31239585525056435,0.6319554754048845,0.05564866934455108,Optimization terminated successfully,131,0.0062550975309126995,0.02,True,815
Uniform-QP-H,156,0.31239585525056435,0.6319554754048845,0.05564866934455108,not_due_or_no_critical_rows,131,0.0062550975309126995,0.02,True,821
Uniform-QP-H,157,0.31239585525056435,0.6319554754048845,0.05564866934455108,not_due_or_no_critical_rows,131,0.0062550975309126995,0.02,True,826
Uniform-QP-H,158,0.31239585525056435,0.6319554754048845,0.05564866934455108,not_due_or_no_critical_rows,131,0.0062550975309126995,0.02,True,835
Uniform-QP-H,159,0.31239585525056435,0.6319554754048845,0.05564866934455108,not_due_or_no_critical_rows,131,0.0062550975309126995,0.02,True,838
Uniform-QP-H,160,0.3133275657619981,0.6319479195734499,0.05472451466455198,Optimization terminated successfully,131,0.0006240310360915829,0.02,True,844
Uniform-QP-H,161,0.3133275657619981,0.6319479195734499,0.05472451466455198,not_due_or_no_critical_rows,131,0.0006240310360915829,0.02,True,851
Uniform-QP-H,162,0.3133275657619981,0.6319479195734499,0.05472451466455198,not_due_or_no_critical_rows,131,0.0006240310360915829,0.02,True,852
Uniform-QP-H,163,0.3133275657619981,0.6319479195734499,0.05472451466455198,not_due_or_no_critical_rows,131,0.0006240310360915829,0.02,True,861
Uniform-QP-H,164,0.3133275657619981,0.6319479195734499,0.05472451466455198,not_due_or_no_critical_rows,131,0.0006240310360915829,0.02,True,871
Uniform-QP-H,165,0.31711014231198936,0.5797848691944371,0.10310498849357361,Optimization terminated successfully,131,0.03478040414029833,0.02,False,874
Uniform-QP-H,166,0.31711014231198936,0.5797848691944371,0.10310498849357361,not_due_or_no_critical_rows,131,0.03478040414029833,0.02,False,879
Uniform-QP-H,167,0.31711014231198936,0.5797848691944371,0.10310498849357361,not_due_or_no_critical_rows,131,0.03478040414029833,0.02,False,882
Uniform-QP-H,168,0.31711014231198936,0.5797848691944371,0.10310498849357361,not_due_or_no_critical_rows,131,0.03478040414029833,0.02,False,889
Uniform-QP-H,169,0.31711014231198936,0.5797848691944371,0.10310498849357361,not_due_or_no_critical_rows,131,0.03478040414029833,0.02,False,894
Uniform-QP-H,170,0.31622593313732517,0.5919800476526714,0.09179401921000338,Optimization terminated successfully,132,0.026645247947185636,0.02,False,896
Uniform-QP-H,171,0.31622593313732517,0.5919800476526714,0.09179401921000338,not_due_or_no_critical_rows,132,0.026645247947185636,0.02,False,899
Uniform-QP-H,172,0.31622593313732517,0.5919800476526714,0.09179401921000338,not_due_or_no_critical_rows,132,0.026645247947185636,0.02,False,908
Uniform-QP-H,173,0.31622593313732517,0.5919800476526714,0.09179401921000338,not_due_or_no_critical_rows,133,0.026645247947185636,0.02,False,909
Uniform-QP-H,174,0.31622593313732517,0.5919800476526714,0.09179401921000338,not_due_or_no_critical_rows,133,0.026645247947185636,0.02,False,914
Uniform-QP-H,175,0.34584876265413134,0.5917432819750714,0.062407955370797276,Optimization terminated successfully,133,0.027131355415184227,0.02,False,916
Uniform-QP-H,176,0.34584876265413134,0.5917432819750714,0.062407955370797276,not_due_or_no_critical_rows,133,0.027131355415184227,0.02,False,925
Uniform-QP-H,177,0.34584876265413134,0.5917432819750714,0.062407955370797276,not_due_or_no_critical_rows,134,0.027131355415184227,0.02,False,929
Uniform-QP-H,178,0.34584876265413134,0.5917432819750714,0.062407955370797276,not_due_or_no_critical_rows,135,0.027131355415184227,0.02,False,934
Uniform-QP-H,179,0.34584876265413134,0.5917432819750714,0.062407955370797276,not_due_or_no_critical_rows,135,0.027131355415184227,0.02,False,939
Uniform-QP-H,180,0.33986405178633444,0.5917916520394696,0.06834429617419603,Optimization terminated successfully,136,0.015758745766006152,0.02,True,940
Uniform-QP-H,181,0.33986405178633444,0.5917916520394696,0.06834429617419603,not_due_or_no_critical_rows,137,0.015758745766006152,0.02,True,943
Uniform-QP-H,182,0.33986405178633444,0.5917916520394696,0.06834429617419603,not_due_or_no_critical_rows,137,0.015758745766006152,0.02,True,946
Uniform-QP-H,183,0.33986405178633444,0.5917916520394696,0.06834429617419603,not_due_or_no_critical_rows,137,0.015758745766006152,0.02,True,953
Uniform-QP-H,184,0.33986405178633444,0.5917916520394696,0.06834429617419603,not_due_or_no_critical_rows,137,0.015758745766006152,0.02,True,959
Uniform-QP-H,185,0.3398661826523851,0.5917877181329142,0.06834609921470074,Optimization terminated successfully,137,0.003988386667830822,0.02,True,963
Uniform-QP-H,186,0.3398661826523851,0.5917877181329142,0.06834609921470074,not_due_or_no_critical_rows,137,0.003988386667830822,0.02,True,968
Uniform-QP-H,187,0.3398661826523851,0.5917877181329142,0.06834609921470074,not_due_or_no_critical_rows,137,0.003988386667830822,0.02,True,973
Uniform-QP-H,188,0.3398661826523851,0.5917877181329142,0.06834609921470074,not_due_or_no_critical_rows,137,0.003988386667830822,0.02,True,978
Uniform-QP-H,189,0.3398661826523851,0.5917877181329142,0.06834609921470074,not_due_or_no_critical_rows,137,0.003988386667830822,0.02,True,984
Uniform-QP-H,190,0.363554410723064,0.5921326385169613,0.04431295075997464,Optimization terminated successfully,138,0.016020896942814212,0.02,True,984
Uniform-QP-H,191,0.363554410723064,0.5921326385169613,0.04431295075997464,not_due_or_no_critical_rows,138,0.016020896942814212,0.02,True,987
Uniform-QP-H,192,0.363554410723064,0.5921326385169613,0.04431295075997464,not_due_or_no_critical_rows,138,0.016020896942814212,0.02,True,991
Uniform-QP-H,193,0.363554410723064,0.5921326385169613,0.04431295075997464,not_due_or_no_critical_rows,138,0.016020896942814212,0.02,True,991
Uniform-QP-H,194,0.363554410723064,0.5921326385169613,0.04431295075997464,not_due_or_no_critical_rows,138,0.016020896942814212,0.02,True,996
Uniform-QP-H,195,0.3852179895098234,0.5923907760008286,0.022391234489347968,Optimization terminated successfully,138,0.030636576483568472,0.02,False,999
Uniform-QP-H,196,0.3852179895098234,0.5923907760008286,0.022391234489347968,not_due_or_no_critical_rows,138,0.030636576483568472,0.02,False,1010
Uniform-QP-H,197,0.3852179895098234,0.5923907760008286,0.022391234489347968,not_due_or_no_critical_rows,140,0.030636576483568472,0.02,False,1010
Uniform-QP-H,198,0.3852179895098234,0.5923907760008286,0.022391234489347968,not_due_or_no_critical_rows,140,0.030636576483568472,0.02,False,1014
Uniform-QP-H,199,0.3852179895098234,0.5923907760008286,0.022391234489347968,not_due_or_no_critical_rows,140,0.030636576483568472,0.02,False,1019
Uniform-QP-H,200,0.38521994027253254,0.5923859955241572,0.022394064203310287,Optimization terminated successfully,140,0.014612591037776254,0.02,True,1023
Uniform-QP-H,201,0.38521994027253254,0.5923859955241572,0.022394064203310287,not_due_or_no_critical_rows,140,0.014612591037776254,0.02,True,1030
Uniform-QP-H,202,0.38521994027253254,0.5923859955241572,0.022394064203310287,not_due_or_no_critical_rows,141,0.014612591037776254,0.02,True,1035
Uniform-QP-H,203,0.38521994027253254,0.5923859955241572,0.022394064203310287,not_due_or_no_critical_rows,141,0.014612591037776254,0.02,True,1038
Uniform-QP-H,204,0.38521994027253254,0.5923859955241572,0.022394064203310287,not_due_or_no_critical_rows,141,0.014612591037776254,0.02,True,1043
Uniform-QP-H,205,0.3851851528883944,0.5928338554783178,0.021980991633287917,Optimization terminated successfully,141,0.00029538631832609283,0.02,True,1049
Uniform-QP-H,206,0.3851851528883944,0.5928338554783178,0.021980991633287917,not_due_or_no_critical_rows,141,0.00029538631832609283,0.02,True,1050
Uniform-QP-H,207,0.3851851528883944,0.5928338554783178,0.021980991633287917,not_due_or_no_critical_rows,141,0.00029538631832609283,0.02,True,1057
Uniform-QP-H,208,0.3851851528883944,0.5928338554783178,0.021980991633287917,not_due_or_no_critical_rows,141,0.00029538631832609283,0.02,True,1060
Uniform-QP-H,209,0.3851851528883944,0.5928338554783178,0.021980991633287917,not_due_or_no_critical_rows,141,0.00029538631832609283,0.02,True,1067
Uniform-QP-H,210,0.3794277553957218,0.5913588234770027,0.029213421127275433,Optimization terminated successfully,141,0.0045462379493100905,0.02,True,1069
Uniform-QP-H,211,0.3794277553957218,0.5913588234770027,0.029213421127275433,not_due_or_no_critical_rows,141,0.0045462379493100905,0.02,True,1075
Uniform-QP-H,212,0.3794277553957218,0.5913588234770027,0.029213421127275433,not_due_or_no_critical_rows,141,0.0045462379493100905,0.02,True,1083
Uniform-QP-H,213,0.3794277553957218,0.5913588234770027,0.029213421127275433,not_due_or_no_critical_rows,143,0.0045462379493100905,0.02,True,1083
Uniform-QP-H,214,0.3794277553957218,0.5913588234770027,0.029213421127275433,not_due_or_no_critical_rows,143,0.0045462379493100905,0.02,True,1090
Uniform-QP-H,215,0.37955335744699686,0.591357631498648,0.029089011054355258,Optimization terminated successfully,143,0.0047386796140449034,0.02,True,1093
Uniform-QP-H,216,0.37955335744699686,0.591357631498648,0.029089011054355258,not_due_or_no_critical_rows,144,0.0047386796140449034,0.02,True,1098
Uniform-QP-H,217,0.37955335744699686,0.591357631498648,0.029089011054355258,not_due_or_no_critical_rows,145,0.0047386796140449034,0.02,True,1105
Uniform-QP-H,218,0.37955335744699686,0.591357631498648,0.029089011054355258,not_due_or_no_critical_rows,145,0.0047386796140449034,0.02,True,1112
Uniform-QP-H,219,0.37955335744699686,0.591357631498648,0.029089011054355258,not_due_or_no_critical_rows,145,0.0047386796140449034,0.02,True,1118
Uniform-QP-H,220,0.3795507125231366,0.5917075758521348,0.028741711624728584,Optimization terminated successfully,145,0.00031447300169790945,0.02,True,1124
Uniform-QP-H,221,0.3795507125231366,0.5917075758521348,0.028741711624728584,not_due_or_no_critical_rows,145,0.00031447300169790945,0.02,True,1129
Uniform-QP-H,222,0.3795507125231366,0.5917075758521348,0.028741711624728584,not_due_or_no_critical_rows,145,0.00031447300169790945,0.02,True,1135
Uniform-QP-H,223,0.3795507125231366,0.5917075758521348,0.028741711624728584,not_due_or_no_critical_rows,145,0.00031447300169790945,0.02,True,1140
Uniform-QP-H,224,0.3795507125231366,0.5917075758521348,0.028741711624728584,not_due_or_no_critical_rows,145,0.00031447300169790945,0.02,True,1147
Uniform-QP-H,225,0.37875250274325756,0.6027143601838995,0.018533137072842987,Optimization terminated successfully,145,0.0075711524568343605,0.02,True,1156
Uniform-QP-H,226,0.37875250274325756,0.6027143601838995,0.018533137072842987,not_due_or_no_critical_rows,145,0.0075711524568343605,0.02,True,1160
Uniform-QP-H,227,0.37875250274325756,0.6027143601838995,0.018533137072842987,not_due_or_no_critical_rows,146,0.0075711524568343605,0.02,True,1162
Uniform-QP-H,228,0.37875250274325756,0.6027143601838995,0.018533137072842987,not_due_or_no_critical_rows,146,0.0075711524568343605,0.02,True,1165
Uniform-QP-H,229,0.37875250274325756,0.6027143601838995,0.018533137072842987,not_due_or_no_critical_rows,146,0.0075711524568343605,0.02,True,1171
Uniform-QP-H,230,0.37874979073192,0.6027200822297978,0.0185301270382822,Optimization terminated successfully,146,0.007341670918441973,0.02,True,1179
Uniform-QP-H,231,0.37874979073192,0.6027200822297978,0.0185301270382822,not_due_or_no_critical_rows,146,0.007341670918441973,0.02,True,1184
Uniform-QP-H,232,0.37874979073192,0.6027200822297978,0.0185301270382822,not_due_or_no_critical_rows,146,0.007341670918441973,0.02,True,1189
Uniform-QP-H,233,0.37874979073192,0.6027200822297978,0.0185301270382822,not_due_or_no_critical_rows,146,0.007341670918441973,0.02,True,1194
Uniform-QP-H,234,0.37874979073192,0.6027200822297978,0.0185301270382822,not_due_or_no_critical_rows,146,0.007341670918441973,0.02,True,1200
Uniform-QP-H,235,0.3798746659957604,0.587254421973645,0.03287091203059448,Optimization terminated successfully,146,0.010306625473502947,0.02,True,1207
Uniform-QP-H,236,0.3798746659957604,0.587254421973645,0.03287091203059448,not_due_or_no_critical_rows,146,0.010306625473502947,0.02,True,1209
Uniform-QP-H,237,0.3798746659957604,0.587254421973645,0.03287091203059448,not_due_or_no_critical_rows,147,0.010306625473502947,0.02,True,1214
Uniform-QP-H,238,0.3798746659957604,0.587254421973645,0.03287091203059448,not_due_or_no_critical_rows,147,0.010306625473502947,0.02,True,1221
Uniform-QP-H,239,0.3798746659957604,0.587254421973645,0.03287091203059448,not_due_or_no_critical_rows,147,0.010306625473502947,0.02,True,1222
Uniform-QP-H,240,0.3798746659957604,0.587254421973645,0.03287091203059448,Optimization terminated successfully,147,0.010310440170768504,0.02,True,1225
Uniform-QP-H,241,0.3798746659957604,0.587254421973645,0.03287091203059448,not_due_or_no_critical_rows,147,0.010310440170768504,0.02,True,1230
Uniform-QP-H,242,0.3798746659957604,0.587254421973645,0.03287091203059448,not_due_or_no_critical_rows,147,0.010310440170768504,0.02,True,1234
Uniform-QP-H,243,0.3798746659957604,0.587254421973645,0.03287091203059448,not_due_or_no_critical_rows,147,0.010310440170768504,0.02,True,1234
Uniform-QP-H,244,0.3798746659957604,0.587254421973645,0.03287091203059448,not_due_or_no_critical_rows,147,0.010310440170768504,0.02,True,1239
Uniform-QP-H,245,0.3798746659957604,0.587254421973645,0.03287091203059448,Optimization terminated successfully,147,0.0,0.02,True,1246
Uniform-QP-H,246,0.3798746659957604,0.587254421973645,0.03287091203059448,not_due_or_no_critical_rows,147,0.0,0.02,True,1253
Uniform-QP-H,247,0.3798746659957604,0.587254421973645,0.03287091203059448,not_due_or_no_critical_rows,147,0.0,0.02,True,1258
Uniform-QP-H,248,0.3798746659957604,0.587254421973645,0.03287091203059448,not_due_or_no_critical_rows,147,0.0,0.02,True,1266
Uniform-QP-H,249,0.3798746659957604,0.587254421973645,0.03287091203059448,not_due_or_no_critical_rows,147,0.0,0.02,True,1266
Uniform-QP-H,250,0.38150932651884806,0.5685183998357767,0.049972273645375306,Optimization terminated successfully,147,0.012490681425245585,0.02,True,1275
Uniform-QP-H,251,0.38150932651884806,0.5685183998357767,0.049972273645375306,not_due_or_no_critical_rows,147,0.012490681425245585,0.02,True,1284
Uniform-QP-H,252,0.38150932651884806,0.5685183998357767,0.049972273645375306,not_due_or_no_critical_rows,147,0.012490681425245585,0.02,True,1290
Uniform-QP-H,253,0.38150932651884806,0.5685183998357767,0.049972273645375306,not_due_or_no_critical_rows,147,0.012490681425245585,0.02,True,1298
Uniform-QP-H,254,0.38150932651884806,0.5685183998357767,0.049972273645375306,not_due_or_no_critical_rows,147,0.012490681425245585,0.02,True,1303
Uniform-QP-H,255,0.3797679748740307,0.5925325830688929,0.027699442057076463,Optimization terminated successfully,147,0.0035187740634985572,0.02,True,1308
Uniform-QP-H,256,0.3797679748740307,0.5925325830688929,0.027699442057076463,not_due_or_no_critical_rows,147,0.0035187740634985572,0.02,True,1311
Uniform-QP-H,257,0.3797679748740307,0.5925325830688929,0.027699442057076463,not_due_or_no_critical_rows,148,0.0035187740634985572,0.02,True,1313
Uniform-QP-H,258,0.3797679748740307,0.5925325830688929,0.027699442057076463,not_due_or_no_critical_rows,149,0.0035187740634985572,0.02,True,1317
Uniform-QP-H,259,0.3797679748740307,0.5925325830688929,0.027699442057076463,not_due_or_no_critical_rows,149,0.0035187740634985572,0.02,True,1319
Uniform-QP-H,260,0.37972702819503396,0.5927633695380841,0.02750960226688189,Optimization terminated successfully,149,0.016163313134871637,0.02,True,1324
Uniform-QP-H,261,0.37972702819503396,0.5927633695380841,0.02750960226688189,not_due_or_no_critical_rows,149,0.016163313134871637,0.02,True,1327
Uniform-QP-H,262,0.37972702819503396,0.5927633695380841,0.02750960226688189,not_due_or_no_critical_rows,149,0.016163313134871637,0.02,True,1335
Uniform-QP-H,263,0.37972702819503396,0.5927633695380841,0.02750960226688189,not_due_or_no_critical_rows,149,0.016163313134871637,0.02,True,1339
Uniform-QP-H,264,0.37972702819503396,0.5927633695380841,0.02750960226688189,not_due_or_no_critical_rows,150,0.016163313134871637,0.02,True,1344
Uniform-QP-H,265,0.3924542058116412,0.6075457941883587,2.4665599424045226e-18,Optimization terminated successfully,150,0.01846629470471761,0.02,True,1345
Uniform-QP-H,266,0.3924542058116412,0.6075457941883587,2.4665599424045226e-18,not_due_or_no_critical_rows,150,0.01846629470471761,0.02,True,1347
Uniform-QP-H,267,0.3924542058116412,0.6075457941883587,2.4665599424045226e-18,not_due_or_no_critical_rows,150,0.01846629470471761,0.02,True,1353
Uniform-QP-H,268,0.3924542058116412,0.6075457941883587,2.4665599424045226e-18,not_due_or_no_critical_rows,150,0.01846629470471761,0.02,True,1356
Uniform-QP-H,269,0.3924542058116412,0.6075457941883587,2.4665599424045226e-18,not_due_or_no_critical_rows,151,0.01846629470471761,0.02,True,1358
Uniform-QP-H,270,0.3847681304181992,0.6152318695818008,2.981555974335137e-19,Optimization terminated successfully,151,0.018339734844587938,0.02,True,1362
Uniform-QP-H,271,0.3847681304181992,0.6152318695818008,2.981555974335137e-19,not_due_or_no_critical_rows,151,0.018339734844587938,0.02,True,1366
Uniform-QP-H,272,0.3847681304181992,0.6152318695818008,2.981555974335137e-19,not_due_or_no_critical_rows,151,0.018339734844587938,0.02,True,1369
Uniform-QP-H,273,0.3847681304181992,0.6152318695818008,2.981555974335137e-19,not_due_or_no_critical_rows,151,0.018339734844587938,0.02,True,1378
Uniform-QP-H,274,0.3847681304181992,0.6152318695818008,2.981555974335137e-19,not_due_or_no_critical_rows,151,0.018339734844587938,0.02,True,1384
Uniform-QP-H,275,0.3847681304181992,0.6152318695818008,2.981555974335137e-19,Optimization terminated successfully,151,0.005124050262294678,0.02,True,1389
Uniform-QP-H,276,0.3847681304181992,0.6152318695818008,2.981555974335137e-19,not_due_or_no_critical_rows,151,0.005124050262294678,0.02,True,1392
Uniform-QP-H,277,0.3847681304181992,0.6152318695818008,2.981555974335137e-19,not_due_or_no_critical_rows,151,0.005124050262294678,0.02,True,1399
Uniform-QP-H,278,0.3847681304181992,0.6152318695818008,2.981555974335137e-19,not_due_or_no_critical_rows,151,0.005124050262294678,0.02,True,1405
Uniform-QP-H,279,0.3847681304181992,0.6152318695818008,2.981555974335137e-19,not_due_or_no_critical_rows,151,0.005124050262294678,0.02,True,1412
Uniform-QP-H,280,0.32849318102989383,0.6715068189701062,0.0,Optimization terminated successfully,151,0.03751663292553694,0.02,False,1418
Uniform-QP-H,281,0.32849318102989383,0.6715068189701062,0.0,not_due_or_no_critical_rows,151,0.03751663292553694,0.02,False,1425
Uniform-QP-H,282,0.32849318102989383,0.6715068189701062,0.0,not_due_or_no_critical_rows,151,0.03751663292553694,0.02,False,1429
Uniform-QP-H,283,0.32849318102989383,0.6715068189701062,0.0,not_due_or_no_critical_rows,152,0.03751663292553694,0.02,False,1429
Uniform-QP-H,284,0.32849318102989383,0.6715068189701062,0.0,not_due_or_no_critical_rows,152,0.03751663292553694,0.02,False,1436
Uniform-QP-H,285,0.2899917647885352,0.7100082352114648,9.540979117872439e-18,Optimization terminated successfully,152,0.06318424375310934,0.02,False,1441
Uniform-QP-H,286,0.2899917647885352,0.7100082352114648,9.540979117872439e-18,not_due_or_no_critical_rows,152,0.06318424375310934,0.02,False,1446
Uniform-QP-H,287,0.2899917647885352,0.7100082352114648,9.540979117872439e-18,not_due_or_no_critical_rows,152,0.06318424375310934,0.02,False,1453
Uniform-QP-H,288,0.2899917647885352,0.7100082352114648,9.540979117872439e-18,not_due_or_no_critical_rows,152,0.06318424375310934,0.02,False,1456
Uniform-QP-H,289,0.2899917647885352,0.7100082352114648,9.540979117872439e-18,not_due_or_no_critical_rows,152,0.06318424375310934,0.02,False,1461
Uniform-QP-H,290,0.28986124949070585,0.7101387505092942,5.451504048528677e-18,Optimization terminated successfully,152,0.02575462102612532,0.02,False,1465
Uniform-QP-H,291,0.28986124949070585,0.7101387505092942,5.451504048528677e-18,not_due_or_no_critical_rows,152,0.02575462102612532,0.02,False,1473
Uniform-QP-H,292,0.28986124949070585,0.7101387505092942,5.451504048528677e-18,not_due_or_no_critical_rows,152,0.02575462102612532,0.02,False,1476
Uniform-QP-H,293,0.28986124949070585,0.7101387505092942,5.451504048528677e-18,not_due_or_no_critical_rows,152,0.02575462102612532,0.02,False,1480
Uniform-QP-H,294,0.28986124949070585,0.7101387505092942,5.451504048528677e-18,not_due_or_no_critical_rows,152,0.02575462102612532,0.02,False,1488
Uniform-QP-H,295,0.33744460076985494,0.6625553992301451,3.537209587733958e-18,Optimization terminated successfully,152,0.0316352239875465,0.02,False,1495
Uniform-QP-H,296,0.33744460076985494,0.6625553992301451,3.537209587733958e-18,not_due_or_no_critical_rows,152,0.0316352239875465,0.02,False,1502
Uniform-QP-H,297,0.33744460076985494,0.6625553992301451,3.537209587733958e-18,not_due_or_no_critical_rows,154,0.0316352239875465,0.02,False,1506
Uniform-QP-H,298,0.33744460076985494,0.6625553992301451,3.537209587733958e-18,not_due_or_no_critical_rows,154,0.0316352239875465,0.02,False,1511
Uniform-QP-H,299,0.33744460076985494,0.6625553992301451,3.537209587733958e-18,not_due_or_no_critical_rows,154,0.0316352239875465,0.02,False,1511
Uniform-QP-H,300,0.3631078361775518,0.6368921638224482,3.598195959936268e-18,Optimization terminated successfully,154,0.04883105779123067,0.02,False,1517
Uniform-QP-H,301,0.3631078361775518,0.6368921638224482,3.598195959936268e-18,not_due_or_no_critical_rows,154,0.04883105779123067,0.02,False,1523
Uniform-QP-H,302,0.3631078361775518,0.6368921638224482,3.598195959936268e-18,not_due_or_no_critical_rows,154,0.04883105779123067,0.02,False,1528
Uniform-QP-H,303,0.3631078361775518,0.6368921638224482,3.598195959936268e-18,not_due_or_no_critical_rows,154,0.04883105779123067,0.02,False,1532
Uniform-QP-H,304,0.3631078361775518,0.6368921638224482,3.598195959936268e-18,not_due_or_no_critical_rows,154,0.04883105779123067,0.02,False,1539
Uniform-QP-H,305,0.36062364303208067,0.6393763569679193,5.963111948670274e-19,Optimization terminated successfully,154,0.015452694841483835,0.02,True,1541
Uniform-QP-H,306,0.36062364303208067,0.6393763569679193,5.963111948670274e-19,not_due_or_no_critical_rows,154,0.015452694841483835,0.02,True,1549
Uniform-QP-H,307,0.36062364303208067,0.6393763569679193,5.963111948670274e-19,not_due_or_no_critical_rows,154,0.015452694841483835,0.02,True,1556
Uniform-QP-H,308,0.36062364303208067,0.6393763569679193,5.963111948670274e-19,not_due_or_no_critical_rows,154,0.015452694841483835,0.02,True,1565
Uniform-QP-H,309,0.36062364303208067,0.6393763569679193,5.963111948670274e-19,not_due_or_no_critical_rows,154,0.015452694841483835,0.02,True,1568
Uniform-QP-H,310,0.39931171938295307,0.6006882806170469,0.0,Optimization terminated successfully,154,0.024135922136934163,0.02,False,1570
Uniform-QP-H,311,0.39931171938295307,0.6006882806170469,0.0,not_due_or_no_critical_rows,154,0.024135922136934163,0.02,False,1574
Uniform-QP-H,312,0.39931171938295307,0.6006882806170469,0.0,not_due_or_no_critical_rows,154,0.024135922136934163,0.02,False,1577
Uniform-QP-H,313,0.39931171938295307,0.6006882806170469,0.0,not_due_or_no_critical_rows,154,0.024135922136934163,0.02,False,1581
Uniform-QP-H,314,0.39931171938295307,0.6006882806170469,0.0,not_due_or_no_critical_rows,154,0.024135922136934163,0.02,False,1581
Uniform-QP-H,315,0.40379799034662933,0.5962020096533706,1.4094628242311558e-18,Optimization terminated successfully,155,0.02878289820969913,0.02,False,1584
Uniform-QP-H,316,0.40379799034662933,0.5962020096533706,1.4094628242311558e-18,not_due_or_no_critical_rows,155,0.02878289820969913,0.02,False,1587
Uniform-QP-H,317,0.40379799034662933,0.5962020096533706,1.4094628242311558e-18,not_due_or_no_critical_rows,156,0.02878289820969913,0.02,False,1591
Uniform-QP-H,318,0.40379799034662933,0.5962020096533706,1.4094628242311558e-18,not_due_or_no_critical_rows,156,0.02878289820969913,0.02,False,1597
Uniform-QP-H,319,0.40379799034662933,0.5962020096533706,1.4094628242311558e-18,not_due_or_no_critical_rows,156,0.02878289820969913,0.02,False,1603
Uniform-QP-H,320,0.40476635741262,0.5952336425873799,4.607859233063394e-19,Optimization terminated successfully,156,0.0036364253531113353,0.02,True,1611
Uniform-QP-H,321,0.40476635741262,0.5952336425873799,4.607859233063394e-19,not_due_or_no_critical_rows,156,0.0036364253531113353,0.02,True,1622
Uniform-QP-H,322,0.40476635741262,0.5952336425873799,4.607859233063394e-19,not_due_or_no_critical_rows,156,0.0036364253531113353,0.02,True,1629
Uniform-QP-H,323,0.40476635741262,0.5952336425873799,4.607859233063394e-19,not_due_or_no_critical_rows,156,0.0036364253531113353,0.02,True,1632
Uniform-QP-H,324,0.40476635741262,0.5952336425873799,4.607859233063394e-19,not_due_or_no_critical_rows,156,0.0036364253531113353,0.02,True,1636
Uniform-QP-H,325,0.4102472074389997,0.5897527925610002,3.3881317890172014e-18,Optimization terminated successfully,156,0.004299478061580228,0.02,True,1637
Uniform-QP-H,326,0.4102472074389997,0.5897527925610002,3.3881317890172014e-18,not_due_or_no_critical_rows,156,0.004299478061580228,0.02,True,1645
Uniform-QP-H,327,0.4102472074389997,0.5897527925610002,3.3881317890172014e-18,not_due_or_no_critical_rows,156,0.004299478061580228,0.02,True,1650
Uniform-QP-H,328,0.4102472074389997,0.5897527925610002,3.3881317890172014e-18,not_due_or_no_critical_rows,156,0.004299478061580228,0.02,True,1657
Uniform-QP-H,329,0.4102472074389997,0.5897527925610002,3.3881317890172014e-18,not_due_or_no_critical_rows,156,0.004299478061580228,0.02,True,1661
Uniform-QP-H,330,0.41843313286196077,0.5815668671380392,1.734723475976807e-18,Optimization terminated successfully,157,0.009111183632893816,0.02,True,1665
Uniform-QP-H,331,0.41843313286196077,0.5815668671380392,1.734723475976807e-18,not_due_or_no_critical_rows,157,0.009111183632893816,0.02,True,1671
Uniform-QP-H,332,0.41843313286196077,0.5815668671380392,1.734723475976807e-18,not_due_or_no_critical_rows,157,0.009111183632893816,0.02,True,1675
Uniform-QP-H,333,0.41843313286196077,0.5815668671380392,1.734723475976807e-18,not_due_or_no_critical_rows,157,0.009111183632893816,0.02,True,1680
Uniform-QP-H,334,0.41843313286196077,0.5815668671380392,1.734723475976807e-18,not_due_or_no_critical_rows,158,0.009111183632893816,0.02,True,1681
Uniform-QP-H,335,0.41747376397208485,0.5825262360279151,5.095750210681871e-18,Optimization terminated successfully,158,0.0048177043553901035,0.02,True,1685
Uniform-QP-H,336,0.41747376397208485,0.5825262360279151,5.095750210681871e-18,not_due_or_no_critical_rows,158,0.0048177043553901035,0.02,True,1688
Uniform-QP-H,337,0.41747376397208485,0.5825262360279151,5.095750210681871e-18,not_due_or_no_critical_rows,158,0.0048177043553901035,0.02,True,1696
Uniform-QP-H,338,0.41747376397208485,0.5825262360279151,5.095750210681871e-18,not_due_or_no_critical_rows,158,0.0048177043553901035,0.02,True,1701
Uniform-QP-H,339,0.41747376397208485,0.5825262360279151,5.095750210681871e-18,not_due_or_no_critical_rows,158,0.0048177043553901035,0.02,True,1702
Uniform-QP-H,340,0.4175386115378032,0.5824613884621967,0.0,Optimization terminated successfully,158,0.0005963475494383813,0.02,True,1706
Uniform-QP-H,341,0.4175386115378032,0.5824613884621967,0.0,not_due_or_no_critical_rows,158,0.0005963475494383813,0.02,True,1713
Uniform-QP-H,342,0.4175386115378032,0.5824613884621967,0.0,not_due_or_no_critical_rows,158,0.0005963475494383813,0.02,True,1718
Uniform-QP-H,343,0.4175386115378032,0.5824613884621967,0.0,not_due_or_no_critical_rows,158,0.0005963475494383813,0.02,True,1723
Uniform-QP-H,344,0.4175386115378032,0.5824613884621967,0.0,not_due_or_no_critical_rows,158,0.0005963475494383813,0.02,True,1726
Uniform-QP-H,345,0.4175630401063074,0.5824369598936926,2.176874674443552e-18,Optimization terminated successfully,158,5.951742281501513e-05,0.02,True,1728
Uniform-QP-H,346,0.4175630401063074,0.5824369598936926,2.176874674443552e-18,not_due_or_no_critical_rows,158,5.951742281501513e-05,0.02,True,1733
Uniform-QP-H,347,0.4175630401063074,0.5824369598936926,2.176874674443552e-18,not_due_or_no_critical_rows,158,5.951742281501513e-05,0.02,True,1737
Uniform-QP-H,348,0.4175630401063074,0.5824369598936926,2.176874674443552e-18,not_due_or_no_critical_rows,158,5.951742281501513e-05,0.02,True,1739
Uniform-QP-H,349,0.4175630401063074,0.5824369598936926,2.176874674443552e-18,not_due_or_no_critical_rows,158,5.951742281501513e-05,0.02,True,1748
Uniform-QP-H,350,0.45537014762182587,0.5446298523781742,0.0,Optimization terminated successfully,158,0.02522102405601508,0.02,False,1755
Uniform-QP-H,351,0.45537014762182587,0.5446298523781742,0.0,not_due_or_no_critical_rows,158,0.02522102405601508,0.02,False,1760
Uniform-QP-H,352,0.45537014762182587,0.5446298523781742,0.0,not_due_or_no_critical_rows,158,0.02522102405601508,0.02,False,1766
Uniform-QP-H,353,0.45537014762182587,0.5446298523781742,0.0,not_due_or_no_critical_rows,158,0.02522102405601508,0.02,False,1768
Uniform-QP-H,354,0.45537014762182587,0.5446298523781742,0.0,not_due_or_no_critical_rows,158,0.02522102405601508,0.02,False,1775
Uniform-QP-H,355,0.45630341483542,0.54369658516458,0.0,Optimization terminated successfully,158,0.025826916486075064,0.02,False,1779
Uniform-QP-H,356,0.45630341483542,0.54369658516458,0.0,not_due_or_no_critical_rows,158,0.025826916486075064,0.02,False,1782
Uniform-QP-H,357,0.45630341483542,0.54369658516458,0.0,not_due_or_no_critical_rows,158,0.025826916486075064,0.02,False,1791
Uniform-QP-H,358,0.45630341483542,0.54369658516458,0.0,not_due_or_no_critical_rows,158,0.025826916486075064,0.02,False,1798
Uniform-QP-H,359,0.45630341483542,0.54369658516458,0.0,not_due_or_no_critical_rows,158,0.025826916486075064,0.02,False,1805
Uniform-QP-H,360,0.4878436667932907,0.5121563332067093,0.0,Optimization terminated successfully,158,0.021649012780976584,0.02,False,1808
Uniform-QP-H,361,0.4878436667932907,0.5121563332067093,0.0,not_due_or_no_critical_rows,158,0.021649012780976584,0.02,False,1818
Uniform-QP-H,362,0.4878436667932907,0.5121563332067093,0.0,not_due_or_no_critical_rows,158,0.021649012780976584,0.02,False,1822
Uniform-QP-H,363,0.4878436667932907,0.5121563332067093,0.0,not_due_or_no_critical_rows,158,0.021649012780976584,0.02,False,1831
Uniform-QP-H,364,0.4878436667932907,0.5121563332067093,0.0,not_due_or_no_critical_rows,158,0.021649012780976584,0.02,False,1838
Uniform-QP-H,365,0.46352574136581354,0.5364742586341864,0.0,Optimization terminated successfully,158,0.004814884353595709,0.02,True,1844
Uniform-QP-H,366,0.46352574136581354,0.5364742586341864,0.0,not_due_or_no_critical_rows,158,0.004814884353595709,0.02,True,1849
Uniform-QP-H,367,0.46352574136581354,0.5364742586341864,0.0,not_due_or_no_critical_rows,158,0.004814884353595709,0.02,True,1857
Uniform-QP-H,368,0.46352574136581354,0.5364742586341864,0.0,not_due_or_no_critical_rows,158,0.004814884353595709,0.02,True,1862
Uniform-QP-H,369,0.46352574136581354,0.5364742586341864,0.0,not_due_or_no_critical_rows,158,0.004814884353595709,0.02,True,1869
Uniform-QP-H,370,0.46569049771673315,0.5343095022832668,8.131516293641283e-19,Optimization terminated successfully,158,0.014768779384371692,0.02,True,1871
Uniform-QP-H,371,0.46569049771673315,0.5343095022832668,8.131516293641283e-19,not_due_or_no_critical_rows,158,0.014768779384371692,0.02,True,1879
Uniform-QP-H,372,0.46569049771673315,0.5343095022832668,8.131516293641283e-19,not_due_or_no_critical_rows,158,0.014768779384371692,0.02,True,1888
Uniform-QP-H,373,0.46569049771673315,0.5343095022832668,8.131516293641283e-19,not_due_or_no_critical_rows,158,0.014768779384371692,0.02,True,1894
Uniform-QP-H,374,0.46569049771673315,0.5343095022832668,8.131516293641283e-19,not_due_or_no_critical_rows,158,0.014768779384371692,0.02,True,1896
Uniform-QP-H,375,0.36280961415432766,0.545970848975312,0.09121953687036038,Optimization terminated successfully,158,0.06714408480765728,0.02,False,1896
Uniform-QP-H,376,0.36280961415432766,0.545970848975312,0.09121953687036038,not_due_or_no_critical_rows,158,0.06714408480765728,0.02,False,1901
Uniform-QP-H,377,0.36280961415432766,0.545970848975312,0.09121953687036038,not_due_or_no_critical_rows,158,0.06714408480765728,0.02,False,1905
Uniform-QP-H,378,0.36280961415432766,0.545970848975312,0.09121953687036038,not_due_or_no_critical_rows,158,0.06714408480765728,0.02,False,1908
Uniform-QP-H,379,0.36280961415432766,0.545970848975312,0.09121953687036038,not_due_or_no_critical_rows,158,0.06714408480765728,0.02,False,1913
Uniform-QP-H,380,0.33928789689762456,0.5795936064647274,0.08111849663764817,Optimization terminated successfully,158,0.08426840054607243,0.02,False,1917
Uniform-QP-H,381,0.33928789689762456,0.5795936064647274,0.08111849663764817,not_due_or_no_critical_rows,158,0.08426840054607243,0.02,False,1920
Uniform-QP-H,382,0.33928789689762456,0.5795936064647274,0.08111849663764817,not_due_or_no_critical_rows,158,0.08426840054607243,0.02,False,1925
Uniform-QP-H,383,0.33928789689762456,0.5795936064647274,0.08111849663764817,not_due_or_no_critical_rows,158,0.08426840054607243,0.02,False,1933
Uniform-QP-H,384,0.33928789689762456,0.5795936064647274,0.08111849663764817,not_due_or_no_critical_rows,158,0.08426840054607243,0.02,False,1939
Uniform-QP-H,385,0.3443479915015383,0.5555760947251164,0.10007591377334535,Optimization terminated successfully,158,0.012307748435192908,0.02,True,1944
Uniform-QP-H,386,0.3443479915015383,0.5555760947251164,0.10007591377334535,not_due_or_no_critical_rows,158,0.012307748435192908,0.02,True,1947
Uniform-QP-H,387,0.3443479915015383,0.5555760947251164,0.10007591377334535,not_due_or_no_critical_rows,158,0.012307748435192908,0.02,True,1950
Uniform-QP-H,388,0.3443479915015383,0.5555760947251164,0.10007591377334535,not_due_or_no_critical_rows,158,0.012307748435192908,0.02,True,1958
Uniform-QP-H,389,0.3443479915015383,0.5555760947251164,0.10007591377334535,not_due_or_no_critical_rows,158,0.012307748435192908,0.02,True,1966
Uniform-QP-H,390,0.34538171591857897,0.5412516526129729,0.11336663146844805,Optimization terminated successfully,158,0.02556130256783624,0.02,False,1971
Uniform-QP-H,391,0.34538171591857897,0.5412516526129729,0.11336663146844805,not_due_or_no_critical_rows,158,0.02556130256783624,0.02,False,1974
Uniform-QP-H,392,0.34538171591857897,0.5412516526129729,0.11336663146844805,not_due_or_no_critical_rows,158,0.02556130256783624,0.02,False,1981
Uniform-QP-H,393,0.34538171591857897,0.5412516526129729,0.11336663146844805,not_due_or_no_critical_rows,158,0.02556130256783624,0.02,False,1983
Uniform-QP-H,394,0.34538171591857897,0.5412516526129729,0.11336663146844805,not_due_or_no_critical_rows,158,0.02556130256783624,0.02,False,1986
Uniform-QP-H,395,0.34533144825433293,0.5412526426052278,0.11341590914043934,Optimization terminated successfully,158,0.009548968079925751,0.02,True,1992
Uniform-QP-H,396,0.34533144825433293,0.5412526426052278,0.11341590914043934,not_due_or_no_critical_rows,158,0.009548968079925751,0.02,True,1994
Uniform-QP-H,397,0.34533144825433293,0.5412526426052278,0.11341590914043934,not_due_or_no_critical_rows,158,0.009548968079925751,0.02,True,1999
Uniform-QP-H,398,0.34533144825433293,0.5412526426052278,0.11341590914043934,not_due_or_no_critical_rows,158,0.009548968079925751,0.02,True,2003
Uniform-QP-H,399,0.34533144825433293,0.5412526426052278,0.11341590914043934,not_due_or_no_critical_rows,158,0.009548968079925751,0.02,True,2011
Uniform-QP-H,400,0.3445925030437238,0.5515183882967525,0.10388910865952368,Optimization terminated successfully,158,0.006844490455853035,0.02,True,2019
AdaTE-QP-H,1,0.3333333333333333,0.3333333333333333,0.3333333333333333,not_due_or_no_critical_rows,5,nan,0.02,False,0
AdaTE-QP-H,2,0.3333333333333333,0.3333333333333333,0.3333333333333333,not_due_or_no_critical_rows,11,nan,0.02,False,2
AdaTE-QP-H,3,0.3333333333333333,0.3333333333333333,0.3333333333333333,not_due_or_no_critical_rows,14,nan,0.02,False,8
AdaTE-QP-H,4,0.3333333333333333,0.3333333333333333,0.3333333333333333,not_due_or_no_critical_rows,16,nan,0.02,False,15
AdaTE-QP-H,5,3.947520775238926e-16,0.3374627573385758,0.6625372426614238,Optimization terminated successfully,17,nan,0.02,False,22
AdaTE-QP-H,6,3.947520775238926e-16,0.3374627573385758,0.6625372426614238,not_due_or_no_critical_rows,19,nan,0.02,False,27
AdaTE-QP-H,7,3.947520775238926e-16,0.3374627573385758,0.6625372426614238,not_due_or_no_critical_rows,21,nan,0.02,False,32
AdaTE-QP-H,8,3.947520775238926e-16,0.3374627573385758,0.6625372426614238,not_due_or_no_critical_rows,22,nan,0.02,False,40
AdaTE-QP-H,9,3.947520775238926e-16,0.3374627573385758,0.6625372426614238,not_due_or_no_critical_rows,23,nan,0.02,False,48
AdaTE-QP-H,10,1.8900218361739525e-19,0.2682800284186119,0.7317199715813881,Optimization terminated successfully,23,nan,0.02,False,57
AdaTE-QP-H,11,1.8900218361739525e-19,0.2682800284186119,0.7317199715813881,not_due_or_no_critical_rows,24,0.26559109216536986,0.02,False,60
AdaTE-QP-H,12,1.8900218361739525e-19,0.2682800284186119,0.7317199715813881,not_due_or_no_critical_rows,25,0.26559109216536986,0.02,False,64
AdaTE-QP-H,13,1.8900218361739525e-19,0.2682800284186119,0.7317199715813881,not_due_or_no_critical_rows,26,0.26559109216536986,0.02,False,70
AdaTE-QP-H,14,1.8900218361739525e-19,0.2682800284186119,0.7317199715813881,not_due_or_no_critical_rows,26,0.26559109216536986,0.02,False,81
AdaTE-QP-H,15,0.0,0.2618288214570235,0.7381711785429764,Optimization terminated successfully,28,0.0504226239210351,0.02,False,83
AdaTE-QP-H,16,0.0,0.2618288214570235,0.7381711785429764,not_due_or_no_critical_rows,28,0.0504226239210351,0.02,False,88
AdaTE-QP-H,17,0.0,0.2618288214570235,0.7381711785429764,not_due_or_no_critical_rows,29,0.0504226239210351,0.02,False,91
AdaTE-QP-H,18,0.0,0.2618288214570235,0.7381711785429764,not_due_or_no_critical_rows,31,0.0504226239210351,0.02,False,91
AdaTE-QP-H,19,0.0,0.2618288214570235,0.7381711785429764,not_due_or_no_critical_rows,32,0.0504226239210351,0.02,False,100
AdaTE-QP-H,20,9.389466242107248e-20,0.2613264520141783,0.7386735479858216,Optimization terminated successfully,32,0.004635717602955706,0.02,False,108
AdaTE-QP-H,21,9.389466242107248e-20,0.2613264520141783,0.7386735479858216,not_due_or_no_critical_rows,32,0.004635717602955706,0.02,False,116
AdaTE-QP-H,22,9.389466242107248e-20,0.2613264520141783,0.7386735479858216,not_due_or_no_critical_rows,32,0.004635717602955706,0.02,False,118
AdaTE-QP-H,23,9.389466242107248e-20,0.2613264520141783,0.7386735479858216,not_due_or_no_critical_rows,35,0.004635717602955706,0.02,False,123
AdaTE-QP-H,24,9.389466242107248e-20,0.2613264520141783,0.7386735479858216,not_due_or_no_critical_rows,35,0.004635717602955706,0.02,False,130
AdaTE-QP-H,25,9.389466242107248e-20,0.2613264520141783,0.7386735479858216,Optimization terminated successfully,35,0.00033491296189680497,0.02,False,133
AdaTE-QP-H,26,9.389466242107248e-20,0.2613264520141783,0.7386735479858216,not_due_or_no_critical_rows,35,0.00033491296189680497,0.02,False,138
AdaTE-QP-H,27,9.389466242107248e-20,0.2613264520141783,0.7386735479858216,not_due_or_no_critical_rows,35,0.00033491296189680497,0.02,False,143
AdaTE-QP-H,28,9.389466242107248e-20,0.2613264520141783,0.7386735479858216,not_due_or_no_critical_rows,35,0.00033491296189680497,0.02,False,143
AdaTE-QP-H,29,9.389466242107248e-20,0.2613264520141783,0.7386735479858216,not_due_or_no_critical_rows,36,0.00033491296189680497,0.02,False,146
AdaTE-QP-H,30,1.5649110403512087e-20,0.2619984318514524,0.7380015681485476,Optimization terminated successfully,36,0.0004479865581827151,0.02,False,153
AdaTE-QP-H,31,1.5649110403512087e-20,0.2619984318514524,0.7380015681485476,not_due_or_no_critical_rows,38,0.0004479865581827151,0.02,False,156
AdaTE-QP-H,32,1.5649110403512087e-20,0.2619984318514524,0.7380015681485476,not_due_or_no_critical_rows,38,0.0004479865581827151,0.02,False,158
AdaTE-QP-H,33,1.5649110403512087e-20,0.2619984318514524,0.7380015681485476,not_due_or_no_critical_rows,38,0.0004479865581827151,0.02,False,158
AdaTE-QP-H,34,1.5649110403512087e-20,0.2619984318514524,0.7380015681485476,not_due_or_no_critical_rows,38,0.0004479865581827151,0.02,False,161
AdaTE-QP-H,35,4.2252598089482597e-19,0.26286055605403297,0.737139443945967,Optimization terminated successfully,42,0.0010227360265697707,0.02,False,164
AdaTE-QP-H,36,4.2252598089482597e-19,0.26286055605403297,0.737139443945967,not_due_or_no_critical_rows,42,0.0010227360265697707,0.02,False,170
AdaTE-QP-H,37,4.2252598089482597e-19,0.26286055605403297,0.737139443945967,not_due_or_no_critical_rows,44,0.0010227360265697707,0.02,False,176
AdaTE-QP-H,38,4.2252598089482597e-19,0.26286055605403297,0.737139443945967,not_due_or_no_critical_rows,44,0.0010227360265697707,0.02,False,179
AdaTE-QP-H,39,4.2252598089482597e-19,0.26286055605403297,0.737139443945967,not_due_or_no_critical_rows,45,0.0010227360265697707,0.02,False,187
AdaTE-QP-H,40,5.852767290913517e-18,0.2567344644154582,0.7432655355845419,Optimization terminated successfully,46,0.0035093116239961683,0.02,True,191
AdaTE-QP-H,41,5.852767290913517e-18,0.2567344644154582,0.7432655355845419,not_due_or_no_critical_rows,47,0.0035093116239961683,0.02,True,194
AdaTE-QP-H,42,5.852767290913517e-18,0.2567344644154582,0.7432655355845419,not_due_or_no_critical_rows,47,0.0035093116239961683,0.02,True,196
AdaTE-QP-H,43,5.852767290913517e-18,0.2567344644154582,0.7432655355845419,not_due_or_no_critical_rows,47,0.0035093116239961683,0.02,True,201
AdaTE-QP-H,44,5.852767290913517e-18,0.2567344644154582,0.7432655355845419,not_due_or_no_critical_rows,47,0.0035093116239961683,0.02,True,207
AdaTE-QP-H,45,0.0,0.2923077116108185,0.7076922883891816,Optimization terminated successfully,49,0.019631437037856952,0.02,True,214
AdaTE-QP-H,46,0.0,0.2923077116108185,0.7076922883891816,not_due_or_no_critical_rows,49,0.019631437037856952,0.02,True,219
AdaTE-QP-H,47,0.0,0.2923077116108185,0.7076922883891816,not_due_or_no_critical_rows,50,0.019631437037856952,0.02,True,222
AdaTE-QP-H,48,0.0,0.2923077116108185,0.7076922883891816,not_due_or_no_critical_rows,50,0.019631437037856952,0.02,True,229
AdaTE-QP-H,49,0.0,0.2923077116108185,0.7076922883891816,not_due_or_no_critical_rows,50,0.019631437037856952,0.02,True,238
AdaTE-QP-H,50,3.1298220807024157e-20,0.291741288667949,0.7082587113320511,Optimization terminated successfully,50,0.023337882834993866,0.02,False,242
AdaTE-QP-H,51,3.1298220807024157e-20,0.291741288667949,0.7082587113320511,not_due_or_no_critical_rows,50,0.023337882834993866,0.02,False,253
AdaTE-QP-H,52,3.1298220807024157e-20,0.291741288667949,0.7082587113320511,not_due_or_no_critical_rows,50,0.023337882834993866,0.02,False,257
AdaTE-QP-H,53,3.1298220807024157e-20,0.291741288667949,0.7082587113320511,not_due_or_no_critical_rows,50,0.023337882834993866,0.02,False,259
AdaTE-QP-H,54,3.1298220807024157e-20,0.291741288667949,0.7082587113320511,not_due_or_no_critical_rows,52,0.023337882834993866,0.02,False,263
AdaTE-QP-H,55,3.1298220807024157e-20,0.291741288667949,0.7082587113320511,Optimization terminated successfully,52,0.0003776152952463067,0.02,True,267
AdaTE-QP-H,56,3.1298220807024157e-20,0.291741288667949,0.7082587113320511,not_due_or_no_critical_rows,52,0.0003776152952463067,0.02,True,276
AdaTE-QP-H,57,3.1298220807024157e-20,0.291741288667949,0.7082587113320511,not_due_or_no_critical_rows,52,0.0003776152952463067,0.02,True,279
AdaTE-QP-H,58,3.1298220807024157e-20,0.291741288667949,0.7082587113320511,not_due_or_no_critical_rows,52,0.0003776152952463067,0.02,True,288
AdaTE-QP-H,59,3.1298220807024157e-20,0.291741288667949,0.7082587113320511,not_due_or_no_critical_rows,52,0.0003776152952463067,0.02,True,296
AdaTE-QP-H,60,1.877893248421449e-19,0.29128813666872877,0.7087118633312713,Optimization terminated successfully,52,0.0003021013328134981,0.02,True,299
AdaTE-QP-H,61,1.877893248421449e-19,0.29128813666872877,0.7087118633312713,not_due_or_no_critical_rows,53,0.0003021013328134981,0.02,True,303
AdaTE-QP-H,62,1.877893248421449e-19,0.29128813666872877,0.7087118633312713,not_due_or_no_critical_rows,53,0.0003021013328134981,0.02,True,307
AdaTE-QP-H,63,1.877893248421449e-19,0.29128813666872877,0.7087118633312713,not_due_or_no_critical_rows,53,0.0003021013328134981,0.02,True,310
AdaTE-QP-H,64,1.877893248421449e-19,0.29128813666872877,0.7087118633312713,not_due_or_no_critical_rows,53,0.0003021013328134981,0.02,True,316
AdaTE-QP-H,65,2.5821032165794928e-18,0.28394515293272243,0.7160548470672776,Optimization terminated successfully,53,0.0051974238234843715,0.02,True,323
AdaTE-QP-H,66,2.5821032165794928e-18,0.28394515293272243,0.7160548470672776,not_due_or_no_critical_rows,54,0.0051974238234843715,0.02,True,324
AdaTE-QP-H,67,2.5821032165794928e-18,0.28394515293272243,0.7160548470672776,not_due_or_no_critical_rows,54,0.0051974238234843715,0.02,True,328
AdaTE-QP-H,68,2.5821032165794928e-18,0.28394515293272243,0.7160548470672776,not_due_or_no_critical_rows,54,0.0051974238234843715,0.02,True,333
AdaTE-QP-H,69,2.5821032165794928e-18,0.28394515293272243,0.7160548470672776,not_due_or_no_critical_rows,55,0.0051974238234843715,0.02,True,340
AdaTE-QP-H,70,2.5821032165794928e-18,0.28394515293272243,0.7160548470672776,Optimization terminated successfully,55,0.004895322490670873,0.02,True,342
AdaTE-QP-H,71,2.5821032165794928e-18,0.28394515293272243,0.7160548470672776,not_due_or_no_critical_rows,55,0.004895322490670873,0.02,True,348
AdaTE-QP-H,72,2.5821032165794928e-18,0.28394515293272243,0.7160548470672776,not_due_or_no_critical_rows,55,0.004895322490670873,0.02,True,348
AdaTE-QP-H,73,2.5821032165794928e-18,0.28394515293272243,0.7160548470672776,not_due_or_no_critical_rows,55,0.004895322490670873,0.02,True,352
AdaTE-QP-H,74,2.5821032165794928e-18,0.28394515293272243,0.7160548470672776,not_due_or_no_critical_rows,55,0.004895322490670873,0.02,True,354
AdaTE-QP-H,75,2.5038576645619325e-19,0.28498123512361095,0.715018764876389,Optimization terminated successfully,55,0.0006907214605923667,0.02,True,354
AdaTE-QP-H,76,2.5038576645619325e-19,0.28498123512361095,0.715018764876389,not_due_or_no_critical_rows,55,0.0006907214605923667,0.02,True,360
AdaTE-QP-H,77,2.5038576645619325e-19,0.28498123512361095,0.715018764876389,not_due_or_no_critical_rows,55,0.0006907214605923667,0.02,True,367
AdaTE-QP-H,78,2.5038576645619325e-19,0.28498123512361095,0.715018764876389,not_due_or_no_critical_rows,55,0.0006907214605923667,0.02,True,373
AdaTE-QP-H,79,2.5038576645619325e-19,0.28498123512361095,0.715018764876389,not_due_or_no_critical_rows,55,0.0006907214605923667,0.02,True,377
AdaTE-QP-H,80,0.0,0.27420484229937697,0.725795157700623,Optimization terminated successfully,55,0.006493540422230271,0.02,True,381
AdaTE-QP-H,81,0.0,0.27420484229937697,0.725795157700623,not_due_or_no_critical_rows,55,0.006493540422230271,0.02,True,390
AdaTE-QP-H,82,0.0,0.27420484229937697,0.725795157700623,not_due_or_no_critical_rows,55,0.006493540422230271,0.02,True,399
AdaTE-QP-H,83,0.0,0.27420484229937697,0.725795157700623,not_due_or_no_critical_rows,56,0.006493540422230271,0.02,True,402
AdaTE-QP-H,84,0.0,0.27420484229937697,0.725795157700623,not_due_or_no_critical_rows,56,0.006493540422230271,0.02,True,408
AdaTE-QP-H,85,0.0,0.26952544588182525,0.7304745541181747,Optimization terminated successfully,56,0.0103038594945238,0.02,True,415
AdaTE-QP-H,86,0.0,0.26952544588182525,0.7304745541181747,not_due_or_no_critical_rows,56,0.0103038594945238,0.02,True,421
AdaTE-QP-H,87,0.0,0.26952544588182525,0.7304745541181747,not_due_or_no_critical_rows,56,0.0103038594945238,0.02,True,429
AdaTE-QP-H,88,0.0,0.26952544588182525,0.7304745541181747,not_due_or_no_critical_rows,56,0.0103038594945238,0.02,True,437
AdaTE-QP-H,89,0.0,0.26952544588182525,0.7304745541181747,not_due_or_no_critical_rows,56,0.0103038594945238,0.02,True,441
AdaTE-QP-H,90,4.80397004639148e-19,0.26522658141946254,0.7347734185805375,Optimization terminated successfully,56,0.005985507253276308,0.02,True,444
AdaTE-QP-H,91,4.80397004639148e-19,0.26522658141946254,0.7347734185805375,not_due_or_no_critical_rows,56,0.005985507253276308,0.02,True,448
AdaTE-QP-H,92,4.80397004639148e-19,0.26522658141946254,0.7347734185805375,not_due_or_no_critical_rows,56,0.005985507253276308,0.02,True,454
AdaTE-QP-H,93,4.80397004639148e-19,0.26522658141946254,0.7347734185805375,not_due_or_no_critical_rows,56,0.005985507253276308,0.02,True,461
AdaTE-QP-H,94,4.80397004639148e-19,0.26522658141946254,0.7347734185805375,not_due_or_no_critical_rows,56,0.005985507253276308,0.02,True,467
AdaTE-QP-H,95,0.0,0.26616841144636294,0.7338315885536371,Optimization terminated successfully,56,0.0022380229569748757,0.02,True,470
AdaTE-QP-H,96,0.0,0.26616841144636294,0.7338315885536371,not_due_or_no_critical_rows,56,0.0022380229569748757,0.02,True,477
AdaTE-QP-H,97,0.0,0.26616841144636294,0.7338315885536371,not_due_or_no_critical_rows,56,0.0022380229569748757,0.02,True,486
AdaTE-QP-H,98,0.0,0.26616841144636294,0.7338315885536371,not_due_or_no_critical_rows,56,0.0022380229569748757,0.02,True,490
AdaTE-QP-H,99,0.0,0.26616841144636294,0.7338315885536371,not_due_or_no_critical_rows,56,0.0022380229569748757,0.02,True,492
AdaTE-QP-H,100,1.5649110403512078e-19,0.26553889583552426,0.7344611041644757,Optimization terminated successfully,56,0.000208209610707814,0.02,True,499
AdaTE-QP-H,101,1.5649110403512078e-19,0.26553889583552426,0.7344611041644757,not_due_or_no_critical_rows,57,0.000208209610707814,0.02,True,500
AdaTE-QP-H,102,1.5649110403512078e-19,0.26553889583552426,0.7344611041644757,not_due_or_no_critical_rows,57,0.000208209610707814,0.02,True,504
AdaTE-QP-H,103,1.5649110403512078e-19,0.26553889583552426,0.7344611041644757,not_due_or_no_critical_rows,57,0.000208209610707814,0.02,True,506
AdaTE-QP-H,104,1.5649110403512078e-19,0.26553889583552426,0.7344611041644757,not_due_or_no_critical_rows,57,0.000208209610707814,0.02,True,511
AdaTE-QP-H,105,0.0,0.28863352601328224,0.7113664739867177,Optimization terminated successfully,57,0.014976743044612884,0.02,True,518
AdaTE-QP-H,106,0.0,0.28863352601328224,0.7113664739867177,not_due_or_no_critical_rows,57,0.014976743044612884,0.02,True,523
AdaTE-QP-H,107,0.0,0.28863352601328224,0.7113664739867177,not_due_or_no_critical_rows,57,0.014976743044612884,0.02,True,528
AdaTE-QP-H,108,0.0,0.28863352601328224,0.7113664739867177,not_due_or_no_critical_rows,57,0.014976743044612884,0.02,True,537
AdaTE-QP-H,109,0.0,0.28863352601328224,0.7113664739867177,not_due_or_no_critical_rows,57,0.014976743044612884,0.02,True,541
AdaTE-QP-H,110,0.0,0.28863352601328224,0.7113664739867177,Optimization terminated successfully,57,0.015396420118505338,0.02,True,550
AdaTE-QP-H,111,0.0,0.28863352601328224,0.7113664739867177,not_due_or_no_critical_rows,57,0.015396420118505338,0.02,True,555
AdaTE-QP-H,112,0.0,0.28863352601328224,0.7113664739867177,not_due_or_no_critical_rows,57,0.015396420118505338,0.02,True,564
AdaTE-QP-H,113,0.0,0.28863352601328224,0.7113664739867177,not_due_or_no_critical_rows,57,0.015396420118505338,0.02,True,572
AdaTE-QP-H,114,0.0,0.28863352601328224,0.7113664739867177,not_due_or_no_critical_rows,57,0.015396420118505338,0.02,True,579
AdaTE-QP-H,115,1.3113954518143121e-17,0.28157894250986587,0.7184210574901342,Optimization terminated successfully,57,0.0047030556689442865,0.02,True,583
AdaTE-QP-H,116,1.3113954518143121e-17,0.28157894250986587,0.7184210574901342,not_due_or_no_critical_rows,57,0.0047030556689442865,0.02,True,587
AdaTE-QP-H,117,1.3113954518143121e-17,0.28157894250986587,0.7184210574901342,not_due_or_no_critical_rows,57,0.0047030556689442865,0.02,True,593
AdaTE-QP-H,118,1.3113954518143121e-17,0.28157894250986587,0.7184210574901342,not_due_or_no_critical_rows,57,0.0047030556689442865,0.02,True,600
AdaTE-QP-H,119,1.3113954518143121e-17,0.28157894250986587,0.7184210574901342,not_due_or_no_critical_rows,57,0.0047030556689442865,0.02,True,605
AdaTE-QP-H,120,4.225259808948261e-18,0.27144473482896353,0.7285552651710365,Optimization terminated successfully,57,0.011459194122879176,0.02,True,614
AdaTE-QP-H,121,4.225259808948261e-18,0.27144473482896353,0.7285552651710365,not_due_or_no_critical_rows,57,0.011459194122879176,0.02,True,618
AdaTE-QP-H,122,4.225259808948261e-18,0.27144473482896353,0.7285552651710365,not_due_or_no_critical_rows,57,0.011459194122879176,0.02,True,624
AdaTE-QP-H,123,4.225259808948261e-18,0.27144473482896353,0.7285552651710365,not_due_or_no_critical_rows,58,0.011459194122879176,0.02,True,629
AdaTE-QP-H,124,4.225259808948261e-18,0.27144473482896353,0.7285552651710365,not_due_or_no_critical_rows,58,0.011459194122879176,0.02,True,631
AdaTE-QP-H,125,2.190875456491702e-19,0.3085900735293153,0.6914099264706848,Optimization terminated successfully,58,0.018007420679632943,0.02,True,634
AdaTE-QP-H,126,2.190875456491702e-19,0.3085900735293153,0.6914099264706848,not_due_or_no_critical_rows,58,0.018007420679632943,0.02,True,637
AdaTE-QP-H,127,2.190875456491702e-19,0.3085900735293153,0.6914099264706848,not_due_or_no_critical_rows,58,0.018007420679632943,0.02,True,644
AdaTE-QP-H,128,2.190875456491702e-19,0.3085900735293153,0.6914099264706848,not_due_or_no_critical_rows,58,0.018007420679632943,0.02,True,652
AdaTE-QP-H,129,2.190875456491702e-19,0.3085900735293153,0.6914099264706848,not_due_or_no_critical_rows,58,0.018007420679632943,0.02,True,660
AdaTE-QP-H,130,2.190875456491702e-19,0.3085900735293153,0.6914099264706848,Optimization terminated successfully,58,0.02476355913356783,0.02,False,665
AdaTE-QP-H,131,2.190875456491702e-19,0.3085900735293153,0.6914099264706848,not_due_or_no_critical_rows,58,0.02476355913356783,0.02,False,674
AdaTE-QP-H,132,2.190875456491702e-19,0.3085900735293153,0.6914099264706848,not_due_or_no_critical_rows,58,0.02476355913356783,0.02,False,682
AdaTE-QP-H,133,2.190875456491702e-19,0.3085900735293153,0.6914099264706848,not_due_or_no_critical_rows,58,0.02476355913356783,0.02,False,688
AdaTE-QP-H,134,2.190875456491702e-19,0.3085900735293153,0.6914099264706848,not_due_or_no_critical_rows,58,0.02476355913356783,0.02,False,693
AdaTE-QP-H,135,2.190875456491702e-19,0.3085900735293153,0.6914099264706848,Optimization terminated successfully,58,0.0,0.02,True,700
AdaTE-QP-H,136,2.190875456491702e-19,0.3085900735293153,0.6914099264706848,not_due_or_no_critical_rows,58,0.0,0.02,True,711
AdaTE-QP-H,137,2.190875456491702e-19,0.3085900735293153,0.6914099264706848,not_due_or_no_critical_rows,58,0.0,0.02,True,717
AdaTE-QP-H,138,2.190875456491702e-19,0.3085900735293153,0.6914099264706848,not_due_or_no_critical_rows,58,0.0,0.02,True,722
AdaTE-QP-H,139,2.190875456491702e-19,0.3085900735293153,0.6914099264706848,not_due_or_no_critical_rows,58,0.0,0.02,True,728
AdaTE-QP-H,140,9.7024484501775e-19,0.2993259326857823,0.7006740673142178,Optimization terminated successfully,58,0.006176093895688665,0.02,True,735
AdaTE-QP-H,141,9.7024484501775e-19,0.2993259326857823,0.7006740673142178,not_due_or_no_critical_rows,58,0.006176093895688665,0.02,True,745
AdaTE-QP-H,142,9.7024484501775e-19,0.2993259326857823,0.7006740673142178,not_due_or_no_critical_rows,58,0.006176093895688665,0.02,True,747
AdaTE-QP-H,143,9.7024484501775e-19,0.2993259326857823,0.7006740673142178,not_due_or_no_critical_rows,58,0.006176093895688665,0.02,True,752
AdaTE-QP-H,144,9.7024484501775e-19,0.2993259326857823,0.7006740673142178,not_due_or_no_critical_rows,58,0.006176093895688665,0.02,True,761
AdaTE-QP-H,145,0.0,0.3302026449665017,0.6697973550334984,Optimization terminated successfully,58,0.014408380958124281,0.02,True,766
AdaTE-QP-H,146,0.0,0.3302026449665017,0.6697973550334984,not_due_or_no_critical_rows,58,0.014408380958124281,0.02,True,773
AdaTE-QP-H,147,0.0,0.3302026449665017,0.6697973550334984,not_due_or_no_critical_rows,58,0.014408380958124281,0.02,True,777
AdaTE-QP-H,148,0.0,0.3302026449665017,0.6697973550334984,not_due_or_no_critical_rows,58,0.014408380958124281,0.02,True,786
AdaTE-QP-H,149,0.0,0.3302026449665017,0.6697973550334984,not_due_or_no_critical_rows,58,0.014408380958124281,0.02,True,786
AdaTE-QP-H,150,1.9952615764477896e-18,0.3166169075719134,0.6833830924280867,Optimization terminated successfully,58,0.011527316590754066,0.02,True,793
AdaTE-QP-H,151,1.9952615764477896e-18,0.3166169075719134,0.6833830924280867,not_due_or_no_critical_rows,58,0.011527316590754066,0.02,True,796
AdaTE-QP-H,152,1.9952615764477896e-18,0.3166169075719134,0.6833830924280867,not_due_or_no_critical_rows,59,0.011527316590754066,0.02,True,803
AdaTE-QP-H,153,1.9952615764477896e-18,0.3166169075719134,0.6833830924280867,not_due_or_no_critical_rows,59,0.011527316590754066,0.02,True,809
AdaTE-QP-H,154,1.9952615764477896e-18,0.3166169075719134,0.6833830924280867,not_due_or_no_critical_rows,59,0.011527316590754066,0.02,True,813
AdaTE-QP-H,155,0.0,0.34403541218611444,0.6559645878138857,Optimization terminated successfully,59,0.009221844813075142,0.02,True,815
AdaTE-QP-H,156,0.0,0.34403541218611444,0.6559645878138857,not_due_or_no_critical_rows,59,0.009221844813075142,0.02,True,821
AdaTE-QP-H,157,0.0,0.34403541218611444,0.6559645878138857,not_due_or_no_critical_rows,59,0.009221844813075142,0.02,True,826
AdaTE-QP-H,158,0.0,0.34403541218611444,0.6559645878138857,not_due_or_no_critical_rows,59,0.009221844813075142,0.02,True,835
AdaTE-QP-H,159,0.0,0.34403541218611444,0.6559645878138857,not_due_or_no_critical_rows,59,0.009221844813075142,0.02,True,838
AdaTE-QP-H,160,0.0,0.34403541218611444,0.6559645878138857,Optimization terminated successfully,59,0.01827900307613402,0.02,True,844
AdaTE-QP-H,161,0.0,0.34403541218611444,0.6559645878138857,not_due_or_no_critical_rows,59,0.01827900307613402,0.02,True,851
AdaTE-QP-H,162,0.0,0.34403541218611444,0.6559645878138857,not_due_or_no_critical_rows,59,0.01827900307613402,0.02,True,852
AdaTE-QP-H,163,0.0,0.34403541218611444,0.6559645878138857,not_due_or_no_critical_rows,59,0.01827900307613402,0.02,True,861
AdaTE-QP-H,164,0.0,0.34403541218611444,0.6559645878138857,not_due_or_no_critical_rows,59,0.01827900307613402,0.02,True,871
AdaTE-QP-H,165,0.0,0.3659702812346838,0.6340297187653163,Optimization terminated successfully,59,0.014623246032379559,0.02,True,874
AdaTE-QP-H,166,0.0,0.3659702812346838,0.6340297187653163,not_due_or_no_critical_rows,59,0.014623246032379559,0.02,True,879
AdaTE-QP-H,167,0.0,0.3659702812346838,0.6340297187653163,not_due_or_no_critical_rows,59,0.014623246032379559,0.02,True,882
AdaTE-QP-H,168,0.0,0.3659702812346838,0.6340297187653163,not_due_or_no_critical_rows,60,0.014623246032379559,0.02,True,889
AdaTE-QP-H,169,0.0,0.3659702812346838,0.6340297187653163,not_due_or_no_critical_rows,60,0.014623246032379559,0.02,True,894
AdaTE-QP-H,170,0.0,0.36524867354655655,0.6347513264534436,Optimization terminated successfully,60,0.014142174240294736,0.02,True,896
AdaTE-QP-H,171,0.0,0.36524867354655655,0.6347513264534436,not_due_or_no_critical_rows,60,0.014142174240294736,0.02,True,899
AdaTE-QP-H,172,0.0,0.36524867354655655,0.6347513264534436,not_due_or_no_critical_rows,60,0.014142174240294736,0.02,True,908
AdaTE-QP-H,173,0.0,0.36524867354655655,0.6347513264534436,not_due_or_no_critical_rows,60,0.014142174240294736,0.02,True,909
AdaTE-QP-H,174,0.0,0.36524867354655655,0.6347513264534436,not_due_or_no_critical_rows,60,0.014142174240294736,0.02,True,914
AdaTE-QP-H,175,6.572626369475073e-19,0.3660916523678369,0.6339083476321632,Optimization terminated successfully,60,8.091408876875783e-05,0.02,True,916
AdaTE-QP-H,176,6.572626369475073e-19,0.3660916523678369,0.6339083476321632,not_due_or_no_critical_rows,60,8.091408876875783e-05,0.02,True,925
AdaTE-QP-H,177,6.572626369475073e-19,0.3660916523678369,0.6339083476321632,not_due_or_no_critical_rows,60,8.091408876875783e-05,0.02,True,929
AdaTE-QP-H,178,6.572626369475073e-19,0.3660916523678369,0.6339083476321632,not_due_or_no_critical_rows,60,8.091408876875783e-05,0.02,True,934
AdaTE-QP-H,179,6.572626369475073e-19,0.3660916523678369,0.6339083476321632,not_due_or_no_critical_rows,60,8.091408876875783e-05,0.02,True,939
AdaTE-QP-H,180,0.0,0.34537560507757326,0.6546243949224267,Optimization terminated successfully,61,0.01324871231265549,0.02,True,940
AdaTE-QP-H,181,0.0,0.34537560507757326,0.6546243949224267,not_due_or_no_critical_rows,61,0.01324871231265549,0.02,True,943
AdaTE-QP-H,182,0.0,0.34537560507757326,0.6546243949224267,not_due_or_no_critical_rows,61,0.01324871231265549,0.02,True,946
AdaTE-QP-H,183,0.0,0.34537560507757326,0.6546243949224267,not_due_or_no_critical_rows,61,0.01324871231265549,0.02,True,953
AdaTE-QP-H,184,0.0,0.34537560507757326,0.6546243949224267,not_due_or_no_critical_rows,61,0.01324871231265549,0.02,True,959
AdaTE-QP-H,185,0.0,0.34537560507757326,0.6546243949224267,Optimization terminated successfully,61,0.013810698193509071,0.02,True,963
AdaTE-QP-H,186,0.0,0.34537560507757326,0.6546243949224267,not_due_or_no_critical_rows,61,0.013810698193509071,0.02,True,968
AdaTE-QP-H,187,0.0,0.34537560507757326,0.6546243949224267,not_due_or_no_critical_rows,61,0.013810698193509071,0.02,True,973
AdaTE-QP-H,188,0.0,0.34537560507757326,0.6546243949224267,not_due_or_no_critical_rows,61,0.013810698193509071,0.02,True,978
AdaTE-QP-H,189,0.0,0.34537560507757326,0.6546243949224267,not_due_or_no_critical_rows,61,0.013810698193509071,0.02,True,984
AdaTE-QP-H,190,3.79588866022634e-20,0.3299716175355986,0.6700283824644013,Optimization terminated successfully,61,0.010269325027983075,0.02,True,984
AdaTE-QP-H,191,3.79588866022634e-20,0.3299716175355986,0.6700283824644013,not_due_or_no_critical_rows,61,0.010269325027983075,0.02,True,987
AdaTE-QP-H,192,3.79588866022634e-20,0.3299716175355986,0.6700283824644013,not_due_or_no_critical_rows,61,0.010269325027983075,0.02,True,991
AdaTE-QP-H,193,3.79588866022634e-20,0.3299716175355986,0.6700283824644013,not_due_or_no_critical_rows,61,0.010269325027983075,0.02,True,991
AdaTE-QP-H,194,3.79588866022634e-20,0.3299716175355986,0.6700283824644013,not_due_or_no_critical_rows,61,0.010269325027983075,0.02,True,996
AdaTE-QP-H,195,2.2288343430939537e-18,0.3307291322602909,0.669270867739709,Optimization terminated successfully,61,0.009764315211521546,0.02,True,999
AdaTE-QP-H,196,2.2288343430939537e-18,0.3307291322602909,0.669270867739709,not_due_or_no_critical_rows,61,0.009764315211521546,0.02,True,1010
AdaTE-QP-H,197,2.2288343430939537e-18,0.3307291322602909,0.669270867739709,not_due_or_no_critical_rows,61,0.009764315211521546,0.02,True,1010
AdaTE-QP-H,198,2.2288343430939537e-18,0.3307291322602909,0.669270867739709,not_due_or_no_critical_rows,61,0.009764315211521546,0.02,True,1014
AdaTE-QP-H,199,2.2288343430939537e-18,0.3307291322602909,0.669270867739709,not_due_or_no_critical_rows,61,0.009764315211521546,0.02,True,1019
AdaTE-QP-H,200,2.3317174501232994e-18,0.31745137422390396,0.6825486257760961,Optimization terminated successfully,61,0.008346828874463141,0.02,True,1023
AdaTE-QP-H,201,2.3317174501232994e-18,0.31745137422390396,0.6825486257760961,not_due_or_no_critical_rows,61,0.008346828874463141,0.02,True,1030
AdaTE-QP-H,202,2.3317174501232994e-18,0.31745137422390396,0.6825486257760961,not_due_or_no_critical_rows,61,0.008346828874463141,0.02,True,1035
AdaTE-QP-H,203,2.3317174501232994e-18,0.31745137422390396,0.6825486257760961,not_due_or_no_critical_rows,61,0.008346828874463141,0.02,True,1038
AdaTE-QP-H,204,2.3317174501232994e-18,0.31745137422390396,0.6825486257760961,not_due_or_no_critical_rows,61,0.008346828874463141,0.02,True,1043
AdaTE-QP-H,205,2.3317174501232994e-18,0.31745137422390396,0.6825486257760961,Optimization terminated successfully,61,0.00885183869092467,0.02,True,1049
AdaTE-QP-H,206,2.3317174501232994e-18,0.31745137422390396,0.6825486257760961,not_due_or_no_critical_rows,61,0.00885183869092467,0.02,True,1050
AdaTE-QP-H,207,2.3317174501232994e-18,0.31745137422390396,0.6825486257760961,not_due_or_no_critical_rows,61,0.00885183869092467,0.02,True,1057
AdaTE-QP-H,208,2.3317174501232994e-18,0.31745137422390396,0.6825486257760961,not_due_or_no_critical_rows,61,0.00885183869092467,0.02,True,1060
AdaTE-QP-H,209,2.3317174501232994e-18,0.31745137422390396,0.6825486257760961,not_due_or_no_critical_rows,61,0.00885183869092467,0.02,True,1067
AdaTE-QP-H,210,0.0,0.3165336012091534,0.6834663987908467,Optimization terminated successfully,61,0.0006118486765003824,0.02,True,1069
AdaTE-QP-H,211,0.0,0.3165336012091534,0.6834663987908467,not_due_or_no_critical_rows,61,0.0006118486765003824,0.02,True,1075
AdaTE-QP-H,212,0.0,0.3165336012091534,0.6834663987908467,not_due_or_no_critical_rows,61,0.0006118486765003824,0.02,True,1083
AdaTE-QP-H,213,0.0,0.3165336012091534,0.6834663987908467,not_due_or_no_critical_rows,61,0.0006118486765003824,0.02,True,1083
AdaTE-QP-H,214,0.0,0.3165336012091534,0.6834663987908467,not_due_or_no_critical_rows,61,0.0006118486765003824,0.02,True,1090
AdaTE-QP-H,215,0.0,0.3580006546483782,0.641999345351622,Optimization terminated successfully,61,0.027032853616316133,0.02,False,1093
AdaTE-QP-H,216,0.0,0.3580006546483782,0.641999345351622,not_due_or_no_critical_rows,61,0.027032853616316133,0.02,False,1098
AdaTE-QP-H,217,0.0,0.3580006546483782,0.641999345351622,not_due_or_no_critical_rows,61,0.027032853616316133,0.02,False,1105
AdaTE-QP-H,218,0.0,0.3580006546483782,0.641999345351622,not_due_or_no_critical_rows,61,0.027032853616316133,0.02,False,1112
AdaTE-QP-H,219,0.0,0.3580006546483782,0.641999345351622,not_due_or_no_critical_rows,61,0.027032853616316133,0.02,False,1118
AdaTE-QP-H,220,0.0,0.3439404635722221,0.6560595364277778,Optimization terminated successfully,61,0.018271241575379182,0.02,True,1124
AdaTE-QP-H,221,0.0,0.3439404635722221,0.6560595364277778,not_due_or_no_critical_rows,61,0.018271241575379182,0.02,True,1129
AdaTE-QP-H,222,0.0,0.3439404635722221,0.6560595364277778,not_due_or_no_critical_rows,61,0.018271241575379182,0.02,True,1135
AdaTE-QP-H,223,0.0,0.3439404635722221,0.6560595364277778,not_due_or_no_critical_rows,61,0.018271241575379182,0.02,True,1140
AdaTE-QP-H,224,0.0,0.3439404635722221,0.6560595364277778,not_due_or_no_critical_rows,61,0.018271241575379182,0.02,True,1147
AdaTE-QP-H,225,0.0,0.3216116708576503,0.6783883291423497,Optimization terminated successfully,61,0.024259322527151888,0.02,False,1156
AdaTE-QP-H,226,0.0,0.3216116708576503,0.6783883291423497,not_due_or_no_critical_rows,61,0.024259322527151888,0.02,False,1160
AdaTE-QP-H,227,0.0,0.3216116708576503,0.6783883291423497,not_due_or_no_critical_rows,61,0.024259322527151888,0.02,False,1162
AdaTE-QP-H,228,0.0,0.3216116708576503,0.6783883291423497,not_due_or_no_critical_rows,61,0.024259322527151888,0.02,False,1165
AdaTE-QP-H,229,0.0,0.3216116708576503,0.6783883291423497,not_due_or_no_critical_rows,61,0.024259322527151888,0.02,False,1171
AdaTE-QP-H,230,0.0,0.3216116708576503,0.6783883291423497,Optimization terminated successfully,61,0.014885861809714554,0.02,True,1179
AdaTE-QP-H,231,0.0,0.3216116708576503,0.6783883291423497,not_due_or_no_critical_rows,61,0.014885861809714554,0.02,True,1184
AdaTE-QP-H,232,0.0,0.3216116708576503,0.6783883291423497,not_due_or_no_critical_rows,61,0.014885861809714554,0.02,True,1189
AdaTE-QP-H,233,0.0,0.3216116708576503,0.6783883291423497,not_due_or_no_critical_rows,61,0.014885861809714554,0.02,True,1194
AdaTE-QP-H,234,0.0,0.3216116708576503,0.6783883291423497,not_due_or_no_critical_rows,61,0.014885861809714554,0.02,True,1200
AdaTE-QP-H,235,0.0,0.3216116708576503,0.6783883291423497,Optimization terminated successfully,61,0.0,0.02,True,1207
AdaTE-QP-H,236,0.0,0.3216116708576503,0.6783883291423497,not_due_or_no_critical_rows,61,0.0,0.02,True,1209
AdaTE-QP-H,237,0.0,0.3216116708576503,0.6783883291423497,not_due_or_no_critical_rows,61,0.0,0.02,True,1214
AdaTE-QP-H,238,0.0,0.3216116708576503,0.6783883291423497,not_due_or_no_critical_rows,61,0.0,0.02,True,1221
AdaTE-QP-H,239,0.0,0.3216116708576503,0.6783883291423497,not_due_or_no_critical_rows,61,0.0,0.02,True,1222
AdaTE-QP-H,240,0.0,0.35140217552775316,0.6485978244722469,Optimization terminated successfully,61,0.01986033644673522,0.02,True,1225
AdaTE-QP-H,241,0.0,0.35140217552775316,0.6485978244722469,not_due_or_no_critical_rows,62,0.01986033644673522,0.02,True,1230
AdaTE-QP-H,242,0.0,0.35140217552775316,0.6485978244722469,not_due_or_no_critical_rows,62,0.01986033644673522,0.02,True,1234
AdaTE-QP-H,243,0.0,0.35140217552775316,0.6485978244722469,not_due_or_no_critical_rows,62,0.01986033644673522,0.02,True,1234
AdaTE-QP-H,244,0.0,0.35140217552775316,0.6485978244722469,not_due_or_no_critical_rows,62,0.01986033644673522,0.02,True,1239
AdaTE-QP-H,245,7.511572993685797e-19,0.34207110303784116,0.657928896962159,Optimization terminated successfully,62,0.013639621453460538,0.02,True,1246
AdaTE-QP-H,246,7.511572993685797e-19,0.34207110303784116,0.657928896962159,not_due_or_no_critical_rows,62,0.013639621453460538,0.02,True,1253
AdaTE-QP-H,247,7.511572993685797e-19,0.34207110303784116,0.657928896962159,not_due_or_no_critical_rows,62,0.013639621453460538,0.02,True,1258
AdaTE-QP-H,248,7.511572993685797e-19,0.34207110303784116,0.657928896962159,not_due_or_no_critical_rows,62,0.013639621453460538,0.02,True,1266
AdaTE-QP-H,249,7.511572993685797e-19,0.34207110303784116,0.657928896962159,not_due_or_no_critical_rows,62,0.013639621453460538,0.02,True,1266
AdaTE-QP-H,250,7.511572993685797e-19,0.34207110303784116,0.657928896962159,Optimization terminated successfully,62,0.006220714993274683,0.02,True,1275
AdaTE-QP-H,251,7.511572993685797e-19,0.34207110303784116,0.657928896962159,not_due_or_no_critical_rows,62,0.006220714993274683,0.02,True,1284
AdaTE-QP-H,252,7.511572993685797e-19,0.34207110303784116,0.657928896962159,not_due_or_no_critical_rows,62,0.006220714993274683,0.02,True,1290
AdaTE-QP-H,253,7.511572993685797e-19,0.34207110303784116,0.657928896962159,not_due_or_no_critical_rows,62,0.006220714993274683,0.02,True,1298
AdaTE-QP-H,254,7.511572993685797e-19,0.34207110303784116,0.657928896962159,not_due_or_no_critical_rows,62,0.006220714993274683,0.02,True,1303
AdaTE-QP-H,255,6.384837044632928e-18,0.3160546297125574,0.6839453702874425,Optimization terminated successfully,62,0.01734431555018912,0.02,True,1308
AdaTE-QP-H,256,6.384837044632928e-18,0.3160546297125574,0.6839453702874425,not_due_or_no_critical_rows,62,0.01734431555018912,0.02,True,1311
AdaTE-QP-H,257,6.384837044632928e-18,0.3160546297125574,0.6839453702874425,not_due_or_no_critical_rows,63,0.01734431555018912,0.02,True,1313
AdaTE-QP-H,258,6.384837044632928e-18,0.3160546297125574,0.6839453702874425,not_due_or_no_critical_rows,63,0.01734431555018912,0.02,True,1317
AdaTE-QP-H,259,6.384837044632928e-18,0.3160546297125574,0.6839453702874425,not_due_or_no_critical_rows,63,0.01734431555018912,0.02,True,1319
AdaTE-QP-H,260,1.001543065824773e-18,0.35312681149482694,0.6468731885051732,Optimization terminated successfully,63,0.007370472304657187,0.02,True,1324
AdaTE-QP-H,261,1.001543065824773e-18,0.35312681149482694,0.6468731885051732,not_due_or_no_critical_rows,63,0.007370472304657187,0.02,True,1327
AdaTE-QP-H,262,1.001543065824773e-18,0.35312681149482694,0.6468731885051732,not_due_or_no_critical_rows,63,0.007370472304657187,0.02,True,1335
AdaTE-QP-H,263,1.001543065824773e-18,0.35312681149482694,0.6468731885051732,not_due_or_no_critical_rows,63,0.007370472304657187,0.02,True,1339
AdaTE-QP-H,264,1.001543065824773e-18,0.35312681149482694,0.6468731885051732,not_due_or_no_critical_rows,63,0.007370472304657187,0.02,True,1344
AdaTE-QP-H,265,2.2534718981057406e-18,0.32872809248091495,0.6712719075190849,Optimization terminated successfully,63,0.008448975178905046,0.02,True,1345
AdaTE-QP-H,266,2.2534718981057406e-18,0.32872809248091495,0.6712719075190849,not_due_or_no_critical_rows,63,0.008448975178905046,0.02,True,1347
AdaTE-QP-H,267,2.2534718981057406e-18,0.32872809248091495,0.6712719075190849,not_due_or_no_critical_rows,63,0.008448975178905046,0.02,True,1353
AdaTE-QP-H,268,2.2534718981057406e-18,0.32872809248091495,0.6712719075190849,not_due_or_no_critical_rows,63,0.008448975178905046,0.02,True,1356
AdaTE-QP-H,269,2.2534718981057406e-18,0.32872809248091495,0.6712719075190849,not_due_or_no_critical_rows,63,0.008448975178905046,0.02,True,1358
AdaTE-QP-H,270,0.0,0.3206146657462747,0.6793853342537254,Optimization terminated successfully,63,0.02167476383236816,0.02,False,1362
AdaTE-QP-H,271,0.0,0.3206146657462747,0.6793853342537254,not_due_or_no_critical_rows,63,0.02167476383236816,0.02,False,1366
AdaTE-QP-H,272,0.0,0.3206146657462747,0.6793853342537254,not_due_or_no_critical_rows,63,0.02167476383236816,0.02,False,1369
AdaTE-QP-H,273,0.0,0.3206146657462747,0.6793853342537254,not_due_or_no_critical_rows,63,0.02167476383236816,0.02,False,1378
AdaTE-QP-H,274,0.0,0.3206146657462747,0.6793853342537254,not_due_or_no_critical_rows,64,0.02167476383236816,0.02,False,1384
AdaTE-QP-H,275,0.0,0.3529819808903978,0.6470180191096023,Optimization terminated successfully,64,0.01616925893965515,0.02,True,1389
AdaTE-QP-H,276,0.0,0.3529819808903978,0.6470180191096023,not_due_or_no_critical_rows,64,0.01616925893965515,0.02,True,1392
AdaTE-QP-H,277,0.0,0.3529819808903978,0.6470180191096023,not_due_or_no_critical_rows,64,0.01616925893965515,0.02,True,1399
AdaTE-QP-H,278,0.0,0.3529819808903978,0.6470180191096023,not_due_or_no_critical_rows,64,0.01616925893965515,0.02,True,1405
AdaTE-QP-H,279,0.0,0.3529819808903978,0.6470180191096023,not_due_or_no_critical_rows,64,0.01616925893965515,0.02,True,1412
AdaTE-QP-H,280,0.0,0.3529819808903978,0.6470180191096023,Optimization terminated successfully,64,0.021578210096082056,0.02,False,1418
AdaTE-QP-H,281,0.0,0.3529819808903978,0.6470180191096023,not_due_or_no_critical_rows,64,0.021578210096082056,0.02,False,1425
AdaTE-QP-H,282,0.0,0.3529819808903978,0.6470180191096023,not_due_or_no_critical_rows,64,0.021578210096082056,0.02,False,1429
AdaTE-QP-H,283,0.0,0.3529819808903978,0.6470180191096023,not_due_or_no_critical_rows,64,0.021578210096082056,0.02,False,1429
AdaTE-QP-H,284,0.0,0.3529819808903978,0.6470180191096023,not_due_or_no_critical_rows,64,0.021578210096082056,0.02,False,1436
AdaTE-QP-H,285,0.0,0.37869221422799415,0.621307785772006,Optimization terminated successfully,64,0.01714015555839758,0.02,True,1441
AdaTE-QP-H,286,0.0,0.37869221422799415,0.621307785772006,not_due_or_no_critical_rows,64,0.01714015555839758,0.02,True,1446
AdaTE-QP-H,287,0.0,0.37869221422799415,0.621307785772006,not_due_or_no_critical_rows,64,0.01714015555839758,0.02,True,1453
AdaTE-QP-H,288,0.0,0.37869221422799415,0.621307785772006,not_due_or_no_critical_rows,64,0.01714015555839758,0.02,True,1456
AdaTE-QP-H,289,0.0,0.37869221422799415,0.621307785772006,not_due_or_no_critical_rows,64,0.01714015555839758,0.02,True,1461
AdaTE-QP-H,290,0.0,0.34769156705511994,0.6523084329448801,Optimization terminated successfully,64,0.0035269425568518567,0.02,True,1465
AdaTE-QP-H,291,0.0,0.34769156705511994,0.6523084329448801,not_due_or_no_critical_rows,64,0.0035269425568518567,0.02,True,1473
AdaTE-QP-H,292,0.0,0.34769156705511994,0.6523084329448801,not_due_or_no_critical_rows,64,0.0035269425568518567,0.02,True,1476
AdaTE-QP-H,293,0.0,0.34769156705511994,0.6523084329448801,not_due_or_no_critical_rows,64,0.0035269425568518567,0.02,True,1480
AdaTE-QP-H,294,0.0,0.34769156705511994,0.6523084329448801,not_due_or_no_critical_rows,64,0.0035269425568518567,0.02,True,1488
AdaTE-QP-H,295,2.5038576645619325e-19,0.3381839126413519,0.661816087358648,Optimization terminated successfully,64,0.027005534391094783,0.02,False,1495
AdaTE-QP-H,296,2.5038576645619325e-19,0.3381839126413519,0.661816087358648,not_due_or_no_critical_rows,64,0.027005534391094783,0.02,False,1502
AdaTE-QP-H,297,2.5038576645619325e-19,0.3381839126413519,0.661816087358648,not_due_or_no_critical_rows,64,0.027005534391094783,0.02,False,1506
AdaTE-QP-H,298,2.5038576645619325e-19,0.3381839126413519,0.661816087358648,not_due_or_no_critical_rows,64,0.027005534391094783,0.02,False,1511
AdaTE-QP-H,299,2.5038576645619325e-19,0.3381839126413519,0.661816087358648,not_due_or_no_critical_rows,64,0.027005534391094783,0.02,False,1511
AdaTE-QP-H,300,1.0015430658247728e-18,0.32998667783024305,0.6700133221697568,Optimization terminated successfully,64,0.011803259483251227,0.02,True,1517
AdaTE-QP-H,301,1.0015430658247728e-18,0.32998667783024305,0.6700133221697568,not_due_or_no_critical_rows,64,0.011803259483251227,0.02,True,1523
AdaTE-QP-H,302,1.0015430658247728e-18,0.32998667783024305,0.6700133221697568,not_due_or_no_critical_rows,64,0.011803259483251227,0.02,True,1528
AdaTE-QP-H,303,1.0015430658247728e-18,0.32998667783024305,0.6700133221697568,not_due_or_no_critical_rows,64,0.011803259483251227,0.02,True,1532
AdaTE-QP-H,304,1.0015430658247728e-18,0.32998667783024305,0.6700133221697568,not_due_or_no_critical_rows,64,0.011803259483251227,0.02,True,1539
AdaTE-QP-H,305,0.0,0.3299828556823969,0.6700171443176032,Optimization terminated successfully,64,0.005467371305970044,0.02,True,1541
AdaTE-QP-H,306,0.0,0.3299828556823969,0.6700171443176032,not_due_or_no_critical_rows,64,0.005467371305970044,0.02,True,1549
AdaTE-QP-H,307,0.0,0.3299828556823969,0.6700171443176032,not_due_or_no_critical_rows,64,0.005467371305970044,0.02,True,1556
AdaTE-QP-H,308,0.0,0.3299828556823969,0.6700171443176032,not_due_or_no_critical_rows,64,0.005467371305970044,0.02,True,1565
AdaTE-QP-H,309,0.0,0.3299828556823969,0.6700171443176032,not_due_or_no_critical_rows,64,0.005467371305970044,0.02,True,1568
AdaTE-QP-H,310,0.0,0.3299828556823969,0.6700171443176032,Optimization terminated successfully,64,2.548098564166787e-06,0.02,True,1570
AdaTE-QP-H,311,0.0,0.3299828556823969,0.6700171443176032,not_due_or_no_critical_rows,64,2.548098564166787e-06,0.02,True,1574
AdaTE-QP-H,312,0.0,0.3299828556823969,0.6700171443176032,not_due_or_no_critical_rows,64,2.548098564166787e-06,0.02,True,1577
AdaTE-QP-H,313,0.0,0.3299828556823969,0.6700171443176032,not_due_or_no_critical_rows,64,2.548098564166787e-06,0.02,True,1581
AdaTE-QP-H,314,0.0,0.3299828556823969,0.6700171443176032,not_due_or_no_critical_rows,64,2.548098564166787e-06,0.02,True,1581
AdaTE-QP-H,315,0.0,0.33043301238811,0.66956698761189,Optimization terminated successfully,64,0.0003001044704754226,0.02,True,1584
AdaTE-QP-H,316,0.0,0.33043301238811,0.66956698761189,not_due_or_no_critical_rows,64,0.0003001044704754226,0.02,True,1587
AdaTE-QP-H,317,0.0,0.33043301238811,0.66956698761189,not_due_or_no_critical_rows,64,0.0003001044704754226,0.02,True,1591
AdaTE-QP-H,318,0.0,0.33043301238811,0.66956698761189,not_due_or_no_critical_rows,64,0.0003001044704754226,0.02,True,1597
AdaTE-QP-H,319,0.0,0.33043301238811,0.66956698761189,not_due_or_no_critical_rows,64,0.0003001044704754226,0.02,True,1603
AdaTE-QP-H,320,0.0,0.37754192028594963,0.6224580797140504,Optimization terminated successfully,64,0.03170604306903516,0.02,False,1611
AdaTE-QP-H,321,0.0,0.37754192028594963,0.6224580797140504,not_due_or_no_critical_rows,64,0.03170604306903516,0.02,False,1622
AdaTE-QP-H,322,0.0,0.37754192028594963,0.6224580797140504,not_due_or_no_critical_rows,64,0.03170604306903516,0.02,False,1629
AdaTE-QP-H,323,0.0,0.37754192028594963,0.6224580797140504,not_due_or_no_critical_rows,64,0.03170604306903516,0.02,False,1632
AdaTE-QP-H,324,0.0,0.37754192028594963,0.6224580797140504,not_due_or_no_critical_rows,64,0.03170604306903516,0.02,False,1636
AdaTE-QP-H,325,0.0,0.3613820935532676,0.6386179064467323,Optimization terminated successfully,64,0.02063272077677177,0.02,False,1637
AdaTE-QP-H,326,0.0,0.3613820935532676,0.6386179064467323,not_due_or_no_critical_rows,64,0.02063272077677177,0.02,False,1645
AdaTE-QP-H,327,0.0,0.3613820935532676,0.6386179064467323,not_due_or_no_critical_rows,64,0.02063272077677177,0.02,False,1650
AdaTE-QP-H,328,0.0,0.3613820935532676,0.6386179064467323,not_due_or_no_critical_rows,64,0.02063272077677177,0.02,False,1657
AdaTE-QP-H,329,0.0,0.3613820935532676,0.6386179064467323,not_due_or_no_critical_rows,64,0.02063272077677177,0.02,False,1661
AdaTE-QP-H,330,0.0,0.34795196744423473,0.6520480325557653,Optimization terminated successfully,64,0.019726635227809913,0.02,True,1665
AdaTE-QP-H,331,0.0,0.34795196744423473,0.6520480325557653,not_due_or_no_critical_rows,65,0.019726635227809913,0.02,True,1671
AdaTE-QP-H,332,0.0,0.34795196744423473,0.6520480325557653,not_due_or_no_critical_rows,65,0.019726635227809913,0.02,True,1675
AdaTE-QP-H,333,0.0,0.34795196744423473,0.6520480325557653,not_due_or_no_critical_rows,65,0.019726635227809913,0.02,True,1680
AdaTE-QP-H,334,0.0,0.34795196744423473,0.6520480325557653,not_due_or_no_critical_rows,65,0.019726635227809913,0.02,True,1681
AdaTE-QP-H,335,1.3790778543095017e-19,0.34796805582043666,0.6520319441795633,Optimization terminated successfully,65,0.00894269182188732,0.02,True,1685
AdaTE-QP-H,336,1.3790778543095017e-19,0.34796805582043666,0.6520319441795633,not_due_or_no_critical_rows,65,0.00894269182188732,0.02,True,1688
AdaTE-QP-H,337,1.3790778543095017e-19,0.34796805582043666,0.6520319441795633,not_due_or_no_critical_rows,65,0.00894269182188732,0.02,True,1696
AdaTE-QP-H,338,1.3790778543095017e-19,0.34796805582043666,0.6520319441795633,not_due_or_no_critical_rows,65,0.00894269182188732,0.02,True,1701
AdaTE-QP-H,339,1.3790778543095017e-19,0.34796805582043666,0.6520319441795633,not_due_or_no_critical_rows,66,0.00894269182188732,0.02,True,1702
AdaTE-QP-H,340,0.0,0.3475604193485999,0.6524395806514002,Optimization terminated successfully,66,0.000261032063756587,0.02,True,1706
AdaTE-QP-H,341,0.0,0.3475604193485999,0.6524395806514002,not_due_or_no_critical_rows,66,0.000261032063756587,0.02,True,1713
AdaTE-QP-H,342,0.0,0.3475604193485999,0.6524395806514002,not_due_or_no_critical_rows,66,0.000261032063756587,0.02,True,1718
AdaTE-QP-H,343,0.0,0.3475604193485999,0.6524395806514002,not_due_or_no_critical_rows,66,0.000261032063756587,0.02,True,1723
AdaTE-QP-H,344,0.0,0.3475604193485999,0.6524395806514002,not_due_or_no_critical_rows,66,0.000261032063756587,0.02,True,1726
AdaTE-QP-H,345,0.0,0.3475604193485999,0.6524395806514002,Optimization terminated successfully,66,0.0002717576478912058,0.02,True,1728
AdaTE-QP-H,346,0.0,0.3475604193485999,0.6524395806514002,not_due_or_no_critical_rows,66,0.0002717576478912058,0.02,True,1733
AdaTE-QP-H,347,0.0,0.3475604193485999,0.6524395806514002,not_due_or_no_critical_rows,66,0.0002717576478912058,0.02,True,1737
AdaTE-QP-H,348,0.0,0.3475604193485999,0.6524395806514002,not_due_or_no_critical_rows,66,0.0002717576478912058,0.02,True,1739
AdaTE-QP-H,349,0.0,0.3475604193485999,0.6524395806514002,not_due_or_no_critical_rows,66,0.0002717576478912058,0.02,True,1748
AdaTE-QP-H,350,1.5023145987371596e-18,0.3680075378528528,0.6319924621471472,Optimization terminated successfully,66,0.013631412336168621,0.02,True,1755
AdaTE-QP-H,351,1.5023145987371596e-18,0.3680075378528528,0.6319924621471472,not_due_or_no_critical_rows,66,0.013631412336168621,0.02,True,1760
AdaTE-QP-H,352,1.5023145987371596e-18,0.3680075378528528,0.6319924621471472,not_due_or_no_critical_rows,66,0.013631412336168621,0.02,True,1766
AdaTE-QP-H,353,1.5023145987371596e-18,0.3680075378528528,0.6319924621471472,not_due_or_no_critical_rows,66,0.013631412336168621,0.02,True,1768
AdaTE-QP-H,354,1.5023145987371596e-18,0.3680075378528528,0.6319924621471472,not_due_or_no_critical_rows,66,0.013631412336168621,0.02,True,1775
AdaTE-QP-H,355,1.7957354188030108e-18,0.35493101278812106,0.645068987211879,Optimization terminated successfully,66,0.004913728959680786,0.02,True,1779
AdaTE-QP-H,356,1.7957354188030108e-18,0.35493101278812106,0.645068987211879,not_due_or_no_critical_rows,66,0.004913728959680786,0.02,True,1782
AdaTE-QP-H,357,1.7957354188030108e-18,0.35493101278812106,0.645068987211879,not_due_or_no_critical_rows,66,0.004913728959680786,0.02,True,1791
AdaTE-QP-H,358,1.7957354188030108e-18,0.35493101278812106,0.645068987211879,not_due_or_no_critical_rows,66,0.004913728959680786,0.02,True,1798
AdaTE-QP-H,359,1.7957354188030108e-18,0.35493101278812106,0.645068987211879,not_due_or_no_critical_rows,66,0.004913728959680786,0.02,True,1805
AdaTE-QP-H,360,1.3262621066976482e-18,0.355579390982254,0.644420609017746,Optimization terminated successfully,66,0.008285431247065858,0.02,True,1808
AdaTE-QP-H,361,1.3262621066976482e-18,0.355579390982254,0.644420609017746,not_due_or_no_critical_rows,66,0.008285431247065858,0.02,True,1818
AdaTE-QP-H,362,1.3262621066976482e-18,0.355579390982254,0.644420609017746,not_due_or_no_critical_rows,66,0.008285431247065858,0.02,True,1822
AdaTE-QP-H,363,1.3262621066976482e-18,0.355579390982254,0.644420609017746,not_due_or_no_critical_rows,66,0.008285431247065858,0.02,True,1831
AdaTE-QP-H,364,1.3262621066976482e-18,0.355579390982254,0.644420609017746,not_due_or_no_critical_rows,66,0.008285431247065858,0.02,True,1838
AdaTE-QP-H,365,1.627507481965256e-18,0.36100490723631223,0.6389950927636877,Optimization terminated successfully,67,0.00404926296546082,0.02,True,1844
AdaTE-QP-H,366,1.627507481965256e-18,0.36100490723631223,0.6389950927636877,not_due_or_no_critical_rows,67,0.00404926296546082,0.02,True,1849
AdaTE-QP-H,367,1.627507481965256e-18,0.36100490723631223,0.6389950927636877,not_due_or_no_critical_rows,67,0.00404926296546082,0.02,True,1857
AdaTE-QP-H,368,1.627507481965256e-18,0.36100490723631223,0.6389950927636877,not_due_or_no_critical_rows,67,0.00404926296546082,0.02,True,1862
AdaTE-QP-H,369,1.627507481965256e-18,0.36100490723631223,0.6389950927636877,not_due_or_no_critical_rows,67,0.00404926296546082,0.02,True,1869
AdaTE-QP-H,370,1.1270067544892574e-18,0.35040837919943857,0.6495916208005614,Optimization terminated successfully,67,0.003447341188543618,0.02,True,1871
AdaTE-QP-H,371,1.1270067544892574e-18,0.35040837919943857,0.6495916208005614,not_due_or_no_critical_rows,67,0.003447341188543618,0.02,True,1879
AdaTE-QP-H,372,1.1270067544892574e-18,0.35040837919943857,0.6495916208005614,not_due_or_no_critical_rows,67,0.003447341188543618,0.02,True,1888
AdaTE-QP-H,373,1.1270067544892574e-18,0.35040837919943857,0.6495916208005614,not_due_or_no_critical_rows,67,0.003447341188543618,0.02,True,1894
AdaTE-QP-H,374,1.1270067544892574e-18,0.35040837919943857,0.6495916208005614,not_due_or_no_critical_rows,67,0.003447341188543618,0.02,True,1896
AdaTE-QP-H,375,1.254636886644845e-19,0.35021845019028985,0.6497815498097101,Optimization terminated successfully,67,0.007190971364014938,0.02,True,1896
AdaTE-QP-H,376,1.254636886644845e-19,0.35021845019028985,0.6497815498097101,not_due_or_no_critical_rows,67,0.007190971364014938,0.02,True,1901
AdaTE-QP-H,377,1.254636886644845e-19,0.35021845019028985,0.6497815498097101,not_due_or_no_critical_rows,67,0.007190971364014938,0.02,True,1905
AdaTE-QP-H,378,1.254636886644845e-19,0.35021845019028985,0.6497815498097101,not_due_or_no_critical_rows,67,0.007190971364014938,0.02,True,1908
AdaTE-QP-H,379,1.254636886644845e-19,0.35021845019028985,0.6497815498097101,not_due_or_no_critical_rows,67,0.007190971364014938,0.02,True,1913
AdaTE-QP-H,380,0.0,0.3356882623140343,0.6643117376859656,Optimization terminated successfully,67,0.009813411256936152,0.02,True,1917
AdaTE-QP-H,381,0.0,0.3356882623140343,0.6643117376859656,not_due_or_no_critical_rows,67,0.009813411256936152,0.02,True,1920
AdaTE-QP-H,382,0.0,0.3356882623140343,0.6643117376859656,not_due_or_no_critical_rows,67,0.009813411256936152,0.02,True,1925
AdaTE-QP-H,383,0.0,0.3356882623140343,0.6643117376859656,not_due_or_no_critical_rows,67,0.009813411256936152,0.02,True,1933
AdaTE-QP-H,384,0.0,0.3356882623140343,0.6643117376859656,not_due_or_no_critical_rows,67,0.009813411256936152,0.02,True,1939
AdaTE-QP-H,385,2.5038576645619325e-19,0.3262570480427196,0.6737429519572803,Optimization terminated successfully,67,0.015974268098380134,0.02,True,1944
AdaTE-QP-H,386,2.5038576645619325e-19,0.3262570480427196,0.6737429519572803,not_due_or_no_critical_rows,67,0.015974268098380134,0.02,True,1947
AdaTE-QP-H,387,2.5038576645619325e-19,0.3262570480427196,0.6737429519572803,not_due_or_no_critical_rows,67,0.015974268098380134,0.02,True,1950
AdaTE-QP-H,388,2.5038576645619325e-19,0.3262570480427196,0.6737429519572803,not_due_or_no_critical_rows,67,0.015974268098380134,0.02,True,1958
AdaTE-QP-H,389,2.5038576645619325e-19,0.3262570480427196,0.6737429519572803,not_due_or_no_critical_rows,67,0.015974268098380134,0.02,True,1966
AdaTE-QP-H,390,2.5038576645619325e-19,0.3262570480427196,0.6737429519572803,Optimization terminated successfully,67,0.006287476180876457,0.02,True,1971
AdaTE-QP-H,391,2.5038576645619325e-19,0.3262570480427196,0.6737429519572803,not_due_or_no_critical_rows,67,0.006287476180876457,0.02,True,1974
AdaTE-QP-H,392,2.5038576645619325e-19,0.3262570480427196,0.6737429519572803,not_due_or_no_critical_rows,67,0.006287476180876457,0.02,True,1981
AdaTE-QP-H,393,2.5038576645619325e-19,0.3262570480427196,0.6737429519572803,not_due_or_no_critical_rows,67,0.006287476180876457,0.02,True,1983
AdaTE-QP-H,394,2.5038576645619325e-19,0.3262570480427196,0.6737429519572803,not_due_or_no_critical_rows,67,0.006287476180876457,0.02,True,1986
AdaTE-QP-H,395,2.5038576645619325e-19,0.3262570480427196,0.6737429519572803,Optimization terminated successfully,67,0.0,0.02,True,1992
AdaTE-QP-H,396,2.5038576645619325e-19,0.3262570480427196,0.6737429519572803,not_due_or_no_critical_rows,67,0.0,0.02,True,1994
AdaTE-QP-H,397,2.5038576645619325e-19,0.3262570480427196,0.6737429519572803,not_due_or_no_critical_rows,67,0.0,0.02,True,1999
AdaTE-QP-H,398,2.5038576645619325e-19,0.3262570480427196,0.6737429519572803,not_due_or_no_critical_rows,67,0.0,0.02,True,2003
AdaTE-QP-H,399,2.5038576645619325e-19,0.3262570480427196,0.6737429519572803,not_due_or_no_critical_rows,67,0.0,0.02,True,2011
AdaTE-QP-H,400,0.0,0.32546969318156144,0.6745303068184386,Optimization terminated successfully,67,0.000524903240772164,0.02,True,2019
