target_sut,seed,min_ratio,max_ratio,min_count,max_count,m_neighbors,w_streak,selected_count,failure_count,failure_ratio,recall,critical_count,stop_reason
SUT-A,0,0.05,0.4,10,20,2,3,20,12,0.6,0.36363636363636365,13,max_count_reached
SUT-A,1,0.05,0.4,10,20,2,3,20,12,0.6,0.36363636363636365,17,max_count_reached
SUT-A,2,0.05,0.4,10,20,2,3,20,12,0.6,0.36363636363636365,16,max_count_reached
SUT-A,3,0.05,0.4,10,20,2,3,20,15,0.75,0.45454545454545453,16,max_count_reached
SUT-A,4,0.05,0.4,10,20,2,3,20,14,0.7,0.42424242424242425,16,max_count_reached
SUT-A,5,0.05,0.4,10,20,2,3,20,13,0.65,0.3939393939393939,16,max_count_reached
SUT-A,6,0.05,0.4,10,20,2,3,20,10,0.5,0.30303030303030304,14,max_count_reached
SUT-A,7,0.05,0.4,10,20,2,3,20,12,0.6,0.36363636363636365,12,max_count_reached
SUT-A,8,0.05,0.4,10,20,2,3,20,10,0.5,0.30303030303030304,15,max_count_reached
SUT-A,9,0.05,0.4,10,20,2,3,20,16,0.8,0.48484848484848486,17,max_count_reached
SUT-A,10,0.05,0.4,10,20,2,3,20,14,0.7,0.42424242424242425,16,max_count_reached
SUT-A,11,0.05,0.4,10,20,2,3,20,9,0.45,0.2727272727272727,12,max_count_reached
SUT-A,12,0.05,0.4,10,20,2,3,20,12,0.6,0.36363636363636365,14,max_count_reached
SUT-A,13,0.05,0.4,10,20,2,3,20,13,0.65,0.3939393939393939,14,max_count_reached
SUT-A,14,0.05,0.4,10,20,2,3,20,12,0.6,0.36363636363636365,15,max_count_reached
SUT-A,15,0.05,0.4,10,20,2,3,20,13,0.65,0.3939393939393939,16,max_count_reached
SUT-A,16,0.05,0.4,10,20,2,3,20,13,0.65,0.3939393939393939,16,max_count_reached
SUT-A,17,0.05,0.4,10,20,2,3,20,10,0.5,0.30303030303030304,12,max_count_reached
SUT-A,18,0.05,0.4,10,20,2,3,20,9,0.45,0.2727272727272727,13,max_count_reached
SUT-A,19,0.05,0.4,10,20,2,3,20,12,0.6,0.36363636363636365,13,max_count_reached
SUT-A,0,0.05,0.4,10,20,2,4,20,12,0.6,0.36363636363636365,13,max_count_reached
SUT-A,1,0.05,0.4,10,20,2,4,20,12,0.6,0.36363636363636365,17,max_count_reached
SUT-A,2,0.05,0.4,10,20,2,4,20,12,0.6,0.36363636363636365,16,max_count_reached
SUT-A,3,0.05,0.4,10,20,2,4,20,15,0.75,0.45454545454545453,16,max_count_reached
SUT-A,4,0.05,0.4,10,20,2,4,20,14,0.7,0.42424242424242425,16,max_count_reached
SUT-A,5,0.05,0.4,10,20,2,4,20,13,0.65,0.3939393939393939,16,max_count_reached
SUT-A,6,0.05,0.4,10,20,2,4,20,10,0.5,0.30303030303030304,14,max_count_reached
SUT-A,7,0.05,0.4,10,20,2,4,20,12,0.6,0.36363636363636365,12,max_count_reached
SUT-A,8,0.05,0.4,10,20,2,4,20,10,0.5,0.30303030303030304,15,max_count_reached
SUT-A,9,0.05,0.4,10,20,2,4,20,16,0.8,0.48484848484848486,17,max_count_reached
SUT-A,10,0.05,0.4,10,20,2,4,20,14,0.7,0.42424242424242425,16,max_count_reached
SUT-A,11,0.05,0.4,10,20,2,4,20,9,0.45,0.2727272727272727,12,max_count_reached
SUT-A,12,0.05,0.4,10,20,2,4,20,12,0.6,0.36363636363636365,14,max_count_reached
SUT-A,13,0.05,0.4,10,20,2,4,20,13,0.65,0.3939393939393939,14,max_count_reached
SUT-A,14,0.05,0.4,10,20,2,4,20,12,0.6,0.36363636363636365,15,max_count_reached
SUT-A,15,0.05,0.4,10,20,2,4,20,13,0.65,0.3939393939393939,16,max_count_reached
SUT-A,16,0.05,0.4,10,20,2,4,20,13,0.65,0.3939393939393939,16,max_count_reached
SUT-A,17,0.05,0.4,10,20,2,4,20,10,0.5,0.30303030303030304,12,max_count_reached
SUT-A,18,0.05,0.4,10,20,2,4,20,9,0.45,0.2727272727272727,13,max_count_reached
SUT-A,19,0.05,0.4,10,20,2,4,20,12,0.6,0.36363636363636365,13,max_count_reached
SUT-A,0,0.05,0.4,10,20,2,5,20,12,0.6,0.36363636363636365,13,max_count_reached
SUT-A,1,0.05,0.4,10,20,2,5,20,12,0.6,0.36363636363636365,17,max_count_reached
SUT-A,2,0.05,0.4,10,20,2,5,20,12,0.6,0.36363636363636365,16,max_count_reached
SUT-A,3,0.05,0.4,10,20,2,5,20,15,0.75,0.45454545454545453,16,max_count_reached
SUT-A,4,0.05,0.4,10,20,2,5,20,14,0.7,0.42424242424242425,16,max_count_reached
SUT-A,5,0.05,0.4,10,20,2,5,20,13,0.65,0.3939393939393939,16,max_count_reached
SUT-A,6,0.05,0.4,10,20,2,5,20,10,0.5,0.30303030303030304,14,max_count_reached
SUT-A,7,0.05,0.4,10,20,2,5,20,12,0.6,0.36363636363636365,12,max_count_reached
SUT-A,8,0.05,0.4,10,20,2,5,20,10,0.5,0.30303030303030304,15,max_count_reached
SUT-A,9,0.05,0.4,10,20,2,5,20,16,0.8,0.48484848484848486,17,max_count_reached
SUT-A,10,0.05,0.4,10,20,2,5,20,14,0.7,0.42424242424242425,16,max_count_reached
SUT-A,11,0.05,0.4,10,20,2,5,20,9,0.45,0.2727272727272727,12,max_count_reached
SUT-A,12,0.05,0.4,10,20,2,5,20,12,0.6,0.36363636363636365,14,max_count_reached
SUT-A,13,0.05,0.4,10,20,2,5,20,13,0.65,0.3939393939393939,14,max_count_reached
SUT-A,14,0.05,0.4,10,20,2,5,20,12,0.6,0.36363636363636365,15,max_count_reached
SUT-A,15,0.05,0.4,10,20,2,5,20,13,0.65,0.3939393939393939,16,max_count_reached
SUT-A,16,0.05,0.4,10,20,2,5,20,13,0.65,0.3939393939393939,16,max_count_reached
SUT-A,17,0.05,0.4,10,20,2,5,20,10,0.5,0.30303030303030304,12,max_count_reached
SUT-A,18,0.05,0.4,10,20,2,5,20,9,0.45,0.2727272727272727,13,max_count_reached
SUT-A,19,0.05,0.4,10,20,2,5,20,12,0.6,0.36363636363636365,13,max_count_reached
SUT-A,0,0.05,0.4,10,20,3,3,20,12,0.6,0.36363636363636365,13,max_count_reached
SUT-A,1,0.05,0.4,10,20,3,3,20,12,0.6,0.36363636363636365,17,max_count_reached
SUT-A,2,0.05,0.4,10,20,3,3,20,12,0.6,0.36363636363636365,16,max_count_reached
SUT-A,3,0.05,0.4,10,20,3,3,20,15,0.75,0.45454545454545453,16,max_count_reached
SUT-A,4,0.05,0.4,10,20,3,3,20,14,0.7,0.42424242424242425,16,max_count_reached
SUT-A,5,0.05,0.4,10,20,3,3,20,13,0.65,0.3939393939393939,16,max_count_reached
SUT-A,6,0.05,0.4,10,20,3,3,20,10,0.5,0.30303030303030304,14,max_count_reached
SUT-A,7,0.05,0.4,10,20,3,3,20,12,0.6,0.36363636363636365,12,max_count_reached
SUT-A,8,0.05,0.4,10,20,3,3,20,10,0.5,0.30303030303030304,15,max_count_reached
SUT-A,9,0.05,0.4,10,20,3,3,20,16,0.8,0.48484848484848486,17,max_count_reached
SUT-A,10,0.05,0.4,10,20,3,3,20,14,0.7,0.42424242424242425,16,max_count_reached
SUT-A,11,0.05,0.4,10,20,3,3,20,9,0.45,0.2727272727272727,12,max_count_reached
SUT-A,12,0.05,0.4,10,20,3,3,20,12,0.6,0.36363636363636365,14,max_count_reached
SUT-A,13,0.05,0.4,10,20,3,3,20,13,0.65,0.3939393939393939,14,max_count_reached
SUT-A,14,0.05,0.4,10,20,3,3,20,12,0.6,0.36363636363636365,15,max_count_reached
SUT-A,15,0.05,0.4,10,20,3,3,20,13,0.65,0.3939393939393939,16,max_count_reached
SUT-A,16,0.05,0.4,10,20,3,3,20,13,0.65,0.3939393939393939,16,max_count_reached
SUT-A,17,0.05,0.4,10,20,3,3,20,10,0.5,0.30303030303030304,12,max_count_reached
SUT-A,18,0.05,0.4,10,20,3,3,20,9,0.45,0.2727272727272727,13,max_count_reached
SUT-A,19,0.05,0.4,10,20,3,3,20,12,0.6,0.36363636363636365,13,max_count_reached
SUT-A,0,0.05,0.4,10,20,3,4,20,12,0.6,0.36363636363636365,13,max_count_reached
SUT-A,1,0.05,0.4,10,20,3,4,20,12,0.6,0.36363636363636365,17,max_count_reached
SUT-A,2,0.05,0.4,10,20,3,4,20,12,0.6,0.36363636363636365,16,max_count_reached
SUT-A,3,0.05,0.4,10,20,3,4,20,15,0.75,0.45454545454545453,16,max_count_reached
SUT-A,4,0.05,0.4,10,20,3,4,20,14,0.7,0.42424242424242425,16,max_count_reached
SUT-A,5,0.05,0.4,10,20,3,4,20,13,0.65,0.3939393939393939,16,max_count_reached
SUT-A,6,0.05,0.4,10,20,3,4,20,10,0.5,0.30303030303030304,14,max_count_reached
SUT-A,7,0.05,0.4,10,20,3,4,20,12,0.6,0.36363636363636365,12,max_count_reached
SUT-A,8,0.05,0.4,10,20,3,4,20,10,0.5,0.30303030303030304,15,max_count_reached
SUT-A,9,0.05,0.4,10,20,3,4,20,16,0.8,0.48484848484848486,17,max_count_reached
SUT-A,10,0.05,0.4,10,20,3,4,20,14,0.7,0.42424242424242425,16,max_count_reached
SUT-A,11,0.05,0.4,10,20,3,4,20,9,0.45,0.2727272727272727,12,max_count_reached
SUT-A,12,0.05,0.4,10,20,3,4,20,12,0.6,0.36363636363636365,14,max_count_reached
SUT-A,13,0.05,0.4,10,20,3,4,20,13,0.65,0.3939393939393939,14,max_count_reached
SUT-A,14,0.05,0.4,10,20,3,4,20,12,0.6,0.36363636363636365,15,max_count_reached
SUT-A,15,0.05,0.4,10,20,3,4,20,13,0.65,0.3939393939393939,16,max_count_reached
SUT-A,16,0.05,0.4,10,20,3,4,20,13,0.65,0.3939393939393939,16,max_count_reached
SUT-A,17,0.05,0.4,10,20,3,4,20,10,0.5,0.30303030303030304,12,max_count_reached
SUT-A,18,0.05,0.4,10,20,3,4,20,9,0.45,0.2727272727272727,13,max_count_reached
SUT-A,19,0.05,0.4,10,20,3,4,20,12,0.6,0.36363636363636365,13,max_count_reached
SUT-A,0,0.05,0.4,10,20,3,5,20,12,0.6,0.36363636363636365,13,max_count_reached
SUT-A,1,0.05,0.4,10,20,3,5,20,12,0.6,0.36363636363636365,17,max_count_reached
SUT-A,2,0.05,0.4,10,20,3,5,20,12,0.6,0.36363636363636365,16,max_count_reached
SUT-A,3,0.05,0.4,10,20,3,5,20,15,0.75,0.45454545454545453,16,max_count_reached
SUT-A,4,0.05,0.4,10,20,3,5,20,14,0.7,0.42424242424242425,16,max_count_reached
SUT-A,5,0.05,0.4,10,20,3,5,20,13,0.65,0.3939393939393939,16,max_count_reached
SUT-A,6,0.05,0.4,10,20,3,5,20,10,0.5,0.30303030303030304,14,max_count_reached
SUT-A,7,0.05,0.4,10,20,3,5,20,12,0.6,0.36363636363636365,12,max_count_reached
SUT-A,8,0.05,0.4,10,20,3,5,20,10,0.5,0.30303030303030304,15,max_count_reached
SUT-A,9,0.05,0.4,10,20,3,5,20,16,0.8,0.48484848484848486,17,max_count_reached
SUT-A,10,0.05,0.4,10,20,3,5,20,14,0.7,0.42424242424242425,16,max_count_reached
SUT-A,11,0.05,0.4,10,20,3,5,20,9,0.45,0.2727272727272727,12,max_count_reached
SUT-A,12,0.05,0.4,10,20,3,5,20,12,0.6,0.36363636363636365,14,max_count_reached
SUT-A,13,0.05,0.4,10,20,3,5,20,13,0.65,0.3939393939393939,14,max_count_reached
SUT-A,14,0.05,0.4,10,20,3,5,20,12,0.6,0.36363636363636365,15,max_count_reached
SUT-A,15,0.05,0.4,10,20,3,5,20,13,0.65,0.3939393939393939,16,max_count_reached
SUT-A,16,0.05,0.4,10,20,3,5,20,13,0.65,0.3939393939393939,16,max_count_reached
SUT-A,17,0.05,0.4,10,20,3,5,20,10,0.5,0.30303030303030304,12,max_count_reached
SUT-A,18,0.05,0.4,10,20,3,5,20,9,0.45,0.2727272727272727,13,max_count_reached
SUT-A,19,0.05,0.4,10,20,3,5,20,12,0.6,0.36363636363636365,13,max_count_reached
SUT-A,0,0.05,0.4,10,20,4,3,20,12,0.6,0.36363636363636365,13,max_count_reached
SUT-A,1,0.05,0.4,10,20,4,3,20,12,0.6,0.36363636363636365,17,max_count_reached
SUT-A,2,0.05,0.4,10,20,4,3,20,12,0.6,0.36363636363636365,16,max_count_reached
SUT-A,3,0.05,0.4,10,20,4,3,20,15,0.75,0.45454545454545453,16,max_count_reached
SUT-A,4,0.05,0.4,10,20,4,3,20,14,0.7,0.42424242424242425,16,max_count_reached
SUT-A,5,0.05,0.4,10,20,4,3,20,13,0.65,0.3939393939393939,16,max_count_reached
SUT-A,6,0.05,0.4,10,20,4,3,20,10,0.5,0.30303030303030304,14,max_count_reached
SUT-A,7,0.05,0.4,10,20,4,3,20,12,0.6,0.36363636363636365,12,max_count_reached
SUT-A,8,0.05,0.4,10,20,4,3,20,10,0.5,0.30303030303030304,15,max_count_reached
SUT-A,9,0.05,0.4,10,20,4,3,20,16,0.8,0.48484848484848486,17,max_count_reached
SUT-A,10,0.05,0.4,10,20,4,3,20,14,0.7,0.42424242424242425,16,max_count_reached
SUT-A,11,0.05,0.4,10,20,4,3,20,9,0.45,0.2727272727272727,12,max_count_reached
SUT-A,12,0.05,0.4,10,20,4,3,20,12,0.6,0.36363636363636365,14,max_count_reached
SUT-A,13,0.05,0.4,10,20,4,3,20,13,0.65,0.3939393939393939,14,max_count_reached
SUT-A,14,0.05,0.4,10,20,4,3,20,12,0.6,0.36363636363636365,15,max_count_reached
SUT-A,15,0.05,0.4,10,20,4,3,20,13,0.65,0.3939393939393939,16,max_count_reached
SUT-A,16,0.05,0.4,10,20,4,3,20,13,0.65,0.3939393939393939,16,max_count_reached
SUT-A,17,0.05,0.4,10,20,4,3,20,10,0.5,0.30303030303030304,12,max_count_reached
SUT-A,18,0.05,0.4,10,20,4,3,20,9,0.45,0.2727272727272727,13,max_count_reached
SUT-A,19,0.05,0.4,10,20,4,3,20,12,0.6,0.36363636363636365,13,max_count_reached
SUT-A,0,0.05,0.4,10,20,4,4,20,12,0.6,0.36363636363636365,13,max_count_reached
SUT-A,1,0.05,0.4,10,20,4,4,20,12,0.6,0.36363636363636365,17,max_count_reached
SUT-A,2,0.05,0.4,10,20,4,4,20,12,0.6,0.36363636363636365,16,max_count_reached
SUT-A,3,0.05,0.4,10,20,4,4,20,15,0.75,0.45454545454545453,16,max_count_reached
SUT-A,4,0.05,0.4,10,20,4,4,20,14,0.7,0.42424242424242425,16,max_count_reached
SUT-A,5,0.05,0.4,10,20,4,4,20,13,0.65,0.3939393939393939,16,max_count_reached
SUT-A,6,0.05,0.4,10,20,4,4,20,10,0.5,0.30303030303030304,14,max_count_reached
SUT-A,7,0.05,0.4,10,20,4,4,20,12,0.6,0.36363636363636365,12,max_count_reached
SUT-A,8,0.05,0.4,10,20,4,4,20,10,0.5,0.30303030303030304,15,max_count_reached
SUT-A,9,0.05,0.4,10,20,4,4,20,16,0.8,0.48484848484848486,17,max_count_reached
SUT-A,10,0.05,0.4,10,20,4,4,20,14,0.7,0.42424242424242425,16,max_count_reached
SUT-A,11,0.05,0.4,10,20,4,4,20,9,0.45,0.2727272727272727,12,max_count_reached
SUT-A,12,0.05,0.4,10,20,4,4,20,12,0.6,0.36363636363636365,14,max_count_reached
SUT-A,13,0.05,0.4,10,20,4,4,20,13,0.65,0.3939393939393939,14,max_count_reached
SUT-A,14,0.05,0.4,10,20,4,4,20,12,0.6,0.36363636363636365,15,max_count_reached
SUT-A,15,0.05,0.4,10,20,4,4,20,13,0.65,0.3939393939393939,16,max_count_reached
SUT-A,16,0.05,0.4,10,20,4,4,20,13,0.65,0.3939393939393939,16,max_count_reached
SUT-A,17,0.05,0.4,10,20,4,4,20,10,0.5,0.30303030303030304,12,max_count_reached
SUT-A,18,0.05,0.4,10,20,4,4,20,9,0.45,0.2727272727272727,13,max_count_reached
SUT-A,19,0.05,0.4,10,20,4,4,20,12,0.6,0.36363636363636365,13,max_count_reached
SUT-A,0,0.05,0.4,10,20,4,5,20,12,0.6,0.36363636363636365,13,max_count_reached
SUT-A,1,0.05,0.4,10,20,4,5,20,12,0.6,0.36363636363636365,17,max_count_reached
SUT-A,2,0.05,0.4,10,20,4,5,20,12,0.6,0.36363636363636365,16,max_count_reached
SUT-A,3,0.05,0.4,10,20,4,5,20,15,0.75,0.45454545454545453,16,max_count_reached
SUT-A,4,0.05,0.4,10,20,4,5,20,14,0.7,0.42424242424242425,16,max_count_reached
SUT-A,5,0.05,0.4,10,20,4,5,20,13,0.65,0.3939393939393939,16,max_count_reached
SUT-A,6,0.05,0.4,10,20,4,5,20,10,0.5,0.30303030303030304,14,max_count_reached
SUT-A,7,0.05,0.4,10,20,4,5,20,12,0.6,0.36363636363636365,12,max_count_reached
SUT-A,8,0.05,0.4,10,20,4,5,20,10,0.5,0.30303030303030304,15,max_count_reached
SUT-A,9,0.05,0.4,10,20,4,5,20,16,0.8,0.48484848484848486,17,max_count_reached
SUT-A,10,0.05,0.4,10,20,4,5,20,14,0.7,0.42424242424242425,16,max_count_reached
SUT-A,11,0.05,0.4,10,20,4,5,20,9,0.45,0.2727272727272727,12,max_count_reached
SUT-A,12,0.05,0.4,10,20,4,5,20,12,0.6,0.36363636363636365,14,max_count_reached
SUT-A,13,0.05,0.4,10,20,4,5,20,13,0.65,0.3939393939393939,14,max_count_reached
SUT-A,14,0.05,0.4,10,20,4,5,20,12,0.6,0.36363636363636365,15,max_count_reached
SUT-A,15,0.05,0.4,10,20,4,5,20,13,0.65,0.3939393939393939,16,max_count_reached
SUT-A,16,0.05,0.4,10,20,4,5,20,13,0.65,0.3939393939393939,16,max_count_reached
SUT-A,17,0.05,0.4,10,20,4,5,20,10,0.5,0.30303030303030304,12,max_count_reached
SUT-A,18,0.05,0.4,10,20,4,5,20,9,0.45,0.2727272727272727,13,max_count_reached
SUT-A,19,0.05,0.4,10,20,4,5,20,12,0.6,0.36363636363636365,13,max_count_reached
SUT-A,0,0.05,0.5,10,20,2,3,20,12,0.6,0.36363636363636365,13,max_count_reached
SUT-A,1,0.05,0.5,10,20,2,3,20,12,0.6,0.36363636363636365,17,max_count_reached
SUT-A,2,0.05,0.5,10,20,2,3,20,12,0.6,0.36363636363636365,16,max_count_reached
SUT-A,3,0.05,0.5,10,20,2,3,20,15,0.75,0.45454545454545453,16,max_count_reached
SUT-A,4,0.05,0.5,10,20,2,3,20,14,0.7,0.42424242424242425,16,max_count_reached
SUT-A,5,0.05,0.5,10,20,2,3,20,13,0.65,0.3939393939393939,16,max_count_reached
SUT-A,6,0.05,0.5,10,20,2,3,20,10,0.5,0.30303030303030304,14,max_count_reached
SUT-A,7,0.05,0.5,10,20,2,3,20,12,0.6,0.36363636363636365,12,max_count_reached
SUT-A,8,0.05,0.5,10,20,2,3,20,10,0.5,0.30303030303030304,15,max_count_reached
SUT-A,9,0.05,0.5,10,20,2,3,20,16,0.8,0.48484848484848486,17,max_count_reached
SUT-A,10,0.05,0.5,10,20,2,3,20,14,0.7,0.42424242424242425,16,max_count_reached
SUT-A,11,0.05,0.5,10,20,2,3,20,9,0.45,0.2727272727272727,12,max_count_reached
SUT-A,12,0.05,0.5,10,20,2,3,20,12,0.6,0.36363636363636365,14,max_count_reached
SUT-A,13,0.05,0.5,10,20,2,3,20,13,0.65,0.3939393939393939,14,max_count_reached
SUT-A,14,0.05,0.5,10,20,2,3,20,12,0.6,0.36363636363636365,15,max_count_reached
SUT-A,15,0.05,0.5,10,20,2,3,20,13,0.65,0.3939393939393939,16,max_count_reached
SUT-A,16,0.05,0.5,10,20,2,3,20,13,0.65,0.3939393939393939,16,max_count_reached
SUT-A,17,0.05,0.5,10,20,2,3,20,10,0.5,0.30303030303030304,12,max_count_reached
SUT-A,18,0.05,0.5,10,20,2,3,20,9,0.45,0.2727272727272727,13,max_count_reached
SUT-A,19,0.05,0.5,10,20,2,3,20,12,0.6,0.36363636363636365,13,max_count_reached
SUT-A,0,0.05,0.5,10,20,2,4,20,12,0.6,0.36363636363636365,13,max_count_reached
SUT-A,1,0.05,0.5,10,20,2,4,20,12,0.6,0.36363636363636365,17,max_count_reached
SUT-A,2,0.05,0.5,10,20,2,4,20,12,0.6,0.36363636363636365,16,max_count_reached
SUT-A,3,0.05,0.5,10,20,2,4,20,15,0.75,0.45454545454545453,16,max_count_reached
SUT-A,4,0.05,0.5,10,20,2,4,20,14,0.7,0.42424242424242425,16,max_count_reached
SUT-A,5,0.05,0.5,10,20,2,4,20,13,0.65,0.3939393939393939,16,max_count_reached
SUT-A,6,0.05,0.5,10,20,2,4,20,10,0.5,0.30303030303030304,14,max_count_reached
SUT-A,7,0.05,0.5,10,20,2,4,20,12,0.6,0.36363636363636365,12,max_count_reached
SUT-A,8,0.05,0.5,10,20,2,4,20,10,0.5,0.30303030303030304,15,max_count_reached
SUT-A,9,0.05,0.5,10,20,2,4,20,16,0.8,0.48484848484848486,17,max_count_reached
SUT-A,10,0.05,0.5,10,20,2,4,20,14,0.7,0.42424242424242425,16,max_count_reached
SUT-A,11,0.05,0.5,10,20,2,4,20,9,0.45,0.2727272727272727,12,max_count_reached
SUT-A,12,0.05,0.5,10,20,2,4,20,12,0.6,0.36363636363636365,14,max_count_reached
SUT-A,13,0.05,0.5,10,20,2,4,20,13,0.65,0.3939393939393939,14,max_count_reached
SUT-A,14,0.05,0.5,10,20,2,4,20,12,0.6,0.36363636363636365,15,max_count_reached
SUT-A,15,0.05,0.5,10,20,2,4,20,13,0.65,0.3939393939393939,16,max_count_reached
SUT-A,16,0.05,0.5,10,20,2,4,20,13,0.65,0.3939393939393939,16,max_count_reached
SUT-A,17,0.05,0.5,10,20,2,4,20,10,0.5,0.30303030303030304,12,max_count_reached
SUT-A,18,0.05,0.5,10,20,2,4,20,9,0.45,0.2727272727272727,13,max_count_reached
SUT-A,19,0.05,0.5,10,20,2,4,20,12,0.6,0.36363636363636365,13,max_count_reached
SUT-A,0,0.05,0.5,10,20,2,5,20,12,0.6,0.36363636363636365,13,max_count_reached
SUT-A,1,0.05,0.5,10,20,2,5,20,12,0.6,0.36363636363636365,17,max_count_reached
SUT-A,2,0.05,0.5,10,20,2,5,20,12,0.6,0.36363636363636365,16,max_count_reached
SUT-A,3,0.05,0.5,10,20,2,5,20,15,0.75,0.45454545454545453,16,max_count_reached
SUT-A,4,0.05,0.5,10,20,2,5,20,14,0.7,0.42424242424242425,16,max_count_reached
SUT-A,5,0.05,0.5,10,20,2,5,20,13,0.65,0.3939393939393939,16,max_count_reached
SUT-A,6,0.05,0.5,10,20,2,5,20,10,0.5,0.30303030303030304,14,max_count_reached
SUT-A,7,0.05,0.5,10,20,2,5,20,12,0.6,0.36363636363636365,12,max_count_reached
SUT-A,8,0.05,0.5,10,20,2,5,20,10,0.5,0.30303030303030304,15,max_count_reached
SUT-A,9,0.05,0.5,10,20,2,5,20,16,0.8,0.48484848484848486,17,max_count_reached
SUT-A,10,0.05,0.5,10,20,2,5,20,14,0.7,0.42424242424242425,16,max_count_reached
SUT-A,11,0.05,0.5,10,20,2,5,20,9,0.45,0.2727272727272727,12,max_count_reached
SUT-A,12,0.05,0.5,10,20,2,5,20,12,0.6,0.36363636363636365,14,max_count_reached
SUT-A,13,0.05,0.5,10,20,2,5,20,13,0.65,0.3939393939393939,14,max_count_reached
SUT-A,14,0.05,0.5,10,20,2,5,20,12,0.6,0.36363636363636365,15,max_count_reached
SUT-A,15,0.05,0.5,10,20,2,5,20,13,0.65,0.3939393939393939,16,max_count_reached
SUT-A,16,0.05,0.5,10,20,2,5,20,13,0.65,0.3939393939393939,16,max_count_reached
SUT-A,17,0.05,0.5,10,20,2,5,20,10,0.5,0.30303030303030304,12,max_count_reached
SUT-A,18,0.05,0.5,10,20,2,5,20,9,0.45,0.2727272727272727,13,max_count_reached
SUT-A,19,0.05,0.5,10,20,2,5,20,12,0.6,0.36363636363636365,13,max_count_reached
SUT-A,0,0.05,0.5,10,20,3,3,20,12,0.6,0.36363636363636365,13,max_count_reached
SUT-A,1,0.05,0.5,10,20,3,3,20,12,0.6,0.36363636363636365,17,max_count_reached
SUT-A,2,0.05,0.5,10,20,3,3,20,12,0.6,0.36363636363636365,16,max_count_reached
SUT-A,3,0.05,0.5,10,20,3,3,20,15,0.75,0.45454545454545453,16,max_count_reached
SUT-A,4,0.05,0.5,10,20,3,3,20,14,0.7,0.42424242424242425,16,max_count_reached
SUT-A,5,0.05,0.5,10,20,3,3,20,13,0.65,0.3939393939393939,16,max_count_reached
SUT-A,6,0.05,0.5,10,20,3,3,20,10,0.5,0.30303030303030304,14,max_count_reached
SUT-A,7,0.05,0.5,10,20,3,3,20,12,0.6,0.36363636363636365,12,max_count_reached
SUT-A,8,0.05,0.5,10,20,3,3,20,10,0.5,0.30303030303030304,15,max_count_reached
SUT-A,9,0.05,0.5,10,20,3,3,20,16,0.8,0.48484848484848486,17,max_count_reached
SUT-A,10,0.05,0.5,10,20,3,3,20,14,0.7,0.42424242424242425,16,max_count_reached
SUT-A,11,0.05,0.5,10,20,3,3,20,9,0.45,0.2727272727272727,12,max_count_reached
SUT-A,12,0.05,0.5,10,20,3,3,20,12,0.6,0.36363636363636365,14,max_count_reached
SUT-A,13,0.05,0.5,10,20,3,3,20,13,0.65,0.3939393939393939,14,max_count_reached
SUT-A,14,0.05,0.5,10,20,3,3,20,12,0.6,0.36363636363636365,15,max_count_reached
SUT-A,15,0.05,0.5,10,20,3,3,20,13,0.65,0.3939393939393939,16,max_count_reached
SUT-A,16,0.05,0.5,10,20,3,3,20,13,0.65,0.3939393939393939,16,max_count_reached
SUT-A,17,0.05,0.5,10,20,3,3,20,10,0.5,0.30303030303030304,12,max_count_reached
SUT-A,18,0.05,0.5,10,20,3,3,20,9,0.45,0.2727272727272727,13,max_count_reached
SUT-A,19,0.05,0.5,10,20,3,3,20,12,0.6,0.36363636363636365,13,max_count_reached
SUT-A,0,0.05,0.5,10,20,3,4,20,12,0.6,0.36363636363636365,13,max_count_reached
SUT-A,1,0.05,0.5,10,20,3,4,20,12,0.6,0.36363636363636365,17,max_count_reached
SUT-A,2,0.05,0.5,10,20,3,4,20,12,0.6,0.36363636363636365,16,max_count_reached
SUT-A,3,0.05,0.5,10,20,3,4,20,15,0.75,0.45454545454545453,16,max_count_reached
SUT-A,4,0.05,0.5,10,20,3,4,20,14,0.7,0.42424242424242425,16,max_count_reached
SUT-A,5,0.05,0.5,10,20,3,4,20,13,0.65,0.3939393939393939,16,max_count_reached
SUT-A,6,0.05,0.5,10,20,3,4,20,10,0.5,0.30303030303030304,14,max_count_reached
SUT-A,7,0.05,0.5,10,20,3,4,20,12,0.6,0.36363636363636365,12,max_count_reached
SUT-A,8,0.05,0.5,10,20,3,4,20,10,0.5,0.30303030303030304,15,max_count_reached
SUT-A,9,0.05,0.5,10,20,3,4,20,16,0.8,0.48484848484848486,17,max_count_reached
SUT-A,10,0.05,0.5,10,20,3,4,20,14,0.7,0.42424242424242425,16,max_count_reached
SUT-A,11,0.05,0.5,10,20,3,4,20,9,0.45,0.2727272727272727,12,max_count_reached
SUT-A,12,0.05,0.5,10,20,3,4,20,12,0.6,0.36363636363636365,14,max_count_reached
SUT-A,13,0.05,0.5,10,20,3,4,20,13,0.65,0.3939393939393939,14,max_count_reached
SUT-A,14,0.05,0.5,10,20,3,4,20,12,0.6,0.36363636363636365,15,max_count_reached
SUT-A,15,0.05,0.5,10,20,3,4,20,13,0.65,0.3939393939393939,16,max_count_reached
SUT-A,16,0.05,0.5,10,20,3,4,20,13,0.65,0.3939393939393939,16,max_count_reached
SUT-A,17,0.05,0.5,10,20,3,4,20,10,0.5,0.30303030303030304,12,max_count_reached
SUT-A,18,0.05,0.5,10,20,3,4,20,9,0.45,0.2727272727272727,13,max_count_reached
SUT-A,19,0.05,0.5,10,20,3,4,20,12,0.6,0.36363636363636365,13,max_count_reached
SUT-A,0,0.05,0.5,10,20,3,5,20,12,0.6,0.36363636363636365,13,max_count_reached
SUT-A,1,0.05,0.5,10,20,3,5,20,12,0.6,0.36363636363636365,17,max_count_reached
SUT-A,2,0.05,0.5,10,20,3,5,20,12,0.6,0.36363636363636365,16,max_count_reached
SUT-A,3,0.05,0.5,10,20,3,5,20,15,0.75,0.45454545454545453,16,max_count_reached
SUT-A,4,0.05,0.5,10,20,3,5,20,14,0.7,0.42424242424242425,16,max_count_reached
SUT-A,5,0.05,0.5,10,20,3,5,20,13,0.65,0.3939393939393939,16,max_count_reached
SUT-A,6,0.05,0.5,10,20,3,5,20,10,0.5,0.30303030303030304,14,max_count_reached
SUT-A,7,0.05,0.5,10,20,3,5,20,12,0.6,0.36363636363636365,12,max_count_reached
SUT-A,8,0.05,0.5,10,20,3,5,20,10,0.5,0.30303030303030304,15,max_count_reached
SUT-A,9,0.05,0.5,10,20,3,5,20,16,0.8,0.48484848484848486,17,max_count_reached
SUT-A,10,0.05,0.5,10,20,3,5,20,14,0.7,0.42424242424242425,16,max_count_reached
SUT-A,11,0.05,0.5,10,20,3,5,20,9,0.45,0.2727272727272727,12,max_count_reached
SUT-A,12,0.05,0.5,10,20,3,5,20,12,0.6,0.36363636363636365,14,max_count_reached
SUT-A,13,0.05,0.5,10,20,3,5,20,13,0.65,0.3939393939393939,14,max_count_reached
SUT-A,14,0.05,0.5,10,20,3,5,20,12,0.6,0.36363636363636365,15,max_count_reached
SUT-A,15,0.05,0.5,10,20,3,5,20,13,0.65,0.3939393939393939,16,max_count_reached
SUT-A,16,0.05,0.5,10,20,3,5,20,13,0.65,0.3939393939393939,16,max_count_reached
SUT-A,17,0.05,0.5,10,20,3,5,20,10,0.5,0.30303030303030304,12,max_count_reached
SUT-A,18,0.05,0.5,10,20,3,5,20,9,0.45,0.2727272727272727,13,max_count_reached
SUT-A,19,0.05,0.5,10,20,3,5,20,12,0.6,0.36363636363636365,13,max_count_reached
SUT-A,0,0.05,0.5,10,20,4,3,20,12,0.6,0.36363636363636365,13,max_count_reached
SUT-A,1,0.05,0.5,10,20,4,3,20,12,0.6,0.36363636363636365,17,max_count_reached
SUT-A,2,0.05,0.5,10,20,4,3,20,12,0.6,0.36363636363636365,16,max_count_reached
SUT-A,3,0.05,0.5,10,20,4,3,20,15,0.75,0.45454545454545453,16,max_count_reached
SUT-A,4,0.05,0.5,10,20,4,3,20,14,0.7,0.42424242424242425,16,max_count_reached
SUT-A,5,0.05,0.5,10,20,4,3,20,13,0.65,0.3939393939393939,16,max_count_reached
SUT-A,6,0.05,0.5,10,20,4,3,20,10,0.5,0.30303030303030304,14,max_count_reached
SUT-A,7,0.05,0.5,10,20,4,3,20,12,0.6,0.36363636363636365,12,max_count_reached
SUT-A,8,0.05,0.5,10,20,4,3,20,10,0.5,0.30303030303030304,15,max_count_reached
SUT-A,9,0.05,0.5,10,20,4,3,20,16,0.8,0.48484848484848486,17,max_count_reached
SUT-A,10,0.05,0.5,10,20,4,3,20,14,0.7,0.42424242424242425,16,max_count_reached
SUT-A,11,0.05,0.5,10,20,4,3,20,9,0.45,0.2727272727272727,12,max_count_reached
SUT-A,12,0.05,0.5,10,20,4,3,20,12,0.6,0.36363636363636365,14,max_count_reached
SUT-A,13,0.05,0.5,10,20,4,3,20,13,0.65,0.3939393939393939,14,max_count_reached
SUT-A,14,0.05,0.5,10,20,4,3,20,12,0.6,0.36363636363636365,15,max_count_reached
SUT-A,15,0.05,0.5,10,20,4,3,20,13,0.65,0.3939393939393939,16,max_count_reached
SUT-A,16,0.05,0.5,10,20,4,3,20,13,0.65,0.3939393939393939,16,max_count_reached
SUT-A,17,0.05,0.5,10,20,4,3,20,10,0.5,0.30303030303030304,12,max_count_reached
SUT-A,18,0.05,0.5,10,20,4,3,20,9,0.45,0.2727272727272727,13,max_count_reached
SUT-A,19,0.05,0.5,10,20,4,3,20,12,0.6,0.36363636363636365,13,max_count_reached
SUT-A,0,0.05,0.5,10,20,4,4,20,12,0.6,0.36363636363636365,13,max_count_reached
SUT-A,1,0.05,0.5,10,20,4,4,20,12,0.6,0.36363636363636365,17,max_count_reached
SUT-A,2,0.05,0.5,10,20,4,4,20,12,0.6,0.36363636363636365,16,max_count_reached
SUT-A,3,0.05,0.5,10,20,4,4,20,15,0.75,0.45454545454545453,16,max_count_reached
SUT-A,4,0.05,0.5,10,20,4,4,20,14,0.7,0.42424242424242425,16,max_count_reached
SUT-A,5,0.05,0.5,10,20,4,4,20,13,0.65,0.3939393939393939,16,max_count_reached
SUT-A,6,0.05,0.5,10,20,4,4,20,10,0.5,0.30303030303030304,14,max_count_reached
SUT-A,7,0.05,0.5,10,20,4,4,20,12,0.6,0.36363636363636365,12,max_count_reached
SUT-A,8,0.05,0.5,10,20,4,4,20,10,0.5,0.30303030303030304,15,max_count_reached
SUT-A,9,0.05,0.5,10,20,4,4,20,16,0.8,0.48484848484848486,17,max_count_reached
SUT-A,10,0.05,0.5,10,20,4,4,20,14,0.7,0.42424242424242425,16,max_count_reached
SUT-A,11,0.05,0.5,10,20,4,4,20,9,0.45,0.2727272727272727,12,max_count_reached
SUT-A,12,0.05,0.5,10,20,4,4,20,12,0.6,0.36363636363636365,14,max_count_reached
SUT-A,13,0.05,0.5,10,20,4,4,20,13,0.65,0.3939393939393939,14,max_count_reached
SUT-A,14,0.05,0.5,10,20,4,4,20,12,0.6,0.36363636363636365,15,max_count_reached
SUT-A,15,0.05,0.5,10,20,4,4,20,13,0.65,0.3939393939393939,16,max_count_reached
SUT-A,16,0.05,0.5,10,20,4,4,20,13,0.65,0.3939393939393939,16,max_count_reached
SUT-A,17,0.05,0.5,10,20,4,4,20,10,0.5,0.30303030303030304,12,max_count_reached
SUT-A,18,0.05,0.5,10,20,4,4,20,9,0.45,0.2727272727272727,13,max_count_reached
SUT-A,19,0.05,0.5,10,20,4,4,20,12,0.6,0.36363636363636365,13,max_count_reached
SUT-A,0,0.05,0.5,10,20,4,5,20,12,0.6,0.36363636363636365,13,max_count_reached
SUT-A,1,0.05,0.5,10,20,4,5,20,12,0.6,0.36363636363636365,17,max_count_reached
SUT-A,2,0.05,0.5,10,20,4,5,20,12,0.6,0.36363636363636365,16,max_count_reached
SUT-A,3,0.05,0.5,10,20,4,5,20,15,0.75,0.45454545454545453,16,max_count_reached
SUT-A,4,0.05,0.5,10,20,4,5,20,14,0.7,0.42424242424242425,16,max_count_reached
SUT-A,5,0.05,0.5,10,20,4,5,20,13,0.65,0.3939393939393939,16,max_count_reached
SUT-A,6,0.05,0.5,10,20,4,5,20,10,0.5,0.30303030303030304,14,max_count_reached
SUT-A,7,0.05,0.5,10,20,4,5,20,12,0.6,0.36363636363636365,12,max_count_reached
SUT-A,8,0.05,0.5,10,20,4,5,20,10,0.5,0.30303030303030304,15,max_count_reached
SUT-A,9,0.05,0.5,10,20,4,5,20,16,0.8,0.48484848484848486,17,max_count_reached
SUT-A,10,0.05,0.5,10,20,4,5,20,14,0.7,0.42424242424242425,16,max_count_reached
SUT-A,11,0.05,0.5,10,20,4,5,20,9,0.45,0.2727272727272727,12,max_count_reached
SUT-A,12,0.05,0.5,10,20,4,5,20,12,0.6,0.36363636363636365,14,max_count_reached
SUT-A,13,0.05,0.5,10,20,4,5,20,13,0.65,0.3939393939393939,14,max_count_reached
SUT-A,14,0.05,0.5,10,20,4,5,20,12,0.6,0.36363636363636365,15,max_count_reached
SUT-A,15,0.05,0.5,10,20,4,5,20,13,0.65,0.3939393939393939,16,max_count_reached
SUT-A,16,0.05,0.5,10,20,4,5,20,13,0.65,0.3939393939393939,16,max_count_reached
SUT-A,17,0.05,0.5,10,20,4,5,20,10,0.5,0.30303030303030304,12,max_count_reached
SUT-A,18,0.05,0.5,10,20,4,5,20,9,0.45,0.2727272727272727,13,max_count_reached
SUT-A,19,0.05,0.5,10,20,4,5,20,12,0.6,0.36363636363636365,13,max_count_reached
SUT-A,0,0.1,0.4,20,20,2,3,20,12,0.6,0.36363636363636365,13,max_count_reached
SUT-A,1,0.1,0.4,20,20,2,3,20,12,0.6,0.36363636363636365,17,max_count_reached
SUT-A,2,0.1,0.4,20,20,2,3,20,12,0.6,0.36363636363636365,16,max_count_reached
SUT-A,3,0.1,0.4,20,20,2,3,20,15,0.75,0.45454545454545453,16,max_count_reached
SUT-A,4,0.1,0.4,20,20,2,3,20,14,0.7,0.42424242424242425,16,max_count_reached
SUT-A,5,0.1,0.4,20,20,2,3,20,13,0.65,0.3939393939393939,16,max_count_reached
SUT-A,6,0.1,0.4,20,20,2,3,20,10,0.5,0.30303030303030304,14,max_count_reached
SUT-A,7,0.1,0.4,20,20,2,3,20,12,0.6,0.36363636363636365,12,max_count_reached
SUT-A,8,0.1,0.4,20,20,2,3,20,10,0.5,0.30303030303030304,15,max_count_reached
SUT-A,9,0.1,0.4,20,20,2,3,20,16,0.8,0.48484848484848486,17,max_count_reached
SUT-A,10,0.1,0.4,20,20,2,3,20,14,0.7,0.42424242424242425,16,max_count_reached
SUT-A,11,0.1,0.4,20,20,2,3,20,9,0.45,0.2727272727272727,12,max_count_reached
SUT-A,12,0.1,0.4,20,20,2,3,20,12,0.6,0.36363636363636365,14,max_count_reached
SUT-A,13,0.1,0.4,20,20,2,3,20,13,0.65,0.3939393939393939,14,max_count_reached
SUT-A,14,0.1,0.4,20,20,2,3,20,12,0.6,0.36363636363636365,15,max_count_reached
SUT-A,15,0.1,0.4,20,20,2,3,20,13,0.65,0.3939393939393939,16,max_count_reached
SUT-A,16,0.1,0.4,20,20,2,3,20,13,0.65,0.3939393939393939,16,max_count_reached
SUT-A,17,0.1,0.4,20,20,2,3,20,10,0.5,0.30303030303030304,12,max_count_reached
SUT-A,18,0.1,0.4,20,20,2,3,20,9,0.45,0.2727272727272727,13,max_count_reached
SUT-A,19,0.1,0.4,20,20,2,3,20,12,0.6,0.36363636363636365,13,max_count_reached
SUT-A,0,0.1,0.4,20,20,2,4,20,12,0.6,0.36363636363636365,13,max_count_reached
SUT-A,1,0.1,0.4,20,20,2,4,20,12,0.6,0.36363636363636365,17,max_count_reached
SUT-A,2,0.1,0.4,20,20,2,4,20,12,0.6,0.36363636363636365,16,max_count_reached
SUT-A,3,0.1,0.4,20,20,2,4,20,15,0.75,0.45454545454545453,16,max_count_reached
SUT-A,4,0.1,0.4,20,20,2,4,20,14,0.7,0.42424242424242425,16,max_count_reached
SUT-A,5,0.1,0.4,20,20,2,4,20,13,0.65,0.3939393939393939,16,max_count_reached
SUT-A,6,0.1,0.4,20,20,2,4,20,10,0.5,0.30303030303030304,14,max_count_reached
SUT-A,7,0.1,0.4,20,20,2,4,20,12,0.6,0.36363636363636365,12,max_count_reached
SUT-A,8,0.1,0.4,20,20,2,4,20,10,0.5,0.30303030303030304,15,max_count_reached
SUT-A,9,0.1,0.4,20,20,2,4,20,16,0.8,0.48484848484848486,17,max_count_reached
SUT-A,10,0.1,0.4,20,20,2,4,20,14,0.7,0.42424242424242425,16,max_count_reached
SUT-A,11,0.1,0.4,20,20,2,4,20,9,0.45,0.2727272727272727,12,max_count_reached
SUT-A,12,0.1,0.4,20,20,2,4,20,12,0.6,0.36363636363636365,14,max_count_reached
SUT-A,13,0.1,0.4,20,20,2,4,20,13,0.65,0.3939393939393939,14,max_count_reached
SUT-A,14,0.1,0.4,20,20,2,4,20,12,0.6,0.36363636363636365,15,max_count_reached
SUT-A,15,0.1,0.4,20,20,2,4,20,13,0.65,0.3939393939393939,16,max_count_reached
SUT-A,16,0.1,0.4,20,20,2,4,20,13,0.65,0.3939393939393939,16,max_count_reached
SUT-A,17,0.1,0.4,20,20,2,4,20,10,0.5,0.30303030303030304,12,max_count_reached
SUT-A,18,0.1,0.4,20,20,2,4,20,9,0.45,0.2727272727272727,13,max_count_reached
SUT-A,19,0.1,0.4,20,20,2,4,20,12,0.6,0.36363636363636365,13,max_count_reached
SUT-A,0,0.1,0.4,20,20,2,5,20,12,0.6,0.36363636363636365,13,max_count_reached
SUT-A,1,0.1,0.4,20,20,2,5,20,12,0.6,0.36363636363636365,17,max_count_reached
SUT-A,2,0.1,0.4,20,20,2,5,20,12,0.6,0.36363636363636365,16,max_count_reached
SUT-A,3,0.1,0.4,20,20,2,5,20,15,0.75,0.45454545454545453,16,max_count_reached
SUT-A,4,0.1,0.4,20,20,2,5,20,14,0.7,0.42424242424242425,16,max_count_reached
SUT-A,5,0.1,0.4,20,20,2,5,20,13,0.65,0.3939393939393939,16,max_count_reached
SUT-A,6,0.1,0.4,20,20,2,5,20,10,0.5,0.30303030303030304,14,max_count_reached
SUT-A,7,0.1,0.4,20,20,2,5,20,12,0.6,0.36363636363636365,12,max_count_reached
SUT-A,8,0.1,0.4,20,20,2,5,20,10,0.5,0.30303030303030304,15,max_count_reached
SUT-A,9,0.1,0.4,20,20,2,5,20,16,0.8,0.48484848484848486,17,max_count_reached
SUT-A,10,0.1,0.4,20,20,2,5,20,14,0.7,0.42424242424242425,16,max_count_reached
SUT-A,11,0.1,0.4,20,20,2,5,20,9,0.45,0.2727272727272727,12,max_count_reached
SUT-A,12,0.1,0.4,20,20,2,5,20,12,0.6,0.36363636363636365,14,max_count_reached
SUT-A,13,0.1,0.4,20,20,2,5,20,13,0.65,0.3939393939393939,14,max_count_reached
SUT-A,14,0.1,0.4,20,20,2,5,20,12,0.6,0.36363636363636365,15,max_count_reached
SUT-A,15,0.1,0.4,20,20,2,5,20,13,0.65,0.3939393939393939,16,max_count_reached
SUT-A,16,0.1,0.4,20,20,2,5,20,13,0.65,0.3939393939393939,16,max_count_reached
SUT-A,17,0.1,0.4,20,20,2,5,20,10,0.5,0.30303030303030304,12,max_count_reached
SUT-A,18,0.1,0.4,20,20,2,5,20,9,0.45,0.2727272727272727,13,max_count_reached
SUT-A,19,0.1,0.4,20,20,2,5,20,12,0.6,0.36363636363636365,13,max_count_reached
SUT-A,0,0.1,0.4,20,20,3,3,20,12,0.6,0.36363636363636365,13,max_count_reached
SUT-A,1,0.1,0.4,20,20,3,3,20,12,0.6,0.36363636363636365,17,max_count_reached
SUT-A,2,0.1,0.4,20,20,3,3,20,12,0.6,0.36363636363636365,16,max_count_reached
SUT-A,3,0.1,0.4,20,20,3,3,20,15,0.75,0.45454545454545453,16,max_count_reached
SUT-A,4,0.1,0.4,20,20,3,3,20,14,0.7,0.42424242424242425,16,max_count_reached
SUT-A,5,0.1,0.4,20,20,3,3,20,13,0.65,0.3939393939393939,16,max_count_reached
SUT-A,6,0.1,0.4,20,20,3,3,20,10,0.5,0.30303030303030304,14,max_count_reached
SUT-A,7,0.1,0.4,20,20,3,3,20,12,0.6,0.36363636363636365,12,max_count_reached
SUT-A,8,0.1,0.4,20,20,3,3,20,10,0.5,0.30303030303030304,15,max_count_reached
SUT-A,9,0.1,0.4,20,20,3,3,20,16,0.8,0.48484848484848486,17,max_count_reached
SUT-A,10,0.1,0.4,20,20,3,3,20,14,0.7,0.42424242424242425,16,max_count_reached
SUT-A,11,0.1,0.4,20,20,3,3,20,9,0.45,0.2727272727272727,12,max_count_reached
SUT-A,12,0.1,0.4,20,20,3,3,20,12,0.6,0.36363636363636365,14,max_count_reached
SUT-A,13,0.1,0.4,20,20,3,3,20,13,0.65,0.3939393939393939,14,max_count_reached
SUT-A,14,0.1,0.4,20,20,3,3,20,12,0.6,0.36363636363636365,15,max_count_reached
SUT-A,15,0.1,0.4,20,20,3,3,20,13,0.65,0.3939393939393939,16,max_count_reached
SUT-A,16,0.1,0.4,20,20,3,3,20,13,0.65,0.3939393939393939,16,max_count_reached
SUT-A,17,0.1,0.4,20,20,3,3,20,10,0.5,0.30303030303030304,12,max_count_reached
SUT-A,18,0.1,0.4,20,20,3,3,20,9,0.45,0.2727272727272727,13,max_count_reached
SUT-A,19,0.1,0.4,20,20,3,3,20,12,0.6,0.36363636363636365,13,max_count_reached
SUT-A,0,0.1,0.4,20,20,3,4,20,12,0.6,0.36363636363636365,13,max_count_reached
SUT-A,1,0.1,0.4,20,20,3,4,20,12,0.6,0.36363636363636365,17,max_count_reached
SUT-A,2,0.1,0.4,20,20,3,4,20,12,0.6,0.36363636363636365,16,max_count_reached
SUT-A,3,0.1,0.4,20,20,3,4,20,15,0.75,0.45454545454545453,16,max_count_reached
SUT-A,4,0.1,0.4,20,20,3,4,20,14,0.7,0.42424242424242425,16,max_count_reached
SUT-A,5,0.1,0.4,20,20,3,4,20,13,0.65,0.3939393939393939,16,max_count_reached
SUT-A,6,0.1,0.4,20,20,3,4,20,10,0.5,0.30303030303030304,14,max_count_reached
SUT-A,7,0.1,0.4,20,20,3,4,20,12,0.6,0.36363636363636365,12,max_count_reached
SUT-A,8,0.1,0.4,20,20,3,4,20,10,0.5,0.30303030303030304,15,max_count_reached
SUT-A,9,0.1,0.4,20,20,3,4,20,16,0.8,0.48484848484848486,17,max_count_reached
SUT-A,10,0.1,0.4,20,20,3,4,20,14,0.7,0.42424242424242425,16,max_count_reached
SUT-A,11,0.1,0.4,20,20,3,4,20,9,0.45,0.2727272727272727,12,max_count_reached
SUT-A,12,0.1,0.4,20,20,3,4,20,12,0.6,0.36363636363636365,14,max_count_reached
SUT-A,13,0.1,0.4,20,20,3,4,20,13,0.65,0.3939393939393939,14,max_count_reached
SUT-A,14,0.1,0.4,20,20,3,4,20,12,0.6,0.36363636363636365,15,max_count_reached
SUT-A,15,0.1,0.4,20,20,3,4,20,13,0.65,0.3939393939393939,16,max_count_reached
SUT-A,16,0.1,0.4,20,20,3,4,20,13,0.65,0.3939393939393939,16,max_count_reached
SUT-A,17,0.1,0.4,20,20,3,4,20,10,0.5,0.30303030303030304,12,max_count_reached
SUT-A,18,0.1,0.4,20,20,3,4,20,9,0.45,0.2727272727272727,13,max_count_reached
SUT-A,19,0.1,0.4,20,20,3,4,20,12,0.6,0.36363636363636365,13,max_count_reached
SUT-A,0,0.1,0.4,20,20,3,5,20,12,0.6,0.36363636363636365,13,max_count_reached
SUT-A,1,0.1,0.4,20,20,3,5,20,12,0.6,0.36363636363636365,17,max_count_reached
SUT-A,2,0.1,0.4,20,20,3,5,20,12,0.6,0.36363636363636365,16,max_count_reached
SUT-A,3,0.1,0.4,20,20,3,5,20,15,0.75,0.45454545454545453,16,max_count_reached
SUT-A,4,0.1,0.4,20,20,3,5,20,14,0.7,0.42424242424242425,16,max_count_reached
SUT-A,5,0.1,0.4,20,20,3,5,20,13,0.65,0.3939393939393939,16,max_count_reached
SUT-A,6,0.1,0.4,20,20,3,5,20,10,0.5,0.30303030303030304,14,max_count_reached
SUT-A,7,0.1,0.4,20,20,3,5,20,12,0.6,0.36363636363636365,12,max_count_reached
SUT-A,8,0.1,0.4,20,20,3,5,20,10,0.5,0.30303030303030304,15,max_count_reached
SUT-A,9,0.1,0.4,20,20,3,5,20,16,0.8,0.48484848484848486,17,max_count_reached
SUT-A,10,0.1,0.4,20,20,3,5,20,14,0.7,0.42424242424242425,16,max_count_reached
SUT-A,11,0.1,0.4,20,20,3,5,20,9,0.45,0.2727272727272727,12,max_count_reached
SUT-A,12,0.1,0.4,20,20,3,5,20,12,0.6,0.36363636363636365,14,max_count_reached
SUT-A,13,0.1,0.4,20,20,3,5,20,13,0.65,0.3939393939393939,14,max_count_reached
SUT-A,14,0.1,0.4,20,20,3,5,20,12,0.6,0.36363636363636365,15,max_count_reached
SUT-A,15,0.1,0.4,20,20,3,5,20,13,0.65,0.3939393939393939,16,max_count_reached
SUT-A,16,0.1,0.4,20,20,3,5,20,13,0.65,0.3939393939393939,16,max_count_reached
SUT-A,17,0.1,0.4,20,20,3,5,20,10,0.5,0.30303030303030304,12,max_count_reached
SUT-A,18,0.1,0.4,20,20,3,5,20,9,0.45,0.2727272727272727,13,max_count_reached
SUT-A,19,0.1,0.4,20,20,3,5,20,12,0.6,0.36363636363636365,13,max_count_reached
SUT-A,0,0.1,0.4,20,20,4,3,20,12,0.6,0.36363636363636365,13,max_count_reached
SUT-A,1,0.1,0.4,20,20,4,3,20,12,0.6,0.36363636363636365,17,max_count_reached
SUT-A,2,0.1,0.4,20,20,4,3,20,12,0.6,0.36363636363636365,16,max_count_reached
SUT-A,3,0.1,0.4,20,20,4,3,20,15,0.75,0.45454545454545453,16,max_count_reached
SUT-A,4,0.1,0.4,20,20,4,3,20,14,0.7,0.42424242424242425,16,max_count_reached
SUT-A,5,0.1,0.4,20,20,4,3,20,13,0.65,0.3939393939393939,16,max_count_reached
SUT-A,6,0.1,0.4,20,20,4,3,20,10,0.5,0.30303030303030304,14,max_count_reached
SUT-A,7,0.1,0.4,20,20,4,3,20,12,0.6,0.36363636363636365,12,max_count_reached
SUT-A,8,0.1,0.4,20,20,4,3,20,10,0.5,0.30303030303030304,15,max_count_reached
SUT-A,9,0.1,0.4,20,20,4,3,20,16,0.8,0.48484848484848486,17,max_count_reached
SUT-A,10,0.1,0.4,20,20,4,3,20,14,0.7,0.42424242424242425,16,max_count_reached
SUT-A,11,0.1,0.4,20,20,4,3,20,9,0.45,0.2727272727272727,12,max_count_reached
SUT-A,12,0.1,0.4,20,20,4,3,20,12,0.6,0.36363636363636365,14,max_count_reached
SUT-A,13,0.1,0.4,20,20,4,3,20,13,0.65,0.3939393939393939,14,max_count_reached
SUT-A,14,0.1,0.4,20,20,4,3,20,12,0.6,0.36363636363636365,15,max_count_reached
SUT-A,15,0.1,0.4,20,20,4,3,20,13,0.65,0.3939393939393939,16,max_count_reached
SUT-A,16,0.1,0.4,20,20,4,3,20,13,0.65,0.3939393939393939,16,max_count_reached
SUT-A,17,0.1,0.4,20,20,4,3,20,10,0.5,0.30303030303030304,12,max_count_reached
SUT-A,18,0.1,0.4,20,20,4,3,20,9,0.45,0.2727272727272727,13,max_count_reached
SUT-A,19,0.1,0.4,20,20,4,3,20,12,0.6,0.36363636363636365,13,max_count_reached
SUT-A,0,0.1,0.4,20,20,4,4,20,12,0.6,0.36363636363636365,13,max_count_reached
SUT-A,1,0.1,0.4,20,20,4,4,20,12,0.6,0.36363636363636365,17,max_count_reached
SUT-A,2,0.1,0.4,20,20,4,4,20,12,0.6,0.36363636363636365,16,max_count_reached
SUT-A,3,0.1,0.4,20,20,4,4,20,15,0.75,0.45454545454545453,16,max_count_reached
SUT-A,4,0.1,0.4,20,20,4,4,20,14,0.7,0.42424242424242425,16,max_count_reached
SUT-A,5,0.1,0.4,20,20,4,4,20,13,0.65,0.3939393939393939,16,max_count_reached
SUT-A,6,0.1,0.4,20,20,4,4,20,10,0.5,0.30303030303030304,14,max_count_reached
SUT-A,7,0.1,0.4,20,20,4,4,20,12,0.6,0.36363636363636365,12,max_count_reached
SUT-A,8,0.1,0.4,20,20,4,4,20,10,0.5,0.30303030303030304,15,max_count_reached
SUT-A,9,0.1,0.4,20,20,4,4,20,16,0.8,0.48484848484848486,17,max_count_reached
SUT-A,10,0.1,0.4,20,20,4,4,20,14,0.7,0.42424242424242425,16,max_count_reached
SUT-A,11,0.1,0.4,20,20,4,4,20,9,0.45,0.2727272727272727,12,max_count_reached
SUT-A,12,0.1,0.4,20,20,4,4,20,12,0.6,0.36363636363636365,14,max_count_reached
SUT-A,13,0.1,0.4,20,20,4,4,20,13,0.65,0.3939393939393939,14,max_count_reached
SUT-A,14,0.1,0.4,20,20,4,4,20,12,0.6,0.36363636363636365,15,max_count_reached
SUT-A,15,0.1,0.4,20,20,4,4,20,13,0.65,0.3939393939393939,16,max_count_reached
SUT-A,16,0.1,0.4,20,20,4,4,20,13,0.65,0.3939393939393939,16,max_count_reached
SUT-A,17,0.1,0.4,20,20,4,4,20,10,0.5,0.30303030303030304,12,max_count_reached
SUT-A,18,0.1,0.4,20,20,4,4,20,9,0.45,0.2727272727272727,13,max_count_reached
SUT-A,19,0.1,0.4,20,20,4,4,20,12,0.6,0.36363636363636365,13,max_count_reached
SUT-A,0,0.1,0.4,20,20,4,5,20,12,0.6,0.36363636363636365,13,max_count_reached
SUT-A,1,0.1,0.4,20,20,4,5,20,12,0.6,0.36363636363636365,17,max_count_reached
SUT-A,2,0.1,0.4,20,20,4,5,20,12,0.6,0.36363636363636365,16,max_count_reached
SUT-A,3,0.1,0.4,20,20,4,5,20,15,0.75,0.45454545454545453,16,max_count_reached
SUT-A,4,0.1,0.4,20,20,4,5,20,14,0.7,0.42424242424242425,16,max_count_reached
SUT-A,5,0.1,0.4,20,20,4,5,20,13,0.65,0.3939393939393939,16,max_count_reached
SUT-A,6,0.1,0.4,20,20,4,5,20,10,0.5,0.30303030303030304,14,max_count_reached
SUT-A,7,0.1,0.4,20,20,4,5,20,12,0.6,0.36363636363636365,12,max_count_reached
SUT-A,8,0.1,0.4,20,20,4,5,20,10,0.5,0.30303030303030304,15,max_count_reached
SUT-A,9,0.1,0.4,20,20,4,5,20,16,0.8,0.48484848484848486,17,max_count_reached
SUT-A,10,0.1,0.4,20,20,4,5,20,14,0.7,0.42424242424242425,16,max_count_reached
SUT-A,11,0.1,0.4,20,20,4,5,20,9,0.45,0.2727272727272727,12,max_count_reached
SUT-A,12,0.1,0.4,20,20,4,5,20,12,0.6,0.36363636363636365,14,max_count_reached
SUT-A,13,0.1,0.4,20,20,4,5,20,13,0.65,0.3939393939393939,14,max_count_reached
SUT-A,14,0.1,0.4,20,20,4,5,20,12,0.6,0.36363636363636365,15,max_count_reached
SUT-A,15,0.1,0.4,20,20,4,5,20,13,0.65,0.3939393939393939,16,max_count_reached
SUT-A,16,0.1,0.4,20,20,4,5,20,13,0.65,0.3939393939393939,16,max_count_reached
SUT-A,17,0.1,0.4,20,20,4,5,20,10,0.5,0.30303030303030304,12,max_count_reached
SUT-A,18,0.1,0.4,20,20,4,5,20,9,0.45,0.2727272727272727,13,max_count_reached
SUT-A,19,0.1,0.4,20,20,4,5,20,12,0.6,0.36363636363636365,13,max_count_reached
SUT-A,0,0.1,0.5,20,20,2,3,20,12,0.6,0.36363636363636365,13,max_count_reached
SUT-A,1,0.1,0.5,20,20,2,3,20,12,0.6,0.36363636363636365,17,max_count_reached
SUT-A,2,0.1,0.5,20,20,2,3,20,12,0.6,0.36363636363636365,16,max_count_reached
SUT-A,3,0.1,0.5,20,20,2,3,20,15,0.75,0.45454545454545453,16,max_count_reached
SUT-A,4,0.1,0.5,20,20,2,3,20,14,0.7,0.42424242424242425,16,max_count_reached
SUT-A,5,0.1,0.5,20,20,2,3,20,13,0.65,0.3939393939393939,16,max_count_reached
SUT-A,6,0.1,0.5,20,20,2,3,20,10,0.5,0.30303030303030304,14,max_count_reached
SUT-A,7,0.1,0.5,20,20,2,3,20,12,0.6,0.36363636363636365,12,max_count_reached
SUT-A,8,0.1,0.5,20,20,2,3,20,10,0.5,0.30303030303030304,15,max_count_reached
SUT-A,9,0.1,0.5,20,20,2,3,20,16,0.8,0.48484848484848486,17,max_count_reached
SUT-A,10,0.1,0.5,20,20,2,3,20,14,0.7,0.42424242424242425,16,max_count_reached
SUT-A,11,0.1,0.5,20,20,2,3,20,9,0.45,0.2727272727272727,12,max_count_reached
SUT-A,12,0.1,0.5,20,20,2,3,20,12,0.6,0.36363636363636365,14,max_count_reached
SUT-A,13,0.1,0.5,20,20,2,3,20,13,0.65,0.3939393939393939,14,max_count_reached
SUT-A,14,0.1,0.5,20,20,2,3,20,12,0.6,0.36363636363636365,15,max_count_reached
SUT-A,15,0.1,0.5,20,20,2,3,20,13,0.65,0.3939393939393939,16,max_count_reached
SUT-A,16,0.1,0.5,20,20,2,3,20,13,0.65,0.3939393939393939,16,max_count_reached
SUT-A,17,0.1,0.5,20,20,2,3,20,10,0.5,0.30303030303030304,12,max_count_reached
SUT-A,18,0.1,0.5,20,20,2,3,20,9,0.45,0.2727272727272727,13,max_count_reached
SUT-A,19,0.1,0.5,20,20,2,3,20,12,0.6,0.36363636363636365,13,max_count_reached
SUT-A,0,0.1,0.5,20,20,2,4,20,12,0.6,0.36363636363636365,13,max_count_reached
SUT-A,1,0.1,0.5,20,20,2,4,20,12,0.6,0.36363636363636365,17,max_count_reached
SUT-A,2,0.1,0.5,20,20,2,4,20,12,0.6,0.36363636363636365,16,max_count_reached
SUT-A,3,0.1,0.5,20,20,2,4,20,15,0.75,0.45454545454545453,16,max_count_reached
SUT-A,4,0.1,0.5,20,20,2,4,20,14,0.7,0.42424242424242425,16,max_count_reached
SUT-A,5,0.1,0.5,20,20,2,4,20,13,0.65,0.3939393939393939,16,max_count_reached
SUT-A,6,0.1,0.5,20,20,2,4,20,10,0.5,0.30303030303030304,14,max_count_reached
SUT-A,7,0.1,0.5,20,20,2,4,20,12,0.6,0.36363636363636365,12,max_count_reached
SUT-A,8,0.1,0.5,20,20,2,4,20,10,0.5,0.30303030303030304,15,max_count_reached
SUT-A,9,0.1,0.5,20,20,2,4,20,16,0.8,0.48484848484848486,17,max_count_reached
SUT-A,10,0.1,0.5,20,20,2,4,20,14,0.7,0.42424242424242425,16,max_count_reached
SUT-A,11,0.1,0.5,20,20,2,4,20,9,0.45,0.2727272727272727,12,max_count_reached
SUT-A,12,0.1,0.5,20,20,2,4,20,12,0.6,0.36363636363636365,14,max_count_reached
SUT-A,13,0.1,0.5,20,20,2,4,20,13,0.65,0.3939393939393939,14,max_count_reached
SUT-A,14,0.1,0.5,20,20,2,4,20,12,0.6,0.36363636363636365,15,max_count_reached
SUT-A,15,0.1,0.5,20,20,2,4,20,13,0.65,0.3939393939393939,16,max_count_reached
SUT-A,16,0.1,0.5,20,20,2,4,20,13,0.65,0.3939393939393939,16,max_count_reached
SUT-A,17,0.1,0.5,20,20,2,4,20,10,0.5,0.30303030303030304,12,max_count_reached
SUT-A,18,0.1,0.5,20,20,2,4,20,9,0.45,0.2727272727272727,13,max_count_reached
SUT-A,19,0.1,0.5,20,20,2,4,20,12,0.6,0.36363636363636365,13,max_count_reached
SUT-A,0,0.1,0.5,20,20,2,5,20,12,0.6,0.36363636363636365,13,max_count_reached
SUT-A,1,0.1,0.5,20,20,2,5,20,12,0.6,0.36363636363636365,17,max_count_reached
SUT-A,2,0.1,0.5,20,20,2,5,20,12,0.6,0.36363636363636365,16,max_count_reached
SUT-A,3,0.1,0.5,20,20,2,5,20,15,0.75,0.45454545454545453,16,max_count_reached
SUT-A,4,0.1,0.5,20,20,2,5,20,14,0.7,0.42424242424242425,16,max_count_reached
SUT-A,5,0.1,0.5,20,20,2,5,20,13,0.65,0.3939393939393939,16,max_count_reached
SUT-A,6,0.1,0.5,20,20,2,5,20,10,0.5,0.30303030303030304,14,max_count_reached
SUT-A,7,0.1,0.5,20,20,2,5,20,12,0.6,0.36363636363636365,12,max_count_reached
SUT-A,8,0.1,0.5,20,20,2,5,20,10,0.5,0.30303030303030304,15,max_count_reached
SUT-A,9,0.1,0.5,20,20,2,5,20,16,0.8,0.48484848484848486,17,max_count_reached
SUT-A,10,0.1,0.5,20,20,2,5,20,14,0.7,0.42424242424242425,16,max_count_reached
SUT-A,11,0.1,0.5,20,20,2,5,20,9,0.45,0.2727272727272727,12,max_count_reached
SUT-A,12,0.1,0.5,20,20,2,5,20,12,0.6,0.36363636363636365,14,max_count_reached
SUT-A,13,0.1,0.5,20,20,2,5,20,13,0.65,0.3939393939393939,14,max_count_reached
SUT-A,14,0.1,0.5,20,20,2,5,20,12,0.6,0.36363636363636365,15,max_count_reached
SUT-A,15,0.1,0.5,20,20,2,5,20,13,0.65,0.3939393939393939,16,max_count_reached
SUT-A,16,0.1,0.5,20,20,2,5,20,13,0.65,0.3939393939393939,16,max_count_reached
SUT-A,17,0.1,0.5,20,20,2,5,20,10,0.5,0.30303030303030304,12,max_count_reached
SUT-A,18,0.1,0.5,20,20,2,5,20,9,0.45,0.2727272727272727,13,max_count_reached
SUT-A,19,0.1,0.5,20,20,2,5,20,12,0.6,0.36363636363636365,13,max_count_reached
SUT-A,0,0.1,0.5,20,20,3,3,20,12,0.6,0.36363636363636365,13,max_count_reached
SUT-A,1,0.1,0.5,20,20,3,3,20,12,0.6,0.36363636363636365,17,max_count_reached
SUT-A,2,0.1,0.5,20,20,3,3,20,12,0.6,0.36363636363636365,16,max_count_reached
SUT-A,3,0.1,0.5,20,20,3,3,20,15,0.75,0.45454545454545453,16,max_count_reached
SUT-A,4,0.1,0.5,20,20,3,3,20,14,0.7,0.42424242424242425,16,max_count_reached
SUT-A,5,0.1,0.5,20,20,3,3,20,13,0.65,0.3939393939393939,16,max_count_reached
SUT-A,6,0.1,0.5,20,20,3,3,20,10,0.5,0.30303030303030304,14,max_count_reached
SUT-A,7,0.1,0.5,20,20,3,3,20,12,0.6,0.36363636363636365,12,max_count_reached
SUT-A,8,0.1,0.5,20,20,3,3,20,10,0.5,0.30303030303030304,15,max_count_reached
SUT-A,9,0.1,0.5,20,20,3,3,20,16,0.8,0.48484848484848486,17,max_count_reached
SUT-A,10,0.1,0.5,20,20,3,3,20,14,0.7,0.42424242424242425,16,max_count_reached
SUT-A,11,0.1,0.5,20,20,3,3,20,9,0.45,0.2727272727272727,12,max_count_reached
SUT-A,12,0.1,0.5,20,20,3,3,20,12,0.6,0.36363636363636365,14,max_count_reached
SUT-A,13,0.1,0.5,20,20,3,3,20,13,0.65,0.3939393939393939,14,max_count_reached
SUT-A,14,0.1,0.5,20,20,3,3,20,12,0.6,0.36363636363636365,15,max_count_reached
SUT-A,15,0.1,0.5,20,20,3,3,20,13,0.65,0.3939393939393939,16,max_count_reached
SUT-A,16,0.1,0.5,20,20,3,3,20,13,0.65,0.3939393939393939,16,max_count_reached
SUT-A,17,0.1,0.5,20,20,3,3,20,10,0.5,0.30303030303030304,12,max_count_reached
SUT-A,18,0.1,0.5,20,20,3,3,20,9,0.45,0.2727272727272727,13,max_count_reached
SUT-A,19,0.1,0.5,20,20,3,3,20,12,0.6,0.36363636363636365,13,max_count_reached
SUT-A,0,0.1,0.5,20,20,3,4,20,12,0.6,0.36363636363636365,13,max_count_reached
SUT-A,1,0.1,0.5,20,20,3,4,20,12,0.6,0.36363636363636365,17,max_count_reached
SUT-A,2,0.1,0.5,20,20,3,4,20,12,0.6,0.36363636363636365,16,max_count_reached
SUT-A,3,0.1,0.5,20,20,3,4,20,15,0.75,0.45454545454545453,16,max_count_reached
SUT-A,4,0.1,0.5,20,20,3,4,20,14,0.7,0.42424242424242425,16,max_count_reached
SUT-A,5,0.1,0.5,20,20,3,4,20,13,0.65,0.3939393939393939,16,max_count_reached
SUT-A,6,0.1,0.5,20,20,3,4,20,10,0.5,0.30303030303030304,14,max_count_reached
SUT-A,7,0.1,0.5,20,20,3,4,20,12,0.6,0.36363636363636365,12,max_count_reached
SUT-A,8,0.1,0.5,20,20,3,4,20,10,0.5,0.30303030303030304,15,max_count_reached
SUT-A,9,0.1,0.5,20,20,3,4,20,16,0.8,0.48484848484848486,17,max_count_reached
SUT-A,10,0.1,0.5,20,20,3,4,20,14,0.7,0.42424242424242425,16,max_count_reached
SUT-A,11,0.1,0.5,20,20,3,4,20,9,0.45,0.2727272727272727,12,max_count_reached
SUT-A,12,0.1,0.5,20,20,3,4,20,12,0.6,0.36363636363636365,14,max_count_reached
SUT-A,13,0.1,0.5,20,20,3,4,20,13,0.65,0.3939393939393939,14,max_count_reached
SUT-A,14,0.1,0.5,20,20,3,4,20,12,0.6,0.36363636363636365,15,max_count_reached
SUT-A,15,0.1,0.5,20,20,3,4,20,13,0.65,0.3939393939393939,16,max_count_reached
SUT-A,16,0.1,0.5,20,20,3,4,20,13,0.65,0.3939393939393939,16,max_count_reached
SUT-A,17,0.1,0.5,20,20,3,4,20,10,0.5,0.30303030303030304,12,max_count_reached
SUT-A,18,0.1,0.5,20,20,3,4,20,9,0.45,0.2727272727272727,13,max_count_reached
SUT-A,19,0.1,0.5,20,20,3,4,20,12,0.6,0.36363636363636365,13,max_count_reached
SUT-A,0,0.1,0.5,20,20,3,5,20,12,0.6,0.36363636363636365,13,max_count_reached
SUT-A,1,0.1,0.5,20,20,3,5,20,12,0.6,0.36363636363636365,17,max_count_reached
SUT-A,2,0.1,0.5,20,20,3,5,20,12,0.6,0.36363636363636365,16,max_count_reached
SUT-A,3,0.1,0.5,20,20,3,5,20,15,0.75,0.45454545454545453,16,max_count_reached
SUT-A,4,0.1,0.5,20,20,3,5,20,14,0.7,0.42424242424242425,16,max_count_reached
SUT-A,5,0.1,0.5,20,20,3,5,20,13,0.65,0.3939393939393939,16,max_count_reached
SUT-A,6,0.1,0.5,20,20,3,5,20,10,0.5,0.30303030303030304,14,max_count_reached
SUT-A,7,0.1,0.5,20,20,3,5,20,12,0.6,0.36363636363636365,12,max_count_reached
SUT-A,8,0.1,0.5,20,20,3,5,20,10,0.5,0.30303030303030304,15,max_count_reached
SUT-A,9,0.1,0.5,20,20,3,5,20,16,0.8,0.48484848484848486,17,max_count_reached
SUT-A,10,0.1,0.5,20,20,3,5,20,14,0.7,0.42424242424242425,16,max_count_reached
SUT-A,11,0.1,0.5,20,20,3,5,20,9,0.45,0.2727272727272727,12,max_count_reached
SUT-A,12,0.1,0.5,20,20,3,5,20,12,0.6,0.36363636363636365,14,max_count_reached
SUT-A,13,0.1,0.5,20,20,3,5,20,13,0.65,0.3939393939393939,14,max_count_reached
SUT-A,14,0.1,0.5,20,20,3,5,20,12,0.6,0.36363636363636365,15,max_count_reached
SUT-A,15,0.1,0.5,20,20,3,5,20,13,0.65,0.3939393939393939,16,max_count_reached
SUT-A,16,0.1,0.5,20,20,3,5,20,13,0.65,0.3939393939393939,16,max_count_reached
SUT-A,17,0.1,0.5,20,20,3,5,20,10,0.5,0.30303030303030304,12,max_count_reached
SUT-A,18,0.1,0.5,20,20,3,5,20,9,0.45,0.2727272727272727,13,max_count_reached
SUT-A,19,0.1,0.5,20,20,3,5,20,12,0.6,0.36363636363636365,13,max_count_reached
SUT-A,0,0.1,0.5,20,20,4,3,20,12,0.6,0.36363636363636365,13,max_count_reached
SUT-A,1,0.1,0.5,20,20,4,3,20,12,0.6,0.36363636363636365,17,max_count_reached
SUT-A,2,0.1,0.5,20,20,4,3,20,12,0.6,0.36363636363636365,16,max_count_reached
SUT-A,3,0.1,0.5,20,20,4,3,20,15,0.75,0.45454545454545453,16,max_count_reached
SUT-A,4,0.1,0.5,20,20,4,3,20,14,0.7,0.42424242424242425,16,max_count_reached
SUT-A,5,0.1,0.5,20,20,4,3,20,13,0.65,0.3939393939393939,16,max_count_reached
SUT-A,6,0.1,0.5,20,20,4,3,20,10,0.5,0.30303030303030304,14,max_count_reached
SUT-A,7,0.1,0.5,20,20,4,3,20,12,0.6,0.36363636363636365,12,max_count_reached
SUT-A,8,0.1,0.5,20,20,4,3,20,10,0.5,0.30303030303030304,15,max_count_reached
SUT-A,9,0.1,0.5,20,20,4,3,20,16,0.8,0.48484848484848486,17,max_count_reached
SUT-A,10,0.1,0.5,20,20,4,3,20,14,0.7,0.42424242424242425,16,max_count_reached
SUT-A,11,0.1,0.5,20,20,4,3,20,9,0.45,0.2727272727272727,12,max_count_reached
SUT-A,12,0.1,0.5,20,20,4,3,20,12,0.6,0.36363636363636365,14,max_count_reached
SUT-A,13,0.1,0.5,20,20,4,3,20,13,0.65,0.3939393939393939,14,max_count_reached
SUT-A,14,0.1,0.5,20,20,4,3,20,12,0.6,0.36363636363636365,15,max_count_reached
SUT-A,15,0.1,0.5,20,20,4,3,20,13,0.65,0.3939393939393939,16,max_count_reached
SUT-A,16,0.1,0.5,20,20,4,3,20,13,0.65,0.3939393939393939,16,max_count_reached
SUT-A,17,0.1,0.5,20,20,4,3,20,10,0.5,0.30303030303030304,12,max_count_reached
SUT-A,18,0.1,0.5,20,20,4,3,20,9,0.45,0.2727272727272727,13,max_count_reached
SUT-A,19,0.1,0.5,20,20,4,3,20,12,0.6,0.36363636363636365,13,max_count_reached
SUT-A,0,0.1,0.5,20,20,4,4,20,12,0.6,0.36363636363636365,13,max_count_reached
SUT-A,1,0.1,0.5,20,20,4,4,20,12,0.6,0.36363636363636365,17,max_count_reached
SUT-A,2,0.1,0.5,20,20,4,4,20,12,0.6,0.36363636363636365,16,max_count_reached
SUT-A,3,0.1,0.5,20,20,4,4,20,15,0.75,0.45454545454545453,16,max_count_reached
SUT-A,4,0.1,0.5,20,20,4,4,20,14,0.7,0.42424242424242425,16,max_count_reached
SUT-A,5,0.1,0.5,20,20,4,4,20,13,0.65,0.3939393939393939,16,max_count_reached
SUT-A,6,0.1,0.5,20,20,4,4,20,10,0.5,0.30303030303030304,14,max_count_reached
SUT-A,7,0.1,0.5,20,20,4,4,20,12,0.6,0.36363636363636365,12,max_count_reached
SUT-A,8,0.1,0.5,20,20,4,4,20,10,0.5,0.30303030303030304,15,max_count_reached
SUT-A,9,0.1,0.5,20,20,4,4,20,16,0.8,0.48484848484848486,17,max_count_reached
SUT-A,10,0.1,0.5,20,20,4,4,20,14,0.7,0.42424242424242425,16,max_count_reached
SUT-A,11,0.1,0.5,20,20,4,4,20,9,0.45,0.2727272727272727,12,max_count_reached
SUT-A,12,0.1,0.5,20,20,4,4,20,12,0.6,0.36363636363636365,14,max_count_reached
SUT-A,13,0.1,0.5,20,20,4,4,20,13,0.65,0.3939393939393939,14,max_count_reached
SUT-A,14,0.1,0.5,20,20,4,4,20,12,0.6,0.36363636363636365,15,max_count_reached
SUT-A,15,0.1,0.5,20,20,4,4,20,13,0.65,0.3939393939393939,16,max_count_reached
SUT-A,16,0.1,0.5,20,20,4,4,20,13,0.65,0.3939393939393939,16,max_count_reached
SUT-A,17,0.1,0.5,20,20,4,4,20,10,0.5,0.30303030303030304,12,max_count_reached
SUT-A,18,0.1,0.5,20,20,4,4,20,9,0.45,0.2727272727272727,13,max_count_reached
SUT-A,19,0.1,0.5,20,20,4,4,20,12,0.6,0.36363636363636365,13,max_count_reached
SUT-A,0,0.1,0.5,20,20,4,5,20,12,0.6,0.36363636363636365,13,max_count_reached
SUT-A,1,0.1,0.5,20,20,4,5,20,12,0.6,0.36363636363636365,17,max_count_reached
SUT-A,2,0.1,0.5,20,20,4,5,20,12,0.6,0.36363636363636365,16,max_count_reached
SUT-A,3,0.1,0.5,20,20,4,5,20,15,0.75,0.45454545454545453,16,max_count_reached
SUT-A,4,0.1,0.5,20,20,4,5,20,14,0.7,0.42424242424242425,16,max_count_reached
SUT-A,5,0.1,0.5,20,20,4,5,20,13,0.65,0.3939393939393939,16,max_count_reached
SUT-A,6,0.1,0.5,20,20,4,5,20,10,0.5,0.30303030303030304,14,max_count_reached
SUT-A,7,0.1,0.5,20,20,4,5,20,12,0.6,0.36363636363636365,12,max_count_reached
SUT-A,8,0.1,0.5,20,20,4,5,20,10,0.5,0.30303030303030304,15,max_count_reached
SUT-A,9,0.1,0.5,20,20,4,5,20,16,0.8,0.48484848484848486,17,max_count_reached
SUT-A,10,0.1,0.5,20,20,4,5,20,14,0.7,0.42424242424242425,16,max_count_reached
SUT-A,11,0.1,0.5,20,20,4,5,20,9,0.45,0.2727272727272727,12,max_count_reached
SUT-A,12,0.1,0.5,20,20,4,5,20,12,0.6,0.36363636363636365,14,max_count_reached
SUT-A,13,0.1,0.5,20,20,4,5,20,13,0.65,0.3939393939393939,14,max_count_reached
SUT-A,14,0.1,0.5,20,20,4,5,20,12,0.6,0.36363636363636365,15,max_count_reached
SUT-A,15,0.1,0.5,20,20,4,5,20,13,0.65,0.3939393939393939,16,max_count_reached
SUT-A,16,0.1,0.5,20,20,4,5,20,13,0.65,0.3939393939393939,16,max_count_reached
SUT-A,17,0.1,0.5,20,20,4,5,20,10,0.5,0.30303030303030304,12,max_count_reached
SUT-A,18,0.1,0.5,20,20,4,5,20,9,0.45,0.2727272727272727,13,max_count_reached
SUT-A,19,0.1,0.5,20,20,4,5,20,12,0.6,0.36363636363636365,13,max_count_reached
SUT-B,0,0.05,0.4,10,20,2,3,20,6,0.3,0.5454545454545454,10,max_count_reached
SUT-B,1,0.05,0.4,10,20,2,3,20,5,0.25,0.45454545454545453,9,max_count_reached
SUT-B,2,0.05,0.4,10,20,2,3,20,4,0.2,0.36363636363636365,8,max_count_reached
SUT-B,3,0.05,0.4,10,20,2,3,20,4,0.2,0.36363636363636365,8,max_count_reached
SUT-B,4,0.05,0.4,10,20,2,3,20,5,0.25,0.45454545454545453,10,max_count_reached
SUT-B,5,0.05,0.4,10,20,2,3,20,5,0.25,0.45454545454545453,8,max_count_reached
SUT-B,6,0.05,0.4,10,20,2,3,20,3,0.15,0.2727272727272727,4,max_count_reached
SUT-B,7,0.05,0.4,10,20,2,3,20,5,0.25,0.45454545454545453,10,max_count_reached
SUT-B,8,0.05,0.4,10,20,2,3,20,6,0.3,0.5454545454545454,11,max_count_reached
SUT-B,9,0.05,0.4,10,20,2,3,20,6,0.3,0.5454545454545454,11,max_count_reached
SUT-B,10,0.05,0.4,10,20,2,3,20,7,0.35,0.6363636363636364,12,max_count_reached
SUT-B,11,0.05,0.4,10,20,2,3,20,3,0.15,0.2727272727272727,8,max_count_reached
SUT-B,12,0.05,0.4,10,20,2,3,20,5,0.25,0.45454545454545453,11,max_count_reached
SUT-B,13,0.05,0.4,10,20,2,3,20,3,0.15,0.2727272727272727,9,max_count_reached
SUT-B,14,0.05,0.4,10,20,2,3,20,5,0.25,0.45454545454545453,9,max_count_reached
SUT-B,15,0.05,0.4,10,20,2,3,20,4,0.2,0.36363636363636365,9,max_count_reached
SUT-B,16,0.05,0.4,10,20,2,3,20,6,0.3,0.5454545454545454,11,max_count_reached
SUT-B,17,0.05,0.4,10,20,2,3,20,4,0.2,0.36363636363636365,7,max_count_reached
SUT-B,18,0.05,0.4,10,20,2,3,20,4,0.2,0.36363636363636365,7,max_count_reached
SUT-B,19,0.05,0.4,10,20,2,3,20,3,0.15,0.2727272727272727,7,max_count_reached
SUT-B,0,0.05,0.4,10,20,2,4,20,6,0.3,0.5454545454545454,10,max_count_reached
SUT-B,1,0.05,0.4,10,20,2,4,20,5,0.25,0.45454545454545453,9,max_count_reached
SUT-B,2,0.05,0.4,10,20,2,4,20,4,0.2,0.36363636363636365,8,max_count_reached
SUT-B,3,0.05,0.4,10,20,2,4,20,4,0.2,0.36363636363636365,8,max_count_reached
SUT-B,4,0.05,0.4,10,20,2,4,20,5,0.25,0.45454545454545453,10,max_count_reached
SUT-B,5,0.05,0.4,10,20,2,4,20,5,0.25,0.45454545454545453,8,max_count_reached
SUT-B,6,0.05,0.4,10,20,2,4,20,3,0.15,0.2727272727272727,4,max_count_reached
SUT-B,7,0.05,0.4,10,20,2,4,20,5,0.25,0.45454545454545453,10,max_count_reached
SUT-B,8,0.05,0.4,10,20,2,4,20,6,0.3,0.5454545454545454,11,max_count_reached
SUT-B,9,0.05,0.4,10,20,2,4,20,6,0.3,0.5454545454545454,11,max_count_reached
SUT-B,10,0.05,0.4,10,20,2,4,20,7,0.35,0.6363636363636364,12,max_count_reached
SUT-B,11,0.05,0.4,10,20,2,4,20,3,0.15,0.2727272727272727,8,max_count_reached
SUT-B,12,0.05,0.4,10,20,2,4,20,5,0.25,0.45454545454545453,11,max_count_reached
SUT-B,13,0.05,0.4,10,20,2,4,20,3,0.15,0.2727272727272727,9,max_count_reached
SUT-B,14,0.05,0.4,10,20,2,4,20,5,0.25,0.45454545454545453,9,max_count_reached
SUT-B,15,0.05,0.4,10,20,2,4,20,4,0.2,0.36363636363636365,9,max_count_reached
SUT-B,16,0.05,0.4,10,20,2,4,20,6,0.3,0.5454545454545454,11,max_count_reached
SUT-B,17,0.05,0.4,10,20,2,4,20,4,0.2,0.36363636363636365,7,max_count_reached
SUT-B,18,0.05,0.4,10,20,2,4,20,4,0.2,0.36363636363636365,7,max_count_reached
SUT-B,19,0.05,0.4,10,20,2,4,20,3,0.15,0.2727272727272727,7,max_count_reached
SUT-B,0,0.05,0.4,10,20,2,5,20,6,0.3,0.5454545454545454,10,max_count_reached
SUT-B,1,0.05,0.4,10,20,2,5,20,5,0.25,0.45454545454545453,9,max_count_reached
SUT-B,2,0.05,0.4,10,20,2,5,20,4,0.2,0.36363636363636365,8,max_count_reached
SUT-B,3,0.05,0.4,10,20,2,5,20,4,0.2,0.36363636363636365,8,max_count_reached
SUT-B,4,0.05,0.4,10,20,2,5,20,5,0.25,0.45454545454545453,10,max_count_reached
SUT-B,5,0.05,0.4,10,20,2,5,20,5,0.25,0.45454545454545453,8,max_count_reached
SUT-B,6,0.05,0.4,10,20,2,5,20,3,0.15,0.2727272727272727,4,max_count_reached
SUT-B,7,0.05,0.4,10,20,2,5,20,5,0.25,0.45454545454545453,10,max_count_reached
SUT-B,8,0.05,0.4,10,20,2,5,20,6,0.3,0.5454545454545454,11,max_count_reached
SUT-B,9,0.05,0.4,10,20,2,5,20,6,0.3,0.5454545454545454,11,max_count_reached
SUT-B,10,0.05,0.4,10,20,2,5,20,7,0.35,0.6363636363636364,12,max_count_reached
SUT-B,11,0.05,0.4,10,20,2,5,20,3,0.15,0.2727272727272727,8,max_count_reached
SUT-B,12,0.05,0.4,10,20,2,5,20,5,0.25,0.45454545454545453,11,max_count_reached
SUT-B,13,0.05,0.4,10,20,2,5,20,3,0.15,0.2727272727272727,9,max_count_reached
SUT-B,14,0.05,0.4,10,20,2,5,20,5,0.25,0.45454545454545453,9,max_count_reached
SUT-B,15,0.05,0.4,10,20,2,5,20,4,0.2,0.36363636363636365,9,max_count_reached
SUT-B,16,0.05,0.4,10,20,2,5,20,6,0.3,0.5454545454545454,11,max_count_reached
SUT-B,17,0.05,0.4,10,20,2,5,20,4,0.2,0.36363636363636365,7,max_count_reached
SUT-B,18,0.05,0.4,10,20,2,5,20,4,0.2,0.36363636363636365,7,max_count_reached
SUT-B,19,0.05,0.4,10,20,2,5,20,3,0.15,0.2727272727272727,7,max_count_reached
SUT-B,0,0.05,0.4,10,20,3,3,20,6,0.3,0.5454545454545454,10,max_count_reached
SUT-B,1,0.05,0.4,10,20,3,3,20,5,0.25,0.45454545454545453,9,max_count_reached
SUT-B,2,0.05,0.4,10,20,3,3,20,4,0.2,0.36363636363636365,8,max_count_reached
SUT-B,3,0.05,0.4,10,20,3,3,20,4,0.2,0.36363636363636365,8,max_count_reached
SUT-B,4,0.05,0.4,10,20,3,3,20,5,0.25,0.45454545454545453,10,max_count_reached
SUT-B,5,0.05,0.4,10,20,3,3,20,5,0.25,0.45454545454545453,8,max_count_reached
SUT-B,6,0.05,0.4,10,20,3,3,20,3,0.15,0.2727272727272727,4,max_count_reached
SUT-B,7,0.05,0.4,10,20,3,3,20,5,0.25,0.45454545454545453,10,max_count_reached
SUT-B,8,0.05,0.4,10,20,3,3,20,6,0.3,0.5454545454545454,11,max_count_reached
SUT-B,9,0.05,0.4,10,20,3,3,20,6,0.3,0.5454545454545454,11,max_count_reached
SUT-B,10,0.05,0.4,10,20,3,3,20,7,0.35,0.6363636363636364,12,max_count_reached
SUT-B,11,0.05,0.4,10,20,3,3,20,3,0.15,0.2727272727272727,8,max_count_reached
SUT-B,12,0.05,0.4,10,20,3,3,20,5,0.25,0.45454545454545453,11,max_count_reached
SUT-B,13,0.05,0.4,10,20,3,3,20,3,0.15,0.2727272727272727,9,max_count_reached
SUT-B,14,0.05,0.4,10,20,3,3,20,5,0.25,0.45454545454545453,9,max_count_reached
SUT-B,15,0.05,0.4,10,20,3,3,20,4,0.2,0.36363636363636365,9,max_count_reached
SUT-B,16,0.05,0.4,10,20,3,3,20,6,0.3,0.5454545454545454,11,max_count_reached
SUT-B,17,0.05,0.4,10,20,3,3,20,4,0.2,0.36363636363636365,7,max_count_reached
SUT-B,18,0.05,0.4,10,20,3,3,20,4,0.2,0.36363636363636365,7,max_count_reached
SUT-B,19,0.05,0.4,10,20,3,3,20,3,0.15,0.2727272727272727,7,max_count_reached
SUT-B,0,0.05,0.4,10,20,3,4,20,6,0.3,0.5454545454545454,10,max_count_reached
SUT-B,1,0.05,0.4,10,20,3,4,20,5,0.25,0.45454545454545453,9,max_count_reached
SUT-B,2,0.05,0.4,10,20,3,4,20,4,0.2,0.36363636363636365,8,max_count_reached
SUT-B,3,0.05,0.4,10,20,3,4,20,4,0.2,0.36363636363636365,8,max_count_reached
SUT-B,4,0.05,0.4,10,20,3,4,20,5,0.25,0.45454545454545453,10,max_count_reached
SUT-B,5,0.05,0.4,10,20,3,4,20,5,0.25,0.45454545454545453,8,max_count_reached
SUT-B,6,0.05,0.4,10,20,3,4,20,3,0.15,0.2727272727272727,4,max_count_reached
SUT-B,7,0.05,0.4,10,20,3,4,20,5,0.25,0.45454545454545453,10,max_count_reached
SUT-B,8,0.05,0.4,10,20,3,4,20,6,0.3,0.5454545454545454,11,max_count_reached
SUT-B,9,0.05,0.4,10,20,3,4,20,6,0.3,0.5454545454545454,11,max_count_reached
SUT-B,10,0.05,0.4,10,20,3,4,20,7,0.35,0.6363636363636364,12,max_count_reached
SUT-B,11,0.05,0.4,10,20,3,4,20,3,0.15,0.2727272727272727,8,max_count_reached
SUT-B,12,0.05,0.4,10,20,3,4,20,5,0.25,0.45454545454545453,11,max_count_reached
SUT-B,13,0.05,0.4,10,20,3,4,20,3,0.15,0.2727272727272727,9,max_count_reached
SUT-B,14,0.05,0.4,10,20,3,4,20,5,0.25,0.45454545454545453,9,max_count_reached
SUT-B,15,0.05,0.4,10,20,3,4,20,4,0.2,0.36363636363636365,9,max_count_reached
SUT-B,16,0.05,0.4,10,20,3,4,20,6,0.3,0.5454545454545454,11,max_count_reached
SUT-B,17,0.05,0.4,10,20,3,4,20,4,0.2,0.36363636363636365,7,max_count_reached
SUT-B,18,0.05,0.4,10,20,3,4,20,4,0.2,0.36363636363636365,7,max_count_reached
SUT-B,19,0.05,0.4,10,20,3,4,20,3,0.15,0.2727272727272727,7,max_count_reached
SUT-B,0,0.05,0.4,10,20,3,5,20,6,0.3,0.5454545454545454,10,max_count_reached
SUT-B,1,0.05,0.4,10,20,3,5,20,5,0.25,0.45454545454545453,9,max_count_reached
SUT-B,2,0.05,0.4,10,20,3,5,20,4,0.2,0.36363636363636365,8,max_count_reached
SUT-B,3,0.05,0.4,10,20,3,5,20,4,0.2,0.36363636363636365,8,max_count_reached
SUT-B,4,0.05,0.4,10,20,3,5,20,5,0.25,0.45454545454545453,10,max_count_reached
SUT-B,5,0.05,0.4,10,20,3,5,20,5,0.25,0.45454545454545453,8,max_count_reached
SUT-B,6,0.05,0.4,10,20,3,5,20,3,0.15,0.2727272727272727,4,max_count_reached
SUT-B,7,0.05,0.4,10,20,3,5,20,5,0.25,0.45454545454545453,10,max_count_reached
SUT-B,8,0.05,0.4,10,20,3,5,20,6,0.3,0.5454545454545454,11,max_count_reached
SUT-B,9,0.05,0.4,10,20,3,5,20,6,0.3,0.5454545454545454,11,max_count_reached
SUT-B,10,0.05,0.4,10,20,3,5,20,7,0.35,0.6363636363636364,12,max_count_reached
SUT-B,11,0.05,0.4,10,20,3,5,20,3,0.15,0.2727272727272727,8,max_count_reached
SUT-B,12,0.05,0.4,10,20,3,5,20,5,0.25,0.45454545454545453,11,max_count_reached
SUT-B,13,0.05,0.4,10,20,3,5,20,3,0.15,0.2727272727272727,9,max_count_reached
SUT-B,14,0.05,0.4,10,20,3,5,20,5,0.25,0.45454545454545453,9,max_count_reached
SUT-B,15,0.05,0.4,10,20,3,5,20,4,0.2,0.36363636363636365,9,max_count_reached
SUT-B,16,0.05,0.4,10,20,3,5,20,6,0.3,0.5454545454545454,11,max_count_reached
SUT-B,17,0.05,0.4,10,20,3,5,20,4,0.2,0.36363636363636365,7,max_count_reached
SUT-B,18,0.05,0.4,10,20,3,5,20,4,0.2,0.36363636363636365,7,max_count_reached
SUT-B,19,0.05,0.4,10,20,3,5,20,3,0.15,0.2727272727272727,7,max_count_reached
SUT-B,0,0.05,0.4,10,20,4,3,20,6,0.3,0.5454545454545454,10,max_count_reached
SUT-B,1,0.05,0.4,10,20,4,3,20,5,0.25,0.45454545454545453,9,max_count_reached
SUT-B,2,0.05,0.4,10,20,4,3,20,4,0.2,0.36363636363636365,8,max_count_reached
SUT-B,3,0.05,0.4,10,20,4,3,20,4,0.2,0.36363636363636365,8,max_count_reached
SUT-B,4,0.05,0.4,10,20,4,3,20,5,0.25,0.45454545454545453,10,max_count_reached
SUT-B,5,0.05,0.4,10,20,4,3,20,5,0.25,0.45454545454545453,8,max_count_reached
SUT-B,6,0.05,0.4,10,20,4,3,20,3,0.15,0.2727272727272727,4,max_count_reached
SUT-B,7,0.05,0.4,10,20,4,3,20,5,0.25,0.45454545454545453,10,max_count_reached
SUT-B,8,0.05,0.4,10,20,4,3,20,6,0.3,0.5454545454545454,11,max_count_reached
SUT-B,9,0.05,0.4,10,20,4,3,20,6,0.3,0.5454545454545454,11,max_count_reached
SUT-B,10,0.05,0.4,10,20,4,3,20,7,0.35,0.6363636363636364,12,max_count_reached
SUT-B,11,0.05,0.4,10,20,4,3,20,3,0.15,0.2727272727272727,8,max_count_reached
SUT-B,12,0.05,0.4,10,20,4,3,20,5,0.25,0.45454545454545453,11,max_count_reached
SUT-B,13,0.05,0.4,10,20,4,3,20,3,0.15,0.2727272727272727,9,max_count_reached
SUT-B,14,0.05,0.4,10,20,4,3,20,5,0.25,0.45454545454545453,9,max_count_reached
SUT-B,15,0.05,0.4,10,20,4,3,20,4,0.2,0.36363636363636365,9,max_count_reached
SUT-B,16,0.05,0.4,10,20,4,3,20,6,0.3,0.5454545454545454,11,max_count_reached
SUT-B,17,0.05,0.4,10,20,4,3,20,4,0.2,0.36363636363636365,7,max_count_reached
SUT-B,18,0.05,0.4,10,20,4,3,20,4,0.2,0.36363636363636365,7,max_count_reached
SUT-B,19,0.05,0.4,10,20,4,3,20,3,0.15,0.2727272727272727,7,max_count_reached
SUT-B,0,0.05,0.4,10,20,4,4,20,6,0.3,0.5454545454545454,10,max_count_reached
SUT-B,1,0.05,0.4,10,20,4,4,20,5,0.25,0.45454545454545453,9,max_count_reached
SUT-B,2,0.05,0.4,10,20,4,4,20,4,0.2,0.36363636363636365,8,max_count_reached
SUT-B,3,0.05,0.4,10,20,4,4,20,4,0.2,0.36363636363636365,8,max_count_reached
SUT-B,4,0.05,0.4,10,20,4,4,20,5,0.25,0.45454545454545453,10,max_count_reached
SUT-B,5,0.05,0.4,10,20,4,4,20,5,0.25,0.45454545454545453,8,max_count_reached
SUT-B,6,0.05,0.4,10,20,4,4,20,3,0.15,0.2727272727272727,4,max_count_reached
SUT-B,7,0.05,0.4,10,20,4,4,20,5,0.25,0.45454545454545453,10,max_count_reached
SUT-B,8,0.05,0.4,10,20,4,4,20,6,0.3,0.5454545454545454,11,max_count_reached
SUT-B,9,0.05,0.4,10,20,4,4,20,6,0.3,0.5454545454545454,11,max_count_reached
SUT-B,10,0.05,0.4,10,20,4,4,20,7,0.35,0.6363636363636364,12,max_count_reached
SUT-B,11,0.05,0.4,10,20,4,4,20,3,0.15,0.2727272727272727,8,max_count_reached
SUT-B,12,0.05,0.4,10,20,4,4,20,5,0.25,0.45454545454545453,11,max_count_reached
SUT-B,13,0.05,0.4,10,20,4,4,20,3,0.15,0.2727272727272727,9,max_count_reached
SUT-B,14,0.05,0.4,10,20,4,4,20,5,0.25,0.45454545454545453,9,max_count_reached
SUT-B,15,0.05,0.4,10,20,4,4,20,4,0.2,0.36363636363636365,9,max_count_reached
SUT-B,16,0.05,0.4,10,20,4,4,20,6,0.3,0.5454545454545454,11,max_count_reached
SUT-B,17,0.05,0.4,10,20,4,4,20,4,0.2,0.36363636363636365,7,max_count_reached
SUT-B,18,0.05,0.4,10,20,4,4,20,4,0.2,0.36363636363636365,7,max_count_reached
SUT-B,19,0.05,0.4,10,20,4,4,20,3,0.15,0.2727272727272727,7,max_count_reached
SUT-B,0,0.05,0.4,10,20,4,5,20,6,0.3,0.5454545454545454,10,max_count_reached
SUT-B,1,0.05,0.4,10,20,4,5,20,5,0.25,0.45454545454545453,9,max_count_reached
SUT-B,2,0.05,0.4,10,20,4,5,20,4,0.2,0.36363636363636365,8,max_count_reached
SUT-B,3,0.05,0.4,10,20,4,5,20,4,0.2,0.36363636363636365,8,max_count_reached
SUT-B,4,0.05,0.4,10,20,4,5,20,5,0.25,0.45454545454545453,10,max_count_reached
SUT-B,5,0.05,0.4,10,20,4,5,20,5,0.25,0.45454545454545453,8,max_count_reached
SUT-B,6,0.05,0.4,10,20,4,5,20,3,0.15,0.2727272727272727,4,max_count_reached
SUT-B,7,0.05,0.4,10,20,4,5,20,5,0.25,0.45454545454545453,10,max_count_reached
SUT-B,8,0.05,0.4,10,20,4,5,20,6,0.3,0.5454545454545454,11,max_count_reached
SUT-B,9,0.05,0.4,10,20,4,5,20,6,0.3,0.5454545454545454,11,max_count_reached
SUT-B,10,0.05,0.4,10,20,4,5,20,7,0.35,0.6363636363636364,12,max_count_reached
SUT-B,11,0.05,0.4,10,20,4,5,20,3,0.15,0.2727272727272727,8,max_count_reached
SUT-B,12,0.05,0.4,10,20,4,5,20,5,0.25,0.45454545454545453,11,max_count_reached
SUT-B,13,0.05,0.4,10,20,4,5,20,3,0.15,0.2727272727272727,9,max_count_reached
SUT-B,14,0.05,0.4,10,20,4,5,20,5,0.25,0.45454545454545453,9,max_count_reached
SUT-B,15,0.05,0.4,10,20,4,5,20,4,0.2,0.36363636363636365,9,max_count_reached
SUT-B,16,0.05,0.4,10,20,4,5,20,6,0.3,0.5454545454545454,11,max_count_reached
SUT-B,17,0.05,0.4,10,20,4,5,20,4,0.2,0.36363636363636365,7,max_count_reached
SUT-B,18,0.05,0.4,10,20,4,5,20,4,0.2,0.36363636363636365,7,max_count_reached
SUT-B,19,0.05,0.4,10,20,4,5,20,3,0.15,0.2727272727272727,7,max_count_reached
SUT-B,0,0.05,0.5,10,20,2,3,20,6,0.3,0.5454545454545454,10,max_count_reached
SUT-B,1,0.05,0.5,10,20,2,3,20,5,0.25,0.45454545454545453,9,max_count_reached
SUT-B,2,0.05,0.5,10,20,2,3,20,4,0.2,0.36363636363636365,8,max_count_reached
SUT-B,3,0.05,0.5,10,20,2,3,20,4,0.2,0.36363636363636365,8,max_count_reached
SUT-B,4,0.05,0.5,10,20,2,3,20,5,0.25,0.45454545454545453,10,max_count_reached
SUT-B,5,0.05,0.5,10,20,2,3,20,5,0.25,0.45454545454545453,8,max_count_reached
SUT-B,6,0.05,0.5,10,20,2,3,20,3,0.15,0.2727272727272727,4,max_count_reached
SUT-B,7,0.05,0.5,10,20,2,3,20,5,0.25,0.45454545454545453,10,max_count_reached
SUT-B,8,0.05,0.5,10,20,2,3,20,6,0.3,0.5454545454545454,11,max_count_reached
SUT-B,9,0.05,0.5,10,20,2,3,20,6,0.3,0.5454545454545454,11,max_count_reached
SUT-B,10,0.05,0.5,10,20,2,3,20,7,0.35,0.6363636363636364,12,max_count_reached
SUT-B,11,0.05,0.5,10,20,2,3,20,3,0.15,0.2727272727272727,8,max_count_reached
SUT-B,12,0.05,0.5,10,20,2,3,20,5,0.25,0.45454545454545453,11,max_count_reached
SUT-B,13,0.05,0.5,10,20,2,3,20,3,0.15,0.2727272727272727,9,max_count_reached
SUT-B,14,0.05,0.5,10,20,2,3,20,5,0.25,0.45454545454545453,9,max_count_reached
SUT-B,15,0.05,0.5,10,20,2,3,20,4,0.2,0.36363636363636365,9,max_count_reached
SUT-B,16,0.05,0.5,10,20,2,3,20,6,0.3,0.5454545454545454,11,max_count_reached
SUT-B,17,0.05,0.5,10,20,2,3,20,4,0.2,0.36363636363636365,7,max_count_reached
SUT-B,18,0.05,0.5,10,20,2,3,20,4,0.2,0.36363636363636365,7,max_count_reached
SUT-B,19,0.05,0.5,10,20,2,3,20,3,0.15,0.2727272727272727,7,max_count_reached
SUT-B,0,0.05,0.5,10,20,2,4,20,6,0.3,0.5454545454545454,10,max_count_reached
SUT-B,1,0.05,0.5,10,20,2,4,20,5,0.25,0.45454545454545453,9,max_count_reached
SUT-B,2,0.05,0.5,10,20,2,4,20,4,0.2,0.36363636363636365,8,max_count_reached
SUT-B,3,0.05,0.5,10,20,2,4,20,4,0.2,0.36363636363636365,8,max_count_reached
SUT-B,4,0.05,0.5,10,20,2,4,20,5,0.25,0.45454545454545453,10,max_count_reached
SUT-B,5,0.05,0.5,10,20,2,4,20,5,0.25,0.45454545454545453,8,max_count_reached
SUT-B,6,0.05,0.5,10,20,2,4,20,3,0.15,0.2727272727272727,4,max_count_reached
SUT-B,7,0.05,0.5,10,20,2,4,20,5,0.25,0.45454545454545453,10,max_count_reached
SUT-B,8,0.05,0.5,10,20,2,4,20,6,0.3,0.5454545454545454,11,max_count_reached
SUT-B,9,0.05,0.5,10,20,2,4,20,6,0.3,0.5454545454545454,11,max_count_reached
SUT-B,10,0.05,0.5,10,20,2,4,20,7,0.35,0.6363636363636364,12,max_count_reached
SUT-B,11,0.05,0.5,10,20,2,4,20,3,0.15,0.2727272727272727,8,max_count_reached
SUT-B,12,0.05,0.5,10,20,2,4,20,5,0.25,0.45454545454545453,11,max_count_reached
SUT-B,13,0.05,0.5,10,20,2,4,20,3,0.15,0.2727272727272727,9,max_count_reached
SUT-B,14,0.05,0.5,10,20,2,4,20,5,0.25,0.45454545454545453,9,max_count_reached
SUT-B,15,0.05,0.5,10,20,2,4,20,4,0.2,0.36363636363636365,9,max_count_reached
SUT-B,16,0.05,0.5,10,20,2,4,20,6,0.3,0.5454545454545454,11,max_count_reached
SUT-B,17,0.05,0.5,10,20,2,4,20,4,0.2,0.36363636363636365,7,max_count_reached
SUT-B,18,0.05,0.5,10,20,2,4,20,4,0.2,0.36363636363636365,7,max_count_reached
SUT-B,19,0.05,0.5,10,20,2,4,20,3,0.15,0.2727272727272727,7,max_count_reached
SUT-B,0,0.05,0.5,10,20,2,5,20,6,0.3,0.5454545454545454,10,max_count_reached
SUT-B,1,0.05,0.5,10,20,2,5,20,5,0.25,0.45454545454545453,9,max_count_reached
SUT-B,2,0.05,0.5,10,20,2,5,20,4,0.2,0.36363636363636365,8,max_count_reached
SUT-B,3,0.05,0.5,10,20,2,5,20,4,0.2,0.36363636363636365,8,max_count_reached
SUT-B,4,0.05,0.5,10,20,2,5,20,5,0.25,0.45454545454545453,10,max_count_reached
SUT-B,5,0.05,0.5,10,20,2,5,20,5,0.25,0.45454545454545453,8,max_count_reached
SUT-B,6,0.05,0.5,10,20,2,5,20,3,0.15,0.2727272727272727,4,max_count_reached
SUT-B,7,0.05,0.5,10,20,2,5,20,5,0.25,0.45454545454545453,10,max_count_reached
SUT-B,8,0.05,0.5,10,20,2,5,20,6,0.3,0.5454545454545454,11,max_count_reached
SUT-B,9,0.05,0.5,10,20,2,5,20,6,0.3,0.5454545454545454,11,max_count_reached
SUT-B,10,0.05,0.5,10,20,2,5,20,7,0.35,0.6363636363636364,12,max_count_reached
SUT-B,11,0.05,0.5,10,20,2,5,20,3,0.15,0.2727272727272727,8,max_count_reached
SUT-B,12,0.05,0.5,10,20,2,5,20,5,0.25,0.45454545454545453,11,max_count_reached
SUT-B,13,0.05,0.5,10,20,2,5,20,3,0.15,0.2727272727272727,9,max_count_reached
SUT-B,14,0.05,0.5,10,20,2,5,20,5,0.25,0.45454545454545453,9,max_count_reached
SUT-B,15,0.05,0.5,10,20,2,5,20,4,0.2,0.36363636363636365,9,max_count_reached
SUT-B,16,0.05,0.5,10,20,2,5,20,6,0.3,0.5454545454545454,11,max_count_reached
SUT-B,17,0.05,0.5,10,20,2,5,20,4,0.2,0.36363636363636365,7,max_count_reached
SUT-B,18,0.05,0.5,10,20,2,5,20,4,0.2,0.36363636363636365,7,max_count_reached
SUT-B,19,0.05,0.5,10,20,2,5,20,3,0.15,0.2727272727272727,7,max_count_reached
SUT-B,0,0.05,0.5,10,20,3,3,20,6,0.3,0.5454545454545454,10,max_count_reached
SUT-B,1,0.05,0.5,10,20,3,3,20,5,0.25,0.45454545454545453,9,max_count_reached
SUT-B,2,0.05,0.5,10,20,3,3,20,4,0.2,0.36363636363636365,8,max_count_reached
SUT-B,3,0.05,0.5,10,20,3,3,20,4,0.2,0.36363636363636365,8,max_count_reached
SUT-B,4,0.05,0.5,10,20,3,3,20,5,0.25,0.45454545454545453,10,max_count_reached
SUT-B,5,0.05,0.5,10,20,3,3,20,5,0.25,0.45454545454545453,8,max_count_reached
SUT-B,6,0.05,0.5,10,20,3,3,20,3,0.15,0.2727272727272727,4,max_count_reached
SUT-B,7,0.05,0.5,10,20,3,3,20,5,0.25,0.45454545454545453,10,max_count_reached
SUT-B,8,0.05,0.5,10,20,3,3,20,6,0.3,0.5454545454545454,11,max_count_reached
SUT-B,9,0.05,0.5,10,20,3,3,20,6,0.3,0.5454545454545454,11,max_count_reached
SUT-B,10,0.05,0.5,10,20,3,3,20,7,0.35,0.6363636363636364,12,max_count_reached
SUT-B,11,0.05,0.5,10,20,3,3,20,3,0.15,0.2727272727272727,8,max_count_reached
SUT-B,12,0.05,0.5,10,20,3,3,20,5,0.25,0.45454545454545453,11,max_count_reached
SUT-B,13,0.05,0.5,10,20,3,3,20,3,0.15,0.2727272727272727,9,max_count_reached
SUT-B,14,0.05,0.5,10,20,3,3,20,5,0.25,0.45454545454545453,9,max_count_reached
SUT-B,15,0.05,0.5,10,20,3,3,20,4,0.2,0.36363636363636365,9,max_count_reached
SUT-B,16,0.05,0.5,10,20,3,3,20,6,0.3,0.5454545454545454,11,max_count_reached
SUT-B,17,0.05,0.5,10,20,3,3,20,4,0.2,0.36363636363636365,7,max_count_reached
SUT-B,18,0.05,0.5,10,20,3,3,20,4,0.2,0.36363636363636365,7,max_count_reached
SUT-B,19,0.05,0.5,10,20,3,3,20,3,0.15,0.2727272727272727,7,max_count_reached
SUT-B,0,0.05,0.5,10,20,3,4,20,6,0.3,0.5454545454545454,10,max_count_reached
SUT-B,1,0.05,0.5,10,20,3,4,20,5,0.25,0.45454545454545453,9,max_count_reached
SUT-B,2,0.05,0.5,10,20,3,4,20,4,0.2,0.36363636363636365,8,max_count_reached
SUT-B,3,0.05,0.5,10,20,3,4,20,4,0.2,0.36363636363636365,8,max_count_reached
SUT-B,4,0.05,0.5,10,20,3,4,20,5,0.25,0.45454545454545453,10,max_count_reached
SUT-B,5,0.05,0.5,10,20,3,4,20,5,0.25,0.45454545454545453,8,max_count_reached
SUT-B,6,0.05,0.5,10,20,3,4,20,3,0.15,0.2727272727272727,4,max_count_reached
SUT-B,7,0.05,0.5,10,20,3,4,20,5,0.25,0.45454545454545453,10,max_count_reached
SUT-B,8,0.05,0.5,10,20,3,4,20,6,0.3,0.5454545454545454,11,max_count_reached
SUT-B,9,0.05,0.5,10,20,3,4,20,6,0.3,0.5454545454545454,11,max_count_reached
SUT-B,10,0.05,0.5,10,20,3,4,20,7,0.35,0.6363636363636364,12,max_count_reached
SUT-B,11,0.05,0.5,10,20,3,4,20,3,0.15,0.2727272727272727,8,max_count_reached
SUT-B,12,0.05,0.5,10,20,3,4,20,5,0.25,0.45454545454545453,11,max_count_reached
SUT-B,13,0.05,0.5,10,20,3,4,20,3,0.15,0.2727272727272727,9,max_count_reached
SUT-B,14,0.05,0.5,10,20,3,4,20,5,0.25,0.45454545454545453,9,max_count_reached
SUT-B,15,0.05,0.5,10,20,3,4,20,4,0.2,0.36363636363636365,9,max_count_reached
SUT-B,16,0.05,0.5,10,20,3,4,20,6,0.3,0.5454545454545454,11,max_count_reached
SUT-B,17,0.05,0.5,10,20,3,4,20,4,0.2,0.36363636363636365,7,max_count_reached
SUT-B,18,0.05,0.5,10,20,3,4,20,4,0.2,0.36363636363636365,7,max_count_reached
SUT-B,19,0.05,0.5,10,20,3,4,20,3,0.15,0.2727272727272727,7,max_count_reached
SUT-B,0,0.05,0.5,10,20,3,5,20,6,0.3,0.5454545454545454,10,max_count_reached
SUT-B,1,0.05,0.5,10,20,3,5,20,5,0.25,0.45454545454545453,9,max_count_reached
SUT-B,2,0.05,0.5,10,20,3,5,20,4,0.2,0.36363636363636365,8,max_count_reached
SUT-B,3,0.05,0.5,10,20,3,5,20,4,0.2,0.36363636363636365,8,max_count_reached
SUT-B,4,0.05,0.5,10,20,3,5,20,5,0.25,0.45454545454545453,10,max_count_reached
SUT-B,5,0.05,0.5,10,20,3,5,20,5,0.25,0.45454545454545453,8,max_count_reached
SUT-B,6,0.05,0.5,10,20,3,5,20,3,0.15,0.2727272727272727,4,max_count_reached
SUT-B,7,0.05,0.5,10,20,3,5,20,5,0.25,0.45454545454545453,10,max_count_reached
SUT-B,8,0.05,0.5,10,20,3,5,20,6,0.3,0.5454545454545454,11,max_count_reached
SUT-B,9,0.05,0.5,10,20,3,5,20,6,0.3,0.5454545454545454,11,max_count_reached
SUT-B,10,0.05,0.5,10,20,3,5,20,7,0.35,0.6363636363636364,12,max_count_reached
SUT-B,11,0.05,0.5,10,20,3,5,20,3,0.15,0.2727272727272727,8,max_count_reached
SUT-B,12,0.05,0.5,10,20,3,5,20,5,0.25,0.45454545454545453,11,max_count_reached
SUT-B,13,0.05,0.5,10,20,3,5,20,3,0.15,0.2727272727272727,9,max_count_reached
SUT-B,14,0.05,0.5,10,20,3,5,20,5,0.25,0.45454545454545453,9,max_count_reached
SUT-B,15,0.05,0.5,10,20,3,5,20,4,0.2,0.36363636363636365,9,max_count_reached
SUT-B,16,0.05,0.5,10,20,3,5,20,6,0.3,0.5454545454545454,11,max_count_reached
SUT-B,17,0.05,0.5,10,20,3,5,20,4,0.2,0.36363636363636365,7,max_count_reached
SUT-B,18,0.05,0.5,10,20,3,5,20,4,0.2,0.36363636363636365,7,max_count_reached
SUT-B,19,0.05,0.5,10,20,3,5,20,3,0.15,0.2727272727272727,7,max_count_reached
SUT-B,0,0.05,0.5,10,20,4,3,20,6,0.3,0.5454545454545454,10,max_count_reached
SUT-B,1,0.05,0.5,10,20,4,3,20,5,0.25,0.45454545454545453,9,max_count_reached
SUT-B,2,0.05,0.5,10,20,4,3,20,4,0.2,0.36363636363636365,8,max_count_reached
SUT-B,3,0.05,0.5,10,20,4,3,20,4,0.2,0.36363636363636365,8,max_count_reached
SUT-B,4,0.05,0.5,10,20,4,3,20,5,0.25,0.45454545454545453,10,max_count_reached
SUT-B,5,0.05,0.5,10,20,4,3,20,5,0.25,0.45454545454545453,8,max_count_reached
SUT-B,6,0.05,0.5,10,20,4,3,20,3,0.15,0.2727272727272727,4,max_count_reached
SUT-B,7,0.05,0.5,10,20,4,3,20,5,0.25,0.45454545454545453,10,max_count_reached
SUT-B,8,0.05,0.5,10,20,4,3,20,6,0.3,0.5454545454545454,11,max_count_reached
SUT-B,9,0.05,0.5,10,20,4,3,20,6,0.3,0.5454545454545454,11,max_count_reached
SUT-B,10,0.05,0.5,10,20,4,3,20,7,0.35,0.6363636363636364,12,max_count_reached
SUT-B,11,0.05,0.5,10,20,4,3,20,3,0.15,0.2727272727272727,8,max_count_reached
SUT-B,12,0.05,0.5,10,20,4,3,20,5,0.25,0.45454545454545453,11,max_count_reached
SUT-B,13,0.05,0.5,10,20,4,3,20,3,0.15,0.2727272727272727,9,max_count_reached
SUT-B,14,0.05,0.5,10,20,4,3,20,5,0.25,0.45454545454545453,9,max_count_reached
SUT-B,15,0.05,0.5,10,20,4,3,20,4,0.2,0.36363636363636365,9,max_count_reached
SUT-B,16,0.05,0.5,10,20,4,3,20,6,0.3,0.5454545454545454,11,max_count_reached
SUT-B,17,0.05,0.5,10,20,4,3,20,4,0.2,0.36363636363636365,7,max_count_reached
SUT-B,18,0.05,0.5,10,20,4,3,20,4,0.2,0.36363636363636365,7,max_count_reached
SUT-B,19,0.05,0.5,10,20,4,3,20,3,0.15,0.2727272727272727,7,max_count_reached
SUT-B,0,0.05,0.5,10,20,4,4,20,6,0.3,0.5454545454545454,10,max_count_reached
SUT-B,1,0.05,0.5,10,20,4,4,20,5,0.25,0.45454545454545453,9,max_count_reached
SUT-B,2,0.05,0.5,10,20,4,4,20,4,0.2,0.36363636363636365,8,max_count_reached
SUT-B,3,0.05,0.5,10,20,4,4,20,4,0.2,0.36363636363636365,8,max_count_reached
SUT-B,4,0.05,0.5,10,20,4,4,20,5,0.25,0.45454545454545453,10,max_count_reached
SUT-B,5,0.05,0.5,10,20,4,4,20,5,0.25,0.45454545454545453,8,max_count_reached
SUT-B,6,0.05,0.5,10,20,4,4,20,3,0.15,0.2727272727272727,4,max_count_reached
SUT-B,7,0.05,0.5,10,20,4,4,20,5,0.25,0.45454545454545453,10,max_count_reached
SUT-B,8,0.05,0.5,10,20,4,4,20,6,0.3,0.5454545454545454,11,max_count_reached
SUT-B,9,0.05,0.5,10,20,4,4,20,6,0.3,0.5454545454545454,11,max_count_reached
SUT-B,10,0.05,0.5,10,20,4,4,20,7,0.35,0.6363636363636364,12,max_count_reached
SUT-B,11,0.05,0.5,10,20,4,4,20,3,0.15,0.2727272727272727,8,max_count_reached
SUT-B,12,0.05,0.5,10,20,4,4,20,5,0.25,0.45454545454545453,11,max_count_reached
SUT-B,13,0.05,0.5,10,20,4,4,20,3,0.15,0.2727272727272727,9,max_count_reached
SUT-B,14,0.05,0.5,10,20,4,4,20,5,0.25,0.45454545454545453,9,max_count_reached
SUT-B,15,0.05,0.5,10,20,4,4,20,4,0.2,0.36363636363636365,9,max_count_reached
SUT-B,16,0.05,0.5,10,20,4,4,20,6,0.3,0.5454545454545454,11,max_count_reached
SUT-B,17,0.05,0.5,10,20,4,4,20,4,0.2,0.36363636363636365,7,max_count_reached
SUT-B,18,0.05,0.5,10,20,4,4,20,4,0.2,0.36363636363636365,7,max_count_reached
SUT-B,19,0.05,0.5,10,20,4,4,20,3,0.15,0.2727272727272727,7,max_count_reached
SUT-B,0,0.05,0.5,10,20,4,5,20,6,0.3,0.5454545454545454,10,max_count_reached
SUT-B,1,0.05,0.5,10,20,4,5,20,5,0.25,0.45454545454545453,9,max_count_reached
SUT-B,2,0.05,0.5,10,20,4,5,20,4,0.2,0.36363636363636365,8,max_count_reached
SUT-B,3,0.05,0.5,10,20,4,5,20,4,0.2,0.36363636363636365,8,max_count_reached
SUT-B,4,0.05,0.5,10,20,4,5,20,5,0.25,0.45454545454545453,10,max_count_reached
SUT-B,5,0.05,0.5,10,20,4,5,20,5,0.25,0.45454545454545453,8,max_count_reached
SUT-B,6,0.05,0.5,10,20,4,5,20,3,0.15,0.2727272727272727,4,max_count_reached
SUT-B,7,0.05,0.5,10,20,4,5,20,5,0.25,0.45454545454545453,10,max_count_reached
SUT-B,8,0.05,0.5,10,20,4,5,20,6,0.3,0.5454545454545454,11,max_count_reached
SUT-B,9,0.05,0.5,10,20,4,5,20,6,0.3,0.5454545454545454,11,max_count_reached
SUT-B,10,0.05,0.5,10,20,4,5,20,7,0.35,0.6363636363636364,12,max_count_reached
SUT-B,11,0.05,0.5,10,20,4,5,20,3,0.15,0.2727272727272727,8,max_count_reached
SUT-B,12,0.05,0.5,10,20,4,5,20,5,0.25,0.45454545454545453,11,max_count_reached
SUT-B,13,0.05,0.5,10,20,4,5,20,3,0.15,0.2727272727272727,9,max_count_reached
SUT-B,14,0.05,0.5,10,20,4,5,20,5,0.25,0.45454545454545453,9,max_count_reached
SUT-B,15,0.05,0.5,10,20,4,5,20,4,0.2,0.36363636363636365,9,max_count_reached
SUT-B,16,0.05,0.5,10,20,4,5,20,6,0.3,0.5454545454545454,11,max_count_reached
SUT-B,17,0.05,0.5,10,20,4,5,20,4,0.2,0.36363636363636365,7,max_count_reached
SUT-B,18,0.05,0.5,10,20,4,5,20,4,0.2,0.36363636363636365,7,max_count_reached
SUT-B,19,0.05,0.5,10,20,4,5,20,3,0.15,0.2727272727272727,7,max_count_reached
SUT-B,0,0.1,0.4,20,20,2,3,20,6,0.3,0.5454545454545454,10,max_count_reached
SUT-B,1,0.1,0.4,20,20,2,3,20,5,0.25,0.45454545454545453,9,max_count_reached
SUT-B,2,0.1,0.4,20,20,2,3,20,4,0.2,0.36363636363636365,8,max_count_reached
SUT-B,3,0.1,0.4,20,20,2,3,20,4,0.2,0.36363636363636365,8,max_count_reached
SUT-B,4,0.1,0.4,20,20,2,3,20,5,0.25,0.45454545454545453,10,max_count_reached
SUT-B,5,0.1,0.4,20,20,2,3,20,5,0.25,0.45454545454545453,8,max_count_reached
SUT-B,6,0.1,0.4,20,20,2,3,20,3,0.15,0.2727272727272727,4,max_count_reached
SUT-B,7,0.1,0.4,20,20,2,3,20,5,0.25,0.45454545454545453,10,max_count_reached
SUT-B,8,0.1,0.4,20,20,2,3,20,6,0.3,0.5454545454545454,11,max_count_reached
SUT-B,9,0.1,0.4,20,20,2,3,20,6,0.3,0.5454545454545454,11,max_count_reached
SUT-B,10,0.1,0.4,20,20,2,3,20,7,0.35,0.6363636363636364,12,max_count_reached
SUT-B,11,0.1,0.4,20,20,2,3,20,3,0.15,0.2727272727272727,8,max_count_reached
SUT-B,12,0.1,0.4,20,20,2,3,20,5,0.25,0.45454545454545453,11,max_count_reached
SUT-B,13,0.1,0.4,20,20,2,3,20,3,0.15,0.2727272727272727,9,max_count_reached
SUT-B,14,0.1,0.4,20,20,2,3,20,5,0.25,0.45454545454545453,9,max_count_reached
SUT-B,15,0.1,0.4,20,20,2,3,20,4,0.2,0.36363636363636365,9,max_count_reached
SUT-B,16,0.1,0.4,20,20,2,3,20,6,0.3,0.5454545454545454,11,max_count_reached
SUT-B,17,0.1,0.4,20,20,2,3,20,4,0.2,0.36363636363636365,7,max_count_reached
SUT-B,18,0.1,0.4,20,20,2,3,20,4,0.2,0.36363636363636365,7,max_count_reached
SUT-B,19,0.1,0.4,20,20,2,3,20,3,0.15,0.2727272727272727,7,max_count_reached
SUT-B,0,0.1,0.4,20,20,2,4,20,6,0.3,0.5454545454545454,10,max_count_reached
SUT-B,1,0.1,0.4,20,20,2,4,20,5,0.25,0.45454545454545453,9,max_count_reached
SUT-B,2,0.1,0.4,20,20,2,4,20,4,0.2,0.36363636363636365,8,max_count_reached
SUT-B,3,0.1,0.4,20,20,2,4,20,4,0.2,0.36363636363636365,8,max_count_reached
SUT-B,4,0.1,0.4,20,20,2,4,20,5,0.25,0.45454545454545453,10,max_count_reached
SUT-B,5,0.1,0.4,20,20,2,4,20,5,0.25,0.45454545454545453,8,max_count_reached
SUT-B,6,0.1,0.4,20,20,2,4,20,3,0.15,0.2727272727272727,4,max_count_reached
SUT-B,7,0.1,0.4,20,20,2,4,20,5,0.25,0.45454545454545453,10,max_count_reached
SUT-B,8,0.1,0.4,20,20,2,4,20,6,0.3,0.5454545454545454,11,max_count_reached
SUT-B,9,0.1,0.4,20,20,2,4,20,6,0.3,0.5454545454545454,11,max_count_reached
SUT-B,10,0.1,0.4,20,20,2,4,20,7,0.35,0.6363636363636364,12,max_count_reached
SUT-B,11,0.1,0.4,20,20,2,4,20,3,0.15,0.2727272727272727,8,max_count_reached
SUT-B,12,0.1,0.4,20,20,2,4,20,5,0.25,0.45454545454545453,11,max_count_reached
SUT-B,13,0.1,0.4,20,20,2,4,20,3,0.15,0.2727272727272727,9,max_count_reached
SUT-B,14,0.1,0.4,20,20,2,4,20,5,0.25,0.45454545454545453,9,max_count_reached
SUT-B,15,0.1,0.4,20,20,2,4,20,4,0.2,0.36363636363636365,9,max_count_reached
SUT-B,16,0.1,0.4,20,20,2,4,20,6,0.3,0.5454545454545454,11,max_count_reached
SUT-B,17,0.1,0.4,20,20,2,4,20,4,0.2,0.36363636363636365,7,max_count_reached
SUT-B,18,0.1,0.4,20,20,2,4,20,4,0.2,0.36363636363636365,7,max_count_reached
SUT-B,19,0.1,0.4,20,20,2,4,20,3,0.15,0.2727272727272727,7,max_count_reached
SUT-B,0,0.1,0.4,20,20,2,5,20,6,0.3,0.5454545454545454,10,max_count_reached
SUT-B,1,0.1,0.4,20,20,2,5,20,5,0.25,0.45454545454545453,9,max_count_reached
SUT-B,2,0.1,0.4,20,20,2,5,20,4,0.2,0.36363636363636365,8,max_count_reached
SUT-B,3,0.1,0.4,20,20,2,5,20,4,0.2,0.36363636363636365,8,max_count_reached
SUT-B,4,0.1,0.4,20,20,2,5,20,5,0.25,0.45454545454545453,10,max_count_reached
SUT-B,5,0.1,0.4,20,20,2,5,20,5,0.25,0.45454545454545453,8,max_count_reached
SUT-B,6,0.1,0.4,20,20,2,5,20,3,0.15,0.2727272727272727,4,max_count_reached
SUT-B,7,0.1,0.4,20,20,2,5,20,5,0.25,0.45454545454545453,10,max_count_reached
SUT-B,8,0.1,0.4,20,20,2,5,20,6,0.3,0.5454545454545454,11,max_count_reached
SUT-B,9,0.1,0.4,20,20,2,5,20,6,0.3,0.5454545454545454,11,max_count_reached
SUT-B,10,0.1,0.4,20,20,2,5,20,7,0.35,0.6363636363636364,12,max_count_reached
SUT-B,11,0.1,0.4,20,20,2,5,20,3,0.15,0.2727272727272727,8,max_count_reached
SUT-B,12,0.1,0.4,20,20,2,5,20,5,0.25,0.45454545454545453,11,max_count_reached
SUT-B,13,0.1,0.4,20,20,2,5,20,3,0.15,0.2727272727272727,9,max_count_reached
SUT-B,14,0.1,0.4,20,20,2,5,20,5,0.25,0.45454545454545453,9,max_count_reached
SUT-B,15,0.1,0.4,20,20,2,5,20,4,0.2,0.36363636363636365,9,max_count_reached
SUT-B,16,0.1,0.4,20,20,2,5,20,6,0.3,0.5454545454545454,11,max_count_reached
SUT-B,17,0.1,0.4,20,20,2,5,20,4,0.2,0.36363636363636365,7,max_count_reached
SUT-B,18,0.1,0.4,20,20,2,5,20,4,0.2,0.36363636363636365,7,max_count_reached
SUT-B,19,0.1,0.4,20,20,2,5,20,3,0.15,0.2727272727272727,7,max_count_reached
SUT-B,0,0.1,0.4,20,20,3,3,20,6,0.3,0.5454545454545454,10,max_count_reached
SUT-B,1,0.1,0.4,20,20,3,3,20,5,0.25,0.45454545454545453,9,max_count_reached
SUT-B,2,0.1,0.4,20,20,3,3,20,4,0.2,0.36363636363636365,8,max_count_reached
SUT-B,3,0.1,0.4,20,20,3,3,20,4,0.2,0.36363636363636365,8,max_count_reached
SUT-B,4,0.1,0.4,20,20,3,3,20,5,0.25,0.45454545454545453,10,max_count_reached
SUT-B,5,0.1,0.4,20,20,3,3,20,5,0.25,0.45454545454545453,8,max_count_reached
SUT-B,6,0.1,0.4,20,20,3,3,20,3,0.15,0.2727272727272727,4,max_count_reached
SUT-B,7,0.1,0.4,20,20,3,3,20,5,0.25,0.45454545454545453,10,max_count_reached
SUT-B,8,0.1,0.4,20,20,3,3,20,6,0.3,0.5454545454545454,11,max_count_reached
SUT-B,9,0.1,0.4,20,20,3,3,20,6,0.3,0.5454545454545454,11,max_count_reached
SUT-B,10,0.1,0.4,20,20,3,3,20,7,0.35,0.6363636363636364,12,max_count_reached
SUT-B,11,0.1,0.4,20,20,3,3,20,3,0.15,0.2727272727272727,8,max_count_reached
SUT-B,12,0.1,0.4,20,20,3,3,20,5,0.25,0.45454545454545453,11,max_count_reached
SUT-B,13,0.1,0.4,20,20,3,3,20,3,0.15,0.2727272727272727,9,max_count_reached
SUT-B,14,0.1,0.4,20,20,3,3,20,5,0.25,0.45454545454545453,9,max_count_reached
SUT-B,15,0.1,0.4,20,20,3,3,20,4,0.2,0.36363636363636365,9,max_count_reached
SUT-B,16,0.1,0.4,20,20,3,3,20,6,0.3,0.5454545454545454,11,max_count_reached
SUT-B,17,0.1,0.4,20,20,3,3,20,4,0.2,0.36363636363636365,7,max_count_reached
SUT-B,18,0.1,0.4,20,20,3,3,20,4,0.2,0.36363636363636365,7,max_count_reached
SUT-B,19,0.1,0.4,20,20,3,3,20,3,0.15,0.2727272727272727,7,max_count_reached
SUT-B,0,0.1,0.4,20,20,3,4,20,6,0.3,0.5454545454545454,10,max_count_reached
SUT-B,1,0.1,0.4,20,20,3,4,20,5,0.25,0.45454545454545453,9,max_count_reached
SUT-B,2,0.1,0.4,20,20,3,4,20,4,0.2,0.36363636363636365,8,max_count_reached
SUT-B,3,0.1,0.4,20,20,3,4,20,4,0.2,0.36363636363636365,8,max_count_reached
SUT-B,4,0.1,0.4,20,20,3,4,20,5,0.25,0.45454545454545453,10,max_count_reached
SUT-B,5,0.1,0.4,20,20,3,4,20,5,0.25,0.45454545454545453,8,max_count_reached
SUT-B,6,0.1,0.4,20,20,3,4,20,3,0.15,0.2727272727272727,4,max_count_reached
SUT-B,7,0.1,0.4,20,20,3,4,20,5,0.25,0.45454545454545453,10,max_count_reached
SUT-B,8,0.1,0.4,20,20,3,4,20,6,0.3,0.5454545454545454,11,max_count_reached
SUT-B,9,0.1,0.4,20,20,3,4,20,6,0.3,0.5454545454545454,11,max_count_reached
SUT-B,10,0.1,0.4,20,20,3,4,20,7,0.35,0.6363636363636364,12,max_count_reached
SUT-B,11,0.1,0.4,20,20,3,4,20,3,0.15,0.2727272727272727,8,max_count_reached
SUT-B,12,0.1,0.4,20,20,3,4,20,5,0.25,0.45454545454545453,11,max_count_reached
SUT-B,13,0.1,0.4,20,20,3,4,20,3,0.15,0.2727272727272727,9,max_count_reached
SUT-B,14,0.1,0.4,20,20,3,4,20,5,0.25,0.45454545454545453,9,max_count_reached
SUT-B,15,0.1,0.4,20,20,3,4,20,4,0.2,0.36363636363636365,9,max_count_reached
SUT-B,16,0.1,0.4,20,20,3,4,20,6,0.3,0.5454545454545454,11,max_count_reached
SUT-B,17,0.1,0.4,20,20,3,4,20,4,0.2,0.36363636363636365,7,max_count_reached
SUT-B,18,0.1,0.4,20,20,3,4,20,4,0.2,0.36363636363636365,7,max_count_reached
SUT-B,19,0.1,0.4,20,20,3,4,20,3,0.15,0.2727272727272727,7,max_count_reached
SUT-B,0,0.1,0.4,20,20,3,5,20,6,0.3,0.5454545454545454,10,max_count_reached
SUT-B,1,0.1,0.4,20,20,3,5,20,5,0.25,0.45454545454545453,9,max_count_reached
SUT-B,2,0.1,0.4,20,20,3,5,20,4,0.2,0.36363636363636365,8,max_count_reached
SUT-B,3,0.1,0.4,20,20,3,5,20,4,0.2,0.36363636363636365,8,max_count_reached
SUT-B,4,0.1,0.4,20,20,3,5,20,5,0.25,0.45454545454545453,10,max_count_reached
SUT-B,5,0.1,0.4,20,20,3,5,20,5,0.25,0.45454545454545453,8,max_count_reached
SUT-B,6,0.1,0.4,20,20,3,5,20,3,0.15,0.2727272727272727,4,max_count_reached
SUT-B,7,0.1,0.4,20,20,3,5,20,5,0.25,0.45454545454545453,10,max_count_reached
SUT-B,8,0.1,0.4,20,20,3,5,20,6,0.3,0.5454545454545454,11,max_count_reached
SUT-B,9,0.1,0.4,20,20,3,5,20,6,0.3,0.5454545454545454,11,max_count_reached
SUT-B,10,0.1,0.4,20,20,3,5,20,7,0.35,0.6363636363636364,12,max_count_reached
SUT-B,11,0.1,0.4,20,20,3,5,20,3,0.15,0.2727272727272727,8,max_count_reached
SUT-B,12,0.1,0.4,20,20,3,5,20,5,0.25,0.45454545454545453,11,max_count_reached
SUT-B,13,0.1,0.4,20,20,3,5,20,3,0.15,0.2727272727272727,9,max_count_reached
SUT-B,14,0.1,0.4,20,20,3,5,20,5,0.25,0.45454545454545453,9,max_count_reached
SUT-B,15,0.1,0.4,20,20,3,5,20,4,0.2,0.36363636363636365,9,max_count_reached
SUT-B,16,0.1,0.4,20,20,3,5,20,6,0.3,0.5454545454545454,11,max_count_reached
SUT-B,17,0.1,0.4,20,20,3,5,20,4,0.2,0.36363636363636365,7,max_count_reached
SUT-B,18,0.1,0.4,20,20,3,5,20,4,0.2,0.36363636363636365,7,max_count_reached
SUT-B,19,0.1,0.4,20,20,3,5,20,3,0.15,0.2727272727272727,7,max_count_reached
SUT-B,0,0.1,0.4,20,20,4,3,20,6,0.3,0.5454545454545454,10,max_count_reached
SUT-B,1,0.1,0.4,20,20,4,3,20,5,0.25,0.45454545454545453,9,max_count_reached
SUT-B,2,0.1,0.4,20,20,4,3,20,4,0.2,0.36363636363636365,8,max_count_reached
SUT-B,3,0.1,0.4,20,20,4,3,20,4,0.2,0.36363636363636365,8,max_count_reached
SUT-B,4,0.1,0.4,20,20,4,3,20,5,0.25,0.45454545454545453,10,max_count_reached
SUT-B,5,0.1,0.4,20,20,4,3,20,5,0.25,0.45454545454545453,8,max_count_reached
SUT-B,6,0.1,0.4,20,20,4,3,20,3,0.15,0.2727272727272727,4,max_count_reached
SUT-B,7,0.1,0.4,20,20,4,3,20,5,0.25,0.45454545454545453,10,max_count_reached
SUT-B,8,0.1,0.4,20,20,4,3,20,6,0.3,0.5454545454545454,11,max_count_reached
SUT-B,9,0.1,0.4,20,20,4,3,20,6,0.3,0.5454545454545454,11,max_count_reached
SUT-B,10,0.1,0.4,20,20,4,3,20,7,0.35,0.6363636363636364,12,max_count_reached
SUT-B,11,0.1,0.4,20,20,4,3,20,3,0.15,0.2727272727272727,8,max_count_reached
SUT-B,12,0.1,0.4,20,20,4,3,20,5,0.25,0.45454545454545453,11,max_count_reached
SUT-B,13,0.1,0.4,20,20,4,3,20,3,0.15,0.2727272727272727,9,max_count_reached
SUT-B,14,0.1,0.4,20,20,4,3,20,5,0.25,0.45454545454545453,9,max_count_reached
SUT-B,15,0.1,0.4,20,20,4,3,20,4,0.2,0.36363636363636365,9,max_count_reached
SUT-B,16,0.1,0.4,20,20,4,3,20,6,0.3,0.5454545454545454,11,max_count_reached
SUT-B,17,0.1,0.4,20,20,4,3,20,4,0.2,0.36363636363636365,7,max_count_reached
SUT-B,18,0.1,0.4,20,20,4,3,20,4,0.2,0.36363636363636365,7,max_count_reached
SUT-B,19,0.1,0.4,20,20,4,3,20,3,0.15,0.2727272727272727,7,max_count_reached
SUT-B,0,0.1,0.4,20,20,4,4,20,6,0.3,0.5454545454545454,10,max_count_reached
SUT-B,1,0.1,0.4,20,20,4,4,20,5,0.25,0.45454545454545453,9,max_count_reached
SUT-B,2,0.1,0.4,20,20,4,4,20,4,0.2,0.36363636363636365,8,max_count_reached
SUT-B,3,0.1,0.4,20,20,4,4,20,4,0.2,0.36363636363636365,8,max_count_reached
SUT-B,4,0.1,0.4,20,20,4,4,20,5,0.25,0.45454545454545453,10,max_count_reached
SUT-B,5,0.1,0.4,20,20,4,4,20,5,0.25,0.45454545454545453,8,max_count_reached
SUT-B,6,0.1,0.4,20,20,4,4,20,3,0.15,0.2727272727272727,4,max_count_reached
SUT-B,7,0.1,0.4,20,20,4,4,20,5,0.25,0.45454545454545453,10,max_count_reached
SUT-B,8,0.1,0.4,20,20,4,4,20,6,0.3,0.5454545454545454,11,max_count_reached
SUT-B,9,0.1,0.4,20,20,4,4,20,6,0.3,0.5454545454545454,11,max_count_reached
SUT-B,10,0.1,0.4,20,20,4,4,20,7,0.35,0.6363636363636364,12,max_count_reached
SUT-B,11,0.1,0.4,20,20,4,4,20,3,0.15,0.2727272727272727,8,max_count_reached
SUT-B,12,0.1,0.4,20,20,4,4,20,5,0.25,0.45454545454545453,11,max_count_reached
SUT-B,13,0.1,0.4,20,20,4,4,20,3,0.15,0.2727272727272727,9,max_count_reached
SUT-B,14,0.1,0.4,20,20,4,4,20,5,0.25,0.45454545454545453,9,max_count_reached
SUT-B,15,0.1,0.4,20,20,4,4,20,4,0.2,0.36363636363636365,9,max_count_reached
SUT-B,16,0.1,0.4,20,20,4,4,20,6,0.3,0.5454545454545454,11,max_count_reached
SUT-B,17,0.1,0.4,20,20,4,4,20,4,0.2,0.36363636363636365,7,max_count_reached
SUT-B,18,0.1,0.4,20,20,4,4,20,4,0.2,0.36363636363636365,7,max_count_reached
SUT-B,19,0.1,0.4,20,20,4,4,20,3,0.15,0.2727272727272727,7,max_count_reached
SUT-B,0,0.1,0.4,20,20,4,5,20,6,0.3,0.5454545454545454,10,max_count_reached
SUT-B,1,0.1,0.4,20,20,4,5,20,5,0.25,0.45454545454545453,9,max_count_reached
SUT-B,2,0.1,0.4,20,20,4,5,20,4,0.2,0.36363636363636365,8,max_count_reached
SUT-B,3,0.1,0.4,20,20,4,5,20,4,0.2,0.36363636363636365,8,max_count_reached
SUT-B,4,0.1,0.4,20,20,4,5,20,5,0.25,0.45454545454545453,10,max_count_reached
SUT-B,5,0.1,0.4,20,20,4,5,20,5,0.25,0.45454545454545453,8,max_count_reached
SUT-B,6,0.1,0.4,20,20,4,5,20,3,0.15,0.2727272727272727,4,max_count_reached
SUT-B,7,0.1,0.4,20,20,4,5,20,5,0.25,0.45454545454545453,10,max_count_reached
SUT-B,8,0.1,0.4,20,20,4,5,20,6,0.3,0.5454545454545454,11,max_count_reached
SUT-B,9,0.1,0.4,20,20,4,5,20,6,0.3,0.5454545454545454,11,max_count_reached
SUT-B,10,0.1,0.4,20,20,4,5,20,7,0.35,0.6363636363636364,12,max_count_reached
SUT-B,11,0.1,0.4,20,20,4,5,20,3,0.15,0.2727272727272727,8,max_count_reached
SUT-B,12,0.1,0.4,20,20,4,5,20,5,0.25,0.45454545454545453,11,max_count_reached
SUT-B,13,0.1,0.4,20,20,4,5,20,3,0.15,0.2727272727272727,9,max_count_reached
SUT-B,14,0.1,0.4,20,20,4,5,20,5,0.25,0.45454545454545453,9,max_count_reached
SUT-B,15,0.1,0.4,20,20,4,5,20,4,0.2,0.36363636363636365,9,max_count_reached
SUT-B,16,0.1,0.4,20,20,4,5,20,6,0.3,0.5454545454545454,11,max_count_reached
SUT-B,17,0.1,0.4,20,20,4,5,20,4,0.2,0.36363636363636365,7,max_count_reached
SUT-B,18,0.1,0.4,20,20,4,5,20,4,0.2,0.36363636363636365,7,max_count_reached
SUT-B,19,0.1,0.4,20,20,4,5,20,3,0.15,0.2727272727272727,7,max_count_reached
SUT-B,0,0.1,0.5,20,20,2,3,20,6,0.3,0.5454545454545454,10,max_count_reached
SUT-B,1,0.1,0.5,20,20,2,3,20,5,0.25,0.45454545454545453,9,max_count_reached
SUT-B,2,0.1,0.5,20,20,2,3,20,4,0.2,0.36363636363636365,8,max_count_reached
SUT-B,3,0.1,0.5,20,20,2,3,20,4,0.2,0.36363636363636365,8,max_count_reached
SUT-B,4,0.1,0.5,20,20,2,3,20,5,0.25,0.45454545454545453,10,max_count_reached
SUT-B,5,0.1,0.5,20,20,2,3,20,5,0.25,0.45454545454545453,8,max_count_reached
SUT-B,6,0.1,0.5,20,20,2,3,20,3,0.15,0.2727272727272727,4,max_count_reached
SUT-B,7,0.1,0.5,20,20,2,3,20,5,0.25,0.45454545454545453,10,max_count_reached
SUT-B,8,0.1,0.5,20,20,2,3,20,6,0.3,0.5454545454545454,11,max_count_reached
SUT-B,9,0.1,0.5,20,20,2,3,20,6,0.3,0.5454545454545454,11,max_count_reached
SUT-B,10,0.1,0.5,20,20,2,3,20,7,0.35,0.6363636363636364,12,max_count_reached
SUT-B,11,0.1,0.5,20,20,2,3,20,3,0.15,0.2727272727272727,8,max_count_reached
SUT-B,12,0.1,0.5,20,20,2,3,20,5,0.25,0.45454545454545453,11,max_count_reached
SUT-B,13,0.1,0.5,20,20,2,3,20,3,0.15,0.2727272727272727,9,max_count_reached
SUT-B,14,0.1,0.5,20,20,2,3,20,5,0.25,0.45454545454545453,9,max_count_reached
SUT-B,15,0.1,0.5,20,20,2,3,20,4,0.2,0.36363636363636365,9,max_count_reached
SUT-B,16,0.1,0.5,20,20,2,3,20,6,0.3,0.5454545454545454,11,max_count_reached
SUT-B,17,0.1,0.5,20,20,2,3,20,4,0.2,0.36363636363636365,7,max_count_reached
SUT-B,18,0.1,0.5,20,20,2,3,20,4,0.2,0.36363636363636365,7,max_count_reached
SUT-B,19,0.1,0.5,20,20,2,3,20,3,0.15,0.2727272727272727,7,max_count_reached
SUT-B,0,0.1,0.5,20,20,2,4,20,6,0.3,0.5454545454545454,10,max_count_reached
SUT-B,1,0.1,0.5,20,20,2,4,20,5,0.25,0.45454545454545453,9,max_count_reached
SUT-B,2,0.1,0.5,20,20,2,4,20,4,0.2,0.36363636363636365,8,max_count_reached
SUT-B,3,0.1,0.5,20,20,2,4,20,4,0.2,0.36363636363636365,8,max_count_reached
SUT-B,4,0.1,0.5,20,20,2,4,20,5,0.25,0.45454545454545453,10,max_count_reached
SUT-B,5,0.1,0.5,20,20,2,4,20,5,0.25,0.45454545454545453,8,max_count_reached
SUT-B,6,0.1,0.5,20,20,2,4,20,3,0.15,0.2727272727272727,4,max_count_reached
SUT-B,7,0.1,0.5,20,20,2,4,20,5,0.25,0.45454545454545453,10,max_count_reached
SUT-B,8,0.1,0.5,20,20,2,4,20,6,0.3,0.5454545454545454,11,max_count_reached
SUT-B,9,0.1,0.5,20,20,2,4,20,6,0.3,0.5454545454545454,11,max_count_reached
SUT-B,10,0.1,0.5,20,20,2,4,20,7,0.35,0.6363636363636364,12,max_count_reached
SUT-B,11,0.1,0.5,20,20,2,4,20,3,0.15,0.2727272727272727,8,max_count_reached
SUT-B,12,0.1,0.5,20,20,2,4,20,5,0.25,0.45454545454545453,11,max_count_reached
SUT-B,13,0.1,0.5,20,20,2,4,20,3,0.15,0.2727272727272727,9,max_count_reached
SUT-B,14,0.1,0.5,20,20,2,4,20,5,0.25,0.45454545454545453,9,max_count_reached
SUT-B,15,0.1,0.5,20,20,2,4,20,4,0.2,0.36363636363636365,9,max_count_reached
SUT-B,16,0.1,0.5,20,20,2,4,20,6,0.3,0.5454545454545454,11,max_count_reached
SUT-B,17,0.1,0.5,20,20,2,4,20,4,0.2,0.36363636363636365,7,max_count_reached
SUT-B,18,0.1,0.5,20,20,2,4,20,4,0.2,0.36363636363636365,7,max_count_reached
SUT-B,19,0.1,0.5,20,20,2,4,20,3,0.15,0.2727272727272727,7,max_count_reached
SUT-B,0,0.1,0.5,20,20,2,5,20,6,0.3,0.5454545454545454,10,max_count_reached
SUT-B,1,0.1,0.5,20,20,2,5,20,5,0.25,0.45454545454545453,9,max_count_reached
SUT-B,2,0.1,0.5,20,20,2,5,20,4,0.2,0.36363636363636365,8,max_count_reached
SUT-B,3,0.1,0.5,20,20,2,5,20,4,0.2,0.36363636363636365,8,max_count_reached
SUT-B,4,0.1,0.5,20,20,2,5,20,5,0.25,0.45454545454545453,10,max_count_reached
SUT-B,5,0.1,0.5,20,20,2,5,20,5,0.25,0.45454545454545453,8,max_count_reached
SUT-B,6,0.1,0.5,20,20,2,5,20,3,0.15,0.2727272727272727,4,max_count_reached
SUT-B,7,0.1,0.5,20,20,2,5,20,5,0.25,0.45454545454545453,10,max_count_reached
SUT-B,8,0.1,0.5,20,20,2,5,20,6,0.3,0.5454545454545454,11,max_count_reached
SUT-B,9,0.1,0.5,20,20,2,5,20,6,0.3,0.5454545454545454,11,max_count_reached
SUT-B,10,0.1,0.5,20,20,2,5,20,7,0.35,0.6363636363636364,12,max_count_reached
SUT-B,11,0.1,0.5,20,20,2,5,20,3,0.15,0.2727272727272727,8,max_count_reached
SUT-B,12,0.1,0.5,20,20,2,5,20,5,0.25,0.45454545454545453,11,max_count_reached
SUT-B,13,0.1,0.5,20,20,2,5,20,3,0.15,0.2727272727272727,9,max_count_reached
SUT-B,14,0.1,0.5,20,20,2,5,20,5,0.25,0.45454545454545453,9,max_count_reached
SUT-B,15,0.1,0.5,20,20,2,5,20,4,0.2,0.36363636363636365,9,max_count_reached
SUT-B,16,0.1,0.5,20,20,2,5,20,6,0.3,0.5454545454545454,11,max_count_reached
SUT-B,17,0.1,0.5,20,20,2,5,20,4,0.2,0.36363636363636365,7,max_count_reached
SUT-B,18,0.1,0.5,20,20,2,5,20,4,0.2,0.36363636363636365,7,max_count_reached
SUT-B,19,0.1,0.5,20,20,2,5,20,3,0.15,0.2727272727272727,7,max_count_reached
SUT-B,0,0.1,0.5,20,20,3,3,20,6,0.3,0.5454545454545454,10,max_count_reached
SUT-B,1,0.1,0.5,20,20,3,3,20,5,0.25,0.45454545454545453,9,max_count_reached
SUT-B,2,0.1,0.5,20,20,3,3,20,4,0.2,0.36363636363636365,8,max_count_reached
SUT-B,3,0.1,0.5,20,20,3,3,20,4,0.2,0.36363636363636365,8,max_count_reached
SUT-B,4,0.1,0.5,20,20,3,3,20,5,0.25,0.45454545454545453,10,max_count_reached
SUT-B,5,0.1,0.5,20,20,3,3,20,5,0.25,0.45454545454545453,8,max_count_reached
SUT-B,6,0.1,0.5,20,20,3,3,20,3,0.15,0.2727272727272727,4,max_count_reached
SUT-B,7,0.1,0.5,20,20,3,3,20,5,0.25,0.45454545454545453,10,max_count_reached
SUT-B,8,0.1,0.5,20,20,3,3,20,6,0.3,0.5454545454545454,11,max_count_reached
SUT-B,9,0.1,0.5,20,20,3,3,20,6,0.3,0.5454545454545454,11,max_count_reached
SUT-B,10,0.1,0.5,20,20,3,3,20,7,0.35,0.6363636363636364,12,max_count_reached
SUT-B,11,0.1,0.5,20,20,3,3,20,3,0.15,0.2727272727272727,8,max_count_reached
SUT-B,12,0.1,0.5,20,20,3,3,20,5,0.25,0.45454545454545453,11,max_count_reached
SUT-B,13,0.1,0.5,20,20,3,3,20,3,0.15,0.2727272727272727,9,max_count_reached
SUT-B,14,0.1,0.5,20,20,3,3,20,5,0.25,0.45454545454545453,9,max_count_reached
SUT-B,15,0.1,0.5,20,20,3,3,20,4,0.2,0.36363636363636365,9,max_count_reached
SUT-B,16,0.1,0.5,20,20,3,3,20,6,0.3,0.5454545454545454,11,max_count_reached
SUT-B,17,0.1,0.5,20,20,3,3,20,4,0.2,0.36363636363636365,7,max_count_reached
SUT-B,18,0.1,0.5,20,20,3,3,20,4,0.2,0.36363636363636365,7,max_count_reached
SUT-B,19,0.1,0.5,20,20,3,3,20,3,0.15,0.2727272727272727,7,max_count_reached
SUT-B,0,0.1,0.5,20,20,3,4,20,6,0.3,0.5454545454545454,10,max_count_reached
SUT-B,1,0.1,0.5,20,20,3,4,20,5,0.25,0.45454545454545453,9,max_count_reached
SUT-B,2,0.1,0.5,20,20,3,4,20,4,0.2,0.36363636363636365,8,max_count_reached
SUT-B,3,0.1,0.5,20,20,3,4,20,4,0.2,0.36363636363636365,8,max_count_reached
SUT-B,4,0.1,0.5,20,20,3,4,20,5,0.25,0.45454545454545453,10,max_count_reached
SUT-B,5,0.1,0.5,20,20,3,4,20,5,0.25,0.45454545454545453,8,max_count_reached
SUT-B,6,0.1,0.5,20,20,3,4,20,3,0.15,0.2727272727272727,4,max_count_reached
SUT-B,7,0.1,0.5,20,20,3,4,20,5,0.25,0.45454545454545453,10,max_count_reached
SUT-B,8,0.1,0.5,20,20,3,4,20,6,0.3,0.5454545454545454,11,max_count_reached
SUT-B,9,0.1,0.5,20,20,3,4,20,6,0.3,0.5454545454545454,11,max_count_reached
SUT-B,10,0.1,0.5,20,20,3,4,20,7,0.35,0.6363636363636364,12,max_count_reached
SUT-B,11,0.1,0.5,20,20,3,4,20,3,0.15,0.2727272727272727,8,max_count_reached
SUT-B,12,0.1,0.5,20,20,3,4,20,5,0.25,0.45454545454545453,11,max_count_reached
SUT-B,13,0.1,0.5,20,20,3,4,20,3,0.15,0.2727272727272727,9,max_count_reached
SUT-B,14,0.1,0.5,20,20,3,4,20,5,0.25,0.45454545454545453,9,max_count_reached
SUT-B,15,0.1,0.5,20,20,3,4,20,4,0.2,0.36363636363636365,9,max_count_reached
SUT-B,16,0.1,0.5,20,20,3,4,20,6,0.3,0.5454545454545454,11,max_count_reached
SUT-B,17,0.1,0.5,20,20,3,4,20,4,0.2,0.36363636363636365,7,max_count_reached
SUT-B,18,0.1,0.5,20,20,3,4,20,4,0.2,0.36363636363636365,7,max_count_reached
SUT-B,19,0.1,0.5,20,20,3,4,20,3,0.15,0.2727272727272727,7,max_count_reached
SUT-B,0,0.1,0.5,20,20,3,5,20,6,0.3,0.5454545454545454,10,max_count_reached
SUT-B,1,0.1,0.5,20,20,3,5,20,5,0.25,0.45454545454545453,9,max_count_reached
SUT-B,2,0.1,0.5,20,20,3,5,20,4,0.2,0.36363636363636365,8,max_count_reached
SUT-B,3,0.1,0.5,20,20,3,5,20,4,0.2,0.36363636363636365,8,max_count_reached
SUT-B,4,0.1,0.5,20,20,3,5,20,5,0.25,0.45454545454545453,10,max_count_reached
SUT-B,5,0.1,0.5,20,20,3,5,20,5,0.25,0.45454545454545453,8,max_count_reached
SUT-B,6,0.1,0.5,20,20,3,5,20,3,0.15,0.2727272727272727,4,max_count_reached
SUT-B,7,0.1,0.5,20,20,3,5,20,5,0.25,0.45454545454545453,10,max_count_reached
SUT-B,8,0.1,0.5,20,20,3,5,20,6,0.3,0.5454545454545454,11,max_count_reached
SUT-B,9,0.1,0.5,20,20,3,5,20,6,0.3,0.5454545454545454,11,max_count_reached
SUT-B,10,0.1,0.5,20,20,3,5,20,7,0.35,0.6363636363636364,12,max_count_reached
SUT-B,11,0.1,0.5,20,20,3,5,20,3,0.15,0.2727272727272727,8,max_count_reached
SUT-B,12,0.1,0.5,20,20,3,5,20,5,0.25,0.45454545454545453,11,max_count_reached
SUT-B,13,0.1,0.5,20,20,3,5,20,3,0.15,0.2727272727272727,9,max_count_reached
SUT-B,14,0.1,0.5,20,20,3,5,20,5,0.25,0.45454545454545453,9,max_count_reached
SUT-B,15,0.1,0.5,20,20,3,5,20,4,0.2,0.36363636363636365,9,max_count_reached
SUT-B,16,0.1,0.5,20,20,3,5,20,6,0.3,0.5454545454545454,11,max_count_reached
SUT-B,17,0.1,0.5,20,20,3,5,20,4,0.2,0.36363636363636365,7,max_count_reached
SUT-B,18,0.1,0.5,20,20,3,5,20,4,0.2,0.36363636363636365,7,max_count_reached
SUT-B,19,0.1,0.5,20,20,3,5,20,3,0.15,0.2727272727272727,7,max_count_reached
SUT-B,0,0.1,0.5,20,20,4,3,20,6,0.3,0.5454545454545454,10,max_count_reached
SUT-B,1,0.1,0.5,20,20,4,3,20,5,0.25,0.45454545454545453,9,max_count_reached
SUT-B,2,0.1,0.5,20,20,4,3,20,4,0.2,0.36363636363636365,8,max_count_reached
SUT-B,3,0.1,0.5,20,20,4,3,20,4,0.2,0.36363636363636365,8,max_count_reached
SUT-B,4,0.1,0.5,20,20,4,3,20,5,0.25,0.45454545454545453,10,max_count_reached
SUT-B,5,0.1,0.5,20,20,4,3,20,5,0.25,0.45454545454545453,8,max_count_reached
SUT-B,6,0.1,0.5,20,20,4,3,20,3,0.15,0.2727272727272727,4,max_count_reached
SUT-B,7,0.1,0.5,20,20,4,3,20,5,0.25,0.45454545454545453,10,max_count_reached
SUT-B,8,0.1,0.5,20,20,4,3,20,6,0.3,0.5454545454545454,11,max_count_reached
SUT-B,9,0.1,0.5,20,20,4,3,20,6,0.3,0.5454545454545454,11,max_count_reached
SUT-B,10,0.1,0.5,20,20,4,3,20,7,0.35,0.6363636363636364,12,max_count_reached
SUT-B,11,0.1,0.5,20,20,4,3,20,3,0.15,0.2727272727272727,8,max_count_reached
SUT-B,12,0.1,0.5,20,20,4,3,20,5,0.25,0.45454545454545453,11,max_count_reached
SUT-B,13,0.1,0.5,20,20,4,3,20,3,0.15,0.2727272727272727,9,max_count_reached
SUT-B,14,0.1,0.5,20,20,4,3,20,5,0.25,0.45454545454545453,9,max_count_reached
SUT-B,15,0.1,0.5,20,20,4,3,20,4,0.2,0.36363636363636365,9,max_count_reached
SUT-B,16,0.1,0.5,20,20,4,3,20,6,0.3,0.5454545454545454,11,max_count_reached
SUT-B,17,0.1,0.5,20,20,4,3,20,4,0.2,0.36363636363636365,7,max_count_reached
SUT-B,18,0.1,0.5,20,20,4,3,20,4,0.2,0.36363636363636365,7,max_count_reached
SUT-B,19,0.1,0.5,20,20,4,3,20,3,0.15,0.2727272727272727,7,max_count_reached
SUT-B,0,0.1,0.5,20,20,4,4,20,6,0.3,0.5454545454545454,10,max_count_reached
SUT-B,1,0.1,0.5,20,20,4,4,20,5,0.25,0.45454545454545453,9,max_count_reached
SUT-B,2,0.1,0.5,20,20,4,4,20,4,0.2,0.36363636363636365,8,max_count_reached
SUT-B,3,0.1,0.5,20,20,4,4,20,4,0.2,0.36363636363636365,8,max_count_reached
SUT-B,4,0.1,0.5,20,20,4,4,20,5,0.25,0.45454545454545453,10,max_count_reached
SUT-B,5,0.1,0.5,20,20,4,4,20,5,0.25,0.45454545454545453,8,max_count_reached
SUT-B,6,0.1,0.5,20,20,4,4,20,3,0.15,0.2727272727272727,4,max_count_reached
SUT-B,7,0.1,0.5,20,20,4,4,20,5,0.25,0.45454545454545453,10,max_count_reached
SUT-B,8,0.1,0.5,20,20,4,4,20,6,0.3,0.5454545454545454,11,max_count_reached
SUT-B,9,0.1,0.5,20,20,4,4,20,6,0.3,0.5454545454545454,11,max_count_reached
SUT-B,10,0.1,0.5,20,20,4,4,20,7,0.35,0.6363636363636364,12,max_count_reached
SUT-B,11,0.1,0.5,20,20,4,4,20,3,0.15,0.2727272727272727,8,max_count_reached
SUT-B,12,0.1,0.5,20,20,4,4,20,5,0.25,0.45454545454545453,11,max_count_reached
SUT-B,13,0.1,0.5,20,20,4,4,20,3,0.15,0.2727272727272727,9,max_count_reached
SUT-B,14,0.1,0.5,20,20,4,4,20,5,0.25,0.45454545454545453,9,max_count_reached
SUT-B,15,0.1,0.5,20,20,4,4,20,4,0.2,0.36363636363636365,9,max_count_reached
SUT-B,16,0.1,0.5,20,20,4,4,20,6,0.3,0.5454545454545454,11,max_count_reached
SUT-B,17,0.1,0.5,20,20,4,4,20,4,0.2,0.36363636363636365,7,max_count_reached
SUT-B,18,0.1,0.5,20,20,4,4,20,4,0.2,0.36363636363636365,7,max_count_reached
SUT-B,19,0.1,0.5,20,20,4,4,20,3,0.15,0.2727272727272727,7,max_count_reached
SUT-B,0,0.1,0.5,20,20,4,5,20,6,0.3,0.5454545454545454,10,max_count_reached
SUT-B,1,0.1,0.5,20,20,4,5,20,5,0.25,0.45454545454545453,9,max_count_reached
SUT-B,2,0.1,0.5,20,20,4,5,20,4,0.2,0.36363636363636365,8,max_count_reached
SUT-B,3,0.1,0.5,20,20,4,5,20,4,0.2,0.36363636363636365,8,max_count_reached
SUT-B,4,0.1,0.5,20,20,4,5,20,5,0.25,0.45454545454545453,10,max_count_reached
SUT-B,5,0.1,0.5,20,20,4,5,20,5,0.25,0.45454545454545453,8,max_count_reached
SUT-B,6,0.1,0.5,20,20,4,5,20,3,0.15,0.2727272727272727,4,max_count_reached
SUT-B,7,0.1,0.5,20,20,4,5,20,5,0.25,0.45454545454545453,10,max_count_reached
SUT-B,8,0.1,0.5,20,20,4,5,20,6,0.3,0.5454545454545454,11,max_count_reached
SUT-B,9,0.1,0.5,20,20,4,5,20,6,0.3,0.5454545454545454,11,max_count_reached
SUT-B,10,0.1,0.5,20,20,4,5,20,7,0.35,0.6363636363636364,12,max_count_reached
SUT-B,11,0.1,0.5,20,20,4,5,20,3,0.15,0.2727272727272727,8,max_count_reached
SUT-B,12,0.1,0.5,20,20,4,5,20,5,0.25,0.45454545454545453,11,max_count_reached
SUT-B,13,0.1,0.5,20,20,4,5,20,3,0.15,0.2727272727272727,9,max_count_reached
SUT-B,14,0.1,0.5,20,20,4,5,20,5,0.25,0.45454545454545453,9,max_count_reached
SUT-B,15,0.1,0.5,20,20,4,5,20,4,0.2,0.36363636363636365,9,max_count_reached
SUT-B,16,0.1,0.5,20,20,4,5,20,6,0.3,0.5454545454545454,11,max_count_reached
SUT-B,17,0.1,0.5,20,20,4,5,20,4,0.2,0.36363636363636365,7,max_count_reached
SUT-B,18,0.1,0.5,20,20,4,5,20,4,0.2,0.36363636363636365,7,max_count_reached
SUT-B,19,0.1,0.5,20,20,4,5,20,3,0.15,0.2727272727272727,7,max_count_reached
SUT-C,0,0.05,0.4,10,20,2,3,20,14,0.7,0.30434782608695654,18,max_count_reached
SUT-C,1,0.05,0.4,10,20,2,3,20,16,0.8,0.34782608695652173,18,max_count_reached
SUT-C,2,0.05,0.4,10,20,2,3,13,11,0.8461538461538461,0.2391304347826087,12,safe_neighbor_streak
SUT-C,3,0.05,0.4,10,20,2,3,20,18,0.9,0.391304347826087,19,max_count_reached
SUT-C,4,0.05,0.4,10,20,2,3,15,11,0.7333333333333333,0.2391304347826087,12,safe_neighbor_streak
SUT-C,5,0.05,0.4,10,20,2,3,20,19,0.95,0.41304347826086957,20,max_count_reached
SUT-C,6,0.05,0.4,10,20,2,3,20,16,0.8,0.34782608695652173,17,max_count_reached
SUT-C,7,0.05,0.4,10,20,2,3,20,13,0.65,0.2826086956521739,13,max_count_reached
SUT-C,8,0.05,0.4,10,20,2,3,20,14,0.7,0.30434782608695654,16,max_count_reached
SUT-C,9,0.05,0.4,10,20,2,3,20,17,0.85,0.3695652173913043,19,max_count_reached
SUT-C,10,0.05,0.4,10,20,2,3,20,17,0.85,0.3695652173913043,18,max_count_reached
SUT-C,11,0.05,0.4,10,20,2,3,19,11,0.5789473684210527,0.2391304347826087,13,safe_neighbor_streak
SUT-C,12,0.05,0.4,10,20,2,3,19,14,0.7368421052631579,0.30434782608695654,16,safe_neighbor_streak
SUT-C,13,0.05,0.4,10,20,2,3,20,18,0.9,0.391304347826087,18,max_count_reached
SUT-C,14,0.05,0.4,10,20,2,3,20,16,0.8,0.34782608695652173,17,max_count_reached
SUT-C,15,0.05,0.4,10,20,2,3,20,16,0.8,0.34782608695652173,18,max_count_reached
SUT-C,16,0.05,0.4,10,20,2,3,20,14,0.7,0.30434782608695654,16,max_count_reached
SUT-C,17,0.05,0.4,10,20,2,3,20,15,0.75,0.32608695652173914,16,max_count_reached
SUT-C,18,0.05,0.4,10,20,2,3,20,15,0.75,0.32608695652173914,17,max_count_reached
SUT-C,19,0.05,0.4,10,20,2,3,14,11,0.7857142857142857,0.2391304347826087,11,safe_neighbor_streak
SUT-C,0,0.05,0.4,10,20,2,4,20,14,0.7,0.30434782608695654,18,max_count_reached
SUT-C,1,0.05,0.4,10,20,2,4,20,16,0.8,0.34782608695652173,18,max_count_reached
SUT-C,2,0.05,0.4,10,20,2,4,14,11,0.7857142857142857,0.2391304347826087,13,safe_neighbor_streak
SUT-C,3,0.05,0.4,10,20,2,4,20,18,0.9,0.391304347826087,19,max_count_reached
SUT-C,4,0.05,0.4,10,20,2,4,20,16,0.8,0.34782608695652173,17,max_count_reached
SUT-C,5,0.05,0.4,10,20,2,4,20,19,0.95,0.41304347826086957,20,max_count_reached
SUT-C,6,0.05,0.4,10,20,2,4,20,16,0.8,0.34782608695652173,17,max_count_reached
SUT-C,7,0.05,0.4,10,20,2,4,20,13,0.65,0.2826086956521739,13,max_count_reached
SUT-C,8,0.05,0.4,10,20,2,4,20,14,0.7,0.30434782608695654,16,max_count_reached
SUT-C,9,0.05,0.4,10,20,2,4,20,17,0.85,0.3695652173913043,19,max_count_reached
SUT-C,10,0.05,0.4,10,20,2,4,20,17,0.85,0.3695652173913043,18,max_count_reached
SUT-C,11,0.05,0.4,10,20,2,4,20,12,0.6,0.2608695652173913,14,max_count_reached
SUT-C,12,0.05,0.4,10,20,2,4,20,15,0.75,0.32608695652173914,17,max_count_reached
SUT-C,13,0.05,0.4,10,20,2,4,20,18,0.9,0.391304347826087,18,max_count_reached
SUT-C,14,0.05,0.4,10,20,2,4,20,16,0.8,0.34782608695652173,17,max_count_reached
SUT-C,15,0.05,0.4,10,20,2,4,20,16,0.8,0.34782608695652173,18,max_count_reached
SUT-C,16,0.05,0.4,10,20,2,4,20,14,0.7,0.30434782608695654,16,max_count_reached
SUT-C,17,0.05,0.4,10,20,2,4,20,15,0.75,0.32608695652173914,16,max_count_reached
SUT-C,18,0.05,0.4,10,20,2,4,20,15,0.75,0.32608695652173914,17,max_count_reached
SUT-C,19,0.05,0.4,10,20,2,4,20,14,0.7,0.30434782608695654,16,max_count_reached
SUT-C,0,0.05,0.4,10,20,2,5,20,14,0.7,0.30434782608695654,18,max_count_reached
SUT-C,1,0.05,0.4,10,20,2,5,20,16,0.8,0.34782608695652173,18,max_count_reached
SUT-C,2,0.05,0.4,10,20,2,5,20,16,0.8,0.34782608695652173,18,max_count_reached
SUT-C,3,0.05,0.4,10,20,2,5,20,18,0.9,0.391304347826087,19,max_count_reached
SUT-C,4,0.05,0.4,10,20,2,5,20,16,0.8,0.34782608695652173,17,max_count_reached
SUT-C,5,0.05,0.4,10,20,2,5,20,19,0.95,0.41304347826086957,20,max_count_reached
SUT-C,6,0.05,0.4,10,20,2,5,20,16,0.8,0.34782608695652173,17,max_count_reached
SUT-C,7,0.05,0.4,10,20,2,5,20,13,0.65,0.2826086956521739,13,max_count_reached
SUT-C,8,0.05,0.4,10,20,2,5,20,14,0.7,0.30434782608695654,16,max_count_reached
SUT-C,9,0.05,0.4,10,20,2,5,20,17,0.85,0.3695652173913043,19,max_count_reached
SUT-C,10,0.05,0.4,10,20,2,5,20,17,0.85,0.3695652173913043,18,max_count_reached
SUT-C,11,0.05,0.4,10,20,2,5,20,12,0.6,0.2608695652173913,14,max_count_reached
SUT-C,12,0.05,0.4,10,20,2,5,20,15,0.75,0.32608695652173914,17,max_count_reached
SUT-C,13,0.05,0.4,10,20,2,5,20,18,0.9,0.391304347826087,18,max_count_reached
SUT-C,14,0.05,0.4,10,20,2,5,20,16,0.8,0.34782608695652173,17,max_count_reached
SUT-C,15,0.05,0.4,10,20,2,5,20,16,0.8,0.34782608695652173,18,max_count_reached
SUT-C,16,0.05,0.4,10,20,2,5,20,14,0.7,0.30434782608695654,16,max_count_reached
SUT-C,17,0.05,0.4,10,20,2,5,20,15,0.75,0.32608695652173914,16,max_count_reached
SUT-C,18,0.05,0.4,10,20,2,5,20,15,0.75,0.32608695652173914,17,max_count_reached
SUT-C,19,0.05,0.4,10,20,2,5,20,14,0.7,0.30434782608695654,16,max_count_reached
SUT-C,0,0.05,0.4,10,20,3,3,20,14,0.7,0.30434782608695654,18,max_count_reached
SUT-C,1,0.05,0.4,10,20,3,3,20,16,0.8,0.34782608695652173,18,max_count_reached
SUT-C,2,0.05,0.4,10,20,3,3,20,16,0.8,0.34782608695652173,18,max_count_reached
SUT-C,3,0.05,0.4,10,20,3,3,20,18,0.9,0.391304347826087,19,max_count_reached
SUT-C,4,0.05,0.4,10,20,3,3,20,16,0.8,0.34782608695652173,17,max_count_reached
SUT-C,5,0.05,0.4,10,20,3,3,20,19,0.95,0.41304347826086957,20,max_count_reached
SUT-C,6,0.05,0.4,10,20,3,3,20,16,0.8,0.34782608695652173,17,max_count_reached
SUT-C,7,0.05,0.4,10,20,3,3,20,13,0.65,0.2826086956521739,13,max_count_reached
SUT-C,8,0.05,0.4,10,20,3,3,20,14,0.7,0.30434782608695654,16,max_count_reached
SUT-C,9,0.05,0.4,10,20,3,3,20,17,0.85,0.3695652173913043,19,max_count_reached
SUT-C,10,0.05,0.4,10,20,3,3,20,17,0.85,0.3695652173913043,18,max_count_reached
SUT-C,11,0.05,0.4,10,20,3,3,20,12,0.6,0.2608695652173913,14,max_count_reached
SUT-C,12,0.05,0.4,10,20,3,3,20,15,0.75,0.32608695652173914,17,max_count_reached
SUT-C,13,0.05,0.4,10,20,3,3,20,18,0.9,0.391304347826087,18,max_count_reached
SUT-C,14,0.05,0.4,10,20,3,3,20,16,0.8,0.34782608695652173,17,max_count_reached
SUT-C,15,0.05,0.4,10,20,3,3,20,16,0.8,0.34782608695652173,18,max_count_reached
SUT-C,16,0.05,0.4,10,20,3,3,20,14,0.7,0.30434782608695654,16,max_count_reached
SUT-C,17,0.05,0.4,10,20,3,3,20,15,0.75,0.32608695652173914,16,max_count_reached
SUT-C,18,0.05,0.4,10,20,3,3,20,15,0.75,0.32608695652173914,17,max_count_reached
SUT-C,19,0.05,0.4,10,20,3,3,20,14,0.7,0.30434782608695654,16,max_count_reached
SUT-C,0,0.05,0.4,10,20,3,4,20,14,0.7,0.30434782608695654,18,max_count_reached
SUT-C,1,0.05,0.4,10,20,3,4,20,16,0.8,0.34782608695652173,18,max_count_reached
SUT-C,2,0.05,0.4,10,20,3,4,20,16,0.8,0.34782608695652173,18,max_count_reached
SUT-C,3,0.05,0.4,10,20,3,4,20,18,0.9,0.391304347826087,19,max_count_reached
SUT-C,4,0.05,0.4,10,20,3,4,20,16,0.8,0.34782608695652173,17,max_count_reached
SUT-C,5,0.05,0.4,10,20,3,4,20,19,0.95,0.41304347826086957,20,max_count_reached
SUT-C,6,0.05,0.4,10,20,3,4,20,16,0.8,0.34782608695652173,17,max_count_reached
SUT-C,7,0.05,0.4,10,20,3,4,20,13,0.65,0.2826086956521739,13,max_count_reached
SUT-C,8,0.05,0.4,10,20,3,4,20,14,0.7,0.30434782608695654,16,max_count_reached
SUT-C,9,0.05,0.4,10,20,3,4,20,17,0.85,0.3695652173913043,19,max_count_reached
SUT-C,10,0.05,0.4,10,20,3,4,20,17,0.85,0.3695652173913043,18,max_count_reached
SUT-C,11,0.05,0.4,10,20,3,4,20,12,0.6,0.2608695652173913,14,max_count_reached
SUT-C,12,0.05,0.4,10,20,3,4,20,15,0.75,0.32608695652173914,17,max_count_reached
SUT-C,13,0.05,0.4,10,20,3,4,20,18,0.9,0.391304347826087,18,max_count_reached
SUT-C,14,0.05,0.4,10,20,3,4,20,16,0.8,0.34782608695652173,17,max_count_reached
SUT-C,15,0.05,0.4,10,20,3,4,20,16,0.8,0.34782608695652173,18,max_count_reached
SUT-C,16,0.05,0.4,10,20,3,4,20,14,0.7,0.30434782608695654,16,max_count_reached
SUT-C,17,0.05,0.4,10,20,3,4,20,15,0.75,0.32608695652173914,16,max_count_reached
SUT-C,18,0.05,0.4,10,20,3,4,20,15,0.75,0.32608695652173914,17,max_count_reached
SUT-C,19,0.05,0.4,10,20,3,4,20,14,0.7,0.30434782608695654,16,max_count_reached
SUT-C,0,0.05,0.4,10,20,3,5,20,14,0.7,0.30434782608695654,18,max_count_reached
SUT-C,1,0.05,0.4,10,20,3,5,20,16,0.8,0.34782608695652173,18,max_count_reached
SUT-C,2,0.05,0.4,10,20,3,5,20,16,0.8,0.34782608695652173,18,max_count_reached
SUT-C,3,0.05,0.4,10,20,3,5,20,18,0.9,0.391304347826087,19,max_count_reached
SUT-C,4,0.05,0.4,10,20,3,5,20,16,0.8,0.34782608695652173,17,max_count_reached
SUT-C,5,0.05,0.4,10,20,3,5,20,19,0.95,0.41304347826086957,20,max_count_reached
SUT-C,6,0.05,0.4,10,20,3,5,20,16,0.8,0.34782608695652173,17,max_count_reached
SUT-C,7,0.05,0.4,10,20,3,5,20,13,0.65,0.2826086956521739,13,max_count_reached
SUT-C,8,0.05,0.4,10,20,3,5,20,14,0.7,0.30434782608695654,16,max_count_reached
SUT-C,9,0.05,0.4,10,20,3,5,20,17,0.85,0.3695652173913043,19,max_count_reached
SUT-C,10,0.05,0.4,10,20,3,5,20,17,0.85,0.3695652173913043,18,max_count_reached
SUT-C,11,0.05,0.4,10,20,3,5,20,12,0.6,0.2608695652173913,14,max_count_reached
SUT-C,12,0.05,0.4,10,20,3,5,20,15,0.75,0.32608695652173914,17,max_count_reached
SUT-C,13,0.05,0.4,10,20,3,5,20,18,0.9,0.391304347826087,18,max_count_reached
SUT-C,14,0.05,0.4,10,20,3,5,20,16,0.8,0.34782608695652173,17,max_count_reached
SUT-C,15,0.05,0.4,10,20,3,5,20,16,0.8,0.34782608695652173,18,max_count_reached
SUT-C,16,0.05,0.4,10,20,3,5,20,14,0.7,0.30434782608695654,16,max_count_reached
SUT-C,17,0.05,0.4,10,20,3,5,20,15,0.75,0.32608695652173914,16,max_count_reached
SUT-C,18,0.05,0.4,10,20,3,5,20,15,0.75,0.32608695652173914,17,max_count_reached
SUT-C,19,0.05,0.4,10,20,3,5,20,14,0.7,0.30434782608695654,16,max_count_reached
SUT-C,0,0.05,0.4,10,20,4,3,20,14,0.7,0.30434782608695654,18,max_count_reached
SUT-C,1,0.05,0.4,10,20,4,3,20,16,0.8,0.34782608695652173,18,max_count_reached
SUT-C,2,0.05,0.4,10,20,4,3,20,16,0.8,0.34782608695652173,18,max_count_reached
SUT-C,3,0.05,0.4,10,20,4,3,20,18,0.9,0.391304347826087,19,max_count_reached
SUT-C,4,0.05,0.4,10,20,4,3,20,16,0.8,0.34782608695652173,17,max_count_reached
SUT-C,5,0.05,0.4,10,20,4,3,20,19,0.95,0.41304347826086957,20,max_count_reached
SUT-C,6,0.05,0.4,10,20,4,3,20,16,0.8,0.34782608695652173,17,max_count_reached
SUT-C,7,0.05,0.4,10,20,4,3,20,13,0.65,0.2826086956521739,13,max_count_reached
SUT-C,8,0.05,0.4,10,20,4,3,20,14,0.7,0.30434782608695654,16,max_count_reached
SUT-C,9,0.05,0.4,10,20,4,3,20,17,0.85,0.3695652173913043,19,max_count_reached
SUT-C,10,0.05,0.4,10,20,4,3,20,17,0.85,0.3695652173913043,18,max_count_reached
SUT-C,11,0.05,0.4,10,20,4,3,20,12,0.6,0.2608695652173913,14,max_count_reached
SUT-C,12,0.05,0.4,10,20,4,3,20,15,0.75,0.32608695652173914,17,max_count_reached
SUT-C,13,0.05,0.4,10,20,4,3,20,18,0.9,0.391304347826087,18,max_count_reached
SUT-C,14,0.05,0.4,10,20,4,3,20,16,0.8,0.34782608695652173,17,max_count_reached
SUT-C,15,0.05,0.4,10,20,4,3,20,16,0.8,0.34782608695652173,18,max_count_reached
SUT-C,16,0.05,0.4,10,20,4,3,20,14,0.7,0.30434782608695654,16,max_count_reached
SUT-C,17,0.05,0.4,10,20,4,3,20,15,0.75,0.32608695652173914,16,max_count_reached
SUT-C,18,0.05,0.4,10,20,4,3,20,15,0.75,0.32608695652173914,17,max_count_reached
SUT-C,19,0.05,0.4,10,20,4,3,20,14,0.7,0.30434782608695654,16,max_count_reached
SUT-C,0,0.05,0.4,10,20,4,4,20,14,0.7,0.30434782608695654,18,max_count_reached
SUT-C,1,0.05,0.4,10,20,4,4,20,16,0.8,0.34782608695652173,18,max_count_reached
SUT-C,2,0.05,0.4,10,20,4,4,20,16,0.8,0.34782608695652173,18,max_count_reached
SUT-C,3,0.05,0.4,10,20,4,4,20,18,0.9,0.391304347826087,19,max_count_reached
SUT-C,4,0.05,0.4,10,20,4,4,20,16,0.8,0.34782608695652173,17,max_count_reached
SUT-C,5,0.05,0.4,10,20,4,4,20,19,0.95,0.41304347826086957,20,max_count_reached
SUT-C,6,0.05,0.4,10,20,4,4,20,16,0.8,0.34782608695652173,17,max_count_reached
SUT-C,7,0.05,0.4,10,20,4,4,20,13,0.65,0.2826086956521739,13,max_count_reached
SUT-C,8,0.05,0.4,10,20,4,4,20,14,0.7,0.30434782608695654,16,max_count_reached
SUT-C,9,0.05,0.4,10,20,4,4,20,17,0.85,0.3695652173913043,19,max_count_reached
SUT-C,10,0.05,0.4,10,20,4,4,20,17,0.85,0.3695652173913043,18,max_count_reached
SUT-C,11,0.05,0.4,10,20,4,4,20,12,0.6,0.2608695652173913,14,max_count_reached
SUT-C,12,0.05,0.4,10,20,4,4,20,15,0.75,0.32608695652173914,17,max_count_reached
SUT-C,13,0.05,0.4,10,20,4,4,20,18,0.9,0.391304347826087,18,max_count_reached
SUT-C,14,0.05,0.4,10,20,4,4,20,16,0.8,0.34782608695652173,17,max_count_reached
SUT-C,15,0.05,0.4,10,20,4,4,20,16,0.8,0.34782608695652173,18,max_count_reached
SUT-C,16,0.05,0.4,10,20,4,4,20,14,0.7,0.30434782608695654,16,max_count_reached
SUT-C,17,0.05,0.4,10,20,4,4,20,15,0.75,0.32608695652173914,16,max_count_reached
SUT-C,18,0.05,0.4,10,20,4,4,20,15,0.75,0.32608695652173914,17,max_count_reached
SUT-C,19,0.05,0.4,10,20,4,4,20,14,0.7,0.30434782608695654,16,max_count_reached
SUT-C,0,0.05,0.4,10,20,4,5,20,14,0.7,0.30434782608695654,18,max_count_reached
SUT-C,1,0.05,0.4,10,20,4,5,20,16,0.8,0.34782608695652173,18,max_count_reached
SUT-C,2,0.05,0.4,10,20,4,5,20,16,0.8,0.34782608695652173,18,max_count_reached
SUT-C,3,0.05,0.4,10,20,4,5,20,18,0.9,0.391304347826087,19,max_count_reached
SUT-C,4,0.05,0.4,10,20,4,5,20,16,0.8,0.34782608695652173,17,max_count_reached
SUT-C,5,0.05,0.4,10,20,4,5,20,19,0.95,0.41304347826086957,20,max_count_reached
SUT-C,6,0.05,0.4,10,20,4,5,20,16,0.8,0.34782608695652173,17,max_count_reached
SUT-C,7,0.05,0.4,10,20,4,5,20,13,0.65,0.2826086956521739,13,max_count_reached
SUT-C,8,0.05,0.4,10,20,4,5,20,14,0.7,0.30434782608695654,16,max_count_reached
SUT-C,9,0.05,0.4,10,20,4,5,20,17,0.85,0.3695652173913043,19,max_count_reached
SUT-C,10,0.05,0.4,10,20,4,5,20,17,0.85,0.3695652173913043,18,max_count_reached
SUT-C,11,0.05,0.4,10,20,4,5,20,12,0.6,0.2608695652173913,14,max_count_reached
SUT-C,12,0.05,0.4,10,20,4,5,20,15,0.75,0.32608695652173914,17,max_count_reached
SUT-C,13,0.05,0.4,10,20,4,5,20,18,0.9,0.391304347826087,18,max_count_reached
SUT-C,14,0.05,0.4,10,20,4,5,20,16,0.8,0.34782608695652173,17,max_count_reached
SUT-C,15,0.05,0.4,10,20,4,5,20,16,0.8,0.34782608695652173,18,max_count_reached
SUT-C,16,0.05,0.4,10,20,4,5,20,14,0.7,0.30434782608695654,16,max_count_reached
SUT-C,17,0.05,0.4,10,20,4,5,20,15,0.75,0.32608695652173914,16,max_count_reached
SUT-C,18,0.05,0.4,10,20,4,5,20,15,0.75,0.32608695652173914,17,max_count_reached
SUT-C,19,0.05,0.4,10,20,4,5,20,14,0.7,0.30434782608695654,16,max_count_reached
SUT-C,0,0.05,0.5,10,20,2,3,20,14,0.7,0.30434782608695654,18,max_count_reached
SUT-C,1,0.05,0.5,10,20,2,3,20,16,0.8,0.34782608695652173,18,max_count_reached
SUT-C,2,0.05,0.5,10,20,2,3,13,11,0.8461538461538461,0.2391304347826087,12,safe_neighbor_streak
SUT-C,3,0.05,0.5,10,20,2,3,20,18,0.9,0.391304347826087,19,max_count_reached
SUT-C,4,0.05,0.5,10,20,2,3,15,11,0.7333333333333333,0.2391304347826087,12,safe_neighbor_streak
SUT-C,5,0.05,0.5,10,20,2,3,20,19,0.95,0.41304347826086957,20,max_count_reached
SUT-C,6,0.05,0.5,10,20,2,3,20,16,0.8,0.34782608695652173,17,max_count_reached
SUT-C,7,0.05,0.5,10,20,2,3,20,13,0.65,0.2826086956521739,13,max_count_reached
SUT-C,8,0.05,0.5,10,20,2,3,20,14,0.7,0.30434782608695654,16,max_count_reached
SUT-C,9,0.05,0.5,10,20,2,3,20,17,0.85,0.3695652173913043,19,max_count_reached
SUT-C,10,0.05,0.5,10,20,2,3,20,17,0.85,0.3695652173913043,18,max_count_reached
SUT-C,11,0.05,0.5,10,20,2,3,19,11,0.5789473684210527,0.2391304347826087,13,safe_neighbor_streak
SUT-C,12,0.05,0.5,10,20,2,3,19,14,0.7368421052631579,0.30434782608695654,16,safe_neighbor_streak
SUT-C,13,0.05,0.5,10,20,2,3,20,18,0.9,0.391304347826087,18,max_count_reached
SUT-C,14,0.05,0.5,10,20,2,3,20,16,0.8,0.34782608695652173,17,max_count_reached
SUT-C,15,0.05,0.5,10,20,2,3,20,16,0.8,0.34782608695652173,18,max_count_reached
SUT-C,16,0.05,0.5,10,20,2,3,20,14,0.7,0.30434782608695654,16,max_count_reached
SUT-C,17,0.05,0.5,10,20,2,3,20,15,0.75,0.32608695652173914,16,max_count_reached
SUT-C,18,0.05,0.5,10,20,2,3,20,15,0.75,0.32608695652173914,17,max_count_reached
SUT-C,19,0.05,0.5,10,20,2,3,14,11,0.7857142857142857,0.2391304347826087,11,safe_neighbor_streak
SUT-C,0,0.05,0.5,10,20,2,4,20,14,0.7,0.30434782608695654,18,max_count_reached
SUT-C,1,0.05,0.5,10,20,2,4,20,16,0.8,0.34782608695652173,18,max_count_reached
SUT-C,2,0.05,0.5,10,20,2,4,14,11,0.7857142857142857,0.2391304347826087,13,safe_neighbor_streak
SUT-C,3,0.05,0.5,10,20,2,4,20,18,0.9,0.391304347826087,19,max_count_reached
SUT-C,4,0.05,0.5,10,20,2,4,20,16,0.8,0.34782608695652173,17,max_count_reached
SUT-C,5,0.05,0.5,10,20,2,4,20,19,0.95,0.41304347826086957,20,max_count_reached
SUT-C,6,0.05,0.5,10,20,2,4,20,16,0.8,0.34782608695652173,17,max_count_reached
SUT-C,7,0.05,0.5,10,20,2,4,20,13,0.65,0.2826086956521739,13,max_count_reached
SUT-C,8,0.05,0.5,10,20,2,4,20,14,0.7,0.30434782608695654,16,max_count_reached
SUT-C,9,0.05,0.5,10,20,2,4,20,17,0.85,0.3695652173913043,19,max_count_reached
SUT-C,10,0.05,0.5,10,20,2,4,20,17,0.85,0.3695652173913043,18,max_count_reached
SUT-C,11,0.05,0.5,10,20,2,4,20,12,0.6,0.2608695652173913,14,max_count_reached
SUT-C,12,0.05,0.5,10,20,2,4,20,15,0.75,0.32608695652173914,17,max_count_reached
SUT-C,13,0.05,0.5,10,20,2,4,20,18,0.9,0.391304347826087,18,max_count_reached
SUT-C,14,0.05,0.5,10,20,2,4,20,16,0.8,0.34782608695652173,17,max_count_reached
SUT-C,15,0.05,0.5,10,20,2,4,20,16,0.8,0.34782608695652173,18,max_count_reached
SUT-C,16,0.05,0.5,10,20,2,4,20,14,0.7,0.30434782608695654,16,max_count_reached
SUT-C,17,0.05,0.5,10,20,2,4,20,15,0.75,0.32608695652173914,16,max_count_reached
SUT-C,18,0.05,0.5,10,20,2,4,20,15,0.75,0.32608695652173914,17,max_count_reached
SUT-C,19,0.05,0.5,10,20,2,4,20,14,0.7,0.30434782608695654,16,max_count_reached
SUT-C,0,0.05,0.5,10,20,2,5,20,14,0.7,0.30434782608695654,18,max_count_reached
SUT-C,1,0.05,0.5,10,20,2,5,20,16,0.8,0.34782608695652173,18,max_count_reached
SUT-C,2,0.05,0.5,10,20,2,5,20,16,0.8,0.34782608695652173,18,max_count_reached
SUT-C,3,0.05,0.5,10,20,2,5,20,18,0.9,0.391304347826087,19,max_count_reached
SUT-C,4,0.05,0.5,10,20,2,5,20,16,0.8,0.34782608695652173,17,max_count_reached
SUT-C,5,0.05,0.5,10,20,2,5,20,19,0.95,0.41304347826086957,20,max_count_reached
SUT-C,6,0.05,0.5,10,20,2,5,20,16,0.8,0.34782608695652173,17,max_count_reached
SUT-C,7,0.05,0.5,10,20,2,5,20,13,0.65,0.2826086956521739,13,max_count_reached
SUT-C,8,0.05,0.5,10,20,2,5,20,14,0.7,0.30434782608695654,16,max_count_reached
SUT-C,9,0.05,0.5,10,20,2,5,20,17,0.85,0.3695652173913043,19,max_count_reached
SUT-C,10,0.05,0.5,10,20,2,5,20,17,0.85,0.3695652173913043,18,max_count_reached
SUT-C,11,0.05,0.5,10,20,2,5,20,12,0.6,0.2608695652173913,14,max_count_reached
SUT-C,12,0.05,0.5,10,20,2,5,20,15,0.75,0.32608695652173914,17,max_count_reached
SUT-C,13,0.05,0.5,10,20,2,5,20,18,0.9,0.391304347826087,18,max_count_reached
SUT-C,14,0.05,0.5,10,20,2,5,20,16,0.8,0.34782608695652173,17,max_count_reached
SUT-C,15,0.05,0.5,10,20,2,5,20,16,0.8,0.34782608695652173,18,max_count_reached
SUT-C,16,0.05,0.5,10,20,2,5,20,14,0.7,0.30434782608695654,16,max_count_reached
SUT-C,17,0.05,0.5,10,20,2,5,20,15,0.75,0.32608695652173914,16,max_count_reached
SUT-C,18,0.05,0.5,10,20,2,5,20,15,0.75,0.32608695652173914,17,max_count_reached
SUT-C,19,0.05,0.5,10,20,2,5,20,14,0.7,0.30434782608695654,16,max_count_reached
SUT-C,0,0.05,0.5,10,20,3,3,20,14,0.7,0.30434782608695654,18,max_count_reached
SUT-C,1,0.05,0.5,10,20,3,3,20,16,0.8,0.34782608695652173,18,max_count_reached
SUT-C,2,0.05,0.5,10,20,3,3,20,16,0.8,0.34782608695652173,18,max_count_reached
SUT-C,3,0.05,0.5,10,20,3,3,20,18,0.9,0.391304347826087,19,max_count_reached
SUT-C,4,0.05,0.5,10,20,3,3,20,16,0.8,0.34782608695652173,17,max_count_reached
SUT-C,5,0.05,0.5,10,20,3,3,20,19,0.95,0.41304347826086957,20,max_count_reached
SUT-C,6,0.05,0.5,10,20,3,3,20,16,0.8,0.34782608695652173,17,max_count_reached
SUT-C,7,0.05,0.5,10,20,3,3,20,13,0.65,0.2826086956521739,13,max_count_reached
SUT-C,8,0.05,0.5,10,20,3,3,20,14,0.7,0.30434782608695654,16,max_count_reached
SUT-C,9,0.05,0.5,10,20,3,3,20,17,0.85,0.3695652173913043,19,max_count_reached
SUT-C,10,0.05,0.5,10,20,3,3,20,17,0.85,0.3695652173913043,18,max_count_reached
SUT-C,11,0.05,0.5,10,20,3,3,20,12,0.6,0.2608695652173913,14,max_count_reached
SUT-C,12,0.05,0.5,10,20,3,3,20,15,0.75,0.32608695652173914,17,max_count_reached
SUT-C,13,0.05,0.5,10,20,3,3,20,18,0.9,0.391304347826087,18,max_count_reached
SUT-C,14,0.05,0.5,10,20,3,3,20,16,0.8,0.34782608695652173,17,max_count_reached
SUT-C,15,0.05,0.5,10,20,3,3,20,16,0.8,0.34782608695652173,18,max_count_reached
SUT-C,16,0.05,0.5,10,20,3,3,20,14,0.7,0.30434782608695654,16,max_count_reached
SUT-C,17,0.05,0.5,10,20,3,3,20,15,0.75,0.32608695652173914,16,max_count_reached
SUT-C,18,0.05,0.5,10,20,3,3,20,15,0.75,0.32608695652173914,17,max_count_reached
SUT-C,19,0.05,0.5,10,20,3,3,20,14,0.7,0.30434782608695654,16,max_count_reached
SUT-C,0,0.05,0.5,10,20,3,4,20,14,0.7,0.30434782608695654,18,max_count_reached
SUT-C,1,0.05,0.5,10,20,3,4,20,16,0.8,0.34782608695652173,18,max_count_reached
SUT-C,2,0.05,0.5,10,20,3,4,20,16,0.8,0.34782608695652173,18,max_count_reached
SUT-C,3,0.05,0.5,10,20,3,4,20,18,0.9,0.391304347826087,19,max_count_reached
SUT-C,4,0.05,0.5,10,20,3,4,20,16,0.8,0.34782608695652173,17,max_count_reached
SUT-C,5,0.05,0.5,10,20,3,4,20,19,0.95,0.41304347826086957,20,max_count_reached
SUT-C,6,0.05,0.5,10,20,3,4,20,16,0.8,0.34782608695652173,17,max_count_reached
SUT-C,7,0.05,0.5,10,20,3,4,20,13,0.65,0.2826086956521739,13,max_count_reached
SUT-C,8,0.05,0.5,10,20,3,4,20,14,0.7,0.30434782608695654,16,max_count_reached
SUT-C,9,0.05,0.5,10,20,3,4,20,17,0.85,0.3695652173913043,19,max_count_reached
SUT-C,10,0.05,0.5,10,20,3,4,20,17,0.85,0.3695652173913043,18,max_count_reached
SUT-C,11,0.05,0.5,10,20,3,4,20,12,0.6,0.2608695652173913,14,max_count_reached
SUT-C,12,0.05,0.5,10,20,3,4,20,15,0.75,0.32608695652173914,17,max_count_reached
SUT-C,13,0.05,0.5,10,20,3,4,20,18,0.9,0.391304347826087,18,max_count_reached
SUT-C,14,0.05,0.5,10,20,3,4,20,16,0.8,0.34782608695652173,17,max_count_reached
SUT-C,15,0.05,0.5,10,20,3,4,20,16,0.8,0.34782608695652173,18,max_count_reached
SUT-C,16,0.05,0.5,10,20,3,4,20,14,0.7,0.30434782608695654,16,max_count_reached
SUT-C,17,0.05,0.5,10,20,3,4,20,15,0.75,0.32608695652173914,16,max_count_reached
SUT-C,18,0.05,0.5,10,20,3,4,20,15,0.75,0.32608695652173914,17,max_count_reached
SUT-C,19,0.05,0.5,10,20,3,4,20,14,0.7,0.30434782608695654,16,max_count_reached
SUT-C,0,0.05,0.5,10,20,3,5,20,14,0.7,0.30434782608695654,18,max_count_reached
SUT-C,1,0.05,0.5,10,20,3,5,20,16,0.8,0.34782608695652173,18,max_count_reached
SUT-C,2,0.05,0.5,10,20,3,5,20,16,0.8,0.34782608695652173,18,max_count_reached
SUT-C,3,0.05,0.5,10,20,3,5,20,18,0.9,0.391304347826087,19,max_count_reached
SUT-C,4,0.05,0.5,10,20,3,5,20,16,0.8,0.34782608695652173,17,max_count_reached
SUT-C,5,0.05,0.5,10,20,3,5,20,19,0.95,0.41304347826086957,20,max_count_reached
SUT-C,6,0.05,0.5,10,20,3,5,20,16,0.8,0.34782608695652173,17,max_count_reached
SUT-C,7,0.05,0.5,10,20,3,5,20,13,0.65,0.2826086956521739,13,max_count_reached
SUT-C,8,0.05,0.5,10,20,3,5,20,14,0.7,0.30434782608695654,16,max_count_reached
SUT-C,9,0.05,0.5,10,20,3,5,20,17,0.85,0.3695652173913043,19,max_count_reached
SUT-C,10,0.05,0.5,10,20,3,5,20,17,0.85,0.3695652173913043,18,max_count_reached
SUT-C,11,0.05,0.5,10,20,3,5,20,12,0.6,0.2608695652173913,14,max_count_reached
SUT-C,12,0.05,0.5,10,20,3,5,20,15,0.75,0.32608695652173914,17,max_count_reached
SUT-C,13,0.05,0.5,10,20,3,5,20,18,0.9,0.391304347826087,18,max_count_reached
SUT-C,14,0.05,0.5,10,20,3,5,20,16,0.8,0.34782608695652173,17,max_count_reached
SUT-C,15,0.05,0.5,10,20,3,5,20,16,0.8,0.34782608695652173,18,max_count_reached
SUT-C,16,0.05,0.5,10,20,3,5,20,14,0.7,0.30434782608695654,16,max_count_reached
SUT-C,17,0.05,0.5,10,20,3,5,20,15,0.75,0.32608695652173914,16,max_count_reached
SUT-C,18,0.05,0.5,10,20,3,5,20,15,0.75,0.32608695652173914,17,max_count_reached
SUT-C,19,0.05,0.5,10,20,3,5,20,14,0.7,0.30434782608695654,16,max_count_reached
SUT-C,0,0.05,0.5,10,20,4,3,20,14,0.7,0.30434782608695654,18,max_count_reached
SUT-C,1,0.05,0.5,10,20,4,3,20,16,0.8,0.34782608695652173,18,max_count_reached
SUT-C,2,0.05,0.5,10,20,4,3,20,16,0.8,0.34782608695652173,18,max_count_reached
SUT-C,3,0.05,0.5,10,20,4,3,20,18,0.9,0.391304347826087,19,max_count_reached
SUT-C,4,0.05,0.5,10,20,4,3,20,16,0.8,0.34782608695652173,17,max_count_reached
SUT-C,5,0.05,0.5,10,20,4,3,20,19,0.95,0.41304347826086957,20,max_count_reached
SUT-C,6,0.05,0.5,10,20,4,3,20,16,0.8,0.34782608695652173,17,max_count_reached
SUT-C,7,0.05,0.5,10,20,4,3,20,13,0.65,0.2826086956521739,13,max_count_reached
SUT-C,8,0.05,0.5,10,20,4,3,20,14,0.7,0.30434782608695654,16,max_count_reached
SUT-C,9,0.05,0.5,10,20,4,3,20,17,0.85,0.3695652173913043,19,max_count_reached
SUT-C,10,0.05,0.5,10,20,4,3,20,17,0.85,0.3695652173913043,18,max_count_reached
SUT-C,11,0.05,0.5,10,20,4,3,20,12,0.6,0.2608695652173913,14,max_count_reached
SUT-C,12,0.05,0.5,10,20,4,3,20,15,0.75,0.32608695652173914,17,max_count_reached
SUT-C,13,0.05,0.5,10,20,4,3,20,18,0.9,0.391304347826087,18,max_count_reached
SUT-C,14,0.05,0.5,10,20,4,3,20,16,0.8,0.34782608695652173,17,max_count_reached
SUT-C,15,0.05,0.5,10,20,4,3,20,16,0.8,0.34782608695652173,18,max_count_reached
SUT-C,16,0.05,0.5,10,20,4,3,20,14,0.7,0.30434782608695654,16,max_count_reached
SUT-C,17,0.05,0.5,10,20,4,3,20,15,0.75,0.32608695652173914,16,max_count_reached
SUT-C,18,0.05,0.5,10,20,4,3,20,15,0.75,0.32608695652173914,17,max_count_reached
SUT-C,19,0.05,0.5,10,20,4,3,20,14,0.7,0.30434782608695654,16,max_count_reached
SUT-C,0,0.05,0.5,10,20,4,4,20,14,0.7,0.30434782608695654,18,max_count_reached
SUT-C,1,0.05,0.5,10,20,4,4,20,16,0.8,0.34782608695652173,18,max_count_reached
SUT-C,2,0.05,0.5,10,20,4,4,20,16,0.8,0.34782608695652173,18,max_count_reached
SUT-C,3,0.05,0.5,10,20,4,4,20,18,0.9,0.391304347826087,19,max_count_reached
SUT-C,4,0.05,0.5,10,20,4,4,20,16,0.8,0.34782608695652173,17,max_count_reached
SUT-C,5,0.05,0.5,10,20,4,4,20,19,0.95,0.41304347826086957,20,max_count_reached
SUT-C,6,0.05,0.5,10,20,4,4,20,16,0.8,0.34782608695652173,17,max_count_reached
SUT-C,7,0.05,0.5,10,20,4,4,20,13,0.65,0.2826086956521739,13,max_count_reached
SUT-C,8,0.05,0.5,10,20,4,4,20,14,0.7,0.30434782608695654,16,max_count_reached
SUT-C,9,0.05,0.5,10,20,4,4,20,17,0.85,0.3695652173913043,19,max_count_reached
SUT-C,10,0.05,0.5,10,20,4,4,20,17,0.85,0.3695652173913043,18,max_count_reached
SUT-C,11,0.05,0.5,10,20,4,4,20,12,0.6,0.2608695652173913,14,max_count_reached
SUT-C,12,0.05,0.5,10,20,4,4,20,15,0.75,0.32608695652173914,17,max_count_reached
SUT-C,13,0.05,0.5,10,20,4,4,20,18,0.9,0.391304347826087,18,max_count_reached
SUT-C,14,0.05,0.5,10,20,4,4,20,16,0.8,0.34782608695652173,17,max_count_reached
SUT-C,15,0.05,0.5,10,20,4,4,20,16,0.8,0.34782608695652173,18,max_count_reached
SUT-C,16,0.05,0.5,10,20,4,4,20,14,0.7,0.30434782608695654,16,max_count_reached
SUT-C,17,0.05,0.5,10,20,4,4,20,15,0.75,0.32608695652173914,16,max_count_reached
SUT-C,18,0.05,0.5,10,20,4,4,20,15,0.75,0.32608695652173914,17,max_count_reached
SUT-C,19,0.05,0.5,10,20,4,4,20,14,0.7,0.30434782608695654,16,max_count_reached
SUT-C,0,0.05,0.5,10,20,4,5,20,14,0.7,0.30434782608695654,18,max_count_reached
SUT-C,1,0.05,0.5,10,20,4,5,20,16,0.8,0.34782608695652173,18,max_count_reached
SUT-C,2,0.05,0.5,10,20,4,5,20,16,0.8,0.34782608695652173,18,max_count_reached
SUT-C,3,0.05,0.5,10,20,4,5,20,18,0.9,0.391304347826087,19,max_count_reached
SUT-C,4,0.05,0.5,10,20,4,5,20,16,0.8,0.34782608695652173,17,max_count_reached
SUT-C,5,0.05,0.5,10,20,4,5,20,19,0.95,0.41304347826086957,20,max_count_reached
SUT-C,6,0.05,0.5,10,20,4,5,20,16,0.8,0.34782608695652173,17,max_count_reached
SUT-C,7,0.05,0.5,10,20,4,5,20,13,0.65,0.2826086956521739,13,max_count_reached
SUT-C,8,0.05,0.5,10,20,4,5,20,14,0.7,0.30434782608695654,16,max_count_reached
SUT-C,9,0.05,0.5,10,20,4,5,20,17,0.85,0.3695652173913043,19,max_count_reached
SUT-C,10,0.05,0.5,10,20,4,5,20,17,0.85,0.3695652173913043,18,max_count_reached
SUT-C,11,0.05,0.5,10,20,4,5,20,12,0.6,0.2608695652173913,14,max_count_reached
SUT-C,12,0.05,0.5,10,20,4,5,20,15,0.75,0.32608695652173914,17,max_count_reached
SUT-C,13,0.05,0.5,10,20,4,5,20,18,0.9,0.391304347826087,18,max_count_reached
SUT-C,14,0.05,0.5,10,20,4,5,20,16,0.8,0.34782608695652173,17,max_count_reached
SUT-C,15,0.05,0.5,10,20,4,5,20,16,0.8,0.34782608695652173,18,max_count_reached
SUT-C,16,0.05,0.5,10,20,4,5,20,14,0.7,0.30434782608695654,16,max_count_reached
SUT-C,17,0.05,0.5,10,20,4,5,20,15,0.75,0.32608695652173914,16,max_count_reached
SUT-C,18,0.05,0.5,10,20,4,5,20,15,0.75,0.32608695652173914,17,max_count_reached
SUT-C,19,0.05,0.5,10,20,4,5,20,14,0.7,0.30434782608695654,16,max_count_reached
SUT-C,0,0.1,0.4,20,20,2,3,20,14,0.7,0.30434782608695654,18,max_count_reached
SUT-C,1,0.1,0.4,20,20,2,3,20,16,0.8,0.34782608695652173,18,max_count_reached
SUT-C,2,0.1,0.4,20,20,2,3,20,16,0.8,0.34782608695652173,18,max_count_reached
SUT-C,3,0.1,0.4,20,20,2,3,20,18,0.9,0.391304347826087,19,max_count_reached
SUT-C,4,0.1,0.4,20,20,2,3,20,16,0.8,0.34782608695652173,17,max_count_reached
SUT-C,5,0.1,0.4,20,20,2,3,20,19,0.95,0.41304347826086957,20,max_count_reached
SUT-C,6,0.1,0.4,20,20,2,3,20,16,0.8,0.34782608695652173,17,max_count_reached
SUT-C,7,0.1,0.4,20,20,2,3,20,13,0.65,0.2826086956521739,13,max_count_reached
SUT-C,8,0.1,0.4,20,20,2,3,20,14,0.7,0.30434782608695654,16,max_count_reached
SUT-C,9,0.1,0.4,20,20,2,3,20,17,0.85,0.3695652173913043,19,max_count_reached
SUT-C,10,0.1,0.4,20,20,2,3,20,17,0.85,0.3695652173913043,18,max_count_reached
SUT-C,11,0.1,0.4,20,20,2,3,20,12,0.6,0.2608695652173913,14,max_count_reached
SUT-C,12,0.1,0.4,20,20,2,3,20,15,0.75,0.32608695652173914,17,max_count_reached
SUT-C,13,0.1,0.4,20,20,2,3,20,18,0.9,0.391304347826087,18,max_count_reached
SUT-C,14,0.1,0.4,20,20,2,3,20,16,0.8,0.34782608695652173,17,max_count_reached
SUT-C,15,0.1,0.4,20,20,2,3,20,16,0.8,0.34782608695652173,18,max_count_reached
SUT-C,16,0.1,0.4,20,20,2,3,20,14,0.7,0.30434782608695654,16,max_count_reached
SUT-C,17,0.1,0.4,20,20,2,3,20,15,0.75,0.32608695652173914,16,max_count_reached
SUT-C,18,0.1,0.4,20,20,2,3,20,15,0.75,0.32608695652173914,17,max_count_reached
SUT-C,19,0.1,0.4,20,20,2,3,20,14,0.7,0.30434782608695654,16,max_count_reached
SUT-C,0,0.1,0.4,20,20,2,4,20,14,0.7,0.30434782608695654,18,max_count_reached
SUT-C,1,0.1,0.4,20,20,2,4,20,16,0.8,0.34782608695652173,18,max_count_reached
SUT-C,2,0.1,0.4,20,20,2,4,20,16,0.8,0.34782608695652173,18,max_count_reached
SUT-C,3,0.1,0.4,20,20,2,4,20,18,0.9,0.391304347826087,19,max_count_reached
SUT-C,4,0.1,0.4,20,20,2,4,20,16,0.8,0.34782608695652173,17,max_count_reached
SUT-C,5,0.1,0.4,20,20,2,4,20,19,0.95,0.41304347826086957,20,max_count_reached
SUT-C,6,0.1,0.4,20,20,2,4,20,16,0.8,0.34782608695652173,17,max_count_reached
SUT-C,7,0.1,0.4,20,20,2,4,20,13,0.65,0.2826086956521739,13,max_count_reached
SUT-C,8,0.1,0.4,20,20,2,4,20,14,0.7,0.30434782608695654,16,max_count_reached
SUT-C,9,0.1,0.4,20,20,2,4,20,17,0.85,0.3695652173913043,19,max_count_reached
SUT-C,10,0.1,0.4,20,20,2,4,20,17,0.85,0.3695652173913043,18,max_count_reached
SUT-C,11,0.1,0.4,20,20,2,4,20,12,0.6,0.2608695652173913,14,max_count_reached
SUT-C,12,0.1,0.4,20,20,2,4,20,15,0.75,0.32608695652173914,17,max_count_reached
SUT-C,13,0.1,0.4,20,20,2,4,20,18,0.9,0.391304347826087,18,max_count_reached
SUT-C,14,0.1,0.4,20,20,2,4,20,16,0.8,0.34782608695652173,17,max_count_reached
SUT-C,15,0.1,0.4,20,20,2,4,20,16,0.8,0.34782608695652173,18,max_count_reached
SUT-C,16,0.1,0.4,20,20,2,4,20,14,0.7,0.30434782608695654,16,max_count_reached
SUT-C,17,0.1,0.4,20,20,2,4,20,15,0.75,0.32608695652173914,16,max_count_reached
SUT-C,18,0.1,0.4,20,20,2,4,20,15,0.75,0.32608695652173914,17,max_count_reached
SUT-C,19,0.1,0.4,20,20,2,4,20,14,0.7,0.30434782608695654,16,max_count_reached
SUT-C,0,0.1,0.4,20,20,2,5,20,14,0.7,0.30434782608695654,18,max_count_reached
SUT-C,1,0.1,0.4,20,20,2,5,20,16,0.8,0.34782608695652173,18,max_count_reached
SUT-C,2,0.1,0.4,20,20,2,5,20,16,0.8,0.34782608695652173,18,max_count_reached
SUT-C,3,0.1,0.4,20,20,2,5,20,18,0.9,0.391304347826087,19,max_count_reached
SUT-C,4,0.1,0.4,20,20,2,5,20,16,0.8,0.34782608695652173,17,max_count_reached
SUT-C,5,0.1,0.4,20,20,2,5,20,19,0.95,0.41304347826086957,20,max_count_reached
SUT-C,6,0.1,0.4,20,20,2,5,20,16,0.8,0.34782608695652173,17,max_count_reached
SUT-C,7,0.1,0.4,20,20,2,5,20,13,0.65,0.2826086956521739,13,max_count_reached
SUT-C,8,0.1,0.4,20,20,2,5,20,14,0.7,0.30434782608695654,16,max_count_reached
SUT-C,9,0.1,0.4,20,20,2,5,20,17,0.85,0.3695652173913043,19,max_count_reached
SUT-C,10,0.1,0.4,20,20,2,5,20,17,0.85,0.3695652173913043,18,max_count_reached
SUT-C,11,0.1,0.4,20,20,2,5,20,12,0.6,0.2608695652173913,14,max_count_reached
SUT-C,12,0.1,0.4,20,20,2,5,20,15,0.75,0.32608695652173914,17,max_count_reached
SUT-C,13,0.1,0.4,20,20,2,5,20,18,0.9,0.391304347826087,18,max_count_reached
SUT-C,14,0.1,0.4,20,20,2,5,20,16,0.8,0.34782608695652173,17,max_count_reached
SUT-C,15,0.1,0.4,20,20,2,5,20,16,0.8,0.34782608695652173,18,max_count_reached
SUT-C,16,0.1,0.4,20,20,2,5,20,14,0.7,0.30434782608695654,16,max_count_reached
SUT-C,17,0.1,0.4,20,20,2,5,20,15,0.75,0.32608695652173914,16,max_count_reached
SUT-C,18,0.1,0.4,20,20,2,5,20,15,0.75,0.32608695652173914,17,max_count_reached
SUT-C,19,0.1,0.4,20,20,2,5,20,14,0.7,0.30434782608695654,16,max_count_reached
SUT-C,0,0.1,0.4,20,20,3,3,20,14,0.7,0.30434782608695654,18,max_count_reached
SUT-C,1,0.1,0.4,20,20,3,3,20,16,0.8,0.34782608695652173,18,max_count_reached
SUT-C,2,0.1,0.4,20,20,3,3,20,16,0.8,0.34782608695652173,18,max_count_reached
SUT-C,3,0.1,0.4,20,20,3,3,20,18,0.9,0.391304347826087,19,max_count_reached
SUT-C,4,0.1,0.4,20,20,3,3,20,16,0.8,0.34782608695652173,17,max_count_reached
SUT-C,5,0.1,0.4,20,20,3,3,20,19,0.95,0.41304347826086957,20,max_count_reached
SUT-C,6,0.1,0.4,20,20,3,3,20,16,0.8,0.34782608695652173,17,max_count_reached
SUT-C,7,0.1,0.4,20,20,3,3,20,13,0.65,0.2826086956521739,13,max_count_reached
SUT-C,8,0.1,0.4,20,20,3,3,20,14,0.7,0.30434782608695654,16,max_count_reached
SUT-C,9,0.1,0.4,20,20,3,3,20,17,0.85,0.3695652173913043,19,max_count_reached
SUT-C,10,0.1,0.4,20,20,3,3,20,17,0.85,0.3695652173913043,18,max_count_reached
SUT-C,11,0.1,0.4,20,20,3,3,20,12,0.6,0.2608695652173913,14,max_count_reached
SUT-C,12,0.1,0.4,20,20,3,3,20,15,0.75,0.32608695652173914,17,max_count_reached
SUT-C,13,0.1,0.4,20,20,3,3,20,18,0.9,0.391304347826087,18,max_count_reached
SUT-C,14,0.1,0.4,20,20,3,3,20,16,0.8,0.34782608695652173,17,max_count_reached
SUT-C,15,0.1,0.4,20,20,3,3,20,16,0.8,0.34782608695652173,18,max_count_reached
SUT-C,16,0.1,0.4,20,20,3,3,20,14,0.7,0.30434782608695654,16,max_count_reached
SUT-C,17,0.1,0.4,20,20,3,3,20,15,0.75,0.32608695652173914,16,max_count_reached
SUT-C,18,0.1,0.4,20,20,3,3,20,15,0.75,0.32608695652173914,17,max_count_reached
SUT-C,19,0.1,0.4,20,20,3,3,20,14,0.7,0.30434782608695654,16,max_count_reached
SUT-C,0,0.1,0.4,20,20,3,4,20,14,0.7,0.30434782608695654,18,max_count_reached
SUT-C,1,0.1,0.4,20,20,3,4,20,16,0.8,0.34782608695652173,18,max_count_reached
SUT-C,2,0.1,0.4,20,20,3,4,20,16,0.8,0.34782608695652173,18,max_count_reached
SUT-C,3,0.1,0.4,20,20,3,4,20,18,0.9,0.391304347826087,19,max_count_reached
SUT-C,4,0.1,0.4,20,20,3,4,20,16,0.8,0.34782608695652173,17,max_count_reached
SUT-C,5,0.1,0.4,20,20,3,4,20,19,0.95,0.41304347826086957,20,max_count_reached
SUT-C,6,0.1,0.4,20,20,3,4,20,16,0.8,0.34782608695652173,17,max_count_reached
SUT-C,7,0.1,0.4,20,20,3,4,20,13,0.65,0.2826086956521739,13,max_count_reached
SUT-C,8,0.1,0.4,20,20,3,4,20,14,0.7,0.30434782608695654,16,max_count_reached
SUT-C,9,0.1,0.4,20,20,3,4,20,17,0.85,0.3695652173913043,19,max_count_reached
SUT-C,10,0.1,0.4,20,20,3,4,20,17,0.85,0.3695652173913043,18,max_count_reached
SUT-C,11,0.1,0.4,20,20,3,4,20,12,0.6,0.2608695652173913,14,max_count_reached
SUT-C,12,0.1,0.4,20,20,3,4,20,15,0.75,0.32608695652173914,17,max_count_reached
SUT-C,13,0.1,0.4,20,20,3,4,20,18,0.9,0.391304347826087,18,max_count_reached
SUT-C,14,0.1,0.4,20,20,3,4,20,16,0.8,0.34782608695652173,17,max_count_reached
SUT-C,15,0.1,0.4,20,20,3,4,20,16,0.8,0.34782608695652173,18,max_count_reached
SUT-C,16,0.1,0.4,20,20,3,4,20,14,0.7,0.30434782608695654,16,max_count_reached
SUT-C,17,0.1,0.4,20,20,3,4,20,15,0.75,0.32608695652173914,16,max_count_reached
SUT-C,18,0.1,0.4,20,20,3,4,20,15,0.75,0.32608695652173914,17,max_count_reached
SUT-C,19,0.1,0.4,20,20,3,4,20,14,0.7,0.30434782608695654,16,max_count_reached
SUT-C,0,0.1,0.4,20,20,3,5,20,14,0.7,0.30434782608695654,18,max_count_reached
SUT-C,1,0.1,0.4,20,20,3,5,20,16,0.8,0.34782608695652173,18,max_count_reached
SUT-C,2,0.1,0.4,20,20,3,5,20,16,0.8,0.34782608695652173,18,max_count_reached
SUT-C,3,0.1,0.4,20,20,3,5,20,18,0.9,0.391304347826087,19,max_count_reached
SUT-C,4,0.1,0.4,20,20,3,5,20,16,0.8,0.34782608695652173,17,max_count_reached
SUT-C,5,0.1,0.4,20,20,3,5,20,19,0.95,0.41304347826086957,20,max_count_reached
SUT-C,6,0.1,0.4,20,20,3,5,20,16,0.8,0.34782608695652173,17,max_count_reached
SUT-C,7,0.1,0.4,20,20,3,5,20,13,0.65,0.2826086956521739,13,max_count_reached
SUT-C,8,0.1,0.4,20,20,3,5,20,14,0.7,0.30434782608695654,16,max_count_reached
SUT-C,9,0.1,0.4,20,20,3,5,20,17,0.85,0.3695652173913043,19,max_count_reached
SUT-C,10,0.1,0.4,20,20,3,5,20,17,0.85,0.3695652173913043,18,max_count_reached
SUT-C,11,0.1,0.4,20,20,3,5,20,12,0.6,0.2608695652173913,14,max_count_reached
SUT-C,12,0.1,0.4,20,20,3,5,20,15,0.75,0.32608695652173914,17,max_count_reached
SUT-C,13,0.1,0.4,20,20,3,5,20,18,0.9,0.391304347826087,18,max_count_reached
SUT-C,14,0.1,0.4,20,20,3,5,20,16,0.8,0.34782608695652173,17,max_count_reached
SUT-C,15,0.1,0.4,20,20,3,5,20,16,0.8,0.34782608695652173,18,max_count_reached
SUT-C,16,0.1,0.4,20,20,3,5,20,14,0.7,0.30434782608695654,16,max_count_reached
SUT-C,17,0.1,0.4,20,20,3,5,20,15,0.75,0.32608695652173914,16,max_count_reached
SUT-C,18,0.1,0.4,20,20,3,5,20,15,0.75,0.32608695652173914,17,max_count_reached
SUT-C,19,0.1,0.4,20,20,3,5,20,14,0.7,0.30434782608695654,16,max_count_reached
SUT-C,0,0.1,0.4,20,20,4,3,20,14,0.7,0.30434782608695654,18,max_count_reached
SUT-C,1,0.1,0.4,20,20,4,3,20,16,0.8,0.34782608695652173,18,max_count_reached
SUT-C,2,0.1,0.4,20,20,4,3,20,16,0.8,0.34782608695652173,18,max_count_reached
SUT-C,3,0.1,0.4,20,20,4,3,20,18,0.9,0.391304347826087,19,max_count_reached
SUT-C,4,0.1,0.4,20,20,4,3,20,16,0.8,0.34782608695652173,17,max_count_reached
SUT-C,5,0.1,0.4,20,20,4,3,20,19,0.95,0.41304347826086957,20,max_count_reached
SUT-C,6,0.1,0.4,20,20,4,3,20,16,0.8,0.34782608695652173,17,max_count_reached
SUT-C,7,0.1,0.4,20,20,4,3,20,13,0.65,0.2826086956521739,13,max_count_reached
SUT-C,8,0.1,0.4,20,20,4,3,20,14,0.7,0.30434782608695654,16,max_count_reached
SUT-C,9,0.1,0.4,20,20,4,3,20,17,0.85,0.3695652173913043,19,max_count_reached
SUT-C,10,0.1,0.4,20,20,4,3,20,17,0.85,0.3695652173913043,18,max_count_reached
SUT-C,11,0.1,0.4,20,20,4,3,20,12,0.6,0.2608695652173913,14,max_count_reached
SUT-C,12,0.1,0.4,20,20,4,3,20,15,0.75,0.32608695652173914,17,max_count_reached
SUT-C,13,0.1,0.4,20,20,4,3,20,18,0.9,0.391304347826087,18,max_count_reached
SUT-C,14,0.1,0.4,20,20,4,3,20,16,0.8,0.34782608695652173,17,max_count_reached
SUT-C,15,0.1,0.4,20,20,4,3,20,16,0.8,0.34782608695652173,18,max_count_reached
SUT-C,16,0.1,0.4,20,20,4,3,20,14,0.7,0.30434782608695654,16,max_count_reached
SUT-C,17,0.1,0.4,20,20,4,3,20,15,0.75,0.32608695652173914,16,max_count_reached
SUT-C,18,0.1,0.4,20,20,4,3,20,15,0.75,0.32608695652173914,17,max_count_reached
SUT-C,19,0.1,0.4,20,20,4,3,20,14,0.7,0.30434782608695654,16,max_count_reached
SUT-C,0,0.1,0.4,20,20,4,4,20,14,0.7,0.30434782608695654,18,max_count_reached
SUT-C,1,0.1,0.4,20,20,4,4,20,16,0.8,0.34782608695652173,18,max_count_reached
SUT-C,2,0.1,0.4,20,20,4,4,20,16,0.8,0.34782608695652173,18,max_count_reached
SUT-C,3,0.1,0.4,20,20,4,4,20,18,0.9,0.391304347826087,19,max_count_reached
SUT-C,4,0.1,0.4,20,20,4,4,20,16,0.8,0.34782608695652173,17,max_count_reached
SUT-C,5,0.1,0.4,20,20,4,4,20,19,0.95,0.41304347826086957,20,max_count_reached
SUT-C,6,0.1,0.4,20,20,4,4,20,16,0.8,0.34782608695652173,17,max_count_reached
SUT-C,7,0.1,0.4,20,20,4,4,20,13,0.65,0.2826086956521739,13,max_count_reached
SUT-C,8,0.1,0.4,20,20,4,4,20,14,0.7,0.30434782608695654,16,max_count_reached
SUT-C,9,0.1,0.4,20,20,4,4,20,17,0.85,0.3695652173913043,19,max_count_reached
SUT-C,10,0.1,0.4,20,20,4,4,20,17,0.85,0.3695652173913043,18,max_count_reached
SUT-C,11,0.1,0.4,20,20,4,4,20,12,0.6,0.2608695652173913,14,max_count_reached
SUT-C,12,0.1,0.4,20,20,4,4,20,15,0.75,0.32608695652173914,17,max_count_reached
SUT-C,13,0.1,0.4,20,20,4,4,20,18,0.9,0.391304347826087,18,max_count_reached
SUT-C,14,0.1,0.4,20,20,4,4,20,16,0.8,0.34782608695652173,17,max_count_reached
SUT-C,15,0.1,0.4,20,20,4,4,20,16,0.8,0.34782608695652173,18,max_count_reached
SUT-C,16,0.1,0.4,20,20,4,4,20,14,0.7,0.30434782608695654,16,max_count_reached
SUT-C,17,0.1,0.4,20,20,4,4,20,15,0.75,0.32608695652173914,16,max_count_reached
SUT-C,18,0.1,0.4,20,20,4,4,20,15,0.75,0.32608695652173914,17,max_count_reached
SUT-C,19,0.1,0.4,20,20,4,4,20,14,0.7,0.30434782608695654,16,max_count_reached
SUT-C,0,0.1,0.4,20,20,4,5,20,14,0.7,0.30434782608695654,18,max_count_reached
SUT-C,1,0.1,0.4,20,20,4,5,20,16,0.8,0.34782608695652173,18,max_count_reached
SUT-C,2,0.1,0.4,20,20,4,5,20,16,0.8,0.34782608695652173,18,max_count_reached
SUT-C,3,0.1,0.4,20,20,4,5,20,18,0.9,0.391304347826087,19,max_count_reached
SUT-C,4,0.1,0.4,20,20,4,5,20,16,0.8,0.34782608695652173,17,max_count_reached
SUT-C,5,0.1,0.4,20,20,4,5,20,19,0.95,0.41304347826086957,20,max_count_reached
SUT-C,6,0.1,0.4,20,20,4,5,20,16,0.8,0.34782608695652173,17,max_count_reached
SUT-C,7,0.1,0.4,20,20,4,5,20,13,0.65,0.2826086956521739,13,max_count_reached
SUT-C,8,0.1,0.4,20,20,4,5,20,14,0.7,0.30434782608695654,16,max_count_reached
SUT-C,9,0.1,0.4,20,20,4,5,20,17,0.85,0.3695652173913043,19,max_count_reached
SUT-C,10,0.1,0.4,20,20,4,5,20,17,0.85,0.3695652173913043,18,max_count_reached
SUT-C,11,0.1,0.4,20,20,4,5,20,12,0.6,0.2608695652173913,14,max_count_reached
SUT-C,12,0.1,0.4,20,20,4,5,20,15,0.75,0.32608695652173914,17,max_count_reached
SUT-C,13,0.1,0.4,20,20,4,5,20,18,0.9,0.391304347826087,18,max_count_reached
SUT-C,14,0.1,0.4,20,20,4,5,20,16,0.8,0.34782608695652173,17,max_count_reached
SUT-C,15,0.1,0.4,20,20,4,5,20,16,0.8,0.34782608695652173,18,max_count_reached
SUT-C,16,0.1,0.4,20,20,4,5,20,14,0.7,0.30434782608695654,16,max_count_reached
SUT-C,17,0.1,0.4,20,20,4,5,20,15,0.75,0.32608695652173914,16,max_count_reached
SUT-C,18,0.1,0.4,20,20,4,5,20,15,0.75,0.32608695652173914,17,max_count_reached
SUT-C,19,0.1,0.4,20,20,4,5,20,14,0.7,0.30434782608695654,16,max_count_reached
SUT-C,0,0.1,0.5,20,20,2,3,20,14,0.7,0.30434782608695654,18,max_count_reached
SUT-C,1,0.1,0.5,20,20,2,3,20,16,0.8,0.34782608695652173,18,max_count_reached
SUT-C,2,0.1,0.5,20,20,2,3,20,16,0.8,0.34782608695652173,18,max_count_reached
SUT-C,3,0.1,0.5,20,20,2,3,20,18,0.9,0.391304347826087,19,max_count_reached
SUT-C,4,0.1,0.5,20,20,2,3,20,16,0.8,0.34782608695652173,17,max_count_reached
SUT-C,5,0.1,0.5,20,20,2,3,20,19,0.95,0.41304347826086957,20,max_count_reached
SUT-C,6,0.1,0.5,20,20,2,3,20,16,0.8,0.34782608695652173,17,max_count_reached
SUT-C,7,0.1,0.5,20,20,2,3,20,13,0.65,0.2826086956521739,13,max_count_reached
SUT-C,8,0.1,0.5,20,20,2,3,20,14,0.7,0.30434782608695654,16,max_count_reached
SUT-C,9,0.1,0.5,20,20,2,3,20,17,0.85,0.3695652173913043,19,max_count_reached
SUT-C,10,0.1,0.5,20,20,2,3,20,17,0.85,0.3695652173913043,18,max_count_reached
SUT-C,11,0.1,0.5,20,20,2,3,20,12,0.6,0.2608695652173913,14,max_count_reached
SUT-C,12,0.1,0.5,20,20,2,3,20,15,0.75,0.32608695652173914,17,max_count_reached
SUT-C,13,0.1,0.5,20,20,2,3,20,18,0.9,0.391304347826087,18,max_count_reached
SUT-C,14,0.1,0.5,20,20,2,3,20,16,0.8,0.34782608695652173,17,max_count_reached
SUT-C,15,0.1,0.5,20,20,2,3,20,16,0.8,0.34782608695652173,18,max_count_reached
SUT-C,16,0.1,0.5,20,20,2,3,20,14,0.7,0.30434782608695654,16,max_count_reached
SUT-C,17,0.1,0.5,20,20,2,3,20,15,0.75,0.32608695652173914,16,max_count_reached
SUT-C,18,0.1,0.5,20,20,2,3,20,15,0.75,0.32608695652173914,17,max_count_reached
SUT-C,19,0.1,0.5,20,20,2,3,20,14,0.7,0.30434782608695654,16,max_count_reached
SUT-C,0,0.1,0.5,20,20,2,4,20,14,0.7,0.30434782608695654,18,max_count_reached
SUT-C,1,0.1,0.5,20,20,2,4,20,16,0.8,0.34782608695652173,18,max_count_reached
SUT-C,2,0.1,0.5,20,20,2,4,20,16,0.8,0.34782608695652173,18,max_count_reached
SUT-C,3,0.1,0.5,20,20,2,4,20,18,0.9,0.391304347826087,19,max_count_reached
SUT-C,4,0.1,0.5,20,20,2,4,20,16,0.8,0.34782608695652173,17,max_count_reached
SUT-C,5,0.1,0.5,20,20,2,4,20,19,0.95,0.41304347826086957,20,max_count_reached
SUT-C,6,0.1,0.5,20,20,2,4,20,16,0.8,0.34782608695652173,17,max_count_reached
SUT-C,7,0.1,0.5,20,20,2,4,20,13,0.65,0.2826086956521739,13,max_count_reached
SUT-C,8,0.1,0.5,20,20,2,4,20,14,0.7,0.30434782608695654,16,max_count_reached
SUT-C,9,0.1,0.5,20,20,2,4,20,17,0.85,0.3695652173913043,19,max_count_reached
SUT-C,10,0.1,0.5,20,20,2,4,20,17,0.85,0.3695652173913043,18,max_count_reached
SUT-C,11,0.1,0.5,20,20,2,4,20,12,0.6,0.2608695652173913,14,max_count_reached
SUT-C,12,0.1,0.5,20,20,2,4,20,15,0.75,0.32608695652173914,17,max_count_reached
SUT-C,13,0.1,0.5,20,20,2,4,20,18,0.9,0.391304347826087,18,max_count_reached
SUT-C,14,0.1,0.5,20,20,2,4,20,16,0.8,0.34782608695652173,17,max_count_reached
SUT-C,15,0.1,0.5,20,20,2,4,20,16,0.8,0.34782608695652173,18,max_count_reached
SUT-C,16,0.1,0.5,20,20,2,4,20,14,0.7,0.30434782608695654,16,max_count_reached
SUT-C,17,0.1,0.5,20,20,2,4,20,15,0.75,0.32608695652173914,16,max_count_reached
SUT-C,18,0.1,0.5,20,20,2,4,20,15,0.75,0.32608695652173914,17,max_count_reached
SUT-C,19,0.1,0.5,20,20,2,4,20,14,0.7,0.30434782608695654,16,max_count_reached
SUT-C,0,0.1,0.5,20,20,2,5,20,14,0.7,0.30434782608695654,18,max_count_reached
SUT-C,1,0.1,0.5,20,20,2,5,20,16,0.8,0.34782608695652173,18,max_count_reached
SUT-C,2,0.1,0.5,20,20,2,5,20,16,0.8,0.34782608695652173,18,max_count_reached
SUT-C,3,0.1,0.5,20,20,2,5,20,18,0.9,0.391304347826087,19,max_count_reached
SUT-C,4,0.1,0.5,20,20,2,5,20,16,0.8,0.34782608695652173,17,max_count_reached
SUT-C,5,0.1,0.5,20,20,2,5,20,19,0.95,0.41304347826086957,20,max_count_reached
SUT-C,6,0.1,0.5,20,20,2,5,20,16,0.8,0.34782608695652173,17,max_count_reached
SUT-C,7,0.1,0.5,20,20,2,5,20,13,0.65,0.2826086956521739,13,max_count_reached
SUT-C,8,0.1,0.5,20,20,2,5,20,14,0.7,0.30434782608695654,16,max_count_reached
SUT-C,9,0.1,0.5,20,20,2,5,20,17,0.85,0.3695652173913043,19,max_count_reached
SUT-C,10,0.1,0.5,20,20,2,5,20,17,0.85,0.3695652173913043,18,max_count_reached
SUT-C,11,0.1,0.5,20,20,2,5,20,12,0.6,0.2608695652173913,14,max_count_reached
SUT-C,12,0.1,0.5,20,20,2,5,20,15,0.75,0.32608695652173914,17,max_count_reached
SUT-C,13,0.1,0.5,20,20,2,5,20,18,0.9,0.391304347826087,18,max_count_reached
SUT-C,14,0.1,0.5,20,20,2,5,20,16,0.8,0.34782608695652173,17,max_count_reached
SUT-C,15,0.1,0.5,20,20,2,5,20,16,0.8,0.34782608695652173,18,max_count_reached
SUT-C,16,0.1,0.5,20,20,2,5,20,14,0.7,0.30434782608695654,16,max_count_reached
SUT-C,17,0.1,0.5,20,20,2,5,20,15,0.75,0.32608695652173914,16,max_count_reached
SUT-C,18,0.1,0.5,20,20,2,5,20,15,0.75,0.32608695652173914,17,max_count_reached
SUT-C,19,0.1,0.5,20,20,2,5,20,14,0.7,0.30434782608695654,16,max_count_reached
SUT-C,0,0.1,0.5,20,20,3,3,20,14,0.7,0.30434782608695654,18,max_count_reached
SUT-C,1,0.1,0.5,20,20,3,3,20,16,0.8,0.34782608695652173,18,max_count_reached
SUT-C,2,0.1,0.5,20,20,3,3,20,16,0.8,0.34782608695652173,18,max_count_reached
SUT-C,3,0.1,0.5,20,20,3,3,20,18,0.9,0.391304347826087,19,max_count_reached
SUT-C,4,0.1,0.5,20,20,3,3,20,16,0.8,0.34782608695652173,17,max_count_reached
SUT-C,5,0.1,0.5,20,20,3,3,20,19,0.95,0.41304347826086957,20,max_count_reached
SUT-C,6,0.1,0.5,20,20,3,3,20,16,0.8,0.34782608695652173,17,max_count_reached
SUT-C,7,0.1,0.5,20,20,3,3,20,13,0.65,0.2826086956521739,13,max_count_reached
SUT-C,8,0.1,0.5,20,20,3,3,20,14,0.7,0.30434782608695654,16,max_count_reached
SUT-C,9,0.1,0.5,20,20,3,3,20,17,0.85,0.3695652173913043,19,max_count_reached
SUT-C,10,0.1,0.5,20,20,3,3,20,17,0.85,0.3695652173913043,18,max_count_reached
SUT-C,11,0.1,0.5,20,20,3,3,20,12,0.6,0.2608695652173913,14,max_count_reached
SUT-C,12,0.1,0.5,20,20,3,3,20,15,0.75,0.32608695652173914,17,max_count_reached
SUT-C,13,0.1,0.5,20,20,3,3,20,18,0.9,0.391304347826087,18,max_count_reached
SUT-C,14,0.1,0.5,20,20,3,3,20,16,0.8,0.34782608695652173,17,max_count_reached
SUT-C,15,0.1,0.5,20,20,3,3,20,16,0.8,0.34782608695652173,18,max_count_reached
SUT-C,16,0.1,0.5,20,20,3,3,20,14,0.7,0.30434782608695654,16,max_count_reached
SUT-C,17,0.1,0.5,20,20,3,3,20,15,0.75,0.32608695652173914,16,max_count_reached
SUT-C,18,0.1,0.5,20,20,3,3,20,15,0.75,0.32608695652173914,17,max_count_reached
SUT-C,19,0.1,0.5,20,20,3,3,20,14,0.7,0.30434782608695654,16,max_count_reached
SUT-C,0,0.1,0.5,20,20,3,4,20,14,0.7,0.30434782608695654,18,max_count_reached
SUT-C,1,0.1,0.5,20,20,3,4,20,16,0.8,0.34782608695652173,18,max_count_reached
SUT-C,2,0.1,0.5,20,20,3,4,20,16,0.8,0.34782608695652173,18,max_count_reached
SUT-C,3,0.1,0.5,20,20,3,4,20,18,0.9,0.391304347826087,19,max_count_reached
SUT-C,4,0.1,0.5,20,20,3,4,20,16,0.8,0.34782608695652173,17,max_count_reached
SUT-C,5,0.1,0.5,20,20,3,4,20,19,0.95,0.41304347826086957,20,max_count_reached
SUT-C,6,0.1,0.5,20,20,3,4,20,16,0.8,0.34782608695652173,17,max_count_reached
SUT-C,7,0.1,0.5,20,20,3,4,20,13,0.65,0.2826086956521739,13,max_count_reached
SUT-C,8,0.1,0.5,20,20,3,4,20,14,0.7,0.30434782608695654,16,max_count_reached
SUT-C,9,0.1,0.5,20,20,3,4,20,17,0.85,0.3695652173913043,19,max_count_reached
SUT-C,10,0.1,0.5,20,20,3,4,20,17,0.85,0.3695652173913043,18,max_count_reached
SUT-C,11,0.1,0.5,20,20,3,4,20,12,0.6,0.2608695652173913,14,max_count_reached
SUT-C,12,0.1,0.5,20,20,3,4,20,15,0.75,0.32608695652173914,17,max_count_reached
SUT-C,13,0.1,0.5,20,20,3,4,20,18,0.9,0.391304347826087,18,max_count_reached
SUT-C,14,0.1,0.5,20,20,3,4,20,16,0.8,0.34782608695652173,17,max_count_reached
SUT-C,15,0.1,0.5,20,20,3,4,20,16,0.8,0.34782608695652173,18,max_count_reached
SUT-C,16,0.1,0.5,20,20,3,4,20,14,0.7,0.30434782608695654,16,max_count_reached
SUT-C,17,0.1,0.5,20,20,3,4,20,15,0.75,0.32608695652173914,16,max_count_reached
SUT-C,18,0.1,0.5,20,20,3,4,20,15,0.75,0.32608695652173914,17,max_count_reached
SUT-C,19,0.1,0.5,20,20,3,4,20,14,0.7,0.30434782608695654,16,max_count_reached
SUT-C,0,0.1,0.5,20,20,3,5,20,14,0.7,0.30434782608695654,18,max_count_reached
SUT-C,1,0.1,0.5,20,20,3,5,20,16,0.8,0.34782608695652173,18,max_count_reached
SUT-C,2,0.1,0.5,20,20,3,5,20,16,0.8,0.34782608695652173,18,max_count_reached
SUT-C,3,0.1,0.5,20,20,3,5,20,18,0.9,0.391304347826087,19,max_count_reached
SUT-C,4,0.1,0.5,20,20,3,5,20,16,0.8,0.34782608695652173,17,max_count_reached
SUT-C,5,0.1,0.5,20,20,3,5,20,19,0.95,0.41304347826086957,20,max_count_reached
SUT-C,6,0.1,0.5,20,20,3,5,20,16,0.8,0.34782608695652173,17,max_count_reached
SUT-C,7,0.1,0.5,20,20,3,5,20,13,0.65,0.2826086956521739,13,max_count_reached
SUT-C,8,0.1,0.5,20,20,3,5,20,14,0.7,0.30434782608695654,16,max_count_reached
SUT-C,9,0.1,0.5,20,20,3,5,20,17,0.85,0.3695652173913043,19,max_count_reached
SUT-C,10,0.1,0.5,20,20,3,5,20,17,0.85,0.3695652173913043,18,max_count_reached
SUT-C,11,0.1,0.5,20,20,3,5,20,12,0.6,0.2608695652173913,14,max_count_reached
SUT-C,12,0.1,0.5,20,20,3,5,20,15,0.75,0.32608695652173914,17,max_count_reached
SUT-C,13,0.1,0.5,20,20,3,5,20,18,0.9,0.391304347826087,18,max_count_reached
SUT-C,14,0.1,0.5,20,20,3,5,20,16,0.8,0.34782608695652173,17,max_count_reached
SUT-C,15,0.1,0.5,20,20,3,5,20,16,0.8,0.34782608695652173,18,max_count_reached
SUT-C,16,0.1,0.5,20,20,3,5,20,14,0.7,0.30434782608695654,16,max_count_reached
SUT-C,17,0.1,0.5,20,20,3,5,20,15,0.75,0.32608695652173914,16,max_count_reached
SUT-C,18,0.1,0.5,20,20,3,5,20,15,0.75,0.32608695652173914,17,max_count_reached
SUT-C,19,0.1,0.5,20,20,3,5,20,14,0.7,0.30434782608695654,16,max_count_reached
SUT-C,0,0.1,0.5,20,20,4,3,20,14,0.7,0.30434782608695654,18,max_count_reached
SUT-C,1,0.1,0.5,20,20,4,3,20,16,0.8,0.34782608695652173,18,max_count_reached
SUT-C,2,0.1,0.5,20,20,4,3,20,16,0.8,0.34782608695652173,18,max_count_reached
SUT-C,3,0.1,0.5,20,20,4,3,20,18,0.9,0.391304347826087,19,max_count_reached
SUT-C,4,0.1,0.5,20,20,4,3,20,16,0.8,0.34782608695652173,17,max_count_reached
SUT-C,5,0.1,0.5,20,20,4,3,20,19,0.95,0.41304347826086957,20,max_count_reached
SUT-C,6,0.1,0.5,20,20,4,3,20,16,0.8,0.34782608695652173,17,max_count_reached
SUT-C,7,0.1,0.5,20,20,4,3,20,13,0.65,0.2826086956521739,13,max_count_reached
SUT-C,8,0.1,0.5,20,20,4,3,20,14,0.7,0.30434782608695654,16,max_count_reached
SUT-C,9,0.1,0.5,20,20,4,3,20,17,0.85,0.3695652173913043,19,max_count_reached
SUT-C,10,0.1,0.5,20,20,4,3,20,17,0.85,0.3695652173913043,18,max_count_reached
SUT-C,11,0.1,0.5,20,20,4,3,20,12,0.6,0.2608695652173913,14,max_count_reached
SUT-C,12,0.1,0.5,20,20,4,3,20,15,0.75,0.32608695652173914,17,max_count_reached
SUT-C,13,0.1,0.5,20,20,4,3,20,18,0.9,0.391304347826087,18,max_count_reached
SUT-C,14,0.1,0.5,20,20,4,3,20,16,0.8,0.34782608695652173,17,max_count_reached
SUT-C,15,0.1,0.5,20,20,4,3,20,16,0.8,0.34782608695652173,18,max_count_reached
SUT-C,16,0.1,0.5,20,20,4,3,20,14,0.7,0.30434782608695654,16,max_count_reached
SUT-C,17,0.1,0.5,20,20,4,3,20,15,0.75,0.32608695652173914,16,max_count_reached
SUT-C,18,0.1,0.5,20,20,4,3,20,15,0.75,0.32608695652173914,17,max_count_reached
SUT-C,19,0.1,0.5,20,20,4,3,20,14,0.7,0.30434782608695654,16,max_count_reached
SUT-C,0,0.1,0.5,20,20,4,4,20,14,0.7,0.30434782608695654,18,max_count_reached
SUT-C,1,0.1,0.5,20,20,4,4,20,16,0.8,0.34782608695652173,18,max_count_reached
SUT-C,2,0.1,0.5,20,20,4,4,20,16,0.8,0.34782608695652173,18,max_count_reached
SUT-C,3,0.1,0.5,20,20,4,4,20,18,0.9,0.391304347826087,19,max_count_reached
SUT-C,4,0.1,0.5,20,20,4,4,20,16,0.8,0.34782608695652173,17,max_count_reached
SUT-C,5,0.1,0.5,20,20,4,4,20,19,0.95,0.41304347826086957,20,max_count_reached
SUT-C,6,0.1,0.5,20,20,4,4,20,16,0.8,0.34782608695652173,17,max_count_reached
SUT-C,7,0.1,0.5,20,20,4,4,20,13,0.65,0.2826086956521739,13,max_count_reached
SUT-C,8,0.1,0.5,20,20,4,4,20,14,0.7,0.30434782608695654,16,max_count_reached
SUT-C,9,0.1,0.5,20,20,4,4,20,17,0.85,0.3695652173913043,19,max_count_reached
SUT-C,10,0.1,0.5,20,20,4,4,20,17,0.85,0.3695652173913043,18,max_count_reached
SUT-C,11,0.1,0.5,20,20,4,4,20,12,0.6,0.2608695652173913,14,max_count_reached
SUT-C,12,0.1,0.5,20,20,4,4,20,15,0.75,0.32608695652173914,17,max_count_reached
SUT-C,13,0.1,0.5,20,20,4,4,20,18,0.9,0.391304347826087,18,max_count_reached
SUT-C,14,0.1,0.5,20,20,4,4,20,16,0.8,0.34782608695652173,17,max_count_reached
SUT-C,15,0.1,0.5,20,20,4,4,20,16,0.8,0.34782608695652173,18,max_count_reached
SUT-C,16,0.1,0.5,20,20,4,4,20,14,0.7,0.30434782608695654,16,max_count_reached
SUT-C,17,0.1,0.5,20,20,4,4,20,15,0.75,0.32608695652173914,16,max_count_reached
SUT-C,18,0.1,0.5,20,20,4,4,20,15,0.75,0.32608695652173914,17,max_count_reached
SUT-C,19,0.1,0.5,20,20,4,4,20,14,0.7,0.30434782608695654,16,max_count_reached
SUT-C,0,0.1,0.5,20,20,4,5,20,14,0.7,0.30434782608695654,18,max_count_reached
SUT-C,1,0.1,0.5,20,20,4,5,20,16,0.8,0.34782608695652173,18,max_count_reached
SUT-C,2,0.1,0.5,20,20,4,5,20,16,0.8,0.34782608695652173,18,max_count_reached
SUT-C,3,0.1,0.5,20,20,4,5,20,18,0.9,0.391304347826087,19,max_count_reached
SUT-C,4,0.1,0.5,20,20,4,5,20,16,0.8,0.34782608695652173,17,max_count_reached
SUT-C,5,0.1,0.5,20,20,4,5,20,19,0.95,0.41304347826086957,20,max_count_reached
SUT-C,6,0.1,0.5,20,20,4,5,20,16,0.8,0.34782608695652173,17,max_count_reached
SUT-C,7,0.1,0.5,20,20,4,5,20,13,0.65,0.2826086956521739,13,max_count_reached
SUT-C,8,0.1,0.5,20,20,4,5,20,14,0.7,0.30434782608695654,16,max_count_reached
SUT-C,9,0.1,0.5,20,20,4,5,20,17,0.85,0.3695652173913043,19,max_count_reached
SUT-C,10,0.1,0.5,20,20,4,5,20,17,0.85,0.3695652173913043,18,max_count_reached
SUT-C,11,0.1,0.5,20,20,4,5,20,12,0.6,0.2608695652173913,14,max_count_reached
SUT-C,12,0.1,0.5,20,20,4,5,20,15,0.75,0.32608695652173914,17,max_count_reached
SUT-C,13,0.1,0.5,20,20,4,5,20,18,0.9,0.391304347826087,18,max_count_reached
SUT-C,14,0.1,0.5,20,20,4,5,20,16,0.8,0.34782608695652173,17,max_count_reached
SUT-C,15,0.1,0.5,20,20,4,5,20,16,0.8,0.34782608695652173,18,max_count_reached
SUT-C,16,0.1,0.5,20,20,4,5,20,14,0.7,0.30434782608695654,16,max_count_reached
SUT-C,17,0.1,0.5,20,20,4,5,20,15,0.75,0.32608695652173914,16,max_count_reached
SUT-C,18,0.1,0.5,20,20,4,5,20,15,0.75,0.32608695652173914,17,max_count_reached
SUT-C,19,0.1,0.5,20,20,4,5,20,14,0.7,0.30434782608695654,16,max_count_reached
SUT-D,0,0.05,0.4,10,20,2,3,20,17,0.85,0.3617021276595745,20,max_count_reached
SUT-D,1,0.05,0.4,10,20,2,3,20,15,0.75,0.3191489361702128,19,max_count_reached
SUT-D,2,0.05,0.4,10,20,2,3,13,11,0.8461538461538461,0.23404255319148937,13,safe_neighbor_streak
SUT-D,3,0.05,0.4,10,20,2,3,20,17,0.85,0.3617021276595745,20,max_count_reached
SUT-D,4,0.05,0.4,10,20,2,3,15,10,0.6666666666666666,0.2127659574468085,15,safe_neighbor_streak
SUT-D,5,0.05,0.4,10,20,2,3,20,16,0.8,0.3404255319148936,20,max_count_reached
SUT-D,6,0.05,0.4,10,20,2,3,20,16,0.8,0.3404255319148936,19,max_count_reached
SUT-D,7,0.05,0.4,10,20,2,3,20,13,0.65,0.2765957446808511,19,max_count_reached
SUT-D,8,0.05,0.4,10,20,2,3,12,7,0.5833333333333334,0.14893617021276595,11,safe_neighbor_streak
SUT-D,9,0.05,0.4,10,20,2,3,20,17,0.85,0.3617021276595745,20,max_count_reached
SUT-D,10,0.05,0.4,10,20,2,3,15,14,0.9333333333333333,0.2978723404255319,15,safe_neighbor_streak
SUT-D,11,0.05,0.4,10,20,2,3,19,14,0.7368421052631579,0.2978723404255319,19,safe_neighbor_streak
SUT-D,12,0.05,0.4,10,20,2,3,18,15,0.8333333333333334,0.3191489361702128,18,safe_neighbor_streak
SUT-D,13,0.05,0.4,10,20,2,3,20,17,0.85,0.3617021276595745,20,safe_neighbor_streak
SUT-D,14,0.05,0.4,10,20,2,3,20,16,0.8,0.3404255319148936,19,max_count_reached
SUT-D,15,0.05,0.4,10,20,2,3,20,15,0.75,0.3191489361702128,20,max_count_reached
SUT-D,16,0.05,0.4,10,20,2,3,20,15,0.75,0.3191489361702128,20,max_count_reached
SUT-D,17,0.05,0.4,10,20,2,3,20,18,0.9,0.3829787234042553,20,max_count_reached
SUT-D,18,0.05,0.4,10,20,2,3,18,12,0.6666666666666666,0.2553191489361702,17,safe_neighbor_streak
SUT-D,19,0.05,0.4,10,20,2,3,20,17,0.85,0.3617021276595745,20,max_count_reached
SUT-D,0,0.05,0.4,10,20,2,4,20,17,0.85,0.3617021276595745,20,max_count_reached
SUT-D,1,0.05,0.4,10,20,2,4,20,15,0.75,0.3191489361702128,19,max_count_reached
SUT-D,2,0.05,0.4,10,20,2,4,20,17,0.85,0.3617021276595745,19,max_count_reached
SUT-D,3,0.05,0.4,10,20,2,4,20,17,0.85,0.3617021276595745,20,max_count_reached
SUT-D,4,0.05,0.4,10,20,2,4,20,15,0.75,0.3191489361702128,20,max_count_reached
SUT-D,5,0.05,0.4,10,20,2,4,20,16,0.8,0.3404255319148936,20,max_count_reached
SUT-D,6,0.05,0.4,10,20,2,4,20,16,0.8,0.3404255319148936,19,max_count_reached
SUT-D,7,0.05,0.4,10,20,2,4,20,13,0.65,0.2765957446808511,19,max_count_reached
SUT-D,8,0.05,0.4,10,20,2,4,20,12,0.6,0.2553191489361702,18,max_count_reached
SUT-D,9,0.05,0.4,10,20,2,4,20,17,0.85,0.3617021276595745,20,max_count_reached
SUT-D,10,0.05,0.4,10,20,2,4,16,14,0.875,0.2978723404255319,16,safe_neighbor_streak
SUT-D,11,0.05,0.4,10,20,2,4,20,15,0.75,0.3191489361702128,20,max_count_reached
SUT-D,12,0.05,0.4,10,20,2,4,20,17,0.85,0.3617021276595745,20,max_count_reached
SUT-D,13,0.05,0.4,10,20,2,4,20,17,0.85,0.3617021276595745,20,max_count_reached
SUT-D,14,0.05,0.4,10,20,2,4,20,16,0.8,0.3404255319148936,19,max_count_reached
SUT-D,15,0.05,0.4,10,20,2,4,20,15,0.75,0.3191489361702128,20,max_count_reached
SUT-D,16,0.05,0.4,10,20,2,4,20,15,0.75,0.3191489361702128,20,max_count_reached
SUT-D,17,0.05,0.4,10,20,2,4,20,18,0.9,0.3829787234042553,20,max_count_reached
SUT-D,18,0.05,0.4,10,20,2,4,19,13,0.6842105263157895,0.2765957446808511,18,safe_neighbor_streak
SUT-D,19,0.05,0.4,10,20,2,4,20,17,0.85,0.3617021276595745,20,max_count_reached
SUT-D,0,0.05,0.4,10,20,2,5,20,17,0.85,0.3617021276595745,20,max_count_reached
SUT-D,1,0.05,0.4,10,20,2,5,20,15,0.75,0.3191489361702128,19,max_count_reached
SUT-D,2,0.05,0.4,10,20,2,5,20,17,0.85,0.3617021276595745,19,max_count_reached
SUT-D,3,0.05,0.4,10,20,2,5,20,17,0.85,0.3617021276595745,20,max_count_reached
SUT-D,4,0.05,0.4,10,20,2,5,20,15,0.75,0.3191489361702128,20,max_count_reached
SUT-D,5,0.05,0.4,10,20,2,5,20,16,0.8,0.3404255319148936,20,max_count_reached
SUT-D,6,0.05,0.4,10,20,2,5,20,16,0.8,0.3404255319148936,19,max_count_reached
SUT-D,7,0.05,0.4,10,20,2,5,20,13,0.65,0.2765957446808511,19,max_count_reached
SUT-D,8,0.05,0.4,10,20,2,5,20,12,0.6,0.2553191489361702,18,max_count_reached
SUT-D,9,0.05,0.4,10,20,2,5,20,17,0.85,0.3617021276595745,20,max_count_reached
SUT-D,10,0.05,0.4,10,20,2,5,20,16,0.8,0.3404255319148936,19,max_count_reached
SUT-D,11,0.05,0.4,10,20,2,5,20,15,0.75,0.3191489361702128,20,max_count_reached
SUT-D,12,0.05,0.4,10,20,2,5,20,17,0.85,0.3617021276595745,20,max_count_reached
SUT-D,13,0.05,0.4,10,20,2,5,20,17,0.85,0.3617021276595745,20,max_count_reached
SUT-D,14,0.05,0.4,10,20,2,5,20,16,0.8,0.3404255319148936,19,max_count_reached
SUT-D,15,0.05,0.4,10,20,2,5,20,15,0.75,0.3191489361702128,20,max_count_reached
SUT-D,16,0.05,0.4,10,20,2,5,20,15,0.75,0.3191489361702128,20,max_count_reached
SUT-D,17,0.05,0.4,10,20,2,5,20,18,0.9,0.3829787234042553,20,max_count_reached
SUT-D,18,0.05,0.4,10,20,2,5,20,14,0.7,0.2978723404255319,19,max_count_reached
SUT-D,19,0.05,0.4,10,20,2,5,20,17,0.85,0.3617021276595745,20,max_count_reached
SUT-D,0,0.05,0.4,10,20,3,3,20,17,0.85,0.3617021276595745,20,max_count_reached
SUT-D,1,0.05,0.4,10,20,3,3,20,15,0.75,0.3191489361702128,19,max_count_reached
SUT-D,2,0.05,0.4,10,20,3,3,20,17,0.85,0.3617021276595745,19,max_count_reached
SUT-D,3,0.05,0.4,10,20,3,3,20,17,0.85,0.3617021276595745,20,max_count_reached
SUT-D,4,0.05,0.4,10,20,3,3,20,15,0.75,0.3191489361702128,20,max_count_reached
SUT-D,5,0.05,0.4,10,20,3,3,20,16,0.8,0.3404255319148936,20,max_count_reached
SUT-D,6,0.05,0.4,10,20,3,3,20,16,0.8,0.3404255319148936,19,max_count_reached
SUT-D,7,0.05,0.4,10,20,3,3,20,13,0.65,0.2765957446808511,19,max_count_reached
SUT-D,8,0.05,0.4,10,20,3,3,20,12,0.6,0.2553191489361702,18,max_count_reached
SUT-D,9,0.05,0.4,10,20,3,3,20,17,0.85,0.3617021276595745,20,max_count_reached
SUT-D,10,0.05,0.4,10,20,3,3,20,16,0.8,0.3404255319148936,19,max_count_reached
SUT-D,11,0.05,0.4,10,20,3,3,20,15,0.75,0.3191489361702128,20,max_count_reached
SUT-D,12,0.05,0.4,10,20,3,3,18,15,0.8333333333333334,0.3191489361702128,18,safe_neighbor_streak
SUT-D,13,0.05,0.4,10,20,3,3,20,17,0.85,0.3617021276595745,20,max_count_reached
SUT-D,14,0.05,0.4,10,20,3,3,20,16,0.8,0.3404255319148936,19,max_count_reached
SUT-D,15,0.05,0.4,10,20,3,3,20,15,0.75,0.3191489361702128,20,max_count_reached
SUT-D,16,0.05,0.4,10,20,3,3,20,15,0.75,0.3191489361702128,20,max_count_reached
SUT-D,17,0.05,0.4,10,20,3,3,20,18,0.9,0.3829787234042553,20,max_count_reached
SUT-D,18,0.05,0.4,10,20,3,3,20,14,0.7,0.2978723404255319,19,max_count_reached
SUT-D,19,0.05,0.4,10,20,3,3,20,17,0.85,0.3617021276595745,20,max_count_reached
SUT-D,0,0.05,0.4,10,20,3,4,20,17,0.85,0.3617021276595745,20,max_count_reached
SUT-D,1,0.05,0.4,10,20,3,4,20,15,0.75,0.3191489361702128,19,max_count_reached
SUT-D,2,0.05,0.4,10,20,3,4,20,17,0.85,0.3617021276595745,19,max_count_reached
SUT-D,3,0.05,0.4,10,20,3,4,20,17,0.85,0.3617021276595745,20,max_count_reached
SUT-D,4,0.05,0.4,10,20,3,4,20,15,0.75,0.3191489361702128,20,max_count_reached
SUT-D,5,0.05,0.4,10,20,3,4,20,16,0.8,0.3404255319148936,20,max_count_reached
SUT-D,6,0.05,0.4,10,20,3,4,20,16,0.8,0.3404255319148936,19,max_count_reached
SUT-D,7,0.05,0.4,10,20,3,4,20,13,0.65,0.2765957446808511,19,max_count_reached
SUT-D,8,0.05,0.4,10,20,3,4,20,12,0.6,0.2553191489361702,18,max_count_reached
SUT-D,9,0.05,0.4,10,20,3,4,20,17,0.85,0.3617021276595745,20,max_count_reached
SUT-D,10,0.05,0.4,10,20,3,4,20,16,0.8,0.3404255319148936,19,max_count_reached
SUT-D,11,0.05,0.4,10,20,3,4,20,15,0.75,0.3191489361702128,20,max_count_reached
SUT-D,12,0.05,0.4,10,20,3,4,20,17,0.85,0.3617021276595745,20,max_count_reached
SUT-D,13,0.05,0.4,10,20,3,4,20,17,0.85,0.3617021276595745,20,max_count_reached
SUT-D,14,0.05,0.4,10,20,3,4,20,16,0.8,0.3404255319148936,19,max_count_reached
SUT-D,15,0.05,0.4,10,20,3,4,20,15,0.75,0.3191489361702128,20,max_count_reached
SUT-D,16,0.05,0.4,10,20,3,4,20,15,0.75,0.3191489361702128,20,max_count_reached
SUT-D,17,0.05,0.4,10,20,3,4,20,18,0.9,0.3829787234042553,20,max_count_reached
SUT-D,18,0.05,0.4,10,20,3,4,20,14,0.7,0.2978723404255319,19,max_count_reached
SUT-D,19,0.05,0.4,10,20,3,4,20,17,0.85,0.3617021276595745,20,max_count_reached
SUT-D,0,0.05,0.4,10,20,3,5,20,17,0.85,0.3617021276595745,20,max_count_reached
SUT-D,1,0.05,0.4,10,20,3,5,20,15,0.75,0.3191489361702128,19,max_count_reached
SUT-D,2,0.05,0.4,10,20,3,5,20,17,0.85,0.3617021276595745,19,max_count_reached
SUT-D,3,0.05,0.4,10,20,3,5,20,17,0.85,0.3617021276595745,20,max_count_reached
SUT-D,4,0.05,0.4,10,20,3,5,20,15,0.75,0.3191489361702128,20,max_count_reached
SUT-D,5,0.05,0.4,10,20,3,5,20,16,0.8,0.3404255319148936,20,max_count_reached
SUT-D,6,0.05,0.4,10,20,3,5,20,16,0.8,0.3404255319148936,19,max_count_reached
SUT-D,7,0.05,0.4,10,20,3,5,20,13,0.65,0.2765957446808511,19,max_count_reached
SUT-D,8,0.05,0.4,10,20,3,5,20,12,0.6,0.2553191489361702,18,max_count_reached
SUT-D,9,0.05,0.4,10,20,3,5,20,17,0.85,0.3617021276595745,20,max_count_reached
SUT-D,10,0.05,0.4,10,20,3,5,20,16,0.8,0.3404255319148936,19,max_count_reached
SUT-D,11,0.05,0.4,10,20,3,5,20,15,0.75,0.3191489361702128,20,max_count_reached
SUT-D,12,0.05,0.4,10,20,3,5,20,17,0.85,0.3617021276595745,20,max_count_reached
SUT-D,13,0.05,0.4,10,20,3,5,20,17,0.85,0.3617021276595745,20,max_count_reached
SUT-D,14,0.05,0.4,10,20,3,5,20,16,0.8,0.3404255319148936,19,max_count_reached
SUT-D,15,0.05,0.4,10,20,3,5,20,15,0.75,0.3191489361702128,20,max_count_reached
SUT-D,16,0.05,0.4,10,20,3,5,20,15,0.75,0.3191489361702128,20,max_count_reached
SUT-D,17,0.05,0.4,10,20,3,5,20,18,0.9,0.3829787234042553,20,max_count_reached
SUT-D,18,0.05,0.4,10,20,3,5,20,14,0.7,0.2978723404255319,19,max_count_reached
SUT-D,19,0.05,0.4,10,20,3,5,20,17,0.85,0.3617021276595745,20,max_count_reached
SUT-D,0,0.05,0.4,10,20,4,3,20,17,0.85,0.3617021276595745,20,max_count_reached
SUT-D,1,0.05,0.4,10,20,4,3,20,15,0.75,0.3191489361702128,19,max_count_reached
SUT-D,2,0.05,0.4,10,20,4,3,20,17,0.85,0.3617021276595745,19,max_count_reached
SUT-D,3,0.05,0.4,10,20,4,3,20,17,0.85,0.3617021276595745,20,max_count_reached
SUT-D,4,0.05,0.4,10,20,4,3,20,15,0.75,0.3191489361702128,20,max_count_reached
SUT-D,5,0.05,0.4,10,20,4,3,20,16,0.8,0.3404255319148936,20,max_count_reached
SUT-D,6,0.05,0.4,10,20,4,3,20,16,0.8,0.3404255319148936,19,max_count_reached
SUT-D,7,0.05,0.4,10,20,4,3,20,13,0.65,0.2765957446808511,19,max_count_reached
SUT-D,8,0.05,0.4,10,20,4,3,20,12,0.6,0.2553191489361702,18,max_count_reached
SUT-D,9,0.05,0.4,10,20,4,3,20,17,0.85,0.3617021276595745,20,max_count_reached
SUT-D,10,0.05,0.4,10,20,4,3,20,16,0.8,0.3404255319148936,19,max_count_reached
SUT-D,11,0.05,0.4,10,20,4,3,20,15,0.75,0.3191489361702128,20,max_count_reached
SUT-D,12,0.05,0.4,10,20,4,3,18,15,0.8333333333333334,0.3191489361702128,18,safe_neighbor_streak
SUT-D,13,0.05,0.4,10,20,4,3,20,17,0.85,0.3617021276595745,20,max_count_reached
SUT-D,14,0.05,0.4,10,20,4,3,20,16,0.8,0.3404255319148936,19,max_count_reached
SUT-D,15,0.05,0.4,10,20,4,3,20,15,0.75,0.3191489361702128,20,max_count_reached
SUT-D,16,0.05,0.4,10,20,4,3,20,15,0.75,0.3191489361702128,20,max_count_reached
SUT-D,17,0.05,0.4,10,20,4,3,20,18,0.9,0.3829787234042553,20,max_count_reached
SUT-D,18,0.05,0.4,10,20,4,3,20,14,0.7,0.2978723404255319,19,max_count_reached
SUT-D,19,0.05,0.4,10,20,4,3,20,17,0.85,0.3617021276595745,20,max_count_reached
SUT-D,0,0.05,0.4,10,20,4,4,20,17,0.85,0.3617021276595745,20,max_count_reached
SUT-D,1,0.05,0.4,10,20,4,4,20,15,0.75,0.3191489361702128,19,max_count_reached
SUT-D,2,0.05,0.4,10,20,4,4,20,17,0.85,0.3617021276595745,19,max_count_reached
SUT-D,3,0.05,0.4,10,20,4,4,20,17,0.85,0.3617021276595745,20,max_count_reached
SUT-D,4,0.05,0.4,10,20,4,4,20,15,0.75,0.3191489361702128,20,max_count_reached
SUT-D,5,0.05,0.4,10,20,4,4,20,16,0.8,0.3404255319148936,20,max_count_reached
SUT-D,6,0.05,0.4,10,20,4,4,20,16,0.8,0.3404255319148936,19,max_count_reached
SUT-D,7,0.05,0.4,10,20,4,4,20,13,0.65,0.2765957446808511,19,max_count_reached
SUT-D,8,0.05,0.4,10,20,4,4,20,12,0.6,0.2553191489361702,18,max_count_reached
SUT-D,9,0.05,0.4,10,20,4,4,20,17,0.85,0.3617021276595745,20,max_count_reached
SUT-D,10,0.05,0.4,10,20,4,4,20,16,0.8,0.3404255319148936,19,max_count_reached
SUT-D,11,0.05,0.4,10,20,4,4,20,15,0.75,0.3191489361702128,20,max_count_reached
SUT-D,12,0.05,0.4,10,20,4,4,20,17,0.85,0.3617021276595745,20,max_count_reached
SUT-D,13,0.05,0.4,10,20,4,4,20,17,0.85,0.3617021276595745,20,max_count_reached
SUT-D,14,0.05,0.4,10,20,4,4,20,16,0.8,0.3404255319148936,19,max_count_reached
SUT-D,15,0.05,0.4,10,20,4,4,20,15,0.75,0.3191489361702128,20,max_count_reached
SUT-D,16,0.05,0.4,10,20,4,4,20,15,0.75,0.3191489361702128,20,max_count_reached
SUT-D,17,0.05,0.4,10,20,4,4,20,18,0.9,0.3829787234042553,20,max_count_reached
SUT-D,18,0.05,0.4,10,20,4,4,20,14,0.7,0.2978723404255319,19,max_count_reached
SUT-D,19,0.05,0.4,10,20,4,4,20,17,0.85,0.3617021276595745,20,max_count_reached
SUT-D,0,0.05,0.4,10,20,4,5,20,17,0.85,0.3617021276595745,20,max_count_reached
SUT-D,1,0.05,0.4,10,20,4,5,20,15,0.75,0.3191489361702128,19,max_count_reached
SUT-D,2,0.05,0.4,10,20,4,5,20,17,0.85,0.3617021276595745,19,max_count_reached
SUT-D,3,0.05,0.4,10,20,4,5,20,17,0.85,0.3617021276595745,20,max_count_reached
SUT-D,4,0.05,0.4,10,20,4,5,20,15,0.75,0.3191489361702128,20,max_count_reached
SUT-D,5,0.05,0.4,10,20,4,5,20,16,0.8,0.3404255319148936,20,max_count_reached
SUT-D,6,0.05,0.4,10,20,4,5,20,16,0.8,0.3404255319148936,19,max_count_reached
SUT-D,7,0.05,0.4,10,20,4,5,20,13,0.65,0.2765957446808511,19,max_count_reached
SUT-D,8,0.05,0.4,10,20,4,5,20,12,0.6,0.2553191489361702,18,max_count_reached
SUT-D,9,0.05,0.4,10,20,4,5,20,17,0.85,0.3617021276595745,20,max_count_reached
SUT-D,10,0.05,0.4,10,20,4,5,20,16,0.8,0.3404255319148936,19,max_count_reached
SUT-D,11,0.05,0.4,10,20,4,5,20,15,0.75,0.3191489361702128,20,max_count_reached
SUT-D,12,0.05,0.4,10,20,4,5,20,17,0.85,0.3617021276595745,20,max_count_reached
SUT-D,13,0.05,0.4,10,20,4,5,20,17,0.85,0.3617021276595745,20,max_count_reached
SUT-D,14,0.05,0.4,10,20,4,5,20,16,0.8,0.3404255319148936,19,max_count_reached
SUT-D,15,0.05,0.4,10,20,4,5,20,15,0.75,0.3191489361702128,20,max_count_reached
SUT-D,16,0.05,0.4,10,20,4,5,20,15,0.75,0.3191489361702128,20,max_count_reached
SUT-D,17,0.05,0.4,10,20,4,5,20,18,0.9,0.3829787234042553,20,max_count_reached
SUT-D,18,0.05,0.4,10,20,4,5,20,14,0.7,0.2978723404255319,19,max_count_reached
SUT-D,19,0.05,0.4,10,20,4,5,20,17,0.85,0.3617021276595745,20,max_count_reached
SUT-D,0,0.05,0.5,10,20,2,3,20,17,0.85,0.3617021276595745,20,max_count_reached
SUT-D,1,0.05,0.5,10,20,2,3,20,15,0.75,0.3191489361702128,19,max_count_reached
SUT-D,2,0.05,0.5,10,20,2,3,13,11,0.8461538461538461,0.23404255319148937,13,safe_neighbor_streak
SUT-D,3,0.05,0.5,10,20,2,3,20,17,0.85,0.3617021276595745,20,max_count_reached
SUT-D,4,0.05,0.5,10,20,2,3,15,10,0.6666666666666666,0.2127659574468085,15,safe_neighbor_streak
SUT-D,5,0.05,0.5,10,20,2,3,20,16,0.8,0.3404255319148936,20,max_count_reached
SUT-D,6,0.05,0.5,10,20,2,3,20,16,0.8,0.3404255319148936,19,max_count_reached
SUT-D,7,0.05,0.5,10,20,2,3,20,13,0.65,0.2765957446808511,19,max_count_reached
SUT-D,8,0.05,0.5,10,20,2,3,12,7,0.5833333333333334,0.14893617021276595,11,safe_neighbor_streak
SUT-D,9,0.05,0.5,10,20,2,3,20,17,0.85,0.3617021276595745,20,max_count_reached
SUT-D,10,0.05,0.5,10,20,2,3,15,14,0.9333333333333333,0.2978723404255319,15,safe_neighbor_streak
SUT-D,11,0.05,0.5,10,20,2,3,19,14,0.7368421052631579,0.2978723404255319,19,safe_neighbor_streak
SUT-D,12,0.05,0.5,10,20,2,3,18,15,0.8333333333333334,0.3191489361702128,18,safe_neighbor_streak
SUT-D,13,0.05,0.5,10,20,2,3,20,17,0.85,0.3617021276595745,20,safe_neighbor_streak
SUT-D,14,0.05,0.5,10,20,2,3,20,16,0.8,0.3404255319148936,19,max_count_reached
SUT-D,15,0.05,0.5,10,20,2,3,20,15,0.75,0.3191489361702128,20,max_count_reached
SUT-D,16,0.05,0.5,10,20,2,3,20,15,0.75,0.3191489361702128,20,max_count_reached
SUT-D,17,0.05,0.5,10,20,2,3,20,18,0.9,0.3829787234042553,20,max_count_reached
SUT-D,18,0.05,0.5,10,20,2,3,18,12,0.6666666666666666,0.2553191489361702,17,safe_neighbor_streak
SUT-D,19,0.05,0.5,10,20,2,3,20,17,0.85,0.3617021276595745,20,max_count_reached
SUT-D,0,0.05,0.5,10,20,2,4,20,17,0.85,0.3617021276595745,20,max_count_reached
SUT-D,1,0.05,0.5,10,20,2,4,20,15,0.75,0.3191489361702128,19,max_count_reached
SUT-D,2,0.05,0.5,10,20,2,4,20,17,0.85,0.3617021276595745,19,max_count_reached
SUT-D,3,0.05,0.5,10,20,2,4,20,17,0.85,0.3617021276595745,20,max_count_reached
SUT-D,4,0.05,0.5,10,20,2,4,20,15,0.75,0.3191489361702128,20,max_count_reached
SUT-D,5,0.05,0.5,10,20,2,4,20,16,0.8,0.3404255319148936,20,max_count_reached
SUT-D,6,0.05,0.5,10,20,2,4,20,16,0.8,0.3404255319148936,19,max_count_reached
SUT-D,7,0.05,0.5,10,20,2,4,20,13,0.65,0.2765957446808511,19,max_count_reached
SUT-D,8,0.05,0.5,10,20,2,4,20,12,0.6,0.2553191489361702,18,max_count_reached
SUT-D,9,0.05,0.5,10,20,2,4,20,17,0.85,0.3617021276595745,20,max_count_reached
SUT-D,10,0.05,0.5,10,20,2,4,16,14,0.875,0.2978723404255319,16,safe_neighbor_streak
SUT-D,11,0.05,0.5,10,20,2,4,20,15,0.75,0.3191489361702128,20,max_count_reached
SUT-D,12,0.05,0.5,10,20,2,4,20,17,0.85,0.3617021276595745,20,max_count_reached
SUT-D,13,0.05,0.5,10,20,2,4,20,17,0.85,0.3617021276595745,20,max_count_reached
SUT-D,14,0.05,0.5,10,20,2,4,20,16,0.8,0.3404255319148936,19,max_count_reached
SUT-D,15,0.05,0.5,10,20,2,4,20,15,0.75,0.3191489361702128,20,max_count_reached
SUT-D,16,0.05,0.5,10,20,2,4,20,15,0.75,0.3191489361702128,20,max_count_reached
SUT-D,17,0.05,0.5,10,20,2,4,20,18,0.9,0.3829787234042553,20,max_count_reached
SUT-D,18,0.05,0.5,10,20,2,4,19,13,0.6842105263157895,0.2765957446808511,18,safe_neighbor_streak
SUT-D,19,0.05,0.5,10,20,2,4,20,17,0.85,0.3617021276595745,20,max_count_reached
SUT-D,0,0.05,0.5,10,20,2,5,20,17,0.85,0.3617021276595745,20,max_count_reached
SUT-D,1,0.05,0.5,10,20,2,5,20,15,0.75,0.3191489361702128,19,max_count_reached
SUT-D,2,0.05,0.5,10,20,2,5,20,17,0.85,0.3617021276595745,19,max_count_reached
SUT-D,3,0.05,0.5,10,20,2,5,20,17,0.85,0.3617021276595745,20,max_count_reached
SUT-D,4,0.05,0.5,10,20,2,5,20,15,0.75,0.3191489361702128,20,max_count_reached
SUT-D,5,0.05,0.5,10,20,2,5,20,16,0.8,0.3404255319148936,20,max_count_reached
SUT-D,6,0.05,0.5,10,20,2,5,20,16,0.8,0.3404255319148936,19,max_count_reached
SUT-D,7,0.05,0.5,10,20,2,5,20,13,0.65,0.2765957446808511,19,max_count_reached
SUT-D,8,0.05,0.5,10,20,2,5,20,12,0.6,0.2553191489361702,18,max_count_reached
SUT-D,9,0.05,0.5,10,20,2,5,20,17,0.85,0.3617021276595745,20,max_count_reached
SUT-D,10,0.05,0.5,10,20,2,5,20,16,0.8,0.3404255319148936,19,max_count_reached
SUT-D,11,0.05,0.5,10,20,2,5,20,15,0.75,0.3191489361702128,20,max_count_reached
SUT-D,12,0.05,0.5,10,20,2,5,20,17,0.85,0.3617021276595745,20,max_count_reached
SUT-D,13,0.05,0.5,10,20,2,5,20,17,0.85,0.3617021276595745,20,max_count_reached
SUT-D,14,0.05,0.5,10,20,2,5,20,16,0.8,0.3404255319148936,19,max_count_reached
SUT-D,15,0.05,0.5,10,20,2,5,20,15,0.75,0.3191489361702128,20,max_count_reached
SUT-D,16,0.05,0.5,10,20,2,5,20,15,0.75,0.3191489361702128,20,max_count_reached
SUT-D,17,0.05,0.5,10,20,2,5,20,18,0.9,0.3829787234042553,20,max_count_reached
SUT-D,18,0.05,0.5,10,20,2,5,20,14,0.7,0.2978723404255319,19,max_count_reached
SUT-D,19,0.05,0.5,10,20,2,5,20,17,0.85,0.3617021276595745,20,max_count_reached
SUT-D,0,0.05,0.5,10,20,3,3,20,17,0.85,0.3617021276595745,20,max_count_reached
SUT-D,1,0.05,0.5,10,20,3,3,20,15,0.75,0.3191489361702128,19,max_count_reached
SUT-D,2,0.05,0.5,10,20,3,3,20,17,0.85,0.3617021276595745,19,max_count_reached
SUT-D,3,0.05,0.5,10,20,3,3,20,17,0.85,0.3617021276595745,20,max_count_reached
SUT-D,4,0.05,0.5,10,20,3,3,20,15,0.75,0.3191489361702128,20,max_count_reached
SUT-D,5,0.05,0.5,10,20,3,3,20,16,0.8,0.3404255319148936,20,max_count_reached
SUT-D,6,0.05,0.5,10,20,3,3,20,16,0.8,0.3404255319148936,19,max_count_reached
SUT-D,7,0.05,0.5,10,20,3,3,20,13,0.65,0.2765957446808511,19,max_count_reached
SUT-D,8,0.05,0.5,10,20,3,3,20,12,0.6,0.2553191489361702,18,max_count_reached
SUT-D,9,0.05,0.5,10,20,3,3,20,17,0.85,0.3617021276595745,20,max_count_reached
SUT-D,10,0.05,0.5,10,20,3,3,20,16,0.8,0.3404255319148936,19,max_count_reached
SUT-D,11,0.05,0.5,10,20,3,3,20,15,0.75,0.3191489361702128,20,max_count_reached
SUT-D,12,0.05,0.5,10,20,3,3,18,15,0.8333333333333334,0.3191489361702128,18,safe_neighbor_streak
SUT-D,13,0.05,0.5,10,20,3,3,20,17,0.85,0.3617021276595745,20,max_count_reached
SUT-D,14,0.05,0.5,10,20,3,3,20,16,0.8,0.3404255319148936,19,max_count_reached
SUT-D,15,0.05,0.5,10,20,3,3,20,15,0.75,0.3191489361702128,20,max_count_reached
SUT-D,16,0.05,0.5,10,20,3,3,20,15,0.75,0.3191489361702128,20,max_count_reached
SUT-D,17,0.05,0.5,10,20,3,3,20,18,0.9,0.3829787234042553,20,max_count_reached
SUT-D,18,0.05,0.5,10,20,3,3,20,14,0.7,0.2978723404255319,19,max_count_reached
SUT-D,19,0.05,0.5,10,20,3,3,20,17,0.85,0.3617021276595745,20,max_count_reached
SUT-D,0,0.05,0.5,10,20,3,4,20,17,0.85,0.3617021276595745,20,max_count_reached
SUT-D,1,0.05,0.5,10,20,3,4,20,15,0.75,0.3191489361702128,19,max_count_reached
SUT-D,2,0.05,0.5,10,20,3,4,20,17,0.85,0.3617021276595745,19,max_count_reached
SUT-D,3,0.05,0.5,10,20,3,4,20,17,0.85,0.3617021276595745,20,max_count_reached
SUT-D,4,0.05,0.5,10,20,3,4,20,15,0.75,0.3191489361702128,20,max_count_reached
SUT-D,5,0.05,0.5,10,20,3,4,20,16,0.8,0.3404255319148936,20,max_count_reached
SUT-D,6,0.05,0.5,10,20,3,4,20,16,0.8,0.3404255319148936,19,max_count_reached
SUT-D,7,0.05,0.5,10,20,3,4,20,13,0.65,0.2765957446808511,19,max_count_reached
SUT-D,8,0.05,0.5,10,20,3,4,20,12,0.6,0.2553191489361702,18,max_count_reached
SUT-D,9,0.05,0.5,10,20,3,4,20,17,0.85,0.3617021276595745,20,max_count_reached
SUT-D,10,0.05,0.5,10,20,3,4,20,16,0.8,0.3404255319148936,19,max_count_reached
SUT-D,11,0.05,0.5,10,20,3,4,20,15,0.75,0.3191489361702128,20,max_count_reached
SUT-D,12,0.05,0.5,10,20,3,4,20,17,0.85,0.3617021276595745,20,max_count_reached
SUT-D,13,0.05,0.5,10,20,3,4,20,17,0.85,0.3617021276595745,20,max_count_reached
SUT-D,14,0.05,0.5,10,20,3,4,20,16,0.8,0.3404255319148936,19,max_count_reached
SUT-D,15,0.05,0.5,10,20,3,4,20,15,0.75,0.3191489361702128,20,max_count_reached
SUT-D,16,0.05,0.5,10,20,3,4,20,15,0.75,0.3191489361702128,20,max_count_reached
SUT-D,17,0.05,0.5,10,20,3,4,20,18,0.9,0.3829787234042553,20,max_count_reached
SUT-D,18,0.05,0.5,10,20,3,4,20,14,0.7,0.2978723404255319,19,max_count_reached
SUT-D,19,0.05,0.5,10,20,3,4,20,17,0.85,0.3617021276595745,20,max_count_reached
SUT-D,0,0.05,0.5,10,20,3,5,20,17,0.85,0.3617021276595745,20,max_count_reached
SUT-D,1,0.05,0.5,10,20,3,5,20,15,0.75,0.3191489361702128,19,max_count_reached
SUT-D,2,0.05,0.5,10,20,3,5,20,17,0.85,0.3617021276595745,19,max_count_reached
SUT-D,3,0.05,0.5,10,20,3,5,20,17,0.85,0.3617021276595745,20,max_count_reached
SUT-D,4,0.05,0.5,10,20,3,5,20,15,0.75,0.3191489361702128,20,max_count_reached
SUT-D,5,0.05,0.5,10,20,3,5,20,16,0.8,0.3404255319148936,20,max_count_reached
SUT-D,6,0.05,0.5,10,20,3,5,20,16,0.8,0.3404255319148936,19,max_count_reached
SUT-D,7,0.05,0.5,10,20,3,5,20,13,0.65,0.2765957446808511,19,max_count_reached
SUT-D,8,0.05,0.5,10,20,3,5,20,12,0.6,0.2553191489361702,18,max_count_reached
SUT-D,9,0.05,0.5,10,20,3,5,20,17,0.85,0.3617021276595745,20,max_count_reached
SUT-D,10,0.05,0.5,10,20,3,5,20,16,0.8,0.3404255319148936,19,max_count_reached
SUT-D,11,0.05,0.5,10,20,3,5,20,15,0.75,0.3191489361702128,20,max_count_reached
SUT-D,12,0.05,0.5,10,20,3,5,20,17,0.85,0.3617021276595745,20,max_count_reached
SUT-D,13,0.05,0.5,10,20,3,5,20,17,0.85,0.3617021276595745,20,max_count_reached
SUT-D,14,0.05,0.5,10,20,3,5,20,16,0.8,0.3404255319148936,19,max_count_reached
SUT-D,15,0.05,0.5,10,20,3,5,20,15,0.75,0.3191489361702128,20,max_count_reached
SUT-D,16,0.05,0.5,10,20,3,5,20,15,0.75,0.3191489361702128,20,max_count_reached
SUT-D,17,0.05,0.5,10,20,3,5,20,18,0.9,0.3829787234042553,20,max_count_reached
SUT-D,18,0.05,0.5,10,20,3,5,20,14,0.7,0.2978723404255319,19,max_count_reached
SUT-D,19,0.05,0.5,10,20,3,5,20,17,0.85,0.3617021276595745,20,max_count_reached
SUT-D,0,0.05,0.5,10,20,4,3,20,17,0.85,0.3617021276595745,20,max_count_reached
SUT-D,1,0.05,0.5,10,20,4,3,20,15,0.75,0.3191489361702128,19,max_count_reached
SUT-D,2,0.05,0.5,10,20,4,3,20,17,0.85,0.3617021276595745,19,max_count_reached
SUT-D,3,0.05,0.5,10,20,4,3,20,17,0.85,0.3617021276595745,20,max_count_reached
SUT-D,4,0.05,0.5,10,20,4,3,20,15,0.75,0.3191489361702128,20,max_count_reached
SUT-D,5,0.05,0.5,10,20,4,3,20,16,0.8,0.3404255319148936,20,max_count_reached
SUT-D,6,0.05,0.5,10,20,4,3,20,16,0.8,0.3404255319148936,19,max_count_reached
SUT-D,7,0.05,0.5,10,20,4,3,20,13,0.65,0.2765957446808511,19,max_count_reached
SUT-D,8,0.05,0.5,10,20,4,3,20,12,0.6,0.2553191489361702,18,max_count_reached
SUT-D,9,0.05,0.5,10,20,4,3,20,17,0.85,0.3617021276595745,20,max_count_reached
SUT-D,10,0.05,0.5,10,20,4,3,20,16,0.8,0.3404255319148936,19,max_count_reached
SUT-D,11,0.05,0.5,10,20,4,3,20,15,0.75,0.3191489361702128,20,max_count_reached
SUT-D,12,0.05,0.5,10,20,4,3,18,15,0.8333333333333334,0.3191489361702128,18,safe_neighbor_streak
SUT-D,13,0.05,0.5,10,20,4,3,20,17,0.85,0.3617021276595745,20,max_count_reached
SUT-D,14,0.05,0.5,10,20,4,3,20,16,0.8,0.3404255319148936,19,max_count_reached
SUT-D,15,0.05,0.5,10,20,4,3,20,15,0.75,0.3191489361702128,20,max_count_reached
SUT-D,16,0.05,0.5,10,20,4,3,20,15,0.75,0.3191489361702128,20,max_count_reached
SUT-D,17,0.05,0.5,10,20,4,3,20,18,0.9,0.3829787234042553,20,max_count_reached
SUT-D,18,0.05,0.5,10,20,4,3,20,14,0.7,0.2978723404255319,19,max_count_reached
SUT-D,19,0.05,0.5,10,20,4,3,20,17,0.85,0.3617021276595745,20,max_count_reached
SUT-D,0,0.05,0.5,10,20,4,4,20,17,0.85,0.3617021276595745,20,max_count_reached
SUT-D,1,0.05,0.5,10,20,4,4,20,15,0.75,0.3191489361702128,19,max_count_reached
SUT-D,2,0.05,0.5,10,20,4,4,20,17,0.85,0.3617021276595745,19,max_count_reached
SUT-D,3,0.05,0.5,10,20,4,4,20,17,0.85,0.3617021276595745,20,max_count_reached
SUT-D,4,0.05,0.5,10,20,4,4,20,15,0.75,0.3191489361702128,20,max_count_reached
SUT-D,5,0.05,0.5,10,20,4,4,20,16,0.8,0.3404255319148936,20,max_count_reached
SUT-D,6,0.05,0.5,10,20,4,4,20,16,0.8,0.3404255319148936,19,max_count_reached
SUT-D,7,0.05,0.5,10,20,4,4,20,13,0.65,0.2765957446808511,19,max_count_reached
SUT-D,8,0.05,0.5,10,20,4,4,20,12,0.6,0.2553191489361702,18,max_count_reached
SUT-D,9,0.05,0.5,10,20,4,4,20,17,0.85,0.3617021276595745,20,max_count_reached
SUT-D,10,0.05,0.5,10,20,4,4,20,16,0.8,0.3404255319148936,19,max_count_reached
SUT-D,11,0.05,0.5,10,20,4,4,20,15,0.75,0.3191489361702128,20,max_count_reached
SUT-D,12,0.05,0.5,10,20,4,4,20,17,0.85,0.3617021276595745,20,max_count_reached
SUT-D,13,0.05,0.5,10,20,4,4,20,17,0.85,0.3617021276595745,20,max_count_reached
SUT-D,14,0.05,0.5,10,20,4,4,20,16,0.8,0.3404255319148936,19,max_count_reached
SUT-D,15,0.05,0.5,10,20,4,4,20,15,0.75,0.3191489361702128,20,max_count_reached
SUT-D,16,0.05,0.5,10,20,4,4,20,15,0.75,0.3191489361702128,20,max_count_reached
SUT-D,17,0.05,0.5,10,20,4,4,20,18,0.9,0.3829787234042553,20,max_count_reached
SUT-D,18,0.05,0.5,10,20,4,4,20,14,0.7,0.2978723404255319,19,max_count_reached
SUT-D,19,0.05,0.5,10,20,4,4,20,17,0.85,0.3617021276595745,20,max_count_reached
SUT-D,0,0.05,0.5,10,20,4,5,20,17,0.85,0.3617021276595745,20,max_count_reached
SUT-D,1,0.05,0.5,10,20,4,5,20,15,0.75,0.3191489361702128,19,max_count_reached
SUT-D,2,0.05,0.5,10,20,4,5,20,17,0.85,0.3617021276595745,19,max_count_reached
SUT-D,3,0.05,0.5,10,20,4,5,20,17,0.85,0.3617021276595745,20,max_count_reached
SUT-D,4,0.05,0.5,10,20,4,5,20,15,0.75,0.3191489361702128,20,max_count_reached
SUT-D,5,0.05,0.5,10,20,4,5,20,16,0.8,0.3404255319148936,20,max_count_reached
SUT-D,6,0.05,0.5,10,20,4,5,20,16,0.8,0.3404255319148936,19,max_count_reached
SUT-D,7,0.05,0.5,10,20,4,5,20,13,0.65,0.2765957446808511,19,max_count_reached
SUT-D,8,0.05,0.5,10,20,4,5,20,12,0.6,0.2553191489361702,18,max_count_reached
SUT-D,9,0.05,0.5,10,20,4,5,20,17,0.85,0.3617021276595745,20,max_count_reached
SUT-D,10,0.05,0.5,10,20,4,5,20,16,0.8,0.3404255319148936,19,max_count_reached
SUT-D,11,0.05,0.5,10,20,4,5,20,15,0.75,0.3191489361702128,20,max_count_reached
SUT-D,12,0.05,0.5,10,20,4,5,20,17,0.85,0.3617021276595745,20,max_count_reached
SUT-D,13,0.05,0.5,10,20,4,5,20,17,0.85,0.3617021276595745,20,max_count_reached
SUT-D,14,0.05,0.5,10,20,4,5,20,16,0.8,0.3404255319148936,19,max_count_reached
SUT-D,15,0.05,0.5,10,20,4,5,20,15,0.75,0.3191489361702128,20,max_count_reached
SUT-D,16,0.05,0.5,10,20,4,5,20,15,0.75,0.3191489361702128,20,max_count_reached
SUT-D,17,0.05,0.5,10,20,4,5,20,18,0.9,0.3829787234042553,20,max_count_reached
SUT-D,18,0.05,0.5,10,20,4,5,20,14,0.7,0.2978723404255319,19,max_count_reached
SUT-D,19,0.05,0.5,10,20,4,5,20,17,0.85,0.3617021276595745,20,max_count_reached
SUT-D,0,0.1,0.4,20,20,2,3,20,17,0.85,0.3617021276595745,20,max_count_reached
SUT-D,1,0.1,0.4,20,20,2,3,20,15,0.75,0.3191489361702128,19,max_count_reached
SUT-D,2,0.1,0.4,20,20,2,3,20,17,0.85,0.3617021276595745,19,max_count_reached
SUT-D,3,0.1,0.4,20,20,2,3,20,17,0.85,0.3617021276595745,20,max_count_reached
SUT-D,4,0.1,0.4,20,20,2,3,20,15,0.75,0.3191489361702128,20,max_count_reached
SUT-D,5,0.1,0.4,20,20,2,3,20,16,0.8,0.3404255319148936,20,max_count_reached
SUT-D,6,0.1,0.4,20,20,2,3,20,16,0.8,0.3404255319148936,19,max_count_reached
SUT-D,7,0.1,0.4,20,20,2,3,20,13,0.65,0.2765957446808511,19,max_count_reached
SUT-D,8,0.1,0.4,20,20,2,3,20,12,0.6,0.2553191489361702,18,max_count_reached
SUT-D,9,0.1,0.4,20,20,2,3,20,17,0.85,0.3617021276595745,20,max_count_reached
SUT-D,10,0.1,0.4,20,20,2,3,20,16,0.8,0.3404255319148936,19,max_count_reached
SUT-D,11,0.1,0.4,20,20,2,3,20,15,0.75,0.3191489361702128,20,max_count_reached
SUT-D,12,0.1,0.4,20,20,2,3,20,17,0.85,0.3617021276595745,20,max_count_reached
SUT-D,13,0.1,0.4,20,20,2,3,20,17,0.85,0.3617021276595745,20,safe_neighbor_streak
SUT-D,14,0.1,0.4,20,20,2,3,20,16,0.8,0.3404255319148936,19,max_count_reached
SUT-D,15,0.1,0.4,20,20,2,3,20,15,0.75,0.3191489361702128,20,max_count_reached
SUT-D,16,0.1,0.4,20,20,2,3,20,15,0.75,0.3191489361702128,20,max_count_reached
SUT-D,17,0.1,0.4,20,20,2,3,20,18,0.9,0.3829787234042553,20,max_count_reached
SUT-D,18,0.1,0.4,20,20,2,3,20,14,0.7,0.2978723404255319,19,max_count_reached
SUT-D,19,0.1,0.4,20,20,2,3,20,17,0.85,0.3617021276595745,20,max_count_reached
SUT-D,0,0.1,0.4,20,20,2,4,20,17,0.85,0.3617021276595745,20,max_count_reached
SUT-D,1,0.1,0.4,20,20,2,4,20,15,0.75,0.3191489361702128,19,max_count_reached
SUT-D,2,0.1,0.4,20,20,2,4,20,17,0.85,0.3617021276595745,19,max_count_reached
SUT-D,3,0.1,0.4,20,20,2,4,20,17,0.85,0.3617021276595745,20,max_count_reached
SUT-D,4,0.1,0.4,20,20,2,4,20,15,0.75,0.3191489361702128,20,max_count_reached
SUT-D,5,0.1,0.4,20,20,2,4,20,16,0.8,0.3404255319148936,20,max_count_reached
SUT-D,6,0.1,0.4,20,20,2,4,20,16,0.8,0.3404255319148936,19,max_count_reached
SUT-D,7,0.1,0.4,20,20,2,4,20,13,0.65,0.2765957446808511,19,max_count_reached
SUT-D,8,0.1,0.4,20,20,2,4,20,12,0.6,0.2553191489361702,18,max_count_reached
SUT-D,9,0.1,0.4,20,20,2,4,20,17,0.85,0.3617021276595745,20,max_count_reached
SUT-D,10,0.1,0.4,20,20,2,4,20,16,0.8,0.3404255319148936,19,max_count_reached
SUT-D,11,0.1,0.4,20,20,2,4,20,15,0.75,0.3191489361702128,20,max_count_reached
SUT-D,12,0.1,0.4,20,20,2,4,20,17,0.85,0.3617021276595745,20,max_count_reached
SUT-D,13,0.1,0.4,20,20,2,4,20,17,0.85,0.3617021276595745,20,max_count_reached
SUT-D,14,0.1,0.4,20,20,2,4,20,16,0.8,0.3404255319148936,19,max_count_reached
SUT-D,15,0.1,0.4,20,20,2,4,20,15,0.75,0.3191489361702128,20,max_count_reached
SUT-D,16,0.1,0.4,20,20,2,4,20,15,0.75,0.3191489361702128,20,max_count_reached
SUT-D,17,0.1,0.4,20,20,2,4,20,18,0.9,0.3829787234042553,20,max_count_reached
SUT-D,18,0.1,0.4,20,20,2,4,20,14,0.7,0.2978723404255319,19,max_count_reached
SUT-D,19,0.1,0.4,20,20,2,4,20,17,0.85,0.3617021276595745,20,max_count_reached
SUT-D,0,0.1,0.4,20,20,2,5,20,17,0.85,0.3617021276595745,20,max_count_reached
SUT-D,1,0.1,0.4,20,20,2,5,20,15,0.75,0.3191489361702128,19,max_count_reached
SUT-D,2,0.1,0.4,20,20,2,5,20,17,0.85,0.3617021276595745,19,max_count_reached
SUT-D,3,0.1,0.4,20,20,2,5,20,17,0.85,0.3617021276595745,20,max_count_reached
SUT-D,4,0.1,0.4,20,20,2,5,20,15,0.75,0.3191489361702128,20,max_count_reached
SUT-D,5,0.1,0.4,20,20,2,5,20,16,0.8,0.3404255319148936,20,max_count_reached
SUT-D,6,0.1,0.4,20,20,2,5,20,16,0.8,0.3404255319148936,19,max_count_reached
SUT-D,7,0.1,0.4,20,20,2,5,20,13,0.65,0.2765957446808511,19,max_count_reached
SUT-D,8,0.1,0.4,20,20,2,5,20,12,0.6,0.2553191489361702,18,max_count_reached
SUT-D,9,0.1,0.4,20,20,2,5,20,17,0.85,0.3617021276595745,20,max_count_reached
SUT-D,10,0.1,0.4,20,20,2,5,20,16,0.8,0.3404255319148936,19,max_count_reached
SUT-D,11,0.1,0.4,20,20,2,5,20,15,0.75,0.3191489361702128,20,max_count_reached
SUT-D,12,0.1,0.4,20,20,2,5,20,17,0.85,0.3617021276595745,20,max_count_reached
SUT-D,13,0.1,0.4,20,20,2,5,20,17,0.85,0.3617021276595745,20,max_count_reached
SUT-D,14,0.1,0.4,20,20,2,5,20,16,0.8,0.3404255319148936,19,max_count_reached
SUT-D,15,0.1,0.4,20,20,2,5,20,15,0.75,0.3191489361702128,20,max_count_reached
SUT-D,16,0.1,0.4,20,20,2,5,20,15,0.75,0.3191489361702128,20,max_count_reached
SUT-D,17,0.1,0.4,20,20,2,5,20,18,0.9,0.3829787234042553,20,max_count_reached
SUT-D,18,0.1,0.4,20,20,2,5,20,14,0.7,0.2978723404255319,19,max_count_reached
SUT-D,19,0.1,0.4,20,20,2,5,20,17,0.85,0.3617021276595745,20,max_count_reached
SUT-D,0,0.1,0.4,20,20,3,3,20,17,0.85,0.3617021276595745,20,max_count_reached
SUT-D,1,0.1,0.4,20,20,3,3,20,15,0.75,0.3191489361702128,19,max_count_reached
SUT-D,2,0.1,0.4,20,20,3,3,20,17,0.85,0.3617021276595745,19,max_count_reached
SUT-D,3,0.1,0.4,20,20,3,3,20,17,0.85,0.3617021276595745,20,max_count_reached
SUT-D,4,0.1,0.4,20,20,3,3,20,15,0.75,0.3191489361702128,20,max_count_reached
SUT-D,5,0.1,0.4,20,20,3,3,20,16,0.8,0.3404255319148936,20,max_count_reached
SUT-D,6,0.1,0.4,20,20,3,3,20,16,0.8,0.3404255319148936,19,max_count_reached
SUT-D,7,0.1,0.4,20,20,3,3,20,13,0.65,0.2765957446808511,19,max_count_reached
SUT-D,8,0.1,0.4,20,20,3,3,20,12,0.6,0.2553191489361702,18,max_count_reached
SUT-D,9,0.1,0.4,20,20,3,3,20,17,0.85,0.3617021276595745,20,max_count_reached
SUT-D,10,0.1,0.4,20,20,3,3,20,16,0.8,0.3404255319148936,19,max_count_reached
SUT-D,11,0.1,0.4,20,20,3,3,20,15,0.75,0.3191489361702128,20,max_count_reached
SUT-D,12,0.1,0.4,20,20,3,3,20,17,0.85,0.3617021276595745,20,max_count_reached
SUT-D,13,0.1,0.4,20,20,3,3,20,17,0.85,0.3617021276595745,20,max_count_reached
SUT-D,14,0.1,0.4,20,20,3,3,20,16,0.8,0.3404255319148936,19,max_count_reached
SUT-D,15,0.1,0.4,20,20,3,3,20,15,0.75,0.3191489361702128,20,max_count_reached
SUT-D,16,0.1,0.4,20,20,3,3,20,15,0.75,0.3191489361702128,20,max_count_reached
SUT-D,17,0.1,0.4,20,20,3,3,20,18,0.9,0.3829787234042553,20,max_count_reached
SUT-D,18,0.1,0.4,20,20,3,3,20,14,0.7,0.2978723404255319,19,max_count_reached
SUT-D,19,0.1,0.4,20,20,3,3,20,17,0.85,0.3617021276595745,20,max_count_reached
SUT-D,0,0.1,0.4,20,20,3,4,20,17,0.85,0.3617021276595745,20,max_count_reached
SUT-D,1,0.1,0.4,20,20,3,4,20,15,0.75,0.3191489361702128,19,max_count_reached
SUT-D,2,0.1,0.4,20,20,3,4,20,17,0.85,0.3617021276595745,19,max_count_reached
SUT-D,3,0.1,0.4,20,20,3,4,20,17,0.85,0.3617021276595745,20,max_count_reached
SUT-D,4,0.1,0.4,20,20,3,4,20,15,0.75,0.3191489361702128,20,max_count_reached
SUT-D,5,0.1,0.4,20,20,3,4,20,16,0.8,0.3404255319148936,20,max_count_reached
SUT-D,6,0.1,0.4,20,20,3,4,20,16,0.8,0.3404255319148936,19,max_count_reached
SUT-D,7,0.1,0.4,20,20,3,4,20,13,0.65,0.2765957446808511,19,max_count_reached
SUT-D,8,0.1,0.4,20,20,3,4,20,12,0.6,0.2553191489361702,18,max_count_reached
SUT-D,9,0.1,0.4,20,20,3,4,20,17,0.85,0.3617021276595745,20,max_count_reached
SUT-D,10,0.1,0.4,20,20,3,4,20,16,0.8,0.3404255319148936,19,max_count_reached
SUT-D,11,0.1,0.4,20,20,3,4,20,15,0.75,0.3191489361702128,20,max_count_reached
SUT-D,12,0.1,0.4,20,20,3,4,20,17,0.85,0.3617021276595745,20,max_count_reached
SUT-D,13,0.1,0.4,20,20,3,4,20,17,0.85,0.3617021276595745,20,max_count_reached
SUT-D,14,0.1,0.4,20,20,3,4,20,16,0.8,0.3404255319148936,19,max_count_reached
SUT-D,15,0.1,0.4,20,20,3,4,20,15,0.75,0.3191489361702128,20,max_count_reached
SUT-D,16,0.1,0.4,20,20,3,4,20,15,0.75,0.3191489361702128,20,max_count_reached
SUT-D,17,0.1,0.4,20,20,3,4,20,18,0.9,0.3829787234042553,20,max_count_reached
SUT-D,18,0.1,0.4,20,20,3,4,20,14,0.7,0.2978723404255319,19,max_count_reached
SUT-D,19,0.1,0.4,20,20,3,4,20,17,0.85,0.3617021276595745,20,max_count_reached
SUT-D,0,0.1,0.4,20,20,3,5,20,17,0.85,0.3617021276595745,20,max_count_reached
SUT-D,1,0.1,0.4,20,20,3,5,20,15,0.75,0.3191489361702128,19,max_count_reached
SUT-D,2,0.1,0.4,20,20,3,5,20,17,0.85,0.3617021276595745,19,max_count_reached
SUT-D,3,0.1,0.4,20,20,3,5,20,17,0.85,0.3617021276595745,20,max_count_reached
SUT-D,4,0.1,0.4,20,20,3,5,20,15,0.75,0.3191489361702128,20,max_count_reached
SUT-D,5,0.1,0.4,20,20,3,5,20,16,0.8,0.3404255319148936,20,max_count_reached
SUT-D,6,0.1,0.4,20,20,3,5,20,16,0.8,0.3404255319148936,19,max_count_reached
SUT-D,7,0.1,0.4,20,20,3,5,20,13,0.65,0.2765957446808511,19,max_count_reached
SUT-D,8,0.1,0.4,20,20,3,5,20,12,0.6,0.2553191489361702,18,max_count_reached
SUT-D,9,0.1,0.4,20,20,3,5,20,17,0.85,0.3617021276595745,20,max_count_reached
SUT-D,10,0.1,0.4,20,20,3,5,20,16,0.8,0.3404255319148936,19,max_count_reached
SUT-D,11,0.1,0.4,20,20,3,5,20,15,0.75,0.3191489361702128,20,max_count_reached
SUT-D,12,0.1,0.4,20,20,3,5,20,17,0.85,0.3617021276595745,20,max_count_reached
SUT-D,13,0.1,0.4,20,20,3,5,20,17,0.85,0.3617021276595745,20,max_count_reached
SUT-D,14,0.1,0.4,20,20,3,5,20,16,0.8,0.3404255319148936,19,max_count_reached
SUT-D,15,0.1,0.4,20,20,3,5,20,15,0.75,0.3191489361702128,20,max_count_reached
SUT-D,16,0.1,0.4,20,20,3,5,20,15,0.75,0.3191489361702128,20,max_count_reached
SUT-D,17,0.1,0.4,20,20,3,5,20,18,0.9,0.3829787234042553,20,max_count_reached
SUT-D,18,0.1,0.4,20,20,3,5,20,14,0.7,0.2978723404255319,19,max_count_reached
SUT-D,19,0.1,0.4,20,20,3,5,20,17,0.85,0.3617021276595745,20,max_count_reached
SUT-D,0,0.1,0.4,20,20,4,3,20,17,0.85,0.3617021276595745,20,max_count_reached
SUT-D,1,0.1,0.4,20,20,4,3,20,15,0.75,0.3191489361702128,19,max_count_reached
SUT-D,2,0.1,0.4,20,20,4,3,20,17,0.85,0.3617021276595745,19,max_count_reached
SUT-D,3,0.1,0.4,20,20,4,3,20,17,0.85,0.3617021276595745,20,max_count_reached
SUT-D,4,0.1,0.4,20,20,4,3,20,15,0.75,0.3191489361702128,20,max_count_reached
SUT-D,5,0.1,0.4,20,20,4,3,20,16,0.8,0.3404255319148936,20,max_count_reached
SUT-D,6,0.1,0.4,20,20,4,3,20,16,0.8,0.3404255319148936,19,max_count_reached
SUT-D,7,0.1,0.4,20,20,4,3,20,13,0.65,0.2765957446808511,19,max_count_reached
SUT-D,8,0.1,0.4,20,20,4,3,20,12,0.6,0.2553191489361702,18,max_count_reached
SUT-D,9,0.1,0.4,20,20,4,3,20,17,0.85,0.3617021276595745,20,max_count_reached
SUT-D,10,0.1,0.4,20,20,4,3,20,16,0.8,0.3404255319148936,19,max_count_reached
SUT-D,11,0.1,0.4,20,20,4,3,20,15,0.75,0.3191489361702128,20,max_count_reached
SUT-D,12,0.1,0.4,20,20,4,3,20,17,0.85,0.3617021276595745,20,max_count_reached
SUT-D,13,0.1,0.4,20,20,4,3,20,17,0.85,0.3617021276595745,20,max_count_reached
SUT-D,14,0.1,0.4,20,20,4,3,20,16,0.8,0.3404255319148936,19,max_count_reached
SUT-D,15,0.1,0.4,20,20,4,3,20,15,0.75,0.3191489361702128,20,max_count_reached
SUT-D,16,0.1,0.4,20,20,4,3,20,15,0.75,0.3191489361702128,20,max_count_reached
SUT-D,17,0.1,0.4,20,20,4,3,20,18,0.9,0.3829787234042553,20,max_count_reached
SUT-D,18,0.1,0.4,20,20,4,3,20,14,0.7,0.2978723404255319,19,max_count_reached
SUT-D,19,0.1,0.4,20,20,4,3,20,17,0.85,0.3617021276595745,20,max_count_reached
SUT-D,0,0.1,0.4,20,20,4,4,20,17,0.85,0.3617021276595745,20,max_count_reached
SUT-D,1,0.1,0.4,20,20,4,4,20,15,0.75,0.3191489361702128,19,max_count_reached
SUT-D,2,0.1,0.4,20,20,4,4,20,17,0.85,0.3617021276595745,19,max_count_reached
SUT-D,3,0.1,0.4,20,20,4,4,20,17,0.85,0.3617021276595745,20,max_count_reached
SUT-D,4,0.1,0.4,20,20,4,4,20,15,0.75,0.3191489361702128,20,max_count_reached
SUT-D,5,0.1,0.4,20,20,4,4,20,16,0.8,0.3404255319148936,20,max_count_reached
SUT-D,6,0.1,0.4,20,20,4,4,20,16,0.8,0.3404255319148936,19,max_count_reached
SUT-D,7,0.1,0.4,20,20,4,4,20,13,0.65,0.2765957446808511,19,max_count_reached
SUT-D,8,0.1,0.4,20,20,4,4,20,12,0.6,0.2553191489361702,18,max_count_reached
SUT-D,9,0.1,0.4,20,20,4,4,20,17,0.85,0.3617021276595745,20,max_count_reached
SUT-D,10,0.1,0.4,20,20,4,4,20,16,0.8,0.3404255319148936,19,max_count_reached
SUT-D,11,0.1,0.4,20,20,4,4,20,15,0.75,0.3191489361702128,20,max_count_reached
SUT-D,12,0.1,0.4,20,20,4,4,20,17,0.85,0.3617021276595745,20,max_count_reached
SUT-D,13,0.1,0.4,20,20,4,4,20,17,0.85,0.3617021276595745,20,max_count_reached
SUT-D,14,0.1,0.4,20,20,4,4,20,16,0.8,0.3404255319148936,19,max_count_reached
SUT-D,15,0.1,0.4,20,20,4,4,20,15,0.75,0.3191489361702128,20,max_count_reached
SUT-D,16,0.1,0.4,20,20,4,4,20,15,0.75,0.3191489361702128,20,max_count_reached
SUT-D,17,0.1,0.4,20,20,4,4,20,18,0.9,0.3829787234042553,20,max_count_reached
SUT-D,18,0.1,0.4,20,20,4,4,20,14,0.7,0.2978723404255319,19,max_count_reached
SUT-D,19,0.1,0.4,20,20,4,4,20,17,0.85,0.3617021276595745,20,max_count_reached
SUT-D,0,0.1,0.4,20,20,4,5,20,17,0.85,0.3617021276595745,20,max_count_reached
SUT-D,1,0.1,0.4,20,20,4,5,20,15,0.75,0.3191489361702128,19,max_count_reached
SUT-D,2,0.1,0.4,20,20,4,5,20,17,0.85,0.3617021276595745,19,max_count_reached
SUT-D,3,0.1,0.4,20,20,4,5,20,17,0.85,0.3617021276595745,20,max_count_reached
SUT-D,4,0.1,0.4,20,20,4,5,20,15,0.75,0.3191489361702128,20,max_count_reached
SUT-D,5,0.1,0.4,20,20,4,5,20,16,0.8,0.3404255319148936,20,max_count_reached
SUT-D,6,0.1,0.4,20,20,4,5,20,16,0.8,0.3404255319148936,19,max_count_reached
SUT-D,7,0.1,0.4,20,20,4,5,20,13,0.65,0.2765957446808511,19,max_count_reached
SUT-D,8,0.1,0.4,20,20,4,5,20,12,0.6,0.2553191489361702,18,max_count_reached
SUT-D,9,0.1,0.4,20,20,4,5,20,17,0.85,0.3617021276595745,20,max_count_reached
SUT-D,10,0.1,0.4,20,20,4,5,20,16,0.8,0.3404255319148936,19,max_count_reached
SUT-D,11,0.1,0.4,20,20,4,5,20,15,0.75,0.3191489361702128,20,max_count_reached
SUT-D,12,0.1,0.4,20,20,4,5,20,17,0.85,0.3617021276595745,20,max_count_reached
SUT-D,13,0.1,0.4,20,20,4,5,20,17,0.85,0.3617021276595745,20,max_count_reached
SUT-D,14,0.1,0.4,20,20,4,5,20,16,0.8,0.3404255319148936,19,max_count_reached
SUT-D,15,0.1,0.4,20,20,4,5,20,15,0.75,0.3191489361702128,20,max_count_reached
SUT-D,16,0.1,0.4,20,20,4,5,20,15,0.75,0.3191489361702128,20,max_count_reached
SUT-D,17,0.1,0.4,20,20,4,5,20,18,0.9,0.3829787234042553,20,max_count_reached
SUT-D,18,0.1,0.4,20,20,4,5,20,14,0.7,0.2978723404255319,19,max_count_reached
SUT-D,19,0.1,0.4,20,20,4,5,20,17,0.85,0.3617021276595745,20,max_count_reached
SUT-D,0,0.1,0.5,20,20,2,3,20,17,0.85,0.3617021276595745,20,max_count_reached
SUT-D,1,0.1,0.5,20,20,2,3,20,15,0.75,0.3191489361702128,19,max_count_reached
SUT-D,2,0.1,0.5,20,20,2,3,20,17,0.85,0.3617021276595745,19,max_count_reached
SUT-D,3,0.1,0.5,20,20,2,3,20,17,0.85,0.3617021276595745,20,max_count_reached
SUT-D,4,0.1,0.5,20,20,2,3,20,15,0.75,0.3191489361702128,20,max_count_reached
SUT-D,5,0.1,0.5,20,20,2,3,20,16,0.8,0.3404255319148936,20,max_count_reached
SUT-D,6,0.1,0.5,20,20,2,3,20,16,0.8,0.3404255319148936,19,max_count_reached
SUT-D,7,0.1,0.5,20,20,2,3,20,13,0.65,0.2765957446808511,19,max_count_reached
SUT-D,8,0.1,0.5,20,20,2,3,20,12,0.6,0.2553191489361702,18,max_count_reached
SUT-D,9,0.1,0.5,20,20,2,3,20,17,0.85,0.3617021276595745,20,max_count_reached
SUT-D,10,0.1,0.5,20,20,2,3,20,16,0.8,0.3404255319148936,19,max_count_reached
SUT-D,11,0.1,0.5,20,20,2,3,20,15,0.75,0.3191489361702128,20,max_count_reached
SUT-D,12,0.1,0.5,20,20,2,3,20,17,0.85,0.3617021276595745,20,max_count_reached
SUT-D,13,0.1,0.5,20,20,2,3,20,17,0.85,0.3617021276595745,20,safe_neighbor_streak
SUT-D,14,0.1,0.5,20,20,2,3,20,16,0.8,0.3404255319148936,19,max_count_reached
SUT-D,15,0.1,0.5,20,20,2,3,20,15,0.75,0.3191489361702128,20,max_count_reached
SUT-D,16,0.1,0.5,20,20,2,3,20,15,0.75,0.3191489361702128,20,max_count_reached
SUT-D,17,0.1,0.5,20,20,2,3,20,18,0.9,0.3829787234042553,20,max_count_reached
SUT-D,18,0.1,0.5,20,20,2,3,20,14,0.7,0.2978723404255319,19,max_count_reached
SUT-D,19,0.1,0.5,20,20,2,3,20,17,0.85,0.3617021276595745,20,max_count_reached
SUT-D,0,0.1,0.5,20,20,2,4,20,17,0.85,0.3617021276595745,20,max_count_reached
SUT-D,1,0.1,0.5,20,20,2,4,20,15,0.75,0.3191489361702128,19,max_count_reached
SUT-D,2,0.1,0.5,20,20,2,4,20,17,0.85,0.3617021276595745,19,max_count_reached
SUT-D,3,0.1,0.5,20,20,2,4,20,17,0.85,0.3617021276595745,20,max_count_reached
SUT-D,4,0.1,0.5,20,20,2,4,20,15,0.75,0.3191489361702128,20,max_count_reached
SUT-D,5,0.1,0.5,20,20,2,4,20,16,0.8,0.3404255319148936,20,max_count_reached
SUT-D,6,0.1,0.5,20,20,2,4,20,16,0.8,0.3404255319148936,19,max_count_reached
SUT-D,7,0.1,0.5,20,20,2,4,20,13,0.65,0.2765957446808511,19,max_count_reached
SUT-D,8,0.1,0.5,20,20,2,4,20,12,0.6,0.2553191489361702,18,max_count_reached
SUT-D,9,0.1,0.5,20,20,2,4,20,17,0.85,0.3617021276595745,20,max_count_reached
SUT-D,10,0.1,0.5,20,20,2,4,20,16,0.8,0.3404255319148936,19,max_count_reached
SUT-D,11,0.1,0.5,20,20,2,4,20,15,0.75,0.3191489361702128,20,max_count_reached
SUT-D,12,0.1,0.5,20,20,2,4,20,17,0.85,0.3617021276595745,20,max_count_reached
SUT-D,13,0.1,0.5,20,20,2,4,20,17,0.85,0.3617021276595745,20,max_count_reached
SUT-D,14,0.1,0.5,20,20,2,4,20,16,0.8,0.3404255319148936,19,max_count_reached
SUT-D,15,0.1,0.5,20,20,2,4,20,15,0.75,0.3191489361702128,20,max_count_reached
SUT-D,16,0.1,0.5,20,20,2,4,20,15,0.75,0.3191489361702128,20,max_count_reached
SUT-D,17,0.1,0.5,20,20,2,4,20,18,0.9,0.3829787234042553,20,max_count_reached
SUT-D,18,0.1,0.5,20,20,2,4,20,14,0.7,0.2978723404255319,19,max_count_reached
SUT-D,19,0.1,0.5,20,20,2,4,20,17,0.85,0.3617021276595745,20,max_count_reached
SUT-D,0,0.1,0.5,20,20,2,5,20,17,0.85,0.3617021276595745,20,max_count_reached
SUT-D,1,0.1,0.5,20,20,2,5,20,15,0.75,0.3191489361702128,19,max_count_reached
SUT-D,2,0.1,0.5,20,20,2,5,20,17,0.85,0.3617021276595745,19,max_count_reached
SUT-D,3,0.1,0.5,20,20,2,5,20,17,0.85,0.3617021276595745,20,max_count_reached
SUT-D,4,0.1,0.5,20,20,2,5,20,15,0.75,0.3191489361702128,20,max_count_reached
SUT-D,5,0.1,0.5,20,20,2,5,20,16,0.8,0.3404255319148936,20,max_count_reached
SUT-D,6,0.1,0.5,20,20,2,5,20,16,0.8,0.3404255319148936,19,max_count_reached
SUT-D,7,0.1,0.5,20,20,2,5,20,13,0.65,0.2765957446808511,19,max_count_reached
SUT-D,8,0.1,0.5,20,20,2,5,20,12,0.6,0.2553191489361702,18,max_count_reached
SUT-D,9,0.1,0.5,20,20,2,5,20,17,0.85,0.3617021276595745,20,max_count_reached
SUT-D,10,0.1,0.5,20,20,2,5,20,16,0.8,0.3404255319148936,19,max_count_reached
SUT-D,11,0.1,0.5,20,20,2,5,20,15,0.75,0.3191489361702128,20,max_count_reached
SUT-D,12,0.1,0.5,20,20,2,5,20,17,0.85,0.3617021276595745,20,max_count_reached
SUT-D,13,0.1,0.5,20,20,2,5,20,17,0.85,0.3617021276595745,20,max_count_reached
SUT-D,14,0.1,0.5,20,20,2,5,20,16,0.8,0.3404255319148936,19,max_count_reached
SUT-D,15,0.1,0.5,20,20,2,5,20,15,0.75,0.3191489361702128,20,max_count_reached
SUT-D,16,0.1,0.5,20,20,2,5,20,15,0.75,0.3191489361702128,20,max_count_reached
SUT-D,17,0.1,0.5,20,20,2,5,20,18,0.9,0.3829787234042553,20,max_count_reached
SUT-D,18,0.1,0.5,20,20,2,5,20,14,0.7,0.2978723404255319,19,max_count_reached
SUT-D,19,0.1,0.5,20,20,2,5,20,17,0.85,0.3617021276595745,20,max_count_reached
SUT-D,0,0.1,0.5,20,20,3,3,20,17,0.85,0.3617021276595745,20,max_count_reached
SUT-D,1,0.1,0.5,20,20,3,3,20,15,0.75,0.3191489361702128,19,max_count_reached
SUT-D,2,0.1,0.5,20,20,3,3,20,17,0.85,0.3617021276595745,19,max_count_reached
SUT-D,3,0.1,0.5,20,20,3,3,20,17,0.85,0.3617021276595745,20,max_count_reached
SUT-D,4,0.1,0.5,20,20,3,3,20,15,0.75,0.3191489361702128,20,max_count_reached
SUT-D,5,0.1,0.5,20,20,3,3,20,16,0.8,0.3404255319148936,20,max_count_reached
SUT-D,6,0.1,0.5,20,20,3,3,20,16,0.8,0.3404255319148936,19,max_count_reached
SUT-D,7,0.1,0.5,20,20,3,3,20,13,0.65,0.2765957446808511,19,max_count_reached
SUT-D,8,0.1,0.5,20,20,3,3,20,12,0.6,0.2553191489361702,18,max_count_reached
SUT-D,9,0.1,0.5,20,20,3,3,20,17,0.85,0.3617021276595745,20,max_count_reached
SUT-D,10,0.1,0.5,20,20,3,3,20,16,0.8,0.3404255319148936,19,max_count_reached
SUT-D,11,0.1,0.5,20,20,3,3,20,15,0.75,0.3191489361702128,20,max_count_reached
SUT-D,12,0.1,0.5,20,20,3,3,20,17,0.85,0.3617021276595745,20,max_count_reached
SUT-D,13,0.1,0.5,20,20,3,3,20,17,0.85,0.3617021276595745,20,max_count_reached
SUT-D,14,0.1,0.5,20,20,3,3,20,16,0.8,0.3404255319148936,19,max_count_reached
SUT-D,15,0.1,0.5,20,20,3,3,20,15,0.75,0.3191489361702128,20,max_count_reached
SUT-D,16,0.1,0.5,20,20,3,3,20,15,0.75,0.3191489361702128,20,max_count_reached
SUT-D,17,0.1,0.5,20,20,3,3,20,18,0.9,0.3829787234042553,20,max_count_reached
SUT-D,18,0.1,0.5,20,20,3,3,20,14,0.7,0.2978723404255319,19,max_count_reached
SUT-D,19,0.1,0.5,20,20,3,3,20,17,0.85,0.3617021276595745,20,max_count_reached
SUT-D,0,0.1,0.5,20,20,3,4,20,17,0.85,0.3617021276595745,20,max_count_reached
SUT-D,1,0.1,0.5,20,20,3,4,20,15,0.75,0.3191489361702128,19,max_count_reached
SUT-D,2,0.1,0.5,20,20,3,4,20,17,0.85,0.3617021276595745,19,max_count_reached
SUT-D,3,0.1,0.5,20,20,3,4,20,17,0.85,0.3617021276595745,20,max_count_reached
SUT-D,4,0.1,0.5,20,20,3,4,20,15,0.75,0.3191489361702128,20,max_count_reached
SUT-D,5,0.1,0.5,20,20,3,4,20,16,0.8,0.3404255319148936,20,max_count_reached
SUT-D,6,0.1,0.5,20,20,3,4,20,16,0.8,0.3404255319148936,19,max_count_reached
SUT-D,7,0.1,0.5,20,20,3,4,20,13,0.65,0.2765957446808511,19,max_count_reached
SUT-D,8,0.1,0.5,20,20,3,4,20,12,0.6,0.2553191489361702,18,max_count_reached
SUT-D,9,0.1,0.5,20,20,3,4,20,17,0.85,0.3617021276595745,20,max_count_reached
SUT-D,10,0.1,0.5,20,20,3,4,20,16,0.8,0.3404255319148936,19,max_count_reached
SUT-D,11,0.1,0.5,20,20,3,4,20,15,0.75,0.3191489361702128,20,max_count_reached
SUT-D,12,0.1,0.5,20,20,3,4,20,17,0.85,0.3617021276595745,20,max_count_reached
SUT-D,13,0.1,0.5,20,20,3,4,20,17,0.85,0.3617021276595745,20,max_count_reached
SUT-D,14,0.1,0.5,20,20,3,4,20,16,0.8,0.3404255319148936,19,max_count_reached
SUT-D,15,0.1,0.5,20,20,3,4,20,15,0.75,0.3191489361702128,20,max_count_reached
SUT-D,16,0.1,0.5,20,20,3,4,20,15,0.75,0.3191489361702128,20,max_count_reached
SUT-D,17,0.1,0.5,20,20,3,4,20,18,0.9,0.3829787234042553,20,max_count_reached
SUT-D,18,0.1,0.5,20,20,3,4,20,14,0.7,0.2978723404255319,19,max_count_reached
SUT-D,19,0.1,0.5,20,20,3,4,20,17,0.85,0.3617021276595745,20,max_count_reached
SUT-D,0,0.1,0.5,20,20,3,5,20,17,0.85,0.3617021276595745,20,max_count_reached
SUT-D,1,0.1,0.5,20,20,3,5,20,15,0.75,0.3191489361702128,19,max_count_reached
SUT-D,2,0.1,0.5,20,20,3,5,20,17,0.85,0.3617021276595745,19,max_count_reached
SUT-D,3,0.1,0.5,20,20,3,5,20,17,0.85,0.3617021276595745,20,max_count_reached
SUT-D,4,0.1,0.5,20,20,3,5,20,15,0.75,0.3191489361702128,20,max_count_reached
SUT-D,5,0.1,0.5,20,20,3,5,20,16,0.8,0.3404255319148936,20,max_count_reached
SUT-D,6,0.1,0.5,20,20,3,5,20,16,0.8,0.3404255319148936,19,max_count_reached
SUT-D,7,0.1,0.5,20,20,3,5,20,13,0.65,0.2765957446808511,19,max_count_reached
SUT-D,8,0.1,0.5,20,20,3,5,20,12,0.6,0.2553191489361702,18,max_count_reached
SUT-D,9,0.1,0.5,20,20,3,5,20,17,0.85,0.3617021276595745,20,max_count_reached
SUT-D,10,0.1,0.5,20,20,3,5,20,16,0.8,0.3404255319148936,19,max_count_reached
SUT-D,11,0.1,0.5,20,20,3,5,20,15,0.75,0.3191489361702128,20,max_count_reached
SUT-D,12,0.1,0.5,20,20,3,5,20,17,0.85,0.3617021276595745,20,max_count_reached
SUT-D,13,0.1,0.5,20,20,3,5,20,17,0.85,0.3617021276595745,20,max_count_reached
SUT-D,14,0.1,0.5,20,20,3,5,20,16,0.8,0.3404255319148936,19,max_count_reached
SUT-D,15,0.1,0.5,20,20,3,5,20,15,0.75,0.3191489361702128,20,max_count_reached
SUT-D,16,0.1,0.5,20,20,3,5,20,15,0.75,0.3191489361702128,20,max_count_reached
SUT-D,17,0.1,0.5,20,20,3,5,20,18,0.9,0.3829787234042553,20,max_count_reached
SUT-D,18,0.1,0.5,20,20,3,5,20,14,0.7,0.2978723404255319,19,max_count_reached
SUT-D,19,0.1,0.5,20,20,3,5,20,17,0.85,0.3617021276595745,20,max_count_reached
SUT-D,0,0.1,0.5,20,20,4,3,20,17,0.85,0.3617021276595745,20,max_count_reached
SUT-D,1,0.1,0.5,20,20,4,3,20,15,0.75,0.3191489361702128,19,max_count_reached
SUT-D,2,0.1,0.5,20,20,4,3,20,17,0.85,0.3617021276595745,19,max_count_reached
SUT-D,3,0.1,0.5,20,20,4,3,20,17,0.85,0.3617021276595745,20,max_count_reached
SUT-D,4,0.1,0.5,20,20,4,3,20,15,0.75,0.3191489361702128,20,max_count_reached
SUT-D,5,0.1,0.5,20,20,4,3,20,16,0.8,0.3404255319148936,20,max_count_reached
SUT-D,6,0.1,0.5,20,20,4,3,20,16,0.8,0.3404255319148936,19,max_count_reached
SUT-D,7,0.1,0.5,20,20,4,3,20,13,0.65,0.2765957446808511,19,max_count_reached
SUT-D,8,0.1,0.5,20,20,4,3,20,12,0.6,0.2553191489361702,18,max_count_reached
SUT-D,9,0.1,0.5,20,20,4,3,20,17,0.85,0.3617021276595745,20,max_count_reached
SUT-D,10,0.1,0.5,20,20,4,3,20,16,0.8,0.3404255319148936,19,max_count_reached
SUT-D,11,0.1,0.5,20,20,4,3,20,15,0.75,0.3191489361702128,20,max_count_reached
SUT-D,12,0.1,0.5,20,20,4,3,20,17,0.85,0.3617021276595745,20,max_count_reached
SUT-D,13,0.1,0.5,20,20,4,3,20,17,0.85,0.3617021276595745,20,max_count_reached
SUT-D,14,0.1,0.5,20,20,4,3,20,16,0.8,0.3404255319148936,19,max_count_reached
SUT-D,15,0.1,0.5,20,20,4,3,20,15,0.75,0.3191489361702128,20,max_count_reached
SUT-D,16,0.1,0.5,20,20,4,3,20,15,0.75,0.3191489361702128,20,max_count_reached
SUT-D,17,0.1,0.5,20,20,4,3,20,18,0.9,0.3829787234042553,20,max_count_reached
SUT-D,18,0.1,0.5,20,20,4,3,20,14,0.7,0.2978723404255319,19,max_count_reached
SUT-D,19,0.1,0.5,20,20,4,3,20,17,0.85,0.3617021276595745,20,max_count_reached
SUT-D,0,0.1,0.5,20,20,4,4,20,17,0.85,0.3617021276595745,20,max_count_reached
SUT-D,1,0.1,0.5,20,20,4,4,20,15,0.75,0.3191489361702128,19,max_count_reached
SUT-D,2,0.1,0.5,20,20,4,4,20,17,0.85,0.3617021276595745,19,max_count_reached
SUT-D,3,0.1,0.5,20,20,4,4,20,17,0.85,0.3617021276595745,20,max_count_reached
SUT-D,4,0.1,0.5,20,20,4,4,20,15,0.75,0.3191489361702128,20,max_count_reached
SUT-D,5,0.1,0.5,20,20,4,4,20,16,0.8,0.3404255319148936,20,max_count_reached
SUT-D,6,0.1,0.5,20,20,4,4,20,16,0.8,0.3404255319148936,19,max_count_reached
SUT-D,7,0.1,0.5,20,20,4,4,20,13,0.65,0.2765957446808511,19,max_count_reached
SUT-D,8,0.1,0.5,20,20,4,4,20,12,0.6,0.2553191489361702,18,max_count_reached
SUT-D,9,0.1,0.5,20,20,4,4,20,17,0.85,0.3617021276595745,20,max_count_reached
SUT-D,10,0.1,0.5,20,20,4,4,20,16,0.8,0.3404255319148936,19,max_count_reached
SUT-D,11,0.1,0.5,20,20,4,4,20,15,0.75,0.3191489361702128,20,max_count_reached
SUT-D,12,0.1,0.5,20,20,4,4,20,17,0.85,0.3617021276595745,20,max_count_reached
SUT-D,13,0.1,0.5,20,20,4,4,20,17,0.85,0.3617021276595745,20,max_count_reached
SUT-D,14,0.1,0.5,20,20,4,4,20,16,0.8,0.3404255319148936,19,max_count_reached
SUT-D,15,0.1,0.5,20,20,4,4,20,15,0.75,0.3191489361702128,20,max_count_reached
SUT-D,16,0.1,0.5,20,20,4,4,20,15,0.75,0.3191489361702128,20,max_count_reached
SUT-D,17,0.1,0.5,20,20,4,4,20,18,0.9,0.3829787234042553,20,max_count_reached
SUT-D,18,0.1,0.5,20,20,4,4,20,14,0.7,0.2978723404255319,19,max_count_reached
SUT-D,19,0.1,0.5,20,20,4,4,20,17,0.85,0.3617021276595745,20,max_count_reached
SUT-D,0,0.1,0.5,20,20,4,5,20,17,0.85,0.3617021276595745,20,max_count_reached
SUT-D,1,0.1,0.5,20,20,4,5,20,15,0.75,0.3191489361702128,19,max_count_reached
SUT-D,2,0.1,0.5,20,20,4,5,20,17,0.85,0.3617021276595745,19,max_count_reached
SUT-D,3,0.1,0.5,20,20,4,5,20,17,0.85,0.3617021276595745,20,max_count_reached
SUT-D,4,0.1,0.5,20,20,4,5,20,15,0.75,0.3191489361702128,20,max_count_reached
SUT-D,5,0.1,0.5,20,20,4,5,20,16,0.8,0.3404255319148936,20,max_count_reached
SUT-D,6,0.1,0.5,20,20,4,5,20,16,0.8,0.3404255319148936,19,max_count_reached
SUT-D,7,0.1,0.5,20,20,4,5,20,13,0.65,0.2765957446808511,19,max_count_reached
SUT-D,8,0.1,0.5,20,20,4,5,20,12,0.6,0.2553191489361702,18,max_count_reached
SUT-D,9,0.1,0.5,20,20,4,5,20,17,0.85,0.3617021276595745,20,max_count_reached
SUT-D,10,0.1,0.5,20,20,4,5,20,16,0.8,0.3404255319148936,19,max_count_reached
SUT-D,11,0.1,0.5,20,20,4,5,20,15,0.75,0.3191489361702128,20,max_count_reached
SUT-D,12,0.1,0.5,20,20,4,5,20,17,0.85,0.3617021276595745,20,max_count_reached
SUT-D,13,0.1,0.5,20,20,4,5,20,17,0.85,0.3617021276595745,20,max_count_reached
SUT-D,14,0.1,0.5,20,20,4,5,20,16,0.8,0.3404255319148936,19,max_count_reached
SUT-D,15,0.1,0.5,20,20,4,5,20,15,0.75,0.3191489361702128,20,max_count_reached
SUT-D,16,0.1,0.5,20,20,4,5,20,15,0.75,0.3191489361702128,20,max_count_reached
SUT-D,17,0.1,0.5,20,20,4,5,20,18,0.9,0.3829787234042553,20,max_count_reached
SUT-D,18,0.1,0.5,20,20,4,5,20,14,0.7,0.2978723404255319,19,max_count_reached
SUT-D,19,0.1,0.5,20,20,4,5,20,17,0.85,0.3617021276595745,20,max_count_reached
SUT-E,0,0.05,0.4,10,20,2,3,20,8,0.4,0.5333333333333333,15,max_count_reached
SUT-E,1,0.05,0.4,10,20,2,3,20,7,0.35,0.4666666666666667,16,max_count_reached
SUT-E,2,0.05,0.4,10,20,2,3,13,4,0.3076923076923077,0.26666666666666666,10,safe_neighbor_streak
SUT-E,3,0.05,0.4,10,20,2,3,20,4,0.2,0.26666666666666666,13,safe_neighbor_streak
SUT-E,4,0.05,0.4,10,20,2,3,20,7,0.35,0.4666666666666667,14,max_count_reached
SUT-E,5,0.05,0.4,10,20,2,3,20,9,0.45,0.6,16,max_count_reached
SUT-E,6,0.05,0.4,10,20,2,3,20,4,0.2,0.26666666666666666,8,max_count_reached
SUT-E,7,0.05,0.4,10,20,2,3,20,7,0.35,0.4666666666666667,16,max_count_reached
SUT-E,8,0.05,0.4,10,20,2,3,12,2,0.16666666666666666,0.13333333333333333,6,safe_neighbor_streak
SUT-E,9,0.05,0.4,10,20,2,3,20,8,0.4,0.5333333333333333,15,max_count_reached
SUT-E,10,0.05,0.4,10,20,2,3,20,10,0.5,0.6666666666666666,15,max_count_reached
SUT-E,11,0.05,0.4,10,20,2,3,20,3,0.15,0.2,12,max_count_reached
SUT-E,12,0.05,0.4,10,20,2,3,18,7,0.3888888888888889,0.4666666666666667,11,safe_neighbor_streak
SUT-E,13,0.05,0.4,10,20,2,3,20,5,0.25,0.3333333333333333,12,safe_neighbor_streak
SUT-E,14,0.05,0.4,10,20,2,3,20,7,0.35,0.4666666666666667,13,max_count_reached
SUT-E,15,0.05,0.4,10,20,2,3,11,2,0.18181818181818182,0.13333333333333333,5,safe_neighbor_streak
SUT-E,16,0.05,0.4,10,20,2,3,20,9,0.45,0.6,15,max_count_reached
SUT-E,17,0.05,0.4,10,20,2,3,20,6,0.3,0.4,14,max_count_reached
SUT-E,18,0.05,0.4,10,20,2,3,20,4,0.2,0.26666666666666666,11,max_count_reached
SUT-E,19,0.05,0.4,10,20,2,3,20,4,0.2,0.26666666666666666,12,max_count_reached
SUT-E,0,0.05,0.4,10,20,2,4,20,8,0.4,0.5333333333333333,15,max_count_reached
SUT-E,1,0.05,0.4,10,20,2,4,20,7,0.35,0.4666666666666667,16,max_count_reached
SUT-E,2,0.05,0.4,10,20,2,4,14,4,0.2857142857142857,0.26666666666666666,10,safe_neighbor_streak
SUT-E,3,0.05,0.4,10,20,2,4,20,4,0.2,0.26666666666666666,13,max_count_reached
SUT-E,4,0.05,0.4,10,20,2,4,20,7,0.35,0.4666666666666667,14,max_count_reached
SUT-E,5,0.05,0.4,10,20,2,4,20,9,0.45,0.6,16,max_count_reached
SUT-E,6,0.05,0.4,10,20,2,4,20,4,0.2,0.26666666666666666,8,max_count_reached
SUT-E,7,0.05,0.4,10,20,2,4,20,7,0.35,0.4666666666666667,16,max_count_reached
SUT-E,8,0.05,0.4,10,20,2,4,20,7,0.35,0.4666666666666667,12,max_count_reached
SUT-E,9,0.05,0.4,10,20,2,4,20,8,0.4,0.5333333333333333,15,max_count_reached
SUT-E,10,0.05,0.4,10,20,2,4,20,10,0.5,0.6666666666666666,15,max_count_reached
SUT-E,11,0.05,0.4,10,20,2,4,20,3,0.15,0.2,12,max_count_reached
SUT-E,12,0.05,0.4,10,20,2,4,20,7,0.35,0.4666666666666667,13,max_count_reached
SUT-E,13,0.05,0.4,10,20,2,4,20,5,0.25,0.3333333333333333,12,max_count_reached
SUT-E,14,0.05,0.4,10,20,2,4,20,7,0.35,0.4666666666666667,13,max_count_reached
SUT-E,15,0.05,0.4,10,20,2,4,12,2,0.16666666666666666,0.13333333333333333,5,safe_neighbor_streak
SUT-E,16,0.05,0.4,10,20,2,4,20,9,0.45,0.6,15,max_count_reached
SUT-E,17,0.05,0.4,10,20,2,4,20,6,0.3,0.4,14,max_count_reached
SUT-E,18,0.05,0.4,10,20,2,4,20,4,0.2,0.26666666666666666,11,max_count_reached
SUT-E,19,0.05,0.4,10,20,2,4,20,4,0.2,0.26666666666666666,12,max_count_reached
SUT-E,0,0.05,0.4,10,20,2,5,20,8,0.4,0.5333333333333333,15,max_count_reached
SUT-E,1,0.05,0.4,10,20,2,5,20,7,0.35,0.4666666666666667,16,max_count_reached
SUT-E,2,0.05,0.4,10,20,2,5,20,4,0.2,0.26666666666666666,14,max_count_reached
SUT-E,3,0.05,0.4,10,20,2,5,20,4,0.2,0.26666666666666666,13,max_count_reached
SUT-E,4,0.05,0.4,10,20,2,5,20,7,0.35,0.4666666666666667,14,max_count_reached
SUT-E,5,0.05,0.4,10,20,2,5,20,9,0.45,0.6,16,max_count_reached
SUT-E,6,0.05,0.4,10,20,2,5,20,4,0.2,0.26666666666666666,8,max_count_reached
SUT-E,7,0.05,0.4,10,20,2,5,20,7,0.35,0.4666666666666667,16,max_count_reached
SUT-E,8,0.05,0.4,10,20,2,5,20,7,0.35,0.4666666666666667,12,max_count_reached
SUT-E,9,0.05,0.4,10,20,2,5,20,8,0.4,0.5333333333333333,15,max_count_reached
SUT-E,10,0.05,0.4,10,20,2,5,20,10,0.5,0.6666666666666666,15,max_count_reached
SUT-E,11,0.05,0.4,10,20,2,5,20,3,0.15,0.2,12,max_count_reached
SUT-E,12,0.05,0.4,10,20,2,5,20,7,0.35,0.4666666666666667,13,max_count_reached
SUT-E,13,0.05,0.4,10,20,2,5,20,5,0.25,0.3333333333333333,12,max_count_reached
SUT-E,14,0.05,0.4,10,20,2,5,20,7,0.35,0.4666666666666667,13,max_count_reached
SUT-E,15,0.05,0.4,10,20,2,5,20,3,0.15,0.2,11,max_count_reached
SUT-E,16,0.05,0.4,10,20,2,5,20,9,0.45,0.6,15,max_count_reached
SUT-E,17,0.05,0.4,10,20,2,5,20,6,0.3,0.4,14,max_count_reached
SUT-E,18,0.05,0.4,10,20,2,5,20,4,0.2,0.26666666666666666,11,max_count_reached
SUT-E,19,0.05,0.4,10,20,2,5,20,4,0.2,0.26666666666666666,12,max_count_reached
SUT-E,0,0.05,0.4,10,20,3,3,20,8,0.4,0.5333333333333333,15,max_count_reached
SUT-E,1,0.05,0.4,10,20,3,3,20,7,0.35,0.4666666666666667,16,max_count_reached
SUT-E,2,0.05,0.4,10,20,3,3,20,4,0.2,0.26666666666666666,14,max_count_reached
SUT-E,3,0.05,0.4,10,20,3,3,20,4,0.2,0.26666666666666666,13,max_count_reached
SUT-E,4,0.05,0.4,10,20,3,3,20,7,0.35,0.4666666666666667,14,max_count_reached
SUT-E,5,0.05,0.4,10,20,3,3,20,9,0.45,0.6,16,max_count_reached
SUT-E,6,0.05,0.4,10,20,3,3,20,4,0.2,0.26666666666666666,8,max_count_reached
SUT-E,7,0.05,0.4,10,20,3,3,20,7,0.35,0.4666666666666667,16,max_count_reached
SUT-E,8,0.05,0.4,10,20,3,3,20,7,0.35,0.4666666666666667,12,max_count_reached
SUT-E,9,0.05,0.4,10,20,3,3,20,8,0.4,0.5333333333333333,15,max_count_reached
SUT-E,10,0.05,0.4,10,20,3,3,20,10,0.5,0.6666666666666666,15,max_count_reached
SUT-E,11,0.05,0.4,10,20,3,3,20,3,0.15,0.2,12,max_count_reached
SUT-E,12,0.05,0.4,10,20,3,3,20,7,0.35,0.4666666666666667,13,max_count_reached
SUT-E,13,0.05,0.4,10,20,3,3,20,5,0.25,0.3333333333333333,12,max_count_reached
SUT-E,14,0.05,0.4,10,20,3,3,20,7,0.35,0.4666666666666667,13,max_count_reached
SUT-E,15,0.05,0.4,10,20,3,3,20,3,0.15,0.2,11,max_count_reached
SUT-E,16,0.05,0.4,10,20,3,3,20,9,0.45,0.6,15,max_count_reached
SUT-E,17,0.05,0.4,10,20,3,3,20,6,0.3,0.4,14,max_count_reached
SUT-E,18,0.05,0.4,10,20,3,3,20,4,0.2,0.26666666666666666,11,max_count_reached
SUT-E,19,0.05,0.4,10,20,3,3,20,4,0.2,0.26666666666666666,12,max_count_reached
SUT-E,0,0.05,0.4,10,20,3,4,20,8,0.4,0.5333333333333333,15,max_count_reached
SUT-E,1,0.05,0.4,10,20,3,4,20,7,0.35,0.4666666666666667,16,max_count_reached
SUT-E,2,0.05,0.4,10,20,3,4,20,4,0.2,0.26666666666666666,14,max_count_reached
SUT-E,3,0.05,0.4,10,20,3,4,20,4,0.2,0.26666666666666666,13,max_count_reached
SUT-E,4,0.05,0.4,10,20,3,4,20,7,0.35,0.4666666666666667,14,max_count_reached
SUT-E,5,0.05,0.4,10,20,3,4,20,9,0.45,0.6,16,max_count_reached
SUT-E,6,0.05,0.4,10,20,3,4,20,4,0.2,0.26666666666666666,8,max_count_reached
SUT-E,7,0.05,0.4,10,20,3,4,20,7,0.35,0.4666666666666667,16,max_count_reached
SUT-E,8,0.05,0.4,10,20,3,4,20,7,0.35,0.4666666666666667,12,max_count_reached
SUT-E,9,0.05,0.4,10,20,3,4,20,8,0.4,0.5333333333333333,15,max_count_reached
SUT-E,10,0.05,0.4,10,20,3,4,20,10,0.5,0.6666666666666666,15,max_count_reached
SUT-E,11,0.05,0.4,10,20,3,4,20,3,0.15,0.2,12,max_count_reached
SUT-E,12,0.05,0.4,10,20,3,4,20,7,0.35,0.4666666666666667,13,max_count_reached
SUT-E,13,0.05,0.4,10,20,3,4,20,5,0.25,0.3333333333333333,12,max_count_reached
SUT-E,14,0.05,0.4,10,20,3,4,20,7,0.35,0.4666666666666667,13,max_count_reached
SUT-E,15,0.05,0.4,10,20,3,4,20,3,0.15,0.2,11,max_count_reached
SUT-E,16,0.05,0.4,10,20,3,4,20,9,0.45,0.6,15,max_count_reached
SUT-E,17,0.05,0.4,10,20,3,4,20,6,0.3,0.4,14,max_count_reached
SUT-E,18,0.05,0.4,10,20,3,4,20,4,0.2,0.26666666666666666,11,max_count_reached
SUT-E,19,0.05,0.4,10,20,3,4,20,4,0.2,0.26666666666666666,12,max_count_reached
SUT-E,0,0.05,0.4,10,20,3,5,20,8,0.4,0.5333333333333333,15,max_count_reached
SUT-E,1,0.05,0.4,10,20,3,5,20,7,0.35,0.4666666666666667,16,max_count_reached
SUT-E,2,0.05,0.4,10,20,3,5,20,4,0.2,0.26666666666666666,14,max_count_reached
SUT-E,3,0.05,0.4,10,20,3,5,20,4,0.2,0.26666666666666666,13,max_count_reached
SUT-E,4,0.05,0.4,10,20,3,5,20,7,0.35,0.4666666666666667,14,max_count_reached
SUT-E,5,0.05,0.4,10,20,3,5,20,9,0.45,0.6,16,max_count_reached
SUT-E,6,0.05,0.4,10,20,3,5,20,4,0.2,0.26666666666666666,8,max_count_reached
SUT-E,7,0.05,0.4,10,20,3,5,20,7,0.35,0.4666666666666667,16,max_count_reached
SUT-E,8,0.05,0.4,10,20,3,5,20,7,0.35,0.4666666666666667,12,max_count_reached
SUT-E,9,0.05,0.4,10,20,3,5,20,8,0.4,0.5333333333333333,15,max_count_reached
SUT-E,10,0.05,0.4,10,20,3,5,20,10,0.5,0.6666666666666666,15,max_count_reached
SUT-E,11,0.05,0.4,10,20,3,5,20,3,0.15,0.2,12,max_count_reached
SUT-E,12,0.05,0.4,10,20,3,5,20,7,0.35,0.4666666666666667,13,max_count_reached
SUT-E,13,0.05,0.4,10,20,3,5,20,5,0.25,0.3333333333333333,12,max_count_reached
SUT-E,14,0.05,0.4,10,20,3,5,20,7,0.35,0.4666666666666667,13,max_count_reached
SUT-E,15,0.05,0.4,10,20,3,5,20,3,0.15,0.2,11,max_count_reached
SUT-E,16,0.05,0.4,10,20,3,5,20,9,0.45,0.6,15,max_count_reached
SUT-E,17,0.05,0.4,10,20,3,5,20,6,0.3,0.4,14,max_count_reached
SUT-E,18,0.05,0.4,10,20,3,5,20,4,0.2,0.26666666666666666,11,max_count_reached
SUT-E,19,0.05,0.4,10,20,3,5,20,4,0.2,0.26666666666666666,12,max_count_reached
SUT-E,0,0.05,0.4,10,20,4,3,20,8,0.4,0.5333333333333333,15,max_count_reached
SUT-E,1,0.05,0.4,10,20,4,3,20,7,0.35,0.4666666666666667,16,max_count_reached
SUT-E,2,0.05,0.4,10,20,4,3,20,4,0.2,0.26666666666666666,14,max_count_reached
SUT-E,3,0.05,0.4,10,20,4,3,20,4,0.2,0.26666666666666666,13,max_count_reached
SUT-E,4,0.05,0.4,10,20,4,3,20,7,0.35,0.4666666666666667,14,max_count_reached
SUT-E,5,0.05,0.4,10,20,4,3,20,9,0.45,0.6,16,max_count_reached
SUT-E,6,0.05,0.4,10,20,4,3,20,4,0.2,0.26666666666666666,8,max_count_reached
SUT-E,7,0.05,0.4,10,20,4,3,20,7,0.35,0.4666666666666667,16,max_count_reached
SUT-E,8,0.05,0.4,10,20,4,3,20,7,0.35,0.4666666666666667,12,max_count_reached
SUT-E,9,0.05,0.4,10,20,4,3,20,8,0.4,0.5333333333333333,15,max_count_reached
SUT-E,10,0.05,0.4,10,20,4,3,20,10,0.5,0.6666666666666666,15,max_count_reached
SUT-E,11,0.05,0.4,10,20,4,3,20,3,0.15,0.2,12,max_count_reached
SUT-E,12,0.05,0.4,10,20,4,3,20,7,0.35,0.4666666666666667,13,max_count_reached
SUT-E,13,0.05,0.4,10,20,4,3,20,5,0.25,0.3333333333333333,12,max_count_reached
SUT-E,14,0.05,0.4,10,20,4,3,20,7,0.35,0.4666666666666667,13,max_count_reached
SUT-E,15,0.05,0.4,10,20,4,3,20,3,0.15,0.2,11,max_count_reached
SUT-E,16,0.05,0.4,10,20,4,3,20,9,0.45,0.6,15,max_count_reached
SUT-E,17,0.05,0.4,10,20,4,3,20,6,0.3,0.4,14,max_count_reached
SUT-E,18,0.05,0.4,10,20,4,3,20,4,0.2,0.26666666666666666,11,max_count_reached
SUT-E,19,0.05,0.4,10,20,4,3,20,4,0.2,0.26666666666666666,12,max_count_reached
SUT-E,0,0.05,0.4,10,20,4,4,20,8,0.4,0.5333333333333333,15,max_count_reached
SUT-E,1,0.05,0.4,10,20,4,4,20,7,0.35,0.4666666666666667,16,max_count_reached
SUT-E,2,0.05,0.4,10,20,4,4,20,4,0.2,0.26666666666666666,14,max_count_reached
SUT-E,3,0.05,0.4,10,20,4,4,20,4,0.2,0.26666666666666666,13,max_count_reached
SUT-E,4,0.05,0.4,10,20,4,4,20,7,0.35,0.4666666666666667,14,max_count_reached
SUT-E,5,0.05,0.4,10,20,4,4,20,9,0.45,0.6,16,max_count_reached
SUT-E,6,0.05,0.4,10,20,4,4,20,4,0.2,0.26666666666666666,8,max_count_reached
SUT-E,7,0.05,0.4,10,20,4,4,20,7,0.35,0.4666666666666667,16,max_count_reached
SUT-E,8,0.05,0.4,10,20,4,4,20,7,0.35,0.4666666666666667,12,max_count_reached
SUT-E,9,0.05,0.4,10,20,4,4,20,8,0.4,0.5333333333333333,15,max_count_reached
SUT-E,10,0.05,0.4,10,20,4,4,20,10,0.5,0.6666666666666666,15,max_count_reached
SUT-E,11,0.05,0.4,10,20,4,4,20,3,0.15,0.2,12,max_count_reached
SUT-E,12,0.05,0.4,10,20,4,4,20,7,0.35,0.4666666666666667,13,max_count_reached
SUT-E,13,0.05,0.4,10,20,4,4,20,5,0.25,0.3333333333333333,12,max_count_reached
SUT-E,14,0.05,0.4,10,20,4,4,20,7,0.35,0.4666666666666667,13,max_count_reached
SUT-E,15,0.05,0.4,10,20,4,4,20,3,0.15,0.2,11,max_count_reached
SUT-E,16,0.05,0.4,10,20,4,4,20,9,0.45,0.6,15,max_count_reached
SUT-E,17,0.05,0.4,10,20,4,4,20,6,0.3,0.4,14,max_count_reached
SUT-E,18,0.05,0.4,10,20,4,4,20,4,0.2,0.26666666666666666,11,max_count_reached
SUT-E,19,0.05,0.4,10,20,4,4,20,4,0.2,0.26666666666666666,12,max_count_reached
SUT-E,0,0.05,0.4,10,20,4,5,20,8,0.4,0.5333333333333333,15,max_count_reached
SUT-E,1,0.05,0.4,10,20,4,5,20,7,0.35,0.4666666666666667,16,max_count_reached
SUT-E,2,0.05,0.4,10,20,4,5,20,4,0.2,0.26666666666666666,14,max_count_reached
SUT-E,3,0.05,0.4,10,20,4,5,20,4,0.2,0.26666666666666666,13,max_count_reached
SUT-E,4,0.05,0.4,10,20,4,5,20,7,0.35,0.4666666666666667,14,max_count_reached
SUT-E,5,0.05,0.4,10,20,4,5,20,9,0.45,0.6,16,max_count_reached
SUT-E,6,0.05,0.4,10,20,4,5,20,4,0.2,0.26666666666666666,8,max_count_reached
SUT-E,7,0.05,0.4,10,20,4,5,20,7,0.35,0.4666666666666667,16,max_count_reached
SUT-E,8,0.05,0.4,10,20,4,5,20,7,0.35,0.4666666666666667,12,max_count_reached
SUT-E,9,0.05,0.4,10,20,4,5,20,8,0.4,0.5333333333333333,15,max_count_reached
SUT-E,10,0.05,0.4,10,20,4,5,20,10,0.5,0.6666666666666666,15,max_count_reached
SUT-E,11,0.05,0.4,10,20,4,5,20,3,0.15,0.2,12,max_count_reached
SUT-E,12,0.05,0.4,10,20,4,5,20,7,0.35,0.4666666666666667,13,max_count_reached
SUT-E,13,0.05,0.4,10,20,4,5,20,5,0.25,0.3333333333333333,12,max_count_reached
SUT-E,14,0.05,0.4,10,20,4,5,20,7,0.35,0.4666666666666667,13,max_count_reached
SUT-E,15,0.05,0.4,10,20,4,5,20,3,0.15,0.2,11,max_count_reached
SUT-E,16,0.05,0.4,10,20,4,5,20,9,0.45,0.6,15,max_count_reached
SUT-E,17,0.05,0.4,10,20,4,5,20,6,0.3,0.4,14,max_count_reached
SUT-E,18,0.05,0.4,10,20,4,5,20,4,0.2,0.26666666666666666,11,max_count_reached
SUT-E,19,0.05,0.4,10,20,4,5,20,4,0.2,0.26666666666666666,12,max_count_reached
SUT-E,0,0.05,0.5,10,20,2,3,20,8,0.4,0.5333333333333333,15,max_count_reached
SUT-E,1,0.05,0.5,10,20,2,3,20,7,0.35,0.4666666666666667,16,max_count_reached
SUT-E,2,0.05,0.5,10,20,2,3,13,4,0.3076923076923077,0.26666666666666666,10,safe_neighbor_streak
SUT-E,3,0.05,0.5,10,20,2,3,20,4,0.2,0.26666666666666666,13,safe_neighbor_streak
SUT-E,4,0.05,0.5,10,20,2,3,20,7,0.35,0.4666666666666667,14,max_count_reached
SUT-E,5,0.05,0.5,10,20,2,3,20,9,0.45,0.6,16,max_count_reached
SUT-E,6,0.05,0.5,10,20,2,3,20,4,0.2,0.26666666666666666,8,max_count_reached
SUT-E,7,0.05,0.5,10,20,2,3,20,7,0.35,0.4666666666666667,16,max_count_reached
SUT-E,8,0.05,0.5,10,20,2,3,12,2,0.16666666666666666,0.13333333333333333,6,safe_neighbor_streak
SUT-E,9,0.05,0.5,10,20,2,3,20,8,0.4,0.5333333333333333,15,max_count_reached
SUT-E,10,0.05,0.5,10,20,2,3,20,10,0.5,0.6666666666666666,15,max_count_reached
SUT-E,11,0.05,0.5,10,20,2,3,20,3,0.15,0.2,12,max_count_reached
SUT-E,12,0.05,0.5,10,20,2,3,18,7,0.3888888888888889,0.4666666666666667,11,safe_neighbor_streak
SUT-E,13,0.05,0.5,10,20,2,3,20,5,0.25,0.3333333333333333,12,safe_neighbor_streak
SUT-E,14,0.05,0.5,10,20,2,3,20,7,0.35,0.4666666666666667,13,max_count_reached
SUT-E,15,0.05,0.5,10,20,2,3,11,2,0.18181818181818182,0.13333333333333333,5,safe_neighbor_streak
SUT-E,16,0.05,0.5,10,20,2,3,20,9,0.45,0.6,15,max_count_reached
SUT-E,17,0.05,0.5,10,20,2,3,20,6,0.3,0.4,14,max_count_reached
SUT-E,18,0.05,0.5,10,20,2,3,20,4,0.2,0.26666666666666666,11,max_count_reached
SUT-E,19,0.05,0.5,10,20,2,3,20,4,0.2,0.26666666666666666,12,max_count_reached
SUT-E,0,0.05,0.5,10,20,2,4,20,8,0.4,0.5333333333333333,15,max_count_reached
SUT-E,1,0.05,0.5,10,20,2,4,20,7,0.35,0.4666666666666667,16,max_count_reached
SUT-E,2,0.05,0.5,10,20,2,4,14,4,0.2857142857142857,0.26666666666666666,10,safe_neighbor_streak
SUT-E,3,0.05,0.5,10,20,2,4,20,4,0.2,0.26666666666666666,13,max_count_reached
SUT-E,4,0.05,0.5,10,20,2,4,20,7,0.35,0.4666666666666667,14,max_count_reached
SUT-E,5,0.05,0.5,10,20,2,4,20,9,0.45,0.6,16,max_count_reached
SUT-E,6,0.05,0.5,10,20,2,4,20,4,0.2,0.26666666666666666,8,max_count_reached
SUT-E,7,0.05,0.5,10,20,2,4,20,7,0.35,0.4666666666666667,16,max_count_reached
SUT-E,8,0.05,0.5,10,20,2,4,20,7,0.35,0.4666666666666667,12,max_count_reached
SUT-E,9,0.05,0.5,10,20,2,4,20,8,0.4,0.5333333333333333,15,max_count_reached
SUT-E,10,0.05,0.5,10,20,2,4,20,10,0.5,0.6666666666666666,15,max_count_reached
SUT-E,11,0.05,0.5,10,20,2,4,20,3,0.15,0.2,12,max_count_reached
SUT-E,12,0.05,0.5,10,20,2,4,20,7,0.35,0.4666666666666667,13,max_count_reached
SUT-E,13,0.05,0.5,10,20,2,4,20,5,0.25,0.3333333333333333,12,max_count_reached
SUT-E,14,0.05,0.5,10,20,2,4,20,7,0.35,0.4666666666666667,13,max_count_reached
SUT-E,15,0.05,0.5,10,20,2,4,12,2,0.16666666666666666,0.13333333333333333,5,safe_neighbor_streak
SUT-E,16,0.05,0.5,10,20,2,4,20,9,0.45,0.6,15,max_count_reached
SUT-E,17,0.05,0.5,10,20,2,4,20,6,0.3,0.4,14,max_count_reached
SUT-E,18,0.05,0.5,10,20,2,4,20,4,0.2,0.26666666666666666,11,max_count_reached
SUT-E,19,0.05,0.5,10,20,2,4,20,4,0.2,0.26666666666666666,12,max_count_reached
SUT-E,0,0.05,0.5,10,20,2,5,20,8,0.4,0.5333333333333333,15,max_count_reached
SUT-E,1,0.05,0.5,10,20,2,5,20,7,0.35,0.4666666666666667,16,max_count_reached
SUT-E,2,0.05,0.5,10,20,2,5,20,4,0.2,0.26666666666666666,14,max_count_reached
SUT-E,3,0.05,0.5,10,20,2,5,20,4,0.2,0.26666666666666666,13,max_count_reached
SUT-E,4,0.05,0.5,10,20,2,5,20,7,0.35,0.4666666666666667,14,max_count_reached
SUT-E,5,0.05,0.5,10,20,2,5,20,9,0.45,0.6,16,max_count_reached
SUT-E,6,0.05,0.5,10,20,2,5,20,4,0.2,0.26666666666666666,8,max_count_reached
SUT-E,7,0.05,0.5,10,20,2,5,20,7,0.35,0.4666666666666667,16,max_count_reached
SUT-E,8,0.05,0.5,10,20,2,5,20,7,0.35,0.4666666666666667,12,max_count_reached
SUT-E,9,0.05,0.5,10,20,2,5,20,8,0.4,0.5333333333333333,15,max_count_reached
SUT-E,10,0.05,0.5,10,20,2,5,20,10,0.5,0.6666666666666666,15,max_count_reached
SUT-E,11,0.05,0.5,10,20,2,5,20,3,0.15,0.2,12,max_count_reached
SUT-E,12,0.05,0.5,10,20,2,5,20,7,0.35,0.4666666666666667,13,max_count_reached
SUT-E,13,0.05,0.5,10,20,2,5,20,5,0.25,0.3333333333333333,12,max_count_reached
SUT-E,14,0.05,0.5,10,20,2,5,20,7,0.35,0.4666666666666667,13,max_count_reached
SUT-E,15,0.05,0.5,10,20,2,5,20,3,0.15,0.2,11,max_count_reached
SUT-E,16,0.05,0.5,10,20,2,5,20,9,0.45,0.6,15,max_count_reached
SUT-E,17,0.05,0.5,10,20,2,5,20,6,0.3,0.4,14,max_count_reached
SUT-E,18,0.05,0.5,10,20,2,5,20,4,0.2,0.26666666666666666,11,max_count_reached
SUT-E,19,0.05,0.5,10,20,2,5,20,4,0.2,0.26666666666666666,12,max_count_reached
SUT-E,0,0.05,0.5,10,20,3,3,20,8,0.4,0.5333333333333333,15,max_count_reached
SUT-E,1,0.05,0.5,10,20,3,3,20,7,0.35,0.4666666666666667,16,max_count_reached
SUT-E,2,0.05,0.5,10,20,3,3,20,4,0.2,0.26666666666666666,14,max_count_reached
SUT-E,3,0.05,0.5,10,20,3,3,20,4,0.2,0.26666666666666666,13,max_count_reached
SUT-E,4,0.05,0.5,10,20,3,3,20,7,0.35,0.4666666666666667,14,max_count_reached
SUT-E,5,0.05,0.5,10,20,3,3,20,9,0.45,0.6,16,max_count_reached
SUT-E,6,0.05,0.5,10,20,3,3,20,4,0.2,0.26666666666666666,8,max_count_reached
SUT-E,7,0.05,0.5,10,20,3,3,20,7,0.35,0.4666666666666667,16,max_count_reached
SUT-E,8,0.05,0.5,10,20,3,3,20,7,0.35,0.4666666666666667,12,max_count_reached
SUT-E,9,0.05,0.5,10,20,3,3,20,8,0.4,0.5333333333333333,15,max_count_reached
SUT-E,10,0.05,0.5,10,20,3,3,20,10,0.5,0.6666666666666666,15,max_count_reached
SUT-E,11,0.05,0.5,10,20,3,3,20,3,0.15,0.2,12,max_count_reached
SUT-E,12,0.05,0.5,10,20,3,3,20,7,0.35,0.4666666666666667,13,max_count_reached
SUT-E,13,0.05,0.5,10,20,3,3,20,5,0.25,0.3333333333333333,12,max_count_reached
SUT-E,14,0.05,0.5,10,20,3,3,20,7,0.35,0.4666666666666667,13,max_count_reached
SUT-E,15,0.05,0.5,10,20,3,3,20,3,0.15,0.2,11,max_count_reached
SUT-E,16,0.05,0.5,10,20,3,3,20,9,0.45,0.6,15,max_count_reached
SUT-E,17,0.05,0.5,10,20,3,3,20,6,0.3,0.4,14,max_count_reached
SUT-E,18,0.05,0.5,10,20,3,3,20,4,0.2,0.26666666666666666,11,max_count_reached
SUT-E,19,0.05,0.5,10,20,3,3,20,4,0.2,0.26666666666666666,12,max_count_reached
SUT-E,0,0.05,0.5,10,20,3,4,20,8,0.4,0.5333333333333333,15,max_count_reached
SUT-E,1,0.05,0.5,10,20,3,4,20,7,0.35,0.4666666666666667,16,max_count_reached
SUT-E,2,0.05,0.5,10,20,3,4,20,4,0.2,0.26666666666666666,14,max_count_reached
SUT-E,3,0.05,0.5,10,20,3,4,20,4,0.2,0.26666666666666666,13,max_count_reached
SUT-E,4,0.05,0.5,10,20,3,4,20,7,0.35,0.4666666666666667,14,max_count_reached
SUT-E,5,0.05,0.5,10,20,3,4,20,9,0.45,0.6,16,max_count_reached
SUT-E,6,0.05,0.5,10,20,3,4,20,4,0.2,0.26666666666666666,8,max_count_reached
SUT-E,7,0.05,0.5,10,20,3,4,20,7,0.35,0.4666666666666667,16,max_count_reached
SUT-E,8,0.05,0.5,10,20,3,4,20,7,0.35,0.4666666666666667,12,max_count_reached
SUT-E,9,0.05,0.5,10,20,3,4,20,8,0.4,0.5333333333333333,15,max_count_reached
SUT-E,10,0.05,0.5,10,20,3,4,20,10,0.5,0.6666666666666666,15,max_count_reached
SUT-E,11,0.05,0.5,10,20,3,4,20,3,0.15,0.2,12,max_count_reached
SUT-E,12,0.05,0.5,10,20,3,4,20,7,0.35,0.4666666666666667,13,max_count_reached
SUT-E,13,0.05,0.5,10,20,3,4,20,5,0.25,0.3333333333333333,12,max_count_reached
SUT-E,14,0.05,0.5,10,20,3,4,20,7,0.35,0.4666666666666667,13,max_count_reached
SUT-E,15,0.05,0.5,10,20,3,4,20,3,0.15,0.2,11,max_count_reached
SUT-E,16,0.05,0.5,10,20,3,4,20,9,0.45,0.6,15,max_count_reached
SUT-E,17,0.05,0.5,10,20,3,4,20,6,0.3,0.4,14,max_count_reached
SUT-E,18,0.05,0.5,10,20,3,4,20,4,0.2,0.26666666666666666,11,max_count_reached
SUT-E,19,0.05,0.5,10,20,3,4,20,4,0.2,0.26666666666666666,12,max_count_reached
SUT-E,0,0.05,0.5,10,20,3,5,20,8,0.4,0.5333333333333333,15,max_count_reached
SUT-E,1,0.05,0.5,10,20,3,5,20,7,0.35,0.4666666666666667,16,max_count_reached
SUT-E,2,0.05,0.5,10,20,3,5,20,4,0.2,0.26666666666666666,14,max_count_reached
SUT-E,3,0.05,0.5,10,20,3,5,20,4,0.2,0.26666666666666666,13,max_count_reached
SUT-E,4,0.05,0.5,10,20,3,5,20,7,0.35,0.4666666666666667,14,max_count_reached
SUT-E,5,0.05,0.5,10,20,3,5,20,9,0.45,0.6,16,max_count_reached
SUT-E,6,0.05,0.5,10,20,3,5,20,4,0.2,0.26666666666666666,8,max_count_reached
SUT-E,7,0.05,0.5,10,20,3,5,20,7,0.35,0.4666666666666667,16,max_count_reached
SUT-E,8,0.05,0.5,10,20,3,5,20,7,0.35,0.4666666666666667,12,max_count_reached
SUT-E,9,0.05,0.5,10,20,3,5,20,8,0.4,0.5333333333333333,15,max_count_reached
SUT-E,10,0.05,0.5,10,20,3,5,20,10,0.5,0.6666666666666666,15,max_count_reached
SUT-E,11,0.05,0.5,10,20,3,5,20,3,0.15,0.2,12,max_count_reached
SUT-E,12,0.05,0.5,10,20,3,5,20,7,0.35,0.4666666666666667,13,max_count_reached
SUT-E,13,0.05,0.5,10,20,3,5,20,5,0.25,0.3333333333333333,12,max_count_reached
SUT-E,14,0.05,0.5,10,20,3,5,20,7,0.35,0.4666666666666667,13,max_count_reached
SUT-E,15,0.05,0.5,10,20,3,5,20,3,0.15,0.2,11,max_count_reached
SUT-E,16,0.05,0.5,10,20,3,5,20,9,0.45,0.6,15,max_count_reached
SUT-E,17,0.05,0.5,10,20,3,5,20,6,0.3,0.4,14,max_count_reached
SUT-E,18,0.05,0.5,10,20,3,5,20,4,0.2,0.26666666666666666,11,max_count_reached
SUT-E,19,0.05,0.5,10,20,3,5,20,4,0.2,0.26666666666666666,12,max_count_reached
SUT-E,0,0.05,0.5,10,20,4,3,20,8,0.4,0.5333333333333333,15,max_count_reached
SUT-E,1,0.05,0.5,10,20,4,3,20,7,0.35,0.4666666666666667,16,max_count_reached
SUT-E,2,0.05,0.5,10,20,4,3,20,4,0.2,0.26666666666666666,14,max_count_reached
SUT-E,3,0.05,0.5,10,20,4,3,20,4,0.2,0.26666666666666666,13,max_count_reached
SUT-E,4,0.05,0.5,10,20,4,3,20,7,0.35,0.4666666666666667,14,max_count_reached
SUT-E,5,0.05,0.5,10,20,4,3,20,9,0.45,0.6,16,max_count_reached
SUT-E,6,0.05,0.5,10,20,4,3,20,4,0.2,0.26666666666666666,8,max_count_reached
SUT-E,7,0.05,0.5,10,20,4,3,20,7,0.35,0.4666666666666667,16,max_count_reached
SUT-E,8,0.05,0.5,10,20,4,3,20,7,0.35,0.4666666666666667,12,max_count_reached
SUT-E,9,0.05,0.5,10,20,4,3,20,8,0.4,0.5333333333333333,15,max_count_reached
SUT-E,10,0.05,0.5,10,20,4,3,20,10,0.5,0.6666666666666666,15,max_count_reached
SUT-E,11,0.05,0.5,10,20,4,3,20,3,0.15,0.2,12,max_count_reached
SUT-E,12,0.05,0.5,10,20,4,3,20,7,0.35,0.4666666666666667,13,max_count_reached
SUT-E,13,0.05,0.5,10,20,4,3,20,5,0.25,0.3333333333333333,12,max_count_reached
SUT-E,14,0.05,0.5,10,20,4,3,20,7,0.35,0.4666666666666667,13,max_count_reached
SUT-E,15,0.05,0.5,10,20,4,3,20,3,0.15,0.2,11,max_count_reached
SUT-E,16,0.05,0.5,10,20,4,3,20,9,0.45,0.6,15,max_count_reached
SUT-E,17,0.05,0.5,10,20,4,3,20,6,0.3,0.4,14,max_count_reached
SUT-E,18,0.05,0.5,10,20,4,3,20,4,0.2,0.26666666666666666,11,max_count_reached
SUT-E,19,0.05,0.5,10,20,4,3,20,4,0.2,0.26666666666666666,12,max_count_reached
SUT-E,0,0.05,0.5,10,20,4,4,20,8,0.4,0.5333333333333333,15,max_count_reached
SUT-E,1,0.05,0.5,10,20,4,4,20,7,0.35,0.4666666666666667,16,max_count_reached
SUT-E,2,0.05,0.5,10,20,4,4,20,4,0.2,0.26666666666666666,14,max_count_reached
SUT-E,3,0.05,0.5,10,20,4,4,20,4,0.2,0.26666666666666666,13,max_count_reached
SUT-E,4,0.05,0.5,10,20,4,4,20,7,0.35,0.4666666666666667,14,max_count_reached
SUT-E,5,0.05,0.5,10,20,4,4,20,9,0.45,0.6,16,max_count_reached
SUT-E,6,0.05,0.5,10,20,4,4,20,4,0.2,0.26666666666666666,8,max_count_reached
SUT-E,7,0.05,0.5,10,20,4,4,20,7,0.35,0.4666666666666667,16,max_count_reached
SUT-E,8,0.05,0.5,10,20,4,4,20,7,0.35,0.4666666666666667,12,max_count_reached
SUT-E,9,0.05,0.5,10,20,4,4,20,8,0.4,0.5333333333333333,15,max_count_reached
SUT-E,10,0.05,0.5,10,20,4,4,20,10,0.5,0.6666666666666666,15,max_count_reached
SUT-E,11,0.05,0.5,10,20,4,4,20,3,0.15,0.2,12,max_count_reached
SUT-E,12,0.05,0.5,10,20,4,4,20,7,0.35,0.4666666666666667,13,max_count_reached
SUT-E,13,0.05,0.5,10,20,4,4,20,5,0.25,0.3333333333333333,12,max_count_reached
SUT-E,14,0.05,0.5,10,20,4,4,20,7,0.35,0.4666666666666667,13,max_count_reached
SUT-E,15,0.05,0.5,10,20,4,4,20,3,0.15,0.2,11,max_count_reached
SUT-E,16,0.05,0.5,10,20,4,4,20,9,0.45,0.6,15,max_count_reached
SUT-E,17,0.05,0.5,10,20,4,4,20,6,0.3,0.4,14,max_count_reached
SUT-E,18,0.05,0.5,10,20,4,4,20,4,0.2,0.26666666666666666,11,max_count_reached
SUT-E,19,0.05,0.5,10,20,4,4,20,4,0.2,0.26666666666666666,12,max_count_reached
SUT-E,0,0.05,0.5,10,20,4,5,20,8,0.4,0.5333333333333333,15,max_count_reached
SUT-E,1,0.05,0.5,10,20,4,5,20,7,0.35,0.4666666666666667,16,max_count_reached
SUT-E,2,0.05,0.5,10,20,4,5,20,4,0.2,0.26666666666666666,14,max_count_reached
SUT-E,3,0.05,0.5,10,20,4,5,20,4,0.2,0.26666666666666666,13,max_count_reached
SUT-E,4,0.05,0.5,10,20,4,5,20,7,0.35,0.4666666666666667,14,max_count_reached
SUT-E,5,0.05,0.5,10,20,4,5,20,9,0.45,0.6,16,max_count_reached
SUT-E,6,0.05,0.5,10,20,4,5,20,4,0.2,0.26666666666666666,8,max_count_reached
SUT-E,7,0.05,0.5,10,20,4,5,20,7,0.35,0.4666666666666667,16,max_count_reached
SUT-E,8,0.05,0.5,10,20,4,5,20,7,0.35,0.4666666666666667,12,max_count_reached
SUT-E,9,0.05,0.5,10,20,4,5,20,8,0.4,0.5333333333333333,15,max_count_reached
SUT-E,10,0.05,0.5,10,20,4,5,20,10,0.5,0.6666666666666666,15,max_count_reached
SUT-E,11,0.05,0.5,10,20,4,5,20,3,0.15,0.2,12,max_count_reached
SUT-E,12,0.05,0.5,10,20,4,5,20,7,0.35,0.4666666666666667,13,max_count_reached
SUT-E,13,0.05,0.5,10,20,4,5,20,5,0.25,0.3333333333333333,12,max_count_reached
SUT-E,14,0.05,0.5,10,20,4,5,20,7,0.35,0.4666666666666667,13,max_count_reached
SUT-E,15,0.05,0.5,10,20,4,5,20,3,0.15,0.2,11,max_count_reached
SUT-E,16,0.05,0.5,10,20,4,5,20,9,0.45,0.6,15,max_count_reached
SUT-E,17,0.05,0.5,10,20,4,5,20,6,0.3,0.4,14,max_count_reached
SUT-E,18,0.05,0.5,10,20,4,5,20,4,0.2,0.26666666666666666,11,max_count_reached
SUT-E,19,0.05,0.5,10,20,4,5,20,4,0.2,0.26666666666666666,12,max_count_reached
SUT-E,0,0.1,0.4,20,20,2,3,20,8,0.4,0.5333333333333333,15,max_count_reached
SUT-E,1,0.1,0.4,20,20,2,3,20,7,0.35,0.4666666666666667,16,max_count_reached
SUT-E,2,0.1,0.4,20,20,2,3,20,4,0.2,0.26666666666666666,14,max_count_reached
SUT-E,3,0.1,0.4,20,20,2,3,20,4,0.2,0.26666666666666666,13,safe_neighbor_streak
SUT-E,4,0.1,0.4,20,20,2,3,20,7,0.35,0.4666666666666667,14,max_count_reached
SUT-E,5,0.1,0.4,20,20,2,3,20,9,0.45,0.6,16,max_count_reached
SUT-E,6,0.1,0.4,20,20,2,3,20,4,0.2,0.26666666666666666,8,max_count_reached
SUT-E,7,0.1,0.4,20,20,2,3,20,7,0.35,0.4666666666666667,16,max_count_reached
SUT-E,8,0.1,0.4,20,20,2,3,20,7,0.35,0.4666666666666667,12,max_count_reached
SUT-E,9,0.1,0.4,20,20,2,3,20,8,0.4,0.5333333333333333,15,max_count_reached
SUT-E,10,0.1,0.4,20,20,2,3,20,10,0.5,0.6666666666666666,15,max_count_reached
SUT-E,11,0.1,0.4,20,20,2,3,20,3,0.15,0.2,12,max_count_reached
SUT-E,12,0.1,0.4,20,20,2,3,20,7,0.35,0.4666666666666667,13,max_count_reached
SUT-E,13,0.1,0.4,20,20,2,3,20,5,0.25,0.3333333333333333,12,safe_neighbor_streak
SUT-E,14,0.1,0.4,20,20,2,3,20,7,0.35,0.4666666666666667,13,max_count_reached
SUT-E,15,0.1,0.4,20,20,2,3,20,3,0.15,0.2,11,max_count_reached
SUT-E,16,0.1,0.4,20,20,2,3,20,9,0.45,0.6,15,max_count_reached
SUT-E,17,0.1,0.4,20,20,2,3,20,6,0.3,0.4,14,max_count_reached
SUT-E,18,0.1,0.4,20,20,2,3,20,4,0.2,0.26666666666666666,11,max_count_reached
SUT-E,19,0.1,0.4,20,20,2,3,20,4,0.2,0.26666666666666666,12,max_count_reached
SUT-E,0,0.1,0.4,20,20,2,4,20,8,0.4,0.5333333333333333,15,max_count_reached
SUT-E,1,0.1,0.4,20,20,2,4,20,7,0.35,0.4666666666666667,16,max_count_reached
SUT-E,2,0.1,0.4,20,20,2,4,20,4,0.2,0.26666666666666666,14,max_count_reached
SUT-E,3,0.1,0.4,20,20,2,4,20,4,0.2,0.26666666666666666,13,max_count_reached
SUT-E,4,0.1,0.4,20,20,2,4,20,7,0.35,0.4666666666666667,14,max_count_reached
SUT-E,5,0.1,0.4,20,20,2,4,20,9,0.45,0.6,16,max_count_reached
SUT-E,6,0.1,0.4,20,20,2,4,20,4,0.2,0.26666666666666666,8,max_count_reached
SUT-E,7,0.1,0.4,20,20,2,4,20,7,0.35,0.4666666666666667,16,max_count_reached
SUT-E,8,0.1,0.4,20,20,2,4,20,7,0.35,0.4666666666666667,12,max_count_reached
SUT-E,9,0.1,0.4,20,20,2,4,20,8,0.4,0.5333333333333333,15,max_count_reached
SUT-E,10,0.1,0.4,20,20,2,4,20,10,0.5,0.6666666666666666,15,max_count_reached
SUT-E,11,0.1,0.4,20,20,2,4,20,3,0.15,0.2,12,max_count_reached
SUT-E,12,0.1,0.4,20,20,2,4,20,7,0.35,0.4666666666666667,13,max_count_reached
SUT-E,13,0.1,0.4,20,20,2,4,20,5,0.25,0.3333333333333333,12,max_count_reached
SUT-E,14,0.1,0.4,20,20,2,4,20,7,0.35,0.4666666666666667,13,max_count_reached
SUT-E,15,0.1,0.4,20,20,2,4,20,3,0.15,0.2,11,max_count_reached
SUT-E,16,0.1,0.4,20,20,2,4,20,9,0.45,0.6,15,max_count_reached
SUT-E,17,0.1,0.4,20,20,2,4,20,6,0.3,0.4,14,max_count_reached
SUT-E,18,0.1,0.4,20,20,2,4,20,4,0.2,0.26666666666666666,11,max_count_reached
SUT-E,19,0.1,0.4,20,20,2,4,20,4,0.2,0.26666666666666666,12,max_count_reached
SUT-E,0,0.1,0.4,20,20,2,5,20,8,0.4,0.5333333333333333,15,max_count_reached
SUT-E,1,0.1,0.4,20,20,2,5,20,7,0.35,0.4666666666666667,16,max_count_reached
SUT-E,2,0.1,0.4,20,20,2,5,20,4,0.2,0.26666666666666666,14,max_count_reached
SUT-E,3,0.1,0.4,20,20,2,5,20,4,0.2,0.26666666666666666,13,max_count_reached
SUT-E,4,0.1,0.4,20,20,2,5,20,7,0.35,0.4666666666666667,14,max_count_reached
SUT-E,5,0.1,0.4,20,20,2,5,20,9,0.45,0.6,16,max_count_reached
SUT-E,6,0.1,0.4,20,20,2,5,20,4,0.2,0.26666666666666666,8,max_count_reached
SUT-E,7,0.1,0.4,20,20,2,5,20,7,0.35,0.4666666666666667,16,max_count_reached
SUT-E,8,0.1,0.4,20,20,2,5,20,7,0.35,0.4666666666666667,12,max_count_reached
SUT-E,9,0.1,0.4,20,20,2,5,20,8,0.4,0.5333333333333333,15,max_count_reached
SUT-E,10,0.1,0.4,20,20,2,5,20,10,0.5,0.6666666666666666,15,max_count_reached
SUT-E,11,0.1,0.4,20,20,2,5,20,3,0.15,0.2,12,max_count_reached
SUT-E,12,0.1,0.4,20,20,2,5,20,7,0.35,0.4666666666666667,13,max_count_reached
SUT-E,13,0.1,0.4,20,20,2,5,20,5,0.25,0.3333333333333333,12,max_count_reached
SUT-E,14,0.1,0.4,20,20,2,5,20,7,0.35,0.4666666666666667,13,max_count_reached
SUT-E,15,0.1,0.4,20,20,2,5,20,3,0.15,0.2,11,max_count_reached
SUT-E,16,0.1,0.4,20,20,2,5,20,9,0.45,0.6,15,max_count_reached
SUT-E,17,0.1,0.4,20,20,2,5,20,6,0.3,0.4,14,max_count_reached
SUT-E,18,0.1,0.4,20,20,2,5,20,4,0.2,0.26666666666666666,11,max_count_reached
SUT-E,19,0.1,0.4,20,20,2,5,20,4,0.2,0.26666666666666666,12,max_count_reached
SUT-E,0,0.1,0.4,20,20,3,3,20,8,0.4,0.5333333333333333,15,max_count_reached
SUT-E,1,0.1,0.4,20,20,3,3,20,7,0.35,0.4666666666666667,16,max_count_reached
SUT-E,2,0.1,0.4,20,20,3,3,20,4,0.2,0.26666666666666666,14,max_count_reached
SUT-E,3,0.1,0.4,20,20,3,3,20,4,0.2,0.26666666666666666,13,max_count_reached
SUT-E,4,0.1,0.4,20,20,3,3,20,7,0.35,0.4666666666666667,14,max_count_reached
SUT-E,5,0.1,0.4,20,20,3,3,20,9,0.45,0.6,16,max_count_reached
SUT-E,6,0.1,0.4,20,20,3,3,20,4,0.2,0.26666666666666666,8,max_count_reached
SUT-E,7,0.1,0.4,20,20,3,3,20,7,0.35,0.4666666666666667,16,max_count_reached
SUT-E,8,0.1,0.4,20,20,3,3,20,7,0.35,0.4666666666666667,12,max_count_reached
SUT-E,9,0.1,0.4,20,20,3,3,20,8,0.4,0.5333333333333333,15,max_count_reached
SUT-E,10,0.1,0.4,20,20,3,3,20,10,0.5,0.6666666666666666,15,max_count_reached
SUT-E,11,0.1,0.4,20,20,3,3,20,3,0.15,0.2,12,max_count_reached
SUT-E,12,0.1,0.4,20,20,3,3,20,7,0.35,0.4666666666666667,13,max_count_reached
SUT-E,13,0.1,0.4,20,20,3,3,20,5,0.25,0.3333333333333333,12,max_count_reached
SUT-E,14,0.1,0.4,20,20,3,3,20,7,0.35,0.4666666666666667,13,max_count_reached
SUT-E,15,0.1,0.4,20,20,3,3,20,3,0.15,0.2,11,max_count_reached
SUT-E,16,0.1,0.4,20,20,3,3,20,9,0.45,0.6,15,max_count_reached
SUT-E,17,0.1,0.4,20,20,3,3,20,6,0.3,0.4,14,max_count_reached
SUT-E,18,0.1,0.4,20,20,3,3,20,4,0.2,0.26666666666666666,11,max_count_reached
SUT-E,19,0.1,0.4,20,20,3,3,20,4,0.2,0.26666666666666666,12,max_count_reached
SUT-E,0,0.1,0.4,20,20,3,4,20,8,0.4,0.5333333333333333,15,max_count_reached
SUT-E,1,0.1,0.4,20,20,3,4,20,7,0.35,0.4666666666666667,16,max_count_reached
SUT-E,2,0.1,0.4,20,20,3,4,20,4,0.2,0.26666666666666666,14,max_count_reached
SUT-E,3,0.1,0.4,20,20,3,4,20,4,0.2,0.26666666666666666,13,max_count_reached
SUT-E,4,0.1,0.4,20,20,3,4,20,7,0.35,0.4666666666666667,14,max_count_reached
SUT-E,5,0.1,0.4,20,20,3,4,20,9,0.45,0.6,16,max_count_reached
SUT-E,6,0.1,0.4,20,20,3,4,20,4,0.2,0.26666666666666666,8,max_count_reached
SUT-E,7,0.1,0.4,20,20,3,4,20,7,0.35,0.4666666666666667,16,max_count_reached
SUT-E,8,0.1,0.4,20,20,3,4,20,7,0.35,0.4666666666666667,12,max_count_reached
SUT-E,9,0.1,0.4,20,20,3,4,20,8,0.4,0.5333333333333333,15,max_count_reached
SUT-E,10,0.1,0.4,20,20,3,4,20,10,0.5,0.6666666666666666,15,max_count_reached
SUT-E,11,0.1,0.4,20,20,3,4,20,3,0.15,0.2,12,max_count_reached
SUT-E,12,0.1,0.4,20,20,3,4,20,7,0.35,0.4666666666666667,13,max_count_reached
SUT-E,13,0.1,0.4,20,20,3,4,20,5,0.25,0.3333333333333333,12,max_count_reached
SUT-E,14,0.1,0.4,20,20,3,4,20,7,0.35,0.4666666666666667,13,max_count_reached
SUT-E,15,0.1,0.4,20,20,3,4,20,3,0.15,0.2,11,max_count_reached
SUT-E,16,0.1,0.4,20,20,3,4,20,9,0.45,0.6,15,max_count_reached
SUT-E,17,0.1,0.4,20,20,3,4,20,6,0.3,0.4,14,max_count_reached
SUT-E,18,0.1,0.4,20,20,3,4,20,4,0.2,0.26666666666666666,11,max_count_reached
SUT-E,19,0.1,0.4,20,20,3,4,20,4,0.2,0.26666666666666666,12,max_count_reached
SUT-E,0,0.1,0.4,20,20,3,5,20,8,0.4,0.5333333333333333,15,max_count_reached
SUT-E,1,0.1,0.4,20,20,3,5,20,7,0.35,0.4666666666666667,16,max_count_reached
SUT-E,2,0.1,0.4,20,20,3,5,20,4,0.2,0.26666666666666666,14,max_count_reached
SUT-E,3,0.1,0.4,20,20,3,5,20,4,0.2,0.26666666666666666,13,max_count_reached
SUT-E,4,0.1,0.4,20,20,3,5,20,7,0.35,0.4666666666666667,14,max_count_reached
SUT-E,5,0.1,0.4,20,20,3,5,20,9,0.45,0.6,16,max_count_reached
SUT-E,6,0.1,0.4,20,20,3,5,20,4,0.2,0.26666666666666666,8,max_count_reached
SUT-E,7,0.1,0.4,20,20,3,5,20,7,0.35,0.4666666666666667,16,max_count_reached
SUT-E,8,0.1,0.4,20,20,3,5,20,7,0.35,0.4666666666666667,12,max_count_reached
SUT-E,9,0.1,0.4,20,20,3,5,20,8,0.4,0.5333333333333333,15,max_count_reached
SUT-E,10,0.1,0.4,20,20,3,5,20,10,0.5,0.6666666666666666,15,max_count_reached
SUT-E,11,0.1,0.4,20,20,3,5,20,3,0.15,0.2,12,max_count_reached
SUT-E,12,0.1,0.4,20,20,3,5,20,7,0.35,0.4666666666666667,13,max_count_reached
SUT-E,13,0.1,0.4,20,20,3,5,20,5,0.25,0.3333333333333333,12,max_count_reached
SUT-E,14,0.1,0.4,20,20,3,5,20,7,0.35,0.4666666666666667,13,max_count_reached
SUT-E,15,0.1,0.4,20,20,3,5,20,3,0.15,0.2,11,max_count_reached
SUT-E,16,0.1,0.4,20,20,3,5,20,9,0.45,0.6,15,max_count_reached
SUT-E,17,0.1,0.4,20,20,3,5,20,6,0.3,0.4,14,max_count_reached
SUT-E,18,0.1,0.4,20,20,3,5,20,4,0.2,0.26666666666666666,11,max_count_reached
SUT-E,19,0.1,0.4,20,20,3,5,20,4,0.2,0.26666666666666666,12,max_count_reached
SUT-E,0,0.1,0.4,20,20,4,3,20,8,0.4,0.5333333333333333,15,max_count_reached
SUT-E,1,0.1,0.4,20,20,4,3,20,7,0.35,0.4666666666666667,16,max_count_reached
SUT-E,2,0.1,0.4,20,20,4,3,20,4,0.2,0.26666666666666666,14,max_count_reached
SUT-E,3,0.1,0.4,20,20,4,3,20,4,0.2,0.26666666666666666,13,max_count_reached
SUT-E,4,0.1,0.4,20,20,4,3,20,7,0.35,0.4666666666666667,14,max_count_reached
SUT-E,5,0.1,0.4,20,20,4,3,20,9,0.45,0.6,16,max_count_reached
SUT-E,6,0.1,0.4,20,20,4,3,20,4,0.2,0.26666666666666666,8,max_count_reached
SUT-E,7,0.1,0.4,20,20,4,3,20,7,0.35,0.4666666666666667,16,max_count_reached
SUT-E,8,0.1,0.4,20,20,4,3,20,7,0.35,0.4666666666666667,12,max_count_reached
SUT-E,9,0.1,0.4,20,20,4,3,20,8,0.4,0.5333333333333333,15,max_count_reached
SUT-E,10,0.1,0.4,20,20,4,3,20,10,0.5,0.6666666666666666,15,max_count_reached
SUT-E,11,0.1,0.4,20,20,4,3,20,3,0.15,0.2,12,max_count_reached
SUT-E,12,0.1,0.4,20,20,4,3,20,7,0.35,0.4666666666666667,13,max_count_reached
SUT-E,13,0.1,0.4,20,20,4,3,20,5,0.25,0.3333333333333333,12,max_count_reached
SUT-E,14,0.1,0.4,20,20,4,3,20,7,0.35,0.4666666666666667,13,max_count_reached
SUT-E,15,0.1,0.4,20,20,4,3,20,3,0.15,0.2,11,max_count_reached
SUT-E,16,0.1,0.4,20,20,4,3,20,9,0.45,0.6,15,max_count_reached
SUT-E,17,0.1,0.4,20,20,4,3,20,6,0.3,0.4,14,max_count_reached
SUT-E,18,0.1,0.4,20,20,4,3,20,4,0.2,0.26666666666666666,11,max_count_reached
SUT-E,19,0.1,0.4,20,20,4,3,20,4,0.2,0.26666666666666666,12,max_count_reached
SUT-E,0,0.1,0.4,20,20,4,4,20,8,0.4,0.5333333333333333,15,max_count_reached
SUT-E,1,0.1,0.4,20,20,4,4,20,7,0.35,0.4666666666666667,16,max_count_reached
SUT-E,2,0.1,0.4,20,20,4,4,20,4,0.2,0.26666666666666666,14,max_count_reached
SUT-E,3,0.1,0.4,20,20,4,4,20,4,0.2,0.26666666666666666,13,max_count_reached
SUT-E,4,0.1,0.4,20,20,4,4,20,7,0.35,0.4666666666666667,14,max_count_reached
SUT-E,5,0.1,0.4,20,20,4,4,20,9,0.45,0.6,16,max_count_reached
SUT-E,6,0.1,0.4,20,20,4,4,20,4,0.2,0.26666666666666666,8,max_count_reached
SUT-E,7,0.1,0.4,20,20,4,4,20,7,0.35,0.4666666666666667,16,max_count_reached
SUT-E,8,0.1,0.4,20,20,4,4,20,7,0.35,0.4666666666666667,12,max_count_reached
SUT-E,9,0.1,0.4,20,20,4,4,20,8,0.4,0.5333333333333333,15,max_count_reached
SUT-E,10,0.1,0.4,20,20,4,4,20,10,0.5,0.6666666666666666,15,max_count_reached
SUT-E,11,0.1,0.4,20,20,4,4,20,3,0.15,0.2,12,max_count_reached
SUT-E,12,0.1,0.4,20,20,4,4,20,7,0.35,0.4666666666666667,13,max_count_reached
SUT-E,13,0.1,0.4,20,20,4,4,20,5,0.25,0.3333333333333333,12,max_count_reached
SUT-E,14,0.1,0.4,20,20,4,4,20,7,0.35,0.4666666666666667,13,max_count_reached
SUT-E,15,0.1,0.4,20,20,4,4,20,3,0.15,0.2,11,max_count_reached
SUT-E,16,0.1,0.4,20,20,4,4,20,9,0.45,0.6,15,max_count_reached
SUT-E,17,0.1,0.4,20,20,4,4,20,6,0.3,0.4,14,max_count_reached
SUT-E,18,0.1,0.4,20,20,4,4,20,4,0.2,0.26666666666666666,11,max_count_reached
SUT-E,19,0.1,0.4,20,20,4,4,20,4,0.2,0.26666666666666666,12,max_count_reached
SUT-E,0,0.1,0.4,20,20,4,5,20,8,0.4,0.5333333333333333,15,max_count_reached
SUT-E,1,0.1,0.4,20,20,4,5,20,7,0.35,0.4666666666666667,16,max_count_reached
SUT-E,2,0.1,0.4,20,20,4,5,20,4,0.2,0.26666666666666666,14,max_count_reached
SUT-E,3,0.1,0.4,20,20,4,5,20,4,0.2,0.26666666666666666,13,max_count_reached
SUT-E,4,0.1,0.4,20,20,4,5,20,7,0.35,0.4666666666666667,14,max_count_reached
SUT-E,5,0.1,0.4,20,20,4,5,20,9,0.45,0.6,16,max_count_reached
SUT-E,6,0.1,0.4,20,20,4,5,20,4,0.2,0.26666666666666666,8,max_count_reached
SUT-E,7,0.1,0.4,20,20,4,5,20,7,0.35,0.4666666666666667,16,max_count_reached
SUT-E,8,0.1,0.4,20,20,4,5,20,7,0.35,0.4666666666666667,12,max_count_reached
SUT-E,9,0.1,0.4,20,20,4,5,20,8,0.4,0.5333333333333333,15,max_count_reached
SUT-E,10,0.1,0.4,20,20,4,5,20,10,0.5,0.6666666666666666,15,max_count_reached
SUT-E,11,0.1,0.4,20,20,4,5,20,3,0.15,0.2,12,max_count_reached
SUT-E,12,0.1,0.4,20,20,4,5,20,7,0.35,0.4666666666666667,13,max_count_reached
SUT-E,13,0.1,0.4,20,20,4,5,20,5,0.25,0.3333333333333333,12,max_count_reached
SUT-E,14,0.1,0.4,20,20,4,5,20,7,0.35,0.4666666666666667,13,max_count_reached
SUT-E,15,0.1,0.4,20,20,4,5,20,3,0.15,0.2,11,max_count_reached
SUT-E,16,0.1,0.4,20,20,4,5,20,9,0.45,0.6,15,max_count_reached
SUT-E,17,0.1,0.4,20,20,4,5,20,6,0.3,0.4,14,max_count_reached
SUT-E,18,0.1,0.4,20,20,4,5,20,4,0.2,0.26666666666666666,11,max_count_reached
SUT-E,19,0.1,0.4,20,20,4,5,20,4,0.2,0.26666666666666666,12,max_count_reached
SUT-E,0,0.1,0.5,20,20,2,3,20,8,0.4,0.5333333333333333,15,max_count_reached
SUT-E,1,0.1,0.5,20,20,2,3,20,7,0.35,0.4666666666666667,16,max_count_reached
SUT-E,2,0.1,0.5,20,20,2,3,20,4,0.2,0.26666666666666666,14,max_count_reached
SUT-E,3,0.1,0.5,20,20,2,3,20,4,0.2,0.26666666666666666,13,safe_neighbor_streak
SUT-E,4,0.1,0.5,20,20,2,3,20,7,0.35,0.4666666666666667,14,max_count_reached
SUT-E,5,0.1,0.5,20,20,2,3,20,9,0.45,0.6,16,max_count_reached
SUT-E,6,0.1,0.5,20,20,2,3,20,4,0.2,0.26666666666666666,8,max_count_reached
SUT-E,7,0.1,0.5,20,20,2,3,20,7,0.35,0.4666666666666667,16,max_count_reached
SUT-E,8,0.1,0.5,20,20,2,3,20,7,0.35,0.4666666666666667,12,max_count_reached
SUT-E,9,0.1,0.5,20,20,2,3,20,8,0.4,0.5333333333333333,15,max_count_reached
SUT-E,10,0.1,0.5,20,20,2,3,20,10,0.5,0.6666666666666666,15,max_count_reached
SUT-E,11,0.1,0.5,20,20,2,3,20,3,0.15,0.2,12,max_count_reached
SUT-E,12,0.1,0.5,20,20,2,3,20,7,0.35,0.4666666666666667,13,max_count_reached
SUT-E,13,0.1,0.5,20,20,2,3,20,5,0.25,0.3333333333333333,12,safe_neighbor_streak
SUT-E,14,0.1,0.5,20,20,2,3,20,7,0.35,0.4666666666666667,13,max_count_reached
SUT-E,15,0.1,0.5,20,20,2,3,20,3,0.15,0.2,11,max_count_reached
SUT-E,16,0.1,0.5,20,20,2,3,20,9,0.45,0.6,15,max_count_reached
SUT-E,17,0.1,0.5,20,20,2,3,20,6,0.3,0.4,14,max_count_reached
SUT-E,18,0.1,0.5,20,20,2,3,20,4,0.2,0.26666666666666666,11,max_count_reached
SUT-E,19,0.1,0.5,20,20,2,3,20,4,0.2,0.26666666666666666,12,max_count_reached
SUT-E,0,0.1,0.5,20,20,2,4,20,8,0.4,0.5333333333333333,15,max_count_reached
SUT-E,1,0.1,0.5,20,20,2,4,20,7,0.35,0.4666666666666667,16,max_count_reached
SUT-E,2,0.1,0.5,20,20,2,4,20,4,0.2,0.26666666666666666,14,max_count_reached
SUT-E,3,0.1,0.5,20,20,2,4,20,4,0.2,0.26666666666666666,13,max_count_reached
SUT-E,4,0.1,0.5,20,20,2,4,20,7,0.35,0.4666666666666667,14,max_count_reached
SUT-E,5,0.1,0.5,20,20,2,4,20,9,0.45,0.6,16,max_count_reached
SUT-E,6,0.1,0.5,20,20,2,4,20,4,0.2,0.26666666666666666,8,max_count_reached
SUT-E,7,0.1,0.5,20,20,2,4,20,7,0.35,0.4666666666666667,16,max_count_reached
SUT-E,8,0.1,0.5,20,20,2,4,20,7,0.35,0.4666666666666667,12,max_count_reached
SUT-E,9,0.1,0.5,20,20,2,4,20,8,0.4,0.5333333333333333,15,max_count_reached
SUT-E,10,0.1,0.5,20,20,2,4,20,10,0.5,0.6666666666666666,15,max_count_reached
SUT-E,11,0.1,0.5,20,20,2,4,20,3,0.15,0.2,12,max_count_reached
SUT-E,12,0.1,0.5,20,20,2,4,20,7,0.35,0.4666666666666667,13,max_count_reached
SUT-E,13,0.1,0.5,20,20,2,4,20,5,0.25,0.3333333333333333,12,max_count_reached
SUT-E,14,0.1,0.5,20,20,2,4,20,7,0.35,0.4666666666666667,13,max_count_reached
SUT-E,15,0.1,0.5,20,20,2,4,20,3,0.15,0.2,11,max_count_reached
SUT-E,16,0.1,0.5,20,20,2,4,20,9,0.45,0.6,15,max_count_reached
SUT-E,17,0.1,0.5,20,20,2,4,20,6,0.3,0.4,14,max_count_reached
SUT-E,18,0.1,0.5,20,20,2,4,20,4,0.2,0.26666666666666666,11,max_count_reached
SUT-E,19,0.1,0.5,20,20,2,4,20,4,0.2,0.26666666666666666,12,max_count_reached
SUT-E,0,0.1,0.5,20,20,2,5,20,8,0.4,0.5333333333333333,15,max_count_reached
SUT-E,1,0.1,0.5,20,20,2,5,20,7,0.35,0.4666666666666667,16,max_count_reached
SUT-E,2,0.1,0.5,20,20,2,5,20,4,0.2,0.26666666666666666,14,max_count_reached
SUT-E,3,0.1,0.5,20,20,2,5,20,4,0.2,0.26666666666666666,13,max_count_reached
SUT-E,4,0.1,0.5,20,20,2,5,20,7,0.35,0.4666666666666667,14,max_count_reached
SUT-E,5,0.1,0.5,20,20,2,5,20,9,0.45,0.6,16,max_count_reached
SUT-E,6,0.1,0.5,20,20,2,5,20,4,0.2,0.26666666666666666,8,max_count_reached
SUT-E,7,0.1,0.5,20,20,2,5,20,7,0.35,0.4666666666666667,16,max_count_reached
SUT-E,8,0.1,0.5,20,20,2,5,20,7,0.35,0.4666666666666667,12,max_count_reached
SUT-E,9,0.1,0.5,20,20,2,5,20,8,0.4,0.5333333333333333,15,max_count_reached
SUT-E,10,0.1,0.5,20,20,2,5,20,10,0.5,0.6666666666666666,15,max_count_reached
SUT-E,11,0.1,0.5,20,20,2,5,20,3,0.15,0.2,12,max_count_reached
SUT-E,12,0.1,0.5,20,20,2,5,20,7,0.35,0.4666666666666667,13,max_count_reached
SUT-E,13,0.1,0.5,20,20,2,5,20,5,0.25,0.3333333333333333,12,max_count_reached
SUT-E,14,0.1,0.5,20,20,2,5,20,7,0.35,0.4666666666666667,13,max_count_reached
SUT-E,15,0.1,0.5,20,20,2,5,20,3,0.15,0.2,11,max_count_reached
SUT-E,16,0.1,0.5,20,20,2,5,20,9,0.45,0.6,15,max_count_reached
SUT-E,17,0.1,0.5,20,20,2,5,20,6,0.3,0.4,14,max_count_reached
SUT-E,18,0.1,0.5,20,20,2,5,20,4,0.2,0.26666666666666666,11,max_count_reached
SUT-E,19,0.1,0.5,20,20,2,5,20,4,0.2,0.26666666666666666,12,max_count_reached
SUT-E,0,0.1,0.5,20,20,3,3,20,8,0.4,0.5333333333333333,15,max_count_reached
SUT-E,1,0.1,0.5,20,20,3,3,20,7,0.35,0.4666666666666667,16,max_count_reached
SUT-E,2,0.1,0.5,20,20,3,3,20,4,0.2,0.26666666666666666,14,max_count_reached
SUT-E,3,0.1,0.5,20,20,3,3,20,4,0.2,0.26666666666666666,13,max_count_reached
SUT-E,4,0.1,0.5,20,20,3,3,20,7,0.35,0.4666666666666667,14,max_count_reached
SUT-E,5,0.1,0.5,20,20,3,3,20,9,0.45,0.6,16,max_count_reached
SUT-E,6,0.1,0.5,20,20,3,3,20,4,0.2,0.26666666666666666,8,max_count_reached
SUT-E,7,0.1,0.5,20,20,3,3,20,7,0.35,0.4666666666666667,16,max_count_reached
SUT-E,8,0.1,0.5,20,20,3,3,20,7,0.35,0.4666666666666667,12,max_count_reached
SUT-E,9,0.1,0.5,20,20,3,3,20,8,0.4,0.5333333333333333,15,max_count_reached
SUT-E,10,0.1,0.5,20,20,3,3,20,10,0.5,0.6666666666666666,15,max_count_reached
SUT-E,11,0.1,0.5,20,20,3,3,20,3,0.15,0.2,12,max_count_reached
SUT-E,12,0.1,0.5,20,20,3,3,20,7,0.35,0.4666666666666667,13,max_count_reached
SUT-E,13,0.1,0.5,20,20,3,3,20,5,0.25,0.3333333333333333,12,max_count_reached
SUT-E,14,0.1,0.5,20,20,3,3,20,7,0.35,0.4666666666666667,13,max_count_reached
SUT-E,15,0.1,0.5,20,20,3,3,20,3,0.15,0.2,11,max_count_reached
SUT-E,16,0.1,0.5,20,20,3,3,20,9,0.45,0.6,15,max_count_reached
SUT-E,17,0.1,0.5,20,20,3,3,20,6,0.3,0.4,14,max_count_reached
SUT-E,18,0.1,0.5,20,20,3,3,20,4,0.2,0.26666666666666666,11,max_count_reached
SUT-E,19,0.1,0.5,20,20,3,3,20,4,0.2,0.26666666666666666,12,max_count_reached
SUT-E,0,0.1,0.5,20,20,3,4,20,8,0.4,0.5333333333333333,15,max_count_reached
SUT-E,1,0.1,0.5,20,20,3,4,20,7,0.35,0.4666666666666667,16,max_count_reached
SUT-E,2,0.1,0.5,20,20,3,4,20,4,0.2,0.26666666666666666,14,max_count_reached
SUT-E,3,0.1,0.5,20,20,3,4,20,4,0.2,0.26666666666666666,13,max_count_reached
SUT-E,4,0.1,0.5,20,20,3,4,20,7,0.35,0.4666666666666667,14,max_count_reached
SUT-E,5,0.1,0.5,20,20,3,4,20,9,0.45,0.6,16,max_count_reached
SUT-E,6,0.1,0.5,20,20,3,4,20,4,0.2,0.26666666666666666,8,max_count_reached
SUT-E,7,0.1,0.5,20,20,3,4,20,7,0.35,0.4666666666666667,16,max_count_reached
SUT-E,8,0.1,0.5,20,20,3,4,20,7,0.35,0.4666666666666667,12,max_count_reached
SUT-E,9,0.1,0.5,20,20,3,4,20,8,0.4,0.5333333333333333,15,max_count_reached
SUT-E,10,0.1,0.5,20,20,3,4,20,10,0.5,0.6666666666666666,15,max_count_reached
SUT-E,11,0.1,0.5,20,20,3,4,20,3,0.15,0.2,12,max_count_reached
SUT-E,12,0.1,0.5,20,20,3,4,20,7,0.35,0.4666666666666667,13,max_count_reached
SUT-E,13,0.1,0.5,20,20,3,4,20,5,0.25,0.3333333333333333,12,max_count_reached
SUT-E,14,0.1,0.5,20,20,3,4,20,7,0.35,0.4666666666666667,13,max_count_reached
SUT-E,15,0.1,0.5,20,20,3,4,20,3,0.15,0.2,11,max_count_reached
SUT-E,16,0.1,0.5,20,20,3,4,20,9,0.45,0.6,15,max_count_reached
SUT-E,17,0.1,0.5,20,20,3,4,20,6,0.3,0.4,14,max_count_reached
SUT-E,18,0.1,0.5,20,20,3,4,20,4,0.2,0.26666666666666666,11,max_count_reached
SUT-E,19,0.1,0.5,20,20,3,4,20,4,0.2,0.26666666666666666,12,max_count_reached
SUT-E,0,0.1,0.5,20,20,3,5,20,8,0.4,0.5333333333333333,15,max_count_reached
SUT-E,1,0.1,0.5,20,20,3,5,20,7,0.35,0.4666666666666667,16,max_count_reached
SUT-E,2,0.1,0.5,20,20,3,5,20,4,0.2,0.26666666666666666,14,max_count_reached
SUT-E,3,0.1,0.5,20,20,3,5,20,4,0.2,0.26666666666666666,13,max_count_reached
SUT-E,4,0.1,0.5,20,20,3,5,20,7,0.35,0.4666666666666667,14,max_count_reached
SUT-E,5,0.1,0.5,20,20,3,5,20,9,0.45,0.6,16,max_count_reached
SUT-E,6,0.1,0.5,20,20,3,5,20,4,0.2,0.26666666666666666,8,max_count_reached
SUT-E,7,0.1,0.5,20,20,3,5,20,7,0.35,0.4666666666666667,16,max_count_reached
SUT-E,8,0.1,0.5,20,20,3,5,20,7,0.35,0.4666666666666667,12,max_count_reached
SUT-E,9,0.1,0.5,20,20,3,5,20,8,0.4,0.5333333333333333,15,max_count_reached
SUT-E,10,0.1,0.5,20,20,3,5,20,10,0.5,0.6666666666666666,15,max_count_reached
SUT-E,11,0.1,0.5,20,20,3,5,20,3,0.15,0.2,12,max_count_reached
SUT-E,12,0.1,0.5,20,20,3,5,20,7,0.35,0.4666666666666667,13,max_count_reached
SUT-E,13,0.1,0.5,20,20,3,5,20,5,0.25,0.3333333333333333,12,max_count_reached
SUT-E,14,0.1,0.5,20,20,3,5,20,7,0.35,0.4666666666666667,13,max_count_reached
SUT-E,15,0.1,0.5,20,20,3,5,20,3,0.15,0.2,11,max_count_reached
SUT-E,16,0.1,0.5,20,20,3,5,20,9,0.45,0.6,15,max_count_reached
SUT-E,17,0.1,0.5,20,20,3,5,20,6,0.3,0.4,14,max_count_reached
SUT-E,18,0.1,0.5,20,20,3,5,20,4,0.2,0.26666666666666666,11,max_count_reached
SUT-E,19,0.1,0.5,20,20,3,5,20,4,0.2,0.26666666666666666,12,max_count_reached
SUT-E,0,0.1,0.5,20,20,4,3,20,8,0.4,0.5333333333333333,15,max_count_reached
SUT-E,1,0.1,0.5,20,20,4,3,20,7,0.35,0.4666666666666667,16,max_count_reached
SUT-E,2,0.1,0.5,20,20,4,3,20,4,0.2,0.26666666666666666,14,max_count_reached
SUT-E,3,0.1,0.5,20,20,4,3,20,4,0.2,0.26666666666666666,13,max_count_reached
SUT-E,4,0.1,0.5,20,20,4,3,20,7,0.35,0.4666666666666667,14,max_count_reached
SUT-E,5,0.1,0.5,20,20,4,3,20,9,0.45,0.6,16,max_count_reached
SUT-E,6,0.1,0.5,20,20,4,3,20,4,0.2,0.26666666666666666,8,max_count_reached
SUT-E,7,0.1,0.5,20,20,4,3,20,7,0.35,0.4666666666666667,16,max_count_reached
SUT-E,8,0.1,0.5,20,20,4,3,20,7,0.35,0.4666666666666667,12,max_count_reached
SUT-E,9,0.1,0.5,20,20,4,3,20,8,0.4,0.5333333333333333,15,max_count_reached
SUT-E,10,0.1,0.5,20,20,4,3,20,10,0.5,0.6666666666666666,15,max_count_reached
SUT-E,11,0.1,0.5,20,20,4,3,20,3,0.15,0.2,12,max_count_reached
SUT-E,12,0.1,0.5,20,20,4,3,20,7,0.35,0.4666666666666667,13,max_count_reached
SUT-E,13,0.1,0.5,20,20,4,3,20,5,0.25,0.3333333333333333,12,max_count_reached
SUT-E,14,0.1,0.5,20,20,4,3,20,7,0.35,0.4666666666666667,13,max_count_reached
SUT-E,15,0.1,0.5,20,20,4,3,20,3,0.15,0.2,11,max_count_reached
SUT-E,16,0.1,0.5,20,20,4,3,20,9,0.45,0.6,15,max_count_reached
SUT-E,17,0.1,0.5,20,20,4,3,20,6,0.3,0.4,14,max_count_reached
SUT-E,18,0.1,0.5,20,20,4,3,20,4,0.2,0.26666666666666666,11,max_count_reached
SUT-E,19,0.1,0.5,20,20,4,3,20,4,0.2,0.26666666666666666,12,max_count_reached
SUT-E,0,0.1,0.5,20,20,4,4,20,8,0.4,0.5333333333333333,15,max_count_reached
SUT-E,1,0.1,0.5,20,20,4,4,20,7,0.35,0.4666666666666667,16,max_count_reached
SUT-E,2,0.1,0.5,20,20,4,4,20,4,0.2,0.26666666666666666,14,max_count_reached
SUT-E,3,0.1,0.5,20,20,4,4,20,4,0.2,0.26666666666666666,13,max_count_reached
SUT-E,4,0.1,0.5,20,20,4,4,20,7,0.35,0.4666666666666667,14,max_count_reached
SUT-E,5,0.1,0.5,20,20,4,4,20,9,0.45,0.6,16,max_count_reached
SUT-E,6,0.1,0.5,20,20,4,4,20,4,0.2,0.26666666666666666,8,max_count_reached
SUT-E,7,0.1,0.5,20,20,4,4,20,7,0.35,0.4666666666666667,16,max_count_reached
SUT-E,8,0.1,0.5,20,20,4,4,20,7,0.35,0.4666666666666667,12,max_count_reached
SUT-E,9,0.1,0.5,20,20,4,4,20,8,0.4,0.5333333333333333,15,max_count_reached
SUT-E,10,0.1,0.5,20,20,4,4,20,10,0.5,0.6666666666666666,15,max_count_reached
SUT-E,11,0.1,0.5,20,20,4,4,20,3,0.15,0.2,12,max_count_reached
SUT-E,12,0.1,0.5,20,20,4,4,20,7,0.35,0.4666666666666667,13,max_count_reached
SUT-E,13,0.1,0.5,20,20,4,4,20,5,0.25,0.3333333333333333,12,max_count_reached
SUT-E,14,0.1,0.5,20,20,4,4,20,7,0.35,0.4666666666666667,13,max_count_reached
SUT-E,15,0.1,0.5,20,20,4,4,20,3,0.15,0.2,11,max_count_reached
SUT-E,16,0.1,0.5,20,20,4,4,20,9,0.45,0.6,15,max_count_reached
SUT-E,17,0.1,0.5,20,20,4,4,20,6,0.3,0.4,14,max_count_reached
SUT-E,18,0.1,0.5,20,20,4,4,20,4,0.2,0.26666666666666666,11,max_count_reached
SUT-E,19,0.1,0.5,20,20,4,4,20,4,0.2,0.26666666666666666,12,max_count_reached
SUT-E,0,0.1,0.5,20,20,4,5,20,8,0.4,0.5333333333333333,15,max_count_reached
SUT-E,1,0.1,0.5,20,20,4,5,20,7,0.35,0.4666666666666667,16,max_count_reached
SUT-E,2,0.1,0.5,20,20,4,5,20,4,0.2,0.26666666666666666,14,max_count_reached
SUT-E,3,0.1,0.5,20,20,4,5,20,4,0.2,0.26666666666666666,13,max_count_reached
SUT-E,4,0.1,0.5,20,20,4,5,20,7,0.35,0.4666666666666667,14,max_count_reached
SUT-E,5,0.1,0.5,20,20,4,5,20,9,0.45,0.6,16,max_count_reached
SUT-E,6,0.1,0.5,20,20,4,5,20,4,0.2,0.26666666666666666,8,max_count_reached
SUT-E,7,0.1,0.5,20,20,4,5,20,7,0.35,0.4666666666666667,16,max_count_reached
SUT-E,8,0.1,0.5,20,20,4,5,20,7,0.35,0.4666666666666667,12,max_count_reached
SUT-E,9,0.1,0.5,20,20,4,5,20,8,0.4,0.5333333333333333,15,max_count_reached
SUT-E,10,0.1,0.5,20,20,4,5,20,10,0.5,0.6666666666666666,15,max_count_reached
SUT-E,11,0.1,0.5,20,20,4,5,20,3,0.15,0.2,12,max_count_reached
SUT-E,12,0.1,0.5,20,20,4,5,20,7,0.35,0.4666666666666667,13,max_count_reached
SUT-E,13,0.1,0.5,20,20,4,5,20,5,0.25,0.3333333333333333,12,max_count_reached
SUT-E,14,0.1,0.5,20,20,4,5,20,7,0.35,0.4666666666666667,13,max_count_reached
SUT-E,15,0.1,0.5,20,20,4,5,20,3,0.15,0.2,11,max_count_reached
SUT-E,16,0.1,0.5,20,20,4,5,20,9,0.45,0.6,15,max_count_reached
SUT-E,17,0.1,0.5,20,20,4,5,20,6,0.3,0.4,14,max_count_reached
SUT-E,18,0.1,0.5,20,20,4,5,20,4,0.2,0.26666666666666666,11,max_count_reached
SUT-E,19,0.1,0.5,20,20,4,5,20,4,0.2,0.26666666666666666,12,max_count_reached
SUT-F,0,0.05,0.4,10,20,2,3,20,19,0.95,0.2835820895522388,20,safe_neighbor_streak
SUT-F,1,0.05,0.4,10,20,2,3,20,20,1.0,0.29850746268656714,20,max_count_reached
SUT-F,2,0.05,0.4,10,20,2,3,20,19,0.95,0.2835820895522388,20,max_count_reached
SUT-F,3,0.05,0.4,10,20,2,3,20,19,0.95,0.2835820895522388,20,max_count_reached
SUT-F,4,0.05,0.4,10,20,2,3,20,18,0.9,0.26865671641791045,19,max_count_reached
SUT-F,5,0.05,0.4,10,20,2,3,20,20,1.0,0.29850746268656714,20,max_count_reached
SUT-F,6,0.05,0.4,10,20,2,3,20,20,1.0,0.29850746268656714,20,max_count_reached
SUT-F,7,0.05,0.4,10,20,2,3,20,18,0.9,0.26865671641791045,18,max_count_reached
SUT-F,8,0.05,0.4,10,20,2,3,19,19,1.0,0.2835820895522388,19,safe_neighbor_streak
SUT-F,9,0.05,0.4,10,20,2,3,20,20,1.0,0.29850746268656714,20,max_count_reached
SUT-F,10,0.05,0.4,10,20,2,3,20,19,0.95,0.2835820895522388,20,max_count_reached
SUT-F,11,0.05,0.4,10,20,2,3,10,9,0.9,0.13432835820895522,10,safe_neighbor_streak
SUT-F,12,0.05,0.4,10,20,2,3,20,19,0.95,0.2835820895522388,20,max_count_reached
SUT-F,13,0.05,0.4,10,20,2,3,20,20,1.0,0.29850746268656714,20,max_count_reached
SUT-F,14,0.05,0.4,10,20,2,3,20,18,0.9,0.26865671641791045,20,max_count_reached
SUT-F,15,0.05,0.4,10,20,2,3,20,19,0.95,0.2835820895522388,20,max_count_reached
SUT-F,16,0.05,0.4,10,20,2,3,20,20,1.0,0.29850746268656714,20,max_count_reached
SUT-F,17,0.05,0.4,10,20,2,3,20,19,0.95,0.2835820895522388,20,max_count_reached
SUT-F,18,0.05,0.4,10,20,2,3,20,18,0.9,0.26865671641791045,20,max_count_reached
SUT-F,19,0.05,0.4,10,20,2,3,20,20,1.0,0.29850746268656714,20,max_count_reached
SUT-F,0,0.05,0.4,10,20,2,4,20,19,0.95,0.2835820895522388,20,max_count_reached
SUT-F,1,0.05,0.4,10,20,2,4,20,20,1.0,0.29850746268656714,20,max_count_reached
SUT-F,2,0.05,0.4,10,20,2,4,20,19,0.95,0.2835820895522388,20,max_count_reached
SUT-F,3,0.05,0.4,10,20,2,4,20,19,0.95,0.2835820895522388,20,max_count_reached
SUT-F,4,0.05,0.4,10,20,2,4,20,18,0.9,0.26865671641791045,19,max_count_reached
SUT-F,5,0.05,0.4,10,20,2,4,20,20,1.0,0.29850746268656714,20,max_count_reached
SUT-F,6,0.05,0.4,10,20,2,4,20,20,1.0,0.29850746268656714,20,max_count_reached
SUT-F,7,0.05,0.4,10,20,2,4,20,18,0.9,0.26865671641791045,18,max_count_reached
SUT-F,8,0.05,0.4,10,20,2,4,20,20,1.0,0.29850746268656714,20,safe_neighbor_streak
SUT-F,9,0.05,0.4,10,20,2,4,20,20,1.0,0.29850746268656714,20,max_count_reached
SUT-F,10,0.05,0.4,10,20,2,4,20,19,0.95,0.2835820895522388,20,max_count_reached
SUT-F,11,0.05,0.4,10,20,2,4,10,9,0.9,0.13432835820895522,10,safe_neighbor_streak
SUT-F,12,0.05,0.4,10,20,2,4,20,19,0.95,0.2835820895522388,20,max_count_reached
SUT-F,13,0.05,0.4,10,20,2,4,20,20,1.0,0.29850746268656714,20,max_count_reached
SUT-F,14,0.05,0.4,10,20,2,4,20,18,0.9,0.26865671641791045,20,max_count_reached
SUT-F,15,0.05,0.4,10,20,2,4,20,19,0.95,0.2835820895522388,20,max_count_reached
SUT-F,16,0.05,0.4,10,20,2,4,20,20,1.0,0.29850746268656714,20,max_count_reached
SUT-F,17,0.05,0.4,10,20,2,4,20,19,0.95,0.2835820895522388,20,max_count_reached
SUT-F,18,0.05,0.4,10,20,2,4,20,18,0.9,0.26865671641791045,20,max_count_reached
SUT-F,19,0.05,0.4,10,20,2,4,20,20,1.0,0.29850746268656714,20,max_count_reached
SUT-F,0,0.05,0.4,10,20,2,5,20,19,0.95,0.2835820895522388,20,max_count_reached
SUT-F,1,0.05,0.4,10,20,2,5,20,20,1.0,0.29850746268656714,20,max_count_reached
SUT-F,2,0.05,0.4,10,20,2,5,20,19,0.95,0.2835820895522388,20,max_count_reached
SUT-F,3,0.05,0.4,10,20,2,5,20,19,0.95,0.2835820895522388,20,max_count_reached
SUT-F,4,0.05,0.4,10,20,2,5,20,18,0.9,0.26865671641791045,19,max_count_reached
SUT-F,5,0.05,0.4,10,20,2,5,20,20,1.0,0.29850746268656714,20,max_count_reached
SUT-F,6,0.05,0.4,10,20,2,5,20,20,1.0,0.29850746268656714,20,max_count_reached
SUT-F,7,0.05,0.4,10,20,2,5,20,18,0.9,0.26865671641791045,18,max_count_reached
SUT-F,8,0.05,0.4,10,20,2,5,20,20,1.0,0.29850746268656714,20,max_count_reached
SUT-F,9,0.05,0.4,10,20,2,5,20,20,1.0,0.29850746268656714,20,max_count_reached
SUT-F,10,0.05,0.4,10,20,2,5,20,19,0.95,0.2835820895522388,20,max_count_reached
SUT-F,11,0.05,0.4,10,20,2,5,10,9,0.9,0.13432835820895522,10,safe_neighbor_streak
SUT-F,12,0.05,0.4,10,20,2,5,20,19,0.95,0.2835820895522388,20,max_count_reached
SUT-F,13,0.05,0.4,10,20,2,5,20,20,1.0,0.29850746268656714,20,max_count_reached
SUT-F,14,0.05,0.4,10,20,2,5,20,18,0.9,0.26865671641791045,20,max_count_reached
SUT-F,15,0.05,0.4,10,20,2,5,20,19,0.95,0.2835820895522388,20,max_count_reached
SUT-F,16,0.05,0.4,10,20,2,5,20,20,1.0,0.29850746268656714,20,max_count_reached
SUT-F,17,0.05,0.4,10,20,2,5,20,19,0.95,0.2835820895522388,20,max_count_reached
SUT-F,18,0.05,0.4,10,20,2,5,20,18,0.9,0.26865671641791045,20,max_count_reached
SUT-F,19,0.05,0.4,10,20,2,5,20,20,1.0,0.29850746268656714,20,max_count_reached
SUT-F,0,0.05,0.4,10,20,3,3,20,19,0.95,0.2835820895522388,20,max_count_reached
SUT-F,1,0.05,0.4,10,20,3,3,20,20,1.0,0.29850746268656714,20,max_count_reached
SUT-F,2,0.05,0.4,10,20,3,3,20,19,0.95,0.2835820895522388,20,max_count_reached
SUT-F,3,0.05,0.4,10,20,3,3,20,19,0.95,0.2835820895522388,20,max_count_reached
SUT-F,4,0.05,0.4,10,20,3,3,20,18,0.9,0.26865671641791045,19,max_count_reached
SUT-F,5,0.05,0.4,10,20,3,3,20,20,1.0,0.29850746268656714,20,max_count_reached
SUT-F,6,0.05,0.4,10,20,3,3,20,20,1.0,0.29850746268656714,20,max_count_reached
SUT-F,7,0.05,0.4,10,20,3,3,20,18,0.9,0.26865671641791045,18,max_count_reached
SUT-F,8,0.05,0.4,10,20,3,3,20,20,1.0,0.29850746268656714,20,max_count_reached
SUT-F,9,0.05,0.4,10,20,3,3,20,20,1.0,0.29850746268656714,20,max_count_reached
SUT-F,10,0.05,0.4,10,20,3,3,20,19,0.95,0.2835820895522388,20,max_count_reached
SUT-F,11,0.05,0.4,10,20,3,3,20,19,0.95,0.2835820895522388,20,max_count_reached
SUT-F,12,0.05,0.4,10,20,3,3,20,19,0.95,0.2835820895522388,20,max_count_reached
SUT-F,13,0.05,0.4,10,20,3,3,20,20,1.0,0.29850746268656714,20,max_count_reached
SUT-F,14,0.05,0.4,10,20,3,3,20,18,0.9,0.26865671641791045,20,max_count_reached
SUT-F,15,0.05,0.4,10,20,3,3,20,19,0.95,0.2835820895522388,20,max_count_reached
SUT-F,16,0.05,0.4,10,20,3,3,20,20,1.0,0.29850746268656714,20,max_count_reached
SUT-F,17,0.05,0.4,10,20,3,3,20,19,0.95,0.2835820895522388,20,max_count_reached
SUT-F,18,0.05,0.4,10,20,3,3,20,18,0.9,0.26865671641791045,20,max_count_reached
SUT-F,19,0.05,0.4,10,20,3,3,20,20,1.0,0.29850746268656714,20,max_count_reached
SUT-F,0,0.05,0.4,10,20,3,4,20,19,0.95,0.2835820895522388,20,max_count_reached
SUT-F,1,0.05,0.4,10,20,3,4,20,20,1.0,0.29850746268656714,20,max_count_reached
SUT-F,2,0.05,0.4,10,20,3,4,20,19,0.95,0.2835820895522388,20,max_count_reached
SUT-F,3,0.05,0.4,10,20,3,4,20,19,0.95,0.2835820895522388,20,max_count_reached
SUT-F,4,0.05,0.4,10,20,3,4,20,18,0.9,0.26865671641791045,19,max_count_reached
SUT-F,5,0.05,0.4,10,20,3,4,20,20,1.0,0.29850746268656714,20,max_count_reached
SUT-F,6,0.05,0.4,10,20,3,4,20,20,1.0,0.29850746268656714,20,max_count_reached
SUT-F,7,0.05,0.4,10,20,3,4,20,18,0.9,0.26865671641791045,18,max_count_reached
SUT-F,8,0.05,0.4,10,20,3,4,20,20,1.0,0.29850746268656714,20,max_count_reached
SUT-F,9,0.05,0.4,10,20,3,4,20,20,1.0,0.29850746268656714,20,max_count_reached
SUT-F,10,0.05,0.4,10,20,3,4,20,19,0.95,0.2835820895522388,20,max_count_reached
SUT-F,11,0.05,0.4,10,20,3,4,20,19,0.95,0.2835820895522388,20,max_count_reached
SUT-F,12,0.05,0.4,10,20,3,4,20,19,0.95,0.2835820895522388,20,max_count_reached
SUT-F,13,0.05,0.4,10,20,3,4,20,20,1.0,0.29850746268656714,20,max_count_reached
SUT-F,14,0.05,0.4,10,20,3,4,20,18,0.9,0.26865671641791045,20,max_count_reached
SUT-F,15,0.05,0.4,10,20,3,4,20,19,0.95,0.2835820895522388,20,max_count_reached
SUT-F,16,0.05,0.4,10,20,3,4,20,20,1.0,0.29850746268656714,20,max_count_reached
SUT-F,17,0.05,0.4,10,20,3,4,20,19,0.95,0.2835820895522388,20,max_count_reached
SUT-F,18,0.05,0.4,10,20,3,4,20,18,0.9,0.26865671641791045,20,max_count_reached
SUT-F,19,0.05,0.4,10,20,3,4,20,20,1.0,0.29850746268656714,20,max_count_reached
SUT-F,0,0.05,0.4,10,20,3,5,20,19,0.95,0.2835820895522388,20,max_count_reached
SUT-F,1,0.05,0.4,10,20,3,5,20,20,1.0,0.29850746268656714,20,max_count_reached
SUT-F,2,0.05,0.4,10,20,3,5,20,19,0.95,0.2835820895522388,20,max_count_reached
SUT-F,3,0.05,0.4,10,20,3,5,20,19,0.95,0.2835820895522388,20,max_count_reached
SUT-F,4,0.05,0.4,10,20,3,5,20,18,0.9,0.26865671641791045,19,max_count_reached
SUT-F,5,0.05,0.4,10,20,3,5,20,20,1.0,0.29850746268656714,20,max_count_reached
SUT-F,6,0.05,0.4,10,20,3,5,20,20,1.0,0.29850746268656714,20,max_count_reached
SUT-F,7,0.05,0.4,10,20,3,5,20,18,0.9,0.26865671641791045,18,max_count_reached
SUT-F,8,0.05,0.4,10,20,3,5,20,20,1.0,0.29850746268656714,20,max_count_reached
SUT-F,9,0.05,0.4,10,20,3,5,20,20,1.0,0.29850746268656714,20,max_count_reached
SUT-F,10,0.05,0.4,10,20,3,5,20,19,0.95,0.2835820895522388,20,max_count_reached
SUT-F,11,0.05,0.4,10,20,3,5,20,19,0.95,0.2835820895522388,20,max_count_reached
SUT-F,12,0.05,0.4,10,20,3,5,20,19,0.95,0.2835820895522388,20,max_count_reached
SUT-F,13,0.05,0.4,10,20,3,5,20,20,1.0,0.29850746268656714,20,max_count_reached
SUT-F,14,0.05,0.4,10,20,3,5,20,18,0.9,0.26865671641791045,20,max_count_reached
SUT-F,15,0.05,0.4,10,20,3,5,20,19,0.95,0.2835820895522388,20,max_count_reached
SUT-F,16,0.05,0.4,10,20,3,5,20,20,1.0,0.29850746268656714,20,max_count_reached
SUT-F,17,0.05,0.4,10,20,3,5,20,19,0.95,0.2835820895522388,20,max_count_reached
SUT-F,18,0.05,0.4,10,20,3,5,20,18,0.9,0.26865671641791045,20,max_count_reached
SUT-F,19,0.05,0.4,10,20,3,5,20,20,1.0,0.29850746268656714,20,max_count_reached
SUT-F,0,0.05,0.4,10,20,4,3,20,19,0.95,0.2835820895522388,20,max_count_reached
SUT-F,1,0.05,0.4,10,20,4,3,20,20,1.0,0.29850746268656714,20,max_count_reached
SUT-F,2,0.05,0.4,10,20,4,3,20,19,0.95,0.2835820895522388,20,max_count_reached
SUT-F,3,0.05,0.4,10,20,4,3,20,19,0.95,0.2835820895522388,20,max_count_reached
SUT-F,4,0.05,0.4,10,20,4,3,20,18,0.9,0.26865671641791045,19,max_count_reached
SUT-F,5,0.05,0.4,10,20,4,3,20,20,1.0,0.29850746268656714,20,max_count_reached
SUT-F,6,0.05,0.4,10,20,4,3,20,20,1.0,0.29850746268656714,20,max_count_reached
SUT-F,7,0.05,0.4,10,20,4,3,20,18,0.9,0.26865671641791045,18,max_count_reached
SUT-F,8,0.05,0.4,10,20,4,3,20,20,1.0,0.29850746268656714,20,max_count_reached
SUT-F,9,0.05,0.4,10,20,4,3,20,20,1.0,0.29850746268656714,20,max_count_reached
SUT-F,10,0.05,0.4,10,20,4,3,20,19,0.95,0.2835820895522388,20,max_count_reached
SUT-F,11,0.05,0.4,10,20,4,3,20,19,0.95,0.2835820895522388,20,max_count_reached
SUT-F,12,0.05,0.4,10,20,4,3,20,19,0.95,0.2835820895522388,20,max_count_reached
SUT-F,13,0.05,0.4,10,20,4,3,20,20,1.0,0.29850746268656714,20,max_count_reached
SUT-F,14,0.05,0.4,10,20,4,3,20,18,0.9,0.26865671641791045,20,max_count_reached
SUT-F,15,0.05,0.4,10,20,4,3,20,19,0.95,0.2835820895522388,20,max_count_reached
SUT-F,16,0.05,0.4,10,20,4,3,20,20,1.0,0.29850746268656714,20,max_count_reached
SUT-F,17,0.05,0.4,10,20,4,3,20,19,0.95,0.2835820895522388,20,max_count_reached
SUT-F,18,0.05,0.4,10,20,4,3,20,18,0.9,0.26865671641791045,20,max_count_reached
SUT-F,19,0.05,0.4,10,20,4,3,20,20,1.0,0.29850746268656714,20,max_count_reached
SUT-F,0,0.05,0.4,10,20,4,4,20,19,0.95,0.2835820895522388,20,max_count_reached
SUT-F,1,0.05,0.4,10,20,4,4,20,20,1.0,0.29850746268656714,20,max_count_reached
SUT-F,2,0.05,0.4,10,20,4,4,20,19,0.95,0.2835820895522388,20,max_count_reached
SUT-F,3,0.05,0.4,10,20,4,4,20,19,0.95,0.2835820895522388,20,max_count_reached
SUT-F,4,0.05,0.4,10,20,4,4,20,18,0.9,0.26865671641791045,19,max_count_reached
SUT-F,5,0.05,0.4,10,20,4,4,20,20,1.0,0.29850746268656714,20,max_count_reached
SUT-F,6,0.05,0.4,10,20,4,4,20,20,1.0,0.29850746268656714,20,max_count_reached
SUT-F,7,0.05,0.4,10,20,4,4,20,18,0.9,0.26865671641791045,18,max_count_reached
SUT-F,8,0.05,0.4,10,20,4,4,20,20,1.0,0.29850746268656714,20,max_count_reached
SUT-F,9,0.05,0.4,10,20,4,4,20,20,1.0,0.29850746268656714,20,max_count_reached
SUT-F,10,0.05,0.4,10,20,4,4,20,19,0.95,0.2835820895522388,20,max_count_reached
SUT-F,11,0.05,0.4,10,20,4,4,20,19,0.95,0.2835820895522388,20,max_count_reached
SUT-F,12,0.05,0.4,10,20,4,4,20,19,0.95,0.2835820895522388,20,max_count_reached
SUT-F,13,0.05,0.4,10,20,4,4,20,20,1.0,0.29850746268656714,20,max_count_reached
SUT-F,14,0.05,0.4,10,20,4,4,20,18,0.9,0.26865671641791045,20,max_count_reached
SUT-F,15,0.05,0.4,10,20,4,4,20,19,0.95,0.2835820895522388,20,max_count_reached
SUT-F,16,0.05,0.4,10,20,4,4,20,20,1.0,0.29850746268656714,20,max_count_reached
SUT-F,17,0.05,0.4,10,20,4,4,20,19,0.95,0.2835820895522388,20,max_count_reached
SUT-F,18,0.05,0.4,10,20,4,4,20,18,0.9,0.26865671641791045,20,max_count_reached
SUT-F,19,0.05,0.4,10,20,4,4,20,20,1.0,0.29850746268656714,20,max_count_reached
SUT-F,0,0.05,0.4,10,20,4,5,20,19,0.95,0.2835820895522388,20,max_count_reached
SUT-F,1,0.05,0.4,10,20,4,5,20,20,1.0,0.29850746268656714,20,max_count_reached
SUT-F,2,0.05,0.4,10,20,4,5,20,19,0.95,0.2835820895522388,20,max_count_reached
SUT-F,3,0.05,0.4,10,20,4,5,20,19,0.95,0.2835820895522388,20,max_count_reached
SUT-F,4,0.05,0.4,10,20,4,5,20,18,0.9,0.26865671641791045,19,max_count_reached
SUT-F,5,0.05,0.4,10,20,4,5,20,20,1.0,0.29850746268656714,20,max_count_reached
SUT-F,6,0.05,0.4,10,20,4,5,20,20,1.0,0.29850746268656714,20,max_count_reached
SUT-F,7,0.05,0.4,10,20,4,5,20,18,0.9,0.26865671641791045,18,max_count_reached
SUT-F,8,0.05,0.4,10,20,4,5,20,20,1.0,0.29850746268656714,20,max_count_reached
SUT-F,9,0.05,0.4,10,20,4,5,20,20,1.0,0.29850746268656714,20,max_count_reached
SUT-F,10,0.05,0.4,10,20,4,5,20,19,0.95,0.2835820895522388,20,max_count_reached
SUT-F,11,0.05,0.4,10,20,4,5,20,19,0.95,0.2835820895522388,20,max_count_reached
SUT-F,12,0.05,0.4,10,20,4,5,20,19,0.95,0.2835820895522388,20,max_count_reached
SUT-F,13,0.05,0.4,10,20,4,5,20,20,1.0,0.29850746268656714,20,max_count_reached
SUT-F,14,0.05,0.4,10,20,4,5,20,18,0.9,0.26865671641791045,20,max_count_reached
SUT-F,15,0.05,0.4,10,20,4,5,20,19,0.95,0.2835820895522388,20,max_count_reached
SUT-F,16,0.05,0.4,10,20,4,5,20,20,1.0,0.29850746268656714,20,max_count_reached
SUT-F,17,0.05,0.4,10,20,4,5,20,19,0.95,0.2835820895522388,20,max_count_reached
SUT-F,18,0.05,0.4,10,20,4,5,20,18,0.9,0.26865671641791045,20,max_count_reached
SUT-F,19,0.05,0.4,10,20,4,5,20,20,1.0,0.29850746268656714,20,max_count_reached
SUT-F,0,0.05,0.5,10,20,2,3,20,19,0.95,0.2835820895522388,20,safe_neighbor_streak
SUT-F,1,0.05,0.5,10,20,2,3,20,20,1.0,0.29850746268656714,20,max_count_reached
SUT-F,2,0.05,0.5,10,20,2,3,20,19,0.95,0.2835820895522388,20,max_count_reached
SUT-F,3,0.05,0.5,10,20,2,3,20,19,0.95,0.2835820895522388,20,max_count_reached
SUT-F,4,0.05,0.5,10,20,2,3,20,18,0.9,0.26865671641791045,19,max_count_reached
SUT-F,5,0.05,0.5,10,20,2,3,20,20,1.0,0.29850746268656714,20,max_count_reached
SUT-F,6,0.05,0.5,10,20,2,3,20,20,1.0,0.29850746268656714,20,max_count_reached
SUT-F,7,0.05,0.5,10,20,2,3,20,18,0.9,0.26865671641791045,18,max_count_reached
SUT-F,8,0.05,0.5,10,20,2,3,19,19,1.0,0.2835820895522388,19,safe_neighbor_streak
SUT-F,9,0.05,0.5,10,20,2,3,20,20,1.0,0.29850746268656714,20,max_count_reached
SUT-F,10,0.05,0.5,10,20,2,3,20,19,0.95,0.2835820895522388,20,max_count_reached
SUT-F,11,0.05,0.5,10,20,2,3,10,9,0.9,0.13432835820895522,10,safe_neighbor_streak
SUT-F,12,0.05,0.5,10,20,2,3,20,19,0.95,0.2835820895522388,20,max_count_reached
SUT-F,13,0.05,0.5,10,20,2,3,20,20,1.0,0.29850746268656714,20,max_count_reached
SUT-F,14,0.05,0.5,10,20,2,3,20,18,0.9,0.26865671641791045,20,max_count_reached
SUT-F,15,0.05,0.5,10,20,2,3,20,19,0.95,0.2835820895522388,20,max_count_reached
SUT-F,16,0.05,0.5,10,20,2,3,20,20,1.0,0.29850746268656714,20,max_count_reached
SUT-F,17,0.05,0.5,10,20,2,3,20,19,0.95,0.2835820895522388,20,max_count_reached
SUT-F,18,0.05,0.5,10,20,2,3,20,18,0.9,0.26865671641791045,20,max_count_reached
SUT-F,19,0.05,0.5,10,20,2,3,20,20,1.0,0.29850746268656714,20,max_count_reached
SUT-F,0,0.05,0.5,10,20,2,4,20,19,0.95,0.2835820895522388,20,max_count_reached
SUT-F,1,0.05,0.5,10,20,2,4,20,20,1.0,0.29850746268656714,20,max_count_reached
SUT-F,2,0.05,0.5,10,20,2,4,20,19,0.95,0.2835820895522388,20,max_count_reached
SUT-F,3,0.05,0.5,10,20,2,4,20,19,0.95,0.2835820895522388,20,max_count_reached
SUT-F,4,0.05,0.5,10,20,2,4,20,18,0.9,0.26865671641791045,19,max_count_reached
SUT-F,5,0.05,0.5,10,20,2,4,20,20,1.0,0.29850746268656714,20,max_count_reached
SUT-F,6,0.05,0.5,10,20,2,4,20,20,1.0,0.29850746268656714,20,max_count_reached
SUT-F,7,0.05,0.5,10,20,2,4,20,18,0.9,0.26865671641791045,18,max_count_reached
SUT-F,8,0.05,0.5,10,20,2,4,20,20,1.0,0.29850746268656714,20,safe_neighbor_streak
SUT-F,9,0.05,0.5,10,20,2,4,20,20,1.0,0.29850746268656714,20,max_count_reached
SUT-F,10,0.05,0.5,10,20,2,4,20,19,0.95,0.2835820895522388,20,max_count_reached
SUT-F,11,0.05,0.5,10,20,2,4,10,9,0.9,0.13432835820895522,10,safe_neighbor_streak
SUT-F,12,0.05,0.5,10,20,2,4,20,19,0.95,0.2835820895522388,20,max_count_reached
SUT-F,13,0.05,0.5,10,20,2,4,20,20,1.0,0.29850746268656714,20,max_count_reached
SUT-F,14,0.05,0.5,10,20,2,4,20,18,0.9,0.26865671641791045,20,max_count_reached
SUT-F,15,0.05,0.5,10,20,2,4,20,19,0.95,0.2835820895522388,20,max_count_reached
SUT-F,16,0.05,0.5,10,20,2,4,20,20,1.0,0.29850746268656714,20,max_count_reached
SUT-F,17,0.05,0.5,10,20,2,4,20,19,0.95,0.2835820895522388,20,max_count_reached
SUT-F,18,0.05,0.5,10,20,2,4,20,18,0.9,0.26865671641791045,20,max_count_reached
SUT-F,19,0.05,0.5,10,20,2,4,20,20,1.0,0.29850746268656714,20,max_count_reached
SUT-F,0,0.05,0.5,10,20,2,5,20,19,0.95,0.2835820895522388,20,max_count_reached
SUT-F,1,0.05,0.5,10,20,2,5,20,20,1.0,0.29850746268656714,20,max_count_reached
SUT-F,2,0.05,0.5,10,20,2,5,20,19,0.95,0.2835820895522388,20,max_count_reached
SUT-F,3,0.05,0.5,10,20,2,5,20,19,0.95,0.2835820895522388,20,max_count_reached
SUT-F,4,0.05,0.5,10,20,2,5,20,18,0.9,0.26865671641791045,19,max_count_reached
SUT-F,5,0.05,0.5,10,20,2,5,20,20,1.0,0.29850746268656714,20,max_count_reached
SUT-F,6,0.05,0.5,10,20,2,5,20,20,1.0,0.29850746268656714,20,max_count_reached
SUT-F,7,0.05,0.5,10,20,2,5,20,18,0.9,0.26865671641791045,18,max_count_reached
SUT-F,8,0.05,0.5,10,20,2,5,20,20,1.0,0.29850746268656714,20,max_count_reached
SUT-F,9,0.05,0.5,10,20,2,5,20,20,1.0,0.29850746268656714,20,max_count_reached
SUT-F,10,0.05,0.5,10,20,2,5,20,19,0.95,0.2835820895522388,20,max_count_reached
SUT-F,11,0.05,0.5,10,20,2,5,10,9,0.9,0.13432835820895522,10,safe_neighbor_streak
SUT-F,12,0.05,0.5,10,20,2,5,20,19,0.95,0.2835820895522388,20,max_count_reached
SUT-F,13,0.05,0.5,10,20,2,5,20,20,1.0,0.29850746268656714,20,max_count_reached
SUT-F,14,0.05,0.5,10,20,2,5,20,18,0.9,0.26865671641791045,20,max_count_reached
SUT-F,15,0.05,0.5,10,20,2,5,20,19,0.95,0.2835820895522388,20,max_count_reached
SUT-F,16,0.05,0.5,10,20,2,5,20,20,1.0,0.29850746268656714,20,max_count_reached
SUT-F,17,0.05,0.5,10,20,2,5,20,19,0.95,0.2835820895522388,20,max_count_reached
SUT-F,18,0.05,0.5,10,20,2,5,20,18,0.9,0.26865671641791045,20,max_count_reached
SUT-F,19,0.05,0.5,10,20,2,5,20,20,1.0,0.29850746268656714,20,max_count_reached
SUT-F,0,0.05,0.5,10,20,3,3,20,19,0.95,0.2835820895522388,20,max_count_reached
SUT-F,1,0.05,0.5,10,20,3,3,20,20,1.0,0.29850746268656714,20,max_count_reached
SUT-F,2,0.05,0.5,10,20,3,3,20,19,0.95,0.2835820895522388,20,max_count_reached
SUT-F,3,0.05,0.5,10,20,3,3,20,19,0.95,0.2835820895522388,20,max_count_reached
SUT-F,4,0.05,0.5,10,20,3,3,20,18,0.9,0.26865671641791045,19,max_count_reached
SUT-F,5,0.05,0.5,10,20,3,3,20,20,1.0,0.29850746268656714,20,max_count_reached
SUT-F,6,0.05,0.5,10,20,3,3,20,20,1.0,0.29850746268656714,20,max_count_reached
SUT-F,7,0.05,0.5,10,20,3,3,20,18,0.9,0.26865671641791045,18,max_count_reached
SUT-F,8,0.05,0.5,10,20,3,3,20,20,1.0,0.29850746268656714,20,max_count_reached
SUT-F,9,0.05,0.5,10,20,3,3,20,20,1.0,0.29850746268656714,20,max_count_reached
SUT-F,10,0.05,0.5,10,20,3,3,20,19,0.95,0.2835820895522388,20,max_count_reached
SUT-F,11,0.05,0.5,10,20,3,3,20,19,0.95,0.2835820895522388,20,max_count_reached
SUT-F,12,0.05,0.5,10,20,3,3,20,19,0.95,0.2835820895522388,20,max_count_reached
SUT-F,13,0.05,0.5,10,20,3,3,20,20,1.0,0.29850746268656714,20,max_count_reached
SUT-F,14,0.05,0.5,10,20,3,3,20,18,0.9,0.26865671641791045,20,max_count_reached
SUT-F,15,0.05,0.5,10,20,3,3,20,19,0.95,0.2835820895522388,20,max_count_reached
SUT-F,16,0.05,0.5,10,20,3,3,20,20,1.0,0.29850746268656714,20,max_count_reached
SUT-F,17,0.05,0.5,10,20,3,3,20,19,0.95,0.2835820895522388,20,max_count_reached
SUT-F,18,0.05,0.5,10,20,3,3,20,18,0.9,0.26865671641791045,20,max_count_reached
SUT-F,19,0.05,0.5,10,20,3,3,20,20,1.0,0.29850746268656714,20,max_count_reached
SUT-F,0,0.05,0.5,10,20,3,4,20,19,0.95,0.2835820895522388,20,max_count_reached
SUT-F,1,0.05,0.5,10,20,3,4,20,20,1.0,0.29850746268656714,20,max_count_reached
SUT-F,2,0.05,0.5,10,20,3,4,20,19,0.95,0.2835820895522388,20,max_count_reached
SUT-F,3,0.05,0.5,10,20,3,4,20,19,0.95,0.2835820895522388,20,max_count_reached
SUT-F,4,0.05,0.5,10,20,3,4,20,18,0.9,0.26865671641791045,19,max_count_reached
SUT-F,5,0.05,0.5,10,20,3,4,20,20,1.0,0.29850746268656714,20,max_count_reached
SUT-F,6,0.05,0.5,10,20,3,4,20,20,1.0,0.29850746268656714,20,max_count_reached
SUT-F,7,0.05,0.5,10,20,3,4,20,18,0.9,0.26865671641791045,18,max_count_reached
SUT-F,8,0.05,0.5,10,20,3,4,20,20,1.0,0.29850746268656714,20,max_count_reached
SUT-F,9,0.05,0.5,10,20,3,4,20,20,1.0,0.29850746268656714,20,max_count_reached
SUT-F,10,0.05,0.5,10,20,3,4,20,19,0.95,0.2835820895522388,20,max_count_reached
SUT-F,11,0.05,0.5,10,20,3,4,20,19,0.95,0.2835820895522388,20,max_count_reached
SUT-F,12,0.05,0.5,10,20,3,4,20,19,0.95,0.2835820895522388,20,max_count_reached
SUT-F,13,0.05,0.5,10,20,3,4,20,20,1.0,0.29850746268656714,20,max_count_reached
SUT-F,14,0.05,0.5,10,20,3,4,20,18,0.9,0.26865671641791045,20,max_count_reached
SUT-F,15,0.05,0.5,10,20,3,4,20,19,0.95,0.2835820895522388,20,max_count_reached
SUT-F,16,0.05,0.5,10,20,3,4,20,20,1.0,0.29850746268656714,20,max_count_reached
SUT-F,17,0.05,0.5,10,20,3,4,20,19,0.95,0.2835820895522388,20,max_count_reached
SUT-F,18,0.05,0.5,10,20,3,4,20,18,0.9,0.26865671641791045,20,max_count_reached
SUT-F,19,0.05,0.5,10,20,3,4,20,20,1.0,0.29850746268656714,20,max_count_reached
SUT-F,0,0.05,0.5,10,20,3,5,20,19,0.95,0.2835820895522388,20,max_count_reached
SUT-F,1,0.05,0.5,10,20,3,5,20,20,1.0,0.29850746268656714,20,max_count_reached
SUT-F,2,0.05,0.5,10,20,3,5,20,19,0.95,0.2835820895522388,20,max_count_reached
SUT-F,3,0.05,0.5,10,20,3,5,20,19,0.95,0.2835820895522388,20,max_count_reached
SUT-F,4,0.05,0.5,10,20,3,5,20,18,0.9,0.26865671641791045,19,max_count_reached
SUT-F,5,0.05,0.5,10,20,3,5,20,20,1.0,0.29850746268656714,20,max_count_reached
SUT-F,6,0.05,0.5,10,20,3,5,20,20,1.0,0.29850746268656714,20,max_count_reached
SUT-F,7,0.05,0.5,10,20,3,5,20,18,0.9,0.26865671641791045,18,max_count_reached
SUT-F,8,0.05,0.5,10,20,3,5,20,20,1.0,0.29850746268656714,20,max_count_reached
SUT-F,9,0.05,0.5,10,20,3,5,20,20,1.0,0.29850746268656714,20,max_count_reached
SUT-F,10,0.05,0.5,10,20,3,5,20,19,0.95,0.2835820895522388,20,max_count_reached
SUT-F,11,0.05,0.5,10,20,3,5,20,19,0.95,0.2835820895522388,20,max_count_reached
SUT-F,12,0.05,0.5,10,20,3,5,20,19,0.95,0.2835820895522388,20,max_count_reached
SUT-F,13,0.05,0.5,10,20,3,5,20,20,1.0,0.29850746268656714,20,max_count_reached
SUT-F,14,0.05,0.5,10,20,3,5,20,18,0.9,0.26865671641791045,20,max_count_reached
SUT-F,15,0.05,0.5,10,20,3,5,20,19,0.95,0.2835820895522388,20,max_count_reached
SUT-F,16,0.05,0.5,10,20,3,5,20,20,1.0,0.29850746268656714,20,max_count_reached
SUT-F,17,0.05,0.5,10,20,3,5,20,19,0.95,0.2835820895522388,20,max_count_reached
SUT-F,18,0.05,0.5,10,20,3,5,20,18,0.9,0.26865671641791045,20,max_count_reached
SUT-F,19,0.05,0.5,10,20,3,5,20,20,1.0,0.29850746268656714,20,max_count_reached
SUT-F,0,0.05,0.5,10,20,4,3,20,19,0.95,0.2835820895522388,20,max_count_reached
SUT-F,1,0.05,0.5,10,20,4,3,20,20,1.0,0.29850746268656714,20,max_count_reached
SUT-F,2,0.05,0.5,10,20,4,3,20,19,0.95,0.2835820895522388,20,max_count_reached
SUT-F,3,0.05,0.5,10,20,4,3,20,19,0.95,0.2835820895522388,20,max_count_reached
SUT-F,4,0.05,0.5,10,20,4,3,20,18,0.9,0.26865671641791045,19,max_count_reached
SUT-F,5,0.05,0.5,10,20,4,3,20,20,1.0,0.29850746268656714,20,max_count_reached
SUT-F,6,0.05,0.5,10,20,4,3,20,20,1.0,0.29850746268656714,20,max_count_reached
SUT-F,7,0.05,0.5,10,20,4,3,20,18,0.9,0.26865671641791045,18,max_count_reached
SUT-F,8,0.05,0.5,10,20,4,3,20,20,1.0,0.29850746268656714,20,max_count_reached
SUT-F,9,0.05,0.5,10,20,4,3,20,20,1.0,0.29850746268656714,20,max_count_reached
SUT-F,10,0.05,0.5,10,20,4,3,20,19,0.95,0.2835820895522388,20,max_count_reached
SUT-F,11,0.05,0.5,10,20,4,3,20,19,0.95,0.2835820895522388,20,max_count_reached
SUT-F,12,0.05,0.5,10,20,4,3,20,19,0.95,0.2835820895522388,20,max_count_reached
SUT-F,13,0.05,0.5,10,20,4,3,20,20,1.0,0.29850746268656714,20,max_count_reached
SUT-F,14,0.05,0.5,10,20,4,3,20,18,0.9,0.26865671641791045,20,max_count_reached
SUT-F,15,0.05,0.5,10,20,4,3,20,19,0.95,0.2835820895522388,20,max_count_reached
SUT-F,16,0.05,0.5,10,20,4,3,20,20,1.0,0.29850746268656714,20,max_count_reached
SUT-F,17,0.05,0.5,10,20,4,3,20,19,0.95,0.2835820895522388,20,max_count_reached
SUT-F,18,0.05,0.5,10,20,4,3,20,18,0.9,0.26865671641791045,20,max_count_reached
SUT-F,19,0.05,0.5,10,20,4,3,20,20,1.0,0.29850746268656714,20,max_count_reached
SUT-F,0,0.05,0.5,10,20,4,4,20,19,0.95,0.2835820895522388,20,max_count_reached
SUT-F,1,0.05,0.5,10,20,4,4,20,20,1.0,0.29850746268656714,20,max_count_reached
SUT-F,2,0.05,0.5,10,20,4,4,20,19,0.95,0.2835820895522388,20,max_count_reached
SUT-F,3,0.05,0.5,10,20,4,4,20,19,0.95,0.2835820895522388,20,max_count_reached
SUT-F,4,0.05,0.5,10,20,4,4,20,18,0.9,0.26865671641791045,19,max_count_reached
SUT-F,5,0.05,0.5,10,20,4,4,20,20,1.0,0.29850746268656714,20,max_count_reached
SUT-F,6,0.05,0.5,10,20,4,4,20,20,1.0,0.29850746268656714,20,max_count_reached
SUT-F,7,0.05,0.5,10,20,4,4,20,18,0.9,0.26865671641791045,18,max_count_reached
SUT-F,8,0.05,0.5,10,20,4,4,20,20,1.0,0.29850746268656714,20,max_count_reached
SUT-F,9,0.05,0.5,10,20,4,4,20,20,1.0,0.29850746268656714,20,max_count_reached
SUT-F,10,0.05,0.5,10,20,4,4,20,19,0.95,0.2835820895522388,20,max_count_reached
SUT-F,11,0.05,0.5,10,20,4,4,20,19,0.95,0.2835820895522388,20,max_count_reached
SUT-F,12,0.05,0.5,10,20,4,4,20,19,0.95,0.2835820895522388,20,max_count_reached
SUT-F,13,0.05,0.5,10,20,4,4,20,20,1.0,0.29850746268656714,20,max_count_reached
SUT-F,14,0.05,0.5,10,20,4,4,20,18,0.9,0.26865671641791045,20,max_count_reached
SUT-F,15,0.05,0.5,10,20,4,4,20,19,0.95,0.2835820895522388,20,max_count_reached
SUT-F,16,0.05,0.5,10,20,4,4,20,20,1.0,0.29850746268656714,20,max_count_reached
SUT-F,17,0.05,0.5,10,20,4,4,20,19,0.95,0.2835820895522388,20,max_count_reached
SUT-F,18,0.05,0.5,10,20,4,4,20,18,0.9,0.26865671641791045,20,max_count_reached
SUT-F,19,0.05,0.5,10,20,4,4,20,20,1.0,0.29850746268656714,20,max_count_reached
SUT-F,0,0.05,0.5,10,20,4,5,20,19,0.95,0.2835820895522388,20,max_count_reached
SUT-F,1,0.05,0.5,10,20,4,5,20,20,1.0,0.29850746268656714,20,max_count_reached
SUT-F,2,0.05,0.5,10,20,4,5,20,19,0.95,0.2835820895522388,20,max_count_reached
SUT-F,3,0.05,0.5,10,20,4,5,20,19,0.95,0.2835820895522388,20,max_count_reached
SUT-F,4,0.05,0.5,10,20,4,5,20,18,0.9,0.26865671641791045,19,max_count_reached
SUT-F,5,0.05,0.5,10,20,4,5,20,20,1.0,0.29850746268656714,20,max_count_reached
SUT-F,6,0.05,0.5,10,20,4,5,20,20,1.0,0.29850746268656714,20,max_count_reached
SUT-F,7,0.05,0.5,10,20,4,5,20,18,0.9,0.26865671641791045,18,max_count_reached
SUT-F,8,0.05,0.5,10,20,4,5,20,20,1.0,0.29850746268656714,20,max_count_reached
SUT-F,9,0.05,0.5,10,20,4,5,20,20,1.0,0.29850746268656714,20,max_count_reached
SUT-F,10,0.05,0.5,10,20,4,5,20,19,0.95,0.2835820895522388,20,max_count_reached
SUT-F,11,0.05,0.5,10,20,4,5,20,19,0.95,0.2835820895522388,20,max_count_reached
SUT-F,12,0.05,0.5,10,20,4,5,20,19,0.95,0.2835820895522388,20,max_count_reached
SUT-F,13,0.05,0.5,10,20,4,5,20,20,1.0,0.29850746268656714,20,max_count_reached
SUT-F,14,0.05,0.5,10,20,4,5,20,18,0.9,0.26865671641791045,20,max_count_reached
SUT-F,15,0.05,0.5,10,20,4,5,20,19,0.95,0.2835820895522388,20,max_count_reached
SUT-F,16,0.05,0.5,10,20,4,5,20,20,1.0,0.29850746268656714,20,max_count_reached
SUT-F,17,0.05,0.5,10,20,4,5,20,19,0.95,0.2835820895522388,20,max_count_reached
SUT-F,18,0.05,0.5,10,20,4,5,20,18,0.9,0.26865671641791045,20,max_count_reached
SUT-F,19,0.05,0.5,10,20,4,5,20,20,1.0,0.29850746268656714,20,max_count_reached
SUT-F,0,0.1,0.4,20,20,2,3,20,19,0.95,0.2835820895522388,20,safe_neighbor_streak
SUT-F,1,0.1,0.4,20,20,2,3,20,20,1.0,0.29850746268656714,20,max_count_reached
SUT-F,2,0.1,0.4,20,20,2,3,20,19,0.95,0.2835820895522388,20,max_count_reached
SUT-F,3,0.1,0.4,20,20,2,3,20,19,0.95,0.2835820895522388,20,max_count_reached
SUT-F,4,0.1,0.4,20,20,2,3,20,18,0.9,0.26865671641791045,19,max_count_reached
SUT-F,5,0.1,0.4,20,20,2,3,20,20,1.0,0.29850746268656714,20,max_count_reached
SUT-F,6,0.1,0.4,20,20,2,3,20,20,1.0,0.29850746268656714,20,max_count_reached
SUT-F,7,0.1,0.4,20,20,2,3,20,18,0.9,0.26865671641791045,18,max_count_reached
SUT-F,8,0.1,0.4,20,20,2,3,20,20,1.0,0.29850746268656714,20,safe_neighbor_streak
SUT-F,9,0.1,0.4,20,20,2,3,20,20,1.0,0.29850746268656714,20,max_count_reached
SUT-F,10,0.1,0.4,20,20,2,3,20,19,0.95,0.2835820895522388,20,max_count_reached
SUT-F,11,0.1,0.4,20,20,2,3,20,19,0.95,0.2835820895522388,20,max_count_reached
SUT-F,12,0.1,0.4,20,20,2,3,20,19,0.95,0.2835820895522388,20,max_count_reached
SUT-F,13,0.1,0.4,20,20,2,3,20,20,1.0,0.29850746268656714,20,max_count_reached
SUT-F,14,0.1,0.4,20,20,2,3,20,18,0.9,0.26865671641791045,20,max_count_reached
SUT-F,15,0.1,0.4,20,20,2,3,20,19,0.95,0.2835820895522388,20,max_count_reached
SUT-F,16,0.1,0.4,20,20,2,3,20,20,1.0,0.29850746268656714,20,max_count_reached
SUT-F,17,0.1,0.4,20,20,2,3,20,19,0.95,0.2835820895522388,20,max_count_reached
SUT-F,18,0.1,0.4,20,20,2,3,20,18,0.9,0.26865671641791045,20,max_count_reached
SUT-F,19,0.1,0.4,20,20,2,3,20,20,1.0,0.29850746268656714,20,max_count_reached
SUT-F,0,0.1,0.4,20,20,2,4,20,19,0.95,0.2835820895522388,20,max_count_reached
SUT-F,1,0.1,0.4,20,20,2,4,20,20,1.0,0.29850746268656714,20,max_count_reached
SUT-F,2,0.1,0.4,20,20,2,4,20,19,0.95,0.2835820895522388,20,max_count_reached
SUT-F,3,0.1,0.4,20,20,2,4,20,19,0.95,0.2835820895522388,20,max_count_reached
SUT-F,4,0.1,0.4,20,20,2,4,20,18,0.9,0.26865671641791045,19,max_count_reached
SUT-F,5,0.1,0.4,20,20,2,4,20,20,1.0,0.29850746268656714,20,max_count_reached
SUT-F,6,0.1,0.4,20,20,2,4,20,20,1.0,0.29850746268656714,20,max_count_reached
SUT-F,7,0.1,0.4,20,20,2,4,20,18,0.9,0.26865671641791045,18,max_count_reached
SUT-F,8,0.1,0.4,20,20,2,4,20,20,1.0,0.29850746268656714,20,safe_neighbor_streak
SUT-F,9,0.1,0.4,20,20,2,4,20,20,1.0,0.29850746268656714,20,max_count_reached
SUT-F,10,0.1,0.4,20,20,2,4,20,19,0.95,0.2835820895522388,20,max_count_reached
SUT-F,11,0.1,0.4,20,20,2,4,20,19,0.95,0.2835820895522388,20,max_count_reached
SUT-F,12,0.1,0.4,20,20,2,4,20,19,0.95,0.2835820895522388,20,max_count_reached
SUT-F,13,0.1,0.4,20,20,2,4,20,20,1.0,0.29850746268656714,20,max_count_reached
SUT-F,14,0.1,0.4,20,20,2,4,20,18,0.9,0.26865671641791045,20,max_count_reached
SUT-F,15,0.1,0.4,20,20,2,4,20,19,0.95,0.2835820895522388,20,max_count_reached
SUT-F,16,0.1,0.4,20,20,2,4,20,20,1.0,0.29850746268656714,20,max_count_reached
SUT-F,17,0.1,0.4,20,20,2,4,20,19,0.95,0.2835820895522388,20,max_count_reached
SUT-F,18,0.1,0.4,20,20,2,4,20,18,0.9,0.26865671641791045,20,max_count_reached
SUT-F,19,0.1,0.4,20,20,2,4,20,20,1.0,0.29850746268656714,20,max_count_reached
SUT-F,0,0.1,0.4,20,20,2,5,20,19,0.95,0.2835820895522388,20,max_count_reached
SUT-F,1,0.1,0.4,20,20,2,5,20,20,1.0,0.29850746268656714,20,max_count_reached
SUT-F,2,0.1,0.4,20,20,2,5,20,19,0.95,0.2835820895522388,20,max_count_reached
SUT-F,3,0.1,0.4,20,20,2,5,20,19,0.95,0.2835820895522388,20,max_count_reached
SUT-F,4,0.1,0.4,20,20,2,5,20,18,0.9,0.26865671641791045,19,max_count_reached
SUT-F,5,0.1,0.4,20,20,2,5,20,20,1.0,0.29850746268656714,20,max_count_reached
SUT-F,6,0.1,0.4,20,20,2,5,20,20,1.0,0.29850746268656714,20,max_count_reached
SUT-F,7,0.1,0.4,20,20,2,5,20,18,0.9,0.26865671641791045,18,max_count_reached
SUT-F,8,0.1,0.4,20,20,2,5,20,20,1.0,0.29850746268656714,20,max_count_reached
SUT-F,9,0.1,0.4,20,20,2,5,20,20,1.0,0.29850746268656714,20,max_count_reached
SUT-F,10,0.1,0.4,20,20,2,5,20,19,0.95,0.2835820895522388,20,max_count_reached
SUT-F,11,0.1,0.4,20,20,2,5,20,19,0.95,0.2835820895522388,20,max_count_reached
SUT-F,12,0.1,0.4,20,20,2,5,20,19,0.95,0.2835820895522388,20,max_count_reached
SUT-F,13,0.1,0.4,20,20,2,5,20,20,1.0,0.29850746268656714,20,max_count_reached
SUT-F,14,0.1,0.4,20,20,2,5,20,18,0.9,0.26865671641791045,20,max_count_reached
SUT-F,15,0.1,0.4,20,20,2,5,20,19,0.95,0.2835820895522388,20,max_count_reached
SUT-F,16,0.1,0.4,20,20,2,5,20,20,1.0,0.29850746268656714,20,max_count_reached
SUT-F,17,0.1,0.4,20,20,2,5,20,19,0.95,0.2835820895522388,20,max_count_reached
SUT-F,18,0.1,0.4,20,20,2,5,20,18,0.9,0.26865671641791045,20,max_count_reached
SUT-F,19,0.1,0.4,20,20,2,5,20,20,1.0,0.29850746268656714,20,max_count_reached
SUT-F,0,0.1,0.4,20,20,3,3,20,19,0.95,0.2835820895522388,20,max_count_reached
SUT-F,1,0.1,0.4,20,20,3,3,20,20,1.0,0.29850746268656714,20,max_count_reached
SUT-F,2,0.1,0.4,20,20,3,3,20,19,0.95,0.2835820895522388,20,max_count_reached
SUT-F,3,0.1,0.4,20,20,3,3,20,19,0.95,0.2835820895522388,20,max_count_reached
SUT-F,4,0.1,0.4,20,20,3,3,20,18,0.9,0.26865671641791045,19,max_count_reached
SUT-F,5,0.1,0.4,20,20,3,3,20,20,1.0,0.29850746268656714,20,max_count_reached
SUT-F,6,0.1,0.4,20,20,3,3,20,20,1.0,0.29850746268656714,20,max_count_reached
SUT-F,7,0.1,0.4,20,20,3,3,20,18,0.9,0.26865671641791045,18,max_count_reached
SUT-F,8,0.1,0.4,20,20,3,3,20,20,1.0,0.29850746268656714,20,max_count_reached
SUT-F,9,0.1,0.4,20,20,3,3,20,20,1.0,0.29850746268656714,20,max_count_reached
SUT-F,10,0.1,0.4,20,20,3,3,20,19,0.95,0.2835820895522388,20,max_count_reached
SUT-F,11,0.1,0.4,20,20,3,3,20,19,0.95,0.2835820895522388,20,max_count_reached
SUT-F,12,0.1,0.4,20,20,3,3,20,19,0.95,0.2835820895522388,20,max_count_reached
SUT-F,13,0.1,0.4,20,20,3,3,20,20,1.0,0.29850746268656714,20,max_count_reached
SUT-F,14,0.1,0.4,20,20,3,3,20,18,0.9,0.26865671641791045,20,max_count_reached
SUT-F,15,0.1,0.4,20,20,3,3,20,19,0.95,0.2835820895522388,20,max_count_reached
SUT-F,16,0.1,0.4,20,20,3,3,20,20,1.0,0.29850746268656714,20,max_count_reached
SUT-F,17,0.1,0.4,20,20,3,3,20,19,0.95,0.2835820895522388,20,max_count_reached
SUT-F,18,0.1,0.4,20,20,3,3,20,18,0.9,0.26865671641791045,20,max_count_reached
SUT-F,19,0.1,0.4,20,20,3,3,20,20,1.0,0.29850746268656714,20,max_count_reached
SUT-F,0,0.1,0.4,20,20,3,4,20,19,0.95,0.2835820895522388,20,max_count_reached
SUT-F,1,0.1,0.4,20,20,3,4,20,20,1.0,0.29850746268656714,20,max_count_reached
SUT-F,2,0.1,0.4,20,20,3,4,20,19,0.95,0.2835820895522388,20,max_count_reached
SUT-F,3,0.1,0.4,20,20,3,4,20,19,0.95,0.2835820895522388,20,max_count_reached
SUT-F,4,0.1,0.4,20,20,3,4,20,18,0.9,0.26865671641791045,19,max_count_reached
SUT-F,5,0.1,0.4,20,20,3,4,20,20,1.0,0.29850746268656714,20,max_count_reached
SUT-F,6,0.1,0.4,20,20,3,4,20,20,1.0,0.29850746268656714,20,max_count_reached
SUT-F,7,0.1,0.4,20,20,3,4,20,18,0.9,0.26865671641791045,18,max_count_reached
SUT-F,8,0.1,0.4,20,20,3,4,20,20,1.0,0.29850746268656714,20,max_count_reached
SUT-F,9,0.1,0.4,20,20,3,4,20,20,1.0,0.29850746268656714,20,max_count_reached
SUT-F,10,0.1,0.4,20,20,3,4,20,19,0.95,0.2835820895522388,20,max_count_reached
SUT-F,11,0.1,0.4,20,20,3,4,20,19,0.95,0.2835820895522388,20,max_count_reached
SUT-F,12,0.1,0.4,20,20,3,4,20,19,0.95,0.2835820895522388,20,max_count_reached
SUT-F,13,0.1,0.4,20,20,3,4,20,20,1.0,0.29850746268656714,20,max_count_reached
SUT-F,14,0.1,0.4,20,20,3,4,20,18,0.9,0.26865671641791045,20,max_count_reached
SUT-F,15,0.1,0.4,20,20,3,4,20,19,0.95,0.2835820895522388,20,max_count_reached
SUT-F,16,0.1,0.4,20,20,3,4,20,20,1.0,0.29850746268656714,20,max_count_reached
SUT-F,17,0.1,0.4,20,20,3,4,20,19,0.95,0.2835820895522388,20,max_count_reached
SUT-F,18,0.1,0.4,20,20,3,4,20,18,0.9,0.26865671641791045,20,max_count_reached
SUT-F,19,0.1,0.4,20,20,3,4,20,20,1.0,0.29850746268656714,20,max_count_reached
SUT-F,0,0.1,0.4,20,20,3,5,20,19,0.95,0.2835820895522388,20,max_count_reached
SUT-F,1,0.1,0.4,20,20,3,5,20,20,1.0,0.29850746268656714,20,max_count_reached
SUT-F,2,0.1,0.4,20,20,3,5,20,19,0.95,0.2835820895522388,20,max_count_reached
SUT-F,3,0.1,0.4,20,20,3,5,20,19,0.95,0.2835820895522388,20,max_count_reached
SUT-F,4,0.1,0.4,20,20,3,5,20,18,0.9,0.26865671641791045,19,max_count_reached
SUT-F,5,0.1,0.4,20,20,3,5,20,20,1.0,0.29850746268656714,20,max_count_reached
SUT-F,6,0.1,0.4,20,20,3,5,20,20,1.0,0.29850746268656714,20,max_count_reached
SUT-F,7,0.1,0.4,20,20,3,5,20,18,0.9,0.26865671641791045,18,max_count_reached
SUT-F,8,0.1,0.4,20,20,3,5,20,20,1.0,0.29850746268656714,20,max_count_reached
SUT-F,9,0.1,0.4,20,20,3,5,20,20,1.0,0.29850746268656714,20,max_count_reached
SUT-F,10,0.1,0.4,20,20,3,5,20,19,0.95,0.2835820895522388,20,max_count_reached
SUT-F,11,0.1,0.4,20,20,3,5,20,19,0.95,0.2835820895522388,20,max_count_reached
SUT-F,12,0.1,0.4,20,20,3,5,20,19,0.95,0.2835820895522388,20,max_count_reached
SUT-F,13,0.1,0.4,20,20,3,5,20,20,1.0,0.29850746268656714,20,max_count_reached
SUT-F,14,0.1,0.4,20,20,3,5,20,18,0.9,0.26865671641791045,20,max_count_reached
SUT-F,15,0.1,0.4,20,20,3,5,20,19,0.95,0.2835820895522388,20,max_count_reached
SUT-F,16,0.1,0.4,20,20,3,5,20,20,1.0,0.29850746268656714,20,max_count_reached
SUT-F,17,0.1,0.4,20,20,3,5,20,19,0.95,0.2835820895522388,20,max_count_reached
SUT-F,18,0.1,0.4,20,20,3,5,20,18,0.9,0.26865671641791045,20,max_count_reached
SUT-F,19,0.1,0.4,20,20,3,5,20,20,1.0,0.29850746268656714,20,max_count_reached
SUT-F,0,0.1,0.4,20,20,4,3,20,19,0.95,0.2835820895522388,20,max_count_reached
SUT-F,1,0.1,0.4,20,20,4,3,20,20,1.0,0.29850746268656714,20,max_count_reached
SUT-F,2,0.1,0.4,20,20,4,3,20,19,0.95,0.2835820895522388,20,max_count_reached
SUT-F,3,0.1,0.4,20,20,4,3,20,19,0.95,0.2835820895522388,20,max_count_reached
SUT-F,4,0.1,0.4,20,20,4,3,20,18,0.9,0.26865671641791045,19,max_count_reached
SUT-F,5,0.1,0.4,20,20,4,3,20,20,1.0,0.29850746268656714,20,max_count_reached
SUT-F,6,0.1,0.4,20,20,4,3,20,20,1.0,0.29850746268656714,20,max_count_reached
SUT-F,7,0.1,0.4,20,20,4,3,20,18,0.9,0.26865671641791045,18,max_count_reached
SUT-F,8,0.1,0.4,20,20,4,3,20,20,1.0,0.29850746268656714,20,max_count_reached
SUT-F,9,0.1,0.4,20,20,4,3,20,20,1.0,0.29850746268656714,20,max_count_reached
SUT-F,10,0.1,0.4,20,20,4,3,20,19,0.95,0.2835820895522388,20,max_count_reached
SUT-F,11,0.1,0.4,20,20,4,3,20,19,0.95,0.2835820895522388,20,max_count_reached
SUT-F,12,0.1,0.4,20,20,4,3,20,19,0.95,0.2835820895522388,20,max_count_reached
SUT-F,13,0.1,0.4,20,20,4,3,20,20,1.0,0.29850746268656714,20,max_count_reached
SUT-F,14,0.1,0.4,20,20,4,3,20,18,0.9,0.26865671641791045,20,max_count_reached
SUT-F,15,0.1,0.4,20,20,4,3,20,19,0.95,0.2835820895522388,20,max_count_reached
SUT-F,16,0.1,0.4,20,20,4,3,20,20,1.0,0.29850746268656714,20,max_count_reached
SUT-F,17,0.1,0.4,20,20,4,3,20,19,0.95,0.2835820895522388,20,max_count_reached
SUT-F,18,0.1,0.4,20,20,4,3,20,18,0.9,0.26865671641791045,20,max_count_reached
SUT-F,19,0.1,0.4,20,20,4,3,20,20,1.0,0.29850746268656714,20,max_count_reached
SUT-F,0,0.1,0.4,20,20,4,4,20,19,0.95,0.2835820895522388,20,max_count_reached
SUT-F,1,0.1,0.4,20,20,4,4,20,20,1.0,0.29850746268656714,20,max_count_reached
SUT-F,2,0.1,0.4,20,20,4,4,20,19,0.95,0.2835820895522388,20,max_count_reached
SUT-F,3,0.1,0.4,20,20,4,4,20,19,0.95,0.2835820895522388,20,max_count_reached
SUT-F,4,0.1,0.4,20,20,4,4,20,18,0.9,0.26865671641791045,19,max_count_reached
SUT-F,5,0.1,0.4,20,20,4,4,20,20,1.0,0.29850746268656714,20,max_count_reached
SUT-F,6,0.1,0.4,20,20,4,4,20,20,1.0,0.29850746268656714,20,max_count_reached
SUT-F,7,0.1,0.4,20,20,4,4,20,18,0.9,0.26865671641791045,18,max_count_reached
SUT-F,8,0.1,0.4,20,20,4,4,20,20,1.0,0.29850746268656714,20,max_count_reached
SUT-F,9,0.1,0.4,20,20,4,4,20,20,1.0,0.29850746268656714,20,max_count_reached
SUT-F,10,0.1,0.4,20,20,4,4,20,19,0.95,0.2835820895522388,20,max_count_reached
SUT-F,11,0.1,0.4,20,20,4,4,20,19,0.95,0.2835820895522388,20,max_count_reached
SUT-F,12,0.1,0.4,20,20,4,4,20,19,0.95,0.2835820895522388,20,max_count_reached
SUT-F,13,0.1,0.4,20,20,4,4,20,20,1.0,0.29850746268656714,20,max_count_reached
SUT-F,14,0.1,0.4,20,20,4,4,20,18,0.9,0.26865671641791045,20,max_count_reached
SUT-F,15,0.1,0.4,20,20,4,4,20,19,0.95,0.2835820895522388,20,max_count_reached
SUT-F,16,0.1,0.4,20,20,4,4,20,20,1.0,0.29850746268656714,20,max_count_reached
SUT-F,17,0.1,0.4,20,20,4,4,20,19,0.95,0.2835820895522388,20,max_count_reached
SUT-F,18,0.1,0.4,20,20,4,4,20,18,0.9,0.26865671641791045,20,max_count_reached
SUT-F,19,0.1,0.4,20,20,4,4,20,20,1.0,0.29850746268656714,20,max_count_reached
SUT-F,0,0.1,0.4,20,20,4,5,20,19,0.95,0.2835820895522388,20,max_count_reached
SUT-F,1,0.1,0.4,20,20,4,5,20,20,1.0,0.29850746268656714,20,max_count_reached
SUT-F,2,0.1,0.4,20,20,4,5,20,19,0.95,0.2835820895522388,20,max_count_reached
SUT-F,3,0.1,0.4,20,20,4,5,20,19,0.95,0.2835820895522388,20,max_count_reached
SUT-F,4,0.1,0.4,20,20,4,5,20,18,0.9,0.26865671641791045,19,max_count_reached
SUT-F,5,0.1,0.4,20,20,4,5,20,20,1.0,0.29850746268656714,20,max_count_reached
SUT-F,6,0.1,0.4,20,20,4,5,20,20,1.0,0.29850746268656714,20,max_count_reached
SUT-F,7,0.1,0.4,20,20,4,5,20,18,0.9,0.26865671641791045,18,max_count_reached
SUT-F,8,0.1,0.4,20,20,4,5,20,20,1.0,0.29850746268656714,20,max_count_reached
SUT-F,9,0.1,0.4,20,20,4,5,20,20,1.0,0.29850746268656714,20,max_count_reached
SUT-F,10,0.1,0.4,20,20,4,5,20,19,0.95,0.2835820895522388,20,max_count_reached
SUT-F,11,0.1,0.4,20,20,4,5,20,19,0.95,0.2835820895522388,20,max_count_reached
SUT-F,12,0.1,0.4,20,20,4,5,20,19,0.95,0.2835820895522388,20,max_count_reached
SUT-F,13,0.1,0.4,20,20,4,5,20,20,1.0,0.29850746268656714,20,max_count_reached
SUT-F,14,0.1,0.4,20,20,4,5,20,18,0.9,0.26865671641791045,20,max_count_reached
SUT-F,15,0.1,0.4,20,20,4,5,20,19,0.95,0.2835820895522388,20,max_count_reached
SUT-F,16,0.1,0.4,20,20,4,5,20,20,1.0,0.29850746268656714,20,max_count_reached
SUT-F,17,0.1,0.4,20,20,4,5,20,19,0.95,0.2835820895522388,20,max_count_reached
SUT-F,18,0.1,0.4,20,20,4,5,20,18,0.9,0.26865671641791045,20,max_count_reached
SUT-F,19,0.1,0.4,20,20,4,5,20,20,1.0,0.29850746268656714,20,max_count_reached
SUT-F,0,0.1,0.5,20,20,2,3,20,19,0.95,0.2835820895522388,20,safe_neighbor_streak
SUT-F,1,0.1,0.5,20,20,2,3,20,20,1.0,0.29850746268656714,20,max_count_reached
SUT-F,2,0.1,0.5,20,20,2,3,20,19,0.95,0.2835820895522388,20,max_count_reached
SUT-F,3,0.1,0.5,20,20,2,3,20,19,0.95,0.2835820895522388,20,max_count_reached
SUT-F,4,0.1,0.5,20,20,2,3,20,18,0.9,0.26865671641791045,19,max_count_reached
SUT-F,5,0.1,0.5,20,20,2,3,20,20,1.0,0.29850746268656714,20,max_count_reached
SUT-F,6,0.1,0.5,20,20,2,3,20,20,1.0,0.29850746268656714,20,max_count_reached
SUT-F,7,0.1,0.5,20,20,2,3,20,18,0.9,0.26865671641791045,18,max_count_reached
SUT-F,8,0.1,0.5,20,20,2,3,20,20,1.0,0.29850746268656714,20,safe_neighbor_streak
SUT-F,9,0.1,0.5,20,20,2,3,20,20,1.0,0.29850746268656714,20,max_count_reached
SUT-F,10,0.1,0.5,20,20,2,3,20,19,0.95,0.2835820895522388,20,max_count_reached
SUT-F,11,0.1,0.5,20,20,2,3,20,19,0.95,0.2835820895522388,20,max_count_reached
SUT-F,12,0.1,0.5,20,20,2,3,20,19,0.95,0.2835820895522388,20,max_count_reached
SUT-F,13,0.1,0.5,20,20,2,3,20,20,1.0,0.29850746268656714,20,max_count_reached
SUT-F,14,0.1,0.5,20,20,2,3,20,18,0.9,0.26865671641791045,20,max_count_reached
SUT-F,15,0.1,0.5,20,20,2,3,20,19,0.95,0.2835820895522388,20,max_count_reached
SUT-F,16,0.1,0.5,20,20,2,3,20,20,1.0,0.29850746268656714,20,max_count_reached
SUT-F,17,0.1,0.5,20,20,2,3,20,19,0.95,0.2835820895522388,20,max_count_reached
SUT-F,18,0.1,0.5,20,20,2,3,20,18,0.9,0.26865671641791045,20,max_count_reached
SUT-F,19,0.1,0.5,20,20,2,3,20,20,1.0,0.29850746268656714,20,max_count_reached
SUT-F,0,0.1,0.5,20,20,2,4,20,19,0.95,0.2835820895522388,20,max_count_reached
SUT-F,1,0.1,0.5,20,20,2,4,20,20,1.0,0.29850746268656714,20,max_count_reached
SUT-F,2,0.1,0.5,20,20,2,4,20,19,0.95,0.2835820895522388,20,max_count_reached
SUT-F,3,0.1,0.5,20,20,2,4,20,19,0.95,0.2835820895522388,20,max_count_reached
SUT-F,4,0.1,0.5,20,20,2,4,20,18,0.9,0.26865671641791045,19,max_count_reached
SUT-F,5,0.1,0.5,20,20,2,4,20,20,1.0,0.29850746268656714,20,max_count_reached
SUT-F,6,0.1,0.5,20,20,2,4,20,20,1.0,0.29850746268656714,20,max_count_reached
SUT-F,7,0.1,0.5,20,20,2,4,20,18,0.9,0.26865671641791045,18,max_count_reached
SUT-F,8,0.1,0.5,20,20,2,4,20,20,1.0,0.29850746268656714,20,safe_neighbor_streak
SUT-F,9,0.1,0.5,20,20,2,4,20,20,1.0,0.29850746268656714,20,max_count_reached
SUT-F,10,0.1,0.5,20,20,2,4,20,19,0.95,0.2835820895522388,20,max_count_reached
SUT-F,11,0.1,0.5,20,20,2,4,20,19,0.95,0.2835820895522388,20,max_count_reached
SUT-F,12,0.1,0.5,20,20,2,4,20,19,0.95,0.2835820895522388,20,max_count_reached
SUT-F,13,0.1,0.5,20,20,2,4,20,20,1.0,0.29850746268656714,20,max_count_reached
SUT-F,14,0.1,0.5,20,20,2,4,20,18,0.9,0.26865671641791045,20,max_count_reached
SUT-F,15,0.1,0.5,20,20,2,4,20,19,0.95,0.2835820895522388,20,max_count_reached
SUT-F,16,0.1,0.5,20,20,2,4,20,20,1.0,0.29850746268656714,20,max_count_reached
SUT-F,17,0.1,0.5,20,20,2,4,20,19,0.95,0.2835820895522388,20,max_count_reached
SUT-F,18,0.1,0.5,20,20,2,4,20,18,0.9,0.26865671641791045,20,max_count_reached
SUT-F,19,0.1,0.5,20,20,2,4,20,20,1.0,0.29850746268656714,20,max_count_reached
SUT-F,0,0.1,0.5,20,20,2,5,20,19,0.95,0.2835820895522388,20,max_count_reached
SUT-F,1,0.1,0.5,20,20,2,5,20,20,1.0,0.29850746268656714,20,max_count_reached
SUT-F,2,0.1,0.5,20,20,2,5,20,19,0.95,0.2835820895522388,20,max_count_reached
SUT-F,3,0.1,0.5,20,20,2,5,20,19,0.95,0.2835820895522388,20,max_count_reached
SUT-F,4,0.1,0.5,20,20,2,5,20,18,0.9,0.26865671641791045,19,max_count_reached
SUT-F,5,0.1,0.5,20,20,2,5,20,20,1.0,0.29850746268656714,20,max_count_reached
SUT-F,6,0.1,0.5,20,20,2,5,20,20,1.0,0.29850746268656714,20,max_count_reached
SUT-F,7,0.1,0.5,20,20,2,5,20,18,0.9,0.26865671641791045,18,max_count_reached
SUT-F,8,0.1,0.5,20,20,2,5,20,20,1.0,0.29850746268656714,20,max_count_reached
SUT-F,9,0.1,0.5,20,20,2,5,20,20,1.0,0.29850746268656714,20,max_count_reached
SUT-F,10,0.1,0.5,20,20,2,5,20,19,0.95,0.2835820895522388,20,max_count_reached
SUT-F,11,0.1,0.5,20,20,2,5,20,19,0.95,0.2835820895522388,20,max_count_reached
SUT-F,12,0.1,0.5,20,20,2,5,20,19,0.95,0.2835820895522388,20,max_count_reached
SUT-F,13,0.1,0.5,20,20,2,5,20,20,1.0,0.29850746268656714,20,max_count_reached
SUT-F,14,0.1,0.5,20,20,2,5,20,18,0.9,0.26865671641791045,20,max_count_reached
SUT-F,15,0.1,0.5,20,20,2,5,20,19,0.95,0.2835820895522388,20,max_count_reached
SUT-F,16,0.1,0.5,20,20,2,5,20,20,1.0,0.29850746268656714,20,max_count_reached
SUT-F,17,0.1,0.5,20,20,2,5,20,19,0.95,0.2835820895522388,20,max_count_reached
SUT-F,18,0.1,0.5,20,20,2,5,20,18,0.9,0.26865671641791045,20,max_count_reached
SUT-F,19,0.1,0.5,20,20,2,5,20,20,1.0,0.29850746268656714,20,max_count_reached
SUT-F,0,0.1,0.5,20,20,3,3,20,19,0.95,0.2835820895522388,20,max_count_reached
SUT-F,1,0.1,0.5,20,20,3,3,20,20,1.0,0.29850746268656714,20,max_count_reached
SUT-F,2,0.1,0.5,20,20,3,3,20,19,0.95,0.2835820895522388,20,max_count_reached
SUT-F,3,0.1,0.5,20,20,3,3,20,19,0.95,0.2835820895522388,20,max_count_reached
SUT-F,4,0.1,0.5,20,20,3,3,20,18,0.9,0.26865671641791045,19,max_count_reached
SUT-F,5,0.1,0.5,20,20,3,3,20,20,1.0,0.29850746268656714,20,max_count_reached
SUT-F,6,0.1,0.5,20,20,3,3,20,20,1.0,0.29850746268656714,20,max_count_reached
SUT-F,7,0.1,0.5,20,20,3,3,20,18,0.9,0.26865671641791045,18,max_count_reached
SUT-F,8,0.1,0.5,20,20,3,3,20,20,1.0,0.29850746268656714,20,max_count_reached
SUT-F,9,0.1,0.5,20,20,3,3,20,20,1.0,0.29850746268656714,20,max_count_reached
SUT-F,10,0.1,0.5,20,20,3,3,20,19,0.95,0.2835820895522388,20,max_count_reached
SUT-F,11,0.1,0.5,20,20,3,3,20,19,0.95,0.2835820895522388,20,max_count_reached
SUT-F,12,0.1,0.5,20,20,3,3,20,19,0.95,0.2835820895522388,20,max_count_reached
SUT-F,13,0.1,0.5,20,20,3,3,20,20,1.0,0.29850746268656714,20,max_count_reached
SUT-F,14,0.1,0.5,20,20,3,3,20,18,0.9,0.26865671641791045,20,max_count_reached
SUT-F,15,0.1,0.5,20,20,3,3,20,19,0.95,0.2835820895522388,20,max_count_reached
SUT-F,16,0.1,0.5,20,20,3,3,20,20,1.0,0.29850746268656714,20,max_count_reached
SUT-F,17,0.1,0.5,20,20,3,3,20,19,0.95,0.2835820895522388,20,max_count_reached
SUT-F,18,0.1,0.5,20,20,3,3,20,18,0.9,0.26865671641791045,20,max_count_reached
SUT-F,19,0.1,0.5,20,20,3,3,20,20,1.0,0.29850746268656714,20,max_count_reached
SUT-F,0,0.1,0.5,20,20,3,4,20,19,0.95,0.2835820895522388,20,max_count_reached
SUT-F,1,0.1,0.5,20,20,3,4,20,20,1.0,0.29850746268656714,20,max_count_reached
SUT-F,2,0.1,0.5,20,20,3,4,20,19,0.95,0.2835820895522388,20,max_count_reached
SUT-F,3,0.1,0.5,20,20,3,4,20,19,0.95,0.2835820895522388,20,max_count_reached
SUT-F,4,0.1,0.5,20,20,3,4,20,18,0.9,0.26865671641791045,19,max_count_reached
SUT-F,5,0.1,0.5,20,20,3,4,20,20,1.0,0.29850746268656714,20,max_count_reached
SUT-F,6,0.1,0.5,20,20,3,4,20,20,1.0,0.29850746268656714,20,max_count_reached
SUT-F,7,0.1,0.5,20,20,3,4,20,18,0.9,0.26865671641791045,18,max_count_reached
SUT-F,8,0.1,0.5,20,20,3,4,20,20,1.0,0.29850746268656714,20,max_count_reached
SUT-F,9,0.1,0.5,20,20,3,4,20,20,1.0,0.29850746268656714,20,max_count_reached
SUT-F,10,0.1,0.5,20,20,3,4,20,19,0.95,0.2835820895522388,20,max_count_reached
SUT-F,11,0.1,0.5,20,20,3,4,20,19,0.95,0.2835820895522388,20,max_count_reached
SUT-F,12,0.1,0.5,20,20,3,4,20,19,0.95,0.2835820895522388,20,max_count_reached
SUT-F,13,0.1,0.5,20,20,3,4,20,20,1.0,0.29850746268656714,20,max_count_reached
SUT-F,14,0.1,0.5,20,20,3,4,20,18,0.9,0.26865671641791045,20,max_count_reached
SUT-F,15,0.1,0.5,20,20,3,4,20,19,0.95,0.2835820895522388,20,max_count_reached
SUT-F,16,0.1,0.5,20,20,3,4,20,20,1.0,0.29850746268656714,20,max_count_reached
SUT-F,17,0.1,0.5,20,20,3,4,20,19,0.95,0.2835820895522388,20,max_count_reached
SUT-F,18,0.1,0.5,20,20,3,4,20,18,0.9,0.26865671641791045,20,max_count_reached
SUT-F,19,0.1,0.5,20,20,3,4,20,20,1.0,0.29850746268656714,20,max_count_reached
SUT-F,0,0.1,0.5,20,20,3,5,20,19,0.95,0.2835820895522388,20,max_count_reached
SUT-F,1,0.1,0.5,20,20,3,5,20,20,1.0,0.29850746268656714,20,max_count_reached
SUT-F,2,0.1,0.5,20,20,3,5,20,19,0.95,0.2835820895522388,20,max_count_reached
SUT-F,3,0.1,0.5,20,20,3,5,20,19,0.95,0.2835820895522388,20,max_count_reached
SUT-F,4,0.1,0.5,20,20,3,5,20,18,0.9,0.26865671641791045,19,max_count_reached
SUT-F,5,0.1,0.5,20,20,3,5,20,20,1.0,0.29850746268656714,20,max_count_reached
SUT-F,6,0.1,0.5,20,20,3,5,20,20,1.0,0.29850746268656714,20,max_count_reached
SUT-F,7,0.1,0.5,20,20,3,5,20,18,0.9,0.26865671641791045,18,max_count_reached
SUT-F,8,0.1,0.5,20,20,3,5,20,20,1.0,0.29850746268656714,20,max_count_reached
SUT-F,9,0.1,0.5,20,20,3,5,20,20,1.0,0.29850746268656714,20,max_count_reached
SUT-F,10,0.1,0.5,20,20,3,5,20,19,0.95,0.2835820895522388,20,max_count_reached
SUT-F,11,0.1,0.5,20,20,3,5,20,19,0.95,0.2835820895522388,20,max_count_reached
SUT-F,12,0.1,0.5,20,20,3,5,20,19,0.95,0.2835820895522388,20,max_count_reached
SUT-F,13,0.1,0.5,20,20,3,5,20,20,1.0,0.29850746268656714,20,max_count_reached
SUT-F,14,0.1,0.5,20,20,3,5,20,18,0.9,0.26865671641791045,20,max_count_reached
SUT-F,15,0.1,0.5,20,20,3,5,20,19,0.95,0.2835820895522388,20,max_count_reached
SUT-F,16,0.1,0.5,20,20,3,5,20,20,1.0,0.29850746268656714,20,max_count_reached
SUT-F,17,0.1,0.5,20,20,3,5,20,19,0.95,0.2835820895522388,20,max_count_reached
SUT-F,18,0.1,0.5,20,20,3,5,20,18,0.9,0.26865671641791045,20,max_count_reached
SUT-F,19,0.1,0.5,20,20,3,5,20,20,1.0,0.29850746268656714,20,max_count_reached
SUT-F,0,0.1,0.5,20,20,4,3,20,19,0.95,0.2835820895522388,20,max_count_reached
SUT-F,1,0.1,0.5,20,20,4,3,20,20,1.0,0.29850746268656714,20,max_count_reached
SUT-F,2,0.1,0.5,20,20,4,3,20,19,0.95,0.2835820895522388,20,max_count_reached
SUT-F,3,0.1,0.5,20,20,4,3,20,19,0.95,0.2835820895522388,20,max_count_reached
SUT-F,4,0.1,0.5,20,20,4,3,20,18,0.9,0.26865671641791045,19,max_count_reached
SUT-F,5,0.1,0.5,20,20,4,3,20,20,1.0,0.29850746268656714,20,max_count_reached
SUT-F,6,0.1,0.5,20,20,4,3,20,20,1.0,0.29850746268656714,20,max_count_reached
SUT-F,7,0.1,0.5,20,20,4,3,20,18,0.9,0.26865671641791045,18,max_count_reached
SUT-F,8,0.1,0.5,20,20,4,3,20,20,1.0,0.29850746268656714,20,max_count_reached
SUT-F,9,0.1,0.5,20,20,4,3,20,20,1.0,0.29850746268656714,20,max_count_reached
SUT-F,10,0.1,0.5,20,20,4,3,20,19,0.95,0.2835820895522388,20,max_count_reached
SUT-F,11,0.1,0.5,20,20,4,3,20,19,0.95,0.2835820895522388,20,max_count_reached
SUT-F,12,0.1,0.5,20,20,4,3,20,19,0.95,0.2835820895522388,20,max_count_reached
SUT-F,13,0.1,0.5,20,20,4,3,20,20,1.0,0.29850746268656714,20,max_count_reached
SUT-F,14,0.1,0.5,20,20,4,3,20,18,0.9,0.26865671641791045,20,max_count_reached
SUT-F,15,0.1,0.5,20,20,4,3,20,19,0.95,0.2835820895522388,20,max_count_reached
SUT-F,16,0.1,0.5,20,20,4,3,20,20,1.0,0.29850746268656714,20,max_count_reached
SUT-F,17,0.1,0.5,20,20,4,3,20,19,0.95,0.2835820895522388,20,max_count_reached
SUT-F,18,0.1,0.5,20,20,4,3,20,18,0.9,0.26865671641791045,20,max_count_reached
SUT-F,19,0.1,0.5,20,20,4,3,20,20,1.0,0.29850746268656714,20,max_count_reached
SUT-F,0,0.1,0.5,20,20,4,4,20,19,0.95,0.2835820895522388,20,max_count_reached
SUT-F,1,0.1,0.5,20,20,4,4,20,20,1.0,0.29850746268656714,20,max_count_reached
SUT-F,2,0.1,0.5,20,20,4,4,20,19,0.95,0.2835820895522388,20,max_count_reached
SUT-F,3,0.1,0.5,20,20,4,4,20,19,0.95,0.2835820895522388,20,max_count_reached
SUT-F,4,0.1,0.5,20,20,4,4,20,18,0.9,0.26865671641791045,19,max_count_reached
SUT-F,5,0.1,0.5,20,20,4,4,20,20,1.0,0.29850746268656714,20,max_count_reached
SUT-F,6,0.1,0.5,20,20,4,4,20,20,1.0,0.29850746268656714,20,max_count_reached
SUT-F,7,0.1,0.5,20,20,4,4,20,18,0.9,0.26865671641791045,18,max_count_reached
SUT-F,8,0.1,0.5,20,20,4,4,20,20,1.0,0.29850746268656714,20,max_count_reached
SUT-F,9,0.1,0.5,20,20,4,4,20,20,1.0,0.29850746268656714,20,max_count_reached
SUT-F,10,0.1,0.5,20,20,4,4,20,19,0.95,0.2835820895522388,20,max_count_reached
SUT-F,11,0.1,0.5,20,20,4,4,20,19,0.95,0.2835820895522388,20,max_count_reached
SUT-F,12,0.1,0.5,20,20,4,4,20,19,0.95,0.2835820895522388,20,max_count_reached
SUT-F,13,0.1,0.5,20,20,4,4,20,20,1.0,0.29850746268656714,20,max_count_reached
SUT-F,14,0.1,0.5,20,20,4,4,20,18,0.9,0.26865671641791045,20,max_count_reached
SUT-F,15,0.1,0.5,20,20,4,4,20,19,0.95,0.2835820895522388,20,max_count_reached
SUT-F,16,0.1,0.5,20,20,4,4,20,20,1.0,0.29850746268656714,20,max_count_reached
SUT-F,17,0.1,0.5,20,20,4,4,20,19,0.95,0.2835820895522388,20,max_count_reached
SUT-F,18,0.1,0.5,20,20,4,4,20,18,0.9,0.26865671641791045,20,max_count_reached
SUT-F,19,0.1,0.5,20,20,4,4,20,20,1.0,0.29850746268656714,20,max_count_reached
SUT-F,0,0.1,0.5,20,20,4,5,20,19,0.95,0.2835820895522388,20,max_count_reached
SUT-F,1,0.1,0.5,20,20,4,5,20,20,1.0,0.29850746268656714,20,max_count_reached
SUT-F,2,0.1,0.5,20,20,4,5,20,19,0.95,0.2835820895522388,20,max_count_reached
SUT-F,3,0.1,0.5,20,20,4,5,20,19,0.95,0.2835820895522388,20,max_count_reached
SUT-F,4,0.1,0.5,20,20,4,5,20,18,0.9,0.26865671641791045,19,max_count_reached
SUT-F,5,0.1,0.5,20,20,4,5,20,20,1.0,0.29850746268656714,20,max_count_reached
SUT-F,6,0.1,0.5,20,20,4,5,20,20,1.0,0.29850746268656714,20,max_count_reached
SUT-F,7,0.1,0.5,20,20,4,5,20,18,0.9,0.26865671641791045,18,max_count_reached
SUT-F,8,0.1,0.5,20,20,4,5,20,20,1.0,0.29850746268656714,20,max_count_reached
SUT-F,9,0.1,0.5,20,20,4,5,20,20,1.0,0.29850746268656714,20,max_count_reached
SUT-F,10,0.1,0.5,20,20,4,5,20,19,0.95,0.2835820895522388,20,max_count_reached
SUT-F,11,0.1,0.5,20,20,4,5,20,19,0.95,0.2835820895522388,20,max_count_reached
SUT-F,12,0.1,0.5,20,20,4,5,20,19,0.95,0.2835820895522388,20,max_count_reached
SUT-F,13,0.1,0.5,20,20,4,5,20,20,1.0,0.29850746268656714,20,max_count_reached
SUT-F,14,0.1,0.5,20,20,4,5,20,18,0.9,0.26865671641791045,20,max_count_reached
SUT-F,15,0.1,0.5,20,20,4,5,20,19,0.95,0.2835820895522388,20,max_count_reached
SUT-F,16,0.1,0.5,20,20,4,5,20,20,1.0,0.29850746268656714,20,max_count_reached
SUT-F,17,0.1,0.5,20,20,4,5,20,19,0.95,0.2835820895522388,20,max_count_reached
SUT-F,18,0.1,0.5,20,20,4,5,20,18,0.9,0.26865671641791045,20,max_count_reached
SUT-F,19,0.1,0.5,20,20,4,5,20,20,1.0,0.29850746268656714,20,max_count_reached
