seed,target,coverage,heterogeneity,budget,CollisionCount,CriticalCount,SeveritySum,CVS,CollisionCells,F,NewHistoricalFailureCount,function_queries,queried_indices,method,repeat,selection_seconds
20271117,Target-idm_mobil-leaveoneout,leave_one_out,idm_mobil,10,0,9,4.5,4.5,0,0.03195297791667866,0,cutin_braking:1;fast_intrusion:1;lead_braking:1;slow_lead_following:2;stop_and_go:5,488;444;319;393;375;363;308;183;213;35,FPS-Risk,0,0.08709919999819249
20271117,Target-idm_mobil-leaveoneout,leave_one_out,idm_mobil,20,0,16,8.0,6.5,0,0.04510982952104668,0,cutin_braking:1;fast_intrusion:5;lead_braking:5;slow_lead_following:2;stop_and_go:7,488;444;319;393;375;363;308;183;213;35;293;219;241;265;0;396;67;1;2;367,FPS-Risk,0,0.08709919999819249
20271117,Target-idm_mobil-leaveoneout,leave_one_out,idm_mobil,30,0,26,13.0,8.5,0,0.058005883437403136,0,cutin_braking:1;fast_intrusion:5;lead_braking:5;slow_lead_following:2;stop_and_go:17,488;444;319;393;375;363;308;183;213;35;293;219;241;265;0;396;67;1;2;367;307;387;370;335;313;355;325;330;327;395,FPS-Risk,0,0.08709919999819249
20271117,Target-idm_mobil-leaveoneout,leave_one_out,idm_mobil,50,0,45,22.5,11.5,0,0.09249418652732048,0,cutin_braking:1;fast_intrusion:5;lead_braking:5;slow_lead_following:10;stop_and_go:29,488;444;319;393;375;363;308;183;213;35;293;219;241;265;0;396;67;1;2;367;307;387;370;335;313;355;325;330;327;395;341;315;305;365;343;385;353;302;320;350;356;380;408;456;416;448;400;428;476;482,FPS-Risk,0,0.08709919999819249
20271117,Target-idm_mobil-leaveoneout,leave_one_out,idm_mobil,10,0,9,4.5,4.5,0,0.03195297791667866,0,cutin_braking:1;fast_intrusion:1;lead_braking:1;slow_lead_following:2;stop_and_go:5,488;444;319;393;375;363;308;35;183;213,FPS-Severity,0,0.08103359991218895
20271117,Target-idm_mobil-leaveoneout,leave_one_out,idm_mobil,20,0,16,8.0,6.5,0,0.04510982952104668,0,cutin_braking:1;fast_intrusion:5;lead_braking:5;slow_lead_following:2;stop_and_go:7,488;444;319;393;375;363;308;35;183;213;293;219;241;265;0;396;67;1;2;367,FPS-Severity,0,0.08103359991218895
20271117,Target-idm_mobil-leaveoneout,leave_one_out,idm_mobil,30,0,26,13.0,8.5,0,0.058005883437403136,0,cutin_braking:1;fast_intrusion:5;lead_braking:5;slow_lead_following:2;stop_and_go:17,488;444;319;393;375;363;308;35;183;213;293;219;241;265;0;396;67;1;2;367;307;387;370;335;313;355;325;330;327;395,FPS-Severity,0,0.08103359991218895
20271117,Target-idm_mobil-leaveoneout,leave_one_out,idm_mobil,50,0,45,22.5,11.5,0,0.09249418652732048,0,cutin_braking:1;fast_intrusion:5;lead_braking:5;slow_lead_following:10;stop_and_go:29,488;444;319;393;375;363;308;35;183;213;293;219;241;265;0;396;67;1;2;367;307;387;370;335;313;355;325;330;327;395;341;315;305;365;343;385;353;302;320;350;356;380;408;456;416;448;400;428;476;482,FPS-Severity,0,0.08103359991218895
20271117,Target-idm_mobil-leaveoneout,leave_one_out,idm_mobil,10,0,7,3.5,3.0,0,0.02811155951001746,0,cutin_braking:2;fast_intrusion:2;lead_braking:2;slow_lead_following:2;stop_and_go:2,488;319;35;183;213;444;293;393;0;166,FPS-Balanced,0,0.09413089998997748
20271117,Target-idm_mobil-leaveoneout,leave_one_out,idm_mobil,20,0,14,7.0,5.0,0,0.03721499017898448,0,cutin_braking:4;fast_intrusion:4;lead_braking:4;slow_lead_following:4;stop_and_go:4,488;319;35;183;213;444;293;393;0;166;219;375;67;408;189;456;241;363;1;145,FPS-Balanced,0,0.09413089998997748
20271117,Target-idm_mobil-leaveoneout,leave_one_out,idm_mobil,30,0,21,10.5,7.0,0,0.05316768865693548,0,cutin_braking:6;fast_intrusion:6;lead_braking:6;slow_lead_following:6;stop_and_go:6,488;319;35;183;213;444;293;393;0;166;219;375;67;408;189;456;241;363;1;145;416;265;308;2;133;448;396;237;91;144,FPS-Balanced,0,0.09413089998997748
20271117,Target-idm_mobil-leaveoneout,leave_one_out,idm_mobil,50,0,32,16.0,8.5,0,0.0797769634731549,0,cutin_braking:10;fast_intrusion:10;lead_braking:10;slow_lead_following:10;stop_and_go:10,488;319;35;183;213;444;293;393;0;166;219;375;67;408;189;456;241;363;1;145;416;265;308;2;133;448;396;237;91;144;400;249;3;367;193;428;269;307;11;113;476;263;387;79;169;482;370;221;59;161,FPS-Balanced,0,0.09413089998997748
20271117,Target-idm_mobil-leaveoneout,leave_one_out,idm_mobil,10,0,7,3.5,3.5,0,0.05950128683247056,0,cutin_braking:1;fast_intrusion:1;lead_braking:1;slow_lead_following:6;stop_and_go:1,458;400;476;489;478;396;426;265;159;10,FPS-Marginal,0,0.5656549000414088
20271117,Target-idm_mobil-leaveoneout,leave_one_out,idm_mobil,20,0,16,8.0,7.0,0,0.08374610802413163,0,cutin_braking:1;fast_intrusion:1;lead_braking:3;slow_lead_following:8;stop_and_go:7,458;400;476;489;478;396;426;265;159;10;355;302;343;289;327;385;213;408;305;422,FPS-Marginal,0,0.5656549000414088
20271117,Target-idm_mobil-leaveoneout,leave_one_out,idm_mobil,30,0,24,12.0,10.0,0,0.09278258299493013,0,cutin_braking:1;fast_intrusion:1;lead_braking:4;slow_lead_following:8;stop_and_go:16,458;400;476;489;478;396;426;265;159;10;355;302;343;289;327;385;213;408;305;422;345;330;241;320;313;395;350;341;315;319,FPS-Marginal,0,0.5656549000414088
20271117,Target-idm_mobil-leaveoneout,leave_one_out,idm_mobil,50,0,44,22.0,12.5,0,0.10613351413521652,0,cutin_braking:1;fast_intrusion:1;lead_braking:6;slow_lead_following:13;stop_and_go:29,458;400;476;489;478;396;426;265;159;10;355;302;343;289;327;385;213;408;305;422;345;330;241;320;313;395;350;341;315;319;370;363;293;307;219;365;482;325;410;308;367;393;356;375;387;380;444;488;448;353,FPS-Marginal,0,0.5656549000414088
20271117,Target-idm_mobil-leaveoneout,leave_one_out,idm_mobil,10,0,9,4.5,4.5,0,0.03195297791667866,0,cutin_braking:1;fast_intrusion:1;lead_braking:1;slow_lead_following:2;stop_and_go:5,488;444;319;393;375;308;363;35;183;213,MeanResidual-Risk,0,0.16892450000159442
20271117,Target-idm_mobil-leaveoneout,leave_one_out,idm_mobil,20,0,19,9.5,6.0,0,0.06012287731640545,0,cutin_braking:1;fast_intrusion:1;lead_braking:1;slow_lead_following:11;stop_and_go:6,488;444;319;393;375;308;363;35;183;213;396;408;456;416;448;400;476;428;482;402,MeanResidual-Risk,0,0.16892450000159442
20271117,Target-idm_mobil-leaveoneout,leave_one_out,idm_mobil,30,0,29,14.5,7.5,0,0.07644792571457999,0,cutin_braking:1;fast_intrusion:1;lead_braking:1;slow_lead_following:21;stop_and_go:6,488;444;319;393;375;308;363;35;183;213;396;408;456;416;448;400;476;428;482;402;426;498;450;484;438;422;470;458;410;478,MeanResidual-Risk,0,0.16892450000159442
20271117,Target-idm_mobil-leaveoneout,leave_one_out,idm_mobil,50,0,48,24.0,9.0,0,0.09433429666255663,0,cutin_braking:1;fast_intrusion:1;lead_braking:1;slow_lead_following:41;stop_and_go:6,488;444;319;393;375;308;363;35;183;213;396;408;456;416;448;400;476;428;482;402;426;498;450;484;438;422;470;458;410;478;496;436;492;460;468;420;491;435;411;412;461;434;490;469;493;413;459;467;437;466,MeanResidual-Risk,0,0.16892450000159442
20271117,Target-idm_mobil-leaveoneout,leave_one_out,idm_mobil,10,0,9,4.5,4.5,0,0.06833753016016085,0,cutin_braking:1;fast_intrusion:1;lead_braking:1;slow_lead_following:6;stop_and_go:1,444;410;400;470;396;482;467;159;265;35,MeanResidual-Marginal,0,0.5969319998985156
20271117,Target-idm_mobil-leaveoneout,leave_one_out,idm_mobil,20,0,18,9.0,8.5,0,0.09008767283561826,0,cutin_braking:1;fast_intrusion:1;lead_braking:1;slow_lead_following:14;stop_and_go:3,444;410;400;470;396;482;467;159;265;35;413;463;429;488;393;468;478;375;461;487,MeanResidual-Marginal,0,0.5969319998985156
20271117,Target-idm_mobil-leaveoneout,leave_one_out,idm_mobil,30,0,28,14.0,11.0,0,0.10754646724605699,0,cutin_braking:1;fast_intrusion:1;lead_braking:1;slow_lead_following:17;stop_and_go:10,444;410;400;470;396;482;467;159;265;35;413;463;429;488;393;468;478;375;461;487;319;428;308;498;302;422;385;343;327;363,MeanResidual-Marginal,0,0.5969319998985156
20271117,Target-idm_mobil-leaveoneout,leave_one_out,idm_mobil,50,0,44,22.0,14.0,0,0.12705993417263534,0,cutin_braking:2;fast_intrusion:3;lead_braking:4;slow_lead_following:24;stop_and_go:17,444;410;400;470;396;482;467;159;265;35;413;463;429;488;393;468;478;375;461;487;319;428;308;498;302;422;385;343;327;363;483;241;213;307;313;448;493;421;305;330;293;455;151;395;355;365;420;484;47;71,MeanResidual-Marginal,0,0.5969319998985156
20271117,Target-idm_mobil-leaveoneout,leave_one_out,idm_mobil,10,0,9,4.5,4.5,0,0.03195297791667866,0,cutin_braking:1;fast_intrusion:1;lead_braking:1;slow_lead_following:2;stop_and_go:5,488;444;319;393;375;308;363;183;213;35,CoRe-Risk,0,0.19216179999057204
20271117,Target-idm_mobil-leaveoneout,leave_one_out,idm_mobil,20,0,16,8.0,6.0,0,0.04481057190728591,0,cutin_braking:1;fast_intrusion:11;lead_braking:1;slow_lead_following:2;stop_and_go:5,488;444;319;393;375;308;363;183;213;35;67;47;55;19;43;61;93;7;25;33,CoRe-Risk,0,0.19216179999057204
20271117,Target-idm_mobil-leaveoneout,leave_one_out,idm_mobil,30,0,25,12.5,8.0,0,0.05943514849817203,0,cutin_braking:1;fast_intrusion:12;lead_braking:5;slow_lead_following:6;stop_and_go:6,488;444;319;393;375;308;363;183;213;35;67;47;55;19;43;61;93;7;25;33;11;293;241;219;265;396;408;456;416;476,CoRe-Risk,0,0.19216179999057204
20271117,Target-idm_mobil-leaveoneout,leave_one_out,idm_mobil,50,0,45,22.5,11.5,0,0.10190358959731623,0,cutin_braking:1;fast_intrusion:12;lead_braking:5;slow_lead_following:21;stop_and_go:11,488;444;319;393;375;308;363;183;213;35;67;47;55;19;43;61;93;7;25;33;11;293;241;219;265;396;408;456;416;476;428;448;482;402;484;450;498;426;438;422;470;458;410;400;478;380;315;355;307;335,CoRe-Risk,0,0.19216179999057204
20271117,Target-idm_mobil-leaveoneout,leave_one_out,idm_mobil,10,0,7,3.5,3.5,0,0.05942259124585005,0,cutin_braking:1;fast_intrusion:1;lead_braking:1;slow_lead_following:6;stop_and_go:1,458;400;476;453;478;498;396;159;265;10,CoRe-Marginal,0,0.6679309000028297
20271117,Target-idm_mobil-leaveoneout,leave_one_out,idm_mobil,20,0,16,8.0,7.0,0,0.08377921162041599,0,cutin_braking:1;fast_intrusion:1;lead_braking:3;slow_lead_following:8;stop_and_go:7,458;400;476;453;478;498;396;159;265;10;488;355;302;343;289;422;327;385;213;305,CoRe-Marginal,0,0.6679309000028297
20271117,Target-idm_mobil-leaveoneout,leave_one_out,idm_mobil,30,0,24,12.0,9.0,0,0.09223318443843062,0,cutin_braking:1;fast_intrusion:1;lead_braking:4;slow_lead_following:11;stop_and_go:13,458;400;476;453;478;498;396;159;265;10;488;355;302;343;289;422;327;385;213;305;345;330;241;320;482;313;410;444;395;315,CoRe-Marginal,0,0.6679309000028297
20271117,Target-idm_mobil-leaveoneout,leave_one_out,idm_mobil,50,0,44,22.0,12.0,0,0.10562083198176173,0,cutin_braking:1;fast_intrusion:1;lead_braking:6;slow_lead_following:15;stop_and_go:27,458;400;476;453;478;498;396;159;265;10;488;355;302;343;289;422;327;385;213;305;345;330;241;320;482;313;410;444;395;315;319;341;363;293;370;307;350;219;365;367;448;325;428;387;393;356;470;375;353;408,CoRe-Marginal,0,0.6679309000028297
20271117,Target-idm_mobil-leaveoneout,leave_one_out,idm_mobil,10,0,5,2.5,2.5,0,0.06582842435225696,0,cutin_braking:1;fast_intrusion:1;lead_braking:1;slow_lead_following:6;stop_and_go:1,468;425;463;442;432;10;289;173;371;405,TargetOnlyGP-Marginal,0,0.6053251000121236
20271117,Target-idm_mobil-leaveoneout,leave_one_out,idm_mobil,20,0,9,4.5,4.0,0,0.07959936639545657,0,cutin_braking:3;fast_intrusion:3;lead_braking:3;slow_lead_following:8;stop_and_go:3,468;425;463;442;432;10;289;173;371;405;288;156;302;68;482;406;174;37;281;347,TargetOnlyGP-Marginal,0,0.6053251000121236
20271117,Target-idm_mobil-leaveoneout,leave_one_out,idm_mobil,30,0,12,6.0,5.5,0,0.08712332308771648,0,cutin_braking:5;fast_intrusion:6;lead_braking:4;slow_lead_following:9;stop_and_go:6,468;425;463;442;432;10;289;173;371;405;288;156;302;68;482;406;174;37;281;347;111;32;278;480;75;346;105;301;30;335,TargetOnlyGP-Marginal,0,0.6053251000121236
20271117,Target-idm_mobil-leaveoneout,leave_one_out,idm_mobil,50,0,21,10.5,9.0,0,0.10601823749787558,0,cutin_braking:7;fast_intrusion:8;lead_braking:9;slow_lead_following:14;stop_and_go:12,468;425;463;442;432;10;289;173;371;405;288;156;302;68;482;406;174;37;281;347;111;32;278;480;75;346;105;301;30;335;396;255;461;194;240;324;481;315;305;487;499;119;83;241;488;384;50;218;353;291,TargetOnlyGP-Marginal,0,0.6053251000121236
20271117,Target-idm_mobil-leaveoneout,leave_one_out,idm_mobil,10,0,5,2.5,2.5,0,0.04789850599143946,0,cutin_braking:2;fast_intrusion:0;lead_braking:2;slow_lead_following:4;stop_and_go:2,427;251;143;415;341;401;402;230;328;114,Random,0,0.00025379995349794626
20271117,Target-idm_mobil-leaveoneout,leave_one_out,idm_mobil,20,0,9,4.5,3.5,0,0.058895540355534834,0,cutin_braking:4;fast_intrusion:2;lead_braking:4;slow_lead_following:5;stop_and_go:5,427;251;143;415;341;401;402;230;328;114;285;377;351;171;18;253;198;442;48;338,Random,0,0.00025379995349794626
20271117,Target-idm_mobil-leaveoneout,leave_one_out,idm_mobil,30,0,10,5.0,4.0,0,0.06254904931980361,0,cutin_braking:8;fast_intrusion:5;lead_braking:5;slow_lead_following:6;stop_and_go:6,427;251;143;415;341;401;402;230;328;114;285;377;351;171;18;253;198;442;48;338;160;303;134;61;214;95;120;489;155;23,Random,0,0.00025379995349794626
20271117,Target-idm_mobil-leaveoneout,leave_one_out,idm_mobil,50,0,17,8.5,7.0,0,0.083162372832431,0,cutin_braking:13;fast_intrusion:9;lead_braking:10;slow_lead_following:9;stop_and_go:9,427;251;143;415;341;401;402;230;328;114;285;377;351;171;18;253;198;442;48;338;160;303;134;61;214;95;120;489;155;23;346;156;271;116;174;455;209;288;220;34;72;407;398;213;499;7;19;185;129;388,Random,0,0.00025379995349794626
20271117,Target-idm_mobil-leaveoneout,leave_one_out,idm_mobil,10,0,3,1.5,1.5,0,0.02695245274134577,0,cutin_braking:2;fast_intrusion:3;lead_braking:1;slow_lead_following:1;stop_and_go:3,392;55;228;320;18;344;167;27;141;402,Random,1,0.0002226000651717186
20271117,Target-idm_mobil-leaveoneout,leave_one_out,idm_mobil,20,0,7,3.5,3.5,0,0.0436730478725534,0,cutin_braking:3;fast_intrusion:5;lead_braking:3;slow_lead_following:3;stop_and_go:6,392;55;228;320;18;344;167;27;141;402;279;328;79;87;381;278;401;359;478;101,Random,1,0.0002226000651717186
20271117,Target-idm_mobil-leaveoneout,leave_one_out,idm_mobil,30,0,11,5.5,5.0,0,0.0642043302238215,0,cutin_braking:4;fast_intrusion:5;lead_braking:5;slow_lead_following:6;stop_and_go:10,392;55;228;320;18;344;167;27;141;402;279;328;79;87;381;278;401;359;478;101;480;457;286;303;343;385;147;426;247;322,Random,1,0.0002226000651717186
20271117,Target-idm_mobil-leaveoneout,leave_one_out,idm_mobil,50,0,17,8.5,7.5,0,0.07506782879243479,0,cutin_braking:8;fast_intrusion:6;lead_braking:9;slow_lead_following:9;stop_and_go:18,392;55;228;320;18;344;167;27;141;402;279;328;79;87;381;278;401;359;478;101;480;457;286;303;343;385;147;426;247;322;143;330;321;186;144;239;488;133;323;271;470;270;408;315;17;246;317;334;397;372,Random,1,0.0002226000651717186
20271117,Target-idm_mobil-leaveoneout,leave_one_out,idm_mobil,10,0,4,2.0,2.0,0,0.011281895441256126,0,cutin_braking:0;fast_intrusion:4;lead_braking:3;slow_lead_following:0;stop_and_go:3,70;44;396;281;33;319;317;232;287;1,Random,2,0.00023480004165321589
20271117,Target-idm_mobil-leaveoneout,leave_one_out,idm_mobil,20,0,10,5.0,5.0,0,0.05692252316609122,0,cutin_braking:1;fast_intrusion:7;lead_braking:5;slow_lead_following:3;stop_and_go:4,70;44;396;281;33;319;317;232;287;1;109;442;20;47;499;265;313;427;267;89,Random,2,0.00023480004165321589
20271117,Target-idm_mobil-leaveoneout,leave_one_out,idm_mobil,30,0,14,7.0,6.5,0,0.07681441340901847,0,cutin_braking:1;fast_intrusion:9;lead_braking:7;slow_lead_following:5;stop_and_go:8,70;44;396;281;33;319;317;232;287;1;109;442;20;47;499;265;313;427;267;89;276;481;428;383;307;204;43;391;379;61,Random,2,0.00023480004165321589
20271117,Target-idm_mobil-leaveoneout,leave_one_out,idm_mobil,50,0,20,10.0,9.5,0,0.09914380711312404,0,cutin_braking:4;fast_intrusion:11;lead_braking:12;slow_lead_following:12;stop_and_go:11,70;44;396;281;33;319;317;232;287;1;109;442;20;47;499;265;313;427;267;89;276;481;428;383;307;204;43;391;379;61;437;349;178;162;270;282;385;497;18;187;266;488;459;352;296;97;470;407;478;298,Random,2,0.00023480004165321589
20271117,Target-idm_mobil-leaveoneout,leave_one_out,idm_mobil,10,0,3,1.5,1.5,0,0.01782805001819832,0,cutin_braking:2;fast_intrusion:3;lead_braking:2;slow_lead_following:1;stop_and_go:2,353;162;415;170;249;36;28;0;296;352,Random,3,0.00024580000899732113
20271117,Target-idm_mobil-leaveoneout,leave_one_out,idm_mobil,20,0,7,3.5,3.0,0,0.04601504257661117,0,cutin_braking:3;fast_intrusion:6;lead_braking:4;slow_lead_following:5;stop_and_go:2,353;162;415;170;249;36;28;0;296;352;430;446;1;6;426;184;208;88;478;278,Random,3,0.00024580000899732113
20271117,Target-idm_mobil-leaveoneout,leave_one_out,idm_mobil,30,0,9,4.5,4.0,0,0.05762825994195139,0,cutin_braking:4;fast_intrusion:8;lead_braking:7;slow_lead_following:6;stop_and_go:5,353;162;415;170;249;36;28;0;296;352;430;446;1;6;426;184;208;88;478;278;259;24;180;272;312;300;418;212;347;27,Random,3,0.00024580000899732113
20271117,Target-idm_mobil-leaveoneout,leave_one_out,idm_mobil,50,0,17,8.5,8.0,0,0.07990227424882596,0,cutin_braking:7;fast_intrusion:11;lead_braking:11;slow_lead_following:8;stop_and_go:13,353;162;415;170;249;36;28;0;296;352;430;446;1;6;426;184;208;88;478;278;259;24;180;272;312;300;418;212;347;27;363;176;119;408;310;232;242;361;270;327;9;376;359;17;86;494;263;388;374;147,Random,3,0.00024580000899732113
20271117,Target-idm_mobil-leaveoneout,leave_one_out,idm_mobil,10,0,2,1.0,1.0,0,0.035686327474275484,0,cutin_braking:2;fast_intrusion:1;lead_braking:3;slow_lead_following:2;stop_and_go:2,411;188;482;384;243;254;156;86;236;314,Random,4,0.00017889996524900198
20271117,Target-idm_mobil-leaveoneout,leave_one_out,idm_mobil,20,0,8,4.0,3.5,0,0.05840208576141912,0,cutin_braking:4;fast_intrusion:3;lead_braking:3;slow_lead_following:6;stop_and_go:4,411;188;482;384;243;254;156;86;236;314;110;307;126;71;55;426;499;458;395;444,Random,4,0.00017889996524900198
20271117,Target-idm_mobil-leaveoneout,leave_one_out,idm_mobil,30,0,12,6.0,5.0,0,0.07153401837414824,0,cutin_braking:6;fast_intrusion:7;lead_braking:4;slow_lead_following:8;stop_and_go:5,411;188;482;384;243;254;156;86;236;314;110;307;126;71;55;426;499;458;395;444;186;59;413;63;379;401;31;290;8;175,Random,4,0.00017889996524900198
20271117,Target-idm_mobil-leaveoneout,leave_one_out,idm_mobil,50,0,16,8.0,6.5,0,0.08191946632248223,0,cutin_braking:9;fast_intrusion:11;lead_braking:8;slow_lead_following:12;stop_and_go:10,411;188;482;384;243;254;156;86;236;314;110;307;126;71;55;426;499;458;395;444;186;59;413;63;379;401;31;290;8;175;371;119;474;43;233;42;11;54;311;319;369;430;423;190;286;451;323;176;228;224,Random,4,0.00017889996524900198
20271117,Target-idm_mobil-leaveoneout,leave_one_out,idm_mobil,10,0,1,0.5,0.5,0,0.023098258888699513,0,cutin_braking:2;fast_intrusion:4;lead_braking:2;slow_lead_following:1;stop_and_go:1,50;436;103;52;248;175;369;266;30;5,Random,5,0.00016900000628083944
20271117,Target-idm_mobil-leaveoneout,leave_one_out,idm_mobil,20,0,6,3.0,3.0,0,0.04744003871675586,0,cutin_braking:4;fast_intrusion:5;lead_braking:5;slow_lead_following:4;stop_and_go:2,50;436;103;52;248;175;369;266;30;5;447;225;201;108;401;308;173;476;228;61,Random,5,0.00016900000628083944
20271117,Target-idm_mobil-leaveoneout,leave_one_out,idm_mobil,30,0,8,4.0,4.0,0,0.059392824700427754,0,cutin_braking:6;fast_intrusion:7;lead_braking:7;slow_lead_following:5;stop_and_go:5,50;436;103;52;248;175;369;266;30;5;447;225;201;108;401;308;173;476;228;61;162;389;171;69;485;53;218;358;346;216,Random,5,0.00016900000628083944
20271117,Target-idm_mobil-leaveoneout,leave_one_out,idm_mobil,50,0,13,6.5,6.0,0,0.07394436929974146,0,cutin_braking:11;fast_intrusion:12;lead_braking:9;slow_lead_following:9;stop_and_go:9,50;436;103;52;248;175;369;266;30;5;447;225;201;108;401;308;173;476;228;61;162;389;171;69;485;53;218;358;346;216;70;468;128;261;311;309;397;196;88;123;78;464;59;451;410;318;257;89;199;112,Random,5,0.00016900000628083944
20271117,Target-idm_mobil-leaveoneout,leave_one_out,idm_mobil,10,0,5,2.5,2.0,0,0.01340442485739957,0,cutin_braking:0;fast_intrusion:1;lead_braking:3;slow_lead_following:0;stop_and_go:6,314;350;214;302;341;269;75;209;365;311,Random,6,0.0001710999058559537
20271117,Target-idm_mobil-leaveoneout,leave_one_out,idm_mobil,20,0,7,3.5,3.0,0,0.03895124421953855,0,cutin_braking:3;fast_intrusion:1;lead_braking:4;slow_lead_following:2;stop_and_go:10,314;350;214;302;341;269;75;209;365;311;437;318;385;177;324;349;266;142;436;175,Random,6,0.0001710999058559537
20271117,Target-idm_mobil-leaveoneout,leave_one_out,idm_mobil,30,0,11,5.5,4.5,0,0.05573005417201749,0,cutin_braking:8;fast_intrusion:2;lead_braking:5;slow_lead_following:4;stop_and_go:11,314;350;214;302;341;269;75;209;365;311;437;318;385;177;324;349;266;142;436;175;61;145;317;448;173;199;238;450;134;185,Random,6,0.0001710999058559537
20271117,Target-idm_mobil-leaveoneout,leave_one_out,idm_mobil,50,0,15,7.5,6.5,0,0.0640783183216946,0,cutin_braking:16;fast_intrusion:3;lead_braking:10;slow_lead_following:8;stop_and_go:13,314;350;214;302;341;269;75;209;365;311;437;318;385;177;324;349;266;142;436;175;61;145;317;448;173;199;238;450;134;185;135;147;129;124;62;345;219;174;405;154;248;367;418;409;117;166;416;254;200;294,Random,6,0.0001710999058559537
20271117,Target-idm_mobil-leaveoneout,leave_one_out,idm_mobil,10,0,2,1.0,1.0,0,0.014475078405042275,0,cutin_braking:1;fast_intrusion:5;lead_braking:1;slow_lead_following:2;stop_and_go:1,421;62;368;97;191;55;279;3;456;0,Random,7,0.0002172000240534544
20271117,Target-idm_mobil-leaveoneout,leave_one_out,idm_mobil,20,0,5,2.5,2.5,0,0.033692839518742815,0,cutin_braking:2;fast_intrusion:8;lead_braking:1;slow_lead_following:3;stop_and_go:6,421;62;368;97;191;55;279;3;456;0;139;311;393;303;64;43;65;346;474;378,Random,7,0.0002172000240534544
20271117,Target-idm_mobil-leaveoneout,leave_one_out,idm_mobil,30,0,7,3.5,3.5,0,0.04481026660304127,0,cutin_braking:4;fast_intrusion:10;lead_braking:5;slow_lead_following:4;stop_and_go:7,421;62;368;97;191;55;279;3;456;0;139;311;393;303;64;43;65;346;474;378;216;224;112;237;41;199;379;412;252;44,Random,7,0.0002172000240534544
20271117,Target-idm_mobil-leaveoneout,leave_one_out,idm_mobil,50,0,11,5.5,5.5,0,0.05147171585176497,0,cutin_braking:8;fast_intrusion:17;lead_braking:7;slow_lead_following:5;stop_and_go:13,421;62;368;97;191;55;279;3;456;0;139;311;393;303;64;43;65;346;474;378;216;224;112;237;41;199;379;412;252;44;5;344;300;94;2;319;91;465;233;194;36;88;384;357;226;1;190;143;308;138,Random,7,0.0002172000240534544
20271117,Target-idm_mobil-leaveoneout,leave_one_out,idm_mobil,10,0,3,1.5,1.5,0,0.024250449141274593,0,cutin_braking:4;fast_intrusion:1;lead_braking:2;slow_lead_following:1;stop_and_go:2,174;283;334;103;142;63;169;470;285;385,Random,8,0.00018039997667074203
20271117,Target-idm_mobil-leaveoneout,leave_one_out,idm_mobil,20,0,7,3.5,3.0,0,0.04555374977636462,0,cutin_braking:5;fast_intrusion:5;lead_braking:3;slow_lead_following:2;stop_and_go:5,174;283;334;103;142;63;169;470;285;385;469;305;259;14;82;67;317;379;13;159,Random,8,0.00018039997667074203
20271117,Target-idm_mobil-leaveoneout,leave_one_out,idm_mobil,30,0,8,4.0,3.5,0,0.046917986387164955,0,cutin_braking:9;fast_intrusion:6;lead_braking:7;slow_lead_following:2;stop_and_go:6,174;283;334;103;142;63;169;470;285;385;469;305;259;14;82;67;317;379;13;159;308;199;193;243;238;200;232;37;172;158,Random,8,0.00018039997667074203
20271117,Target-idm_mobil-leaveoneout,leave_one_out,idm_mobil,50,0,13,6.5,6.0,0,0.07467281869446282,0,cutin_braking:14;fast_intrusion:11;lead_braking:11;slow_lead_following:5;stop_and_go:9,174;283;334;103;142;63;169;470;285;385;469;305;259;14;82;67;317;379;13;159;308;199;193;243;238;200;232;37;172;158;452;239;12;423;382;323;126;99;390;76;261;478;276;143;66;168;88;212;157;171,Random,8,0.00018039997667074203
20271117,Target-idm_mobil-leaveoneout,leave_one_out,idm_mobil,10,0,2,1.0,1.0,0,0.005823641361793617,0,cutin_braking:2;fast_intrusion:3;lead_braking:3;slow_lead_following:0;stop_and_go:2,235;238;6;101;383;318;100;211;65;35,Random,9,0.00017229991499334574
20271117,Target-idm_mobil-leaveoneout,leave_one_out,idm_mobil,20,0,3,1.5,1.5,0,0.0264944371401818,0,cutin_braking:6;fast_intrusion:6;lead_braking:3;slow_lead_following:1;stop_and_go:4,235;238;6;101;383;318;100;211;65;35;104;130;428;13;51;178;21;312;114;349,Random,9,0.00017229991499334574
20271117,Target-idm_mobil-leaveoneout,leave_one_out,idm_mobil,30,0,8,4.0,3.5,0,0.05653258208746658,0,cutin_braking:8;fast_intrusion:9;lead_braking:4;slow_lead_following:3;stop_and_go:6,235;238;6;101;383;318;100;211;65;35;104;130;428;13;51;178;21;312;114;349;67;388;431;365;165;157;84;459;58;264,Random,9,0.00017229991499334574
20271117,Target-idm_mobil-leaveoneout,leave_one_out,idm_mobil,50,0,16,8.0,6.0,0,0.0844450675085093,0,cutin_braking:13;fast_intrusion:12;lead_braking:6;slow_lead_following:10;stop_and_go:9,235;238;6;101;383;318;100;211;65;35;104;130;428;13;51;178;21;312;114;349;67;388;431;365;165;157;84;459;58;264;443;78;476;245;430;416;452;131;326;164;495;277;12;11;119;190;415;169;324;355,Random,9,0.00017229991499334574
20271117,Target-vi_ttc-leaveoneout,leave_one_out,vi_ttc,10,1,10,5.5,5.5,1,0.03479548041862752,0,cutin_braking:1;fast_intrusion:1;lead_braking:1;slow_lead_following:2;stop_and_go:5,488;444;319;393;375;363;308;213;35;183,FPS-Risk,0,0.0802301000803709
20271117,Target-vi_ttc-leaveoneout,leave_one_out,vi_ttc,20,1,20,10.5,7.0,1,0.051066699074626874,0,cutin_braking:1;fast_intrusion:11;lead_braking:1;slow_lead_following:2;stop_and_go:5,488;444;319;393;375;363;308;213;35;183;67;91;19;47;59;31;55;99;61;93,FPS-Risk,0,0.0802301000803709
20271117,Target-vi_ttc-leaveoneout,leave_one_out,vi_ttc,30,1,30,15.5,10.5,1,0.06890249465821613,0,cutin_braking:5;fast_intrusion:12;lead_braking:5;slow_lead_following:2;stop_and_go:6,488;444;319;393;375;363;308;213;35;183;67;91;19;47;59;31;55;99;61;93;151;25;199;123;159;293;219;241;265;396,FPS-Risk,0,0.0802301000803709
20271117,Target-vi_ttc-leaveoneout,leave_one_out,vi_ttc,50,1,50,25.5,13.5,1,0.09377629746144597,0,cutin_braking:5;fast_intrusion:12;lead_braking:5;slow_lead_following:2;stop_and_go:26,488;444;319;393;375;363;308;213;35;183;67;91;19;47;59;31;55;99;61;93;151;25;199;123;159;293;219;241;265;396;367;307;387;335;313;355;325;327;395;341;315;365;305;343;385;353;302;330;350;356,FPS-Risk,0,0.0802301000803709
20271117,Target-vi_ttc-leaveoneout,leave_one_out,vi_ttc,10,1,10,5.5,5.5,1,0.03479548041862752,0,cutin_braking:1;fast_intrusion:1;lead_braking:1;slow_lead_following:2;stop_and_go:5,488;444;319;393;375;363;308;213;35;183,FPS-Severity,0,0.08566730003803968
20271117,Target-vi_ttc-leaveoneout,leave_one_out,vi_ttc,20,1,20,10.5,7.0,1,0.051066699074626874,0,cutin_braking:1;fast_intrusion:11;lead_braking:1;slow_lead_following:2;stop_and_go:5,488;444;319;393;375;363;308;213;35;183;67;91;19;47;59;31;55;99;61;93,FPS-Severity,0,0.08566730003803968
20271117,Target-vi_ttc-leaveoneout,leave_one_out,vi_ttc,30,1,30,15.5,10.5,1,0.06890249465821613,0,cutin_braking:5;fast_intrusion:12;lead_braking:5;slow_lead_following:2;stop_and_go:6,488;444;319;393;375;363;308;213;35;183;67;91;19;47;59;31;55;99;61;93;151;25;199;123;159;293;219;241;265;396,FPS-Severity,0,0.08566730003803968
20271117,Target-vi_ttc-leaveoneout,leave_one_out,vi_ttc,50,1,50,25.5,13.5,1,0.09377629746144597,0,cutin_braking:5;fast_intrusion:12;lead_braking:5;slow_lead_following:2;stop_and_go:26,488;444;319;393;375;363;308;213;35;183;67;91;19;47;59;31;55;99;61;93;151;25;199;123;159;293;219;241;265;396;367;307;387;335;313;355;325;327;395;341;315;365;305;343;385;353;302;330;350;356,FPS-Severity,0,0.08566730003803968
20271117,Target-vi_ttc-leaveoneout,leave_one_out,vi_ttc,10,1,10,5.5,4.0,1,0.03575784666964879,0,cutin_braking:2;fast_intrusion:2;lead_braking:2;slow_lead_following:2;stop_and_go:2,488;319;213;35;183;67;444;151;293;393,FPS-Balanced,0,0.09068170003592968
20271117,Target-vi_ttc-leaveoneout,leave_one_out,vi_ttc,20,1,20,10.5,6.5,1,0.050316984416918495,0,cutin_braking:4;fast_intrusion:4;lead_braking:4;slow_lead_following:4;stop_and_go:4,488;319;213;35;183;67;444;151;293;393;91;199;219;375;408;456;19;123;241;363,FPS-Balanced,0,0.09068170003592968
20271117,Target-vi_ttc-leaveoneout,leave_one_out,vi_ttc,30,1,30,15.5,9.5,1,0.07012832234521502,1,cutin_braking:6;fast_intrusion:6;lead_braking:6;slow_lead_following:6;stop_and_go:6,488;319;213;35;183;67;444;151;293;393;91;199;219;375;408;456;19;123;241;363;416;47;159;265;308;448;59;396;237;143,FPS-Balanced,0,0.09068170003592968
20271117,Target-vi_ttc-leaveoneout,leave_one_out,vi_ttc,50,1,50,25.5,13.0,1,0.11242697689022405,5,cutin_braking:10;fast_intrusion:10;lead_braking:10;slow_lead_following:10;stop_and_go:10,488;319;213;35;183;67;444;151;293;393;91;199;219;375;408;456;19;123;241;363;416;47;159;265;308;448;59;396;237;143;400;31;249;100;367;428;55;269;307;101;476;99;273;387;102;482;61;225;335;103,FPS-Balanced,0,0.09068170003592968
20271117,Target-vi_ttc-leaveoneout,leave_one_out,vi_ttc,10,0,10,5.0,5.0,0,0.08502127248704756,0,cutin_braking:1;fast_intrusion:1;lead_braking:1;slow_lead_following:6;stop_and_go:1,458;400;476;473;463;438;396;265;47;159,FPS-Marginal,0,0.5133341000182554
20271117,Target-vi_ttc-leaveoneout,leave_one_out,vi_ttc,20,0,20,10.0,9.5,0,0.1153236690410438,0,cutin_braking:2;fast_intrusion:2;lead_braking:1;slow_lead_following:9;stop_and_go:6,458;400;476;473;463;438;396;265;47;159;443;93;411;355;302;343;151;327;385;478,FPS-Marginal,0,0.5133341000182554
20271117,Target-vi_ttc-leaveoneout,leave_one_out,vi_ttc,30,0,30,15.0,13.5,0,0.13410106076715167,0,cutin_braking:2;fast_intrusion:5;lead_braking:3;slow_lead_following:12;stop_and_go:8,458;400;476;473;463;438;396;265;47;159;443;93;411;355;302;343;151;327;385;478;213;408;19;305;99;485;482;31;330;241,FPS-Marginal,0,0.5133341000182554
20271117,Target-vi_ttc-leaveoneout,leave_one_out,vi_ttc,50,0,50,25.0,20.0,0,0.1638718807341461,0,cutin_braking:3;fast_intrusion:6;lead_braking:11;slow_lead_following:14;stop_and_go:16,458;400;476;473;463;438;396;265;47;159;443;93;411;355;302;343;151;327;385;478;213;408;19;305;99;485;482;31;330;241;123;207;249;255;269;253;487;469;25;275;267;313;347;361;391;373;346;336;376;285,FPS-Marginal,0,0.5133341000182554
20271117,Target-vi_ttc-leaveoneout,leave_one_out,vi_ttc,10,1,10,5.5,4.0,1,0.030003619561143856,0,cutin_braking:1;fast_intrusion:1;lead_braking:1;slow_lead_following:5;stop_and_go:2,488;444;319;408;456;416;393;213;35;183,MeanResidual-Risk,0,0.18751940003130585
20271117,Target-vi_ttc-leaveoneout,leave_one_out,vi_ttc,20,1,20,10.5,6.5,1,0.05961645347975217,0,cutin_braking:1;fast_intrusion:3;lead_braking:1;slow_lead_following:9;stop_and_go:6,488;444;319;408;456;416;393;213;35;183;375;363;396;308;67;19;448;400;476;428,MeanResidual-Risk,0,0.18751940003130585
20271117,Target-vi_ttc-leaveoneout,leave_one_out,vi_ttc,30,1,30,15.5,8.0,1,0.0797228453832858,0,cutin_braking:1;fast_intrusion:3;lead_braking:1;slow_lead_following:19;stop_and_go:6,488;444;319;408;456;416;393;213;35;183;375;363;396;308;67;19;448;400;476;428;482;402;426;498;450;484;438;422;470;458,MeanResidual-Risk,0,0.18751940003130585
20271117,Target-vi_ttc-leaveoneout,leave_one_out,vi_ttc,50,1,50,25.5,10.0,1,0.10153779617848673,0,cutin_braking:1;fast_intrusion:3;lead_braking:1;slow_lead_following:39;stop_and_go:6,488;444;319;408;456;416;393;213;35;183;375;363;396;308;67;19;448;400;476;428;482;402;426;498;450;484;438;422;470;458;410;478;496;436;492;460;468;420;491;435;412;411;461;434;490;469;493;413;459;467,MeanResidual-Risk,0,0.18751940003130585
20271117,Target-vi_ttc-leaveoneout,leave_one_out,vi_ttc,10,0,10,5.0,5.0,0,0.07540925225276662,0,cutin_braking:1;fast_intrusion:1;lead_braking:1;slow_lead_following:6;stop_and_go:1,444;410;400;470;396;482;467;265;47;151,MeanResidual-Marginal,0,0.6146145999664441
20271117,Target-vi_ttc-leaveoneout,leave_one_out,vi_ttc,20,0,20,10.0,9.5,0,0.10339754850812048,0,cutin_braking:1;fast_intrusion:1;lead_braking:1;slow_lead_following:14;stop_and_go:3,444;410;400;470;396;482;467;265;47;151;413;463;488;425;443;393;473;468;375;478,MeanResidual-Marginal,0,0.6146145999664441
20271117,Target-vi_ttc-leaveoneout,leave_one_out,vi_ttc,30,0,30,15.0,12.5,0,0.11920555336686654,0,cutin_braking:1;fast_intrusion:2;lead_braking:1;slow_lead_following:19;stop_and_go:7,444;410;400;470;396;482;467;265;47;151;413;463;488;425;443;393;473;468;375;478;319;428;487;485;55;308;498;302;422;385,MeanResidual-Marginal,0,0.6146145999664441
20271117,Target-vi_ttc-leaveoneout,leave_one_out,vi_ttc,50,0,50,25.0,16.5,0,0.1484615609672486,0,cutin_braking:2;fast_intrusion:8;lead_braking:3;slow_lead_following:23;stop_and_go:14,444;410;400;470;396;482;467;265;47;151;413;463;488;425;443;393;473;468;375;478;319;428;487;485;55;308;498;302;422;385;343;327;461;363;61;93;241;213;495;448;159;19;91;67;31;307;313;305;427;330,MeanResidual-Marginal,0,0.6146145999664441
20271117,Target-vi_ttc-leaveoneout,leave_one_out,vi_ttc,10,1,10,5.5,5.5,1,0.03621856917850581,0,cutin_braking:1;fast_intrusion:1;lead_braking:1;slow_lead_following:2;stop_and_go:5,488;444;319;393;375;363;396;213;35;183,CoRe-Risk,0,0.19672520004678518
20271117,Target-vi_ttc-leaveoneout,leave_one_out,vi_ttc,20,1,20,10.5,6.5,1,0.053570726059909826,0,cutin_braking:2;fast_intrusion:10;lead_braking:1;slow_lead_following:2;stop_and_go:5,488;444;319;393;375;363;396;213;35;183;67;19;55;47;91;31;61;93;59;151,CoRe-Risk,0,0.19672520004678518
20271117,Target-vi_ttc-leaveoneout,leave_one_out,vi_ttc,30,1,30,15.5,10.5,1,0.06890249465821613,0,cutin_braking:5;fast_intrusion:12;lead_braking:5;slow_lead_following:2;stop_and_go:6,488;444;319;393;375;363;396;213;35;183;67;19;55;47;91;31;61;93;59;151;99;199;159;123;25;293;241;219;265;308,CoRe-Risk,0,0.19672520004678518
20271117,Target-vi_ttc-leaveoneout,leave_one_out,vi_ttc,50,1,50,25.5,13.0,1,0.1123330615147626,0,cutin_braking:5;fast_intrusion:12;lead_braking:5;slow_lead_following:21;stop_and_go:7,488;444;319;393;375;363;396;213;35;183;67;19;55;47;91;31;61;93;59;151;99;199;159;123;25;293;241;219;265;308;408;456;416;476;428;448;482;402;484;450;498;426;438;422;470;458;410;400;478;335,CoRe-Risk,0,0.19672520004678518
20271117,Target-vi_ttc-leaveoneout,leave_one_out,vi_ttc,10,0,10,5.0,5.0,0,0.08502127248704756,0,cutin_braking:1;fast_intrusion:1;lead_braking:1;slow_lead_following:6;stop_and_go:1,458;400;476;473;463;438;396;265;47;159,CoRe-Marginal,0,0.6068455999484286
20271117,Target-vi_ttc-leaveoneout,leave_one_out,vi_ttc,20,0,20,10.0,10.0,0,0.11491025548949439,0,cutin_braking:2;fast_intrusion:3;lead_braking:1;slow_lead_following:10;stop_and_go:4,458;400;476;473;463;438;396;265;47;159;443;411;93;488;151;355;302;343;478;19,CoRe-Marginal,0,0.6068455999484286
20271117,Target-vi_ttc-leaveoneout,leave_one_out,vi_ttc,30,0,30,15.0,13.5,0,0.1336276781292356,0,cutin_braking:3;fast_intrusion:5;lead_braking:2;slow_lead_following:13;stop_and_go:7,458;400;476;473;463;438;396;265;47;159;443;411;93;488;151;355;302;343;478;19;327;385;213;482;31;485;99;123;305;487,CoRe-Marginal,0,0.6068455999484286
20271117,Target-vi_ttc-leaveoneout,leave_one_out,vi_ttc,50,1,50,25.5,19.0,1,0.1601461174229396,0,cutin_braking:4;fast_intrusion:9;lead_braking:10;slow_lead_following:18;stop_and_go:9,458;400;476;473;463;438;396;265;47;159;443;411;93;488;151;355;302;343;478;19;327;385;213;482;31;485;99;123;305;487;241;330;469;207;249;255;35;67;269;25;436;253;59;275;464;313;267;183;446;495,CoRe-Marginal,0,0.6068455999484286
20271117,Target-vi_ttc-leaveoneout,leave_one_out,vi_ttc,10,0,10,5.0,5.0,0,0.09471565141780453,5,cutin_braking:1;fast_intrusion:1;lead_braking:2;slow_lead_following:5;stop_and_go:1,468;425;463;442;432;10;289;173;371;288,TargetOnlyGP-Marginal,0,0.6223339999560267
20271117,Target-vi_ttc-leaveoneout,leave_one_out,vi_ttc,20,0,20,10.0,9.0,0,0.13306525732781938,12,cutin_braking:5;fast_intrusion:4;lead_braking:2;slow_lead_following:7;stop_and_go:2,468;425;463;442;432;10;289;173;371;288;405;147;388;156;0;162;47;72;482;104,TargetOnlyGP-Marginal,0,0.6223339999560267
20271117,Target-vi_ttc-leaveoneout,leave_one_out,vi_ttc,30,0,30,15.0,12.5,0,0.16238993511780178,20,cutin_braking:8;fast_intrusion:7;lead_braking:3;slow_lead_following:8;stop_and_go:4,468;425;463;442;432;10;289;173;371;288;405;147;388;156;0;162;47;72;482;104;8;323;37;278;355;90;125;158;139;406,TargetOnlyGP-Marginal,0,0.6223339999560267
20271117,Target-vi_ttc-leaveoneout,leave_one_out,vi_ttc,50,0,50,25.0,18.0,0,0.21007017291784905,34,cutin_braking:11;fast_intrusion:12;lead_braking:9;slow_lead_following:9;stop_and_go:9,468;425;463;442;432;10;289;173;371;288;405;147;388;156;0;162;47;72;482;104;8;323;37;278;355;90;125;158;139;406;281;116;204;93;389;75;207;324;254;400;346;233;113;58;34;51;352;241;327;155,TargetOnlyGP-Marginal,0,0.6223339999560267
20271117,Target-vi_ttc-leaveoneout,leave_one_out,vi_ttc,10,0,10,5.0,5.0,0,0.030485474380975933,7,cutin_braking:4;fast_intrusion:3;lead_braking:0;slow_lead_following:0;stop_and_go:3,191;112;376;76;139;313;65;47;108;318,Random,0,0.0002394999610260129
20271117,Target-vi_ttc-leaveoneout,leave_one_out,vi_ttc,20,0,20,10.0,8.5,0,0.08044804442286846,12,cutin_braking:5;fast_intrusion:5;lead_braking:0;slow_lead_following:3;stop_and_go:7,191;112;376;76;139;313;65;47;108;318;486;53;57;368;343;303;143;463;406;359,Random,0,0.0002394999610260129
20271117,Target-vi_ttc-leaveoneout,leave_one_out,vi_ttc,30,0,30,15.0,12.0,0,0.09916736168847545,17,cutin_braking:7;fast_intrusion:5;lead_braking:2;slow_lead_following:4;stop_and_go:12,191;112;376;76;139;313;65;47;108;318;486;53;57;368;343;303;143;463;406;359;285;395;462;187;335;399;386;115;299;341,Random,0,0.0002394999610260129
20271117,Target-vi_ttc-leaveoneout,leave_one_out,vi_ttc,50,0,50,25.0,18.0,0,0.151304420724728,32,cutin_braking:10;fast_intrusion:10;lead_braking:3;slow_lead_following:10;stop_and_go:17,191;112;376;76;139;313;65;47;108;318;486;53;57;368;343;303;143;463;406;359;285;395;462;187;335;399;386;115;299;341;422;427;72;417;324;321;51;365;404;189;330;86;465;218;378;130;409;84;171;89,Random,0,0.0002394999610260129
20271117,Target-vi_ttc-leaveoneout,leave_one_out,vi_ttc,10,0,10,5.0,5.0,0,0.05053258998158555,7,cutin_braking:2;fast_intrusion:1;lead_braking:3;slow_lead_following:2;stop_and_go:2,154;409;393;251;252;123;499;350;81;201,Random,1,0.000269099953584373
20271117,Target-vi_ttc-leaveoneout,leave_one_out,vi_ttc,20,0,20,10.0,9.5,0,0.08076881028125257,16,cutin_braking:5;fast_intrusion:3;lead_braking:4;slow_lead_following:5;stop_and_go:3,154;409;393;251;252;123;499;350;81;201;196;289;371;109;489;481;475;22;61;119,Random,1,0.000269099953584373
20271117,Target-vi_ttc-leaveoneout,leave_one_out,vi_ttc,30,0,30,15.0,13.5,0,0.12522899032158674,21,cutin_braking:8;fast_intrusion:4;lead_braking:5;slow_lead_following:9;stop_and_go:4,154;409;393;251;252;123;499;350;81;201;196;289;371;109;489;481;475;22;61;119;498;479;164;482;171;184;389;50;285;488,Random,1,0.000269099953584373
20271117,Target-vi_ttc-leaveoneout,leave_one_out,vi_ttc,50,0,50,25.0,20.0,0,0.16299088811032725,34,cutin_braking:13;fast_intrusion:6;lead_braking:9;slow_lead_following:14;stop_and_go:8,154;409;393;251;252;123;499;350;81;201;196;289;371;109;489;481;475;22;61;119;498;479;164;482;171;184;389;50;285;488;275;118;34;301;307;477;219;398;413;493;459;314;107;208;242;180;185;453;13;165,Random,1,0.000269099953584373
20271117,Target-vi_ttc-leaveoneout,leave_one_out,vi_ttc,10,0,10,5.0,4.5,0,0.059212123165696,7,cutin_braking:1;fast_intrusion:2;lead_braking:2;slow_lead_following:4;stop_and_go:1,291;430;133;201;444;13;449;332;69;438,Random,2,0.0001708000199869275
20271117,Target-vi_ttc-leaveoneout,leave_one_out,vi_ttc,20,1,20,10.5,10.0,1,0.08634997390547292,15,cutin_braking:3;fast_intrusion:5;lead_braking:4;slow_lead_following:4;stop_and_go:4,291;430;133;201;444;13;449;332;69;438;35;6;234;48;141;284;378;305;190;371,Random,2,0.0001708000199869275
20271117,Target-vi_ttc-leaveoneout,leave_one_out,vi_ttc,30,1,30,15.5,14.0,1,0.12383783925526529,19,cutin_braking:4;fast_intrusion:7;lead_braking:6;slow_lead_following:6;stop_and_go:7,291;430;133;201;444;13;449;332;69;438;35;6;234;48;141;284;378;305;190;371;219;338;287;31;483;102;393;76;496;385,Random,2,0.0001708000199869275
20271117,Target-vi_ttc-leaveoneout,leave_one_out,vi_ttc,50,1,50,25.5,20.5,1,0.16410850120749437,30,cutin_braking:9;fast_intrusion:8;lead_braking:11;slow_lead_following:12;stop_and_go:10,291;430;133;201;444;13;449;332;69;438;35;6;234;48;141;284;378;305;190;371;219;338;287;31;483;102;393;76;496;385;218;258;380;423;249;255;413;489;401;260;167;312;463;178;25;499;115;138;106;351,Random,2,0.0001708000199869275
20271117,Target-vi_ttc-leaveoneout,leave_one_out,vi_ttc,10,0,10,5.0,5.0,0,0.03152538303045414,8,cutin_braking:2;fast_intrusion:4;lead_braking:2;slow_lead_following:0;stop_and_go:2,98;107;376;1;122;310;86;235;24;290,Random,3,0.00018720002844929695
20271117,Target-vi_ttc-leaveoneout,leave_one_out,vi_ttc,20,0,20,10.0,10.0,0,0.08066344554493991,15,cutin_braking:4;fast_intrusion:5;lead_braking:4;slow_lead_following:2;stop_and_go:5,98;107;376;1;122;310;86;235;24;290;487;158;382;299;333;19;100;386;465;223,Random,3,0.00018720002844929695
20271117,Target-vi_ttc-leaveoneout,leave_one_out,vi_ttc,30,0,30,15.0,13.5,0,0.1040292443918367,23,cutin_braking:7;fast_intrusion:9;lead_braking:5;slow_lead_following:3;stop_and_go:6,98;107;376;1;122;310;86;235;24;290;487;158;382;299;333;19;100;386;465;223;43;285;46;97;164;332;463;82;189;139,Random,3,0.00018720002844929695
20271117,Target-vi_ttc-leaveoneout,leave_one_out,vi_ttc,50,0,50,25.0,20.0,0,0.15973134487224902,36,cutin_braking:11;fast_intrusion:14;lead_braking:8;slow_lead_following:8;stop_and_go:9,98;107;376;1;122;310;86;235;24;290;487;158;382;299;333;19;100;386;465;223;43;285;46;97;164;332;463;82;189;139;351;320;354;428;277;408;89;70;420;436;62;450;127;83;210;102;105;247;148;78,Random,3,0.00018720002844929695
20271117,Target-vi_ttc-leaveoneout,leave_one_out,vi_ttc,10,0,10,5.0,5.0,0,0.06136085864920525,7,cutin_braking:1;fast_intrusion:1;lead_braking:2;slow_lead_following:2;stop_and_go:4,270;312;211;446;323;428;40;310;388;100,Random,4,0.00016659998800605536
20271117,Target-vi_ttc-leaveoneout,leave_one_out,vi_ttc,20,0,20,10.0,9.5,0,0.0997931834300176,14,cutin_braking:5;fast_intrusion:2;lead_braking:3;slow_lead_following:3;stop_and_go:7,270;312;211;446;323;428;40;310;388;100;199;78;261;117;142;390;374;377;194;459,Random,4,0.00016659998800605536
20271117,Target-vi_ttc-leaveoneout,leave_one_out,vi_ttc,30,0,30,15.0,14.0,0,0.12253824669627453,21,cutin_braking:8;fast_intrusion:3;lead_braking:4;slow_lead_following:5;stop_and_go:10,270;312;211;446;323;428;40;310;388;100;199;78;261;117;142;390;374;377;194;459;190;158;105;265;357;26;416;399;386;430,Random,4,0.00016659998800605536
20271117,Target-vi_ttc-leaveoneout,leave_one_out,vi_ttc,50,0,50,25.0,21.0,0,0.1632939753573766,31,cutin_braking:9;fast_intrusion:7;lead_braking:7;slow_lead_following:13;stop_and_go:14,270;312;211;446;323;428;40;310;388;100;199;78;261;117;142;390;374;377;194;459;190;158;105;265;357;26;416;399;386;430;14;6;272;484;364;311;307;461;406;251;460;482;496;95;487;233;458;108;363;29,Random,4,0.00016659998800605536
20271117,Target-vi_ttc-leaveoneout,leave_one_out,vi_ttc,10,0,10,5.0,5.0,0,0.028000883449667884,5,cutin_braking:1;fast_intrusion:2;lead_braking:4;slow_lead_following:0;stop_and_go:3,225;264;310;189;7;350;365;2;269;255,Random,5,0.00017200002912431955
20271117,Target-vi_ttc-leaveoneout,leave_one_out,vi_ttc,20,0,20,10.0,9.5,0,0.07567133710717444,14,cutin_braking:3;fast_intrusion:5;lead_braking:8;slow_lead_following:1;stop_and_go:3,225;264;310;189;7;350;365;2;269;255;229;62;202;228;15;168;178;66;419;250,Random,5,0.00017200002912431955
20271117,Target-vi_ttc-leaveoneout,leave_one_out,vi_ttc,30,0,30,15.0,12.5,0,0.11898485713951465,18,cutin_braking:5;fast_intrusion:7;lead_braking:9;slow_lead_following:5;stop_and_go:4,225;264;310;189;7;350;365;2;269;255;229;62;202;228;15;168;178;66;419;250;363;440;448;50;221;19;416;425;160;137,Random,5,0.00017200002912431955
20271117,Target-vi_ttc-leaveoneout,leave_one_out,vi_ttc,50,0,50,25.0,19.5,0,0.15397664219754711,32,cutin_braking:9;fast_intrusion:16;lead_braking:11;slow_lead_following:7;stop_and_go:7,225;264;310;189;7;350;365;2;269;255;229;62;202;228;15;168;178;66;419;250;363;440;448;50;221;19;416;425;160;137;69;43;29;23;148;319;153;143;354;152;41;3;493;77;294;335;99;463;17;287,Random,5,0.00017200002912431955
20271117,Target-vi_ttc-leaveoneout,leave_one_out,vi_ttc,10,0,10,5.0,5.0,0,0.06397142203375325,8,cutin_braking:1;fast_intrusion:3;lead_braking:2;slow_lead_following:2;stop_and_go:2,380;54;459;48;489;204;270;51;366;197,Random,6,0.00018660002388060093
20271117,Target-vi_ttc-leaveoneout,leave_one_out,vi_ttc,20,0,20,10.0,9.5,0,0.10232240598262306,14,cutin_braking:4;fast_intrusion:5;lead_braking:3;slow_lead_following:5;stop_and_go:3,380;54;459;48;489;204;270;51;366;197;167;454;166;70;467;438;200;319;68;140,Random,6,0.00018660002388060093
20271117,Target-vi_ttc-leaveoneout,leave_one_out,vi_ttc,30,1,30,15.5,14.5,1,0.12593767763922653,20,cutin_braking:9;fast_intrusion:7;lead_braking:3;slow_lead_following:6;stop_and_go:5,380;54;459;48;489;204;270;51;366;197;167;454;166;70;467;438;200;319;68;140;498;344;130;121;35;339;122;112;159;69,Random,6,0.00018660002388060093
20271117,Target-vi_ttc-leaveoneout,leave_one_out,vi_ttc,50,1,50,25.5,21.5,1,0.1666420684764904,31,cutin_braking:15;fast_intrusion:10;lead_braking:6;slow_lead_following:12;stop_and_go:7,380;54;459;48;489;204;270;51;366;197;167;454;166;70;467;438;200;319;68;140;498;344;130;121;35;339;122;112;159;69;430;444;155;168;177;423;382;2;215;229;293;455;19;397;464;161;100;471;114;29,Random,6,0.00018660002388060093
20271117,Target-vi_ttc-leaveoneout,leave_one_out,vi_ttc,10,0,10,5.0,5.0,0,0.03409676117637824,9,cutin_braking:3;fast_intrusion:3;lead_braking:2;slow_lead_following:0;stop_and_go:2,379;275;120;57;394;21;192;90;262;186,Random,7,0.00017849996220320463
20271117,Target-vi_ttc-leaveoneout,leave_one_out,vi_ttc,20,0,20,10.0,9.0,0,0.088227504850619,15,cutin_braking:5;fast_intrusion:5;lead_braking:3;slow_lead_following:2;stop_and_go:5,379;275;120;57;394;21;192;90;262;186;102;476;8;47;179;401;398;342;392;283,Random,7,0.00017849996220320463
20271117,Target-vi_ttc-leaveoneout,leave_one_out,vi_ttc,30,0,30,15.0,12.0,0,0.12397482209462239,24,cutin_braking:8;fast_intrusion:6;lead_braking:7;slow_lead_following:3;stop_and_go:6,379;275;120;57;394;21;192;90;262;186;102;476;8;47;179;401;398;342;392;283;270;239;358;88;290;196;463;198;128;214,Random,7,0.00017849996220320463
20271117,Target-vi_ttc-leaveoneout,leave_one_out,vi_ttc,50,0,50,25.0,18.5,0,0.17195945118068803,39,cutin_braking:11;fast_intrusion:11;lead_braking:12;slow_lead_following:8;stop_and_go:8,379;275;120;57;394;21;192;90;262;186;102;476;8;47;179;401;398;342;392;283;270;239;358;88;290;196;463;198;128;214;446;4;84;37;491;226;50;23;395;428;193;298;368;191;240;189;210;291;461;497,Random,7,0.00017849996220320463
20271117,Target-vi_ttc-leaveoneout,leave_one_out,vi_ttc,10,0,10,5.0,5.0,0,0.04608352661616911,9,cutin_braking:2;fast_intrusion:4;lead_braking:1;slow_lead_following:2;stop_and_go:1,23;54;56;396;497;405;251;46;171;184,Random,8,0.0002899999963119626
20271117,Target-vi_ttc-leaveoneout,leave_one_out,vi_ttc,20,0,20,10.0,9.0,0,0.09775523309975656,16,cutin_braking:3;fast_intrusion:7;lead_braking:3;slow_lead_following:5;stop_and_go:2,23;54;56;396;497;405;251;46;171;184;50;426;364;34;238;453;296;128;19;459,Random,8,0.0002899999963119626
20271117,Target-vi_ttc-leaveoneout,leave_one_out,vi_ttc,30,0,30,15.0,12.5,0,0.1253315642280482,25,cutin_braking:5;fast_intrusion:10;lead_braking:5;slow_lead_following:7;stop_and_go:3,23;54;56;396;497;405;251;46;171;184;50;426;364;34;238;453;296;128;19;459;82;204;499;14;435;297;129;104;1;358,Random,8,0.0002899999963119626
20271117,Target-vi_ttc-leaveoneout,leave_one_out,vi_ttc,50,0,50,25.0,19.0,0,0.17097454595897102,39,cutin_braking:12;fast_intrusion:12;lead_braking:8;slow_lead_following:11;stop_and_go:7,23;54;56;396;497;405;251;46;171;184;50;426;364;34;238;453;296;128;19;459;82;204;499;14;435;297;129;104;1;358;434;161;206;339;180;372;314;456;438;41;187;261;229;139;144;153;485;17;350;121,Random,8,0.0002899999963119626
20271117,Target-vi_ttc-leaveoneout,leave_one_out,vi_ttc,10,0,10,5.0,5.0,0,0.04955832390768321,7,cutin_braking:5;fast_intrusion:0;lead_braking:2;slow_lead_following:2;stop_and_go:1,192;135;108;480;327;101;177;221;223;423,Random,9,0.00022360007278621197
20271117,Target-vi_ttc-leaveoneout,leave_one_out,vi_ttc,20,0,20,10.0,9.5,0,0.09372058033741387,15,cutin_braking:7;fast_intrusion:3;lead_braking:5;slow_lead_following:4;stop_and_go:1,192;135;108;480;327;101;177;221;223;423;483;290;106;17;19;425;234;226;103;43,Random,9,0.00022360007278621197
20271117,Target-vi_ttc-leaveoneout,leave_one_out,vi_ttc,30,0,30,15.0,12.5,0,0.12248193421817706,21,cutin_braking:11;fast_intrusion:5;lead_braking:5;slow_lead_following:8;stop_and_go:1,192;135;108;480;327;101;177;221;223;423;483;290;106;17;19;425;234;226;103;43;78;448;160;456;139;42;132;428;153;478,Random,9,0.00022360007278621197
20271117,Target-vi_ttc-leaveoneout,leave_one_out,vi_ttc,50,0,50,25.0,18.5,0,0.1627941863914306,33,cutin_braking:17;fast_intrusion:6;lead_braking:10;slow_lead_following:12;stop_and_go:5,192;135;108;480;327;101;177;221;223;423;483;290;106;17;19;425;234;226;103;43;78;448;160;456;139;42;132;428;153;478;57;169;353;237;329;170;173;207;365;274;442;149;257;128;216;443;440;387;421;109,Random,9,0.00022360007278621197
20271117,Target-mcts_cv-leaveoneout,leave_one_out,mcts_cv,10,0,3,1.5,1.5,0,0.020227474144181728,0,cutin_braking:1;fast_intrusion:1;lead_braking:2;slow_lead_following:3;stop_and_go:3,488;444;408;213;367;293;319;307;35;183,FPS-Risk,0,0.08639089995995164
20271117,Target-mcts_cv-leaveoneout,leave_one_out,mcts_cv,20,0,4,2.0,2.0,0,0.02231460202382665,0,cutin_braking:1;fast_intrusion:1;lead_braking:4;slow_lead_following:3;stop_and_go:11,488;444;408;213;367;293;319;307;35;183;393;387;219;335;313;325;355;241;327;395,FPS-Risk,0,0.08639089995995164
20271117,Target-mcts_cv-leaveoneout,leave_one_out,mcts_cv,30,0,5,2.5,2.5,0,0.024250150556087525,0,cutin_braking:1;fast_intrusion:1;lead_braking:5;slow_lead_following:4;stop_and_go:19,488;444;408;213;367;293;319;307;35;183;393;387;219;335;313;325;355;241;327;395;341;370;375;265;330;315;456;365;305;343,FPS-Risk,0,0.08639089995995164
20271117,Target-mcts_cv-leaveoneout,leave_one_out,mcts_cv,50,0,6,3.0,3.0,0,0.02617107131545727,0,cutin_braking:1;fast_intrusion:1;lead_braking:5;slow_lead_following:21;stop_and_go:22,488;444;408;213;367;293;319;307;35;183;393;387;219;335;313;325;355;241;327;395;341;370;375;265;330;315;456;365;305;343;385;353;363;400;401;416;448;402;403;428;476;410;404;482;498;405;450;484;422;426,FPS-Risk,0,0.08639089995995164
20271117,Target-mcts_cv-leaveoneout,leave_one_out,mcts_cv,10,0,3,1.5,1.5,0,0.020227474144181728,0,cutin_braking:1;fast_intrusion:1;lead_braking:2;slow_lead_following:3;stop_and_go:3,35;488;444;408;213;367;293;319;307;183,FPS-Severity,0,0.0854158999864012
20271117,Target-mcts_cv-leaveoneout,leave_one_out,mcts_cv,20,0,4,2.0,2.0,0,0.02231460202382665,0,cutin_braking:1;fast_intrusion:1;lead_braking:4;slow_lead_following:3;stop_and_go:11,35;488;444;408;213;367;293;319;307;183;393;387;219;335;313;325;355;241;327;395,FPS-Severity,0,0.0854158999864012
20271117,Target-mcts_cv-leaveoneout,leave_one_out,mcts_cv,30,0,5,2.5,2.5,0,0.024250150556087525,0,cutin_braking:1;fast_intrusion:1;lead_braking:5;slow_lead_following:4;stop_and_go:19,35;488;444;408;213;367;293;319;307;183;393;387;219;335;313;325;355;241;327;395;341;370;375;265;330;315;456;365;305;343,FPS-Severity,0,0.0854158999864012
20271117,Target-mcts_cv-leaveoneout,leave_one_out,mcts_cv,50,0,6,3.0,3.0,0,0.02617107131545727,0,cutin_braking:1;fast_intrusion:1;lead_braking:5;slow_lead_following:21;stop_and_go:22,35;488;444;408;213;367;293;319;307;183;393;387;219;335;313;325;355;241;327;395;341;370;375;265;330;315;456;365;305;343;385;353;363;400;401;416;448;402;403;428;476;410;404;482;498;405;450;484;422;426,FPS-Severity,0,0.0854158999864012
20271117,Target-mcts_cv-leaveoneout,leave_one_out,mcts_cv,10,0,3,1.5,1.5,0,0.020227474144181728,0,cutin_braking:2;fast_intrusion:2;lead_braking:2;slow_lead_following:2;stop_and_go:2,35;488;213;367;183;444;293;319;67;103,FPS-Balanced,0,0.10694510000757873
20271117,Target-mcts_cv-leaveoneout,leave_one_out,mcts_cv,20,0,4,2.0,2.0,0,0.02231460202382665,0,cutin_braking:4;fast_intrusion:4;lead_braking:4;slow_lead_following:4;stop_and_go:4,35;488;213;367;183;444;293;319;67;103;408;307;219;91;151;393;241;456;11;163,FPS-Balanced,0,0.10694510000757873
20271117,Target-mcts_cv-leaveoneout,leave_one_out,mcts_cv,30,0,4,2.0,2.0,0,0.02231460202382665,0,cutin_braking:6;fast_intrusion:6;lead_braking:6;slow_lead_following:6;stop_and_go:6,35;488;213;367;183;444;293;319;67;103;408;307;219;91;151;393;241;456;11;163;387;265;400;79;143;335;401;237;59;175,FPS-Balanced,0,0.10694510000757873
20271117,Target-mcts_cv-leaveoneout,leave_one_out,mcts_cv,50,0,4,2.0,2.0,0,0.02231460202382665,0,cutin_braking:10;fast_intrusion:10;lead_braking:10;slow_lead_following:10;stop_and_go:10,35;488;213;367;183;444;293;319;67;103;408;307;219;91;151;393;241;456;11;163;387;265;400;79;143;335;401;237;59;175;416;313;19;127;249;325;448;83;199;269;355;402;31;123;221;327;403;47;109;297,FPS-Balanced,0,0.10694510000757873
20271117,Target-mcts_cv-leaveoneout,leave_one_out,mcts_cv,10,0,0,0.0,0.0,0,0.0,0,cutin_braking:1;fast_intrusion:1;lead_braking:1;slow_lead_following:6;stop_and_go:1,458;468;410;428;402;420;302;265;47;159,FPS-Marginal,0,0.5268477000063285
20271117,Target-mcts_cv-leaveoneout,leave_one_out,mcts_cv,20,0,0,0.0,0.0,0,0.0,0,cutin_braking:1;fast_intrusion:1;lead_braking:1;slow_lead_following:16;stop_and_go:1,458;468;410;428;402;420;302;265;47;159;400;448;491;476;482;470;411;426;498;478,FPS-Marginal,0,0.5268477000063285
20271117,Target-mcts_cv-leaveoneout,leave_one_out,mcts_cv,30,0,2,1.0,1.0,0,0.018209701749689285,0,cutin_braking:1;fast_intrusion:1;lead_braking:1;slow_lead_following:24;stop_and_go:3,458;468;410;428;402;420;302;265;47;159;400;448;491;476;482;470;411;426;498;478;438;461;484;422;450;434;444;355;343;488,FPS-Marginal,0,0.5268477000063285
20271117,Target-mcts_cv-leaveoneout,leave_one_out,mcts_cv,50,0,4,2.0,2.0,0,0.0246770956675962,0,cutin_braking:1;fast_intrusion:1;lead_braking:5;slow_lead_following:24;stop_and_go:19,458;468;410;428;402;420;302;265;47;159;400;448;491;476;482;470;411;426;498;478;438;461;484;422;450;434;444;355;343;488;385;327;313;388;315;396;307;353;335;241;235;213;395;387;350;365;393;330;293;356,FPS-Marginal,0,0.5268477000063285
20271117,Target-mcts_cv-leaveoneout,leave_one_out,mcts_cv,10,0,2,1.0,1.0,0,0.013827371442014047,0,cutin_braking:1;fast_intrusion:1;lead_braking:1;slow_lead_following:4;stop_and_go:3,35;488;408;400;213;367;422;370;308;183,MeanResidual-Risk,0,0.1768441000021994
20271117,Target-mcts_cv-leaveoneout,leave_one_out,mcts_cv,20,0,3,1.5,1.5,0,0.015845741821684346,0,cutin_braking:2;fast_intrusion:2;lead_braking:3;slow_lead_following:4;stop_and_go:9,35;488;408;400;213;367;422;370;308;183;341;380;375;343;265;59;325;387;219;199,MeanResidual-Risk,0,0.1768441000021994
20271117,Target-mcts_cv-leaveoneout,leave_one_out,mcts_cv,30,0,4,2.0,2.0,0,0.017408996359776687,0,cutin_braking:3;fast_intrusion:5;lead_braking:4;slow_lead_following:5;stop_and_go:13,35;488;408;400;213;367;422;370;308;183;341;380;375;343;265;59;325;387;219;199;25;350;485;237;99;319;356;123;359;31,MeanResidual-Risk,0,0.1768441000021994
20271117,Target-mcts_cv-leaveoneout,leave_one_out,mcts_cv,50,0,4,2.0,2.0,0,0.017408996359776687,0,cutin_braking:9;fast_intrusion:9;lead_braking:7;slow_lead_following:10;stop_and_go:15,35;488;408;400;213;367;422;370;308;183;341;380;375;343;265;59;325;387;219;199;25;350;485;237;99;319;356;123;359;31;215;415;478;330;175;61;424;450;267;293;456;19;163;153;120;79;344;166;112;44,MeanResidual-Risk,0,0.1768441000021994
20271117,Target-mcts_cv-leaveoneout,leave_one_out,mcts_cv,10,0,2,1.0,1.0,0,0.018209701749689285,0,cutin_braking:1;fast_intrusion:1;lead_braking:1;slow_lead_following:6;stop_and_go:1,458;400;444;450;302;478;488;265;47;159,MeanResidual-Marginal,0,0.5654371000127867
20271117,Target-mcts_cv-leaveoneout,leave_one_out,mcts_cv,20,0,2,1.0,1.0,0,0.018209701749689285,0,cutin_braking:1;fast_intrusion:2;lead_braking:2;slow_lead_following:9;stop_and_go:6,458;400;444;450;302;478;488;265;47;159;343;485;476;213;307;35;353;415;380;325,MeanResidual-Marginal,0,0.5654371000127867
20271117,Target-mcts_cv-leaveoneout,leave_one_out,mcts_cv,30,0,2,1.0,1.0,0,0.018209701749689285,0,cutin_braking:2;fast_intrusion:5;lead_braking:4;slow_lead_following:10;stop_and_go:9,458;400;444;450;302;478;488;265;47;159;343;485;476;213;307;35;353;415;380;325;367;99;219;370;183;456;25;341;31;207,MeanResidual-Marginal,0,0.5654371000127867
20271117,Target-mcts_cv-leaveoneout,leave_one_out,mcts_cv,50,0,6,3.0,3.0,0,0.02574813442828717,0,cutin_braking:6;fast_intrusion:6;lead_braking:8;slow_lead_following:12;stop_and_go:18,458;400;444;450;302;478;488;265;47;159;343;485;476;213;307;35;353;415;380;325;367;99;219;370;183;456;25;341;31;207;319;375;308;237;387;330;156;123;416;359;215;424;363;356;119;105;335;8;293;249,MeanResidual-Marginal,0,0.5654371000127867
20271117,Target-mcts_cv-leaveoneout,leave_one_out,mcts_cv,10,0,2,1.0,1.0,0,0.013827371442014047,0,cutin_braking:1;fast_intrusion:1;lead_braking:1;slow_lead_following:4;stop_and_go:3,488;408;400;213;367;370;478;308;35;183,CoRe-Risk,0,0.190351799945347
20271117,Target-mcts_cv-leaveoneout,leave_one_out,mcts_cv,20,0,3,1.5,1.5,0,0.015845741821684346,0,cutin_braking:1;fast_intrusion:1;lead_braking:4;slow_lead_following:5;stop_and_go:9,488;408;400;213;367;370;478;308;35;183;341;380;424;375;343;265;325;215;387;219,CoRe-Risk,0,0.190351799945347
20271117,Target-mcts_cv-leaveoneout,leave_one_out,mcts_cv,30,0,4,2.0,2.0,0,0.017408996359776687,0,cutin_braking:1;fast_intrusion:1;lead_braking:5;slow_lead_following:7;stop_and_go:16,488;408;400;213;367;370;478;308;35;183;341;380;424;375;343;265;325;215;387;219;359;350;450;320;319;356;330;293;456;344,CoRe-Risk,0,0.190351799945347
20271117,Target-mcts_cv-leaveoneout,leave_one_out,mcts_cv,50,0,7,3.5,3.5,0,0.023966439823448774,0,cutin_braking:5;fast_intrusion:6;lead_braking:6;slow_lead_following:8;stop_and_go:25,488;408;400;213;367;370;478;308;35;183;341;380;424;375;343;265;325;215;387;219;359;350;450;320;319;356;330;293;456;344;363;335;422;237;393;307;395;315;365;91;79;175;199;163;1;396;302;87;153;99,CoRe-Risk,0,0.190351799945347
20271117,Target-mcts_cv-leaveoneout,leave_one_out,mcts_cv,10,0,1,0.5,0.5,0,0.01350417198675887,0,cutin_braking:1;fast_intrusion:1;lead_braking:1;slow_lead_following:6;stop_and_go:1,458;400;443;444;450;302;408;265;47;159,CoRe-Marginal,0,0.6012143000261858
20271117,Target-mcts_cv-leaveoneout,leave_one_out,mcts_cv,20,0,1,0.5,0.5,0,0.01350417198675887,0,cutin_braking:1;fast_intrusion:1;lead_braking:3;slow_lead_following:8;stop_and_go:7,458;400;443;444;450;302;408;265;47;159;343;478;213;307;207;353;476;380;325;367,CoRe-Marginal,0,0.6012143000261858
20271117,Target-mcts_cv-leaveoneout,leave_one_out,mcts_cv,30,0,4,2.0,2.0,0,0.019063950408647036,0,cutin_braking:1;fast_intrusion:1;lead_braking:4;slow_lead_following:10;stop_and_go:14,458;400;443;444;450;302;408;265;47;159;343;478;213;307;207;353;476;380;325;367;416;219;370;433;329;341;359;319;375;308,CoRe-Marginal,0,0.6012143000261858
20271117,Target-mcts_cv-leaveoneout,leave_one_out,mcts_cv,50,0,6,3.0,3.0,0,0.023718840297611933,0,cutin_braking:4;fast_intrusion:2;lead_braking:7;slow_lead_following:13;stop_and_go:24,458;400;443;444;450;302;408;265;47;159;343;478;213;307;207;353;476;380;325;367;416;219;370;433;329;341;359;319;375;308;320;330;387;415;363;356;335;204;293;376;422;350;269;395;396;195;35;183;485;117,CoRe-Marginal,0,0.6012143000261858
20271117,Target-mcts_cv-leaveoneout,leave_one_out,mcts_cv,10,0,0,0.0,0.0,0,0.0,0,cutin_braking:1;fast_intrusion:1;lead_braking:2;slow_lead_following:5;stop_and_go:1,468;473;498;423;408;10;289;173;371;288,TargetOnlyGP-Marginal,0,0.6196419999469072
20271117,Target-mcts_cv-leaveoneout,leave_one_out,mcts_cv,20,0,0,0.0,0.0,0,0.0,0,cutin_braking:4;fast_intrusion:3;lead_braking:3;slow_lead_following:7;stop_and_go:3,468;473;498;423;408;10;289;173;371;288;156;302;68;494;174;37;281;445;347;111,TargetOnlyGP-Marginal,0,0.6196419999469072
20271117,Target-mcts_cv-leaveoneout,leave_one_out,mcts_cv,30,0,0,0.0,0.0,0,0.0,0,cutin_braking:5;fast_intrusion:6;lead_braking:6;slow_lead_following:7;stop_and_go:6,468;473;498;423;408;10;289;173;371;288;156;302;68;494;174;37;281;445;347;111;278;32;389;75;105;30;387;312;255;240,TargetOnlyGP-Marginal,0,0.6196419999469072
20271117,Target-mcts_cv-leaveoneout,leave_one_out,mcts_cv,50,0,0,0.0,0.0,0,0.0,0,cutin_braking:10;fast_intrusion:11;lead_braking:11;slow_lead_following:7;stop_and_go:11,468;473;498;423;408;10;289;173;371;288;156;302;68;494;174;37;281;445;347;111;278;32;389;75;105;30;387;312;255;240;194;119;320;83;205;50;218;325;6;291;342;189;127;74;280;359;160;330;41;285,TargetOnlyGP-Marginal,0,0.6196419999469072
20271117,Target-mcts_cv-leaveoneout,leave_one_out,mcts_cv,10,0,0,0.0,0.0,0,0.0,0,cutin_braking:1;fast_intrusion:4;lead_braking:3;slow_lead_following:2;stop_and_go:0,228;59;451;33;135;83;294;85;427;259,Random,0,0.00023499992676079273
20271117,Target-mcts_cv-leaveoneout,leave_one_out,mcts_cv,20,0,0,0.0,0.0,0,0.0,0,cutin_braking:4;fast_intrusion:5;lead_braking:4;slow_lead_following:5;stop_and_go:2,228;59;451;33;135;83;294;85;427;259;268;426;186;438;169;149;408;355;322;21,Random,0,0.00023499992676079273
20271117,Target-mcts_cv-leaveoneout,leave_one_out,mcts_cv,30,0,0,0.0,0.0,0,0.0,0,cutin_braking:7;fast_intrusion:8;lead_braking:5;slow_lead_following:5;stop_and_go:5,228;59;451;33;135;83;294;85;427;259;268;426;186;438;169;149;408;355;322;21;123;42;87;395;256;317;392;53;172;179,Random,0,0.00023499992676079273
20271117,Target-mcts_cv-leaveoneout,leave_one_out,mcts_cv,50,0,0,0.0,0.0,0,0.0,0,cutin_braking:11;fast_intrusion:12;lead_braking:8;slow_lead_following:8;stop_and_go:11,228;59;451;33;135;83;294;85;427;259;268;426;186;438;169;149;408;355;322;21;123;42;87;395;256;317;392;53;172;179;331;77;379;108;439;377;137;115;51;320;240;404;364;139;482;286;63;299;13;305,Random,0,0.00023499992676079273
20271117,Target-mcts_cv-leaveoneout,leave_one_out,mcts_cv,10,0,0,0.0,0.0,0,0.0,0,cutin_braking:1;fast_intrusion:1;lead_braking:3;slow_lead_following:5;stop_and_go:0,222;408;403;418;441;270;252;10;187;462,Random,1,0.00024069997016340494
20271117,Target-mcts_cv-leaveoneout,leave_one_out,mcts_cv,20,0,0,0.0,0.0,0,0.0,0,cutin_braking:1;fast_intrusion:3;lead_braking:3;slow_lead_following:10;stop_and_go:3,222;408;403;418;441;270;252;10;187;462;35;472;21;496;381;493;463;359;476;306,Random,1,0.00024069997016340494
20271117,Target-mcts_cv-leaveoneout,leave_one_out,mcts_cv,30,0,0,0.0,0.0,0,0.0,0,cutin_braking:2;fast_intrusion:4;lead_braking:5;slow_lead_following:14;stop_and_go:5,222;408;403;418;441;270;252;10;187;462;35;472;21;496;381;493;463;359;476;306;468;364;474;360;430;240;166;297;421;36,Random,1,0.00024069997016340494
20271117,Target-mcts_cv-leaveoneout,leave_one_out,mcts_cv,50,0,0,0.0,0.0,0,0.0,0,cutin_braking:7;fast_intrusion:5;lead_braking:10;slow_lead_following:19;stop_and_go:9,222;408;403;418;441;270;252;10;187;462;35;472;21;496;381;493;463;359;476;306;468;364;474;360;430;240;166;297;421;36;434;279;127;378;192;150;389;419;402;336;42;221;498;243;473;296;268;107;309;196,Random,1,0.00024069997016340494
20271117,Target-mcts_cv-leaveoneout,leave_one_out,mcts_cv,10,0,0,0.0,0.0,0,0.0,0,cutin_braking:3;fast_intrusion:1;lead_braking:3;slow_lead_following:2;stop_and_go:1,148;239;406;475;347;125;275;75;292;147,Random,2,0.00018129998352378607
20271117,Target-mcts_cv-leaveoneout,leave_one_out,mcts_cv,20,0,0,0.0,0.0,0,0.0,0,cutin_braking:4;fast_intrusion:2;lead_braking:8;slow_lead_following:3;stop_and_go:3,148;239;406;475;347;125;275;75;292;147;391;379;20;286;204;113;231;415;295;264,Random,2,0.00018129998352378607
20271117,Target-mcts_cv-leaveoneout,leave_one_out,mcts_cv,30,0,0,0.0,0.0,0,0.0,0,cutin_braking:8;fast_intrusion:5;lead_braking:10;slow_lead_following:3;stop_and_go:4,148;239;406;475;347;125;275;75;292;147;391;379;20;286;204;113;231;415;295;264;84;188;109;92;253;373;83;199;141;220,Random,2,0.00018129998352378607
20271117,Target-mcts_cv-leaveoneout,leave_one_out,mcts_cv,50,0,0,0.0,0.0,0,0.0,0,cutin_braking:11;fast_intrusion:8;lead_braking:12;slow_lead_following:8;stop_and_go:11,148;239;406;475;347;125;275;75;292;147;391;379;20;286;204;113;231;415;295;264;84;188;109;92;253;373;83;199;141;220;179;450;305;238;385;184;499;122;314;424;47;51;334;418;310;248;12;302;457;318,Random,2,0.00018129998352378607
20271117,Target-mcts_cv-leaveoneout,leave_one_out,mcts_cv,10,0,1,0.5,0.5,0,0.0026752543715399014,0,cutin_braking:0;fast_intrusion:3;lead_braking:2;slow_lead_following:4;stop_and_go:1,240;448;40;45;363;96;424;210;414;458,Random,3,0.00017640006262809038
20271117,Target-mcts_cv-leaveoneout,leave_one_out,mcts_cv,20,0,1,0.5,0.5,0,0.0026752543715399014,0,cutin_braking:0;fast_intrusion:6;lead_braking:2;slow_lead_following:6;stop_and_go:6,240;448;40;45;363;96;424;210;414;458;35;46;314;39;394;378;443;348;466;303,Random,3,0.00017640006262809038
20271117,Target-mcts_cv-leaveoneout,leave_one_out,mcts_cv,30,0,1,0.5,0.5,0,0.0026752543715399014,0,cutin_braking:2;fast_intrusion:6;lead_braking:6;slow_lead_following:9;stop_and_go:7,240;448;40;45;363;96;424;210;414;458;35;46;314;39;394;378;443;348;466;303;233;333;206;179;431;129;295;406;259;450,Random,3,0.00017640006262809038
20271117,Target-mcts_cv-leaveoneout,leave_one_out,mcts_cv,50,0,1,0.5,0.5,0,0.0026752543715399014,0,cutin_braking:2;fast_intrusion:11;lead_braking:9;slow_lead_following:13;stop_and_go:15,240;448;40;45;363;96;424;210;414;458;35;46;314;39;394;378;443;348;466;303;233;333;206;179;431;129;295;406;259;450;235;429;412;214;302;80;376;479;359;399;69;344;48;222;321;304;66;370;28;462,Random,3,0.00017640006262809038
20271117,Target-mcts_cv-leaveoneout,leave_one_out,mcts_cv,10,0,0,0.0,0.0,0,0.0,0,cutin_braking:1;fast_intrusion:0;lead_braking:3;slow_lead_following:4;stop_and_go:2,258;151;496;437;480;400;215;306;263;330,Random,4,0.00023300002794712782
20271117,Target-mcts_cv-leaveoneout,leave_one_out,mcts_cv,20,0,0,0.0,0.0,0,0.0,0,cutin_braking:6;fast_intrusion:2;lead_braking:4;slow_lead_following:5;stop_and_go:3,258;151;496;437;480;400;215;306;263;330;183;55;309;157;166;15;193;167;442;221,Random,4,0.00023300002794712782
20271117,Target-mcts_cv-leaveoneout,leave_one_out,mcts_cv,30,0,1,0.5,0.5,0,0.01350417198675887,0,cutin_braking:6;fast_intrusion:4;lead_braking:5;slow_lead_following:12;stop_and_go:3,258;151;496;437;480;400;215;306;263;330;183;55;309;157;166;15;193;167;442;221;56;402;222;444;46;448;435;423;494;405,Random,4,0.00023300002794712782
20271117,Target-mcts_cv-leaveoneout,leave_one_out,mcts_cv,50,0,1,0.5,0.5,0,0.01350417198675887,0,cutin_braking:9;fast_intrusion:9;lead_braking:11;slow_lead_following:14;stop_and_go:7,258;151;496;437;480;400;215;306;263;330;183;55;309;157;166;15;193;167;442;221;56;402;222;444;46;448;435;423;494;405;116;91;7;73;395;96;274;408;244;294;281;102;147;311;54;249;336;247;397;495,Random,4,0.00023300002794712782
20271117,Target-mcts_cv-leaveoneout,leave_one_out,mcts_cv,10,0,0,0.0,0.0,0,0.0,0,cutin_braking:2;fast_intrusion:2;lead_braking:2;slow_lead_following:3;stop_and_go:1,457;491;145;436;1;40;111;349;271;218,Random,5,0.0001716000260785222
20271117,Target-mcts_cv-leaveoneout,leave_one_out,mcts_cv,20,0,0,0.0,0.0,0,0.0,0,cutin_braking:6;fast_intrusion:4;lead_braking:3;slow_lead_following:4;stop_and_go:3,457;491;145;436;1;40;111;349;271;218;103;403;153;92;122;371;170;296;81;365,Random,5,0.0001716000260785222
20271117,Target-mcts_cv-leaveoneout,leave_one_out,mcts_cv,30,0,1,0.5,0.5,0,0.002017772394492444,0,cutin_braking:6;fast_intrusion:4;lead_braking:7;slow_lead_following:9;stop_and_go:4,457;491;145;436;1;40;111;349;271;218;103;403;153;92;122;371;170;296;81;365;492;446;248;435;280;422;319;276;232;425,Random,5,0.0001716000260785222
20271117,Target-mcts_cv-leaveoneout,leave_one_out,mcts_cv,50,0,2,1.0,1.0,0,0.004031011142336775,0,cutin_braking:10;fast_intrusion:9;lead_braking:10;slow_lead_following:12;stop_and_go:9,457;491;145;436;1;40;111;349;271;218;103;403;153;92;122;371;170;296;81;365;492;446;248;435;280;422;319;276;232;425;98;493;160;172;337;94;338;223;262;390;359;483;67;375;252;35;125;7;438;129,Random,5,0.0001716000260785222
20271117,Target-mcts_cv-leaveoneout,leave_one_out,mcts_cv,10,0,0,0.0,0.0,0,0.0,0,cutin_braking:0;fast_intrusion:3;lead_braking:3;slow_lead_following:4;stop_and_go:0,273;429;247;25;431;241;452;448;30;17,Random,6,0.00024560000747442245
20271117,Target-mcts_cv-leaveoneout,leave_one_out,mcts_cv,20,0,0,0.0,0.0,0,0.0,0,cutin_braking:4;fast_intrusion:4;lead_braking:5;slow_lead_following:7;stop_and_go:0,273;429;247;25;431;241;452;448;30;17;480;188;113;222;245;420;186;459;92;146,Random,6,0.00024560000747442245
20271117,Target-mcts_cv-leaveoneout,leave_one_out,mcts_cv,30,0,0,0.0,0.0,0,0.0,0,cutin_braking:8;fast_intrusion:5;lead_braking:7;slow_lead_following:10;stop_and_go:0,273;429;247;25;431;241;452;448;30;17;480;188;113;222;245;420;186;459;92;146;493;228;52;435;138;103;481;262;121;114,Random,6,0.00024560000747442245
20271117,Target-mcts_cv-leaveoneout,leave_one_out,mcts_cv,50,0,0,0.0,0.0,0,0.0,0,cutin_braking:10;fast_intrusion:9;lead_braking:11;slow_lead_following:12;stop_and_go:8,273;429;247;25;431;241;452;448;30;17;480;188;113;222;245;420;186;459;92;146;493;228;52;435;138;103;481;262;121;114;284;380;472;332;255;306;39;187;372;391;216;215;355;337;66;365;98;416;143;3,Random,6,0.00024560000747442245
20271117,Target-mcts_cv-leaveoneout,leave_one_out,mcts_cv,10,0,0,0.0,0.0,0,0.0,0,cutin_braking:4;fast_intrusion:3;lead_braking:2;slow_lead_following:0;stop_and_go:1,134;219;129;165;215;74;8;63;175;372,Random,7,0.00017330003902316093
20271117,Target-mcts_cv-leaveoneout,leave_one_out,mcts_cv,20,0,0,0.0,0.0,0,0.0,0,cutin_braking:4;fast_intrusion:6;lead_braking:7;slow_lead_following:1;stop_and_go:2,134;219;129;165;215;74;8;63;175;372;265;474;229;327;47;202;5;295;50;270,Random,7,0.00017330003902316093
20271117,Target-mcts_cv-leaveoneout,leave_one_out,mcts_cv,30,0,0,0.0,0.0,0,0.0,0,cutin_braking:8;fast_intrusion:8;lead_braking:10;slow_lead_following:2;stop_and_go:2,134;219;129;165;215;74;8;63;175;372;265;474;229;327;47;202;5;295;50;270;148;112;233;60;208;437;226;10;155;116,Random,7,0.00017330003902316093
20271117,Target-mcts_cv-leaveoneout,leave_one_out,mcts_cv,50,0,1,0.5,0.5,0,0.01350417198675887,0,cutin_braking:12;fast_intrusion:11;lead_braking:16;slow_lead_following:4;stop_and_go:7,134;219;129;165;215;74;8;63;175;372;265;474;229;327;47;202;5;295;50;270;148;112;233;60;208;437;226;10;155;116;331;376;119;239;222;444;278;438;180;261;54;146;336;258;114;28;303;230;369;43,Random,7,0.00017330003902316093
20271117,Target-mcts_cv-leaveoneout,leave_one_out,mcts_cv,10,0,0,0.0,0.0,0,0.0,0,cutin_braking:3;fast_intrusion:2;lead_braking:3;slow_lead_following:1;stop_and_go:1,278;142;177;200;419;228;43;113;42;312,Random,8,0.00017639994621276855
20271117,Target-mcts_cv-leaveoneout,leave_one_out,mcts_cv,20,0,1,0.5,0.5,0,0.0024676444167490816,0,cutin_braking:6;fast_intrusion:4;lead_braking:3;slow_lead_following:3;stop_and_go:4,278;142;177;200;419;228;43;113;42;312;93;140;86;115;365;332;480;425;375;179,Random,8,0.00017639994621276855
20271117,Target-mcts_cv-leaveoneout,leave_one_out,mcts_cv,30,0,1,0.5,0.5,0,0.0024676444167490816,0,cutin_braking:8;fast_intrusion:4;lead_braking:7;slow_lead_following:4;stop_and_go:7,278;142;177;200;419;228;43;113;42;312;93;140;86;115;365;332;480;425;375;179;350;405;235;212;132;371;341;243;182;261,Random,8,0.00017639994621276855
20271117,Target-mcts_cv-leaveoneout,leave_one_out,mcts_cv,50,0,1,0.5,0.5,0,0.0024676444167490816,0,cutin_braking:12;fast_intrusion:10;lead_braking:10;slow_lead_following:7;stop_and_go:11,278;142;177;200;419;228;43;113;42;312;93;140;86;115;365;332;480;425;375;179;350;405;235;212;132;371;341;243;182;261;12;92;11;13;490;494;199;220;21;126;90;102;192;478;247;233;360;385;382;342,Random,8,0.00017639994621276855
20271117,Target-mcts_cv-leaveoneout,leave_one_out,mcts_cv,10,0,0,0.0,0.0,0,0.0,0,cutin_braking:4;fast_intrusion:2;lead_braking:4;slow_lead_following:0;stop_and_go:0,135;215;155;221;69;124;5;284;181;281,Random,9,0.00017739995382726192
20271117,Target-mcts_cv-leaveoneout,leave_one_out,mcts_cv,20,0,0,0.0,0.0,0,0.0,0,cutin_braking:6;fast_intrusion:4;lead_braking:5;slow_lead_following:2;stop_and_go:3,135;215;155;221;69;124;5;284;181;281;82;213;366;452;435;120;345;340;23;197,Random,9,0.00017739995382726192
20271117,Target-mcts_cv-leaveoneout,leave_one_out,mcts_cv,30,0,0,0.0,0.0,0,0.0,0,cutin_braking:7;fast_intrusion:7;lead_braking:8;slow_lead_following:4;stop_and_go:4,135;215;155;221;69;124;5;284;181;281;82;213;366;452;435;120;345;340;23;197;61;172;285;90;321;475;468;296;21;256,Random,9,0.00017739995382726192
20271117,Target-mcts_cv-leaveoneout,leave_one_out,mcts_cv,50,0,1,0.5,0.5,0,0.011849217937888519,0,cutin_braking:13;fast_intrusion:10;lead_braking:12;slow_lead_following:8;stop_and_go:7,135;215;155;221;69;124;5;284;181;281;82;213;366;452;435;120;345;340;23;197;61;172;285;90;321;475;468;296;21;256;164;74;488;425;125;232;153;121;392;365;144;235;212;96;449;407;173;62;350;264,Random,9,0.00017739995382726192
20271117,Target-ppo_ece-leaveoneout,leave_one_out,ppo_ece,10,0,7,3.5,3.5,0,0.02765077890510974,0,cutin_braking:1;fast_intrusion:1;lead_braking:1;slow_lead_following:2;stop_and_go:5,488;444;319;393;375;363;308;35;237;143,FPS-Risk,0,0.08463850000407547
20271117,Target-ppo_ece-leaveoneout,leave_one_out,ppo_ece,20,0,13,6.5,4.5,0,0.03520406992789262,0,cutin_braking:1;fast_intrusion:1;lead_braking:1;slow_lead_following:4;stop_and_go:13,488;444;319;393;375;363;308;35;237;143;396;367;359;307;387;347;337;391;408;456,FPS-Risk,0,0.08463850000407547
20271117,Target-ppo_ece-leaveoneout,leave_one_out,ppo_ece,30,0,20,10.0,5.5,0,0.06011852945023113,0,cutin_braking:1;fast_intrusion:1;lead_braking:1;slow_lead_following:14;stop_and_go:13,488;444;319;393;375;363;308;35;237;143;396;367;359;307;387;347;337;391;408;456;416;448;400;455;428;480;476;482;498;472,FPS-Risk,0,0.08463850000407547
20271117,Target-ppo_ece-leaveoneout,leave_one_out,ppo_ece,50,0,27,13.5,6.5,0,0.07359253693113685,0,cutin_braking:1;fast_intrusion:1;lead_braking:1;slow_lead_following:34;stop_and_go:13,488;444;319;393;375;363;308;35;237;143;396;367;359;307;387;347;337;391;408;456;416;448;400;455;428;480;476;482;498;472;432;402;404;401;403;450;407;484;464;496;406;410;411;405;436;412;422;438;424;426,FPS-Risk,0,0.08463850000407547
20271117,Target-ppo_ece-leaveoneout,leave_one_out,ppo_ece,10,0,7,3.5,3.5,0,0.02765077890510974,0,cutin_braking:1;fast_intrusion:1;lead_braking:1;slow_lead_following:2;stop_and_go:5,35;488;444;319;393;375;363;308;237;143,FPS-Severity,0,0.09608539997134358
20271117,Target-ppo_ece-leaveoneout,leave_one_out,ppo_ece,20,0,13,6.5,4.5,0,0.03520406992789262,0,cutin_braking:1;fast_intrusion:1;lead_braking:1;slow_lead_following:4;stop_and_go:13,35;488;444;319;393;375;363;308;237;143;396;367;359;307;387;347;337;391;408;456,FPS-Severity,0,0.09608539997134358
20271117,Target-ppo_ece-leaveoneout,leave_one_out,ppo_ece,30,0,20,10.0,5.5,0,0.06011852945023113,0,cutin_braking:1;fast_intrusion:1;lead_braking:1;slow_lead_following:14;stop_and_go:13,35;488;444;319;393;375;363;308;237;143;396;367;359;307;387;347;337;391;408;456;416;448;400;455;428;480;476;482;498;472,FPS-Severity,0,0.09608539997134358
20271117,Target-ppo_ece-leaveoneout,leave_one_out,ppo_ece,50,0,27,13.5,6.5,0,0.07359253693113685,0,cutin_braking:1;fast_intrusion:1;lead_braking:1;slow_lead_following:34;stop_and_go:13,35;488;444;319;393;375;363;308;237;143;396;367;359;307;387;347;337;391;408;456;416;448;400;455;428;480;476;482;498;472;432;402;404;401;403;450;407;484;464;496;406;410;411;405;436;412;422;438;424;426,FPS-Severity,0,0.09608539997134358
20271117,Target-ppo_ece-leaveoneout,leave_one_out,ppo_ece,10,0,5,2.5,2.5,0,0.02385439851895959,0,cutin_braking:2;fast_intrusion:2;lead_braking:2;slow_lead_following:2;stop_and_go:2,35;488;319;237;143;444;393;183;225;89,FPS-Balanced,0,0.1035875000525266
20271117,Target-ppo_ece-leaveoneout,leave_one_out,ppo_ece,20,0,11,5.5,4.0,0,0.0348874597805483,0,cutin_braking:4;fast_intrusion:4;lead_braking:4;slow_lead_following:4;stop_and_go:4,35;488;319;237;143;444;393;183;225;89;375;103;408;265;49;456;363;151;267;57,FPS-Balanced,0,0.1035875000525266
20271117,Target-ppo_ece-leaveoneout,leave_one_out,ppo_ece,30,0,15,7.5,5.5,0,0.04503883276002734,0,cutin_braking:6;fast_intrusion:6;lead_braking:6;slow_lead_following:6;stop_and_go:6,35;488;319;237;143;444;393;183;225;89;375;103;408;265;49;456;363;151;267;57;416;308;163;279;82;448;396;175;216;54,FPS-Balanced,0,0.1035875000525266
20271117,Target-ppo_ece-leaveoneout,leave_one_out,ppo_ece,50,0,23,11.5,7.0,0,0.0668958036447276,0,cutin_braking:10;fast_intrusion:10;lead_braking:10;slow_lead_following:10;stop_and_go:10,35;488;319;237;143;444;393;183;225;89;375;103;408;265;49;456;363;151;267;57;416;308;163;279;82;448;396;175;216;54;400;367;127;213;17;455;359;199;249;46;428;307;123;263;41;480;387;109;200;84,FPS-Balanced,0,0.1035875000525266
20271117,Target-ppo_ece-leaveoneout,leave_one_out,ppo_ece,10,0,6,3.0,3.0,0,0.03331396287868926,0,cutin_braking:1;fast_intrusion:1;lead_braking:1;slow_lead_following:3;stop_and_go:4,468;444;488;396;47;355;302;343;235;173,FPS-Marginal,0,0.48562950000632554
20271117,Target-ppo_ece-leaveoneout,leave_one_out,ppo_ece,20,0,10,5.0,4.0,0,0.04166461918883246,0,cutin_braking:1;fast_intrusion:1;lead_braking:1;slow_lead_following:3;stop_and_go:14,468;444;488;396;47;355;302;343;235;173;347;361;346;327;385;305;381;391;330;337,FPS-Marginal,0,0.48562950000632554
20271117,Target-ppo_ece-leaveoneout,leave_one_out,ppo_ece,30,0,16,8.0,6.5,0,0.05708968758178901,0,cutin_braking:1;fast_intrusion:1;lead_braking:1;slow_lead_following:5;stop_and_go:22,468;444;488;396;47;355;302;343;235;173;347;361;346;327;385;305;381;391;330;337;373;345;308;319;375;331;363;393;400;425,FPS-Marginal,0,0.48562950000632554
20271117,Target-ppo_ece-leaveoneout,leave_one_out,ppo_ece,50,0,24,12.0,7.5,0,0.07593184691466369,0,cutin_braking:1;fast_intrusion:1;lead_braking:1;slow_lead_following:25;stop_and_go:22,468;444;488;396;47;355;302;343;235;173;347;361;346;327;385;305;381;391;330;337;373;345;308;319;375;331;363;393;400;425;408;421;473;456;469;428;441;455;498;448;493;413;416;443;407;482;422;437;485;480,FPS-Marginal,0,0.48562950000632554
20271117,Target-ppo_ece-leaveoneout,leave_one_out,ppo_ece,10,0,7,3.5,2.0,0,0.0223115866631141,0,cutin_braking:1;fast_intrusion:1;lead_braking:1;slow_lead_following:6;stop_and_go:1,35;488;444;319;408;456;416;464;237;183,MeanResidual-Risk,0,0.1607539999531582
20271117,Target-ppo_ece-leaveoneout,leave_one_out,ppo_ece,20,0,14,7.0,5.0,0,0.04526803957392547,0,cutin_braking:1;fast_intrusion:2;lead_braking:1;slow_lead_following:10;stop_and_go:6,35;488;444;319;408;456;416;464;237;183;393;375;363;396;308;472;99;422;438;442,MeanResidual-Risk,0,0.1607539999531582
20271117,Target-ppo_ece-leaveoneout,leave_one_out,ppo_ece,30,0,18,9.0,5.0,0,0.051375611752605445,0,cutin_braking:4;fast_intrusion:4;lead_braking:1;slow_lead_following:12;stop_and_go:9,35;488;444;319;408;456;416;464;237;183;393;375;363;396;308;472;99;422;438;442;414;474;151;103;111;25;31;367;327;335,MeanResidual-Risk,0,0.1607539999531582
20271117,Target-ppo_ece-leaveoneout,leave_one_out,ppo_ece,50,0,28,14.0,7.0,0,0.06352265370024276,0,cutin_braking:4;fast_intrusion:4;lead_braking:3;slow_lead_following:13;stop_and_go:26,35;488;444;319;408;456;416;464;237;183;393;375;363;396;308;472;99;422;438;442;414;474;151;103;111;25;31;367;327;335;351;307;355;361;313;387;337;315;353;385;350;343;331;317;376;346;225;462;215;341,MeanResidual-Risk,0,0.1607539999531582
20271117,Target-ppo_ece-leaveoneout,leave_one_out,ppo_ece,10,0,4,2.0,2.0,0,0.03355627897939294,0,cutin_braking:1;fast_intrusion:1;lead_braking:1;slow_lead_following:6;stop_and_go:1,444;461;455;422;488;446;396;47;235;195,MeanResidual-Marginal,0,0.5922866999171674
20271117,Target-ppo_ece-leaveoneout,leave_one_out,ppo_ece,20,0,11,5.5,4.0,0,0.05011165712801916,0,cutin_braking:1;fast_intrusion:2;lead_braking:1;slow_lead_following:12;stop_and_go:4,444;461;455;422;488;446;396;47;235;195;498;482;428;436;485;393;375;402;35;319,MeanResidual-Marginal,0,0.5922866999171674
20271117,Target-ppo_ece-leaveoneout,leave_one_out,ppo_ece,30,0,13,6.5,5.0,0,0.05247259219648542,0,cutin_braking:1;fast_intrusion:4;lead_braking:2;slow_lead_following:14;stop_and_go:9,444;461;455;422;488;446;396;47;235;195;498;482;428;436;485;393;375;402;35;319;308;398;391;99;363;249;442;25;346;415,MeanResidual-Marginal,0,0.5922866999171674
20271117,Target-ppo_ece-leaveoneout,leave_one_out,ppo_ece,50,0,19,9.5,5.0,0,0.05352233045921024,0,cutin_braking:1;fast_intrusion:5;lead_braking:4;slow_lead_following:28;stop_and_go:12,444;461;455;422;488;446;396;47;235;195;498;482;428;436;485;393;375;402;35;319;308;398;391;99;363;249;442;25;346;415;484;476;412;414;404;418;456;416;31;408;450;474;347;464;317;285;472;452;376;215,MeanResidual-Marginal,0,0.5922866999171674
20271117,Target-ppo_ece-leaveoneout,leave_one_out,ppo_ece,10,0,8,4.0,4.0,0,0.030613664160120974,0,cutin_braking:1;fast_intrusion:1;lead_braking:1;slow_lead_following:2;stop_and_go:5,488;444;319;393;375;363;396;35;237;183,CoRe-Risk,0,0.19642459996975958
20271117,Target-ppo_ece-leaveoneout,leave_one_out,ppo_ece,20,0,15,7.5,4.5,0,0.03939042298514301,0,cutin_braking:4;fast_intrusion:1;lead_braking:1;slow_lead_following:4;stop_and_go:10,488;444;319;393;375;363;396;35;237;183;151;103;308;408;464;111;335;327;367;315,CoRe-Risk,0,0.19642459996975958
20271117,Target-ppo_ece-leaveoneout,leave_one_out,ppo_ece,30,0,24,12.0,6.5,0,0.04851547387851822,0,cutin_braking:4;fast_intrusion:1;lead_braking:1;slow_lead_following:4;stop_and_go:20,488;444;319;393;375;363;396;35;237;183;151;103;308;408;464;111;335;327;367;315;355;307;387;313;337;353;385;350;380;395,CoRe-Risk,0,0.19642459996975958
20271117,Target-ppo_ece-leaveoneout,leave_one_out,ppo_ece,50,0,33,16.5,8.5,0,0.05856319327085178,0,cutin_braking:4;fast_intrusion:1;lead_braking:1;slow_lead_following:7;stop_and_go:37,488;444;319;393;375;363;396;35;237;183;151;103;308;408;464;111;335;327;367;315;355;307;387;313;337;353;385;350;380;395;343;388;376;391;317;351;361;336;456;472;416;371;330;346;341;370;325;305;365;333,CoRe-Risk,0,0.19642459996975958
20271117,Target-ppo_ece-leaveoneout,leave_one_out,ppo_ece,10,0,6,3.0,3.0,0,0.03331396287868926,0,cutin_braking:1;fast_intrusion:1;lead_braking:1;slow_lead_following:3;stop_and_go:4,468;444;488;396;47;355;302;343;235;173,CoRe-Marginal,0,0.6383582999696955
20271117,Target-ppo_ece-leaveoneout,leave_one_out,ppo_ece,20,0,11,5.5,4.5,0,0.04130762435550013,0,cutin_braking:1;fast_intrusion:1;lead_braking:1;slow_lead_following:3;stop_and_go:14,468;444;488;396;47;355;302;343;235;173;347;346;353;335;305;337;398;375;363;391,CoRe-Marginal,0,0.6383582999696955
20271117,Target-ppo_ece-leaveoneout,leave_one_out,ppo_ece,30,0,18,9.0,6.0,0,0.046612357296570456,0,cutin_braking:1;fast_intrusion:1;lead_braking:1;slow_lead_following:3;stop_and_go:24,468;444;488;396;47;355;302;343;235;173;347;346;353;335;305;337;398;375;363;391;376;393;319;308;385;327;371;315;336;365,CoRe-Marginal,0,0.6383582999696955
20271117,Target-ppo_ece-leaveoneout,leave_one_out,ppo_ece,50,0,29,14.5,7.5,0,0.07082508486264455,0,cutin_braking:1;fast_intrusion:1;lead_braking:1;slow_lead_following:17;stop_and_go:30,468;444;488;396;47;355;302;343;235;173;347;346;353;335;305;337;398;375;363;391;376;393;319;308;385;327;371;315;336;365;350;325;341;317;388;333;470;473;406;498;402;495;418;422;450;482;438;484;474;452,CoRe-Marginal,0,0.6383582999696955
20271117,Target-ppo_ece-leaveoneout,leave_one_out,ppo_ece,10,0,3,1.5,1.5,0,0.03438378818448038,0,cutin_braking:1;fast_intrusion:1;lead_braking:1;slow_lead_following:6;stop_and_go:1,468;473;498;423;476;470;10;289;173;371,TargetOnlyGP-Marginal,0,0.5962840999709442
20271117,Target-ppo_ece-leaveoneout,leave_one_out,ppo_ece,20,0,5,2.5,2.5,0,0.0452172766705131,0,cutin_braking:3;fast_intrusion:3;lead_braking:3;slow_lead_following:9;stop_and_go:2,468;473;498;423;476;470;10;289;173;371;288;448;156;302;406;68;480;174;37;281,TargetOnlyGP-Marginal,0,0.5962840999709442
20271117,Target-ppo_ece-leaveoneout,leave_one_out,ppo_ece,30,0,5,2.5,2.5,0,0.0452172766705131,0,cutin_braking:5;fast_intrusion:6;lead_braking:4;slow_lead_following:10;stop_and_go:5,468;473;498;423;476;470;10;289;173;371;288;448;156;302;406;68;480;174;37;281;347;111;278;32;445;346;75;105;30;301,TargetOnlyGP-Marginal,0,0.5962840999709442
20271117,Target-ppo_ece-leaveoneout,leave_one_out,ppo_ece,50,0,10,5.0,4.5,0,0.055347446439474396,0,cutin_braking:7;fast_intrusion:9;lead_braking:9;slow_lead_following:14;stop_and_go:11,468;473;498;423;476;470;10;289;173;371;288;448;156;302;406;68;480;174;37;281;347;111;278;32;445;346;75;105;30;301;335;300;492;456;255;240;194;315;305;119;83;334;205;50;218;6;414;482;342;291,TargetOnlyGP-Marginal,0,0.5962840999709442
20271117,Target-ppo_ece-leaveoneout,leave_one_out,ppo_ece,10,0,0,0.0,0.0,0,0.0,0,cutin_braking:2;fast_intrusion:1;lead_braking:2;slow_lead_following:3;stop_and_go:2,489;383;278;119;405;452;34;194;239;390,Random,0,0.00026979995891451836
20271117,Target-ppo_ece-leaveoneout,leave_one_out,ppo_ece,20,0,1,0.5,0.5,0,0.01864212042569066,0,cutin_braking:4;fast_intrusion:2;lead_braking:5;slow_lead_following:6;stop_and_go:3,489;383;278;119;405;452;34;194;239;390;486;205;185;460;347;482;280;57;109;232,Random,0,0.00026979995891451836
20271117,Target-ppo_ece-leaveoneout,leave_one_out,ppo_ece,30,0,1,0.5,0.5,0,0.01864212042569066,0,cutin_braking:5;fast_intrusion:7;lead_braking:7;slow_lead_following:8;stop_and_go:3,489;383;278;119;405;452;34;194;239;390;486;205;185;460;347;482;280;57;109;232;42;48;288;175;493;59;477;93;3;269,Random,0,0.00026979995891451836
20271117,Target-ppo_ece-leaveoneout,leave_one_out,ppo_ece,50,0,3,1.5,1.0,0,0.026242231413906247,0,cutin_braking:8;fast_intrusion:12;lead_braking:8;slow_lead_following:13;stop_and_go:9,489;383;278;119;405;452;34;194;239;390;486;205;185;460;347;482;280;57;109;232;42;48;288;175;493;59;477;93;3;269;402;465;81;189;83;28;427;474;245;354;44;324;466;103;162;315;82;336;399;303,Random,0,0.00026979995891451836
20271117,Target-ppo_ece-leaveoneout,leave_one_out,ppo_ece,10,0,2,1.0,1.0,0,0.017334098645770523,0,cutin_braking:1;fast_intrusion:1;lead_braking:3;slow_lead_following:2;stop_and_go:3,307;242;496;332;386;224;243;444;119;5,Random,1,0.00023100001271814108
20271117,Target-ppo_ece-leaveoneout,leave_one_out,ppo_ece,20,0,2,1.0,1.0,0,0.017334098645770523,0,cutin_braking:4;fast_intrusion:3;lead_braking:6;slow_lead_following:3;stop_and_go:4,307;242;496;332;386;224;243;444;119;5;250;83;35;397;204;162;212;185;466;158,Random,1,0.00023100001271814108
20271117,Target-ppo_ece-leaveoneout,leave_one_out,ppo_ece,30,0,4,2.0,2.0,0,0.023218606065861257,0,cutin_braking:4;fast_intrusion:7;lead_braking:8;slow_lead_following:5;stop_and_go:6,307;242;496;332;386;224;243;444;119;5;250;83;35;397;204;162;212;185;466;158;59;10;207;420;94;449;54;370;322;265,Random,1,0.00023100001271814108
20271117,Target-ppo_ece-leaveoneout,leave_one_out,ppo_ece,50,0,5,2.5,2.5,0,0.03702496983415304,0,cutin_braking:8;fast_intrusion:11;lead_braking:13;slow_lead_following:9;stop_and_go:9,307;242;496;332;386;224;243;444;119;5;250;83;35;397;204;162;212;185;466;158;59;10;207;420;94;449;54;370;322;265;1;194;235;457;165;277;400;362;28;379;69;249;481;0;116;404;229;336;233;187,Random,1,0.00023100001271814108
20271117,Target-ppo_ece-leaveoneout,leave_one_out,ppo_ece,10,0,2,1.0,1.0,0,0.004458131393193917,0,cutin_braking:2;fast_intrusion:2;lead_braking:2;slow_lead_following:2;stop_and_go:2,54;247;363;308;411;166;406;153;276;28,Random,2,0.0003754999488592148
20271117,Target-ppo_ece-leaveoneout,leave_one_out,ppo_ece,20,0,3,1.5,1.5,0,0.018872461416273884,0,cutin_braking:4;fast_intrusion:4;lead_braking:5;slow_lead_following:3;stop_and_go:4,54;247;363;308;411;166;406;153;276;28;9;101;112;304;236;360;438;20;294;212,Random,2,0.0003754999488592148
20271117,Target-ppo_ece-leaveoneout,leave_one_out,ppo_ece,30,0,5,2.5,2.5,0,0.024467225999113183,0,cutin_braking:7;fast_intrusion:6;lead_braking:6;slow_lead_following:4;stop_and_go:7,54;247;363;308;411;166;406;153;276;28;9;101;112;304;236;360;438;20;294;212;263;340;133;302;185;367;57;436;95;167,Random,2,0.0003754999488592148
20271117,Target-ppo_ece-leaveoneout,leave_one_out,ppo_ece,50,0,6,3.0,3.0,0,0.027943676777285577,0,cutin_braking:13;fast_intrusion:8;lead_braking:13;slow_lead_following:5;stop_and_go:11,54;247;363;308;411;166;406;153;276;28;9;101;112;304;236;360;438;20;294;212;263;340;133;302;185;367;57;436;95;167;271;78;460;373;158;355;117;267;299;131;286;181;216;143;225;358;45;332;282;130,Random,2,0.0003754999488592148
20271117,Target-ppo_ece-leaveoneout,leave_one_out,ppo_ece,10,0,1,0.5,0.5,0,0.0036828730158005992,0,cutin_braking:1;fast_intrusion:3;lead_braking:3;slow_lead_following:1;stop_and_go:2,35;371;111;291;298;227;439;335;3;62,Random,3,0.00017420004587620497
20271117,Target-ppo_ece-leaveoneout,leave_one_out,ppo_ece,20,0,2,1.0,1.0,0,0.007670522901110911,0,cutin_braking:3;fast_intrusion:3;lead_braking:6;slow_lead_following:3;stop_and_go:5,35;371;111;291;298;227;439;335;3;62;423;284;211;132;386;252;331;487;159;392,Random,3,0.00017420004587620497
20271117,Target-ppo_ece-leaveoneout,leave_one_out,ppo_ece,30,0,3,1.5,1.5,0,0.026312643326801572,0,cutin_braking:4;fast_intrusion:5;lead_braking:9;slow_lead_following:6;stop_and_go:6,35;371;111;291;298;227;439;335;3;62;423;284;211;132;386;252;331;487;159;392;49;257;135;222;418;369;482;31;251;419,Random,3,0.00017420004587620497
20271117,Target-ppo_ece-leaveoneout,leave_one_out,ppo_ece,50,0,6,3.0,3.0,0,0.03479871797680184,0,cutin_braking:8;fast_intrusion:10;lead_braking:13;slow_lead_following:9;stop_and_go:10,35;371;111;291;298;227;439;335;3;62;423;284;211;132;386;252;331;487;159;392;49;257;135;222;418;369;482;31;251;419;82;240;54;241;444;140;366;38;122;199;223;271;190;443;497;83;316;397;390;39,Random,3,0.00017420004587620497
20271117,Target-ppo_ece-leaveoneout,leave_one_out,ppo_ece,10,0,0,0.0,0.0,0,0.0,0,cutin_braking:5;fast_intrusion:3;lead_braking:1;slow_lead_following:1;stop_and_go:0,106;48;24;462;32;124;134;143;239;179,Random,4,0.00026050000451505184
20271117,Target-ppo_ece-leaveoneout,leave_one_out,ppo_ece,20,0,1,0.5,0.5,0,0.003341618199303161,0,cutin_braking:7;fast_intrusion:7;lead_braking:2;slow_lead_following:1;stop_and_go:3,106;48;24;462;32;124;134;143;239;179;144;350;120;83;346;328;5;78;290;86,Random,4,0.00026050000451505184
20271117,Target-ppo_ece-leaveoneout,leave_one_out,ppo_ece,30,0,3,1.5,1.5,0,0.010055511060891767,0,cutin_braking:10;fast_intrusion:9;lead_braking:5;slow_lead_following:1;stop_and_go:5,106;48;24;462;32;124;134;143;239;179;144;350;120;83;346;328;5;78;290;86;150;283;45;151;73;216;311;335;250;180,Random,4,0.00026050000451505184
20271117,Target-ppo_ece-leaveoneout,leave_one_out,ppo_ece,50,0,6,3.0,2.5,0,0.039188488511621405,0,cutin_braking:14;fast_intrusion:13;lead_braking:8;slow_lead_following:4;stop_and_go:11,106;48;24;462;32;124;134;143;239;179;144;350;120;83;346;328;5;78;290;86;150;283;45;151;73;216;311;335;250;180;142;422;181;339;488;40;342;383;2;296;234;76;377;185;302;284;15;359;409;195,Random,4,0.00026050000451505184
20271117,Target-ppo_ece-leaveoneout,leave_one_out,ppo_ece,10,0,1,0.5,0.5,0,0.002179073641508512,0,cutin_braking:0;fast_intrusion:3;lead_braking:1;slow_lead_following:3;stop_and_go:3,293;344;42;436;63;404;8;413;351;394,Random,5,0.0001751999370753765
20271117,Target-ppo_ece-leaveoneout,leave_one_out,ppo_ece,20,0,2,1.0,1.0,0,0.02093792198299822,0,cutin_braking:1;fast_intrusion:6;lead_braking:4;slow_lead_following:5;stop_and_go:4,293;344;42;436;63;404;8;413;351;394;53;228;345;257;139;46;5;229;476;489,Random,5,0.0001751999370753765
20271117,Target-ppo_ece-leaveoneout,leave_one_out,ppo_ece,30,0,3,1.5,1.5,0,0.02377329173717593,0,cutin_braking:4;fast_intrusion:8;lead_braking:4;slow_lead_following:7;stop_and_go:7,293;344;42;436;63;404;8;413;351;394;53;228;345;257;139;46;5;229;476;489;84;316;479;330;433;150;198;79;372;124,Random,5,0.0001751999370753765
20271117,Target-ppo_ece-leaveoneout,leave_one_out,ppo_ece,50,0,6,3.0,3.0,0,0.0404803182660652,0,cutin_braking:9;fast_intrusion:13;lead_braking:7;slow_lead_following:11;stop_and_go:10,293;344;42;436;63;404;8;413;351;394;53;228;345;257;139;46;5;229;476;489;84;316;479;330;433;150;198;79;372;124;328;132;11;461;375;109;121;176;481;266;234;334;74;242;470;87;416;20;187;95,Random,5,0.0001751999370753765
20271117,Target-ppo_ece-leaveoneout,leave_one_out,ppo_ece,10,0,1,0.5,0.5,0,0.01864212042569066,0,cutin_braking:2;fast_intrusion:3;lead_braking:1;slow_lead_following:2;stop_and_go:2,59;349;88;271;329;95;147;492;482;138,Random,6,0.0005713999271392822
20271117,Target-ppo_ece-leaveoneout,leave_one_out,ppo_ece,20,0,2,1.0,1.0,0,0.02092904191955708,0,cutin_braking:3;fast_intrusion:3;lead_braking:3;slow_lead_following:4;stop_and_go:7,59;349;88;271;329;95;147;492;482;138;177;415;345;398;212;404;298;317;367;372,Random,6,0.0005713999271392822
20271117,Target-ppo_ece-leaveoneout,leave_one_out,ppo_ece,30,0,3,1.5,1.5,0,0.023251869180684604,0,cutin_braking:6;fast_intrusion:4;lead_braking:5;slow_lead_following:5;stop_and_go:10,59;349;88;271;329;95;147;492;482;138;177;415;345;398;212;404;298;317;367;372;257;453;109;390;156;375;166;339;273;8,Random,6,0.0005713999271392822
20271117,Target-ppo_ece-leaveoneout,leave_one_out,ppo_ece,50,0,6,3.0,2.0,0,0.02872553882664579,0,cutin_braking:9;fast_intrusion:7;lead_braking:11;slow_lead_following:8;stop_and_go:15,59;349;88;271;329;95;147;492;482;138;177;415;345;398;212;404;298;317;367;372;257;453;109;390;156;375;166;339;273;8;208;297;221;149;236;335;350;467;399;450;41;128;77;94;114;379;437;290;251;382,Random,6,0.0005713999271392822
20271117,Target-ppo_ece-leaveoneout,leave_one_out,ppo_ece,10,0,1,0.5,0.5,0,0.0017714205131166311,0,cutin_braking:3;fast_intrusion:1;lead_braking:2;slow_lead_following:1;stop_and_go:3,106;480;165;196;214;379;69;366;202;370,Random,7,0.00018089998047798872
20271117,Target-ppo_ece-leaveoneout,leave_one_out,ppo_ece,20,0,5,2.5,2.5,0,0.034394037519202496,0,cutin_braking:5;fast_intrusion:3;lead_braking:3;slow_lead_following:4;stop_and_go:5,106;480;165;196;214;379;69;366;202;370;444;327;353;184;422;103;0;433;279;66,Random,7,0.00018089998047798872
20271117,Target-ppo_ece-leaveoneout,leave_one_out,ppo_ece,30,0,6,3.0,3.0,0,0.035847245485366094,0,cutin_braking:7;fast_intrusion:4;lead_braking:5;slow_lead_following:5;stop_and_go:9,106;480;165;196;214;379;69;366;202;370;444;327;353;184;422;103;0;433;279;66;387;290;390;291;140;334;439;312;95;125,Random,7,0.00018089998047798872
20271117,Target-ppo_ece-leaveoneout,leave_one_out,ppo_ece,50,0,9,4.5,4.0,0,0.04057392637506294,0,cutin_braking:11;fast_intrusion:8;lead_braking:11;slow_lead_following:8;stop_and_go:12,106;480;165;196;214;379;69;366;202;370;444;327;353;184;422;103;0;433;279;66;387;290;390;291;140;334;439;312;95;125;239;474;262;393;406;254;288;194;60;128;355;221;320;17;58;487;155;4;174;296,Random,7,0.00018089998047798872
20271117,Target-ppo_ece-leaveoneout,leave_one_out,ppo_ece,10,0,0,0.0,0.0,0,0.0,0,cutin_braking:0;fast_intrusion:4;lead_braking:3;slow_lead_following:2;stop_and_go:1,208;301;275;419;87;65;44;86;424;211,Random,8,0.0001970999874174595
20271117,Target-ppo_ece-leaveoneout,leave_one_out,ppo_ece,20,0,3,1.5,1.5,0,0.018392253386005558,0,cutin_braking:2;fast_intrusion:6;lead_braking:6;slow_lead_following:3;stop_and_go:3,208;301;275;419;87;65;44;86;424;211;327;23;348;158;32;298;488;293;106;231,Random,8,0.0001970999874174595
20271117,Target-ppo_ece-leaveoneout,leave_one_out,ppo_ece,30,0,4,2.0,2.0,0,0.02090523424023735,0,cutin_braking:3;fast_intrusion:10;lead_braking:8;slow_lead_following:5;stop_and_go:4,208;301;275;419;87;65;44;86;424;211;327;23;348;158;32;298;488;293;106;231;0;39;74;435;473;307;295;152;237;85,Random,8,0.0001970999874174595
20271117,Target-ppo_ece-leaveoneout,leave_one_out,ppo_ece,50,0,6,3.0,2.5,0,0.032083937372984914,0,cutin_braking:6;fast_intrusion:14;lead_braking:10;slow_lead_following:13;stop_and_go:7,208;301;275;419;87;65;44;86;424;211;327;23;348;158;32;298;488;293;106;231;0;39;74;435;473;307;295;152;237;85;433;412;314;476;145;261;444;443;358;34;97;461;491;303;63;111;11;286;187;494,Random,8,0.0001970999874174595
20271117,Target-ppo_ece-leaveoneout,leave_one_out,ppo_ece,10,0,0,0.0,0.0,0,0.0,0,cutin_braking:1;fast_intrusion:2;lead_braking:3;slow_lead_following:2;stop_and_go:2,182;329;423;71;271;288;425;348;51;205,Random,9,0.00017829996068030596
20271117,Target-ppo_ece-leaveoneout,leave_one_out,ppo_ece,20,0,2,1.0,1.0,0,0.004255922817510826,0,cutin_braking:3;fast_intrusion:6;lead_braking:4;slow_lead_following:3;stop_and_go:4,182;329;423;71;271;288;425;348;51;205;187;24;291;350;177;63;15;490;2;308,Random,9,0.00017829996068030596
20271117,Target-ppo_ece-leaveoneout,leave_one_out,ppo_ece,30,0,2,1.0,1.0,0,0.004255922817510826,0,cutin_braking:5;fast_intrusion:7;lead_braking:5;slow_lead_following:5;stop_and_go:8,182;329;423;71;271;288;425;348;51;205;187;24;291;350;177;63;15;490;2;308;130;349;382;40;397;462;449;324;289;169,Random,9,0.00017829996068030596
20271117,Target-ppo_ece-leaveoneout,leave_one_out,ppo_ece,50,0,4,2.0,2.0,0,0.009454415472606321,0,cutin_braking:11;fast_intrusion:12;lead_braking:10;slow_lead_following:7;stop_and_go:10,182;329;423;71;271;288;425;348;51;205;187;24;291;350;177;63;15;490;2;308;130;349;382;40;397;462;449;324;289;169;214;128;183;159;485;19;374;401;204;190;76;9;306;90;103;279;165;239;59;278,Random,9,0.00017829996068030596
20271201,Target-idm_mobil-leaveoneout,leave_one_out,idm_mobil,10,0,8,4.0,2.5,0,0.030547342397813877,0,cutin_braking:1;fast_intrusion:1;lead_braking:1;slow_lead_following:6;stop_and_go:1,440;472;424;492;432;460;393;153;276;12,FPS-Risk,0,0.08937920001335442
20271201,Target-idm_mobil-leaveoneout,leave_one_out,idm_mobil,20,0,18,9.0,3.5,0,0.058690226399636725,0,cutin_braking:1;fast_intrusion:1;lead_braking:1;slow_lead_following:16;stop_and_go:1,440;472;424;492;432;460;393;153;276;12;464;400;412;418;452;468;404;434;410;466,FPS-Risk,0,0.08937920001335442
20271201,Target-idm_mobil-leaveoneout,leave_one_out,idm_mobil,30,0,28,14.0,7.5,0,0.0716959499479331,0,cutin_braking:1;fast_intrusion:1;lead_braking:5;slow_lead_following:20;stop_and_go:3,440;472;424;492;432;460;393;153;276;12;464;400;412;418;452;468;404;434;410;466;454;486;462;478;208;270;319;220;280;305,FPS-Risk,0,0.08937920001335442
20271201,Target-idm_mobil-leaveoneout,leave_one_out,idm_mobil,50,0,47,23.5,11.0,0,0.09935815875669554,0,cutin_braking:1;fast_intrusion:1;lead_braking:6;slow_lead_following:20;stop_and_go:22,440;472;424;492;432;460;393;153;276;12;464;400;412;418;452;468;404;434;410;466;454;486;462;478;208;270;319;220;280;305;235;382;313;373;301;361;387;325;336;307;341;353;335;333;365;363;395;315;317;375,FPS-Risk,0,0.08937920001335442
20271201,Target-idm_mobil-leaveoneout,leave_one_out,idm_mobil,10,0,8,4.0,2.5,0,0.030547342397813877,0,cutin_braking:1;fast_intrusion:1;lead_braking:1;slow_lead_following:6;stop_and_go:1,440;472;424;492;432;460;393;153;276;36,FPS-Severity,0,0.08711389999371022
20271201,Target-idm_mobil-leaveoneout,leave_one_out,idm_mobil,20,0,18,9.0,3.5,0,0.058690226399636725,0,cutin_braking:1;fast_intrusion:1;lead_braking:1;slow_lead_following:16;stop_and_go:1,440;472;424;492;432;460;393;153;276;36;464;400;412;418;452;468;404;434;410;466,FPS-Severity,0,0.08711389999371022
20271201,Target-idm_mobil-leaveoneout,leave_one_out,idm_mobil,30,0,28,14.0,7.5,0,0.0716959499479331,0,cutin_braking:1;fast_intrusion:1;lead_braking:5;slow_lead_following:20;stop_and_go:3,440;472;424;492;432;460;393;153;276;36;464;400;412;418;452;468;404;434;410;466;454;486;462;478;208;270;319;220;280;305,FPS-Severity,0,0.08711389999371022
20271201,Target-idm_mobil-leaveoneout,leave_one_out,idm_mobil,50,0,47,23.5,11.0,0,0.09935815875669554,0,cutin_braking:1;fast_intrusion:1;lead_braking:6;slow_lead_following:20;stop_and_go:22,440;472;424;492;432;460;393;153;276;36;464;400;412;418;452;468;404;434;410;466;454;486;462;478;208;270;319;220;280;305;235;382;313;373;301;361;387;325;336;307;341;353;335;333;365;363;395;315;317;375,FPS-Severity,0,0.08711389999371022
20271201,Target-idm_mobil-leaveoneout,leave_one_out,idm_mobil,10,0,6,3.0,2.5,0,0.018068544666046765,0,cutin_braking:2;fast_intrusion:2;lead_braking:2;slow_lead_following:2;stop_and_go:2,440;393;153;276;36;472;208;319;12;187,FPS-Balanced,0,0.0943336000200361
20271201,Target-idm_mobil-leaveoneout,leave_one_out,idm_mobil,20,0,13,6.5,5.5,0,0.042776687785038195,0,cutin_braking:4;fast_intrusion:4;lead_braking:4;slow_lead_following:4;stop_and_go:4,440;393;153;276;36;472;208;319;12;187;424;270;305;20;165;492;220;382;84;176,FPS-Balanced,0,0.0943336000200361
20271201,Target-idm_mobil-leaveoneout,leave_one_out,idm_mobil,30,0,19,9.5,7.0,0,0.05071907631296174,0,cutin_braking:6;fast_intrusion:6;lead_braking:6;slow_lead_following:6;stop_and_go:6,440;393;153;276;36;472;208;319;12;187;424;270;305;20;165;492;220;382;84;176;432;280;313;92;195;460;373;235;72;143,FPS-Balanced,0,0.0943336000200361
20271201,Target-idm_mobil-leaveoneout,leave_one_out,idm_mobil,50,0,31,15.5,8.5,0,0.08013367882300833,0,cutin_braking:10;fast_intrusion:10;lead_braking:10;slow_lead_following:10;stop_and_go:10,440;393;153;276;36;472;208;319;12;187;424;270;305;20;165;492;220;382;84;176;432;280;313;92;195;460;373;235;72;143;464;301;228;68;166;400;204;361;0;136;412;252;387;1;147;418;325;261;2;155,FPS-Balanced,0,0.0943336000200361
20271201,Target-idm_mobil-leaveoneout,leave_one_out,idm_mobil,10,0,7,3.5,3.5,0,0.07571052261354558,0,cutin_braking:1;fast_intrusion:1;lead_braking:1;slow_lead_following:6;stop_and_go:1,404;462;432;403;449;382;468;235;32;105,FPS-Marginal,0,0.5225582000566646
20271201,Target-idm_mobil-leaveoneout,leave_one_out,idm_mobil,20,0,14,7.0,7.0,0,0.09446728005146905,0,cutin_braking:1;fast_intrusion:1;lead_braking:1;slow_lead_following:10;stop_and_go:7,404;462;432;403;449;382;468;235;32;105;407;395;396;301;308;489;433;307;417;365,FPS-Marginal,0,0.5225582000566646
20271201,Target-idm_mobil-leaveoneout,leave_one_out,idm_mobil,30,0,23,11.5,10.0,0,0.10604224596260214,0,cutin_braking:1;fast_intrusion:1;lead_braking:1;slow_lead_following:12;stop_and_go:15,404;462;432;403;449;382;468;235;32;105;407;395;396;301;308;489;433;307;417;365;400;478;372;333;346;330;325;319;335;336,FPS-Marginal,0,0.5225582000566646
20271201,Target-idm_mobil-leaveoneout,leave_one_out,idm_mobil,50,0,43,21.5,12.5,0,0.11886982674711535,0,cutin_braking:1;fast_intrusion:1;lead_braking:1;slow_lead_following:18;stop_and_go:29,404;462;432;403;449;382;468;235;32;105;407;395;396;301;308;489;433;307;417;365;400;478;372;333;346;330;325;319;335;336;305;492;464;373;393;353;361;375;313;315;486;466;387;363;317;341;440;302;370;418,FPS-Marginal,0,0.5225582000566646
20271201,Target-idm_mobil-leaveoneout,leave_one_out,idm_mobil,10,0,8,4.0,3.5,0,0.031648369186458566,0,cutin_braking:1;fast_intrusion:1;lead_braking:1;slow_lead_following:3;stop_and_go:4,440;393;305;319;382;193;454;486;276;12,MeanResidual-Risk,0,0.19281659997068346
20271201,Target-idm_mobil-leaveoneout,leave_one_out,idm_mobil,20,0,18,9.0,5.5,0,0.06083931790613295,0,cutin_braking:1;fast_intrusion:1;lead_braking:1;slow_lead_following:13;stop_and_go:4,440;393;305;319;382;193;454;486;276;12;478;434;466;418;462;410;468;412;492;452,MeanResidual-Risk,0,0.19281659997068346
20271201,Target-idm_mobil-leaveoneout,leave_one_out,idm_mobil,30,0,28,14.0,6.0,0,0.07021885827132514,0,cutin_braking:1;fast_intrusion:1;lead_braking:1;slow_lead_following:23;stop_and_go:4,440;393;305;319;382;193;454;486;276;12;478;434;466;418;462;410;468;412;492;452;404;460;400;432;424;464;448;496;428;476,MeanResidual-Risk,0,0.19281659997068346
20271201,Target-idm_mobil-leaveoneout,leave_one_out,idm_mobil,50,0,46,23.0,7.5,0,0.08755040724527986,0,cutin_braking:1;fast_intrusion:1;lead_braking:1;slow_lead_following:43;stop_and_go:4,440;393;305;319;382;193;454;486;276;12;478;434;466;418;462;410;468;412;492;452;404;460;400;432;424;464;448;496;428;476;488;472;484;444;435;416;479;431;467;447;407;423;487;471;455;463;491;411;459;419,MeanResidual-Risk,0,0.19281659997068346
20271201,Target-idm_mobil-leaveoneout,leave_one_out,idm_mobil,10,0,8,4.0,4.0,0,0.06988783791423019,0,cutin_braking:1;fast_intrusion:1;lead_braking:1;slow_lead_following:6;stop_and_go:1,404;440;462;464;382;418;447;105;235;16,MeanResidual-Marginal,0,0.650636599981226
20271201,Target-idm_mobil-leaveoneout,leave_one_out,idm_mobil,20,0,16,8.0,7.0,0,0.09369096580848936,0,cutin_braking:1;fast_intrusion:2;lead_braking:1;slow_lead_following:14;stop_and_go:2,404;440;462;464;382;418;447;105;235;16;437;477;403;481;492;393;32;433;468;434,MeanResidual-Marginal,0,0.650636599981226
20271201,Target-idm_mobil-leaveoneout,leave_one_out,idm_mobil,30,0,24,12.0,10.0,0,0.10941693959453652,0,cutin_braking:1;fast_intrusion:5;lead_braking:1;slow_lead_following:18;stop_and_go:5,404;440;462;464;382;418;447;105;235;16;437;477;403;481;492;393;32;433;468;434;96;432;308;395;475;423;498;396;0;88,MeanResidual-Marginal,0,0.650636599981226
20271201,Target-idm_mobil-leaveoneout,leave_one_out,idm_mobil,50,0,42,21.0,14.0,0,0.1285721755380798,0,cutin_braking:2;fast_intrusion:8;lead_braking:1;slow_lead_following:26;stop_and_go:13,404;440;462;464;382;418;447;105;235;16;437;477;403;481;492;393;32;433;468;434;96;432;308;395;475;423;498;396;0;88;319;305;307;325;301;333;486;365;36;460;153;80;30;439;459;479;407;361;449;466,MeanResidual-Marginal,0,0.650636599981226
20271201,Target-idm_mobil-leaveoneout,leave_one_out,idm_mobil,10,0,8,4.0,2.5,0,0.02689314449087231,0,cutin_braking:1;fast_intrusion:1;lead_braking:1;slow_lead_following:6;stop_and_go:1,440;472;424;432;400;460;393;193;276;12,CoRe-Risk,0,0.20794919994659722
20271201,Target-idm_mobil-leaveoneout,leave_one_out,idm_mobil,20,0,18,9.0,4.0,0,0.05560259598560541,0,cutin_braking:1;fast_intrusion:1;lead_braking:1;slow_lead_following:16;stop_and_go:1,440;472;424;432;400;460;393;193;276;12;412;492;464;468;410;418;434;466;478;452,CoRe-Risk,0,0.20794919994659722
20271201,Target-idm_mobil-leaveoneout,leave_one_out,idm_mobil,30,0,27,13.5,7.0,0,0.07050189515012943,0,cutin_braking:1;fast_intrusion:1;lead_braking:5;slow_lead_following:20;stop_and_go:3,440;472;424;432;400;460;393;193;276;12;412;492;464;468;410;418;434;466;478;452;404;462;486;454;208;270;280;235;305;319,CoRe-Risk,0,0.20794919994659722
20271201,Target-idm_mobil-leaveoneout,leave_one_out,idm_mobil,50,0,47,23.5,11.5,0,0.09836978916993705,0,cutin_braking:1;fast_intrusion:1;lead_braking:6;slow_lead_following:20;stop_and_go:22,440;472;424;432;400;460;393;193;276;12;412;492;464;468;410;418;434;466;478;452;404;462;486;454;208;270;280;235;305;319;382;220;317;395;370;341;325;387;353;313;333;361;301;373;308;375;315;307;335;365,CoRe-Risk,0,0.20794919994659722
20271201,Target-idm_mobil-leaveoneout,leave_one_out,idm_mobil,10,0,7,3.5,3.5,0,0.07571052261354558,0,cutin_braking:1;fast_intrusion:1;lead_braking:1;slow_lead_following:6;stop_and_go:1,404;432;462;403;449;382;468;32;235;105,CoRe-Marginal,0,0.6015763999894261
20271201,Target-idm_mobil-leaveoneout,leave_one_out,idm_mobil,20,0,16,8.0,8.0,0,0.09769044899054952,0,cutin_braking:1;fast_intrusion:1;lead_braking:1;slow_lead_following:11;stop_and_go:6,404;432;462;403;449;382;468;32;235;105;407;489;395;396;301;308;400;446;498;307,CoRe-Marginal,0,0.6015763999894261
20271201,Target-idm_mobil-leaveoneout,leave_one_out,idm_mobil,30,0,24,12.0,10.0,0,0.10790233597855513,0,cutin_braking:1;fast_intrusion:1;lead_braking:1;slow_lead_following:15;stop_and_go:12,404;432;462;403;449;382;468;32;235;105;407;489;395;396;301;308;400;446;498;307;453;365;372;416;333;439;428;325;346;330,CoRe-Marginal,0,0.6015763999894261
20271201,Target-idm_mobil-leaveoneout,leave_one_out,idm_mobil,50,0,44,22.0,13.5,0,0.1228915965212282,0,cutin_braking:1;fast_intrusion:1;lead_braking:1;slow_lead_following:24;stop_and_go:23,404;432;462;403;449;382;468;32;235;105;407;489;395;396;301;308;400;446;498;307;453;365;372;416;333;439;428;325;346;330;481;491;319;467;335;336;305;486;373;361;353;393;440;313;375;497;451;438;315;466,CoRe-Marginal,0,0.6015763999894261
20271201,Target-idm_mobil-leaveoneout,leave_one_out,idm_mobil,10,0,7,3.5,3.5,0,0.07808395786249023,0,cutin_braking:1;fast_intrusion:1;lead_braking:2;slow_lead_following:5;stop_and_go:1,474;447;448;449;446;32;191;317;238;273,TargetOnlyGP-Marginal,0,0.5979827999835834
20271201,Target-idm_mobil-leaveoneout,leave_one_out,idm_mobil,20,0,10,5.0,5.0,0,0.08655026810248259,0,cutin_braking:3;fast_intrusion:2;lead_braking:3;slow_lead_following:8;stop_and_go:4,474;447;448;449;446;32;191;317;238;273;186;5;316;451;218;416;311;468;366;195,TargetOnlyGP-Marginal,0,0.5979827999835834
20271201,Target-idm_mobil-leaveoneout,leave_one_out,idm_mobil,30,0,15,7.5,7.0,0,0.10269003145496723,0,cutin_braking:4;fast_intrusion:4;lead_braking:6;slow_lead_following:10;stop_and_go:6,474;447;448;449;446;32;191;317;238;273;186;5;316;451;218;416;311;468;366;195;37;356;211;185;494;80;433;365;248;297,TargetOnlyGP-Marginal,0,0.5979827999835834
20271201,Target-idm_mobil-leaveoneout,leave_one_out,idm_mobil,50,0,23,11.5,9.5,0,0.11706344521674235,0,cutin_braking:8;fast_intrusion:10;lead_braking:9;slow_lead_following:13;stop_and_go:10,474;447;448;449;446;32;191;317;238;273;186;5;316;451;218;416;311;468;366;195;37;356;211;185;494;80;433;365;248;297;19;397;116;30;325;275;0;488;182;308;222;12;22;459;290;358;145;28;187;423,TargetOnlyGP-Marginal,0,0.5979827999835834
20271201,Target-idm_mobil-leaveoneout,leave_one_out,idm_mobil,10,0,7,3.5,3.5,0,0.03045706177374191,0,cutin_braking:1;fast_intrusion:1;lead_braking:2;slow_lead_following:1;stop_and_go:5,307;20;272;331;115;302;424;363;280;335,Random,0,0.00031150004360824823
20271201,Target-idm_mobil-leaveoneout,leave_one_out,idm_mobil,20,0,9,4.5,4.5,0,0.05678673685154214,0,cutin_braking:4;fast_intrusion:2;lead_braking:4;slow_lead_following:4;stop_and_go:6,307;20;272;331;115;302;424;363;280;335;439;114;51;227;175;462;397;135;493;279,Random,0,0.00031150004360824823
20271201,Target-idm_mobil-leaveoneout,leave_one_out,idm_mobil,30,0,13,6.5,6.0,0,0.07330101651749005,0,cutin_braking:6;fast_intrusion:3;lead_braking:7;slow_lead_following:6;stop_and_go:8,307;20;272;331;115;302;424;363;280;335;439;114;51;227;175;462;397;135;493;279;450;238;310;298;36;242;196;182;320;440,Random,0,0.00031150004360824823
20271201,Target-idm_mobil-leaveoneout,leave_one_out,idm_mobil,50,0,20,10.0,8.5,0,0.09766355270849922,0,cutin_braking:13;fast_intrusion:5;lead_braking:9;slow_lead_following:13;stop_and_go:10,307;20;272;331;115;302;424;363;280;335;439;114;51;227;175;462;397;135;493;279;450;238;310;298;36;242;196;182;320;440;484;487;421;347;457;475;233;438;119;184;25;409;118;269;60;396;187;145;150;168,Random,0,0.00031150004360824823
20271201,Target-idm_mobil-leaveoneout,leave_one_out,idm_mobil,10,0,3,1.5,1.5,0,0.016362844030011762,0,cutin_braking:3;fast_intrusion:3;lead_braking:1;slow_lead_following:1;stop_and_go:2,305;166;107;36;67;204;13;471;383;117,Random,1,0.0001778999576345086
20271201,Target-idm_mobil-leaveoneout,leave_one_out,idm_mobil,20,0,5,2.5,2.5,0,0.03347531840252635,0,cutin_braking:7;fast_intrusion:4;lead_braking:3;slow_lead_following:2;stop_and_go:4,305;166;107;36;67;204;13;471;383;117;432;37;231;155;145;161;335;332;241;170,Random,1,0.0001778999576345086
20271201,Target-idm_mobil-leaveoneout,leave_one_out,idm_mobil,30,0,9,4.5,4.0,0,0.05922092448282065,0,cutin_braking:7;fast_intrusion:8;lead_braking:4;slow_lead_following:3;stop_and_go:8,305;166;107;36;67;204;13;471;383;117;432;37;231;155;145;161;335;332;241;170;226;414;398;81;40;369;307;32;78;379,Random,1,0.0001778999576345086
20271201,Target-idm_mobil-leaveoneout,leave_one_out,idm_mobil,50,0,18,9.0,7.5,0,0.08794841047631707,0,cutin_braking:11;fast_intrusion:11;lead_braking:8;slow_lead_following:8;stop_and_go:12,305;166;107;36;67;204;13;471;383;117;432;37;231;155;145;161;335;332;241;170;226;414;398;81;40;369;307;32;78;379;361;465;437;20;353;482;247;427;184;130;300;193;270;118;15;89;201;395;230;491,Random,1,0.0001778999576345086
20271201,Target-idm_mobil-leaveoneout,leave_one_out,idm_mobil,10,0,3,1.5,1.5,0,0.030008177798613846,0,cutin_braking:2;fast_intrusion:3;lead_braking:3;slow_lead_following:1;stop_and_go:1,83;444;79;265;267;167;228;4;322;119,Random,2,0.0002487000310793519
20271201,Target-idm_mobil-leaveoneout,leave_one_out,idm_mobil,20,0,4,2.0,2.0,0,0.03399401533390694,0,cutin_braking:6;fast_intrusion:4;lead_braking:6;slow_lead_following:2;stop_and_go:2,83;444;79;265;267;167;228;4;322;119;241;274;129;5;176;383;124;475;183;296,Random,2,0.0002487000310793519
20271201,Target-idm_mobil-leaveoneout,leave_one_out,idm_mobil,30,0,6,3.0,3.0,0,0.04272808913705907,0,cutin_braking:9;fast_intrusion:7;lead_braking:7;slow_lead_following:3;stop_and_go:4,83;444;79;265;267;167;228;4;322;119;241;274;129;5;176;383;124;475;183;296;69;489;163;364;114;262;7;327;30;122,Random,2,0.0002487000310793519
20271201,Target-idm_mobil-leaveoneout,leave_one_out,idm_mobil,50,0,17,8.5,7.5,0,0.08681520674673227,0,cutin_braking:11;fast_intrusion:11;lead_braking:11;slow_lead_following:8;stop_and_go:9,83;444;79;265;267;167;228;4;322;119;241;274;129;5;176;383;124;475;183;296;69;489;163;364;114;262;7;327;30;122;73;332;68;386;436;92;385;330;495;461;64;279;298;367;204;197;480;498;240;105,Random,2,0.0002487000310793519
20271201,Target-idm_mobil-leaveoneout,leave_one_out,idm_mobil,10,0,4,2.0,2.0,0,0.04632378505869518,0,cutin_braking:1;fast_intrusion:1;lead_braking:1;slow_lead_following:3;stop_and_go:4,76;331;318;305;430;261;312;129;414;447,Random,3,0.00017520005349069834
20271201,Target-idm_mobil-leaveoneout,leave_one_out,idm_mobil,20,0,5,2.5,2.5,0,0.0520408986309803,0,cutin_braking:4;fast_intrusion:4;lead_braking:3;slow_lead_following:4;stop_and_go:5,76;331;318;305;430;261;312;129;414;447;100;37;33;247;160;311;25;459;257;148,Random,3,0.00017520005349069834
20271201,Target-idm_mobil-leaveoneout,leave_one_out,idm_mobil,30,0,9,4.5,4.0,0,0.06215335475211042,0,cutin_braking:5;fast_intrusion:6;lead_braking:6;slow_lead_following:6;stop_and_go:7,76;331;318;305;430;261;312;129;414;447;100;37;33;247;160;311;25;459;257;148;474;223;373;240;296;61;166;351;470;14,Random,3,0.00017520005349069834
20271201,Target-idm_mobil-leaveoneout,leave_one_out,idm_mobil,50,0,12,6.0,4.5,0,0.07601650273436046,0,cutin_braking:12;fast_intrusion:9;lead_braking:8;slow_lead_following:9;stop_and_go:12,76;331;318;305;430;261;312;129;414;447;100;37;33;247;160;311;25;459;257;148;474;223;373;240;296;61;166;351;470;14;303;104;42;486;325;137;463;125;103;74;174;386;332;262;432;197;388;291;17;178,Random,3,0.00017520005349069834
20271201,Target-idm_mobil-leaveoneout,leave_one_out,idm_mobil,10,0,2,1.0,1.0,0,0.021970398522898334,0,cutin_braking:3;fast_intrusion:2;lead_braking:1;slow_lead_following:1;stop_and_go:3,322;189;144;464;242;315;26;108;320;67,Random,4,0.00017309992108494043
20271201,Target-idm_mobil-leaveoneout,leave_one_out,idm_mobil,20,0,7,3.5,3.0,0,0.06041655743027165,0,cutin_braking:4;fast_intrusion:5;lead_braking:2;slow_lead_following:4;stop_and_go:5,322;189;144;464;242;315;26;108;320;67;88;304;491;198;467;42;250;27;494;394,Random,4,0.00017309992108494043
20271201,Target-idm_mobil-leaveoneout,leave_one_out,idm_mobil,30,0,10,5.0,4.5,0,0.06971407578695116,0,cutin_braking:5;fast_intrusion:6;lead_braking:4;slow_lead_following:5;stop_and_go:10,322;189;144;464;242;315;26;108;320;67;88;304;491;198;467;42;250;27;494;394;216;471;76;291;158;366;308;309;310;378,Random,4,0.00017309992108494043
20271201,Target-idm_mobil-leaveoneout,leave_one_out,idm_mobil,50,0,16,8.0,7.0,0,0.08803789627683764,0,cutin_braking:6;fast_intrusion:7;lead_braking:10;slow_lead_following:10;stop_and_go:17,322;189;144;464;242;315;26;108;320;67;88;304;491;198;467;42;250;27;494;394;216;471;76;291;158;366;308;309;310;378;15;318;386;243;423;261;474;351;391;229;295;289;421;223;412;402;126;389;390;352,Random,4,0.00017309992108494043
20271201,Target-idm_mobil-leaveoneout,leave_one_out,idm_mobil,10,0,1,0.5,0.5,0,0.004959462906430307,0,cutin_braking:2;fast_intrusion:1;lead_braking:5;slow_lead_following:0;stop_and_go:2,120;235;318;145;207;382;234;247;249;54,Random,5,0.0002164000179618597
20271201,Target-idm_mobil-leaveoneout,leave_one_out,idm_mobil,20,0,4,2.0,2.0,0,0.013846964746254378,0,cutin_braking:3;fast_intrusion:1;lead_braking:11;slow_lead_following:0;stop_and_go:5,120;235;318;145;207;382;234;247;249;54;284;296;292;240;255;345;179;305;258;355,Random,5,0.0002164000179618597
20271201,Target-idm_mobil-leaveoneout,leave_one_out,idm_mobil,30,0,8,4.0,3.5,0,0.03609034273459398,0,cutin_braking:6;fast_intrusion:2;lead_braking:13;slow_lead_following:3;stop_and_go:6,120;235;318;145;207;382;234;247;249;54;284;296;292;240;255;345;179;305;258;355;385;225;432;152;108;460;424;200;15;185,Random,5,0.0002164000179618597
20271201,Target-idm_mobil-leaveoneout,leave_one_out,idm_mobil,50,0,14,7.0,5.5,0,0.06594820087518403,0,cutin_braking:8;fast_intrusion:4;lead_braking:19;slow_lead_following:9;stop_and_go:10,120;235;318;145;207;382;234;247;249;54;284;296;292;240;255;345;179;305;258;355;385;225;432;152;108;460;424;200;15;185;261;453;375;95;464;367;497;124;341;259;321;241;463;262;419;242;273;408;158;57,Random,5,0.0002164000179618597
20271201,Target-idm_mobil-leaveoneout,leave_one_out,idm_mobil,10,0,4,2.0,2.0,0,0.03860422605263205,0,cutin_braking:1;fast_intrusion:2;lead_braking:4;slow_lead_following:2;stop_and_go:1,222;195;77;211;264;474;438;360;204;31,Random,6,0.00018500001169741154
20271201,Target-idm_mobil-leaveoneout,leave_one_out,idm_mobil,20,0,8,4.0,3.5,0,0.06170002016070768,0,cutin_braking:3;fast_intrusion:5;lead_braking:6;slow_lead_following:4;stop_and_go:2,222;195;77;211;264;474;438;360;204;31;178;44;416;32;111;418;255;238;78;346,Random,6,0.00018500001169741154
20271201,Target-idm_mobil-leaveoneout,leave_one_out,idm_mobil,30,0,12,6.0,5.0,0,0.07433414680625341,0,cutin_braking:4;fast_intrusion:8;lead_braking:8;slow_lead_following:5;stop_and_go:5,222;195;77;211;264;474;438;360;204;31;178;44;416;32;111;418;255;238;78;346;247;36;330;101;326;395;30;221;450;73,Random,6,0.00018500001169741154
20271201,Target-idm_mobil-leaveoneout,leave_one_out,idm_mobil,50,0,16,8.0,5.5,0,0.08169359263693372,0,cutin_braking:9;fast_intrusion:10;lead_braking:14;slow_lead_following:8;stop_and_go:9,222;195;77;211;264;474;438;360;204;31;178;44;416;32;111;418;255;238;78;346;247;36;330;101;326;395;30;221;450;73;408;236;299;223;121;244;23;252;392;275;458;457;329;165;115;74;394;131;169;384,Random,6,0.00018500001169741154
20271201,Target-idm_mobil-leaveoneout,leave_one_out,idm_mobil,10,0,0,0.0,0.0,0,0.0,0,cutin_braking:2;fast_intrusion:2;lead_braking:5;slow_lead_following:0;stop_and_go:1,340;253;277;285;275;149;69;175;226;26,Random,7,0.0001993000041693449
20271201,Target-idm_mobil-leaveoneout,leave_one_out,idm_mobil,20,0,4,2.0,2.0,0,0.02681811443008955,0,cutin_braking:2;fast_intrusion:3;lead_braking:7;slow_lead_following:4;stop_and_go:4,340;253;277;285;275;149;69;175;226;26;433;337;390;268;200;46;463;493;338;431,Random,7,0.0001993000041693449
20271201,Target-idm_mobil-leaveoneout,leave_one_out,idm_mobil,30,0,7,3.5,3.5,0,0.04893452466989527,0,cutin_braking:5;fast_intrusion:4;lead_braking:8;slow_lead_following:7;stop_and_go:6,340;253;277;285;275;149;69;175;226;26;433;337;390;268;200;46;463;493;338;431;109;427;190;236;466;86;332;328;456;118,Random,7,0.0001993000041693449
20271201,Target-idm_mobil-leaveoneout,leave_one_out,idm_mobil,50,0,13,6.5,5.5,0,0.08042261853364392,0,cutin_braking:10;fast_intrusion:9;lead_braking:10;slow_lead_following:12;stop_and_go:9,340;253;277;285;275;149;69;175;226;26;433;337;390;268;200;46;463;493;338;431;109;427;190;236;466;86;332;328;456;118;400;292;397;95;445;102;115;135;6;382;139;36;339;133;479;263;60;472;429;1,Random,7,0.0001993000041693449
20271201,Target-idm_mobil-leaveoneout,leave_one_out,idm_mobil,10,0,2,1.0,1.0,0,0.017998773670918556,0,cutin_braking:3;fast_intrusion:4;lead_braking:0;slow_lead_following:2;stop_and_go:1,407;129;134;72;93;71;363;177;57;445,Random,8,0.00016880000475794077
20271201,Target-idm_mobil-leaveoneout,leave_one_out,idm_mobil,20,0,8,4.0,3.5,0,0.05522368680980246,0,cutin_braking:3;fast_intrusion:5;lead_braking:2;slow_lead_following:6;stop_and_go:4,407;129;134;72;93;71;363;177;57;445;460;335;432;456;469;379;389;219;2;200,Random,8,0.00016880000475794077
20271201,Target-idm_mobil-leaveoneout,leave_one_out,idm_mobil,30,0,11,5.5,4.5,0,0.06685010616089788,0,cutin_braking:5;fast_intrusion:7;lead_braking:4;slow_lead_following:7;stop_and_go:7,407;129;134;72;93;71;363;177;57;445;460;335;432;456;469;379;389;219;2;200;433;283;11;385;171;138;216;391;69;343,Random,8,0.00016880000475794077
20271201,Target-idm_mobil-leaveoneout,leave_one_out,idm_mobil,50,0,21,10.5,7.5,0,0.09052234657649501,0,cutin_braking:7;fast_intrusion:10;lead_braking:10;slow_lead_following:12;stop_and_go:11,407;129;134;72;93;71;363;177;57;445;460;335;432;456;469;379;389;219;2;200;433;283;11;385;171;138;216;391;69;343;410;428;359;422;436;405;210;77;307;105;349;232;365;267;231;65;255;39;280;160,Random,8,0.00016880000475794077
20271201,Target-idm_mobil-leaveoneout,leave_one_out,idm_mobil,10,0,2,1.0,1.0,0,0.03114505344472184,0,cutin_braking:3;fast_intrusion:2;lead_braking:2;slow_lead_following:2;stop_and_go:1,371;206;437;186;197;274;122;42;455;90,Random,9,0.00017120002303272486
20271201,Target-idm_mobil-leaveoneout,leave_one_out,idm_mobil,20,0,5,2.5,2.5,0,0.04050131571225704,0,cutin_braking:7;fast_intrusion:3;lead_braking:5;slow_lead_following:3;stop_and_go:2,371;206;437;186;197;274;122;42;455;90;184;314;48;227;134;128;208;297;176;483,Random,9,0.00017120002303272486
20271201,Target-idm_mobil-leaveoneout,leave_one_out,idm_mobil,30,0,9,4.5,4.5,0,0.06908622857607825,0,cutin_braking:11;fast_intrusion:3;lead_braking:6;slow_lead_following:6;stop_and_go:4,371;206;437;186;197;274;122;42;455;90;184;314;48;227;134;128;208;297;176;483;140;120;328;203;452;462;359;178;193;420,Random,9,0.00017120002303272486
20271201,Target-idm_mobil-leaveoneout,leave_one_out,idm_mobil,50,0,13,6.5,6.5,0,0.0774576173185073,0,cutin_braking:16;fast_intrusion:9;lead_braking:10;slow_lead_following:7;stop_and_go:8,371;206;437;186;197;274;122;42;455;90;184;314;48;227;134;128;208;297;176;483;140;120;328;203;452;462;359;178;193;420;82;423;116;332;383;281;39;65;117;168;217;158;9;373;52;387;286;241;78;145,Random,9,0.00017120002303272486
20271201,Target-vi_ttc-leaveoneout,leave_one_out,vi_ttc,10,0,10,5.0,3.5,0,0.034752735092425054,0,cutin_braking:1;fast_intrusion:1;lead_braking:1;slow_lead_following:6;stop_and_go:1,440;472;424;492;432;460;393;276;68;153,FPS-Risk,0,0.09806200000457466
20271201,Target-vi_ttc-leaveoneout,leave_one_out,vi_ttc,20,0,20,10.0,4.5,0,0.06408585050035144,0,cutin_braking:1;fast_intrusion:2;lead_braking:1;slow_lead_following:15;stop_and_go:1,440;472;424;492;432;460;393;276;68;153;464;400;412;418;452;468;404;20;434;410,FPS-Risk,0,0.09806200000457466
20271201,Target-vi_ttc-leaveoneout,leave_one_out,vi_ttc,30,0,30,15.0,6.5,0,0.07927875135439366,0,cutin_braking:1;fast_intrusion:10;lead_braking:1;slow_lead_following:17;stop_and_go:1,440;472;424;492;432;460;393;276;68;153;464;400;412;418;452;468;404;20;434;410;0;52;48;92;60;80;454;466;16;96,FPS-Risk,0,0.09806200000457466
20271201,Target-vi_ttc-leaveoneout,leave_one_out,vi_ttc,50,0,50,25.0,13.0,0,0.10920555359896555,0,cutin_braking:3;fast_intrusion:16;lead_braking:5;slow_lead_following:20;stop_and_go:6,440;472;424;492;432;460;393;276;68;153;464;400;412;418;452;468;404;20;434;410;0;52;48;92;60;80;454;466;16;96;486;4;462;478;46;27;24;30;58;193;105;208;270;319;220;280;305;382;313;373,FPS-Risk,0,0.09806200000457466
20271201,Target-vi_ttc-leaveoneout,leave_one_out,vi_ttc,10,0,10,5.0,3.5,0,0.034752735092425054,0,cutin_braking:1;fast_intrusion:1;lead_braking:1;slow_lead_following:6;stop_and_go:1,440;472;424;492;432;460;393;276;68;153,FPS-Severity,0,0.08633160009048879
20271201,Target-vi_ttc-leaveoneout,leave_one_out,vi_ttc,20,0,20,10.0,4.5,0,0.06408585050035144,0,cutin_braking:1;fast_intrusion:2;lead_braking:1;slow_lead_following:15;stop_and_go:1,440;472;424;492;432;460;393;276;68;153;464;400;412;418;452;468;404;20;434;410,FPS-Severity,0,0.08633160009048879
20271201,Target-vi_ttc-leaveoneout,leave_one_out,vi_ttc,30,0,30,15.0,6.5,0,0.07927875135439366,0,cutin_braking:1;fast_intrusion:10;lead_braking:1;slow_lead_following:17;stop_and_go:1,440;472;424;492;432;460;393;276;68;153;464;400;412;418;452;468;404;20;434;410;0;52;48;92;60;80;454;466;16;96,FPS-Severity,0,0.08633160009048879
20271201,Target-vi_ttc-leaveoneout,leave_one_out,vi_ttc,50,0,50,25.0,13.0,0,0.10920555359896555,0,cutin_braking:3;fast_intrusion:16;lead_braking:5;slow_lead_following:20;stop_and_go:6,440;472;424;492;432;460;393;276;68;153;464;400;412;418;452;468;404;20;434;410;0;52;48;92;60;80;454;466;16;96;486;4;462;478;46;27;24;30;58;193;105;208;270;319;220;280;305;382;313;373,FPS-Severity,0,0.08633160009048879
20271201,Target-vi_ttc-leaveoneout,leave_one_out,vi_ttc,10,0,10,5.0,4.0,0,0.026901361021610837,0,cutin_braking:2;fast_intrusion:2;lead_braking:2;slow_lead_following:2;stop_and_go:2,440;393;276;68;153;472;20;193;208;319,FPS-Balanced,0,0.10391240008175373
20271201,Target-vi_ttc-leaveoneout,leave_one_out,vi_ttc,20,0,20,10.0,7.5,0,0.05715074957031145,1,cutin_braking:4;fast_intrusion:4;lead_braking:4;slow_lead_following:4;stop_and_go:4,440;393;276;68;153;472;20;193;208;319;424;0;105;270;305;492;52;220;382;129,FPS-Balanced,0,0.10391240008175373
20271201,Target-vi_ttc-leaveoneout,leave_one_out,vi_ttc,30,0,30,15.0,10.5,0,0.0755482983063255,3,cutin_braking:6;fast_intrusion:6;lead_braking:6;slow_lead_following:6;stop_and_go:6,440;393;276;68;153;472;20;193;208;319;424;0;105;270;305;492;52;220;382;129;432;48;280;100;313;460;92;373;101;235,FPS-Balanced,0,0.10391240008175373
20271201,Target-vi_ttc-leaveoneout,leave_one_out,vi_ttc,50,0,50,25.0,15.0,0,0.11930845487800398,9,cutin_braking:10;fast_intrusion:10;lead_braking:10;slow_lead_following:10;stop_and_go:10,440;393;276;68;153;472;20;193;208;319;424;0;105;270;305;492;52;220;382;129;432;48;280;100;313;460;92;373;101;235;464;60;301;102;228;400;80;387;103;200;412;16;361;104;201;418;96;325;106;202,FPS-Balanced,0,0.10391240008175373
20271201,Target-vi_ttc-leaveoneout,leave_one_out,vi_ttc,10,0,10,5.0,5.0,0,0.08764274170697078,0,cutin_braking:1;fast_intrusion:1;lead_braking:1;slow_lead_following:6;stop_and_go:1,404;462;432;403;449;382;468;280;16;105,FPS-Marginal,0,0.5241862001130357
20271201,Target-vi_ttc-leaveoneout,leave_one_out,vi_ttc,20,0,20,10.0,10.0,0,0.11707633701840126,0,cutin_braking:1;fast_intrusion:4;lead_braking:3;slow_lead_following:7;stop_and_go:5,404;462;432;403;449;382;468;280;16;105;30;407;395;396;301;308;4;27;238;216,FPS-Marginal,0,0.5241862001130357
20271201,Target-vi_ttc-leaveoneout,leave_one_out,vi_ttc,30,0,30,15.0,13.5,0,0.13704911938465095,0,cutin_braking:2;fast_intrusion:4;lead_braking:7;slow_lead_following:10;stop_and_go:7,404;462;432;403;449;382;468;280;16;105;30;407;395;396;301;308;4;27;238;216;248;230;307;365;430;298;477;246;153;400,FPS-Marginal,0,0.5241862001130357
20271201,Target-vi_ttc-leaveoneout,leave_one_out,vi_ttc,50,0,50,25.0,18.5,0,0.16762464752281467,0,cutin_braking:2;fast_intrusion:9;lead_braking:10;slow_lead_following:13;stop_and_go:16,404;462;432;403;449;382;468;280;16;105;30;407;395;396;301;308;4;27;238;216;248;230;307;365;430;298;477;246;153;400;48;498;409;0;296;232;333;411;24;346;330;222;58;325;60;359;327;356;349;355,FPS-Marginal,0,0.5241862001130357
20271201,Target-vi_ttc-leaveoneout,leave_one_out,vi_ttc,10,0,10,5.0,4.5,0,0.04404594072639885,0,cutin_braking:1;fast_intrusion:1;lead_braking:1;slow_lead_following:3;stop_and_go:4,440;393;305;319;382;418;434;276;20;193,MeanResidual-Risk,0,0.16674329992383718
20271201,Target-vi_ttc-leaveoneout,leave_one_out,vi_ttc,20,0,20,10.0,6.5,0,0.06618795197452447,0,cutin_braking:1;fast_intrusion:1;lead_braking:1;slow_lead_following:13;stop_and_go:4,440;393;305;319;382;418;434;276;20;193;466;478;410;468;462;486;454;412;492;452,MeanResidual-Risk,0,0.16674329992383718
20271201,Target-vi_ttc-leaveoneout,leave_one_out,vi_ttc,30,0,30,15.0,7.0,0,0.07556749233971666,0,cutin_braking:1;fast_intrusion:1;lead_braking:1;slow_lead_following:23;stop_and_go:4,440;393;305;319;382;418;434;276;20;193;466;478;410;468;462;486;454;412;492;452;404;460;400;424;432;464;448;496;428;476,MeanResidual-Risk,0,0.16674329992383718
20271201,Target-vi_ttc-leaveoneout,leave_one_out,vi_ttc,50,0,50,25.0,9.5,0,0.10069271128296427,0,cutin_braking:2;fast_intrusion:4;lead_braking:1;slow_lead_following:39;stop_and_go:4,440;393;305;319;382;418;434;276;20;193;466;478;410;468;462;486;454;412;492;452;404;460;400;424;432;464;448;496;428;476;488;472;60;4;52;105;484;444;435;416;479;431;491;411;459;467;447;483;443;407,MeanResidual-Risk,0,0.16674329992383718
20271201,Target-vi_ttc-leaveoneout,leave_one_out,vi_ttc,10,0,10,5.0,5.0,0,0.07604346886763412,0,cutin_braking:1;fast_intrusion:1;lead_braking:1;slow_lead_following:6;stop_and_go:1,404;440;462;464;382;418;447;280;16;105,MeanResidual-Marginal,0,0.6033223000122234
20271201,Target-vi_ttc-leaveoneout,leave_one_out,vi_ttc,20,0,20,10.0,9.5,0,0.10414375692462015,0,cutin_braking:1;fast_intrusion:4;lead_braking:1;slow_lead_following:12;stop_and_go:2,404;440;462;464;382;418;447;280;16;105;437;477;403;481;492;393;96;60;4;468,MeanResidual-Marginal,0,0.6033223000122234
20271201,Target-vi_ttc-leaveoneout,leave_one_out,vi_ttc,30,0,30,15.0,11.5,0,0.12164011074893472,0,cutin_braking:1;fast_intrusion:7;lead_braking:1;slow_lead_following:16;stop_and_go:5,404;440;462;464;382;418;447;280;16;105;437;477;403;481;492;393;96;60;4;468;30;434;432;80;308;395;0;497;396;443,MeanResidual-Marginal,0,0.6033223000122234
20271201,Target-vi_ttc-leaveoneout,leave_one_out,vi_ttc,50,0,50,25.0,17.5,0,0.1446462403122093,0,cutin_braking:1;fast_intrusion:10;lead_braking:3;slow_lead_following:24;stop_and_go:12,404;440;462;464;382;418;447;280;16;105;437;477;403;481;492;393;96;60;4;468;30;434;432;80;308;395;0;497;396;443;414;319;423;305;486;307;325;301;333;460;365;276;409;46;411;479;220;68;27;471,MeanResidual-Marginal,0,0.6033223000122234
20271201,Target-vi_ttc-leaveoneout,leave_one_out,vi_ttc,10,0,10,5.0,3.5,0,0.031098537185483485,0,cutin_braking:1;fast_intrusion:1;lead_braking:1;slow_lead_following:6;stop_and_go:1,440;472;424;432;400;460;393;276;68;153,CoRe-Risk,0,0.1980703000444919
20271201,Target-vi_ttc-leaveoneout,leave_one_out,vi_ttc,20,0,20,10.0,5.0,0,0.059807988680216584,0,cutin_braking:1;fast_intrusion:1;lead_braking:1;slow_lead_following:16;stop_and_go:1,440;472;424;432;400;460;393;276;68;153;412;492;464;468;410;418;434;466;478;452,CoRe-Risk,0,0.1980703000444919
20271201,Target-vi_ttc-leaveoneout,leave_one_out,vi_ttc,30,0,30,15.0,6.5,0,0.0794078287339328,0,cutin_braking:1;fast_intrusion:7;lead_braking:1;slow_lead_following:20;stop_and_go:1,440;472;424;432;400;460;393;276;68;153;412;492;464;468;410;418;434;466;478;452;404;462;486;454;0;80;96;16;60;20,CoRe-Risk,0,0.1980703000444919
20271201,Target-vi_ttc-leaveoneout,leave_one_out,vi_ttc,50,0,50,25.0,13.5,0,0.11059139143254895,0,cutin_braking:3;fast_intrusion:16;lead_braking:5;slow_lead_following:20;stop_and_go:6,440;472;424;432;400;460;393;276;68;153;412;492;464;468;410;418;434;466;478;452;404;462;486;454;0;80;96;16;60;20;4;52;46;30;92;48;27;58;24;193;105;208;220;280;270;305;319;382;317;395,CoRe-Risk,0,0.1980703000444919
20271201,Target-vi_ttc-leaveoneout,leave_one_out,vi_ttc,10,0,10,5.0,5.0,0,0.08764274170697078,0,cutin_braking:1;fast_intrusion:1;lead_braking:1;slow_lead_following:6;stop_and_go:1,404;432;462;403;449;468;382;280;16;105,CoRe-Marginal,0,0.6324241000693291
20271201,Target-vi_ttc-leaveoneout,leave_one_out,vi_ttc,20,0,20,10.0,10.0,0,0.11352953692502614,0,cutin_braking:1;fast_intrusion:4;lead_braking:1;slow_lead_following:9;stop_and_go:5,404;432;462;403;449;468;382;280;16;105;30;407;4;0;395;396;301;308;400;430,CoRe-Marginal,0,0.6324241000693291
20271201,Target-vi_ttc-leaveoneout,leave_one_out,vi_ttc,30,0,30,15.0,14.0,0,0.13654534316646424,0,cutin_braking:1;fast_intrusion:6;lead_braking:5;slow_lead_following:11;stop_and_go:7,404;432;462;403;449;468;382;280;16;105;30;407;4;0;395;396;301;308;400;430;477;498;238;216;248;230;48;307;27;365,CoRe-Marginal,0,0.6324241000693291
20271201,Target-vi_ttc-leaveoneout,leave_one_out,vi_ttc,50,0,50,25.0,18.0,0,0.162440133691644,0,cutin_braking:2;fast_intrusion:11;lead_braking:10;slow_lead_following:16;stop_and_go:11,404;432;462;403;449;468;382;280;16;105;30;407;4;0;395;396;301;308;400;430;477;498;238;216;248;230;48;307;27;365;246;153;409;60;411;298;296;58;24;222;333;476;232;325;346;330;68;479;80;439,CoRe-Marginal,0,0.6324241000693291
20271201,Target-vi_ttc-leaveoneout,leave_one_out,vi_ttc,10,0,10,5.0,5.0,0,0.09443935843501497,3,cutin_braking:1;fast_intrusion:2;lead_braking:1;slow_lead_following:5;stop_and_go:1,474;447;448;449;466;32;191;317;238;65,TargetOnlyGP-Marginal,0,0.6005863000173122
20271201,Target-vi_ttc-leaveoneout,leave_one_out,vi_ttc,20,0,20,10.0,9.5,0,0.13251987549898583,12,cutin_braking:5;fast_intrusion:3;lead_braking:3;slow_lead_following:6;stop_and_go:3,474;447;448;449;466;32;191;317;238;65;186;273;316;127;89;451;218;117;311;149,TargetOnlyGP-Marginal,0,0.6005863000173122
20271201,Target-vi_ttc-leaveoneout,leave_one_out,vi_ttc,30,0,30,15.0,14.5,0,0.1615680025134192,18,cutin_braking:5;fast_intrusion:6;lead_braking:6;slow_lead_following:8;stop_and_go:5,474;447;448;449;466;32;191;317;238;65;186;273;316;127;89;451;218;117;311;149;416;306;283;22;356;35;213;215;468;96,TargetOnlyGP-Marginal,0,0.6005863000173122
20271201,Target-vi_ttc-leaveoneout,leave_one_out,vi_ttc,50,0,50,25.0,22.0,0,0.2055071191452586,33,cutin_braking:11;fast_intrusion:12;lead_braking:9;slow_lead_following:10;stop_and_go:8,474;447;448;449;466;32;191;317;238;65;186;273;316;127;89;451;218;117;311;149;416;306;283;22;356;35;213;215;468;96;130;104;470;212;63;137;377;433;325;45;248;60;40;271;105;128;144;398;3;5,TargetOnlyGP-Marginal,0,0.6005863000173122
20271201,Target-vi_ttc-leaveoneout,leave_one_out,vi_ttc,10,0,10,5.0,5.0,0,0.047755057074195126,7,cutin_braking:1;fast_intrusion:5;lead_braking:2;slow_lead_following:1;stop_and_go:1,228;8;369;69;2;11;482;1;152;217,Random,0,0.00023389991838485003
20271201,Target-vi_ttc-leaveoneout,leave_one_out,vi_ttc,20,0,20,10.0,9.0,0,0.07998924456145871,14,cutin_braking:2;fast_intrusion:6;lead_braking:5;slow_lead_following:3;stop_and_go:4,228;8;369;69;2;11;482;1;152;217;292;478;366;241;297;397;319;439;41;140,Random,0,0.00023389991838485003
20271201,Target-vi_ttc-leaveoneout,leave_one_out,vi_ttc,30,0,30,15.0,13.0,0,0.11336035340946723,20,cutin_braking:3;fast_intrusion:8;lead_braking:7;slow_lead_following:6;stop_and_go:6,228;8;369;69;2;11;482;1;152;217;292;478;366;241;297;397;319;439;41;140;222;393;463;253;399;57;14;131;409;468,Random,0,0.00023389991838485003
20271201,Target-vi_ttc-leaveoneout,leave_one_out,vi_ttc,50,0,50,25.0,19.0,0,0.15914522938943026,34,cutin_braking:6;fast_intrusion:12;lead_braking:12;slow_lead_following:7;stop_and_go:13,228;8;369;69;2;11;482;1;152;217;292;478;366;241;297;397;319;439;41;140;222;393;463;253;399;57;14;131;409;468;255;318;247;256;162;37;272;344;326;129;421;76;65;380;136;338;370;310;260;4,Random,0,0.00023389991838485003
20271201,Target-vi_ttc-leaveoneout,leave_one_out,vi_ttc,10,0,10,5.0,4.5,0,0.03820430113861624,9,cutin_braking:2;fast_intrusion:4;lead_braking:2;slow_lead_following:1;stop_and_go:1,37;271;295;14;487;81;318;109;123;25,Random,1,0.00019950000569224358
20271201,Target-vi_ttc-leaveoneout,leave_one_out,vi_ttc,20,0,20,10.0,8.0,0,0.08527970627309654,16,cutin_braking:7;fast_intrusion:5;lead_braking:2;slow_lead_following:3;stop_and_go:3,37;271;295;14;487;81;318;109;123;25;497;152;395;115;173;186;367;73;485;157,Random,1,0.00019950000569224358
20271201,Target-vi_ttc-leaveoneout,leave_one_out,vi_ttc,30,0,30,15.0,12.0,0,0.12591355281451905,20,cutin_braking:9;fast_intrusion:5;lead_braking:3;slow_lead_following:7;stop_and_go:6,37;271;295;14;487;81;318;109;123;25;497;152;395;115;173;186;367;73;485;157;432;282;444;355;134;429;490;167;399;329,Random,1,0.00019950000569224358
20271201,Target-vi_ttc-leaveoneout,leave_one_out,vi_ttc,50,0,50,25.0,17.5,0,0.16590176281069663,33,cutin_braking:11;fast_intrusion:10;lead_braking:5;slow_lead_following:12;stop_and_go:12,37;271;295;14;487;81;318;109;123;25;497;152;395;115;173;186;367;73;485;157;432;282;444;355;134;429;490;167;399;329;238;495;62;416;312;80;38;303;424;61;357;378;95;309;440;339;164;449;296;104,Random,1,0.00019950000569224358
20271201,Target-vi_ttc-leaveoneout,leave_one_out,vi_ttc,10,0,10,5.0,5.0,0,0.043226995531073564,7,cutin_braking:1;fast_intrusion:2;lead_braking:4;slow_lead_following:1;stop_and_go:2,223;195;349;423;370;233;278;292;13;88,Random,2,0.0001697000116109848
20271201,Target-vi_ttc-leaveoneout,leave_one_out,vi_ttc,20,0,20,10.0,8.0,0,0.06728104927897624,16,cutin_braking:4;fast_intrusion:6;lead_braking:7;slow_lead_following:1;stop_and_go:2,223;195;349;423;370;233;278;292;13;88;44;236;41;1;63;154;218;286;178;156,Random,2,0.0001697000116109848
20271201,Target-vi_ttc-leaveoneout,leave_one_out,vi_ttc,30,0,30,15.0,9.5,0,0.08942713421157357,22,cutin_braking:4;fast_intrusion:10;lead_braking:10;slow_lead_following:1;stop_and_go:5,223;195;349;423;370;233;278;292;13;88;44;236;41;1;63;154;218;286;178;156;32;301;290;21;17;206;84;390;341;288,Random,2,0.0001697000116109848
20271201,Target-vi_ttc-leaveoneout,leave_one_out,vi_ttc,50,0,50,25.0,16.0,0,0.1339177319448282,39,cutin_braking:6;fast_intrusion:18;lead_braking:12;slow_lead_following:2;stop_and_go:12,223;195;349;423;370;233;278;292;13;88;44;236;41;1;63;154;218;286;178;156;32;301;290;21;17;206;84;390;341;288;384;26;241;136;42;316;362;47;49;30;65;207;328;393;369;332;75;441;12;166,Random,2,0.0001697000116109848
20271201,Target-vi_ttc-leaveoneout,leave_one_out,vi_ttc,10,0,10,5.0,5.0,0,0.06267763412440806,6,cutin_braking:1;fast_intrusion:3;lead_braking:1;slow_lead_following:3;stop_and_go:2,99;145;60;15;264;417;369;420;419;346,Random,3,0.00021959992591291666
20271201,Target-vi_ttc-leaveoneout,leave_one_out,vi_ttc,20,0,20,10.0,8.5,0,0.09505994898507175,12,cutin_braking:2;fast_intrusion:3;lead_braking:3;slow_lead_following:7;stop_and_go:5,99;145;60;15;264;417;369;420;419;346;164;361;388;252;411;478;209;433;349;475,Random,3,0.00021959992591291666
20271201,Target-vi_ttc-leaveoneout,leave_one_out,vi_ttc,30,0,30,15.0,13.0,0,0.11953835616864435,20,cutin_braking:6;fast_intrusion:6;lead_braking:3;slow_lead_following:8;stop_and_go:7,99;145;60;15;264;417;369;420;419;346;164;361;388;252;411;478;209;433;349;475;350;28;178;438;149;179;162;389;7;75,Random,3,0.00021959992591291666
20271201,Target-vi_ttc-leaveoneout,leave_one_out,vi_ttc,50,0,50,25.0,20.0,0,0.16245346902222163,36,cutin_braking:11;fast_intrusion:11;lead_braking:10;slow_lead_following:9;stop_and_go:9,99;145;60;15;264;417;369;420;419;346;164;361;388;252;411;478;209;433;349;475;350;28;178;438;149;179;162;389;7;75;375;50;296;238;234;357;406;93;263;45;139;82;229;258;157;121;261;102;26;195,Random,3,0.00021959992591291666
20271201,Target-vi_ttc-leaveoneout,leave_one_out,vi_ttc,10,0,10,5.0,4.5,0,0.04980968468886198,6,cutin_braking:0;fast_intrusion:2;lead_braking:2;slow_lead_following:3;stop_and_go:3,379;28;420;266;457;75;200;478;355;386,Random,4,0.00017619994468986988
20271201,Target-vi_ttc-leaveoneout,leave_one_out,vi_ttc,20,0,20,10.0,9.5,0,0.09415574035926635,10,cutin_braking:1;fast_intrusion:5;lead_braking:3;slow_lead_following:6;stop_and_go:5,379;28;420;266;457;75;200;478;355;386;30;74;121;69;467;373;380;490;470;213,Random,4,0.00017619994468986988
20271201,Target-vi_ttc-leaveoneout,leave_one_out,vi_ttc,30,0,30,15.0,14.0,0,0.12618163369204327,16,cutin_braking:1;fast_intrusion:8;lead_braking:6;slow_lead_following:9;stop_and_go:6,379;28;420;266;457;75;200;478;355;386;30;74;121;69;467;373;380;490;470;213;37;444;330;11;250;90;260;481;453;214,Random,4,0.00017619994468986988
20271201,Target-vi_ttc-leaveoneout,leave_one_out,vi_ttc,50,0,50,25.0,21.0,0,0.17299486892685173,31,cutin_braking:4;fast_intrusion:15;lead_braking:8;slow_lead_following:11;stop_and_go:12,379;28;420;266;457;75;200;478;355;386;30;74;121;69;467;373;380;490;470;213;37;444;330;11;250;90;260;481;453;214;40;405;347;171;97;376;63;51;15;258;156;310;4;332;365;456;215;385;22;155,Random,4,0.00017619994468986988
20271201,Target-vi_ttc-leaveoneout,leave_one_out,vi_ttc,10,0,10,5.0,5.0,0,0.04999960878707362,5,cutin_braking:1;fast_intrusion:2;lead_braking:4;slow_lead_following:3;stop_and_go:0,215;424;221;282;488;64;24;233;103;446,Random,5,0.00016799999866634607
20271201,Target-vi_ttc-leaveoneout,leave_one_out,vi_ttc,20,0,20,10.0,8.5,0,0.0847657616205794,12,cutin_braking:3;fast_intrusion:4;lead_braking:6;slow_lead_following:5;stop_and_go:2,215;424;221;282;488;64;24;233;103;446;451;265;430;256;342;59;340;151;115;78,Random,5,0.00016799999866634607
20271201,Target-vi_ttc-leaveoneout,leave_one_out,vi_ttc,30,0,30,15.0,12.5,0,0.10882908159905766,17,cutin_braking:5;fast_intrusion:7;lead_braking:8;slow_lead_following:5;stop_and_go:5,215;424;221;282;488;64;24;233;103;446;451;265;430;256;342;59;340;151;115;78;315;255;325;361;147;57;175;294;68;0,Random,5,0.00016799999866634607
20271201,Target-vi_ttc-leaveoneout,leave_one_out,vi_ttc,50,0,50,25.0,19.5,0,0.15228387760192846,31,cutin_braking:10;fast_intrusion:9;lead_braking:11;slow_lead_following:8;stop_and_go:12,215;424;221;282;488;64;24;233;103;446;451;265;430;256;342;59;340;151;115;78;315;255;325;361;147;57;175;294;68;0;367;329;470;225;434;37;358;378;165;306;360;144;227;171;305;117;205;139;444;20,Random,5,0.00016799999866634607
20271201,Target-vi_ttc-leaveoneout,leave_one_out,vi_ttc,10,0,10,5.0,4.5,0,0.04113641891547801,6,cutin_braking:4;fast_intrusion:1;lead_braking:3;slow_lead_following:1;stop_and_go:1,238;288;430;232;194;316;25;146;119;102,Random,6,0.0002226999495178461
20271201,Target-vi_ttc-leaveoneout,leave_one_out,vi_ttc,20,0,20,10.0,9.5,0,0.09259356733714649,13,cutin_braking:6;fast_intrusion:4;lead_braking:5;slow_lead_following:4;stop_and_go:1,238;288;430;232;194;316;25;146;119;102;13;26;408;51;201;485;487;235;175;129,Random,6,0.0002226999495178461
20271201,Target-vi_ttc-leaveoneout,leave_one_out,vi_ttc,30,0,30,15.0,13.0,0,0.12866269130940566,18,cutin_braking:7;fast_intrusion:5;lead_braking:7;slow_lead_following:7;stop_and_go:4,238;288;430;232;194;316;25;146;119;102;13;26;408;51;201;485;487;235;175;129;319;248;39;331;308;453;169;483;200;426,Random,6,0.0002226999495178461
20271201,Target-vi_ttc-leaveoneout,leave_one_out,vi_ttc,50,0,50,25.0,19.5,0,0.166346442876494,33,cutin_braking:11;fast_intrusion:9;lead_braking:9;slow_lead_following:15;stop_and_go:6,238;288;430;232;194;316;25;146;119;102;13;26;408;51;201;485;487;235;175;129;319;248;39;331;308;453;169;483;200;426;69;495;44;48;418;347;141;428;431;337;210;493;186;35;475;434;473;279;121;118,Random,6,0.0002226999495178461
20271201,Target-vi_ttc-leaveoneout,leave_one_out,vi_ttc,10,0,10,5.0,5.0,0,0.055602276172244475,7,cutin_braking:3;fast_intrusion:1;lead_braking:1;slow_lead_following:2;stop_and_go:3,409;28;186;141;385;237;155;399;311;468,Random,7,0.00019409996457397938
20271201,Target-vi_ttc-leaveoneout,leave_one_out,vi_ttc,20,0,20,10.0,10.0,0,0.10574555071381633,12,cutin_braking:5;fast_intrusion:1;lead_braking:2;slow_lead_following:7;stop_and_go:5,409;28;186;141;385;237;155;399;311;468;374;421;288;455;358;414;404;475;159;160,Random,7,0.00019409996457397938
20271201,Target-vi_ttc-leaveoneout,leave_one_out,vi_ttc,30,0,30,15.0,12.5,0,0.1257916002301797,18,cutin_braking:10;fast_intrusion:2;lead_braking:3;slow_lead_following:8;stop_and_go:7,409;28;186;141;385;237;155;399;311;468;374;421;288;455;358;414;404;475;159;160;335;191;346;90;480;199;101;246;107;131,Random,7,0.00019409996457397938
20271201,Target-vi_ttc-leaveoneout,leave_one_out,vi_ttc,50,0,50,25.0,18.5,0,0.17108407446135213,30,cutin_braking:13;fast_intrusion:5;lead_braking:8;slow_lead_following:13;stop_and_go:11,409;28;186;141;385;237;155;399;311;468;374;421;288;455;358;414;404;475;159;160;335;191;346;90;480;199;101;246;107;131;466;354;428;222;104;78;378;80;324;433;215;266;470;244;15;382;117;271;482;136,Random,7,0.00019409996457397938
20271201,Target-vi_ttc-leaveoneout,leave_one_out,vi_ttc,10,0,10,5.0,5.0,0,0.04156113881837652,8,cutin_braking:1;fast_intrusion:4;lead_braking:0;slow_lead_following:1;stop_and_go:4,331;322;53;99;80;189;23;310;335;441,Random,8,0.00019029993563890457
20271201,Target-vi_ttc-leaveoneout,leave_one_out,vi_ttc,20,0,20,10.0,10.0,0,0.08601677802770746,16,cutin_braking:4;fast_intrusion:4;lead_braking:3;slow_lead_following:3;stop_and_go:6,331;322;53;99;80;189;23;310;335;441;227;360;348;474;174;213;229;494;195;132,Random,8,0.00019029993563890457
20271201,Target-vi_ttc-leaveoneout,leave_one_out,vi_ttc,30,0,30,15.0,14.0,0,0.12335170555911498,22,cutin_braking:6;fast_intrusion:7;lead_braking:3;slow_lead_following:6;stop_and_go:8,331;322;53;99;80;189;23;310;335;441;227;360;348;474;174;213;229;494;195;132;479;317;376;119;473;33;126;7;403;51,Random,8,0.00019029993563890457
20271201,Target-vi_ttc-leaveoneout,leave_one_out,vi_ttc,50,0,50,25.0,21.5,0,0.16711288574696523,36,cutin_braking:8;fast_intrusion:15;lead_braking:8;slow_lead_following:8;stop_and_go:11,331;322;53;99;80;189;23;310;335;441;227;360;348;474;174;213;229;494;195;132;479;317;376;119;473;33;126;7;403;51;345;77;11;43;68;339;445;105;240;270;55;21;258;238;41;297;365;484;66;149,Random,8,0.00019029993563890457
20271201,Target-vi_ttc-leaveoneout,leave_one_out,vi_ttc,10,0,10,5.0,5.0,0,0.06964932678490227,6,cutin_braking:1;fast_intrusion:2;lead_braking:2;slow_lead_following:3;stop_and_go:2,34;403;374;228;0;452;320;215;192;433,Random,9,0.00017140002455562353
20271201,Target-vi_ttc-leaveoneout,leave_one_out,vi_ttc,20,0,20,10.0,9.0,0,0.1021849377872723,15,cutin_braking:4;fast_intrusion:3;lead_braking:4;slow_lead_following:4;stop_and_go:5,34;403;374;228;0;452;320;215;192;433;306;310;229;162;23;418;294;198;326;136,Random,9,0.00017140002455562353
20271201,Target-vi_ttc-leaveoneout,leave_one_out,vi_ttc,30,0,30,15.0,13.0,0,0.12341464795587248,20,cutin_braking:5;fast_intrusion:3;lead_braking:7;slow_lead_following:8;stop_and_go:7,34;403;374;228;0;452;320;215;192;433;306;310;229;162;23;418;294;198;326;136;232;430;350;337;475;225;206;469;423;123,Random,9,0.00017140002455562353
20271201,Target-vi_ttc-leaveoneout,leave_one_out,vi_ttc,50,0,50,25.0,21.0,0,0.16663582996903542,34,cutin_braking:8;fast_intrusion:5;lead_braking:14;slow_lead_following:11;stop_and_go:12,34;403;374;228;0;452;320;215;192;433;306;310;229;162;23;418;294;198;326;136;232;430;350;337;475;225;206;469;423;123;401;279;380;241;330;217;290;181;381;253;363;196;134;400;474;89;69;255;205;360,Random,9,0.00017140002455562353
20271201,Target-mcts_cv-leaveoneout,leave_one_out,mcts_cv,10,1,2,1.5,1.5,1,0.019070736562349543,0,cutin_braking:1;fast_intrusion:1;lead_braking:2;slow_lead_following:3;stop_and_go:3,440;472;424;313;276;208;393;373;68;153,FPS-Risk,0,0.07857969996985048
20271201,Target-mcts_cv-leaveoneout,leave_one_out,mcts_cv,20,1,3,2.0,2.0,1,0.020335639039847187,0,cutin_braking:1;fast_intrusion:1;lead_braking:4;slow_lead_following:4;stop_and_go:10,440;472;424;313;276;208;393;373;68;153;270;301;387;361;325;307;319;341;492;220,FPS-Risk,0,0.07857969996985048
20271201,Target-mcts_cv-leaveoneout,leave_one_out,mcts_cv,30,1,4,2.5,2.5,1,0.02173683197595886,0,cutin_braking:1;fast_intrusion:1;lead_braking:5;slow_lead_following:4;stop_and_go:19,440;472;424;313;276;208;393;373;68;153;270;301;387;361;325;307;319;341;492;220;353;335;336;280;333;305;365;363;395;315,FPS-Risk,0,0.07857969996985048
20271201,Target-mcts_cv-leaveoneout,leave_one_out,mcts_cv,50,1,5,3.0,3.0,1,0.026129544625252868,0,cutin_braking:1;fast_intrusion:1;lead_braking:5;slow_lead_following:15;stop_and_go:28,440;472;424;313;276;208;393;373;68;153;270;301;387;361;325;307;319;341;492;220;353;335;336;280;333;305;365;363;395;315;317;432;375;302;308;330;346;370;382;396;400;401;460;404;402;464;412;403;418;452,FPS-Risk,0,0.07857969996985048
20271201,Target-mcts_cv-leaveoneout,leave_one_out,mcts_cv,10,1,2,1.5,1.5,1,0.019070736562349543,0,cutin_braking:1;fast_intrusion:1;lead_braking:2;slow_lead_following:3;stop_and_go:3,440;472;424;313;276;208;393;373;68;153,FPS-Severity,0,0.07832890003919601
20271201,Target-mcts_cv-leaveoneout,leave_one_out,mcts_cv,20,1,3,2.0,2.0,1,0.020335639039847187,0,cutin_braking:1;fast_intrusion:1;lead_braking:4;slow_lead_following:4;stop_and_go:10,440;472;424;313;276;208;393;373;68;153;270;301;387;361;325;307;319;341;492;220,FPS-Severity,0,0.07832890003919601
20271201,Target-mcts_cv-leaveoneout,leave_one_out,mcts_cv,30,1,4,2.5,2.5,1,0.02173683197595886,0,cutin_braking:1;fast_intrusion:1;lead_braking:5;slow_lead_following:4;stop_and_go:19,440;472;424;313;276;208;393;373;68;153;270;301;387;361;325;307;319;341;492;220;353;335;336;280;333;305;365;363;395;315,FPS-Severity,0,0.07832890003919601
20271201,Target-mcts_cv-leaveoneout,leave_one_out,mcts_cv,50,1,5,3.0,3.0,1,0.026129544625252868,0,cutin_braking:1;fast_intrusion:1;lead_braking:5;slow_lead_following:15;stop_and_go:28,440;472;424;313;276;208;393;373;68;153;270;301;387;361;325;307;319;341;492;220;353;335;336;280;333;305;365;363;395;315;317;432;375;302;308;330;346;370;382;396;400;401;460;404;402;464;412;403;418;452,FPS-Severity,0,0.07832890003919601
20271201,Target-mcts_cv-leaveoneout,leave_one_out,mcts_cv,10,1,2,1.5,1.5,1,0.019070736562349543,0,cutin_braking:2;fast_intrusion:2;lead_braking:2;slow_lead_following:2;stop_and_go:2,440;313;276;68;153;472;208;393;12;129,FPS-Balanced,0,0.08696350001264364
20271201,Target-mcts_cv-leaveoneout,leave_one_out,mcts_cv,20,1,2,1.5,1.5,1,0.019070736562349543,0,cutin_braking:4;fast_intrusion:4;lead_braking:4;slow_lead_following:4;stop_and_go:4,440;313;276;68;153;472;208;393;12;129;424;373;270;36;177;301;492;220;20;145,FPS-Balanced,0,0.08696350001264364
20271201,Target-mcts_cv-leaveoneout,leave_one_out,mcts_cv,30,1,2,1.5,1.5,1,0.019070736562349543,0,cutin_braking:6;fast_intrusion:6;lead_braking:6;slow_lead_following:6;stop_and_go:6,440;313;276;68;153;472;208;393;12;129;424;373;270;36;177;301;492;220;20;145;387;280;432;84;109;361;400;228;92;105,FPS-Balanced,0,0.08696350001264364
20271201,Target-mcts_cv-leaveoneout,leave_one_out,mcts_cv,50,1,3,2.0,2.0,1,0.020335639039847187,0,cutin_braking:10;fast_intrusion:10;lead_braking:10;slow_lead_following:10;stop_and_go:10,440;313;276;68;153;472;208;393;12;129;424;373;270;36;177;301;492;220;20;145;387;280;432;84;109;361;400;228;92;105;325;235;401;72;193;307;460;204;48;133;319;404;96;185;252;341;402;40;189;232,FPS-Balanced,0,0.08696350001264364
20271201,Target-mcts_cv-leaveoneout,leave_one_out,mcts_cv,10,0,0,0.0,0.0,0,0.0,0,cutin_braking:1;fast_intrusion:1;lead_braking:1;slow_lead_following:6;stop_and_go:1,404;474;452;492;469;464;317;16;238;105,FPS-Marginal,0,0.47725130000617355
20271201,Target-mcts_cv-leaveoneout,leave_one_out,mcts_cv,20,0,0,0.0,0.0,0,0.0,0,cutin_braking:1;fast_intrusion:1;lead_braking:1;slow_lead_following:16;stop_and_go:1,404;474;452;492;469;464;317;16;238;105;418;466;491;462;432;412;421;468;434;424,FPS-Marginal,0,0.47725130000617355
20271201,Target-mcts_cv-leaveoneout,leave_one_out,mcts_cv,30,1,1,1.0,1.0,1,0.017021160556184245,0,cutin_braking:1;fast_intrusion:1;lead_braking:1;slow_lead_following:26;stop_and_go:1,404;474;452;492;469;464;317;16;238;105;418;466;491;462;432;412;421;468;434;424;426;400;460;411;410;478;486;472;450;440,FPS-Marginal,0,0.47725130000617355
20271201,Target-mcts_cv-leaveoneout,leave_one_out,mcts_cv,50,1,2,1.5,1.5,1,0.021980623462614556,0,cutin_braking:1;fast_intrusion:1;lead_braking:5;slow_lead_following:27;stop_and_go:16,404;474;452;492;469;464;317;16;238;105;418;466;491;462;432;412;421;468;434;424;426;400;460;411;410;478;486;472;450;440;454;395;333;382;235;308;325;280;396;307;341;370;356;365;361;302;301;375;216;220,FPS-Marginal,0,0.47725130000617355
20271201,Target-mcts_cv-leaveoneout,leave_one_out,mcts_cv,10,1,2,1.5,1.5,1,0.018305457993583536,0,cutin_braking:1;fast_intrusion:1;lead_braking:1;slow_lead_following:4;stop_and_go:3,440;472;460;313;276;454;336;319;20;193,MeanResidual-Risk,0,0.17182759998831898
20271201,Target-mcts_cv-leaveoneout,leave_one_out,mcts_cv,20,1,3,2.0,2.0,1,0.020335639039847187,0,cutin_braking:1;fast_intrusion:3;lead_braking:3;slow_lead_following:4;stop_and_go:9,440;472;460;313;276;454;336;319;20;193;346;335;270;330;393;365;0;373;24;220,MeanResidual-Risk,0,0.17182759998831898
20271201,Target-mcts_cv-leaveoneout,leave_one_out,mcts_cv,30,1,4,2.5,2.5,1,0.02173683197595886,0,cutin_braking:2;fast_intrusion:6;lead_braking:5;slow_lead_following:6;stop_and_go:11,440;472;460;313;276;454;336;319;20;193;346;335;270;330;393;365;0;373;24;220;153;375;451;305;58;52;409;204;208;48,MeanResidual-Risk,0,0.17182759998831898
20271201,Target-mcts_cv-leaveoneout,leave_one_out,mcts_cv,50,1,5,3.0,3.0,1,0.026129544625252868,0,cutin_braking:9;fast_intrusion:9;lead_braking:9;slow_lead_following:7;stop_and_go:16,440;472;460;313;276;454;336;319;20;193;346;335;270;330;393;365;0;373;24;220;153;375;451;305;58;52;409;204;208;48;382;353;349;27;298;236;129;123;126;325;462;142;163;18;11;139;385;102;230;282,MeanResidual-Risk,0,0.17182759998831898
20271201,Target-mcts_cv-leaveoneout,leave_one_out,mcts_cv,10,0,0,0.0,0.0,0,0.0,0,cutin_braking:1;fast_intrusion:1;lead_braking:1;slow_lead_following:5;stop_and_go:2,404;424;462;317;451;16;454;280;396;105,MeanResidual-Marginal,0,0.6107419000472873
20271201,Target-mcts_cv-leaveoneout,leave_one_out,mcts_cv,20,1,1,1.0,1.0,1,0.017021160556184245,0,cutin_braking:1;fast_intrusion:3;lead_braking:2;slow_lead_following:8;stop_and_go:6,404;424;462;317;451;16;454;280;396;105;440;460;409;307;301;375;270;346;58;20,MeanResidual-Marginal,0,0.6107419000472873
20271201,Target-mcts_cv-leaveoneout,leave_one_out,mcts_cv,30,1,4,2.5,2.5,1,0.02173683197595886,0,cutin_braking:2;fast_intrusion:5;lead_braking:4;slow_lead_following:9;stop_and_go:10,404;424;462;317;451;16;454;280;396;105;440;460;409;307;301;375;270;346;58;20;208;393;153;472;27;305;232;24;365;319,MeanResidual-Marginal,0,0.6107419000472873
20271201,Target-mcts_cv-leaveoneout,leave_one_out,mcts_cv,50,1,5,3.0,3.0,1,0.026129544625252868,0,cutin_braking:5;fast_intrusion:9;lead_braking:8;slow_lead_following:10;stop_and_go:18,404;424;462;317;451;16;454;280;396;105;440;460;409;307;301;375;270;346;58;20;208;393;153;472;27;305;232;24;365;319;52;330;48;220;471;298;160;313;336;129;373;0;335;349;236;195;204;37;382;385,MeanResidual-Marginal,0,0.6107419000472873
20271201,Target-mcts_cv-leaveoneout,leave_one_out,mcts_cv,10,1,2,1.5,1.5,1,0.018305457993583536,0,cutin_braking:1;fast_intrusion:1;lead_braking:1;slow_lead_following:4;stop_and_go:3,440;472;460;313;276;454;336;319;68;193,CoRe-Risk,0,0.20189310004934669
20271201,Target-mcts_cv-leaveoneout,leave_one_out,mcts_cv,20,1,3,2.0,2.0,1,0.020335639039847187,0,cutin_braking:1;fast_intrusion:1;lead_braking:4;slow_lead_following:5;stop_and_go:9,440;472;460;313;276;454;336;319;68;193;346;335;270;330;480;393;365;204;235;373,CoRe-Risk,0,0.20189310004934669
20271201,Target-mcts_cv-leaveoneout,leave_one_out,mcts_cv,30,1,5,3.0,3.0,1,0.026129544625252868,0,cutin_braking:1;fast_intrusion:1;lead_braking:7;slow_lead_following:6;stop_and_go:15,440;472;460;313;276;454;336;319;68;193;346;335;270;330;480;393;365;204;235;373;349;208;375;305;382;333;220;462;353;236,CoRe-Risk,0,0.20189310004934669
20271201,Target-mcts_cv-leaveoneout,leave_one_out,mcts_cv,50,1,5,3.0,3.0,1,0.026129544625252868,0,cutin_braking:7;fast_intrusion:5;lead_braking:8;slow_lead_following:9;stop_and_go:21,440;472;460;313;276;454;336;319;68;193;346;335;270;330;480;393;365;204;235;373;349;208;375;305;382;333;220;462;353;236;387;400;385;307;404;361;12;129;277;315;92;177;153;410;48;18;163;363;123;103,CoRe-Risk,0,0.20189310004934669
20271201,Target-mcts_cv-leaveoneout,leave_one_out,mcts_cv,10,0,0,0.0,0.0,0,0.0,0,cutin_braking:1;fast_intrusion:1;lead_braking:2;slow_lead_following:5;stop_and_go:1,404;424;429;462;317;16;471;238;235;105,CoRe-Marginal,0,0.6826714999042451
20271201,Target-mcts_cv-leaveoneout,leave_one_out,mcts_cv,20,1,1,1.0,1.0,1,0.017021160556184245,0,cutin_braking:1;fast_intrusion:1;lead_braking:4;slow_lead_following:8;stop_and_go:6,404;424;429;462;317;16;471;238;235;105;454;396;307;440;460;220;301;375;270;346,CoRe-Marginal,0,0.6826714999042451
20271201,Target-mcts_cv-leaveoneout,leave_one_out,mcts_cv,30,1,4,2.5,2.5,1,0.02173683197595886,0,cutin_braking:1;fast_intrusion:1;lead_braking:6;slow_lead_following:9;stop_and_go:13,404;424;429;462;317;16;471;238;235;105;454;396;307;440;460;220;301;375;270;346;204;393;472;208;349;305;365;319;330;313,CoRe-Marginal,0,0.6826714999042451
20271201,Target-mcts_cv-leaveoneout,leave_one_out,mcts_cv,50,1,5,3.0,3.0,1,0.026129544625252868,0,cutin_braking:3;fast_intrusion:3;lead_braking:9;slow_lead_following:13;stop_and_go:22,404;424;429;462;317;16;471;238;235;105;454;396;307;440;460;220;301;375;270;346;204;393;472;208;349;305;365;319;330;313;336;373;335;361;364;382;385;276;230;353;400;387;410;218;129;20;451;457;12;127,CoRe-Marginal,0,0.6826714999042451
20271201,Target-mcts_cv-leaveoneout,leave_one_out,mcts_cv,10,0,0,0.0,0.0,0,0.0,0,cutin_braking:2;fast_intrusion:1;lead_braking:1;slow_lead_following:5;stop_and_go:1,474;496;415;406;433;32;191;317;238;186,TargetOnlyGP-Marginal,0,0.6143903998890892
20271201,Target-mcts_cv-leaveoneout,leave_one_out,mcts_cv,20,0,0,0.0,0.0,0,0.0,0,cutin_braking:4;fast_intrusion:3;lead_braking:4;slow_lead_following:5;stop_and_go:4,474;496;415;406;433;32;191;317;238;186;5;273;316;311;211;195;37;366;185;218,TargetOnlyGP-Marginal,0,0.6143903998890892
20271201,Target-mcts_cv-leaveoneout,leave_one_out,mcts_cv,30,0,0,0.0,0.0,0,0.0,0,cutin_braking:5;fast_intrusion:6;lead_braking:6;slow_lead_following:6;stop_and_go:7,474;496;415;406;433;32;191;317;238;186;5;273;316;311;211;195;37;366;185;218;78;35;297;365;275;28;116;376;397;420,TargetOnlyGP-Marginal,0,0.6143903998890892
20271201,Target-mcts_cv-leaveoneout,leave_one_out,mcts_cv,50,0,0,0.0,0.0,0,0.0,0,cutin_braking:11;fast_intrusion:12;lead_braking:10;slow_lead_following:7;stop_and_go:10,474;496;415;406;433;32;191;317;238;186;5;273;316;311;211;195;37;366;185;218;78;35;297;365;275;28;116;376;397;420;455;12;182;290;145;187;292;41;390;156;209;304;126;105;34;321;253;59;18;81,TargetOnlyGP-Marginal,0,0.6143903998890892
20271201,Target-mcts_cv-leaveoneout,leave_one_out,mcts_cv,10,0,0,0.0,0.0,0,0.0,0,cutin_braking:4;fast_intrusion:2;lead_braking:0;slow_lead_following:2;stop_and_go:2,173;482;71;117;36;333;120;171;429;351,Random,0,0.0005272999405860901
20271201,Target-mcts_cv-leaveoneout,leave_one_out,mcts_cv,20,0,1,0.5,0.5,0,0.0021893917944202186,0,cutin_braking:8;fast_intrusion:5;lead_braking:1;slow_lead_following:3;stop_and_go:3,173;482;71;117;36;333;120;171;429;351;350;104;51;472;181;108;0;134;72;214,Random,0,0.0005272999405860901
20271201,Target-mcts_cv-leaveoneout,leave_one_out,mcts_cv,30,0,1,0.5,0.5,0,0.0021893917944202186,0,cutin_braking:11;fast_intrusion:7;lead_braking:2;slow_lead_following:5;stop_and_go:5,173;482;71;117;36;333;120;171;429;351;350;104;51;472;181;108;0;134;72;214;111;398;487;387;183;25;228;41;445;160,Random,0,0.0005272999405860901
20271201,Target-mcts_cv-leaveoneout,leave_one_out,mcts_cv,50,0,1,0.5,0.5,0,0.0021893917944202186,0,cutin_braking:14;fast_intrusion:10;lead_braking:7;slow_lead_following:8;stop_and_go:11,173;482;71;117;36;333;120;171;429;351;350;104;51;472;181;108;0;134;72;214;111;398;487;387;183;25;228;41;445;160;157;12;287;283;243;423;396;455;309;344;158;236;209;386;28;383;56;431;374;198,Random,0,0.0005272999405860901
20271201,Target-mcts_cv-leaveoneout,leave_one_out,mcts_cv,10,0,0,0.0,0.0,0,0.0,0,cutin_braking:2;fast_intrusion:2;lead_braking:1;slow_lead_following:2;stop_and_go:3,90;196;81;477;288;381;402;308;159;346,Random,1,0.00029369990807026625
20271201,Target-mcts_cv-leaveoneout,leave_one_out,mcts_cv,20,0,0,0.0,0.0,0,0.0,0,cutin_braking:3;fast_intrusion:6;lead_braking:4;slow_lead_following:4;stop_and_go:3,90;196;81;477;288;381;402;308;159;346;36;295;130;428;271;37;30;483;43;279,Random,1,0.00029369990807026625
20271201,Target-mcts_cv-leaveoneout,leave_one_out,mcts_cv,30,0,0,0.0,0.0,0,0.0,0,cutin_braking:4;fast_intrusion:9;lead_braking:4;slow_lead_following:7;stop_and_go:6,90;196;81;477;288;381;402;308;159;346;36;295;130;428;271;37;30;483;43;279;73;387;97;452;321;399;475;112;432;16,Random,1,0.00029369990807026625
20271201,Target-mcts_cv-leaveoneout,leave_one_out,mcts_cv,50,0,0,0.0,0.0,0,0.0,0,cutin_braking:10;fast_intrusion:13;lead_braking:5;slow_lead_following:15;stop_and_go:7,90;196;81;477;288;381;402;308;159;346;36;295;130;428;271;37;30;483;43;279;73;387;97;452;321;399;475;112;432;16;107;146;481;470;88;469;151;92;62;411;195;485;83;384;253;100;141;479;476;491,Random,1,0.00029369990807026625
20271201,Target-mcts_cv-leaveoneout,leave_one_out,mcts_cv,10,0,0,0.0,0.0,0,0.0,0,cutin_braking:1;fast_intrusion:0;lead_braking:4;slow_lead_following:3;stop_and_go:2,228;210;410;216;404;433;288;356;120;332,Random,2,0.0001716000260785222
20271201,Target-mcts_cv-leaveoneout,leave_one_out,mcts_cv,20,0,0,0.0,0.0,0,0.0,0,cutin_braking:3;fast_intrusion:4;lead_braking:5;slow_lead_following:5;stop_and_go:3,228;210;410;216;404;433;288;356;120;332;230;61;306;2;125;401;115;3;25;490,Random,2,0.0001716000260785222
20271201,Target-mcts_cv-leaveoneout,leave_one_out,mcts_cv,30,0,0,0.0,0.0,0,0.0,0,cutin_braking:5;fast_intrusion:7;lead_braking:6;slow_lead_following:7;stop_and_go:5,228;210;410;216;404;433;288;356;120;332;230;61;306;2;125;401;115;3;25;490;7;10;314;354;179;30;137;221;458;485,Random,2,0.0001716000260785222
20271201,Target-mcts_cv-leaveoneout,leave_one_out,mcts_cv,50,0,0,0.0,0.0,0,0.0,0,cutin_braking:9;fast_intrusion:13;lead_braking:9;slow_lead_following:14;stop_and_go:5,228;210;410;216;404;433;288;356;120;332;230;61;306;2;125;401;115;3;25;490;7;10;314;354;179;30;137;221;458;485;434;299;51;421;205;153;88;498;282;33;99;445;178;479;95;159;453;94;447;195,Random,2,0.0001716000260785222
20271201,Target-mcts_cv-leaveoneout,leave_one_out,mcts_cv,10,0,0,0.0,0.0,0,0.0,0,cutin_braking:1;fast_intrusion:4;lead_braking:2;slow_lead_following:2;stop_and_go:1,55;0;26;85;217;426;189;318;249;453,Random,3,0.00022310006897896528
20271201,Target-mcts_cv-leaveoneout,leave_one_out,mcts_cv,20,0,0,0.0,0.0,0,0.0,0,cutin_braking:1;fast_intrusion:5;lead_braking:5;slow_lead_following:6;stop_and_go:3,55;0;26;85;217;426;189;318;249;453;225;226;411;463;334;255;431;15;347;488,Random,3,0.00022310006897896528
20271201,Target-mcts_cv-leaveoneout,leave_one_out,mcts_cv,30,0,0,0.0,0.0,0,0.0,0,cutin_braking:4;fast_intrusion:5;lead_braking:8;slow_lead_following:9;stop_and_go:4,55;0;26;85;217;426;189;318;249;453;225;226;411;463;334;255;431;15;347;488;472;295;205;136;283;412;400;325;159;149,Random,3,0.00022310006897896528
20271201,Target-mcts_cv-leaveoneout,leave_one_out,mcts_cv,50,0,0,0.0,0.0,0,0.0,0,cutin_braking:7;fast_intrusion:10;lead_braking:10;slow_lead_following:14;stop_and_go:9,55;0;26;85;217;426;189;318;249;453;225;226;411;463;334;255;431;15;347;488;472;295;205;136;283;412;400;325;159;149;377;486;16;114;126;490;495;138;370;253;37;496;68;358;317;240;466;326;20;46,Random,3,0.00022310006897896528
20271201,Target-mcts_cv-leaveoneout,leave_one_out,mcts_cv,10,0,0,0.0,0.0,0,0.0,0,cutin_braking:1;fast_intrusion:2;lead_braking:3;slow_lead_following:1;stop_and_go:3,329;42;198;438;217;368;284;386;99;243,Random,4,0.00019070005510002375
20271201,Target-mcts_cv-leaveoneout,leave_one_out,mcts_cv,20,0,0,0.0,0.0,0,0.0,0,cutin_braking:4;fast_intrusion:3;lead_braking:6;slow_lead_following:3;stop_and_go:4,329;42;198;438;217;368;284;386;99;243;461;416;195;233;101;396;209;18;130;255,Random,4,0.00019070005510002375
20271201,Target-mcts_cv-leaveoneout,leave_one_out,mcts_cv,30,0,0,0.0,0.0,0,0.0,0,cutin_braking:7;fast_intrusion:4;lead_braking:8;slow_lead_following:4;stop_and_go:7,329;42;198;438;217;368;284;386;99;243;461;416;195;233;101;396;209;18;130;255;433;391;399;131;39;219;332;102;186;246,Random,4,0.00019070005510002375
20271201,Target-mcts_cv-leaveoneout,leave_one_out,mcts_cv,50,0,0,0.0,0.0,0,0.0,0,cutin_braking:12;fast_intrusion:7;lead_braking:13;slow_lead_following:7;stop_and_go:11,329;42;198;438;217;368;284;386;99;243;461;416;195;233;101;396;209;18;130;255;433;391;399;131;39;219;332;102;186;246;189;244;0;214;369;292;199;247;355;304;75;490;124;151;419;414;273;22;398;134,Random,4,0.00019070005510002375
20271201,Target-mcts_cv-leaveoneout,leave_one_out,mcts_cv,10,0,0,0.0,0.0,0,0.0,0,cutin_braking:0;fast_intrusion:3;lead_braking:3;slow_lead_following:2;stop_and_go:2,295;291;407;50;325;40;442;200;22;312,Random,5,0.00017259991727769375
20271201,Target-mcts_cv-leaveoneout,leave_one_out,mcts_cv,20,0,0,0.0,0.0,0,0.0,0,cutin_braking:2;fast_intrusion:7;lead_braking:4;slow_lead_following:4;stop_and_go:3,295;291;407;50;325;40;442;200;22;312;313;261;20;35;114;445;468;135;79;89,Random,5,0.00017259991727769375
20271201,Target-mcts_cv-leaveoneout,leave_one_out,mcts_cv,30,0,0,0.0,0.0,0,0.0,0,cutin_braking:5;fast_intrusion:7;lead_braking:6;slow_lead_following:7;stop_and_go:5,295;291;407;50;325;40;442;200;22;312;313;261;20;35;114;445;468;135;79;89;115;326;481;224;306;245;412;127;112;405,Random,5,0.00017259991727769375
20271201,Target-mcts_cv-leaveoneout,leave_one_out,mcts_cv,50,0,1,0.5,0.5,0,0.001993312296922605,0,cutin_braking:8;fast_intrusion:13;lead_braking:11;slow_lead_following:11;stop_and_go:7,295;291;407;50;325;40;442;200;22;312;313;261;20;35;114;445;468;135;79;89;115;326;481;224;306;245;412;127;112;405;5;486;451;496;399;4;284;232;139;145;86;70;408;29;256;111;214;283;66;305,Random,5,0.00017259991727769375
20271201,Target-mcts_cv-leaveoneout,leave_one_out,mcts_cv,10,0,0,0.0,0.0,0,0.0,0,cutin_braking:2;fast_intrusion:1;lead_braking:2;slow_lead_following:2;stop_and_go:3,217;254;321;338;145;479;73;175;339;496,Random,6,0.00018159998580813408
20271201,Target-mcts_cv-leaveoneout,leave_one_out,mcts_cv,20,0,0,0.0,0.0,0,0.0,0,cutin_braking:5;fast_intrusion:2;lead_braking:3;slow_lead_following:5;stop_and_go:5,217;254;321;338;145;479;73;175;339;496;105;333;435;137;276;409;358;163;427;92,Random,6,0.00018159998580813408
20271201,Target-mcts_cv-leaveoneout,leave_one_out,mcts_cv,30,0,0,0.0,0.0,0,0.0,0,cutin_braking:6;fast_intrusion:4;lead_braking:4;slow_lead_following:9;stop_and_go:7,217;254;321;338;145;479;73;175;339;496;105;333;435;137;276;409;358;163;427;92;395;447;441;87;40;231;461;119;493;351,Random,6,0.00018159998580813408
20271201,Target-mcts_cv-leaveoneout,leave_one_out,mcts_cv,50,0,0,0.0,0.0,0,0.0,0,cutin_braking:9;fast_intrusion:12;lead_braking:7;slow_lead_following:10;stop_and_go:12,217;254;321;338;145;479;73;175;339;496;105;333;435;137;276;409;358;163;427;92;395;447;441;87;40;231;461;119;493;351;176;94;361;76;111;8;346;14;91;315;355;184;81;269;15;448;341;84;246;222,Random,6,0.00018159998580813408
20271201,Target-mcts_cv-leaveoneout,leave_one_out,mcts_cv,10,0,0,0.0,0.0,0,0.0,0,cutin_braking:3;fast_intrusion:1;lead_braking:1;slow_lead_following:2;stop_and_go:3,128;60;262;411;146;110;376;311;442;326,Random,7,0.00017090002074837685
20271201,Target-mcts_cv-leaveoneout,leave_one_out,mcts_cv,20,0,0,0.0,0.0,0,0.0,0,cutin_braking:5;fast_intrusion:4;lead_braking:2;slow_lead_following:4;stop_and_go:5,128;60;262;411;146;110;376;311;442;326;261;40;380;409;187;439;6;303;47;192,Random,7,0.00017090002074837685
20271201,Target-mcts_cv-leaveoneout,leave_one_out,mcts_cv,30,0,0,0.0,0.0,0,0.0,0,cutin_braking:6;fast_intrusion:7;lead_braking:3;slow_lead_following:4;stop_and_go:10,128;60;262;411;146;110;376;311;442;326;261;40;380;409;187;439;6;303;47;192;69;314;397;42;327;274;328;55;332;114,Random,7,0.00017090002074837685
20271201,Target-mcts_cv-leaveoneout,leave_one_out,mcts_cv,50,0,0,0.0,0.0,0,0.0,0,cutin_braking:11;fast_intrusion:11;lead_braking:6;slow_lead_following:9;stop_and_go:13,128;60;262;411;146;110;376;311;442;326;261;40;380;409;187;439;6;303;47;192;69;314;397;42;327;274;328;55;332;114;400;164;477;4;463;172;200;96;315;296;109;413;209;124;168;321;73;323;451;54,Random,7,0.00017090002074837685
20271201,Target-mcts_cv-leaveoneout,leave_one_out,mcts_cv,10,0,0,0.0,0.0,0,0.0,0,cutin_braking:2;fast_intrusion:3;lead_braking:0;slow_lead_following:2;stop_and_go:3,407;22;99;19;103;349;166;414;308;351,Random,8,0.00022549997083842754
20271201,Target-mcts_cv-leaveoneout,leave_one_out,mcts_cv,20,0,0,0.0,0.0,0,0.0,0,cutin_braking:4;fast_intrusion:6;lead_braking:3;slow_lead_following:3;stop_and_go:4,407;22;99;19;103;349;166;414;308;351;213;222;343;120;71;454;56;114;254;78,Random,8,0.00022549997083842754
20271201,Target-mcts_cv-leaveoneout,leave_one_out,mcts_cv,30,0,0,0.0,0.0,0,0.0,0,cutin_braking:4;fast_intrusion:9;lead_braking:6;slow_lead_following:6;stop_and_go:5,407;22;99;19;103;349;166;414;308;351;213;222;343;120;71;454;56;114;254;78;30;89;467;287;392;472;220;48;243;413,Random,8,0.00022549997083842754
20271201,Target-mcts_cv-leaveoneout,leave_one_out,mcts_cv,50,0,1,0.5,0.5,0,0.001993312296922605,0,cutin_braking:6;fast_intrusion:13;lead_braking:13;slow_lead_following:8;stop_and_go:10,407;22;99;19;103;349;166;414;308;351;213;222;343;120;71;454;56;114;254;78;30;89;467;287;392;472;220;48;243;413;135;77;397;181;271;284;286;361;244;305;492;459;14;236;212;11;363;359;259;87,Random,8,0.00022549997083842754
20271201,Target-mcts_cv-leaveoneout,leave_one_out,mcts_cv,10,0,0,0.0,0.0,0,0.0,0,cutin_braking:4;fast_intrusion:3;lead_braking:0;slow_lead_following:1;stop_and_go:2,371;447;25;129;187;14;135;196;56;343,Random,9,0.0002826000563800335
20271201,Target-mcts_cv-leaveoneout,leave_one_out,mcts_cv,20,0,0,0.0,0.0,0,0.0,0,cutin_braking:5;fast_intrusion:3;lead_braking:1;slow_lead_following:5;stop_and_go:6,371;447;25;129;187;14;135;196;56;343;478;349;311;337;446;399;145;458;251;425,Random,9,0.0002826000563800335
20271201,Target-mcts_cv-leaveoneout,leave_one_out,mcts_cv,30,0,0,0.0,0.0,0,0.0,0,cutin_braking:5;fast_intrusion:6;lead_braking:3;slow_lead_following:10;stop_and_go:6,371;447;25;129;187;14;135;196;56;343;478;349;311;337;446;399;145;458;251;425;239;462;441;418;75;484;417;22;62;212,Random,9,0.0002826000563800335
20271201,Target-mcts_cv-leaveoneout,leave_one_out,mcts_cv,50,0,0,0.0,0.0,0,0.0,0,cutin_braking:9;fast_intrusion:9;lead_braking:6;slow_lead_following:16;stop_and_go:10,371;447;25;129;187;14;135;196;56;343;478;349;311;337;446;399;145;458;251;425;239;462;441;418;75;484;417;22;62;212;499;453;420;185;432;264;289;156;348;49;495;65;329;136;225;0;125;481;351;312,Random,9,0.0002826000563800335
20271201,Target-ppo_ece-leaveoneout,leave_one_out,ppo_ece,10,0,7,3.5,2.0,0,0.027938984277701973,0,cutin_braking:1;fast_intrusion:1;lead_braking:1;slow_lead_following:6;stop_and_go:1,440;472;424;492;432;460;393;68;228;129,FPS-Risk,0,0.07944240001961589
20271201,Target-ppo_ece-leaveoneout,leave_one_out,ppo_ece,20,0,13,6.5,3.5,0,0.04643279486731293,0,cutin_braking:1;fast_intrusion:1;lead_braking:1;slow_lead_following:14;stop_and_go:3,440;472;424;492;432;460;393;68;228;129;464;400;412;431;448;319;305;488;418;480,FPS-Risk,0,0.07944240001961589
20271201,Target-ppo_ece-leaveoneout,leave_one_out,ppo_ece,30,0,17,8.5,4.5,0,0.05946983138804267,0,cutin_braking:1;fast_intrusion:1;lead_braking:1;slow_lead_following:22;stop_and_go:5,440;472;424;492;432;460;393;68;228;129;464;400;412;431;448;319;305;488;418;480;404;401;350;382;402;403;405;496;452;468,FPS-Risk,0,0.07944240001961589
20271201,Target-ppo_ece-leaveoneout,leave_one_out,ppo_ece,50,0,20,10.0,4.5,0,0.06329142438483752,0,cutin_braking:1;fast_intrusion:1;lead_braking:1;slow_lead_following:39;stop_and_go:8,440;472;424;492;432;460;393;68;228;129;464;400;412;431;448;319;305;488;418;480;404;401;350;382;402;403;405;496;452;468;428;420;406;407;408;409;410;411;413;434;416;414;456;313;369;349;479;471;484;474,FPS-Risk,0,0.07944240001961589
20271201,Target-ppo_ece-leaveoneout,leave_one_out,ppo_ece,10,0,7,3.5,2.0,0,0.027938984277701973,0,cutin_braking:1;fast_intrusion:1;lead_braking:1;slow_lead_following:6;stop_and_go:1,440;472;424;492;432;460;393;68;228;129,FPS-Severity,0,0.08078239997848868
20271201,Target-ppo_ece-leaveoneout,leave_one_out,ppo_ece,20,0,13,6.5,3.5,0,0.04643279486731293,0,cutin_braking:1;fast_intrusion:1;lead_braking:1;slow_lead_following:14;stop_and_go:3,440;472;424;492;432;460;393;68;228;129;464;400;412;431;448;319;305;488;418;480,FPS-Severity,0,0.08078239997848868
20271201,Target-ppo_ece-leaveoneout,leave_one_out,ppo_ece,30,0,17,8.5,4.5,0,0.05946983138804267,0,cutin_braking:1;fast_intrusion:1;lead_braking:1;slow_lead_following:22;stop_and_go:5,440;472;424;492;432;460;393;68;228;129;464;400;412;431;448;319;305;488;418;480;404;401;350;382;402;403;405;496;452;468,FPS-Severity,0,0.08078239997848868
20271201,Target-ppo_ece-leaveoneout,leave_one_out,ppo_ece,50,0,20,10.0,4.5,0,0.06329142438483752,0,cutin_braking:1;fast_intrusion:1;lead_braking:1;slow_lead_following:39;stop_and_go:8,440;472;424;492;432;460;393;68;228;129;464;400;412;431;448;319;305;488;418;480;404;401;350;382;402;403;405;496;452;468;428;420;406;407;408;409;410;411;413;434;416;414;456;313;369;349;479;471;484;474,FPS-Severity,0,0.08078239997848868
20271201,Target-ppo_ece-leaveoneout,leave_one_out,ppo_ece,10,0,4,2.0,1.5,0,0.014542928139386065,0,cutin_braking:2;fast_intrusion:2;lead_braking:2;slow_lead_following:2;stop_and_go:2,440;393;68;228;129;472;319;177;282;82,FPS-Balanced,0,0.10055490001104772
20271201,Target-ppo_ece-leaveoneout,leave_one_out,ppo_ece,20,0,7,3.5,2.5,0,0.02845128981224692,0,cutin_braking:4;fast_intrusion:4;lead_braking:4;slow_lead_following:4;stop_and_go:4,440;393;68;228;129;472;319;177;282;82;424;305;145;226;90;492;350;109;285;2,FPS-Balanced,0,0.10055490001104772
20271201,Target-ppo_ece-leaveoneout,leave_one_out,ppo_ece,30,0,13,6.5,4.5,0,0.040292757519958235,0,cutin_braking:6;fast_intrusion:6;lead_braking:6;slow_lead_following:6;stop_and_go:6,440;393;68;228;129;472;319;177;282;82;424;305;145;226;90;492;350;109;285;2;432;382;105;222;97;460;313;193;204;93,FPS-Balanced,0,0.10055490001104772
20271201,Target-ppo_ece-leaveoneout,leave_one_out,ppo_ece,50,0,21,10.5,6.0,0,0.05536443740266042,0,cutin_braking:10;fast_intrusion:10;lead_braking:10;slow_lead_following:10;stop_and_go:10,440;393;68;228;129;472;319;177;282;82;424;305;145;226;90;492;350;109;285;2;432;382;105;222;97;460;313;193;204;93;464;369;133;252;26;400;349;153;270;45;412;185;335;202;79;431;373;189;276;53,FPS-Balanced,0,0.10055490001104772
20271201,Target-ppo_ece-leaveoneout,leave_one_out,ppo_ece,10,0,3,1.5,1.5,0,0.01757081206111842,0,cutin_braking:1;fast_intrusion:1;lead_braking:1;slow_lead_following:3;stop_and_go:4,474;440;421;382;16;238;395;327;359;191,FPS-Marginal,0,0.5048731000861153
20271201,Target-ppo_ece-leaveoneout,leave_one_out,ppo_ece,20,0,9,4.5,4.0,0,0.04092612594148054,0,cutin_braking:1;fast_intrusion:1;lead_braking:1;slow_lead_following:9;stop_and_go:8,474;440;421;382;16;238;395;327;359;191;393;319;305;350;424;493;461;492;437;464,FPS-Marginal,0,0.5048731000861153
20271201,Target-ppo_ece-leaveoneout,leave_one_out,ppo_ece,30,0,13,6.5,4.5,0,0.05357815284510571,0,cutin_braking:1;fast_intrusion:1;lead_braking:1;slow_lead_following:19;stop_and_go:8,474;440;421;382;16;238;395;327;359;191;393;319;305;350;424;493;461;492;437;464;414;472;481;418;449;460;477;429;431;432,FPS-Marginal,0,0.5048731000861153
20271201,Target-ppo_ece-leaveoneout,leave_one_out,ppo_ece,50,0,18,9.0,5.0,0,0.06448892480080244,0,cutin_braking:2;fast_intrusion:1;lead_braking:1;slow_lead_following:38;stop_and_go:8,474;440;421;382;16;238;395;327;359;191;393;319;305;350;424;493;461;492;437;464;414;472;481;418;449;460;477;429;431;432;412;413;497;404;403;400;443;471;479;447;448;423;488;434;480;129;496;468;416;455,FPS-Marginal,0,0.5048731000861153
20271201,Target-ppo_ece-leaveoneout,leave_one_out,ppo_ece,10,0,4,2.0,2.0,0,0.013226251697866738,0,cutin_braking:1;fast_intrusion:2;lead_braking:1;slow_lead_following:2;stop_and_go:4,440;393;305;319;350;68;52;471;228;129,MeanResidual-Risk,0,0.19141400000080466
20271201,Target-ppo_ece-leaveoneout,leave_one_out,ppo_ece,20,0,8,4.0,3.0,0,0.03206650651138288,0,cutin_braking:1;fast_intrusion:4;lead_braking:2;slow_lead_following:9;stop_and_go:4,440;393;305;319;350;68;52;471;228;129;454;486;406;58;282;24;478;430;410;490,MeanResidual-Risk,0,0.19141400000080466
20271201,Target-ppo_ece-leaveoneout,leave_one_out,ppo_ece,30,0,15,7.5,5.5,0,0.04189893637835149,0,cutin_braking:1;fast_intrusion:4;lead_braking:2;slow_lead_following:9;stop_and_go:14,440;393;305;319;350;68;52;471;228;129;454;486;406;58;282;24;478;430;410;490;349;335;367;363;365;302;338;325;341;387,MeanResidual-Risk,0,0.19141400000080466
20271201,Target-ppo_ece-leaveoneout,leave_one_out,ppo_ece,50,0,30,15.0,7.5,0,0.06141680004739838,0,cutin_braking:1;fast_intrusion:4;lead_braking:3;slow_lead_following:9;stop_and_go:33,440;393;305;319;350;68;52;471;228;129;454;486;406;58;282;24;478;430;410;490;349;335;367;363;365;302;338;325;341;387;395;370;308;375;376;361;333;313;301;369;373;317;382;315;353;355;307;385;204;336,MeanResidual-Risk,0,0.19141400000080466
20271201,Target-ppo_ece-leaveoneout,leave_one_out,ppo_ece,10,0,4,2.0,2.0,0,0.0444377336666697,0,cutin_braking:1;fast_intrusion:1;lead_braking:1;slow_lead_following:6;stop_and_go:1,404;440;437;466;431;414;382;16;238;157,MeanResidual-Marginal,0,0.5919471000088379
20271201,Target-ppo_ece-leaveoneout,leave_one_out,ppo_ece,20,0,7,3.5,3.0,0,0.05310756244838575,0,cutin_braking:1;fast_intrusion:2;lead_braking:1;slow_lead_following:13;stop_and_go:3,404;440;437;466;431;414;382;16;238;157;492;468;484;393;482;406;356;448;58;439,MeanResidual-Marginal,0,0.5919471000088379
20271201,Target-ppo_ece-leaveoneout,leave_one_out,ppo_ece,30,0,10,5.0,4.5,0,0.056090907718104425,0,cutin_braking:1;fast_intrusion:5;lead_braking:1;slow_lead_following:15;stop_and_go:8,404;440;437;466;431;414;382;16;238;157;492;468;484;393;482;406;356;448;58;439;319;359;305;478;52;350;27;458;48;369,MeanResidual-Marginal,0,0.5919471000088379
20271201,Target-ppo_ece-leaveoneout,leave_one_out,ppo_ece,50,0,18,9.0,5.5,0,0.06575588237695254,0,cutin_braking:1;fast_intrusion:6;lead_braking:6;slow_lead_following:22;stop_and_go:15,404;440;437;466;431;414;382;16;238;157;492;468;484;393;482;406;356;448;58;439;319;359;305;478;52;350;27;458;48;369;220;248;410;24;302;338;365;420;418;230;379;430;434;409;490;204;236;390;361;333,MeanResidual-Marginal,0,0.5919471000088379
20271201,Target-ppo_ece-leaveoneout,leave_one_out,ppo_ece,10,0,6,3.0,1.5,0,0.02285586872803329,0,cutin_braking:1;fast_intrusion:1;lead_braking:1;slow_lead_following:6;stop_and_go:1,440;472;424;432;488;400;393;68;228;129,CoRe-Risk,0,0.19318610010668635
20271201,Target-ppo_ece-leaveoneout,leave_one_out,ppo_ece,20,0,10,5.0,3.0,0,0.03632518927336959,0,cutin_braking:1;fast_intrusion:1;lead_braking:1;slow_lead_following:13;stop_and_go:4,440;472;424;432;488;400;393;68;228;129;480;496;454;486;406;471;305;319;350;409,CoRe-Risk,0,0.19318610010668635
20271201,Target-ppo_ece-leaveoneout,leave_one_out,ppo_ece,30,0,18,9.0,5.5,0,0.0474984770071115,0,cutin_braking:1;fast_intrusion:1;lead_braking:1;slow_lead_following:13;stop_and_go:14,440;472;424;432;488;400;393;68;228;129;480;496;454;486;406;471;305;319;350;409;361;365;302;363;338;325;307;387;335;367,CoRe-Risk,0,0.19318610010668635
20271201,Target-ppo_ece-leaveoneout,leave_one_out,ppo_ece,50,0,30,15.0,7.5,0,0.062311639909005234,0,cutin_braking:1;fast_intrusion:1;lead_braking:1;slow_lead_following:14;stop_and_go:33,440;472;424;432;488;400;393;68;228;129;480;496;454;486;406;471;305;319;350;409;361;365;302;363;338;325;307;387;335;367;341;313;369;373;375;376;349;390;355;408;395;370;308;336;356;353;317;333;315;380,CoRe-Risk,0,0.19318610010668635
20271201,Target-ppo_ece-leaveoneout,leave_one_out,ppo_ece,10,0,3,1.5,1.5,0,0.01757081206111842,0,cutin_braking:1;fast_intrusion:1;lead_braking:1;slow_lead_following:3;stop_and_go:4,474;440;447;382;16;238;395;327;186;359,CoRe-Marginal,0,0.6460118000395596
20271201,Target-ppo_ece-leaveoneout,leave_one_out,ppo_ece,20,0,10,5.0,4.5,0,0.05620728964009683,0,cutin_braking:1;fast_intrusion:1;lead_braking:1;slow_lead_following:9;stop_and_go:8,474;440;447;382;16;238;395;327;186;359;393;305;319;350;434;409;432;462;464;428,CoRe-Marginal,0,0.6460118000395596
20271201,Target-ppo_ece-leaveoneout,leave_one_out,ppo_ece,30,0,13,6.5,5.0,0,0.06036842084872848,0,cutin_braking:1;fast_intrusion:1;lead_braking:1;slow_lead_following:19;stop_and_go:8,474;440;447;382;16;238;395;327;186;359;393;305;319;350;434;409;432;462;464;428;455;494;400;418;486;490;402;451;416;430,CoRe-Marginal,0,0.6460118000395596
20271201,Target-ppo_ece-leaveoneout,leave_one_out,ppo_ece,50,0,23,11.5,6.0,0,0.07031023500337648,0,cutin_braking:1;fast_intrusion:1;lead_braking:1;slow_lead_following:28;stop_and_go:19,474;440;447;382;16;238;395;327;186;359;393;305;319;350;434;409;432;462;464;428;455;494;400;418;486;490;402;451;416;430;448;456;472;424;496;406;480;488;454;333;356;389;341;325;302;301;349;390;361;313,CoRe-Marginal,0,0.6460118000395596
20271201,Target-ppo_ece-leaveoneout,leave_one_out,ppo_ece,10,0,1,0.5,0.5,0,0.005441922091626484,0,cutin_braking:2;fast_intrusion:1;lead_braking:1;slow_lead_following:5;stop_and_go:1,474;496;403;406;433;32;191;317;238;186,TargetOnlyGP-Marginal,0,0.5830380999250337
20271201,Target-ppo_ece-leaveoneout,leave_one_out,ppo_ece,20,0,1,0.5,0.5,0,0.005441922091626484,0,cutin_braking:3;fast_intrusion:3;lead_braking:4;slow_lead_following:5;stop_and_go:5,474;496;403;406;433;32;191;317;238;186;5;273;316;311;211;366;195;356;37;218,TargetOnlyGP-Marginal,0,0.5830380999250337
20271201,Target-ppo_ece-leaveoneout,leave_one_out,ppo_ece,30,0,2,1.0,0.5,0,0.008253934774076611,0,cutin_braking:4;fast_intrusion:6;lead_braking:6;slow_lead_following:7;stop_and_go:7,474;496;403;406;433;32;191;317;238;186;5;273;316;311;211;366;195;356;37;218;185;78;35;297;365;397;455;420;275;28,TargetOnlyGP-Marginal,0,0.5830380999250337
20271201,Target-ppo_ece-leaveoneout,leave_one_out,ppo_ece,50,0,7,3.5,3.0,0,0.018240035610218183,0,cutin_braking:11;fast_intrusion:9;lead_braking:9;slow_lead_following:7;stop_and_go:14,474;496;403;406;433;32;191;317;238;186;5;273;316;311;211;366;195;356;37;218;185;78;35;297;365;397;455;420;275;28;116;12;182;325;290;145;358;187;292;41;315;304;156;209;307;126;353;105;321;66,TargetOnlyGP-Marginal,0,0.5830380999250337
20271201,Target-ppo_ece-leaveoneout,leave_one_out,ppo_ece,10,0,3,1.5,1.0,0,0.035411789407867864,0,cutin_braking:1;fast_intrusion:1;lead_braking:1;slow_lead_following:5;stop_and_go:2,207;73;459;314;466;445;362;108;432;418,Random,0,0.00025539996568113565
20271201,Target-ppo_ece-leaveoneout,leave_one_out,ppo_ece,20,0,4,2.0,1.5,0,0.036322260025367085,0,cutin_braking:3;fast_intrusion:2;lead_braking:4;slow_lead_following:7;stop_and_go:4,207;73;459;314;466;445;362;108;432;418;360;218;385;454;414;205;176;18;132;246,Random,0,0.00025539996568113565
20271201,Target-ppo_ece-leaveoneout,leave_one_out,ppo_ece,30,0,6,3.0,2.5,0,0.04411469779829174,0,cutin_braking:5;fast_intrusion:4;lead_braking:5;slow_lead_following:9;stop_and_go:7,207;73;459;314;466;445;362;108;432;418;360;218;385;454;414;205;176;18;132;246;359;458;65;465;301;139;36;291;382;186,Random,0,0.00025539996568113565
20271201,Target-ppo_ece-leaveoneout,leave_one_out,ppo_ece,50,0,8,4.0,3.5,0,0.04865093374759896,0,cutin_braking:7;fast_intrusion:11;lead_braking:8;slow_lead_following:13;stop_and_go:11,207;73;459;314;466;445;362;108;432;418;360;218;385;454;414;205;176;18;132;246;359;458;65;465;301;139;36;291;382;186;59;320;1;377;72;335;103;84;427;437;299;96;79;91;400;491;226;374;174;272,Random,0,0.00025539996568113565
20271201,Target-ppo_ece-leaveoneout,leave_one_out,ppo_ece,10,0,1,0.5,0.5,0,0.002608358120111906,0,cutin_braking:1;fast_intrusion:3;lead_braking:2;slow_lead_following:2;stop_and_go:2,376;276;237;485;334;451;93;13;119;54,Random,1,0.0001824999926611781
20271201,Target-ppo_ece-leaveoneout,leave_one_out,ppo_ece,20,0,3,1.5,1.5,0,0.018592775154630016,0,cutin_braking:2;fast_intrusion:4;lead_braking:6;slow_lead_following:5;stop_and_go:3,376;276;237;485;334;451;93;13;119;54;234;274;257;32;442;478;341;413;224;142,Random,1,0.0001824999926611781
20271201,Target-ppo_ece-leaveoneout,leave_one_out,ppo_ece,30,0,5,2.5,2.0,0,0.03876644090371949,0,cutin_braking:4;fast_intrusion:7;lead_braking:7;slow_lead_following:8;stop_and_go:4,376;276;237;485;334;451;93;13;119;54;234;274;257;32;442;478;341;413;224;142;448;9;30;399;492;113;486;205;63;179,Random,1,0.0001824999926611781
20271201,Target-ppo_ece-leaveoneout,leave_one_out,ppo_ece,50,0,8,4.0,3.5,0,0.05507262218244618,0,cutin_braking:7;fast_intrusion:10;lead_braking:9;slow_lead_following:14;stop_and_go:10,376;276;237;485;334;451;93;13;119;54;234;274;257;32;442;478;341;413;224;142;448;9;30;399;492;113;486;205;63;179;328;419;216;39;333;438;404;222;195;161;369;410;388;130;354;85;8;444;351;461,Random,1,0.0001824999926611781
20271201,Target-ppo_ece-leaveoneout,leave_one_out,ppo_ece,10,0,4,2.0,2.0,0,0.022224082305290424,0,cutin_braking:4;fast_intrusion:1;lead_braking:1;slow_lead_following:1;stop_and_go:3,315;317;319;103;281;128;118;56;410;101,Random,2,0.00018259999342262745
20271201,Target-ppo_ece-leaveoneout,leave_one_out,ppo_ece,20,0,6,3.0,3.0,0,0.02858699858621141,0,cutin_braking:6;fast_intrusion:1;lead_braking:4;slow_lead_following:4;stop_and_go:5,315;317;319;103;281;128;118;56;410;101;272;318;468;245;119;453;330;137;403;233,Random,2,0.00018259999342262745
20271201,Target-ppo_ece-leaveoneout,leave_one_out,ppo_ece,30,0,6,3.0,3.0,0,0.02858699858621141,0,cutin_braking:7;fast_intrusion:3;lead_braking:7;slow_lead_following:6;stop_and_go:7,315;317;319;103;281;128;118;56;410;101;272;318;468;245;119;453;330;137;403;233;237;251;447;62;140;70;419;214;356;378,Random,2,0.00018259999342262745
20271201,Target-ppo_ece-leaveoneout,leave_one_out,ppo_ece,50,0,9,4.5,4.5,0,0.03634131771447916,0,cutin_braking:10;fast_intrusion:6;lead_braking:11;slow_lead_following:8;stop_and_go:15,315;317;319;103;281;128;118;56;410;101;272;318;468;245;119;453;330;137;403;233;237;251;447;62;140;70;419;214;356;378;391;345;346;227;413;102;112;172;207;397;440;371;313;21;271;359;229;57;69;340,Random,2,0.00018259999342262745
20271201,Target-ppo_ece-leaveoneout,leave_one_out,ppo_ece,10,0,2,1.0,1.0,0,0.005970276611670049,0,cutin_braking:3;fast_intrusion:2;lead_braking:2;slow_lead_following:2;stop_and_go:1,193;311;123;222;235;73;55;158;413;471,Random,3,0.00019970000721514225
20271201,Target-ppo_ece-leaveoneout,leave_one_out,ppo_ece,20,0,5,2.5,2.5,0,0.01421252189805257,0,cutin_braking:5;fast_intrusion:2;lead_braking:7;slow_lead_following:3;stop_and_go:3,193;311;123;222;235;73;55;158;413;471;274;152;444;208;316;266;286;395;276;163,Random,3,0.00019970000721514225
20271201,Target-ppo_ece-leaveoneout,leave_one_out,ppo_ece,30,0,9,4.5,4.5,0,0.03750745973454929,0,cutin_braking:6;fast_intrusion:3;lead_braking:7;slow_lead_following:5;stop_and_go:9,193;311;123;222;235;73;55;158;413;471;274;152;444;208;316;266;286;395;276;163;464;387;137;11;341;376;433;330;390;378,Random,3,0.00019970000721514225
20271201,Target-ppo_ece-leaveoneout,leave_one_out,ppo_ece,50,0,10,5.0,5.0,0,0.04117539421760572,0,cutin_braking:10;fast_intrusion:7;lead_braking:10;slow_lead_following:10;stop_and_go:13,193;311;123;222;235;73;55;158;413;471;274;152;444;208;316;266;286;395;276;163;464;387;137;11;341;376;433;330;390;378;164;453;459;150;456;160;372;3;76;226;142;296;326;408;334;382;443;54;283;97,Random,3,0.00019970000721514225
20271201,Target-ppo_ece-leaveoneout,leave_one_out,ppo_ece,10,0,1,0.5,0.5,0,0.018359384896989517,0,cutin_braking:1;fast_intrusion:6;lead_braking:2;slow_lead_following:1;stop_and_go:0,63;237;58;89;15;69;462;222;118;64,Random,4,0.00017310003750026226
20271201,Target-ppo_ece-leaveoneout,leave_one_out,ppo_ece,20,0,2,1.0,1.0,0,0.02211209820124312,0,cutin_braking:3;fast_intrusion:6;lead_braking:5;slow_lead_following:4;stop_and_go:2,63;237;58;89;15;69;462;222;118;64;264;320;263;453;235;180;491;487;108;332,Random,4,0.00017310003750026226
20271201,Target-ppo_ece-leaveoneout,leave_one_out,ppo_ece,30,0,3,1.5,1.5,0,0.03203517420182185,0,cutin_braking:3;fast_intrusion:6;lead_braking:7;slow_lead_following:7;stop_and_go:7,63;237;58;89;15;69;462;222;118;64;264;320;263;453;235;180;491;487;108;332;324;421;249;354;224;318;499;472;311;388,Random,4,0.00017310003750026226
20271201,Target-ppo_ece-leaveoneout,leave_one_out,ppo_ece,50,0,4,2.0,2.0,0,0.03408475020798715,0,cutin_braking:6;fast_intrusion:13;lead_braking:8;slow_lead_following:11;stop_and_go:12,63;237;58;89;15;69;462;222;118;64;264;320;263;453;235;180;491;487;108;332;324;421;249;354;224;318;499;472;311;388;84;11;423;337;362;65;206;496;31;471;146;186;82;329;47;91;394;393;163;443,Random,4,0.00017310003750026226
20271201,Target-ppo_ece-leaveoneout,leave_one_out,ppo_ece,10,0,3,1.5,1.5,0,0.010395907068632056,0,cutin_braking:2;fast_intrusion:1;lead_braking:4;slow_lead_following:0;stop_and_go:3,302;174;252;232;395;264;254;308;194;14,Random,5,0.00041829992551356554
20271201,Target-ppo_ece-leaveoneout,leave_one_out,ppo_ece,20,0,5,2.5,2.5,0,0.02819212845651349,0,cutin_braking:4;fast_intrusion:2;lead_braking:6;slow_lead_following:3;stop_and_go:5,302;174;252;232;395;264;254;308;194;14;146;221;371;247;91;361;433;442;468;115,Random,5,0.00041829992551356554
20271201,Target-ppo_ece-leaveoneout,leave_one_out,ppo_ece,30,0,5,2.5,2.5,0,0.02819212845651349,0,cutin_braking:10;fast_intrusion:4;lead_braking:6;slow_lead_following:3;stop_and_go:7,302;174;252;232;395;264;254;308;194;14;146;221;371;247;91;361;433;442;468;115;391;392;80;62;113;132;139;104;148;106,Random,5,0.00041829992551356554
20271201,Target-ppo_ece-leaveoneout,leave_one_out,ppo_ece,50,0,7,3.5,3.5,0,0.04382186359290974,0,cutin_braking:12;fast_intrusion:12;lead_braking:9;slow_lead_following:7;stop_and_go:10,302;174;252;232;395;264;254;308;194;14;146;221;371;247;91;361;433;442;468;115;391;392;80;62;113;132;139;104;148;106;481;44;73;365;339;297;21;68;259;476;404;7;236;318;428;172;60;23;156;61,Random,5,0.00041829992551356554
20271201,Target-ppo_ece-leaveoneout,leave_one_out,ppo_ece,10,0,1,0.5,0.5,0,0.0019890242737340682,0,cutin_braking:3;fast_intrusion:1;lead_braking:0;slow_lead_following:1;stop_and_go:5,162;413;316;153;339;358;86;380;101;392,Random,6,0.00019539997447282076
20271201,Target-ppo_ece-leaveoneout,leave_one_out,ppo_ece,20,0,3,1.5,1.5,0,0.017233193108116582,0,cutin_braking:4;fast_intrusion:4;lead_braking:1;slow_lead_following:4;stop_and_go:7,162;413;316;153;339;358;86;380;101;392;307;28;478;407;342;173;50;207;60;444,Random,6,0.00019539997447282076
20271201,Target-ppo_ece-leaveoneout,leave_one_out,ppo_ece,30,0,4,2.0,2.0,0,0.022095540849417804,0,cutin_braking:8;fast_intrusion:5;lead_braking:1;slow_lead_following:7;stop_and_go:9,162;413;316;153;339;358;86;380;101;392;307;28;478;407;342;173;50;207;60;444;129;459;110;442;112;382;374;181;69;471,Random,6,0.00019539997447282076
20271201,Target-ppo_ece-leaveoneout,leave_one_out,ppo_ece,50,0,6,3.0,3.0,0,0.030483830524914074,0,cutin_braking:11;fast_intrusion:7;lead_braking:6;slow_lead_following:14;stop_and_go:12,162;413;316;153;339;358;86;380;101;392;307;28;478;407;342;173;50;207;60;444;129;459;110;442;112;382;374;181;69;471;113;455;239;461;368;419;118;401;347;200;416;45;410;475;341;137;92;291;282;272,Random,6,0.00019539997447282076
20271201,Target-ppo_ece-leaveoneout,leave_one_out,ppo_ece,10,0,1,0.5,0.5,0,0.0018931058036887928,0,cutin_braking:3;fast_intrusion:2;lead_braking:1;slow_lead_following:0;stop_and_go:4,10;373;101;104;20;188;320;265;322;316,Random,7,0.00016709999181330204
20271201,Target-ppo_ece-leaveoneout,leave_one_out,ppo_ece,20,0,1,0.5,0.5,0,0.0018931058036887928,0,cutin_braking:5;fast_intrusion:2;lead_braking:3;slow_lead_following:2;stop_and_go:8,10;373;101;104;20;188;320;265;322;316;388;433;111;351;345;415;156;205;224;397,Random,7,0.00016709999181330204
20271201,Target-ppo_ece-leaveoneout,leave_one_out,ppo_ece,30,0,3,1.5,0.5,0,0.006689204312699312,0,cutin_braking:6;fast_intrusion:5;lead_braking:5;slow_lead_following:3;stop_and_go:11,10;373;101;104;20;188;320;265;322;316;388;433;111;351;345;415;156;205;224;397;46;228;52;325;216;79;151;312;341;428,Random,7,0.00016709999181330204
20271201,Target-ppo_ece-leaveoneout,leave_one_out,ppo_ece,50,0,6,3.0,2.0,0,0.030270104170730627,0,cutin_braking:10;fast_intrusion:7;lead_braking:7;slow_lead_following:7;stop_and_go:19,10;373;101;104;20;188;320;265;322;316;388;433;111;351;345;415;156;205;224;397;46;228;52;325;216;79;151;312;341;428;120;403;390;343;247;54;190;299;303;379;464;310;481;84;438;135;132;398;346;395,Random,7,0.00016709999181330204
20271201,Target-ppo_ece-leaveoneout,leave_one_out,ppo_ece,10,0,2,1.0,1.0,0,0.01575019271245406,0,cutin_braking:1;fast_intrusion:2;lead_braking:3;slow_lead_following:4;stop_and_go:0,30;428;143;218;235;403;232;91;436;478,Random,8,0.00019639998208731413
20271201,Target-ppo_ece-leaveoneout,leave_one_out,ppo_ece,20,0,2,1.0,1.0,0,0.01575019271245406,0,cutin_braking:3;fast_intrusion:5;lead_braking:4;slow_lead_following:6;stop_and_go:2,30;428;143;218;235;403;232;91;436;478;474;405;381;228;34;106;90;304;167;71,Random,8,0.00019639998208731413
20271201,Target-ppo_ece-leaveoneout,leave_one_out,ppo_ece,30,0,2,1.0,1.0,0,0.01575019271245406,0,cutin_braking:7;fast_intrusion:7;lead_braking:5;slow_lead_following:8;stop_and_go:3,30;428;143;218;235;403;232;91;436;478;474;405;381;228;34;106;90;304;167;71;419;87;446;40;150;377;183;299;159;136,Random,8,0.00019639998208731413
20271201,Target-ppo_ece-leaveoneout,leave_one_out,ppo_ece,50,0,3,1.5,1.5,0,0.017267848928447477,0,cutin_braking:11;fast_intrusion:13;lead_braking:12;slow_lead_following:10;stop_and_go:4,30;428;143;218;235;403;232;91;436;478;474;405;381;228;34;106;90;304;167;71;419;87;446;40;150;377;183;299;159;136;295;187;72;98;181;453;238;57;214;115;123;356;273;21;280;433;230;287;46;29,Random,8,0.00019639998208731413
20271201,Target-ppo_ece-leaveoneout,leave_one_out,ppo_ece,10,0,2,1.0,1.0,0,0.019335398949386552,0,cutin_braking:0;fast_intrusion:4;lead_braking:1;slow_lead_following:2;stop_and_go:3,411;396;316;424;289;338;49;65;54;85,Random,9,0.0001751999370753765
20271201,Target-ppo_ece-leaveoneout,leave_one_out,ppo_ece,20,0,3,1.5,1.5,0,0.021845286442256962,0,cutin_braking:5;fast_intrusion:5;lead_braking:1;slow_lead_following:4;stop_and_go:5,411;396;316;424;289;338;49;65;54;85;124;156;388;175;188;421;346;487;68;164,Random,9,0.0001751999370753765
20271201,Target-ppo_ece-leaveoneout,leave_one_out,ppo_ece,30,0,4,2.0,2.0,0,0.02900041191316957,0,cutin_braking:8;fast_intrusion:6;lead_braking:3;slow_lead_following:6;stop_and_go:7,411;396;316;424;289;338;49;65;54;85;124;156;388;175;188;421;346;487;68;164;73;260;369;100;492;490;379;286;107;168,Random,9,0.0001751999370753765
20271201,Target-ppo_ece-leaveoneout,leave_one_out,ppo_ece,50,0,8,4.0,3.5,0,0.04487707364616136,0,cutin_braking:14;fast_intrusion:7;lead_braking:8;slow_lead_following:11;stop_and_go:10,411;396;316;424;289;338;49;65;54;85;124;156;388;175;188;421;346;487;68;164;73;260;369;100;492;490;379;286;107;168;214;166;261;475;165;319;144;210;228;242;67;117;196;428;345;468;434;481;129;363,Random,9,0.0001751999370753765
