parent,target,method,repeat,context_id,direction,available_changes,queries,discoveries,recall
ppo_release_v0,ppo_release_v1,random,0,S01:core_confirmation:c0,R,0,5,0,
ppo_release_v0,ppo_release_v1,random,0,S01:core_confirmation:c1,R,0,3,0,
ppo_release_v0,ppo_release_v1,random,0,S01:core_confirmation:c2,R,0,3,0,
ppo_release_v0,ppo_release_v1,random,0,S02:core_confirmation:c0,R,0,1,0,
ppo_release_v0,ppo_release_v1,random,0,S02:core_confirmation:c1,R,0,2,0,
ppo_release_v0,ppo_release_v1,random,0,S02:core_confirmation:c2,R,0,0,0,
ppo_release_v0,ppo_release_v1,random,0,S08:core_confirmation:c0,R,0,1,0,
ppo_release_v0,ppo_release_v1,random,0,S08:core_confirmation:c1,R,0,4,0,
ppo_release_v0,ppo_release_v1,random,0,S08:core_confirmation:c2,R,0,1,0,
ppo_release_v0,ppo_release_v1,random,0,S01:core_confirmation:c0,I,0,0,0,
ppo_release_v0,ppo_release_v1,random,0,S01:core_confirmation:c1,I,0,0,0,
ppo_release_v0,ppo_release_v1,random,0,S01:core_confirmation:c2,I,3,1,0,0.0
ppo_release_v0,ppo_release_v1,random,0,S02:core_confirmation:c0,I,0,8,0,
ppo_release_v0,ppo_release_v1,random,0,S02:core_confirmation:c1,I,3,6,1,0.3333333333333333
ppo_release_v0,ppo_release_v1,random,0,S02:core_confirmation:c2,I,20,5,2,0.1
ppo_release_v0,ppo_release_v1,random,0,S08:core_confirmation:c0,I,0,0,0,
ppo_release_v0,ppo_release_v1,random,0,S08:core_confirmation:c1,I,0,0,0,
ppo_release_v0,ppo_release_v1,random,0,S08:core_confirmation:c2,I,0,0,0,
ppo_release_v0,ppo_release_v1,random,1,S01:core_confirmation:c0,R,0,1,0,
ppo_release_v0,ppo_release_v1,random,1,S01:core_confirmation:c1,R,0,3,0,
ppo_release_v0,ppo_release_v1,random,1,S01:core_confirmation:c2,R,0,4,0,
ppo_release_v0,ppo_release_v1,random,1,S02:core_confirmation:c0,R,0,0,0,
ppo_release_v0,ppo_release_v1,random,1,S02:core_confirmation:c1,R,0,2,0,
ppo_release_v0,ppo_release_v1,random,1,S02:core_confirmation:c2,R,0,0,0,
ppo_release_v0,ppo_release_v1,random,1,S08:core_confirmation:c0,R,0,6,0,
ppo_release_v0,ppo_release_v1,random,1,S08:core_confirmation:c1,R,0,3,0,
ppo_release_v0,ppo_release_v1,random,1,S08:core_confirmation:c2,R,0,1,0,
ppo_release_v0,ppo_release_v1,random,1,S01:core_confirmation:c0,I,0,0,0,
ppo_release_v0,ppo_release_v1,random,1,S01:core_confirmation:c1,I,0,0,0,
ppo_release_v0,ppo_release_v1,random,1,S01:core_confirmation:c2,I,3,0,0,0.0
ppo_release_v0,ppo_release_v1,random,1,S02:core_confirmation:c0,I,0,1,0,
ppo_release_v0,ppo_release_v1,random,1,S02:core_confirmation:c1,I,3,5,1,0.3333333333333333
ppo_release_v0,ppo_release_v1,random,1,S02:core_confirmation:c2,I,20,12,0,0.0
ppo_release_v0,ppo_release_v1,random,1,S08:core_confirmation:c0,I,0,0,0,
ppo_release_v0,ppo_release_v1,random,1,S08:core_confirmation:c1,I,0,0,0,
ppo_release_v0,ppo_release_v1,random,1,S08:core_confirmation:c2,I,0,2,0,
ppo_release_v0,ppo_release_v1,random,2,S01:core_confirmation:c0,R,0,3,0,
ppo_release_v0,ppo_release_v1,random,2,S01:core_confirmation:c1,R,0,4,0,
ppo_release_v0,ppo_release_v1,random,2,S01:core_confirmation:c2,R,0,2,0,
ppo_release_v0,ppo_release_v1,random,2,S02:core_confirmation:c0,R,0,2,0,
ppo_release_v0,ppo_release_v1,random,2,S02:core_confirmation:c1,R,0,3,0,
ppo_release_v0,ppo_release_v1,random,2,S02:core_confirmation:c2,R,0,0,0,
ppo_release_v0,ppo_release_v1,random,2,S08:core_confirmation:c0,R,0,3,0,
ppo_release_v0,ppo_release_v1,random,2,S08:core_confirmation:c1,R,0,0,0,
ppo_release_v0,ppo_release_v1,random,2,S08:core_confirmation:c2,R,0,3,0,
ppo_release_v0,ppo_release_v1,random,2,S01:core_confirmation:c0,I,0,0,0,
ppo_release_v0,ppo_release_v1,random,2,S01:core_confirmation:c1,I,0,0,0,
ppo_release_v0,ppo_release_v1,random,2,S01:core_confirmation:c2,I,3,2,0,0.0
ppo_release_v0,ppo_release_v1,random,2,S02:core_confirmation:c0,I,0,6,0,
ppo_release_v0,ppo_release_v1,random,2,S02:core_confirmation:c1,I,3,1,0,0.0
ppo_release_v0,ppo_release_v1,random,2,S02:core_confirmation:c2,I,20,7,2,0.1
ppo_release_v0,ppo_release_v1,random,2,S08:core_confirmation:c0,I,0,0,0,
ppo_release_v0,ppo_release_v1,random,2,S08:core_confirmation:c1,I,0,0,0,
ppo_release_v0,ppo_release_v1,random,2,S08:core_confirmation:c2,I,0,4,0,
ppo_release_v0,ppo_release_v1,random,3,S01:core_confirmation:c0,R,0,2,0,
ppo_release_v0,ppo_release_v1,random,3,S01:core_confirmation:c1,R,0,3,0,
ppo_release_v0,ppo_release_v1,random,3,S01:core_confirmation:c2,R,0,3,0,
ppo_release_v0,ppo_release_v1,random,3,S02:core_confirmation:c0,R,0,0,0,
ppo_release_v0,ppo_release_v1,random,3,S02:core_confirmation:c1,R,0,2,0,
ppo_release_v0,ppo_release_v1,random,3,S02:core_confirmation:c2,R,0,0,0,
ppo_release_v0,ppo_release_v1,random,3,S08:core_confirmation:c0,R,0,4,0,
ppo_release_v0,ppo_release_v1,random,3,S08:core_confirmation:c1,R,0,2,0,
ppo_release_v0,ppo_release_v1,random,3,S08:core_confirmation:c2,R,0,4,0,
ppo_release_v0,ppo_release_v1,random,3,S01:core_confirmation:c0,I,0,0,0,
ppo_release_v0,ppo_release_v1,random,3,S01:core_confirmation:c1,I,0,0,0,
ppo_release_v0,ppo_release_v1,random,3,S01:core_confirmation:c2,I,3,3,1,0.3333333333333333
ppo_release_v0,ppo_release_v1,random,3,S02:core_confirmation:c0,I,0,8,0,
ppo_release_v0,ppo_release_v1,random,3,S02:core_confirmation:c1,I,3,3,0,0.0
ppo_release_v0,ppo_release_v1,random,3,S02:core_confirmation:c2,I,20,5,0,0.0
ppo_release_v0,ppo_release_v1,random,3,S08:core_confirmation:c0,I,0,0,0,
ppo_release_v0,ppo_release_v1,random,3,S08:core_confirmation:c1,I,0,0,0,
ppo_release_v0,ppo_release_v1,random,3,S08:core_confirmation:c2,I,0,1,0,
ppo_release_v0,ppo_release_v1,random,4,S01:core_confirmation:c0,R,0,5,0,
ppo_release_v0,ppo_release_v1,random,4,S01:core_confirmation:c1,R,0,8,0,
ppo_release_v0,ppo_release_v1,random,4,S01:core_confirmation:c2,R,0,2,0,
ppo_release_v0,ppo_release_v1,random,4,S02:core_confirmation:c0,R,0,0,0,
ppo_release_v0,ppo_release_v1,random,4,S02:core_confirmation:c1,R,0,0,0,
ppo_release_v0,ppo_release_v1,random,4,S02:core_confirmation:c2,R,0,0,0,
ppo_release_v0,ppo_release_v1,random,4,S08:core_confirmation:c0,R,0,1,0,
ppo_release_v0,ppo_release_v1,random,4,S08:core_confirmation:c1,R,0,2,0,
ppo_release_v0,ppo_release_v1,random,4,S08:core_confirmation:c2,R,0,2,0,
ppo_release_v0,ppo_release_v1,random,4,S01:core_confirmation:c0,I,0,0,0,
ppo_release_v0,ppo_release_v1,random,4,S01:core_confirmation:c1,I,0,0,0,
ppo_release_v0,ppo_release_v1,random,4,S01:core_confirmation:c2,I,3,3,0,0.0
ppo_release_v0,ppo_release_v1,random,4,S02:core_confirmation:c0,I,0,2,0,
ppo_release_v0,ppo_release_v1,random,4,S02:core_confirmation:c1,I,3,5,0,0.0
ppo_release_v0,ppo_release_v1,random,4,S02:core_confirmation:c2,I,20,10,2,0.1
ppo_release_v0,ppo_release_v1,random,4,S08:core_confirmation:c0,I,0,0,0,
ppo_release_v0,ppo_release_v1,random,4,S08:core_confirmation:c1,I,0,0,0,
ppo_release_v0,ppo_release_v1,random,4,S08:core_confirmation:c2,I,0,0,0,
ppo_release_v0,ppo_release_v1,random,5,S01:core_confirmation:c0,R,0,1,0,
ppo_release_v0,ppo_release_v1,random,5,S01:core_confirmation:c1,R,0,4,0,
ppo_release_v0,ppo_release_v1,random,5,S01:core_confirmation:c2,R,0,2,0,
ppo_release_v0,ppo_release_v1,random,5,S02:core_confirmation:c0,R,0,1,0,
ppo_release_v0,ppo_release_v1,random,5,S02:core_confirmation:c1,R,0,2,0,
ppo_release_v0,ppo_release_v1,random,5,S02:core_confirmation:c2,R,0,0,0,
ppo_release_v0,ppo_release_v1,random,5,S08:core_confirmation:c0,R,0,4,0,
ppo_release_v0,ppo_release_v1,random,5,S08:core_confirmation:c1,R,0,3,0,
ppo_release_v0,ppo_release_v1,random,5,S08:core_confirmation:c2,R,0,3,0,
ppo_release_v0,ppo_release_v1,random,5,S01:core_confirmation:c0,I,0,0,0,
ppo_release_v0,ppo_release_v1,random,5,S01:core_confirmation:c1,I,0,0,0,
ppo_release_v0,ppo_release_v1,random,5,S01:core_confirmation:c2,I,3,4,0,0.0
ppo_release_v0,ppo_release_v1,random,5,S02:core_confirmation:c0,I,0,4,0,
ppo_release_v0,ppo_release_v1,random,5,S02:core_confirmation:c1,I,3,5,0,0.0
ppo_release_v0,ppo_release_v1,random,5,S02:core_confirmation:c2,I,20,5,1,0.05
ppo_release_v0,ppo_release_v1,random,5,S08:core_confirmation:c0,I,0,0,0,
ppo_release_v0,ppo_release_v1,random,5,S08:core_confirmation:c1,I,0,0,0,
ppo_release_v0,ppo_release_v1,random,5,S08:core_confirmation:c2,I,0,2,0,
ppo_release_v0,ppo_release_v1,random,6,S01:core_confirmation:c0,R,0,3,0,
ppo_release_v0,ppo_release_v1,random,6,S01:core_confirmation:c1,R,0,1,0,
ppo_release_v0,ppo_release_v1,random,6,S01:core_confirmation:c2,R,0,1,0,
ppo_release_v0,ppo_release_v1,random,6,S02:core_confirmation:c0,R,0,4,0,
ppo_release_v0,ppo_release_v1,random,6,S02:core_confirmation:c1,R,0,1,0,
ppo_release_v0,ppo_release_v1,random,6,S02:core_confirmation:c2,R,0,0,0,
ppo_release_v0,ppo_release_v1,random,6,S08:core_confirmation:c0,R,0,3,0,
ppo_release_v0,ppo_release_v1,random,6,S08:core_confirmation:c1,R,0,4,0,
ppo_release_v0,ppo_release_v1,random,6,S08:core_confirmation:c2,R,0,3,0,
ppo_release_v0,ppo_release_v1,random,6,S01:core_confirmation:c0,I,0,0,0,
ppo_release_v0,ppo_release_v1,random,6,S01:core_confirmation:c1,I,0,0,0,
ppo_release_v0,ppo_release_v1,random,6,S01:core_confirmation:c2,I,3,0,0,0.0
ppo_release_v0,ppo_release_v1,random,6,S02:core_confirmation:c0,I,0,7,0,
ppo_release_v0,ppo_release_v1,random,6,S02:core_confirmation:c1,I,3,2,0,0.0
ppo_release_v0,ppo_release_v1,random,6,S02:core_confirmation:c2,I,20,11,0,0.0
ppo_release_v0,ppo_release_v1,random,6,S08:core_confirmation:c0,I,0,0,0,
ppo_release_v0,ppo_release_v1,random,6,S08:core_confirmation:c1,I,0,0,0,
ppo_release_v0,ppo_release_v1,random,6,S08:core_confirmation:c2,I,0,0,0,
ppo_release_v0,ppo_release_v1,random,7,S01:core_confirmation:c0,R,0,4,0,
ppo_release_v0,ppo_release_v1,random,7,S01:core_confirmation:c1,R,0,3,0,
ppo_release_v0,ppo_release_v1,random,7,S01:core_confirmation:c2,R,0,1,0,
ppo_release_v0,ppo_release_v1,random,7,S02:core_confirmation:c0,R,0,0,0,
ppo_release_v0,ppo_release_v1,random,7,S02:core_confirmation:c1,R,0,0,0,
ppo_release_v0,ppo_release_v1,random,7,S02:core_confirmation:c2,R,0,0,0,
ppo_release_v0,ppo_release_v1,random,7,S08:core_confirmation:c0,R,0,1,0,
ppo_release_v0,ppo_release_v1,random,7,S08:core_confirmation:c1,R,0,4,0,
ppo_release_v0,ppo_release_v1,random,7,S08:core_confirmation:c2,R,0,7,0,
ppo_release_v0,ppo_release_v1,random,7,S01:core_confirmation:c0,I,0,0,0,
ppo_release_v0,ppo_release_v1,random,7,S01:core_confirmation:c1,I,0,0,0,
ppo_release_v0,ppo_release_v1,random,7,S01:core_confirmation:c2,I,3,1,0,0.0
ppo_release_v0,ppo_release_v1,random,7,S02:core_confirmation:c0,I,0,5,0,
ppo_release_v0,ppo_release_v1,random,7,S02:core_confirmation:c1,I,3,6,1,0.3333333333333333
ppo_release_v0,ppo_release_v1,random,7,S02:core_confirmation:c2,I,20,8,2,0.1
ppo_release_v0,ppo_release_v1,random,7,S08:core_confirmation:c0,I,0,0,0,
ppo_release_v0,ppo_release_v1,random,7,S08:core_confirmation:c1,I,0,0,0,
ppo_release_v0,ppo_release_v1,random,7,S08:core_confirmation:c2,I,0,0,0,
ppo_release_v0,ppo_release_v1,random,8,S01:core_confirmation:c0,R,0,4,0,
ppo_release_v0,ppo_release_v1,random,8,S01:core_confirmation:c1,R,0,3,0,
ppo_release_v0,ppo_release_v1,random,8,S01:core_confirmation:c2,R,0,1,0,
ppo_release_v0,ppo_release_v1,random,8,S02:core_confirmation:c0,R,0,1,0,
ppo_release_v0,ppo_release_v1,random,8,S02:core_confirmation:c1,R,0,2,0,
ppo_release_v0,ppo_release_v1,random,8,S02:core_confirmation:c2,R,0,0,0,
ppo_release_v0,ppo_release_v1,random,8,S08:core_confirmation:c0,R,0,6,0,
ppo_release_v0,ppo_release_v1,random,8,S08:core_confirmation:c1,R,0,2,0,
ppo_release_v0,ppo_release_v1,random,8,S08:core_confirmation:c2,R,0,1,0,
ppo_release_v0,ppo_release_v1,random,8,S01:core_confirmation:c0,I,0,0,0,
ppo_release_v0,ppo_release_v1,random,8,S01:core_confirmation:c1,I,0,0,0,
ppo_release_v0,ppo_release_v1,random,8,S01:core_confirmation:c2,I,3,1,0,0.0
ppo_release_v0,ppo_release_v1,random,8,S02:core_confirmation:c0,I,0,4,0,
ppo_release_v0,ppo_release_v1,random,8,S02:core_confirmation:c1,I,3,4,1,0.3333333333333333
ppo_release_v0,ppo_release_v1,random,8,S02:core_confirmation:c2,I,20,7,1,0.05
ppo_release_v0,ppo_release_v1,random,8,S08:core_confirmation:c0,I,0,0,0,
ppo_release_v0,ppo_release_v1,random,8,S08:core_confirmation:c1,I,0,0,0,
ppo_release_v0,ppo_release_v1,random,8,S08:core_confirmation:c2,I,0,4,0,
ppo_release_v0,ppo_release_v1,random,9,S01:core_confirmation:c0,R,0,3,0,
ppo_release_v0,ppo_release_v1,random,9,S01:core_confirmation:c1,R,0,5,0,
ppo_release_v0,ppo_release_v1,random,9,S01:core_confirmation:c2,R,0,1,0,
ppo_release_v0,ppo_release_v1,random,9,S02:core_confirmation:c0,R,0,0,0,
ppo_release_v0,ppo_release_v1,random,9,S02:core_confirmation:c1,R,0,1,0,
ppo_release_v0,ppo_release_v1,random,9,S02:core_confirmation:c2,R,0,0,0,
ppo_release_v0,ppo_release_v1,random,9,S08:core_confirmation:c0,R,0,4,0,
ppo_release_v0,ppo_release_v1,random,9,S08:core_confirmation:c1,R,0,3,0,
ppo_release_v0,ppo_release_v1,random,9,S08:core_confirmation:c2,R,0,3,0,
ppo_release_v0,ppo_release_v1,random,9,S01:core_confirmation:c0,I,0,0,0,
ppo_release_v0,ppo_release_v1,random,9,S01:core_confirmation:c1,I,0,0,0,
ppo_release_v0,ppo_release_v1,random,9,S01:core_confirmation:c2,I,3,3,0,0.0
ppo_release_v0,ppo_release_v1,random,9,S02:core_confirmation:c0,I,0,4,0,
ppo_release_v0,ppo_release_v1,random,9,S02:core_confirmation:c1,I,3,4,0,0.0
ppo_release_v0,ppo_release_v1,random,9,S02:core_confirmation:c2,I,20,7,0,0.0
ppo_release_v0,ppo_release_v1,random,9,S08:core_confirmation:c0,I,0,0,0,
ppo_release_v0,ppo_release_v1,random,9,S08:core_confirmation:c1,I,0,0,0,
ppo_release_v0,ppo_release_v1,random,9,S08:core_confirmation:c2,I,0,2,0,
ppo_release_v0,ppo_release_v1,static_risk,0,S01:core_confirmation:c0,R,0,0,0,
ppo_release_v0,ppo_release_v1,static_risk,0,S01:core_confirmation:c1,R,0,0,0,
ppo_release_v0,ppo_release_v1,static_risk,0,S01:core_confirmation:c2,R,0,1,0,
ppo_release_v0,ppo_release_v1,static_risk,0,S02:core_confirmation:c0,R,0,10,0,
ppo_release_v0,ppo_release_v1,static_risk,0,S02:core_confirmation:c1,R,0,9,0,
ppo_release_v0,ppo_release_v1,static_risk,0,S02:core_confirmation:c2,R,0,0,0,
ppo_release_v0,ppo_release_v1,static_risk,0,S08:core_confirmation:c0,R,0,0,0,
ppo_release_v0,ppo_release_v1,static_risk,0,S08:core_confirmation:c1,R,0,0,0,
ppo_release_v0,ppo_release_v1,static_risk,0,S08:core_confirmation:c2,R,0,0,0,
ppo_release_v0,ppo_release_v1,static_risk,0,S01:core_confirmation:c0,I,0,0,0,
ppo_release_v0,ppo_release_v1,static_risk,0,S01:core_confirmation:c1,I,0,0,0,
ppo_release_v0,ppo_release_v1,static_risk,0,S01:core_confirmation:c2,I,3,7,0,0.0
ppo_release_v0,ppo_release_v1,static_risk,0,S02:core_confirmation:c0,I,0,2,0,
ppo_release_v0,ppo_release_v1,static_risk,0,S02:core_confirmation:c1,I,3,7,2,0.6666666666666666
ppo_release_v0,ppo_release_v1,static_risk,0,S02:core_confirmation:c2,I,20,0,0,0.0
ppo_release_v0,ppo_release_v1,static_risk,0,S08:core_confirmation:c0,I,0,0,0,
ppo_release_v0,ppo_release_v1,static_risk,0,S08:core_confirmation:c1,I,0,0,0,
ppo_release_v0,ppo_release_v1,static_risk,0,S08:core_confirmation:c2,I,0,4,0,
ppo_release_v0,ppo_release_v1,static_boundary,0,S01:core_confirmation:c0,R,0,0,0,
ppo_release_v0,ppo_release_v1,static_boundary,0,S01:core_confirmation:c1,R,0,0,0,
ppo_release_v0,ppo_release_v1,static_boundary,0,S01:core_confirmation:c2,R,0,6,0,
ppo_release_v0,ppo_release_v1,static_boundary,0,S02:core_confirmation:c0,R,0,6,0,
ppo_release_v0,ppo_release_v1,static_boundary,0,S02:core_confirmation:c1,R,0,4,0,
ppo_release_v0,ppo_release_v1,static_boundary,0,S02:core_confirmation:c2,R,0,0,0,
ppo_release_v0,ppo_release_v1,static_boundary,0,S08:core_confirmation:c0,R,0,0,0,
ppo_release_v0,ppo_release_v1,static_boundary,0,S08:core_confirmation:c1,R,0,0,0,
ppo_release_v0,ppo_release_v1,static_boundary,0,S08:core_confirmation:c2,R,0,4,0,
ppo_release_v0,ppo_release_v1,static_boundary,0,S01:core_confirmation:c0,I,0,0,0,
ppo_release_v0,ppo_release_v1,static_boundary,0,S01:core_confirmation:c1,I,0,0,0,
ppo_release_v0,ppo_release_v1,static_boundary,0,S01:core_confirmation:c2,I,3,8,0,0.0
ppo_release_v0,ppo_release_v1,static_boundary,0,S02:core_confirmation:c0,I,0,4,0,
ppo_release_v0,ppo_release_v1,static_boundary,0,S02:core_confirmation:c1,I,3,4,1,0.3333333333333333
ppo_release_v0,ppo_release_v1,static_boundary,0,S02:core_confirmation:c2,I,20,0,0,0.0
ppo_release_v0,ppo_release_v1,static_boundary,0,S08:core_confirmation:c0,I,0,0,0,
ppo_release_v0,ppo_release_v1,static_boundary,0,S08:core_confirmation:c1,I,0,0,0,
ppo_release_v0,ppo_release_v1,static_boundary,0,S08:core_confirmation:c2,I,0,4,0,
ppo_release_v0,ppo_release_v1,center_residual,0,S01:core_confirmation:c0,R,0,0,0,
ppo_release_v0,ppo_release_v1,center_residual,0,S01:core_confirmation:c1,R,0,0,0,
ppo_release_v0,ppo_release_v1,center_residual,0,S01:core_confirmation:c2,R,0,3,0,
ppo_release_v0,ppo_release_v1,center_residual,0,S02:core_confirmation:c0,R,0,6,0,
ppo_release_v0,ppo_release_v1,center_residual,0,S02:core_confirmation:c1,R,0,6,0,
ppo_release_v0,ppo_release_v1,center_residual,0,S02:core_confirmation:c2,R,0,0,0,
ppo_release_v0,ppo_release_v1,center_residual,0,S08:core_confirmation:c0,R,0,0,0,
ppo_release_v0,ppo_release_v1,center_residual,0,S08:core_confirmation:c1,R,0,0,0,
ppo_release_v0,ppo_release_v1,center_residual,0,S08:core_confirmation:c2,R,0,5,0,
ppo_release_v0,ppo_release_v1,center_residual,0,S01:core_confirmation:c0,I,0,0,0,
ppo_release_v0,ppo_release_v1,center_residual,0,S01:core_confirmation:c1,I,0,0,0,
ppo_release_v0,ppo_release_v1,center_residual,0,S01:core_confirmation:c2,I,3,5,0,0.0
ppo_release_v0,ppo_release_v1,center_residual,0,S02:core_confirmation:c0,I,0,6,0,
ppo_release_v0,ppo_release_v1,center_residual,0,S02:core_confirmation:c1,I,3,7,2,0.6666666666666666
ppo_release_v0,ppo_release_v1,center_residual,0,S02:core_confirmation:c2,I,20,0,0,0.0
ppo_release_v0,ppo_release_v1,center_residual,0,S08:core_confirmation:c0,I,0,0,0,
ppo_release_v0,ppo_release_v1,center_residual,0,S08:core_confirmation:c1,I,0,0,0,
ppo_release_v0,ppo_release_v1,center_residual,0,S08:core_confirmation:c2,I,0,2,0,
ppo_release_v0,ppo_release_v1,coordinate_residual,0,S01:core_confirmation:c0,R,0,0,0,
ppo_release_v0,ppo_release_v1,coordinate_residual,0,S01:core_confirmation:c1,R,0,0,0,
ppo_release_v0,ppo_release_v1,coordinate_residual,0,S01:core_confirmation:c2,R,0,3,0,
ppo_release_v0,ppo_release_v1,coordinate_residual,0,S02:core_confirmation:c0,R,0,6,0,
ppo_release_v0,ppo_release_v1,coordinate_residual,0,S02:core_confirmation:c1,R,0,7,0,
ppo_release_v0,ppo_release_v1,coordinate_residual,0,S02:core_confirmation:c2,R,0,0,0,
ppo_release_v0,ppo_release_v1,coordinate_residual,0,S08:core_confirmation:c0,R,0,0,0,
ppo_release_v0,ppo_release_v1,coordinate_residual,0,S08:core_confirmation:c1,R,0,0,0,
ppo_release_v0,ppo_release_v1,coordinate_residual,0,S08:core_confirmation:c2,R,0,4,0,
ppo_release_v0,ppo_release_v1,coordinate_residual,0,S01:core_confirmation:c0,I,0,0,0,
ppo_release_v0,ppo_release_v1,coordinate_residual,0,S01:core_confirmation:c1,I,0,0,0,
ppo_release_v0,ppo_release_v1,coordinate_residual,0,S01:core_confirmation:c2,I,3,7,0,0.0
ppo_release_v0,ppo_release_v1,coordinate_residual,0,S02:core_confirmation:c0,I,0,5,0,
ppo_release_v0,ppo_release_v1,coordinate_residual,0,S02:core_confirmation:c1,I,3,8,2,0.6666666666666666
ppo_release_v0,ppo_release_v1,coordinate_residual,0,S02:core_confirmation:c2,I,20,0,0,0.0
ppo_release_v0,ppo_release_v1,coordinate_residual,0,S08:core_confirmation:c0,I,0,0,0,
ppo_release_v0,ppo_release_v1,coordinate_residual,0,S08:core_confirmation:c1,I,0,0,0,
ppo_release_v0,ppo_release_v1,coordinate_residual,0,S08:core_confirmation:c2,I,0,0,0,
ppo_release_v0,ppo_release_v1,target_only,0,S01:core_confirmation:c0,R,0,7,0,
ppo_release_v0,ppo_release_v1,target_only,0,S01:core_confirmation:c1,R,0,5,0,
ppo_release_v0,ppo_release_v1,target_only,0,S01:core_confirmation:c2,R,0,2,0,
ppo_release_v0,ppo_release_v1,target_only,0,S02:core_confirmation:c0,R,0,2,0,
ppo_release_v0,ppo_release_v1,target_only,0,S02:core_confirmation:c1,R,0,0,0,
ppo_release_v0,ppo_release_v1,target_only,0,S02:core_confirmation:c2,R,0,0,0,
ppo_release_v0,ppo_release_v1,target_only,0,S08:core_confirmation:c0,R,0,2,0,
ppo_release_v0,ppo_release_v1,target_only,0,S08:core_confirmation:c1,R,0,2,0,
ppo_release_v0,ppo_release_v1,target_only,0,S08:core_confirmation:c2,R,0,0,0,
ppo_release_v0,ppo_release_v1,target_only,0,S01:core_confirmation:c0,I,0,0,0,
ppo_release_v0,ppo_release_v1,target_only,0,S01:core_confirmation:c1,I,0,0,0,
ppo_release_v0,ppo_release_v1,target_only,0,S01:core_confirmation:c2,I,3,3,1,0.3333333333333333
ppo_release_v0,ppo_release_v1,target_only,0,S02:core_confirmation:c0,I,0,4,0,
ppo_release_v0,ppo_release_v1,target_only,0,S02:core_confirmation:c1,I,3,3,0,0.0
ppo_release_v0,ppo_release_v1,target_only,0,S02:core_confirmation:c2,I,20,9,0,0.0
ppo_release_v0,ppo_release_v1,target_only,0,S08:core_confirmation:c0,I,0,0,0,
ppo_release_v0,ppo_release_v1,target_only,0,S08:core_confirmation:c1,I,0,0,0,
ppo_release_v0,ppo_release_v1,target_only,0,S08:core_confirmation:c2,I,0,1,0,
ppo_release_v0,ppo_release_v1,directed_residual,0,S01:core_confirmation:c0,R,0,0,0,
ppo_release_v0,ppo_release_v1,directed_residual,0,S01:core_confirmation:c1,R,0,0,0,
ppo_release_v0,ppo_release_v1,directed_residual,0,S01:core_confirmation:c2,R,0,4,0,
ppo_release_v0,ppo_release_v1,directed_residual,0,S02:core_confirmation:c0,R,0,6,0,
ppo_release_v0,ppo_release_v1,directed_residual,0,S02:core_confirmation:c1,R,0,6,0,
ppo_release_v0,ppo_release_v1,directed_residual,0,S02:core_confirmation:c2,R,0,0,0,
ppo_release_v0,ppo_release_v1,directed_residual,0,S08:core_confirmation:c0,R,0,0,0,
ppo_release_v0,ppo_release_v1,directed_residual,0,S08:core_confirmation:c1,R,0,0,0,
ppo_release_v0,ppo_release_v1,directed_residual,0,S08:core_confirmation:c2,R,0,4,0,
ppo_release_v0,ppo_release_v1,directed_residual,0,S01:core_confirmation:c0,I,0,0,0,
ppo_release_v0,ppo_release_v1,directed_residual,0,S01:core_confirmation:c1,I,0,0,0,
ppo_release_v0,ppo_release_v1,directed_residual,0,S01:core_confirmation:c2,I,3,6,0,0.0
ppo_release_v0,ppo_release_v1,directed_residual,0,S02:core_confirmation:c0,I,0,6,0,
ppo_release_v0,ppo_release_v1,directed_residual,0,S02:core_confirmation:c1,I,3,7,2,0.6666666666666666
ppo_release_v0,ppo_release_v1,directed_residual,0,S02:core_confirmation:c2,I,20,0,0,0.0
ppo_release_v0,ppo_release_v1,directed_residual,0,S08:core_confirmation:c0,I,0,0,0,
ppo_release_v0,ppo_release_v1,directed_residual,0,S08:core_confirmation:c1,I,0,0,0,
ppo_release_v0,ppo_release_v1,directed_residual,0,S08:core_confirmation:c2,I,0,1,0,
ppo_release_v0,ppo_release_v1,directed_context_laplace,0,S01:core_confirmation:c0,R,0,0,0,
ppo_release_v0,ppo_release_v1,directed_context_laplace,0,S01:core_confirmation:c1,R,0,0,0,
ppo_release_v0,ppo_release_v1,directed_context_laplace,0,S01:core_confirmation:c2,R,0,4,0,
ppo_release_v0,ppo_release_v1,directed_context_laplace,0,S02:core_confirmation:c0,R,0,7,0,
ppo_release_v0,ppo_release_v1,directed_context_laplace,0,S02:core_confirmation:c1,R,0,5,0,
ppo_release_v0,ppo_release_v1,directed_context_laplace,0,S02:core_confirmation:c2,R,0,0,0,
ppo_release_v0,ppo_release_v1,directed_context_laplace,0,S08:core_confirmation:c0,R,0,0,0,
ppo_release_v0,ppo_release_v1,directed_context_laplace,0,S08:core_confirmation:c1,R,0,0,0,
ppo_release_v0,ppo_release_v1,directed_context_laplace,0,S08:core_confirmation:c2,R,0,4,0,
ppo_release_v0,ppo_release_v1,directed_context_laplace,0,S01:core_confirmation:c0,I,0,0,0,
ppo_release_v0,ppo_release_v1,directed_context_laplace,0,S01:core_confirmation:c1,I,0,0,0,
ppo_release_v0,ppo_release_v1,directed_context_laplace,0,S01:core_confirmation:c2,I,3,4,0,0.0
ppo_release_v0,ppo_release_v1,directed_context_laplace,0,S02:core_confirmation:c0,I,0,6,0,
ppo_release_v0,ppo_release_v1,directed_context_laplace,0,S02:core_confirmation:c1,I,3,7,2,0.6666666666666666
ppo_release_v0,ppo_release_v1,directed_context_laplace,0,S02:core_confirmation:c2,I,20,0,0,0.0
ppo_release_v0,ppo_release_v1,directed_context_laplace,0,S08:core_confirmation:c0,I,0,0,0,
ppo_release_v0,ppo_release_v1,directed_context_laplace,0,S08:core_confirmation:c1,I,0,0,0,
ppo_release_v0,ppo_release_v1,directed_context_laplace,0,S08:core_confirmation:c2,I,0,3,0,
ppo_release_v0,ppo_release_v1,directed_context_ucb,0,S01:core_confirmation:c0,R,0,0,0,
ppo_release_v0,ppo_release_v1,directed_context_ucb,0,S01:core_confirmation:c1,R,0,0,0,
ppo_release_v0,ppo_release_v1,directed_context_ucb,0,S01:core_confirmation:c2,R,0,5,0,
ppo_release_v0,ppo_release_v1,directed_context_ucb,0,S02:core_confirmation:c0,R,0,6,0,
ppo_release_v0,ppo_release_v1,directed_context_ucb,0,S02:core_confirmation:c1,R,0,5,0,
ppo_release_v0,ppo_release_v1,directed_context_ucb,0,S02:core_confirmation:c2,R,0,0,0,
ppo_release_v0,ppo_release_v1,directed_context_ucb,0,S08:core_confirmation:c0,R,0,0,0,
ppo_release_v0,ppo_release_v1,directed_context_ucb,0,S08:core_confirmation:c1,R,0,0,0,
ppo_release_v0,ppo_release_v1,directed_context_ucb,0,S08:core_confirmation:c2,R,0,4,0,
ppo_release_v0,ppo_release_v1,directed_context_ucb,0,S01:core_confirmation:c0,I,0,0,0,
ppo_release_v0,ppo_release_v1,directed_context_ucb,0,S01:core_confirmation:c1,I,0,0,0,
ppo_release_v0,ppo_release_v1,directed_context_ucb,0,S01:core_confirmation:c2,I,3,5,0,0.0
ppo_release_v0,ppo_release_v1,directed_context_ucb,0,S02:core_confirmation:c0,I,0,5,0,
ppo_release_v0,ppo_release_v1,directed_context_ucb,0,S02:core_confirmation:c1,I,3,7,2,0.6666666666666666
ppo_release_v0,ppo_release_v1,directed_context_ucb,0,S02:core_confirmation:c2,I,20,0,0,0.0
ppo_release_v0,ppo_release_v1,directed_context_ucb,0,S08:core_confirmation:c0,I,0,0,0,
ppo_release_v0,ppo_release_v1,directed_context_ucb,0,S08:core_confirmation:c1,I,0,0,0,
ppo_release_v0,ppo_release_v1,directed_context_ucb,0,S08:core_confirmation:c2,I,0,3,0,
ppo_release_v0,ppo_release_v1,directed_context_ucb_pure,0,S01:core_confirmation:c0,R,0,0,0,
ppo_release_v0,ppo_release_v1,directed_context_ucb_pure,0,S01:core_confirmation:c1,R,0,0,0,
ppo_release_v0,ppo_release_v1,directed_context_ucb_pure,0,S01:core_confirmation:c2,R,0,5,0,
ppo_release_v0,ppo_release_v1,directed_context_ucb_pure,0,S02:core_confirmation:c0,R,0,6,0,
ppo_release_v0,ppo_release_v1,directed_context_ucb_pure,0,S02:core_confirmation:c1,R,0,4,0,
ppo_release_v0,ppo_release_v1,directed_context_ucb_pure,0,S02:core_confirmation:c2,R,0,0,0,
ppo_release_v0,ppo_release_v1,directed_context_ucb_pure,0,S08:core_confirmation:c0,R,0,0,0,
ppo_release_v0,ppo_release_v1,directed_context_ucb_pure,0,S08:core_confirmation:c1,R,0,0,0,
ppo_release_v0,ppo_release_v1,directed_context_ucb_pure,0,S08:core_confirmation:c2,R,0,5,0,
ppo_release_v0,ppo_release_v1,directed_context_ucb_pure,0,S01:core_confirmation:c0,I,0,0,0,
ppo_release_v0,ppo_release_v1,directed_context_ucb_pure,0,S01:core_confirmation:c1,I,0,0,0,
ppo_release_v0,ppo_release_v1,directed_context_ucb_pure,0,S01:core_confirmation:c2,I,3,4,0,0.0
ppo_release_v0,ppo_release_v1,directed_context_ucb_pure,0,S02:core_confirmation:c0,I,0,5,0,
ppo_release_v0,ppo_release_v1,directed_context_ucb_pure,0,S02:core_confirmation:c1,I,3,7,2,0.6666666666666666
ppo_release_v0,ppo_release_v1,directed_context_ucb_pure,0,S02:core_confirmation:c2,I,20,0,0,0.0
ppo_release_v0,ppo_release_v1,directed_context_ucb_pure,0,S08:core_confirmation:c0,I,0,0,0,
ppo_release_v0,ppo_release_v1,directed_context_ucb_pure,0,S08:core_confirmation:c1,I,0,0,0,
ppo_release_v0,ppo_release_v1,directed_context_ucb_pure,0,S08:core_confirmation:c2,I,0,4,0,
ppo_release_v0,ppo_release_v1,static_margin_coverage,0,S01:core_confirmation:c0,R,0,1,0,
ppo_release_v0,ppo_release_v1,static_margin_coverage,0,S01:core_confirmation:c1,R,0,1,0,
ppo_release_v0,ppo_release_v1,static_margin_coverage,0,S01:core_confirmation:c2,R,0,5,0,
ppo_release_v0,ppo_release_v1,static_margin_coverage,0,S02:core_confirmation:c0,R,0,2,0,
ppo_release_v0,ppo_release_v1,static_margin_coverage,0,S02:core_confirmation:c1,R,0,2,0,
ppo_release_v0,ppo_release_v1,static_margin_coverage,0,S02:core_confirmation:c2,R,0,0,0,
ppo_release_v0,ppo_release_v1,static_margin_coverage,0,S08:core_confirmation:c0,R,0,1,0,
ppo_release_v0,ppo_release_v1,static_margin_coverage,0,S08:core_confirmation:c1,R,0,1,0,
ppo_release_v0,ppo_release_v1,static_margin_coverage,0,S08:core_confirmation:c2,R,0,7,0,
ppo_release_v0,ppo_release_v1,static_margin_coverage,0,S01:core_confirmation:c0,I,0,0,0,
ppo_release_v0,ppo_release_v1,static_margin_coverage,0,S01:core_confirmation:c1,I,0,0,0,
ppo_release_v0,ppo_release_v1,static_margin_coverage,0,S01:core_confirmation:c2,I,3,7,0,0.0
ppo_release_v0,ppo_release_v1,static_margin_coverage,0,S02:core_confirmation:c0,I,0,2,0,
ppo_release_v0,ppo_release_v1,static_margin_coverage,0,S02:core_confirmation:c1,I,3,7,2,0.6666666666666666
ppo_release_v0,ppo_release_v1,static_margin_coverage,0,S02:core_confirmation:c2,I,20,0,0,0.0
ppo_release_v0,ppo_release_v1,static_margin_coverage,0,S08:core_confirmation:c0,I,0,0,0,
ppo_release_v0,ppo_release_v1,static_margin_coverage,0,S08:core_confirmation:c1,I,0,0,0,
ppo_release_v0,ppo_release_v1,static_margin_coverage,0,S08:core_confirmation:c2,I,0,4,0,
ppo_release_v0,ppo_release_v1,coordinate_margin_frontier,0,S01:core_confirmation:c0,R,0,1,0,
ppo_release_v0,ppo_release_v1,coordinate_margin_frontier,0,S01:core_confirmation:c1,R,0,1,0,
ppo_release_v0,ppo_release_v1,coordinate_margin_frontier,0,S01:core_confirmation:c2,R,0,2,0,
ppo_release_v0,ppo_release_v1,coordinate_margin_frontier,0,S02:core_confirmation:c0,R,0,6,0,
ppo_release_v0,ppo_release_v1,coordinate_margin_frontier,0,S02:core_confirmation:c1,R,0,6,0,
ppo_release_v0,ppo_release_v1,coordinate_margin_frontier,0,S02:core_confirmation:c2,R,0,0,0,
ppo_release_v0,ppo_release_v1,coordinate_margin_frontier,0,S08:core_confirmation:c0,R,0,1,0,
ppo_release_v0,ppo_release_v1,coordinate_margin_frontier,0,S08:core_confirmation:c1,R,0,1,0,
ppo_release_v0,ppo_release_v1,coordinate_margin_frontier,0,S08:core_confirmation:c2,R,0,2,0,
ppo_release_v0,ppo_release_v1,coordinate_margin_frontier,0,S01:core_confirmation:c0,I,0,0,0,
ppo_release_v0,ppo_release_v1,coordinate_margin_frontier,0,S01:core_confirmation:c1,I,0,0,0,
ppo_release_v0,ppo_release_v1,coordinate_margin_frontier,0,S01:core_confirmation:c2,I,3,7,0,0.0
ppo_release_v0,ppo_release_v1,coordinate_margin_frontier,0,S02:core_confirmation:c0,I,0,6,0,
ppo_release_v0,ppo_release_v1,coordinate_margin_frontier,0,S02:core_confirmation:c1,I,3,7,2,0.6666666666666666
ppo_release_v0,ppo_release_v1,coordinate_margin_frontier,0,S02:core_confirmation:c2,I,20,0,0,0.0
ppo_release_v0,ppo_release_v1,coordinate_margin_frontier,0,S08:core_confirmation:c0,I,0,0,0,
ppo_release_v0,ppo_release_v1,coordinate_margin_frontier,0,S08:core_confirmation:c1,I,0,0,0,
ppo_release_v0,ppo_release_v1,coordinate_margin_frontier,0,S08:core_confirmation:c2,I,0,0,0,
ppo_release_v0,ppo_release_v1,directed_margin_frontier,0,S01:core_confirmation:c0,R,0,1,0,
ppo_release_v0,ppo_release_v1,directed_margin_frontier,0,S01:core_confirmation:c1,R,0,1,0,
ppo_release_v0,ppo_release_v1,directed_margin_frontier,0,S01:core_confirmation:c2,R,0,4,0,
ppo_release_v0,ppo_release_v1,directed_margin_frontier,0,S02:core_confirmation:c0,R,0,4,0,
ppo_release_v0,ppo_release_v1,directed_margin_frontier,0,S02:core_confirmation:c1,R,0,4,0,
ppo_release_v0,ppo_release_v1,directed_margin_frontier,0,S02:core_confirmation:c2,R,0,0,0,
ppo_release_v0,ppo_release_v1,directed_margin_frontier,0,S08:core_confirmation:c0,R,0,1,0,
ppo_release_v0,ppo_release_v1,directed_margin_frontier,0,S08:core_confirmation:c1,R,0,1,0,
ppo_release_v0,ppo_release_v1,directed_margin_frontier,0,S08:core_confirmation:c2,R,0,4,0,
ppo_release_v0,ppo_release_v1,directed_margin_frontier,0,S01:core_confirmation:c0,I,0,0,0,
ppo_release_v0,ppo_release_v1,directed_margin_frontier,0,S01:core_confirmation:c1,I,0,0,0,
ppo_release_v0,ppo_release_v1,directed_margin_frontier,0,S01:core_confirmation:c2,I,3,4,0,0.0
ppo_release_v0,ppo_release_v1,directed_margin_frontier,0,S02:core_confirmation:c0,I,0,5,0,
ppo_release_v0,ppo_release_v1,directed_margin_frontier,0,S02:core_confirmation:c1,I,3,7,2,0.6666666666666666
ppo_release_v0,ppo_release_v1,directed_margin_frontier,0,S02:core_confirmation:c2,I,20,0,0,0.0
ppo_release_v0,ppo_release_v1,directed_margin_frontier,0,S08:core_confirmation:c0,I,0,0,0,
ppo_release_v0,ppo_release_v1,directed_margin_frontier,0,S08:core_confirmation:c1,I,0,0,0,
ppo_release_v0,ppo_release_v1,directed_margin_frontier,0,S08:core_confirmation:c2,I,0,4,0,
ppo_release_v0,ppo_release_v1,static_dual_margin_coverage,0,S01:core_confirmation:c0,R,0,1,0,
ppo_release_v0,ppo_release_v1,static_dual_margin_coverage,0,S01:core_confirmation:c1,R,0,1,0,
ppo_release_v0,ppo_release_v1,static_dual_margin_coverage,0,S01:core_confirmation:c2,R,0,5,0,
ppo_release_v0,ppo_release_v1,static_dual_margin_coverage,0,S02:core_confirmation:c0,R,0,2,0,
ppo_release_v0,ppo_release_v1,static_dual_margin_coverage,0,S02:core_confirmation:c1,R,0,2,0,
ppo_release_v0,ppo_release_v1,static_dual_margin_coverage,0,S02:core_confirmation:c2,R,0,0,0,
ppo_release_v0,ppo_release_v1,static_dual_margin_coverage,0,S08:core_confirmation:c0,R,0,1,0,
ppo_release_v0,ppo_release_v1,static_dual_margin_coverage,0,S08:core_confirmation:c1,R,0,1,0,
ppo_release_v0,ppo_release_v1,static_dual_margin_coverage,0,S08:core_confirmation:c2,R,0,7,0,
ppo_release_v0,ppo_release_v1,static_dual_margin_coverage,0,S01:core_confirmation:c0,I,0,0,0,
ppo_release_v0,ppo_release_v1,static_dual_margin_coverage,0,S01:core_confirmation:c1,I,0,0,0,
ppo_release_v0,ppo_release_v1,static_dual_margin_coverage,0,S01:core_confirmation:c2,I,3,6,0,0.0
ppo_release_v0,ppo_release_v1,static_dual_margin_coverage,0,S02:core_confirmation:c0,I,0,1,0,
ppo_release_v0,ppo_release_v1,static_dual_margin_coverage,0,S02:core_confirmation:c1,I,3,1,0,0.0
ppo_release_v0,ppo_release_v1,static_dual_margin_coverage,0,S02:core_confirmation:c2,I,20,1,0,0.0
ppo_release_v0,ppo_release_v1,static_dual_margin_coverage,0,S08:core_confirmation:c0,I,0,0,0,
ppo_release_v0,ppo_release_v1,static_dual_margin_coverage,0,S08:core_confirmation:c1,I,0,0,0,
ppo_release_v0,ppo_release_v1,static_dual_margin_coverage,0,S08:core_confirmation:c2,I,0,11,0,
ppo_release_v0,ppo_release_v1,coordinate_dual_margin_frontier,0,S01:core_confirmation:c0,R,0,1,0,
ppo_release_v0,ppo_release_v1,coordinate_dual_margin_frontier,0,S01:core_confirmation:c1,R,0,1,0,
ppo_release_v0,ppo_release_v1,coordinate_dual_margin_frontier,0,S01:core_confirmation:c2,R,0,2,0,
ppo_release_v0,ppo_release_v1,coordinate_dual_margin_frontier,0,S02:core_confirmation:c0,R,0,6,0,
ppo_release_v0,ppo_release_v1,coordinate_dual_margin_frontier,0,S02:core_confirmation:c1,R,0,6,0,
ppo_release_v0,ppo_release_v1,coordinate_dual_margin_frontier,0,S02:core_confirmation:c2,R,0,0,0,
ppo_release_v0,ppo_release_v1,coordinate_dual_margin_frontier,0,S08:core_confirmation:c0,R,0,1,0,
ppo_release_v0,ppo_release_v1,coordinate_dual_margin_frontier,0,S08:core_confirmation:c1,R,0,1,0,
ppo_release_v0,ppo_release_v1,coordinate_dual_margin_frontier,0,S08:core_confirmation:c2,R,0,2,0,
ppo_release_v0,ppo_release_v1,coordinate_dual_margin_frontier,0,S01:core_confirmation:c0,I,0,0,0,
ppo_release_v0,ppo_release_v1,coordinate_dual_margin_frontier,0,S01:core_confirmation:c1,I,0,0,0,
ppo_release_v0,ppo_release_v1,coordinate_dual_margin_frontier,0,S01:core_confirmation:c2,I,3,2,0,0.0
ppo_release_v0,ppo_release_v1,coordinate_dual_margin_frontier,0,S02:core_confirmation:c0,I,0,4,0,
ppo_release_v0,ppo_release_v1,coordinate_dual_margin_frontier,0,S02:core_confirmation:c1,I,3,11,3,1.0
ppo_release_v0,ppo_release_v1,coordinate_dual_margin_frontier,0,S02:core_confirmation:c2,I,20,1,0,0.0
ppo_release_v0,ppo_release_v1,coordinate_dual_margin_frontier,0,S08:core_confirmation:c0,I,0,0,0,
ppo_release_v0,ppo_release_v1,coordinate_dual_margin_frontier,0,S08:core_confirmation:c1,I,0,0,0,
ppo_release_v0,ppo_release_v1,coordinate_dual_margin_frontier,0,S08:core_confirmation:c2,I,0,2,0,
ppo_release_v0,ppo_release_v1,directed_dual_margin_frontier,0,S01:core_confirmation:c0,R,0,1,0,
ppo_release_v0,ppo_release_v1,directed_dual_margin_frontier,0,S01:core_confirmation:c1,R,0,1,0,
ppo_release_v0,ppo_release_v1,directed_dual_margin_frontier,0,S01:core_confirmation:c2,R,0,4,0,
ppo_release_v0,ppo_release_v1,directed_dual_margin_frontier,0,S02:core_confirmation:c0,R,0,5,0,
ppo_release_v0,ppo_release_v1,directed_dual_margin_frontier,0,S02:core_confirmation:c1,R,0,4,0,
ppo_release_v0,ppo_release_v1,directed_dual_margin_frontier,0,S02:core_confirmation:c2,R,0,0,0,
ppo_release_v0,ppo_release_v1,directed_dual_margin_frontier,0,S08:core_confirmation:c0,R,0,1,0,
ppo_release_v0,ppo_release_v1,directed_dual_margin_frontier,0,S08:core_confirmation:c1,R,0,1,0,
ppo_release_v0,ppo_release_v1,directed_dual_margin_frontier,0,S08:core_confirmation:c2,R,0,3,0,
ppo_release_v0,ppo_release_v1,directed_dual_margin_frontier,0,S01:core_confirmation:c0,I,0,0,0,
ppo_release_v0,ppo_release_v1,directed_dual_margin_frontier,0,S01:core_confirmation:c1,I,0,0,0,
ppo_release_v0,ppo_release_v1,directed_dual_margin_frontier,0,S01:core_confirmation:c2,I,3,3,0,0.0
ppo_release_v0,ppo_release_v1,directed_dual_margin_frontier,0,S02:core_confirmation:c0,I,0,4,0,
ppo_release_v0,ppo_release_v1,directed_dual_margin_frontier,0,S02:core_confirmation:c1,I,3,10,3,1.0
ppo_release_v0,ppo_release_v1,directed_dual_margin_frontier,0,S02:core_confirmation:c2,I,20,1,0,0.0
ppo_release_v0,ppo_release_v1,directed_dual_margin_frontier,0,S08:core_confirmation:c0,I,0,0,0,
ppo_release_v0,ppo_release_v1,directed_dual_margin_frontier,0,S08:core_confirmation:c1,I,0,0,0,
ppo_release_v0,ppo_release_v1,directed_dual_margin_frontier,0,S08:core_confirmation:c2,I,0,2,0,
ppo_release_v0,ppo_release_v1,static_dual_coverage2,0,S01:core_confirmation:c0,R,0,1,0,
ppo_release_v0,ppo_release_v1,static_dual_coverage2,0,S01:core_confirmation:c1,R,0,1,0,
ppo_release_v0,ppo_release_v1,static_dual_coverage2,0,S01:core_confirmation:c2,R,0,5,0,
ppo_release_v0,ppo_release_v1,static_dual_coverage2,0,S02:core_confirmation:c0,R,0,2,0,
ppo_release_v0,ppo_release_v1,static_dual_coverage2,0,S02:core_confirmation:c1,R,0,2,0,
ppo_release_v0,ppo_release_v1,static_dual_coverage2,0,S02:core_confirmation:c2,R,0,0,0,
ppo_release_v0,ppo_release_v1,static_dual_coverage2,0,S08:core_confirmation:c0,R,0,1,0,
ppo_release_v0,ppo_release_v1,static_dual_coverage2,0,S08:core_confirmation:c1,R,0,1,0,
ppo_release_v0,ppo_release_v1,static_dual_coverage2,0,S08:core_confirmation:c2,R,0,7,0,
ppo_release_v0,ppo_release_v1,static_dual_coverage2,0,S01:core_confirmation:c0,I,0,0,0,
ppo_release_v0,ppo_release_v1,static_dual_coverage2,0,S01:core_confirmation:c1,I,0,0,0,
ppo_release_v0,ppo_release_v1,static_dual_coverage2,0,S01:core_confirmation:c2,I,3,2,0,0.0
ppo_release_v0,ppo_release_v1,static_dual_coverage2,0,S02:core_confirmation:c0,I,0,2,0,
ppo_release_v0,ppo_release_v1,static_dual_coverage2,0,S02:core_confirmation:c1,I,3,2,0,0.0
ppo_release_v0,ppo_release_v1,static_dual_coverage2,0,S02:core_confirmation:c2,I,20,2,0,0.0
ppo_release_v0,ppo_release_v1,static_dual_coverage2,0,S08:core_confirmation:c0,I,0,0,0,
ppo_release_v0,ppo_release_v1,static_dual_coverage2,0,S08:core_confirmation:c1,I,0,0,0,
ppo_release_v0,ppo_release_v1,static_dual_coverage2,0,S08:core_confirmation:c2,I,0,12,0,
ppo_release_v0,ppo_release_v1,coordinate_dual_local,0,S01:core_confirmation:c0,R,0,1,0,
ppo_release_v0,ppo_release_v1,coordinate_dual_local,0,S01:core_confirmation:c1,R,0,1,0,
ppo_release_v0,ppo_release_v1,coordinate_dual_local,0,S01:core_confirmation:c2,R,0,2,0,
ppo_release_v0,ppo_release_v1,coordinate_dual_local,0,S02:core_confirmation:c0,R,0,6,0,
ppo_release_v0,ppo_release_v1,coordinate_dual_local,0,S02:core_confirmation:c1,R,0,4,0,
ppo_release_v0,ppo_release_v1,coordinate_dual_local,0,S02:core_confirmation:c2,R,0,0,0,
ppo_release_v0,ppo_release_v1,coordinate_dual_local,0,S08:core_confirmation:c0,R,0,1,0,
ppo_release_v0,ppo_release_v1,coordinate_dual_local,0,S08:core_confirmation:c1,R,0,1,0,
ppo_release_v0,ppo_release_v1,coordinate_dual_local,0,S08:core_confirmation:c2,R,0,4,0,
ppo_release_v0,ppo_release_v1,coordinate_dual_local,0,S01:core_confirmation:c0,I,0,0,0,
ppo_release_v0,ppo_release_v1,coordinate_dual_local,0,S01:core_confirmation:c1,I,0,0,0,
ppo_release_v0,ppo_release_v1,coordinate_dual_local,0,S01:core_confirmation:c2,I,3,2,0,0.0
ppo_release_v0,ppo_release_v1,coordinate_dual_local,0,S02:core_confirmation:c0,I,0,4,0,
ppo_release_v0,ppo_release_v1,coordinate_dual_local,0,S02:core_confirmation:c1,I,3,10,3,1.0
ppo_release_v0,ppo_release_v1,coordinate_dual_local,0,S02:core_confirmation:c2,I,20,2,0,0.0
ppo_release_v0,ppo_release_v1,coordinate_dual_local,0,S08:core_confirmation:c0,I,0,0,0,
ppo_release_v0,ppo_release_v1,coordinate_dual_local,0,S08:core_confirmation:c1,I,0,0,0,
ppo_release_v0,ppo_release_v1,coordinate_dual_local,0,S08:core_confirmation:c2,I,0,2,0,
ppo_release_v0,ppo_release_v1,directed_dual_local,0,S01:core_confirmation:c0,R,0,1,0,
ppo_release_v0,ppo_release_v1,directed_dual_local,0,S01:core_confirmation:c1,R,0,1,0,
ppo_release_v0,ppo_release_v1,directed_dual_local,0,S01:core_confirmation:c2,R,0,3,0,
ppo_release_v0,ppo_release_v1,directed_dual_local,0,S02:core_confirmation:c0,R,0,5,0,
ppo_release_v0,ppo_release_v1,directed_dual_local,0,S02:core_confirmation:c1,R,0,4,0,
ppo_release_v0,ppo_release_v1,directed_dual_local,0,S02:core_confirmation:c2,R,0,0,0,
ppo_release_v0,ppo_release_v1,directed_dual_local,0,S08:core_confirmation:c0,R,0,1,0,
ppo_release_v0,ppo_release_v1,directed_dual_local,0,S08:core_confirmation:c1,R,0,1,0,
ppo_release_v0,ppo_release_v1,directed_dual_local,0,S08:core_confirmation:c2,R,0,4,0,
ppo_release_v0,ppo_release_v1,directed_dual_local,0,S01:core_confirmation:c0,I,0,0,0,
ppo_release_v0,ppo_release_v1,directed_dual_local,0,S01:core_confirmation:c1,I,0,0,0,
ppo_release_v0,ppo_release_v1,directed_dual_local,0,S01:core_confirmation:c2,I,3,2,0,0.0
ppo_release_v0,ppo_release_v1,directed_dual_local,0,S02:core_confirmation:c0,I,0,4,0,
ppo_release_v0,ppo_release_v1,directed_dual_local,0,S02:core_confirmation:c1,I,3,10,3,1.0
ppo_release_v0,ppo_release_v1,directed_dual_local,0,S02:core_confirmation:c2,I,20,2,0,0.0
ppo_release_v0,ppo_release_v1,directed_dual_local,0,S08:core_confirmation:c0,I,0,0,0,
ppo_release_v0,ppo_release_v1,directed_dual_local,0,S08:core_confirmation:c1,I,0,0,0,
ppo_release_v0,ppo_release_v1,directed_dual_local,0,S08:core_confirmation:c2,I,0,2,0,
ppo_release_v0,ppo_release_v1,static_majority_coverage2,0,S01:core_confirmation:c0,R,0,1,0,
ppo_release_v0,ppo_release_v1,static_majority_coverage2,0,S01:core_confirmation:c1,R,0,1,0,
ppo_release_v0,ppo_release_v1,static_majority_coverage2,0,S01:core_confirmation:c2,R,0,5,0,
ppo_release_v0,ppo_release_v1,static_majority_coverage2,0,S02:core_confirmation:c0,R,0,2,0,
ppo_release_v0,ppo_release_v1,static_majority_coverage2,0,S02:core_confirmation:c1,R,0,2,0,
ppo_release_v0,ppo_release_v1,static_majority_coverage2,0,S02:core_confirmation:c2,R,0,0,0,
ppo_release_v0,ppo_release_v1,static_majority_coverage2,0,S08:core_confirmation:c0,R,0,1,0,
ppo_release_v0,ppo_release_v1,static_majority_coverage2,0,S08:core_confirmation:c1,R,0,1,0,
ppo_release_v0,ppo_release_v1,static_majority_coverage2,0,S08:core_confirmation:c2,R,0,7,0,
ppo_release_v0,ppo_release_v1,static_majority_coverage2,0,S01:core_confirmation:c0,I,0,0,0,
ppo_release_v0,ppo_release_v1,static_majority_coverage2,0,S01:core_confirmation:c1,I,0,0,0,
ppo_release_v0,ppo_release_v1,static_majority_coverage2,0,S01:core_confirmation:c2,I,3,5,0,0.0
ppo_release_v0,ppo_release_v1,static_majority_coverage2,0,S02:core_confirmation:c0,I,0,2,0,
ppo_release_v0,ppo_release_v1,static_majority_coverage2,0,S02:core_confirmation:c1,I,3,0,0,0.0
ppo_release_v0,ppo_release_v1,static_majority_coverage2,0,S02:core_confirmation:c2,I,20,2,0,0.0
ppo_release_v0,ppo_release_v1,static_majority_coverage2,0,S08:core_confirmation:c0,I,0,0,0,
ppo_release_v0,ppo_release_v1,static_majority_coverage2,0,S08:core_confirmation:c1,I,0,0,0,
ppo_release_v0,ppo_release_v1,static_majority_coverage2,0,S08:core_confirmation:c2,I,0,11,0,
ppo_release_v0,ppo_release_v1,coordinate_majority_local,0,S01:core_confirmation:c0,R,0,1,0,
ppo_release_v0,ppo_release_v1,coordinate_majority_local,0,S01:core_confirmation:c1,R,0,1,0,
ppo_release_v0,ppo_release_v1,coordinate_majority_local,0,S01:core_confirmation:c2,R,0,3,0,
ppo_release_v0,ppo_release_v1,coordinate_majority_local,0,S02:core_confirmation:c0,R,0,6,0,
ppo_release_v0,ppo_release_v1,coordinate_majority_local,0,S02:core_confirmation:c1,R,0,3,0,
ppo_release_v0,ppo_release_v1,coordinate_majority_local,0,S02:core_confirmation:c2,R,0,0,0,
ppo_release_v0,ppo_release_v1,coordinate_majority_local,0,S08:core_confirmation:c0,R,0,1,0,
ppo_release_v0,ppo_release_v1,coordinate_majority_local,0,S08:core_confirmation:c1,R,0,1,0,
ppo_release_v0,ppo_release_v1,coordinate_majority_local,0,S08:core_confirmation:c2,R,0,4,0,
ppo_release_v0,ppo_release_v1,coordinate_majority_local,0,S01:core_confirmation:c0,I,0,0,0,
ppo_release_v0,ppo_release_v1,coordinate_majority_local,0,S01:core_confirmation:c1,I,0,0,0,
ppo_release_v0,ppo_release_v1,coordinate_majority_local,0,S01:core_confirmation:c2,I,3,2,0,0.0
ppo_release_v0,ppo_release_v1,coordinate_majority_local,0,S02:core_confirmation:c0,I,0,5,0,
ppo_release_v0,ppo_release_v1,coordinate_majority_local,0,S02:core_confirmation:c1,I,3,9,3,1.0
ppo_release_v0,ppo_release_v1,coordinate_majority_local,0,S02:core_confirmation:c2,I,20,2,0,0.0
ppo_release_v0,ppo_release_v1,coordinate_majority_local,0,S08:core_confirmation:c0,I,0,0,0,
ppo_release_v0,ppo_release_v1,coordinate_majority_local,0,S08:core_confirmation:c1,I,0,0,0,
ppo_release_v0,ppo_release_v1,coordinate_majority_local,0,S08:core_confirmation:c2,I,0,2,0,
ppo_release_v0,ppo_release_v1,directed_majority_local,0,S01:core_confirmation:c0,R,0,1,0,
ppo_release_v0,ppo_release_v1,directed_majority_local,0,S01:core_confirmation:c1,R,0,1,0,
ppo_release_v0,ppo_release_v1,directed_majority_local,0,S01:core_confirmation:c2,R,0,4,0,
ppo_release_v0,ppo_release_v1,directed_majority_local,0,S02:core_confirmation:c0,R,0,4,0,
ppo_release_v0,ppo_release_v1,directed_majority_local,0,S02:core_confirmation:c1,R,0,4,0,
ppo_release_v0,ppo_release_v1,directed_majority_local,0,S02:core_confirmation:c2,R,0,0,0,
ppo_release_v0,ppo_release_v1,directed_majority_local,0,S08:core_confirmation:c0,R,0,1,0,
ppo_release_v0,ppo_release_v1,directed_majority_local,0,S08:core_confirmation:c1,R,0,1,0,
ppo_release_v0,ppo_release_v1,directed_majority_local,0,S08:core_confirmation:c2,R,0,4,0,
ppo_release_v0,ppo_release_v1,directed_majority_local,0,S01:core_confirmation:c0,I,0,0,0,
ppo_release_v0,ppo_release_v1,directed_majority_local,0,S01:core_confirmation:c1,I,0,0,0,
ppo_release_v0,ppo_release_v1,directed_majority_local,0,S01:core_confirmation:c2,I,3,2,0,0.0
ppo_release_v0,ppo_release_v1,directed_majority_local,0,S02:core_confirmation:c0,I,0,5,0,
ppo_release_v0,ppo_release_v1,directed_majority_local,0,S02:core_confirmation:c1,I,3,9,3,1.0
ppo_release_v0,ppo_release_v1,directed_majority_local,0,S02:core_confirmation:c2,I,20,2,0,0.0
ppo_release_v0,ppo_release_v1,directed_majority_local,0,S08:core_confirmation:c0,I,0,0,0,
ppo_release_v0,ppo_release_v1,directed_majority_local,0,S08:core_confirmation:c1,I,0,0,0,
ppo_release_v0,ppo_release_v1,directed_majority_local,0,S08:core_confirmation:c2,I,0,2,0,
ppo_release_v0,ppo_release_v1,directed_gated_majority,0,S01:core_confirmation:c0,R,0,1,0,
ppo_release_v0,ppo_release_v1,directed_gated_majority,0,S01:core_confirmation:c1,R,0,1,0,
ppo_release_v0,ppo_release_v1,directed_gated_majority,0,S01:core_confirmation:c2,R,0,4,0,
ppo_release_v0,ppo_release_v1,directed_gated_majority,0,S02:core_confirmation:c0,R,0,5,0,
ppo_release_v0,ppo_release_v1,directed_gated_majority,0,S02:core_confirmation:c1,R,0,4,0,
ppo_release_v0,ppo_release_v1,directed_gated_majority,0,S02:core_confirmation:c2,R,0,0,0,
ppo_release_v0,ppo_release_v1,directed_gated_majority,0,S08:core_confirmation:c0,R,0,1,0,
ppo_release_v0,ppo_release_v1,directed_gated_majority,0,S08:core_confirmation:c1,R,0,1,0,
ppo_release_v0,ppo_release_v1,directed_gated_majority,0,S08:core_confirmation:c2,R,0,3,0,
ppo_release_v0,ppo_release_v1,directed_gated_majority,0,S01:core_confirmation:c0,I,0,0,0,
ppo_release_v0,ppo_release_v1,directed_gated_majority,0,S01:core_confirmation:c1,I,0,0,0,
ppo_release_v0,ppo_release_v1,directed_gated_majority,0,S01:core_confirmation:c2,I,3,3,0,0.0
ppo_release_v0,ppo_release_v1,directed_gated_majority,0,S02:core_confirmation:c0,I,0,5,0,
ppo_release_v0,ppo_release_v1,directed_gated_majority,0,S02:core_confirmation:c1,I,3,9,3,1.0
ppo_release_v0,ppo_release_v1,directed_gated_majority,0,S02:core_confirmation:c2,I,20,2,0,0.0
ppo_release_v0,ppo_release_v1,directed_gated_majority,0,S08:core_confirmation:c0,I,0,0,0,
ppo_release_v0,ppo_release_v1,directed_gated_majority,0,S08:core_confirmation:c1,I,0,0,0,
ppo_release_v0,ppo_release_v1,directed_gated_majority,0,S08:core_confirmation:c2,I,0,1,0,
ppo_release_v0,ppo_release_v1,static_role_coverage2,0,S01:core_confirmation:c0,R,0,1,0,
ppo_release_v0,ppo_release_v1,static_role_coverage2,0,S01:core_confirmation:c1,R,0,1,0,
ppo_release_v0,ppo_release_v1,static_role_coverage2,0,S01:core_confirmation:c2,R,0,5,0,
ppo_release_v0,ppo_release_v1,static_role_coverage2,0,S02:core_confirmation:c0,R,0,2,0,
ppo_release_v0,ppo_release_v1,static_role_coverage2,0,S02:core_confirmation:c1,R,0,2,0,
ppo_release_v0,ppo_release_v1,static_role_coverage2,0,S02:core_confirmation:c2,R,0,0,0,
ppo_release_v0,ppo_release_v1,static_role_coverage2,0,S08:core_confirmation:c0,R,0,1,0,
ppo_release_v0,ppo_release_v1,static_role_coverage2,0,S08:core_confirmation:c1,R,0,1,0,
ppo_release_v0,ppo_release_v1,static_role_coverage2,0,S08:core_confirmation:c2,R,0,7,0,
ppo_release_v0,ppo_release_v1,static_role_coverage2,0,S01:core_confirmation:c0,I,0,0,0,
ppo_release_v0,ppo_release_v1,static_role_coverage2,0,S01:core_confirmation:c1,I,0,0,0,
ppo_release_v0,ppo_release_v1,static_role_coverage2,0,S01:core_confirmation:c2,I,3,5,0,0.0
ppo_release_v0,ppo_release_v1,static_role_coverage2,0,S02:core_confirmation:c0,I,0,2,0,
ppo_release_v0,ppo_release_v1,static_role_coverage2,0,S02:core_confirmation:c1,I,3,0,0,0.0
ppo_release_v0,ppo_release_v1,static_role_coverage2,0,S02:core_confirmation:c2,I,20,2,0,0.0
ppo_release_v0,ppo_release_v1,static_role_coverage2,0,S08:core_confirmation:c0,I,0,0,0,
ppo_release_v0,ppo_release_v1,static_role_coverage2,0,S08:core_confirmation:c1,I,0,0,0,
ppo_release_v0,ppo_release_v1,static_role_coverage2,0,S08:core_confirmation:c2,I,0,11,0,
ppo_release_v0,ppo_release_v1,coordinate_role_gated,0,S01:core_confirmation:c0,R,0,1,0,
ppo_release_v0,ppo_release_v1,coordinate_role_gated,0,S01:core_confirmation:c1,R,0,1,0,
ppo_release_v0,ppo_release_v1,coordinate_role_gated,0,S01:core_confirmation:c2,R,0,2,0,
ppo_release_v0,ppo_release_v1,coordinate_role_gated,0,S02:core_confirmation:c0,R,0,8,0,
ppo_release_v0,ppo_release_v1,coordinate_role_gated,0,S02:core_confirmation:c1,R,0,5,0,
ppo_release_v0,ppo_release_v1,coordinate_role_gated,0,S02:core_confirmation:c2,R,0,0,0,
ppo_release_v0,ppo_release_v1,coordinate_role_gated,0,S08:core_confirmation:c0,R,0,1,0,
ppo_release_v0,ppo_release_v1,coordinate_role_gated,0,S08:core_confirmation:c1,R,0,1,0,
ppo_release_v0,ppo_release_v1,coordinate_role_gated,0,S08:core_confirmation:c2,R,0,1,0,
ppo_release_v0,ppo_release_v1,coordinate_role_gated,0,S01:core_confirmation:c0,I,0,0,0,
ppo_release_v0,ppo_release_v1,coordinate_role_gated,0,S01:core_confirmation:c1,I,0,0,0,
ppo_release_v0,ppo_release_v1,coordinate_role_gated,0,S01:core_confirmation:c2,I,3,2,0,0.0
ppo_release_v0,ppo_release_v1,coordinate_role_gated,0,S02:core_confirmation:c0,I,0,7,0,
ppo_release_v0,ppo_release_v1,coordinate_role_gated,0,S02:core_confirmation:c1,I,3,9,3,1.0
ppo_release_v0,ppo_release_v1,coordinate_role_gated,0,S02:core_confirmation:c2,I,20,2,0,0.0
ppo_release_v0,ppo_release_v1,coordinate_role_gated,0,S08:core_confirmation:c0,I,0,0,0,
ppo_release_v0,ppo_release_v1,coordinate_role_gated,0,S08:core_confirmation:c1,I,0,0,0,
ppo_release_v0,ppo_release_v1,coordinate_role_gated,0,S08:core_confirmation:c2,I,0,0,0,
ppo_release_v0,ppo_release_v1,directed_role_gated,0,S01:core_confirmation:c0,R,0,1,0,
ppo_release_v0,ppo_release_v1,directed_role_gated,0,S01:core_confirmation:c1,R,0,1,0,
ppo_release_v0,ppo_release_v1,directed_role_gated,0,S01:core_confirmation:c2,R,0,4,0,
ppo_release_v0,ppo_release_v1,directed_role_gated,0,S02:core_confirmation:c0,R,0,5,0,
ppo_release_v0,ppo_release_v1,directed_role_gated,0,S02:core_confirmation:c1,R,0,4,0,
ppo_release_v0,ppo_release_v1,directed_role_gated,0,S02:core_confirmation:c2,R,0,0,0,
ppo_release_v0,ppo_release_v1,directed_role_gated,0,S08:core_confirmation:c0,R,0,1,0,
ppo_release_v0,ppo_release_v1,directed_role_gated,0,S08:core_confirmation:c1,R,0,1,0,
ppo_release_v0,ppo_release_v1,directed_role_gated,0,S08:core_confirmation:c2,R,0,3,0,
ppo_release_v0,ppo_release_v1,directed_role_gated,0,S01:core_confirmation:c0,I,0,0,0,
ppo_release_v0,ppo_release_v1,directed_role_gated,0,S01:core_confirmation:c1,I,0,0,0,
ppo_release_v0,ppo_release_v1,directed_role_gated,0,S01:core_confirmation:c2,I,3,3,0,0.0
ppo_release_v0,ppo_release_v1,directed_role_gated,0,S02:core_confirmation:c0,I,0,5,0,
ppo_release_v0,ppo_release_v1,directed_role_gated,0,S02:core_confirmation:c1,I,3,9,3,1.0
ppo_release_v0,ppo_release_v1,directed_role_gated,0,S02:core_confirmation:c2,I,20,2,0,0.0
ppo_release_v0,ppo_release_v1,directed_role_gated,0,S08:core_confirmation:c0,I,0,0,0,
ppo_release_v0,ppo_release_v1,directed_role_gated,0,S08:core_confirmation:c1,I,0,0,0,
ppo_release_v0,ppo_release_v1,directed_role_gated,0,S08:core_confirmation:c2,I,0,1,0,
ppo_release_v0,ppo_release_v1,adaptive_role_hybrid,0,S01:core_confirmation:c0,R,0,1,0,
ppo_release_v0,ppo_release_v1,adaptive_role_hybrid,0,S01:core_confirmation:c1,R,0,1,0,
ppo_release_v0,ppo_release_v1,adaptive_role_hybrid,0,S01:core_confirmation:c2,R,0,5,0,
ppo_release_v0,ppo_release_v1,adaptive_role_hybrid,0,S02:core_confirmation:c0,R,0,2,0,
ppo_release_v0,ppo_release_v1,adaptive_role_hybrid,0,S02:core_confirmation:c1,R,0,2,0,
ppo_release_v0,ppo_release_v1,adaptive_role_hybrid,0,S02:core_confirmation:c2,R,0,0,0,
ppo_release_v0,ppo_release_v1,adaptive_role_hybrid,0,S08:core_confirmation:c0,R,0,1,0,
ppo_release_v0,ppo_release_v1,adaptive_role_hybrid,0,S08:core_confirmation:c1,R,0,1,0,
ppo_release_v0,ppo_release_v1,adaptive_role_hybrid,0,S08:core_confirmation:c2,R,0,7,0,
ppo_release_v0,ppo_release_v1,adaptive_role_hybrid,0,S01:core_confirmation:c0,I,0,0,0,
ppo_release_v0,ppo_release_v1,adaptive_role_hybrid,0,S01:core_confirmation:c1,I,0,0,0,
ppo_release_v0,ppo_release_v1,adaptive_role_hybrid,0,S01:core_confirmation:c2,I,3,4,0,0.0
ppo_release_v0,ppo_release_v1,adaptive_role_hybrid,0,S02:core_confirmation:c0,I,0,4,0,
ppo_release_v0,ppo_release_v1,adaptive_role_hybrid,0,S02:core_confirmation:c1,I,3,10,3,1.0
ppo_release_v0,ppo_release_v1,adaptive_role_hybrid,0,S02:core_confirmation:c2,I,20,2,0,0.0
ppo_release_v0,ppo_release_v1,adaptive_role_hybrid,0,S08:core_confirmation:c0,I,0,0,0,
ppo_release_v0,ppo_release_v1,adaptive_role_hybrid,0,S08:core_confirmation:c1,I,0,0,0,
ppo_release_v0,ppo_release_v1,adaptive_role_hybrid,0,S08:core_confirmation:c2,I,0,0,0,
ppo_release_v0,ppo_release_v1,multi_frontier_role,0,S01:core_confirmation:c0,R,0,1,0,
ppo_release_v0,ppo_release_v1,multi_frontier_role,0,S01:core_confirmation:c1,R,0,1,0,
ppo_release_v0,ppo_release_v1,multi_frontier_role,0,S01:core_confirmation:c2,R,0,4,0,
ppo_release_v0,ppo_release_v1,multi_frontier_role,0,S02:core_confirmation:c0,R,0,5,0,
ppo_release_v0,ppo_release_v1,multi_frontier_role,0,S02:core_confirmation:c1,R,0,4,0,
ppo_release_v0,ppo_release_v1,multi_frontier_role,0,S02:core_confirmation:c2,R,0,0,0,
ppo_release_v0,ppo_release_v1,multi_frontier_role,0,S08:core_confirmation:c0,R,0,1,0,
ppo_release_v0,ppo_release_v1,multi_frontier_role,0,S08:core_confirmation:c1,R,0,1,0,
ppo_release_v0,ppo_release_v1,multi_frontier_role,0,S08:core_confirmation:c2,R,0,3,0,
ppo_release_v0,ppo_release_v1,multi_frontier_role,0,S01:core_confirmation:c0,I,0,0,0,
ppo_release_v0,ppo_release_v1,multi_frontier_role,0,S01:core_confirmation:c1,I,0,0,0,
ppo_release_v0,ppo_release_v1,multi_frontier_role,0,S01:core_confirmation:c2,I,3,3,0,0.0
ppo_release_v0,ppo_release_v1,multi_frontier_role,0,S02:core_confirmation:c0,I,0,5,0,
ppo_release_v0,ppo_release_v1,multi_frontier_role,0,S02:core_confirmation:c1,I,3,9,3,1.0
ppo_release_v0,ppo_release_v1,multi_frontier_role,0,S02:core_confirmation:c2,I,20,2,0,0.0
ppo_release_v0,ppo_release_v1,multi_frontier_role,0,S08:core_confirmation:c0,I,0,0,0,
ppo_release_v0,ppo_release_v1,multi_frontier_role,0,S08:core_confirmation:c1,I,0,0,0,
ppo_release_v0,ppo_release_v1,multi_frontier_role,0,S08:core_confirmation:c2,I,0,1,0,
ppo_release_v0,ppo_release_v1,multi_frontier_diversified,0,S01:core_confirmation:c0,R,0,1,0,
ppo_release_v0,ppo_release_v1,multi_frontier_diversified,0,S01:core_confirmation:c1,R,0,1,0,
ppo_release_v0,ppo_release_v1,multi_frontier_diversified,0,S01:core_confirmation:c2,R,0,4,0,
ppo_release_v0,ppo_release_v1,multi_frontier_diversified,0,S02:core_confirmation:c0,R,0,5,0,
ppo_release_v0,ppo_release_v1,multi_frontier_diversified,0,S02:core_confirmation:c1,R,0,4,0,
ppo_release_v0,ppo_release_v1,multi_frontier_diversified,0,S02:core_confirmation:c2,R,0,0,0,
ppo_release_v0,ppo_release_v1,multi_frontier_diversified,0,S08:core_confirmation:c0,R,0,1,0,
ppo_release_v0,ppo_release_v1,multi_frontier_diversified,0,S08:core_confirmation:c1,R,0,1,0,
ppo_release_v0,ppo_release_v1,multi_frontier_diversified,0,S08:core_confirmation:c2,R,0,3,0,
ppo_release_v0,ppo_release_v1,multi_frontier_diversified,0,S01:core_confirmation:c0,I,0,0,0,
ppo_release_v0,ppo_release_v1,multi_frontier_diversified,0,S01:core_confirmation:c1,I,0,0,0,
ppo_release_v0,ppo_release_v1,multi_frontier_diversified,0,S01:core_confirmation:c2,I,3,3,0,0.0
ppo_release_v0,ppo_release_v1,multi_frontier_diversified,0,S02:core_confirmation:c0,I,0,5,0,
ppo_release_v0,ppo_release_v1,multi_frontier_diversified,0,S02:core_confirmation:c1,I,3,9,3,1.0
ppo_release_v0,ppo_release_v1,multi_frontier_diversified,0,S02:core_confirmation:c2,I,20,2,0,0.0
ppo_release_v0,ppo_release_v1,multi_frontier_diversified,0,S08:core_confirmation:c0,I,0,0,0,
ppo_release_v0,ppo_release_v1,multi_frontier_diversified,0,S08:core_confirmation:c1,I,0,0,0,
ppo_release_v0,ppo_release_v1,multi_frontier_diversified,0,S08:core_confirmation:c2,I,0,1,0,
ppo_release_v0,ppo_release_v1,coordinate_multi_frontier,0,S01:core_confirmation:c0,R,0,1,0,
ppo_release_v0,ppo_release_v1,coordinate_multi_frontier,0,S01:core_confirmation:c1,R,0,1,0,
ppo_release_v0,ppo_release_v1,coordinate_multi_frontier,0,S01:core_confirmation:c2,R,0,2,0,
ppo_release_v0,ppo_release_v1,coordinate_multi_frontier,0,S02:core_confirmation:c0,R,0,8,0,
ppo_release_v0,ppo_release_v1,coordinate_multi_frontier,0,S02:core_confirmation:c1,R,0,5,0,
ppo_release_v0,ppo_release_v1,coordinate_multi_frontier,0,S02:core_confirmation:c2,R,0,0,0,
ppo_release_v0,ppo_release_v1,coordinate_multi_frontier,0,S08:core_confirmation:c0,R,0,1,0,
ppo_release_v0,ppo_release_v1,coordinate_multi_frontier,0,S08:core_confirmation:c1,R,0,1,0,
ppo_release_v0,ppo_release_v1,coordinate_multi_frontier,0,S08:core_confirmation:c2,R,0,1,0,
ppo_release_v0,ppo_release_v1,coordinate_multi_frontier,0,S01:core_confirmation:c0,I,0,0,0,
ppo_release_v0,ppo_release_v1,coordinate_multi_frontier,0,S01:core_confirmation:c1,I,0,0,0,
ppo_release_v0,ppo_release_v1,coordinate_multi_frontier,0,S01:core_confirmation:c2,I,3,2,0,0.0
ppo_release_v0,ppo_release_v1,coordinate_multi_frontier,0,S02:core_confirmation:c0,I,0,7,0,
ppo_release_v0,ppo_release_v1,coordinate_multi_frontier,0,S02:core_confirmation:c1,I,3,9,3,1.0
ppo_release_v0,ppo_release_v1,coordinate_multi_frontier,0,S02:core_confirmation:c2,I,20,2,0,0.0
ppo_release_v0,ppo_release_v1,coordinate_multi_frontier,0,S08:core_confirmation:c0,I,0,0,0,
ppo_release_v0,ppo_release_v1,coordinate_multi_frontier,0,S08:core_confirmation:c1,I,0,0,0,
ppo_release_v0,ppo_release_v1,coordinate_multi_frontier,0,S08:core_confirmation:c2,I,0,0,0,
ppo_release_v0,ppo_release_v1,static_role_coverage_latest,0,S01:core_confirmation:c0,R,0,1,0,
ppo_release_v0,ppo_release_v1,static_role_coverage_latest,0,S01:core_confirmation:c1,R,0,1,0,
ppo_release_v0,ppo_release_v1,static_role_coverage_latest,0,S01:core_confirmation:c2,R,0,5,0,
ppo_release_v0,ppo_release_v1,static_role_coverage_latest,0,S02:core_confirmation:c0,R,0,2,0,
ppo_release_v0,ppo_release_v1,static_role_coverage_latest,0,S02:core_confirmation:c1,R,0,2,0,
ppo_release_v0,ppo_release_v1,static_role_coverage_latest,0,S02:core_confirmation:c2,R,0,0,0,
ppo_release_v0,ppo_release_v1,static_role_coverage_latest,0,S08:core_confirmation:c0,R,0,1,0,
ppo_release_v0,ppo_release_v1,static_role_coverage_latest,0,S08:core_confirmation:c1,R,0,1,0,
ppo_release_v0,ppo_release_v1,static_role_coverage_latest,0,S08:core_confirmation:c2,R,0,7,0,
ppo_release_v0,ppo_release_v1,static_role_coverage_latest,0,S01:core_confirmation:c0,I,0,0,0,
ppo_release_v0,ppo_release_v1,static_role_coverage_latest,0,S01:core_confirmation:c1,I,0,0,0,
ppo_release_v0,ppo_release_v1,static_role_coverage_latest,0,S01:core_confirmation:c2,I,3,0,0,0.0
ppo_release_v0,ppo_release_v1,static_role_coverage_latest,0,S02:core_confirmation:c0,I,0,9,0,
ppo_release_v0,ppo_release_v1,static_role_coverage_latest,0,S02:core_confirmation:c1,I,3,7,2,0.6666666666666666
ppo_release_v0,ppo_release_v1,static_role_coverage_latest,0,S02:core_confirmation:c2,I,20,4,0,0.0
ppo_release_v0,ppo_release_v1,static_role_coverage_latest,0,S08:core_confirmation:c0,I,0,0,0,
ppo_release_v0,ppo_release_v1,static_role_coverage_latest,0,S08:core_confirmation:c1,I,0,0,0,
ppo_release_v0,ppo_release_v1,static_role_coverage_latest,0,S08:core_confirmation:c2,I,0,0,0,
ppo_release_v0,ppo_release_v1,coordinate_role_gated_latest,0,S01:core_confirmation:c0,R,0,1,0,
ppo_release_v0,ppo_release_v1,coordinate_role_gated_latest,0,S01:core_confirmation:c1,R,0,1,0,
ppo_release_v0,ppo_release_v1,coordinate_role_gated_latest,0,S01:core_confirmation:c2,R,0,2,0,
ppo_release_v0,ppo_release_v1,coordinate_role_gated_latest,0,S02:core_confirmation:c0,R,0,7,0,
ppo_release_v0,ppo_release_v1,coordinate_role_gated_latest,0,S02:core_confirmation:c1,R,0,6,0,
ppo_release_v0,ppo_release_v1,coordinate_role_gated_latest,0,S02:core_confirmation:c2,R,0,0,0,
ppo_release_v0,ppo_release_v1,coordinate_role_gated_latest,0,S08:core_confirmation:c0,R,0,1,0,
ppo_release_v0,ppo_release_v1,coordinate_role_gated_latest,0,S08:core_confirmation:c1,R,0,1,0,
ppo_release_v0,ppo_release_v1,coordinate_role_gated_latest,0,S08:core_confirmation:c2,R,0,1,0,
ppo_release_v0,ppo_release_v1,coordinate_role_gated_latest,0,S01:core_confirmation:c0,I,0,0,0,
ppo_release_v0,ppo_release_v1,coordinate_role_gated_latest,0,S01:core_confirmation:c1,I,0,0,0,
ppo_release_v0,ppo_release_v1,coordinate_role_gated_latest,0,S01:core_confirmation:c2,I,3,3,0,0.0
ppo_release_v0,ppo_release_v1,coordinate_role_gated_latest,0,S02:core_confirmation:c0,I,0,5,0,
ppo_release_v0,ppo_release_v1,coordinate_role_gated_latest,0,S02:core_confirmation:c1,I,3,10,3,1.0
ppo_release_v0,ppo_release_v1,coordinate_role_gated_latest,0,S02:core_confirmation:c2,I,20,2,0,0.0
ppo_release_v0,ppo_release_v1,coordinate_role_gated_latest,0,S08:core_confirmation:c0,I,0,0,0,
ppo_release_v0,ppo_release_v1,coordinate_role_gated_latest,0,S08:core_confirmation:c1,I,0,0,0,
ppo_release_v0,ppo_release_v1,coordinate_role_gated_latest,0,S08:core_confirmation:c2,I,0,0,0,
ppo_release_v0,ppo_release_v1,directed_role_gated_latest,0,S01:core_confirmation:c0,R,0,1,0,
ppo_release_v0,ppo_release_v1,directed_role_gated_latest,0,S01:core_confirmation:c1,R,0,1,0,
ppo_release_v0,ppo_release_v1,directed_role_gated_latest,0,S01:core_confirmation:c2,R,0,4,0,
ppo_release_v0,ppo_release_v1,directed_role_gated_latest,0,S02:core_confirmation:c0,R,0,4,0,
ppo_release_v0,ppo_release_v1,directed_role_gated_latest,0,S02:core_confirmation:c1,R,0,4,0,
ppo_release_v0,ppo_release_v1,directed_role_gated_latest,0,S02:core_confirmation:c2,R,0,0,0,
ppo_release_v0,ppo_release_v1,directed_role_gated_latest,0,S08:core_confirmation:c0,R,0,1,0,
ppo_release_v0,ppo_release_v1,directed_role_gated_latest,0,S08:core_confirmation:c1,R,0,1,0,
ppo_release_v0,ppo_release_v1,directed_role_gated_latest,0,S08:core_confirmation:c2,R,0,4,0,
ppo_release_v0,ppo_release_v1,directed_role_gated_latest,0,S01:core_confirmation:c0,I,0,0,0,
ppo_release_v0,ppo_release_v1,directed_role_gated_latest,0,S01:core_confirmation:c1,I,0,0,0,
ppo_release_v0,ppo_release_v1,directed_role_gated_latest,0,S01:core_confirmation:c2,I,3,3,0,0.0
ppo_release_v0,ppo_release_v1,directed_role_gated_latest,0,S02:core_confirmation:c0,I,0,3,0,
ppo_release_v0,ppo_release_v1,directed_role_gated_latest,0,S02:core_confirmation:c1,I,3,9,3,1.0
ppo_release_v0,ppo_release_v1,directed_role_gated_latest,0,S02:core_confirmation:c2,I,20,2,0,0.0
ppo_release_v0,ppo_release_v1,directed_role_gated_latest,0,S08:core_confirmation:c0,I,0,0,0,
ppo_release_v0,ppo_release_v1,directed_role_gated_latest,0,S08:core_confirmation:c1,I,0,0,0,
ppo_release_v0,ppo_release_v1,directed_role_gated_latest,0,S08:core_confirmation:c2,I,0,3,0,
ppo_release_v0,ppo_release_v1,static_role_coverage_span,0,S01:core_confirmation:c0,R,0,1,0,
ppo_release_v0,ppo_release_v1,static_role_coverage_span,0,S01:core_confirmation:c1,R,0,1,0,
ppo_release_v0,ppo_release_v1,static_role_coverage_span,0,S01:core_confirmation:c2,R,0,5,0,
ppo_release_v0,ppo_release_v1,static_role_coverage_span,0,S02:core_confirmation:c0,R,0,2,0,
ppo_release_v0,ppo_release_v1,static_role_coverage_span,0,S02:core_confirmation:c1,R,0,2,0,
ppo_release_v0,ppo_release_v1,static_role_coverage_span,0,S02:core_confirmation:c2,R,0,0,0,
ppo_release_v0,ppo_release_v1,static_role_coverage_span,0,S08:core_confirmation:c0,R,0,1,0,
ppo_release_v0,ppo_release_v1,static_role_coverage_span,0,S08:core_confirmation:c1,R,0,1,0,
ppo_release_v0,ppo_release_v1,static_role_coverage_span,0,S08:core_confirmation:c2,R,0,7,0,
ppo_release_v0,ppo_release_v1,static_role_coverage_span,0,S01:core_confirmation:c0,I,0,0,0,
ppo_release_v0,ppo_release_v1,static_role_coverage_span,0,S01:core_confirmation:c1,I,0,0,0,
ppo_release_v0,ppo_release_v1,static_role_coverage_span,0,S01:core_confirmation:c2,I,3,5,0,0.0
ppo_release_v0,ppo_release_v1,static_role_coverage_span,0,S02:core_confirmation:c0,I,0,2,0,
ppo_release_v0,ppo_release_v1,static_role_coverage_span,0,S02:core_confirmation:c1,I,3,0,0,0.0
ppo_release_v0,ppo_release_v1,static_role_coverage_span,0,S02:core_confirmation:c2,I,20,2,0,0.0
ppo_release_v0,ppo_release_v1,static_role_coverage_span,0,S08:core_confirmation:c0,I,0,0,0,
ppo_release_v0,ppo_release_v1,static_role_coverage_span,0,S08:core_confirmation:c1,I,0,0,0,
ppo_release_v0,ppo_release_v1,static_role_coverage_span,0,S08:core_confirmation:c2,I,0,11,0,
ppo_release_v0,ppo_release_v1,coordinate_role_gated_span,0,S01:core_confirmation:c0,R,0,1,0,
ppo_release_v0,ppo_release_v1,coordinate_role_gated_span,0,S01:core_confirmation:c1,R,0,1,0,
ppo_release_v0,ppo_release_v1,coordinate_role_gated_span,0,S01:core_confirmation:c2,R,0,2,0,
ppo_release_v0,ppo_release_v1,coordinate_role_gated_span,0,S02:core_confirmation:c0,R,0,7,0,
ppo_release_v0,ppo_release_v1,coordinate_role_gated_span,0,S02:core_confirmation:c1,R,0,6,0,
ppo_release_v0,ppo_release_v1,coordinate_role_gated_span,0,S02:core_confirmation:c2,R,0,0,0,
ppo_release_v0,ppo_release_v1,coordinate_role_gated_span,0,S08:core_confirmation:c0,R,0,1,0,
ppo_release_v0,ppo_release_v1,coordinate_role_gated_span,0,S08:core_confirmation:c1,R,0,1,0,
ppo_release_v0,ppo_release_v1,coordinate_role_gated_span,0,S08:core_confirmation:c2,R,0,1,0,
ppo_release_v0,ppo_release_v1,coordinate_role_gated_span,0,S01:core_confirmation:c0,I,0,0,0,
ppo_release_v0,ppo_release_v1,coordinate_role_gated_span,0,S01:core_confirmation:c1,I,0,0,0,
ppo_release_v0,ppo_release_v1,coordinate_role_gated_span,0,S01:core_confirmation:c2,I,3,2,0,0.0
ppo_release_v0,ppo_release_v1,coordinate_role_gated_span,0,S02:core_confirmation:c0,I,0,6,0,
ppo_release_v0,ppo_release_v1,coordinate_role_gated_span,0,S02:core_confirmation:c1,I,3,10,3,1.0
ppo_release_v0,ppo_release_v1,coordinate_role_gated_span,0,S02:core_confirmation:c2,I,20,2,0,0.0
ppo_release_v0,ppo_release_v1,coordinate_role_gated_span,0,S08:core_confirmation:c0,I,0,0,0,
ppo_release_v0,ppo_release_v1,coordinate_role_gated_span,0,S08:core_confirmation:c1,I,0,0,0,
ppo_release_v0,ppo_release_v1,coordinate_role_gated_span,0,S08:core_confirmation:c2,I,0,0,0,
ppo_release_v0,ppo_release_v1,directed_role_gated_span,0,S01:core_confirmation:c0,R,0,1,0,
ppo_release_v0,ppo_release_v1,directed_role_gated_span,0,S01:core_confirmation:c1,R,0,1,0,
ppo_release_v0,ppo_release_v1,directed_role_gated_span,0,S01:core_confirmation:c2,R,0,4,0,
ppo_release_v0,ppo_release_v1,directed_role_gated_span,0,S02:core_confirmation:c0,R,0,5,0,
ppo_release_v0,ppo_release_v1,directed_role_gated_span,0,S02:core_confirmation:c1,R,0,4,0,
ppo_release_v0,ppo_release_v1,directed_role_gated_span,0,S02:core_confirmation:c2,R,0,0,0,
ppo_release_v0,ppo_release_v1,directed_role_gated_span,0,S08:core_confirmation:c0,R,0,1,0,
ppo_release_v0,ppo_release_v1,directed_role_gated_span,0,S08:core_confirmation:c1,R,0,1,0,
ppo_release_v0,ppo_release_v1,directed_role_gated_span,0,S08:core_confirmation:c2,R,0,3,0,
ppo_release_v0,ppo_release_v1,directed_role_gated_span,0,S01:core_confirmation:c0,I,0,0,0,
ppo_release_v0,ppo_release_v1,directed_role_gated_span,0,S01:core_confirmation:c1,I,0,0,0,
ppo_release_v0,ppo_release_v1,directed_role_gated_span,0,S01:core_confirmation:c2,I,3,3,0,0.0
ppo_release_v0,ppo_release_v1,directed_role_gated_span,0,S02:core_confirmation:c0,I,0,4,0,
ppo_release_v0,ppo_release_v1,directed_role_gated_span,0,S02:core_confirmation:c1,I,3,9,3,1.0
ppo_release_v0,ppo_release_v1,directed_role_gated_span,0,S02:core_confirmation:c2,I,20,2,0,0.0
ppo_release_v0,ppo_release_v1,directed_role_gated_span,0,S08:core_confirmation:c0,I,0,0,0,
ppo_release_v0,ppo_release_v1,directed_role_gated_span,0,S08:core_confirmation:c1,I,0,0,0,
ppo_release_v0,ppo_release_v1,directed_role_gated_span,0,S08:core_confirmation:c2,I,0,2,0,
ppo_release_v0,ppo_release_v1,directed_role_gated_edges,0,S01:core_confirmation:c0,R,0,1,0,
ppo_release_v0,ppo_release_v1,directed_role_gated_edges,0,S01:core_confirmation:c1,R,0,1,0,
ppo_release_v0,ppo_release_v1,directed_role_gated_edges,0,S01:core_confirmation:c2,R,0,4,0,
ppo_release_v0,ppo_release_v1,directed_role_gated_edges,0,S02:core_confirmation:c0,R,0,5,0,
ppo_release_v0,ppo_release_v1,directed_role_gated_edges,0,S02:core_confirmation:c1,R,0,4,0,
ppo_release_v0,ppo_release_v1,directed_role_gated_edges,0,S02:core_confirmation:c2,R,0,0,0,
ppo_release_v0,ppo_release_v1,directed_role_gated_edges,0,S08:core_confirmation:c0,R,0,1,0,
ppo_release_v0,ppo_release_v1,directed_role_gated_edges,0,S08:core_confirmation:c1,R,0,1,0,
ppo_release_v0,ppo_release_v1,directed_role_gated_edges,0,S08:core_confirmation:c2,R,0,3,0,
ppo_release_v0,ppo_release_v1,directed_role_gated_edges,0,S01:core_confirmation:c0,I,0,0,0,
ppo_release_v0,ppo_release_v1,directed_role_gated_edges,0,S01:core_confirmation:c1,I,0,0,0,
ppo_release_v0,ppo_release_v1,directed_role_gated_edges,0,S01:core_confirmation:c2,I,3,3,0,0.0
ppo_release_v0,ppo_release_v1,directed_role_gated_edges,0,S02:core_confirmation:c0,I,0,5,0,
ppo_release_v0,ppo_release_v1,directed_role_gated_edges,0,S02:core_confirmation:c1,I,3,9,3,1.0
ppo_release_v0,ppo_release_v1,directed_role_gated_edges,0,S02:core_confirmation:c2,I,20,2,0,0.0
ppo_release_v0,ppo_release_v1,directed_role_gated_edges,0,S08:core_confirmation:c0,I,0,0,0,
ppo_release_v0,ppo_release_v1,directed_role_gated_edges,0,S08:core_confirmation:c1,I,0,0,0,
ppo_release_v0,ppo_release_v1,directed_role_gated_edges,0,S08:core_confirmation:c2,I,0,1,0,
ppo_release_v1,ppo_release_v2,random,0,S01:core_confirmation:c0,R,0,5,0,
ppo_release_v1,ppo_release_v2,random,0,S01:core_confirmation:c1,R,1,3,0,0.0
ppo_release_v1,ppo_release_v2,random,0,S01:core_confirmation:c2,R,0,3,0,
ppo_release_v1,ppo_release_v2,random,0,S02:core_confirmation:c0,R,0,1,0,
ppo_release_v1,ppo_release_v2,random,0,S02:core_confirmation:c1,R,0,2,0,
ppo_release_v1,ppo_release_v2,random,0,S02:core_confirmation:c2,R,0,1,0,
ppo_release_v1,ppo_release_v2,random,0,S08:core_confirmation:c0,R,0,1,0,
ppo_release_v1,ppo_release_v2,random,0,S08:core_confirmation:c1,R,0,3,0,
ppo_release_v1,ppo_release_v2,random,0,S08:core_confirmation:c2,R,0,1,0,
ppo_release_v1,ppo_release_v2,random,0,S01:core_confirmation:c0,I,0,0,0,
ppo_release_v1,ppo_release_v2,random,0,S01:core_confirmation:c1,I,0,0,0,
ppo_release_v1,ppo_release_v2,random,0,S01:core_confirmation:c2,I,0,2,0,
ppo_release_v1,ppo_release_v2,random,0,S02:core_confirmation:c0,I,11,8,2,0.18181818181818182
ppo_release_v1,ppo_release_v2,random,0,S02:core_confirmation:c1,I,0,4,0,
ppo_release_v1,ppo_release_v2,random,0,S02:core_confirmation:c2,I,9,6,1,0.1111111111111111
ppo_release_v1,ppo_release_v2,random,0,S08:core_confirmation:c0,I,0,0,0,
ppo_release_v1,ppo_release_v2,random,0,S08:core_confirmation:c1,I,0,0,0,
ppo_release_v1,ppo_release_v2,random,0,S08:core_confirmation:c2,I,0,0,0,
ppo_release_v1,ppo_release_v2,random,1,S01:core_confirmation:c0,R,0,1,0,
ppo_release_v1,ppo_release_v2,random,1,S01:core_confirmation:c1,R,1,3,0,0.0
ppo_release_v1,ppo_release_v2,random,1,S01:core_confirmation:c2,R,0,4,0,
ppo_release_v1,ppo_release_v2,random,1,S02:core_confirmation:c0,R,0,1,0,
ppo_release_v1,ppo_release_v2,random,1,S02:core_confirmation:c1,R,0,1,0,
ppo_release_v1,ppo_release_v2,random,1,S02:core_confirmation:c2,R,0,3,0,
ppo_release_v1,ppo_release_v2,random,1,S08:core_confirmation:c0,R,0,3,0,
ppo_release_v1,ppo_release_v2,random,1,S08:core_confirmation:c1,R,0,3,0,
ppo_release_v1,ppo_release_v2,random,1,S08:core_confirmation:c2,R,0,1,0,
ppo_release_v1,ppo_release_v2,random,1,S01:core_confirmation:c0,I,0,0,0,
ppo_release_v1,ppo_release_v2,random,1,S01:core_confirmation:c1,I,0,0,0,
ppo_release_v1,ppo_release_v2,random,1,S01:core_confirmation:c2,I,0,0,0,
ppo_release_v1,ppo_release_v2,random,1,S02:core_confirmation:c0,I,11,3,0,0.0
ppo_release_v1,ppo_release_v2,random,1,S02:core_confirmation:c1,I,0,5,0,
ppo_release_v1,ppo_release_v2,random,1,S02:core_confirmation:c2,I,9,10,1,0.1111111111111111
ppo_release_v1,ppo_release_v2,random,1,S08:core_confirmation:c0,I,0,0,0,
ppo_release_v1,ppo_release_v2,random,1,S08:core_confirmation:c1,I,0,0,0,
ppo_release_v1,ppo_release_v2,random,1,S08:core_confirmation:c2,I,0,2,0,
ppo_release_v1,ppo_release_v2,random,2,S01:core_confirmation:c0,R,0,3,0,
ppo_release_v1,ppo_release_v2,random,2,S01:core_confirmation:c1,R,1,4,0,0.0
ppo_release_v1,ppo_release_v2,random,2,S01:core_confirmation:c2,R,0,1,0,
ppo_release_v1,ppo_release_v2,random,2,S02:core_confirmation:c0,R,0,2,0,
ppo_release_v1,ppo_release_v2,random,2,S02:core_confirmation:c1,R,0,3,0,
ppo_release_v1,ppo_release_v2,random,2,S02:core_confirmation:c2,R,0,0,0,
ppo_release_v1,ppo_release_v2,random,2,S08:core_confirmation:c0,R,0,3,0,
ppo_release_v1,ppo_release_v2,random,2,S08:core_confirmation:c1,R,0,1,0,
ppo_release_v1,ppo_release_v2,random,2,S08:core_confirmation:c2,R,0,3,0,
ppo_release_v1,ppo_release_v2,random,2,S01:core_confirmation:c0,I,0,0,0,
ppo_release_v1,ppo_release_v2,random,2,S01:core_confirmation:c1,I,0,0,0,
ppo_release_v1,ppo_release_v2,random,2,S01:core_confirmation:c2,I,0,1,0,
ppo_release_v1,ppo_release_v2,random,2,S02:core_confirmation:c0,I,11,8,0,0.0
ppo_release_v1,ppo_release_v2,random,2,S02:core_confirmation:c1,I,0,1,0,
ppo_release_v1,ppo_release_v2,random,2,S02:core_confirmation:c2,I,9,6,1,0.1111111111111111
ppo_release_v1,ppo_release_v2,random,2,S08:core_confirmation:c0,I,0,0,0,
ppo_release_v1,ppo_release_v2,random,2,S08:core_confirmation:c1,I,0,0,0,
ppo_release_v1,ppo_release_v2,random,2,S08:core_confirmation:c2,I,0,4,0,
ppo_release_v1,ppo_release_v2,random,3,S01:core_confirmation:c0,R,0,2,0,
ppo_release_v1,ppo_release_v2,random,3,S01:core_confirmation:c1,R,1,3,0,0.0
ppo_release_v1,ppo_release_v2,random,3,S01:core_confirmation:c2,R,0,2,0,
ppo_release_v1,ppo_release_v2,random,3,S02:core_confirmation:c0,R,0,0,0,
ppo_release_v1,ppo_release_v2,random,3,S02:core_confirmation:c1,R,0,3,0,
ppo_release_v1,ppo_release_v2,random,3,S02:core_confirmation:c2,R,0,2,0,
ppo_release_v1,ppo_release_v2,random,3,S08:core_confirmation:c0,R,0,1,0,
ppo_release_v1,ppo_release_v2,random,3,S08:core_confirmation:c1,R,0,2,0,
ppo_release_v1,ppo_release_v2,random,3,S08:core_confirmation:c2,R,0,5,0,
ppo_release_v1,ppo_release_v2,random,3,S01:core_confirmation:c0,I,0,0,0,
ppo_release_v1,ppo_release_v2,random,3,S01:core_confirmation:c1,I,0,0,0,
ppo_release_v1,ppo_release_v2,random,3,S01:core_confirmation:c2,I,0,3,0,
ppo_release_v1,ppo_release_v2,random,3,S02:core_confirmation:c0,I,11,8,1,0.09090909090909091
ppo_release_v1,ppo_release_v2,random,3,S02:core_confirmation:c1,I,0,3,0,
ppo_release_v1,ppo_release_v2,random,3,S02:core_confirmation:c2,I,9,5,0,0.0
ppo_release_v1,ppo_release_v2,random,3,S08:core_confirmation:c0,I,0,0,0,
ppo_release_v1,ppo_release_v2,random,3,S08:core_confirmation:c1,I,0,0,0,
ppo_release_v1,ppo_release_v2,random,3,S08:core_confirmation:c2,I,0,1,0,
ppo_release_v1,ppo_release_v2,random,4,S01:core_confirmation:c0,R,0,4,0,
ppo_release_v1,ppo_release_v2,random,4,S01:core_confirmation:c1,R,1,8,0,0.0
ppo_release_v1,ppo_release_v2,random,4,S01:core_confirmation:c2,R,0,2,0,
ppo_release_v1,ppo_release_v2,random,4,S02:core_confirmation:c0,R,0,0,0,
ppo_release_v1,ppo_release_v2,random,4,S02:core_confirmation:c1,R,0,0,0,
ppo_release_v1,ppo_release_v2,random,4,S02:core_confirmation:c2,R,0,0,0,
ppo_release_v1,ppo_release_v2,random,4,S08:core_confirmation:c0,R,0,1,0,
ppo_release_v1,ppo_release_v2,random,4,S08:core_confirmation:c1,R,0,2,0,
ppo_release_v1,ppo_release_v2,random,4,S08:core_confirmation:c2,R,0,3,0,
ppo_release_v1,ppo_release_v2,random,4,S01:core_confirmation:c0,I,0,0,0,
ppo_release_v1,ppo_release_v2,random,4,S01:core_confirmation:c1,I,0,0,0,
ppo_release_v1,ppo_release_v2,random,4,S01:core_confirmation:c2,I,0,2,0,
ppo_release_v1,ppo_release_v2,random,4,S02:core_confirmation:c0,I,11,3,0,0.0
ppo_release_v1,ppo_release_v2,random,4,S02:core_confirmation:c1,I,0,3,0,
ppo_release_v1,ppo_release_v2,random,4,S02:core_confirmation:c2,I,9,11,1,0.1111111111111111
ppo_release_v1,ppo_release_v2,random,4,S08:core_confirmation:c0,I,0,0,0,
ppo_release_v1,ppo_release_v2,random,4,S08:core_confirmation:c1,I,0,0,0,
ppo_release_v1,ppo_release_v2,random,4,S08:core_confirmation:c2,I,0,1,0,
ppo_release_v1,ppo_release_v2,random,5,S01:core_confirmation:c0,R,0,1,0,
ppo_release_v1,ppo_release_v2,random,5,S01:core_confirmation:c1,R,1,4,0,0.0
ppo_release_v1,ppo_release_v2,random,5,S01:core_confirmation:c2,R,0,2,0,
ppo_release_v1,ppo_release_v2,random,5,S02:core_confirmation:c0,R,0,2,0,
ppo_release_v1,ppo_release_v2,random,5,S02:core_confirmation:c1,R,0,1,0,
ppo_release_v1,ppo_release_v2,random,5,S02:core_confirmation:c2,R,0,1,0,
ppo_release_v1,ppo_release_v2,random,5,S08:core_confirmation:c0,R,0,3,0,
ppo_release_v1,ppo_release_v2,random,5,S08:core_confirmation:c1,R,0,2,0,
ppo_release_v1,ppo_release_v2,random,5,S08:core_confirmation:c2,R,0,4,0,
ppo_release_v1,ppo_release_v2,random,5,S01:core_confirmation:c0,I,0,0,0,
ppo_release_v1,ppo_release_v2,random,5,S01:core_confirmation:c1,I,0,0,0,
ppo_release_v1,ppo_release_v2,random,5,S01:core_confirmation:c2,I,0,2,0,
ppo_release_v1,ppo_release_v2,random,5,S02:core_confirmation:c0,I,11,6,0,0.0
ppo_release_v1,ppo_release_v2,random,5,S02:core_confirmation:c1,I,0,3,0,
ppo_release_v1,ppo_release_v2,random,5,S02:core_confirmation:c2,I,9,7,0,0.0
ppo_release_v1,ppo_release_v2,random,5,S08:core_confirmation:c0,I,0,0,0,
ppo_release_v1,ppo_release_v2,random,5,S08:core_confirmation:c1,I,0,0,0,
ppo_release_v1,ppo_release_v2,random,5,S08:core_confirmation:c2,I,0,2,0,
ppo_release_v1,ppo_release_v2,random,6,S01:core_confirmation:c0,R,0,3,0,
ppo_release_v1,ppo_release_v2,random,6,S01:core_confirmation:c1,R,1,1,0,0.0
ppo_release_v1,ppo_release_v2,random,6,S01:core_confirmation:c2,R,0,1,0,
ppo_release_v1,ppo_release_v2,random,6,S02:core_confirmation:c0,R,0,4,0,
ppo_release_v1,ppo_release_v2,random,6,S02:core_confirmation:c1,R,0,1,0,
ppo_release_v1,ppo_release_v2,random,6,S02:core_confirmation:c2,R,0,0,0,
ppo_release_v1,ppo_release_v2,random,6,S08:core_confirmation:c0,R,0,3,0,
ppo_release_v1,ppo_release_v2,random,6,S08:core_confirmation:c1,R,0,6,0,
ppo_release_v1,ppo_release_v2,random,6,S08:core_confirmation:c2,R,0,1,0,
ppo_release_v1,ppo_release_v2,random,6,S01:core_confirmation:c0,I,0,0,0,
ppo_release_v1,ppo_release_v2,random,6,S01:core_confirmation:c1,I,0,0,0,
ppo_release_v1,ppo_release_v2,random,6,S01:core_confirmation:c2,I,0,1,0,
ppo_release_v1,ppo_release_v2,random,6,S02:core_confirmation:c0,I,11,7,1,0.09090909090909091
ppo_release_v1,ppo_release_v2,random,6,S02:core_confirmation:c1,I,0,4,0,
ppo_release_v1,ppo_release_v2,random,6,S02:core_confirmation:c2,I,9,8,1,0.1111111111111111
ppo_release_v1,ppo_release_v2,random,6,S08:core_confirmation:c0,I,0,0,0,
ppo_release_v1,ppo_release_v2,random,6,S08:core_confirmation:c1,I,0,0,0,
ppo_release_v1,ppo_release_v2,random,6,S08:core_confirmation:c2,I,0,0,0,
ppo_release_v1,ppo_release_v2,random,7,S01:core_confirmation:c0,R,0,4,0,
ppo_release_v1,ppo_release_v2,random,7,S01:core_confirmation:c1,R,1,3,0,0.0
ppo_release_v1,ppo_release_v2,random,7,S01:core_confirmation:c2,R,0,1,0,
ppo_release_v1,ppo_release_v2,random,7,S02:core_confirmation:c0,R,0,0,0,
ppo_release_v1,ppo_release_v2,random,7,S02:core_confirmation:c1,R,0,0,0,
ppo_release_v1,ppo_release_v2,random,7,S02:core_confirmation:c2,R,0,0,0,
ppo_release_v1,ppo_release_v2,random,7,S08:core_confirmation:c0,R,0,2,0,
ppo_release_v1,ppo_release_v2,random,7,S08:core_confirmation:c1,R,0,5,0,
ppo_release_v1,ppo_release_v2,random,7,S08:core_confirmation:c2,R,0,5,0,
ppo_release_v1,ppo_release_v2,random,7,S01:core_confirmation:c0,I,0,0,0,
ppo_release_v1,ppo_release_v2,random,7,S01:core_confirmation:c1,I,0,0,0,
ppo_release_v1,ppo_release_v2,random,7,S01:core_confirmation:c2,I,0,1,0,
ppo_release_v1,ppo_release_v2,random,7,S02:core_confirmation:c0,I,11,4,1,0.09090909090909091
ppo_release_v1,ppo_release_v2,random,7,S02:core_confirmation:c1,I,0,8,0,
ppo_release_v1,ppo_release_v2,random,7,S02:core_confirmation:c2,I,9,7,0,0.0
ppo_release_v1,ppo_release_v2,random,7,S08:core_confirmation:c0,I,0,0,0,
ppo_release_v1,ppo_release_v2,random,7,S08:core_confirmation:c1,I,0,0,0,
ppo_release_v1,ppo_release_v2,random,7,S08:core_confirmation:c2,I,0,0,0,
ppo_release_v1,ppo_release_v2,random,8,S01:core_confirmation:c0,R,0,4,0,
ppo_release_v1,ppo_release_v2,random,8,S01:core_confirmation:c1,R,1,3,0,0.0
ppo_release_v1,ppo_release_v2,random,8,S01:core_confirmation:c2,R,0,1,0,
ppo_release_v1,ppo_release_v2,random,8,S02:core_confirmation:c0,R,0,1,0,
ppo_release_v1,ppo_release_v2,random,8,S02:core_confirmation:c1,R,0,2,0,
ppo_release_v1,ppo_release_v2,random,8,S02:core_confirmation:c2,R,0,2,0,
ppo_release_v1,ppo_release_v2,random,8,S08:core_confirmation:c0,R,0,4,0,
ppo_release_v1,ppo_release_v2,random,8,S08:core_confirmation:c1,R,0,2,0,
ppo_release_v1,ppo_release_v2,random,8,S08:core_confirmation:c2,R,0,1,0,
ppo_release_v1,ppo_release_v2,random,8,S01:core_confirmation:c0,I,0,0,0,
ppo_release_v1,ppo_release_v2,random,8,S01:core_confirmation:c1,I,0,0,0,
ppo_release_v1,ppo_release_v2,random,8,S01:core_confirmation:c2,I,0,2,0,
ppo_release_v1,ppo_release_v2,random,8,S02:core_confirmation:c0,I,11,3,1,0.09090909090909091
ppo_release_v1,ppo_release_v2,random,8,S02:core_confirmation:c1,I,0,4,0,
ppo_release_v1,ppo_release_v2,random,8,S02:core_confirmation:c2,I,9,7,0,0.0
ppo_release_v1,ppo_release_v2,random,8,S08:core_confirmation:c0,I,0,0,0,
ppo_release_v1,ppo_release_v2,random,8,S08:core_confirmation:c1,I,0,0,0,
ppo_release_v1,ppo_release_v2,random,8,S08:core_confirmation:c2,I,0,4,0,
ppo_release_v1,ppo_release_v2,random,9,S01:core_confirmation:c0,R,0,3,0,
ppo_release_v1,ppo_release_v2,random,9,S01:core_confirmation:c1,R,1,5,0,0.0
ppo_release_v1,ppo_release_v2,random,9,S01:core_confirmation:c2,R,0,1,0,
ppo_release_v1,ppo_release_v2,random,9,S02:core_confirmation:c0,R,0,0,0,
ppo_release_v1,ppo_release_v2,random,9,S02:core_confirmation:c1,R,0,3,0,
ppo_release_v1,ppo_release_v2,random,9,S02:core_confirmation:c2,R,0,0,0,
ppo_release_v1,ppo_release_v2,random,9,S08:core_confirmation:c0,R,0,2,0,
ppo_release_v1,ppo_release_v2,random,9,S08:core_confirmation:c1,R,0,4,0,
ppo_release_v1,ppo_release_v2,random,9,S08:core_confirmation:c2,R,0,2,0,
ppo_release_v1,ppo_release_v2,random,9,S01:core_confirmation:c0,I,0,0,0,
ppo_release_v1,ppo_release_v2,random,9,S01:core_confirmation:c1,I,0,0,0,
ppo_release_v1,ppo_release_v2,random,9,S01:core_confirmation:c2,I,0,2,0,
ppo_release_v1,ppo_release_v2,random,9,S02:core_confirmation:c0,I,11,5,1,0.09090909090909091
ppo_release_v1,ppo_release_v2,random,9,S02:core_confirmation:c1,I,0,8,0,
ppo_release_v1,ppo_release_v2,random,9,S02:core_confirmation:c2,I,9,3,0,0.0
ppo_release_v1,ppo_release_v2,random,9,S08:core_confirmation:c0,I,0,0,0,
ppo_release_v1,ppo_release_v2,random,9,S08:core_confirmation:c1,I,0,0,0,
ppo_release_v1,ppo_release_v2,random,9,S08:core_confirmation:c2,I,0,2,0,
ppo_release_v1,ppo_release_v2,static_risk,0,S01:core_confirmation:c0,R,0,0,0,
ppo_release_v1,ppo_release_v2,static_risk,0,S01:core_confirmation:c1,R,1,0,0,0.0
ppo_release_v1,ppo_release_v2,static_risk,0,S01:core_confirmation:c2,R,0,3,0,
ppo_release_v1,ppo_release_v2,static_risk,0,S02:core_confirmation:c0,R,0,0,0,
ppo_release_v1,ppo_release_v2,static_risk,0,S02:core_confirmation:c1,R,0,0,0,
ppo_release_v1,ppo_release_v2,static_risk,0,S02:core_confirmation:c2,R,0,17,0,
ppo_release_v1,ppo_release_v2,static_risk,0,S08:core_confirmation:c0,R,0,0,0,
ppo_release_v1,ppo_release_v2,static_risk,0,S08:core_confirmation:c1,R,0,0,0,
ppo_release_v1,ppo_release_v2,static_risk,0,S08:core_confirmation:c2,R,0,0,0,
ppo_release_v1,ppo_release_v2,static_risk,0,S01:core_confirmation:c0,I,0,0,0,
ppo_release_v1,ppo_release_v2,static_risk,0,S01:core_confirmation:c1,I,0,0,0,
ppo_release_v1,ppo_release_v2,static_risk,0,S01:core_confirmation:c2,I,0,12,0,
ppo_release_v1,ppo_release_v2,static_risk,0,S02:core_confirmation:c0,I,11,1,0,0.0
ppo_release_v1,ppo_release_v2,static_risk,0,S02:core_confirmation:c1,I,0,7,0,
ppo_release_v1,ppo_release_v2,static_risk,0,S02:core_confirmation:c2,I,9,0,0,0.0
ppo_release_v1,ppo_release_v2,static_risk,0,S08:core_confirmation:c0,I,0,0,0,
ppo_release_v1,ppo_release_v2,static_risk,0,S08:core_confirmation:c1,I,0,0,0,
ppo_release_v1,ppo_release_v2,static_risk,0,S08:core_confirmation:c2,I,0,0,0,
ppo_release_v1,ppo_release_v2,static_boundary,0,S01:core_confirmation:c0,R,0,0,0,
ppo_release_v1,ppo_release_v2,static_boundary,0,S01:core_confirmation:c1,R,1,0,0,0.0
ppo_release_v1,ppo_release_v2,static_boundary,0,S01:core_confirmation:c2,R,0,4,0,
ppo_release_v1,ppo_release_v2,static_boundary,0,S02:core_confirmation:c0,R,0,4,0,
ppo_release_v1,ppo_release_v2,static_boundary,0,S02:core_confirmation:c1,R,0,4,0,
ppo_release_v1,ppo_release_v2,static_boundary,0,S02:core_confirmation:c2,R,0,4,0,
ppo_release_v1,ppo_release_v2,static_boundary,0,S08:core_confirmation:c0,R,0,0,0,
ppo_release_v1,ppo_release_v2,static_boundary,0,S08:core_confirmation:c1,R,0,0,0,
ppo_release_v1,ppo_release_v2,static_boundary,0,S08:core_confirmation:c2,R,0,4,0,
ppo_release_v1,ppo_release_v2,static_boundary,0,S01:core_confirmation:c0,I,0,0,0,
ppo_release_v1,ppo_release_v2,static_boundary,0,S01:core_confirmation:c1,I,0,0,0,
ppo_release_v1,ppo_release_v2,static_boundary,0,S01:core_confirmation:c2,I,0,4,0,
ppo_release_v1,ppo_release_v2,static_boundary,0,S02:core_confirmation:c0,I,11,4,0,0.0
ppo_release_v1,ppo_release_v2,static_boundary,0,S02:core_confirmation:c1,I,0,4,0,
ppo_release_v1,ppo_release_v2,static_boundary,0,S02:core_confirmation:c2,I,9,4,0,0.0
ppo_release_v1,ppo_release_v2,static_boundary,0,S08:core_confirmation:c0,I,0,0,0,
ppo_release_v1,ppo_release_v2,static_boundary,0,S08:core_confirmation:c1,I,0,0,0,
ppo_release_v1,ppo_release_v2,static_boundary,0,S08:core_confirmation:c2,I,0,4,0,
ppo_release_v1,ppo_release_v2,center_residual,0,S01:core_confirmation:c0,R,0,0,0,
ppo_release_v1,ppo_release_v2,center_residual,0,S01:core_confirmation:c1,R,1,0,0,0.0
ppo_release_v1,ppo_release_v2,center_residual,0,S01:core_confirmation:c2,R,0,3,0,
ppo_release_v1,ppo_release_v2,center_residual,0,S02:core_confirmation:c0,R,0,1,0,
ppo_release_v1,ppo_release_v2,center_residual,0,S02:core_confirmation:c1,R,0,0,0,
ppo_release_v1,ppo_release_v2,center_residual,0,S02:core_confirmation:c2,R,0,16,0,
ppo_release_v1,ppo_release_v2,center_residual,0,S08:core_confirmation:c0,R,0,0,0,
ppo_release_v1,ppo_release_v2,center_residual,0,S08:core_confirmation:c1,R,0,0,0,
ppo_release_v1,ppo_release_v2,center_residual,0,S08:core_confirmation:c2,R,0,0,0,
ppo_release_v1,ppo_release_v2,center_residual,0,S01:core_confirmation:c0,I,0,0,0,
ppo_release_v1,ppo_release_v2,center_residual,0,S01:core_confirmation:c1,I,0,0,0,
ppo_release_v1,ppo_release_v2,center_residual,0,S01:core_confirmation:c2,I,0,11,0,
ppo_release_v1,ppo_release_v2,center_residual,0,S02:core_confirmation:c0,I,11,0,0,0.0
ppo_release_v1,ppo_release_v2,center_residual,0,S02:core_confirmation:c1,I,0,6,0,
ppo_release_v1,ppo_release_v2,center_residual,0,S02:core_confirmation:c2,I,9,0,0,0.0
ppo_release_v1,ppo_release_v2,center_residual,0,S08:core_confirmation:c0,I,0,0,0,
ppo_release_v1,ppo_release_v2,center_residual,0,S08:core_confirmation:c1,I,0,0,0,
ppo_release_v1,ppo_release_v2,center_residual,0,S08:core_confirmation:c2,I,0,3,0,
ppo_release_v1,ppo_release_v2,coordinate_residual,0,S01:core_confirmation:c0,R,0,0,0,
ppo_release_v1,ppo_release_v2,coordinate_residual,0,S01:core_confirmation:c1,R,1,0,0,0.0
ppo_release_v1,ppo_release_v2,coordinate_residual,0,S01:core_confirmation:c2,R,0,3,0,
ppo_release_v1,ppo_release_v2,coordinate_residual,0,S02:core_confirmation:c0,R,0,0,0,
ppo_release_v1,ppo_release_v2,coordinate_residual,0,S02:core_confirmation:c1,R,0,0,0,
ppo_release_v1,ppo_release_v2,coordinate_residual,0,S02:core_confirmation:c2,R,0,17,0,
ppo_release_v1,ppo_release_v2,coordinate_residual,0,S08:core_confirmation:c0,R,0,0,0,
ppo_release_v1,ppo_release_v2,coordinate_residual,0,S08:core_confirmation:c1,R,0,0,0,
ppo_release_v1,ppo_release_v2,coordinate_residual,0,S08:core_confirmation:c2,R,0,0,0,
ppo_release_v1,ppo_release_v2,coordinate_residual,0,S01:core_confirmation:c0,I,0,0,0,
ppo_release_v1,ppo_release_v2,coordinate_residual,0,S01:core_confirmation:c1,I,0,0,0,
ppo_release_v1,ppo_release_v2,coordinate_residual,0,S01:core_confirmation:c2,I,0,12,0,
ppo_release_v1,ppo_release_v2,coordinate_residual,0,S02:core_confirmation:c0,I,11,0,0,0.0
ppo_release_v1,ppo_release_v2,coordinate_residual,0,S02:core_confirmation:c1,I,0,5,0,
ppo_release_v1,ppo_release_v2,coordinate_residual,0,S02:core_confirmation:c2,I,9,0,0,0.0
ppo_release_v1,ppo_release_v2,coordinate_residual,0,S08:core_confirmation:c0,I,0,0,0,
ppo_release_v1,ppo_release_v2,coordinate_residual,0,S08:core_confirmation:c1,I,0,0,0,
ppo_release_v1,ppo_release_v2,coordinate_residual,0,S08:core_confirmation:c2,I,0,3,0,
ppo_release_v1,ppo_release_v2,target_only,0,S01:core_confirmation:c0,R,0,5,0,
ppo_release_v1,ppo_release_v2,target_only,0,S01:core_confirmation:c1,R,1,4,1,1.0
ppo_release_v1,ppo_release_v2,target_only,0,S01:core_confirmation:c2,R,0,3,0,
ppo_release_v1,ppo_release_v2,target_only,0,S02:core_confirmation:c0,R,0,2,0,
ppo_release_v1,ppo_release_v2,target_only,0,S02:core_confirmation:c1,R,0,2,0,
ppo_release_v1,ppo_release_v2,target_only,0,S02:core_confirmation:c2,R,0,0,0,
ppo_release_v1,ppo_release_v2,target_only,0,S08:core_confirmation:c0,R,0,3,0,
ppo_release_v1,ppo_release_v2,target_only,0,S08:core_confirmation:c1,R,0,1,0,
ppo_release_v1,ppo_release_v2,target_only,0,S08:core_confirmation:c2,R,0,0,0,
ppo_release_v1,ppo_release_v2,target_only,0,S01:core_confirmation:c0,I,0,0,0,
ppo_release_v1,ppo_release_v2,target_only,0,S01:core_confirmation:c1,I,0,0,0,
ppo_release_v1,ppo_release_v2,target_only,0,S01:core_confirmation:c2,I,0,2,0,
ppo_release_v1,ppo_release_v2,target_only,0,S02:core_confirmation:c0,I,11,4,3,0.2727272727272727
ppo_release_v1,ppo_release_v2,target_only,0,S02:core_confirmation:c1,I,0,2,0,
ppo_release_v1,ppo_release_v2,target_only,0,S02:core_confirmation:c2,I,9,10,0,0.0
ppo_release_v1,ppo_release_v2,target_only,0,S08:core_confirmation:c0,I,0,0,0,
ppo_release_v1,ppo_release_v2,target_only,0,S08:core_confirmation:c1,I,0,0,0,
ppo_release_v1,ppo_release_v2,target_only,0,S08:core_confirmation:c2,I,0,2,0,
ppo_release_v1,ppo_release_v2,directed_residual,0,S01:core_confirmation:c0,R,0,0,0,
ppo_release_v1,ppo_release_v2,directed_residual,0,S01:core_confirmation:c1,R,1,0,0,0.0
ppo_release_v1,ppo_release_v2,directed_residual,0,S01:core_confirmation:c2,R,0,3,0,
ppo_release_v1,ppo_release_v2,directed_residual,0,S02:core_confirmation:c0,R,0,0,0,
ppo_release_v1,ppo_release_v2,directed_residual,0,S02:core_confirmation:c1,R,0,0,0,
ppo_release_v1,ppo_release_v2,directed_residual,0,S02:core_confirmation:c2,R,0,17,0,
ppo_release_v1,ppo_release_v2,directed_residual,0,S08:core_confirmation:c0,R,0,0,0,
ppo_release_v1,ppo_release_v2,directed_residual,0,S08:core_confirmation:c1,R,0,0,0,
ppo_release_v1,ppo_release_v2,directed_residual,0,S08:core_confirmation:c2,R,0,0,0,
ppo_release_v1,ppo_release_v2,directed_residual,0,S01:core_confirmation:c0,I,0,0,0,
ppo_release_v1,ppo_release_v2,directed_residual,0,S01:core_confirmation:c1,I,0,0,0,
ppo_release_v1,ppo_release_v2,directed_residual,0,S01:core_confirmation:c2,I,0,11,0,
ppo_release_v1,ppo_release_v2,directed_residual,0,S02:core_confirmation:c0,I,11,0,0,0.0
ppo_release_v1,ppo_release_v2,directed_residual,0,S02:core_confirmation:c1,I,0,5,0,
ppo_release_v1,ppo_release_v2,directed_residual,0,S02:core_confirmation:c2,I,9,0,0,0.0
ppo_release_v1,ppo_release_v2,directed_residual,0,S08:core_confirmation:c0,I,0,0,0,
ppo_release_v1,ppo_release_v2,directed_residual,0,S08:core_confirmation:c1,I,0,0,0,
ppo_release_v1,ppo_release_v2,directed_residual,0,S08:core_confirmation:c2,I,0,4,0,
ppo_release_v1,ppo_release_v2,directed_context_laplace,0,S01:core_confirmation:c0,R,0,0,0,
ppo_release_v1,ppo_release_v2,directed_context_laplace,0,S01:core_confirmation:c1,R,1,0,0,0.0
ppo_release_v1,ppo_release_v2,directed_context_laplace,0,S01:core_confirmation:c2,R,0,4,0,
ppo_release_v1,ppo_release_v2,directed_context_laplace,0,S02:core_confirmation:c0,R,0,2,0,
ppo_release_v1,ppo_release_v2,directed_context_laplace,0,S02:core_confirmation:c1,R,0,1,0,
ppo_release_v1,ppo_release_v2,directed_context_laplace,0,S02:core_confirmation:c2,R,0,13,0,
ppo_release_v1,ppo_release_v2,directed_context_laplace,0,S08:core_confirmation:c0,R,0,0,0,
ppo_release_v1,ppo_release_v2,directed_context_laplace,0,S08:core_confirmation:c1,R,0,0,0,
ppo_release_v1,ppo_release_v2,directed_context_laplace,0,S08:core_confirmation:c2,R,0,0,0,
ppo_release_v1,ppo_release_v2,directed_context_laplace,0,S01:core_confirmation:c0,I,0,0,0,
ppo_release_v1,ppo_release_v2,directed_context_laplace,0,S01:core_confirmation:c1,I,0,0,0,
ppo_release_v1,ppo_release_v2,directed_context_laplace,0,S01:core_confirmation:c2,I,0,7,0,
ppo_release_v1,ppo_release_v2,directed_context_laplace,0,S02:core_confirmation:c0,I,11,2,0,0.0
ppo_release_v1,ppo_release_v2,directed_context_laplace,0,S02:core_confirmation:c1,I,0,3,0,
ppo_release_v1,ppo_release_v2,directed_context_laplace,0,S02:core_confirmation:c2,I,9,8,0,0.0
ppo_release_v1,ppo_release_v2,directed_context_laplace,0,S08:core_confirmation:c0,I,0,0,0,
ppo_release_v1,ppo_release_v2,directed_context_laplace,0,S08:core_confirmation:c1,I,0,0,0,
ppo_release_v1,ppo_release_v2,directed_context_laplace,0,S08:core_confirmation:c2,I,0,0,0,
ppo_release_v1,ppo_release_v2,directed_context_ucb,0,S01:core_confirmation:c0,R,0,0,0,
ppo_release_v1,ppo_release_v2,directed_context_ucb,0,S01:core_confirmation:c1,R,1,0,0,0.0
ppo_release_v1,ppo_release_v2,directed_context_ucb,0,S01:core_confirmation:c2,R,0,4,0,
ppo_release_v1,ppo_release_v2,directed_context_ucb,0,S02:core_confirmation:c0,R,0,4,0,
ppo_release_v1,ppo_release_v2,directed_context_ucb,0,S02:core_confirmation:c1,R,0,3,0,
ppo_release_v1,ppo_release_v2,directed_context_ucb,0,S02:core_confirmation:c2,R,0,9,0,
ppo_release_v1,ppo_release_v2,directed_context_ucb,0,S08:core_confirmation:c0,R,0,0,0,
ppo_release_v1,ppo_release_v2,directed_context_ucb,0,S08:core_confirmation:c1,R,0,0,0,
ppo_release_v1,ppo_release_v2,directed_context_ucb,0,S08:core_confirmation:c2,R,0,0,0,
ppo_release_v1,ppo_release_v2,directed_context_ucb,0,S01:core_confirmation:c0,I,0,0,0,
ppo_release_v1,ppo_release_v2,directed_context_ucb,0,S01:core_confirmation:c1,I,0,0,0,
ppo_release_v1,ppo_release_v2,directed_context_ucb,0,S01:core_confirmation:c2,I,0,7,0,
ppo_release_v1,ppo_release_v2,directed_context_ucb,0,S02:core_confirmation:c0,I,11,3,0,0.0
ppo_release_v1,ppo_release_v2,directed_context_ucb,0,S02:core_confirmation:c1,I,0,4,0,
ppo_release_v1,ppo_release_v2,directed_context_ucb,0,S02:core_confirmation:c2,I,9,6,0,0.0
ppo_release_v1,ppo_release_v2,directed_context_ucb,0,S08:core_confirmation:c0,I,0,0,0,
ppo_release_v1,ppo_release_v2,directed_context_ucb,0,S08:core_confirmation:c1,I,0,0,0,
ppo_release_v1,ppo_release_v2,directed_context_ucb,0,S08:core_confirmation:c2,I,0,0,0,
ppo_release_v1,ppo_release_v2,directed_context_ucb_pure,0,S01:core_confirmation:c0,R,0,0,0,
ppo_release_v1,ppo_release_v2,directed_context_ucb_pure,0,S01:core_confirmation:c1,R,1,0,0,0.0
ppo_release_v1,ppo_release_v2,directed_context_ucb_pure,0,S01:core_confirmation:c2,R,0,4,0,
ppo_release_v1,ppo_release_v2,directed_context_ucb_pure,0,S02:core_confirmation:c0,R,0,4,0,
ppo_release_v1,ppo_release_v2,directed_context_ucb_pure,0,S02:core_confirmation:c1,R,0,4,0,
ppo_release_v1,ppo_release_v2,directed_context_ucb_pure,0,S02:core_confirmation:c2,R,0,6,0,
ppo_release_v1,ppo_release_v2,directed_context_ucb_pure,0,S08:core_confirmation:c0,R,0,0,0,
ppo_release_v1,ppo_release_v2,directed_context_ucb_pure,0,S08:core_confirmation:c1,R,0,0,0,
ppo_release_v1,ppo_release_v2,directed_context_ucb_pure,0,S08:core_confirmation:c2,R,0,2,0,
ppo_release_v1,ppo_release_v2,directed_context_ucb_pure,0,S01:core_confirmation:c0,I,0,0,0,
ppo_release_v1,ppo_release_v2,directed_context_ucb_pure,0,S01:core_confirmation:c1,I,0,0,0,
ppo_release_v1,ppo_release_v2,directed_context_ucb_pure,0,S01:core_confirmation:c2,I,0,6,0,
ppo_release_v1,ppo_release_v2,directed_context_ucb_pure,0,S02:core_confirmation:c0,I,11,3,0,0.0
ppo_release_v1,ppo_release_v2,directed_context_ucb_pure,0,S02:core_confirmation:c1,I,0,4,0,
ppo_release_v1,ppo_release_v2,directed_context_ucb_pure,0,S02:core_confirmation:c2,I,9,5,0,0.0
ppo_release_v1,ppo_release_v2,directed_context_ucb_pure,0,S08:core_confirmation:c0,I,0,0,0,
ppo_release_v1,ppo_release_v2,directed_context_ucb_pure,0,S08:core_confirmation:c1,I,0,0,0,
ppo_release_v1,ppo_release_v2,directed_context_ucb_pure,0,S08:core_confirmation:c2,I,0,2,0,
ppo_release_v1,ppo_release_v2,static_margin_coverage,0,S01:core_confirmation:c0,R,0,1,0,
ppo_release_v1,ppo_release_v2,static_margin_coverage,0,S01:core_confirmation:c1,R,1,1,0,0.0
ppo_release_v1,ppo_release_v2,static_margin_coverage,0,S01:core_confirmation:c2,R,0,5,0,
ppo_release_v1,ppo_release_v2,static_margin_coverage,0,S02:core_confirmation:c0,R,0,2,0,
ppo_release_v1,ppo_release_v2,static_margin_coverage,0,S02:core_confirmation:c1,R,0,5,0,
ppo_release_v1,ppo_release_v2,static_margin_coverage,0,S02:core_confirmation:c2,R,0,3,0,
ppo_release_v1,ppo_release_v2,static_margin_coverage,0,S08:core_confirmation:c0,R,0,1,0,
ppo_release_v1,ppo_release_v2,static_margin_coverage,0,S08:core_confirmation:c1,R,0,1,0,
ppo_release_v1,ppo_release_v2,static_margin_coverage,0,S08:core_confirmation:c2,R,0,1,0,
ppo_release_v1,ppo_release_v2,static_margin_coverage,0,S01:core_confirmation:c0,I,0,0,0,
ppo_release_v1,ppo_release_v2,static_margin_coverage,0,S01:core_confirmation:c1,I,0,0,0,
ppo_release_v1,ppo_release_v2,static_margin_coverage,0,S01:core_confirmation:c2,I,0,12,0,
ppo_release_v1,ppo_release_v2,static_margin_coverage,0,S02:core_confirmation:c0,I,11,1,0,0.0
ppo_release_v1,ppo_release_v2,static_margin_coverage,0,S02:core_confirmation:c1,I,0,7,0,
ppo_release_v1,ppo_release_v2,static_margin_coverage,0,S02:core_confirmation:c2,I,9,0,0,0.0
ppo_release_v1,ppo_release_v2,static_margin_coverage,0,S08:core_confirmation:c0,I,0,0,0,
ppo_release_v1,ppo_release_v2,static_margin_coverage,0,S08:core_confirmation:c1,I,0,0,0,
ppo_release_v1,ppo_release_v2,static_margin_coverage,0,S08:core_confirmation:c2,I,0,0,0,
ppo_release_v1,ppo_release_v2,coordinate_margin_frontier,0,S01:core_confirmation:c0,R,0,1,0,
ppo_release_v1,ppo_release_v2,coordinate_margin_frontier,0,S01:core_confirmation:c1,R,1,1,0,0.0
ppo_release_v1,ppo_release_v2,coordinate_margin_frontier,0,S01:core_confirmation:c2,R,0,4,0,
ppo_release_v1,ppo_release_v2,coordinate_margin_frontier,0,S02:core_confirmation:c0,R,0,1,0,
ppo_release_v1,ppo_release_v2,coordinate_margin_frontier,0,S02:core_confirmation:c1,R,0,1,0,
ppo_release_v1,ppo_release_v2,coordinate_margin_frontier,0,S02:core_confirmation:c2,R,0,9,0,
ppo_release_v1,ppo_release_v2,coordinate_margin_frontier,0,S08:core_confirmation:c0,R,0,1,0,
ppo_release_v1,ppo_release_v2,coordinate_margin_frontier,0,S08:core_confirmation:c1,R,0,1,0,
ppo_release_v1,ppo_release_v2,coordinate_margin_frontier,0,S08:core_confirmation:c2,R,0,1,0,
ppo_release_v1,ppo_release_v2,coordinate_margin_frontier,0,S01:core_confirmation:c0,I,0,0,0,
ppo_release_v1,ppo_release_v2,coordinate_margin_frontier,0,S01:core_confirmation:c1,I,0,0,0,
ppo_release_v1,ppo_release_v2,coordinate_margin_frontier,0,S01:core_confirmation:c2,I,0,12,0,
ppo_release_v1,ppo_release_v2,coordinate_margin_frontier,0,S02:core_confirmation:c0,I,11,1,0,0.0
ppo_release_v1,ppo_release_v2,coordinate_margin_frontier,0,S02:core_confirmation:c1,I,0,5,0,
ppo_release_v1,ppo_release_v2,coordinate_margin_frontier,0,S02:core_confirmation:c2,I,9,0,0,0.0
ppo_release_v1,ppo_release_v2,coordinate_margin_frontier,0,S08:core_confirmation:c0,I,0,0,0,
ppo_release_v1,ppo_release_v2,coordinate_margin_frontier,0,S08:core_confirmation:c1,I,0,0,0,
ppo_release_v1,ppo_release_v2,coordinate_margin_frontier,0,S08:core_confirmation:c2,I,0,2,0,
ppo_release_v1,ppo_release_v2,directed_margin_frontier,0,S01:core_confirmation:c0,R,0,1,0,
ppo_release_v1,ppo_release_v2,directed_margin_frontier,0,S01:core_confirmation:c1,R,1,1,0,0.0
ppo_release_v1,ppo_release_v2,directed_margin_frontier,0,S01:core_confirmation:c2,R,0,5,0,
ppo_release_v1,ppo_release_v2,directed_margin_frontier,0,S02:core_confirmation:c0,R,0,4,0,
ppo_release_v1,ppo_release_v2,directed_margin_frontier,0,S02:core_confirmation:c1,R,0,1,0,
ppo_release_v1,ppo_release_v2,directed_margin_frontier,0,S02:core_confirmation:c2,R,0,5,0,
ppo_release_v1,ppo_release_v2,directed_margin_frontier,0,S08:core_confirmation:c0,R,0,1,0,
ppo_release_v1,ppo_release_v2,directed_margin_frontier,0,S08:core_confirmation:c1,R,0,1,0,
ppo_release_v1,ppo_release_v2,directed_margin_frontier,0,S08:core_confirmation:c2,R,0,1,0,
ppo_release_v1,ppo_release_v2,directed_margin_frontier,0,S01:core_confirmation:c0,I,0,0,0,
ppo_release_v1,ppo_release_v2,directed_margin_frontier,0,S01:core_confirmation:c1,I,0,0,0,
ppo_release_v1,ppo_release_v2,directed_margin_frontier,0,S01:core_confirmation:c2,I,0,8,0,
ppo_release_v1,ppo_release_v2,directed_margin_frontier,0,S02:core_confirmation:c0,I,11,4,0,0.0
ppo_release_v1,ppo_release_v2,directed_margin_frontier,0,S02:core_confirmation:c1,I,0,3,0,
ppo_release_v1,ppo_release_v2,directed_margin_frontier,0,S02:core_confirmation:c2,I,9,4,0,0.0
ppo_release_v1,ppo_release_v2,directed_margin_frontier,0,S08:core_confirmation:c0,I,0,0,0,
ppo_release_v1,ppo_release_v2,directed_margin_frontier,0,S08:core_confirmation:c1,I,0,0,0,
ppo_release_v1,ppo_release_v2,directed_margin_frontier,0,S08:core_confirmation:c2,I,0,1,0,
ppo_release_v1,ppo_release_v2,static_dual_margin_coverage,0,S01:core_confirmation:c0,R,0,1,0,
ppo_release_v1,ppo_release_v2,static_dual_margin_coverage,0,S01:core_confirmation:c1,R,1,1,0,0.0
ppo_release_v1,ppo_release_v2,static_dual_margin_coverage,0,S01:core_confirmation:c2,R,0,5,0,
ppo_release_v1,ppo_release_v2,static_dual_margin_coverage,0,S02:core_confirmation:c0,R,0,2,0,
ppo_release_v1,ppo_release_v2,static_dual_margin_coverage,0,S02:core_confirmation:c1,R,0,5,0,
ppo_release_v1,ppo_release_v2,static_dual_margin_coverage,0,S02:core_confirmation:c2,R,0,3,0,
ppo_release_v1,ppo_release_v2,static_dual_margin_coverage,0,S08:core_confirmation:c0,R,0,1,0,
ppo_release_v1,ppo_release_v2,static_dual_margin_coverage,0,S08:core_confirmation:c1,R,0,1,0,
ppo_release_v1,ppo_release_v2,static_dual_margin_coverage,0,S08:core_confirmation:c2,R,0,1,0,
ppo_release_v1,ppo_release_v2,static_dual_margin_coverage,0,S01:core_confirmation:c0,I,0,0,0,
ppo_release_v1,ppo_release_v2,static_dual_margin_coverage,0,S01:core_confirmation:c1,I,0,0,0,
ppo_release_v1,ppo_release_v2,static_dual_margin_coverage,0,S01:core_confirmation:c2,I,0,8,0,
ppo_release_v1,ppo_release_v2,static_dual_margin_coverage,0,S02:core_confirmation:c0,I,11,1,1,0.09090909090909091
ppo_release_v1,ppo_release_v2,static_dual_margin_coverage,0,S02:core_confirmation:c1,I,0,1,0,
ppo_release_v1,ppo_release_v2,static_dual_margin_coverage,0,S02:core_confirmation:c2,I,9,1,0,0.0
ppo_release_v1,ppo_release_v2,static_dual_margin_coverage,0,S08:core_confirmation:c0,I,0,0,0,
ppo_release_v1,ppo_release_v2,static_dual_margin_coverage,0,S08:core_confirmation:c1,I,0,0,0,
ppo_release_v1,ppo_release_v2,static_dual_margin_coverage,0,S08:core_confirmation:c2,I,0,9,0,
ppo_release_v1,ppo_release_v2,coordinate_dual_margin_frontier,0,S01:core_confirmation:c0,R,0,1,0,
ppo_release_v1,ppo_release_v2,coordinate_dual_margin_frontier,0,S01:core_confirmation:c1,R,1,1,0,0.0
ppo_release_v1,ppo_release_v2,coordinate_dual_margin_frontier,0,S01:core_confirmation:c2,R,0,1,0,
ppo_release_v1,ppo_release_v2,coordinate_dual_margin_frontier,0,S02:core_confirmation:c0,R,0,8,0,
ppo_release_v1,ppo_release_v2,coordinate_dual_margin_frontier,0,S02:core_confirmation:c1,R,0,1,0,
ppo_release_v1,ppo_release_v2,coordinate_dual_margin_frontier,0,S02:core_confirmation:c2,R,0,5,0,
ppo_release_v1,ppo_release_v2,coordinate_dual_margin_frontier,0,S08:core_confirmation:c0,R,0,1,0,
ppo_release_v1,ppo_release_v2,coordinate_dual_margin_frontier,0,S08:core_confirmation:c1,R,0,1,0,
ppo_release_v1,ppo_release_v2,coordinate_dual_margin_frontier,0,S08:core_confirmation:c2,R,0,1,0,
ppo_release_v1,ppo_release_v2,coordinate_dual_margin_frontier,0,S01:core_confirmation:c0,I,0,0,0,
ppo_release_v1,ppo_release_v2,coordinate_dual_margin_frontier,0,S01:core_confirmation:c1,I,0,0,0,
ppo_release_v1,ppo_release_v2,coordinate_dual_margin_frontier,0,S01:core_confirmation:c2,I,0,1,0,
ppo_release_v1,ppo_release_v2,coordinate_dual_margin_frontier,0,S02:core_confirmation:c0,I,11,16,11,1.0
ppo_release_v1,ppo_release_v2,coordinate_dual_margin_frontier,0,S02:core_confirmation:c1,I,0,1,0,
ppo_release_v1,ppo_release_v2,coordinate_dual_margin_frontier,0,S02:core_confirmation:c2,I,9,1,0,0.0
ppo_release_v1,ppo_release_v2,coordinate_dual_margin_frontier,0,S08:core_confirmation:c0,I,0,0,0,
ppo_release_v1,ppo_release_v2,coordinate_dual_margin_frontier,0,S08:core_confirmation:c1,I,0,0,0,
ppo_release_v1,ppo_release_v2,coordinate_dual_margin_frontier,0,S08:core_confirmation:c2,I,0,1,0,
ppo_release_v1,ppo_release_v2,directed_dual_margin_frontier,0,S01:core_confirmation:c0,R,0,1,0,
ppo_release_v1,ppo_release_v2,directed_dual_margin_frontier,0,S01:core_confirmation:c1,R,1,1,0,0.0
ppo_release_v1,ppo_release_v2,directed_dual_margin_frontier,0,S01:core_confirmation:c2,R,0,3,0,
ppo_release_v1,ppo_release_v2,directed_dual_margin_frontier,0,S02:core_confirmation:c0,R,0,6,0,
ppo_release_v1,ppo_release_v2,directed_dual_margin_frontier,0,S02:core_confirmation:c1,R,0,1,0,
ppo_release_v1,ppo_release_v2,directed_dual_margin_frontier,0,S02:core_confirmation:c2,R,0,5,0,
ppo_release_v1,ppo_release_v2,directed_dual_margin_frontier,0,S08:core_confirmation:c0,R,0,1,0,
ppo_release_v1,ppo_release_v2,directed_dual_margin_frontier,0,S08:core_confirmation:c1,R,0,1,0,
ppo_release_v1,ppo_release_v2,directed_dual_margin_frontier,0,S08:core_confirmation:c2,R,0,1,0,
ppo_release_v1,ppo_release_v2,directed_dual_margin_frontier,0,S01:core_confirmation:c0,I,0,0,0,
ppo_release_v1,ppo_release_v2,directed_dual_margin_frontier,0,S01:core_confirmation:c1,I,0,0,0,
ppo_release_v1,ppo_release_v2,directed_dual_margin_frontier,0,S01:core_confirmation:c2,I,0,1,0,
ppo_release_v1,ppo_release_v2,directed_dual_margin_frontier,0,S02:core_confirmation:c0,I,11,16,11,1.0
ppo_release_v1,ppo_release_v2,directed_dual_margin_frontier,0,S02:core_confirmation:c1,I,0,1,0,
ppo_release_v1,ppo_release_v2,directed_dual_margin_frontier,0,S02:core_confirmation:c2,I,9,1,0,0.0
ppo_release_v1,ppo_release_v2,directed_dual_margin_frontier,0,S08:core_confirmation:c0,I,0,0,0,
ppo_release_v1,ppo_release_v2,directed_dual_margin_frontier,0,S08:core_confirmation:c1,I,0,0,0,
ppo_release_v1,ppo_release_v2,directed_dual_margin_frontier,0,S08:core_confirmation:c2,I,0,1,0,
ppo_release_v1,ppo_release_v2,static_dual_coverage2,0,S01:core_confirmation:c0,R,0,1,0,
ppo_release_v1,ppo_release_v2,static_dual_coverage2,0,S01:core_confirmation:c1,R,1,1,0,0.0
ppo_release_v1,ppo_release_v2,static_dual_coverage2,0,S01:core_confirmation:c2,R,0,5,0,
ppo_release_v1,ppo_release_v2,static_dual_coverage2,0,S02:core_confirmation:c0,R,0,2,0,
ppo_release_v1,ppo_release_v2,static_dual_coverage2,0,S02:core_confirmation:c1,R,0,5,0,
ppo_release_v1,ppo_release_v2,static_dual_coverage2,0,S02:core_confirmation:c2,R,0,3,0,
ppo_release_v1,ppo_release_v2,static_dual_coverage2,0,S08:core_confirmation:c0,R,0,1,0,
ppo_release_v1,ppo_release_v2,static_dual_coverage2,0,S08:core_confirmation:c1,R,0,1,0,
ppo_release_v1,ppo_release_v2,static_dual_coverage2,0,S08:core_confirmation:c2,R,0,1,0,
ppo_release_v1,ppo_release_v2,static_dual_coverage2,0,S01:core_confirmation:c0,I,0,0,0,
ppo_release_v1,ppo_release_v2,static_dual_coverage2,0,S01:core_confirmation:c1,I,0,0,0,
ppo_release_v1,ppo_release_v2,static_dual_coverage2,0,S01:core_confirmation:c2,I,0,9,0,
ppo_release_v1,ppo_release_v2,static_dual_coverage2,0,S02:core_confirmation:c0,I,11,2,1,0.09090909090909091
ppo_release_v1,ppo_release_v2,static_dual_coverage2,0,S02:core_confirmation:c1,I,0,2,0,
ppo_release_v1,ppo_release_v2,static_dual_coverage2,0,S02:core_confirmation:c2,I,9,2,0,0.0
ppo_release_v1,ppo_release_v2,static_dual_coverage2,0,S08:core_confirmation:c0,I,0,0,0,
ppo_release_v1,ppo_release_v2,static_dual_coverage2,0,S08:core_confirmation:c1,I,0,0,0,
ppo_release_v1,ppo_release_v2,static_dual_coverage2,0,S08:core_confirmation:c2,I,0,5,0,
ppo_release_v1,ppo_release_v2,coordinate_dual_local,0,S01:core_confirmation:c0,R,0,1,0,
ppo_release_v1,ppo_release_v2,coordinate_dual_local,0,S01:core_confirmation:c1,R,1,1,0,0.0
ppo_release_v1,ppo_release_v2,coordinate_dual_local,0,S01:core_confirmation:c2,R,0,4,0,
ppo_release_v1,ppo_release_v2,coordinate_dual_local,0,S02:core_confirmation:c0,R,0,2,0,
ppo_release_v1,ppo_release_v2,coordinate_dual_local,0,S02:core_confirmation:c1,R,0,2,0,
ppo_release_v1,ppo_release_v2,coordinate_dual_local,0,S02:core_confirmation:c2,R,0,7,0,
ppo_release_v1,ppo_release_v2,coordinate_dual_local,0,S08:core_confirmation:c0,R,0,1,0,
ppo_release_v1,ppo_release_v2,coordinate_dual_local,0,S08:core_confirmation:c1,R,0,1,0,
ppo_release_v1,ppo_release_v2,coordinate_dual_local,0,S08:core_confirmation:c2,R,0,1,0,
ppo_release_v1,ppo_release_v2,coordinate_dual_local,0,S01:core_confirmation:c0,I,0,0,0,
ppo_release_v1,ppo_release_v2,coordinate_dual_local,0,S01:core_confirmation:c1,I,0,0,0,
ppo_release_v1,ppo_release_v2,coordinate_dual_local,0,S01:core_confirmation:c2,I,0,2,0,
ppo_release_v1,ppo_release_v2,coordinate_dual_local,0,S02:core_confirmation:c0,I,11,12,6,0.5454545454545454
ppo_release_v1,ppo_release_v2,coordinate_dual_local,0,S02:core_confirmation:c1,I,0,2,0,
ppo_release_v1,ppo_release_v2,coordinate_dual_local,0,S02:core_confirmation:c2,I,9,2,0,0.0
ppo_release_v1,ppo_release_v2,coordinate_dual_local,0,S08:core_confirmation:c0,I,0,0,0,
ppo_release_v1,ppo_release_v2,coordinate_dual_local,0,S08:core_confirmation:c1,I,0,0,0,
ppo_release_v1,ppo_release_v2,coordinate_dual_local,0,S08:core_confirmation:c2,I,0,2,0,
ppo_release_v1,ppo_release_v2,directed_dual_local,0,S01:core_confirmation:c0,R,0,1,0,
ppo_release_v1,ppo_release_v2,directed_dual_local,0,S01:core_confirmation:c1,R,1,1,0,0.0
ppo_release_v1,ppo_release_v2,directed_dual_local,0,S01:core_confirmation:c2,R,0,4,0,
ppo_release_v1,ppo_release_v2,directed_dual_local,0,S02:core_confirmation:c0,R,0,3,0,
ppo_release_v1,ppo_release_v2,directed_dual_local,0,S02:core_confirmation:c1,R,0,2,0,
ppo_release_v1,ppo_release_v2,directed_dual_local,0,S02:core_confirmation:c2,R,0,6,0,
ppo_release_v1,ppo_release_v2,directed_dual_local,0,S08:core_confirmation:c0,R,0,1,0,
ppo_release_v1,ppo_release_v2,directed_dual_local,0,S08:core_confirmation:c1,R,0,1,0,
ppo_release_v1,ppo_release_v2,directed_dual_local,0,S08:core_confirmation:c2,R,0,1,0,
ppo_release_v1,ppo_release_v2,directed_dual_local,0,S01:core_confirmation:c0,I,0,0,0,
ppo_release_v1,ppo_release_v2,directed_dual_local,0,S01:core_confirmation:c1,I,0,0,0,
ppo_release_v1,ppo_release_v2,directed_dual_local,0,S01:core_confirmation:c2,I,0,2,0,
ppo_release_v1,ppo_release_v2,directed_dual_local,0,S02:core_confirmation:c0,I,11,12,6,0.5454545454545454
ppo_release_v1,ppo_release_v2,directed_dual_local,0,S02:core_confirmation:c1,I,0,2,0,
ppo_release_v1,ppo_release_v2,directed_dual_local,0,S02:core_confirmation:c2,I,9,2,0,0.0
ppo_release_v1,ppo_release_v2,directed_dual_local,0,S08:core_confirmation:c0,I,0,0,0,
ppo_release_v1,ppo_release_v2,directed_dual_local,0,S08:core_confirmation:c1,I,0,0,0,
ppo_release_v1,ppo_release_v2,directed_dual_local,0,S08:core_confirmation:c2,I,0,2,0,
ppo_release_v1,ppo_release_v2,static_majority_coverage2,0,S01:core_confirmation:c0,R,0,1,0,
ppo_release_v1,ppo_release_v2,static_majority_coverage2,0,S01:core_confirmation:c1,R,1,1,0,0.0
ppo_release_v1,ppo_release_v2,static_majority_coverage2,0,S01:core_confirmation:c2,R,0,5,0,
ppo_release_v1,ppo_release_v2,static_majority_coverage2,0,S02:core_confirmation:c0,R,0,2,0,
ppo_release_v1,ppo_release_v2,static_majority_coverage2,0,S02:core_confirmation:c1,R,0,5,0,
ppo_release_v1,ppo_release_v2,static_majority_coverage2,0,S02:core_confirmation:c2,R,0,3,0,
ppo_release_v1,ppo_release_v2,static_majority_coverage2,0,S08:core_confirmation:c0,R,0,1,0,
ppo_release_v1,ppo_release_v2,static_majority_coverage2,0,S08:core_confirmation:c1,R,0,1,0,
ppo_release_v1,ppo_release_v2,static_majority_coverage2,0,S08:core_confirmation:c2,R,0,1,0,
ppo_release_v1,ppo_release_v2,static_majority_coverage2,0,S01:core_confirmation:c0,I,0,0,0,
ppo_release_v1,ppo_release_v2,static_majority_coverage2,0,S01:core_confirmation:c1,I,0,0,0,
ppo_release_v1,ppo_release_v2,static_majority_coverage2,0,S01:core_confirmation:c2,I,0,8,0,
ppo_release_v1,ppo_release_v2,static_majority_coverage2,0,S02:core_confirmation:c0,I,11,2,1,0.09090909090909091
ppo_release_v1,ppo_release_v2,static_majority_coverage2,0,S02:core_confirmation:c1,I,0,0,0,
ppo_release_v1,ppo_release_v2,static_majority_coverage2,0,S02:core_confirmation:c2,I,9,2,0,0.0
ppo_release_v1,ppo_release_v2,static_majority_coverage2,0,S08:core_confirmation:c0,I,0,0,0,
ppo_release_v1,ppo_release_v2,static_majority_coverage2,0,S08:core_confirmation:c1,I,0,0,0,
ppo_release_v1,ppo_release_v2,static_majority_coverage2,0,S08:core_confirmation:c2,I,0,8,0,
ppo_release_v1,ppo_release_v2,coordinate_majority_local,0,S01:core_confirmation:c0,R,0,1,0,
ppo_release_v1,ppo_release_v2,coordinate_majority_local,0,S01:core_confirmation:c1,R,1,1,0,0.0
ppo_release_v1,ppo_release_v2,coordinate_majority_local,0,S01:core_confirmation:c2,R,0,2,0,
ppo_release_v1,ppo_release_v2,coordinate_majority_local,0,S02:core_confirmation:c0,R,0,2,0,
ppo_release_v1,ppo_release_v2,coordinate_majority_local,0,S02:core_confirmation:c1,R,0,2,0,
ppo_release_v1,ppo_release_v2,coordinate_majority_local,0,S02:core_confirmation:c2,R,0,9,0,
ppo_release_v1,ppo_release_v2,coordinate_majority_local,0,S08:core_confirmation:c0,R,0,1,0,
ppo_release_v1,ppo_release_v2,coordinate_majority_local,0,S08:core_confirmation:c1,R,0,1,0,
ppo_release_v1,ppo_release_v2,coordinate_majority_local,0,S08:core_confirmation:c2,R,0,1,0,
ppo_release_v1,ppo_release_v2,coordinate_majority_local,0,S01:core_confirmation:c0,I,0,0,0,
ppo_release_v1,ppo_release_v2,coordinate_majority_local,0,S01:core_confirmation:c1,I,0,0,0,
ppo_release_v1,ppo_release_v2,coordinate_majority_local,0,S01:core_confirmation:c2,I,0,0,0,
ppo_release_v1,ppo_release_v2,coordinate_majority_local,0,S02:core_confirmation:c0,I,11,18,9,0.8181818181818182
ppo_release_v1,ppo_release_v2,coordinate_majority_local,0,S02:core_confirmation:c1,I,0,0,0,
ppo_release_v1,ppo_release_v2,coordinate_majority_local,0,S02:core_confirmation:c2,I,9,2,0,0.0
ppo_release_v1,ppo_release_v2,coordinate_majority_local,0,S08:core_confirmation:c0,I,0,0,0,
ppo_release_v1,ppo_release_v2,coordinate_majority_local,0,S08:core_confirmation:c1,I,0,0,0,
ppo_release_v1,ppo_release_v2,coordinate_majority_local,0,S08:core_confirmation:c2,I,0,0,0,
ppo_release_v1,ppo_release_v2,directed_majority_local,0,S01:core_confirmation:c0,R,0,1,0,
ppo_release_v1,ppo_release_v2,directed_majority_local,0,S01:core_confirmation:c1,R,1,1,0,0.0
ppo_release_v1,ppo_release_v2,directed_majority_local,0,S01:core_confirmation:c2,R,0,4,0,
ppo_release_v1,ppo_release_v2,directed_majority_local,0,S02:core_confirmation:c0,R,0,2,0,
ppo_release_v1,ppo_release_v2,directed_majority_local,0,S02:core_confirmation:c1,R,0,2,0,
ppo_release_v1,ppo_release_v2,directed_majority_local,0,S02:core_confirmation:c2,R,0,7,0,
ppo_release_v1,ppo_release_v2,directed_majority_local,0,S08:core_confirmation:c0,R,0,1,0,
ppo_release_v1,ppo_release_v2,directed_majority_local,0,S08:core_confirmation:c1,R,0,1,0,
ppo_release_v1,ppo_release_v2,directed_majority_local,0,S08:core_confirmation:c2,R,0,1,0,
ppo_release_v1,ppo_release_v2,directed_majority_local,0,S01:core_confirmation:c0,I,0,0,0,
ppo_release_v1,ppo_release_v2,directed_majority_local,0,S01:core_confirmation:c1,I,0,0,0,
ppo_release_v1,ppo_release_v2,directed_majority_local,0,S01:core_confirmation:c2,I,0,0,0,
ppo_release_v1,ppo_release_v2,directed_majority_local,0,S02:core_confirmation:c0,I,11,18,9,0.8181818181818182
ppo_release_v1,ppo_release_v2,directed_majority_local,0,S02:core_confirmation:c1,I,0,0,0,
ppo_release_v1,ppo_release_v2,directed_majority_local,0,S02:core_confirmation:c2,I,9,2,0,0.0
ppo_release_v1,ppo_release_v2,directed_majority_local,0,S08:core_confirmation:c0,I,0,0,0,
ppo_release_v1,ppo_release_v2,directed_majority_local,0,S08:core_confirmation:c1,I,0,0,0,
ppo_release_v1,ppo_release_v2,directed_majority_local,0,S08:core_confirmation:c2,I,0,0,0,
ppo_release_v1,ppo_release_v2,directed_gated_majority,0,S01:core_confirmation:c0,R,0,1,0,
ppo_release_v1,ppo_release_v2,directed_gated_majority,0,S01:core_confirmation:c1,R,1,1,0,0.0
ppo_release_v1,ppo_release_v2,directed_gated_majority,0,S01:core_confirmation:c2,R,0,3,0,
ppo_release_v1,ppo_release_v2,directed_gated_majority,0,S02:core_confirmation:c0,R,0,2,0,
ppo_release_v1,ppo_release_v2,directed_gated_majority,0,S02:core_confirmation:c1,R,0,1,0,
ppo_release_v1,ppo_release_v2,directed_gated_majority,0,S02:core_confirmation:c2,R,0,9,0,
ppo_release_v1,ppo_release_v2,directed_gated_majority,0,S08:core_confirmation:c0,R,0,1,0,
ppo_release_v1,ppo_release_v2,directed_gated_majority,0,S08:core_confirmation:c1,R,0,1,0,
ppo_release_v1,ppo_release_v2,directed_gated_majority,0,S08:core_confirmation:c2,R,0,1,0,
ppo_release_v1,ppo_release_v2,directed_gated_majority,0,S01:core_confirmation:c0,I,0,0,0,
ppo_release_v1,ppo_release_v2,directed_gated_majority,0,S01:core_confirmation:c1,I,0,0,0,
ppo_release_v1,ppo_release_v2,directed_gated_majority,0,S01:core_confirmation:c2,I,0,0,0,
ppo_release_v1,ppo_release_v2,directed_gated_majority,0,S02:core_confirmation:c0,I,11,18,9,0.8181818181818182
ppo_release_v1,ppo_release_v2,directed_gated_majority,0,S02:core_confirmation:c1,I,0,0,0,
ppo_release_v1,ppo_release_v2,directed_gated_majority,0,S02:core_confirmation:c2,I,9,2,0,0.0
ppo_release_v1,ppo_release_v2,directed_gated_majority,0,S08:core_confirmation:c0,I,0,0,0,
ppo_release_v1,ppo_release_v2,directed_gated_majority,0,S08:core_confirmation:c1,I,0,0,0,
ppo_release_v1,ppo_release_v2,directed_gated_majority,0,S08:core_confirmation:c2,I,0,0,0,
ppo_release_v1,ppo_release_v2,static_role_coverage2,0,S01:core_confirmation:c0,R,0,1,0,
ppo_release_v1,ppo_release_v2,static_role_coverage2,0,S01:core_confirmation:c1,R,1,1,0,0.0
ppo_release_v1,ppo_release_v2,static_role_coverage2,0,S01:core_confirmation:c2,R,0,5,0,
ppo_release_v1,ppo_release_v2,static_role_coverage2,0,S02:core_confirmation:c0,R,0,2,0,
ppo_release_v1,ppo_release_v2,static_role_coverage2,0,S02:core_confirmation:c1,R,0,5,0,
ppo_release_v1,ppo_release_v2,static_role_coverage2,0,S02:core_confirmation:c2,R,0,3,0,
ppo_release_v1,ppo_release_v2,static_role_coverage2,0,S08:core_confirmation:c0,R,0,1,0,
ppo_release_v1,ppo_release_v2,static_role_coverage2,0,S08:core_confirmation:c1,R,0,1,0,
ppo_release_v1,ppo_release_v2,static_role_coverage2,0,S08:core_confirmation:c2,R,0,1,0,
ppo_release_v1,ppo_release_v2,static_role_coverage2,0,S01:core_confirmation:c0,I,0,0,0,
ppo_release_v1,ppo_release_v2,static_role_coverage2,0,S01:core_confirmation:c1,I,0,0,0,
ppo_release_v1,ppo_release_v2,static_role_coverage2,0,S01:core_confirmation:c2,I,0,8,0,
ppo_release_v1,ppo_release_v2,static_role_coverage2,0,S02:core_confirmation:c0,I,11,2,1,0.09090909090909091
ppo_release_v1,ppo_release_v2,static_role_coverage2,0,S02:core_confirmation:c1,I,0,0,0,
ppo_release_v1,ppo_release_v2,static_role_coverage2,0,S02:core_confirmation:c2,I,9,2,0,0.0
ppo_release_v1,ppo_release_v2,static_role_coverage2,0,S08:core_confirmation:c0,I,0,0,0,
ppo_release_v1,ppo_release_v2,static_role_coverage2,0,S08:core_confirmation:c1,I,0,0,0,
ppo_release_v1,ppo_release_v2,static_role_coverage2,0,S08:core_confirmation:c2,I,0,8,0,
ppo_release_v1,ppo_release_v2,coordinate_role_gated,0,S01:core_confirmation:c0,R,0,1,0,
ppo_release_v1,ppo_release_v2,coordinate_role_gated,0,S01:core_confirmation:c1,R,1,1,0,0.0
ppo_release_v1,ppo_release_v2,coordinate_role_gated,0,S01:core_confirmation:c2,R,0,3,0,
ppo_release_v1,ppo_release_v2,coordinate_role_gated,0,S02:core_confirmation:c0,R,0,2,0,
ppo_release_v1,ppo_release_v2,coordinate_role_gated,0,S02:core_confirmation:c1,R,0,1,0,
ppo_release_v1,ppo_release_v2,coordinate_role_gated,0,S02:core_confirmation:c2,R,0,9,0,
ppo_release_v1,ppo_release_v2,coordinate_role_gated,0,S08:core_confirmation:c0,R,0,1,0,
ppo_release_v1,ppo_release_v2,coordinate_role_gated,0,S08:core_confirmation:c1,R,0,1,0,
ppo_release_v1,ppo_release_v2,coordinate_role_gated,0,S08:core_confirmation:c2,R,0,1,0,
ppo_release_v1,ppo_release_v2,coordinate_role_gated,0,S01:core_confirmation:c0,I,0,0,0,
ppo_release_v1,ppo_release_v2,coordinate_role_gated,0,S01:core_confirmation:c1,I,0,0,0,
ppo_release_v1,ppo_release_v2,coordinate_role_gated,0,S01:core_confirmation:c2,I,0,0,0,
ppo_release_v1,ppo_release_v2,coordinate_role_gated,0,S02:core_confirmation:c0,I,11,18,9,0.8181818181818182
ppo_release_v1,ppo_release_v2,coordinate_role_gated,0,S02:core_confirmation:c1,I,0,0,0,
ppo_release_v1,ppo_release_v2,coordinate_role_gated,0,S02:core_confirmation:c2,I,9,2,0,0.0
ppo_release_v1,ppo_release_v2,coordinate_role_gated,0,S08:core_confirmation:c0,I,0,0,0,
ppo_release_v1,ppo_release_v2,coordinate_role_gated,0,S08:core_confirmation:c1,I,0,0,0,
ppo_release_v1,ppo_release_v2,coordinate_role_gated,0,S08:core_confirmation:c2,I,0,0,0,
ppo_release_v1,ppo_release_v2,directed_role_gated,0,S01:core_confirmation:c0,R,0,1,0,
ppo_release_v1,ppo_release_v2,directed_role_gated,0,S01:core_confirmation:c1,R,1,1,0,0.0
ppo_release_v1,ppo_release_v2,directed_role_gated,0,S01:core_confirmation:c2,R,0,3,0,
ppo_release_v1,ppo_release_v2,directed_role_gated,0,S02:core_confirmation:c0,R,0,2,0,
ppo_release_v1,ppo_release_v2,directed_role_gated,0,S02:core_confirmation:c1,R,0,1,0,
ppo_release_v1,ppo_release_v2,directed_role_gated,0,S02:core_confirmation:c2,R,0,9,0,
ppo_release_v1,ppo_release_v2,directed_role_gated,0,S08:core_confirmation:c0,R,0,1,0,
ppo_release_v1,ppo_release_v2,directed_role_gated,0,S08:core_confirmation:c1,R,0,1,0,
ppo_release_v1,ppo_release_v2,directed_role_gated,0,S08:core_confirmation:c2,R,0,1,0,
ppo_release_v1,ppo_release_v2,directed_role_gated,0,S01:core_confirmation:c0,I,0,0,0,
ppo_release_v1,ppo_release_v2,directed_role_gated,0,S01:core_confirmation:c1,I,0,0,0,
ppo_release_v1,ppo_release_v2,directed_role_gated,0,S01:core_confirmation:c2,I,0,0,0,
ppo_release_v1,ppo_release_v2,directed_role_gated,0,S02:core_confirmation:c0,I,11,18,9,0.8181818181818182
ppo_release_v1,ppo_release_v2,directed_role_gated,0,S02:core_confirmation:c1,I,0,0,0,
ppo_release_v1,ppo_release_v2,directed_role_gated,0,S02:core_confirmation:c2,I,9,2,0,0.0
ppo_release_v1,ppo_release_v2,directed_role_gated,0,S08:core_confirmation:c0,I,0,0,0,
ppo_release_v1,ppo_release_v2,directed_role_gated,0,S08:core_confirmation:c1,I,0,0,0,
ppo_release_v1,ppo_release_v2,directed_role_gated,0,S08:core_confirmation:c2,I,0,0,0,
ppo_release_v1,ppo_release_v2,adaptive_role_hybrid,0,S01:core_confirmation:c0,R,0,1,0,
ppo_release_v1,ppo_release_v2,adaptive_role_hybrid,0,S01:core_confirmation:c1,R,1,1,0,0.0
ppo_release_v1,ppo_release_v2,adaptive_role_hybrid,0,S01:core_confirmation:c2,R,0,5,0,
ppo_release_v1,ppo_release_v2,adaptive_role_hybrid,0,S02:core_confirmation:c0,R,0,2,0,
ppo_release_v1,ppo_release_v2,adaptive_role_hybrid,0,S02:core_confirmation:c1,R,0,5,0,
ppo_release_v1,ppo_release_v2,adaptive_role_hybrid,0,S02:core_confirmation:c2,R,0,3,0,
ppo_release_v1,ppo_release_v2,adaptive_role_hybrid,0,S08:core_confirmation:c0,R,0,1,0,
ppo_release_v1,ppo_release_v2,adaptive_role_hybrid,0,S08:core_confirmation:c1,R,0,1,0,
ppo_release_v1,ppo_release_v2,adaptive_role_hybrid,0,S08:core_confirmation:c2,R,0,1,0,
ppo_release_v1,ppo_release_v2,adaptive_role_hybrid,0,S01:core_confirmation:c0,I,0,0,0,
ppo_release_v1,ppo_release_v2,adaptive_role_hybrid,0,S01:core_confirmation:c1,I,0,0,0,
ppo_release_v1,ppo_release_v2,adaptive_role_hybrid,0,S01:core_confirmation:c2,I,0,0,0,
ppo_release_v1,ppo_release_v2,adaptive_role_hybrid,0,S02:core_confirmation:c0,I,11,18,9,0.8181818181818182
ppo_release_v1,ppo_release_v2,adaptive_role_hybrid,0,S02:core_confirmation:c1,I,0,0,0,
ppo_release_v1,ppo_release_v2,adaptive_role_hybrid,0,S02:core_confirmation:c2,I,9,2,0,0.0
ppo_release_v1,ppo_release_v2,adaptive_role_hybrid,0,S08:core_confirmation:c0,I,0,0,0,
ppo_release_v1,ppo_release_v2,adaptive_role_hybrid,0,S08:core_confirmation:c1,I,0,0,0,
ppo_release_v1,ppo_release_v2,adaptive_role_hybrid,0,S08:core_confirmation:c2,I,0,0,0,
ppo_release_v1,ppo_release_v2,multi_frontier_role,0,S01:core_confirmation:c0,R,0,1,0,
ppo_release_v1,ppo_release_v2,multi_frontier_role,0,S01:core_confirmation:c1,R,1,1,0,0.0
ppo_release_v1,ppo_release_v2,multi_frontier_role,0,S01:core_confirmation:c2,R,0,3,0,
ppo_release_v1,ppo_release_v2,multi_frontier_role,0,S02:core_confirmation:c0,R,0,2,0,
ppo_release_v1,ppo_release_v2,multi_frontier_role,0,S02:core_confirmation:c1,R,0,1,0,
ppo_release_v1,ppo_release_v2,multi_frontier_role,0,S02:core_confirmation:c2,R,0,9,0,
ppo_release_v1,ppo_release_v2,multi_frontier_role,0,S08:core_confirmation:c0,R,0,1,0,
ppo_release_v1,ppo_release_v2,multi_frontier_role,0,S08:core_confirmation:c1,R,0,1,0,
ppo_release_v1,ppo_release_v2,multi_frontier_role,0,S08:core_confirmation:c2,R,0,1,0,
ppo_release_v1,ppo_release_v2,multi_frontier_role,0,S01:core_confirmation:c0,I,0,0,0,
ppo_release_v1,ppo_release_v2,multi_frontier_role,0,S01:core_confirmation:c1,I,0,0,0,
ppo_release_v1,ppo_release_v2,multi_frontier_role,0,S01:core_confirmation:c2,I,0,0,0,
ppo_release_v1,ppo_release_v2,multi_frontier_role,0,S02:core_confirmation:c0,I,11,18,9,0.8181818181818182
ppo_release_v1,ppo_release_v2,multi_frontier_role,0,S02:core_confirmation:c1,I,0,0,0,
ppo_release_v1,ppo_release_v2,multi_frontier_role,0,S02:core_confirmation:c2,I,9,2,0,0.0
ppo_release_v1,ppo_release_v2,multi_frontier_role,0,S08:core_confirmation:c0,I,0,0,0,
ppo_release_v1,ppo_release_v2,multi_frontier_role,0,S08:core_confirmation:c1,I,0,0,0,
ppo_release_v1,ppo_release_v2,multi_frontier_role,0,S08:core_confirmation:c2,I,0,0,0,
ppo_release_v1,ppo_release_v2,multi_frontier_diversified,0,S01:core_confirmation:c0,R,0,1,0,
ppo_release_v1,ppo_release_v2,multi_frontier_diversified,0,S01:core_confirmation:c1,R,1,1,0,0.0
ppo_release_v1,ppo_release_v2,multi_frontier_diversified,0,S01:core_confirmation:c2,R,0,3,0,
ppo_release_v1,ppo_release_v2,multi_frontier_diversified,0,S02:core_confirmation:c0,R,0,2,0,
ppo_release_v1,ppo_release_v2,multi_frontier_diversified,0,S02:core_confirmation:c1,R,0,1,0,
ppo_release_v1,ppo_release_v2,multi_frontier_diversified,0,S02:core_confirmation:c2,R,0,9,0,
ppo_release_v1,ppo_release_v2,multi_frontier_diversified,0,S08:core_confirmation:c0,R,0,1,0,
ppo_release_v1,ppo_release_v2,multi_frontier_diversified,0,S08:core_confirmation:c1,R,0,1,0,
ppo_release_v1,ppo_release_v2,multi_frontier_diversified,0,S08:core_confirmation:c2,R,0,1,0,
ppo_release_v1,ppo_release_v2,multi_frontier_diversified,0,S01:core_confirmation:c0,I,0,0,0,
ppo_release_v1,ppo_release_v2,multi_frontier_diversified,0,S01:core_confirmation:c1,I,0,0,0,
ppo_release_v1,ppo_release_v2,multi_frontier_diversified,0,S01:core_confirmation:c2,I,0,0,0,
ppo_release_v1,ppo_release_v2,multi_frontier_diversified,0,S02:core_confirmation:c0,I,11,18,9,0.8181818181818182
ppo_release_v1,ppo_release_v2,multi_frontier_diversified,0,S02:core_confirmation:c1,I,0,0,0,
ppo_release_v1,ppo_release_v2,multi_frontier_diversified,0,S02:core_confirmation:c2,I,9,2,0,0.0
ppo_release_v1,ppo_release_v2,multi_frontier_diversified,0,S08:core_confirmation:c0,I,0,0,0,
ppo_release_v1,ppo_release_v2,multi_frontier_diversified,0,S08:core_confirmation:c1,I,0,0,0,
ppo_release_v1,ppo_release_v2,multi_frontier_diversified,0,S08:core_confirmation:c2,I,0,0,0,
ppo_release_v1,ppo_release_v2,coordinate_multi_frontier,0,S01:core_confirmation:c0,R,0,1,0,
ppo_release_v1,ppo_release_v2,coordinate_multi_frontier,0,S01:core_confirmation:c1,R,1,1,0,0.0
ppo_release_v1,ppo_release_v2,coordinate_multi_frontier,0,S01:core_confirmation:c2,R,0,3,0,
ppo_release_v1,ppo_release_v2,coordinate_multi_frontier,0,S02:core_confirmation:c0,R,0,2,0,
ppo_release_v1,ppo_release_v2,coordinate_multi_frontier,0,S02:core_confirmation:c1,R,0,1,0,
ppo_release_v1,ppo_release_v2,coordinate_multi_frontier,0,S02:core_confirmation:c2,R,0,9,0,
ppo_release_v1,ppo_release_v2,coordinate_multi_frontier,0,S08:core_confirmation:c0,R,0,1,0,
ppo_release_v1,ppo_release_v2,coordinate_multi_frontier,0,S08:core_confirmation:c1,R,0,1,0,
ppo_release_v1,ppo_release_v2,coordinate_multi_frontier,0,S08:core_confirmation:c2,R,0,1,0,
ppo_release_v1,ppo_release_v2,coordinate_multi_frontier,0,S01:core_confirmation:c0,I,0,0,0,
ppo_release_v1,ppo_release_v2,coordinate_multi_frontier,0,S01:core_confirmation:c1,I,0,0,0,
ppo_release_v1,ppo_release_v2,coordinate_multi_frontier,0,S01:core_confirmation:c2,I,0,0,0,
ppo_release_v1,ppo_release_v2,coordinate_multi_frontier,0,S02:core_confirmation:c0,I,11,18,9,0.8181818181818182
ppo_release_v1,ppo_release_v2,coordinate_multi_frontier,0,S02:core_confirmation:c1,I,0,0,0,
ppo_release_v1,ppo_release_v2,coordinate_multi_frontier,0,S02:core_confirmation:c2,I,9,2,0,0.0
ppo_release_v1,ppo_release_v2,coordinate_multi_frontier,0,S08:core_confirmation:c0,I,0,0,0,
ppo_release_v1,ppo_release_v2,coordinate_multi_frontier,0,S08:core_confirmation:c1,I,0,0,0,
ppo_release_v1,ppo_release_v2,coordinate_multi_frontier,0,S08:core_confirmation:c2,I,0,0,0,
ppo_release_v1,ppo_release_v2,static_role_coverage_latest,0,S01:core_confirmation:c0,R,0,1,0,
ppo_release_v1,ppo_release_v2,static_role_coverage_latest,0,S01:core_confirmation:c1,R,1,1,0,0.0
ppo_release_v1,ppo_release_v2,static_role_coverage_latest,0,S01:core_confirmation:c2,R,0,5,0,
ppo_release_v1,ppo_release_v2,static_role_coverage_latest,0,S02:core_confirmation:c0,R,0,2,0,
ppo_release_v1,ppo_release_v2,static_role_coverage_latest,0,S02:core_confirmation:c1,R,0,5,0,
ppo_release_v1,ppo_release_v2,static_role_coverage_latest,0,S02:core_confirmation:c2,R,0,3,0,
ppo_release_v1,ppo_release_v2,static_role_coverage_latest,0,S08:core_confirmation:c0,R,0,1,0,
ppo_release_v1,ppo_release_v2,static_role_coverage_latest,0,S08:core_confirmation:c1,R,0,1,0,
ppo_release_v1,ppo_release_v2,static_role_coverage_latest,0,S08:core_confirmation:c2,R,0,1,0,
ppo_release_v1,ppo_release_v2,static_role_coverage_latest,0,S01:core_confirmation:c0,I,0,0,0,
ppo_release_v1,ppo_release_v2,static_role_coverage_latest,0,S01:core_confirmation:c1,I,0,0,0,
ppo_release_v1,ppo_release_v2,static_role_coverage_latest,0,S01:core_confirmation:c2,I,0,0,0,
ppo_release_v1,ppo_release_v2,static_role_coverage_latest,0,S02:core_confirmation:c0,I,11,10,0,0.0
ppo_release_v1,ppo_release_v2,static_role_coverage_latest,0,S02:core_confirmation:c1,I,0,6,0,
ppo_release_v1,ppo_release_v2,static_role_coverage_latest,0,S02:core_confirmation:c2,I,9,4,0,0.0
ppo_release_v1,ppo_release_v2,static_role_coverage_latest,0,S08:core_confirmation:c0,I,0,0,0,
ppo_release_v1,ppo_release_v2,static_role_coverage_latest,0,S08:core_confirmation:c1,I,0,0,0,
ppo_release_v1,ppo_release_v2,static_role_coverage_latest,0,S08:core_confirmation:c2,I,0,0,0,
ppo_release_v1,ppo_release_v2,coordinate_role_gated_latest,0,S01:core_confirmation:c0,R,0,1,0,
ppo_release_v1,ppo_release_v2,coordinate_role_gated_latest,0,S01:core_confirmation:c1,R,1,1,0,0.0
ppo_release_v1,ppo_release_v2,coordinate_role_gated_latest,0,S01:core_confirmation:c2,R,0,4,0,
ppo_release_v1,ppo_release_v2,coordinate_role_gated_latest,0,S02:core_confirmation:c0,R,0,3,0,
ppo_release_v1,ppo_release_v2,coordinate_role_gated_latest,0,S02:core_confirmation:c1,R,0,1,0,
ppo_release_v1,ppo_release_v2,coordinate_role_gated_latest,0,S02:core_confirmation:c2,R,0,7,0,
ppo_release_v1,ppo_release_v2,coordinate_role_gated_latest,0,S08:core_confirmation:c0,R,0,1,0,
ppo_release_v1,ppo_release_v2,coordinate_role_gated_latest,0,S08:core_confirmation:c1,R,0,1,0,
ppo_release_v1,ppo_release_v2,coordinate_role_gated_latest,0,S08:core_confirmation:c2,R,0,1,0,
ppo_release_v1,ppo_release_v2,coordinate_role_gated_latest,0,S01:core_confirmation:c0,I,0,0,0,
ppo_release_v1,ppo_release_v2,coordinate_role_gated_latest,0,S01:core_confirmation:c1,I,0,0,0,
ppo_release_v1,ppo_release_v2,coordinate_role_gated_latest,0,S01:core_confirmation:c2,I,0,6,0,
ppo_release_v1,ppo_release_v2,coordinate_role_gated_latest,0,S02:core_confirmation:c0,I,11,3,0,0.0
ppo_release_v1,ppo_release_v2,coordinate_role_gated_latest,0,S02:core_confirmation:c1,I,0,3,0,
ppo_release_v1,ppo_release_v2,coordinate_role_gated_latest,0,S02:core_confirmation:c2,I,9,8,0,0.0
ppo_release_v1,ppo_release_v2,coordinate_role_gated_latest,0,S08:core_confirmation:c0,I,0,0,0,
ppo_release_v1,ppo_release_v2,coordinate_role_gated_latest,0,S08:core_confirmation:c1,I,0,0,0,
ppo_release_v1,ppo_release_v2,coordinate_role_gated_latest,0,S08:core_confirmation:c2,I,0,0,0,
ppo_release_v1,ppo_release_v2,directed_role_gated_latest,0,S01:core_confirmation:c0,R,0,1,0,
ppo_release_v1,ppo_release_v2,directed_role_gated_latest,0,S01:core_confirmation:c1,R,1,1,0,0.0
ppo_release_v1,ppo_release_v2,directed_role_gated_latest,0,S01:core_confirmation:c2,R,0,5,0,
ppo_release_v1,ppo_release_v2,directed_role_gated_latest,0,S02:core_confirmation:c0,R,0,3,0,
ppo_release_v1,ppo_release_v2,directed_role_gated_latest,0,S02:core_confirmation:c1,R,0,2,0,
ppo_release_v1,ppo_release_v2,directed_role_gated_latest,0,S02:core_confirmation:c2,R,0,5,0,
ppo_release_v1,ppo_release_v2,directed_role_gated_latest,0,S08:core_confirmation:c0,R,0,1,0,
ppo_release_v1,ppo_release_v2,directed_role_gated_latest,0,S08:core_confirmation:c1,R,0,1,0,
ppo_release_v1,ppo_release_v2,directed_role_gated_latest,0,S08:core_confirmation:c2,R,0,1,0,
ppo_release_v1,ppo_release_v2,directed_role_gated_latest,0,S01:core_confirmation:c0,I,0,0,0,
ppo_release_v1,ppo_release_v2,directed_role_gated_latest,0,S01:core_confirmation:c1,I,0,0,0,
ppo_release_v1,ppo_release_v2,directed_role_gated_latest,0,S01:core_confirmation:c2,I,0,7,0,
ppo_release_v1,ppo_release_v2,directed_role_gated_latest,0,S02:core_confirmation:c0,I,11,2,0,0.0
ppo_release_v1,ppo_release_v2,directed_role_gated_latest,0,S02:core_confirmation:c1,I,0,3,0,
ppo_release_v1,ppo_release_v2,directed_role_gated_latest,0,S02:core_confirmation:c2,I,9,7,0,0.0
ppo_release_v1,ppo_release_v2,directed_role_gated_latest,0,S08:core_confirmation:c0,I,0,0,0,
ppo_release_v1,ppo_release_v2,directed_role_gated_latest,0,S08:core_confirmation:c1,I,0,0,0,
ppo_release_v1,ppo_release_v2,directed_role_gated_latest,0,S08:core_confirmation:c2,I,0,1,0,
ppo_release_v1,ppo_release_v2,static_role_coverage_span,0,S01:core_confirmation:c0,R,0,1,0,
ppo_release_v1,ppo_release_v2,static_role_coverage_span,0,S01:core_confirmation:c1,R,1,1,0,0.0
ppo_release_v1,ppo_release_v2,static_role_coverage_span,0,S01:core_confirmation:c2,R,0,5,0,
ppo_release_v1,ppo_release_v2,static_role_coverage_span,0,S02:core_confirmation:c0,R,0,2,0,
ppo_release_v1,ppo_release_v2,static_role_coverage_span,0,S02:core_confirmation:c1,R,0,5,0,
ppo_release_v1,ppo_release_v2,static_role_coverage_span,0,S02:core_confirmation:c2,R,0,3,0,
ppo_release_v1,ppo_release_v2,static_role_coverage_span,0,S08:core_confirmation:c0,R,0,1,0,
ppo_release_v1,ppo_release_v2,static_role_coverage_span,0,S08:core_confirmation:c1,R,0,1,0,
ppo_release_v1,ppo_release_v2,static_role_coverage_span,0,S08:core_confirmation:c2,R,0,1,0,
ppo_release_v1,ppo_release_v2,static_role_coverage_span,0,S01:core_confirmation:c0,I,0,0,0,
ppo_release_v1,ppo_release_v2,static_role_coverage_span,0,S01:core_confirmation:c1,I,0,0,0,
ppo_release_v1,ppo_release_v2,static_role_coverage_span,0,S01:core_confirmation:c2,I,0,8,0,
ppo_release_v1,ppo_release_v2,static_role_coverage_span,0,S02:core_confirmation:c0,I,11,2,1,0.09090909090909091
ppo_release_v1,ppo_release_v2,static_role_coverage_span,0,S02:core_confirmation:c1,I,0,0,0,
ppo_release_v1,ppo_release_v2,static_role_coverage_span,0,S02:core_confirmation:c2,I,9,2,0,0.0
ppo_release_v1,ppo_release_v2,static_role_coverage_span,0,S08:core_confirmation:c0,I,0,0,0,
ppo_release_v1,ppo_release_v2,static_role_coverage_span,0,S08:core_confirmation:c1,I,0,0,0,
ppo_release_v1,ppo_release_v2,static_role_coverage_span,0,S08:core_confirmation:c2,I,0,8,0,
ppo_release_v1,ppo_release_v2,coordinate_role_gated_span,0,S01:core_confirmation:c0,R,0,1,0,
ppo_release_v1,ppo_release_v2,coordinate_role_gated_span,0,S01:core_confirmation:c1,R,1,1,0,0.0
ppo_release_v1,ppo_release_v2,coordinate_role_gated_span,0,S01:core_confirmation:c2,R,0,2,0,
ppo_release_v1,ppo_release_v2,coordinate_role_gated_span,0,S02:core_confirmation:c0,R,0,3,0,
ppo_release_v1,ppo_release_v2,coordinate_role_gated_span,0,S02:core_confirmation:c1,R,0,1,0,
ppo_release_v1,ppo_release_v2,coordinate_role_gated_span,0,S02:core_confirmation:c2,R,0,9,0,
ppo_release_v1,ppo_release_v2,coordinate_role_gated_span,0,S08:core_confirmation:c0,R,0,1,0,
ppo_release_v1,ppo_release_v2,coordinate_role_gated_span,0,S08:core_confirmation:c1,R,0,1,0,
ppo_release_v1,ppo_release_v2,coordinate_role_gated_span,0,S08:core_confirmation:c2,R,0,1,0,
ppo_release_v1,ppo_release_v2,coordinate_role_gated_span,0,S01:core_confirmation:c0,I,0,0,0,
ppo_release_v1,ppo_release_v2,coordinate_role_gated_span,0,S01:core_confirmation:c1,I,0,0,0,
ppo_release_v1,ppo_release_v2,coordinate_role_gated_span,0,S01:core_confirmation:c2,I,0,0,0,
ppo_release_v1,ppo_release_v2,coordinate_role_gated_span,0,S02:core_confirmation:c0,I,11,18,9,0.8181818181818182
ppo_release_v1,ppo_release_v2,coordinate_role_gated_span,0,S02:core_confirmation:c1,I,0,0,0,
ppo_release_v1,ppo_release_v2,coordinate_role_gated_span,0,S02:core_confirmation:c2,I,9,2,0,0.0
ppo_release_v1,ppo_release_v2,coordinate_role_gated_span,0,S08:core_confirmation:c0,I,0,0,0,
ppo_release_v1,ppo_release_v2,coordinate_role_gated_span,0,S08:core_confirmation:c1,I,0,0,0,
ppo_release_v1,ppo_release_v2,coordinate_role_gated_span,0,S08:core_confirmation:c2,I,0,0,0,
ppo_release_v1,ppo_release_v2,directed_role_gated_span,0,S01:core_confirmation:c0,R,0,1,0,
ppo_release_v1,ppo_release_v2,directed_role_gated_span,0,S01:core_confirmation:c1,R,1,1,0,0.0
ppo_release_v1,ppo_release_v2,directed_role_gated_span,0,S01:core_confirmation:c2,R,0,3,0,
ppo_release_v1,ppo_release_v2,directed_role_gated_span,0,S02:core_confirmation:c0,R,0,2,0,
ppo_release_v1,ppo_release_v2,directed_role_gated_span,0,S02:core_confirmation:c1,R,0,1,0,
ppo_release_v1,ppo_release_v2,directed_role_gated_span,0,S02:core_confirmation:c2,R,0,9,0,
ppo_release_v1,ppo_release_v2,directed_role_gated_span,0,S08:core_confirmation:c0,R,0,1,0,
ppo_release_v1,ppo_release_v2,directed_role_gated_span,0,S08:core_confirmation:c1,R,0,1,0,
ppo_release_v1,ppo_release_v2,directed_role_gated_span,0,S08:core_confirmation:c2,R,0,1,0,
ppo_release_v1,ppo_release_v2,directed_role_gated_span,0,S01:core_confirmation:c0,I,0,0,0,
ppo_release_v1,ppo_release_v2,directed_role_gated_span,0,S01:core_confirmation:c1,I,0,0,0,
ppo_release_v1,ppo_release_v2,directed_role_gated_span,0,S01:core_confirmation:c2,I,0,0,0,
ppo_release_v1,ppo_release_v2,directed_role_gated_span,0,S02:core_confirmation:c0,I,11,18,9,0.8181818181818182
ppo_release_v1,ppo_release_v2,directed_role_gated_span,0,S02:core_confirmation:c1,I,0,0,0,
ppo_release_v1,ppo_release_v2,directed_role_gated_span,0,S02:core_confirmation:c2,I,9,2,0,0.0
ppo_release_v1,ppo_release_v2,directed_role_gated_span,0,S08:core_confirmation:c0,I,0,0,0,
ppo_release_v1,ppo_release_v2,directed_role_gated_span,0,S08:core_confirmation:c1,I,0,0,0,
ppo_release_v1,ppo_release_v2,directed_role_gated_span,0,S08:core_confirmation:c2,I,0,0,0,
ppo_release_v1,ppo_release_v2,directed_role_gated_edges,0,S01:core_confirmation:c0,R,0,1,0,
ppo_release_v1,ppo_release_v2,directed_role_gated_edges,0,S01:core_confirmation:c1,R,1,1,0,0.0
ppo_release_v1,ppo_release_v2,directed_role_gated_edges,0,S01:core_confirmation:c2,R,0,3,0,
ppo_release_v1,ppo_release_v2,directed_role_gated_edges,0,S02:core_confirmation:c0,R,0,2,0,
ppo_release_v1,ppo_release_v2,directed_role_gated_edges,0,S02:core_confirmation:c1,R,0,1,0,
ppo_release_v1,ppo_release_v2,directed_role_gated_edges,0,S02:core_confirmation:c2,R,0,9,0,
ppo_release_v1,ppo_release_v2,directed_role_gated_edges,0,S08:core_confirmation:c0,R,0,1,0,
ppo_release_v1,ppo_release_v2,directed_role_gated_edges,0,S08:core_confirmation:c1,R,0,1,0,
ppo_release_v1,ppo_release_v2,directed_role_gated_edges,0,S08:core_confirmation:c2,R,0,1,0,
ppo_release_v1,ppo_release_v2,directed_role_gated_edges,0,S01:core_confirmation:c0,I,0,0,0,
ppo_release_v1,ppo_release_v2,directed_role_gated_edges,0,S01:core_confirmation:c1,I,0,0,0,
ppo_release_v1,ppo_release_v2,directed_role_gated_edges,0,S01:core_confirmation:c2,I,0,0,0,
ppo_release_v1,ppo_release_v2,directed_role_gated_edges,0,S02:core_confirmation:c0,I,11,18,9,0.8181818181818182
ppo_release_v1,ppo_release_v2,directed_role_gated_edges,0,S02:core_confirmation:c1,I,0,0,0,
ppo_release_v1,ppo_release_v2,directed_role_gated_edges,0,S02:core_confirmation:c2,I,9,2,0,0.0
ppo_release_v1,ppo_release_v2,directed_role_gated_edges,0,S08:core_confirmation:c0,I,0,0,0,
ppo_release_v1,ppo_release_v2,directed_role_gated_edges,0,S08:core_confirmation:c1,I,0,0,0,
ppo_release_v1,ppo_release_v2,directed_role_gated_edges,0,S08:core_confirmation:c2,I,0,0,0,
