method,target_sut,repeat,critical_score_at_50,collision_count_at_50,critical_event_count_at_50,critical_recall_at_50,collision_recall_at_50,queried_indices,critical_score_curve,critical_recall_curve
DETOUR Hierarchy (K=0),SUT-A,0,25.5,20,31,0.6078431372549019,0.6451612903225806,37;45;177;181;13;5;123;18;234;65;29;93;81;89;34;41;202;99;49;200;169;10;21;113;9;73;51;25;62;157;2;42;165;17;22;94;26;38;61;57;14;6;163;46;127;218;226;30;40;1,0.500;1.500;2.500;3.500;4.500;5.500;6.500;7.500;8.500;9.500;10.500;11.500;12.500;13.500;14.000;14.000;15.000;15.500;16.500;16.500;17.500;18.000;18.000;18.000;18.500;18.500;18.500;18.500;19.500;20.500;21.000;21.000;21.500;22.000;22.000;22.500;22.500;22.500;22.500;23.500;23.500;23.500;23.500;23.500;24.000;25.000;25.500;25.500;25.500;25.500,0.019608;0.039216;0.058824;0.078431;0.098039;0.117647;0.137255;0.156863;0.176471;0.196078;0.215686;0.235294;0.254902;0.274510;0.294118;0.294118;0.313725;0.333333;0.352941;0.352941;0.372549;0.392157;0.392157;0.392157;0.411765;0.411765;0.411765;0.411765;0.431373;0.450980;0.470588;0.470588;0.490196;0.509804;0.509804;0.529412;0.529412;0.529412;0.529412;0.549020;0.549020;0.549020;0.549020;0.549020;0.568627;0.588235;0.607843;0.607843;0.607843;0.607843
Risk Mining + Adaptation,SUT-A,0,36.0,29,43,0.8431372549019608,0.9354838709677419,73;186;10;128;21;189;127;71;173;86;13;18;29;45;49;57;62;65;81;161;202;234;135;218;119;169;145;89;177;94;104;158;34;111;181;5;77;136;103;123;185;2;213;157;190;165;153;194;37;17,0.000;0.000;0.500;1.000;1.000;1.000;1.500;1.500;1.500;1.500;2.500;3.500;4.500;5.500;6.500;7.500;8.500;9.500;10.500;11.500;12.500;13.500;14.500;15.500;16.500;17.500;18.500;19.500;20.500;21.000;22.000;22.500;23.000;24.000;25.000;26.000;27.000;27.500;28.500;29.500;30.500;31.000;31.500;32.500;33.000;33.500;34.000;35.000;35.500;36.000,0.000000;0.000000;0.019608;0.039216;0.039216;0.039216;0.058824;0.058824;0.058824;0.058824;0.078431;0.098039;0.117647;0.137255;0.156863;0.176471;0.196078;0.215686;0.235294;0.254902;0.274510;0.294118;0.313725;0.333333;0.352941;0.372549;0.392157;0.411765;0.431373;0.450980;0.470588;0.490196;0.509804;0.529412;0.549020;0.568627;0.588235;0.607843;0.627451;0.647059;0.666667;0.686275;0.705882;0.725490;0.745098;0.764706;0.784314;0.803922;0.823529;0.843137
Risk Mining + DETOUR Hierarchy,SUT-A,0,36.0,29,43,0.8431372549019608,0.9354838709677419,73;186;10;128;21;189;127;71;173;86;45;13;18;234;65;29;81;202;49;62;57;169;89;218;177;145;161;94;135;34;119;104;158;181;5;77;123;2;111;157;136;103;185;165;153;190;213;194;37;17,0.000;0.000;0.500;1.000;1.000;1.000;1.500;1.500;1.500;1.500;2.500;3.500;4.500;5.500;6.500;7.500;8.500;9.500;10.500;11.500;12.500;13.500;14.500;15.500;16.500;17.500;18.500;19.000;20.000;20.500;21.500;22.500;23.000;24.000;25.000;26.000;27.000;27.500;28.500;29.500;30.000;31.000;32.000;32.500;33.000;33.500;34.000;35.000;35.500;36.000,0.000000;0.000000;0.019608;0.039216;0.039216;0.039216;0.058824;0.058824;0.058824;0.058824;0.078431;0.098039;0.117647;0.137255;0.156863;0.176471;0.196078;0.215686;0.235294;0.254902;0.274510;0.294118;0.313725;0.333333;0.352941;0.372549;0.392157;0.411765;0.431373;0.450980;0.470588;0.490196;0.509804;0.529412;0.549020;0.568627;0.588235;0.607843;0.627451;0.647059;0.666667;0.686275;0.705882;0.725490;0.745098;0.764706;0.784314;0.803922;0.823529;0.843137
DETOUR-Guided Risk Diagnosis,SUT-A,0,37.0,30,44,0.8627450980392157,0.967741935483871,73;186;10;128;21;189;127;71;163;93;13;18;29;45;49;57;62;65;81;161;202;234;135;218;119;169;145;89;177;94;104;158;34;111;181;5;77;103;123;185;157;136;165;153;2;213;190;194;17;37,0.000;0.000;0.500;1.000;1.000;1.000;1.500;1.500;1.500;2.500;3.500;4.500;5.500;6.500;7.500;8.500;9.500;10.500;11.500;12.500;13.500;14.500;15.500;16.500;17.500;18.500;19.500;20.500;21.500;22.000;23.000;23.500;24.000;25.000;26.000;27.000;28.000;29.000;30.000;31.000;32.000;32.500;33.000;33.500;34.000;34.500;35.000;36.000;36.500;37.000,0.000000;0.000000;0.019608;0.039216;0.039216;0.039216;0.058824;0.058824;0.058824;0.078431;0.098039;0.117647;0.137255;0.156863;0.176471;0.196078;0.215686;0.235294;0.254902;0.274510;0.294118;0.313725;0.333333;0.352941;0.372549;0.392157;0.411765;0.431373;0.450980;0.470588;0.490196;0.509804;0.529412;0.549020;0.568627;0.588235;0.607843;0.627451;0.647059;0.666667;0.686275;0.705882;0.725490;0.745098;0.764706;0.784314;0.803922;0.823529;0.843137;0.862745
Random,SUT-A,0,10.0,7,13,0.2549019607843137,0.22580645161290322,4;97;109;35;114;194;29;85;132;60;156;218;66;8;76;101;206;44;118;139;158;80;120;234;167;171;198;205;89;127;98;201;128;100;166;72;116;213;58;173;26;61;142;150;88;77;10;19;18;155,0.000;0.000;0.000;0.000;0.000;1.000;2.000;2.000;2.000;2.000;2.000;3.000;3.000;3.000;3.000;3.000;3.000;3.000;3.000;3.500;4.000;4.000;4.000;5.000;5.000;5.000;5.000;5.000;6.000;6.500;6.500;6.500;7.000;7.000;7.000;7.000;7.000;7.500;7.500;7.500;7.500;7.500;7.500;7.500;7.500;8.500;9.000;9.000;10.000;10.000,0.000000;0.000000;0.000000;0.000000;0.000000;0.019608;0.039216;0.039216;0.039216;0.039216;0.039216;0.058824;0.058824;0.058824;0.058824;0.058824;0.058824;0.058824;0.058824;0.078431;0.098039;0.098039;0.098039;0.117647;0.117647;0.117647;0.117647;0.117647;0.137255;0.156863;0.156863;0.156863;0.176471;0.176471;0.176471;0.176471;0.176471;0.196078;0.196078;0.196078;0.196078;0.196078;0.196078;0.196078;0.196078;0.215686;0.235294;0.235294;0.254902;0.254902
Random,SUT-A,1,11.5,11,12,0.23529411764705882,0.3548387096774194,38;215;124;123;28;166;40;159;114;234;45;105;202;64;213;7;21;189;183;205;156;228;44;24;157;70;14;41;59;23;29;92;238;51;13;97;52;43;77;154;18;65;120;118;113;53;72;235;187;60,0.000;0.000;0.000;1.000;1.000;1.000;1.000;1.000;1.000;2.000;3.000;3.000;4.000;4.000;4.500;4.500;4.500;4.500;4.500;4.500;4.500;4.500;4.500;4.500;5.500;5.500;5.500;5.500;5.500;5.500;6.500;6.500;6.500;6.500;7.500;7.500;7.500;7.500;8.500;8.500;9.500;10.500;10.500;10.500;10.500;11.500;11.500;11.500;11.500;11.500,0.000000;0.000000;0.000000;0.019608;0.019608;0.019608;0.019608;0.019608;0.019608;0.039216;0.058824;0.058824;0.078431;0.078431;0.098039;0.098039;0.098039;0.098039;0.098039;0.098039;0.098039;0.098039;0.098039;0.098039;0.117647;0.117647;0.117647;0.117647;0.117647;0.117647;0.137255;0.137255;0.137255;0.137255;0.156863;0.156863;0.156863;0.156863;0.176471;0.176471;0.196078;0.215686;0.215686;0.215686;0.215686;0.235294;0.235294;0.235294;0.235294;0.235294
Random,SUT-A,2,9.0,7,11,0.21568627450980393,0.22580645161290322,14;111;186;155;179;215;97;134;7;136;185;71;91;161;80;146;37;1;102;171;84;117;158;107;172;203;169;46;211;207;147;123;57;11;4;236;76;23;31;78;226;132;182;48;170;15;167;40;81;69,0.000;1.000;1.000;1.000;1.000;1.000;1.000;1.000;1.000;1.500;2.500;2.500;2.500;3.500;3.500;3.500;4.000;4.000;4.000;4.000;4.000;4.000;4.500;4.500;4.500;4.500;5.500;5.500;5.500;5.500;5.500;6.500;7.500;7.500;7.500;7.500;7.500;7.500;7.500;7.500;8.000;8.000;8.000;8.000;8.000;8.000;8.000;8.000;9.000;9.000,0.000000;0.019608;0.019608;0.019608;0.019608;0.019608;0.019608;0.019608;0.019608;0.039216;0.058824;0.058824;0.058824;0.078431;0.078431;0.078431;0.098039;0.098039;0.098039;0.098039;0.098039;0.098039;0.117647;0.117647;0.117647;0.117647;0.137255;0.137255;0.137255;0.137255;0.137255;0.156863;0.176471;0.176471;0.176471;0.176471;0.176471;0.176471;0.176471;0.176471;0.196078;0.196078;0.196078;0.196078;0.196078;0.196078;0.196078;0.196078;0.215686;0.215686
Random,SUT-A,3,8.5,6,11,0.21568627450980393,0.1935483870967742,235;219;127;44;7;47;194;45;38;179;217;225;8;182;39;222;167;166;15;226;80;118;206;180;144;87;50;215;60;236;2;10;75;62;114;163;35;175;227;202;93;148;193;112;189;220;49;186;9;97,0.000;0.000;0.500;0.500;0.500;0.500;1.500;2.500;2.500;2.500;2.500;2.500;2.500;2.500;2.500;2.500;2.500;2.500;2.500;3.000;3.000;3.000;3.000;3.000;3.000;3.000;3.000;3.000;3.000;3.000;3.500;4.000;4.000;5.000;5.000;5.000;5.000;5.000;5.000;6.000;7.000;7.000;7.000;7.000;7.000;7.000;8.000;8.000;8.500;8.500,0.000000;0.000000;0.019608;0.019608;0.019608;0.019608;0.039216;0.058824;0.058824;0.058824;0.058824;0.058824;0.058824;0.058824;0.058824;0.058824;0.058824;0.058824;0.058824;0.078431;0.078431;0.078431;0.078431;0.078431;0.078431;0.078431;0.078431;0.078431;0.078431;0.078431;0.098039;0.117647;0.117647;0.137255;0.137255;0.137255;0.137255;0.137255;0.137255;0.156863;0.176471;0.176471;0.176471;0.176471;0.176471;0.176471;0.196078;0.196078;0.215686;0.215686
Random,SUT-A,4,5.5,4,7,0.13725490196078433,0.12903225806451613,203;75;67;27;128;166;2;87;78;20;231;50;222;144;148;39;8;181;21;225;58;33;191;106;93;188;120;126;68;38;168;55;96;194;159;3;172;163;182;11;30;66;99;40;116;71;70;131;202;100,0.000;0.000;0.000;0.000;0.500;0.500;1.000;1.000;1.000;1.000;1.000;1.000;1.000;1.000;1.000;1.000;1.000;2.000;2.000;2.000;2.000;2.000;2.000;2.000;3.000;3.000;3.000;3.000;3.000;3.000;3.000;3.000;3.000;4.000;4.000;4.000;4.000;4.000;4.000;4.000;4.000;4.000;4.500;4.500;4.500;4.500;4.500;4.500;5.500;5.500,0.000000;0.000000;0.000000;0.000000;0.019608;0.019608;0.039216;0.039216;0.039216;0.039216;0.039216;0.039216;0.039216;0.039216;0.039216;0.039216;0.039216;0.058824;0.058824;0.058824;0.058824;0.058824;0.058824;0.058824;0.078431;0.078431;0.078431;0.078431;0.078431;0.078431;0.078431;0.078431;0.078431;0.098039;0.098039;0.098039;0.098039;0.098039;0.098039;0.098039;0.098039;0.098039;0.117647;0.117647;0.117647;0.117647;0.117647;0.117647;0.137255;0.137255
Random,SUT-A,5,7.0,5,9,0.17647058823529413,0.16129032258064516,92;8;150;191;225;200;145;66;36;127;70;119;236;223;167;93;121;72;120;10;148;51;226;156;41;180;233;214;14;196;69;181;192;27;141;42;151;61;38;183;239;80;163;54;65;31;222;189;11;40,0.000;0.000;0.000;0.000;0.000;0.000;1.000;1.000;1.000;1.500;1.500;2.500;2.500;2.500;2.500;3.500;3.500;3.500;3.500;4.000;4.000;4.000;4.500;4.500;4.500;4.500;4.500;4.500;4.500;4.500;4.500;5.500;5.500;5.500;6.000;6.000;6.000;6.000;6.000;6.000;6.000;6.000;6.000;6.000;7.000;7.000;7.000;7.000;7.000;7.000,0.000000;0.000000;0.000000;0.000000;0.000000;0.000000;0.019608;0.019608;0.019608;0.039216;0.039216;0.058824;0.058824;0.058824;0.058824;0.078431;0.078431;0.078431;0.078431;0.098039;0.098039;0.098039;0.117647;0.117647;0.117647;0.117647;0.117647;0.117647;0.117647;0.117647;0.117647;0.137255;0.137255;0.137255;0.156863;0.156863;0.156863;0.156863;0.156863;0.156863;0.156863;0.156863;0.156863;0.156863;0.176471;0.176471;0.176471;0.176471;0.176471;0.176471
Random,SUT-A,6,10.5,8,13,0.2549019607843137,0.25806451612903225,49;13;37;117;221;12;202;163;148;7;172;34;100;5;45;95;35;103;225;192;132;159;125;54;57;26;111;213;4;11;134;85;141;105;19;72;216;219;38;165;215;142;184;200;191;61;60;195;126;207,1.000;2.000;2.500;2.500;2.500;2.500;3.500;3.500;3.500;3.500;3.500;4.000;4.000;5.000;6.000;6.000;6.000;7.000;7.000;7.000;7.000;7.000;7.000;7.000;8.000;8.000;9.000;9.500;9.500;9.500;9.500;9.500;10.000;10.000;10.000;10.000;10.000;10.000;10.000;10.500;10.500;10.500;10.500;10.500;10.500;10.500;10.500;10.500;10.500;10.500,0.019608;0.039216;0.058824;0.058824;0.058824;0.058824;0.078431;0.078431;0.078431;0.078431;0.078431;0.098039;0.098039;0.117647;0.137255;0.137255;0.137255;0.156863;0.156863;0.156863;0.156863;0.156863;0.156863;0.156863;0.176471;0.176471;0.196078;0.215686;0.215686;0.215686;0.215686;0.215686;0.235294;0.235294;0.235294;0.235294;0.235294;0.235294;0.235294;0.254902;0.254902;0.254902;0.254902;0.254902;0.254902;0.254902;0.254902;0.254902;0.254902;0.254902
Random,SUT-A,7,8.5,5,12,0.23529411764705882,0.16129032258064516,92;185;198;163;132;143;55;175;156;181;90;74;10;26;34;50;88;12;130;158;73;72;47;62;201;105;45;171;134;56;165;137;192;120;49;71;98;87;233;61;8;222;127;102;155;125;110;109;97;17,0.000;1.000;1.000;1.000;1.000;1.500;1.500;1.500;1.500;2.500;2.500;2.500;3.000;3.000;3.500;3.500;3.500;3.500;3.500;4.000;4.000;4.000;4.000;5.000;5.000;5.000;6.000;6.000;6.000;6.000;6.500;6.500;6.500;6.500;7.500;7.500;7.500;7.500;7.500;7.500;7.500;7.500;8.000;8.000;8.000;8.000;8.000;8.000;8.000;8.500,0.000000;0.019608;0.019608;0.019608;0.019608;0.039216;0.039216;0.039216;0.039216;0.058824;0.058824;0.058824;0.078431;0.078431;0.098039;0.098039;0.098039;0.098039;0.098039;0.117647;0.117647;0.117647;0.117647;0.137255;0.137255;0.137255;0.156863;0.156863;0.156863;0.156863;0.176471;0.176471;0.176471;0.176471;0.196078;0.196078;0.196078;0.196078;0.196078;0.196078;0.196078;0.196078;0.215686;0.215686;0.215686;0.215686;0.215686;0.215686;0.215686;0.235294
Random,SUT-A,8,15.5,13,18,0.35294117647058826,0.41935483870967744,159;2;100;58;156;37;60;115;160;12;10;54;201;155;33;153;232;154;49;71;144;36;194;157;141;104;96;77;62;182;126;80;63;93;61;149;187;225;176;202;218;177;234;145;22;161;121;220;164;27,0.000;0.500;0.500;0.500;0.500;1.000;1.000;1.000;1.000;1.000;1.500;1.500;1.500;1.500;1.500;2.000;2.000;2.000;3.000;3.000;3.000;3.000;4.000;5.000;5.500;6.500;6.500;7.500;8.500;8.500;8.500;8.500;8.500;9.500;9.500;9.500;9.500;9.500;9.500;10.500;11.500;12.500;13.500;14.500;14.500;15.500;15.500;15.500;15.500;15.500,0.000000;0.019608;0.019608;0.019608;0.019608;0.039216;0.039216;0.039216;0.039216;0.039216;0.058824;0.058824;0.058824;0.058824;0.058824;0.078431;0.078431;0.078431;0.098039;0.098039;0.098039;0.098039;0.117647;0.137255;0.156863;0.176471;0.176471;0.196078;0.215686;0.215686;0.215686;0.215686;0.215686;0.235294;0.235294;0.235294;0.235294;0.235294;0.235294;0.254902;0.274510;0.294118;0.313725;0.333333;0.333333;0.352941;0.352941;0.352941;0.352941;0.352941
Random,SUT-A,9,8.5,7,10,0.19607843137254902,0.22580645161290322,124;104;64;113;198;26;11;90;236;41;143;63;126;168;50;138;60;102;33;129;118;226;81;225;164;89;62;20;52;183;32;229;206;117;1;142;116;105;86;49;99;188;111;84;207;67;82;77;66;3,0.000;1.000;1.000;1.000;1.000;1.000;1.000;1.000;1.000;1.000;1.500;1.500;1.500;1.500;1.500;1.500;1.500;1.500;1.500;1.500;1.500;2.000;3.000;3.000;3.000;4.000;5.000;5.000;5.000;5.000;5.000;5.000;5.000;5.000;5.000;5.000;5.000;5.000;5.000;6.000;6.500;6.500;7.500;7.500;7.500;7.500;7.500;8.500;8.500;8.500,0.000000;0.019608;0.019608;0.019608;0.019608;0.019608;0.019608;0.019608;0.019608;0.019608;0.039216;0.039216;0.039216;0.039216;0.039216;0.039216;0.039216;0.039216;0.039216;0.039216;0.039216;0.058824;0.078431;0.078431;0.078431;0.098039;0.117647;0.117647;0.117647;0.117647;0.117647;0.117647;0.117647;0.117647;0.117647;0.117647;0.117647;0.117647;0.117647;0.137255;0.156863;0.156863;0.176471;0.176471;0.176471;0.176471;0.176471;0.196078;0.196078;0.196078
Random,SUT-A,10,5.5,3,8,0.1568627450980392,0.0967741935483871,177;131;83;46;109;225;31;107;94;3;88;24;227;163;156;216;230;209;193;210;222;99;74;75;9;5;56;76;178;180;101;66;22;195;50;169;162;11;175;63;61;129;143;17;21;130;114;176;115;122,1.000;1.000;1.000;1.000;1.000;1.000;1.000;1.000;1.500;1.500;1.500;1.500;1.500;1.500;1.500;1.500;1.500;1.500;1.500;1.500;1.500;2.000;2.000;2.000;2.500;3.500;3.500;3.500;3.500;3.500;3.500;3.500;3.500;3.500;3.500;4.500;4.500;4.500;4.500;4.500;4.500;4.500;5.000;5.500;5.500;5.500;5.500;5.500;5.500;5.500,0.019608;0.019608;0.019608;0.019608;0.019608;0.019608;0.019608;0.019608;0.039216;0.039216;0.039216;0.039216;0.039216;0.039216;0.039216;0.039216;0.039216;0.039216;0.039216;0.039216;0.039216;0.058824;0.058824;0.058824;0.078431;0.098039;0.098039;0.098039;0.098039;0.098039;0.098039;0.098039;0.098039;0.098039;0.098039;0.117647;0.117647;0.117647;0.117647;0.117647;0.117647;0.117647;0.137255;0.156863;0.156863;0.156863;0.156863;0.156863;0.156863;0.156863
Random,SUT-A,11,8.0,6,10,0.19607843137254902,0.1935483870967742,211;175;74;105;27;126;216;124;182;180;141;162;205;73;132;71;213;50;159;137;29;200;69;75;127;106;166;111;112;96;177;142;193;199;19;173;145;56;57;197;23;45;150;43;72;128;80;171;51;79,0.000;0.000;0.000;0.000;0.000;0.000;0.000;0.000;0.000;0.000;0.500;0.500;0.500;0.500;0.500;0.500;1.000;1.000;1.000;1.000;2.000;2.000;2.000;2.000;2.500;2.500;2.500;3.500;3.500;3.500;4.500;4.500;4.500;4.500;4.500;4.500;5.500;5.500;6.500;6.500;6.500;7.500;7.500;7.500;7.500;8.000;8.000;8.000;8.000;8.000,0.000000;0.000000;0.000000;0.000000;0.000000;0.000000;0.000000;0.000000;0.000000;0.000000;0.019608;0.019608;0.019608;0.019608;0.019608;0.019608;0.039216;0.039216;0.039216;0.039216;0.058824;0.058824;0.058824;0.058824;0.078431;0.078431;0.078431;0.098039;0.098039;0.098039;0.117647;0.117647;0.117647;0.117647;0.117647;0.117647;0.137255;0.137255;0.156863;0.156863;0.156863;0.176471;0.176471;0.176471;0.176471;0.196078;0.196078;0.196078;0.196078;0.196078
Random,SUT-A,12,6.5,4,9,0.17647058823529413,0.12903225806451613,131;7;20;59;66;215;207;85;103;235;37;24;116;150;50;200;128;170;224;174;198;108;196;213;129;183;130;19;89;60;16;70;144;97;36;195;175;102;169;231;48;34;149;32;234;2;171;138;205;27,0.000;0.000;0.000;0.000;0.000;0.000;0.000;0.000;1.000;1.000;1.500;1.500;1.500;1.500;1.500;1.500;2.000;2.000;2.000;2.000;2.000;2.000;2.000;2.500;2.500;2.500;2.500;2.500;3.500;3.500;3.500;3.500;3.500;3.500;3.500;3.500;3.500;3.500;4.500;4.500;4.500;5.000;5.000;5.000;6.000;6.500;6.500;6.500;6.500;6.500,0.000000;0.000000;0.000000;0.000000;0.000000;0.000000;0.000000;0.000000;0.019608;0.019608;0.039216;0.039216;0.039216;0.039216;0.039216;0.039216;0.058824;0.058824;0.058824;0.058824;0.058824;0.058824;0.058824;0.078431;0.078431;0.078431;0.078431;0.078431;0.098039;0.098039;0.098039;0.098039;0.098039;0.098039;0.098039;0.098039;0.098039;0.098039;0.117647;0.117647;0.117647;0.137255;0.137255;0.137255;0.156863;0.176471;0.176471;0.176471;0.176471;0.176471
Random,SUT-A,13,10.0,9,11,0.21568627450980393,0.2903225806451613,204;95;217;53;186;161;23;41;16;117;169;99;2;221;28;202;172;119;52;129;90;151;96;40;239;197;203;113;114;229;70;111;47;187;206;140;234;196;147;81;192;188;65;144;160;59;223;199;237;232,0.000;0.000;0.000;1.000;1.000;2.000;2.000;2.000;2.000;2.000;3.000;3.500;4.000;4.000;4.000;5.000;5.000;6.000;6.000;6.000;6.000;6.000;6.000;6.000;6.000;6.000;6.000;6.000;6.000;6.000;6.000;7.000;7.000;7.000;7.000;7.000;8.000;8.000;8.000;9.000;9.000;9.000;10.000;10.000;10.000;10.000;10.000;10.000;10.000;10.000,0.000000;0.000000;0.000000;0.019608;0.019608;0.039216;0.039216;0.039216;0.039216;0.039216;0.058824;0.078431;0.098039;0.098039;0.098039;0.117647;0.117647;0.137255;0.137255;0.137255;0.137255;0.137255;0.137255;0.137255;0.137255;0.137255;0.137255;0.137255;0.137255;0.137255;0.137255;0.156863;0.156863;0.156863;0.156863;0.156863;0.176471;0.176471;0.176471;0.196078;0.196078;0.196078;0.215686;0.215686;0.215686;0.215686;0.215686;0.215686;0.215686;0.215686
Random,SUT-A,14,6.5,5,8,0.1568627450980392,0.16129032258064516,105;135;164;46;149;15;203;40;123;12;22;115;9;67;74;47;134;228;43;87;53;84;214;137;210;206;30;44;176;4;133;147;140;56;190;76;213;109;88;3;80;220;231;229;103;230;225;177;201;124,0.000;1.000;1.000;1.000;1.000;1.000;1.000;1.000;2.000;2.000;2.000;2.000;2.500;2.500;2.500;2.500;2.500;2.500;2.500;2.500;3.500;3.500;3.500;3.500;3.500;3.500;3.500;3.500;3.500;3.500;3.500;3.500;3.500;3.500;4.000;4.000;4.500;4.500;4.500;4.500;4.500;4.500;4.500;4.500;5.500;5.500;5.500;6.500;6.500;6.500,0.000000;0.019608;0.019608;0.019608;0.019608;0.019608;0.019608;0.019608;0.039216;0.039216;0.039216;0.039216;0.058824;0.058824;0.058824;0.058824;0.058824;0.058824;0.058824;0.058824;0.078431;0.078431;0.078431;0.078431;0.078431;0.078431;0.078431;0.078431;0.078431;0.078431;0.078431;0.078431;0.078431;0.078431;0.098039;0.098039;0.117647;0.117647;0.117647;0.117647;0.117647;0.117647;0.117647;0.117647;0.137255;0.137255;0.137255;0.156863;0.156863;0.156863
Random,SUT-A,15,10.5,9,12,0.23529411764705882,0.2903225806451613,73;5;160;88;14;30;185;84;110;175;163;22;28;53;142;50;80;153;154;199;41;42;149;181;87;167;191;6;111;184;187;201;62;36;32;83;143;156;144;119;158;51;200;70;155;86;161;103;0;210,0.000;1.000;1.000;1.000;1.000;1.000;2.000;2.000;2.000;2.000;2.000;2.000;2.000;3.000;3.000;3.000;3.000;3.500;3.500;3.500;3.500;3.500;3.500;4.500;4.500;4.500;4.500;4.500;5.500;5.500;5.500;5.500;6.500;6.500;6.500;6.500;7.000;7.000;7.000;8.000;8.500;8.500;8.500;8.500;8.500;8.500;9.500;10.500;10.500;10.500,0.000000;0.019608;0.019608;0.019608;0.019608;0.019608;0.039216;0.039216;0.039216;0.039216;0.039216;0.039216;0.039216;0.058824;0.058824;0.058824;0.058824;0.078431;0.078431;0.078431;0.078431;0.078431;0.078431;0.098039;0.098039;0.098039;0.098039;0.098039;0.117647;0.117647;0.117647;0.117647;0.137255;0.137255;0.137255;0.137255;0.156863;0.156863;0.156863;0.176471;0.196078;0.196078;0.196078;0.196078;0.196078;0.196078;0.215686;0.235294;0.235294;0.235294
Random,SUT-A,16,5.5,4,7,0.13725490196078433,0.12903225806451613,188;100;207;222;86;110;226;26;238;145;152;124;108;83;2;64;144;57;12;80;140;33;49;35;36;113;171;219;105;68;62;160;236;208;189;52;231;213;59;229;106;43;95;221;7;19;230;142;134;170,0.000;0.000;0.000;0.000;0.000;0.000;0.500;0.500;0.500;1.500;1.500;1.500;1.500;1.500;2.000;2.000;2.000;3.000;3.000;3.000;3.000;3.000;4.000;4.000;4.000;4.000;4.000;4.000;4.000;4.000;5.000;5.000;5.000;5.000;5.000;5.000;5.000;5.500;5.500;5.500;5.500;5.500;5.500;5.500;5.500;5.500;5.500;5.500;5.500;5.500,0.000000;0.000000;0.000000;0.000000;0.000000;0.000000;0.019608;0.019608;0.019608;0.039216;0.039216;0.039216;0.039216;0.039216;0.058824;0.058824;0.058824;0.078431;0.078431;0.078431;0.078431;0.078431;0.098039;0.098039;0.098039;0.098039;0.098039;0.098039;0.098039;0.098039;0.117647;0.117647;0.117647;0.117647;0.117647;0.117647;0.117647;0.137255;0.137255;0.137255;0.137255;0.137255;0.137255;0.137255;0.137255;0.137255;0.137255;0.137255;0.137255;0.137255
Random,SUT-A,17,9.0,5,13,0.2549019607843137,0.16129032258064516,191;38;220;201;198;105;118;34;133;31;102;138;84;101;107;5;57;143;165;62;235;46;60;139;146;194;18;131;164;88;2;35;16;223;226;99;176;186;92;134;7;90;125;162;47;96;17;197;61;227,0.000;0.000;0.000;0.000;0.000;0.000;0.000;0.500;0.500;0.500;0.500;0.500;0.500;0.500;0.500;1.500;2.500;3.000;3.500;4.500;4.500;4.500;4.500;5.000;5.000;6.000;7.000;7.000;7.000;7.000;7.500;7.500;7.500;7.500;8.000;8.500;8.500;8.500;8.500;8.500;8.500;8.500;8.500;8.500;8.500;8.500;9.000;9.000;9.000;9.000,0.000000;0.000000;0.000000;0.000000;0.000000;0.000000;0.000000;0.019608;0.019608;0.019608;0.019608;0.019608;0.019608;0.019608;0.019608;0.039216;0.058824;0.078431;0.098039;0.117647;0.117647;0.117647;0.117647;0.137255;0.137255;0.156863;0.176471;0.176471;0.176471;0.176471;0.196078;0.196078;0.196078;0.196078;0.215686;0.235294;0.235294;0.235294;0.235294;0.235294;0.235294;0.235294;0.235294;0.235294;0.235294;0.235294;0.254902;0.254902;0.254902;0.254902
Random,SUT-A,18,8.5,6,11,0.21568627450980393,0.1935483870967742,110;113;24;158;211;83;7;149;64;111;173;121;105;166;178;28;128;129;222;203;45;52;152;80;153;42;187;135;146;9;26;5;214;206;147;75;36;120;27;82;61;70;74;164;2;77;160;230;96;104,0.000;0.000;0.000;0.500;0.500;0.500;0.500;0.500;0.500;1.500;1.500;1.500;1.500;1.500;1.500;1.500;2.000;2.000;2.000;2.000;3.000;3.000;3.000;3.000;3.500;3.500;3.500;4.500;4.500;5.000;5.000;6.000;6.000;6.000;6.000;6.000;6.000;6.000;6.000;6.000;6.000;6.000;6.000;6.000;6.500;7.500;7.500;7.500;7.500;8.500,0.000000;0.000000;0.000000;0.019608;0.019608;0.019608;0.019608;0.019608;0.019608;0.039216;0.039216;0.039216;0.039216;0.039216;0.039216;0.039216;0.058824;0.058824;0.058824;0.058824;0.078431;0.078431;0.078431;0.078431;0.098039;0.098039;0.098039;0.117647;0.117647;0.137255;0.137255;0.156863;0.156863;0.156863;0.156863;0.156863;0.156863;0.156863;0.156863;0.156863;0.156863;0.156863;0.156863;0.156863;0.176471;0.196078;0.196078;0.196078;0.196078;0.215686
Random,SUT-A,19,10.0,8,12,0.23529411764705882,0.25806451612903225,224;88;70;160;213;62;171;161;2;35;50;42;207;96;109;195;219;168;200;29;208;128;94;193;5;199;222;126;89;1;72;205;181;93;228;214;74;191;162;238;95;130;20;155;215;237;38;47;169;223,0.000;0.000;0.000;0.000;0.500;1.500;1.500;2.500;3.000;3.000;3.000;3.000;3.000;3.000;3.000;3.000;3.000;3.000;3.000;4.000;4.000;4.500;5.000;5.000;6.000;6.000;6.000;6.000;7.000;7.000;7.000;7.000;8.000;9.000;9.000;9.000;9.000;9.000;9.000;9.000;9.000;9.000;9.000;9.000;9.000;9.000;9.000;9.000;10.000;10.000,0.000000;0.000000;0.000000;0.000000;0.019608;0.039216;0.039216;0.058824;0.078431;0.078431;0.078431;0.078431;0.078431;0.078431;0.078431;0.078431;0.078431;0.078431;0.078431;0.098039;0.098039;0.117647;0.137255;0.137255;0.156863;0.156863;0.156863;0.156863;0.176471;0.176471;0.176471;0.176471;0.196078;0.215686;0.215686;0.215686;0.215686;0.215686;0.215686;0.215686;0.215686;0.215686;0.215686;0.215686;0.215686;0.215686;0.215686;0.215686;0.235294;0.235294
DETOUR Hierarchy (K=0),SUT-B,0,16.0,12,20,0.7407407407407407,1.0,62;57;141;17;103;214;45;29;194;220;49;234;13;18;5;34;65;230;69;94;33;113;10;21;111;202;37;81;9;226;25;23;15;39;41;70;135;2;104;27;42;218;78;22;43;89;145;26;200;161,1.000;2.000;2.000;2.000;2.000;2.000;3.000;4.000;4.000;4.000;5.000;6.000;7.000;8.000;8.000;8.500;9.500;9.500;9.500;10.000;10.000;10.000;10.000;10.000;10.000;11.000;11.000;12.000;12.000;12.000;12.000;12.000;12.000;12.000;12.000;12.000;12.500;13.000;13.500;13.500;13.500;14.000;14.000;14.000;14.000;14.500;15.000;15.000;15.000;16.000,0.037037;0.074074;0.074074;0.074074;0.074074;0.074074;0.111111;0.148148;0.148148;0.148148;0.185185;0.222222;0.259259;0.296296;0.296296;0.333333;0.370370;0.370370;0.370370;0.407407;0.407407;0.407407;0.407407;0.407407;0.407407;0.444444;0.444444;0.481481;0.481481;0.481481;0.481481;0.481481;0.481481;0.481481;0.481481;0.481481;0.518519;0.555556;0.592593;0.592593;0.592593;0.629630;0.629630;0.629630;0.629630;0.666667;0.703704;0.703704;0.703704;0.740741
Risk Mining + Adaptation,SUT-B,0,19.5,12,27,1.0,1.0,186;10;128;189;127;173;53;93;159;226;13;18;29;45;49;57;62;65;81;89;111;119;135;145;161;169;181;202;218;234;77;5;123;177;157;103;185;104;165;94;153;136;190;213;158;34;2;194;99;141,0.000;0.000;0.000;0.000;0.000;0.000;0.000;0.000;0.000;0.000;1.000;2.000;3.000;4.000;5.000;6.000;7.000;8.000;9.000;9.500;9.500;10.000;10.500;11.000;12.000;12.500;12.500;13.500;14.000;15.000;15.000;15.000;15.000;15.500;15.500;15.500;15.500;16.000;16.000;16.500;16.500;17.000;17.500;18.000;18.500;19.000;19.500;19.500;19.500;19.500,0.000000;0.000000;0.000000;0.000000;0.000000;0.000000;0.000000;0.000000;0.000000;0.000000;0.037037;0.074074;0.111111;0.148148;0.185185;0.222222;0.259259;0.296296;0.333333;0.370370;0.370370;0.407407;0.444444;0.481481;0.518519;0.555556;0.555556;0.592593;0.629630;0.666667;0.666667;0.666667;0.666667;0.703704;0.703704;0.703704;0.703704;0.740741;0.740741;0.777778;0.777778;0.814815;0.851852;0.888889;0.925926;0.962963;1.000000;1.000000;1.000000;1.000000
Risk Mining + DETOUR Hierarchy,SUT-B,0,19.5,12,27,1.0,1.0,186;10;128;189;127;173;53;93;159;226;62;57;45;29;49;234;13;18;65;111;202;81;135;218;89;145;161;119;181;169;5;103;77;123;157;104;177;94;185;165;153;34;2;158;190;136;213;194;141;99,0.000;0.000;0.000;0.000;0.000;0.000;0.000;0.000;0.000;0.000;1.000;2.000;3.000;4.000;5.000;6.000;7.000;8.000;9.000;9.000;10.000;11.000;11.500;12.000;12.500;13.000;14.000;14.500;14.500;15.000;15.000;15.000;15.000;15.000;15.000;15.500;16.000;16.500;16.500;16.500;16.500;17.000;17.500;18.000;18.500;19.000;19.500;19.500;19.500;19.500,0.000000;0.000000;0.000000;0.000000;0.000000;0.000000;0.000000;0.000000;0.000000;0.000000;0.037037;0.074074;0.111111;0.148148;0.185185;0.222222;0.259259;0.296296;0.333333;0.333333;0.370370;0.407407;0.444444;0.481481;0.518519;0.555556;0.592593;0.629630;0.629630;0.666667;0.666667;0.666667;0.666667;0.666667;0.666667;0.703704;0.740741;0.777778;0.777778;0.777778;0.777778;0.814815;0.851852;0.888889;0.925926;0.962963;1.000000;1.000000;1.000000;1.000000
DETOUR-Guided Risk Diagnosis,SUT-B,0,19.5,12,27,1.0,1.0,170;10;128;189;53;93;173;226;191;9;13;18;29;45;49;57;62;65;81;89;111;119;135;145;161;169;181;202;218;234;77;5;123;177;157;103;185;104;165;94;153;136;190;213;158;34;2;194;99;141,0.000;0.000;0.000;0.000;0.000;0.000;0.000;0.000;0.000;0.000;1.000;2.000;3.000;4.000;5.000;6.000;7.000;8.000;9.000;9.500;9.500;10.000;10.500;11.000;12.000;12.500;12.500;13.500;14.000;15.000;15.000;15.000;15.000;15.500;15.500;15.500;15.500;16.000;16.000;16.500;16.500;17.000;17.500;18.000;18.500;19.000;19.500;19.500;19.500;19.500,0.000000;0.000000;0.000000;0.000000;0.000000;0.000000;0.000000;0.000000;0.000000;0.000000;0.037037;0.074074;0.111111;0.148148;0.185185;0.222222;0.259259;0.296296;0.333333;0.370370;0.370370;0.407407;0.444444;0.481481;0.518519;0.555556;0.555556;0.592593;0.629630;0.666667;0.666667;0.666667;0.666667;0.703704;0.703704;0.703704;0.703704;0.740741;0.740741;0.777778;0.777778;0.814815;0.851852;0.888889;0.925926;0.962963;1.000000;1.000000;1.000000;1.000000
Random,SUT-B,0,2.5,2,3,0.1111111111111111,0.16666666666666666,206;222;236;201;12;85;44;127;194;109;141;87;203;60;239;76;55;232;210;126;220;229;207;124;104;191;231;111;197;90;41;40;86;70;32;8;147;88;153;148;48;31;151;238;154;6;57;51;221;13,0.000;0.000;0.000;0.000;0.000;0.000;0.000;0.000;0.000;0.000;0.000;0.000;0.000;0.000;0.000;0.000;0.000;0.000;0.000;0.000;0.000;0.000;0.000;0.000;0.500;0.500;0.500;0.500;0.500;0.500;0.500;0.500;0.500;0.500;0.500;0.500;0.500;0.500;0.500;0.500;0.500;0.500;0.500;0.500;0.500;0.500;1.500;1.500;1.500;2.500,0.000000;0.000000;0.000000;0.000000;0.000000;0.000000;0.000000;0.000000;0.000000;0.000000;0.000000;0.000000;0.000000;0.000000;0.000000;0.000000;0.000000;0.000000;0.000000;0.000000;0.000000;0.000000;0.000000;0.000000;0.037037;0.037037;0.037037;0.037037;0.037037;0.037037;0.037037;0.037037;0.037037;0.037037;0.037037;0.037037;0.037037;0.037037;0.037037;0.037037;0.037037;0.037037;0.037037;0.037037;0.037037;0.037037;0.074074;0.074074;0.074074;0.111111
Random,SUT-B,1,6.5,5,8,0.2962962962962963,0.4166666666666667,148;182;45;75;158;41;103;234;24;185;202;131;177;216;108;111;235;207;210;230;38;7;18;47;201;11;146;134;17;219;72;43;87;48;57;78;5;212;231;188;89;22;195;68;175;100;98;1;86;225,0.000;0.000;1.000;1.000;1.500;1.500;1.500;2.500;2.500;2.500;3.500;3.500;4.000;4.000;4.000;4.000;4.000;4.000;4.000;4.000;4.000;4.000;5.000;5.000;5.000;5.000;5.000;5.000;5.000;5.000;5.000;5.000;5.000;5.000;6.000;6.000;6.000;6.000;6.000;6.000;6.500;6.500;6.500;6.500;6.500;6.500;6.500;6.500;6.500;6.500,0.000000;0.000000;0.037037;0.037037;0.074074;0.074074;0.074074;0.111111;0.111111;0.111111;0.148148;0.148148;0.185185;0.185185;0.185185;0.185185;0.185185;0.185185;0.185185;0.185185;0.185185;0.185185;0.222222;0.222222;0.222222;0.222222;0.222222;0.222222;0.222222;0.222222;0.222222;0.222222;0.222222;0.222222;0.259259;0.259259;0.259259;0.259259;0.259259;0.259259;0.296296;0.296296;0.296296;0.296296;0.296296;0.296296;0.296296;0.296296;0.296296;0.296296
Random,SUT-B,2,1.5,0,3,0.1111111111111111,0.0,86;52;212;225;125;135;33;209;160;238;196;24;233;37;143;123;46;170;40;187;94;93;112;147;141;43;76;26;117;122;47;149;229;63;5;8;137;203;58;145;23;30;194;79;109;4;61;12;206;142,0.000;0.000;0.000;0.000;0.000;0.500;0.500;0.500;0.500;0.500;0.500;0.500;0.500;0.500;0.500;0.500;0.500;0.500;0.500;0.500;1.000;1.000;1.000;1.000;1.000;1.000;1.000;1.000;1.000;1.000;1.000;1.000;1.000;1.000;1.000;1.000;1.000;1.000;1.000;1.500;1.500;1.500;1.500;1.500;1.500;1.500;1.500;1.500;1.500;1.500,0.000000;0.000000;0.000000;0.000000;0.000000;0.037037;0.037037;0.037037;0.037037;0.037037;0.037037;0.037037;0.037037;0.037037;0.037037;0.037037;0.037037;0.037037;0.037037;0.037037;0.074074;0.074074;0.074074;0.074074;0.074074;0.074074;0.074074;0.074074;0.074074;0.074074;0.074074;0.074074;0.074074;0.074074;0.074074;0.074074;0.074074;0.074074;0.074074;0.111111;0.111111;0.111111;0.111111;0.111111;0.111111;0.111111;0.111111;0.111111;0.111111;0.111111
Random,SUT-B,3,6.5,5,8,0.2962962962962963,0.4166666666666667,113;60;65;167;172;63;188;123;149;165;192;204;236;187;122;30;46;135;207;133;152;224;190;71;95;158;88;19;164;227;48;148;161;150;103;170;14;228;75;215;202;49;221;216;111;155;105;44;151;81,0.000;0.000;1.000;1.000;1.000;1.000;1.000;1.000;1.000;1.000;1.000;1.000;1.000;1.000;1.000;1.000;1.000;1.500;1.500;1.500;1.500;1.500;2.000;2.000;2.000;2.500;2.500;2.500;2.500;2.500;2.500;2.500;3.500;3.500;3.500;3.500;3.500;3.500;3.500;3.500;4.500;5.500;5.500;5.500;5.500;5.500;5.500;5.500;5.500;6.500,0.000000;0.000000;0.037037;0.037037;0.037037;0.037037;0.037037;0.037037;0.037037;0.037037;0.037037;0.037037;0.037037;0.037037;0.037037;0.037037;0.037037;0.074074;0.074074;0.074074;0.074074;0.074074;0.111111;0.111111;0.111111;0.148148;0.148148;0.148148;0.148148;0.148148;0.148148;0.148148;0.185185;0.185185;0.185185;0.185185;0.185185;0.185185;0.185185;0.185185;0.222222;0.259259;0.259259;0.259259;0.259259;0.259259;0.259259;0.259259;0.259259;0.296296
Random,SUT-B,4,1.5,1,2,0.07407407407407407,0.08333333333333333,151;200;32;39;154;42;102;79;173;51;64;89;5;160;80;21;58;185;117;170;73;208;142;68;164;13;232;108;74;127;128;25;78;113;140;175;211;27;237;10;85;6;105;226;146;196;114;60;184;168,0.000;0.000;0.000;0.000;0.000;0.000;0.000;0.000;0.000;0.000;0.000;0.500;0.500;0.500;0.500;0.500;0.500;0.500;0.500;0.500;0.500;0.500;0.500;0.500;0.500;1.500;1.500;1.500;1.500;1.500;1.500;1.500;1.500;1.500;1.500;1.500;1.500;1.500;1.500;1.500;1.500;1.500;1.500;1.500;1.500;1.500;1.500;1.500;1.500;1.500,0.000000;0.000000;0.000000;0.000000;0.000000;0.000000;0.000000;0.000000;0.000000;0.000000;0.000000;0.037037;0.037037;0.037037;0.037037;0.037037;0.037037;0.037037;0.037037;0.037037;0.037037;0.037037;0.037037;0.037037;0.037037;0.074074;0.074074;0.074074;0.074074;0.074074;0.074074;0.074074;0.074074;0.074074;0.074074;0.074074;0.074074;0.074074;0.074074;0.074074;0.074074;0.074074;0.074074;0.074074;0.074074;0.074074;0.074074;0.074074;0.074074;0.074074
Random,SUT-B,5,3.5,1,6,0.2222222222222222,0.08333333333333333,27;85;119;180;20;141;168;14;98;195;94;102;181;199;90;165;93;107;187;91;156;217;135;37;224;228;209;63;114;87;53;74;118;69;17;196;117;58;100;169;237;178;68;18;239;238;38;154;112;104,0.000;0.000;0.500;0.500;0.500;0.500;0.500;0.500;0.500;0.500;1.000;1.000;1.000;1.000;1.000;1.000;1.000;1.000;1.000;1.000;1.000;1.000;1.500;1.500;1.500;1.500;1.500;1.500;1.500;1.500;1.500;1.500;1.500;1.500;1.500;1.500;1.500;1.500;1.500;2.000;2.000;2.000;2.000;3.000;3.000;3.000;3.000;3.000;3.000;3.500,0.000000;0.000000;0.037037;0.037037;0.037037;0.037037;0.037037;0.037037;0.037037;0.037037;0.074074;0.074074;0.074074;0.074074;0.074074;0.074074;0.074074;0.074074;0.074074;0.074074;0.074074;0.074074;0.111111;0.111111;0.111111;0.111111;0.111111;0.111111;0.111111;0.111111;0.111111;0.111111;0.111111;0.111111;0.111111;0.111111;0.111111;0.111111;0.111111;0.148148;0.148148;0.148148;0.148148;0.185185;0.185185;0.185185;0.185185;0.185185;0.185185;0.222222
Random,SUT-B,6,3.0,2,4,0.14814814814814814,0.16666666666666666,42;44;107;59;22;76;67;239;95;1;41;72;14;110;65;7;45;138;179;190;199;47;157;70;194;230;116;43;100;50;83;215;37;155;170;166;73;218;80;192;123;108;139;9;6;134;217;35;214;131,0.000;0.000;0.000;0.000;0.000;0.000;0.000;0.000;0.000;0.000;0.000;0.000;0.000;0.000;1.000;1.000;2.000;2.000;2.000;2.500;2.500;2.500;2.500;2.500;2.500;2.500;2.500;2.500;2.500;2.500;2.500;2.500;2.500;2.500;2.500;2.500;2.500;3.000;3.000;3.000;3.000;3.000;3.000;3.000;3.000;3.000;3.000;3.000;3.000;3.000,0.000000;0.000000;0.000000;0.000000;0.000000;0.000000;0.000000;0.000000;0.000000;0.000000;0.000000;0.000000;0.000000;0.000000;0.037037;0.037037;0.074074;0.074074;0.074074;0.111111;0.111111;0.111111;0.111111;0.111111;0.111111;0.111111;0.111111;0.111111;0.111111;0.111111;0.111111;0.111111;0.111111;0.111111;0.111111;0.111111;0.111111;0.148148;0.148148;0.148148;0.148148;0.148148;0.148148;0.148148;0.148148;0.148148;0.148148;0.148148;0.148148;0.148148
Random,SUT-B,7,2.5,1,4,0.14814814814814814,0.08333333333333333,88;107;128;189;83;39;14;147;58;25;219;23;156;52;49;145;3;85;136;69;199;227;43;8;86;111;167;138;170;98;237;120;67;146;122;112;178;96;132;164;208;140;74;142;169;154;203;15;7;16,0.000;0.000;0.000;0.000;0.000;0.000;0.000;0.000;0.000;0.000;0.000;0.000;0.000;0.000;1.000;1.500;1.500;1.500;2.000;2.000;2.000;2.000;2.000;2.000;2.000;2.000;2.000;2.000;2.000;2.000;2.000;2.000;2.000;2.000;2.000;2.000;2.000;2.000;2.000;2.000;2.000;2.000;2.000;2.000;2.500;2.500;2.500;2.500;2.500;2.500,0.000000;0.000000;0.000000;0.000000;0.000000;0.000000;0.000000;0.000000;0.000000;0.000000;0.000000;0.000000;0.000000;0.000000;0.037037;0.074074;0.074074;0.074074;0.111111;0.111111;0.111111;0.111111;0.111111;0.111111;0.111111;0.111111;0.111111;0.111111;0.111111;0.111111;0.111111;0.111111;0.111111;0.111111;0.111111;0.111111;0.111111;0.111111;0.111111;0.111111;0.111111;0.111111;0.111111;0.111111;0.148148;0.148148;0.148148;0.148148;0.148148;0.148148
Random,SUT-B,8,4.0,3,5,0.18518518518518517,0.25,211;45;147;111;215;179;117;231;116;59;233;15;69;135;144;88;219;193;62;134;225;186;187;160;83;238;216;228;63;68;18;48;115;146;61;67;207;200;201;21;126;149;34;44;155;127;194;184;55;11,0.000;1.000;1.000;1.000;1.000;1.000;1.000;1.000;1.000;1.000;1.000;1.000;1.000;1.500;1.500;1.500;1.500;1.500;2.500;2.500;2.500;2.500;2.500;2.500;2.500;2.500;2.500;2.500;2.500;2.500;3.500;3.500;3.500;3.500;3.500;3.500;3.500;3.500;3.500;3.500;3.500;3.500;4.000;4.000;4.000;4.000;4.000;4.000;4.000;4.000,0.000000;0.037037;0.037037;0.037037;0.037037;0.037037;0.037037;0.037037;0.037037;0.037037;0.037037;0.037037;0.037037;0.074074;0.074074;0.074074;0.074074;0.074074;0.111111;0.111111;0.111111;0.111111;0.111111;0.111111;0.111111;0.111111;0.111111;0.111111;0.111111;0.111111;0.148148;0.148148;0.148148;0.148148;0.148148;0.148148;0.148148;0.148148;0.148148;0.148148;0.148148;0.148148;0.185185;0.185185;0.185185;0.185185;0.185185;0.185185;0.185185;0.185185
Random,SUT-B,9,4.0,2,6,0.2222222222222222,0.16666666666666666,40;10;25;61;81;163;28;189;179;80;177;148;127;230;11;67;195;203;48;191;142;34;134;62;224;131;96;217;114;117;216;43;146;149;72;223;94;136;105;204;69;38;73;95;32;233;85;139;24;160,0.000;0.000;0.000;0.000;1.000;1.000;1.000;1.000;1.000;1.000;1.500;1.500;1.500;1.500;1.500;1.500;1.500;1.500;1.500;1.500;1.500;2.000;2.000;3.000;3.000;3.000;3.000;3.000;3.000;3.000;3.000;3.000;3.000;3.000;3.000;3.000;3.500;4.000;4.000;4.000;4.000;4.000;4.000;4.000;4.000;4.000;4.000;4.000;4.000;4.000,0.000000;0.000000;0.000000;0.000000;0.037037;0.037037;0.037037;0.037037;0.037037;0.037037;0.074074;0.074074;0.074074;0.074074;0.074074;0.074074;0.074074;0.074074;0.074074;0.074074;0.074074;0.111111;0.111111;0.148148;0.148148;0.148148;0.148148;0.148148;0.148148;0.148148;0.148148;0.148148;0.148148;0.148148;0.148148;0.148148;0.185185;0.222222;0.222222;0.222222;0.222222;0.222222;0.222222;0.222222;0.222222;0.222222;0.222222;0.222222;0.222222;0.222222
Random,SUT-B,10,1.5,1,2,0.07407407407407407,0.08333333333333333,1;5;165;99;182;209;184;15;226;42;219;66;63;123;27;119;147;8;154;205;143;19;178;72;67;160;96;212;93;236;159;170;41;208;24;53;140;48;38;122;130;91;62;28;7;201;69;98;162;52,0.000;0.000;0.000;0.000;0.000;0.000;0.000;0.000;0.000;0.000;0.000;0.000;0.000;0.000;0.000;0.500;0.500;0.500;0.500;0.500;0.500;0.500;0.500;0.500;0.500;0.500;0.500;0.500;0.500;0.500;0.500;0.500;0.500;0.500;0.500;0.500;0.500;0.500;0.500;0.500;0.500;0.500;1.500;1.500;1.500;1.500;1.500;1.500;1.500;1.500,0.000000;0.000000;0.000000;0.000000;0.000000;0.000000;0.000000;0.000000;0.000000;0.000000;0.000000;0.000000;0.000000;0.000000;0.000000;0.037037;0.037037;0.037037;0.037037;0.037037;0.037037;0.037037;0.037037;0.037037;0.037037;0.037037;0.037037;0.037037;0.037037;0.037037;0.037037;0.037037;0.037037;0.037037;0.037037;0.037037;0.037037;0.037037;0.037037;0.037037;0.037037;0.037037;0.074074;0.074074;0.074074;0.074074;0.074074;0.074074;0.074074;0.074074
Random,SUT-B,11,2.5,2,3,0.1111111111111111,0.16666666666666666,155;101;53;223;78;14;166;72;44;97;29;183;239;27;194;26;86;123;102;220;88;66;51;118;219;85;153;185;152;176;141;115;171;184;159;62;111;127;158;25;50;192;203;210;229;22;221;8;109;47,0.000;0.000;0.000;0.000;0.000;0.000;0.000;0.000;0.000;0.000;1.000;1.000;1.000;1.000;1.000;1.000;1.000;1.000;1.000;1.000;1.000;1.000;1.000;1.000;1.000;1.000;1.000;1.000;1.000;1.000;1.000;1.000;1.000;1.000;1.000;2.000;2.000;2.000;2.500;2.500;2.500;2.500;2.500;2.500;2.500;2.500;2.500;2.500;2.500;2.500,0.000000;0.000000;0.000000;0.000000;0.000000;0.000000;0.000000;0.000000;0.000000;0.000000;0.037037;0.037037;0.037037;0.037037;0.037037;0.037037;0.037037;0.037037;0.037037;0.037037;0.037037;0.037037;0.037037;0.037037;0.037037;0.037037;0.037037;0.037037;0.037037;0.037037;0.037037;0.037037;0.037037;0.037037;0.037037;0.074074;0.074074;0.074074;0.111111;0.111111;0.111111;0.111111;0.111111;0.111111;0.111111;0.111111;0.111111;0.111111;0.111111;0.111111
Random,SUT-B,12,4.0,2,6,0.2222222222222222,0.16666666666666666,100;200;56;68;6;23;152;138;31;223;53;24;215;45;159;182;140;91;192;211;48;154;177;18;206;195;80;41;160;11;84;153;34;89;216;21;124;101;158;103;116;217;193;14;170;143;186;114;111;172,0.000;0.000;0.000;0.000;0.000;0.000;0.000;0.000;0.000;0.000;0.000;0.000;0.000;1.000;1.000;1.000;1.000;1.000;1.000;1.000;1.000;1.000;1.500;2.500;2.500;2.500;2.500;2.500;2.500;2.500;2.500;2.500;3.000;3.500;3.500;3.500;3.500;3.500;4.000;4.000;4.000;4.000;4.000;4.000;4.000;4.000;4.000;4.000;4.000;4.000,0.000000;0.000000;0.000000;0.000000;0.000000;0.000000;0.000000;0.000000;0.000000;0.000000;0.000000;0.000000;0.000000;0.037037;0.037037;0.037037;0.037037;0.037037;0.037037;0.037037;0.037037;0.037037;0.074074;0.111111;0.111111;0.111111;0.111111;0.111111;0.111111;0.111111;0.111111;0.111111;0.148148;0.185185;0.185185;0.185185;0.185185;0.185185;0.222222;0.222222;0.222222;0.222222;0.222222;0.222222;0.222222;0.222222;0.222222;0.222222;0.222222;0.222222
Random,SUT-B,13,4.5,3,6,0.2222222222222222,0.25,192;159;113;136;2;220;39;58;45;168;3;198;31;175;61;147;146;215;16;71;6;224;208;137;64;196;60;167;235;79;158;134;18;151;21;80;227;114;193;117;95;139;219;40;9;181;194;57;1;25,0.000;0.000;0.000;0.500;1.000;1.000;1.000;1.000;2.000;2.000;2.000;2.000;2.000;2.000;2.000;2.000;2.000;2.000;2.000;2.000;2.000;2.000;2.000;2.000;2.000;2.000;2.000;2.000;2.000;2.000;2.500;2.500;3.500;3.500;3.500;3.500;3.500;3.500;3.500;3.500;3.500;3.500;3.500;3.500;3.500;3.500;3.500;4.500;4.500;4.500,0.000000;0.000000;0.000000;0.037037;0.074074;0.074074;0.074074;0.074074;0.111111;0.111111;0.111111;0.111111;0.111111;0.111111;0.111111;0.111111;0.111111;0.111111;0.111111;0.111111;0.111111;0.111111;0.111111;0.111111;0.111111;0.111111;0.111111;0.111111;0.111111;0.111111;0.148148;0.148148;0.185185;0.185185;0.185185;0.185185;0.185185;0.185185;0.185185;0.185185;0.185185;0.185185;0.185185;0.185185;0.185185;0.185185;0.185185;0.222222;0.222222;0.222222
Random,SUT-B,14,4.5,3,6,0.2222222222222222,0.25,0;5;13;39;23;234;174;199;48;144;237;154;7;193;29;12;187;76;37;170;151;92;197;129;163;232;178;10;14;86;72;19;89;90;55;82;160;15;104;3;69;78;171;71;139;188;194;216;117;169,0.000;0.000;1.000;1.000;1.000;2.000;2.000;2.000;2.000;2.000;2.000;2.000;2.000;2.000;3.000;3.000;3.000;3.000;3.000;3.000;3.000;3.000;3.000;3.000;3.000;3.000;3.000;3.000;3.000;3.000;3.000;3.000;3.500;3.500;3.500;3.500;3.500;3.500;4.000;4.000;4.000;4.000;4.000;4.000;4.000;4.000;4.000;4.000;4.000;4.500,0.000000;0.000000;0.037037;0.037037;0.037037;0.074074;0.074074;0.074074;0.074074;0.074074;0.074074;0.074074;0.074074;0.074074;0.111111;0.111111;0.111111;0.111111;0.111111;0.111111;0.111111;0.111111;0.111111;0.111111;0.111111;0.111111;0.111111;0.111111;0.111111;0.111111;0.111111;0.111111;0.148148;0.148148;0.148148;0.148148;0.148148;0.148148;0.185185;0.185185;0.185185;0.185185;0.185185;0.185185;0.185185;0.185185;0.185185;0.185185;0.185185;0.222222
Random,SUT-B,15,5.0,3,7,0.25925925925925924,0.25,11;125;51;75;153;218;167;61;219;147;100;7;47;41;88;200;174;50;229;2;204;237;169;156;119;178;68;8;236;4;170;194;129;161;58;44;62;49;172;227;73;159;188;152;86;112;131;0;133;71,0.000;0.000;0.000;0.000;0.000;0.500;0.500;0.500;0.500;0.500;0.500;0.500;0.500;0.500;0.500;0.500;0.500;0.500;0.500;1.000;1.000;1.000;1.500;1.500;2.000;2.000;2.000;2.000;2.000;2.000;2.000;2.000;2.000;3.000;3.000;3.000;4.000;5.000;5.000;5.000;5.000;5.000;5.000;5.000;5.000;5.000;5.000;5.000;5.000;5.000,0.000000;0.000000;0.000000;0.000000;0.000000;0.037037;0.037037;0.037037;0.037037;0.037037;0.037037;0.037037;0.037037;0.037037;0.037037;0.037037;0.037037;0.037037;0.037037;0.074074;0.074074;0.074074;0.111111;0.111111;0.148148;0.148148;0.148148;0.148148;0.148148;0.148148;0.148148;0.148148;0.148148;0.185185;0.185185;0.185185;0.222222;0.259259;0.259259;0.259259;0.259259;0.259259;0.259259;0.259259;0.259259;0.259259;0.259259;0.259259;0.259259;0.259259
Random,SUT-B,16,6.0,4,8,0.2962962962962963,0.3333333333333333,147;212;9;94;126;97;61;80;136;38;55;11;45;117;24;44;208;155;228;13;120;200;78;106;198;112;91;25;141;87;204;10;49;66;230;222;231;167;84;88;193;32;119;0;169;196;206;18;214;153,0.000;0.000;0.000;0.500;0.500;0.500;0.500;0.500;1.000;1.000;1.000;1.000;2.000;2.000;2.000;2.000;2.000;2.000;2.000;3.000;3.000;3.000;3.000;3.000;3.000;3.000;3.000;3.000;3.000;3.000;3.000;3.000;4.000;4.000;4.000;4.000;4.000;4.000;4.000;4.000;4.000;4.000;4.500;4.500;5.000;5.000;5.000;6.000;6.000;6.000,0.000000;0.000000;0.000000;0.037037;0.037037;0.037037;0.037037;0.037037;0.074074;0.074074;0.074074;0.074074;0.111111;0.111111;0.111111;0.111111;0.111111;0.111111;0.111111;0.148148;0.148148;0.148148;0.148148;0.148148;0.148148;0.148148;0.148148;0.148148;0.148148;0.148148;0.148148;0.148148;0.185185;0.185185;0.185185;0.185185;0.185185;0.185185;0.185185;0.185185;0.185185;0.185185;0.222222;0.222222;0.259259;0.259259;0.259259;0.296296;0.296296;0.296296
Random,SUT-B,17,2.5,2,3,0.1111111111111111,0.16666666666666666,157;26;51;88;225;5;49;67;179;226;110;58;45;99;118;228;112;17;205;12;79;214;38;151;69;233;103;96;87;36;85;84;229;168;34;127;219;97;236;162;1;42;131;114;237;44;68;108;164;130,0.000;0.000;0.000;0.000;0.000;0.000;1.000;1.000;1.000;1.000;1.000;1.000;2.000;2.000;2.000;2.000;2.000;2.000;2.000;2.000;2.000;2.000;2.000;2.000;2.000;2.000;2.000;2.000;2.000;2.000;2.000;2.000;2.000;2.000;2.500;2.500;2.500;2.500;2.500;2.500;2.500;2.500;2.500;2.500;2.500;2.500;2.500;2.500;2.500;2.500,0.000000;0.000000;0.000000;0.000000;0.000000;0.000000;0.037037;0.037037;0.037037;0.037037;0.037037;0.037037;0.074074;0.074074;0.074074;0.074074;0.074074;0.074074;0.074074;0.074074;0.074074;0.074074;0.074074;0.074074;0.074074;0.074074;0.074074;0.074074;0.074074;0.074074;0.074074;0.074074;0.074074;0.074074;0.111111;0.111111;0.111111;0.111111;0.111111;0.111111;0.111111;0.111111;0.111111;0.111111;0.111111;0.111111;0.111111;0.111111;0.111111;0.111111
Random,SUT-B,18,4.0,2,6,0.2222222222222222,0.16666666666666666,55;105;18;110;146;8;168;106;219;170;102;194;135;187;96;201;174;188;37;81;176;114;229;231;119;179;212;150;175;197;230;84;6;148;180;206;52;218;53;51;216;136;40;26;185;210;153;167;133;64,0.000;0.000;1.000;1.000;1.000;1.000;1.000;1.000;1.000;1.000;1.000;1.000;1.500;1.500;1.500;1.500;1.500;1.500;1.500;2.500;2.500;2.500;2.500;2.500;3.000;3.000;3.000;3.000;3.000;3.000;3.000;3.000;3.000;3.000;3.000;3.000;3.000;3.500;3.500;3.500;3.500;4.000;4.000;4.000;4.000;4.000;4.000;4.000;4.000;4.000,0.000000;0.000000;0.037037;0.037037;0.037037;0.037037;0.037037;0.037037;0.037037;0.037037;0.037037;0.037037;0.074074;0.074074;0.074074;0.074074;0.074074;0.074074;0.074074;0.111111;0.111111;0.111111;0.111111;0.111111;0.148148;0.148148;0.148148;0.148148;0.148148;0.148148;0.148148;0.148148;0.148148;0.148148;0.148148;0.148148;0.148148;0.185185;0.185185;0.185185;0.185185;0.222222;0.222222;0.222222;0.222222;0.222222;0.222222;0.222222;0.222222;0.222222
Random,SUT-B,19,8.0,5,11,0.4074074074074074,0.4166666666666667,191;230;29;207;1;121;48;129;125;95;198;140;218;215;34;32;134;70;94;145;127;143;85;73;108;54;190;23;78;131;165;10;99;25;214;235;163;146;45;182;49;213;36;211;24;62;81;66;151;138,0.000;0.000;1.000;1.000;1.000;1.000;1.000;1.000;1.000;1.000;1.000;1.000;1.500;1.500;2.000;2.000;2.000;2.000;2.500;3.000;3.000;3.000;3.000;3.000;3.000;3.000;3.500;3.500;3.500;3.500;3.500;3.500;3.500;3.500;3.500;3.500;3.500;3.500;4.500;4.500;5.500;6.000;6.000;6.000;6.000;7.000;8.000;8.000;8.000;8.000,0.000000;0.000000;0.037037;0.037037;0.037037;0.037037;0.037037;0.037037;0.037037;0.037037;0.037037;0.037037;0.074074;0.074074;0.111111;0.111111;0.111111;0.111111;0.148148;0.185185;0.185185;0.185185;0.185185;0.185185;0.185185;0.185185;0.222222;0.222222;0.222222;0.222222;0.222222;0.222222;0.222222;0.222222;0.222222;0.222222;0.222222;0.222222;0.259259;0.259259;0.296296;0.333333;0.333333;0.333333;0.333333;0.370370;0.407407;0.407407;0.407407;0.407407
DETOUR Hierarchy (K=0),SUT-C,0,29.5,29,30,0.46875,0.5576923076923077,45;234;62;29;18;2;91;111;13;5;65;214;224;17;34;151;42;202;104;194;218;77;226;37;49;15;10;166;22;230;33;220;200;9;81;25;21;75;185;196;41;26;38;208;143;161;14;236;93;6,1.000;2.000;3.000;4.000;5.000;5.500;5.500;6.500;7.500;8.500;9.500;10.500;10.500;11.500;12.500;12.500;12.500;13.500;14.500;15.500;16.500;17.500;18.500;19.500;20.500;20.500;21.500;21.500;21.500;22.500;22.500;22.500;22.500;23.500;24.500;24.500;25.500;25.500;26.500;26.500;26.500;26.500;26.500;26.500;27.500;28.500;28.500;28.500;29.500;29.500,0.015625;0.031250;0.046875;0.062500;0.078125;0.093750;0.093750;0.109375;0.125000;0.140625;0.156250;0.171875;0.171875;0.187500;0.203125;0.203125;0.203125;0.218750;0.234375;0.250000;0.265625;0.281250;0.296875;0.312500;0.328125;0.328125;0.343750;0.343750;0.343750;0.359375;0.359375;0.359375;0.359375;0.375000;0.390625;0.390625;0.406250;0.406250;0.421875;0.421875;0.421875;0.421875;0.421875;0.421875;0.437500;0.453125;0.453125;0.453125;0.468750;0.468750
Risk Mining + Adaptation,SUT-C,0,45.5,45,46,0.71875,0.8653846153846154,170;53;93;189;143;128;173;99;149;186;157;181;123;185;111;103;77;5;165;194;89;145;169;119;218;135;153;104;177;139;13;18;29;45;49;57;62;65;81;161;202;234;141;17;127;37;9;226;158;34,0.000;1.000;2.000;2.000;3.000;4.000;4.000;5.000;5.500;5.500;6.500;7.500;8.500;9.500;10.500;11.500;12.500;13.500;14.500;15.500;16.500;17.500;18.500;19.500;20.500;21.500;22.500;23.500;24.500;25.500;26.500;27.500;28.500;29.500;30.500;31.500;32.500;33.500;34.500;35.500;36.500;37.500;38.500;39.500;40.500;41.500;42.500;43.500;44.500;45.500,0.000000;0.015625;0.031250;0.031250;0.046875;0.062500;0.062500;0.078125;0.093750;0.093750;0.109375;0.125000;0.140625;0.156250;0.171875;0.187500;0.203125;0.218750;0.234375;0.250000;0.265625;0.281250;0.296875;0.312500;0.328125;0.343750;0.359375;0.375000;0.390625;0.406250;0.421875;0.437500;0.453125;0.468750;0.484375;0.500000;0.515625;0.531250;0.546875;0.562500;0.578125;0.593750;0.609375;0.625000;0.640625;0.656250;0.671875;0.687500;0.703125;0.718750
Risk Mining + DETOUR Hierarchy,SUT-C,0,45.0,44,46,0.71875,0.8461538461538461,170;53;93;189;143;128;173;99;149;186;45;234;62;29;18;111;13;5;65;202;104;194;218;77;49;81;185;161;57;103;123;89;141;119;145;17;135;169;177;181;139;153;165;157;37;9;226;127;34;2,0.000;1.000;2.000;2.000;3.000;4.000;4.000;5.000;5.500;5.500;6.500;7.500;8.500;9.500;10.500;11.500;12.500;13.500;14.500;15.500;16.500;17.500;18.500;19.500;20.500;21.500;22.500;23.500;24.500;25.500;26.500;27.500;28.500;29.500;30.500;31.500;32.500;33.500;34.500;35.500;36.500;37.500;38.500;39.500;40.500;41.500;42.500;43.500;44.500;45.000,0.000000;0.015625;0.031250;0.031250;0.046875;0.062500;0.062500;0.078125;0.093750;0.093750;0.109375;0.125000;0.140625;0.156250;0.171875;0.187500;0.203125;0.218750;0.234375;0.250000;0.265625;0.281250;0.296875;0.312500;0.328125;0.343750;0.359375;0.375000;0.390625;0.406250;0.421875;0.437500;0.453125;0.468750;0.484375;0.500000;0.515625;0.531250;0.546875;0.562500;0.578125;0.593750;0.609375;0.625000;0.640625;0.656250;0.671875;0.687500;0.703125;0.718750
DETOUR-Guided Risk Diagnosis,SUT-C,0,45.5,45,46,0.71875,0.8653846153846154,170;93;53;189;143;99;173;128;149;166;181;157;123;185;111;103;77;5;165;194;89;145;169;119;218;135;153;104;177;13;18;29;45;49;57;62;65;81;161;202;234;139;141;17;127;37;9;226;158;34,0.000;1.000;2.000;2.000;3.000;4.000;4.000;5.000;5.500;5.500;6.500;7.500;8.500;9.500;10.500;11.500;12.500;13.500;14.500;15.500;16.500;17.500;18.500;19.500;20.500;21.500;22.500;23.500;24.500;25.500;26.500;27.500;28.500;29.500;30.500;31.500;32.500;33.500;34.500;35.500;36.500;37.500;38.500;39.500;40.500;41.500;42.500;43.500;44.500;45.500,0.000000;0.015625;0.031250;0.031250;0.046875;0.062500;0.062500;0.078125;0.093750;0.093750;0.109375;0.125000;0.140625;0.156250;0.171875;0.187500;0.203125;0.218750;0.234375;0.250000;0.265625;0.281250;0.296875;0.312500;0.328125;0.343750;0.359375;0.375000;0.390625;0.406250;0.421875;0.437500;0.453125;0.468750;0.484375;0.500000;0.515625;0.531250;0.546875;0.562500;0.578125;0.593750;0.609375;0.625000;0.640625;0.656250;0.671875;0.687500;0.703125;0.718750
Random,SUT-C,0,11.5,10,13,0.203125,0.19230769230769232,153;121;8;102;211;31;92;74;80;208;68;239;210;51;12;83;20;73;136;141;25;220;137;235;107;215;111;88;89;87;44;116;219;169;214;179;128;164;204;184;183;227;158;85;182;23;60;71;72;198,1.000;1.000;1.000;1.000;1.000;1.000;1.000;1.000;1.000;1.000;1.000;1.000;1.000;1.000;1.000;1.000;1.000;2.000;2.500;3.500;3.500;3.500;3.500;3.500;4.000;4.000;5.000;5.000;6.000;6.000;6.000;6.000;6.000;7.000;8.000;8.000;9.000;9.000;9.000;9.000;9.000;9.000;10.000;10.000;10.500;10.500;10.500;11.500;11.500;11.500,0.015625;0.015625;0.015625;0.015625;0.015625;0.015625;0.015625;0.015625;0.015625;0.015625;0.015625;0.015625;0.015625;0.015625;0.015625;0.015625;0.015625;0.031250;0.046875;0.062500;0.062500;0.062500;0.062500;0.062500;0.078125;0.078125;0.093750;0.093750;0.109375;0.109375;0.109375;0.109375;0.109375;0.125000;0.140625;0.140625;0.156250;0.156250;0.156250;0.156250;0.156250;0.156250;0.171875;0.171875;0.187500;0.187500;0.187500;0.203125;0.203125;0.203125
Random,SUT-C,1,10.5,10,11,0.171875,0.19230769230769232,222;180;173;219;94;185;125;110;179;0;223;97;235;159;194;66;215;227;162;62;150;35;124;183;61;13;96;63;54;140;230;231;203;181;130;104;152;210;83;177;205;147;67;68;155;169;120;109;92;168,0.000;0.000;0.000;0.000;1.000;2.000;2.000;2.000;2.000;2.000;2.000;2.000;2.000;2.000;3.000;3.000;3.000;3.000;3.000;4.000;4.000;4.000;4.000;4.000;4.500;5.500;5.500;5.500;5.500;5.500;6.500;6.500;6.500;7.500;7.500;8.500;8.500;8.500;8.500;9.500;9.500;9.500;9.500;9.500;9.500;10.500;10.500;10.500;10.500;10.500,0.000000;0.000000;0.000000;0.000000;0.015625;0.031250;0.031250;0.031250;0.031250;0.031250;0.031250;0.031250;0.031250;0.031250;0.046875;0.046875;0.046875;0.046875;0.046875;0.062500;0.062500;0.062500;0.062500;0.062500;0.078125;0.093750;0.093750;0.093750;0.093750;0.093750;0.109375;0.109375;0.109375;0.125000;0.125000;0.140625;0.140625;0.140625;0.140625;0.156250;0.156250;0.156250;0.156250;0.156250;0.156250;0.171875;0.171875;0.171875;0.171875;0.171875
Random,SUT-C,2,12.0,11,13,0.203125,0.21153846153846154,223;3;226;63;230;64;92;94;134;141;35;15;188;10;234;196;25;1;85;175;216;140;62;190;93;204;72;212;80;40;142;151;32;124;102;21;229;59;159;239;171;180;150;38;77;37;122;70;110;164,0.000;0.000;1.000;1.000;2.000;2.000;2.000;3.000;3.000;4.000;4.000;4.000;4.000;5.000;6.000;6.000;6.000;6.000;6.000;6.000;6.000;6.000;7.000;7.500;8.500;8.500;8.500;8.500;8.500;8.500;8.500;8.500;8.500;8.500;8.500;9.500;9.500;9.500;9.500;9.500;9.500;9.500;9.500;9.500;10.500;11.500;11.500;12.000;12.000;12.000,0.000000;0.000000;0.015625;0.015625;0.031250;0.031250;0.031250;0.046875;0.046875;0.062500;0.062500;0.062500;0.062500;0.078125;0.093750;0.093750;0.093750;0.093750;0.093750;0.093750;0.093750;0.093750;0.109375;0.125000;0.140625;0.140625;0.140625;0.140625;0.140625;0.140625;0.140625;0.140625;0.140625;0.140625;0.140625;0.156250;0.156250;0.156250;0.156250;0.156250;0.156250;0.156250;0.156250;0.156250;0.171875;0.187500;0.187500;0.203125;0.203125;0.203125
Random,SUT-C,3,6.5,6,7,0.109375,0.11538461538461539,100;91;68;201;76;64;206;226;110;150;174;41;54;178;12;23;175;168;74;220;184;185;96;40;159;27;204;77;29;25;46;191;1;115;129;200;22;109;120;15;61;79;154;237;11;53;50;142;194;210,0.000;0.000;0.000;0.000;0.000;0.000;0.000;1.000;1.000;1.000;1.000;1.000;1.000;1.000;1.000;1.000;1.000;1.000;1.000;1.000;1.000;2.000;2.000;2.000;2.000;2.000;2.000;3.000;4.000;4.000;4.000;4.000;4.000;4.000;4.000;4.000;4.000;4.000;4.000;4.000;4.500;4.500;4.500;4.500;4.500;5.500;5.500;5.500;6.500;6.500,0.000000;0.000000;0.000000;0.000000;0.000000;0.000000;0.000000;0.015625;0.015625;0.015625;0.015625;0.015625;0.015625;0.015625;0.015625;0.015625;0.015625;0.015625;0.015625;0.015625;0.015625;0.031250;0.031250;0.031250;0.031250;0.031250;0.031250;0.046875;0.062500;0.062500;0.062500;0.062500;0.062500;0.062500;0.062500;0.062500;0.062500;0.062500;0.062500;0.062500;0.078125;0.078125;0.078125;0.078125;0.078125;0.093750;0.093750;0.093750;0.109375;0.109375
Random,SUT-C,4,9.0,9,9,0.140625,0.17307692307692307,96;109;8;193;102;153;222;189;157;94;225;67;170;14;18;82;66;25;119;126;51;178;30;52;23;80;1;21;50;224;54;231;204;235;131;34;59;114;128;90;63;201;164;162;95;64;98;5;171;125,0.000;0.000;0.000;0.000;0.000;1.000;1.000;1.000;2.000;3.000;3.000;3.000;3.000;3.000;4.000;4.000;4.000;4.000;5.000;5.000;5.000;5.000;5.000;5.000;5.000;5.000;5.000;6.000;6.000;6.000;6.000;6.000;6.000;6.000;6.000;7.000;7.000;7.000;8.000;8.000;8.000;8.000;8.000;8.000;8.000;8.000;8.000;9.000;9.000;9.000,0.000000;0.000000;0.000000;0.000000;0.000000;0.015625;0.015625;0.015625;0.031250;0.046875;0.046875;0.046875;0.046875;0.046875;0.062500;0.062500;0.062500;0.062500;0.078125;0.078125;0.078125;0.078125;0.078125;0.078125;0.078125;0.078125;0.078125;0.093750;0.093750;0.093750;0.093750;0.093750;0.093750;0.093750;0.093750;0.109375;0.109375;0.109375;0.125000;0.125000;0.125000;0.125000;0.125000;0.125000;0.125000;0.125000;0.125000;0.140625;0.140625;0.140625
Random,SUT-C,5,8.5,7,10,0.15625,0.1346153846153846,78;3;45;76;206;39;119;117;85;223;98;27;156;129;190;225;172;133;205;218;231;95;130;51;113;141;178;104;196;122;23;26;79;193;62;41;43;207;148;189;229;176;136;228;186;73;184;61;198;116,0.000;0.000;1.000;1.000;1.000;1.000;2.000;2.000;2.000;2.000;2.000;2.000;2.000;2.000;2.500;2.500;2.500;2.500;2.500;3.500;3.500;3.500;3.500;3.500;3.500;4.500;4.500;5.500;5.500;5.500;5.500;5.500;5.500;5.500;6.500;6.500;6.500;6.500;6.500;6.500;6.500;6.500;7.000;7.000;7.000;8.000;8.000;8.500;8.500;8.500,0.000000;0.000000;0.015625;0.015625;0.015625;0.015625;0.031250;0.031250;0.031250;0.031250;0.031250;0.031250;0.031250;0.031250;0.046875;0.046875;0.046875;0.046875;0.046875;0.062500;0.062500;0.062500;0.062500;0.062500;0.062500;0.078125;0.078125;0.093750;0.093750;0.093750;0.093750;0.093750;0.093750;0.093750;0.109375;0.109375;0.109375;0.109375;0.109375;0.109375;0.109375;0.109375;0.125000;0.125000;0.125000;0.140625;0.140625;0.156250;0.156250;0.156250
Random,SUT-C,6,9.5,8,11,0.171875,0.15384615384615385,199;79;94;43;211;174;45;191;209;206;198;123;115;71;205;170;210;238;228;28;27;24;114;46;143;32;208;138;86;128;36;84;85;192;2;179;14;144;146;4;121;68;183;229;166;61;73;1;67;21,0.000;0.000;1.000;1.000;1.000;1.000;2.000;2.000;2.000;2.000;2.000;3.000;3.000;4.000;4.000;4.000;4.000;4.000;4.000;4.000;4.000;4.000;4.000;4.000;5.000;5.000;5.000;5.000;5.500;6.500;6.500;6.500;6.500;6.500;7.000;7.000;7.000;7.000;7.000;7.000;7.000;7.000;7.000;7.000;7.000;7.500;8.500;8.500;8.500;9.500,0.000000;0.000000;0.015625;0.015625;0.015625;0.015625;0.031250;0.031250;0.031250;0.031250;0.031250;0.046875;0.046875;0.062500;0.062500;0.062500;0.062500;0.062500;0.062500;0.062500;0.062500;0.062500;0.062500;0.062500;0.078125;0.078125;0.078125;0.078125;0.093750;0.109375;0.109375;0.109375;0.109375;0.109375;0.125000;0.125000;0.125000;0.125000;0.125000;0.125000;0.125000;0.125000;0.125000;0.125000;0.125000;0.140625;0.156250;0.156250;0.156250;0.171875
Random,SUT-C,7,7.5,6,9,0.140625,0.11538461538461539,146;1;27;192;114;22;164;134;214;166;136;138;148;213;176;140;51;21;152;34;205;184;237;96;39;108;55;120;109;103;130;59;95;207;183;102;131;28;229;66;195;188;124;210;13;61;106;62;155;31,0.000;0.000;0.000;0.000;0.000;0.000;0.000;0.000;1.000;1.000;1.500;1.500;1.500;2.000;2.000;2.000;2.000;3.000;3.000;4.000;4.000;4.000;4.000;4.000;4.000;4.000;4.000;4.000;4.000;5.000;5.000;5.000;5.000;5.000;5.000;5.000;5.000;5.000;5.000;5.000;5.000;5.000;5.000;5.000;6.000;6.500;6.500;7.500;7.500;7.500,0.000000;0.000000;0.000000;0.000000;0.000000;0.000000;0.000000;0.000000;0.015625;0.015625;0.031250;0.031250;0.031250;0.046875;0.046875;0.046875;0.046875;0.062500;0.062500;0.078125;0.078125;0.078125;0.078125;0.078125;0.078125;0.078125;0.078125;0.078125;0.078125;0.093750;0.093750;0.093750;0.093750;0.093750;0.093750;0.093750;0.093750;0.093750;0.093750;0.093750;0.093750;0.093750;0.093750;0.093750;0.109375;0.125000;0.125000;0.140625;0.140625;0.140625
Random,SUT-C,8,11.0,8,14,0.21875,0.15384615384615385,196;59;168;217;160;215;89;51;162;171;231;74;110;69;208;101;164;72;43;71;239;233;207;173;123;22;96;203;50;136;88;49;149;182;2;27;184;161;202;60;148;216;10;97;39;105;170;61;206;104,0.000;0.000;0.000;0.000;0.000;0.000;1.000;1.000;1.000;1.000;1.000;1.000;1.000;1.500;1.500;1.500;1.500;1.500;1.500;2.500;2.500;2.500;2.500;2.500;3.500;3.500;3.500;3.500;3.500;4.000;4.000;5.000;5.500;6.000;6.500;6.500;6.500;7.500;8.500;8.500;8.500;8.500;9.500;9.500;9.500;9.500;9.500;10.000;10.000;11.000,0.000000;0.000000;0.000000;0.000000;0.000000;0.000000;0.015625;0.015625;0.015625;0.015625;0.015625;0.015625;0.015625;0.031250;0.031250;0.031250;0.031250;0.031250;0.031250;0.046875;0.046875;0.046875;0.046875;0.046875;0.062500;0.062500;0.062500;0.062500;0.062500;0.078125;0.078125;0.093750;0.109375;0.125000;0.140625;0.140625;0.140625;0.156250;0.171875;0.171875;0.171875;0.171875;0.187500;0.187500;0.187500;0.187500;0.187500;0.203125;0.203125;0.218750
Random,SUT-C,9,9.0,8,10,0.15625,0.15384615384615385,181;59;61;70;235;105;173;141;75;119;176;165;49;78;215;91;60;90;63;151;164;170;184;210;214;108;192;209;222;219;142;40;9;180;126;212;178;122;163;183;74;41;94;146;130;138;98;116;82;109,1.000;1.000;1.500;2.000;2.000;2.000;2.000;3.000;3.000;4.000;4.000;5.000;6.000;6.000;6.000;6.000;6.000;6.000;6.000;6.000;6.000;6.000;6.000;6.000;7.000;7.000;7.000;7.000;7.000;7.000;7.000;7.000;8.000;8.000;8.000;8.000;8.000;8.000;8.000;8.000;8.000;8.000;9.000;9.000;9.000;9.000;9.000;9.000;9.000;9.000,0.015625;0.015625;0.031250;0.046875;0.046875;0.046875;0.046875;0.062500;0.062500;0.078125;0.078125;0.093750;0.109375;0.109375;0.109375;0.109375;0.109375;0.109375;0.109375;0.109375;0.109375;0.109375;0.109375;0.109375;0.125000;0.125000;0.125000;0.125000;0.125000;0.125000;0.125000;0.125000;0.140625;0.140625;0.140625;0.140625;0.140625;0.140625;0.140625;0.140625;0.140625;0.140625;0.156250;0.156250;0.156250;0.156250;0.156250;0.156250;0.156250;0.156250
Random,SUT-C,10,12.5,12,13,0.203125,0.23076923076923078,165;211;193;238;208;118;117;15;101;87;158;91;40;109;72;6;162;31;45;221;145;14;226;97;44;65;143;58;169;46;172;92;112;48;140;93;52;136;220;18;198;75;122;102;116;110;66;104;134;230,1.000;1.000;1.000;1.000;1.000;1.000;1.000;1.000;1.000;1.000;2.000;2.000;2.000;2.000;2.000;2.000;2.000;2.000;3.000;3.000;4.000;4.000;5.000;5.000;5.000;6.000;7.000;7.000;8.000;8.000;8.000;8.000;8.000;8.000;8.000;9.000;9.000;9.500;9.500;10.500;10.500;10.500;10.500;10.500;10.500;10.500;10.500;11.500;11.500;12.500,0.015625;0.015625;0.015625;0.015625;0.015625;0.015625;0.015625;0.015625;0.015625;0.015625;0.031250;0.031250;0.031250;0.031250;0.031250;0.031250;0.031250;0.031250;0.046875;0.046875;0.062500;0.062500;0.078125;0.078125;0.078125;0.093750;0.109375;0.109375;0.125000;0.125000;0.125000;0.125000;0.125000;0.125000;0.125000;0.140625;0.140625;0.156250;0.156250;0.171875;0.171875;0.171875;0.171875;0.171875;0.171875;0.171875;0.171875;0.187500;0.187500;0.203125
Random,SUT-C,11,9.0,7,11,0.171875,0.1346153846153846,159;61;213;80;64;183;156;200;185;32;5;216;131;229;87;173;21;138;56;47;53;58;121;126;81;153;208;26;108;36;239;176;70;192;152;193;28;15;14;43;109;93;188;231;78;107;205;178;55;88,0.000;0.500;1.000;1.000;1.000;1.000;1.000;1.000;2.000;2.000;3.000;3.000;3.000;3.000;3.000;3.000;4.000;4.000;4.000;4.000;5.000;5.000;5.000;5.000;6.000;7.000;7.000;7.000;7.000;7.000;7.000;7.000;7.500;7.500;7.500;7.500;7.500;7.500;7.500;7.500;7.500;8.500;8.500;8.500;8.500;9.000;9.000;9.000;9.000;9.000,0.000000;0.015625;0.031250;0.031250;0.031250;0.031250;0.031250;0.031250;0.046875;0.046875;0.062500;0.062500;0.062500;0.062500;0.062500;0.062500;0.078125;0.078125;0.078125;0.078125;0.093750;0.093750;0.093750;0.093750;0.109375;0.125000;0.125000;0.125000;0.125000;0.125000;0.125000;0.125000;0.140625;0.140625;0.140625;0.140625;0.140625;0.140625;0.140625;0.140625;0.140625;0.156250;0.156250;0.156250;0.156250;0.171875;0.171875;0.171875;0.171875;0.171875
Random,SUT-C,12,8.5,7,10,0.15625,0.1346153846153846,174;68;1;116;114;0;161;36;86;226;200;43;170;148;215;69;203;219;115;229;129;85;22;47;61;151;146;111;112;27;44;117;176;59;64;177;10;231;50;204;130;9;122;187;173;237;206;214;193;144,0.000;0.000;0.000;0.000;0.000;0.000;1.000;1.000;1.500;2.500;2.500;2.500;2.500;2.500;2.500;3.000;3.000;3.000;3.000;3.000;3.000;3.000;3.000;3.000;3.500;3.500;3.500;4.500;4.500;4.500;4.500;4.500;4.500;4.500;4.500;5.500;6.500;6.500;6.500;6.500;6.500;7.500;7.500;7.500;7.500;7.500;7.500;8.500;8.500;8.500,0.000000;0.000000;0.000000;0.000000;0.000000;0.000000;0.015625;0.015625;0.031250;0.046875;0.046875;0.046875;0.046875;0.046875;0.046875;0.062500;0.062500;0.062500;0.062500;0.062500;0.062500;0.062500;0.062500;0.062500;0.078125;0.078125;0.078125;0.093750;0.093750;0.093750;0.093750;0.093750;0.093750;0.093750;0.093750;0.109375;0.125000;0.125000;0.125000;0.125000;0.125000;0.140625;0.140625;0.140625;0.140625;0.140625;0.140625;0.156250;0.156250;0.156250
Random,SUT-C,13,10.5,8,13,0.203125,0.15384615384615385,9;143;203;183;112;160;140;54;209;154;42;51;166;173;198;2;41;165;14;22;61;62;235;232;206;46;116;196;124;155;146;142;36;15;114;226;50;73;182;233;64;12;44;89;131;23;178;45;197;86,1.000;2.000;2.000;2.000;2.000;2.000;2.000;2.000;2.000;2.000;2.000;2.000;2.000;2.000;2.000;2.500;2.500;3.500;3.500;3.500;4.000;5.000;5.000;5.000;5.000;5.000;5.000;5.000;5.000;5.000;5.000;5.000;5.000;5.000;5.000;6.000;6.000;7.000;7.500;7.500;7.500;7.500;7.500;8.500;8.500;8.500;8.500;9.500;10.000;10.500,0.015625;0.031250;0.031250;0.031250;0.031250;0.031250;0.031250;0.031250;0.031250;0.031250;0.031250;0.031250;0.031250;0.031250;0.031250;0.046875;0.046875;0.062500;0.062500;0.062500;0.078125;0.093750;0.093750;0.093750;0.093750;0.093750;0.093750;0.093750;0.093750;0.093750;0.093750;0.093750;0.093750;0.093750;0.093750;0.109375;0.109375;0.125000;0.140625;0.140625;0.140625;0.140625;0.140625;0.156250;0.156250;0.156250;0.156250;0.171875;0.187500;0.203125
Random,SUT-C,14,9.5,9,10,0.15625,0.17307692307692307,147;48;151;120;229;180;34;222;239;71;33;87;115;60;37;84;119;74;63;152;204;36;168;12;20;30;193;43;47;128;73;159;93;110;83;32;129;41;224;81;57;22;225;149;118;23;191;231;51;196,0.000;0.000;0.000;0.000;0.000;0.000;1.000;1.000;1.000;2.000;2.000;2.000;2.000;2.000;3.000;3.000;4.000;4.000;4.000;4.000;4.000;4.000;4.000;4.000;4.000;4.000;4.000;4.000;4.000;5.000;6.000;6.000;7.000;7.000;7.000;7.000;7.000;7.000;7.000;8.000;9.000;9.000;9.000;9.500;9.500;9.500;9.500;9.500;9.500;9.500,0.000000;0.000000;0.000000;0.000000;0.000000;0.000000;0.015625;0.015625;0.015625;0.031250;0.031250;0.031250;0.031250;0.031250;0.046875;0.046875;0.062500;0.062500;0.062500;0.062500;0.062500;0.062500;0.062500;0.062500;0.062500;0.062500;0.062500;0.062500;0.062500;0.078125;0.093750;0.093750;0.109375;0.109375;0.109375;0.109375;0.109375;0.109375;0.109375;0.125000;0.140625;0.140625;0.140625;0.156250;0.156250;0.156250;0.156250;0.156250;0.156250;0.156250
Random,SUT-C,15,13.0,12,14,0.21875,0.23076923076923078,56;216;87;219;209;0;42;115;103;9;45;27;57;230;144;13;141;129;168;153;217;226;166;233;94;4;8;156;169;107;227;35;236;44;54;137;164;184;180;183;2;208;102;100;74;154;78;150;155;21,0.000;0.000;0.000;0.000;0.000;0.000;0.000;0.000;1.000;2.000;3.000;3.000;4.000;5.000;5.000;6.000;7.000;7.000;7.000;8.000;8.000;9.000;9.000;9.000;10.000;10.000;10.000;10.000;11.000;11.500;11.500;11.500;11.500;11.500;11.500;11.500;11.500;11.500;11.500;11.500;12.000;12.000;12.000;12.000;12.000;12.000;12.000;12.000;12.000;13.000,0.000000;0.000000;0.000000;0.000000;0.000000;0.000000;0.000000;0.000000;0.015625;0.031250;0.046875;0.046875;0.062500;0.078125;0.078125;0.093750;0.109375;0.109375;0.109375;0.125000;0.125000;0.140625;0.140625;0.140625;0.156250;0.156250;0.156250;0.156250;0.171875;0.187500;0.187500;0.187500;0.187500;0.187500;0.187500;0.187500;0.187500;0.187500;0.187500;0.187500;0.203125;0.203125;0.203125;0.203125;0.203125;0.203125;0.203125;0.203125;0.203125;0.218750
Random,SUT-C,16,8.5,8,9,0.140625,0.15384615384615385,10;174;121;18;188;76;104;106;131;12;168;183;190;209;88;92;62;120;91;72;97;166;79;204;50;176;134;193;223;198;56;217;126;83;210;1;211;151;232;64;125;9;236;13;37;4;186;200;177;219,1.000;1.000;1.000;2.000;2.000;2.000;3.000;3.000;3.000;3.000;3.000;3.000;3.500;3.500;3.500;3.500;4.500;4.500;4.500;4.500;4.500;4.500;4.500;4.500;4.500;4.500;4.500;4.500;4.500;4.500;4.500;4.500;4.500;4.500;4.500;4.500;4.500;4.500;4.500;4.500;4.500;5.500;5.500;6.500;7.500;7.500;7.500;7.500;8.500;8.500,0.015625;0.015625;0.015625;0.031250;0.031250;0.031250;0.046875;0.046875;0.046875;0.046875;0.046875;0.046875;0.062500;0.062500;0.062500;0.062500;0.078125;0.078125;0.078125;0.078125;0.078125;0.078125;0.078125;0.078125;0.078125;0.078125;0.078125;0.078125;0.078125;0.078125;0.078125;0.078125;0.078125;0.078125;0.078125;0.078125;0.078125;0.078125;0.078125;0.078125;0.078125;0.093750;0.093750;0.109375;0.125000;0.125000;0.125000;0.125000;0.140625;0.140625
Random,SUT-C,17,12.5,12,13,0.203125,0.23076923076923078,133;125;84;150;219;99;119;166;36;14;229;205;171;53;76;98;114;153;170;149;227;141;95;73;100;187;75;235;151;161;138;120;123;152;124;174;237;89;37;63;8;97;102;0;45;230;210;178;168;66,0.000;0.000;0.000;0.000;0.000;1.000;2.000;2.000;2.000;2.000;2.000;2.000;2.000;3.000;3.000;3.000;3.000;4.000;4.000;4.500;4.500;5.500;5.500;6.500;6.500;6.500;6.500;6.500;6.500;7.500;7.500;7.500;8.500;8.500;8.500;8.500;8.500;9.500;10.500;10.500;10.500;10.500;10.500;10.500;11.500;12.500;12.500;12.500;12.500;12.500,0.000000;0.000000;0.000000;0.000000;0.000000;0.015625;0.031250;0.031250;0.031250;0.031250;0.031250;0.031250;0.031250;0.046875;0.046875;0.046875;0.046875;0.062500;0.062500;0.078125;0.078125;0.093750;0.093750;0.109375;0.109375;0.109375;0.109375;0.109375;0.109375;0.125000;0.125000;0.125000;0.140625;0.140625;0.140625;0.140625;0.140625;0.156250;0.171875;0.171875;0.171875;0.171875;0.171875;0.171875;0.187500;0.203125;0.203125;0.203125;0.203125;0.203125
Random,SUT-C,18,12.5,12,13,0.203125,0.23076923076923078,225;97;101;129;227;207;190;224;71;92;112;56;94;67;138;219;193;169;66;125;93;12;161;19;153;91;16;79;3;198;230;210;195;201;191;151;42;22;194;81;134;199;37;218;89;184;48;58;146;113,0.000;0.000;0.000;0.000;0.000;0.000;0.500;0.500;1.500;1.500;1.500;1.500;2.500;2.500;2.500;2.500;2.500;3.500;3.500;3.500;4.500;4.500;5.500;5.500;6.500;6.500;6.500;6.500;6.500;6.500;7.500;7.500;7.500;7.500;7.500;7.500;7.500;7.500;8.500;9.500;9.500;9.500;10.500;11.500;12.500;12.500;12.500;12.500;12.500;12.500,0.000000;0.000000;0.000000;0.000000;0.000000;0.000000;0.015625;0.015625;0.031250;0.031250;0.031250;0.031250;0.046875;0.046875;0.046875;0.046875;0.046875;0.062500;0.062500;0.062500;0.078125;0.078125;0.093750;0.093750;0.109375;0.109375;0.109375;0.109375;0.109375;0.109375;0.125000;0.125000;0.125000;0.125000;0.125000;0.125000;0.125000;0.125000;0.140625;0.156250;0.156250;0.156250;0.171875;0.187500;0.203125;0.203125;0.203125;0.203125;0.203125;0.203125
Random,SUT-C,19,13.5,12,15,0.234375,0.23076923076923078,88;220;1;130;123;36;9;166;177;79;7;189;115;42;136;55;87;35;94;110;169;228;199;106;167;8;232;86;28;63;70;49;229;62;226;119;59;122;135;202;64;112;139;32;215;22;78;132;120;147,0.000;0.000;0.000;0.000;1.000;1.000;2.000;2.000;3.000;3.000;3.000;3.000;3.000;3.000;3.500;3.500;3.500;3.500;4.500;4.500;5.500;5.500;5.500;5.500;5.500;5.500;5.500;6.000;6.000;6.000;6.500;7.500;7.500;8.500;9.500;10.500;10.500;10.500;11.500;12.500;12.500;12.500;13.500;13.500;13.500;13.500;13.500;13.500;13.500;13.500,0.000000;0.000000;0.000000;0.000000;0.015625;0.015625;0.031250;0.031250;0.046875;0.046875;0.046875;0.046875;0.046875;0.046875;0.062500;0.062500;0.062500;0.062500;0.078125;0.078125;0.093750;0.093750;0.093750;0.093750;0.093750;0.093750;0.093750;0.109375;0.109375;0.109375;0.125000;0.140625;0.140625;0.156250;0.171875;0.187500;0.187500;0.187500;0.203125;0.218750;0.218750;0.218750;0.234375;0.234375;0.234375;0.234375;0.234375;0.234375;0.234375;0.234375
DETOUR Hierarchy (K=0),SUT-D,0,32.5,25,40,0.4,0.49019607843137253,230;218;113;45;18;93;29;39;214;104;2;51;42;128;22;15;13;21;26;37;38;103;41;62;77;89;65;33;234;194;185;151;81;57;10;5;202;91;34;49;191;9;175;25;226;200;224;14;17;208,0.500;1.500;2.000;3.000;4.000;5.000;6.000;6.500;7.500;8.500;9.000;9.500;9.500;10.000;10.000;10.500;11.500;11.500;11.500;12.000;12.000;13.000;13.000;14.000;15.000;16.000;17.000;17.500;18.500;19.500;20.500;21.500;22.500;23.500;23.500;24.500;25.500;26.000;26.500;27.500;28.500;29.000;30.000;30.000;30.500;31.000;31.500;31.500;32.500;32.500,0.010000;0.020000;0.030000;0.040000;0.050000;0.060000;0.070000;0.080000;0.090000;0.100000;0.110000;0.120000;0.120000;0.130000;0.130000;0.140000;0.150000;0.150000;0.150000;0.160000;0.160000;0.170000;0.170000;0.180000;0.190000;0.200000;0.210000;0.220000;0.230000;0.240000;0.250000;0.260000;0.270000;0.280000;0.280000;0.290000;0.300000;0.310000;0.320000;0.330000;0.340000;0.350000;0.360000;0.360000;0.370000;0.380000;0.390000;0.390000;0.400000;0.400000
Risk Mining + Adaptation,SUT-D,0,41.5,36,47,0.47,0.7058823529411765,73;186;128;154;167;127;96;10;53;170;13;18;29;45;49;57;62;65;81;161;202;234;135;218;119;169;145;89;94;177;104;158;34;111;181;5;77;103;123;185;157;165;153;194;37;141;17;99;230;9,0.500;1.000;1.500;1.500;2.000;2.500;2.500;2.500;3.500;4.500;5.500;6.500;7.500;8.500;9.500;10.500;11.500;12.500;13.500;14.500;15.500;16.500;17.500;18.500;19.500;20.500;21.500;22.500;23.000;24.000;25.000;25.500;26.000;27.000;28.000;29.000;30.000;31.000;32.000;33.000;34.000;35.000;36.000;37.000;37.500;38.500;39.500;40.500;41.000;41.500,0.010000;0.020000;0.030000;0.030000;0.040000;0.050000;0.050000;0.050000;0.060000;0.070000;0.080000;0.090000;0.100000;0.110000;0.120000;0.130000;0.140000;0.150000;0.160000;0.170000;0.180000;0.190000;0.200000;0.210000;0.220000;0.230000;0.240000;0.250000;0.260000;0.270000;0.280000;0.290000;0.300000;0.310000;0.320000;0.330000;0.340000;0.350000;0.360000;0.370000;0.380000;0.390000;0.400000;0.410000;0.420000;0.430000;0.440000;0.450000;0.460000;0.470000
Risk Mining + DETOUR Hierarchy,SUT-D,0,41.5,36,47,0.47,0.7058823529411765,73;186;128;154;167;127;96;10;53;170;45;18;29;13;218;62;65;234;81;57;202;49;89;161;104;94;135;34;158;119;145;77;5;177;169;103;185;111;181;165;153;123;194;157;230;37;214;93;9;17,0.500;1.000;1.500;1.500;2.000;2.500;2.500;2.500;3.500;4.500;5.500;6.500;7.500;8.500;9.500;10.500;11.500;12.500;13.500;14.500;15.500;16.500;17.500;18.500;19.500;20.000;21.000;21.500;22.000;23.000;24.000;25.000;26.000;27.000;28.000;29.000;30.000;31.000;32.000;33.000;34.000;35.000;36.000;37.000;37.500;38.000;39.000;40.000;40.500;41.500,0.010000;0.020000;0.030000;0.030000;0.040000;0.050000;0.050000;0.050000;0.060000;0.070000;0.080000;0.090000;0.100000;0.110000;0.120000;0.130000;0.140000;0.150000;0.160000;0.170000;0.180000;0.190000;0.200000;0.210000;0.220000;0.230000;0.240000;0.250000;0.260000;0.270000;0.280000;0.290000;0.300000;0.310000;0.320000;0.330000;0.340000;0.350000;0.360000;0.370000;0.380000;0.390000;0.400000;0.410000;0.420000;0.430000;0.440000;0.450000;0.460000;0.470000
DETOUR-Guided Risk Diagnosis,SUT-D,0,42.5,38,47,0.47,0.7450980392156863,128;186;73;154;10;170;93;96;53;166;13;18;29;45;49;57;62;65;81;161;202;234;135;218;119;169;145;89;94;177;104;158;34;111;181;5;77;103;123;185;157;165;153;194;141;37;99;17;139;9,0.500;1.000;1.500;1.500;1.500;2.500;3.500;3.500;4.500;5.000;6.000;7.000;8.000;9.000;10.000;11.000;12.000;13.000;14.000;15.000;16.000;17.000;18.000;19.000;20.000;21.000;22.000;23.000;23.500;24.500;25.500;26.000;26.500;27.500;28.500;29.500;30.500;31.500;32.500;33.500;34.500;35.500;36.500;37.500;38.500;39.000;40.000;41.000;42.000;42.500,0.010000;0.020000;0.030000;0.030000;0.030000;0.040000;0.050000;0.050000;0.060000;0.070000;0.080000;0.090000;0.100000;0.110000;0.120000;0.130000;0.140000;0.150000;0.160000;0.170000;0.180000;0.190000;0.200000;0.210000;0.220000;0.230000;0.240000;0.250000;0.260000;0.270000;0.280000;0.290000;0.300000;0.310000;0.320000;0.330000;0.340000;0.350000;0.360000;0.370000;0.380000;0.390000;0.400000;0.410000;0.420000;0.430000;0.440000;0.450000;0.460000;0.470000
Random,SUT-D,0,17.5,12,23,0.23,0.23529411764705882,45;237;129;181;62;50;200;105;64;176;68;189;128;184;154;94;169;55;230;23;9;182;71;152;27;24;46;88;41;214;107;52;116;103;89;77;173;26;106;216;37;91;235;178;33;138;100;6;215;227,1.000;1.000;1.000;2.000;3.000;3.000;3.500;3.500;3.500;3.500;3.500;4.500;5.000;5.000;5.000;5.500;6.500;6.500;7.000;7.500;8.000;8.500;9.500;9.500;10.000;10.000;10.000;10.000;10.000;11.000;12.000;12.000;12.000;13.000;14.000;15.000;16.000;16.000;16.000;16.000;16.500;17.000;17.000;17.000;17.500;17.500;17.500;17.500;17.500;17.500,0.010000;0.010000;0.010000;0.020000;0.030000;0.030000;0.040000;0.040000;0.040000;0.040000;0.040000;0.050000;0.060000;0.060000;0.060000;0.070000;0.080000;0.080000;0.090000;0.100000;0.110000;0.120000;0.130000;0.130000;0.140000;0.140000;0.140000;0.140000;0.140000;0.150000;0.160000;0.160000;0.160000;0.170000;0.180000;0.190000;0.200000;0.200000;0.200000;0.200000;0.210000;0.220000;0.220000;0.220000;0.230000;0.230000;0.230000;0.230000;0.230000;0.230000
Random,SUT-D,1,16.5,10,23,0.23,0.19607843137254902,189;155;20;131;102;161;113;109;192;50;96;92;25;114;132;233;29;151;162;4;77;146;193;214;237;70;190;196;191;142;160;75;207;220;210;212;194;154;53;186;144;215;40;165;159;223;115;171;112;23,1.000;1.500;1.500;2.000;2.000;3.000;3.500;4.000;4.000;4.000;4.000;4.000;4.000;4.000;4.000;4.000;5.000;6.000;6.000;6.000;7.000;7.000;7.000;8.000;8.000;8.000;8.500;8.500;9.500;9.500;10.000;10.500;10.500;11.000;11.000;11.000;12.000;12.000;13.000;13.500;13.500;13.500;13.500;14.500;15.000;15.000;15.500;15.500;16.000;16.500,0.010000;0.020000;0.020000;0.030000;0.030000;0.040000;0.050000;0.060000;0.060000;0.060000;0.060000;0.060000;0.060000;0.060000;0.060000;0.060000;0.070000;0.080000;0.080000;0.080000;0.090000;0.090000;0.090000;0.100000;0.100000;0.100000;0.110000;0.110000;0.120000;0.120000;0.130000;0.140000;0.140000;0.150000;0.150000;0.150000;0.160000;0.160000;0.170000;0.180000;0.180000;0.180000;0.180000;0.190000;0.200000;0.200000;0.210000;0.210000;0.220000;0.230000
Random,SUT-D,2,17.0,12,22,0.22,0.23529411764705882,11;165;3;125;5;37;19;150;213;146;122;153;9;143;175;6;133;28;152;132;73;225;78;103;84;47;224;119;118;182;158;237;219;168;185;66;43;135;137;54;184;162;163;62;207;130;129;194;105;212,0.000;1.000;1.500;2.500;3.500;4.000;4.000;4.000;4.500;4.500;4.500;5.500;6.000;7.000;8.000;8.000;8.500;8.500;8.500;8.500;9.000;9.000;9.000;10.000;10.000;10.000;10.500;11.500;11.500;12.000;12.500;12.500;12.500;12.500;13.500;13.500;13.500;14.500;14.500;14.500;14.500;14.500;15.000;16.000;16.000;16.000;16.000;17.000;17.000;17.000,0.000000;0.010000;0.020000;0.030000;0.040000;0.050000;0.050000;0.050000;0.060000;0.060000;0.060000;0.070000;0.080000;0.090000;0.100000;0.100000;0.110000;0.110000;0.110000;0.110000;0.120000;0.120000;0.120000;0.130000;0.130000;0.130000;0.140000;0.150000;0.150000;0.160000;0.170000;0.170000;0.170000;0.170000;0.180000;0.180000;0.180000;0.190000;0.190000;0.190000;0.190000;0.190000;0.200000;0.210000;0.210000;0.210000;0.210000;0.220000;0.220000;0.220000
Random,SUT-D,3,15.5,11,20,0.2,0.21568627450980393,199;77;164;186;67;90;204;35;167;10;205;15;22;113;239;80;116;137;11;69;49;227;234;93;46;225;118;89;231;54;224;211;181;196;208;36;188;28;233;25;4;169;178;135;39;230;202;183;91;139,0.000;1.000;1.000;1.500;1.500;1.500;1.500;1.500;2.000;2.000;2.000;2.500;2.500;3.000;3.000;3.000;3.000;3.000;3.000;4.000;5.000;5.000;6.000;7.000;7.000;7.000;7.000;8.000;8.000;8.000;8.500;8.500;9.500;9.500;9.500;9.500;9.500;9.500;9.500;9.500;9.500;10.500;10.500;11.500;12.000;12.500;13.500;14.000;14.500;15.500,0.000000;0.010000;0.010000;0.020000;0.020000;0.020000;0.020000;0.020000;0.030000;0.030000;0.030000;0.040000;0.040000;0.050000;0.050000;0.050000;0.050000;0.050000;0.050000;0.060000;0.070000;0.070000;0.080000;0.090000;0.090000;0.090000;0.090000;0.100000;0.100000;0.100000;0.110000;0.110000;0.120000;0.120000;0.120000;0.120000;0.120000;0.120000;0.120000;0.120000;0.120000;0.130000;0.130000;0.140000;0.150000;0.160000;0.170000;0.180000;0.190000;0.200000
Random,SUT-D,4,12.5,7,18,0.18,0.13725490196078433,64;117;180;131;190;207;121;176;68;118;165;120;231;13;154;224;138;160;38;114;5;115;61;9;235;236;127;97;164;66;89;41;16;29;59;6;31;204;123;142;168;72;193;147;77;34;201;101;90;187,0.000;0.000;0.000;0.500;1.000;1.000;1.000;1.000;1.000;1.000;2.000;2.000;2.000;3.000;3.000;3.500;3.500;4.000;4.000;4.000;5.000;5.500;6.000;6.500;6.500;6.500;7.000;7.000;7.000;7.000;8.000;8.000;8.000;9.000;9.000;9.000;9.000;9.000;10.000;10.000;10.000;10.000;10.000;10.000;11.000;11.500;11.500;12.000;12.000;12.500,0.000000;0.000000;0.000000;0.010000;0.020000;0.020000;0.020000;0.020000;0.020000;0.020000;0.030000;0.030000;0.030000;0.040000;0.040000;0.050000;0.050000;0.060000;0.060000;0.060000;0.070000;0.080000;0.090000;0.100000;0.100000;0.100000;0.110000;0.110000;0.110000;0.110000;0.120000;0.120000;0.120000;0.130000;0.130000;0.130000;0.130000;0.130000;0.140000;0.140000;0.140000;0.140000;0.140000;0.140000;0.150000;0.160000;0.160000;0.170000;0.170000;0.180000
Random,SUT-D,5,13.5,10,17,0.17,0.19607843137254902,135;125;83;138;209;136;4;192;84;37;24;151;73;169;44;52;31;16;200;106;156;95;56;104;14;96;227;155;144;142;154;48;133;105;189;47;71;94;57;181;68;8;195;97;50;6;229;10;65;232,1.000;2.000;2.000;2.000;2.000;2.500;2.500;2.500;2.500;3.000;3.000;4.000;4.500;5.500;5.500;5.500;5.500;5.500;6.000;6.000;6.000;6.000;6.000;7.000;7.000;7.000;7.000;7.500;7.500;7.500;7.500;7.500;8.000;8.000;9.000;9.000;10.000;10.500;11.500;12.500;12.500;12.500;12.500;12.500;12.500;12.500;12.500;12.500;13.500;13.500,0.010000;0.020000;0.020000;0.020000;0.020000;0.030000;0.030000;0.030000;0.030000;0.040000;0.040000;0.050000;0.060000;0.070000;0.070000;0.070000;0.070000;0.070000;0.080000;0.080000;0.080000;0.080000;0.080000;0.090000;0.090000;0.090000;0.090000;0.100000;0.100000;0.100000;0.100000;0.100000;0.110000;0.110000;0.120000;0.120000;0.130000;0.140000;0.150000;0.160000;0.160000;0.160000;0.160000;0.160000;0.160000;0.160000;0.160000;0.160000;0.170000;0.170000
Random,SUT-D,6,18.5,14,23,0.23,0.27450980392156865,19;29;195;69;65;178;164;82;220;183;38;94;112;139;214;60;85;41;87;16;173;161;43;236;212;4;78;66;224;121;154;113;202;17;3;31;157;107;24;58;172;174;185;134;8;221;33;119;116;21,0.000;1.000;1.000;2.000;3.000;3.000;3.000;3.000;3.500;4.000;4.000;4.500;5.000;6.000;7.000;7.000;7.500;7.500;8.500;8.500;9.500;10.500;10.500;10.500;10.500;10.500;10.500;10.500;11.000;11.000;11.000;11.500;12.500;13.500;14.000;14.000;15.000;16.000;16.000;16.000;16.000;16.000;17.000;17.000;17.000;17.000;17.500;18.500;18.500;18.500,0.000000;0.010000;0.010000;0.020000;0.030000;0.030000;0.030000;0.030000;0.040000;0.050000;0.050000;0.060000;0.070000;0.080000;0.090000;0.090000;0.100000;0.100000;0.110000;0.110000;0.120000;0.130000;0.130000;0.130000;0.130000;0.130000;0.130000;0.130000;0.140000;0.140000;0.140000;0.150000;0.160000;0.170000;0.180000;0.180000;0.190000;0.200000;0.200000;0.200000;0.200000;0.200000;0.210000;0.210000;0.210000;0.210000;0.220000;0.230000;0.230000;0.230000
Random,SUT-D,7,13.0,7,19,0.19,0.13725490196078433,163;86;190;14;224;183;88;211;93;87;36;11;92;158;5;20;208;28;201;164;40;12;126;41;213;38;120;31;90;121;185;146;60;216;23;111;226;193;85;46;26;228;194;33;186;119;237;147;66;203,0.500;1.000;1.500;1.500;2.000;2.500;2.500;2.500;3.500;4.500;4.500;4.500;4.500;5.000;6.000;6.000;6.000;6.000;6.000;6.000;6.000;6.000;6.000;6.000;6.500;6.500;6.500;6.500;6.500;6.500;7.500;7.500;7.500;7.500;8.000;9.000;9.500;9.500;10.000;10.000;10.000;10.000;11.000;11.500;12.000;13.000;13.000;13.000;13.000;13.000,0.010000;0.020000;0.030000;0.030000;0.040000;0.050000;0.050000;0.050000;0.060000;0.070000;0.070000;0.070000;0.070000;0.080000;0.090000;0.090000;0.090000;0.090000;0.090000;0.090000;0.090000;0.090000;0.090000;0.090000;0.100000;0.100000;0.100000;0.100000;0.100000;0.100000;0.110000;0.110000;0.110000;0.110000;0.120000;0.130000;0.140000;0.140000;0.150000;0.150000;0.150000;0.150000;0.160000;0.170000;0.180000;0.190000;0.190000;0.190000;0.190000;0.190000
Random,SUT-D,8,15.5,10,21,0.21,0.19607843137254902,105;29;88;10;21;220;152;42;2;97;113;112;46;119;176;76;39;100;183;80;207;217;14;150;56;26;165;175;38;148;238;33;103;224;199;233;25;169;6;69;8;153;190;128;186;47;45;145;206;130,0.000;1.000;1.000;1.000;1.000;1.500;1.500;1.500;2.000;2.000;2.500;3.000;3.000;4.000;4.000;4.000;4.500;4.500;5.000;5.000;5.000;5.000;5.000;5.000;5.000;5.000;6.000;7.000;7.000;7.000;7.000;7.500;8.500;9.000;9.000;9.000;9.000;10.000;10.000;11.000;11.000;12.000;12.500;13.000;13.500;13.500;14.500;15.500;15.500;15.500,0.000000;0.010000;0.010000;0.010000;0.010000;0.020000;0.020000;0.020000;0.030000;0.030000;0.040000;0.050000;0.050000;0.060000;0.060000;0.060000;0.070000;0.070000;0.080000;0.080000;0.080000;0.080000;0.080000;0.080000;0.080000;0.080000;0.090000;0.100000;0.100000;0.100000;0.100000;0.110000;0.120000;0.130000;0.130000;0.130000;0.130000;0.140000;0.140000;0.150000;0.150000;0.160000;0.170000;0.180000;0.190000;0.190000;0.200000;0.210000;0.210000;0.210000
Random,SUT-D,9,16.0,11,21,0.21,0.21568627450980393,56;88;102;2;25;152;187;156;89;44;195;1;173;12;199;36;224;91;67;33;71;203;90;104;5;118;6;3;45;160;130;233;159;109;157;84;202;177;135;106;114;14;198;47;69;131;98;197;97;215,0.000;0.000;0.000;0.500;0.500;0.500;1.000;1.000;2.000;2.000;2.000;2.000;3.000;3.000;3.000;3.000;3.500;4.000;4.000;4.500;5.500;5.500;5.500;6.500;7.500;7.500;7.500;8.000;9.000;9.500;9.500;9.500;10.000;10.500;11.500;11.500;12.500;13.500;14.500;14.500;14.500;14.500;14.500;14.500;15.500;16.000;16.000;16.000;16.000;16.000,0.000000;0.000000;0.000000;0.010000;0.010000;0.010000;0.020000;0.020000;0.030000;0.030000;0.030000;0.030000;0.040000;0.040000;0.040000;0.040000;0.050000;0.060000;0.060000;0.070000;0.080000;0.080000;0.080000;0.090000;0.100000;0.100000;0.100000;0.110000;0.120000;0.130000;0.130000;0.130000;0.140000;0.150000;0.160000;0.160000;0.170000;0.180000;0.190000;0.190000;0.190000;0.190000;0.190000;0.190000;0.200000;0.210000;0.210000;0.210000;0.210000;0.210000
Random,SUT-D,10,17.0,10,24,0.24,0.19607843137254902,52;205;75;117;119;179;60;44;3;57;86;79;85;169;39;56;94;155;153;65;47;67;193;219;237;231;187;185;102;224;200;203;70;80;216;129;108;71;15;69;208;234;201;10;42;109;126;111;2;1,0.000;0.000;0.500;0.500;1.500;2.000;2.000;2.000;2.500;3.500;4.000;4.000;4.500;5.500;6.000;6.000;6.500;7.000;8.000;9.000;9.000;9.000;9.000;9.000;9.000;9.000;9.500;10.500;10.500;11.000;11.500;11.500;11.500;11.500;11.500;11.500;11.500;12.500;13.000;14.000;14.000;15.000;15.000;15.000;15.000;15.500;15.500;16.500;17.000;17.000,0.000000;0.000000;0.010000;0.010000;0.020000;0.030000;0.030000;0.030000;0.040000;0.050000;0.060000;0.060000;0.070000;0.080000;0.090000;0.090000;0.100000;0.110000;0.120000;0.130000;0.130000;0.130000;0.130000;0.130000;0.130000;0.130000;0.140000;0.150000;0.150000;0.160000;0.170000;0.170000;0.170000;0.170000;0.170000;0.170000;0.170000;0.180000;0.190000;0.200000;0.200000;0.210000;0.210000;0.210000;0.210000;0.220000;0.220000;0.230000;0.240000;0.240000
Random,SUT-D,11,10.0,5,15,0.15,0.09803921568627451,58;59;172;220;4;216;235;19;112;98;131;96;195;15;91;239;23;233;156;68;221;111;1;47;39;228;205;121;35;163;140;57;67;225;31;148;160;24;170;115;16;144;237;93;56;44;110;84;181;147,0.000;0.000;0.000;0.500;0.500;0.500;0.500;0.500;1.000;1.000;1.500;1.500;1.500;2.000;2.500;2.500;3.000;3.000;3.000;3.000;3.000;4.000;4.000;4.000;4.500;4.500;4.500;4.500;4.500;5.000;5.000;6.000;6.000;6.000;6.000;6.000;6.500;6.500;7.500;8.000;8.000;8.000;8.000;9.000;9.000;9.000;9.000;9.000;10.000;10.000,0.000000;0.000000;0.000000;0.010000;0.010000;0.010000;0.010000;0.010000;0.020000;0.020000;0.030000;0.030000;0.030000;0.040000;0.050000;0.050000;0.060000;0.060000;0.060000;0.060000;0.060000;0.070000;0.070000;0.070000;0.080000;0.080000;0.080000;0.080000;0.080000;0.090000;0.090000;0.100000;0.100000;0.100000;0.100000;0.100000;0.110000;0.110000;0.120000;0.130000;0.130000;0.130000;0.130000;0.140000;0.140000;0.140000;0.140000;0.140000;0.150000;0.150000
Random,SUT-D,12,19.0,14,24,0.24,0.27450980392156865,54;195;222;32;172;49;139;19;1;97;13;70;192;33;6;44;122;157;235;213;59;234;189;27;91;190;194;170;21;137;203;147;23;47;143;138;169;76;133;232;130;175;167;56;71;113;124;118;65;53,0.000;0.000;0.000;0.000;0.000;1.000;2.000;2.000;2.000;2.000;3.000;3.000;3.000;3.500;3.500;3.500;3.500;4.500;4.500;5.000;5.000;6.000;7.000;7.500;8.000;8.500;9.500;10.500;10.500;10.500;10.500;10.500;11.000;11.000;12.000;12.000;13.000;13.000;13.500;13.500;13.500;14.500;15.000;15.000;16.000;16.500;17.000;17.000;18.000;19.000,0.000000;0.000000;0.000000;0.000000;0.000000;0.010000;0.020000;0.020000;0.020000;0.020000;0.030000;0.030000;0.030000;0.040000;0.040000;0.040000;0.040000;0.050000;0.050000;0.060000;0.060000;0.070000;0.080000;0.090000;0.100000;0.110000;0.120000;0.130000;0.130000;0.130000;0.130000;0.130000;0.140000;0.140000;0.150000;0.150000;0.160000;0.160000;0.170000;0.170000;0.170000;0.180000;0.190000;0.190000;0.200000;0.210000;0.220000;0.220000;0.230000;0.240000
Random,SUT-D,13,15.5,11,20,0.2,0.21568627450980393,108;5;145;76;98;181;73;167;81;136;20;46;132;100;128;78;176;62;94;206;165;25;114;174;163;90;222;151;0;225;201;169;198;237;124;17;127;118;116;44;221;171;79;115;13;22;38;105;211;218,0.000;1.000;2.000;2.000;2.000;3.000;3.500;4.000;5.000;5.500;5.500;5.500;5.500;5.500;6.000;6.000;6.000;7.000;7.500;7.500;8.500;8.500;8.500;8.500;9.000;9.000;9.000;10.000;10.000;10.000;10.000;11.000;11.000;11.000;11.500;12.500;13.000;13.000;13.000;13.000;13.000;13.000;13.000;13.500;14.500;14.500;14.500;14.500;14.500;15.500,0.000000;0.010000;0.020000;0.020000;0.020000;0.030000;0.040000;0.050000;0.060000;0.070000;0.070000;0.070000;0.070000;0.070000;0.080000;0.080000;0.080000;0.090000;0.100000;0.100000;0.110000;0.110000;0.110000;0.110000;0.120000;0.120000;0.120000;0.130000;0.130000;0.130000;0.130000;0.140000;0.140000;0.140000;0.150000;0.160000;0.170000;0.170000;0.170000;0.170000;0.170000;0.170000;0.170000;0.180000;0.190000;0.190000;0.190000;0.190000;0.190000;0.200000
Random,SUT-D,14,15.0,10,20,0.2,0.19607843137254902,153;25;140;126;102;98;204;115;180;228;11;81;112;138;133;239;209;122;125;160;76;31;71;217;5;176;212;105;60;201;114;12;151;18;147;158;220;185;219;161;101;20;187;144;19;224;203;55;33;111,1.000;1.000;1.000;1.000;1.000;1.000;1.000;1.500;1.500;1.500;1.500;2.500;3.000;3.000;3.500;3.500;3.500;3.500;4.500;5.000;5.000;5.000;6.000;6.000;7.000;7.000;7.000;7.000;7.000;7.000;7.000;7.000;8.000;9.000;9.000;9.500;10.000;11.000;11.000;12.000;12.500;12.500;13.000;13.000;13.000;13.500;13.500;13.500;14.000;15.000,0.010000;0.010000;0.010000;0.010000;0.010000;0.010000;0.010000;0.020000;0.020000;0.020000;0.020000;0.030000;0.040000;0.040000;0.050000;0.050000;0.050000;0.050000;0.060000;0.070000;0.070000;0.070000;0.080000;0.080000;0.090000;0.090000;0.090000;0.090000;0.090000;0.090000;0.090000;0.090000;0.100000;0.110000;0.110000;0.120000;0.130000;0.140000;0.140000;0.150000;0.160000;0.160000;0.170000;0.170000;0.170000;0.180000;0.180000;0.180000;0.190000;0.200000
Random,SUT-D,15,16.0,11,21,0.21,0.21568627450980393,151;112;166;219;209;228;66;206;45;33;216;130;95;120;172;201;76;177;42;205;164;184;238;55;188;226;104;213;186;19;225;113;176;233;80;63;67;198;149;62;100;161;40;18;115;156;49;133;17;103,1.000;1.500;2.000;2.000;2.000;2.000;2.000;2.000;3.000;3.500;3.500;3.500;3.500;3.500;3.500;3.500;3.500;4.500;4.500;4.500;4.500;4.500;4.500;4.500;4.500;5.000;6.000;6.500;7.000;7.000;7.000;7.500;7.500;7.500;7.500;8.000;8.000;8.000;9.000;10.000;10.000;11.000;11.000;12.000;12.500;12.500;13.500;14.000;15.000;16.000,0.010000;0.020000;0.030000;0.030000;0.030000;0.030000;0.030000;0.030000;0.040000;0.050000;0.050000;0.050000;0.050000;0.050000;0.050000;0.050000;0.050000;0.060000;0.060000;0.060000;0.060000;0.060000;0.060000;0.060000;0.060000;0.070000;0.080000;0.090000;0.100000;0.100000;0.100000;0.110000;0.110000;0.110000;0.110000;0.120000;0.120000;0.120000;0.130000;0.140000;0.140000;0.150000;0.150000;0.160000;0.170000;0.170000;0.180000;0.190000;0.200000;0.210000
Random,SUT-D,16,14.5,9,20,0.2,0.17647058823529413,210;216;150;208;168;130;83;128;36;9;43;87;20;57;141;30;32;60;200;34;53;101;61;176;14;122;99;164;90;239;190;113;193;204;8;49;69;214;156;73;58;213;10;149;92;3;199;68;137;197,0.000;0.000;0.000;0.000;0.000;0.000;0.000;0.500;0.500;1.000;1.000;2.000;2.000;3.000;4.000;4.000;4.000;4.000;4.500;5.000;6.000;6.500;7.000;7.000;7.000;7.000;8.000;8.000;8.000;8.000;8.500;9.000;9.000;9.000;9.000;10.000;11.000;12.000;12.000;12.500;12.500;13.000;13.000;14.000;14.000;14.500;14.500;14.500;14.500;14.500,0.000000;0.000000;0.000000;0.000000;0.000000;0.000000;0.000000;0.010000;0.010000;0.020000;0.020000;0.030000;0.030000;0.040000;0.050000;0.050000;0.050000;0.050000;0.060000;0.070000;0.080000;0.090000;0.100000;0.100000;0.100000;0.100000;0.110000;0.110000;0.110000;0.110000;0.120000;0.130000;0.130000;0.130000;0.130000;0.140000;0.150000;0.160000;0.160000;0.170000;0.170000;0.180000;0.180000;0.190000;0.190000;0.200000;0.200000;0.200000;0.200000;0.200000
Random,SUT-D,17,16.0,10,22,0.22,0.19607843137254902,75;99;26;133;120;86;155;23;198;15;1;172;222;107;14;82;142;182;160;56;51;76;176;151;38;114;195;17;69;29;165;70;213;18;124;212;220;125;95;132;221;122;103;216;156;130;97;164;196;174,0.500;1.500;1.500;2.000;2.000;2.500;3.000;3.500;3.500;4.000;4.000;4.000;4.000;5.000;5.000;5.000;5.000;5.500;6.000;6.000;6.500;6.500;6.500;7.500;7.500;7.500;7.500;8.500;9.500;10.500;11.500;11.500;12.000;13.000;13.500;13.500;14.000;15.000;15.000;15.000;15.000;15.000;16.000;16.000;16.000;16.000;16.000;16.000;16.000;16.000,0.010000;0.020000;0.020000;0.030000;0.030000;0.040000;0.050000;0.060000;0.060000;0.070000;0.070000;0.070000;0.070000;0.080000;0.080000;0.080000;0.080000;0.090000;0.100000;0.100000;0.110000;0.110000;0.110000;0.120000;0.120000;0.120000;0.120000;0.130000;0.140000;0.150000;0.160000;0.160000;0.170000;0.180000;0.190000;0.190000;0.200000;0.210000;0.210000;0.210000;0.210000;0.210000;0.220000;0.220000;0.220000;0.220000;0.220000;0.220000;0.220000;0.220000
Random,SUT-D,18,15.0,9,21,0.21,0.17647058823529413,93;8;67;4;156;152;73;13;160;208;166;150;76;110;153;221;85;193;222;70;50;108;236;226;220;83;136;194;229;151;120;233;237;122;145;34;161;230;203;214;231;96;146;31;131;168;104;23;176;27,1.000;1.000;1.000;1.000;1.000;1.000;1.500;2.500;3.000;3.000;3.500;3.500;3.500;3.500;4.500;4.500;5.000;5.000;5.000;5.000;5.000;5.000;5.000;5.500;6.000;6.000;6.500;7.500;7.500;8.500;8.500;8.500;8.500;8.500;9.500;10.000;11.000;11.500;11.500;12.500;12.500;12.500;12.500;12.500;13.000;13.000;14.000;14.500;14.500;15.000,0.010000;0.010000;0.010000;0.010000;0.010000;0.010000;0.020000;0.030000;0.040000;0.040000;0.050000;0.050000;0.050000;0.050000;0.060000;0.060000;0.070000;0.070000;0.070000;0.070000;0.070000;0.070000;0.070000;0.080000;0.090000;0.090000;0.100000;0.110000;0.110000;0.120000;0.120000;0.120000;0.120000;0.120000;0.130000;0.140000;0.150000;0.160000;0.160000;0.170000;0.170000;0.170000;0.170000;0.170000;0.180000;0.180000;0.190000;0.200000;0.200000;0.210000
Random,SUT-D,19,17.5,13,22,0.22,0.2549019607843137,207;122;203;36;86;4;56;111;234;110;191;74;65;57;154;175;118;200;128;79;153;14;174;72;80;11;226;124;182;50;97;77;29;135;24;195;148;104;59;236;169;147;53;83;92;75;176;68;131;113,0.000;0.000;0.000;0.000;0.500;0.500;0.500;1.500;2.500;2.500;3.500;3.500;4.500;5.500;5.500;6.500;6.500;7.000;7.500;7.500;8.500;8.500;8.500;8.500;8.500;8.500;9.000;9.500;10.000;10.000;10.000;11.000;12.000;13.000;13.000;13.000;13.000;14.000;14.000;14.000;15.000;15.000;16.000;16.000;16.000;16.500;16.500;16.500;17.000;17.500,0.000000;0.000000;0.000000;0.000000;0.010000;0.010000;0.010000;0.020000;0.030000;0.030000;0.040000;0.040000;0.050000;0.060000;0.060000;0.070000;0.070000;0.080000;0.090000;0.090000;0.100000;0.100000;0.100000;0.100000;0.100000;0.100000;0.110000;0.120000;0.130000;0.130000;0.130000;0.140000;0.150000;0.160000;0.160000;0.160000;0.160000;0.170000;0.170000;0.170000;0.180000;0.180000;0.190000;0.190000;0.190000;0.200000;0.200000;0.200000;0.210000;0.220000
DETOUR Hierarchy (K=0),SUT-E,0,19.0,16,22,0.5945945945945946,0.7619047619047619,226;15;234;71;5;45;49;218;194;89;161;18;17;202;39;77;111;214;81;13;99;69;93;29;33;21;230;200;158;9;65;224;57;87;34;53;62;208;37;10;232;41;212;123;2;94;70;191;85;61,0.000;0.000;1.000;1.000;1.500;2.500;3.500;4.500;4.500;5.500;6.500;7.500;7.500;8.500;8.500;9.000;10.000;10.000;11.000;12.000;12.000;12.000;12.000;13.000;13.000;13.000;13.000;13.000;13.500;13.500;14.500;14.500;15.500;15.500;16.000;16.000;17.000;17.000;17.000;17.000;17.000;17.000;17.000;17.500;18.000;19.000;19.000;19.000;19.000;19.000,0.000000;0.000000;0.027027;0.027027;0.054054;0.081081;0.108108;0.135135;0.135135;0.162162;0.189189;0.216216;0.216216;0.243243;0.243243;0.270270;0.297297;0.297297;0.324324;0.351351;0.351351;0.351351;0.351351;0.378378;0.378378;0.378378;0.378378;0.378378;0.405405;0.405405;0.432432;0.432432;0.459459;0.459459;0.486486;0.486486;0.513514;0.513514;0.513514;0.513514;0.513514;0.513514;0.513514;0.540541;0.567568;0.594595;0.594595;0.594595;0.594595;0.594595
Risk Mining + Adaptation,SUT-E,0,28.0,21,35,0.9459459459459459,1.0,170;128;163;53;167;93;157;186;127;160;13;18;29;45;49;57;62;65;81;161;202;234;135;218;119;169;145;177;89;104;158;34;190;136;213;2;94;111;5;194;77;103;181;185;123;17;37;9;226;141,0.000;0.000;0.000;0.000;0.000;0.000;0.500;0.500;0.500;0.500;1.500;2.500;3.500;4.500;5.500;6.500;7.500;8.500;9.500;10.500;11.500;12.500;13.500;14.500;15.500;16.500;17.500;18.000;19.000;19.500;20.000;20.500;21.000;21.500;22.000;22.500;23.500;24.500;25.000;25.000;25.500;26.000;27.000;27.500;28.000;28.000;28.000;28.000;28.000;28.000,0.000000;0.000000;0.000000;0.000000;0.000000;0.000000;0.027027;0.027027;0.027027;0.027027;0.054054;0.081081;0.108108;0.135135;0.162162;0.189189;0.216216;0.243243;0.270270;0.297297;0.324324;0.351351;0.378378;0.405405;0.432432;0.459459;0.486486;0.513514;0.540541;0.567568;0.594595;0.621622;0.648649;0.675676;0.702703;0.729730;0.756757;0.783784;0.810811;0.810811;0.837838;0.864865;0.891892;0.918919;0.945946;0.945946;0.945946;0.945946;0.945946;0.945946
Risk Mining + DETOUR Hierarchy,SUT-E,0,28.0,21,35,0.9459459459459459,1.0,170;128;163;53;167;93;157;186;127;160;234;45;49;161;18;202;81;13;29;65;57;62;218;135;89;119;145;177;169;158;104;34;2;94;213;190;136;5;194;111;77;103;17;123;226;185;37;9;181;99,0.000;0.000;0.000;0.000;0.000;0.000;0.500;0.500;0.500;0.500;1.500;2.500;3.500;4.500;5.500;6.500;7.500;8.500;9.500;10.500;11.500;12.500;13.500;14.500;15.500;16.500;17.500;18.000;19.000;19.500;20.000;20.500;21.000;22.000;22.500;23.000;23.500;24.000;24.000;25.000;25.500;26.000;26.000;26.500;26.500;27.000;27.000;27.000;28.000;28.000,0.000000;0.000000;0.000000;0.000000;0.000000;0.000000;0.027027;0.027027;0.027027;0.027027;0.054054;0.081081;0.108108;0.135135;0.162162;0.189189;0.216216;0.243243;0.270270;0.297297;0.324324;0.351351;0.378378;0.405405;0.432432;0.459459;0.486486;0.513514;0.540541;0.567568;0.594595;0.621622;0.648649;0.675676;0.702703;0.729730;0.756757;0.783784;0.783784;0.810811;0.837838;0.864865;0.864865;0.891892;0.891892;0.918919;0.918919;0.918919;0.945946;0.945946
DETOUR-Guided Risk Diagnosis,SUT-E,0,28.0,21,35,0.9459459459459459,1.0,170;128;163;53;93;167;99;186;157;127;13;18;29;45;49;57;62;65;81;161;202;234;135;218;119;169;145;177;89;104;158;34;190;136;213;2;94;111;5;194;77;103;181;185;123;17;37;9;226;141,0.000;0.000;0.000;0.000;0.000;0.000;0.000;0.000;0.500;0.500;1.500;2.500;3.500;4.500;5.500;6.500;7.500;8.500;9.500;10.500;11.500;12.500;13.500;14.500;15.500;16.500;17.500;18.000;19.000;19.500;20.000;20.500;21.000;21.500;22.000;22.500;23.500;24.500;25.000;25.000;25.500;26.000;27.000;27.500;28.000;28.000;28.000;28.000;28.000;28.000,0.000000;0.000000;0.000000;0.000000;0.000000;0.000000;0.000000;0.000000;0.027027;0.027027;0.054054;0.081081;0.108108;0.135135;0.162162;0.189189;0.216216;0.243243;0.270270;0.297297;0.324324;0.351351;0.378378;0.405405;0.432432;0.459459;0.486486;0.513514;0.540541;0.567568;0.594595;0.621622;0.648649;0.675676;0.702703;0.729730;0.756757;0.783784;0.810811;0.810811;0.837838;0.864865;0.891892;0.918919;0.945946;0.945946;0.945946;0.945946;0.945946;0.945946
Random,SUT-E,0,6.0,4,8,0.21621621621621623,0.19047619047619047,29;49;192;234;63;122;195;70;228;180;199;5;213;79;54;147;73;143;217;227;181;75;187;92;12;236;160;210;24;238;162;43;69;231;137;176;107;191;19;171;82;235;197;163;2;83;77;9;91;71,1.000;2.000;2.000;3.000;3.000;3.000;3.000;3.000;3.000;3.000;3.000;3.500;4.000;4.000;4.000;4.000;4.000;4.000;4.000;4.000;5.000;5.000;5.000;5.000;5.000;5.000;5.000;5.000;5.000;5.000;5.000;5.000;5.000;5.000;5.000;5.000;5.000;5.000;5.000;5.000;5.000;5.000;5.000;5.000;5.500;5.500;6.000;6.000;6.000;6.000,0.027027;0.054054;0.054054;0.081081;0.081081;0.081081;0.081081;0.081081;0.081081;0.081081;0.081081;0.108108;0.135135;0.135135;0.135135;0.135135;0.135135;0.135135;0.135135;0.135135;0.162162;0.162162;0.162162;0.162162;0.162162;0.162162;0.162162;0.162162;0.162162;0.162162;0.162162;0.162162;0.162162;0.162162;0.162162;0.162162;0.162162;0.162162;0.162162;0.162162;0.162162;0.162162;0.162162;0.162162;0.189189;0.189189;0.216216;0.216216;0.216216;0.216216
Random,SUT-E,1,7.0,5,9,0.24324324324324326,0.23809523809523808,161;34;37;218;65;126;56;159;105;27;209;96;200;215;146;227;19;53;117;203;71;104;49;165;100;239;149;195;178;223;236;76;171;141;217;163;135;112;95;85;39;140;70;134;206;185;75;193;9;198,1.000;1.500;1.500;2.500;3.500;3.500;3.500;3.500;3.500;3.500;3.500;3.500;3.500;3.500;3.500;3.500;3.500;3.500;3.500;3.500;3.500;4.000;5.000;5.500;5.500;5.500;5.500;5.500;5.500;5.500;5.500;5.500;5.500;5.500;5.500;5.500;6.500;6.500;6.500;6.500;6.500;6.500;6.500;6.500;6.500;7.000;7.000;7.000;7.000;7.000,0.027027;0.054054;0.054054;0.081081;0.108108;0.108108;0.108108;0.108108;0.108108;0.108108;0.108108;0.108108;0.108108;0.108108;0.108108;0.108108;0.108108;0.108108;0.108108;0.108108;0.108108;0.135135;0.162162;0.189189;0.189189;0.189189;0.189189;0.189189;0.189189;0.189189;0.189189;0.189189;0.189189;0.189189;0.189189;0.189189;0.216216;0.216216;0.216216;0.216216;0.216216;0.216216;0.216216;0.216216;0.216216;0.243243;0.243243;0.243243;0.243243;0.243243
Random,SUT-E,2,4.5,3,6,0.16216216216216217,0.14285714285714285,189;30;42;24;87;196;216;2;113;136;227;110;171;197;131;237;195;95;65;235;105;80;156;204;92;118;73;69;165;200;239;82;183;45;100;228;56;37;51;96;114;192;225;215;142;50;29;53;4;12,0.000;0.000;0.000;0.000;0.000;0.000;0.000;0.500;0.500;1.000;1.000;1.000;1.000;1.000;1.000;1.000;1.000;1.000;2.000;2.000;2.000;2.000;2.000;2.000;2.000;2.000;2.000;2.000;2.500;2.500;2.500;2.500;2.500;3.500;3.500;3.500;3.500;3.500;3.500;3.500;3.500;3.500;3.500;3.500;3.500;3.500;4.500;4.500;4.500;4.500,0.000000;0.000000;0.000000;0.000000;0.000000;0.000000;0.000000;0.027027;0.027027;0.054054;0.054054;0.054054;0.054054;0.054054;0.054054;0.054054;0.054054;0.054054;0.081081;0.081081;0.081081;0.081081;0.081081;0.081081;0.081081;0.081081;0.081081;0.081081;0.108108;0.108108;0.108108;0.108108;0.108108;0.135135;0.135135;0.135135;0.135135;0.135135;0.135135;0.135135;0.135135;0.135135;0.135135;0.135135;0.135135;0.135135;0.162162;0.162162;0.162162;0.162162
Random,SUT-E,3,7.5,6,9,0.24324324324324326,0.2857142857142857,8;154;212;93;123;227;67;159;0;11;221;113;101;5;191;163;185;6;57;174;206;231;115;48;145;84;223;135;119;172;99;141;204;229;12;142;89;200;91;56;178;128;64;87;209;16;19;120;65;41,0.000;0.000;0.000;0.000;0.500;0.500;0.500;0.500;0.500;0.500;0.500;0.500;0.500;1.000;1.000;1.000;1.500;1.500;2.500;2.500;2.500;2.500;2.500;2.500;3.500;3.500;3.500;4.500;5.500;5.500;5.500;5.500;5.500;5.500;5.500;5.500;6.500;6.500;6.500;6.500;6.500;6.500;6.500;6.500;6.500;6.500;6.500;6.500;7.500;7.500,0.000000;0.000000;0.000000;0.000000;0.027027;0.027027;0.027027;0.027027;0.027027;0.027027;0.027027;0.027027;0.027027;0.054054;0.054054;0.054054;0.081081;0.081081;0.108108;0.108108;0.108108;0.108108;0.108108;0.108108;0.135135;0.135135;0.135135;0.162162;0.189189;0.189189;0.189189;0.189189;0.189189;0.189189;0.189189;0.189189;0.216216;0.216216;0.216216;0.216216;0.216216;0.216216;0.216216;0.216216;0.216216;0.216216;0.216216;0.216216;0.243243;0.243243
Random,SUT-E,4,4.5,3,6,0.16216216216216217,0.14285714285714285,178;5;6;217;56;219;184;223;141;185;149;172;108;70;92;210;24;69;155;1;16;177;212;152;159;175;131;110;32;135;91;156;216;38;42;61;52;93;26;67;145;28;167;171;65;17;88;191;193;162,0.000;0.500;0.500;0.500;0.500;0.500;0.500;0.500;0.500;1.000;1.000;1.000;1.000;1.000;1.000;1.000;1.000;1.000;1.000;1.000;1.000;1.500;1.500;1.500;1.500;1.500;1.500;1.500;1.500;2.500;2.500;2.500;2.500;2.500;2.500;2.500;2.500;2.500;2.500;2.500;3.500;3.500;3.500;3.500;4.500;4.500;4.500;4.500;4.500;4.500,0.000000;0.027027;0.027027;0.027027;0.027027;0.027027;0.027027;0.027027;0.027027;0.054054;0.054054;0.054054;0.054054;0.054054;0.054054;0.054054;0.054054;0.054054;0.054054;0.054054;0.054054;0.081081;0.081081;0.081081;0.081081;0.081081;0.081081;0.081081;0.081081;0.108108;0.108108;0.108108;0.108108;0.108108;0.108108;0.108108;0.108108;0.108108;0.108108;0.108108;0.135135;0.135135;0.135135;0.135135;0.162162;0.162162;0.162162;0.162162;0.162162;0.162162
Random,SUT-E,5,1.0,0,2,0.05405405405405406,0.0,59;28;170;172;142;5;52;22;20;101;216;86;50;225;140;193;141;188;93;157;130;183;197;189;19;176;61;191;151;124;44;152;168;126;87;75;83;43;1;223;173;96;206;84;98;204;194;122;233;42,0.000;0.000;0.000;0.000;0.000;0.500;0.500;0.500;0.500;0.500;0.500;0.500;0.500;0.500;0.500;0.500;0.500;0.500;0.500;1.000;1.000;1.000;1.000;1.000;1.000;1.000;1.000;1.000;1.000;1.000;1.000;1.000;1.000;1.000;1.000;1.000;1.000;1.000;1.000;1.000;1.000;1.000;1.000;1.000;1.000;1.000;1.000;1.000;1.000;1.000,0.000000;0.000000;0.000000;0.000000;0.000000;0.027027;0.027027;0.027027;0.027027;0.027027;0.027027;0.027027;0.027027;0.027027;0.027027;0.027027;0.027027;0.027027;0.027027;0.054054;0.054054;0.054054;0.054054;0.054054;0.054054;0.054054;0.054054;0.054054;0.054054;0.054054;0.054054;0.054054;0.054054;0.054054;0.054054;0.054054;0.054054;0.054054;0.054054;0.054054;0.054054;0.054054;0.054054;0.054054;0.054054;0.054054;0.054054;0.054054;0.054054;0.054054
Random,SUT-E,6,5.5,3,8,0.21621621621621623,0.14285714285714285,122;131;83;234;77;237;156;127;152;30;124;171;217;211;132;113;170;95;207;24;28;199;21;232;43;157;120;167;94;151;2;29;130;103;114;164;210;91;189;196;33;144;187;64;106;34;121;90;116;175,0.000;0.000;0.000;1.000;1.500;1.500;1.500;1.500;1.500;1.500;1.500;1.500;1.500;1.500;1.500;1.500;1.500;1.500;1.500;1.500;1.500;1.500;1.500;1.500;1.500;2.000;2.000;2.000;3.000;3.000;3.500;4.500;4.500;5.000;5.000;5.000;5.000;5.000;5.000;5.000;5.000;5.000;5.000;5.000;5.000;5.500;5.500;5.500;5.500;5.500,0.000000;0.000000;0.000000;0.027027;0.054054;0.054054;0.054054;0.054054;0.054054;0.054054;0.054054;0.054054;0.054054;0.054054;0.054054;0.054054;0.054054;0.054054;0.054054;0.054054;0.054054;0.054054;0.054054;0.054054;0.054054;0.081081;0.081081;0.081081;0.108108;0.108108;0.135135;0.162162;0.162162;0.189189;0.189189;0.189189;0.189189;0.189189;0.189189;0.189189;0.189189;0.189189;0.189189;0.189189;0.189189;0.216216;0.216216;0.216216;0.216216;0.216216
Random,SUT-E,7,5.0,5,5,0.13513513513513514,0.23809523809523808,63;175;24;199;42;25;218;208;215;7;170;98;209;23;108;29;67;119;38;88;110;125;221;121;174;184;60;41;225;57;28;26;92;159;171;200;27;101;95;17;61;81;228;93;231;193;182;54;79;206,0.000;0.000;0.000;0.000;0.000;0.000;1.000;1.000;1.000;1.000;1.000;1.000;1.000;1.000;1.000;2.000;2.000;3.000;3.000;3.000;3.000;3.000;3.000;3.000;3.000;3.000;3.000;3.000;3.000;4.000;4.000;4.000;4.000;4.000;4.000;4.000;4.000;4.000;4.000;4.000;4.000;5.000;5.000;5.000;5.000;5.000;5.000;5.000;5.000;5.000,0.000000;0.000000;0.000000;0.000000;0.000000;0.000000;0.027027;0.027027;0.027027;0.027027;0.027027;0.027027;0.027027;0.027027;0.027027;0.054054;0.054054;0.081081;0.081081;0.081081;0.081081;0.081081;0.081081;0.081081;0.081081;0.081081;0.081081;0.081081;0.081081;0.108108;0.108108;0.108108;0.108108;0.108108;0.108108;0.108108;0.108108;0.108108;0.108108;0.108108;0.108108;0.135135;0.135135;0.135135;0.135135;0.135135;0.135135;0.135135;0.135135;0.135135
Random,SUT-E,8,3.5,3,4,0.10810810810810811,0.14285714285714285,124;224;152;122;15;89;121;10;229;35;64;137;14;228;216;181;80;51;25;88;126;19;193;129;163;60;34;151;84;199;96;130;142;174;215;160;115;91;182;113;219;116;179;170;222;200;173;45;134;150,0.000;0.000;0.000;0.000;0.000;1.000;1.000;1.000;1.000;1.000;1.000;1.000;1.000;1.000;1.000;2.000;2.000;2.000;2.000;2.000;2.000;2.000;2.000;2.000;2.000;2.000;2.500;2.500;2.500;2.500;2.500;2.500;2.500;2.500;2.500;2.500;2.500;2.500;2.500;2.500;2.500;2.500;2.500;2.500;2.500;2.500;2.500;3.500;3.500;3.500,0.000000;0.000000;0.000000;0.000000;0.000000;0.027027;0.027027;0.027027;0.027027;0.027027;0.027027;0.027027;0.027027;0.027027;0.027027;0.054054;0.054054;0.054054;0.054054;0.054054;0.054054;0.054054;0.054054;0.054054;0.054054;0.054054;0.081081;0.081081;0.081081;0.081081;0.081081;0.081081;0.081081;0.081081;0.081081;0.081081;0.081081;0.081081;0.081081;0.081081;0.081081;0.081081;0.081081;0.081081;0.081081;0.081081;0.081081;0.108108;0.108108;0.108108
Random,SUT-E,9,5.5,4,7,0.1891891891891892,0.19047619047619047,52;70;115;131;224;218;35;154;166;235;68;58;208;91;188;78;62;143;170;227;189;221;92;61;229;25;59;156;47;13;84;56;207;194;72;64;220;238;127;129;202;152;134;5;128;239;165;141;87;177,0.000;0.000;0.000;0.000;0.000;1.000;1.000;1.000;1.000;1.000;1.000;1.000;1.000;1.000;1.000;1.000;2.000;2.000;2.000;2.000;2.000;2.000;2.000;2.000;2.000;2.000;2.000;2.000;2.000;3.000;3.000;3.000;3.000;3.000;3.000;3.000;3.000;3.000;3.000;3.000;4.000;4.000;4.000;4.500;4.500;4.500;5.000;5.000;5.000;5.500,0.000000;0.000000;0.000000;0.000000;0.000000;0.027027;0.027027;0.027027;0.027027;0.027027;0.027027;0.027027;0.027027;0.027027;0.027027;0.027027;0.054054;0.054054;0.054054;0.054054;0.054054;0.054054;0.054054;0.054054;0.054054;0.054054;0.054054;0.054054;0.054054;0.081081;0.081081;0.081081;0.081081;0.081081;0.081081;0.081081;0.081081;0.081081;0.081081;0.081081;0.108108;0.108108;0.108108;0.135135;0.135135;0.135135;0.162162;0.162162;0.162162;0.189189
Random,SUT-E,10,5.5,4,7,0.1891891891891892,0.19047619047619047,121;89;228;227;46;8;143;38;151;237;212;142;33;52;35;81;110;42;48;158;190;137;61;139;159;220;210;188;112;13;233;102;80;25;170;100;239;4;22;135;99;23;72;201;15;180;104;122;229;129,0.000;1.000;1.000;1.000;1.000;1.000;1.000;1.000;1.000;1.000;1.000;1.000;1.000;1.000;1.000;2.000;2.000;2.000;2.000;2.500;3.000;3.000;3.000;3.000;3.000;3.000;3.000;3.000;3.000;4.000;4.000;4.000;4.000;4.000;4.000;4.000;4.000;4.000;4.000;5.000;5.000;5.000;5.000;5.000;5.000;5.000;5.500;5.500;5.500;5.500,0.000000;0.027027;0.027027;0.027027;0.027027;0.027027;0.027027;0.027027;0.027027;0.027027;0.027027;0.027027;0.027027;0.027027;0.027027;0.054054;0.054054;0.054054;0.054054;0.081081;0.108108;0.108108;0.108108;0.108108;0.108108;0.108108;0.108108;0.108108;0.108108;0.135135;0.135135;0.135135;0.135135;0.135135;0.135135;0.135135;0.135135;0.135135;0.135135;0.162162;0.162162;0.162162;0.162162;0.162162;0.162162;0.162162;0.189189;0.189189;0.189189;0.189189
Random,SUT-E,11,4.0,2,6,0.16216216216216217,0.09523809523809523,147;34;66;23;19;102;227;140;44;27;171;220;230;150;86;39;77;170;212;236;151;13;50;74;32;180;48;78;58;186;118;43;189;228;190;1;75;30;82;211;132;182;152;126;133;104;95;6;142;94,0.000;0.500;0.500;0.500;0.500;0.500;0.500;0.500;0.500;0.500;0.500;0.500;0.500;0.500;0.500;0.500;1.000;1.000;1.000;1.000;1.000;2.000;2.000;2.000;2.000;2.000;2.000;2.000;2.000;2.000;2.000;2.000;2.000;2.000;2.500;2.500;2.500;2.500;2.500;2.500;2.500;2.500;2.500;2.500;2.500;3.000;3.000;3.000;3.000;4.000,0.000000;0.027027;0.027027;0.027027;0.027027;0.027027;0.027027;0.027027;0.027027;0.027027;0.027027;0.027027;0.027027;0.027027;0.027027;0.027027;0.054054;0.054054;0.054054;0.054054;0.054054;0.081081;0.081081;0.081081;0.081081;0.081081;0.081081;0.081081;0.081081;0.081081;0.081081;0.081081;0.081081;0.081081;0.108108;0.108108;0.108108;0.108108;0.108108;0.108108;0.108108;0.108108;0.108108;0.108108;0.108108;0.135135;0.135135;0.135135;0.135135;0.162162
Random,SUT-E,12,6.0,3,9,0.24324324324324326,0.14285714285714285,65;19;238;148;209;33;15;232;74;43;139;109;114;182;206;134;166;103;76;155;115;142;177;190;82;126;83;218;123;35;89;196;78;184;32;46;87;10;112;226;219;178;156;173;108;213;2;210;98;61,1.000;1.000;1.000;1.000;1.000;1.000;1.000;1.000;1.000;1.000;1.000;1.000;1.000;1.000;1.000;1.000;1.000;1.500;1.500;1.500;1.500;1.500;2.000;2.500;2.500;2.500;2.500;3.500;4.000;4.000;5.000;5.000;5.000;5.000;5.000;5.000;5.000;5.000;5.000;5.000;5.000;5.000;5.000;5.000;5.000;5.500;6.000;6.000;6.000;6.000,0.027027;0.027027;0.027027;0.027027;0.027027;0.027027;0.027027;0.027027;0.027027;0.027027;0.027027;0.027027;0.027027;0.027027;0.027027;0.027027;0.027027;0.054054;0.054054;0.054054;0.054054;0.054054;0.081081;0.108108;0.108108;0.108108;0.108108;0.135135;0.162162;0.162162;0.189189;0.189189;0.189189;0.189189;0.189189;0.189189;0.189189;0.189189;0.189189;0.189189;0.189189;0.189189;0.189189;0.189189;0.189189;0.216216;0.243243;0.243243;0.243243;0.243243
Random,SUT-E,13,6.0,5,7,0.1891891891891892,0.23809523809523808,171;161;127;232;135;195;146;63;220;118;192;90;87;150;111;152;39;78;227;194;170;214;186;49;125;14;149;18;79;160;168;85;2;215;191;143;114;166;53;165;208;223;83;64;110;221;137;46;164;138,0.000;1.000;1.000;1.000;2.000;2.000;2.000;2.000;2.000;2.000;2.000;2.000;2.000;2.000;3.000;3.000;3.000;3.000;3.000;3.000;3.000;3.000;3.000;4.000;4.000;4.000;4.000;5.000;5.000;5.000;5.000;5.000;5.500;5.500;5.500;5.500;5.500;5.500;5.500;6.000;6.000;6.000;6.000;6.000;6.000;6.000;6.000;6.000;6.000;6.000,0.000000;0.027027;0.027027;0.027027;0.054054;0.054054;0.054054;0.054054;0.054054;0.054054;0.054054;0.054054;0.054054;0.054054;0.081081;0.081081;0.081081;0.081081;0.081081;0.081081;0.081081;0.081081;0.081081;0.108108;0.108108;0.108108;0.108108;0.135135;0.135135;0.135135;0.135135;0.135135;0.162162;0.162162;0.162162;0.162162;0.162162;0.162162;0.162162;0.189189;0.189189;0.189189;0.189189;0.189189;0.189189;0.189189;0.189189;0.189189;0.189189;0.189189
Random,SUT-E,14,4.0,3,5,0.13513513513513514,0.14285714285714285,92;83;91;159;228;214;155;123;239;54;183;89;129;106;41;66;93;154;118;18;231;107;120;189;150;76;101;197;168;187;192;143;127;137;146;105;56;3;46;6;191;119;104;210;74;124;23;9;171;238,0.000;0.000;0.000;0.000;0.000;0.000;0.000;0.500;0.500;0.500;0.500;1.500;1.500;1.500;1.500;1.500;1.500;1.500;1.500;2.500;2.500;2.500;2.500;2.500;2.500;2.500;2.500;2.500;2.500;2.500;2.500;2.500;2.500;2.500;2.500;2.500;2.500;2.500;2.500;2.500;2.500;3.500;4.000;4.000;4.000;4.000;4.000;4.000;4.000;4.000,0.000000;0.000000;0.000000;0.000000;0.000000;0.000000;0.000000;0.027027;0.027027;0.027027;0.027027;0.054054;0.054054;0.054054;0.054054;0.054054;0.054054;0.054054;0.054054;0.081081;0.081081;0.081081;0.081081;0.081081;0.081081;0.081081;0.081081;0.081081;0.081081;0.081081;0.081081;0.081081;0.081081;0.081081;0.081081;0.081081;0.081081;0.081081;0.081081;0.081081;0.081081;0.108108;0.135135;0.135135;0.135135;0.135135;0.135135;0.135135;0.135135;0.135135
Random,SUT-E,15,3.0,1,5,0.13513513513513514,0.047619047619047616,19;97;107;117;212;128;178;89;167;163;38;132;231;130;148;196;153;27;177;88;108;210;21;227;102;166;192;47;32;152;34;51;17;176;179;110;237;3;131;95;191;155;207;82;44;10;36;188;213;56,0.000;0.000;0.000;0.000;0.000;0.000;0.000;1.000;1.000;1.000;1.000;1.000;1.000;1.000;1.000;1.000;1.500;1.500;2.000;2.000;2.000;2.000;2.000;2.000;2.000;2.000;2.000;2.000;2.000;2.000;2.500;2.500;2.500;2.500;2.500;2.500;2.500;2.500;2.500;2.500;2.500;2.500;2.500;2.500;2.500;2.500;2.500;2.500;3.000;3.000,0.000000;0.000000;0.000000;0.000000;0.000000;0.000000;0.000000;0.027027;0.027027;0.027027;0.027027;0.027027;0.027027;0.027027;0.027027;0.027027;0.054054;0.054054;0.081081;0.081081;0.081081;0.081081;0.081081;0.081081;0.081081;0.081081;0.081081;0.081081;0.081081;0.081081;0.108108;0.108108;0.108108;0.108108;0.108108;0.108108;0.108108;0.108108;0.108108;0.108108;0.108108;0.108108;0.108108;0.108108;0.108108;0.108108;0.108108;0.108108;0.135135;0.135135
Random,SUT-E,16,7.5,6,9,0.24324324324324326,0.2857142857142857,39;177;95;71;20;144;97;155;223;73;91;211;127;49;109;19;45;239;103;138;168;52;98;126;37;210;54;18;30;117;58;43;235;69;12;228;161;102;232;55;41;111;231;165;140;195;164;62;130;6,0.000;0.500;0.500;0.500;0.500;0.500;0.500;0.500;0.500;0.500;0.500;0.500;0.500;1.500;1.500;1.500;2.500;2.500;3.000;3.000;3.000;3.000;3.000;3.000;3.000;3.000;3.000;4.000;4.000;4.000;4.000;4.000;4.000;4.000;4.000;4.000;5.000;5.000;5.000;5.000;5.000;6.000;6.000;6.500;6.500;6.500;6.500;7.500;7.500;7.500,0.000000;0.027027;0.027027;0.027027;0.027027;0.027027;0.027027;0.027027;0.027027;0.027027;0.027027;0.027027;0.027027;0.054054;0.054054;0.054054;0.081081;0.081081;0.108108;0.108108;0.108108;0.108108;0.108108;0.108108;0.108108;0.108108;0.108108;0.135135;0.135135;0.135135;0.135135;0.135135;0.135135;0.135135;0.135135;0.135135;0.162162;0.162162;0.162162;0.162162;0.162162;0.189189;0.189189;0.216216;0.216216;0.216216;0.216216;0.243243;0.243243;0.243243
Random,SUT-E,17,6.5,5,8,0.21621621621621623,0.23809523809523808,173;108;11;69;46;211;125;83;136;141;31;64;0;164;140;145;165;176;73;20;71;180;9;237;223;181;154;94;12;175;86;120;15;44;81;111;14;187;174;61;221;172;115;158;146;182;130;68;52;122,0.000;0.000;0.000;0.000;0.000;0.000;0.000;0.000;0.500;0.500;0.500;0.500;0.500;0.500;0.500;1.500;2.000;2.000;2.000;2.000;2.000;2.000;2.000;2.000;2.000;3.000;3.000;4.000;4.000;4.000;4.000;4.000;4.000;4.000;5.000;6.000;6.000;6.000;6.000;6.000;6.000;6.000;6.000;6.500;6.500;6.500;6.500;6.500;6.500;6.500,0.000000;0.000000;0.000000;0.000000;0.000000;0.000000;0.000000;0.000000;0.027027;0.027027;0.027027;0.027027;0.027027;0.027027;0.027027;0.054054;0.081081;0.081081;0.081081;0.081081;0.081081;0.081081;0.081081;0.081081;0.081081;0.108108;0.108108;0.135135;0.135135;0.135135;0.135135;0.135135;0.135135;0.135135;0.162162;0.189189;0.189189;0.189189;0.189189;0.189189;0.189189;0.189189;0.189189;0.216216;0.216216;0.216216;0.216216;0.216216;0.216216;0.216216
Random,SUT-E,18,10.0,8,12,0.32432432432432434,0.38095238095238093,209;157;215;11;230;51;162;72;211;57;135;18;54;13;208;22;82;10;93;118;83;239;187;222;181;202;138;158;127;227;52;231;116;44;177;228;55;62;95;126;39;193;20;123;12;111;198;206;148;25,0.000;0.500;0.500;0.500;0.500;0.500;0.500;0.500;0.500;1.500;2.500;3.500;3.500;4.500;4.500;4.500;4.500;4.500;4.500;4.500;4.500;4.500;4.500;4.500;5.500;6.500;6.500;7.000;7.000;7.000;7.000;7.000;7.000;7.000;7.500;7.500;7.500;8.500;8.500;8.500;8.500;8.500;8.500;9.000;9.000;10.000;10.000;10.000;10.000;10.000,0.000000;0.027027;0.027027;0.027027;0.027027;0.027027;0.027027;0.027027;0.027027;0.054054;0.081081;0.108108;0.108108;0.135135;0.135135;0.135135;0.135135;0.135135;0.135135;0.135135;0.135135;0.135135;0.135135;0.135135;0.162162;0.189189;0.189189;0.216216;0.216216;0.216216;0.216216;0.216216;0.216216;0.216216;0.243243;0.243243;0.243243;0.270270;0.270270;0.270270;0.270270;0.270270;0.270270;0.297297;0.297297;0.324324;0.324324;0.324324;0.324324;0.324324
Random,SUT-E,19,3.5,2,5,0.13513513513513514,0.09523809523809523,15;1;215;155;25;186;67;9;225;78;116;181;134;16;47;80;46;222;212;91;193;103;166;4;209;205;14;191;168;190;37;124;122;86;39;187;182;11;234;108;98;127;110;83;207;229;107;125;151;165,0.000;0.000;0.000;0.000;0.000;0.000;0.000;0.000;0.000;0.000;0.000;1.000;1.000;1.000;1.000;1.000;1.000;1.000;1.000;1.000;1.000;1.500;1.500;1.500;1.500;1.500;1.500;1.500;1.500;2.000;2.000;2.000;2.000;2.000;2.000;2.000;2.000;2.000;3.000;3.000;3.000;3.000;3.000;3.000;3.000;3.000;3.000;3.000;3.000;3.500,0.000000;0.000000;0.000000;0.000000;0.000000;0.000000;0.000000;0.000000;0.000000;0.000000;0.000000;0.027027;0.027027;0.027027;0.027027;0.027027;0.027027;0.027027;0.027027;0.027027;0.027027;0.054054;0.054054;0.054054;0.054054;0.054054;0.054054;0.054054;0.054054;0.081081;0.081081;0.081081;0.081081;0.081081;0.081081;0.081081;0.081081;0.081081;0.108108;0.108108;0.108108;0.108108;0.108108;0.108108;0.108108;0.108108;0.108108;0.108108;0.108108;0.135135
DETOUR Hierarchy (K=0),SUT-F,0,42.5,39,46,0.32857142857142857,0.48148148148148145,5;17;33;111;18;57;194;202;29;93;81;234;45;177;62;230;77;13;21;39;65;89;37;99;10;135;41;49;226;34;214;94;9;181;25;2;218;149;70;42;53;104;165;22;206;26;78;220;69;71,1.000;2.000;3.000;4.000;5.000;6.000;7.000;8.000;9.000;10.000;11.000;12.000;13.000;14.000;15.000;16.000;17.000;18.000;18.500;19.500;20.500;21.500;22.500;23.500;24.000;25.000;25.500;26.500;27.500;28.500;29.500;30.500;31.500;32.500;33.000;33.500;34.500;35.500;36.000;36.000;37.000;38.000;39.000;39.000;39.500;39.500;39.500;40.500;41.500;42.500,0.007143;0.014286;0.021429;0.028571;0.035714;0.042857;0.050000;0.057143;0.064286;0.071429;0.078571;0.085714;0.092857;0.100000;0.107143;0.114286;0.121429;0.128571;0.135714;0.142857;0.150000;0.157143;0.164286;0.171429;0.178571;0.185714;0.192857;0.200000;0.207143;0.214286;0.221429;0.228571;0.235714;0.242857;0.250000;0.257143;0.264286;0.271429;0.278571;0.278571;0.285714;0.292857;0.300000;0.300000;0.307143;0.307143;0.307143;0.314286;0.321429;0.328571
Risk Mining + Adaptation,SUT-F,0,48.0,46,50,0.35714285714285715,0.5679012345679012,53;170;128;186;73;160;10;189;86;159;153;165;157;71;123;99;143;185;181;139;93;141;107;103;69;111;77;214;5;17;149;194;127;61;104;89;145;169;119;218;177;135;9;87;230;37;226;13;18;29,1.000;2.000;3.000;4.000;5.000;5.500;6.000;7.000;7.500;8.000;9.000;10.000;11.000;12.000;13.000;14.000;15.000;16.000;17.000;18.000;19.000;20.000;21.000;22.000;23.000;24.000;25.000;26.000;27.000;28.000;29.000;30.000;31.000;32.000;33.000;34.000;35.000;36.000;37.000;38.000;39.000;40.000;41.000;42.000;43.000;44.000;45.000;46.000;47.000;48.000,0.007143;0.014286;0.021429;0.028571;0.035714;0.042857;0.050000;0.057143;0.064286;0.071429;0.078571;0.085714;0.092857;0.100000;0.107143;0.114286;0.121429;0.128571;0.135714;0.142857;0.150000;0.157143;0.164286;0.171429;0.178571;0.185714;0.192857;0.200000;0.207143;0.214286;0.221429;0.228571;0.235714;0.242857;0.250000;0.257143;0.264286;0.271429;0.278571;0.285714;0.292857;0.300000;0.307143;0.314286;0.321429;0.328571;0.335714;0.342857;0.350000;0.357143
Risk Mining + DETOUR Hierarchy,SUT-F,0,48.0,46,50,0.35714285714285715,0.5679012345679012,53;170;128;186;73;160;10;189;86;159;5;17;111;18;57;194;202;29;93;81;234;45;177;62;230;77;13;65;89;37;99;135;49;226;214;9;181;218;149;104;165;69;71;103;87;139;161;145;169;185,1.000;2.000;3.000;4.000;5.000;5.500;6.000;7.000;7.500;8.000;9.000;10.000;11.000;12.000;13.000;14.000;15.000;16.000;17.000;18.000;19.000;20.000;21.000;22.000;23.000;24.000;25.000;26.000;27.000;28.000;29.000;30.000;31.000;32.000;33.000;34.000;35.000;36.000;37.000;38.000;39.000;40.000;41.000;42.000;43.000;44.000;45.000;46.000;47.000;48.000,0.007143;0.014286;0.021429;0.028571;0.035714;0.042857;0.050000;0.057143;0.064286;0.071429;0.078571;0.085714;0.092857;0.100000;0.107143;0.114286;0.121429;0.128571;0.135714;0.142857;0.150000;0.157143;0.164286;0.171429;0.178571;0.185714;0.192857;0.200000;0.207143;0.214286;0.221429;0.228571;0.235714;0.242857;0.250000;0.257143;0.264286;0.271429;0.278571;0.285714;0.292857;0.300000;0.307143;0.314286;0.321429;0.328571;0.335714;0.342857;0.350000;0.357143
DETOUR-Guided Risk Diagnosis,SUT-F,0,48.0,46,50,0.35714285714285715,0.5679012345679012,93;189;128;186;73;160;10;170;86;159;153;165;157;71;123;99;143;185;181;139;53;141;107;103;69;111;77;214;5;17;149;194;127;61;104;89;145;169;119;177;218;135;9;87;230;37;226;13;18;29,1.000;2.000;3.000;4.000;5.000;5.500;6.000;7.000;7.500;8.000;9.000;10.000;11.000;12.000;13.000;14.000;15.000;16.000;17.000;18.000;19.000;20.000;21.000;22.000;23.000;24.000;25.000;26.000;27.000;28.000;29.000;30.000;31.000;32.000;33.000;34.000;35.000;36.000;37.000;38.000;39.000;40.000;41.000;42.000;43.000;44.000;45.000;46.000;47.000;48.000,0.007143;0.014286;0.021429;0.028571;0.035714;0.042857;0.050000;0.057143;0.064286;0.071429;0.078571;0.085714;0.092857;0.100000;0.107143;0.114286;0.121429;0.128571;0.135714;0.142857;0.150000;0.157143;0.164286;0.171429;0.178571;0.185714;0.192857;0.200000;0.207143;0.214286;0.221429;0.228571;0.235714;0.242857;0.250000;0.257143;0.264286;0.271429;0.278571;0.285714;0.292857;0.300000;0.307143;0.314286;0.321429;0.328571;0.335714;0.342857;0.350000;0.357143
Random,SUT-F,0,24.0,18,30,0.21428571428571427,0.2222222222222222,127;228;6;107;212;190;83;50;142;189;191;113;201;104;17;74;126;62;230;111;105;67;13;99;8;210;161;121;216;209;176;4;193;35;146;198;227;10;148;135;58;231;165;138;125;211;144;234;124;29,1.000;1.500;1.500;2.500;3.000;3.500;4.000;4.500;4.500;5.500;6.500;7.500;7.500;8.500;9.500;10.000;10.000;11.000;12.000;13.000;13.500;13.500;14.500;15.500;15.500;16.000;17.000;17.500;17.500;17.500;17.500;17.500;17.500;17.500;17.500;18.000;18.000;18.500;18.500;19.500;19.500;19.500;20.500;20.500;21.500;21.500;21.500;22.500;23.000;24.000,0.007143;0.014286;0.014286;0.021429;0.028571;0.035714;0.042857;0.050000;0.050000;0.057143;0.064286;0.071429;0.071429;0.078571;0.085714;0.092857;0.092857;0.100000;0.107143;0.114286;0.121429;0.121429;0.128571;0.135714;0.135714;0.142857;0.150000;0.157143;0.157143;0.157143;0.157143;0.157143;0.157143;0.157143;0.157143;0.164286;0.164286;0.171429;0.171429;0.178571;0.178571;0.178571;0.185714;0.185714;0.192857;0.192857;0.192857;0.200000;0.207143;0.214286
Random,SUT-F,1,22.5,17,28,0.2,0.20987654320987653,168;61;38;165;139;225;170;12;217;190;177;112;91;197;199;19;14;159;20;137;31;191;74;46;166;8;44;171;161;192;175;49;121;98;198;157;140;102;92;68;210;81;156;214;95;178;108;237;75;181,0.000;1.000;1.000;2.000;3.000;3.000;4.000;4.000;4.000;4.500;5.500;6.500;7.500;8.000;8.000;8.500;8.500;9.000;9.000;9.000;9.500;10.500;11.000;11.000;12.000;12.000;12.000;12.000;13.000;13.500;14.500;15.500;16.000;16.000;16.500;17.500;17.500;17.500;17.500;17.500;18.000;19.000;19.000;20.000;20.500;20.500;20.500;20.500;21.500;22.500,0.000000;0.007143;0.007143;0.014286;0.021429;0.021429;0.028571;0.028571;0.028571;0.035714;0.042857;0.050000;0.057143;0.064286;0.064286;0.071429;0.071429;0.078571;0.078571;0.078571;0.085714;0.092857;0.100000;0.100000;0.107143;0.107143;0.107143;0.107143;0.114286;0.121429;0.128571;0.135714;0.142857;0.142857;0.150000;0.157143;0.157143;0.157143;0.157143;0.157143;0.164286;0.171429;0.171429;0.178571;0.185714;0.185714;0.185714;0.185714;0.192857;0.200000
Random,SUT-F,2,21.0,17,25,0.17857142857142858,0.20987654320987653,153;125;134;172;174;183;151;46;78;167;81;136;186;63;233;24;56;135;199;205;1;101;211;42;68;17;49;117;239;112;95;179;38;188;73;59;216;58;169;231;98;184;30;221;89;164;141;35;171;85,1.000;2.000;2.000;2.000;2.500;3.000;4.000;4.000;4.000;5.000;6.000;6.500;7.500;8.500;8.500;8.500;8.500;9.500;9.500;9.500;10.000;11.000;11.000;11.000;11.000;12.000;13.000;13.500;13.500;14.500;15.000;15.500;15.500;15.500;16.500;17.000;17.000;17.000;18.000;18.000;18.000;18.000;18.000;18.000;19.000;19.000;20.000;20.000;20.000;21.000,0.007143;0.014286;0.014286;0.014286;0.021429;0.028571;0.035714;0.035714;0.035714;0.042857;0.050000;0.057143;0.064286;0.071429;0.071429;0.071429;0.071429;0.078571;0.078571;0.078571;0.085714;0.092857;0.092857;0.092857;0.092857;0.100000;0.107143;0.114286;0.114286;0.121429;0.128571;0.135714;0.135714;0.135714;0.142857;0.150000;0.150000;0.150000;0.157143;0.157143;0.157143;0.157143;0.157143;0.157143;0.164286;0.164286;0.171429;0.171429;0.171429;0.178571
Random,SUT-F,3,25.5,19,32,0.22857142857142856,0.2345679012345679,191;36;205;65;145;86;9;231;158;83;180;151;207;141;153;232;112;208;111;214;142;193;103;78;51;134;106;197;79;52;224;47;152;119;31;219;105;71;120;43;32;57;136;117;229;201;203;237;94;107,1.000;1.000;1.000;2.000;3.000;3.500;4.500;4.500;5.500;6.000;6.000;7.000;7.000;8.000;9.000;9.500;10.500;11.000;12.000;13.000;13.000;13.000;14.000;14.000;15.000;15.000;15.000;15.500;16.000;16.000;17.000;17.500;17.500;18.500;19.000;19.000;19.500;20.500;21.000;21.500;21.500;22.500;23.000;23.500;23.500;23.500;23.500;23.500;24.500;25.500,0.007143;0.007143;0.007143;0.014286;0.021429;0.028571;0.035714;0.035714;0.042857;0.050000;0.050000;0.057143;0.057143;0.064286;0.071429;0.078571;0.085714;0.092857;0.100000;0.107143;0.107143;0.107143;0.114286;0.114286;0.121429;0.121429;0.121429;0.128571;0.135714;0.135714;0.142857;0.150000;0.150000;0.157143;0.164286;0.164286;0.171429;0.178571;0.185714;0.192857;0.192857;0.200000;0.207143;0.214286;0.214286;0.214286;0.214286;0.214286;0.221429;0.228571
Random,SUT-F,4,21.0,16,26,0.18571428571428572,0.19753086419753085,193;204;139;36;202;142;183;41;27;18;152;26;65;30;171;74;221;14;46;72;53;128;156;187;136;209;120;42;37;186;215;110;214;197;210;29;58;112;238;211;111;64;63;207;172;228;90;181;174;123,0.000;0.000;1.000;1.000;2.000;2.000;2.500;3.000;4.000;5.000;5.000;5.000;6.000;6.000;6.000;6.500;6.500;6.500;6.500;6.500;7.500;8.500;8.500;9.000;9.500;9.500;10.000;10.000;11.000;12.000;12.000;12.000;13.000;13.500;14.000;15.000;15.000;16.000;16.000;16.000;17.000;17.000;18.000;18.000;18.000;18.500;18.500;19.500;20.000;21.000,0.000000;0.000000;0.007143;0.007143;0.014286;0.014286;0.021429;0.028571;0.035714;0.042857;0.042857;0.042857;0.050000;0.050000;0.050000;0.057143;0.057143;0.057143;0.057143;0.057143;0.064286;0.071429;0.071429;0.078571;0.085714;0.085714;0.092857;0.092857;0.100000;0.107143;0.107143;0.107143;0.114286;0.121429;0.128571;0.135714;0.135714;0.142857;0.142857;0.142857;0.150000;0.150000;0.157143;0.157143;0.157143;0.164286;0.164286;0.171429;0.178571;0.185714
Random,SUT-F,5,21.5,17,26,0.18571428571428572,0.20987654320987653,119;32;61;29;33;196;58;24;145;234;168;45;199;176;173;134;16;120;84;180;96;65;6;190;118;193;75;62;171;227;93;73;1;86;215;233;213;210;80;131;34;239;194;99;138;76;238;219;91;144,1.000;1.000;2.000;3.000;4.000;4.500;4.500;4.500;5.500;6.500;6.500;7.500;7.500;7.500;8.500;8.500;8.500;9.000;9.000;9.000;9.500;10.500;10.500;11.000;11.000;11.000;12.000;13.000;13.000;13.000;14.000;15.000;15.500;16.000;16.000;16.000;16.500;17.000;17.000;17.500;18.500;18.500;19.500;20.500;20.500;20.500;20.500;20.500;21.500;21.500,0.007143;0.007143;0.014286;0.021429;0.028571;0.035714;0.035714;0.035714;0.042857;0.050000;0.050000;0.057143;0.057143;0.057143;0.064286;0.064286;0.064286;0.071429;0.071429;0.071429;0.078571;0.085714;0.085714;0.092857;0.092857;0.092857;0.100000;0.107143;0.107143;0.107143;0.114286;0.121429;0.128571;0.135714;0.135714;0.135714;0.142857;0.150000;0.150000;0.157143;0.164286;0.164286;0.171429;0.178571;0.178571;0.178571;0.178571;0.178571;0.185714;0.185714
Random,SUT-F,6,22.5,15,30,0.21428571428571427,0.18518518518518517,64;190;65;212;175;174;116;136;195;189;133;184;131;139;147;80;95;21;89;144;51;201;96;56;9;216;126;120;85;159;63;153;186;215;155;238;62;44;192;84;214;198;24;110;191;134;12;32;72;77,0.000;0.500;1.500;2.000;3.000;3.500;3.500;4.000;4.000;5.000;5.500;5.500;6.000;7.000;7.500;7.500;8.000;8.500;9.500;9.500;10.500;10.500;11.000;11.000;12.000;12.000;12.000;12.500;13.500;14.000;15.000;16.000;17.000;17.000;17.500;17.500;18.500;18.500;19.000;19.000;20.000;20.500;20.500;20.500;21.500;21.500;21.500;21.500;21.500;22.500,0.000000;0.007143;0.014286;0.021429;0.028571;0.035714;0.035714;0.042857;0.042857;0.050000;0.057143;0.057143;0.064286;0.071429;0.078571;0.078571;0.085714;0.092857;0.100000;0.100000;0.107143;0.107143;0.114286;0.114286;0.121429;0.121429;0.121429;0.128571;0.135714;0.142857;0.150000;0.157143;0.164286;0.164286;0.171429;0.171429;0.178571;0.178571;0.185714;0.185714;0.192857;0.200000;0.200000;0.200000;0.207143;0.207143;0.207143;0.207143;0.207143;0.214286
Random,SUT-F,7,20.5,15,26,0.18571428571428572,0.18518518518518517,95;65;139;88;182;142;102;225;42;44;232;132;1;141;92;217;79;166;194;75;211;159;3;98;97;144;168;143;153;167;118;204;2;207;151;124;51;128;54;137;106;61;0;149;148;226;26;74;11;154,0.500;1.500;2.500;2.500;3.000;3.000;3.000;3.000;3.000;3.000;3.500;3.500;4.000;5.000;5.000;5.000;5.500;6.500;7.500;8.500;8.500;9.000;9.500;9.500;9.500;9.500;9.500;10.500;11.500;12.500;12.500;12.500;13.000;13.000;14.000;14.500;15.500;16.500;16.500;16.500;16.500;17.500;17.500;18.500;18.500;19.500;19.500;20.000;20.000;20.500,0.007143;0.014286;0.021429;0.021429;0.028571;0.028571;0.028571;0.028571;0.028571;0.028571;0.035714;0.035714;0.042857;0.050000;0.050000;0.050000;0.057143;0.064286;0.071429;0.078571;0.078571;0.085714;0.092857;0.092857;0.092857;0.092857;0.092857;0.100000;0.107143;0.114286;0.114286;0.114286;0.121429;0.121429;0.128571;0.135714;0.142857;0.150000;0.150000;0.150000;0.150000;0.157143;0.157143;0.164286;0.164286;0.171429;0.171429;0.178571;0.178571;0.185714
Random,SUT-F,8,20.5,11,30,0.21428571428571427,0.13580246913580246,80;100;23;227;89;171;18;180;160;175;56;104;11;148;50;154;208;226;120;30;63;115;155;218;40;90;26;1;176;197;70;73;213;14;45;66;124;199;48;146;232;43;131;143;182;7;33;137;110;83,0.000;0.000;0.500;0.500;1.500;1.500;2.500;2.500;3.000;4.000;4.000;5.000;5.000;5.000;5.500;6.000;6.500;7.500;8.000;8.000;9.000;9.500;10.000;11.000;11.000;11.000;11.000;11.500;11.500;12.000;12.500;13.500;14.000;14.000;15.000;15.000;15.500;15.500;15.500;15.500;16.000;16.500;17.000;18.000;18.500;19.000;20.000;20.000;20.000;20.500,0.000000;0.000000;0.007143;0.007143;0.014286;0.014286;0.021429;0.021429;0.028571;0.035714;0.035714;0.042857;0.042857;0.042857;0.050000;0.057143;0.064286;0.071429;0.078571;0.078571;0.085714;0.092857;0.100000;0.107143;0.107143;0.107143;0.107143;0.114286;0.114286;0.121429;0.128571;0.135714;0.142857;0.142857;0.150000;0.150000;0.157143;0.157143;0.157143;0.157143;0.164286;0.171429;0.178571;0.185714;0.192857;0.200000;0.207143;0.207143;0.207143;0.214286
Random,SUT-F,9,24.0,18,30,0.21428571428571427,0.2222222222222222,209;170;189;233;224;181;42;17;25;144;223;120;34;215;203;89;6;149;48;111;121;109;183;35;56;157;200;86;95;80;54;112;100;38;208;143;146;194;13;147;188;198;107;164;14;214;191;1;60;197,0.000;1.000;2.000;2.000;3.000;4.000;4.000;5.000;5.500;5.500;5.500;6.000;7.000;7.000;7.000;8.000;8.000;9.000;9.000;10.000;10.500;11.000;11.500;11.500;11.500;12.500;13.500;14.000;14.500;14.500;14.500;15.500;15.500;15.500;16.000;17.000;17.000;18.000;19.000;19.500;19.500;20.000;21.000;21.000;21.000;22.000;23.000;23.500;23.500;24.000,0.000000;0.007143;0.014286;0.014286;0.021429;0.028571;0.028571;0.035714;0.042857;0.042857;0.042857;0.050000;0.057143;0.057143;0.057143;0.064286;0.064286;0.071429;0.071429;0.078571;0.085714;0.092857;0.100000;0.100000;0.100000;0.107143;0.114286;0.121429;0.128571;0.128571;0.128571;0.135714;0.135714;0.135714;0.142857;0.150000;0.150000;0.157143;0.164286;0.171429;0.171429;0.178571;0.185714;0.185714;0.185714;0.192857;0.200000;0.207143;0.207143;0.214286
Random,SUT-F,10,25.5,19,32,0.22857142857142856,0.2345679012345679,197;96;213;165;224;13;67;161;171;41;118;234;168;79;77;221;216;37;239;82;236;129;189;127;51;238;57;201;24;204;34;117;131;47;212;101;132;225;80;190;63;122;183;153;141;149;231;93;73;66,0.500;1.000;1.500;2.500;3.500;4.500;4.500;5.500;5.500;6.000;6.000;7.000;7.000;7.500;8.500;8.500;8.500;9.500;9.500;9.500;10.000;10.500;11.500;12.500;13.500;13.500;14.500;14.500;14.500;14.500;15.500;16.000;16.500;17.000;17.500;18.500;18.500;18.500;18.500;19.000;20.000;20.000;20.500;21.500;22.500;23.500;23.500;24.500;25.500;25.500,0.007143;0.014286;0.021429;0.028571;0.035714;0.042857;0.042857;0.050000;0.050000;0.057143;0.057143;0.064286;0.064286;0.071429;0.078571;0.078571;0.078571;0.085714;0.085714;0.085714;0.092857;0.100000;0.107143;0.114286;0.121429;0.121429;0.128571;0.128571;0.128571;0.128571;0.135714;0.142857;0.150000;0.157143;0.164286;0.171429;0.171429;0.171429;0.171429;0.178571;0.185714;0.185714;0.192857;0.200000;0.207143;0.214286;0.214286;0.221429;0.228571;0.228571
Random,SUT-F,11,21.0,13,29,0.20714285714285716,0.16049382716049382,84;199;210;53;29;57;14;209;79;182;176;47;28;207;164;178;219;3;220;2;232;67;70;222;235;39;125;115;92;38;62;71;26;63;237;212;16;83;1;138;224;139;214;50;82;136;52;102;208;85,0.000;0.000;0.500;1.500;2.500;3.500;3.500;3.500;4.000;4.500;4.500;5.000;5.000;5.000;5.000;5.000;5.000;5.500;6.500;7.000;7.500;7.500;8.000;8.500;8.500;9.500;10.500;11.000;11.000;11.000;12.000;13.000;13.000;14.000;14.000;14.500;14.500;15.000;15.500;15.500;16.500;17.500;18.500;19.000;19.000;19.500;19.500;19.500;20.000;21.000,0.000000;0.000000;0.007143;0.014286;0.021429;0.028571;0.028571;0.028571;0.035714;0.042857;0.042857;0.050000;0.050000;0.050000;0.050000;0.050000;0.050000;0.057143;0.064286;0.071429;0.078571;0.078571;0.085714;0.092857;0.092857;0.100000;0.107143;0.114286;0.114286;0.114286;0.121429;0.128571;0.128571;0.135714;0.135714;0.142857;0.142857;0.150000;0.157143;0.157143;0.164286;0.171429;0.178571;0.185714;0.185714;0.192857;0.192857;0.192857;0.200000;0.207143
Random,SUT-F,12,25.5,19,32,0.22857142857142856,0.2345679012345679,229;148;206;7;152;21;40;153;107;114;224;219;56;44;48;33;167;151;111;72;154;94;121;117;95;140;105;170;30;55;216;182;69;34;198;91;139;143;70;190;203;100;158;75;58;87;89;84;24;214,0.000;0.000;0.500;1.000;1.000;1.500;1.500;2.500;3.500;3.500;4.500;4.500;4.500;4.500;4.500;5.500;6.500;7.500;8.500;8.500;9.000;10.000;10.500;11.000;11.500;11.500;12.000;13.000;13.000;13.500;13.500;14.000;15.000;16.000;16.500;17.500;18.500;19.500;20.000;20.500;20.500;20.500;21.500;22.500;22.500;23.500;24.500;24.500;24.500;25.500,0.000000;0.000000;0.007143;0.014286;0.014286;0.021429;0.021429;0.028571;0.035714;0.035714;0.042857;0.042857;0.042857;0.042857;0.042857;0.050000;0.057143;0.064286;0.071429;0.071429;0.078571;0.085714;0.092857;0.100000;0.107143;0.107143;0.114286;0.121429;0.121429;0.128571;0.128571;0.135714;0.142857;0.150000;0.157143;0.164286;0.171429;0.178571;0.185714;0.192857;0.192857;0.192857;0.200000;0.207143;0.207143;0.214286;0.221429;0.221429;0.221429;0.228571
Random,SUT-F,13,24.0,20,28,0.2,0.24691358024691357,131;107;184;120;93;81;53;20;191;207;234;197;38;32;110;80;12;144;132;52;158;173;91;61;189;155;47;221;13;130;68;46;11;187;86;161;220;235;177;42;101;178;213;149;106;167;76;112;186;211,0.500;1.500;1.500;2.000;3.000;4.000;5.000;5.000;6.000;6.000;7.000;7.500;7.500;7.500;7.500;7.500;7.500;7.500;7.500;7.500;8.500;9.500;10.500;11.500;12.500;13.000;13.500;13.500;14.500;14.500;14.500;14.500;14.500;15.000;15.500;16.500;17.500;17.500;18.500;18.500;19.500;19.500;20.000;21.000;21.000;22.000;22.000;23.000;24.000;24.000,0.007143;0.014286;0.014286;0.021429;0.028571;0.035714;0.042857;0.042857;0.050000;0.050000;0.057143;0.064286;0.064286;0.064286;0.064286;0.064286;0.064286;0.064286;0.064286;0.064286;0.071429;0.078571;0.085714;0.092857;0.100000;0.107143;0.114286;0.114286;0.121429;0.121429;0.121429;0.121429;0.121429;0.128571;0.135714;0.142857;0.150000;0.150000;0.157143;0.157143;0.164286;0.164286;0.171429;0.178571;0.178571;0.185714;0.185714;0.192857;0.200000;0.200000
Random,SUT-F,14,22.0,14,30,0.21428571428571427,0.1728395061728395,69;94;87;132;108;159;15;115;178;208;220;6;123;133;175;25;194;172;197;222;227;205;195;2;171;79;120;184;129;7;104;218;163;58;42;106;100;4;213;209;73;10;191;216;3;150;225;201;134;185,1.000;2.000;3.000;3.000;3.000;3.500;4.500;5.000;5.000;5.500;6.500;6.500;7.500;8.000;9.000;9.500;10.500;10.500;11.000;11.500;11.500;11.500;11.500;12.000;12.000;12.500;13.000;13.000;13.500;14.000;15.000;16.000;17.000;17.000;17.000;17.000;17.000;17.000;17.500;17.500;18.500;19.000;20.000;20.000;20.500;21.000;21.000;21.000;21.000;22.000,0.007143;0.014286;0.021429;0.021429;0.021429;0.028571;0.035714;0.042857;0.042857;0.050000;0.057143;0.057143;0.064286;0.071429;0.078571;0.085714;0.092857;0.092857;0.100000;0.107143;0.107143;0.107143;0.107143;0.114286;0.114286;0.121429;0.128571;0.128571;0.135714;0.142857;0.150000;0.157143;0.164286;0.164286;0.164286;0.164286;0.164286;0.164286;0.171429;0.171429;0.178571;0.185714;0.192857;0.192857;0.200000;0.207143;0.207143;0.207143;0.207143;0.214286
Random,SUT-F,15,29.0,25,33,0.2357142857142857,0.30864197530864196,77;15;82;56;199;98;137;61;7;201;192;236;5;158;13;170;161;198;229;144;34;60;131;18;57;135;121;189;94;9;63;107;152;49;24;148;81;220;128;238;102;185;84;73;213;235;70;149;175;130,1.000;2.000;2.000;2.000;2.000;2.000;2.000;3.000;3.500;3.500;4.000;4.500;5.500;6.500;7.500;8.500;9.500;10.000;10.000;10.000;11.000;11.000;11.500;12.500;13.500;14.500;15.000;16.000;17.000;18.000;19.000;20.000;20.000;21.000;21.000;21.000;22.000;23.000;24.000;24.000;24.000;25.000;25.000;26.000;26.500;26.500;27.000;28.000;29.000;29.000,0.007143;0.014286;0.014286;0.014286;0.014286;0.014286;0.014286;0.021429;0.028571;0.028571;0.035714;0.042857;0.050000;0.057143;0.064286;0.071429;0.078571;0.085714;0.085714;0.085714;0.092857;0.092857;0.100000;0.107143;0.114286;0.121429;0.128571;0.135714;0.142857;0.150000;0.157143;0.164286;0.164286;0.171429;0.171429;0.171429;0.178571;0.185714;0.192857;0.192857;0.192857;0.200000;0.200000;0.207143;0.214286;0.214286;0.221429;0.228571;0.235714;0.235714
Random,SUT-F,16,26.0,20,32,0.22857142857142856,0.24691358024691357,152;185;225;224;90;35;3;208;141;120;151;11;19;176;5;51;105;7;73;30;230;237;27;210;56;98;42;203;62;72;200;179;144;94;0;63;131;107;111;189;162;226;117;216;163;115;89;159;106;99,0.000;1.000;1.000;2.000;2.000;2.000;2.500;3.000;4.000;4.500;5.500;5.500;6.000;6.000;7.000;8.000;8.500;9.000;10.000;10.000;11.000;11.000;12.000;12.500;12.500;12.500;12.500;12.500;13.500;13.500;14.500;15.000;15.000;16.000;16.000;17.000;17.500;18.500;19.500;20.500;20.500;21.500;22.000;22.000;23.000;23.500;24.500;25.000;25.000;26.000,0.000000;0.007143;0.007143;0.014286;0.014286;0.014286;0.021429;0.028571;0.035714;0.042857;0.050000;0.050000;0.057143;0.057143;0.064286;0.071429;0.078571;0.085714;0.092857;0.092857;0.100000;0.100000;0.107143;0.114286;0.114286;0.114286;0.114286;0.114286;0.121429;0.121429;0.128571;0.135714;0.135714;0.142857;0.142857;0.150000;0.157143;0.164286;0.171429;0.178571;0.178571;0.185714;0.192857;0.192857;0.200000;0.207143;0.214286;0.221429;0.221429;0.228571
Random,SUT-F,17,16.0,9,23,0.16428571428571428,0.1111111111111111,210;239;108;58;150;64;207;21;137;142;78;4;37;98;40;26;176;183;134;8;160;187;214;133;115;148;129;189;169;11;140;10;77;5;211;65;180;67;90;1;232;121;25;178;227;35;185;38;217;191,0.500;0.500;0.500;0.500;1.000;1.000;1.000;1.500;1.500;1.500;1.500;1.500;2.500;2.500;2.500;2.500;2.500;3.000;3.000;3.000;3.500;4.000;5.000;5.500;6.000;6.000;6.500;7.500;8.500;8.500;8.500;9.000;10.000;11.000;11.000;12.000;12.000;12.000;12.000;12.500;13.000;13.500;14.000;14.000;14.000;14.000;15.000;15.000;15.000;16.000,0.007143;0.007143;0.007143;0.007143;0.014286;0.014286;0.014286;0.021429;0.021429;0.021429;0.021429;0.021429;0.028571;0.028571;0.028571;0.028571;0.028571;0.035714;0.035714;0.035714;0.042857;0.050000;0.057143;0.064286;0.071429;0.071429;0.078571;0.085714;0.092857;0.092857;0.092857;0.100000;0.107143;0.114286;0.114286;0.121429;0.121429;0.121429;0.121429;0.128571;0.135714;0.142857;0.150000;0.150000;0.150000;0.150000;0.157143;0.157143;0.157143;0.164286
Random,SUT-F,18,22.5,17,28,0.2,0.20987654320987653,141;60;128;213;101;212;219;218;61;179;154;145;174;119;161;24;238;175;237;98;236;58;104;131;67;216;233;2;209;187;129;126;32;13;167;34;37;193;38;116;72;142;224;235;70;227;185;168;65;0,1.000;1.000;2.000;2.500;3.500;4.000;4.000;5.000;6.000;6.500;7.000;8.000;8.500;9.500;10.500;10.500;10.500;11.500;11.500;11.500;12.000;12.000;13.000;13.500;13.500;13.500;13.500;14.000;14.000;14.500;15.000;15.000;15.000;16.000;17.000;18.000;19.000;19.000;19.000;19.000;19.000;19.000;20.000;20.000;20.500;20.500;21.500;21.500;22.500;22.500,0.007143;0.007143;0.014286;0.021429;0.028571;0.035714;0.035714;0.042857;0.050000;0.057143;0.064286;0.071429;0.078571;0.085714;0.092857;0.092857;0.092857;0.100000;0.100000;0.100000;0.107143;0.107143;0.114286;0.121429;0.121429;0.121429;0.121429;0.128571;0.128571;0.135714;0.142857;0.142857;0.142857;0.150000;0.157143;0.164286;0.171429;0.171429;0.171429;0.171429;0.171429;0.171429;0.178571;0.178571;0.185714;0.185714;0.192857;0.192857;0.200000;0.200000
Random,SUT-F,19,20.5,16,25,0.17857142857142858,0.19753086419753085,92;57;220;167;201;130;158;195;53;79;4;214;207;152;27;206;73;0;65;183;122;120;205;98;60;157;163;90;9;229;160;142;72;148;78;95;153;164;71;11;141;168;224;221;215;19;55;44;38;190,0.000;1.000;2.000;3.000;3.000;3.000;4.000;4.000;5.000;5.500;5.500;6.500;6.500;6.500;7.500;8.000;9.000;9.000;10.000;10.500;10.500;11.000;11.000;11.000;11.000;12.000;13.000;13.000;14.000;14.000;14.500;14.500;14.500;14.500;14.500;15.000;16.000;16.000;17.000;17.000;18.000;18.000;19.000;19.000;19.000;19.500;20.000;20.000;20.000;20.500,0.000000;0.007143;0.014286;0.021429;0.021429;0.021429;0.028571;0.028571;0.035714;0.042857;0.042857;0.050000;0.050000;0.050000;0.057143;0.064286;0.071429;0.071429;0.078571;0.085714;0.085714;0.092857;0.092857;0.092857;0.092857;0.100000;0.107143;0.107143;0.114286;0.114286;0.121429;0.121429;0.121429;0.121429;0.121429;0.128571;0.135714;0.135714;0.142857;0.142857;0.150000;0.150000;0.157143;0.157143;0.157143;0.164286;0.171429;0.171429;0.171429;0.178571
