parent,target,method,repeat,context_id,direction,available_changes,queries,discoveries,recall
ppo_release_v0,ppo_release_v1,random,0,S01:regression_bootstrap_confirmation:c0,R,0,5,0,
ppo_release_v0,ppo_release_v1,random,0,S01:regression_bootstrap_confirmation:c1,R,0,1,0,
ppo_release_v0,ppo_release_v1,random,0,S01:regression_bootstrap_confirmation:c2,R,0,4,0,
ppo_release_v0,ppo_release_v1,random,0,S02:regression_bootstrap_confirmation:c0,R,0,0,0,
ppo_release_v0,ppo_release_v1,random,0,S02:regression_bootstrap_confirmation:c1,R,0,3,0,
ppo_release_v0,ppo_release_v1,random,0,S02:regression_bootstrap_confirmation:c2,R,0,0,0,
ppo_release_v0,ppo_release_v1,random,0,S08:regression_bootstrap_confirmation:c0,R,0,3,0,
ppo_release_v0,ppo_release_v1,random,0,S08:regression_bootstrap_confirmation:c1,R,0,3,0,
ppo_release_v0,ppo_release_v1,random,0,S08:regression_bootstrap_confirmation:c2,R,0,1,0,
ppo_release_v0,ppo_release_v1,random,0,S01:regression_bootstrap_confirmation:c0,I,10,5,1,0.1
ppo_release_v0,ppo_release_v1,random,0,S01:regression_bootstrap_confirmation:c1,I,0,0,0,
ppo_release_v0,ppo_release_v1,random,0,S01:regression_bootstrap_confirmation:c2,I,0,0,0,
ppo_release_v0,ppo_release_v1,random,0,S02:regression_bootstrap_confirmation:c0,I,15,8,0,0.0
ppo_release_v0,ppo_release_v1,random,0,S02:regression_bootstrap_confirmation:c1,I,2,0,0,0.0
ppo_release_v0,ppo_release_v1,random,0,S02:regression_bootstrap_confirmation:c2,I,15,7,0,0.0
ppo_release_v0,ppo_release_v1,random,0,S08:regression_bootstrap_confirmation:c0,I,0,0,0,
ppo_release_v0,ppo_release_v1,random,0,S08:regression_bootstrap_confirmation:c1,I,0,0,0,
ppo_release_v0,ppo_release_v1,random,0,S08:regression_bootstrap_confirmation:c2,I,0,0,0,
ppo_release_v0,ppo_release_v1,random,1,S01:regression_bootstrap_confirmation:c0,R,0,2,0,
ppo_release_v0,ppo_release_v1,random,1,S01:regression_bootstrap_confirmation:c1,R,0,2,0,
ppo_release_v0,ppo_release_v1,random,1,S01:regression_bootstrap_confirmation:c2,R,0,3,0,
ppo_release_v0,ppo_release_v1,random,1,S02:regression_bootstrap_confirmation:c0,R,0,0,0,
ppo_release_v0,ppo_release_v1,random,1,S02:regression_bootstrap_confirmation:c1,R,0,4,0,
ppo_release_v0,ppo_release_v1,random,1,S02:regression_bootstrap_confirmation:c2,R,0,0,0,
ppo_release_v0,ppo_release_v1,random,1,S08:regression_bootstrap_confirmation:c0,R,0,5,0,
ppo_release_v0,ppo_release_v1,random,1,S08:regression_bootstrap_confirmation:c1,R,0,2,0,
ppo_release_v0,ppo_release_v1,random,1,S08:regression_bootstrap_confirmation:c2,R,0,2,0,
ppo_release_v0,ppo_release_v1,random,1,S01:regression_bootstrap_confirmation:c0,I,10,2,0,0.0
ppo_release_v0,ppo_release_v1,random,1,S01:regression_bootstrap_confirmation:c1,I,0,0,0,
ppo_release_v0,ppo_release_v1,random,1,S01:regression_bootstrap_confirmation:c2,I,0,0,0,
ppo_release_v0,ppo_release_v1,random,1,S02:regression_bootstrap_confirmation:c0,I,15,3,1,0.06666666666666667
ppo_release_v0,ppo_release_v1,random,1,S02:regression_bootstrap_confirmation:c1,I,2,1,1,0.5
ppo_release_v0,ppo_release_v1,random,1,S02:regression_bootstrap_confirmation:c2,I,15,9,1,0.06666666666666667
ppo_release_v0,ppo_release_v1,random,1,S08:regression_bootstrap_confirmation:c0,I,0,4,0,
ppo_release_v0,ppo_release_v1,random,1,S08:regression_bootstrap_confirmation:c1,I,0,0,0,
ppo_release_v0,ppo_release_v1,random,1,S08:regression_bootstrap_confirmation:c2,I,0,1,0,
ppo_release_v0,ppo_release_v1,random,2,S01:regression_bootstrap_confirmation:c0,R,0,2,0,
ppo_release_v0,ppo_release_v1,random,2,S01:regression_bootstrap_confirmation:c1,R,0,3,0,
ppo_release_v0,ppo_release_v1,random,2,S01:regression_bootstrap_confirmation:c2,R,0,4,0,
ppo_release_v0,ppo_release_v1,random,2,S02:regression_bootstrap_confirmation:c0,R,0,0,0,
ppo_release_v0,ppo_release_v1,random,2,S02:regression_bootstrap_confirmation:c1,R,0,5,0,
ppo_release_v0,ppo_release_v1,random,2,S02:regression_bootstrap_confirmation:c2,R,0,0,0,
ppo_release_v0,ppo_release_v1,random,2,S08:regression_bootstrap_confirmation:c0,R,0,1,0,
ppo_release_v0,ppo_release_v1,random,2,S08:regression_bootstrap_confirmation:c1,R,0,3,0,
ppo_release_v0,ppo_release_v1,random,2,S08:regression_bootstrap_confirmation:c2,R,0,2,0,
ppo_release_v0,ppo_release_v1,random,2,S01:regression_bootstrap_confirmation:c0,I,10,2,0,0.0
ppo_release_v0,ppo_release_v1,random,2,S01:regression_bootstrap_confirmation:c1,I,0,0,0,
ppo_release_v0,ppo_release_v1,random,2,S01:regression_bootstrap_confirmation:c2,I,0,1,0,
ppo_release_v0,ppo_release_v1,random,2,S02:regression_bootstrap_confirmation:c0,I,15,7,1,0.06666666666666667
ppo_release_v0,ppo_release_v1,random,2,S02:regression_bootstrap_confirmation:c1,I,2,0,0,0.0
ppo_release_v0,ppo_release_v1,random,2,S02:regression_bootstrap_confirmation:c2,I,15,5,1,0.06666666666666667
ppo_release_v0,ppo_release_v1,random,2,S08:regression_bootstrap_confirmation:c0,I,0,3,0,
ppo_release_v0,ppo_release_v1,random,2,S08:regression_bootstrap_confirmation:c1,I,0,0,0,
ppo_release_v0,ppo_release_v1,random,2,S08:regression_bootstrap_confirmation:c2,I,0,2,0,
ppo_release_v0,ppo_release_v1,random,3,S01:regression_bootstrap_confirmation:c0,R,0,2,0,
ppo_release_v0,ppo_release_v1,random,3,S01:regression_bootstrap_confirmation:c1,R,0,2,0,
ppo_release_v0,ppo_release_v1,random,3,S01:regression_bootstrap_confirmation:c2,R,0,2,0,
ppo_release_v0,ppo_release_v1,random,3,S02:regression_bootstrap_confirmation:c0,R,0,0,0,
ppo_release_v0,ppo_release_v1,random,3,S02:regression_bootstrap_confirmation:c1,R,0,5,0,
ppo_release_v0,ppo_release_v1,random,3,S02:regression_bootstrap_confirmation:c2,R,0,0,0,
ppo_release_v0,ppo_release_v1,random,3,S08:regression_bootstrap_confirmation:c0,R,0,4,0,
ppo_release_v0,ppo_release_v1,random,3,S08:regression_bootstrap_confirmation:c1,R,0,1,0,
ppo_release_v0,ppo_release_v1,random,3,S08:regression_bootstrap_confirmation:c2,R,0,4,0,
ppo_release_v0,ppo_release_v1,random,3,S01:regression_bootstrap_confirmation:c0,I,10,3,1,0.1
ppo_release_v0,ppo_release_v1,random,3,S01:regression_bootstrap_confirmation:c1,I,0,0,0,
ppo_release_v0,ppo_release_v1,random,3,S01:regression_bootstrap_confirmation:c2,I,0,2,0,
ppo_release_v0,ppo_release_v1,random,3,S02:regression_bootstrap_confirmation:c0,I,15,8,0,0.0
ppo_release_v0,ppo_release_v1,random,3,S02:regression_bootstrap_confirmation:c1,I,2,0,0,0.0
ppo_release_v0,ppo_release_v1,random,3,S02:regression_bootstrap_confirmation:c2,I,15,5,1,0.06666666666666667
ppo_release_v0,ppo_release_v1,random,3,S08:regression_bootstrap_confirmation:c0,I,0,1,0,
ppo_release_v0,ppo_release_v1,random,3,S08:regression_bootstrap_confirmation:c1,I,0,0,0,
ppo_release_v0,ppo_release_v1,random,3,S08:regression_bootstrap_confirmation:c2,I,0,1,0,
ppo_release_v0,ppo_release_v1,random,4,S01:regression_bootstrap_confirmation:c0,R,0,1,0,
ppo_release_v0,ppo_release_v1,random,4,S01:regression_bootstrap_confirmation:c1,R,0,9,0,
ppo_release_v0,ppo_release_v1,random,4,S01:regression_bootstrap_confirmation:c2,R,0,5,0,
ppo_release_v0,ppo_release_v1,random,4,S02:regression_bootstrap_confirmation:c0,R,0,0,0,
ppo_release_v0,ppo_release_v1,random,4,S02:regression_bootstrap_confirmation:c1,R,0,2,0,
ppo_release_v0,ppo_release_v1,random,4,S02:regression_bootstrap_confirmation:c2,R,0,0,0,
ppo_release_v0,ppo_release_v1,random,4,S08:regression_bootstrap_confirmation:c0,R,0,0,0,
ppo_release_v0,ppo_release_v1,random,4,S08:regression_bootstrap_confirmation:c1,R,0,3,0,
ppo_release_v0,ppo_release_v1,random,4,S08:regression_bootstrap_confirmation:c2,R,0,0,0,
ppo_release_v0,ppo_release_v1,random,4,S01:regression_bootstrap_confirmation:c0,I,10,3,1,0.1
ppo_release_v0,ppo_release_v1,random,4,S01:regression_bootstrap_confirmation:c1,I,0,0,0,
ppo_release_v0,ppo_release_v1,random,4,S01:regression_bootstrap_confirmation:c2,I,0,0,0,
ppo_release_v0,ppo_release_v1,random,4,S02:regression_bootstrap_confirmation:c0,I,15,6,1,0.06666666666666667
ppo_release_v0,ppo_release_v1,random,4,S02:regression_bootstrap_confirmation:c1,I,2,1,1,0.5
ppo_release_v0,ppo_release_v1,random,4,S02:regression_bootstrap_confirmation:c2,I,15,6,0,0.0
ppo_release_v0,ppo_release_v1,random,4,S08:regression_bootstrap_confirmation:c0,I,0,4,0,
ppo_release_v0,ppo_release_v1,random,4,S08:regression_bootstrap_confirmation:c1,I,0,0,0,
ppo_release_v0,ppo_release_v1,random,4,S08:regression_bootstrap_confirmation:c2,I,0,0,0,
ppo_release_v0,ppo_release_v1,random,5,S01:regression_bootstrap_confirmation:c0,R,0,1,0,
ppo_release_v0,ppo_release_v1,random,5,S01:regression_bootstrap_confirmation:c1,R,0,1,0,
ppo_release_v0,ppo_release_v1,random,5,S01:regression_bootstrap_confirmation:c2,R,0,4,0,
ppo_release_v0,ppo_release_v1,random,5,S02:regression_bootstrap_confirmation:c0,R,0,0,0,
ppo_release_v0,ppo_release_v1,random,5,S02:regression_bootstrap_confirmation:c1,R,0,4,0,
ppo_release_v0,ppo_release_v1,random,5,S02:regression_bootstrap_confirmation:c2,R,0,0,0,
ppo_release_v0,ppo_release_v1,random,5,S08:regression_bootstrap_confirmation:c0,R,0,1,0,
ppo_release_v0,ppo_release_v1,random,5,S08:regression_bootstrap_confirmation:c1,R,0,5,0,
ppo_release_v0,ppo_release_v1,random,5,S08:regression_bootstrap_confirmation:c2,R,0,4,0,
ppo_release_v0,ppo_release_v1,random,5,S01:regression_bootstrap_confirmation:c0,I,10,5,2,0.2
ppo_release_v0,ppo_release_v1,random,5,S01:regression_bootstrap_confirmation:c1,I,0,0,0,
ppo_release_v0,ppo_release_v1,random,5,S01:regression_bootstrap_confirmation:c2,I,0,4,0,
ppo_release_v0,ppo_release_v1,random,5,S02:regression_bootstrap_confirmation:c0,I,15,5,0,0.0
ppo_release_v0,ppo_release_v1,random,5,S02:regression_bootstrap_confirmation:c1,I,2,0,0,0.0
ppo_release_v0,ppo_release_v1,random,5,S02:regression_bootstrap_confirmation:c2,I,15,3,0,0.0
ppo_release_v0,ppo_release_v1,random,5,S08:regression_bootstrap_confirmation:c0,I,0,2,0,
ppo_release_v0,ppo_release_v1,random,5,S08:regression_bootstrap_confirmation:c1,I,0,0,0,
ppo_release_v0,ppo_release_v1,random,5,S08:regression_bootstrap_confirmation:c2,I,0,1,0,
ppo_release_v0,ppo_release_v1,random,6,S01:regression_bootstrap_confirmation:c0,R,0,1,0,
ppo_release_v0,ppo_release_v1,random,6,S01:regression_bootstrap_confirmation:c1,R,0,3,0,
ppo_release_v0,ppo_release_v1,random,6,S01:regression_bootstrap_confirmation:c2,R,0,0,0,
ppo_release_v0,ppo_release_v1,random,6,S02:regression_bootstrap_confirmation:c0,R,0,0,0,
ppo_release_v0,ppo_release_v1,random,6,S02:regression_bootstrap_confirmation:c1,R,0,6,0,
ppo_release_v0,ppo_release_v1,random,6,S02:regression_bootstrap_confirmation:c2,R,0,0,0,
ppo_release_v0,ppo_release_v1,random,6,S08:regression_bootstrap_confirmation:c0,R,0,1,0,
ppo_release_v0,ppo_release_v1,random,6,S08:regression_bootstrap_confirmation:c1,R,0,5,0,
ppo_release_v0,ppo_release_v1,random,6,S08:regression_bootstrap_confirmation:c2,R,0,4,0,
ppo_release_v0,ppo_release_v1,random,6,S01:regression_bootstrap_confirmation:c0,I,10,1,0,0.0
ppo_release_v0,ppo_release_v1,random,6,S01:regression_bootstrap_confirmation:c1,I,0,0,0,
ppo_release_v0,ppo_release_v1,random,6,S01:regression_bootstrap_confirmation:c2,I,0,0,0,
ppo_release_v0,ppo_release_v1,random,6,S02:regression_bootstrap_confirmation:c0,I,15,6,1,0.06666666666666667
ppo_release_v0,ppo_release_v1,random,6,S02:regression_bootstrap_confirmation:c1,I,2,1,0,0.0
ppo_release_v0,ppo_release_v1,random,6,S02:regression_bootstrap_confirmation:c2,I,15,10,3,0.2
ppo_release_v0,ppo_release_v1,random,6,S08:regression_bootstrap_confirmation:c0,I,0,2,0,
ppo_release_v0,ppo_release_v1,random,6,S08:regression_bootstrap_confirmation:c1,I,0,0,0,
ppo_release_v0,ppo_release_v1,random,6,S08:regression_bootstrap_confirmation:c2,I,0,0,0,
ppo_release_v0,ppo_release_v1,random,7,S01:regression_bootstrap_confirmation:c0,R,0,5,0,
ppo_release_v0,ppo_release_v1,random,7,S01:regression_bootstrap_confirmation:c1,R,0,1,0,
ppo_release_v0,ppo_release_v1,random,7,S01:regression_bootstrap_confirmation:c2,R,0,3,0,
ppo_release_v0,ppo_release_v1,random,7,S02:regression_bootstrap_confirmation:c0,R,0,0,0,
ppo_release_v0,ppo_release_v1,random,7,S02:regression_bootstrap_confirmation:c1,R,0,1,0,
ppo_release_v0,ppo_release_v1,random,7,S02:regression_bootstrap_confirmation:c2,R,0,0,0,
ppo_release_v0,ppo_release_v1,random,7,S08:regression_bootstrap_confirmation:c0,R,0,0,0,
ppo_release_v0,ppo_release_v1,random,7,S08:regression_bootstrap_confirmation:c1,R,0,2,0,
ppo_release_v0,ppo_release_v1,random,7,S08:regression_bootstrap_confirmation:c2,R,0,8,0,
ppo_release_v0,ppo_release_v1,random,7,S01:regression_bootstrap_confirmation:c0,I,10,3,1,0.1
ppo_release_v0,ppo_release_v1,random,7,S01:regression_bootstrap_confirmation:c1,I,0,0,0,
ppo_release_v0,ppo_release_v1,random,7,S01:regression_bootstrap_confirmation:c2,I,0,2,0,
ppo_release_v0,ppo_release_v1,random,7,S02:regression_bootstrap_confirmation:c0,I,15,4,1,0.06666666666666667
ppo_release_v0,ppo_release_v1,random,7,S02:regression_bootstrap_confirmation:c1,I,2,0,0,0.0
ppo_release_v0,ppo_release_v1,random,7,S02:regression_bootstrap_confirmation:c2,I,15,10,0,0.0
ppo_release_v0,ppo_release_v1,random,7,S08:regression_bootstrap_confirmation:c0,I,0,1,0,
ppo_release_v0,ppo_release_v1,random,7,S08:regression_bootstrap_confirmation:c1,I,0,0,0,
ppo_release_v0,ppo_release_v1,random,7,S08:regression_bootstrap_confirmation:c2,I,0,0,0,
ppo_release_v0,ppo_release_v1,random,8,S01:regression_bootstrap_confirmation:c0,R,0,4,0,
ppo_release_v0,ppo_release_v1,random,8,S01:regression_bootstrap_confirmation:c1,R,0,3,0,
ppo_release_v0,ppo_release_v1,random,8,S01:regression_bootstrap_confirmation:c2,R,0,2,0,
ppo_release_v0,ppo_release_v1,random,8,S02:regression_bootstrap_confirmation:c0,R,0,0,0,
ppo_release_v0,ppo_release_v1,random,8,S02:regression_bootstrap_confirmation:c1,R,0,1,0,
ppo_release_v0,ppo_release_v1,random,8,S02:regression_bootstrap_confirmation:c2,R,0,0,0,
ppo_release_v0,ppo_release_v1,random,8,S08:regression_bootstrap_confirmation:c0,R,0,6,0,
ppo_release_v0,ppo_release_v1,random,8,S08:regression_bootstrap_confirmation:c1,R,0,4,0,
ppo_release_v0,ppo_release_v1,random,8,S08:regression_bootstrap_confirmation:c2,R,0,0,0,
ppo_release_v0,ppo_release_v1,random,8,S01:regression_bootstrap_confirmation:c0,I,10,1,1,0.1
ppo_release_v0,ppo_release_v1,random,8,S01:regression_bootstrap_confirmation:c1,I,0,0,0,
ppo_release_v0,ppo_release_v1,random,8,S01:regression_bootstrap_confirmation:c2,I,0,0,0,
ppo_release_v0,ppo_release_v1,random,8,S02:regression_bootstrap_confirmation:c0,I,15,5,1,0.06666666666666667
ppo_release_v0,ppo_release_v1,random,8,S02:regression_bootstrap_confirmation:c1,I,2,1,0,0.0
ppo_release_v0,ppo_release_v1,random,8,S02:regression_bootstrap_confirmation:c2,I,15,8,0,0.0
ppo_release_v0,ppo_release_v1,random,8,S08:regression_bootstrap_confirmation:c0,I,0,3,0,
ppo_release_v0,ppo_release_v1,random,8,S08:regression_bootstrap_confirmation:c1,I,0,0,0,
ppo_release_v0,ppo_release_v1,random,8,S08:regression_bootstrap_confirmation:c2,I,0,2,0,
ppo_release_v0,ppo_release_v1,random,9,S01:regression_bootstrap_confirmation:c0,R,0,3,0,
ppo_release_v0,ppo_release_v1,random,9,S01:regression_bootstrap_confirmation:c1,R,0,2,0,
ppo_release_v0,ppo_release_v1,random,9,S01:regression_bootstrap_confirmation:c2,R,0,3,0,
ppo_release_v0,ppo_release_v1,random,9,S02:regression_bootstrap_confirmation:c0,R,0,0,0,
ppo_release_v0,ppo_release_v1,random,9,S02:regression_bootstrap_confirmation:c1,R,0,2,0,
ppo_release_v0,ppo_release_v1,random,9,S02:regression_bootstrap_confirmation:c2,R,0,0,0,
ppo_release_v0,ppo_release_v1,random,9,S08:regression_bootstrap_confirmation:c0,R,0,4,0,
ppo_release_v0,ppo_release_v1,random,9,S08:regression_bootstrap_confirmation:c1,R,0,2,0,
ppo_release_v0,ppo_release_v1,random,9,S08:regression_bootstrap_confirmation:c2,R,0,4,0,
ppo_release_v0,ppo_release_v1,random,9,S01:regression_bootstrap_confirmation:c0,I,10,1,0,0.0
ppo_release_v0,ppo_release_v1,random,9,S01:regression_bootstrap_confirmation:c1,I,0,0,0,
ppo_release_v0,ppo_release_v1,random,9,S01:regression_bootstrap_confirmation:c2,I,0,2,0,
ppo_release_v0,ppo_release_v1,random,9,S02:regression_bootstrap_confirmation:c0,I,15,6,1,0.06666666666666667
ppo_release_v0,ppo_release_v1,random,9,S02:regression_bootstrap_confirmation:c1,I,2,0,0,0.0
ppo_release_v0,ppo_release_v1,random,9,S02:regression_bootstrap_confirmation:c2,I,15,8,3,0.2
ppo_release_v0,ppo_release_v1,random,9,S08:regression_bootstrap_confirmation:c0,I,0,3,0,
ppo_release_v0,ppo_release_v1,random,9,S08:regression_bootstrap_confirmation:c1,I,0,0,0,
ppo_release_v0,ppo_release_v1,random,9,S08:regression_bootstrap_confirmation:c2,I,0,0,0,
ppo_release_v0,ppo_release_v1,static_risk,0,S01:regression_bootstrap_confirmation:c0,R,0,9,0,
ppo_release_v0,ppo_release_v1,static_risk,0,S01:regression_bootstrap_confirmation:c1,R,0,0,0,
ppo_release_v0,ppo_release_v1,static_risk,0,S01:regression_bootstrap_confirmation:c2,R,0,0,0,
ppo_release_v0,ppo_release_v1,static_risk,0,S02:regression_bootstrap_confirmation:c0,R,0,0,0,
ppo_release_v0,ppo_release_v1,static_risk,0,S02:regression_bootstrap_confirmation:c1,R,0,0,0,
ppo_release_v0,ppo_release_v1,static_risk,0,S02:regression_bootstrap_confirmation:c2,R,0,0,0,
ppo_release_v0,ppo_release_v1,static_risk,0,S08:regression_bootstrap_confirmation:c0,R,0,11,0,
ppo_release_v0,ppo_release_v1,static_risk,0,S08:regression_bootstrap_confirmation:c1,R,0,0,0,
ppo_release_v0,ppo_release_v1,static_risk,0,S08:regression_bootstrap_confirmation:c2,R,0,0,0,
ppo_release_v0,ppo_release_v1,static_risk,0,S01:regression_bootstrap_confirmation:c0,I,10,5,0,0.0
ppo_release_v0,ppo_release_v1,static_risk,0,S01:regression_bootstrap_confirmation:c1,I,0,0,0,
ppo_release_v0,ppo_release_v1,static_risk,0,S01:regression_bootstrap_confirmation:c2,I,0,0,0,
ppo_release_v0,ppo_release_v1,static_risk,0,S02:regression_bootstrap_confirmation:c0,I,15,0,0,0.0
ppo_release_v0,ppo_release_v1,static_risk,0,S02:regression_bootstrap_confirmation:c1,I,2,4,1,0.5
ppo_release_v0,ppo_release_v1,static_risk,0,S02:regression_bootstrap_confirmation:c2,I,15,0,0,0.0
ppo_release_v0,ppo_release_v1,static_risk,0,S08:regression_bootstrap_confirmation:c0,I,0,11,0,
ppo_release_v0,ppo_release_v1,static_risk,0,S08:regression_bootstrap_confirmation:c1,I,0,0,0,
ppo_release_v0,ppo_release_v1,static_risk,0,S08:regression_bootstrap_confirmation:c2,I,0,0,0,
ppo_release_v0,ppo_release_v1,static_boundary,0,S01:regression_bootstrap_confirmation:c0,R,0,6,0,
ppo_release_v0,ppo_release_v1,static_boundary,0,S01:regression_bootstrap_confirmation:c1,R,0,0,0,
ppo_release_v0,ppo_release_v1,static_boundary,0,S01:regression_bootstrap_confirmation:c2,R,0,4,0,
ppo_release_v0,ppo_release_v1,static_boundary,0,S02:regression_bootstrap_confirmation:c0,R,0,0,0,
ppo_release_v0,ppo_release_v1,static_boundary,0,S02:regression_bootstrap_confirmation:c1,R,0,2,0,
ppo_release_v0,ppo_release_v1,static_boundary,0,S02:regression_bootstrap_confirmation:c2,R,0,0,0,
ppo_release_v0,ppo_release_v1,static_boundary,0,S08:regression_bootstrap_confirmation:c0,R,0,4,0,
ppo_release_v0,ppo_release_v1,static_boundary,0,S08:regression_bootstrap_confirmation:c1,R,0,0,0,
ppo_release_v0,ppo_release_v1,static_boundary,0,S08:regression_bootstrap_confirmation:c2,R,0,4,0,
ppo_release_v0,ppo_release_v1,static_boundary,0,S01:regression_bootstrap_confirmation:c0,I,10,6,5,0.5
ppo_release_v0,ppo_release_v1,static_boundary,0,S01:regression_bootstrap_confirmation:c1,I,0,0,0,
ppo_release_v0,ppo_release_v1,static_boundary,0,S01:regression_bootstrap_confirmation:c2,I,0,4,0,
ppo_release_v0,ppo_release_v1,static_boundary,0,S02:regression_bootstrap_confirmation:c0,I,15,0,0,0.0
ppo_release_v0,ppo_release_v1,static_boundary,0,S02:regression_bootstrap_confirmation:c1,I,2,2,1,0.5
ppo_release_v0,ppo_release_v1,static_boundary,0,S02:regression_bootstrap_confirmation:c2,I,15,0,0,0.0
ppo_release_v0,ppo_release_v1,static_boundary,0,S08:regression_bootstrap_confirmation:c0,I,0,4,0,
ppo_release_v0,ppo_release_v1,static_boundary,0,S08:regression_bootstrap_confirmation:c1,I,0,0,0,
ppo_release_v0,ppo_release_v1,static_boundary,0,S08:regression_bootstrap_confirmation:c2,I,0,4,0,
ppo_release_v0,ppo_release_v1,center_residual,0,S01:regression_bootstrap_confirmation:c0,R,0,9,0,
ppo_release_v0,ppo_release_v1,center_residual,0,S01:regression_bootstrap_confirmation:c1,R,0,0,0,
ppo_release_v0,ppo_release_v1,center_residual,0,S01:regression_bootstrap_confirmation:c2,R,0,0,0,
ppo_release_v0,ppo_release_v1,center_residual,0,S02:regression_bootstrap_confirmation:c0,R,0,0,0,
ppo_release_v0,ppo_release_v1,center_residual,0,S02:regression_bootstrap_confirmation:c1,R,0,0,0,
ppo_release_v0,ppo_release_v1,center_residual,0,S02:regression_bootstrap_confirmation:c2,R,0,0,0,
ppo_release_v0,ppo_release_v1,center_residual,0,S08:regression_bootstrap_confirmation:c0,R,0,11,0,
ppo_release_v0,ppo_release_v1,center_residual,0,S08:regression_bootstrap_confirmation:c1,R,0,0,0,
ppo_release_v0,ppo_release_v1,center_residual,0,S08:regression_bootstrap_confirmation:c2,R,0,0,0,
ppo_release_v0,ppo_release_v1,center_residual,0,S01:regression_bootstrap_confirmation:c0,I,10,0,0,0.0
ppo_release_v0,ppo_release_v1,center_residual,0,S01:regression_bootstrap_confirmation:c1,I,0,0,0,
ppo_release_v0,ppo_release_v1,center_residual,0,S01:regression_bootstrap_confirmation:c2,I,0,0,0,
ppo_release_v0,ppo_release_v1,center_residual,0,S02:regression_bootstrap_confirmation:c0,I,15,0,0,0.0
ppo_release_v0,ppo_release_v1,center_residual,0,S02:regression_bootstrap_confirmation:c1,I,2,4,1,0.5
ppo_release_v0,ppo_release_v1,center_residual,0,S02:regression_bootstrap_confirmation:c2,I,15,0,0,0.0
ppo_release_v0,ppo_release_v1,center_residual,0,S08:regression_bootstrap_confirmation:c0,I,0,8,0,
ppo_release_v0,ppo_release_v1,center_residual,0,S08:regression_bootstrap_confirmation:c1,I,0,0,0,
ppo_release_v0,ppo_release_v1,center_residual,0,S08:regression_bootstrap_confirmation:c2,I,0,8,0,
ppo_release_v0,ppo_release_v1,coordinate_residual,0,S01:regression_bootstrap_confirmation:c0,R,0,10,0,
ppo_release_v0,ppo_release_v1,coordinate_residual,0,S01:regression_bootstrap_confirmation:c1,R,0,0,0,
ppo_release_v0,ppo_release_v1,coordinate_residual,0,S01:regression_bootstrap_confirmation:c2,R,0,0,0,
ppo_release_v0,ppo_release_v1,coordinate_residual,0,S02:regression_bootstrap_confirmation:c0,R,0,0,0,
ppo_release_v0,ppo_release_v1,coordinate_residual,0,S02:regression_bootstrap_confirmation:c1,R,0,0,0,
ppo_release_v0,ppo_release_v1,coordinate_residual,0,S02:regression_bootstrap_confirmation:c2,R,0,0,0,
ppo_release_v0,ppo_release_v1,coordinate_residual,0,S08:regression_bootstrap_confirmation:c0,R,0,10,0,
ppo_release_v0,ppo_release_v1,coordinate_residual,0,S08:regression_bootstrap_confirmation:c1,R,0,0,0,
ppo_release_v0,ppo_release_v1,coordinate_residual,0,S08:regression_bootstrap_confirmation:c2,R,0,0,0,
ppo_release_v0,ppo_release_v1,coordinate_residual,0,S01:regression_bootstrap_confirmation:c0,I,10,0,0,0.0
ppo_release_v0,ppo_release_v1,coordinate_residual,0,S01:regression_bootstrap_confirmation:c1,I,0,0,0,
ppo_release_v0,ppo_release_v1,coordinate_residual,0,S01:regression_bootstrap_confirmation:c2,I,0,0,0,
ppo_release_v0,ppo_release_v1,coordinate_residual,0,S02:regression_bootstrap_confirmation:c0,I,15,0,0,0.0
ppo_release_v0,ppo_release_v1,coordinate_residual,0,S02:regression_bootstrap_confirmation:c1,I,2,4,1,0.5
ppo_release_v0,ppo_release_v1,coordinate_residual,0,S02:regression_bootstrap_confirmation:c2,I,15,0,0,0.0
ppo_release_v0,ppo_release_v1,coordinate_residual,0,S08:regression_bootstrap_confirmation:c0,I,0,5,0,
ppo_release_v0,ppo_release_v1,coordinate_residual,0,S08:regression_bootstrap_confirmation:c1,I,0,0,0,
ppo_release_v0,ppo_release_v1,coordinate_residual,0,S08:regression_bootstrap_confirmation:c2,I,0,11,0,
ppo_release_v0,ppo_release_v1,target_only,0,S01:regression_bootstrap_confirmation:c0,R,0,5,0,
ppo_release_v0,ppo_release_v1,target_only,0,S01:regression_bootstrap_confirmation:c1,R,0,5,0,
ppo_release_v0,ppo_release_v1,target_only,0,S01:regression_bootstrap_confirmation:c2,R,0,1,0,
ppo_release_v0,ppo_release_v1,target_only,0,S02:regression_bootstrap_confirmation:c0,R,0,0,0,
ppo_release_v0,ppo_release_v1,target_only,0,S02:regression_bootstrap_confirmation:c1,R,0,2,0,
ppo_release_v0,ppo_release_v1,target_only,0,S02:regression_bootstrap_confirmation:c2,R,0,0,0,
ppo_release_v0,ppo_release_v1,target_only,0,S08:regression_bootstrap_confirmation:c0,R,0,3,0,
ppo_release_v0,ppo_release_v1,target_only,0,S08:regression_bootstrap_confirmation:c1,R,0,3,0,
ppo_release_v0,ppo_release_v1,target_only,0,S08:regression_bootstrap_confirmation:c2,R,0,1,0,
ppo_release_v0,ppo_release_v1,target_only,0,S01:regression_bootstrap_confirmation:c0,I,10,1,0,0.0
ppo_release_v0,ppo_release_v1,target_only,0,S01:regression_bootstrap_confirmation:c1,I,0,0,0,
ppo_release_v0,ppo_release_v1,target_only,0,S01:regression_bootstrap_confirmation:c2,I,0,3,0,
ppo_release_v0,ppo_release_v1,target_only,0,S02:regression_bootstrap_confirmation:c0,I,15,9,2,0.13333333333333333
ppo_release_v0,ppo_release_v1,target_only,0,S02:regression_bootstrap_confirmation:c1,I,2,1,0,0.0
ppo_release_v0,ppo_release_v1,target_only,0,S02:regression_bootstrap_confirmation:c2,I,15,5,0,0.0
ppo_release_v0,ppo_release_v1,target_only,0,S08:regression_bootstrap_confirmation:c0,I,0,0,0,
ppo_release_v0,ppo_release_v1,target_only,0,S08:regression_bootstrap_confirmation:c1,I,0,0,0,
ppo_release_v0,ppo_release_v1,target_only,0,S08:regression_bootstrap_confirmation:c2,I,0,1,0,
ppo_release_v0,ppo_release_v1,directed_residual,0,S01:regression_bootstrap_confirmation:c0,R,0,11,0,
ppo_release_v0,ppo_release_v1,directed_residual,0,S01:regression_bootstrap_confirmation:c1,R,0,0,0,
ppo_release_v0,ppo_release_v1,directed_residual,0,S01:regression_bootstrap_confirmation:c2,R,0,0,0,
ppo_release_v0,ppo_release_v1,directed_residual,0,S02:regression_bootstrap_confirmation:c0,R,0,0,0,
ppo_release_v0,ppo_release_v1,directed_residual,0,S02:regression_bootstrap_confirmation:c1,R,0,0,0,
ppo_release_v0,ppo_release_v1,directed_residual,0,S02:regression_bootstrap_confirmation:c2,R,0,0,0,
ppo_release_v0,ppo_release_v1,directed_residual,0,S08:regression_bootstrap_confirmation:c0,R,0,9,0,
ppo_release_v0,ppo_release_v1,directed_residual,0,S08:regression_bootstrap_confirmation:c1,R,0,0,0,
ppo_release_v0,ppo_release_v1,directed_residual,0,S08:regression_bootstrap_confirmation:c2,R,0,0,0,
ppo_release_v0,ppo_release_v1,directed_residual,0,S01:regression_bootstrap_confirmation:c0,I,10,0,0,0.0
ppo_release_v0,ppo_release_v1,directed_residual,0,S01:regression_bootstrap_confirmation:c1,I,0,0,0,
ppo_release_v0,ppo_release_v1,directed_residual,0,S01:regression_bootstrap_confirmation:c2,I,0,0,0,
ppo_release_v0,ppo_release_v1,directed_residual,0,S02:regression_bootstrap_confirmation:c0,I,15,0,0,0.0
ppo_release_v0,ppo_release_v1,directed_residual,0,S02:regression_bootstrap_confirmation:c1,I,2,4,1,0.5
ppo_release_v0,ppo_release_v1,directed_residual,0,S02:regression_bootstrap_confirmation:c2,I,15,0,0,0.0
ppo_release_v0,ppo_release_v1,directed_residual,0,S08:regression_bootstrap_confirmation:c0,I,0,7,0,
ppo_release_v0,ppo_release_v1,directed_residual,0,S08:regression_bootstrap_confirmation:c1,I,0,0,0,
ppo_release_v0,ppo_release_v1,directed_residual,0,S08:regression_bootstrap_confirmation:c2,I,0,9,0,
ppo_release_v0,ppo_release_v1,directed_context_laplace,0,S01:regression_bootstrap_confirmation:c0,R,0,9,0,
ppo_release_v0,ppo_release_v1,directed_context_laplace,0,S01:regression_bootstrap_confirmation:c1,R,0,0,0,
ppo_release_v0,ppo_release_v1,directed_context_laplace,0,S01:regression_bootstrap_confirmation:c2,R,0,0,0,
ppo_release_v0,ppo_release_v1,directed_context_laplace,0,S02:regression_bootstrap_confirmation:c0,R,0,0,0,
ppo_release_v0,ppo_release_v1,directed_context_laplace,0,S02:regression_bootstrap_confirmation:c1,R,0,0,0,
ppo_release_v0,ppo_release_v1,directed_context_laplace,0,S02:regression_bootstrap_confirmation:c2,R,0,0,0,
ppo_release_v0,ppo_release_v1,directed_context_laplace,0,S08:regression_bootstrap_confirmation:c0,R,0,11,0,
ppo_release_v0,ppo_release_v1,directed_context_laplace,0,S08:regression_bootstrap_confirmation:c1,R,0,0,0,
ppo_release_v0,ppo_release_v1,directed_context_laplace,0,S08:regression_bootstrap_confirmation:c2,R,0,0,0,
ppo_release_v0,ppo_release_v1,directed_context_laplace,0,S01:regression_bootstrap_confirmation:c0,I,10,5,3,0.3
ppo_release_v0,ppo_release_v1,directed_context_laplace,0,S01:regression_bootstrap_confirmation:c1,I,0,0,0,
ppo_release_v0,ppo_release_v1,directed_context_laplace,0,S01:regression_bootstrap_confirmation:c2,I,0,0,0,
ppo_release_v0,ppo_release_v1,directed_context_laplace,0,S02:regression_bootstrap_confirmation:c0,I,15,0,0,0.0
ppo_release_v0,ppo_release_v1,directed_context_laplace,0,S02:regression_bootstrap_confirmation:c1,I,2,1,0,0.0
ppo_release_v0,ppo_release_v1,directed_context_laplace,0,S02:regression_bootstrap_confirmation:c2,I,15,0,0,0.0
ppo_release_v0,ppo_release_v1,directed_context_laplace,0,S08:regression_bootstrap_confirmation:c0,I,0,14,0,
ppo_release_v0,ppo_release_v1,directed_context_laplace,0,S08:regression_bootstrap_confirmation:c1,I,0,0,0,
ppo_release_v0,ppo_release_v1,directed_context_laplace,0,S08:regression_bootstrap_confirmation:c2,I,0,0,0,
ppo_release_v0,ppo_release_v1,directed_context_ucb,0,S01:regression_bootstrap_confirmation:c0,R,0,7,0,
ppo_release_v0,ppo_release_v1,directed_context_ucb,0,S01:regression_bootstrap_confirmation:c1,R,0,0,0,
ppo_release_v0,ppo_release_v1,directed_context_ucb,0,S01:regression_bootstrap_confirmation:c2,R,0,1,0,
ppo_release_v0,ppo_release_v1,directed_context_ucb,0,S02:regression_bootstrap_confirmation:c0,R,0,0,0,
ppo_release_v0,ppo_release_v1,directed_context_ucb,0,S02:regression_bootstrap_confirmation:c1,R,0,1,0,
ppo_release_v0,ppo_release_v1,directed_context_ucb,0,S02:regression_bootstrap_confirmation:c2,R,0,0,0,
ppo_release_v0,ppo_release_v1,directed_context_ucb,0,S08:regression_bootstrap_confirmation:c0,R,0,11,0,
ppo_release_v0,ppo_release_v1,directed_context_ucb,0,S08:regression_bootstrap_confirmation:c1,R,0,0,0,
ppo_release_v0,ppo_release_v1,directed_context_ucb,0,S08:regression_bootstrap_confirmation:c2,R,0,0,0,
ppo_release_v0,ppo_release_v1,directed_context_ucb,0,S01:regression_bootstrap_confirmation:c0,I,10,11,9,0.9
ppo_release_v0,ppo_release_v1,directed_context_ucb,0,S01:regression_bootstrap_confirmation:c1,I,0,0,0,
ppo_release_v0,ppo_release_v1,directed_context_ucb,0,S01:regression_bootstrap_confirmation:c2,I,0,0,0,
ppo_release_v0,ppo_release_v1,directed_context_ucb,0,S02:regression_bootstrap_confirmation:c0,I,15,0,0,0.0
ppo_release_v0,ppo_release_v1,directed_context_ucb,0,S02:regression_bootstrap_confirmation:c1,I,2,1,0,0.0
ppo_release_v0,ppo_release_v1,directed_context_ucb,0,S02:regression_bootstrap_confirmation:c2,I,15,0,0,0.0
ppo_release_v0,ppo_release_v1,directed_context_ucb,0,S08:regression_bootstrap_confirmation:c0,I,0,8,0,
ppo_release_v0,ppo_release_v1,directed_context_ucb,0,S08:regression_bootstrap_confirmation:c1,I,0,0,0,
ppo_release_v0,ppo_release_v1,directed_context_ucb,0,S08:regression_bootstrap_confirmation:c2,I,0,0,0,
ppo_release_v0,ppo_release_v1,coordinate_context_ucb_pure,0,S01:regression_bootstrap_confirmation:c0,R,0,5,0,
ppo_release_v0,ppo_release_v1,coordinate_context_ucb_pure,0,S01:regression_bootstrap_confirmation:c1,R,0,0,0,
ppo_release_v0,ppo_release_v1,coordinate_context_ucb_pure,0,S01:regression_bootstrap_confirmation:c2,R,0,2,0,
ppo_release_v0,ppo_release_v1,coordinate_context_ucb_pure,0,S02:regression_bootstrap_confirmation:c0,R,0,0,0,
ppo_release_v0,ppo_release_v1,coordinate_context_ucb_pure,0,S02:regression_bootstrap_confirmation:c1,R,0,3,0,
ppo_release_v0,ppo_release_v1,coordinate_context_ucb_pure,0,S02:regression_bootstrap_confirmation:c2,R,0,0,0,
ppo_release_v0,ppo_release_v1,coordinate_context_ucb_pure,0,S08:regression_bootstrap_confirmation:c0,R,0,8,0,
ppo_release_v0,ppo_release_v1,coordinate_context_ucb_pure,0,S08:regression_bootstrap_confirmation:c1,R,0,0,0,
ppo_release_v0,ppo_release_v1,coordinate_context_ucb_pure,0,S08:regression_bootstrap_confirmation:c2,R,0,2,0,
ppo_release_v0,ppo_release_v1,coordinate_context_ucb_pure,0,S01:regression_bootstrap_confirmation:c0,I,10,13,8,0.8
ppo_release_v0,ppo_release_v1,coordinate_context_ucb_pure,0,S01:regression_bootstrap_confirmation:c1,I,0,0,0,
ppo_release_v0,ppo_release_v1,coordinate_context_ucb_pure,0,S01:regression_bootstrap_confirmation:c2,I,0,0,0,
ppo_release_v0,ppo_release_v1,coordinate_context_ucb_pure,0,S02:regression_bootstrap_confirmation:c0,I,15,0,0,0.0
ppo_release_v0,ppo_release_v1,coordinate_context_ucb_pure,0,S02:regression_bootstrap_confirmation:c1,I,2,2,0,0.0
ppo_release_v0,ppo_release_v1,coordinate_context_ucb_pure,0,S02:regression_bootstrap_confirmation:c2,I,15,0,0,0.0
ppo_release_v0,ppo_release_v1,coordinate_context_ucb_pure,0,S08:regression_bootstrap_confirmation:c0,I,0,4,0,
ppo_release_v0,ppo_release_v1,coordinate_context_ucb_pure,0,S08:regression_bootstrap_confirmation:c1,I,0,0,0,
ppo_release_v0,ppo_release_v1,coordinate_context_ucb_pure,0,S08:regression_bootstrap_confirmation:c2,I,0,1,0,
ppo_release_v0,ppo_release_v1,directed_context_ucb_pure,0,S01:regression_bootstrap_confirmation:c0,R,0,6,0,
ppo_release_v0,ppo_release_v1,directed_context_ucb_pure,0,S01:regression_bootstrap_confirmation:c1,R,0,0,0,
ppo_release_v0,ppo_release_v1,directed_context_ucb_pure,0,S01:regression_bootstrap_confirmation:c2,R,0,2,0,
ppo_release_v0,ppo_release_v1,directed_context_ucb_pure,0,S02:regression_bootstrap_confirmation:c0,R,0,0,0,
ppo_release_v0,ppo_release_v1,directed_context_ucb_pure,0,S02:regression_bootstrap_confirmation:c1,R,0,3,0,
ppo_release_v0,ppo_release_v1,directed_context_ucb_pure,0,S02:regression_bootstrap_confirmation:c2,R,0,0,0,
ppo_release_v0,ppo_release_v1,directed_context_ucb_pure,0,S08:regression_bootstrap_confirmation:c0,R,0,7,0,
ppo_release_v0,ppo_release_v1,directed_context_ucb_pure,0,S08:regression_bootstrap_confirmation:c1,R,0,0,0,
ppo_release_v0,ppo_release_v1,directed_context_ucb_pure,0,S08:regression_bootstrap_confirmation:c2,R,0,2,0,
ppo_release_v0,ppo_release_v1,directed_context_ucb_pure,0,S01:regression_bootstrap_confirmation:c0,I,10,15,9,0.9
ppo_release_v0,ppo_release_v1,directed_context_ucb_pure,0,S01:regression_bootstrap_confirmation:c1,I,0,0,0,
ppo_release_v0,ppo_release_v1,directed_context_ucb_pure,0,S01:regression_bootstrap_confirmation:c2,I,0,0,0,
ppo_release_v0,ppo_release_v1,directed_context_ucb_pure,0,S02:regression_bootstrap_confirmation:c0,I,15,0,0,0.0
ppo_release_v0,ppo_release_v1,directed_context_ucb_pure,0,S02:regression_bootstrap_confirmation:c1,I,2,1,0,0.0
ppo_release_v0,ppo_release_v1,directed_context_ucb_pure,0,S02:regression_bootstrap_confirmation:c2,I,15,0,0,0.0
ppo_release_v0,ppo_release_v1,directed_context_ucb_pure,0,S08:regression_bootstrap_confirmation:c0,I,0,4,0,
ppo_release_v0,ppo_release_v1,directed_context_ucb_pure,0,S08:regression_bootstrap_confirmation:c1,I,0,0,0,
ppo_release_v0,ppo_release_v1,directed_context_ucb_pure,0,S08:regression_bootstrap_confirmation:c2,I,0,0,0,
ppo_release_v0,ppo_release_v1,directed_context_ucb_loose,0,S01:regression_bootstrap_confirmation:c0,R,0,4,0,
ppo_release_v0,ppo_release_v1,directed_context_ucb_loose,0,S01:regression_bootstrap_confirmation:c1,R,0,0,0,
ppo_release_v0,ppo_release_v1,directed_context_ucb_loose,0,S01:regression_bootstrap_confirmation:c2,R,0,2,0,
ppo_release_v0,ppo_release_v1,directed_context_ucb_loose,0,S02:regression_bootstrap_confirmation:c0,R,0,0,0,
ppo_release_v0,ppo_release_v1,directed_context_ucb_loose,0,S02:regression_bootstrap_confirmation:c1,R,0,3,0,
ppo_release_v0,ppo_release_v1,directed_context_ucb_loose,0,S02:regression_bootstrap_confirmation:c2,R,0,0,0,
ppo_release_v0,ppo_release_v1,directed_context_ucb_loose,0,S08:regression_bootstrap_confirmation:c0,R,0,8,0,
ppo_release_v0,ppo_release_v1,directed_context_ucb_loose,0,S08:regression_bootstrap_confirmation:c1,R,0,0,0,
ppo_release_v0,ppo_release_v1,directed_context_ucb_loose,0,S08:regression_bootstrap_confirmation:c2,R,0,3,0,
ppo_release_v0,ppo_release_v1,directed_context_ucb_loose,0,S01:regression_bootstrap_confirmation:c0,I,10,10,7,0.7
ppo_release_v0,ppo_release_v1,directed_context_ucb_loose,0,S01:regression_bootstrap_confirmation:c1,I,0,0,0,
ppo_release_v0,ppo_release_v1,directed_context_ucb_loose,0,S01:regression_bootstrap_confirmation:c2,I,0,1,0,
ppo_release_v0,ppo_release_v1,directed_context_ucb_loose,0,S02:regression_bootstrap_confirmation:c0,I,15,0,0,0.0
ppo_release_v0,ppo_release_v1,directed_context_ucb_loose,0,S02:regression_bootstrap_confirmation:c1,I,2,3,1,0.5
ppo_release_v0,ppo_release_v1,directed_context_ucb_loose,0,S02:regression_bootstrap_confirmation:c2,I,15,0,0,0.0
ppo_release_v0,ppo_release_v1,directed_context_ucb_loose,0,S08:regression_bootstrap_confirmation:c0,I,0,4,0,
ppo_release_v0,ppo_release_v1,directed_context_ucb_loose,0,S08:regression_bootstrap_confirmation:c1,I,0,0,0,
ppo_release_v0,ppo_release_v1,directed_context_ucb_loose,0,S08:regression_bootstrap_confirmation:c2,I,0,2,0,
ppo_release_v0,ppo_release_v1,coordinate_offset_calibrated_ucb,0,S01:regression_bootstrap_confirmation:c0,R,0,5,0,
ppo_release_v0,ppo_release_v1,coordinate_offset_calibrated_ucb,0,S01:regression_bootstrap_confirmation:c1,R,0,0,0,
ppo_release_v0,ppo_release_v1,coordinate_offset_calibrated_ucb,0,S01:regression_bootstrap_confirmation:c2,R,0,2,0,
ppo_release_v0,ppo_release_v1,coordinate_offset_calibrated_ucb,0,S02:regression_bootstrap_confirmation:c0,R,0,0,0,
ppo_release_v0,ppo_release_v1,coordinate_offset_calibrated_ucb,0,S02:regression_bootstrap_confirmation:c1,R,0,2,0,
ppo_release_v0,ppo_release_v1,coordinate_offset_calibrated_ucb,0,S02:regression_bootstrap_confirmation:c2,R,0,0,0,
ppo_release_v0,ppo_release_v1,coordinate_offset_calibrated_ucb,0,S08:regression_bootstrap_confirmation:c0,R,0,9,0,
ppo_release_v0,ppo_release_v1,coordinate_offset_calibrated_ucb,0,S08:regression_bootstrap_confirmation:c1,R,0,0,0,
ppo_release_v0,ppo_release_v1,coordinate_offset_calibrated_ucb,0,S08:regression_bootstrap_confirmation:c2,R,0,2,0,
ppo_release_v0,ppo_release_v1,coordinate_offset_calibrated_ucb,0,S01:regression_bootstrap_confirmation:c0,I,10,13,8,0.8
ppo_release_v0,ppo_release_v1,coordinate_offset_calibrated_ucb,0,S01:regression_bootstrap_confirmation:c1,I,0,0,0,
ppo_release_v0,ppo_release_v1,coordinate_offset_calibrated_ucb,0,S01:regression_bootstrap_confirmation:c2,I,0,1,0,
ppo_release_v0,ppo_release_v1,coordinate_offset_calibrated_ucb,0,S02:regression_bootstrap_confirmation:c0,I,15,0,0,0.0
ppo_release_v0,ppo_release_v1,coordinate_offset_calibrated_ucb,0,S02:regression_bootstrap_confirmation:c1,I,2,1,0,0.0
ppo_release_v0,ppo_release_v1,coordinate_offset_calibrated_ucb,0,S02:regression_bootstrap_confirmation:c2,I,15,0,0,0.0
ppo_release_v0,ppo_release_v1,coordinate_offset_calibrated_ucb,0,S08:regression_bootstrap_confirmation:c0,I,0,5,0,
ppo_release_v0,ppo_release_v1,coordinate_offset_calibrated_ucb,0,S08:regression_bootstrap_confirmation:c1,I,0,0,0,
ppo_release_v0,ppo_release_v1,coordinate_offset_calibrated_ucb,0,S08:regression_bootstrap_confirmation:c2,I,0,0,0,
ppo_release_v0,ppo_release_v1,directed_offset_calibrated_ucb,0,S01:regression_bootstrap_confirmation:c0,R,0,5,0,
ppo_release_v0,ppo_release_v1,directed_offset_calibrated_ucb,0,S01:regression_bootstrap_confirmation:c1,R,0,0,0,
ppo_release_v0,ppo_release_v1,directed_offset_calibrated_ucb,0,S01:regression_bootstrap_confirmation:c2,R,0,2,0,
ppo_release_v0,ppo_release_v1,directed_offset_calibrated_ucb,0,S02:regression_bootstrap_confirmation:c0,R,0,0,0,
ppo_release_v0,ppo_release_v1,directed_offset_calibrated_ucb,0,S02:regression_bootstrap_confirmation:c1,R,0,2,0,
ppo_release_v0,ppo_release_v1,directed_offset_calibrated_ucb,0,S02:regression_bootstrap_confirmation:c2,R,0,0,0,
ppo_release_v0,ppo_release_v1,directed_offset_calibrated_ucb,0,S08:regression_bootstrap_confirmation:c0,R,0,9,0,
ppo_release_v0,ppo_release_v1,directed_offset_calibrated_ucb,0,S08:regression_bootstrap_confirmation:c1,R,0,0,0,
ppo_release_v0,ppo_release_v1,directed_offset_calibrated_ucb,0,S08:regression_bootstrap_confirmation:c2,R,0,2,0,
ppo_release_v0,ppo_release_v1,directed_offset_calibrated_ucb,0,S01:regression_bootstrap_confirmation:c0,I,10,14,9,0.9
ppo_release_v0,ppo_release_v1,directed_offset_calibrated_ucb,0,S01:regression_bootstrap_confirmation:c1,I,0,0,0,
ppo_release_v0,ppo_release_v1,directed_offset_calibrated_ucb,0,S01:regression_bootstrap_confirmation:c2,I,0,0,0,
ppo_release_v0,ppo_release_v1,directed_offset_calibrated_ucb,0,S02:regression_bootstrap_confirmation:c0,I,15,0,0,0.0
ppo_release_v0,ppo_release_v1,directed_offset_calibrated_ucb,0,S02:regression_bootstrap_confirmation:c1,I,2,2,1,0.5
ppo_release_v0,ppo_release_v1,directed_offset_calibrated_ucb,0,S02:regression_bootstrap_confirmation:c2,I,15,0,0,0.0
ppo_release_v0,ppo_release_v1,directed_offset_calibrated_ucb,0,S08:regression_bootstrap_confirmation:c0,I,0,4,0,
ppo_release_v0,ppo_release_v1,directed_offset_calibrated_ucb,0,S08:regression_bootstrap_confirmation:c1,I,0,0,0,
ppo_release_v0,ppo_release_v1,directed_offset_calibrated_ucb,0,S08:regression_bootstrap_confirmation:c2,I,0,0,0,
ppo_release_v0,ppo_release_v1,coordinate_bootstrap_offset_ucb,0,S01:regression_bootstrap_confirmation:c0,R,0,7,0,
ppo_release_v0,ppo_release_v1,coordinate_bootstrap_offset_ucb,0,S01:regression_bootstrap_confirmation:c1,R,0,1,0,
ppo_release_v0,ppo_release_v1,coordinate_bootstrap_offset_ucb,0,S01:regression_bootstrap_confirmation:c2,R,0,2,0,
ppo_release_v0,ppo_release_v1,coordinate_bootstrap_offset_ucb,0,S02:regression_bootstrap_confirmation:c0,R,0,0,0,
ppo_release_v0,ppo_release_v1,coordinate_bootstrap_offset_ucb,0,S02:regression_bootstrap_confirmation:c1,R,0,2,0,
ppo_release_v0,ppo_release_v1,coordinate_bootstrap_offset_ucb,0,S02:regression_bootstrap_confirmation:c2,R,0,0,0,
ppo_release_v0,ppo_release_v1,coordinate_bootstrap_offset_ucb,0,S08:regression_bootstrap_confirmation:c0,R,0,6,0,
ppo_release_v0,ppo_release_v1,coordinate_bootstrap_offset_ucb,0,S08:regression_bootstrap_confirmation:c1,R,0,1,0,
ppo_release_v0,ppo_release_v1,coordinate_bootstrap_offset_ucb,0,S08:regression_bootstrap_confirmation:c2,R,0,1,0,
ppo_release_v0,ppo_release_v1,coordinate_bootstrap_offset_ucb,0,S01:regression_bootstrap_confirmation:c0,I,10,8,3,0.3
ppo_release_v0,ppo_release_v1,coordinate_bootstrap_offset_ucb,0,S01:regression_bootstrap_confirmation:c1,I,0,0,0,
ppo_release_v0,ppo_release_v1,coordinate_bootstrap_offset_ucb,0,S01:regression_bootstrap_confirmation:c2,I,0,1,0,
ppo_release_v0,ppo_release_v1,coordinate_bootstrap_offset_ucb,0,S02:regression_bootstrap_confirmation:c0,I,15,1,0,0.0
ppo_release_v0,ppo_release_v1,coordinate_bootstrap_offset_ucb,0,S02:regression_bootstrap_confirmation:c1,I,2,2,0,0.0
ppo_release_v0,ppo_release_v1,coordinate_bootstrap_offset_ucb,0,S02:regression_bootstrap_confirmation:c2,I,15,1,0,0.0
ppo_release_v0,ppo_release_v1,coordinate_bootstrap_offset_ucb,0,S08:regression_bootstrap_confirmation:c0,I,0,6,0,
ppo_release_v0,ppo_release_v1,coordinate_bootstrap_offset_ucb,0,S08:regression_bootstrap_confirmation:c1,I,0,0,0,
ppo_release_v0,ppo_release_v1,coordinate_bootstrap_offset_ucb,0,S08:regression_bootstrap_confirmation:c2,I,0,1,0,
ppo_release_v0,ppo_release_v1,directed_bootstrap_offset_ucb,0,S01:regression_bootstrap_confirmation:c0,R,0,5,0,
ppo_release_v0,ppo_release_v1,directed_bootstrap_offset_ucb,0,S01:regression_bootstrap_confirmation:c1,R,0,1,0,
ppo_release_v0,ppo_release_v1,directed_bootstrap_offset_ucb,0,S01:regression_bootstrap_confirmation:c2,R,0,2,0,
ppo_release_v0,ppo_release_v1,directed_bootstrap_offset_ucb,0,S02:regression_bootstrap_confirmation:c0,R,0,0,0,
ppo_release_v0,ppo_release_v1,directed_bootstrap_offset_ucb,0,S02:regression_bootstrap_confirmation:c1,R,0,3,0,
ppo_release_v0,ppo_release_v1,directed_bootstrap_offset_ucb,0,S02:regression_bootstrap_confirmation:c2,R,0,0,0,
ppo_release_v0,ppo_release_v1,directed_bootstrap_offset_ucb,0,S08:regression_bootstrap_confirmation:c0,R,0,6,0,
ppo_release_v0,ppo_release_v1,directed_bootstrap_offset_ucb,0,S08:regression_bootstrap_confirmation:c1,R,0,1,0,
ppo_release_v0,ppo_release_v1,directed_bootstrap_offset_ucb,0,S08:regression_bootstrap_confirmation:c2,R,0,2,0,
ppo_release_v0,ppo_release_v1,directed_bootstrap_offset_ucb,0,S01:regression_bootstrap_confirmation:c0,I,10,10,6,0.6
ppo_release_v0,ppo_release_v1,directed_bootstrap_offset_ucb,0,S01:regression_bootstrap_confirmation:c1,I,0,0,0,
ppo_release_v0,ppo_release_v1,directed_bootstrap_offset_ucb,0,S01:regression_bootstrap_confirmation:c2,I,0,1,0,
ppo_release_v0,ppo_release_v1,directed_bootstrap_offset_ucb,0,S02:regression_bootstrap_confirmation:c0,I,15,1,0,0.0
ppo_release_v0,ppo_release_v1,directed_bootstrap_offset_ucb,0,S02:regression_bootstrap_confirmation:c1,I,2,2,0,0.0
ppo_release_v0,ppo_release_v1,directed_bootstrap_offset_ucb,0,S02:regression_bootstrap_confirmation:c2,I,15,1,0,0.0
ppo_release_v0,ppo_release_v1,directed_bootstrap_offset_ucb,0,S08:regression_bootstrap_confirmation:c0,I,0,4,0,
ppo_release_v0,ppo_release_v1,directed_bootstrap_offset_ucb,0,S08:regression_bootstrap_confirmation:c1,I,0,0,0,
ppo_release_v0,ppo_release_v1,directed_bootstrap_offset_ucb,0,S08:regression_bootstrap_confirmation:c2,I,0,1,0,
ppo_release_v0,ppo_release_v1,coordinate_regression_bootstrap_ucb,0,S01:regression_bootstrap_confirmation:c0,R,0,5,0,
ppo_release_v0,ppo_release_v1,coordinate_regression_bootstrap_ucb,0,S01:regression_bootstrap_confirmation:c1,R,0,1,0,
ppo_release_v0,ppo_release_v1,coordinate_regression_bootstrap_ucb,0,S01:regression_bootstrap_confirmation:c2,R,0,2,0,
ppo_release_v0,ppo_release_v1,coordinate_regression_bootstrap_ucb,0,S02:regression_bootstrap_confirmation:c0,R,0,0,0,
ppo_release_v0,ppo_release_v1,coordinate_regression_bootstrap_ucb,0,S02:regression_bootstrap_confirmation:c1,R,0,2,0,
ppo_release_v0,ppo_release_v1,coordinate_regression_bootstrap_ucb,0,S02:regression_bootstrap_confirmation:c2,R,0,0,0,
ppo_release_v0,ppo_release_v1,coordinate_regression_bootstrap_ucb,0,S08:regression_bootstrap_confirmation:c0,R,0,8,0,
ppo_release_v0,ppo_release_v1,coordinate_regression_bootstrap_ucb,0,S08:regression_bootstrap_confirmation:c1,R,0,1,0,
ppo_release_v0,ppo_release_v1,coordinate_regression_bootstrap_ucb,0,S08:regression_bootstrap_confirmation:c2,R,0,1,0,
ppo_release_v0,ppo_release_v1,coordinate_regression_bootstrap_ucb,0,S01:regression_bootstrap_confirmation:c0,I,10,9,4,0.4
ppo_release_v0,ppo_release_v1,coordinate_regression_bootstrap_ucb,0,S01:regression_bootstrap_confirmation:c1,I,0,0,0,
ppo_release_v0,ppo_release_v1,coordinate_regression_bootstrap_ucb,0,S01:regression_bootstrap_confirmation:c2,I,0,1,0,
ppo_release_v0,ppo_release_v1,coordinate_regression_bootstrap_ucb,0,S02:regression_bootstrap_confirmation:c0,I,15,0,0,0.0
ppo_release_v0,ppo_release_v1,coordinate_regression_bootstrap_ucb,0,S02:regression_bootstrap_confirmation:c1,I,2,3,1,0.5
ppo_release_v0,ppo_release_v1,coordinate_regression_bootstrap_ucb,0,S02:regression_bootstrap_confirmation:c2,I,15,0,0,0.0
ppo_release_v0,ppo_release_v1,coordinate_regression_bootstrap_ucb,0,S08:regression_bootstrap_confirmation:c0,I,0,6,0,
ppo_release_v0,ppo_release_v1,coordinate_regression_bootstrap_ucb,0,S08:regression_bootstrap_confirmation:c1,I,0,0,0,
ppo_release_v0,ppo_release_v1,coordinate_regression_bootstrap_ucb,0,S08:regression_bootstrap_confirmation:c2,I,0,1,0,
ppo_release_v0,ppo_release_v1,directed_regression_bootstrap_ucb,0,S01:regression_bootstrap_confirmation:c0,R,0,5,0,
ppo_release_v0,ppo_release_v1,directed_regression_bootstrap_ucb,0,S01:regression_bootstrap_confirmation:c1,R,0,1,0,
ppo_release_v0,ppo_release_v1,directed_regression_bootstrap_ucb,0,S01:regression_bootstrap_confirmation:c2,R,0,2,0,
ppo_release_v0,ppo_release_v1,directed_regression_bootstrap_ucb,0,S02:regression_bootstrap_confirmation:c0,R,0,0,0,
ppo_release_v0,ppo_release_v1,directed_regression_bootstrap_ucb,0,S02:regression_bootstrap_confirmation:c1,R,0,2,0,
ppo_release_v0,ppo_release_v1,directed_regression_bootstrap_ucb,0,S02:regression_bootstrap_confirmation:c2,R,0,0,0,
ppo_release_v0,ppo_release_v1,directed_regression_bootstrap_ucb,0,S08:regression_bootstrap_confirmation:c0,R,0,7,0,
ppo_release_v0,ppo_release_v1,directed_regression_bootstrap_ucb,0,S08:regression_bootstrap_confirmation:c1,R,0,1,0,
ppo_release_v0,ppo_release_v1,directed_regression_bootstrap_ucb,0,S08:regression_bootstrap_confirmation:c2,R,0,2,0,
ppo_release_v0,ppo_release_v1,directed_regression_bootstrap_ucb,0,S01:regression_bootstrap_confirmation:c0,I,10,13,8,0.8
ppo_release_v0,ppo_release_v1,directed_regression_bootstrap_ucb,0,S01:regression_bootstrap_confirmation:c1,I,0,0,0,
ppo_release_v0,ppo_release_v1,directed_regression_bootstrap_ucb,0,S01:regression_bootstrap_confirmation:c2,I,0,1,0,
ppo_release_v0,ppo_release_v1,directed_regression_bootstrap_ucb,0,S02:regression_bootstrap_confirmation:c0,I,15,0,0,0.0
ppo_release_v0,ppo_release_v1,directed_regression_bootstrap_ucb,0,S02:regression_bootstrap_confirmation:c1,I,2,1,0,0.0
ppo_release_v0,ppo_release_v1,directed_regression_bootstrap_ucb,0,S02:regression_bootstrap_confirmation:c2,I,15,0,0,0.0
ppo_release_v0,ppo_release_v1,directed_regression_bootstrap_ucb,0,S08:regression_bootstrap_confirmation:c0,I,0,4,0,
ppo_release_v0,ppo_release_v1,directed_regression_bootstrap_ucb,0,S08:regression_bootstrap_confirmation:c1,I,0,0,0,
ppo_release_v0,ppo_release_v1,directed_regression_bootstrap_ucb,0,S08:regression_bootstrap_confirmation:c2,I,0,1,0,
ppo_release_v0,ppo_release_v1,static_margin_coverage,0,S01:regression_bootstrap_confirmation:c0,R,0,4,0,
ppo_release_v0,ppo_release_v1,static_margin_coverage,0,S01:regression_bootstrap_confirmation:c1,R,0,1,0,
ppo_release_v0,ppo_release_v1,static_margin_coverage,0,S01:regression_bootstrap_confirmation:c2,R,0,1,0,
ppo_release_v0,ppo_release_v1,static_margin_coverage,0,S02:regression_bootstrap_confirmation:c0,R,0,0,0,
ppo_release_v0,ppo_release_v1,static_margin_coverage,0,S02:regression_bootstrap_confirmation:c1,R,0,1,0,
ppo_release_v0,ppo_release_v1,static_margin_coverage,0,S02:regression_bootstrap_confirmation:c2,R,0,0,0,
ppo_release_v0,ppo_release_v1,static_margin_coverage,0,S08:regression_bootstrap_confirmation:c0,R,0,1,0,
ppo_release_v0,ppo_release_v1,static_margin_coverage,0,S08:regression_bootstrap_confirmation:c1,R,0,1,0,
ppo_release_v0,ppo_release_v1,static_margin_coverage,0,S08:regression_bootstrap_confirmation:c2,R,0,11,0,
ppo_release_v0,ppo_release_v1,static_margin_coverage,0,S01:regression_bootstrap_confirmation:c0,I,10,5,0,0.0
ppo_release_v0,ppo_release_v1,static_margin_coverage,0,S01:regression_bootstrap_confirmation:c1,I,0,0,0,
ppo_release_v0,ppo_release_v1,static_margin_coverage,0,S01:regression_bootstrap_confirmation:c2,I,0,0,0,
ppo_release_v0,ppo_release_v1,static_margin_coverage,0,S02:regression_bootstrap_confirmation:c0,I,15,0,0,0.0
ppo_release_v0,ppo_release_v1,static_margin_coverage,0,S02:regression_bootstrap_confirmation:c1,I,2,4,1,0.5
ppo_release_v0,ppo_release_v1,static_margin_coverage,0,S02:regression_bootstrap_confirmation:c2,I,15,0,0,0.0
ppo_release_v0,ppo_release_v1,static_margin_coverage,0,S08:regression_bootstrap_confirmation:c0,I,0,11,0,
ppo_release_v0,ppo_release_v1,static_margin_coverage,0,S08:regression_bootstrap_confirmation:c1,I,0,0,0,
ppo_release_v0,ppo_release_v1,static_margin_coverage,0,S08:regression_bootstrap_confirmation:c2,I,0,0,0,
ppo_release_v0,ppo_release_v1,coordinate_margin_frontier,0,S01:regression_bootstrap_confirmation:c0,R,0,7,0,
ppo_release_v0,ppo_release_v1,coordinate_margin_frontier,0,S01:regression_bootstrap_confirmation:c1,R,0,1,0,
ppo_release_v0,ppo_release_v1,coordinate_margin_frontier,0,S01:regression_bootstrap_confirmation:c2,R,0,1,0,
ppo_release_v0,ppo_release_v1,coordinate_margin_frontier,0,S02:regression_bootstrap_confirmation:c0,R,0,0,0,
ppo_release_v0,ppo_release_v1,coordinate_margin_frontier,0,S02:regression_bootstrap_confirmation:c1,R,0,1,0,
ppo_release_v0,ppo_release_v1,coordinate_margin_frontier,0,S02:regression_bootstrap_confirmation:c2,R,0,0,0,
ppo_release_v0,ppo_release_v1,coordinate_margin_frontier,0,S08:regression_bootstrap_confirmation:c0,R,0,8,0,
ppo_release_v0,ppo_release_v1,coordinate_margin_frontier,0,S08:regression_bootstrap_confirmation:c1,R,0,1,0,
ppo_release_v0,ppo_release_v1,coordinate_margin_frontier,0,S08:regression_bootstrap_confirmation:c2,R,0,1,0,
ppo_release_v0,ppo_release_v1,coordinate_margin_frontier,0,S01:regression_bootstrap_confirmation:c0,I,10,0,0,0.0
ppo_release_v0,ppo_release_v1,coordinate_margin_frontier,0,S01:regression_bootstrap_confirmation:c1,I,0,0,0,
ppo_release_v0,ppo_release_v1,coordinate_margin_frontier,0,S01:regression_bootstrap_confirmation:c2,I,0,0,0,
ppo_release_v0,ppo_release_v1,coordinate_margin_frontier,0,S02:regression_bootstrap_confirmation:c0,I,15,0,0,0.0
ppo_release_v0,ppo_release_v1,coordinate_margin_frontier,0,S02:regression_bootstrap_confirmation:c1,I,2,4,1,0.5
ppo_release_v0,ppo_release_v1,coordinate_margin_frontier,0,S02:regression_bootstrap_confirmation:c2,I,15,0,0,0.0
ppo_release_v0,ppo_release_v1,coordinate_margin_frontier,0,S08:regression_bootstrap_confirmation:c0,I,0,8,0,
ppo_release_v0,ppo_release_v1,coordinate_margin_frontier,0,S08:regression_bootstrap_confirmation:c1,I,0,0,0,
ppo_release_v0,ppo_release_v1,coordinate_margin_frontier,0,S08:regression_bootstrap_confirmation:c2,I,0,8,0,
ppo_release_v0,ppo_release_v1,directed_margin_frontier,0,S01:regression_bootstrap_confirmation:c0,R,0,6,0,
ppo_release_v0,ppo_release_v1,directed_margin_frontier,0,S01:regression_bootstrap_confirmation:c1,R,0,1,0,
ppo_release_v0,ppo_release_v1,directed_margin_frontier,0,S01:regression_bootstrap_confirmation:c2,R,0,1,0,
ppo_release_v0,ppo_release_v1,directed_margin_frontier,0,S02:regression_bootstrap_confirmation:c0,R,0,0,0,
ppo_release_v0,ppo_release_v1,directed_margin_frontier,0,S02:regression_bootstrap_confirmation:c1,R,0,1,0,
ppo_release_v0,ppo_release_v1,directed_margin_frontier,0,S02:regression_bootstrap_confirmation:c2,R,0,0,0,
ppo_release_v0,ppo_release_v1,directed_margin_frontier,0,S08:regression_bootstrap_confirmation:c0,R,0,9,0,
ppo_release_v0,ppo_release_v1,directed_margin_frontier,0,S08:regression_bootstrap_confirmation:c1,R,0,1,0,
ppo_release_v0,ppo_release_v1,directed_margin_frontier,0,S08:regression_bootstrap_confirmation:c2,R,0,1,0,
ppo_release_v0,ppo_release_v1,directed_margin_frontier,0,S01:regression_bootstrap_confirmation:c0,I,10,7,6,0.6
ppo_release_v0,ppo_release_v1,directed_margin_frontier,0,S01:regression_bootstrap_confirmation:c1,I,0,0,0,
ppo_release_v0,ppo_release_v1,directed_margin_frontier,0,S01:regression_bootstrap_confirmation:c2,I,0,0,0,
ppo_release_v0,ppo_release_v1,directed_margin_frontier,0,S02:regression_bootstrap_confirmation:c0,I,15,0,0,0.0
ppo_release_v0,ppo_release_v1,directed_margin_frontier,0,S02:regression_bootstrap_confirmation:c1,I,2,3,1,0.5
ppo_release_v0,ppo_release_v1,directed_margin_frontier,0,S02:regression_bootstrap_confirmation:c2,I,15,0,0,0.0
ppo_release_v0,ppo_release_v1,directed_margin_frontier,0,S08:regression_bootstrap_confirmation:c0,I,0,10,0,
ppo_release_v0,ppo_release_v1,directed_margin_frontier,0,S08:regression_bootstrap_confirmation:c1,I,0,0,0,
ppo_release_v0,ppo_release_v1,directed_margin_frontier,0,S08:regression_bootstrap_confirmation:c2,I,0,0,0,
ppo_release_v0,ppo_release_v1,static_dual_margin_coverage,0,S01:regression_bootstrap_confirmation:c0,R,0,4,0,
ppo_release_v0,ppo_release_v1,static_dual_margin_coverage,0,S01:regression_bootstrap_confirmation:c1,R,0,1,0,
ppo_release_v0,ppo_release_v1,static_dual_margin_coverage,0,S01:regression_bootstrap_confirmation:c2,R,0,1,0,
ppo_release_v0,ppo_release_v1,static_dual_margin_coverage,0,S02:regression_bootstrap_confirmation:c0,R,0,0,0,
ppo_release_v0,ppo_release_v1,static_dual_margin_coverage,0,S02:regression_bootstrap_confirmation:c1,R,0,1,0,
ppo_release_v0,ppo_release_v1,static_dual_margin_coverage,0,S02:regression_bootstrap_confirmation:c2,R,0,0,0,
ppo_release_v0,ppo_release_v1,static_dual_margin_coverage,0,S08:regression_bootstrap_confirmation:c0,R,0,1,0,
ppo_release_v0,ppo_release_v1,static_dual_margin_coverage,0,S08:regression_bootstrap_confirmation:c1,R,0,1,0,
ppo_release_v0,ppo_release_v1,static_dual_margin_coverage,0,S08:regression_bootstrap_confirmation:c2,R,0,11,0,
ppo_release_v0,ppo_release_v1,static_dual_margin_coverage,0,S01:regression_bootstrap_confirmation:c0,I,10,14,10,1.0
ppo_release_v0,ppo_release_v1,static_dual_margin_coverage,0,S01:regression_bootstrap_confirmation:c1,I,0,0,0,
ppo_release_v0,ppo_release_v1,static_dual_margin_coverage,0,S01:regression_bootstrap_confirmation:c2,I,0,1,0,
ppo_release_v0,ppo_release_v1,static_dual_margin_coverage,0,S02:regression_bootstrap_confirmation:c0,I,15,1,0,0.0
ppo_release_v0,ppo_release_v1,static_dual_margin_coverage,0,S02:regression_bootstrap_confirmation:c1,I,2,1,0,0.0
ppo_release_v0,ppo_release_v1,static_dual_margin_coverage,0,S02:regression_bootstrap_confirmation:c2,I,15,1,0,0.0
ppo_release_v0,ppo_release_v1,static_dual_margin_coverage,0,S08:regression_bootstrap_confirmation:c0,I,0,1,0,
ppo_release_v0,ppo_release_v1,static_dual_margin_coverage,0,S08:regression_bootstrap_confirmation:c1,I,0,0,0,
ppo_release_v0,ppo_release_v1,static_dual_margin_coverage,0,S08:regression_bootstrap_confirmation:c2,I,0,1,0,
ppo_release_v0,ppo_release_v1,coordinate_dual_margin_frontier,0,S01:regression_bootstrap_confirmation:c0,R,0,9,0,
ppo_release_v0,ppo_release_v1,coordinate_dual_margin_frontier,0,S01:regression_bootstrap_confirmation:c1,R,0,1,0,
ppo_release_v0,ppo_release_v1,coordinate_dual_margin_frontier,0,S01:regression_bootstrap_confirmation:c2,R,0,1,0,
ppo_release_v0,ppo_release_v1,coordinate_dual_margin_frontier,0,S02:regression_bootstrap_confirmation:c0,R,0,0,0,
ppo_release_v0,ppo_release_v1,coordinate_dual_margin_frontier,0,S02:regression_bootstrap_confirmation:c1,R,0,1,0,
ppo_release_v0,ppo_release_v1,coordinate_dual_margin_frontier,0,S02:regression_bootstrap_confirmation:c2,R,0,0,0,
ppo_release_v0,ppo_release_v1,coordinate_dual_margin_frontier,0,S08:regression_bootstrap_confirmation:c0,R,0,6,0,
ppo_release_v0,ppo_release_v1,coordinate_dual_margin_frontier,0,S08:regression_bootstrap_confirmation:c1,R,0,1,0,
ppo_release_v0,ppo_release_v1,coordinate_dual_margin_frontier,0,S08:regression_bootstrap_confirmation:c2,R,0,1,0,
ppo_release_v0,ppo_release_v1,coordinate_dual_margin_frontier,0,S01:regression_bootstrap_confirmation:c0,I,10,1,0,0.0
ppo_release_v0,ppo_release_v1,coordinate_dual_margin_frontier,0,S01:regression_bootstrap_confirmation:c1,I,0,0,0,
ppo_release_v0,ppo_release_v1,coordinate_dual_margin_frontier,0,S01:regression_bootstrap_confirmation:c2,I,0,1,0,
ppo_release_v0,ppo_release_v1,coordinate_dual_margin_frontier,0,S02:regression_bootstrap_confirmation:c0,I,15,1,0,0.0
ppo_release_v0,ppo_release_v1,coordinate_dual_margin_frontier,0,S02:regression_bootstrap_confirmation:c1,I,2,9,2,1.0
ppo_release_v0,ppo_release_v1,coordinate_dual_margin_frontier,0,S02:regression_bootstrap_confirmation:c2,I,15,1,0,0.0
ppo_release_v0,ppo_release_v1,coordinate_dual_margin_frontier,0,S08:regression_bootstrap_confirmation:c0,I,0,4,0,
ppo_release_v0,ppo_release_v1,coordinate_dual_margin_frontier,0,S08:regression_bootstrap_confirmation:c1,I,0,0,0,
ppo_release_v0,ppo_release_v1,coordinate_dual_margin_frontier,0,S08:regression_bootstrap_confirmation:c2,I,0,3,0,
ppo_release_v0,ppo_release_v1,directed_dual_margin_frontier,0,S01:regression_bootstrap_confirmation:c0,R,0,6,0,
ppo_release_v0,ppo_release_v1,directed_dual_margin_frontier,0,S01:regression_bootstrap_confirmation:c1,R,0,1,0,
ppo_release_v0,ppo_release_v1,directed_dual_margin_frontier,0,S01:regression_bootstrap_confirmation:c2,R,0,1,0,
ppo_release_v0,ppo_release_v1,directed_dual_margin_frontier,0,S02:regression_bootstrap_confirmation:c0,R,0,0,0,
ppo_release_v0,ppo_release_v1,directed_dual_margin_frontier,0,S02:regression_bootstrap_confirmation:c1,R,0,2,0,
ppo_release_v0,ppo_release_v1,directed_dual_margin_frontier,0,S02:regression_bootstrap_confirmation:c2,R,0,0,0,
ppo_release_v0,ppo_release_v1,directed_dual_margin_frontier,0,S08:regression_bootstrap_confirmation:c0,R,0,8,0,
ppo_release_v0,ppo_release_v1,directed_dual_margin_frontier,0,S08:regression_bootstrap_confirmation:c1,R,0,1,0,
ppo_release_v0,ppo_release_v1,directed_dual_margin_frontier,0,S08:regression_bootstrap_confirmation:c2,R,0,1,0,
ppo_release_v0,ppo_release_v1,directed_dual_margin_frontier,0,S01:regression_bootstrap_confirmation:c0,I,10,6,5,0.5
ppo_release_v0,ppo_release_v1,directed_dual_margin_frontier,0,S01:regression_bootstrap_confirmation:c1,I,0,0,0,
ppo_release_v0,ppo_release_v1,directed_dual_margin_frontier,0,S01:regression_bootstrap_confirmation:c2,I,0,1,0,
ppo_release_v0,ppo_release_v1,directed_dual_margin_frontier,0,S02:regression_bootstrap_confirmation:c0,I,15,1,0,0.0
ppo_release_v0,ppo_release_v1,directed_dual_margin_frontier,0,S02:regression_bootstrap_confirmation:c1,I,2,2,0,0.0
ppo_release_v0,ppo_release_v1,directed_dual_margin_frontier,0,S02:regression_bootstrap_confirmation:c2,I,15,1,0,0.0
ppo_release_v0,ppo_release_v1,directed_dual_margin_frontier,0,S08:regression_bootstrap_confirmation:c0,I,0,8,0,
ppo_release_v0,ppo_release_v1,directed_dual_margin_frontier,0,S08:regression_bootstrap_confirmation:c1,I,0,0,0,
ppo_release_v0,ppo_release_v1,directed_dual_margin_frontier,0,S08:regression_bootstrap_confirmation:c2,I,0,1,0,
ppo_release_v0,ppo_release_v1,static_dual_coverage2,0,S01:regression_bootstrap_confirmation:c0,R,0,4,0,
ppo_release_v0,ppo_release_v1,static_dual_coverage2,0,S01:regression_bootstrap_confirmation:c1,R,0,1,0,
ppo_release_v0,ppo_release_v1,static_dual_coverage2,0,S01:regression_bootstrap_confirmation:c2,R,0,1,0,
ppo_release_v0,ppo_release_v1,static_dual_coverage2,0,S02:regression_bootstrap_confirmation:c0,R,0,0,0,
ppo_release_v0,ppo_release_v1,static_dual_coverage2,0,S02:regression_bootstrap_confirmation:c1,R,0,1,0,
ppo_release_v0,ppo_release_v1,static_dual_coverage2,0,S02:regression_bootstrap_confirmation:c2,R,0,0,0,
ppo_release_v0,ppo_release_v1,static_dual_coverage2,0,S08:regression_bootstrap_confirmation:c0,R,0,1,0,
ppo_release_v0,ppo_release_v1,static_dual_coverage2,0,S08:regression_bootstrap_confirmation:c1,R,0,1,0,
ppo_release_v0,ppo_release_v1,static_dual_coverage2,0,S08:regression_bootstrap_confirmation:c2,R,0,11,0,
ppo_release_v0,ppo_release_v1,static_dual_coverage2,0,S01:regression_bootstrap_confirmation:c0,I,10,8,6,0.6
ppo_release_v0,ppo_release_v1,static_dual_coverage2,0,S01:regression_bootstrap_confirmation:c1,I,0,0,0,
ppo_release_v0,ppo_release_v1,static_dual_coverage2,0,S01:regression_bootstrap_confirmation:c2,I,0,2,0,
ppo_release_v0,ppo_release_v1,static_dual_coverage2,0,S02:regression_bootstrap_confirmation:c0,I,15,2,0,0.0
ppo_release_v0,ppo_release_v1,static_dual_coverage2,0,S02:regression_bootstrap_confirmation:c1,I,2,2,0,0.0
ppo_release_v0,ppo_release_v1,static_dual_coverage2,0,S02:regression_bootstrap_confirmation:c2,I,15,2,0,0.0
ppo_release_v0,ppo_release_v1,static_dual_coverage2,0,S08:regression_bootstrap_confirmation:c0,I,0,2,0,
ppo_release_v0,ppo_release_v1,static_dual_coverage2,0,S08:regression_bootstrap_confirmation:c1,I,0,0,0,
ppo_release_v0,ppo_release_v1,static_dual_coverage2,0,S08:regression_bootstrap_confirmation:c2,I,0,2,0,
ppo_release_v0,ppo_release_v1,coordinate_dual_local,0,S01:regression_bootstrap_confirmation:c0,R,0,6,0,
ppo_release_v0,ppo_release_v1,coordinate_dual_local,0,S01:regression_bootstrap_confirmation:c1,R,0,1,0,
ppo_release_v0,ppo_release_v1,coordinate_dual_local,0,S01:regression_bootstrap_confirmation:c2,R,0,2,0,
ppo_release_v0,ppo_release_v1,coordinate_dual_local,0,S02:regression_bootstrap_confirmation:c0,R,0,0,0,
ppo_release_v0,ppo_release_v1,coordinate_dual_local,0,S02:regression_bootstrap_confirmation:c1,R,0,2,0,
ppo_release_v0,ppo_release_v1,coordinate_dual_local,0,S02:regression_bootstrap_confirmation:c2,R,0,0,0,
ppo_release_v0,ppo_release_v1,coordinate_dual_local,0,S08:regression_bootstrap_confirmation:c0,R,0,6,0,
ppo_release_v0,ppo_release_v1,coordinate_dual_local,0,S08:regression_bootstrap_confirmation:c1,R,0,1,0,
ppo_release_v0,ppo_release_v1,coordinate_dual_local,0,S08:regression_bootstrap_confirmation:c2,R,0,2,0,
ppo_release_v0,ppo_release_v1,coordinate_dual_local,0,S01:regression_bootstrap_confirmation:c0,I,10,5,2,0.2
ppo_release_v0,ppo_release_v1,coordinate_dual_local,0,S01:regression_bootstrap_confirmation:c1,I,0,0,0,
ppo_release_v0,ppo_release_v1,coordinate_dual_local,0,S01:regression_bootstrap_confirmation:c2,I,0,2,0,
ppo_release_v0,ppo_release_v1,coordinate_dual_local,0,S02:regression_bootstrap_confirmation:c0,I,15,2,0,0.0
ppo_release_v0,ppo_release_v1,coordinate_dual_local,0,S02:regression_bootstrap_confirmation:c1,I,2,3,0,0.0
ppo_release_v0,ppo_release_v1,coordinate_dual_local,0,S02:regression_bootstrap_confirmation:c2,I,15,2,0,0.0
ppo_release_v0,ppo_release_v1,coordinate_dual_local,0,S08:regression_bootstrap_confirmation:c0,I,0,4,0,
ppo_release_v0,ppo_release_v1,coordinate_dual_local,0,S08:regression_bootstrap_confirmation:c1,I,0,0,0,
ppo_release_v0,ppo_release_v1,coordinate_dual_local,0,S08:regression_bootstrap_confirmation:c2,I,0,2,0,
ppo_release_v0,ppo_release_v1,directed_dual_local,0,S01:regression_bootstrap_confirmation:c0,R,0,5,0,
ppo_release_v0,ppo_release_v1,directed_dual_local,0,S01:regression_bootstrap_confirmation:c1,R,0,1,0,
ppo_release_v0,ppo_release_v1,directed_dual_local,0,S01:regression_bootstrap_confirmation:c2,R,0,2,0,
ppo_release_v0,ppo_release_v1,directed_dual_local,0,S02:regression_bootstrap_confirmation:c0,R,0,0,0,
ppo_release_v0,ppo_release_v1,directed_dual_local,0,S02:regression_bootstrap_confirmation:c1,R,0,3,0,
ppo_release_v0,ppo_release_v1,directed_dual_local,0,S02:regression_bootstrap_confirmation:c2,R,0,0,0,
ppo_release_v0,ppo_release_v1,directed_dual_local,0,S08:regression_bootstrap_confirmation:c0,R,0,6,0,
ppo_release_v0,ppo_release_v1,directed_dual_local,0,S08:regression_bootstrap_confirmation:c1,R,0,1,0,
ppo_release_v0,ppo_release_v1,directed_dual_local,0,S08:regression_bootstrap_confirmation:c2,R,0,2,0,
ppo_release_v0,ppo_release_v1,directed_dual_local,0,S01:regression_bootstrap_confirmation:c0,I,10,5,2,0.2
ppo_release_v0,ppo_release_v1,directed_dual_local,0,S01:regression_bootstrap_confirmation:c1,I,0,0,0,
ppo_release_v0,ppo_release_v1,directed_dual_local,0,S01:regression_bootstrap_confirmation:c2,I,0,2,0,
ppo_release_v0,ppo_release_v1,directed_dual_local,0,S02:regression_bootstrap_confirmation:c0,I,15,2,0,0.0
ppo_release_v0,ppo_release_v1,directed_dual_local,0,S02:regression_bootstrap_confirmation:c1,I,2,3,0,0.0
ppo_release_v0,ppo_release_v1,directed_dual_local,0,S02:regression_bootstrap_confirmation:c2,I,15,2,0,0.0
ppo_release_v0,ppo_release_v1,directed_dual_local,0,S08:regression_bootstrap_confirmation:c0,I,0,4,0,
ppo_release_v0,ppo_release_v1,directed_dual_local,0,S08:regression_bootstrap_confirmation:c1,I,0,0,0,
ppo_release_v0,ppo_release_v1,directed_dual_local,0,S08:regression_bootstrap_confirmation:c2,I,0,2,0,
ppo_release_v0,ppo_release_v1,static_majority_coverage2,0,S01:regression_bootstrap_confirmation:c0,R,0,4,0,
ppo_release_v0,ppo_release_v1,static_majority_coverage2,0,S01:regression_bootstrap_confirmation:c1,R,0,1,0,
ppo_release_v0,ppo_release_v1,static_majority_coverage2,0,S01:regression_bootstrap_confirmation:c2,R,0,1,0,
ppo_release_v0,ppo_release_v1,static_majority_coverage2,0,S02:regression_bootstrap_confirmation:c0,R,0,0,0,
ppo_release_v0,ppo_release_v1,static_majority_coverage2,0,S02:regression_bootstrap_confirmation:c1,R,0,1,0,
ppo_release_v0,ppo_release_v1,static_majority_coverage2,0,S02:regression_bootstrap_confirmation:c2,R,0,0,0,
ppo_release_v0,ppo_release_v1,static_majority_coverage2,0,S08:regression_bootstrap_confirmation:c0,R,0,1,0,
ppo_release_v0,ppo_release_v1,static_majority_coverage2,0,S08:regression_bootstrap_confirmation:c1,R,0,1,0,
ppo_release_v0,ppo_release_v1,static_majority_coverage2,0,S08:regression_bootstrap_confirmation:c2,R,0,11,0,
ppo_release_v0,ppo_release_v1,static_majority_coverage2,0,S01:regression_bootstrap_confirmation:c0,I,10,16,10,1.0
ppo_release_v0,ppo_release_v1,static_majority_coverage2,0,S01:regression_bootstrap_confirmation:c1,I,0,0,0,
ppo_release_v0,ppo_release_v1,static_majority_coverage2,0,S01:regression_bootstrap_confirmation:c2,I,0,0,0,
ppo_release_v0,ppo_release_v1,static_majority_coverage2,0,S02:regression_bootstrap_confirmation:c0,I,15,2,0,0.0
ppo_release_v0,ppo_release_v1,static_majority_coverage2,0,S02:regression_bootstrap_confirmation:c1,I,2,0,0,0.0
ppo_release_v0,ppo_release_v1,static_majority_coverage2,0,S02:regression_bootstrap_confirmation:c2,I,15,2,0,0.0
ppo_release_v0,ppo_release_v1,static_majority_coverage2,0,S08:regression_bootstrap_confirmation:c0,I,0,0,0,
ppo_release_v0,ppo_release_v1,static_majority_coverage2,0,S08:regression_bootstrap_confirmation:c1,I,0,0,0,
ppo_release_v0,ppo_release_v1,static_majority_coverage2,0,S08:regression_bootstrap_confirmation:c2,I,0,0,0,
ppo_release_v0,ppo_release_v1,coordinate_majority_local,0,S01:regression_bootstrap_confirmation:c0,R,0,6,0,
ppo_release_v0,ppo_release_v1,coordinate_majority_local,0,S01:regression_bootstrap_confirmation:c1,R,0,1,0,
ppo_release_v0,ppo_release_v1,coordinate_majority_local,0,S01:regression_bootstrap_confirmation:c2,R,0,2,0,
ppo_release_v0,ppo_release_v1,coordinate_majority_local,0,S02:regression_bootstrap_confirmation:c0,R,0,0,0,
ppo_release_v0,ppo_release_v1,coordinate_majority_local,0,S02:regression_bootstrap_confirmation:c1,R,0,2,0,
ppo_release_v0,ppo_release_v1,coordinate_majority_local,0,S02:regression_bootstrap_confirmation:c2,R,0,0,0,
ppo_release_v0,ppo_release_v1,coordinate_majority_local,0,S08:regression_bootstrap_confirmation:c0,R,0,6,0,
ppo_release_v0,ppo_release_v1,coordinate_majority_local,0,S08:regression_bootstrap_confirmation:c1,R,0,1,0,
ppo_release_v0,ppo_release_v1,coordinate_majority_local,0,S08:regression_bootstrap_confirmation:c2,R,0,2,0,
ppo_release_v0,ppo_release_v1,coordinate_majority_local,0,S01:regression_bootstrap_confirmation:c0,I,10,6,4,0.4
ppo_release_v0,ppo_release_v1,coordinate_majority_local,0,S01:regression_bootstrap_confirmation:c1,I,0,0,0,
ppo_release_v0,ppo_release_v1,coordinate_majority_local,0,S01:regression_bootstrap_confirmation:c2,I,0,0,0,
ppo_release_v0,ppo_release_v1,coordinate_majority_local,0,S02:regression_bootstrap_confirmation:c0,I,15,2,0,0.0
ppo_release_v0,ppo_release_v1,coordinate_majority_local,0,S02:regression_bootstrap_confirmation:c1,I,2,6,2,1.0
ppo_release_v0,ppo_release_v1,coordinate_majority_local,0,S02:regression_bootstrap_confirmation:c2,I,15,2,0,0.0
ppo_release_v0,ppo_release_v1,coordinate_majority_local,0,S08:regression_bootstrap_confirmation:c0,I,0,3,0,
ppo_release_v0,ppo_release_v1,coordinate_majority_local,0,S08:regression_bootstrap_confirmation:c1,I,0,0,0,
ppo_release_v0,ppo_release_v1,coordinate_majority_local,0,S08:regression_bootstrap_confirmation:c2,I,0,1,0,
ppo_release_v0,ppo_release_v1,directed_majority_local,0,S01:regression_bootstrap_confirmation:c0,R,0,4,0,
ppo_release_v0,ppo_release_v1,directed_majority_local,0,S01:regression_bootstrap_confirmation:c1,R,0,1,0,
ppo_release_v0,ppo_release_v1,directed_majority_local,0,S01:regression_bootstrap_confirmation:c2,R,0,2,0,
ppo_release_v0,ppo_release_v1,directed_majority_local,0,S02:regression_bootstrap_confirmation:c0,R,0,0,0,
ppo_release_v0,ppo_release_v1,directed_majority_local,0,S02:regression_bootstrap_confirmation:c1,R,0,2,0,
ppo_release_v0,ppo_release_v1,directed_majority_local,0,S02:regression_bootstrap_confirmation:c2,R,0,0,0,
ppo_release_v0,ppo_release_v1,directed_majority_local,0,S08:regression_bootstrap_confirmation:c0,R,0,8,0,
ppo_release_v0,ppo_release_v1,directed_majority_local,0,S08:regression_bootstrap_confirmation:c1,R,0,1,0,
ppo_release_v0,ppo_release_v1,directed_majority_local,0,S08:regression_bootstrap_confirmation:c2,R,0,2,0,
ppo_release_v0,ppo_release_v1,directed_majority_local,0,S01:regression_bootstrap_confirmation:c0,I,10,9,6,0.6
ppo_release_v0,ppo_release_v1,directed_majority_local,0,S01:regression_bootstrap_confirmation:c1,I,0,0,0,
ppo_release_v0,ppo_release_v1,directed_majority_local,0,S01:regression_bootstrap_confirmation:c2,I,0,0,0,
ppo_release_v0,ppo_release_v1,directed_majority_local,0,S02:regression_bootstrap_confirmation:c0,I,15,2,0,0.0
ppo_release_v0,ppo_release_v1,directed_majority_local,0,S02:regression_bootstrap_confirmation:c1,I,2,1,0,0.0
ppo_release_v0,ppo_release_v1,directed_majority_local,0,S02:regression_bootstrap_confirmation:c2,I,15,2,0,0.0
ppo_release_v0,ppo_release_v1,directed_majority_local,0,S08:regression_bootstrap_confirmation:c0,I,0,5,0,
ppo_release_v0,ppo_release_v1,directed_majority_local,0,S08:regression_bootstrap_confirmation:c1,I,0,0,0,
ppo_release_v0,ppo_release_v1,directed_majority_local,0,S08:regression_bootstrap_confirmation:c2,I,0,1,0,
ppo_release_v0,ppo_release_v1,directed_gated_majority,0,S01:regression_bootstrap_confirmation:c0,R,0,6,0,
ppo_release_v0,ppo_release_v1,directed_gated_majority,0,S01:regression_bootstrap_confirmation:c1,R,0,1,0,
ppo_release_v0,ppo_release_v1,directed_gated_majority,0,S01:regression_bootstrap_confirmation:c2,R,0,1,0,
ppo_release_v0,ppo_release_v1,directed_gated_majority,0,S02:regression_bootstrap_confirmation:c0,R,0,0,0,
ppo_release_v0,ppo_release_v1,directed_gated_majority,0,S02:regression_bootstrap_confirmation:c1,R,0,2,0,
ppo_release_v0,ppo_release_v1,directed_gated_majority,0,S02:regression_bootstrap_confirmation:c2,R,0,0,0,
ppo_release_v0,ppo_release_v1,directed_gated_majority,0,S08:regression_bootstrap_confirmation:c0,R,0,8,0,
ppo_release_v0,ppo_release_v1,directed_gated_majority,0,S08:regression_bootstrap_confirmation:c1,R,0,1,0,
ppo_release_v0,ppo_release_v1,directed_gated_majority,0,S08:regression_bootstrap_confirmation:c2,R,0,1,0,
ppo_release_v0,ppo_release_v1,directed_gated_majority,0,S01:regression_bootstrap_confirmation:c0,I,10,6,5,0.5
ppo_release_v0,ppo_release_v1,directed_gated_majority,0,S01:regression_bootstrap_confirmation:c1,I,0,0,0,
ppo_release_v0,ppo_release_v1,directed_gated_majority,0,S01:regression_bootstrap_confirmation:c2,I,0,0,0,
ppo_release_v0,ppo_release_v1,directed_gated_majority,0,S02:regression_bootstrap_confirmation:c0,I,15,2,0,0.0
ppo_release_v0,ppo_release_v1,directed_gated_majority,0,S02:regression_bootstrap_confirmation:c1,I,2,1,0,0.0
ppo_release_v0,ppo_release_v1,directed_gated_majority,0,S02:regression_bootstrap_confirmation:c2,I,15,2,0,0.0
ppo_release_v0,ppo_release_v1,directed_gated_majority,0,S08:regression_bootstrap_confirmation:c0,I,0,9,0,
ppo_release_v0,ppo_release_v1,directed_gated_majority,0,S08:regression_bootstrap_confirmation:c1,I,0,0,0,
ppo_release_v0,ppo_release_v1,directed_gated_majority,0,S08:regression_bootstrap_confirmation:c2,I,0,0,0,
ppo_release_v0,ppo_release_v1,static_role_coverage2,0,S01:regression_bootstrap_confirmation:c0,R,0,4,0,
ppo_release_v0,ppo_release_v1,static_role_coverage2,0,S01:regression_bootstrap_confirmation:c1,R,0,1,0,
ppo_release_v0,ppo_release_v1,static_role_coverage2,0,S01:regression_bootstrap_confirmation:c2,R,0,1,0,
ppo_release_v0,ppo_release_v1,static_role_coverage2,0,S02:regression_bootstrap_confirmation:c0,R,0,0,0,
ppo_release_v0,ppo_release_v1,static_role_coverage2,0,S02:regression_bootstrap_confirmation:c1,R,0,1,0,
ppo_release_v0,ppo_release_v1,static_role_coverage2,0,S02:regression_bootstrap_confirmation:c2,R,0,0,0,
ppo_release_v0,ppo_release_v1,static_role_coverage2,0,S08:regression_bootstrap_confirmation:c0,R,0,1,0,
ppo_release_v0,ppo_release_v1,static_role_coverage2,0,S08:regression_bootstrap_confirmation:c1,R,0,1,0,
ppo_release_v0,ppo_release_v1,static_role_coverage2,0,S08:regression_bootstrap_confirmation:c2,R,0,11,0,
ppo_release_v0,ppo_release_v1,static_role_coverage2,0,S01:regression_bootstrap_confirmation:c0,I,10,16,10,1.0
ppo_release_v0,ppo_release_v1,static_role_coverage2,0,S01:regression_bootstrap_confirmation:c1,I,0,0,0,
ppo_release_v0,ppo_release_v1,static_role_coverage2,0,S01:regression_bootstrap_confirmation:c2,I,0,0,0,
ppo_release_v0,ppo_release_v1,static_role_coverage2,0,S02:regression_bootstrap_confirmation:c0,I,15,2,0,0.0
ppo_release_v0,ppo_release_v1,static_role_coverage2,0,S02:regression_bootstrap_confirmation:c1,I,2,0,0,0.0
ppo_release_v0,ppo_release_v1,static_role_coverage2,0,S02:regression_bootstrap_confirmation:c2,I,15,2,0,0.0
ppo_release_v0,ppo_release_v1,static_role_coverage2,0,S08:regression_bootstrap_confirmation:c0,I,0,0,0,
ppo_release_v0,ppo_release_v1,static_role_coverage2,0,S08:regression_bootstrap_confirmation:c1,I,0,0,0,
ppo_release_v0,ppo_release_v1,static_role_coverage2,0,S08:regression_bootstrap_confirmation:c2,I,0,0,0,
ppo_release_v0,ppo_release_v1,coordinate_role_gated,0,S01:regression_bootstrap_confirmation:c0,R,0,7,0,
ppo_release_v0,ppo_release_v1,coordinate_role_gated,0,S01:regression_bootstrap_confirmation:c1,R,0,1,0,
ppo_release_v0,ppo_release_v1,coordinate_role_gated,0,S01:regression_bootstrap_confirmation:c2,R,0,1,0,
ppo_release_v0,ppo_release_v1,coordinate_role_gated,0,S02:regression_bootstrap_confirmation:c0,R,0,0,0,
ppo_release_v0,ppo_release_v1,coordinate_role_gated,0,S02:regression_bootstrap_confirmation:c1,R,0,1,0,
ppo_release_v0,ppo_release_v1,coordinate_role_gated,0,S02:regression_bootstrap_confirmation:c2,R,0,0,0,
ppo_release_v0,ppo_release_v1,coordinate_role_gated,0,S08:regression_bootstrap_confirmation:c0,R,0,8,0,
ppo_release_v0,ppo_release_v1,coordinate_role_gated,0,S08:regression_bootstrap_confirmation:c1,R,0,1,0,
ppo_release_v0,ppo_release_v1,coordinate_role_gated,0,S08:regression_bootstrap_confirmation:c2,R,0,1,0,
ppo_release_v0,ppo_release_v1,coordinate_role_gated,0,S01:regression_bootstrap_confirmation:c0,I,10,0,0,0.0
ppo_release_v0,ppo_release_v1,coordinate_role_gated,0,S01:regression_bootstrap_confirmation:c1,I,0,0,0,
ppo_release_v0,ppo_release_v1,coordinate_role_gated,0,S01:regression_bootstrap_confirmation:c2,I,0,0,0,
ppo_release_v0,ppo_release_v1,coordinate_role_gated,0,S02:regression_bootstrap_confirmation:c0,I,15,2,0,0.0
ppo_release_v0,ppo_release_v1,coordinate_role_gated,0,S02:regression_bootstrap_confirmation:c1,I,2,8,2,1.0
ppo_release_v0,ppo_release_v1,coordinate_role_gated,0,S02:regression_bootstrap_confirmation:c2,I,15,2,0,0.0
ppo_release_v0,ppo_release_v1,coordinate_role_gated,0,S08:regression_bootstrap_confirmation:c0,I,0,7,0,
ppo_release_v0,ppo_release_v1,coordinate_role_gated,0,S08:regression_bootstrap_confirmation:c1,I,0,0,0,
ppo_release_v0,ppo_release_v1,coordinate_role_gated,0,S08:regression_bootstrap_confirmation:c2,I,0,1,0,
ppo_release_v0,ppo_release_v1,directed_role_gated,0,S01:regression_bootstrap_confirmation:c0,R,0,6,0,
ppo_release_v0,ppo_release_v1,directed_role_gated,0,S01:regression_bootstrap_confirmation:c1,R,0,1,0,
ppo_release_v0,ppo_release_v1,directed_role_gated,0,S01:regression_bootstrap_confirmation:c2,R,0,1,0,
ppo_release_v0,ppo_release_v1,directed_role_gated,0,S02:regression_bootstrap_confirmation:c0,R,0,0,0,
ppo_release_v0,ppo_release_v1,directed_role_gated,0,S02:regression_bootstrap_confirmation:c1,R,0,2,0,
ppo_release_v0,ppo_release_v1,directed_role_gated,0,S02:regression_bootstrap_confirmation:c2,R,0,0,0,
ppo_release_v0,ppo_release_v1,directed_role_gated,0,S08:regression_bootstrap_confirmation:c0,R,0,8,0,
ppo_release_v0,ppo_release_v1,directed_role_gated,0,S08:regression_bootstrap_confirmation:c1,R,0,1,0,
ppo_release_v0,ppo_release_v1,directed_role_gated,0,S08:regression_bootstrap_confirmation:c2,R,0,1,0,
ppo_release_v0,ppo_release_v1,directed_role_gated,0,S01:regression_bootstrap_confirmation:c0,I,10,6,5,0.5
ppo_release_v0,ppo_release_v1,directed_role_gated,0,S01:regression_bootstrap_confirmation:c1,I,0,0,0,
ppo_release_v0,ppo_release_v1,directed_role_gated,0,S01:regression_bootstrap_confirmation:c2,I,0,0,0,
ppo_release_v0,ppo_release_v1,directed_role_gated,0,S02:regression_bootstrap_confirmation:c0,I,15,2,0,0.0
ppo_release_v0,ppo_release_v1,directed_role_gated,0,S02:regression_bootstrap_confirmation:c1,I,2,1,0,0.0
ppo_release_v0,ppo_release_v1,directed_role_gated,0,S02:regression_bootstrap_confirmation:c2,I,15,2,0,0.0
ppo_release_v0,ppo_release_v1,directed_role_gated,0,S08:regression_bootstrap_confirmation:c0,I,0,9,0,
ppo_release_v0,ppo_release_v1,directed_role_gated,0,S08:regression_bootstrap_confirmation:c1,I,0,0,0,
ppo_release_v0,ppo_release_v1,directed_role_gated,0,S08:regression_bootstrap_confirmation:c2,I,0,0,0,
ppo_release_v0,ppo_release_v1,adaptive_role_hybrid,0,S01:regression_bootstrap_confirmation:c0,R,0,4,0,
ppo_release_v0,ppo_release_v1,adaptive_role_hybrid,0,S01:regression_bootstrap_confirmation:c1,R,0,1,0,
ppo_release_v0,ppo_release_v1,adaptive_role_hybrid,0,S01:regression_bootstrap_confirmation:c2,R,0,1,0,
ppo_release_v0,ppo_release_v1,adaptive_role_hybrid,0,S02:regression_bootstrap_confirmation:c0,R,0,0,0,
ppo_release_v0,ppo_release_v1,adaptive_role_hybrid,0,S02:regression_bootstrap_confirmation:c1,R,0,1,0,
ppo_release_v0,ppo_release_v1,adaptive_role_hybrid,0,S02:regression_bootstrap_confirmation:c2,R,0,0,0,
ppo_release_v0,ppo_release_v1,adaptive_role_hybrid,0,S08:regression_bootstrap_confirmation:c0,R,0,1,0,
ppo_release_v0,ppo_release_v1,adaptive_role_hybrid,0,S08:regression_bootstrap_confirmation:c1,R,0,1,0,
ppo_release_v0,ppo_release_v1,adaptive_role_hybrid,0,S08:regression_bootstrap_confirmation:c2,R,0,11,0,
ppo_release_v0,ppo_release_v1,adaptive_role_hybrid,0,S01:regression_bootstrap_confirmation:c0,I,10,0,0,0.0
ppo_release_v0,ppo_release_v1,adaptive_role_hybrid,0,S01:regression_bootstrap_confirmation:c1,I,0,0,0,
ppo_release_v0,ppo_release_v1,adaptive_role_hybrid,0,S01:regression_bootstrap_confirmation:c2,I,0,0,0,
ppo_release_v0,ppo_release_v1,adaptive_role_hybrid,0,S02:regression_bootstrap_confirmation:c0,I,15,2,0,0.0
ppo_release_v0,ppo_release_v1,adaptive_role_hybrid,0,S02:regression_bootstrap_confirmation:c1,I,2,7,2,1.0
ppo_release_v0,ppo_release_v1,adaptive_role_hybrid,0,S02:regression_bootstrap_confirmation:c2,I,15,2,0,0.0
ppo_release_v0,ppo_release_v1,adaptive_role_hybrid,0,S08:regression_bootstrap_confirmation:c0,I,0,9,0,
ppo_release_v0,ppo_release_v1,adaptive_role_hybrid,0,S08:regression_bootstrap_confirmation:c1,I,0,0,0,
ppo_release_v0,ppo_release_v1,adaptive_role_hybrid,0,S08:regression_bootstrap_confirmation:c2,I,0,0,0,
ppo_release_v0,ppo_release_v1,multi_frontier_role,0,S01:regression_bootstrap_confirmation:c0,R,0,6,0,
ppo_release_v0,ppo_release_v1,multi_frontier_role,0,S01:regression_bootstrap_confirmation:c1,R,0,1,0,
ppo_release_v0,ppo_release_v1,multi_frontier_role,0,S01:regression_bootstrap_confirmation:c2,R,0,1,0,
ppo_release_v0,ppo_release_v1,multi_frontier_role,0,S02:regression_bootstrap_confirmation:c0,R,0,0,0,
ppo_release_v0,ppo_release_v1,multi_frontier_role,0,S02:regression_bootstrap_confirmation:c1,R,0,2,0,
ppo_release_v0,ppo_release_v1,multi_frontier_role,0,S02:regression_bootstrap_confirmation:c2,R,0,0,0,
ppo_release_v0,ppo_release_v1,multi_frontier_role,0,S08:regression_bootstrap_confirmation:c0,R,0,8,0,
ppo_release_v0,ppo_release_v1,multi_frontier_role,0,S08:regression_bootstrap_confirmation:c1,R,0,1,0,
ppo_release_v0,ppo_release_v1,multi_frontier_role,0,S08:regression_bootstrap_confirmation:c2,R,0,1,0,
ppo_release_v0,ppo_release_v1,multi_frontier_role,0,S01:regression_bootstrap_confirmation:c0,I,10,6,5,0.5
ppo_release_v0,ppo_release_v1,multi_frontier_role,0,S01:regression_bootstrap_confirmation:c1,I,0,0,0,
ppo_release_v0,ppo_release_v1,multi_frontier_role,0,S01:regression_bootstrap_confirmation:c2,I,0,0,0,
ppo_release_v0,ppo_release_v1,multi_frontier_role,0,S02:regression_bootstrap_confirmation:c0,I,15,2,0,0.0
ppo_release_v0,ppo_release_v1,multi_frontier_role,0,S02:regression_bootstrap_confirmation:c1,I,2,1,0,0.0
ppo_release_v0,ppo_release_v1,multi_frontier_role,0,S02:regression_bootstrap_confirmation:c2,I,15,2,0,0.0
ppo_release_v0,ppo_release_v1,multi_frontier_role,0,S08:regression_bootstrap_confirmation:c0,I,0,9,0,
ppo_release_v0,ppo_release_v1,multi_frontier_role,0,S08:regression_bootstrap_confirmation:c1,I,0,0,0,
ppo_release_v0,ppo_release_v1,multi_frontier_role,0,S08:regression_bootstrap_confirmation:c2,I,0,0,0,
ppo_release_v0,ppo_release_v1,multi_frontier_diversified,0,S01:regression_bootstrap_confirmation:c0,R,0,6,0,
ppo_release_v0,ppo_release_v1,multi_frontier_diversified,0,S01:regression_bootstrap_confirmation:c1,R,0,1,0,
ppo_release_v0,ppo_release_v1,multi_frontier_diversified,0,S01:regression_bootstrap_confirmation:c2,R,0,1,0,
ppo_release_v0,ppo_release_v1,multi_frontier_diversified,0,S02:regression_bootstrap_confirmation:c0,R,0,0,0,
ppo_release_v0,ppo_release_v1,multi_frontier_diversified,0,S02:regression_bootstrap_confirmation:c1,R,0,2,0,
ppo_release_v0,ppo_release_v1,multi_frontier_diversified,0,S02:regression_bootstrap_confirmation:c2,R,0,0,0,
ppo_release_v0,ppo_release_v1,multi_frontier_diversified,0,S08:regression_bootstrap_confirmation:c0,R,0,8,0,
ppo_release_v0,ppo_release_v1,multi_frontier_diversified,0,S08:regression_bootstrap_confirmation:c1,R,0,1,0,
ppo_release_v0,ppo_release_v1,multi_frontier_diversified,0,S08:regression_bootstrap_confirmation:c2,R,0,1,0,
ppo_release_v0,ppo_release_v1,multi_frontier_diversified,0,S01:regression_bootstrap_confirmation:c0,I,10,6,5,0.5
ppo_release_v0,ppo_release_v1,multi_frontier_diversified,0,S01:regression_bootstrap_confirmation:c1,I,0,0,0,
ppo_release_v0,ppo_release_v1,multi_frontier_diversified,0,S01:regression_bootstrap_confirmation:c2,I,0,0,0,
ppo_release_v0,ppo_release_v1,multi_frontier_diversified,0,S02:regression_bootstrap_confirmation:c0,I,15,2,0,0.0
ppo_release_v0,ppo_release_v1,multi_frontier_diversified,0,S02:regression_bootstrap_confirmation:c1,I,2,1,0,0.0
ppo_release_v0,ppo_release_v1,multi_frontier_diversified,0,S02:regression_bootstrap_confirmation:c2,I,15,2,0,0.0
ppo_release_v0,ppo_release_v1,multi_frontier_diversified,0,S08:regression_bootstrap_confirmation:c0,I,0,9,0,
ppo_release_v0,ppo_release_v1,multi_frontier_diversified,0,S08:regression_bootstrap_confirmation:c1,I,0,0,0,
ppo_release_v0,ppo_release_v1,multi_frontier_diversified,0,S08:regression_bootstrap_confirmation:c2,I,0,0,0,
ppo_release_v0,ppo_release_v1,coordinate_multi_frontier,0,S01:regression_bootstrap_confirmation:c0,R,0,7,0,
ppo_release_v0,ppo_release_v1,coordinate_multi_frontier,0,S01:regression_bootstrap_confirmation:c1,R,0,1,0,
ppo_release_v0,ppo_release_v1,coordinate_multi_frontier,0,S01:regression_bootstrap_confirmation:c2,R,0,1,0,
ppo_release_v0,ppo_release_v1,coordinate_multi_frontier,0,S02:regression_bootstrap_confirmation:c0,R,0,0,0,
ppo_release_v0,ppo_release_v1,coordinate_multi_frontier,0,S02:regression_bootstrap_confirmation:c1,R,0,1,0,
ppo_release_v0,ppo_release_v1,coordinate_multi_frontier,0,S02:regression_bootstrap_confirmation:c2,R,0,0,0,
ppo_release_v0,ppo_release_v1,coordinate_multi_frontier,0,S08:regression_bootstrap_confirmation:c0,R,0,8,0,
ppo_release_v0,ppo_release_v1,coordinate_multi_frontier,0,S08:regression_bootstrap_confirmation:c1,R,0,1,0,
ppo_release_v0,ppo_release_v1,coordinate_multi_frontier,0,S08:regression_bootstrap_confirmation:c2,R,0,1,0,
ppo_release_v0,ppo_release_v1,coordinate_multi_frontier,0,S01:regression_bootstrap_confirmation:c0,I,10,0,0,0.0
ppo_release_v0,ppo_release_v1,coordinate_multi_frontier,0,S01:regression_bootstrap_confirmation:c1,I,0,0,0,
ppo_release_v0,ppo_release_v1,coordinate_multi_frontier,0,S01:regression_bootstrap_confirmation:c2,I,0,0,0,
ppo_release_v0,ppo_release_v1,coordinate_multi_frontier,0,S02:regression_bootstrap_confirmation:c0,I,15,2,0,0.0
ppo_release_v0,ppo_release_v1,coordinate_multi_frontier,0,S02:regression_bootstrap_confirmation:c1,I,2,8,2,1.0
ppo_release_v0,ppo_release_v1,coordinate_multi_frontier,0,S02:regression_bootstrap_confirmation:c2,I,15,2,0,0.0
ppo_release_v0,ppo_release_v1,coordinate_multi_frontier,0,S08:regression_bootstrap_confirmation:c0,I,0,7,0,
ppo_release_v0,ppo_release_v1,coordinate_multi_frontier,0,S08:regression_bootstrap_confirmation:c1,I,0,0,0,
ppo_release_v0,ppo_release_v1,coordinate_multi_frontier,0,S08:regression_bootstrap_confirmation:c2,I,0,1,0,
ppo_release_v0,ppo_release_v1,static_role_coverage_latest,0,S01:regression_bootstrap_confirmation:c0,R,0,4,0,
ppo_release_v0,ppo_release_v1,static_role_coverage_latest,0,S01:regression_bootstrap_confirmation:c1,R,0,1,0,
ppo_release_v0,ppo_release_v1,static_role_coverage_latest,0,S01:regression_bootstrap_confirmation:c2,R,0,1,0,
ppo_release_v0,ppo_release_v1,static_role_coverage_latest,0,S02:regression_bootstrap_confirmation:c0,R,0,0,0,
ppo_release_v0,ppo_release_v1,static_role_coverage_latest,0,S02:regression_bootstrap_confirmation:c1,R,0,1,0,
ppo_release_v0,ppo_release_v1,static_role_coverage_latest,0,S02:regression_bootstrap_confirmation:c2,R,0,0,0,
ppo_release_v0,ppo_release_v1,static_role_coverage_latest,0,S08:regression_bootstrap_confirmation:c0,R,0,1,0,
ppo_release_v0,ppo_release_v1,static_role_coverage_latest,0,S08:regression_bootstrap_confirmation:c1,R,0,1,0,
ppo_release_v0,ppo_release_v1,static_role_coverage_latest,0,S08:regression_bootstrap_confirmation:c2,R,0,11,0,
ppo_release_v0,ppo_release_v1,static_role_coverage_latest,0,S01:regression_bootstrap_confirmation:c0,I,10,0,0,0.0
ppo_release_v0,ppo_release_v1,static_role_coverage_latest,0,S01:regression_bootstrap_confirmation:c1,I,0,0,0,
ppo_release_v0,ppo_release_v1,static_role_coverage_latest,0,S01:regression_bootstrap_confirmation:c2,I,0,0,0,
ppo_release_v0,ppo_release_v1,static_role_coverage_latest,0,S02:regression_bootstrap_confirmation:c0,I,15,2,0,0.0
ppo_release_v0,ppo_release_v1,static_role_coverage_latest,0,S02:regression_bootstrap_confirmation:c1,I,2,12,2,1.0
ppo_release_v0,ppo_release_v1,static_role_coverage_latest,0,S02:regression_bootstrap_confirmation:c2,I,15,6,0,0.0
ppo_release_v0,ppo_release_v1,static_role_coverage_latest,0,S08:regression_bootstrap_confirmation:c0,I,0,0,0,
ppo_release_v0,ppo_release_v1,static_role_coverage_latest,0,S08:regression_bootstrap_confirmation:c1,I,0,0,0,
ppo_release_v0,ppo_release_v1,static_role_coverage_latest,0,S08:regression_bootstrap_confirmation:c2,I,0,0,0,
ppo_release_v0,ppo_release_v1,coordinate_role_gated_latest,0,S01:regression_bootstrap_confirmation:c0,R,0,7,0,
ppo_release_v0,ppo_release_v1,coordinate_role_gated_latest,0,S01:regression_bootstrap_confirmation:c1,R,0,1,0,
ppo_release_v0,ppo_release_v1,coordinate_role_gated_latest,0,S01:regression_bootstrap_confirmation:c2,R,0,1,0,
ppo_release_v0,ppo_release_v1,coordinate_role_gated_latest,0,S02:regression_bootstrap_confirmation:c0,R,0,0,0,
ppo_release_v0,ppo_release_v1,coordinate_role_gated_latest,0,S02:regression_bootstrap_confirmation:c1,R,0,1,0,
ppo_release_v0,ppo_release_v1,coordinate_role_gated_latest,0,S02:regression_bootstrap_confirmation:c2,R,0,0,0,
ppo_release_v0,ppo_release_v1,coordinate_role_gated_latest,0,S08:regression_bootstrap_confirmation:c0,R,0,8,0,
ppo_release_v0,ppo_release_v1,coordinate_role_gated_latest,0,S08:regression_bootstrap_confirmation:c1,R,0,1,0,
ppo_release_v0,ppo_release_v1,coordinate_role_gated_latest,0,S08:regression_bootstrap_confirmation:c2,R,0,1,0,
ppo_release_v0,ppo_release_v1,coordinate_role_gated_latest,0,S01:regression_bootstrap_confirmation:c0,I,10,0,0,0.0
ppo_release_v0,ppo_release_v1,coordinate_role_gated_latest,0,S01:regression_bootstrap_confirmation:c1,I,0,0,0,
ppo_release_v0,ppo_release_v1,coordinate_role_gated_latest,0,S01:regression_bootstrap_confirmation:c2,I,0,0,0,
ppo_release_v0,ppo_release_v1,coordinate_role_gated_latest,0,S02:regression_bootstrap_confirmation:c0,I,15,2,0,0.0
ppo_release_v0,ppo_release_v1,coordinate_role_gated_latest,0,S02:regression_bootstrap_confirmation:c1,I,2,8,2,1.0
ppo_release_v0,ppo_release_v1,coordinate_role_gated_latest,0,S02:regression_bootstrap_confirmation:c2,I,15,2,0,0.0
ppo_release_v0,ppo_release_v1,coordinate_role_gated_latest,0,S08:regression_bootstrap_confirmation:c0,I,0,7,0,
ppo_release_v0,ppo_release_v1,coordinate_role_gated_latest,0,S08:regression_bootstrap_confirmation:c1,I,0,0,0,
ppo_release_v0,ppo_release_v1,coordinate_role_gated_latest,0,S08:regression_bootstrap_confirmation:c2,I,0,1,0,
ppo_release_v0,ppo_release_v1,directed_role_gated_latest,0,S01:regression_bootstrap_confirmation:c0,R,0,7,0,
ppo_release_v0,ppo_release_v1,directed_role_gated_latest,0,S01:regression_bootstrap_confirmation:c1,R,0,1,0,
ppo_release_v0,ppo_release_v1,directed_role_gated_latest,0,S01:regression_bootstrap_confirmation:c2,R,0,1,0,
ppo_release_v0,ppo_release_v1,directed_role_gated_latest,0,S02:regression_bootstrap_confirmation:c0,R,0,0,0,
ppo_release_v0,ppo_release_v1,directed_role_gated_latest,0,S02:regression_bootstrap_confirmation:c1,R,0,1,0,
ppo_release_v0,ppo_release_v1,directed_role_gated_latest,0,S02:regression_bootstrap_confirmation:c2,R,0,0,0,
ppo_release_v0,ppo_release_v1,directed_role_gated_latest,0,S08:regression_bootstrap_confirmation:c0,R,0,8,0,
ppo_release_v0,ppo_release_v1,directed_role_gated_latest,0,S08:regression_bootstrap_confirmation:c1,R,0,1,0,
ppo_release_v0,ppo_release_v1,directed_role_gated_latest,0,S08:regression_bootstrap_confirmation:c2,R,0,1,0,
ppo_release_v0,ppo_release_v1,directed_role_gated_latest,0,S01:regression_bootstrap_confirmation:c0,I,10,6,5,0.5
ppo_release_v0,ppo_release_v1,directed_role_gated_latest,0,S01:regression_bootstrap_confirmation:c1,I,0,0,0,
ppo_release_v0,ppo_release_v1,directed_role_gated_latest,0,S01:regression_bootstrap_confirmation:c2,I,0,0,0,
ppo_release_v0,ppo_release_v1,directed_role_gated_latest,0,S02:regression_bootstrap_confirmation:c0,I,15,2,0,0.0
ppo_release_v0,ppo_release_v1,directed_role_gated_latest,0,S02:regression_bootstrap_confirmation:c1,I,2,1,0,0.0
ppo_release_v0,ppo_release_v1,directed_role_gated_latest,0,S02:regression_bootstrap_confirmation:c2,I,15,2,0,0.0
ppo_release_v0,ppo_release_v1,directed_role_gated_latest,0,S08:regression_bootstrap_confirmation:c0,I,0,9,0,
ppo_release_v0,ppo_release_v1,directed_role_gated_latest,0,S08:regression_bootstrap_confirmation:c1,I,0,0,0,
ppo_release_v0,ppo_release_v1,directed_role_gated_latest,0,S08:regression_bootstrap_confirmation:c2,I,0,0,0,
ppo_release_v0,ppo_release_v1,static_role_coverage_span,0,S01:regression_bootstrap_confirmation:c0,R,0,4,0,
ppo_release_v0,ppo_release_v1,static_role_coverage_span,0,S01:regression_bootstrap_confirmation:c1,R,0,1,0,
ppo_release_v0,ppo_release_v1,static_role_coverage_span,0,S01:regression_bootstrap_confirmation:c2,R,0,1,0,
ppo_release_v0,ppo_release_v1,static_role_coverage_span,0,S02:regression_bootstrap_confirmation:c0,R,0,0,0,
ppo_release_v0,ppo_release_v1,static_role_coverage_span,0,S02:regression_bootstrap_confirmation:c1,R,0,1,0,
ppo_release_v0,ppo_release_v1,static_role_coverage_span,0,S02:regression_bootstrap_confirmation:c2,R,0,0,0,
ppo_release_v0,ppo_release_v1,static_role_coverage_span,0,S08:regression_bootstrap_confirmation:c0,R,0,1,0,
ppo_release_v0,ppo_release_v1,static_role_coverage_span,0,S08:regression_bootstrap_confirmation:c1,R,0,1,0,
ppo_release_v0,ppo_release_v1,static_role_coverage_span,0,S08:regression_bootstrap_confirmation:c2,R,0,11,0,
ppo_release_v0,ppo_release_v1,static_role_coverage_span,0,S01:regression_bootstrap_confirmation:c0,I,10,16,10,1.0
ppo_release_v0,ppo_release_v1,static_role_coverage_span,0,S01:regression_bootstrap_confirmation:c1,I,0,0,0,
ppo_release_v0,ppo_release_v1,static_role_coverage_span,0,S01:regression_bootstrap_confirmation:c2,I,0,0,0,
ppo_release_v0,ppo_release_v1,static_role_coverage_span,0,S02:regression_bootstrap_confirmation:c0,I,15,2,0,0.0
ppo_release_v0,ppo_release_v1,static_role_coverage_span,0,S02:regression_bootstrap_confirmation:c1,I,2,0,0,0.0
ppo_release_v0,ppo_release_v1,static_role_coverage_span,0,S02:regression_bootstrap_confirmation:c2,I,15,2,0,0.0
ppo_release_v0,ppo_release_v1,static_role_coverage_span,0,S08:regression_bootstrap_confirmation:c0,I,0,0,0,
ppo_release_v0,ppo_release_v1,static_role_coverage_span,0,S08:regression_bootstrap_confirmation:c1,I,0,0,0,
ppo_release_v0,ppo_release_v1,static_role_coverage_span,0,S08:regression_bootstrap_confirmation:c2,I,0,0,0,
ppo_release_v0,ppo_release_v1,coordinate_role_gated_span,0,S01:regression_bootstrap_confirmation:c0,R,0,7,0,
ppo_release_v0,ppo_release_v1,coordinate_role_gated_span,0,S01:regression_bootstrap_confirmation:c1,R,0,1,0,
ppo_release_v0,ppo_release_v1,coordinate_role_gated_span,0,S01:regression_bootstrap_confirmation:c2,R,0,1,0,
ppo_release_v0,ppo_release_v1,coordinate_role_gated_span,0,S02:regression_bootstrap_confirmation:c0,R,0,0,0,
ppo_release_v0,ppo_release_v1,coordinate_role_gated_span,0,S02:regression_bootstrap_confirmation:c1,R,0,1,0,
ppo_release_v0,ppo_release_v1,coordinate_role_gated_span,0,S02:regression_bootstrap_confirmation:c2,R,0,0,0,
ppo_release_v0,ppo_release_v1,coordinate_role_gated_span,0,S08:regression_bootstrap_confirmation:c0,R,0,8,0,
ppo_release_v0,ppo_release_v1,coordinate_role_gated_span,0,S08:regression_bootstrap_confirmation:c1,R,0,1,0,
ppo_release_v0,ppo_release_v1,coordinate_role_gated_span,0,S08:regression_bootstrap_confirmation:c2,R,0,1,0,
ppo_release_v0,ppo_release_v1,coordinate_role_gated_span,0,S01:regression_bootstrap_confirmation:c0,I,10,0,0,0.0
ppo_release_v0,ppo_release_v1,coordinate_role_gated_span,0,S01:regression_bootstrap_confirmation:c1,I,0,0,0,
ppo_release_v0,ppo_release_v1,coordinate_role_gated_span,0,S01:regression_bootstrap_confirmation:c2,I,0,0,0,
ppo_release_v0,ppo_release_v1,coordinate_role_gated_span,0,S02:regression_bootstrap_confirmation:c0,I,15,2,0,0.0
ppo_release_v0,ppo_release_v1,coordinate_role_gated_span,0,S02:regression_bootstrap_confirmation:c1,I,2,8,2,1.0
ppo_release_v0,ppo_release_v1,coordinate_role_gated_span,0,S02:regression_bootstrap_confirmation:c2,I,15,2,0,0.0
ppo_release_v0,ppo_release_v1,coordinate_role_gated_span,0,S08:regression_bootstrap_confirmation:c0,I,0,7,0,
ppo_release_v0,ppo_release_v1,coordinate_role_gated_span,0,S08:regression_bootstrap_confirmation:c1,I,0,0,0,
ppo_release_v0,ppo_release_v1,coordinate_role_gated_span,0,S08:regression_bootstrap_confirmation:c2,I,0,1,0,
ppo_release_v0,ppo_release_v1,directed_role_gated_span,0,S01:regression_bootstrap_confirmation:c0,R,0,7,0,
ppo_release_v0,ppo_release_v1,directed_role_gated_span,0,S01:regression_bootstrap_confirmation:c1,R,0,1,0,
ppo_release_v0,ppo_release_v1,directed_role_gated_span,0,S01:regression_bootstrap_confirmation:c2,R,0,1,0,
ppo_release_v0,ppo_release_v1,directed_role_gated_span,0,S02:regression_bootstrap_confirmation:c0,R,0,0,0,
ppo_release_v0,ppo_release_v1,directed_role_gated_span,0,S02:regression_bootstrap_confirmation:c1,R,0,1,0,
ppo_release_v0,ppo_release_v1,directed_role_gated_span,0,S02:regression_bootstrap_confirmation:c2,R,0,0,0,
ppo_release_v0,ppo_release_v1,directed_role_gated_span,0,S08:regression_bootstrap_confirmation:c0,R,0,8,0,
ppo_release_v0,ppo_release_v1,directed_role_gated_span,0,S08:regression_bootstrap_confirmation:c1,R,0,1,0,
ppo_release_v0,ppo_release_v1,directed_role_gated_span,0,S08:regression_bootstrap_confirmation:c2,R,0,1,0,
ppo_release_v0,ppo_release_v1,directed_role_gated_span,0,S01:regression_bootstrap_confirmation:c0,I,10,6,5,0.5
ppo_release_v0,ppo_release_v1,directed_role_gated_span,0,S01:regression_bootstrap_confirmation:c1,I,0,0,0,
ppo_release_v0,ppo_release_v1,directed_role_gated_span,0,S01:regression_bootstrap_confirmation:c2,I,0,0,0,
ppo_release_v0,ppo_release_v1,directed_role_gated_span,0,S02:regression_bootstrap_confirmation:c0,I,15,2,0,0.0
ppo_release_v0,ppo_release_v1,directed_role_gated_span,0,S02:regression_bootstrap_confirmation:c1,I,2,1,0,0.0
ppo_release_v0,ppo_release_v1,directed_role_gated_span,0,S02:regression_bootstrap_confirmation:c2,I,15,2,0,0.0
ppo_release_v0,ppo_release_v1,directed_role_gated_span,0,S08:regression_bootstrap_confirmation:c0,I,0,9,0,
ppo_release_v0,ppo_release_v1,directed_role_gated_span,0,S08:regression_bootstrap_confirmation:c1,I,0,0,0,
ppo_release_v0,ppo_release_v1,directed_role_gated_span,0,S08:regression_bootstrap_confirmation:c2,I,0,0,0,
ppo_release_v0,ppo_release_v1,directed_role_gated_edges,0,S01:regression_bootstrap_confirmation:c0,R,0,6,0,
ppo_release_v0,ppo_release_v1,directed_role_gated_edges,0,S01:regression_bootstrap_confirmation:c1,R,0,1,0,
ppo_release_v0,ppo_release_v1,directed_role_gated_edges,0,S01:regression_bootstrap_confirmation:c2,R,0,1,0,
ppo_release_v0,ppo_release_v1,directed_role_gated_edges,0,S02:regression_bootstrap_confirmation:c0,R,0,0,0,
ppo_release_v0,ppo_release_v1,directed_role_gated_edges,0,S02:regression_bootstrap_confirmation:c1,R,0,2,0,
ppo_release_v0,ppo_release_v1,directed_role_gated_edges,0,S02:regression_bootstrap_confirmation:c2,R,0,0,0,
ppo_release_v0,ppo_release_v1,directed_role_gated_edges,0,S08:regression_bootstrap_confirmation:c0,R,0,8,0,
ppo_release_v0,ppo_release_v1,directed_role_gated_edges,0,S08:regression_bootstrap_confirmation:c1,R,0,1,0,
ppo_release_v0,ppo_release_v1,directed_role_gated_edges,0,S08:regression_bootstrap_confirmation:c2,R,0,1,0,
ppo_release_v0,ppo_release_v1,directed_role_gated_edges,0,S01:regression_bootstrap_confirmation:c0,I,10,6,5,0.5
ppo_release_v0,ppo_release_v1,directed_role_gated_edges,0,S01:regression_bootstrap_confirmation:c1,I,0,0,0,
ppo_release_v0,ppo_release_v1,directed_role_gated_edges,0,S01:regression_bootstrap_confirmation:c2,I,0,0,0,
ppo_release_v0,ppo_release_v1,directed_role_gated_edges,0,S02:regression_bootstrap_confirmation:c0,I,15,2,0,0.0
ppo_release_v0,ppo_release_v1,directed_role_gated_edges,0,S02:regression_bootstrap_confirmation:c1,I,2,1,0,0.0
ppo_release_v0,ppo_release_v1,directed_role_gated_edges,0,S02:regression_bootstrap_confirmation:c2,I,15,2,0,0.0
ppo_release_v0,ppo_release_v1,directed_role_gated_edges,0,S08:regression_bootstrap_confirmation:c0,I,0,9,0,
ppo_release_v0,ppo_release_v1,directed_role_gated_edges,0,S08:regression_bootstrap_confirmation:c1,I,0,0,0,
ppo_release_v0,ppo_release_v1,directed_role_gated_edges,0,S08:regression_bootstrap_confirmation:c2,I,0,0,0,
ppo_release_v1,ppo_release_v2,random,0,S01:regression_bootstrap_confirmation:c0,R,0,5,0,
ppo_release_v1,ppo_release_v2,random,0,S01:regression_bootstrap_confirmation:c1,R,0,1,0,
ppo_release_v1,ppo_release_v2,random,0,S01:regression_bootstrap_confirmation:c2,R,0,4,0,
ppo_release_v1,ppo_release_v2,random,0,S02:regression_bootstrap_confirmation:c0,R,9,1,0,0.0
ppo_release_v1,ppo_release_v2,random,0,S02:regression_bootstrap_confirmation:c1,R,0,3,0,
ppo_release_v1,ppo_release_v2,random,0,S02:regression_bootstrap_confirmation:c2,R,1,0,0,0.0
ppo_release_v1,ppo_release_v2,random,0,S08:regression_bootstrap_confirmation:c0,R,0,1,0,
ppo_release_v1,ppo_release_v2,random,0,S08:regression_bootstrap_confirmation:c1,R,0,3,0,
ppo_release_v1,ppo_release_v2,random,0,S08:regression_bootstrap_confirmation:c2,R,0,2,0,
ppo_release_v1,ppo_release_v2,random,0,S01:regression_bootstrap_confirmation:c0,I,0,1,0,
ppo_release_v1,ppo_release_v2,random,0,S01:regression_bootstrap_confirmation:c1,I,0,0,0,
ppo_release_v1,ppo_release_v2,random,0,S01:regression_bootstrap_confirmation:c2,I,0,1,0,
ppo_release_v1,ppo_release_v2,random,0,S02:regression_bootstrap_confirmation:c0,I,11,10,1,0.09090909090909091
ppo_release_v1,ppo_release_v2,random,0,S02:regression_bootstrap_confirmation:c1,I,6,1,0,0.0
ppo_release_v1,ppo_release_v2,random,0,S02:regression_bootstrap_confirmation:c2,I,17,7,2,0.11764705882352941
ppo_release_v1,ppo_release_v2,random,0,S08:regression_bootstrap_confirmation:c0,I,0,0,0,
ppo_release_v1,ppo_release_v2,random,0,S08:regression_bootstrap_confirmation:c1,I,0,0,0,
ppo_release_v1,ppo_release_v2,random,0,S08:regression_bootstrap_confirmation:c2,I,0,0,0,
ppo_release_v1,ppo_release_v2,random,1,S01:regression_bootstrap_confirmation:c0,R,0,1,0,
ppo_release_v1,ppo_release_v2,random,1,S01:regression_bootstrap_confirmation:c1,R,0,2,0,
ppo_release_v1,ppo_release_v2,random,1,S01:regression_bootstrap_confirmation:c2,R,0,5,0,
ppo_release_v1,ppo_release_v2,random,1,S02:regression_bootstrap_confirmation:c0,R,9,0,0,0.0
ppo_release_v1,ppo_release_v2,random,1,S02:regression_bootstrap_confirmation:c1,R,0,2,0,
ppo_release_v1,ppo_release_v2,random,1,S02:regression_bootstrap_confirmation:c2,R,1,3,0,0.0
ppo_release_v1,ppo_release_v2,random,1,S08:regression_bootstrap_confirmation:c0,R,0,2,0,
ppo_release_v1,ppo_release_v2,random,1,S08:regression_bootstrap_confirmation:c1,R,0,3,0,
ppo_release_v1,ppo_release_v2,random,1,S08:regression_bootstrap_confirmation:c2,R,0,2,0,
ppo_release_v1,ppo_release_v2,random,1,S01:regression_bootstrap_confirmation:c0,I,0,0,0,
ppo_release_v1,ppo_release_v2,random,1,S01:regression_bootstrap_confirmation:c1,I,0,0,0,
ppo_release_v1,ppo_release_v2,random,1,S01:regression_bootstrap_confirmation:c2,I,0,0,0,
ppo_release_v1,ppo_release_v2,random,1,S02:regression_bootstrap_confirmation:c0,I,11,4,1,0.09090909090909091
ppo_release_v1,ppo_release_v2,random,1,S02:regression_bootstrap_confirmation:c1,I,6,1,0,0.0
ppo_release_v1,ppo_release_v2,random,1,S02:regression_bootstrap_confirmation:c2,I,17,9,2,0.11764705882352941
ppo_release_v1,ppo_release_v2,random,1,S08:regression_bootstrap_confirmation:c0,I,0,5,0,
ppo_release_v1,ppo_release_v2,random,1,S08:regression_bootstrap_confirmation:c1,I,0,0,0,
ppo_release_v1,ppo_release_v2,random,1,S08:regression_bootstrap_confirmation:c2,I,0,1,0,
ppo_release_v1,ppo_release_v2,random,2,S01:regression_bootstrap_confirmation:c0,R,0,2,0,
ppo_release_v1,ppo_release_v2,random,2,S01:regression_bootstrap_confirmation:c1,R,0,4,0,
ppo_release_v1,ppo_release_v2,random,2,S01:regression_bootstrap_confirmation:c2,R,0,3,0,
ppo_release_v1,ppo_release_v2,random,2,S02:regression_bootstrap_confirmation:c0,R,9,0,0,0.0
ppo_release_v1,ppo_release_v2,random,2,S02:regression_bootstrap_confirmation:c1,R,0,5,0,
ppo_release_v1,ppo_release_v2,random,2,S02:regression_bootstrap_confirmation:c2,R,1,0,0,0.0
ppo_release_v1,ppo_release_v2,random,2,S08:regression_bootstrap_confirmation:c0,R,0,3,0,
ppo_release_v1,ppo_release_v2,random,2,S08:regression_bootstrap_confirmation:c1,R,0,0,0,
ppo_release_v1,ppo_release_v2,random,2,S08:regression_bootstrap_confirmation:c2,R,0,3,0,
ppo_release_v1,ppo_release_v2,random,2,S01:regression_bootstrap_confirmation:c0,I,0,2,0,
ppo_release_v1,ppo_release_v2,random,2,S01:regression_bootstrap_confirmation:c1,I,0,0,0,
ppo_release_v1,ppo_release_v2,random,2,S01:regression_bootstrap_confirmation:c2,I,0,1,0,
ppo_release_v1,ppo_release_v2,random,2,S02:regression_bootstrap_confirmation:c0,I,11,6,2,0.18181818181818182
ppo_release_v1,ppo_release_v2,random,2,S02:regression_bootstrap_confirmation:c1,I,6,0,0,0.0
ppo_release_v1,ppo_release_v2,random,2,S02:regression_bootstrap_confirmation:c2,I,17,6,2,0.11764705882352941
ppo_release_v1,ppo_release_v2,random,2,S08:regression_bootstrap_confirmation:c0,I,0,3,0,
ppo_release_v1,ppo_release_v2,random,2,S08:regression_bootstrap_confirmation:c1,I,0,0,0,
ppo_release_v1,ppo_release_v2,random,2,S08:regression_bootstrap_confirmation:c2,I,0,2,0,
ppo_release_v1,ppo_release_v2,random,3,S01:regression_bootstrap_confirmation:c0,R,0,1,0,
ppo_release_v1,ppo_release_v2,random,3,S01:regression_bootstrap_confirmation:c1,R,0,2,0,
ppo_release_v1,ppo_release_v2,random,3,S01:regression_bootstrap_confirmation:c2,R,0,2,0,
ppo_release_v1,ppo_release_v2,random,3,S02:regression_bootstrap_confirmation:c0,R,9,3,2,0.2222222222222222
ppo_release_v1,ppo_release_v2,random,3,S02:regression_bootstrap_confirmation:c1,R,0,3,0,
ppo_release_v1,ppo_release_v2,random,3,S02:regression_bootstrap_confirmation:c2,R,1,1,0,0.0
ppo_release_v1,ppo_release_v2,random,3,S08:regression_bootstrap_confirmation:c0,R,0,2,0,
ppo_release_v1,ppo_release_v2,random,3,S08:regression_bootstrap_confirmation:c1,R,0,2,0,
ppo_release_v1,ppo_release_v2,random,3,S08:regression_bootstrap_confirmation:c2,R,0,4,0,
ppo_release_v1,ppo_release_v2,random,3,S01:regression_bootstrap_confirmation:c0,I,0,3,0,
ppo_release_v1,ppo_release_v2,random,3,S01:regression_bootstrap_confirmation:c1,I,0,0,0,
ppo_release_v1,ppo_release_v2,random,3,S01:regression_bootstrap_confirmation:c2,I,0,1,0,
ppo_release_v1,ppo_release_v2,random,3,S02:regression_bootstrap_confirmation:c0,I,11,9,0,0.0
ppo_release_v1,ppo_release_v2,random,3,S02:regression_bootstrap_confirmation:c1,I,6,0,0,0.0
ppo_release_v1,ppo_release_v2,random,3,S02:regression_bootstrap_confirmation:c2,I,17,5,0,0.0
ppo_release_v1,ppo_release_v2,random,3,S08:regression_bootstrap_confirmation:c0,I,0,1,0,
ppo_release_v1,ppo_release_v2,random,3,S08:regression_bootstrap_confirmation:c1,I,0,0,0,
ppo_release_v1,ppo_release_v2,random,3,S08:regression_bootstrap_confirmation:c2,I,0,1,0,
ppo_release_v1,ppo_release_v2,random,4,S01:regression_bootstrap_confirmation:c0,R,0,3,0,
ppo_release_v1,ppo_release_v2,random,4,S01:regression_bootstrap_confirmation:c1,R,0,8,0,
ppo_release_v1,ppo_release_v2,random,4,S01:regression_bootstrap_confirmation:c2,R,0,3,0,
ppo_release_v1,ppo_release_v2,random,4,S02:regression_bootstrap_confirmation:c0,R,9,1,1,0.1111111111111111
ppo_release_v1,ppo_release_v2,random,4,S02:regression_bootstrap_confirmation:c1,R,0,0,0,
ppo_release_v1,ppo_release_v2,random,4,S02:regression_bootstrap_confirmation:c2,R,1,0,0,0.0
ppo_release_v1,ppo_release_v2,random,4,S08:regression_bootstrap_confirmation:c0,R,0,1,0,
ppo_release_v1,ppo_release_v2,random,4,S08:regression_bootstrap_confirmation:c1,R,0,2,0,
ppo_release_v1,ppo_release_v2,random,4,S08:regression_bootstrap_confirmation:c2,R,0,2,0,
ppo_release_v1,ppo_release_v2,random,4,S01:regression_bootstrap_confirmation:c0,I,0,3,0,
ppo_release_v1,ppo_release_v2,random,4,S01:regression_bootstrap_confirmation:c1,I,0,0,0,
ppo_release_v1,ppo_release_v2,random,4,S01:regression_bootstrap_confirmation:c2,I,0,2,0,
ppo_release_v1,ppo_release_v2,random,4,S02:regression_bootstrap_confirmation:c0,I,11,4,1,0.09090909090909091
ppo_release_v1,ppo_release_v2,random,4,S02:regression_bootstrap_confirmation:c1,I,6,0,0,0.0
ppo_release_v1,ppo_release_v2,random,4,S02:regression_bootstrap_confirmation:c2,I,17,7,3,0.17647058823529413
ppo_release_v1,ppo_release_v2,random,4,S08:regression_bootstrap_confirmation:c0,I,0,4,0,
ppo_release_v1,ppo_release_v2,random,4,S08:regression_bootstrap_confirmation:c1,I,0,0,0,
ppo_release_v1,ppo_release_v2,random,4,S08:regression_bootstrap_confirmation:c2,I,0,0,0,
ppo_release_v1,ppo_release_v2,random,5,S01:regression_bootstrap_confirmation:c0,R,0,1,0,
ppo_release_v1,ppo_release_v2,random,5,S01:regression_bootstrap_confirmation:c1,R,0,3,0,
ppo_release_v1,ppo_release_v2,random,5,S01:regression_bootstrap_confirmation:c2,R,0,2,0,
ppo_release_v1,ppo_release_v2,random,5,S02:regression_bootstrap_confirmation:c0,R,9,1,1,0.1111111111111111
ppo_release_v1,ppo_release_v2,random,5,S02:regression_bootstrap_confirmation:c1,R,0,3,0,
ppo_release_v1,ppo_release_v2,random,5,S02:regression_bootstrap_confirmation:c2,R,1,1,0,0.0
ppo_release_v1,ppo_release_v2,random,5,S08:regression_bootstrap_confirmation:c0,R,0,2,0,
ppo_release_v1,ppo_release_v2,random,5,S08:regression_bootstrap_confirmation:c1,R,0,3,0,
ppo_release_v1,ppo_release_v2,random,5,S08:regression_bootstrap_confirmation:c2,R,0,4,0,
ppo_release_v1,ppo_release_v2,random,5,S01:regression_bootstrap_confirmation:c0,I,0,4,0,
ppo_release_v1,ppo_release_v2,random,5,S01:regression_bootstrap_confirmation:c1,I,0,0,0,
ppo_release_v1,ppo_release_v2,random,5,S01:regression_bootstrap_confirmation:c2,I,0,0,0,
ppo_release_v1,ppo_release_v2,random,5,S02:regression_bootstrap_confirmation:c0,I,11,9,0,0.0
ppo_release_v1,ppo_release_v2,random,5,S02:regression_bootstrap_confirmation:c1,I,6,0,0,0.0
ppo_release_v1,ppo_release_v2,random,5,S02:regression_bootstrap_confirmation:c2,I,17,3,0,0.0
ppo_release_v1,ppo_release_v2,random,5,S08:regression_bootstrap_confirmation:c0,I,0,3,0,
ppo_release_v1,ppo_release_v2,random,5,S08:regression_bootstrap_confirmation:c1,I,0,0,0,
ppo_release_v1,ppo_release_v2,random,5,S08:regression_bootstrap_confirmation:c2,I,0,1,0,
ppo_release_v1,ppo_release_v2,random,6,S01:regression_bootstrap_confirmation:c0,R,0,1,0,
ppo_release_v1,ppo_release_v2,random,6,S01:regression_bootstrap_confirmation:c1,R,0,3,0,
ppo_release_v1,ppo_release_v2,random,6,S01:regression_bootstrap_confirmation:c2,R,0,0,0,
ppo_release_v1,ppo_release_v2,random,6,S02:regression_bootstrap_confirmation:c0,R,9,1,0,0.0
ppo_release_v1,ppo_release_v2,random,6,S02:regression_bootstrap_confirmation:c1,R,0,5,0,
ppo_release_v1,ppo_release_v2,random,6,S02:regression_bootstrap_confirmation:c2,R,1,0,0,0.0
ppo_release_v1,ppo_release_v2,random,6,S08:regression_bootstrap_confirmation:c0,R,0,2,0,
ppo_release_v1,ppo_release_v2,random,6,S08:regression_bootstrap_confirmation:c1,R,0,4,0,
ppo_release_v1,ppo_release_v2,random,6,S08:regression_bootstrap_confirmation:c2,R,0,4,0,
ppo_release_v1,ppo_release_v2,random,6,S01:regression_bootstrap_confirmation:c0,I,0,0,0,
ppo_release_v1,ppo_release_v2,random,6,S01:regression_bootstrap_confirmation:c1,I,0,0,0,
ppo_release_v1,ppo_release_v2,random,6,S01:regression_bootstrap_confirmation:c2,I,0,1,0,
ppo_release_v1,ppo_release_v2,random,6,S02:regression_bootstrap_confirmation:c0,I,11,8,0,0.0
ppo_release_v1,ppo_release_v2,random,6,S02:regression_bootstrap_confirmation:c1,I,6,0,0,0.0
ppo_release_v1,ppo_release_v2,random,6,S02:regression_bootstrap_confirmation:c2,I,17,9,1,0.058823529411764705
ppo_release_v1,ppo_release_v2,random,6,S08:regression_bootstrap_confirmation:c0,I,0,2,0,
ppo_release_v1,ppo_release_v2,random,6,S08:regression_bootstrap_confirmation:c1,I,0,0,0,
ppo_release_v1,ppo_release_v2,random,6,S08:regression_bootstrap_confirmation:c2,I,0,0,0,
ppo_release_v1,ppo_release_v2,random,7,S01:regression_bootstrap_confirmation:c0,R,0,4,0,
ppo_release_v1,ppo_release_v2,random,7,S01:regression_bootstrap_confirmation:c1,R,0,2,0,
ppo_release_v1,ppo_release_v2,random,7,S01:regression_bootstrap_confirmation:c2,R,0,2,0,
ppo_release_v1,ppo_release_v2,random,7,S02:regression_bootstrap_confirmation:c0,R,9,0,0,0.0
ppo_release_v1,ppo_release_v2,random,7,S02:regression_bootstrap_confirmation:c1,R,0,0,0,
ppo_release_v1,ppo_release_v2,random,7,S02:regression_bootstrap_confirmation:c2,R,1,0,0,0.0
ppo_release_v1,ppo_release_v2,random,7,S08:regression_bootstrap_confirmation:c0,R,0,1,0,
ppo_release_v1,ppo_release_v2,random,7,S08:regression_bootstrap_confirmation:c1,R,0,4,0,
ppo_release_v1,ppo_release_v2,random,7,S08:regression_bootstrap_confirmation:c2,R,0,7,0,
ppo_release_v1,ppo_release_v2,random,7,S01:regression_bootstrap_confirmation:c0,I,0,1,0,
ppo_release_v1,ppo_release_v2,random,7,S01:regression_bootstrap_confirmation:c1,I,0,0,0,
ppo_release_v1,ppo_release_v2,random,7,S01:regression_bootstrap_confirmation:c2,I,0,1,0,
ppo_release_v1,ppo_release_v2,random,7,S02:regression_bootstrap_confirmation:c0,I,11,5,0,0.0
ppo_release_v1,ppo_release_v2,random,7,S02:regression_bootstrap_confirmation:c1,I,6,2,1,0.16666666666666666
ppo_release_v1,ppo_release_v2,random,7,S02:regression_bootstrap_confirmation:c2,I,17,10,3,0.17647058823529413
ppo_release_v1,ppo_release_v2,random,7,S08:regression_bootstrap_confirmation:c0,I,0,1,0,
ppo_release_v1,ppo_release_v2,random,7,S08:regression_bootstrap_confirmation:c1,I,0,0,0,
ppo_release_v1,ppo_release_v2,random,7,S08:regression_bootstrap_confirmation:c2,I,0,0,0,
ppo_release_v1,ppo_release_v2,random,8,S01:regression_bootstrap_confirmation:c0,R,0,4,0,
ppo_release_v1,ppo_release_v2,random,8,S01:regression_bootstrap_confirmation:c1,R,0,3,0,
ppo_release_v1,ppo_release_v2,random,8,S01:regression_bootstrap_confirmation:c2,R,0,1,0,
ppo_release_v1,ppo_release_v2,random,8,S02:regression_bootstrap_confirmation:c0,R,9,0,0,0.0
ppo_release_v1,ppo_release_v2,random,8,S02:regression_bootstrap_confirmation:c1,R,0,3,0,
ppo_release_v1,ppo_release_v2,random,8,S02:regression_bootstrap_confirmation:c2,R,1,2,0,0.0
ppo_release_v1,ppo_release_v2,random,8,S08:regression_bootstrap_confirmation:c0,R,0,4,0,
ppo_release_v1,ppo_release_v2,random,8,S08:regression_bootstrap_confirmation:c1,R,0,2,0,
ppo_release_v1,ppo_release_v2,random,8,S08:regression_bootstrap_confirmation:c2,R,0,1,0,
ppo_release_v1,ppo_release_v2,random,8,S01:regression_bootstrap_confirmation:c0,I,0,1,0,
ppo_release_v1,ppo_release_v2,random,8,S01:regression_bootstrap_confirmation:c1,I,0,0,0,
ppo_release_v1,ppo_release_v2,random,8,S01:regression_bootstrap_confirmation:c2,I,0,1,0,
ppo_release_v1,ppo_release_v2,random,8,S02:regression_bootstrap_confirmation:c0,I,11,5,1,0.09090909090909091
ppo_release_v1,ppo_release_v2,random,8,S02:regression_bootstrap_confirmation:c1,I,6,0,0,0.0
ppo_release_v1,ppo_release_v2,random,8,S02:regression_bootstrap_confirmation:c2,I,17,8,0,0.0
ppo_release_v1,ppo_release_v2,random,8,S08:regression_bootstrap_confirmation:c0,I,0,3,0,
ppo_release_v1,ppo_release_v2,random,8,S08:regression_bootstrap_confirmation:c1,I,0,0,0,
ppo_release_v1,ppo_release_v2,random,8,S08:regression_bootstrap_confirmation:c2,I,0,2,0,
ppo_release_v1,ppo_release_v2,random,9,S01:regression_bootstrap_confirmation:c0,R,0,3,0,
ppo_release_v1,ppo_release_v2,random,9,S01:regression_bootstrap_confirmation:c1,R,0,3,0,
ppo_release_v1,ppo_release_v2,random,9,S01:regression_bootstrap_confirmation:c2,R,0,3,0,
ppo_release_v1,ppo_release_v2,random,9,S02:regression_bootstrap_confirmation:c0,R,9,0,0,0.0
ppo_release_v1,ppo_release_v2,random,9,S02:regression_bootstrap_confirmation:c1,R,0,3,0,
ppo_release_v1,ppo_release_v2,random,9,S02:regression_bootstrap_confirmation:c2,R,1,0,0,0.0
ppo_release_v1,ppo_release_v2,random,9,S08:regression_bootstrap_confirmation:c0,R,0,2,0,
ppo_release_v1,ppo_release_v2,random,9,S08:regression_bootstrap_confirmation:c1,R,0,3,0,
ppo_release_v1,ppo_release_v2,random,9,S08:regression_bootstrap_confirmation:c2,R,0,3,0,
ppo_release_v1,ppo_release_v2,random,9,S01:regression_bootstrap_confirmation:c0,I,0,3,0,
ppo_release_v1,ppo_release_v2,random,9,S01:regression_bootstrap_confirmation:c1,I,0,0,0,
ppo_release_v1,ppo_release_v2,random,9,S01:regression_bootstrap_confirmation:c2,I,0,1,0,
ppo_release_v1,ppo_release_v2,random,9,S02:regression_bootstrap_confirmation:c0,I,11,4,0,0.0
ppo_release_v1,ppo_release_v2,random,9,S02:regression_bootstrap_confirmation:c1,I,6,2,2,0.3333333333333333
ppo_release_v1,ppo_release_v2,random,9,S02:regression_bootstrap_confirmation:c2,I,17,7,0,0.0
ppo_release_v1,ppo_release_v2,random,9,S08:regression_bootstrap_confirmation:c0,I,0,3,0,
ppo_release_v1,ppo_release_v2,random,9,S08:regression_bootstrap_confirmation:c1,I,0,0,0,
ppo_release_v1,ppo_release_v2,random,9,S08:regression_bootstrap_confirmation:c2,I,0,0,0,
ppo_release_v1,ppo_release_v2,static_risk,0,S01:regression_bootstrap_confirmation:c0,R,0,0,0,
ppo_release_v1,ppo_release_v2,static_risk,0,S01:regression_bootstrap_confirmation:c1,R,0,0,0,
ppo_release_v1,ppo_release_v2,static_risk,0,S01:regression_bootstrap_confirmation:c2,R,0,0,0,
ppo_release_v1,ppo_release_v2,static_risk,0,S02:regression_bootstrap_confirmation:c0,R,9,9,3,0.3333333333333333
ppo_release_v1,ppo_release_v2,static_risk,0,S02:regression_bootstrap_confirmation:c1,R,0,0,0,
ppo_release_v1,ppo_release_v2,static_risk,0,S02:regression_bootstrap_confirmation:c2,R,1,11,1,1.0
ppo_release_v1,ppo_release_v2,static_risk,0,S08:regression_bootstrap_confirmation:c0,R,0,0,0,
ppo_release_v1,ppo_release_v2,static_risk,0,S08:regression_bootstrap_confirmation:c1,R,0,0,0,
ppo_release_v1,ppo_release_v2,static_risk,0,S08:regression_bootstrap_confirmation:c2,R,0,0,0,
ppo_release_v1,ppo_release_v2,static_risk,0,S01:regression_bootstrap_confirmation:c0,I,0,17,0,
ppo_release_v1,ppo_release_v2,static_risk,0,S01:regression_bootstrap_confirmation:c1,I,0,0,0,
ppo_release_v1,ppo_release_v2,static_risk,0,S01:regression_bootstrap_confirmation:c2,I,0,0,0,
ppo_release_v1,ppo_release_v2,static_risk,0,S02:regression_bootstrap_confirmation:c0,I,11,0,0,0.0
ppo_release_v1,ppo_release_v2,static_risk,0,S02:regression_bootstrap_confirmation:c1,I,6,3,3,0.5
ppo_release_v1,ppo_release_v2,static_risk,0,S02:regression_bootstrap_confirmation:c2,I,17,0,0,0.0
ppo_release_v1,ppo_release_v2,static_risk,0,S08:regression_bootstrap_confirmation:c0,I,0,0,0,
ppo_release_v1,ppo_release_v2,static_risk,0,S08:regression_bootstrap_confirmation:c1,I,0,0,0,
ppo_release_v1,ppo_release_v2,static_risk,0,S08:regression_bootstrap_confirmation:c2,I,0,0,0,
ppo_release_v1,ppo_release_v2,static_boundary,0,S01:regression_bootstrap_confirmation:c0,R,0,4,0,
ppo_release_v1,ppo_release_v2,static_boundary,0,S01:regression_bootstrap_confirmation:c1,R,0,0,0,
ppo_release_v1,ppo_release_v2,static_boundary,0,S01:regression_bootstrap_confirmation:c2,R,0,4,0,
ppo_release_v1,ppo_release_v2,static_boundary,0,S02:regression_bootstrap_confirmation:c0,R,9,3,2,0.2222222222222222
ppo_release_v1,ppo_release_v2,static_boundary,0,S02:regression_bootstrap_confirmation:c1,R,0,2,0,
ppo_release_v1,ppo_release_v2,static_boundary,0,S02:regression_bootstrap_confirmation:c2,R,1,1,1,1.0
ppo_release_v1,ppo_release_v2,static_boundary,0,S08:regression_bootstrap_confirmation:c0,R,0,4,0,
ppo_release_v1,ppo_release_v2,static_boundary,0,S08:regression_bootstrap_confirmation:c1,R,0,0,0,
ppo_release_v1,ppo_release_v2,static_boundary,0,S08:regression_bootstrap_confirmation:c2,R,0,2,0,
ppo_release_v1,ppo_release_v2,static_boundary,0,S01:regression_bootstrap_confirmation:c0,I,0,4,0,
ppo_release_v1,ppo_release_v2,static_boundary,0,S01:regression_bootstrap_confirmation:c1,I,0,0,0,
ppo_release_v1,ppo_release_v2,static_boundary,0,S01:regression_bootstrap_confirmation:c2,I,0,4,0,
ppo_release_v1,ppo_release_v2,static_boundary,0,S02:regression_bootstrap_confirmation:c0,I,11,4,1,0.09090909090909091
ppo_release_v1,ppo_release_v2,static_boundary,0,S02:regression_bootstrap_confirmation:c1,I,6,2,1,0.16666666666666666
ppo_release_v1,ppo_release_v2,static_boundary,0,S02:regression_bootstrap_confirmation:c2,I,17,3,0,0.0
ppo_release_v1,ppo_release_v2,static_boundary,0,S08:regression_bootstrap_confirmation:c0,I,0,3,0,
ppo_release_v1,ppo_release_v2,static_boundary,0,S08:regression_bootstrap_confirmation:c1,I,0,0,0,
ppo_release_v1,ppo_release_v2,static_boundary,0,S08:regression_bootstrap_confirmation:c2,I,0,0,0,
ppo_release_v1,ppo_release_v2,center_residual,0,S01:regression_bootstrap_confirmation:c0,R,0,0,0,
ppo_release_v1,ppo_release_v2,center_residual,0,S01:regression_bootstrap_confirmation:c1,R,0,0,0,
ppo_release_v1,ppo_release_v2,center_residual,0,S01:regression_bootstrap_confirmation:c2,R,0,0,0,
ppo_release_v1,ppo_release_v2,center_residual,0,S02:regression_bootstrap_confirmation:c0,R,9,9,3,0.3333333333333333
ppo_release_v1,ppo_release_v2,center_residual,0,S02:regression_bootstrap_confirmation:c1,R,0,0,0,
ppo_release_v1,ppo_release_v2,center_residual,0,S02:regression_bootstrap_confirmation:c2,R,1,11,1,1.0
ppo_release_v1,ppo_release_v2,center_residual,0,S08:regression_bootstrap_confirmation:c0,R,0,0,0,
ppo_release_v1,ppo_release_v2,center_residual,0,S08:regression_bootstrap_confirmation:c1,R,0,0,0,
ppo_release_v1,ppo_release_v2,center_residual,0,S08:regression_bootstrap_confirmation:c2,R,0,0,0,
ppo_release_v1,ppo_release_v2,center_residual,0,S01:regression_bootstrap_confirmation:c0,I,0,17,0,
ppo_release_v1,ppo_release_v2,center_residual,0,S01:regression_bootstrap_confirmation:c1,I,0,0,0,
ppo_release_v1,ppo_release_v2,center_residual,0,S01:regression_bootstrap_confirmation:c2,I,0,0,0,
ppo_release_v1,ppo_release_v2,center_residual,0,S02:regression_bootstrap_confirmation:c0,I,11,1,0,0.0
ppo_release_v1,ppo_release_v2,center_residual,0,S02:regression_bootstrap_confirmation:c1,I,6,2,2,0.3333333333333333
ppo_release_v1,ppo_release_v2,center_residual,0,S02:regression_bootstrap_confirmation:c2,I,17,0,0,0.0
ppo_release_v1,ppo_release_v2,center_residual,0,S08:regression_bootstrap_confirmation:c0,I,0,0,0,
ppo_release_v1,ppo_release_v2,center_residual,0,S08:regression_bootstrap_confirmation:c1,I,0,0,0,
ppo_release_v1,ppo_release_v2,center_residual,0,S08:regression_bootstrap_confirmation:c2,I,0,0,0,
ppo_release_v1,ppo_release_v2,coordinate_residual,0,S01:regression_bootstrap_confirmation:c0,R,0,0,0,
ppo_release_v1,ppo_release_v2,coordinate_residual,0,S01:regression_bootstrap_confirmation:c1,R,0,0,0,
ppo_release_v1,ppo_release_v2,coordinate_residual,0,S01:regression_bootstrap_confirmation:c2,R,0,0,0,
ppo_release_v1,ppo_release_v2,coordinate_residual,0,S02:regression_bootstrap_confirmation:c0,R,9,9,3,0.3333333333333333
ppo_release_v1,ppo_release_v2,coordinate_residual,0,S02:regression_bootstrap_confirmation:c1,R,0,0,0,
ppo_release_v1,ppo_release_v2,coordinate_residual,0,S02:regression_bootstrap_confirmation:c2,R,1,11,1,1.0
ppo_release_v1,ppo_release_v2,coordinate_residual,0,S08:regression_bootstrap_confirmation:c0,R,0,0,0,
ppo_release_v1,ppo_release_v2,coordinate_residual,0,S08:regression_bootstrap_confirmation:c1,R,0,0,0,
ppo_release_v1,ppo_release_v2,coordinate_residual,0,S08:regression_bootstrap_confirmation:c2,R,0,0,0,
ppo_release_v1,ppo_release_v2,coordinate_residual,0,S01:regression_bootstrap_confirmation:c0,I,0,13,0,
ppo_release_v1,ppo_release_v2,coordinate_residual,0,S01:regression_bootstrap_confirmation:c1,I,0,0,0,
ppo_release_v1,ppo_release_v2,coordinate_residual,0,S01:regression_bootstrap_confirmation:c2,I,0,0,0,
ppo_release_v1,ppo_release_v2,coordinate_residual,0,S02:regression_bootstrap_confirmation:c0,I,11,1,0,0.0
ppo_release_v1,ppo_release_v2,coordinate_residual,0,S02:regression_bootstrap_confirmation:c1,I,6,2,2,0.3333333333333333
ppo_release_v1,ppo_release_v2,coordinate_residual,0,S02:regression_bootstrap_confirmation:c2,I,17,0,0,0.0
ppo_release_v1,ppo_release_v2,coordinate_residual,0,S08:regression_bootstrap_confirmation:c0,I,0,4,0,
ppo_release_v1,ppo_release_v2,coordinate_residual,0,S08:regression_bootstrap_confirmation:c1,I,0,0,0,
ppo_release_v1,ppo_release_v2,coordinate_residual,0,S08:regression_bootstrap_confirmation:c2,I,0,0,0,
ppo_release_v1,ppo_release_v2,target_only,0,S01:regression_bootstrap_confirmation:c0,R,0,5,0,
ppo_release_v1,ppo_release_v2,target_only,0,S01:regression_bootstrap_confirmation:c1,R,0,5,0,
ppo_release_v1,ppo_release_v2,target_only,0,S01:regression_bootstrap_confirmation:c2,R,0,1,0,
ppo_release_v1,ppo_release_v2,target_only,0,S02:regression_bootstrap_confirmation:c0,R,9,1,1,0.1111111111111111
ppo_release_v1,ppo_release_v2,target_only,0,S02:regression_bootstrap_confirmation:c1,R,0,2,0,
ppo_release_v1,ppo_release_v2,target_only,0,S02:regression_bootstrap_confirmation:c2,R,1,0,0,0.0
ppo_release_v1,ppo_release_v2,target_only,0,S08:regression_bootstrap_confirmation:c0,R,0,2,0,
ppo_release_v1,ppo_release_v2,target_only,0,S08:regression_bootstrap_confirmation:c1,R,0,3,0,
ppo_release_v1,ppo_release_v2,target_only,0,S08:regression_bootstrap_confirmation:c2,R,0,1,0,
ppo_release_v1,ppo_release_v2,target_only,0,S01:regression_bootstrap_confirmation:c0,I,0,1,0,
ppo_release_v1,ppo_release_v2,target_only,0,S01:regression_bootstrap_confirmation:c1,I,0,0,0,
ppo_release_v1,ppo_release_v2,target_only,0,S01:regression_bootstrap_confirmation:c2,I,0,6,0,
ppo_release_v1,ppo_release_v2,target_only,0,S02:regression_bootstrap_confirmation:c0,I,11,5,0,0.0
ppo_release_v1,ppo_release_v2,target_only,0,S02:regression_bootstrap_confirmation:c1,I,6,1,0,0.0
ppo_release_v1,ppo_release_v2,target_only,0,S02:regression_bootstrap_confirmation:c2,I,17,5,0,0.0
ppo_release_v1,ppo_release_v2,target_only,0,S08:regression_bootstrap_confirmation:c0,I,0,0,0,
ppo_release_v1,ppo_release_v2,target_only,0,S08:regression_bootstrap_confirmation:c1,I,0,0,0,
ppo_release_v1,ppo_release_v2,target_only,0,S08:regression_bootstrap_confirmation:c2,I,0,2,0,
ppo_release_v1,ppo_release_v2,directed_residual,0,S01:regression_bootstrap_confirmation:c0,R,0,0,0,
ppo_release_v1,ppo_release_v2,directed_residual,0,S01:regression_bootstrap_confirmation:c1,R,0,0,0,
ppo_release_v1,ppo_release_v2,directed_residual,0,S01:regression_bootstrap_confirmation:c2,R,0,0,0,
ppo_release_v1,ppo_release_v2,directed_residual,0,S02:regression_bootstrap_confirmation:c0,R,9,8,3,0.3333333333333333
ppo_release_v1,ppo_release_v2,directed_residual,0,S02:regression_bootstrap_confirmation:c1,R,0,0,0,
ppo_release_v1,ppo_release_v2,directed_residual,0,S02:regression_bootstrap_confirmation:c2,R,1,12,1,1.0
ppo_release_v1,ppo_release_v2,directed_residual,0,S08:regression_bootstrap_confirmation:c0,R,0,0,0,
ppo_release_v1,ppo_release_v2,directed_residual,0,S08:regression_bootstrap_confirmation:c1,R,0,0,0,
ppo_release_v1,ppo_release_v2,directed_residual,0,S08:regression_bootstrap_confirmation:c2,R,0,0,0,
ppo_release_v1,ppo_release_v2,directed_residual,0,S01:regression_bootstrap_confirmation:c0,I,0,17,0,
ppo_release_v1,ppo_release_v2,directed_residual,0,S01:regression_bootstrap_confirmation:c1,I,0,0,0,
ppo_release_v1,ppo_release_v2,directed_residual,0,S01:regression_bootstrap_confirmation:c2,I,0,0,0,
ppo_release_v1,ppo_release_v2,directed_residual,0,S02:regression_bootstrap_confirmation:c0,I,11,1,0,0.0
ppo_release_v1,ppo_release_v2,directed_residual,0,S02:regression_bootstrap_confirmation:c1,I,6,2,2,0.3333333333333333
ppo_release_v1,ppo_release_v2,directed_residual,0,S02:regression_bootstrap_confirmation:c2,I,17,0,0,0.0
ppo_release_v1,ppo_release_v2,directed_residual,0,S08:regression_bootstrap_confirmation:c0,I,0,0,0,
ppo_release_v1,ppo_release_v2,directed_residual,0,S08:regression_bootstrap_confirmation:c1,I,0,0,0,
ppo_release_v1,ppo_release_v2,directed_residual,0,S08:regression_bootstrap_confirmation:c2,I,0,0,0,
ppo_release_v1,ppo_release_v2,directed_context_laplace,0,S01:regression_bootstrap_confirmation:c0,R,0,0,0,
ppo_release_v1,ppo_release_v2,directed_context_laplace,0,S01:regression_bootstrap_confirmation:c1,R,0,0,0,
ppo_release_v1,ppo_release_v2,directed_context_laplace,0,S01:regression_bootstrap_confirmation:c2,R,0,0,0,
ppo_release_v1,ppo_release_v2,directed_context_laplace,0,S02:regression_bootstrap_confirmation:c0,R,9,10,5,0.5555555555555556
ppo_release_v1,ppo_release_v2,directed_context_laplace,0,S02:regression_bootstrap_confirmation:c1,R,0,0,0,
ppo_release_v1,ppo_release_v2,directed_context_laplace,0,S02:regression_bootstrap_confirmation:c2,R,1,6,0,0.0
ppo_release_v1,ppo_release_v2,directed_context_laplace,0,S08:regression_bootstrap_confirmation:c0,R,0,4,0,
ppo_release_v1,ppo_release_v2,directed_context_laplace,0,S08:regression_bootstrap_confirmation:c1,R,0,0,0,
ppo_release_v1,ppo_release_v2,directed_context_laplace,0,S08:regression_bootstrap_confirmation:c2,R,0,0,0,
ppo_release_v1,ppo_release_v2,directed_context_laplace,0,S01:regression_bootstrap_confirmation:c0,I,0,4,0,
ppo_release_v1,ppo_release_v2,directed_context_laplace,0,S01:regression_bootstrap_confirmation:c1,I,0,0,0,
ppo_release_v1,ppo_release_v2,directed_context_laplace,0,S01:regression_bootstrap_confirmation:c2,I,0,0,0,
ppo_release_v1,ppo_release_v2,directed_context_laplace,0,S02:regression_bootstrap_confirmation:c0,I,11,0,0,0.0
ppo_release_v1,ppo_release_v2,directed_context_laplace,0,S02:regression_bootstrap_confirmation:c1,I,6,5,4,0.6666666666666666
ppo_release_v1,ppo_release_v2,directed_context_laplace,0,S02:regression_bootstrap_confirmation:c2,I,17,0,0,0.0
ppo_release_v1,ppo_release_v2,directed_context_laplace,0,S08:regression_bootstrap_confirmation:c0,I,0,11,0,
ppo_release_v1,ppo_release_v2,directed_context_laplace,0,S08:regression_bootstrap_confirmation:c1,I,0,0,0,
ppo_release_v1,ppo_release_v2,directed_context_laplace,0,S08:regression_bootstrap_confirmation:c2,I,0,0,0,
ppo_release_v1,ppo_release_v2,directed_context_ucb,0,S01:regression_bootstrap_confirmation:c0,R,0,0,0,
ppo_release_v1,ppo_release_v2,directed_context_ucb,0,S01:regression_bootstrap_confirmation:c1,R,0,0,0,
ppo_release_v1,ppo_release_v2,directed_context_ucb,0,S01:regression_bootstrap_confirmation:c2,R,0,0,0,
ppo_release_v1,ppo_release_v2,directed_context_ucb,0,S02:regression_bootstrap_confirmation:c0,R,9,8,3,0.3333333333333333
ppo_release_v1,ppo_release_v2,directed_context_ucb,0,S02:regression_bootstrap_confirmation:c1,R,0,0,0,
ppo_release_v1,ppo_release_v2,directed_context_ucb,0,S02:regression_bootstrap_confirmation:c2,R,1,7,1,1.0
ppo_release_v1,ppo_release_v2,directed_context_ucb,0,S08:regression_bootstrap_confirmation:c0,R,0,5,0,
ppo_release_v1,ppo_release_v2,directed_context_ucb,0,S08:regression_bootstrap_confirmation:c1,R,0,0,0,
ppo_release_v1,ppo_release_v2,directed_context_ucb,0,S08:regression_bootstrap_confirmation:c2,R,0,0,0,
ppo_release_v1,ppo_release_v2,directed_context_ucb,0,S01:regression_bootstrap_confirmation:c0,I,0,3,0,
ppo_release_v1,ppo_release_v2,directed_context_ucb,0,S01:regression_bootstrap_confirmation:c1,I,0,0,0,
ppo_release_v1,ppo_release_v2,directed_context_ucb,0,S01:regression_bootstrap_confirmation:c2,I,0,0,0,
ppo_release_v1,ppo_release_v2,directed_context_ucb,0,S02:regression_bootstrap_confirmation:c0,I,11,0,0,0.0
ppo_release_v1,ppo_release_v2,directed_context_ucb,0,S02:regression_bootstrap_confirmation:c1,I,6,5,4,0.6666666666666666
ppo_release_v1,ppo_release_v2,directed_context_ucb,0,S02:regression_bootstrap_confirmation:c2,I,17,0,0,0.0
ppo_release_v1,ppo_release_v2,directed_context_ucb,0,S08:regression_bootstrap_confirmation:c0,I,0,12,0,
ppo_release_v1,ppo_release_v2,directed_context_ucb,0,S08:regression_bootstrap_confirmation:c1,I,0,0,0,
ppo_release_v1,ppo_release_v2,directed_context_ucb,0,S08:regression_bootstrap_confirmation:c2,I,0,0,0,
ppo_release_v1,ppo_release_v2,coordinate_context_ucb_pure,0,S01:regression_bootstrap_confirmation:c0,R,0,3,0,
ppo_release_v1,ppo_release_v2,coordinate_context_ucb_pure,0,S01:regression_bootstrap_confirmation:c1,R,0,0,0,
ppo_release_v1,ppo_release_v2,coordinate_context_ucb_pure,0,S01:regression_bootstrap_confirmation:c2,R,0,0,0,
ppo_release_v1,ppo_release_v2,coordinate_context_ucb_pure,0,S02:regression_bootstrap_confirmation:c0,R,9,9,3,0.3333333333333333
ppo_release_v1,ppo_release_v2,coordinate_context_ucb_pure,0,S02:regression_bootstrap_confirmation:c1,R,0,0,0,
ppo_release_v1,ppo_release_v2,coordinate_context_ucb_pure,0,S02:regression_bootstrap_confirmation:c2,R,1,4,0,0.0
ppo_release_v1,ppo_release_v2,coordinate_context_ucb_pure,0,S08:regression_bootstrap_confirmation:c0,R,0,4,0,
ppo_release_v1,ppo_release_v2,coordinate_context_ucb_pure,0,S08:regression_bootstrap_confirmation:c1,R,0,0,0,
ppo_release_v1,ppo_release_v2,coordinate_context_ucb_pure,0,S08:regression_bootstrap_confirmation:c2,R,0,0,0,
ppo_release_v1,ppo_release_v2,coordinate_context_ucb_pure,0,S01:regression_bootstrap_confirmation:c0,I,0,3,0,
ppo_release_v1,ppo_release_v2,coordinate_context_ucb_pure,0,S01:regression_bootstrap_confirmation:c1,I,0,0,0,
ppo_release_v1,ppo_release_v2,coordinate_context_ucb_pure,0,S01:regression_bootstrap_confirmation:c2,I,0,0,0,
ppo_release_v1,ppo_release_v2,coordinate_context_ucb_pure,0,S02:regression_bootstrap_confirmation:c0,I,11,3,0,0.0
ppo_release_v1,ppo_release_v2,coordinate_context_ucb_pure,0,S02:regression_bootstrap_confirmation:c1,I,6,7,5,0.8333333333333334
ppo_release_v1,ppo_release_v2,coordinate_context_ucb_pure,0,S02:regression_bootstrap_confirmation:c2,I,17,2,0,0.0
ppo_release_v1,ppo_release_v2,coordinate_context_ucb_pure,0,S08:regression_bootstrap_confirmation:c0,I,0,5,0,
ppo_release_v1,ppo_release_v2,coordinate_context_ucb_pure,0,S08:regression_bootstrap_confirmation:c1,I,0,0,0,
ppo_release_v1,ppo_release_v2,coordinate_context_ucb_pure,0,S08:regression_bootstrap_confirmation:c2,I,0,0,0,
ppo_release_v1,ppo_release_v2,directed_context_ucb_pure,0,S01:regression_bootstrap_confirmation:c0,R,0,2,0,
ppo_release_v1,ppo_release_v2,directed_context_ucb_pure,0,S01:regression_bootstrap_confirmation:c1,R,0,0,0,
ppo_release_v1,ppo_release_v2,directed_context_ucb_pure,0,S01:regression_bootstrap_confirmation:c2,R,0,0,0,
ppo_release_v1,ppo_release_v2,directed_context_ucb_pure,0,S02:regression_bootstrap_confirmation:c0,R,9,11,7,0.7777777777777778
ppo_release_v1,ppo_release_v2,directed_context_ucb_pure,0,S02:regression_bootstrap_confirmation:c1,R,0,0,0,
ppo_release_v1,ppo_release_v2,directed_context_ucb_pure,0,S02:regression_bootstrap_confirmation:c2,R,1,4,1,1.0
ppo_release_v1,ppo_release_v2,directed_context_ucb_pure,0,S08:regression_bootstrap_confirmation:c0,R,0,3,0,
ppo_release_v1,ppo_release_v2,directed_context_ucb_pure,0,S08:regression_bootstrap_confirmation:c1,R,0,0,0,
ppo_release_v1,ppo_release_v2,directed_context_ucb_pure,0,S08:regression_bootstrap_confirmation:c2,R,0,0,0,
ppo_release_v1,ppo_release_v2,directed_context_ucb_pure,0,S01:regression_bootstrap_confirmation:c0,I,0,3,0,
ppo_release_v1,ppo_release_v2,directed_context_ucb_pure,0,S01:regression_bootstrap_confirmation:c1,I,0,0,0,
ppo_release_v1,ppo_release_v2,directed_context_ucb_pure,0,S01:regression_bootstrap_confirmation:c2,I,0,0,0,
ppo_release_v1,ppo_release_v2,directed_context_ucb_pure,0,S02:regression_bootstrap_confirmation:c0,I,11,1,0,0.0
ppo_release_v1,ppo_release_v2,directed_context_ucb_pure,0,S02:regression_bootstrap_confirmation:c1,I,6,8,6,1.0
ppo_release_v1,ppo_release_v2,directed_context_ucb_pure,0,S02:regression_bootstrap_confirmation:c2,I,17,2,0,0.0
ppo_release_v1,ppo_release_v2,directed_context_ucb_pure,0,S08:regression_bootstrap_confirmation:c0,I,0,5,0,
ppo_release_v1,ppo_release_v2,directed_context_ucb_pure,0,S08:regression_bootstrap_confirmation:c1,I,0,0,0,
ppo_release_v1,ppo_release_v2,directed_context_ucb_pure,0,S08:regression_bootstrap_confirmation:c2,I,0,1,0,
ppo_release_v1,ppo_release_v2,directed_context_ucb_loose,0,S01:regression_bootstrap_confirmation:c0,R,0,2,0,
ppo_release_v1,ppo_release_v2,directed_context_ucb_loose,0,S01:regression_bootstrap_confirmation:c1,R,0,0,0,
ppo_release_v1,ppo_release_v2,directed_context_ucb_loose,0,S01:regression_bootstrap_confirmation:c2,R,0,2,0,
ppo_release_v1,ppo_release_v2,directed_context_ucb_loose,0,S02:regression_bootstrap_confirmation:c0,R,9,8,4,0.4444444444444444
ppo_release_v1,ppo_release_v2,directed_context_ucb_loose,0,S02:regression_bootstrap_confirmation:c1,R,0,0,0,
ppo_release_v1,ppo_release_v2,directed_context_ucb_loose,0,S02:regression_bootstrap_confirmation:c2,R,1,4,1,1.0
ppo_release_v1,ppo_release_v2,directed_context_ucb_loose,0,S08:regression_bootstrap_confirmation:c0,R,0,3,0,
ppo_release_v1,ppo_release_v2,directed_context_ucb_loose,0,S08:regression_bootstrap_confirmation:c1,R,0,0,0,
ppo_release_v1,ppo_release_v2,directed_context_ucb_loose,0,S08:regression_bootstrap_confirmation:c2,R,0,1,0,
ppo_release_v1,ppo_release_v2,directed_context_ucb_loose,0,S01:regression_bootstrap_confirmation:c0,I,0,2,0,
ppo_release_v1,ppo_release_v2,directed_context_ucb_loose,0,S01:regression_bootstrap_confirmation:c1,I,0,0,0,
ppo_release_v1,ppo_release_v2,directed_context_ucb_loose,0,S01:regression_bootstrap_confirmation:c2,I,0,2,0,
ppo_release_v1,ppo_release_v2,directed_context_ucb_loose,0,S02:regression_bootstrap_confirmation:c0,I,11,2,0,0.0
ppo_release_v1,ppo_release_v2,directed_context_ucb_loose,0,S02:regression_bootstrap_confirmation:c1,I,6,8,6,1.0
ppo_release_v1,ppo_release_v2,directed_context_ucb_loose,0,S02:regression_bootstrap_confirmation:c2,I,17,2,0,0.0
ppo_release_v1,ppo_release_v2,directed_context_ucb_loose,0,S08:regression_bootstrap_confirmation:c0,I,0,3,0,
ppo_release_v1,ppo_release_v2,directed_context_ucb_loose,0,S08:regression_bootstrap_confirmation:c1,I,0,0,0,
ppo_release_v1,ppo_release_v2,directed_context_ucb_loose,0,S08:regression_bootstrap_confirmation:c2,I,0,1,0,
ppo_release_v1,ppo_release_v2,coordinate_offset_calibrated_ucb,0,S01:regression_bootstrap_confirmation:c0,R,0,2,0,
ppo_release_v1,ppo_release_v2,coordinate_offset_calibrated_ucb,0,S01:regression_bootstrap_confirmation:c1,R,0,0,0,
ppo_release_v1,ppo_release_v2,coordinate_offset_calibrated_ucb,0,S01:regression_bootstrap_confirmation:c2,R,0,0,0,
ppo_release_v1,ppo_release_v2,coordinate_offset_calibrated_ucb,0,S02:regression_bootstrap_confirmation:c0,R,9,11,7,0.7777777777777778
ppo_release_v1,ppo_release_v2,coordinate_offset_calibrated_ucb,0,S02:regression_bootstrap_confirmation:c1,R,0,0,0,
ppo_release_v1,ppo_release_v2,coordinate_offset_calibrated_ucb,0,S02:regression_bootstrap_confirmation:c2,R,1,3,0,0.0
ppo_release_v1,ppo_release_v2,coordinate_offset_calibrated_ucb,0,S08:regression_bootstrap_confirmation:c0,R,0,4,0,
ppo_release_v1,ppo_release_v2,coordinate_offset_calibrated_ucb,0,S08:regression_bootstrap_confirmation:c1,R,0,0,0,
ppo_release_v1,ppo_release_v2,coordinate_offset_calibrated_ucb,0,S08:regression_bootstrap_confirmation:c2,R,0,0,0,
ppo_release_v1,ppo_release_v2,coordinate_offset_calibrated_ucb,0,S01:regression_bootstrap_confirmation:c0,I,0,3,0,
ppo_release_v1,ppo_release_v2,coordinate_offset_calibrated_ucb,0,S01:regression_bootstrap_confirmation:c1,I,0,0,0,
ppo_release_v1,ppo_release_v2,coordinate_offset_calibrated_ucb,0,S01:regression_bootstrap_confirmation:c2,I,0,0,0,
ppo_release_v1,ppo_release_v2,coordinate_offset_calibrated_ucb,0,S02:regression_bootstrap_confirmation:c0,I,11,2,0,0.0
ppo_release_v1,ppo_release_v2,coordinate_offset_calibrated_ucb,0,S02:regression_bootstrap_confirmation:c1,I,6,7,5,0.8333333333333334
ppo_release_v1,ppo_release_v2,coordinate_offset_calibrated_ucb,0,S02:regression_bootstrap_confirmation:c2,I,17,2,0,0.0
ppo_release_v1,ppo_release_v2,coordinate_offset_calibrated_ucb,0,S08:regression_bootstrap_confirmation:c0,I,0,5,0,
ppo_release_v1,ppo_release_v2,coordinate_offset_calibrated_ucb,0,S08:regression_bootstrap_confirmation:c1,I,0,0,0,
ppo_release_v1,ppo_release_v2,coordinate_offset_calibrated_ucb,0,S08:regression_bootstrap_confirmation:c2,I,0,1,0,
ppo_release_v1,ppo_release_v2,directed_offset_calibrated_ucb,0,S01:regression_bootstrap_confirmation:c0,R,0,2,0,
ppo_release_v1,ppo_release_v2,directed_offset_calibrated_ucb,0,S01:regression_bootstrap_confirmation:c1,R,0,0,0,
ppo_release_v1,ppo_release_v2,directed_offset_calibrated_ucb,0,S01:regression_bootstrap_confirmation:c2,R,0,0,0,
ppo_release_v1,ppo_release_v2,directed_offset_calibrated_ucb,0,S02:regression_bootstrap_confirmation:c0,R,9,11,9,1.0
ppo_release_v1,ppo_release_v2,directed_offset_calibrated_ucb,0,S02:regression_bootstrap_confirmation:c1,R,0,0,0,
ppo_release_v1,ppo_release_v2,directed_offset_calibrated_ucb,0,S02:regression_bootstrap_confirmation:c2,R,1,4,1,1.0
ppo_release_v1,ppo_release_v2,directed_offset_calibrated_ucb,0,S08:regression_bootstrap_confirmation:c0,R,0,3,0,
ppo_release_v1,ppo_release_v2,directed_offset_calibrated_ucb,0,S08:regression_bootstrap_confirmation:c1,R,0,0,0,
ppo_release_v1,ppo_release_v2,directed_offset_calibrated_ucb,0,S08:regression_bootstrap_confirmation:c2,R,0,0,0,
ppo_release_v1,ppo_release_v2,directed_offset_calibrated_ucb,0,S01:regression_bootstrap_confirmation:c0,I,0,3,0,
ppo_release_v1,ppo_release_v2,directed_offset_calibrated_ucb,0,S01:regression_bootstrap_confirmation:c1,I,0,0,0,
ppo_release_v1,ppo_release_v2,directed_offset_calibrated_ucb,0,S01:regression_bootstrap_confirmation:c2,I,0,0,0,
ppo_release_v1,ppo_release_v2,directed_offset_calibrated_ucb,0,S02:regression_bootstrap_confirmation:c0,I,11,1,0,0.0
ppo_release_v1,ppo_release_v2,directed_offset_calibrated_ucb,0,S02:regression_bootstrap_confirmation:c1,I,6,8,6,1.0
ppo_release_v1,ppo_release_v2,directed_offset_calibrated_ucb,0,S02:regression_bootstrap_confirmation:c2,I,17,3,0,0.0
ppo_release_v1,ppo_release_v2,directed_offset_calibrated_ucb,0,S08:regression_bootstrap_confirmation:c0,I,0,4,0,
ppo_release_v1,ppo_release_v2,directed_offset_calibrated_ucb,0,S08:regression_bootstrap_confirmation:c1,I,0,0,0,
ppo_release_v1,ppo_release_v2,directed_offset_calibrated_ucb,0,S08:regression_bootstrap_confirmation:c2,I,0,1,0,
ppo_release_v1,ppo_release_v2,coordinate_bootstrap_offset_ucb,0,S01:regression_bootstrap_confirmation:c0,R,0,2,0,
ppo_release_v1,ppo_release_v2,coordinate_bootstrap_offset_ucb,0,S01:regression_bootstrap_confirmation:c1,R,0,1,0,
ppo_release_v1,ppo_release_v2,coordinate_bootstrap_offset_ucb,0,S01:regression_bootstrap_confirmation:c2,R,0,1,0,
ppo_release_v1,ppo_release_v2,coordinate_bootstrap_offset_ucb,0,S02:regression_bootstrap_confirmation:c0,R,9,8,6,0.6666666666666666
ppo_release_v1,ppo_release_v2,coordinate_bootstrap_offset_ucb,0,S02:regression_bootstrap_confirmation:c1,R,0,1,0,
ppo_release_v1,ppo_release_v2,coordinate_bootstrap_offset_ucb,0,S02:regression_bootstrap_confirmation:c2,R,1,1,0,0.0
ppo_release_v1,ppo_release_v2,coordinate_bootstrap_offset_ucb,0,S08:regression_bootstrap_confirmation:c0,R,0,4,0,
ppo_release_v1,ppo_release_v2,coordinate_bootstrap_offset_ucb,0,S08:regression_bootstrap_confirmation:c1,R,0,1,0,
ppo_release_v1,ppo_release_v2,coordinate_bootstrap_offset_ucb,0,S08:regression_bootstrap_confirmation:c2,R,0,1,0,
ppo_release_v1,ppo_release_v2,coordinate_bootstrap_offset_ucb,0,S01:regression_bootstrap_confirmation:c0,I,0,2,0,
ppo_release_v1,ppo_release_v2,coordinate_bootstrap_offset_ucb,0,S01:regression_bootstrap_confirmation:c1,I,0,0,0,
ppo_release_v1,ppo_release_v2,coordinate_bootstrap_offset_ucb,0,S01:regression_bootstrap_confirmation:c2,I,0,1,0,
ppo_release_v1,ppo_release_v2,coordinate_bootstrap_offset_ucb,0,S02:regression_bootstrap_confirmation:c0,I,11,3,1,0.09090909090909091
ppo_release_v1,ppo_release_v2,coordinate_bootstrap_offset_ucb,0,S02:regression_bootstrap_confirmation:c1,I,6,6,5,0.8333333333333334
ppo_release_v1,ppo_release_v2,coordinate_bootstrap_offset_ucb,0,S02:regression_bootstrap_confirmation:c2,I,17,4,2,0.11764705882352941
ppo_release_v1,ppo_release_v2,coordinate_bootstrap_offset_ucb,0,S08:regression_bootstrap_confirmation:c0,I,0,3,0,
ppo_release_v1,ppo_release_v2,coordinate_bootstrap_offset_ucb,0,S08:regression_bootstrap_confirmation:c1,I,0,0,0,
ppo_release_v1,ppo_release_v2,coordinate_bootstrap_offset_ucb,0,S08:regression_bootstrap_confirmation:c2,I,0,1,0,
ppo_release_v1,ppo_release_v2,directed_bootstrap_offset_ucb,0,S01:regression_bootstrap_confirmation:c0,R,0,2,0,
ppo_release_v1,ppo_release_v2,directed_bootstrap_offset_ucb,0,S01:regression_bootstrap_confirmation:c1,R,0,1,0,
ppo_release_v1,ppo_release_v2,directed_bootstrap_offset_ucb,0,S01:regression_bootstrap_confirmation:c2,R,0,1,0,
ppo_release_v1,ppo_release_v2,directed_bootstrap_offset_ucb,0,S02:regression_bootstrap_confirmation:c0,R,9,5,4,0.4444444444444444
ppo_release_v1,ppo_release_v2,directed_bootstrap_offset_ucb,0,S02:regression_bootstrap_confirmation:c1,R,0,1,0,
ppo_release_v1,ppo_release_v2,directed_bootstrap_offset_ucb,0,S02:regression_bootstrap_confirmation:c2,R,1,4,1,1.0
ppo_release_v1,ppo_release_v2,directed_bootstrap_offset_ucb,0,S08:regression_bootstrap_confirmation:c0,R,0,4,0,
ppo_release_v1,ppo_release_v2,directed_bootstrap_offset_ucb,0,S08:regression_bootstrap_confirmation:c1,R,0,1,0,
ppo_release_v1,ppo_release_v2,directed_bootstrap_offset_ucb,0,S08:regression_bootstrap_confirmation:c2,R,0,1,0,
ppo_release_v1,ppo_release_v2,directed_bootstrap_offset_ucb,0,S01:regression_bootstrap_confirmation:c0,I,0,2,0,
ppo_release_v1,ppo_release_v2,directed_bootstrap_offset_ucb,0,S01:regression_bootstrap_confirmation:c1,I,0,0,0,
ppo_release_v1,ppo_release_v2,directed_bootstrap_offset_ucb,0,S01:regression_bootstrap_confirmation:c2,I,0,1,0,
ppo_release_v1,ppo_release_v2,directed_bootstrap_offset_ucb,0,S02:regression_bootstrap_confirmation:c0,I,11,2,1,0.09090909090909091
ppo_release_v1,ppo_release_v2,directed_bootstrap_offset_ucb,0,S02:regression_bootstrap_confirmation:c1,I,6,6,5,0.8333333333333334
ppo_release_v1,ppo_release_v2,directed_bootstrap_offset_ucb,0,S02:regression_bootstrap_confirmation:c2,I,17,5,2,0.11764705882352941
ppo_release_v1,ppo_release_v2,directed_bootstrap_offset_ucb,0,S08:regression_bootstrap_confirmation:c0,I,0,3,0,
ppo_release_v1,ppo_release_v2,directed_bootstrap_offset_ucb,0,S08:regression_bootstrap_confirmation:c1,I,0,0,0,
ppo_release_v1,ppo_release_v2,directed_bootstrap_offset_ucb,0,S08:regression_bootstrap_confirmation:c2,I,0,1,0,
ppo_release_v1,ppo_release_v2,coordinate_regression_bootstrap_ucb,0,S01:regression_bootstrap_confirmation:c0,R,0,1,0,
ppo_release_v1,ppo_release_v2,coordinate_regression_bootstrap_ucb,0,S01:regression_bootstrap_confirmation:c1,R,0,1,0,
ppo_release_v1,ppo_release_v2,coordinate_regression_bootstrap_ucb,0,S01:regression_bootstrap_confirmation:c2,R,0,1,0,
ppo_release_v1,ppo_release_v2,coordinate_regression_bootstrap_ucb,0,S02:regression_bootstrap_confirmation:c0,R,9,9,7,0.7777777777777778
ppo_release_v1,ppo_release_v2,coordinate_regression_bootstrap_ucb,0,S02:regression_bootstrap_confirmation:c1,R,0,1,0,
ppo_release_v1,ppo_release_v2,coordinate_regression_bootstrap_ucb,0,S02:regression_bootstrap_confirmation:c2,R,1,2,0,0.0
ppo_release_v1,ppo_release_v2,coordinate_regression_bootstrap_ucb,0,S08:regression_bootstrap_confirmation:c0,R,0,3,0,
ppo_release_v1,ppo_release_v2,coordinate_regression_bootstrap_ucb,0,S08:regression_bootstrap_confirmation:c1,R,0,1,0,
ppo_release_v1,ppo_release_v2,coordinate_regression_bootstrap_ucb,0,S08:regression_bootstrap_confirmation:c2,R,0,1,0,
ppo_release_v1,ppo_release_v2,coordinate_regression_bootstrap_ucb,0,S01:regression_bootstrap_confirmation:c0,I,0,2,0,
ppo_release_v1,ppo_release_v2,coordinate_regression_bootstrap_ucb,0,S01:regression_bootstrap_confirmation:c1,I,0,0,0,
ppo_release_v1,ppo_release_v2,coordinate_regression_bootstrap_ucb,0,S01:regression_bootstrap_confirmation:c2,I,0,1,0,
ppo_release_v1,ppo_release_v2,coordinate_regression_bootstrap_ucb,0,S02:regression_bootstrap_confirmation:c0,I,11,2,0,0.0
ppo_release_v1,ppo_release_v2,coordinate_regression_bootstrap_ucb,0,S02:regression_bootstrap_confirmation:c1,I,6,7,5,0.8333333333333334
ppo_release_v1,ppo_release_v2,coordinate_regression_bootstrap_ucb,0,S02:regression_bootstrap_confirmation:c2,I,17,2,0,0.0
ppo_release_v1,ppo_release_v2,coordinate_regression_bootstrap_ucb,0,S08:regression_bootstrap_confirmation:c0,I,0,5,0,
ppo_release_v1,ppo_release_v2,coordinate_regression_bootstrap_ucb,0,S08:regression_bootstrap_confirmation:c1,I,0,0,0,
ppo_release_v1,ppo_release_v2,coordinate_regression_bootstrap_ucb,0,S08:regression_bootstrap_confirmation:c2,I,0,1,0,
ppo_release_v1,ppo_release_v2,directed_regression_bootstrap_ucb,0,S01:regression_bootstrap_confirmation:c0,R,0,2,0,
ppo_release_v1,ppo_release_v2,directed_regression_bootstrap_ucb,0,S01:regression_bootstrap_confirmation:c1,R,0,1,0,
ppo_release_v1,ppo_release_v2,directed_regression_bootstrap_ucb,0,S01:regression_bootstrap_confirmation:c2,R,0,1,0,
ppo_release_v1,ppo_release_v2,directed_regression_bootstrap_ucb,0,S02:regression_bootstrap_confirmation:c0,R,9,8,6,0.6666666666666666
ppo_release_v1,ppo_release_v2,directed_regression_bootstrap_ucb,0,S02:regression_bootstrap_confirmation:c1,R,0,1,0,
ppo_release_v1,ppo_release_v2,directed_regression_bootstrap_ucb,0,S02:regression_bootstrap_confirmation:c2,R,1,2,0,0.0
ppo_release_v1,ppo_release_v2,directed_regression_bootstrap_ucb,0,S08:regression_bootstrap_confirmation:c0,R,0,3,0,
ppo_release_v1,ppo_release_v2,directed_regression_bootstrap_ucb,0,S08:regression_bootstrap_confirmation:c1,R,0,1,0,
ppo_release_v1,ppo_release_v2,directed_regression_bootstrap_ucb,0,S08:regression_bootstrap_confirmation:c2,R,0,1,0,
ppo_release_v1,ppo_release_v2,directed_regression_bootstrap_ucb,0,S01:regression_bootstrap_confirmation:c0,I,0,3,0,
ppo_release_v1,ppo_release_v2,directed_regression_bootstrap_ucb,0,S01:regression_bootstrap_confirmation:c1,I,0,0,0,
ppo_release_v1,ppo_release_v2,directed_regression_bootstrap_ucb,0,S01:regression_bootstrap_confirmation:c2,I,0,1,0,
ppo_release_v1,ppo_release_v2,directed_regression_bootstrap_ucb,0,S02:regression_bootstrap_confirmation:c0,I,11,2,0,0.0
ppo_release_v1,ppo_release_v2,directed_regression_bootstrap_ucb,0,S02:regression_bootstrap_confirmation:c1,I,6,8,6,1.0
ppo_release_v1,ppo_release_v2,directed_regression_bootstrap_ucb,0,S02:regression_bootstrap_confirmation:c2,I,17,1,0,0.0
ppo_release_v1,ppo_release_v2,directed_regression_bootstrap_ucb,0,S08:regression_bootstrap_confirmation:c0,I,0,4,0,
ppo_release_v1,ppo_release_v2,directed_regression_bootstrap_ucb,0,S08:regression_bootstrap_confirmation:c1,I,0,0,0,
ppo_release_v1,ppo_release_v2,directed_regression_bootstrap_ucb,0,S08:regression_bootstrap_confirmation:c2,I,0,1,0,
ppo_release_v1,ppo_release_v2,static_margin_coverage,0,S01:regression_bootstrap_confirmation:c0,R,0,1,0,
ppo_release_v1,ppo_release_v2,static_margin_coverage,0,S01:regression_bootstrap_confirmation:c1,R,0,1,0,
ppo_release_v1,ppo_release_v2,static_margin_coverage,0,S01:regression_bootstrap_confirmation:c2,R,0,1,0,
ppo_release_v1,ppo_release_v2,static_margin_coverage,0,S02:regression_bootstrap_confirmation:c0,R,9,12,7,0.7777777777777778
ppo_release_v1,ppo_release_v2,static_margin_coverage,0,S02:regression_bootstrap_confirmation:c1,R,0,1,0,
ppo_release_v1,ppo_release_v2,static_margin_coverage,0,S02:regression_bootstrap_confirmation:c2,R,1,1,0,0.0
ppo_release_v1,ppo_release_v2,static_margin_coverage,0,S08:regression_bootstrap_confirmation:c0,R,0,1,0,
ppo_release_v1,ppo_release_v2,static_margin_coverage,0,S08:regression_bootstrap_confirmation:c1,R,0,1,0,
ppo_release_v1,ppo_release_v2,static_margin_coverage,0,S08:regression_bootstrap_confirmation:c2,R,0,1,0,
ppo_release_v1,ppo_release_v2,static_margin_coverage,0,S01:regression_bootstrap_confirmation:c0,I,0,17,0,
ppo_release_v1,ppo_release_v2,static_margin_coverage,0,S01:regression_bootstrap_confirmation:c1,I,0,0,0,
ppo_release_v1,ppo_release_v2,static_margin_coverage,0,S01:regression_bootstrap_confirmation:c2,I,0,0,0,
ppo_release_v1,ppo_release_v2,static_margin_coverage,0,S02:regression_bootstrap_confirmation:c0,I,11,0,0,0.0
ppo_release_v1,ppo_release_v2,static_margin_coverage,0,S02:regression_bootstrap_confirmation:c1,I,6,3,3,0.5
ppo_release_v1,ppo_release_v2,static_margin_coverage,0,S02:regression_bootstrap_confirmation:c2,I,17,0,0,0.0
ppo_release_v1,ppo_release_v2,static_margin_coverage,0,S08:regression_bootstrap_confirmation:c0,I,0,0,0,
ppo_release_v1,ppo_release_v2,static_margin_coverage,0,S08:regression_bootstrap_confirmation:c1,I,0,0,0,
ppo_release_v1,ppo_release_v2,static_margin_coverage,0,S08:regression_bootstrap_confirmation:c2,I,0,0,0,
ppo_release_v1,ppo_release_v2,coordinate_margin_frontier,0,S01:regression_bootstrap_confirmation:c0,R,0,1,0,
ppo_release_v1,ppo_release_v2,coordinate_margin_frontier,0,S01:regression_bootstrap_confirmation:c1,R,0,1,0,
ppo_release_v1,ppo_release_v2,coordinate_margin_frontier,0,S01:regression_bootstrap_confirmation:c2,R,0,1,0,
ppo_release_v1,ppo_release_v2,coordinate_margin_frontier,0,S02:regression_bootstrap_confirmation:c0,R,9,8,3,0.3333333333333333
ppo_release_v1,ppo_release_v2,coordinate_margin_frontier,0,S02:regression_bootstrap_confirmation:c1,R,0,1,0,
ppo_release_v1,ppo_release_v2,coordinate_margin_frontier,0,S02:regression_bootstrap_confirmation:c2,R,1,5,0,0.0
ppo_release_v1,ppo_release_v2,coordinate_margin_frontier,0,S08:regression_bootstrap_confirmation:c0,R,0,1,0,
ppo_release_v1,ppo_release_v2,coordinate_margin_frontier,0,S08:regression_bootstrap_confirmation:c1,R,0,1,0,
ppo_release_v1,ppo_release_v2,coordinate_margin_frontier,0,S08:regression_bootstrap_confirmation:c2,R,0,1,0,
ppo_release_v1,ppo_release_v2,coordinate_margin_frontier,0,S01:regression_bootstrap_confirmation:c0,I,0,14,0,
ppo_release_v1,ppo_release_v2,coordinate_margin_frontier,0,S01:regression_bootstrap_confirmation:c1,I,0,0,0,
ppo_release_v1,ppo_release_v2,coordinate_margin_frontier,0,S01:regression_bootstrap_confirmation:c2,I,0,0,0,
ppo_release_v1,ppo_release_v2,coordinate_margin_frontier,0,S02:regression_bootstrap_confirmation:c0,I,11,1,0,0.0
ppo_release_v1,ppo_release_v2,coordinate_margin_frontier,0,S02:regression_bootstrap_confirmation:c1,I,6,3,3,0.5
ppo_release_v1,ppo_release_v2,coordinate_margin_frontier,0,S02:regression_bootstrap_confirmation:c2,I,17,0,0,0.0
ppo_release_v1,ppo_release_v2,coordinate_margin_frontier,0,S08:regression_bootstrap_confirmation:c0,I,0,2,0,
ppo_release_v1,ppo_release_v2,coordinate_margin_frontier,0,S08:regression_bootstrap_confirmation:c1,I,0,0,0,
ppo_release_v1,ppo_release_v2,coordinate_margin_frontier,0,S08:regression_bootstrap_confirmation:c2,I,0,0,0,
ppo_release_v1,ppo_release_v2,directed_margin_frontier,0,S01:regression_bootstrap_confirmation:c0,R,0,1,0,
ppo_release_v1,ppo_release_v2,directed_margin_frontier,0,S01:regression_bootstrap_confirmation:c1,R,0,1,0,
ppo_release_v1,ppo_release_v2,directed_margin_frontier,0,S01:regression_bootstrap_confirmation:c2,R,0,1,0,
ppo_release_v1,ppo_release_v2,directed_margin_frontier,0,S02:regression_bootstrap_confirmation:c0,R,9,6,2,0.2222222222222222
ppo_release_v1,ppo_release_v2,directed_margin_frontier,0,S02:regression_bootstrap_confirmation:c1,R,0,1,0,
ppo_release_v1,ppo_release_v2,directed_margin_frontier,0,S02:regression_bootstrap_confirmation:c2,R,1,4,0,0.0
ppo_release_v1,ppo_release_v2,directed_margin_frontier,0,S08:regression_bootstrap_confirmation:c0,R,0,4,0,
ppo_release_v1,ppo_release_v2,directed_margin_frontier,0,S08:regression_bootstrap_confirmation:c1,R,0,1,0,
ppo_release_v1,ppo_release_v2,directed_margin_frontier,0,S08:regression_bootstrap_confirmation:c2,R,0,1,0,
ppo_release_v1,ppo_release_v2,directed_margin_frontier,0,S01:regression_bootstrap_confirmation:c0,I,0,5,0,
ppo_release_v1,ppo_release_v2,directed_margin_frontier,0,S01:regression_bootstrap_confirmation:c1,I,0,0,0,
ppo_release_v1,ppo_release_v2,directed_margin_frontier,0,S01:regression_bootstrap_confirmation:c2,I,0,0,0,
ppo_release_v1,ppo_release_v2,directed_margin_frontier,0,S02:regression_bootstrap_confirmation:c0,I,11,0,0,0.0
ppo_release_v1,ppo_release_v2,directed_margin_frontier,0,S02:regression_bootstrap_confirmation:c1,I,6,6,5,0.8333333333333334
ppo_release_v1,ppo_release_v2,directed_margin_frontier,0,S02:regression_bootstrap_confirmation:c2,I,17,0,0,0.0
ppo_release_v1,ppo_release_v2,directed_margin_frontier,0,S08:regression_bootstrap_confirmation:c0,I,0,8,0,
ppo_release_v1,ppo_release_v2,directed_margin_frontier,0,S08:regression_bootstrap_confirmation:c1,I,0,0,0,
ppo_release_v1,ppo_release_v2,directed_margin_frontier,0,S08:regression_bootstrap_confirmation:c2,I,0,1,0,
ppo_release_v1,ppo_release_v2,static_dual_margin_coverage,0,S01:regression_bootstrap_confirmation:c0,R,0,1,0,
ppo_release_v1,ppo_release_v2,static_dual_margin_coverage,0,S01:regression_bootstrap_confirmation:c1,R,0,1,0,
ppo_release_v1,ppo_release_v2,static_dual_margin_coverage,0,S01:regression_bootstrap_confirmation:c2,R,0,1,0,
ppo_release_v1,ppo_release_v2,static_dual_margin_coverage,0,S02:regression_bootstrap_confirmation:c0,R,9,12,7,0.7777777777777778
ppo_release_v1,ppo_release_v2,static_dual_margin_coverage,0,S02:regression_bootstrap_confirmation:c1,R,0,1,0,
ppo_release_v1,ppo_release_v2,static_dual_margin_coverage,0,S02:regression_bootstrap_confirmation:c2,R,1,1,0,0.0
ppo_release_v1,ppo_release_v2,static_dual_margin_coverage,0,S08:regression_bootstrap_confirmation:c0,R,0,1,0,
ppo_release_v1,ppo_release_v2,static_dual_margin_coverage,0,S08:regression_bootstrap_confirmation:c1,R,0,1,0,
ppo_release_v1,ppo_release_v2,static_dual_margin_coverage,0,S08:regression_bootstrap_confirmation:c2,R,0,1,0,
ppo_release_v1,ppo_release_v2,static_dual_margin_coverage,0,S01:regression_bootstrap_confirmation:c0,I,0,1,0,
ppo_release_v1,ppo_release_v2,static_dual_margin_coverage,0,S01:regression_bootstrap_confirmation:c1,I,0,0,0,
ppo_release_v1,ppo_release_v2,static_dual_margin_coverage,0,S01:regression_bootstrap_confirmation:c2,I,0,1,0,
ppo_release_v1,ppo_release_v2,static_dual_margin_coverage,0,S02:regression_bootstrap_confirmation:c0,I,11,1,0,0.0
ppo_release_v1,ppo_release_v2,static_dual_margin_coverage,0,S02:regression_bootstrap_confirmation:c1,I,6,1,0,0.0
ppo_release_v1,ppo_release_v2,static_dual_margin_coverage,0,S02:regression_bootstrap_confirmation:c2,I,17,1,0,0.0
ppo_release_v1,ppo_release_v2,static_dual_margin_coverage,0,S08:regression_bootstrap_confirmation:c0,I,0,14,0,
ppo_release_v1,ppo_release_v2,static_dual_margin_coverage,0,S08:regression_bootstrap_confirmation:c1,I,0,0,0,
ppo_release_v1,ppo_release_v2,static_dual_margin_coverage,0,S08:regression_bootstrap_confirmation:c2,I,0,1,0,
ppo_release_v1,ppo_release_v2,coordinate_dual_margin_frontier,0,S01:regression_bootstrap_confirmation:c0,R,0,1,0,
ppo_release_v1,ppo_release_v2,coordinate_dual_margin_frontier,0,S01:regression_bootstrap_confirmation:c1,R,0,1,0,
ppo_release_v1,ppo_release_v2,coordinate_dual_margin_frontier,0,S01:regression_bootstrap_confirmation:c2,R,0,1,0,
ppo_release_v1,ppo_release_v2,coordinate_dual_margin_frontier,0,S02:regression_bootstrap_confirmation:c0,R,9,8,3,0.3333333333333333
ppo_release_v1,ppo_release_v2,coordinate_dual_margin_frontier,0,S02:regression_bootstrap_confirmation:c1,R,0,1,0,
ppo_release_v1,ppo_release_v2,coordinate_dual_margin_frontier,0,S02:regression_bootstrap_confirmation:c2,R,1,5,0,0.0
ppo_release_v1,ppo_release_v2,coordinate_dual_margin_frontier,0,S08:regression_bootstrap_confirmation:c0,R,0,1,0,
ppo_release_v1,ppo_release_v2,coordinate_dual_margin_frontier,0,S08:regression_bootstrap_confirmation:c1,R,0,1,0,
ppo_release_v1,ppo_release_v2,coordinate_dual_margin_frontier,0,S08:regression_bootstrap_confirmation:c2,R,0,1,0,
ppo_release_v1,ppo_release_v2,coordinate_dual_margin_frontier,0,S01:regression_bootstrap_confirmation:c0,I,0,5,0,
ppo_release_v1,ppo_release_v2,coordinate_dual_margin_frontier,0,S01:regression_bootstrap_confirmation:c1,I,0,0,0,
ppo_release_v1,ppo_release_v2,coordinate_dual_margin_frontier,0,S01:regression_bootstrap_confirmation:c2,I,0,1,0,
ppo_release_v1,ppo_release_v2,coordinate_dual_margin_frontier,0,S02:regression_bootstrap_confirmation:c0,I,11,2,0,0.0
ppo_release_v1,ppo_release_v2,coordinate_dual_margin_frontier,0,S02:regression_bootstrap_confirmation:c1,I,6,8,6,1.0
ppo_release_v1,ppo_release_v2,coordinate_dual_margin_frontier,0,S02:regression_bootstrap_confirmation:c2,I,17,1,0,0.0
ppo_release_v1,ppo_release_v2,coordinate_dual_margin_frontier,0,S08:regression_bootstrap_confirmation:c0,I,0,2,0,
ppo_release_v1,ppo_release_v2,coordinate_dual_margin_frontier,0,S08:regression_bootstrap_confirmation:c1,I,0,0,0,
ppo_release_v1,ppo_release_v2,coordinate_dual_margin_frontier,0,S08:regression_bootstrap_confirmation:c2,I,0,1,0,
ppo_release_v1,ppo_release_v2,directed_dual_margin_frontier,0,S01:regression_bootstrap_confirmation:c0,R,0,1,0,
ppo_release_v1,ppo_release_v2,directed_dual_margin_frontier,0,S01:regression_bootstrap_confirmation:c1,R,0,1,0,
ppo_release_v1,ppo_release_v2,directed_dual_margin_frontier,0,S01:regression_bootstrap_confirmation:c2,R,0,1,0,
ppo_release_v1,ppo_release_v2,directed_dual_margin_frontier,0,S02:regression_bootstrap_confirmation:c0,R,9,6,2,0.2222222222222222
ppo_release_v1,ppo_release_v2,directed_dual_margin_frontier,0,S02:regression_bootstrap_confirmation:c1,R,0,1,0,
ppo_release_v1,ppo_release_v2,directed_dual_margin_frontier,0,S02:regression_bootstrap_confirmation:c2,R,1,6,1,1.0
ppo_release_v1,ppo_release_v2,directed_dual_margin_frontier,0,S08:regression_bootstrap_confirmation:c0,R,0,2,0,
ppo_release_v1,ppo_release_v2,directed_dual_margin_frontier,0,S08:regression_bootstrap_confirmation:c1,R,0,1,0,
ppo_release_v1,ppo_release_v2,directed_dual_margin_frontier,0,S08:regression_bootstrap_confirmation:c2,R,0,1,0,
ppo_release_v1,ppo_release_v2,directed_dual_margin_frontier,0,S01:regression_bootstrap_confirmation:c0,I,0,4,0,
ppo_release_v1,ppo_release_v2,directed_dual_margin_frontier,0,S01:regression_bootstrap_confirmation:c1,I,0,0,0,
ppo_release_v1,ppo_release_v2,directed_dual_margin_frontier,0,S01:regression_bootstrap_confirmation:c2,I,0,1,0,
ppo_release_v1,ppo_release_v2,directed_dual_margin_frontier,0,S02:regression_bootstrap_confirmation:c0,I,11,1,0,0.0
ppo_release_v1,ppo_release_v2,directed_dual_margin_frontier,0,S02:regression_bootstrap_confirmation:c1,I,6,9,6,1.0
ppo_release_v1,ppo_release_v2,directed_dual_margin_frontier,0,S02:regression_bootstrap_confirmation:c2,I,17,1,0,0.0
ppo_release_v1,ppo_release_v2,directed_dual_margin_frontier,0,S08:regression_bootstrap_confirmation:c0,I,0,3,0,
ppo_release_v1,ppo_release_v2,directed_dual_margin_frontier,0,S08:regression_bootstrap_confirmation:c1,I,0,0,0,
ppo_release_v1,ppo_release_v2,directed_dual_margin_frontier,0,S08:regression_bootstrap_confirmation:c2,I,0,1,0,
ppo_release_v1,ppo_release_v2,static_dual_coverage2,0,S01:regression_bootstrap_confirmation:c0,R,0,1,0,
ppo_release_v1,ppo_release_v2,static_dual_coverage2,0,S01:regression_bootstrap_confirmation:c1,R,0,1,0,
ppo_release_v1,ppo_release_v2,static_dual_coverage2,0,S01:regression_bootstrap_confirmation:c2,R,0,1,0,
ppo_release_v1,ppo_release_v2,static_dual_coverage2,0,S02:regression_bootstrap_confirmation:c0,R,9,12,7,0.7777777777777778
ppo_release_v1,ppo_release_v2,static_dual_coverage2,0,S02:regression_bootstrap_confirmation:c1,R,0,1,0,
ppo_release_v1,ppo_release_v2,static_dual_coverage2,0,S02:regression_bootstrap_confirmation:c2,R,1,1,0,0.0
ppo_release_v1,ppo_release_v2,static_dual_coverage2,0,S08:regression_bootstrap_confirmation:c0,R,0,1,0,
ppo_release_v1,ppo_release_v2,static_dual_coverage2,0,S08:regression_bootstrap_confirmation:c1,R,0,1,0,
ppo_release_v1,ppo_release_v2,static_dual_coverage2,0,S08:regression_bootstrap_confirmation:c2,R,0,1,0,
ppo_release_v1,ppo_release_v2,static_dual_coverage2,0,S01:regression_bootstrap_confirmation:c0,I,0,2,0,
ppo_release_v1,ppo_release_v2,static_dual_coverage2,0,S01:regression_bootstrap_confirmation:c1,I,0,0,0,
ppo_release_v1,ppo_release_v2,static_dual_coverage2,0,S01:regression_bootstrap_confirmation:c2,I,0,2,0,
ppo_release_v1,ppo_release_v2,static_dual_coverage2,0,S02:regression_bootstrap_confirmation:c0,I,11,2,0,0.0
ppo_release_v1,ppo_release_v2,static_dual_coverage2,0,S02:regression_bootstrap_confirmation:c1,I,6,2,1,0.16666666666666666
ppo_release_v1,ppo_release_v2,static_dual_coverage2,0,S02:regression_bootstrap_confirmation:c2,I,17,2,0,0.0
ppo_release_v1,ppo_release_v2,static_dual_coverage2,0,S08:regression_bootstrap_confirmation:c0,I,0,8,0,
ppo_release_v1,ppo_release_v2,static_dual_coverage2,0,S08:regression_bootstrap_confirmation:c1,I,0,0,0,
ppo_release_v1,ppo_release_v2,static_dual_coverage2,0,S08:regression_bootstrap_confirmation:c2,I,0,2,0,
ppo_release_v1,ppo_release_v2,coordinate_dual_local,0,S01:regression_bootstrap_confirmation:c0,R,0,2,0,
ppo_release_v1,ppo_release_v2,coordinate_dual_local,0,S01:regression_bootstrap_confirmation:c1,R,0,1,0,
ppo_release_v1,ppo_release_v2,coordinate_dual_local,0,S01:regression_bootstrap_confirmation:c2,R,0,1,0,
ppo_release_v1,ppo_release_v2,coordinate_dual_local,0,S02:regression_bootstrap_confirmation:c0,R,9,5,2,0.2222222222222222
ppo_release_v1,ppo_release_v2,coordinate_dual_local,0,S02:regression_bootstrap_confirmation:c1,R,0,1,0,
ppo_release_v1,ppo_release_v2,coordinate_dual_local,0,S02:regression_bootstrap_confirmation:c2,R,1,5,1,1.0
ppo_release_v1,ppo_release_v2,coordinate_dual_local,0,S08:regression_bootstrap_confirmation:c0,R,0,3,0,
ppo_release_v1,ppo_release_v2,coordinate_dual_local,0,S08:regression_bootstrap_confirmation:c1,R,0,1,0,
ppo_release_v1,ppo_release_v2,coordinate_dual_local,0,S08:regression_bootstrap_confirmation:c2,R,0,1,0,
ppo_release_v1,ppo_release_v2,coordinate_dual_local,0,S01:regression_bootstrap_confirmation:c0,I,0,2,0,
ppo_release_v1,ppo_release_v2,coordinate_dual_local,0,S01:regression_bootstrap_confirmation:c1,I,0,0,0,
ppo_release_v1,ppo_release_v2,coordinate_dual_local,0,S01:regression_bootstrap_confirmation:c2,I,0,2,0,
ppo_release_v1,ppo_release_v2,coordinate_dual_local,0,S02:regression_bootstrap_confirmation:c0,I,11,2,0,0.0
ppo_release_v1,ppo_release_v2,coordinate_dual_local,0,S02:regression_bootstrap_confirmation:c1,I,6,8,6,1.0
ppo_release_v1,ppo_release_v2,coordinate_dual_local,0,S02:regression_bootstrap_confirmation:c2,I,17,2,0,0.0
ppo_release_v1,ppo_release_v2,coordinate_dual_local,0,S08:regression_bootstrap_confirmation:c0,I,0,2,0,
ppo_release_v1,ppo_release_v2,coordinate_dual_local,0,S08:regression_bootstrap_confirmation:c1,I,0,0,0,
ppo_release_v1,ppo_release_v2,coordinate_dual_local,0,S08:regression_bootstrap_confirmation:c2,I,0,2,0,
ppo_release_v1,ppo_release_v2,directed_dual_local,0,S01:regression_bootstrap_confirmation:c0,R,0,2,0,
ppo_release_v1,ppo_release_v2,directed_dual_local,0,S01:regression_bootstrap_confirmation:c1,R,0,1,0,
ppo_release_v1,ppo_release_v2,directed_dual_local,0,S01:regression_bootstrap_confirmation:c2,R,0,2,0,
ppo_release_v1,ppo_release_v2,directed_dual_local,0,S02:regression_bootstrap_confirmation:c0,R,9,2,0,0.0
ppo_release_v1,ppo_release_v2,directed_dual_local,0,S02:regression_bootstrap_confirmation:c1,R,0,1,0,
ppo_release_v1,ppo_release_v2,directed_dual_local,0,S02:regression_bootstrap_confirmation:c2,R,1,6,1,1.0
ppo_release_v1,ppo_release_v2,directed_dual_local,0,S08:regression_bootstrap_confirmation:c0,R,0,4,0,
ppo_release_v1,ppo_release_v2,directed_dual_local,0,S08:regression_bootstrap_confirmation:c1,R,0,1,0,
ppo_release_v1,ppo_release_v2,directed_dual_local,0,S08:regression_bootstrap_confirmation:c2,R,0,1,0,
ppo_release_v1,ppo_release_v2,directed_dual_local,0,S01:regression_bootstrap_confirmation:c0,I,0,2,0,
ppo_release_v1,ppo_release_v2,directed_dual_local,0,S01:regression_bootstrap_confirmation:c1,I,0,0,0,
ppo_release_v1,ppo_release_v2,directed_dual_local,0,S01:regression_bootstrap_confirmation:c2,I,0,2,0,
ppo_release_v1,ppo_release_v2,directed_dual_local,0,S02:regression_bootstrap_confirmation:c0,I,11,2,0,0.0
ppo_release_v1,ppo_release_v2,directed_dual_local,0,S02:regression_bootstrap_confirmation:c1,I,6,7,5,0.8333333333333334
ppo_release_v1,ppo_release_v2,directed_dual_local,0,S02:regression_bootstrap_confirmation:c2,I,17,2,0,0.0
ppo_release_v1,ppo_release_v2,directed_dual_local,0,S08:regression_bootstrap_confirmation:c0,I,0,3,0,
ppo_release_v1,ppo_release_v2,directed_dual_local,0,S08:regression_bootstrap_confirmation:c1,I,0,0,0,
ppo_release_v1,ppo_release_v2,directed_dual_local,0,S08:regression_bootstrap_confirmation:c2,I,0,2,0,
ppo_release_v1,ppo_release_v2,static_majority_coverage2,0,S01:regression_bootstrap_confirmation:c0,R,0,1,0,
ppo_release_v1,ppo_release_v2,static_majority_coverage2,0,S01:regression_bootstrap_confirmation:c1,R,0,1,0,
ppo_release_v1,ppo_release_v2,static_majority_coverage2,0,S01:regression_bootstrap_confirmation:c2,R,0,1,0,
ppo_release_v1,ppo_release_v2,static_majority_coverage2,0,S02:regression_bootstrap_confirmation:c0,R,9,12,7,0.7777777777777778
ppo_release_v1,ppo_release_v2,static_majority_coverage2,0,S02:regression_bootstrap_confirmation:c1,R,0,1,0,
ppo_release_v1,ppo_release_v2,static_majority_coverage2,0,S02:regression_bootstrap_confirmation:c2,R,1,1,0,0.0
ppo_release_v1,ppo_release_v2,static_majority_coverage2,0,S08:regression_bootstrap_confirmation:c0,R,0,1,0,
ppo_release_v1,ppo_release_v2,static_majority_coverage2,0,S08:regression_bootstrap_confirmation:c1,R,0,1,0,
ppo_release_v1,ppo_release_v2,static_majority_coverage2,0,S08:regression_bootstrap_confirmation:c2,R,0,1,0,
ppo_release_v1,ppo_release_v2,static_majority_coverage2,0,S01:regression_bootstrap_confirmation:c0,I,0,1,0,
ppo_release_v1,ppo_release_v2,static_majority_coverage2,0,S01:regression_bootstrap_confirmation:c1,I,0,0,0,
ppo_release_v1,ppo_release_v2,static_majority_coverage2,0,S01:regression_bootstrap_confirmation:c2,I,0,0,0,
ppo_release_v1,ppo_release_v2,static_majority_coverage2,0,S02:regression_bootstrap_confirmation:c0,I,11,2,0,0.0
ppo_release_v1,ppo_release_v2,static_majority_coverage2,0,S02:regression_bootstrap_confirmation:c1,I,6,0,0,0.0
ppo_release_v1,ppo_release_v2,static_majority_coverage2,0,S02:regression_bootstrap_confirmation:c2,I,17,2,0,0.0
ppo_release_v1,ppo_release_v2,static_majority_coverage2,0,S08:regression_bootstrap_confirmation:c0,I,0,15,0,
ppo_release_v1,ppo_release_v2,static_majority_coverage2,0,S08:regression_bootstrap_confirmation:c1,I,0,0,0,
ppo_release_v1,ppo_release_v2,static_majority_coverage2,0,S08:regression_bootstrap_confirmation:c2,I,0,0,0,
ppo_release_v1,ppo_release_v2,coordinate_majority_local,0,S01:regression_bootstrap_confirmation:c0,R,0,1,0,
ppo_release_v1,ppo_release_v2,coordinate_majority_local,0,S01:regression_bootstrap_confirmation:c1,R,0,1,0,
ppo_release_v1,ppo_release_v2,coordinate_majority_local,0,S01:regression_bootstrap_confirmation:c2,R,0,1,0,
ppo_release_v1,ppo_release_v2,coordinate_majority_local,0,S02:regression_bootstrap_confirmation:c0,R,9,6,3,0.3333333333333333
ppo_release_v1,ppo_release_v2,coordinate_majority_local,0,S02:regression_bootstrap_confirmation:c1,R,0,1,0,
ppo_release_v1,ppo_release_v2,coordinate_majority_local,0,S02:regression_bootstrap_confirmation:c2,R,1,5,1,1.0
ppo_release_v1,ppo_release_v2,coordinate_majority_local,0,S08:regression_bootstrap_confirmation:c0,R,0,3,0,
ppo_release_v1,ppo_release_v2,coordinate_majority_local,0,S08:regression_bootstrap_confirmation:c1,R,0,1,0,
ppo_release_v1,ppo_release_v2,coordinate_majority_local,0,S08:regression_bootstrap_confirmation:c2,R,0,1,0,
ppo_release_v1,ppo_release_v2,coordinate_majority_local,0,S01:regression_bootstrap_confirmation:c0,I,0,1,0,
ppo_release_v1,ppo_release_v2,coordinate_majority_local,0,S01:regression_bootstrap_confirmation:c1,I,0,0,0,
ppo_release_v1,ppo_release_v2,coordinate_majority_local,0,S01:regression_bootstrap_confirmation:c2,I,0,0,0,
ppo_release_v1,ppo_release_v2,coordinate_majority_local,0,S02:regression_bootstrap_confirmation:c0,I,11,3,0,0.0
ppo_release_v1,ppo_release_v2,coordinate_majority_local,0,S02:regression_bootstrap_confirmation:c1,I,6,9,6,1.0
ppo_release_v1,ppo_release_v2,coordinate_majority_local,0,S02:regression_bootstrap_confirmation:c2,I,17,3,0,0.0
ppo_release_v1,ppo_release_v2,coordinate_majority_local,0,S08:regression_bootstrap_confirmation:c0,I,0,3,0,
ppo_release_v1,ppo_release_v2,coordinate_majority_local,0,S08:regression_bootstrap_confirmation:c1,I,0,0,0,
ppo_release_v1,ppo_release_v2,coordinate_majority_local,0,S08:regression_bootstrap_confirmation:c2,I,0,1,0,
ppo_release_v1,ppo_release_v2,directed_majority_local,0,S01:regression_bootstrap_confirmation:c0,R,0,1,0,
ppo_release_v1,ppo_release_v2,directed_majority_local,0,S01:regression_bootstrap_confirmation:c1,R,0,1,0,
ppo_release_v1,ppo_release_v2,directed_majority_local,0,S01:regression_bootstrap_confirmation:c2,R,0,1,0,
ppo_release_v1,ppo_release_v2,directed_majority_local,0,S02:regression_bootstrap_confirmation:c0,R,9,5,2,0.2222222222222222
ppo_release_v1,ppo_release_v2,directed_majority_local,0,S02:regression_bootstrap_confirmation:c1,R,0,1,0,
ppo_release_v1,ppo_release_v2,directed_majority_local,0,S02:regression_bootstrap_confirmation:c2,R,1,6,1,1.0
ppo_release_v1,ppo_release_v2,directed_majority_local,0,S08:regression_bootstrap_confirmation:c0,R,0,3,0,
ppo_release_v1,ppo_release_v2,directed_majority_local,0,S08:regression_bootstrap_confirmation:c1,R,0,1,0,
ppo_release_v1,ppo_release_v2,directed_majority_local,0,S08:regression_bootstrap_confirmation:c2,R,0,1,0,
ppo_release_v1,ppo_release_v2,directed_majority_local,0,S01:regression_bootstrap_confirmation:c0,I,0,1,0,
ppo_release_v1,ppo_release_v2,directed_majority_local,0,S01:regression_bootstrap_confirmation:c1,I,0,0,0,
ppo_release_v1,ppo_release_v2,directed_majority_local,0,S01:regression_bootstrap_confirmation:c2,I,0,0,0,
ppo_release_v1,ppo_release_v2,directed_majority_local,0,S02:regression_bootstrap_confirmation:c0,I,11,3,0,0.0
ppo_release_v1,ppo_release_v2,directed_majority_local,0,S02:regression_bootstrap_confirmation:c1,I,6,9,6,1.0
ppo_release_v1,ppo_release_v2,directed_majority_local,0,S02:regression_bootstrap_confirmation:c2,I,17,3,0,0.0
ppo_release_v1,ppo_release_v2,directed_majority_local,0,S08:regression_bootstrap_confirmation:c0,I,0,3,0,
ppo_release_v1,ppo_release_v2,directed_majority_local,0,S08:regression_bootstrap_confirmation:c1,I,0,0,0,
ppo_release_v1,ppo_release_v2,directed_majority_local,0,S08:regression_bootstrap_confirmation:c2,I,0,1,0,
ppo_release_v1,ppo_release_v2,directed_gated_majority,0,S01:regression_bootstrap_confirmation:c0,R,0,1,0,
ppo_release_v1,ppo_release_v2,directed_gated_majority,0,S01:regression_bootstrap_confirmation:c1,R,0,1,0,
ppo_release_v1,ppo_release_v2,directed_gated_majority,0,S01:regression_bootstrap_confirmation:c2,R,0,1,0,
ppo_release_v1,ppo_release_v2,directed_gated_majority,0,S02:regression_bootstrap_confirmation:c0,R,9,7,3,0.3333333333333333
ppo_release_v1,ppo_release_v2,directed_gated_majority,0,S02:regression_bootstrap_confirmation:c1,R,0,1,0,
ppo_release_v1,ppo_release_v2,directed_gated_majority,0,S02:regression_bootstrap_confirmation:c2,R,1,5,1,1.0
ppo_release_v1,ppo_release_v2,directed_gated_majority,0,S08:regression_bootstrap_confirmation:c0,R,0,2,0,
ppo_release_v1,ppo_release_v2,directed_gated_majority,0,S08:regression_bootstrap_confirmation:c1,R,0,1,0,
ppo_release_v1,ppo_release_v2,directed_gated_majority,0,S08:regression_bootstrap_confirmation:c2,R,0,1,0,
ppo_release_v1,ppo_release_v2,directed_gated_majority,0,S01:regression_bootstrap_confirmation:c0,I,0,3,0,
ppo_release_v1,ppo_release_v2,directed_gated_majority,0,S01:regression_bootstrap_confirmation:c1,I,0,0,0,
ppo_release_v1,ppo_release_v2,directed_gated_majority,0,S01:regression_bootstrap_confirmation:c2,I,0,0,0,
ppo_release_v1,ppo_release_v2,directed_gated_majority,0,S02:regression_bootstrap_confirmation:c0,I,11,3,0,0.0
ppo_release_v1,ppo_release_v2,directed_gated_majority,0,S02:regression_bootstrap_confirmation:c1,I,6,9,6,1.0
ppo_release_v1,ppo_release_v2,directed_gated_majority,0,S02:regression_bootstrap_confirmation:c2,I,17,2,0,0.0
ppo_release_v1,ppo_release_v2,directed_gated_majority,0,S08:regression_bootstrap_confirmation:c0,I,0,3,0,
ppo_release_v1,ppo_release_v2,directed_gated_majority,0,S08:regression_bootstrap_confirmation:c1,I,0,0,0,
ppo_release_v1,ppo_release_v2,directed_gated_majority,0,S08:regression_bootstrap_confirmation:c2,I,0,0,0,
ppo_release_v1,ppo_release_v2,static_role_coverage2,0,S01:regression_bootstrap_confirmation:c0,R,0,1,0,
ppo_release_v1,ppo_release_v2,static_role_coverage2,0,S01:regression_bootstrap_confirmation:c1,R,0,1,0,
ppo_release_v1,ppo_release_v2,static_role_coverage2,0,S01:regression_bootstrap_confirmation:c2,R,0,1,0,
ppo_release_v1,ppo_release_v2,static_role_coverage2,0,S02:regression_bootstrap_confirmation:c0,R,9,12,7,0.7777777777777778
ppo_release_v1,ppo_release_v2,static_role_coverage2,0,S02:regression_bootstrap_confirmation:c1,R,0,1,0,
ppo_release_v1,ppo_release_v2,static_role_coverage2,0,S02:regression_bootstrap_confirmation:c2,R,1,1,0,0.0
ppo_release_v1,ppo_release_v2,static_role_coverage2,0,S08:regression_bootstrap_confirmation:c0,R,0,1,0,
ppo_release_v1,ppo_release_v2,static_role_coverage2,0,S08:regression_bootstrap_confirmation:c1,R,0,1,0,
ppo_release_v1,ppo_release_v2,static_role_coverage2,0,S08:regression_bootstrap_confirmation:c2,R,0,1,0,
ppo_release_v1,ppo_release_v2,static_role_coverage2,0,S01:regression_bootstrap_confirmation:c0,I,0,1,0,
ppo_release_v1,ppo_release_v2,static_role_coverage2,0,S01:regression_bootstrap_confirmation:c1,I,0,0,0,
ppo_release_v1,ppo_release_v2,static_role_coverage2,0,S01:regression_bootstrap_confirmation:c2,I,0,0,0,
ppo_release_v1,ppo_release_v2,static_role_coverage2,0,S02:regression_bootstrap_confirmation:c0,I,11,2,0,0.0
ppo_release_v1,ppo_release_v2,static_role_coverage2,0,S02:regression_bootstrap_confirmation:c1,I,6,0,0,0.0
ppo_release_v1,ppo_release_v2,static_role_coverage2,0,S02:regression_bootstrap_confirmation:c2,I,17,2,0,0.0
ppo_release_v1,ppo_release_v2,static_role_coverage2,0,S08:regression_bootstrap_confirmation:c0,I,0,15,0,
ppo_release_v1,ppo_release_v2,static_role_coverage2,0,S08:regression_bootstrap_confirmation:c1,I,0,0,0,
ppo_release_v1,ppo_release_v2,static_role_coverage2,0,S08:regression_bootstrap_confirmation:c2,I,0,0,0,
ppo_release_v1,ppo_release_v2,coordinate_role_gated,0,S01:regression_bootstrap_confirmation:c0,R,0,1,0,
ppo_release_v1,ppo_release_v2,coordinate_role_gated,0,S01:regression_bootstrap_confirmation:c1,R,0,1,0,
ppo_release_v1,ppo_release_v2,coordinate_role_gated,0,S01:regression_bootstrap_confirmation:c2,R,0,1,0,
ppo_release_v1,ppo_release_v2,coordinate_role_gated,0,S02:regression_bootstrap_confirmation:c0,R,9,8,3,0.3333333333333333
ppo_release_v1,ppo_release_v2,coordinate_role_gated,0,S02:regression_bootstrap_confirmation:c1,R,0,1,0,
ppo_release_v1,ppo_release_v2,coordinate_role_gated,0,S02:regression_bootstrap_confirmation:c2,R,1,5,1,1.0
ppo_release_v1,ppo_release_v2,coordinate_role_gated,0,S08:regression_bootstrap_confirmation:c0,R,0,1,0,
ppo_release_v1,ppo_release_v2,coordinate_role_gated,0,S08:regression_bootstrap_confirmation:c1,R,0,1,0,
ppo_release_v1,ppo_release_v2,coordinate_role_gated,0,S08:regression_bootstrap_confirmation:c2,R,0,1,0,
ppo_release_v1,ppo_release_v2,coordinate_role_gated,0,S01:regression_bootstrap_confirmation:c0,I,0,6,0,
ppo_release_v1,ppo_release_v2,coordinate_role_gated,0,S01:regression_bootstrap_confirmation:c1,I,0,0,0,
ppo_release_v1,ppo_release_v2,coordinate_role_gated,0,S01:regression_bootstrap_confirmation:c2,I,0,0,0,
ppo_release_v1,ppo_release_v2,coordinate_role_gated,0,S02:regression_bootstrap_confirmation:c0,I,11,3,0,0.0
ppo_release_v1,ppo_release_v2,coordinate_role_gated,0,S02:regression_bootstrap_confirmation:c1,I,6,9,6,1.0
ppo_release_v1,ppo_release_v2,coordinate_role_gated,0,S02:regression_bootstrap_confirmation:c2,I,17,2,0,0.0
ppo_release_v1,ppo_release_v2,coordinate_role_gated,0,S08:regression_bootstrap_confirmation:c0,I,0,0,0,
ppo_release_v1,ppo_release_v2,coordinate_role_gated,0,S08:regression_bootstrap_confirmation:c1,I,0,0,0,
ppo_release_v1,ppo_release_v2,coordinate_role_gated,0,S08:regression_bootstrap_confirmation:c2,I,0,0,0,
ppo_release_v1,ppo_release_v2,directed_role_gated,0,S01:regression_bootstrap_confirmation:c0,R,0,1,0,
ppo_release_v1,ppo_release_v2,directed_role_gated,0,S01:regression_bootstrap_confirmation:c1,R,0,1,0,
ppo_release_v1,ppo_release_v2,directed_role_gated,0,S01:regression_bootstrap_confirmation:c2,R,0,1,0,
ppo_release_v1,ppo_release_v2,directed_role_gated,0,S02:regression_bootstrap_confirmation:c0,R,9,7,3,0.3333333333333333
ppo_release_v1,ppo_release_v2,directed_role_gated,0,S02:regression_bootstrap_confirmation:c1,R,0,1,0,
ppo_release_v1,ppo_release_v2,directed_role_gated,0,S02:regression_bootstrap_confirmation:c2,R,1,5,1,1.0
ppo_release_v1,ppo_release_v2,directed_role_gated,0,S08:regression_bootstrap_confirmation:c0,R,0,2,0,
ppo_release_v1,ppo_release_v2,directed_role_gated,0,S08:regression_bootstrap_confirmation:c1,R,0,1,0,
ppo_release_v1,ppo_release_v2,directed_role_gated,0,S08:regression_bootstrap_confirmation:c2,R,0,1,0,
ppo_release_v1,ppo_release_v2,directed_role_gated,0,S01:regression_bootstrap_confirmation:c0,I,0,3,0,
ppo_release_v1,ppo_release_v2,directed_role_gated,0,S01:regression_bootstrap_confirmation:c1,I,0,0,0,
ppo_release_v1,ppo_release_v2,directed_role_gated,0,S01:regression_bootstrap_confirmation:c2,I,0,0,0,
ppo_release_v1,ppo_release_v2,directed_role_gated,0,S02:regression_bootstrap_confirmation:c0,I,11,3,0,0.0
ppo_release_v1,ppo_release_v2,directed_role_gated,0,S02:regression_bootstrap_confirmation:c1,I,6,9,6,1.0
ppo_release_v1,ppo_release_v2,directed_role_gated,0,S02:regression_bootstrap_confirmation:c2,I,17,2,0,0.0
ppo_release_v1,ppo_release_v2,directed_role_gated,0,S08:regression_bootstrap_confirmation:c0,I,0,3,0,
ppo_release_v1,ppo_release_v2,directed_role_gated,0,S08:regression_bootstrap_confirmation:c1,I,0,0,0,
ppo_release_v1,ppo_release_v2,directed_role_gated,0,S08:regression_bootstrap_confirmation:c2,I,0,0,0,
ppo_release_v1,ppo_release_v2,adaptive_role_hybrid,0,S01:regression_bootstrap_confirmation:c0,R,0,1,0,
ppo_release_v1,ppo_release_v2,adaptive_role_hybrid,0,S01:regression_bootstrap_confirmation:c1,R,0,1,0,
ppo_release_v1,ppo_release_v2,adaptive_role_hybrid,0,S01:regression_bootstrap_confirmation:c2,R,0,1,0,
ppo_release_v1,ppo_release_v2,adaptive_role_hybrid,0,S02:regression_bootstrap_confirmation:c0,R,9,12,7,0.7777777777777778
ppo_release_v1,ppo_release_v2,adaptive_role_hybrid,0,S02:regression_bootstrap_confirmation:c1,R,0,1,0,
ppo_release_v1,ppo_release_v2,adaptive_role_hybrid,0,S02:regression_bootstrap_confirmation:c2,R,1,1,0,0.0
ppo_release_v1,ppo_release_v2,adaptive_role_hybrid,0,S08:regression_bootstrap_confirmation:c0,R,0,1,0,
ppo_release_v1,ppo_release_v2,adaptive_role_hybrid,0,S08:regression_bootstrap_confirmation:c1,R,0,1,0,
ppo_release_v1,ppo_release_v2,adaptive_role_hybrid,0,S08:regression_bootstrap_confirmation:c2,R,0,1,0,
ppo_release_v1,ppo_release_v2,adaptive_role_hybrid,0,S01:regression_bootstrap_confirmation:c0,I,0,5,0,
ppo_release_v1,ppo_release_v2,adaptive_role_hybrid,0,S01:regression_bootstrap_confirmation:c1,I,0,0,0,
ppo_release_v1,ppo_release_v2,adaptive_role_hybrid,0,S01:regression_bootstrap_confirmation:c2,I,0,0,0,
ppo_release_v1,ppo_release_v2,adaptive_role_hybrid,0,S02:regression_bootstrap_confirmation:c0,I,11,3,0,0.0
ppo_release_v1,ppo_release_v2,adaptive_role_hybrid,0,S02:regression_bootstrap_confirmation:c1,I,6,9,6,1.0
ppo_release_v1,ppo_release_v2,adaptive_role_hybrid,0,S02:regression_bootstrap_confirmation:c2,I,17,2,0,0.0
ppo_release_v1,ppo_release_v2,adaptive_role_hybrid,0,S08:regression_bootstrap_confirmation:c0,I,0,1,0,
ppo_release_v1,ppo_release_v2,adaptive_role_hybrid,0,S08:regression_bootstrap_confirmation:c1,I,0,0,0,
ppo_release_v1,ppo_release_v2,adaptive_role_hybrid,0,S08:regression_bootstrap_confirmation:c2,I,0,0,0,
ppo_release_v1,ppo_release_v2,multi_frontier_role,0,S01:regression_bootstrap_confirmation:c0,R,0,1,0,
ppo_release_v1,ppo_release_v2,multi_frontier_role,0,S01:regression_bootstrap_confirmation:c1,R,0,1,0,
ppo_release_v1,ppo_release_v2,multi_frontier_role,0,S01:regression_bootstrap_confirmation:c2,R,0,1,0,
ppo_release_v1,ppo_release_v2,multi_frontier_role,0,S02:regression_bootstrap_confirmation:c0,R,9,7,3,0.3333333333333333
ppo_release_v1,ppo_release_v2,multi_frontier_role,0,S02:regression_bootstrap_confirmation:c1,R,0,1,0,
ppo_release_v1,ppo_release_v2,multi_frontier_role,0,S02:regression_bootstrap_confirmation:c2,R,1,5,1,1.0
ppo_release_v1,ppo_release_v2,multi_frontier_role,0,S08:regression_bootstrap_confirmation:c0,R,0,2,0,
ppo_release_v1,ppo_release_v2,multi_frontier_role,0,S08:regression_bootstrap_confirmation:c1,R,0,1,0,
ppo_release_v1,ppo_release_v2,multi_frontier_role,0,S08:regression_bootstrap_confirmation:c2,R,0,1,0,
ppo_release_v1,ppo_release_v2,multi_frontier_role,0,S01:regression_bootstrap_confirmation:c0,I,0,3,0,
ppo_release_v1,ppo_release_v2,multi_frontier_role,0,S01:regression_bootstrap_confirmation:c1,I,0,0,0,
ppo_release_v1,ppo_release_v2,multi_frontier_role,0,S01:regression_bootstrap_confirmation:c2,I,0,0,0,
ppo_release_v1,ppo_release_v2,multi_frontier_role,0,S02:regression_bootstrap_confirmation:c0,I,11,3,0,0.0
ppo_release_v1,ppo_release_v2,multi_frontier_role,0,S02:regression_bootstrap_confirmation:c1,I,6,9,6,1.0
ppo_release_v1,ppo_release_v2,multi_frontier_role,0,S02:regression_bootstrap_confirmation:c2,I,17,2,0,0.0
ppo_release_v1,ppo_release_v2,multi_frontier_role,0,S08:regression_bootstrap_confirmation:c0,I,0,3,0,
ppo_release_v1,ppo_release_v2,multi_frontier_role,0,S08:regression_bootstrap_confirmation:c1,I,0,0,0,
ppo_release_v1,ppo_release_v2,multi_frontier_role,0,S08:regression_bootstrap_confirmation:c2,I,0,0,0,
ppo_release_v1,ppo_release_v2,multi_frontier_diversified,0,S01:regression_bootstrap_confirmation:c0,R,0,1,0,
ppo_release_v1,ppo_release_v2,multi_frontier_diversified,0,S01:regression_bootstrap_confirmation:c1,R,0,1,0,
ppo_release_v1,ppo_release_v2,multi_frontier_diversified,0,S01:regression_bootstrap_confirmation:c2,R,0,1,0,
ppo_release_v1,ppo_release_v2,multi_frontier_diversified,0,S02:regression_bootstrap_confirmation:c0,R,9,6,1,0.1111111111111111
ppo_release_v1,ppo_release_v2,multi_frontier_diversified,0,S02:regression_bootstrap_confirmation:c1,R,0,1,0,
ppo_release_v1,ppo_release_v2,multi_frontier_diversified,0,S02:regression_bootstrap_confirmation:c2,R,1,5,1,1.0
ppo_release_v1,ppo_release_v2,multi_frontier_diversified,0,S08:regression_bootstrap_confirmation:c0,R,0,3,0,
ppo_release_v1,ppo_release_v2,multi_frontier_diversified,0,S08:regression_bootstrap_confirmation:c1,R,0,1,0,
ppo_release_v1,ppo_release_v2,multi_frontier_diversified,0,S08:regression_bootstrap_confirmation:c2,R,0,1,0,
ppo_release_v1,ppo_release_v2,multi_frontier_diversified,0,S01:regression_bootstrap_confirmation:c0,I,0,2,0,
ppo_release_v1,ppo_release_v2,multi_frontier_diversified,0,S01:regression_bootstrap_confirmation:c1,I,0,0,0,
ppo_release_v1,ppo_release_v2,multi_frontier_diversified,0,S01:regression_bootstrap_confirmation:c2,I,0,0,0,
ppo_release_v1,ppo_release_v2,multi_frontier_diversified,0,S02:regression_bootstrap_confirmation:c0,I,11,4,0,0.0
ppo_release_v1,ppo_release_v2,multi_frontier_diversified,0,S02:regression_bootstrap_confirmation:c1,I,6,9,6,1.0
ppo_release_v1,ppo_release_v2,multi_frontier_diversified,0,S02:regression_bootstrap_confirmation:c2,I,17,2,0,0.0
ppo_release_v1,ppo_release_v2,multi_frontier_diversified,0,S08:regression_bootstrap_confirmation:c0,I,0,3,0,
ppo_release_v1,ppo_release_v2,multi_frontier_diversified,0,S08:regression_bootstrap_confirmation:c1,I,0,0,0,
ppo_release_v1,ppo_release_v2,multi_frontier_diversified,0,S08:regression_bootstrap_confirmation:c2,I,0,0,0,
ppo_release_v1,ppo_release_v2,coordinate_multi_frontier,0,S01:regression_bootstrap_confirmation:c0,R,0,1,0,
ppo_release_v1,ppo_release_v2,coordinate_multi_frontier,0,S01:regression_bootstrap_confirmation:c1,R,0,1,0,
ppo_release_v1,ppo_release_v2,coordinate_multi_frontier,0,S01:regression_bootstrap_confirmation:c2,R,0,1,0,
ppo_release_v1,ppo_release_v2,coordinate_multi_frontier,0,S02:regression_bootstrap_confirmation:c0,R,9,8,3,0.3333333333333333
ppo_release_v1,ppo_release_v2,coordinate_multi_frontier,0,S02:regression_bootstrap_confirmation:c1,R,0,1,0,
ppo_release_v1,ppo_release_v2,coordinate_multi_frontier,0,S02:regression_bootstrap_confirmation:c2,R,1,5,1,1.0
ppo_release_v1,ppo_release_v2,coordinate_multi_frontier,0,S08:regression_bootstrap_confirmation:c0,R,0,1,0,
ppo_release_v1,ppo_release_v2,coordinate_multi_frontier,0,S08:regression_bootstrap_confirmation:c1,R,0,1,0,
ppo_release_v1,ppo_release_v2,coordinate_multi_frontier,0,S08:regression_bootstrap_confirmation:c2,R,0,1,0,
ppo_release_v1,ppo_release_v2,coordinate_multi_frontier,0,S01:regression_bootstrap_confirmation:c0,I,0,6,0,
ppo_release_v1,ppo_release_v2,coordinate_multi_frontier,0,S01:regression_bootstrap_confirmation:c1,I,0,0,0,
ppo_release_v1,ppo_release_v2,coordinate_multi_frontier,0,S01:regression_bootstrap_confirmation:c2,I,0,0,0,
ppo_release_v1,ppo_release_v2,coordinate_multi_frontier,0,S02:regression_bootstrap_confirmation:c0,I,11,3,0,0.0
ppo_release_v1,ppo_release_v2,coordinate_multi_frontier,0,S02:regression_bootstrap_confirmation:c1,I,6,9,6,1.0
ppo_release_v1,ppo_release_v2,coordinate_multi_frontier,0,S02:regression_bootstrap_confirmation:c2,I,17,2,0,0.0
ppo_release_v1,ppo_release_v2,coordinate_multi_frontier,0,S08:regression_bootstrap_confirmation:c0,I,0,0,0,
ppo_release_v1,ppo_release_v2,coordinate_multi_frontier,0,S08:regression_bootstrap_confirmation:c1,I,0,0,0,
ppo_release_v1,ppo_release_v2,coordinate_multi_frontier,0,S08:regression_bootstrap_confirmation:c2,I,0,0,0,
ppo_release_v1,ppo_release_v2,static_role_coverage_latest,0,S01:regression_bootstrap_confirmation:c0,R,0,1,0,
ppo_release_v1,ppo_release_v2,static_role_coverage_latest,0,S01:regression_bootstrap_confirmation:c1,R,0,1,0,
ppo_release_v1,ppo_release_v2,static_role_coverage_latest,0,S01:regression_bootstrap_confirmation:c2,R,0,1,0,
ppo_release_v1,ppo_release_v2,static_role_coverage_latest,0,S02:regression_bootstrap_confirmation:c0,R,9,12,7,0.7777777777777778
ppo_release_v1,ppo_release_v2,static_role_coverage_latest,0,S02:regression_bootstrap_confirmation:c1,R,0,1,0,
ppo_release_v1,ppo_release_v2,static_role_coverage_latest,0,S02:regression_bootstrap_confirmation:c2,R,1,1,0,0.0
ppo_release_v1,ppo_release_v2,static_role_coverage_latest,0,S08:regression_bootstrap_confirmation:c0,R,0,1,0,
ppo_release_v1,ppo_release_v2,static_role_coverage_latest,0,S08:regression_bootstrap_confirmation:c1,R,0,1,0,
ppo_release_v1,ppo_release_v2,static_role_coverage_latest,0,S08:regression_bootstrap_confirmation:c2,R,0,1,0,
ppo_release_v1,ppo_release_v2,static_role_coverage_latest,0,S01:regression_bootstrap_confirmation:c0,I,0,0,0,
ppo_release_v1,ppo_release_v2,static_role_coverage_latest,0,S01:regression_bootstrap_confirmation:c1,I,0,0,0,
ppo_release_v1,ppo_release_v2,static_role_coverage_latest,0,S01:regression_bootstrap_confirmation:c2,I,0,0,0,
ppo_release_v1,ppo_release_v2,static_role_coverage_latest,0,S02:regression_bootstrap_confirmation:c0,I,11,2,2,0.18181818181818182
ppo_release_v1,ppo_release_v2,static_role_coverage_latest,0,S02:regression_bootstrap_confirmation:c1,I,6,8,6,1.0
ppo_release_v1,ppo_release_v2,static_role_coverage_latest,0,S02:regression_bootstrap_confirmation:c2,I,17,10,2,0.11764705882352941
ppo_release_v1,ppo_release_v2,static_role_coverage_latest,0,S08:regression_bootstrap_confirmation:c0,I,0,0,0,
ppo_release_v1,ppo_release_v2,static_role_coverage_latest,0,S08:regression_bootstrap_confirmation:c1,I,0,0,0,
ppo_release_v1,ppo_release_v2,static_role_coverage_latest,0,S08:regression_bootstrap_confirmation:c2,I,0,0,0,
ppo_release_v1,ppo_release_v2,coordinate_role_gated_latest,0,S01:regression_bootstrap_confirmation:c0,R,0,1,0,
ppo_release_v1,ppo_release_v2,coordinate_role_gated_latest,0,S01:regression_bootstrap_confirmation:c1,R,0,1,0,
ppo_release_v1,ppo_release_v2,coordinate_role_gated_latest,0,S01:regression_bootstrap_confirmation:c2,R,0,1,0,
ppo_release_v1,ppo_release_v2,coordinate_role_gated_latest,0,S02:regression_bootstrap_confirmation:c0,R,9,5,2,0.2222222222222222
ppo_release_v1,ppo_release_v2,coordinate_role_gated_latest,0,S02:regression_bootstrap_confirmation:c1,R,0,1,0,
ppo_release_v1,ppo_release_v2,coordinate_role_gated_latest,0,S02:regression_bootstrap_confirmation:c2,R,1,6,1,1.0
ppo_release_v1,ppo_release_v2,coordinate_role_gated_latest,0,S08:regression_bootstrap_confirmation:c0,R,0,3,0,
ppo_release_v1,ppo_release_v2,coordinate_role_gated_latest,0,S08:regression_bootstrap_confirmation:c1,R,0,1,0,
ppo_release_v1,ppo_release_v2,coordinate_role_gated_latest,0,S08:regression_bootstrap_confirmation:c2,R,0,1,0,
ppo_release_v1,ppo_release_v2,coordinate_role_gated_latest,0,S01:regression_bootstrap_confirmation:c0,I,0,0,0,
ppo_release_v1,ppo_release_v2,coordinate_role_gated_latest,0,S01:regression_bootstrap_confirmation:c1,I,0,0,0,
ppo_release_v1,ppo_release_v2,coordinate_role_gated_latest,0,S01:regression_bootstrap_confirmation:c2,I,0,0,0,
ppo_release_v1,ppo_release_v2,coordinate_role_gated_latest,0,S02:regression_bootstrap_confirmation:c0,I,11,14,6,0.5454545454545454
ppo_release_v1,ppo_release_v2,coordinate_role_gated_latest,0,S02:regression_bootstrap_confirmation:c1,I,6,4,3,0.5
ppo_release_v1,ppo_release_v2,coordinate_role_gated_latest,0,S02:regression_bootstrap_confirmation:c2,I,17,2,1,0.058823529411764705
ppo_release_v1,ppo_release_v2,coordinate_role_gated_latest,0,S08:regression_bootstrap_confirmation:c0,I,0,0,0,
ppo_release_v1,ppo_release_v2,coordinate_role_gated_latest,0,S08:regression_bootstrap_confirmation:c1,I,0,0,0,
ppo_release_v1,ppo_release_v2,coordinate_role_gated_latest,0,S08:regression_bootstrap_confirmation:c2,I,0,0,0,
ppo_release_v1,ppo_release_v2,directed_role_gated_latest,0,S01:regression_bootstrap_confirmation:c0,R,0,1,0,
ppo_release_v1,ppo_release_v2,directed_role_gated_latest,0,S01:regression_bootstrap_confirmation:c1,R,0,1,0,
ppo_release_v1,ppo_release_v2,directed_role_gated_latest,0,S01:regression_bootstrap_confirmation:c2,R,0,1,0,
ppo_release_v1,ppo_release_v2,directed_role_gated_latest,0,S02:regression_bootstrap_confirmation:c0,R,9,4,2,0.2222222222222222
ppo_release_v1,ppo_release_v2,directed_role_gated_latest,0,S02:regression_bootstrap_confirmation:c1,R,0,1,0,
ppo_release_v1,ppo_release_v2,directed_role_gated_latest,0,S02:regression_bootstrap_confirmation:c2,R,1,5,1,1.0
ppo_release_v1,ppo_release_v2,directed_role_gated_latest,0,S08:regression_bootstrap_confirmation:c0,R,0,5,0,
ppo_release_v1,ppo_release_v2,directed_role_gated_latest,0,S08:regression_bootstrap_confirmation:c1,R,0,1,0,
ppo_release_v1,ppo_release_v2,directed_role_gated_latest,0,S08:regression_bootstrap_confirmation:c2,R,0,1,0,
ppo_release_v1,ppo_release_v2,directed_role_gated_latest,0,S01:regression_bootstrap_confirmation:c0,I,0,0,0,
ppo_release_v1,ppo_release_v2,directed_role_gated_latest,0,S01:regression_bootstrap_confirmation:c1,I,0,0,0,
ppo_release_v1,ppo_release_v2,directed_role_gated_latest,0,S01:regression_bootstrap_confirmation:c2,I,0,0,0,
ppo_release_v1,ppo_release_v2,directed_role_gated_latest,0,S02:regression_bootstrap_confirmation:c0,I,11,14,6,0.5454545454545454
ppo_release_v1,ppo_release_v2,directed_role_gated_latest,0,S02:regression_bootstrap_confirmation:c1,I,6,3,2,0.3333333333333333
ppo_release_v1,ppo_release_v2,directed_role_gated_latest,0,S02:regression_bootstrap_confirmation:c2,I,17,2,1,0.058823529411764705
ppo_release_v1,ppo_release_v2,directed_role_gated_latest,0,S08:regression_bootstrap_confirmation:c0,I,0,1,0,
ppo_release_v1,ppo_release_v2,directed_role_gated_latest,0,S08:regression_bootstrap_confirmation:c1,I,0,0,0,
ppo_release_v1,ppo_release_v2,directed_role_gated_latest,0,S08:regression_bootstrap_confirmation:c2,I,0,0,0,
ppo_release_v1,ppo_release_v2,static_role_coverage_span,0,S01:regression_bootstrap_confirmation:c0,R,0,1,0,
ppo_release_v1,ppo_release_v2,static_role_coverage_span,0,S01:regression_bootstrap_confirmation:c1,R,0,1,0,
ppo_release_v1,ppo_release_v2,static_role_coverage_span,0,S01:regression_bootstrap_confirmation:c2,R,0,1,0,
ppo_release_v1,ppo_release_v2,static_role_coverage_span,0,S02:regression_bootstrap_confirmation:c0,R,9,12,7,0.7777777777777778
ppo_release_v1,ppo_release_v2,static_role_coverage_span,0,S02:regression_bootstrap_confirmation:c1,R,0,1,0,
ppo_release_v1,ppo_release_v2,static_role_coverage_span,0,S02:regression_bootstrap_confirmation:c2,R,1,1,0,0.0
ppo_release_v1,ppo_release_v2,static_role_coverage_span,0,S08:regression_bootstrap_confirmation:c0,R,0,1,0,
ppo_release_v1,ppo_release_v2,static_role_coverage_span,0,S08:regression_bootstrap_confirmation:c1,R,0,1,0,
ppo_release_v1,ppo_release_v2,static_role_coverage_span,0,S08:regression_bootstrap_confirmation:c2,R,0,1,0,
ppo_release_v1,ppo_release_v2,static_role_coverage_span,0,S01:regression_bootstrap_confirmation:c0,I,0,1,0,
ppo_release_v1,ppo_release_v2,static_role_coverage_span,0,S01:regression_bootstrap_confirmation:c1,I,0,0,0,
ppo_release_v1,ppo_release_v2,static_role_coverage_span,0,S01:regression_bootstrap_confirmation:c2,I,0,0,0,
ppo_release_v1,ppo_release_v2,static_role_coverage_span,0,S02:regression_bootstrap_confirmation:c0,I,11,2,1,0.09090909090909091
ppo_release_v1,ppo_release_v2,static_role_coverage_span,0,S02:regression_bootstrap_confirmation:c1,I,6,0,0,0.0
ppo_release_v1,ppo_release_v2,static_role_coverage_span,0,S02:regression_bootstrap_confirmation:c2,I,17,2,1,0.058823529411764705
ppo_release_v1,ppo_release_v2,static_role_coverage_span,0,S08:regression_bootstrap_confirmation:c0,I,0,15,0,
ppo_release_v1,ppo_release_v2,static_role_coverage_span,0,S08:regression_bootstrap_confirmation:c1,I,0,0,0,
ppo_release_v1,ppo_release_v2,static_role_coverage_span,0,S08:regression_bootstrap_confirmation:c2,I,0,0,0,
ppo_release_v1,ppo_release_v2,coordinate_role_gated_span,0,S01:regression_bootstrap_confirmation:c0,R,0,1,0,
ppo_release_v1,ppo_release_v2,coordinate_role_gated_span,0,S01:regression_bootstrap_confirmation:c1,R,0,1,0,
ppo_release_v1,ppo_release_v2,coordinate_role_gated_span,0,S01:regression_bootstrap_confirmation:c2,R,0,1,0,
ppo_release_v1,ppo_release_v2,coordinate_role_gated_span,0,S02:regression_bootstrap_confirmation:c0,R,9,6,2,0.2222222222222222
ppo_release_v1,ppo_release_v2,coordinate_role_gated_span,0,S02:regression_bootstrap_confirmation:c1,R,0,1,0,
ppo_release_v1,ppo_release_v2,coordinate_role_gated_span,0,S02:regression_bootstrap_confirmation:c2,R,1,6,1,1.0
ppo_release_v1,ppo_release_v2,coordinate_role_gated_span,0,S08:regression_bootstrap_confirmation:c0,R,0,2,0,
ppo_release_v1,ppo_release_v2,coordinate_role_gated_span,0,S08:regression_bootstrap_confirmation:c1,R,0,1,0,
ppo_release_v1,ppo_release_v2,coordinate_role_gated_span,0,S08:regression_bootstrap_confirmation:c2,R,0,1,0,
ppo_release_v1,ppo_release_v2,coordinate_role_gated_span,0,S01:regression_bootstrap_confirmation:c0,I,0,0,0,
ppo_release_v1,ppo_release_v2,coordinate_role_gated_span,0,S01:regression_bootstrap_confirmation:c1,I,0,0,0,
ppo_release_v1,ppo_release_v2,coordinate_role_gated_span,0,S01:regression_bootstrap_confirmation:c2,I,0,0,0,
ppo_release_v1,ppo_release_v2,coordinate_role_gated_span,0,S02:regression_bootstrap_confirmation:c0,I,11,2,1,0.09090909090909091
ppo_release_v1,ppo_release_v2,coordinate_role_gated_span,0,S02:regression_bootstrap_confirmation:c1,I,6,0,0,0.0
ppo_release_v1,ppo_release_v2,coordinate_role_gated_span,0,S02:regression_bootstrap_confirmation:c2,I,17,18,8,0.47058823529411764
ppo_release_v1,ppo_release_v2,coordinate_role_gated_span,0,S08:regression_bootstrap_confirmation:c0,I,0,0,0,
ppo_release_v1,ppo_release_v2,coordinate_role_gated_span,0,S08:regression_bootstrap_confirmation:c1,I,0,0,0,
ppo_release_v1,ppo_release_v2,coordinate_role_gated_span,0,S08:regression_bootstrap_confirmation:c2,I,0,0,0,
ppo_release_v1,ppo_release_v2,directed_role_gated_span,0,S01:regression_bootstrap_confirmation:c0,R,0,1,0,
ppo_release_v1,ppo_release_v2,directed_role_gated_span,0,S01:regression_bootstrap_confirmation:c1,R,0,1,0,
ppo_release_v1,ppo_release_v2,directed_role_gated_span,0,S01:regression_bootstrap_confirmation:c2,R,0,1,0,
ppo_release_v1,ppo_release_v2,directed_role_gated_span,0,S02:regression_bootstrap_confirmation:c0,R,9,5,2,0.2222222222222222
ppo_release_v1,ppo_release_v2,directed_role_gated_span,0,S02:regression_bootstrap_confirmation:c1,R,0,1,0,
ppo_release_v1,ppo_release_v2,directed_role_gated_span,0,S02:regression_bootstrap_confirmation:c2,R,1,5,1,1.0
ppo_release_v1,ppo_release_v2,directed_role_gated_span,0,S08:regression_bootstrap_confirmation:c0,R,0,4,0,
ppo_release_v1,ppo_release_v2,directed_role_gated_span,0,S08:regression_bootstrap_confirmation:c1,R,0,1,0,
ppo_release_v1,ppo_release_v2,directed_role_gated_span,0,S08:regression_bootstrap_confirmation:c2,R,0,1,0,
ppo_release_v1,ppo_release_v2,directed_role_gated_span,0,S01:regression_bootstrap_confirmation:c0,I,0,0,0,
ppo_release_v1,ppo_release_v2,directed_role_gated_span,0,S01:regression_bootstrap_confirmation:c1,I,0,0,0,
ppo_release_v1,ppo_release_v2,directed_role_gated_span,0,S01:regression_bootstrap_confirmation:c2,I,0,0,0,
ppo_release_v1,ppo_release_v2,directed_role_gated_span,0,S02:regression_bootstrap_confirmation:c0,I,11,2,1,0.09090909090909091
ppo_release_v1,ppo_release_v2,directed_role_gated_span,0,S02:regression_bootstrap_confirmation:c1,I,6,0,0,0.0
ppo_release_v1,ppo_release_v2,directed_role_gated_span,0,S02:regression_bootstrap_confirmation:c2,I,17,18,8,0.47058823529411764
ppo_release_v1,ppo_release_v2,directed_role_gated_span,0,S08:regression_bootstrap_confirmation:c0,I,0,0,0,
ppo_release_v1,ppo_release_v2,directed_role_gated_span,0,S08:regression_bootstrap_confirmation:c1,I,0,0,0,
ppo_release_v1,ppo_release_v2,directed_role_gated_span,0,S08:regression_bootstrap_confirmation:c2,I,0,0,0,
ppo_release_v1,ppo_release_v2,directed_role_gated_edges,0,S01:regression_bootstrap_confirmation:c0,R,0,1,0,
ppo_release_v1,ppo_release_v2,directed_role_gated_edges,0,S01:regression_bootstrap_confirmation:c1,R,0,1,0,
ppo_release_v1,ppo_release_v2,directed_role_gated_edges,0,S01:regression_bootstrap_confirmation:c2,R,0,1,0,
ppo_release_v1,ppo_release_v2,directed_role_gated_edges,0,S02:regression_bootstrap_confirmation:c0,R,9,7,3,0.3333333333333333
ppo_release_v1,ppo_release_v2,directed_role_gated_edges,0,S02:regression_bootstrap_confirmation:c1,R,0,1,0,
ppo_release_v1,ppo_release_v2,directed_role_gated_edges,0,S02:regression_bootstrap_confirmation:c2,R,1,5,1,1.0
ppo_release_v1,ppo_release_v2,directed_role_gated_edges,0,S08:regression_bootstrap_confirmation:c0,R,0,2,0,
ppo_release_v1,ppo_release_v2,directed_role_gated_edges,0,S08:regression_bootstrap_confirmation:c1,R,0,1,0,
ppo_release_v1,ppo_release_v2,directed_role_gated_edges,0,S08:regression_bootstrap_confirmation:c2,R,0,1,0,
ppo_release_v1,ppo_release_v2,directed_role_gated_edges,0,S01:regression_bootstrap_confirmation:c0,I,0,3,0,
ppo_release_v1,ppo_release_v2,directed_role_gated_edges,0,S01:regression_bootstrap_confirmation:c1,I,0,0,0,
ppo_release_v1,ppo_release_v2,directed_role_gated_edges,0,S01:regression_bootstrap_confirmation:c2,I,0,0,0,
ppo_release_v1,ppo_release_v2,directed_role_gated_edges,0,S02:regression_bootstrap_confirmation:c0,I,11,3,0,0.0
ppo_release_v1,ppo_release_v2,directed_role_gated_edges,0,S02:regression_bootstrap_confirmation:c1,I,6,9,6,1.0
ppo_release_v1,ppo_release_v2,directed_role_gated_edges,0,S02:regression_bootstrap_confirmation:c2,I,17,2,0,0.0
ppo_release_v1,ppo_release_v2,directed_role_gated_edges,0,S08:regression_bootstrap_confirmation:c0,I,0,3,0,
ppo_release_v1,ppo_release_v2,directed_role_gated_edges,0,S08:regression_bootstrap_confirmation:c1,I,0,0,0,
ppo_release_v1,ppo_release_v2,directed_role_gated_edges,0,S08:regression_bootstrap_confirmation:c2,I,0,0,0,
