task_id,target_build,method,repeat,budget,actual_queries,candidate_count,failure_pool_count,failure_count,first_failure_rank,first_failure_censored,failure_recall,history_record_count,initial_history_pass_count,initial_history_failure_count,initial_pattern_count,history_kind,status
legacy_regression_seed4179801_merge_blind06,merge_blind06,Random,0,1,1,104,7,0,13,13,0.0,160,104,56,14,failure_and_pass,HAS_FAILURE_MEMORY
legacy_regression_seed4179801_merge_blind06,merge_blind06,Random,0,5,5,104,7,0,13,13,0.0,160,104,56,14,failure_and_pass,HAS_FAILURE_MEMORY
legacy_regression_seed4179801_merge_blind06,merge_blind06,Random,0,10,10,104,7,0,13,13,0.0,160,104,56,14,failure_and_pass,HAS_FAILURE_MEMORY
legacy_regression_seed4179801_merge_blind06,merge_blind06,Random,0,20,20,104,7,2,13,13,0.2857142857142857,160,104,56,14,failure_and_pass,HAS_FAILURE_MEMORY
legacy_regression_seed4179801_merge_blind06,merge_blind06,Random,1,1,1,104,7,0,4,4,0.0,160,104,56,14,failure_and_pass,HAS_FAILURE_MEMORY
legacy_regression_seed4179801_merge_blind06,merge_blind06,Random,1,5,5,104,7,1,4,4,0.14285714285714285,160,104,56,14,failure_and_pass,HAS_FAILURE_MEMORY
legacy_regression_seed4179801_merge_blind06,merge_blind06,Random,1,10,10,104,7,1,4,4,0.14285714285714285,160,104,56,14,failure_and_pass,HAS_FAILURE_MEMORY
legacy_regression_seed4179801_merge_blind06,merge_blind06,Random,1,20,20,104,7,1,4,4,0.14285714285714285,160,104,56,14,failure_and_pass,HAS_FAILURE_MEMORY
legacy_regression_seed4179801_merge_blind06,merge_blind06,Random,2,1,1,104,7,0,12,12,0.0,160,104,56,14,failure_and_pass,HAS_FAILURE_MEMORY
legacy_regression_seed4179801_merge_blind06,merge_blind06,Random,2,5,5,104,7,0,12,12,0.0,160,104,56,14,failure_and_pass,HAS_FAILURE_MEMORY
legacy_regression_seed4179801_merge_blind06,merge_blind06,Random,2,10,10,104,7,0,12,12,0.0,160,104,56,14,failure_and_pass,HAS_FAILURE_MEMORY
legacy_regression_seed4179801_merge_blind06,merge_blind06,Random,2,20,20,104,7,1,12,12,0.14285714285714285,160,104,56,14,failure_and_pass,HAS_FAILURE_MEMORY
legacy_regression_seed4179801_merge_blind06,merge_blind06,Random,3,1,1,104,7,0,7,7,0.0,160,104,56,14,failure_and_pass,HAS_FAILURE_MEMORY
legacy_regression_seed4179801_merge_blind06,merge_blind06,Random,3,5,5,104,7,0,7,7,0.0,160,104,56,14,failure_and_pass,HAS_FAILURE_MEMORY
legacy_regression_seed4179801_merge_blind06,merge_blind06,Random,3,10,10,104,7,2,7,7,0.2857142857142857,160,104,56,14,failure_and_pass,HAS_FAILURE_MEMORY
legacy_regression_seed4179801_merge_blind06,merge_blind06,Random,3,20,20,104,7,2,7,7,0.2857142857142857,160,104,56,14,failure_and_pass,HAS_FAILURE_MEMORY
legacy_regression_seed4179801_merge_blind06,merge_blind06,Random,4,1,1,104,7,0,5,5,0.0,160,104,56,14,failure_and_pass,HAS_FAILURE_MEMORY
legacy_regression_seed4179801_merge_blind06,merge_blind06,Random,4,5,5,104,7,1,5,5,0.14285714285714285,160,104,56,14,failure_and_pass,HAS_FAILURE_MEMORY
legacy_regression_seed4179801_merge_blind06,merge_blind06,Random,4,10,10,104,7,1,5,5,0.14285714285714285,160,104,56,14,failure_and_pass,HAS_FAILURE_MEMORY
legacy_regression_seed4179801_merge_blind06,merge_blind06,Random,4,20,20,104,7,1,5,5,0.14285714285714285,160,104,56,14,failure_and_pass,HAS_FAILURE_MEMORY
legacy_regression_seed4179801_merge_blind06,merge_blind06,Random,5,1,1,104,7,0,13,13,0.0,160,104,56,14,failure_and_pass,HAS_FAILURE_MEMORY
legacy_regression_seed4179801_merge_blind06,merge_blind06,Random,5,5,5,104,7,0,13,13,0.0,160,104,56,14,failure_and_pass,HAS_FAILURE_MEMORY
legacy_regression_seed4179801_merge_blind06,merge_blind06,Random,5,10,10,104,7,0,13,13,0.0,160,104,56,14,failure_and_pass,HAS_FAILURE_MEMORY
legacy_regression_seed4179801_merge_blind06,merge_blind06,Random,5,20,20,104,7,2,13,13,0.2857142857142857,160,104,56,14,failure_and_pass,HAS_FAILURE_MEMORY
legacy_regression_seed4179801_merge_blind06,merge_blind06,Random,6,1,1,104,7,0,11,11,0.0,160,104,56,14,failure_and_pass,HAS_FAILURE_MEMORY
legacy_regression_seed4179801_merge_blind06,merge_blind06,Random,6,5,5,104,7,0,11,11,0.0,160,104,56,14,failure_and_pass,HAS_FAILURE_MEMORY
legacy_regression_seed4179801_merge_blind06,merge_blind06,Random,6,10,10,104,7,0,11,11,0.0,160,104,56,14,failure_and_pass,HAS_FAILURE_MEMORY
legacy_regression_seed4179801_merge_blind06,merge_blind06,Random,6,20,20,104,7,3,11,11,0.42857142857142855,160,104,56,14,failure_and_pass,HAS_FAILURE_MEMORY
legacy_regression_seed4179801_merge_blind06,merge_blind06,Random,7,1,1,104,7,0,3,3,0.0,160,104,56,14,failure_and_pass,HAS_FAILURE_MEMORY
legacy_regression_seed4179801_merge_blind06,merge_blind06,Random,7,5,5,104,7,1,3,3,0.14285714285714285,160,104,56,14,failure_and_pass,HAS_FAILURE_MEMORY
legacy_regression_seed4179801_merge_blind06,merge_blind06,Random,7,10,10,104,7,1,3,3,0.14285714285714285,160,104,56,14,failure_and_pass,HAS_FAILURE_MEMORY
legacy_regression_seed4179801_merge_blind06,merge_blind06,Random,7,20,20,104,7,3,3,3,0.42857142857142855,160,104,56,14,failure_and_pass,HAS_FAILURE_MEMORY
legacy_regression_seed4179801_merge_blind06,merge_blind06,Random,8,1,1,104,7,0,9,9,0.0,160,104,56,14,failure_and_pass,HAS_FAILURE_MEMORY
legacy_regression_seed4179801_merge_blind06,merge_blind06,Random,8,5,5,104,7,0,9,9,0.0,160,104,56,14,failure_and_pass,HAS_FAILURE_MEMORY
legacy_regression_seed4179801_merge_blind06,merge_blind06,Random,8,10,10,104,7,1,9,9,0.14285714285714285,160,104,56,14,failure_and_pass,HAS_FAILURE_MEMORY
legacy_regression_seed4179801_merge_blind06,merge_blind06,Random,8,20,20,104,7,2,9,9,0.2857142857142857,160,104,56,14,failure_and_pass,HAS_FAILURE_MEMORY
legacy_regression_seed4179801_merge_blind06,merge_blind06,Random,9,1,1,104,7,0,10,10,0.0,160,104,56,14,failure_and_pass,HAS_FAILURE_MEMORY
legacy_regression_seed4179801_merge_blind06,merge_blind06,Random,9,5,5,104,7,0,10,10,0.0,160,104,56,14,failure_and_pass,HAS_FAILURE_MEMORY
legacy_regression_seed4179801_merge_blind06,merge_blind06,Random,9,10,10,104,7,1,10,10,0.14285714285714285,160,104,56,14,failure_and_pass,HAS_FAILURE_MEMORY
legacy_regression_seed4179801_merge_blind06,merge_blind06,Random,9,20,20,104,7,1,10,10,0.14285714285714285,160,104,56,14,failure_and_pass,HAS_FAILURE_MEMORY
legacy_regression_seed4179801_merge_blind06,merge_blind06,HistoryRank-UCB-v2,0,1,1,104,7,1,1,1,0.14285714285714285,160,104,56,14,failure_and_pass,HAS_FAILURE_MEMORY
legacy_regression_seed4179801_merge_blind06,merge_blind06,HistoryRank-UCB-v2,0,5,5,104,7,3,1,1,0.42857142857142855,160,104,56,14,failure_and_pass,HAS_FAILURE_MEMORY
legacy_regression_seed4179801_merge_blind06,merge_blind06,HistoryRank-UCB-v2,0,10,10,104,7,6,1,1,0.8571428571428571,160,104,56,14,failure_and_pass,HAS_FAILURE_MEMORY
legacy_regression_seed4179801_merge_blind06,merge_blind06,HistoryRank-UCB-v2,0,20,20,104,7,7,1,1,1.0,160,104,56,14,failure_and_pass,HAS_FAILURE_MEMORY|BASELINE_AT_ORACLE_CEILING
legacy_regression_seed4179801_merge_blind06,merge_blind06,FailureDistance-v2,0,1,1,104,7,1,1,1,0.14285714285714285,160,104,56,14,failure_and_pass,HAS_FAILURE_MEMORY
legacy_regression_seed4179801_merge_blind06,merge_blind06,FailureDistance-v2,0,5,5,104,7,2,1,1,0.2857142857142857,160,104,56,14,failure_and_pass,HAS_FAILURE_MEMORY
legacy_regression_seed4179801_merge_blind06,merge_blind06,FailureDistance-v2,0,10,10,104,7,4,1,1,0.5714285714285714,160,104,56,14,failure_and_pass,HAS_FAILURE_MEMORY
legacy_regression_seed4179801_merge_blind06,merge_blind06,FailureDistance-v2,0,20,20,104,7,7,1,1,1.0,160,104,56,14,failure_and_pass,HAS_FAILURE_MEMORY|BASELINE_AT_ORACLE_CEILING
legacy_regression_seed4179801_merge_blind06,merge_blind06,FBRT-NoMemory,0,1,1,104,7,0,9,9,0.0,160,104,56,0,failure_and_pass,HAS_FAILURE_MEMORY
legacy_regression_seed4179801_merge_blind06,merge_blind06,FBRT-NoMemory,0,5,5,104,7,0,9,9,0.0,160,104,56,0,failure_and_pass,HAS_FAILURE_MEMORY
legacy_regression_seed4179801_merge_blind06,merge_blind06,FBRT-NoMemory,0,10,10,104,7,1,9,9,0.14285714285714285,160,104,56,0,failure_and_pass,HAS_FAILURE_MEMORY
legacy_regression_seed4179801_merge_blind06,merge_blind06,FBRT-NoMemory,0,20,20,104,7,4,9,9,0.5714285714285714,160,104,56,0,failure_and_pass,HAS_FAILURE_MEMORY
legacy_regression_seed4179801_merge_blind06,merge_blind06,FBRT-Memory,0,1,1,104,7,1,1,1,0.14285714285714285,160,104,56,14,failure_and_pass,HAS_FAILURE_MEMORY
legacy_regression_seed4179801_merge_blind06,merge_blind06,FBRT-Memory,0,5,5,104,7,2,1,1,0.2857142857142857,160,104,56,14,failure_and_pass,HAS_FAILURE_MEMORY
legacy_regression_seed4179801_merge_blind06,merge_blind06,FBRT-Memory,0,10,10,104,7,5,1,1,0.7142857142857143,160,104,56,14,failure_and_pass,HAS_FAILURE_MEMORY
legacy_regression_seed4179801_merge_blind06,merge_blind06,FBRT-Memory,0,20,20,104,7,7,1,1,1.0,160,104,56,14,failure_and_pass,HAS_FAILURE_MEMORY|BASELINE_AT_ORACLE_CEILING
legacy_regression_seed4179801_merge_brake2,merge_brake2,Random,0,1,1,104,4,1,1,1,0.25,160,104,56,14,failure_and_pass,HAS_FAILURE_MEMORY
legacy_regression_seed4179801_merge_brake2,merge_brake2,Random,0,5,5,104,4,1,1,1,0.25,160,104,56,14,failure_and_pass,HAS_FAILURE_MEMORY
legacy_regression_seed4179801_merge_brake2,merge_brake2,Random,0,10,10,104,4,1,1,1,0.25,160,104,56,14,failure_and_pass,HAS_FAILURE_MEMORY
legacy_regression_seed4179801_merge_brake2,merge_brake2,Random,0,20,20,104,4,1,1,1,0.25,160,104,56,14,failure_and_pass,HAS_FAILURE_MEMORY
legacy_regression_seed4179801_merge_brake2,merge_brake2,Random,1,1,1,104,4,0,,>B,0.0,160,104,56,14,failure_and_pass,HAS_FAILURE_MEMORY
legacy_regression_seed4179801_merge_brake2,merge_brake2,Random,1,5,5,104,4,0,,>B,0.0,160,104,56,14,failure_and_pass,HAS_FAILURE_MEMORY
legacy_regression_seed4179801_merge_brake2,merge_brake2,Random,1,10,10,104,4,0,,>B,0.0,160,104,56,14,failure_and_pass,HAS_FAILURE_MEMORY
legacy_regression_seed4179801_merge_brake2,merge_brake2,Random,1,20,20,104,4,0,,>B,0.0,160,104,56,14,failure_and_pass,HAS_FAILURE_MEMORY
legacy_regression_seed4179801_merge_brake2,merge_brake2,Random,2,1,1,104,4,0,,>B,0.0,160,104,56,14,failure_and_pass,HAS_FAILURE_MEMORY
legacy_regression_seed4179801_merge_brake2,merge_brake2,Random,2,5,5,104,4,0,,>B,0.0,160,104,56,14,failure_and_pass,HAS_FAILURE_MEMORY
legacy_regression_seed4179801_merge_brake2,merge_brake2,Random,2,10,10,104,4,0,,>B,0.0,160,104,56,14,failure_and_pass,HAS_FAILURE_MEMORY
legacy_regression_seed4179801_merge_brake2,merge_brake2,Random,2,20,20,104,4,0,,>B,0.0,160,104,56,14,failure_and_pass,HAS_FAILURE_MEMORY
legacy_regression_seed4179801_merge_brake2,merge_brake2,Random,3,1,1,104,4,0,15,15,0.0,160,104,56,14,failure_and_pass,HAS_FAILURE_MEMORY
legacy_regression_seed4179801_merge_brake2,merge_brake2,Random,3,5,5,104,4,0,15,15,0.0,160,104,56,14,failure_and_pass,HAS_FAILURE_MEMORY
legacy_regression_seed4179801_merge_brake2,merge_brake2,Random,3,10,10,104,4,0,15,15,0.0,160,104,56,14,failure_and_pass,HAS_FAILURE_MEMORY
legacy_regression_seed4179801_merge_brake2,merge_brake2,Random,3,20,20,104,4,2,15,15,0.5,160,104,56,14,failure_and_pass,HAS_FAILURE_MEMORY
legacy_regression_seed4179801_merge_brake2,merge_brake2,Random,4,1,1,104,4,0,,>B,0.0,160,104,56,14,failure_and_pass,HAS_FAILURE_MEMORY
legacy_regression_seed4179801_merge_brake2,merge_brake2,Random,4,5,5,104,4,0,,>B,0.0,160,104,56,14,failure_and_pass,HAS_FAILURE_MEMORY
legacy_regression_seed4179801_merge_brake2,merge_brake2,Random,4,10,10,104,4,0,,>B,0.0,160,104,56,14,failure_and_pass,HAS_FAILURE_MEMORY
legacy_regression_seed4179801_merge_brake2,merge_brake2,Random,4,20,20,104,4,0,,>B,0.0,160,104,56,14,failure_and_pass,HAS_FAILURE_MEMORY
legacy_regression_seed4179801_merge_brake2,merge_brake2,Random,5,1,1,104,4,0,,>B,0.0,160,104,56,14,failure_and_pass,HAS_FAILURE_MEMORY
legacy_regression_seed4179801_merge_brake2,merge_brake2,Random,5,5,5,104,4,0,,>B,0.0,160,104,56,14,failure_and_pass,HAS_FAILURE_MEMORY
legacy_regression_seed4179801_merge_brake2,merge_brake2,Random,5,10,10,104,4,0,,>B,0.0,160,104,56,14,failure_and_pass,HAS_FAILURE_MEMORY
legacy_regression_seed4179801_merge_brake2,merge_brake2,Random,5,20,20,104,4,0,,>B,0.0,160,104,56,14,failure_and_pass,HAS_FAILURE_MEMORY
legacy_regression_seed4179801_merge_brake2,merge_brake2,Random,6,1,1,104,4,0,3,3,0.0,160,104,56,14,failure_and_pass,HAS_FAILURE_MEMORY
legacy_regression_seed4179801_merge_brake2,merge_brake2,Random,6,5,5,104,4,1,3,3,0.25,160,104,56,14,failure_and_pass,HAS_FAILURE_MEMORY
legacy_regression_seed4179801_merge_brake2,merge_brake2,Random,6,10,10,104,4,1,3,3,0.25,160,104,56,14,failure_and_pass,HAS_FAILURE_MEMORY
legacy_regression_seed4179801_merge_brake2,merge_brake2,Random,6,20,20,104,4,2,3,3,0.5,160,104,56,14,failure_and_pass,HAS_FAILURE_MEMORY
legacy_regression_seed4179801_merge_brake2,merge_brake2,Random,7,1,1,104,4,0,11,11,0.0,160,104,56,14,failure_and_pass,HAS_FAILURE_MEMORY
legacy_regression_seed4179801_merge_brake2,merge_brake2,Random,7,5,5,104,4,0,11,11,0.0,160,104,56,14,failure_and_pass,HAS_FAILURE_MEMORY
legacy_regression_seed4179801_merge_brake2,merge_brake2,Random,7,10,10,104,4,0,11,11,0.0,160,104,56,14,failure_and_pass,HAS_FAILURE_MEMORY
legacy_regression_seed4179801_merge_brake2,merge_brake2,Random,7,20,20,104,4,1,11,11,0.25,160,104,56,14,failure_and_pass,HAS_FAILURE_MEMORY
legacy_regression_seed4179801_merge_brake2,merge_brake2,Random,8,1,1,104,4,0,,>B,0.0,160,104,56,14,failure_and_pass,HAS_FAILURE_MEMORY
legacy_regression_seed4179801_merge_brake2,merge_brake2,Random,8,5,5,104,4,0,,>B,0.0,160,104,56,14,failure_and_pass,HAS_FAILURE_MEMORY
legacy_regression_seed4179801_merge_brake2,merge_brake2,Random,8,10,10,104,4,0,,>B,0.0,160,104,56,14,failure_and_pass,HAS_FAILURE_MEMORY
legacy_regression_seed4179801_merge_brake2,merge_brake2,Random,8,20,20,104,4,0,,>B,0.0,160,104,56,14,failure_and_pass,HAS_FAILURE_MEMORY
legacy_regression_seed4179801_merge_brake2,merge_brake2,Random,9,1,1,104,4,0,,>B,0.0,160,104,56,14,failure_and_pass,HAS_FAILURE_MEMORY
legacy_regression_seed4179801_merge_brake2,merge_brake2,Random,9,5,5,104,4,0,,>B,0.0,160,104,56,14,failure_and_pass,HAS_FAILURE_MEMORY
legacy_regression_seed4179801_merge_brake2,merge_brake2,Random,9,10,10,104,4,0,,>B,0.0,160,104,56,14,failure_and_pass,HAS_FAILURE_MEMORY
legacy_regression_seed4179801_merge_brake2,merge_brake2,Random,9,20,20,104,4,0,,>B,0.0,160,104,56,14,failure_and_pass,HAS_FAILURE_MEMORY
legacy_regression_seed4179801_merge_brake2,merge_brake2,HistoryRank-UCB-v2,0,1,1,104,4,0,3,3,0.0,160,104,56,14,failure_and_pass,HAS_FAILURE_MEMORY
legacy_regression_seed4179801_merge_brake2,merge_brake2,HistoryRank-UCB-v2,0,5,5,104,4,2,3,3,0.5,160,104,56,14,failure_and_pass,HAS_FAILURE_MEMORY
legacy_regression_seed4179801_merge_brake2,merge_brake2,HistoryRank-UCB-v2,0,10,10,104,4,3,3,3,0.75,160,104,56,14,failure_and_pass,HAS_FAILURE_MEMORY
legacy_regression_seed4179801_merge_brake2,merge_brake2,HistoryRank-UCB-v2,0,20,20,104,4,4,3,3,1.0,160,104,56,14,failure_and_pass,HAS_FAILURE_MEMORY|BASELINE_AT_ORACLE_CEILING
legacy_regression_seed4179801_merge_brake2,merge_brake2,FailureDistance-v2,0,1,1,104,4,1,1,1,0.25,160,104,56,14,failure_and_pass,HAS_FAILURE_MEMORY
legacy_regression_seed4179801_merge_brake2,merge_brake2,FailureDistance-v2,0,5,5,104,4,1,1,1,0.25,160,104,56,14,failure_and_pass,HAS_FAILURE_MEMORY
legacy_regression_seed4179801_merge_brake2,merge_brake2,FailureDistance-v2,0,10,10,104,4,2,1,1,0.5,160,104,56,14,failure_and_pass,HAS_FAILURE_MEMORY
legacy_regression_seed4179801_merge_brake2,merge_brake2,FailureDistance-v2,0,20,20,104,4,4,1,1,1.0,160,104,56,14,failure_and_pass,HAS_FAILURE_MEMORY|BASELINE_AT_ORACLE_CEILING
legacy_regression_seed4179801_merge_brake2,merge_brake2,FBRT-NoMemory,0,1,1,104,4,0,3,3,0.0,160,104,56,0,failure_and_pass,HAS_FAILURE_MEMORY
legacy_regression_seed4179801_merge_brake2,merge_brake2,FBRT-NoMemory,0,5,5,104,4,1,3,3,0.25,160,104,56,0,failure_and_pass,HAS_FAILURE_MEMORY
legacy_regression_seed4179801_merge_brake2,merge_brake2,FBRT-NoMemory,0,10,10,104,4,1,3,3,0.25,160,104,56,0,failure_and_pass,HAS_FAILURE_MEMORY
legacy_regression_seed4179801_merge_brake2,merge_brake2,FBRT-NoMemory,0,20,20,104,4,2,3,3,0.5,160,104,56,0,failure_and_pass,HAS_FAILURE_MEMORY
legacy_regression_seed4179801_merge_brake2,merge_brake2,FBRT-Memory,0,1,1,104,4,1,1,1,0.25,160,104,56,14,failure_and_pass,HAS_FAILURE_MEMORY
legacy_regression_seed4179801_merge_brake2,merge_brake2,FBRT-Memory,0,5,5,104,4,3,1,1,0.75,160,104,56,14,failure_and_pass,HAS_FAILURE_MEMORY
legacy_regression_seed4179801_merge_brake2,merge_brake2,FBRT-Memory,0,10,10,104,4,4,1,1,1.0,160,104,56,14,failure_and_pass,HAS_FAILURE_MEMORY
legacy_regression_seed4179801_merge_brake2,merge_brake2,FBRT-Memory,0,20,20,104,4,4,1,1,1.0,160,104,56,14,failure_and_pass,HAS_FAILURE_MEMORY|BASELINE_AT_ORACLE_CEILING
legacy_regression_seed4179801_slow_front_brake2,slow_front_brake2,Random,0,1,1,104,65,1,1,1,0.015384615384615385,160,104,56,14,failure_and_pass,HAS_FAILURE_MEMORY
legacy_regression_seed4179801_slow_front_brake2,slow_front_brake2,Random,0,5,5,104,65,5,1,1,0.07692307692307693,160,104,56,14,failure_and_pass,HAS_FAILURE_MEMORY
legacy_regression_seed4179801_slow_front_brake2,slow_front_brake2,Random,0,10,10,104,65,8,1,1,0.12307692307692308,160,104,56,14,failure_and_pass,HAS_FAILURE_MEMORY
legacy_regression_seed4179801_slow_front_brake2,slow_front_brake2,Random,0,20,20,104,65,15,1,1,0.23076923076923078,160,104,56,14,failure_and_pass,HAS_FAILURE_MEMORY
legacy_regression_seed4179801_slow_front_brake2,slow_front_brake2,Random,1,1,1,104,65,1,1,1,0.015384615384615385,160,104,56,14,failure_and_pass,HAS_FAILURE_MEMORY
legacy_regression_seed4179801_slow_front_brake2,slow_front_brake2,Random,1,5,5,104,65,2,1,1,0.03076923076923077,160,104,56,14,failure_and_pass,HAS_FAILURE_MEMORY
legacy_regression_seed4179801_slow_front_brake2,slow_front_brake2,Random,1,10,10,104,65,5,1,1,0.07692307692307693,160,104,56,14,failure_and_pass,HAS_FAILURE_MEMORY
legacy_regression_seed4179801_slow_front_brake2,slow_front_brake2,Random,1,20,20,104,65,13,1,1,0.2,160,104,56,14,failure_and_pass,HAS_FAILURE_MEMORY
legacy_regression_seed4179801_slow_front_brake2,slow_front_brake2,Random,2,1,1,104,65,1,1,1,0.015384615384615385,160,104,56,14,failure_and_pass,HAS_FAILURE_MEMORY
legacy_regression_seed4179801_slow_front_brake2,slow_front_brake2,Random,2,5,5,104,65,3,1,1,0.046153846153846156,160,104,56,14,failure_and_pass,HAS_FAILURE_MEMORY
legacy_regression_seed4179801_slow_front_brake2,slow_front_brake2,Random,2,10,10,104,65,8,1,1,0.12307692307692308,160,104,56,14,failure_and_pass,HAS_FAILURE_MEMORY
legacy_regression_seed4179801_slow_front_brake2,slow_front_brake2,Random,2,20,20,104,65,16,1,1,0.24615384615384617,160,104,56,14,failure_and_pass,HAS_FAILURE_MEMORY
legacy_regression_seed4179801_slow_front_brake2,slow_front_brake2,Random,3,1,1,104,65,0,2,2,0.0,160,104,56,14,failure_and_pass,HAS_FAILURE_MEMORY
legacy_regression_seed4179801_slow_front_brake2,slow_front_brake2,Random,3,5,5,104,65,4,2,2,0.06153846153846154,160,104,56,14,failure_and_pass,HAS_FAILURE_MEMORY
legacy_regression_seed4179801_slow_front_brake2,slow_front_brake2,Random,3,10,10,104,65,8,2,2,0.12307692307692308,160,104,56,14,failure_and_pass,HAS_FAILURE_MEMORY
legacy_regression_seed4179801_slow_front_brake2,slow_front_brake2,Random,3,20,20,104,65,12,2,2,0.18461538461538463,160,104,56,14,failure_and_pass,HAS_FAILURE_MEMORY
legacy_regression_seed4179801_slow_front_brake2,slow_front_brake2,Random,4,1,1,104,65,1,1,1,0.015384615384615385,160,104,56,14,failure_and_pass,HAS_FAILURE_MEMORY
legacy_regression_seed4179801_slow_front_brake2,slow_front_brake2,Random,4,5,5,104,65,4,1,1,0.06153846153846154,160,104,56,14,failure_and_pass,HAS_FAILURE_MEMORY
legacy_regression_seed4179801_slow_front_brake2,slow_front_brake2,Random,4,10,10,104,65,6,1,1,0.09230769230769231,160,104,56,14,failure_and_pass,HAS_FAILURE_MEMORY
legacy_regression_seed4179801_slow_front_brake2,slow_front_brake2,Random,4,20,20,104,65,13,1,1,0.2,160,104,56,14,failure_and_pass,HAS_FAILURE_MEMORY
legacy_regression_seed4179801_slow_front_brake2,slow_front_brake2,Random,5,1,1,104,65,0,2,2,0.0,160,104,56,14,failure_and_pass,HAS_FAILURE_MEMORY
legacy_regression_seed4179801_slow_front_brake2,slow_front_brake2,Random,5,5,5,104,65,2,2,2,0.03076923076923077,160,104,56,14,failure_and_pass,HAS_FAILURE_MEMORY
legacy_regression_seed4179801_slow_front_brake2,slow_front_brake2,Random,5,10,10,104,65,4,2,2,0.06153846153846154,160,104,56,14,failure_and_pass,HAS_FAILURE_MEMORY
legacy_regression_seed4179801_slow_front_brake2,slow_front_brake2,Random,5,20,20,104,65,10,2,2,0.15384615384615385,160,104,56,14,failure_and_pass,HAS_FAILURE_MEMORY
legacy_regression_seed4179801_slow_front_brake2,slow_front_brake2,Random,6,1,1,104,65,0,2,2,0.0,160,104,56,14,failure_and_pass,HAS_FAILURE_MEMORY
legacy_regression_seed4179801_slow_front_brake2,slow_front_brake2,Random,6,5,5,104,65,2,2,2,0.03076923076923077,160,104,56,14,failure_and_pass,HAS_FAILURE_MEMORY
legacy_regression_seed4179801_slow_front_brake2,slow_front_brake2,Random,6,10,10,104,65,6,2,2,0.09230769230769231,160,104,56,14,failure_and_pass,HAS_FAILURE_MEMORY
legacy_regression_seed4179801_slow_front_brake2,slow_front_brake2,Random,6,20,20,104,65,11,2,2,0.16923076923076924,160,104,56,14,failure_and_pass,HAS_FAILURE_MEMORY
legacy_regression_seed4179801_slow_front_brake2,slow_front_brake2,Random,7,1,1,104,65,1,1,1,0.015384615384615385,160,104,56,14,failure_and_pass,HAS_FAILURE_MEMORY
legacy_regression_seed4179801_slow_front_brake2,slow_front_brake2,Random,7,5,5,104,65,3,1,1,0.046153846153846156,160,104,56,14,failure_and_pass,HAS_FAILURE_MEMORY
legacy_regression_seed4179801_slow_front_brake2,slow_front_brake2,Random,7,10,10,104,65,7,1,1,0.1076923076923077,160,104,56,14,failure_and_pass,HAS_FAILURE_MEMORY
legacy_regression_seed4179801_slow_front_brake2,slow_front_brake2,Random,7,20,20,104,65,10,1,1,0.15384615384615385,160,104,56,14,failure_and_pass,HAS_FAILURE_MEMORY
legacy_regression_seed4179801_slow_front_brake2,slow_front_brake2,Random,8,1,1,104,65,1,1,1,0.015384615384615385,160,104,56,14,failure_and_pass,HAS_FAILURE_MEMORY
legacy_regression_seed4179801_slow_front_brake2,slow_front_brake2,Random,8,5,5,104,65,5,1,1,0.07692307692307693,160,104,56,14,failure_and_pass,HAS_FAILURE_MEMORY
legacy_regression_seed4179801_slow_front_brake2,slow_front_brake2,Random,8,10,10,104,65,7,1,1,0.1076923076923077,160,104,56,14,failure_and_pass,HAS_FAILURE_MEMORY
legacy_regression_seed4179801_slow_front_brake2,slow_front_brake2,Random,8,20,20,104,65,16,1,1,0.24615384615384617,160,104,56,14,failure_and_pass,HAS_FAILURE_MEMORY
legacy_regression_seed4179801_slow_front_brake2,slow_front_brake2,Random,9,1,1,104,65,1,1,1,0.015384615384615385,160,104,56,14,failure_and_pass,HAS_FAILURE_MEMORY
legacy_regression_seed4179801_slow_front_brake2,slow_front_brake2,Random,9,5,5,104,65,2,1,1,0.03076923076923077,160,104,56,14,failure_and_pass,HAS_FAILURE_MEMORY
legacy_regression_seed4179801_slow_front_brake2,slow_front_brake2,Random,9,10,10,104,65,5,1,1,0.07692307692307693,160,104,56,14,failure_and_pass,HAS_FAILURE_MEMORY
legacy_regression_seed4179801_slow_front_brake2,slow_front_brake2,Random,9,20,20,104,65,7,1,1,0.1076923076923077,160,104,56,14,failure_and_pass,HAS_FAILURE_MEMORY
legacy_regression_seed4179801_slow_front_brake2,slow_front_brake2,HistoryRank-UCB-v2,0,1,1,104,65,1,1,1,0.015384615384615385,160,104,56,14,failure_and_pass,HAS_FAILURE_MEMORY
legacy_regression_seed4179801_slow_front_brake2,slow_front_brake2,HistoryRank-UCB-v2,0,5,5,104,65,4,1,1,0.06153846153846154,160,104,56,14,failure_and_pass,HAS_FAILURE_MEMORY
legacy_regression_seed4179801_slow_front_brake2,slow_front_brake2,HistoryRank-UCB-v2,0,10,10,104,65,9,1,1,0.13846153846153847,160,104,56,14,failure_and_pass,HAS_FAILURE_MEMORY
legacy_regression_seed4179801_slow_front_brake2,slow_front_brake2,HistoryRank-UCB-v2,0,20,20,104,65,18,1,1,0.27692307692307694,160,104,56,14,failure_and_pass,HAS_FAILURE_MEMORY
legacy_regression_seed4179801_slow_front_brake2,slow_front_brake2,FailureDistance-v2,0,1,1,104,65,0,2,2,0.0,160,104,56,14,failure_and_pass,HAS_FAILURE_MEMORY
legacy_regression_seed4179801_slow_front_brake2,slow_front_brake2,FailureDistance-v2,0,5,5,104,65,4,2,2,0.06153846153846154,160,104,56,14,failure_and_pass,HAS_FAILURE_MEMORY
legacy_regression_seed4179801_slow_front_brake2,slow_front_brake2,FailureDistance-v2,0,10,10,104,65,9,2,2,0.13846153846153847,160,104,56,14,failure_and_pass,HAS_FAILURE_MEMORY
legacy_regression_seed4179801_slow_front_brake2,slow_front_brake2,FailureDistance-v2,0,20,20,104,65,15,2,2,0.23076923076923078,160,104,56,14,failure_and_pass,HAS_FAILURE_MEMORY
legacy_regression_seed4179801_slow_front_brake2,slow_front_brake2,FBRT-NoMemory,0,1,1,104,65,0,2,2,0.0,160,104,56,0,failure_and_pass,HAS_FAILURE_MEMORY
legacy_regression_seed4179801_slow_front_brake2,slow_front_brake2,FBRT-NoMemory,0,5,5,104,65,4,2,2,0.06153846153846154,160,104,56,0,failure_and_pass,HAS_FAILURE_MEMORY
legacy_regression_seed4179801_slow_front_brake2,slow_front_brake2,FBRT-NoMemory,0,10,10,104,65,9,2,2,0.13846153846153847,160,104,56,0,failure_and_pass,HAS_FAILURE_MEMORY
legacy_regression_seed4179801_slow_front_brake2,slow_front_brake2,FBRT-NoMemory,0,20,20,104,65,19,2,2,0.2923076923076923,160,104,56,0,failure_and_pass,HAS_FAILURE_MEMORY
legacy_regression_seed4179801_slow_front_brake2,slow_front_brake2,FBRT-Memory,0,1,1,104,65,1,1,1,0.015384615384615385,160,104,56,14,failure_and_pass,HAS_FAILURE_MEMORY
legacy_regression_seed4179801_slow_front_brake2,slow_front_brake2,FBRT-Memory,0,5,5,104,65,5,1,1,0.07692307692307693,160,104,56,14,failure_and_pass,HAS_FAILURE_MEMORY
legacy_regression_seed4179801_slow_front_brake2,slow_front_brake2,FBRT-Memory,0,10,10,104,65,9,1,1,0.13846153846153847,160,104,56,14,failure_and_pass,HAS_FAILURE_MEMORY
legacy_regression_seed4179801_slow_front_brake2,slow_front_brake2,FBRT-Memory,0,20,20,104,65,19,1,1,0.2923076923076923,160,104,56,14,failure_and_pass,HAS_FAILURE_MEMORY
legacy_regression_seed4179802_merge_blind06,merge_blind06,Random,0,1,1,109,12,0,9,9,0.0,160,109,51,9,failure_and_pass,HAS_FAILURE_MEMORY
legacy_regression_seed4179802_merge_blind06,merge_blind06,Random,0,5,5,109,12,0,9,9,0.0,160,109,51,9,failure_and_pass,HAS_FAILURE_MEMORY
legacy_regression_seed4179802_merge_blind06,merge_blind06,Random,0,10,10,109,12,1,9,9,0.08333333333333333,160,109,51,9,failure_and_pass,HAS_FAILURE_MEMORY
legacy_regression_seed4179802_merge_blind06,merge_blind06,Random,0,20,20,109,12,1,9,9,0.08333333333333333,160,109,51,9,failure_and_pass,HAS_FAILURE_MEMORY
legacy_regression_seed4179802_merge_blind06,merge_blind06,Random,1,1,1,109,12,0,10,10,0.0,160,109,51,9,failure_and_pass,HAS_FAILURE_MEMORY
legacy_regression_seed4179802_merge_blind06,merge_blind06,Random,1,5,5,109,12,0,10,10,0.0,160,109,51,9,failure_and_pass,HAS_FAILURE_MEMORY
legacy_regression_seed4179802_merge_blind06,merge_blind06,Random,1,10,10,109,12,1,10,10,0.08333333333333333,160,109,51,9,failure_and_pass,HAS_FAILURE_MEMORY
legacy_regression_seed4179802_merge_blind06,merge_blind06,Random,1,20,20,109,12,1,10,10,0.08333333333333333,160,109,51,9,failure_and_pass,HAS_FAILURE_MEMORY
legacy_regression_seed4179802_merge_blind06,merge_blind06,Random,2,1,1,109,12,0,7,7,0.0,160,109,51,9,failure_and_pass,HAS_FAILURE_MEMORY
legacy_regression_seed4179802_merge_blind06,merge_blind06,Random,2,5,5,109,12,0,7,7,0.0,160,109,51,9,failure_and_pass,HAS_FAILURE_MEMORY
legacy_regression_seed4179802_merge_blind06,merge_blind06,Random,2,10,10,109,12,1,7,7,0.08333333333333333,160,109,51,9,failure_and_pass,HAS_FAILURE_MEMORY
legacy_regression_seed4179802_merge_blind06,merge_blind06,Random,2,20,20,109,12,1,7,7,0.08333333333333333,160,109,51,9,failure_and_pass,HAS_FAILURE_MEMORY
legacy_regression_seed4179802_merge_blind06,merge_blind06,Random,3,1,1,109,12,0,2,2,0.0,160,109,51,9,failure_and_pass,HAS_FAILURE_MEMORY
legacy_regression_seed4179802_merge_blind06,merge_blind06,Random,3,5,5,109,12,1,2,2,0.08333333333333333,160,109,51,9,failure_and_pass,HAS_FAILURE_MEMORY
legacy_regression_seed4179802_merge_blind06,merge_blind06,Random,3,10,10,109,12,1,2,2,0.08333333333333333,160,109,51,9,failure_and_pass,HAS_FAILURE_MEMORY
legacy_regression_seed4179802_merge_blind06,merge_blind06,Random,3,20,20,109,12,2,2,2,0.16666666666666666,160,109,51,9,failure_and_pass,HAS_FAILURE_MEMORY
legacy_regression_seed4179802_merge_blind06,merge_blind06,Random,4,1,1,109,12,0,2,2,0.0,160,109,51,9,failure_and_pass,HAS_FAILURE_MEMORY
legacy_regression_seed4179802_merge_blind06,merge_blind06,Random,4,5,5,109,12,2,2,2,0.16666666666666666,160,109,51,9,failure_and_pass,HAS_FAILURE_MEMORY
legacy_regression_seed4179802_merge_blind06,merge_blind06,Random,4,10,10,109,12,2,2,2,0.16666666666666666,160,109,51,9,failure_and_pass,HAS_FAILURE_MEMORY
legacy_regression_seed4179802_merge_blind06,merge_blind06,Random,4,20,20,109,12,2,2,2,0.16666666666666666,160,109,51,9,failure_and_pass,HAS_FAILURE_MEMORY
legacy_regression_seed4179802_merge_blind06,merge_blind06,Random,5,1,1,109,12,0,6,6,0.0,160,109,51,9,failure_and_pass,HAS_FAILURE_MEMORY
legacy_regression_seed4179802_merge_blind06,merge_blind06,Random,5,5,5,109,12,0,6,6,0.0,160,109,51,9,failure_and_pass,HAS_FAILURE_MEMORY
legacy_regression_seed4179802_merge_blind06,merge_blind06,Random,5,10,10,109,12,1,6,6,0.08333333333333333,160,109,51,9,failure_and_pass,HAS_FAILURE_MEMORY
legacy_regression_seed4179802_merge_blind06,merge_blind06,Random,5,20,20,109,12,4,6,6,0.3333333333333333,160,109,51,9,failure_and_pass,HAS_FAILURE_MEMORY
legacy_regression_seed4179802_merge_blind06,merge_blind06,Random,6,1,1,109,12,0,11,11,0.0,160,109,51,9,failure_and_pass,HAS_FAILURE_MEMORY
legacy_regression_seed4179802_merge_blind06,merge_blind06,Random,6,5,5,109,12,0,11,11,0.0,160,109,51,9,failure_and_pass,HAS_FAILURE_MEMORY
legacy_regression_seed4179802_merge_blind06,merge_blind06,Random,6,10,10,109,12,0,11,11,0.0,160,109,51,9,failure_and_pass,HAS_FAILURE_MEMORY
legacy_regression_seed4179802_merge_blind06,merge_blind06,Random,6,20,20,109,12,2,11,11,0.16666666666666666,160,109,51,9,failure_and_pass,HAS_FAILURE_MEMORY
legacy_regression_seed4179802_merge_blind06,merge_blind06,Random,7,1,1,109,12,0,6,6,0.0,160,109,51,9,failure_and_pass,HAS_FAILURE_MEMORY
legacy_regression_seed4179802_merge_blind06,merge_blind06,Random,7,5,5,109,12,0,6,6,0.0,160,109,51,9,failure_and_pass,HAS_FAILURE_MEMORY
legacy_regression_seed4179802_merge_blind06,merge_blind06,Random,7,10,10,109,12,2,6,6,0.16666666666666666,160,109,51,9,failure_and_pass,HAS_FAILURE_MEMORY
legacy_regression_seed4179802_merge_blind06,merge_blind06,Random,7,20,20,109,12,4,6,6,0.3333333333333333,160,109,51,9,failure_and_pass,HAS_FAILURE_MEMORY
legacy_regression_seed4179802_merge_blind06,merge_blind06,Random,8,1,1,109,12,0,7,7,0.0,160,109,51,9,failure_and_pass,HAS_FAILURE_MEMORY
legacy_regression_seed4179802_merge_blind06,merge_blind06,Random,8,5,5,109,12,0,7,7,0.0,160,109,51,9,failure_and_pass,HAS_FAILURE_MEMORY
legacy_regression_seed4179802_merge_blind06,merge_blind06,Random,8,10,10,109,12,1,7,7,0.08333333333333333,160,109,51,9,failure_and_pass,HAS_FAILURE_MEMORY
legacy_regression_seed4179802_merge_blind06,merge_blind06,Random,8,20,20,109,12,2,7,7,0.16666666666666666,160,109,51,9,failure_and_pass,HAS_FAILURE_MEMORY
legacy_regression_seed4179802_merge_blind06,merge_blind06,Random,9,1,1,109,12,0,5,5,0.0,160,109,51,9,failure_and_pass,HAS_FAILURE_MEMORY
legacy_regression_seed4179802_merge_blind06,merge_blind06,Random,9,5,5,109,12,1,5,5,0.08333333333333333,160,109,51,9,failure_and_pass,HAS_FAILURE_MEMORY
legacy_regression_seed4179802_merge_blind06,merge_blind06,Random,9,10,10,109,12,1,5,5,0.08333333333333333,160,109,51,9,failure_and_pass,HAS_FAILURE_MEMORY
legacy_regression_seed4179802_merge_blind06,merge_blind06,Random,9,20,20,109,12,1,5,5,0.08333333333333333,160,109,51,9,failure_and_pass,HAS_FAILURE_MEMORY
legacy_regression_seed4179802_merge_blind06,merge_blind06,HistoryRank-UCB-v2,0,1,1,109,12,1,1,1,0.08333333333333333,160,109,51,9,failure_and_pass,HAS_FAILURE_MEMORY
legacy_regression_seed4179802_merge_blind06,merge_blind06,HistoryRank-UCB-v2,0,5,5,109,12,3,1,1,0.25,160,109,51,9,failure_and_pass,HAS_FAILURE_MEMORY
legacy_regression_seed4179802_merge_blind06,merge_blind06,HistoryRank-UCB-v2,0,10,10,109,12,7,1,1,0.5833333333333334,160,109,51,9,failure_and_pass,HAS_FAILURE_MEMORY
legacy_regression_seed4179802_merge_blind06,merge_blind06,HistoryRank-UCB-v2,0,20,20,109,12,11,1,1,0.9166666666666666,160,109,51,9,failure_and_pass,HAS_FAILURE_MEMORY
legacy_regression_seed4179802_merge_blind06,merge_blind06,FailureDistance-v2,0,1,1,109,12,0,2,2,0.0,160,109,51,9,failure_and_pass,HAS_FAILURE_MEMORY
legacy_regression_seed4179802_merge_blind06,merge_blind06,FailureDistance-v2,0,5,5,109,12,3,2,2,0.25,160,109,51,9,failure_and_pass,HAS_FAILURE_MEMORY
legacy_regression_seed4179802_merge_blind06,merge_blind06,FailureDistance-v2,0,10,10,109,12,4,2,2,0.3333333333333333,160,109,51,9,failure_and_pass,HAS_FAILURE_MEMORY
legacy_regression_seed4179802_merge_blind06,merge_blind06,FailureDistance-v2,0,20,20,109,12,9,2,2,0.75,160,109,51,9,failure_and_pass,HAS_FAILURE_MEMORY
legacy_regression_seed4179802_merge_blind06,merge_blind06,FBRT-NoMemory,0,1,1,109,12,0,2,2,0.0,160,109,51,0,failure_and_pass,HAS_FAILURE_MEMORY
legacy_regression_seed4179802_merge_blind06,merge_blind06,FBRT-NoMemory,0,5,5,109,12,4,2,2,0.3333333333333333,160,109,51,0,failure_and_pass,HAS_FAILURE_MEMORY
legacy_regression_seed4179802_merge_blind06,merge_blind06,FBRT-NoMemory,0,10,10,109,12,5,2,2,0.4166666666666667,160,109,51,0,failure_and_pass,HAS_FAILURE_MEMORY
legacy_regression_seed4179802_merge_blind06,merge_blind06,FBRT-NoMemory,0,20,20,109,12,8,2,2,0.6666666666666666,160,109,51,0,failure_and_pass,HAS_FAILURE_MEMORY
legacy_regression_seed4179802_merge_blind06,merge_blind06,FBRT-Memory,0,1,1,109,12,0,2,2,0.0,160,109,51,9,failure_and_pass,HAS_FAILURE_MEMORY
legacy_regression_seed4179802_merge_blind06,merge_blind06,FBRT-Memory,0,5,5,109,12,3,2,2,0.25,160,109,51,9,failure_and_pass,HAS_FAILURE_MEMORY
legacy_regression_seed4179802_merge_blind06,merge_blind06,FBRT-Memory,0,10,10,109,12,5,2,2,0.4166666666666667,160,109,51,9,failure_and_pass,HAS_FAILURE_MEMORY
legacy_regression_seed4179802_merge_blind06,merge_blind06,FBRT-Memory,0,20,20,109,12,9,2,2,0.75,160,109,51,9,failure_and_pass,HAS_FAILURE_MEMORY
legacy_regression_seed4179802_merge_brake2,merge_brake2,Random,0,1,1,109,5,0,18,18,0.0,160,109,51,9,failure_and_pass,HAS_FAILURE_MEMORY
legacy_regression_seed4179802_merge_brake2,merge_brake2,Random,0,5,5,109,5,0,18,18,0.0,160,109,51,9,failure_and_pass,HAS_FAILURE_MEMORY
legacy_regression_seed4179802_merge_brake2,merge_brake2,Random,0,10,10,109,5,0,18,18,0.0,160,109,51,9,failure_and_pass,HAS_FAILURE_MEMORY
legacy_regression_seed4179802_merge_brake2,merge_brake2,Random,0,20,20,109,5,1,18,18,0.2,160,109,51,9,failure_and_pass,HAS_FAILURE_MEMORY
legacy_regression_seed4179802_merge_brake2,merge_brake2,Random,1,1,1,109,5,0,12,12,0.0,160,109,51,9,failure_and_pass,HAS_FAILURE_MEMORY
legacy_regression_seed4179802_merge_brake2,merge_brake2,Random,1,5,5,109,5,0,12,12,0.0,160,109,51,9,failure_and_pass,HAS_FAILURE_MEMORY
legacy_regression_seed4179802_merge_brake2,merge_brake2,Random,1,10,10,109,5,0,12,12,0.0,160,109,51,9,failure_and_pass,HAS_FAILURE_MEMORY
legacy_regression_seed4179802_merge_brake2,merge_brake2,Random,1,20,20,109,5,2,12,12,0.4,160,109,51,9,failure_and_pass,HAS_FAILURE_MEMORY
legacy_regression_seed4179802_merge_brake2,merge_brake2,Random,2,1,1,109,5,0,9,9,0.0,160,109,51,9,failure_and_pass,HAS_FAILURE_MEMORY
legacy_regression_seed4179802_merge_brake2,merge_brake2,Random,2,5,5,109,5,0,9,9,0.0,160,109,51,9,failure_and_pass,HAS_FAILURE_MEMORY
legacy_regression_seed4179802_merge_brake2,merge_brake2,Random,2,10,10,109,5,1,9,9,0.2,160,109,51,9,failure_and_pass,HAS_FAILURE_MEMORY
legacy_regression_seed4179802_merge_brake2,merge_brake2,Random,2,20,20,109,5,1,9,9,0.2,160,109,51,9,failure_and_pass,HAS_FAILURE_MEMORY
legacy_regression_seed4179802_merge_brake2,merge_brake2,Random,3,1,1,109,5,0,,>B,0.0,160,109,51,9,failure_and_pass,HAS_FAILURE_MEMORY
legacy_regression_seed4179802_merge_brake2,merge_brake2,Random,3,5,5,109,5,0,,>B,0.0,160,109,51,9,failure_and_pass,HAS_FAILURE_MEMORY
legacy_regression_seed4179802_merge_brake2,merge_brake2,Random,3,10,10,109,5,0,,>B,0.0,160,109,51,9,failure_and_pass,HAS_FAILURE_MEMORY
legacy_regression_seed4179802_merge_brake2,merge_brake2,Random,3,20,20,109,5,0,,>B,0.0,160,109,51,9,failure_and_pass,HAS_FAILURE_MEMORY
legacy_regression_seed4179802_merge_brake2,merge_brake2,Random,4,1,1,109,5,0,,>B,0.0,160,109,51,9,failure_and_pass,HAS_FAILURE_MEMORY
legacy_regression_seed4179802_merge_brake2,merge_brake2,Random,4,5,5,109,5,0,,>B,0.0,160,109,51,9,failure_and_pass,HAS_FAILURE_MEMORY
legacy_regression_seed4179802_merge_brake2,merge_brake2,Random,4,10,10,109,5,0,,>B,0.0,160,109,51,9,failure_and_pass,HAS_FAILURE_MEMORY
legacy_regression_seed4179802_merge_brake2,merge_brake2,Random,4,20,20,109,5,0,,>B,0.0,160,109,51,9,failure_and_pass,HAS_FAILURE_MEMORY
legacy_regression_seed4179802_merge_brake2,merge_brake2,Random,5,1,1,109,5,0,,>B,0.0,160,109,51,9,failure_and_pass,HAS_FAILURE_MEMORY
legacy_regression_seed4179802_merge_brake2,merge_brake2,Random,5,5,5,109,5,0,,>B,0.0,160,109,51,9,failure_and_pass,HAS_FAILURE_MEMORY
legacy_regression_seed4179802_merge_brake2,merge_brake2,Random,5,10,10,109,5,0,,>B,0.0,160,109,51,9,failure_and_pass,HAS_FAILURE_MEMORY
legacy_regression_seed4179802_merge_brake2,merge_brake2,Random,5,20,20,109,5,0,,>B,0.0,160,109,51,9,failure_and_pass,HAS_FAILURE_MEMORY
legacy_regression_seed4179802_merge_brake2,merge_brake2,Random,6,1,1,109,5,0,,>B,0.0,160,109,51,9,failure_and_pass,HAS_FAILURE_MEMORY
legacy_regression_seed4179802_merge_brake2,merge_brake2,Random,6,5,5,109,5,0,,>B,0.0,160,109,51,9,failure_and_pass,HAS_FAILURE_MEMORY
legacy_regression_seed4179802_merge_brake2,merge_brake2,Random,6,10,10,109,5,0,,>B,0.0,160,109,51,9,failure_and_pass,HAS_FAILURE_MEMORY
legacy_regression_seed4179802_merge_brake2,merge_brake2,Random,6,20,20,109,5,0,,>B,0.0,160,109,51,9,failure_and_pass,HAS_FAILURE_MEMORY
legacy_regression_seed4179802_merge_brake2,merge_brake2,Random,7,1,1,109,5,0,,>B,0.0,160,109,51,9,failure_and_pass,HAS_FAILURE_MEMORY
legacy_regression_seed4179802_merge_brake2,merge_brake2,Random,7,5,5,109,5,0,,>B,0.0,160,109,51,9,failure_and_pass,HAS_FAILURE_MEMORY
legacy_regression_seed4179802_merge_brake2,merge_brake2,Random,7,10,10,109,5,0,,>B,0.0,160,109,51,9,failure_and_pass,HAS_FAILURE_MEMORY
legacy_regression_seed4179802_merge_brake2,merge_brake2,Random,7,20,20,109,5,0,,>B,0.0,160,109,51,9,failure_and_pass,HAS_FAILURE_MEMORY
legacy_regression_seed4179802_merge_brake2,merge_brake2,Random,8,1,1,109,5,0,7,7,0.0,160,109,51,9,failure_and_pass,HAS_FAILURE_MEMORY
legacy_regression_seed4179802_merge_brake2,merge_brake2,Random,8,5,5,109,5,0,7,7,0.0,160,109,51,9,failure_and_pass,HAS_FAILURE_MEMORY
legacy_regression_seed4179802_merge_brake2,merge_brake2,Random,8,10,10,109,5,1,7,7,0.2,160,109,51,9,failure_and_pass,HAS_FAILURE_MEMORY
legacy_regression_seed4179802_merge_brake2,merge_brake2,Random,8,20,20,109,5,1,7,7,0.2,160,109,51,9,failure_and_pass,HAS_FAILURE_MEMORY
legacy_regression_seed4179802_merge_brake2,merge_brake2,Random,9,1,1,109,5,1,1,1,0.2,160,109,51,9,failure_and_pass,HAS_FAILURE_MEMORY
legacy_regression_seed4179802_merge_brake2,merge_brake2,Random,9,5,5,109,5,1,1,1,0.2,160,109,51,9,failure_and_pass,HAS_FAILURE_MEMORY
legacy_regression_seed4179802_merge_brake2,merge_brake2,Random,9,10,10,109,5,1,1,1,0.2,160,109,51,9,failure_and_pass,HAS_FAILURE_MEMORY
legacy_regression_seed4179802_merge_brake2,merge_brake2,Random,9,20,20,109,5,1,1,1,0.2,160,109,51,9,failure_and_pass,HAS_FAILURE_MEMORY
legacy_regression_seed4179802_merge_brake2,merge_brake2,HistoryRank-UCB-v2,0,1,1,109,5,0,3,3,0.0,160,109,51,9,failure_and_pass,HAS_FAILURE_MEMORY
legacy_regression_seed4179802_merge_brake2,merge_brake2,HistoryRank-UCB-v2,0,5,5,109,5,2,3,3,0.4,160,109,51,9,failure_and_pass,HAS_FAILURE_MEMORY
legacy_regression_seed4179802_merge_brake2,merge_brake2,HistoryRank-UCB-v2,0,10,10,109,5,3,3,3,0.6,160,109,51,9,failure_and_pass,HAS_FAILURE_MEMORY
legacy_regression_seed4179802_merge_brake2,merge_brake2,HistoryRank-UCB-v2,0,20,20,109,5,5,3,3,1.0,160,109,51,9,failure_and_pass,HAS_FAILURE_MEMORY|BASELINE_AT_ORACLE_CEILING
legacy_regression_seed4179802_merge_brake2,merge_brake2,FailureDistance-v2,0,1,1,109,5,0,5,5,0.0,160,109,51,9,failure_and_pass,HAS_FAILURE_MEMORY
legacy_regression_seed4179802_merge_brake2,merge_brake2,FailureDistance-v2,0,5,5,109,5,1,5,5,0.2,160,109,51,9,failure_and_pass,HAS_FAILURE_MEMORY
legacy_regression_seed4179802_merge_brake2,merge_brake2,FailureDistance-v2,0,10,10,109,5,1,5,5,0.2,160,109,51,9,failure_and_pass,HAS_FAILURE_MEMORY
legacy_regression_seed4179802_merge_brake2,merge_brake2,FailureDistance-v2,0,20,20,109,5,4,5,5,0.8,160,109,51,9,failure_and_pass,HAS_FAILURE_MEMORY
legacy_regression_seed4179802_merge_brake2,merge_brake2,FBRT-NoMemory,0,1,1,109,5,0,3,3,0.0,160,109,51,0,failure_and_pass,HAS_FAILURE_MEMORY
legacy_regression_seed4179802_merge_brake2,merge_brake2,FBRT-NoMemory,0,5,5,109,5,2,3,3,0.4,160,109,51,0,failure_and_pass,HAS_FAILURE_MEMORY
legacy_regression_seed4179802_merge_brake2,merge_brake2,FBRT-NoMemory,0,10,10,109,5,3,3,3,0.6,160,109,51,0,failure_and_pass,HAS_FAILURE_MEMORY
legacy_regression_seed4179802_merge_brake2,merge_brake2,FBRT-NoMemory,0,20,20,109,5,5,3,3,1.0,160,109,51,0,failure_and_pass,HAS_FAILURE_MEMORY|BASELINE_AT_ORACLE_CEILING
legacy_regression_seed4179802_merge_brake2,merge_brake2,FBRT-Memory,0,1,1,109,5,0,2,2,0.0,160,109,51,9,failure_and_pass,HAS_FAILURE_MEMORY
legacy_regression_seed4179802_merge_brake2,merge_brake2,FBRT-Memory,0,5,5,109,5,3,2,2,0.6,160,109,51,9,failure_and_pass,HAS_FAILURE_MEMORY
legacy_regression_seed4179802_merge_brake2,merge_brake2,FBRT-Memory,0,10,10,109,5,4,2,2,0.8,160,109,51,9,failure_and_pass,HAS_FAILURE_MEMORY
legacy_regression_seed4179802_merge_brake2,merge_brake2,FBRT-Memory,0,20,20,109,5,5,2,2,1.0,160,109,51,9,failure_and_pass,HAS_FAILURE_MEMORY|BASELINE_AT_ORACLE_CEILING
legacy_regression_seed4179802_slow_front_brake2,slow_front_brake2,Random,0,1,1,109,68,0,4,4,0.0,160,109,51,9,failure_and_pass,HAS_FAILURE_MEMORY
legacy_regression_seed4179802_slow_front_brake2,slow_front_brake2,Random,0,5,5,109,68,2,4,4,0.029411764705882353,160,109,51,9,failure_and_pass,HAS_FAILURE_MEMORY
legacy_regression_seed4179802_slow_front_brake2,slow_front_brake2,Random,0,10,10,109,68,3,4,4,0.04411764705882353,160,109,51,9,failure_and_pass,HAS_FAILURE_MEMORY
legacy_regression_seed4179802_slow_front_brake2,slow_front_brake2,Random,0,20,20,109,68,9,4,4,0.1323529411764706,160,109,51,9,failure_and_pass,HAS_FAILURE_MEMORY
legacy_regression_seed4179802_slow_front_brake2,slow_front_brake2,Random,1,1,1,109,68,1,1,1,0.014705882352941176,160,109,51,9,failure_and_pass,HAS_FAILURE_MEMORY
legacy_regression_seed4179802_slow_front_brake2,slow_front_brake2,Random,1,5,5,109,68,4,1,1,0.058823529411764705,160,109,51,9,failure_and_pass,HAS_FAILURE_MEMORY
legacy_regression_seed4179802_slow_front_brake2,slow_front_brake2,Random,1,10,10,109,68,6,1,1,0.08823529411764706,160,109,51,9,failure_and_pass,HAS_FAILURE_MEMORY
legacy_regression_seed4179802_slow_front_brake2,slow_front_brake2,Random,1,20,20,109,68,12,1,1,0.17647058823529413,160,109,51,9,failure_and_pass,HAS_FAILURE_MEMORY
legacy_regression_seed4179802_slow_front_brake2,slow_front_brake2,Random,2,1,1,109,68,1,1,1,0.014705882352941176,160,109,51,9,failure_and_pass,HAS_FAILURE_MEMORY
legacy_regression_seed4179802_slow_front_brake2,slow_front_brake2,Random,2,5,5,109,68,3,1,1,0.04411764705882353,160,109,51,9,failure_and_pass,HAS_FAILURE_MEMORY
legacy_regression_seed4179802_slow_front_brake2,slow_front_brake2,Random,2,10,10,109,68,6,1,1,0.08823529411764706,160,109,51,9,failure_and_pass,HAS_FAILURE_MEMORY
legacy_regression_seed4179802_slow_front_brake2,slow_front_brake2,Random,2,20,20,109,68,11,1,1,0.16176470588235295,160,109,51,9,failure_and_pass,HAS_FAILURE_MEMORY
legacy_regression_seed4179802_slow_front_brake2,slow_front_brake2,Random,3,1,1,109,68,1,1,1,0.014705882352941176,160,109,51,9,failure_and_pass,HAS_FAILURE_MEMORY
legacy_regression_seed4179802_slow_front_brake2,slow_front_brake2,Random,3,5,5,109,68,4,1,1,0.058823529411764705,160,109,51,9,failure_and_pass,HAS_FAILURE_MEMORY
legacy_regression_seed4179802_slow_front_brake2,slow_front_brake2,Random,3,10,10,109,68,6,1,1,0.08823529411764706,160,109,51,9,failure_and_pass,HAS_FAILURE_MEMORY
legacy_regression_seed4179802_slow_front_brake2,slow_front_brake2,Random,3,20,20,109,68,14,1,1,0.20588235294117646,160,109,51,9,failure_and_pass,HAS_FAILURE_MEMORY
legacy_regression_seed4179802_slow_front_brake2,slow_front_brake2,Random,4,1,1,109,68,1,1,1,0.014705882352941176,160,109,51,9,failure_and_pass,HAS_FAILURE_MEMORY
legacy_regression_seed4179802_slow_front_brake2,slow_front_brake2,Random,4,5,5,109,68,2,1,1,0.029411764705882353,160,109,51,9,failure_and_pass,HAS_FAILURE_MEMORY
legacy_regression_seed4179802_slow_front_brake2,slow_front_brake2,Random,4,10,10,109,68,5,1,1,0.07352941176470588,160,109,51,9,failure_and_pass,HAS_FAILURE_MEMORY
legacy_regression_seed4179802_slow_front_brake2,slow_front_brake2,Random,4,20,20,109,68,12,1,1,0.17647058823529413,160,109,51,9,failure_and_pass,HAS_FAILURE_MEMORY
legacy_regression_seed4179802_slow_front_brake2,slow_front_brake2,Random,5,1,1,109,68,1,1,1,0.014705882352941176,160,109,51,9,failure_and_pass,HAS_FAILURE_MEMORY
legacy_regression_seed4179802_slow_front_brake2,slow_front_brake2,Random,5,5,5,109,68,3,1,1,0.04411764705882353,160,109,51,9,failure_and_pass,HAS_FAILURE_MEMORY
legacy_regression_seed4179802_slow_front_brake2,slow_front_brake2,Random,5,10,10,109,68,6,1,1,0.08823529411764706,160,109,51,9,failure_and_pass,HAS_FAILURE_MEMORY
legacy_regression_seed4179802_slow_front_brake2,slow_front_brake2,Random,5,20,20,109,68,13,1,1,0.19117647058823528,160,109,51,9,failure_and_pass,HAS_FAILURE_MEMORY
legacy_regression_seed4179802_slow_front_brake2,slow_front_brake2,Random,6,1,1,109,68,0,2,2,0.0,160,109,51,9,failure_and_pass,HAS_FAILURE_MEMORY
legacy_regression_seed4179802_slow_front_brake2,slow_front_brake2,Random,6,5,5,109,68,3,2,2,0.04411764705882353,160,109,51,9,failure_and_pass,HAS_FAILURE_MEMORY
legacy_regression_seed4179802_slow_front_brake2,slow_front_brake2,Random,6,10,10,109,68,7,2,2,0.10294117647058823,160,109,51,9,failure_and_pass,HAS_FAILURE_MEMORY
legacy_regression_seed4179802_slow_front_brake2,slow_front_brake2,Random,6,20,20,109,68,12,2,2,0.17647058823529413,160,109,51,9,failure_and_pass,HAS_FAILURE_MEMORY
legacy_regression_seed4179802_slow_front_brake2,slow_front_brake2,Random,7,1,1,109,68,1,1,1,0.014705882352941176,160,109,51,9,failure_and_pass,HAS_FAILURE_MEMORY
legacy_regression_seed4179802_slow_front_brake2,slow_front_brake2,Random,7,5,5,109,68,2,1,1,0.029411764705882353,160,109,51,9,failure_and_pass,HAS_FAILURE_MEMORY
legacy_regression_seed4179802_slow_front_brake2,slow_front_brake2,Random,7,10,10,109,68,4,1,1,0.058823529411764705,160,109,51,9,failure_and_pass,HAS_FAILURE_MEMORY
legacy_regression_seed4179802_slow_front_brake2,slow_front_brake2,Random,7,20,20,109,68,10,1,1,0.14705882352941177,160,109,51,9,failure_and_pass,HAS_FAILURE_MEMORY
legacy_regression_seed4179802_slow_front_brake2,slow_front_brake2,Random,8,1,1,109,68,0,2,2,0.0,160,109,51,9,failure_and_pass,HAS_FAILURE_MEMORY
legacy_regression_seed4179802_slow_front_brake2,slow_front_brake2,Random,8,5,5,109,68,3,2,2,0.04411764705882353,160,109,51,9,failure_and_pass,HAS_FAILURE_MEMORY
legacy_regression_seed4179802_slow_front_brake2,slow_front_brake2,Random,8,10,10,109,68,6,2,2,0.08823529411764706,160,109,51,9,failure_and_pass,HAS_FAILURE_MEMORY
legacy_regression_seed4179802_slow_front_brake2,slow_front_brake2,Random,8,20,20,109,68,12,2,2,0.17647058823529413,160,109,51,9,failure_and_pass,HAS_FAILURE_MEMORY
legacy_regression_seed4179802_slow_front_brake2,slow_front_brake2,Random,9,1,1,109,68,0,2,2,0.0,160,109,51,9,failure_and_pass,HAS_FAILURE_MEMORY
legacy_regression_seed4179802_slow_front_brake2,slow_front_brake2,Random,9,5,5,109,68,3,2,2,0.04411764705882353,160,109,51,9,failure_and_pass,HAS_FAILURE_MEMORY
legacy_regression_seed4179802_slow_front_brake2,slow_front_brake2,Random,9,10,10,109,68,5,2,2,0.07352941176470588,160,109,51,9,failure_and_pass,HAS_FAILURE_MEMORY
legacy_regression_seed4179802_slow_front_brake2,slow_front_brake2,Random,9,20,20,109,68,11,2,2,0.16176470588235295,160,109,51,9,failure_and_pass,HAS_FAILURE_MEMORY
legacy_regression_seed4179802_slow_front_brake2,slow_front_brake2,HistoryRank-UCB-v2,0,1,1,109,68,1,1,1,0.014705882352941176,160,109,51,9,failure_and_pass,HAS_FAILURE_MEMORY
legacy_regression_seed4179802_slow_front_brake2,slow_front_brake2,HistoryRank-UCB-v2,0,5,5,109,68,4,1,1,0.058823529411764705,160,109,51,9,failure_and_pass,HAS_FAILURE_MEMORY
legacy_regression_seed4179802_slow_front_brake2,slow_front_brake2,HistoryRank-UCB-v2,0,10,10,109,68,9,1,1,0.1323529411764706,160,109,51,9,failure_and_pass,HAS_FAILURE_MEMORY
legacy_regression_seed4179802_slow_front_brake2,slow_front_brake2,HistoryRank-UCB-v2,0,20,20,109,68,18,1,1,0.2647058823529412,160,109,51,9,failure_and_pass,HAS_FAILURE_MEMORY
legacy_regression_seed4179802_slow_front_brake2,slow_front_brake2,FailureDistance-v2,0,1,1,109,68,1,1,1,0.014705882352941176,160,109,51,9,failure_and_pass,HAS_FAILURE_MEMORY
legacy_regression_seed4179802_slow_front_brake2,slow_front_brake2,FailureDistance-v2,0,5,5,109,68,5,1,1,0.07352941176470588,160,109,51,9,failure_and_pass,HAS_FAILURE_MEMORY
legacy_regression_seed4179802_slow_front_brake2,slow_front_brake2,FailureDistance-v2,0,10,10,109,68,9,1,1,0.1323529411764706,160,109,51,9,failure_and_pass,HAS_FAILURE_MEMORY
legacy_regression_seed4179802_slow_front_brake2,slow_front_brake2,FailureDistance-v2,0,20,20,109,68,17,1,1,0.25,160,109,51,9,failure_and_pass,HAS_FAILURE_MEMORY
legacy_regression_seed4179802_slow_front_brake2,slow_front_brake2,FBRT-NoMemory,0,1,1,109,68,1,1,1,0.014705882352941176,160,109,51,0,failure_and_pass,HAS_FAILURE_MEMORY
legacy_regression_seed4179802_slow_front_brake2,slow_front_brake2,FBRT-NoMemory,0,5,5,109,68,5,1,1,0.07352941176470588,160,109,51,0,failure_and_pass,HAS_FAILURE_MEMORY
legacy_regression_seed4179802_slow_front_brake2,slow_front_brake2,FBRT-NoMemory,0,10,10,109,68,9,1,1,0.1323529411764706,160,109,51,0,failure_and_pass,HAS_FAILURE_MEMORY
legacy_regression_seed4179802_slow_front_brake2,slow_front_brake2,FBRT-NoMemory,0,20,20,109,68,19,1,1,0.27941176470588236,160,109,51,0,failure_and_pass,HAS_FAILURE_MEMORY
legacy_regression_seed4179802_slow_front_brake2,slow_front_brake2,FBRT-Memory,0,1,1,109,68,1,1,1,0.014705882352941176,160,109,51,9,failure_and_pass,HAS_FAILURE_MEMORY
legacy_regression_seed4179802_slow_front_brake2,slow_front_brake2,FBRT-Memory,0,5,5,109,68,5,1,1,0.07352941176470588,160,109,51,9,failure_and_pass,HAS_FAILURE_MEMORY
legacy_regression_seed4179802_slow_front_brake2,slow_front_brake2,FBRT-Memory,0,10,10,109,68,10,1,1,0.14705882352941177,160,109,51,9,failure_and_pass,HAS_FAILURE_MEMORY
legacy_regression_seed4179802_slow_front_brake2,slow_front_brake2,FBRT-Memory,0,20,20,109,68,18,1,1,0.2647058823529412,160,109,51,9,failure_and_pass,HAS_FAILURE_MEMORY
legacy_regression_seed4179803_merge_blind06,merge_blind06,Random,0,1,1,107,11,0,5,5,0.0,160,107,53,9,failure_and_pass,HAS_FAILURE_MEMORY
legacy_regression_seed4179803_merge_blind06,merge_blind06,Random,0,5,5,107,11,1,5,5,0.09090909090909091,160,107,53,9,failure_and_pass,HAS_FAILURE_MEMORY
legacy_regression_seed4179803_merge_blind06,merge_blind06,Random,0,10,10,107,11,2,5,5,0.18181818181818182,160,107,53,9,failure_and_pass,HAS_FAILURE_MEMORY
legacy_regression_seed4179803_merge_blind06,merge_blind06,Random,0,20,20,107,11,3,5,5,0.2727272727272727,160,107,53,9,failure_and_pass,HAS_FAILURE_MEMORY
legacy_regression_seed4179803_merge_blind06,merge_blind06,Random,1,1,1,107,11,0,3,3,0.0,160,107,53,9,failure_and_pass,HAS_FAILURE_MEMORY
legacy_regression_seed4179803_merge_blind06,merge_blind06,Random,1,5,5,107,11,2,3,3,0.18181818181818182,160,107,53,9,failure_and_pass,HAS_FAILURE_MEMORY
legacy_regression_seed4179803_merge_blind06,merge_blind06,Random,1,10,10,107,11,2,3,3,0.18181818181818182,160,107,53,9,failure_and_pass,HAS_FAILURE_MEMORY
legacy_regression_seed4179803_merge_blind06,merge_blind06,Random,1,20,20,107,11,4,3,3,0.36363636363636365,160,107,53,9,failure_and_pass,HAS_FAILURE_MEMORY
legacy_regression_seed4179803_merge_blind06,merge_blind06,Random,2,1,1,107,11,0,3,3,0.0,160,107,53,9,failure_and_pass,HAS_FAILURE_MEMORY
legacy_regression_seed4179803_merge_blind06,merge_blind06,Random,2,5,5,107,11,2,3,3,0.18181818181818182,160,107,53,9,failure_and_pass,HAS_FAILURE_MEMORY
legacy_regression_seed4179803_merge_blind06,merge_blind06,Random,2,10,10,107,11,2,3,3,0.18181818181818182,160,107,53,9,failure_and_pass,HAS_FAILURE_MEMORY
legacy_regression_seed4179803_merge_blind06,merge_blind06,Random,2,20,20,107,11,2,3,3,0.18181818181818182,160,107,53,9,failure_and_pass,HAS_FAILURE_MEMORY
legacy_regression_seed4179803_merge_blind06,merge_blind06,Random,3,1,1,107,11,0,18,18,0.0,160,107,53,9,failure_and_pass,HAS_FAILURE_MEMORY
legacy_regression_seed4179803_merge_blind06,merge_blind06,Random,3,5,5,107,11,0,18,18,0.0,160,107,53,9,failure_and_pass,HAS_FAILURE_MEMORY
legacy_regression_seed4179803_merge_blind06,merge_blind06,Random,3,10,10,107,11,0,18,18,0.0,160,107,53,9,failure_and_pass,HAS_FAILURE_MEMORY
legacy_regression_seed4179803_merge_blind06,merge_blind06,Random,3,20,20,107,11,1,18,18,0.09090909090909091,160,107,53,9,failure_and_pass,HAS_FAILURE_MEMORY
legacy_regression_seed4179803_merge_blind06,merge_blind06,Random,4,1,1,107,11,0,8,8,0.0,160,107,53,9,failure_and_pass,HAS_FAILURE_MEMORY
legacy_regression_seed4179803_merge_blind06,merge_blind06,Random,4,5,5,107,11,0,8,8,0.0,160,107,53,9,failure_and_pass,HAS_FAILURE_MEMORY
legacy_regression_seed4179803_merge_blind06,merge_blind06,Random,4,10,10,107,11,1,8,8,0.09090909090909091,160,107,53,9,failure_and_pass,HAS_FAILURE_MEMORY
legacy_regression_seed4179803_merge_blind06,merge_blind06,Random,4,20,20,107,11,3,8,8,0.2727272727272727,160,107,53,9,failure_and_pass,HAS_FAILURE_MEMORY
legacy_regression_seed4179803_merge_blind06,merge_blind06,Random,5,1,1,107,11,0,3,3,0.0,160,107,53,9,failure_and_pass,HAS_FAILURE_MEMORY
legacy_regression_seed4179803_merge_blind06,merge_blind06,Random,5,5,5,107,11,1,3,3,0.09090909090909091,160,107,53,9,failure_and_pass,HAS_FAILURE_MEMORY
legacy_regression_seed4179803_merge_blind06,merge_blind06,Random,5,10,10,107,11,2,3,3,0.18181818181818182,160,107,53,9,failure_and_pass,HAS_FAILURE_MEMORY
legacy_regression_seed4179803_merge_blind06,merge_blind06,Random,5,20,20,107,11,2,3,3,0.18181818181818182,160,107,53,9,failure_and_pass,HAS_FAILURE_MEMORY
legacy_regression_seed4179803_merge_blind06,merge_blind06,Random,6,1,1,107,11,0,2,2,0.0,160,107,53,9,failure_and_pass,HAS_FAILURE_MEMORY
legacy_regression_seed4179803_merge_blind06,merge_blind06,Random,6,5,5,107,11,1,2,2,0.09090909090909091,160,107,53,9,failure_and_pass,HAS_FAILURE_MEMORY
legacy_regression_seed4179803_merge_blind06,merge_blind06,Random,6,10,10,107,11,2,2,2,0.18181818181818182,160,107,53,9,failure_and_pass,HAS_FAILURE_MEMORY
legacy_regression_seed4179803_merge_blind06,merge_blind06,Random,6,20,20,107,11,3,2,2,0.2727272727272727,160,107,53,9,failure_and_pass,HAS_FAILURE_MEMORY
legacy_regression_seed4179803_merge_blind06,merge_blind06,Random,7,1,1,107,11,0,4,4,0.0,160,107,53,9,failure_and_pass,HAS_FAILURE_MEMORY
legacy_regression_seed4179803_merge_blind06,merge_blind06,Random,7,5,5,107,11,1,4,4,0.09090909090909091,160,107,53,9,failure_and_pass,HAS_FAILURE_MEMORY
legacy_regression_seed4179803_merge_blind06,merge_blind06,Random,7,10,10,107,11,2,4,4,0.18181818181818182,160,107,53,9,failure_and_pass,HAS_FAILURE_MEMORY
legacy_regression_seed4179803_merge_blind06,merge_blind06,Random,7,20,20,107,11,3,4,4,0.2727272727272727,160,107,53,9,failure_and_pass,HAS_FAILURE_MEMORY
legacy_regression_seed4179803_merge_blind06,merge_blind06,Random,8,1,1,107,11,0,4,4,0.0,160,107,53,9,failure_and_pass,HAS_FAILURE_MEMORY
legacy_regression_seed4179803_merge_blind06,merge_blind06,Random,8,5,5,107,11,1,4,4,0.09090909090909091,160,107,53,9,failure_and_pass,HAS_FAILURE_MEMORY
legacy_regression_seed4179803_merge_blind06,merge_blind06,Random,8,10,10,107,11,1,4,4,0.09090909090909091,160,107,53,9,failure_and_pass,HAS_FAILURE_MEMORY
legacy_regression_seed4179803_merge_blind06,merge_blind06,Random,8,20,20,107,11,2,4,4,0.18181818181818182,160,107,53,9,failure_and_pass,HAS_FAILURE_MEMORY
legacy_regression_seed4179803_merge_blind06,merge_blind06,Random,9,1,1,107,11,0,13,13,0.0,160,107,53,9,failure_and_pass,HAS_FAILURE_MEMORY
legacy_regression_seed4179803_merge_blind06,merge_blind06,Random,9,5,5,107,11,0,13,13,0.0,160,107,53,9,failure_and_pass,HAS_FAILURE_MEMORY
legacy_regression_seed4179803_merge_blind06,merge_blind06,Random,9,10,10,107,11,0,13,13,0.0,160,107,53,9,failure_and_pass,HAS_FAILURE_MEMORY
legacy_regression_seed4179803_merge_blind06,merge_blind06,Random,9,20,20,107,11,1,13,13,0.09090909090909091,160,107,53,9,failure_and_pass,HAS_FAILURE_MEMORY
legacy_regression_seed4179803_merge_blind06,merge_blind06,HistoryRank-UCB-v2,0,1,1,107,11,1,1,1,0.09090909090909091,160,107,53,9,failure_and_pass,HAS_FAILURE_MEMORY
legacy_regression_seed4179803_merge_blind06,merge_blind06,HistoryRank-UCB-v2,0,5,5,107,11,3,1,1,0.2727272727272727,160,107,53,9,failure_and_pass,HAS_FAILURE_MEMORY
legacy_regression_seed4179803_merge_blind06,merge_blind06,HistoryRank-UCB-v2,0,10,10,107,11,6,1,1,0.5454545454545454,160,107,53,9,failure_and_pass,HAS_FAILURE_MEMORY
legacy_regression_seed4179803_merge_blind06,merge_blind06,HistoryRank-UCB-v2,0,20,20,107,11,10,1,1,0.9090909090909091,160,107,53,9,failure_and_pass,HAS_FAILURE_MEMORY
legacy_regression_seed4179803_merge_blind06,merge_blind06,FailureDistance-v2,0,1,1,107,11,1,1,1,0.09090909090909091,160,107,53,9,failure_and_pass,HAS_FAILURE_MEMORY
legacy_regression_seed4179803_merge_blind06,merge_blind06,FailureDistance-v2,0,5,5,107,11,4,1,1,0.36363636363636365,160,107,53,9,failure_and_pass,HAS_FAILURE_MEMORY
legacy_regression_seed4179803_merge_blind06,merge_blind06,FailureDistance-v2,0,10,10,107,11,6,1,1,0.5454545454545454,160,107,53,9,failure_and_pass,HAS_FAILURE_MEMORY
legacy_regression_seed4179803_merge_blind06,merge_blind06,FailureDistance-v2,0,20,20,107,11,10,1,1,0.9090909090909091,160,107,53,9,failure_and_pass,HAS_FAILURE_MEMORY
legacy_regression_seed4179803_merge_blind06,merge_blind06,FBRT-NoMemory,0,1,1,107,11,0,6,6,0.0,160,107,53,0,failure_and_pass,HAS_FAILURE_MEMORY
legacy_regression_seed4179803_merge_blind06,merge_blind06,FBRT-NoMemory,0,5,5,107,11,0,6,6,0.0,160,107,53,0,failure_and_pass,HAS_FAILURE_MEMORY
legacy_regression_seed4179803_merge_blind06,merge_blind06,FBRT-NoMemory,0,10,10,107,11,1,6,6,0.09090909090909091,160,107,53,0,failure_and_pass,HAS_FAILURE_MEMORY
legacy_regression_seed4179803_merge_blind06,merge_blind06,FBRT-NoMemory,0,20,20,107,11,4,6,6,0.36363636363636365,160,107,53,0,failure_and_pass,HAS_FAILURE_MEMORY
legacy_regression_seed4179803_merge_blind06,merge_blind06,FBRT-Memory,0,1,1,107,11,0,2,2,0.0,160,107,53,9,failure_and_pass,HAS_FAILURE_MEMORY
legacy_regression_seed4179803_merge_blind06,merge_blind06,FBRT-Memory,0,5,5,107,11,2,2,2,0.18181818181818182,160,107,53,9,failure_and_pass,HAS_FAILURE_MEMORY
legacy_regression_seed4179803_merge_blind06,merge_blind06,FBRT-Memory,0,10,10,107,11,6,2,2,0.5454545454545454,160,107,53,9,failure_and_pass,HAS_FAILURE_MEMORY
legacy_regression_seed4179803_merge_blind06,merge_blind06,FBRT-Memory,0,20,20,107,11,11,2,2,1.0,160,107,53,9,failure_and_pass,HAS_FAILURE_MEMORY|BASELINE_AT_ORACLE_CEILING
legacy_regression_seed4179803_merge_brake2,merge_brake2,Random,0,1,1,107,4,0,6,6,0.0,160,107,53,9,failure_and_pass,HAS_FAILURE_MEMORY
legacy_regression_seed4179803_merge_brake2,merge_brake2,Random,0,5,5,107,4,0,6,6,0.0,160,107,53,9,failure_and_pass,HAS_FAILURE_MEMORY
legacy_regression_seed4179803_merge_brake2,merge_brake2,Random,0,10,10,107,4,1,6,6,0.25,160,107,53,9,failure_and_pass,HAS_FAILURE_MEMORY
legacy_regression_seed4179803_merge_brake2,merge_brake2,Random,0,20,20,107,4,1,6,6,0.25,160,107,53,9,failure_and_pass,HAS_FAILURE_MEMORY
legacy_regression_seed4179803_merge_brake2,merge_brake2,Random,1,1,1,107,4,0,2,2,0.0,160,107,53,9,failure_and_pass,HAS_FAILURE_MEMORY
legacy_regression_seed4179803_merge_brake2,merge_brake2,Random,1,5,5,107,4,1,2,2,0.25,160,107,53,9,failure_and_pass,HAS_FAILURE_MEMORY
legacy_regression_seed4179803_merge_brake2,merge_brake2,Random,1,10,10,107,4,1,2,2,0.25,160,107,53,9,failure_and_pass,HAS_FAILURE_MEMORY
legacy_regression_seed4179803_merge_brake2,merge_brake2,Random,1,20,20,107,4,1,2,2,0.25,160,107,53,9,failure_and_pass,HAS_FAILURE_MEMORY
legacy_regression_seed4179803_merge_brake2,merge_brake2,Random,2,1,1,107,4,1,1,1,0.25,160,107,53,9,failure_and_pass,HAS_FAILURE_MEMORY
legacy_regression_seed4179803_merge_brake2,merge_brake2,Random,2,5,5,107,4,2,1,1,0.5,160,107,53,9,failure_and_pass,HAS_FAILURE_MEMORY
legacy_regression_seed4179803_merge_brake2,merge_brake2,Random,2,10,10,107,4,2,1,1,0.5,160,107,53,9,failure_and_pass,HAS_FAILURE_MEMORY
legacy_regression_seed4179803_merge_brake2,merge_brake2,Random,2,20,20,107,4,2,1,1,0.5,160,107,53,9,failure_and_pass,HAS_FAILURE_MEMORY
legacy_regression_seed4179803_merge_brake2,merge_brake2,Random,3,1,1,107,4,0,,>B,0.0,160,107,53,9,failure_and_pass,HAS_FAILURE_MEMORY
legacy_regression_seed4179803_merge_brake2,merge_brake2,Random,3,5,5,107,4,0,,>B,0.0,160,107,53,9,failure_and_pass,HAS_FAILURE_MEMORY
legacy_regression_seed4179803_merge_brake2,merge_brake2,Random,3,10,10,107,4,0,,>B,0.0,160,107,53,9,failure_and_pass,HAS_FAILURE_MEMORY
legacy_regression_seed4179803_merge_brake2,merge_brake2,Random,3,20,20,107,4,0,,>B,0.0,160,107,53,9,failure_and_pass,HAS_FAILURE_MEMORY
legacy_regression_seed4179803_merge_brake2,merge_brake2,Random,4,1,1,107,4,0,13,13,0.0,160,107,53,9,failure_and_pass,HAS_FAILURE_MEMORY
legacy_regression_seed4179803_merge_brake2,merge_brake2,Random,4,5,5,107,4,0,13,13,0.0,160,107,53,9,failure_and_pass,HAS_FAILURE_MEMORY
legacy_regression_seed4179803_merge_brake2,merge_brake2,Random,4,10,10,107,4,0,13,13,0.0,160,107,53,9,failure_and_pass,HAS_FAILURE_MEMORY
legacy_regression_seed4179803_merge_brake2,merge_brake2,Random,4,20,20,107,4,1,13,13,0.25,160,107,53,9,failure_and_pass,HAS_FAILURE_MEMORY
legacy_regression_seed4179803_merge_brake2,merge_brake2,Random,5,1,1,107,4,0,,>B,0.0,160,107,53,9,failure_and_pass,HAS_FAILURE_MEMORY
legacy_regression_seed4179803_merge_brake2,merge_brake2,Random,5,5,5,107,4,0,,>B,0.0,160,107,53,9,failure_and_pass,HAS_FAILURE_MEMORY
legacy_regression_seed4179803_merge_brake2,merge_brake2,Random,5,10,10,107,4,0,,>B,0.0,160,107,53,9,failure_and_pass,HAS_FAILURE_MEMORY
legacy_regression_seed4179803_merge_brake2,merge_brake2,Random,5,20,20,107,4,0,,>B,0.0,160,107,53,9,failure_and_pass,HAS_FAILURE_MEMORY
legacy_regression_seed4179803_merge_brake2,merge_brake2,Random,6,1,1,107,4,0,15,15,0.0,160,107,53,9,failure_and_pass,HAS_FAILURE_MEMORY
legacy_regression_seed4179803_merge_brake2,merge_brake2,Random,6,5,5,107,4,0,15,15,0.0,160,107,53,9,failure_and_pass,HAS_FAILURE_MEMORY
legacy_regression_seed4179803_merge_brake2,merge_brake2,Random,6,10,10,107,4,0,15,15,0.0,160,107,53,9,failure_and_pass,HAS_FAILURE_MEMORY
legacy_regression_seed4179803_merge_brake2,merge_brake2,Random,6,20,20,107,4,2,15,15,0.5,160,107,53,9,failure_and_pass,HAS_FAILURE_MEMORY
legacy_regression_seed4179803_merge_brake2,merge_brake2,Random,7,1,1,107,4,0,,>B,0.0,160,107,53,9,failure_and_pass,HAS_FAILURE_MEMORY
legacy_regression_seed4179803_merge_brake2,merge_brake2,Random,7,5,5,107,4,0,,>B,0.0,160,107,53,9,failure_and_pass,HAS_FAILURE_MEMORY
legacy_regression_seed4179803_merge_brake2,merge_brake2,Random,7,10,10,107,4,0,,>B,0.0,160,107,53,9,failure_and_pass,HAS_FAILURE_MEMORY
legacy_regression_seed4179803_merge_brake2,merge_brake2,Random,7,20,20,107,4,0,,>B,0.0,160,107,53,9,failure_and_pass,HAS_FAILURE_MEMORY
legacy_regression_seed4179803_merge_brake2,merge_brake2,Random,8,1,1,107,4,0,15,15,0.0,160,107,53,9,failure_and_pass,HAS_FAILURE_MEMORY
legacy_regression_seed4179803_merge_brake2,merge_brake2,Random,8,5,5,107,4,0,15,15,0.0,160,107,53,9,failure_and_pass,HAS_FAILURE_MEMORY
legacy_regression_seed4179803_merge_brake2,merge_brake2,Random,8,10,10,107,4,0,15,15,0.0,160,107,53,9,failure_and_pass,HAS_FAILURE_MEMORY
legacy_regression_seed4179803_merge_brake2,merge_brake2,Random,8,20,20,107,4,1,15,15,0.25,160,107,53,9,failure_and_pass,HAS_FAILURE_MEMORY
legacy_regression_seed4179803_merge_brake2,merge_brake2,Random,9,1,1,107,4,0,15,15,0.0,160,107,53,9,failure_and_pass,HAS_FAILURE_MEMORY
legacy_regression_seed4179803_merge_brake2,merge_brake2,Random,9,5,5,107,4,0,15,15,0.0,160,107,53,9,failure_and_pass,HAS_FAILURE_MEMORY
legacy_regression_seed4179803_merge_brake2,merge_brake2,Random,9,10,10,107,4,0,15,15,0.0,160,107,53,9,failure_and_pass,HAS_FAILURE_MEMORY
legacy_regression_seed4179803_merge_brake2,merge_brake2,Random,9,20,20,107,4,1,15,15,0.25,160,107,53,9,failure_and_pass,HAS_FAILURE_MEMORY
legacy_regression_seed4179803_merge_brake2,merge_brake2,HistoryRank-UCB-v2,0,1,1,107,4,1,1,1,0.25,160,107,53,9,failure_and_pass,HAS_FAILURE_MEMORY
legacy_regression_seed4179803_merge_brake2,merge_brake2,HistoryRank-UCB-v2,0,5,5,107,4,2,1,1,0.5,160,107,53,9,failure_and_pass,HAS_FAILURE_MEMORY
legacy_regression_seed4179803_merge_brake2,merge_brake2,HistoryRank-UCB-v2,0,10,10,107,4,3,1,1,0.75,160,107,53,9,failure_and_pass,HAS_FAILURE_MEMORY
legacy_regression_seed4179803_merge_brake2,merge_brake2,HistoryRank-UCB-v2,0,20,20,107,4,4,1,1,1.0,160,107,53,9,failure_and_pass,HAS_FAILURE_MEMORY|BASELINE_AT_ORACLE_CEILING
legacy_regression_seed4179803_merge_brake2,merge_brake2,FailureDistance-v2,0,1,1,107,4,1,1,1,0.25,160,107,53,9,failure_and_pass,HAS_FAILURE_MEMORY
legacy_regression_seed4179803_merge_brake2,merge_brake2,FailureDistance-v2,0,5,5,107,4,3,1,1,0.75,160,107,53,9,failure_and_pass,HAS_FAILURE_MEMORY
legacy_regression_seed4179803_merge_brake2,merge_brake2,FailureDistance-v2,0,10,10,107,4,3,1,1,0.75,160,107,53,9,failure_and_pass,HAS_FAILURE_MEMORY
legacy_regression_seed4179803_merge_brake2,merge_brake2,FailureDistance-v2,0,20,20,107,4,4,1,1,1.0,160,107,53,9,failure_and_pass,HAS_FAILURE_MEMORY|BASELINE_AT_ORACLE_CEILING
legacy_regression_seed4179803_merge_brake2,merge_brake2,FBRT-NoMemory,0,1,1,107,4,0,5,5,0.0,160,107,53,0,failure_and_pass,HAS_FAILURE_MEMORY
legacy_regression_seed4179803_merge_brake2,merge_brake2,FBRT-NoMemory,0,5,5,107,4,1,5,5,0.25,160,107,53,0,failure_and_pass,HAS_FAILURE_MEMORY
legacy_regression_seed4179803_merge_brake2,merge_brake2,FBRT-NoMemory,0,10,10,107,4,1,5,5,0.25,160,107,53,0,failure_and_pass,HAS_FAILURE_MEMORY
legacy_regression_seed4179803_merge_brake2,merge_brake2,FBRT-NoMemory,0,20,20,107,4,3,5,5,0.75,160,107,53,0,failure_and_pass,HAS_FAILURE_MEMORY
legacy_regression_seed4179803_merge_brake2,merge_brake2,FBRT-Memory,0,1,1,107,4,0,2,2,0.0,160,107,53,9,failure_and_pass,HAS_FAILURE_MEMORY
legacy_regression_seed4179803_merge_brake2,merge_brake2,FBRT-Memory,0,5,5,107,4,3,2,2,0.75,160,107,53,9,failure_and_pass,HAS_FAILURE_MEMORY
legacy_regression_seed4179803_merge_brake2,merge_brake2,FBRT-Memory,0,10,10,107,4,4,2,2,1.0,160,107,53,9,failure_and_pass,HAS_FAILURE_MEMORY
legacy_regression_seed4179803_merge_brake2,merge_brake2,FBRT-Memory,0,20,20,107,4,4,2,2,1.0,160,107,53,9,failure_and_pass,HAS_FAILURE_MEMORY|BASELINE_AT_ORACLE_CEILING
legacy_regression_seed4179803_slow_front_brake2,slow_front_brake2,Random,0,1,1,107,68,0,3,3,0.0,160,107,53,9,failure_and_pass,HAS_FAILURE_MEMORY
legacy_regression_seed4179803_slow_front_brake2,slow_front_brake2,Random,0,5,5,107,68,2,3,3,0.029411764705882353,160,107,53,9,failure_and_pass,HAS_FAILURE_MEMORY
legacy_regression_seed4179803_slow_front_brake2,slow_front_brake2,Random,0,10,10,107,68,4,3,3,0.058823529411764705,160,107,53,9,failure_and_pass,HAS_FAILURE_MEMORY
legacy_regression_seed4179803_slow_front_brake2,slow_front_brake2,Random,0,20,20,107,68,10,3,3,0.14705882352941177,160,107,53,9,failure_and_pass,HAS_FAILURE_MEMORY
legacy_regression_seed4179803_slow_front_brake2,slow_front_brake2,Random,1,1,1,107,68,1,1,1,0.014705882352941176,160,107,53,9,failure_and_pass,HAS_FAILURE_MEMORY
legacy_regression_seed4179803_slow_front_brake2,slow_front_brake2,Random,1,5,5,107,68,1,1,1,0.014705882352941176,160,107,53,9,failure_and_pass,HAS_FAILURE_MEMORY
legacy_regression_seed4179803_slow_front_brake2,slow_front_brake2,Random,1,10,10,107,68,3,1,1,0.04411764705882353,160,107,53,9,failure_and_pass,HAS_FAILURE_MEMORY
legacy_regression_seed4179803_slow_front_brake2,slow_front_brake2,Random,1,20,20,107,68,10,1,1,0.14705882352941177,160,107,53,9,failure_and_pass,HAS_FAILURE_MEMORY
legacy_regression_seed4179803_slow_front_brake2,slow_front_brake2,Random,2,1,1,107,68,1,1,1,0.014705882352941176,160,107,53,9,failure_and_pass,HAS_FAILURE_MEMORY
legacy_regression_seed4179803_slow_front_brake2,slow_front_brake2,Random,2,5,5,107,68,4,1,1,0.058823529411764705,160,107,53,9,failure_and_pass,HAS_FAILURE_MEMORY
legacy_regression_seed4179803_slow_front_brake2,slow_front_brake2,Random,2,10,10,107,68,7,1,1,0.10294117647058823,160,107,53,9,failure_and_pass,HAS_FAILURE_MEMORY
legacy_regression_seed4179803_slow_front_brake2,slow_front_brake2,Random,2,20,20,107,68,14,1,1,0.20588235294117646,160,107,53,9,failure_and_pass,HAS_FAILURE_MEMORY
legacy_regression_seed4179803_slow_front_brake2,slow_front_brake2,Random,3,1,1,107,68,0,3,3,0.0,160,107,53,9,failure_and_pass,HAS_FAILURE_MEMORY
legacy_regression_seed4179803_slow_front_brake2,slow_front_brake2,Random,3,5,5,107,68,2,3,3,0.029411764705882353,160,107,53,9,failure_and_pass,HAS_FAILURE_MEMORY
legacy_regression_seed4179803_slow_front_brake2,slow_front_brake2,Random,3,10,10,107,68,6,3,3,0.08823529411764706,160,107,53,9,failure_and_pass,HAS_FAILURE_MEMORY
legacy_regression_seed4179803_slow_front_brake2,slow_front_brake2,Random,3,20,20,107,68,13,3,3,0.19117647058823528,160,107,53,9,failure_and_pass,HAS_FAILURE_MEMORY
legacy_regression_seed4179803_slow_front_brake2,slow_front_brake2,Random,4,1,1,107,68,1,1,1,0.014705882352941176,160,107,53,9,failure_and_pass,HAS_FAILURE_MEMORY
legacy_regression_seed4179803_slow_front_brake2,slow_front_brake2,Random,4,5,5,107,68,4,1,1,0.058823529411764705,160,107,53,9,failure_and_pass,HAS_FAILURE_MEMORY
legacy_regression_seed4179803_slow_front_brake2,slow_front_brake2,Random,4,10,10,107,68,6,1,1,0.08823529411764706,160,107,53,9,failure_and_pass,HAS_FAILURE_MEMORY
legacy_regression_seed4179803_slow_front_brake2,slow_front_brake2,Random,4,20,20,107,68,15,1,1,0.22058823529411764,160,107,53,9,failure_and_pass,HAS_FAILURE_MEMORY
legacy_regression_seed4179803_slow_front_brake2,slow_front_brake2,Random,5,1,1,107,68,1,1,1,0.014705882352941176,160,107,53,9,failure_and_pass,HAS_FAILURE_MEMORY
legacy_regression_seed4179803_slow_front_brake2,slow_front_brake2,Random,5,5,5,107,68,5,1,1,0.07352941176470588,160,107,53,9,failure_and_pass,HAS_FAILURE_MEMORY
legacy_regression_seed4179803_slow_front_brake2,slow_front_brake2,Random,5,10,10,107,68,9,1,1,0.1323529411764706,160,107,53,9,failure_and_pass,HAS_FAILURE_MEMORY
legacy_regression_seed4179803_slow_front_brake2,slow_front_brake2,Random,5,20,20,107,68,15,1,1,0.22058823529411764,160,107,53,9,failure_and_pass,HAS_FAILURE_MEMORY
legacy_regression_seed4179803_slow_front_brake2,slow_front_brake2,Random,6,1,1,107,68,1,1,1,0.014705882352941176,160,107,53,9,failure_and_pass,HAS_FAILURE_MEMORY
legacy_regression_seed4179803_slow_front_brake2,slow_front_brake2,Random,6,5,5,107,68,3,1,1,0.04411764705882353,160,107,53,9,failure_and_pass,HAS_FAILURE_MEMORY
legacy_regression_seed4179803_slow_front_brake2,slow_front_brake2,Random,6,10,10,107,68,6,1,1,0.08823529411764706,160,107,53,9,failure_and_pass,HAS_FAILURE_MEMORY
legacy_regression_seed4179803_slow_front_brake2,slow_front_brake2,Random,6,20,20,107,68,10,1,1,0.14705882352941177,160,107,53,9,failure_and_pass,HAS_FAILURE_MEMORY
legacy_regression_seed4179803_slow_front_brake2,slow_front_brake2,Random,7,1,1,107,68,1,1,1,0.014705882352941176,160,107,53,9,failure_and_pass,HAS_FAILURE_MEMORY
legacy_regression_seed4179803_slow_front_brake2,slow_front_brake2,Random,7,5,5,107,68,3,1,1,0.04411764705882353,160,107,53,9,failure_and_pass,HAS_FAILURE_MEMORY
legacy_regression_seed4179803_slow_front_brake2,slow_front_brake2,Random,7,10,10,107,68,6,1,1,0.08823529411764706,160,107,53,9,failure_and_pass,HAS_FAILURE_MEMORY
legacy_regression_seed4179803_slow_front_brake2,slow_front_brake2,Random,7,20,20,107,68,14,1,1,0.20588235294117646,160,107,53,9,failure_and_pass,HAS_FAILURE_MEMORY
legacy_regression_seed4179803_slow_front_brake2,slow_front_brake2,Random,8,1,1,107,68,1,1,1,0.014705882352941176,160,107,53,9,failure_and_pass,HAS_FAILURE_MEMORY
legacy_regression_seed4179803_slow_front_brake2,slow_front_brake2,Random,8,5,5,107,68,5,1,1,0.07352941176470588,160,107,53,9,failure_and_pass,HAS_FAILURE_MEMORY
legacy_regression_seed4179803_slow_front_brake2,slow_front_brake2,Random,8,10,10,107,68,6,1,1,0.08823529411764706,160,107,53,9,failure_and_pass,HAS_FAILURE_MEMORY
legacy_regression_seed4179803_slow_front_brake2,slow_front_brake2,Random,8,20,20,107,68,12,1,1,0.17647058823529413,160,107,53,9,failure_and_pass,HAS_FAILURE_MEMORY
legacy_regression_seed4179803_slow_front_brake2,slow_front_brake2,Random,9,1,1,107,68,1,1,1,0.014705882352941176,160,107,53,9,failure_and_pass,HAS_FAILURE_MEMORY
legacy_regression_seed4179803_slow_front_brake2,slow_front_brake2,Random,9,5,5,107,68,3,1,1,0.04411764705882353,160,107,53,9,failure_and_pass,HAS_FAILURE_MEMORY
legacy_regression_seed4179803_slow_front_brake2,slow_front_brake2,Random,9,10,10,107,68,6,1,1,0.08823529411764706,160,107,53,9,failure_and_pass,HAS_FAILURE_MEMORY
legacy_regression_seed4179803_slow_front_brake2,slow_front_brake2,Random,9,20,20,107,68,11,1,1,0.16176470588235295,160,107,53,9,failure_and_pass,HAS_FAILURE_MEMORY
legacy_regression_seed4179803_slow_front_brake2,slow_front_brake2,HistoryRank-UCB-v2,0,1,1,107,68,1,1,1,0.014705882352941176,160,107,53,9,failure_and_pass,HAS_FAILURE_MEMORY
legacy_regression_seed4179803_slow_front_brake2,slow_front_brake2,HistoryRank-UCB-v2,0,5,5,107,68,4,1,1,0.058823529411764705,160,107,53,9,failure_and_pass,HAS_FAILURE_MEMORY
legacy_regression_seed4179803_slow_front_brake2,slow_front_brake2,HistoryRank-UCB-v2,0,10,10,107,68,9,1,1,0.1323529411764706,160,107,53,9,failure_and_pass,HAS_FAILURE_MEMORY
legacy_regression_seed4179803_slow_front_brake2,slow_front_brake2,HistoryRank-UCB-v2,0,20,20,107,68,18,1,1,0.2647058823529412,160,107,53,9,failure_and_pass,HAS_FAILURE_MEMORY
legacy_regression_seed4179803_slow_front_brake2,slow_front_brake2,FailureDistance-v2,0,1,1,107,68,0,3,3,0.0,160,107,53,9,failure_and_pass,HAS_FAILURE_MEMORY
legacy_regression_seed4179803_slow_front_brake2,slow_front_brake2,FailureDistance-v2,0,5,5,107,68,2,3,3,0.029411764705882353,160,107,53,9,failure_and_pass,HAS_FAILURE_MEMORY
legacy_regression_seed4179803_slow_front_brake2,slow_front_brake2,FailureDistance-v2,0,10,10,107,68,7,3,3,0.10294117647058823,160,107,53,9,failure_and_pass,HAS_FAILURE_MEMORY
legacy_regression_seed4179803_slow_front_brake2,slow_front_brake2,FailureDistance-v2,0,20,20,107,68,14,3,3,0.20588235294117646,160,107,53,9,failure_and_pass,HAS_FAILURE_MEMORY
legacy_regression_seed4179803_slow_front_brake2,slow_front_brake2,FBRT-NoMemory,0,1,1,107,68,0,2,2,0.0,160,107,53,0,failure_and_pass,HAS_FAILURE_MEMORY
legacy_regression_seed4179803_slow_front_brake2,slow_front_brake2,FBRT-NoMemory,0,5,5,107,68,4,2,2,0.058823529411764705,160,107,53,0,failure_and_pass,HAS_FAILURE_MEMORY
legacy_regression_seed4179803_slow_front_brake2,slow_front_brake2,FBRT-NoMemory,0,10,10,107,68,9,2,2,0.1323529411764706,160,107,53,0,failure_and_pass,HAS_FAILURE_MEMORY
legacy_regression_seed4179803_slow_front_brake2,slow_front_brake2,FBRT-NoMemory,0,20,20,107,68,19,2,2,0.27941176470588236,160,107,53,0,failure_and_pass,HAS_FAILURE_MEMORY
legacy_regression_seed4179803_slow_front_brake2,slow_front_brake2,FBRT-Memory,0,1,1,107,68,1,1,1,0.014705882352941176,160,107,53,9,failure_and_pass,HAS_FAILURE_MEMORY
legacy_regression_seed4179803_slow_front_brake2,slow_front_brake2,FBRT-Memory,0,5,5,107,68,5,1,1,0.07352941176470588,160,107,53,9,failure_and_pass,HAS_FAILURE_MEMORY
legacy_regression_seed4179803_slow_front_brake2,slow_front_brake2,FBRT-Memory,0,10,10,107,68,10,1,1,0.14705882352941177,160,107,53,9,failure_and_pass,HAS_FAILURE_MEMORY
legacy_regression_seed4179803_slow_front_brake2,slow_front_brake2,FBRT-Memory,0,20,20,107,68,19,1,1,0.27941176470588236,160,107,53,9,failure_and_pass,HAS_FAILURE_MEMORY
compact_regression_mobil_ref_to_rear_guard_off,mobil_rear_guard_off_v2,Random,0,1,1,80,12,0,3,3,0.0,80,80,0,0,pass_only,PASS_ONLY_HISTORY
compact_regression_mobil_ref_to_rear_guard_off,mobil_rear_guard_off_v2,Random,0,5,5,80,12,1,3,3,0.08333333333333333,80,80,0,0,pass_only,PASS_ONLY_HISTORY
compact_regression_mobil_ref_to_rear_guard_off,mobil_rear_guard_off_v2,Random,0,10,10,80,12,1,3,3,0.08333333333333333,80,80,0,0,pass_only,PASS_ONLY_HISTORY
compact_regression_mobil_ref_to_rear_guard_off,mobil_rear_guard_off_v2,Random,0,20,20,80,12,1,3,3,0.08333333333333333,80,80,0,0,pass_only,PASS_ONLY_HISTORY
compact_regression_mobil_ref_to_rear_guard_off,mobil_rear_guard_off_v2,Random,1,1,1,80,12,1,1,1,0.08333333333333333,80,80,0,0,pass_only,PASS_ONLY_HISTORY
compact_regression_mobil_ref_to_rear_guard_off,mobil_rear_guard_off_v2,Random,1,5,5,80,12,2,1,1,0.16666666666666666,80,80,0,0,pass_only,PASS_ONLY_HISTORY
compact_regression_mobil_ref_to_rear_guard_off,mobil_rear_guard_off_v2,Random,1,10,10,80,12,2,1,1,0.16666666666666666,80,80,0,0,pass_only,PASS_ONLY_HISTORY
compact_regression_mobil_ref_to_rear_guard_off,mobil_rear_guard_off_v2,Random,1,20,20,80,12,3,1,1,0.25,80,80,0,0,pass_only,PASS_ONLY_HISTORY
compact_regression_mobil_ref_to_rear_guard_off,mobil_rear_guard_off_v2,Random,2,1,1,80,12,1,1,1,0.08333333333333333,80,80,0,0,pass_only,PASS_ONLY_HISTORY
compact_regression_mobil_ref_to_rear_guard_off,mobil_rear_guard_off_v2,Random,2,5,5,80,12,1,1,1,0.08333333333333333,80,80,0,0,pass_only,PASS_ONLY_HISTORY
compact_regression_mobil_ref_to_rear_guard_off,mobil_rear_guard_off_v2,Random,2,10,10,80,12,1,1,1,0.08333333333333333,80,80,0,0,pass_only,PASS_ONLY_HISTORY
compact_regression_mobil_ref_to_rear_guard_off,mobil_rear_guard_off_v2,Random,2,20,20,80,12,1,1,1,0.08333333333333333,80,80,0,0,pass_only,PASS_ONLY_HISTORY
compact_regression_mobil_ref_to_rear_guard_off,mobil_rear_guard_off_v2,Random,3,1,1,80,12,0,13,13,0.0,80,80,0,0,pass_only,PASS_ONLY_HISTORY
compact_regression_mobil_ref_to_rear_guard_off,mobil_rear_guard_off_v2,Random,3,5,5,80,12,0,13,13,0.0,80,80,0,0,pass_only,PASS_ONLY_HISTORY
compact_regression_mobil_ref_to_rear_guard_off,mobil_rear_guard_off_v2,Random,3,10,10,80,12,0,13,13,0.0,80,80,0,0,pass_only,PASS_ONLY_HISTORY
compact_regression_mobil_ref_to_rear_guard_off,mobil_rear_guard_off_v2,Random,3,20,20,80,12,2,13,13,0.16666666666666666,80,80,0,0,pass_only,PASS_ONLY_HISTORY
compact_regression_mobil_ref_to_rear_guard_off,mobil_rear_guard_off_v2,Random,4,1,1,80,12,0,4,4,0.0,80,80,0,0,pass_only,PASS_ONLY_HISTORY
compact_regression_mobil_ref_to_rear_guard_off,mobil_rear_guard_off_v2,Random,4,5,5,80,12,2,4,4,0.16666666666666666,80,80,0,0,pass_only,PASS_ONLY_HISTORY
compact_regression_mobil_ref_to_rear_guard_off,mobil_rear_guard_off_v2,Random,4,10,10,80,12,3,4,4,0.25,80,80,0,0,pass_only,PASS_ONLY_HISTORY
compact_regression_mobil_ref_to_rear_guard_off,mobil_rear_guard_off_v2,Random,4,20,20,80,12,6,4,4,0.5,80,80,0,0,pass_only,PASS_ONLY_HISTORY
compact_regression_mobil_ref_to_rear_guard_off,mobil_rear_guard_off_v2,Random,5,1,1,80,12,0,2,2,0.0,80,80,0,0,pass_only,PASS_ONLY_HISTORY
compact_regression_mobil_ref_to_rear_guard_off,mobil_rear_guard_off_v2,Random,5,5,5,80,12,1,2,2,0.08333333333333333,80,80,0,0,pass_only,PASS_ONLY_HISTORY
compact_regression_mobil_ref_to_rear_guard_off,mobil_rear_guard_off_v2,Random,5,10,10,80,12,2,2,2,0.16666666666666666,80,80,0,0,pass_only,PASS_ONLY_HISTORY
compact_regression_mobil_ref_to_rear_guard_off,mobil_rear_guard_off_v2,Random,5,20,20,80,12,6,2,2,0.5,80,80,0,0,pass_only,PASS_ONLY_HISTORY
compact_regression_mobil_ref_to_rear_guard_off,mobil_rear_guard_off_v2,Random,6,1,1,80,12,0,2,2,0.0,80,80,0,0,pass_only,PASS_ONLY_HISTORY
compact_regression_mobil_ref_to_rear_guard_off,mobil_rear_guard_off_v2,Random,6,5,5,80,12,2,2,2,0.16666666666666666,80,80,0,0,pass_only,PASS_ONLY_HISTORY
compact_regression_mobil_ref_to_rear_guard_off,mobil_rear_guard_off_v2,Random,6,10,10,80,12,3,2,2,0.25,80,80,0,0,pass_only,PASS_ONLY_HISTORY
compact_regression_mobil_ref_to_rear_guard_off,mobil_rear_guard_off_v2,Random,6,20,20,80,12,3,2,2,0.25,80,80,0,0,pass_only,PASS_ONLY_HISTORY
compact_regression_mobil_ref_to_rear_guard_off,mobil_rear_guard_off_v2,Random,7,1,1,80,12,0,5,5,0.0,80,80,0,0,pass_only,PASS_ONLY_HISTORY
compact_regression_mobil_ref_to_rear_guard_off,mobil_rear_guard_off_v2,Random,7,5,5,80,12,1,5,5,0.08333333333333333,80,80,0,0,pass_only,PASS_ONLY_HISTORY
compact_regression_mobil_ref_to_rear_guard_off,mobil_rear_guard_off_v2,Random,7,10,10,80,12,2,5,5,0.16666666666666666,80,80,0,0,pass_only,PASS_ONLY_HISTORY
compact_regression_mobil_ref_to_rear_guard_off,mobil_rear_guard_off_v2,Random,7,20,20,80,12,3,5,5,0.25,80,80,0,0,pass_only,PASS_ONLY_HISTORY
compact_regression_mobil_ref_to_rear_guard_off,mobil_rear_guard_off_v2,Random,8,1,1,80,12,0,,>B,0.0,80,80,0,0,pass_only,PASS_ONLY_HISTORY
compact_regression_mobil_ref_to_rear_guard_off,mobil_rear_guard_off_v2,Random,8,5,5,80,12,0,,>B,0.0,80,80,0,0,pass_only,PASS_ONLY_HISTORY
compact_regression_mobil_ref_to_rear_guard_off,mobil_rear_guard_off_v2,Random,8,10,10,80,12,0,,>B,0.0,80,80,0,0,pass_only,PASS_ONLY_HISTORY
compact_regression_mobil_ref_to_rear_guard_off,mobil_rear_guard_off_v2,Random,8,20,20,80,12,0,,>B,0.0,80,80,0,0,pass_only,PASS_ONLY_HISTORY
compact_regression_mobil_ref_to_rear_guard_off,mobil_rear_guard_off_v2,Random,9,1,1,80,12,0,4,4,0.0,80,80,0,0,pass_only,PASS_ONLY_HISTORY
compact_regression_mobil_ref_to_rear_guard_off,mobil_rear_guard_off_v2,Random,9,5,5,80,12,1,4,4,0.08333333333333333,80,80,0,0,pass_only,PASS_ONLY_HISTORY
compact_regression_mobil_ref_to_rear_guard_off,mobil_rear_guard_off_v2,Random,9,10,10,80,12,1,4,4,0.08333333333333333,80,80,0,0,pass_only,PASS_ONLY_HISTORY
compact_regression_mobil_ref_to_rear_guard_off,mobil_rear_guard_off_v2,Random,9,20,20,80,12,3,4,4,0.25,80,80,0,0,pass_only,PASS_ONLY_HISTORY
compact_regression_mobil_ref_to_rear_guard_off,mobil_rear_guard_off_v2,HistoryRank-UCB-v2,0,1,1,80,12,0,2,2,0.0,80,80,0,0,pass_only,PASS_ONLY_HISTORY
compact_regression_mobil_ref_to_rear_guard_off,mobil_rear_guard_off_v2,HistoryRank-UCB-v2,0,5,5,80,12,1,2,2,0.08333333333333333,80,80,0,0,pass_only,PASS_ONLY_HISTORY
compact_regression_mobil_ref_to_rear_guard_off,mobil_rear_guard_off_v2,HistoryRank-UCB-v2,0,10,10,80,12,4,2,2,0.3333333333333333,80,80,0,0,pass_only,PASS_ONLY_HISTORY
compact_regression_mobil_ref_to_rear_guard_off,mobil_rear_guard_off_v2,HistoryRank-UCB-v2,0,20,20,80,12,8,2,2,0.6666666666666666,80,80,0,0,pass_only,PASS_ONLY_HISTORY
compact_regression_mobil_ref_to_rear_guard_off,mobil_rear_guard_off_v2,FailureDistance-v2,0,1,1,80,12,0,14,14,0.0,80,80,0,0,pass_only,PASS_ONLY_HISTORY
compact_regression_mobil_ref_to_rear_guard_off,mobil_rear_guard_off_v2,FailureDistance-v2,0,5,5,80,12,0,14,14,0.0,80,80,0,0,pass_only,PASS_ONLY_HISTORY
compact_regression_mobil_ref_to_rear_guard_off,mobil_rear_guard_off_v2,FailureDistance-v2,0,10,10,80,12,0,14,14,0.0,80,80,0,0,pass_only,PASS_ONLY_HISTORY
compact_regression_mobil_ref_to_rear_guard_off,mobil_rear_guard_off_v2,FailureDistance-v2,0,20,20,80,12,6,14,14,0.5,80,80,0,0,pass_only,PASS_ONLY_HISTORY
compact_regression_mobil_ref_to_rear_guard_off,mobil_rear_guard_off_v2,FBRT-NoMemory,0,1,1,80,12,0,6,6,0.0,80,80,0,0,pass_only,PASS_ONLY_HISTORY
compact_regression_mobil_ref_to_rear_guard_off,mobil_rear_guard_off_v2,FBRT-NoMemory,0,5,5,80,12,0,6,6,0.0,80,80,0,0,pass_only,PASS_ONLY_HISTORY
compact_regression_mobil_ref_to_rear_guard_off,mobil_rear_guard_off_v2,FBRT-NoMemory,0,10,10,80,12,4,6,6,0.3333333333333333,80,80,0,0,pass_only,PASS_ONLY_HISTORY
compact_regression_mobil_ref_to_rear_guard_off,mobil_rear_guard_off_v2,FBRT-NoMemory,0,20,20,80,12,12,6,6,1.0,80,80,0,0,pass_only,PASS_ONLY_HISTORY|BASELINE_AT_ORACLE_CEILING
compact_regression_mobil_ref_to_rear_guard_off,mobil_rear_guard_off_v2,FBRT-Memory,0,1,1,80,12,0,10,10,0.0,80,80,0,0,pass_only,PASS_ONLY_HISTORY
compact_regression_mobil_ref_to_rear_guard_off,mobil_rear_guard_off_v2,FBRT-Memory,0,5,5,80,12,0,10,10,0.0,80,80,0,0,pass_only,PASS_ONLY_HISTORY
compact_regression_mobil_ref_to_rear_guard_off,mobil_rear_guard_off_v2,FBRT-Memory,0,10,10,80,12,1,10,10,0.08333333333333333,80,80,0,0,pass_only,PASS_ONLY_HISTORY
compact_regression_mobil_ref_to_rear_guard_off,mobil_rear_guard_off_v2,FBRT-Memory,0,20,20,80,12,10,10,10,0.8333333333333334,80,80,0,0,pass_only,PASS_ONLY_HISTORY
compact_regression_ppo_ref_to_obs_age020,ppo_obs_age020_v2,Random,0,1,1,61,0,0,,>B,,64,61,3,1,failure_and_pass,HAS_FAILURE_MEMORY|NO_TARGET_FAILURE_IN_POOL
compact_regression_ppo_ref_to_obs_age020,ppo_obs_age020_v2,Random,0,5,5,61,0,0,,>B,,64,61,3,1,failure_and_pass,HAS_FAILURE_MEMORY|NO_TARGET_FAILURE_IN_POOL
compact_regression_ppo_ref_to_obs_age020,ppo_obs_age020_v2,Random,0,10,10,61,0,0,,>B,,64,61,3,1,failure_and_pass,HAS_FAILURE_MEMORY|NO_TARGET_FAILURE_IN_POOL
compact_regression_ppo_ref_to_obs_age020,ppo_obs_age020_v2,Random,0,20,20,61,0,0,,>B,,64,61,3,1,failure_and_pass,HAS_FAILURE_MEMORY|NO_TARGET_FAILURE_IN_POOL
compact_regression_ppo_ref_to_obs_age020,ppo_obs_age020_v2,Random,1,1,1,61,0,0,,>B,,64,61,3,1,failure_and_pass,HAS_FAILURE_MEMORY|NO_TARGET_FAILURE_IN_POOL
compact_regression_ppo_ref_to_obs_age020,ppo_obs_age020_v2,Random,1,5,5,61,0,0,,>B,,64,61,3,1,failure_and_pass,HAS_FAILURE_MEMORY|NO_TARGET_FAILURE_IN_POOL
compact_regression_ppo_ref_to_obs_age020,ppo_obs_age020_v2,Random,1,10,10,61,0,0,,>B,,64,61,3,1,failure_and_pass,HAS_FAILURE_MEMORY|NO_TARGET_FAILURE_IN_POOL
compact_regression_ppo_ref_to_obs_age020,ppo_obs_age020_v2,Random,1,20,20,61,0,0,,>B,,64,61,3,1,failure_and_pass,HAS_FAILURE_MEMORY|NO_TARGET_FAILURE_IN_POOL
compact_regression_ppo_ref_to_obs_age020,ppo_obs_age020_v2,Random,2,1,1,61,0,0,,>B,,64,61,3,1,failure_and_pass,HAS_FAILURE_MEMORY|NO_TARGET_FAILURE_IN_POOL
compact_regression_ppo_ref_to_obs_age020,ppo_obs_age020_v2,Random,2,5,5,61,0,0,,>B,,64,61,3,1,failure_and_pass,HAS_FAILURE_MEMORY|NO_TARGET_FAILURE_IN_POOL
compact_regression_ppo_ref_to_obs_age020,ppo_obs_age020_v2,Random,2,10,10,61,0,0,,>B,,64,61,3,1,failure_and_pass,HAS_FAILURE_MEMORY|NO_TARGET_FAILURE_IN_POOL
compact_regression_ppo_ref_to_obs_age020,ppo_obs_age020_v2,Random,2,20,20,61,0,0,,>B,,64,61,3,1,failure_and_pass,HAS_FAILURE_MEMORY|NO_TARGET_FAILURE_IN_POOL
compact_regression_ppo_ref_to_obs_age020,ppo_obs_age020_v2,Random,3,1,1,61,0,0,,>B,,64,61,3,1,failure_and_pass,HAS_FAILURE_MEMORY|NO_TARGET_FAILURE_IN_POOL
compact_regression_ppo_ref_to_obs_age020,ppo_obs_age020_v2,Random,3,5,5,61,0,0,,>B,,64,61,3,1,failure_and_pass,HAS_FAILURE_MEMORY|NO_TARGET_FAILURE_IN_POOL
compact_regression_ppo_ref_to_obs_age020,ppo_obs_age020_v2,Random,3,10,10,61,0,0,,>B,,64,61,3,1,failure_and_pass,HAS_FAILURE_MEMORY|NO_TARGET_FAILURE_IN_POOL
compact_regression_ppo_ref_to_obs_age020,ppo_obs_age020_v2,Random,3,20,20,61,0,0,,>B,,64,61,3,1,failure_and_pass,HAS_FAILURE_MEMORY|NO_TARGET_FAILURE_IN_POOL
compact_regression_ppo_ref_to_obs_age020,ppo_obs_age020_v2,Random,4,1,1,61,0,0,,>B,,64,61,3,1,failure_and_pass,HAS_FAILURE_MEMORY|NO_TARGET_FAILURE_IN_POOL
compact_regression_ppo_ref_to_obs_age020,ppo_obs_age020_v2,Random,4,5,5,61,0,0,,>B,,64,61,3,1,failure_and_pass,HAS_FAILURE_MEMORY|NO_TARGET_FAILURE_IN_POOL
compact_regression_ppo_ref_to_obs_age020,ppo_obs_age020_v2,Random,4,10,10,61,0,0,,>B,,64,61,3,1,failure_and_pass,HAS_FAILURE_MEMORY|NO_TARGET_FAILURE_IN_POOL
compact_regression_ppo_ref_to_obs_age020,ppo_obs_age020_v2,Random,4,20,20,61,0,0,,>B,,64,61,3,1,failure_and_pass,HAS_FAILURE_MEMORY|NO_TARGET_FAILURE_IN_POOL
compact_regression_ppo_ref_to_obs_age020,ppo_obs_age020_v2,Random,5,1,1,61,0,0,,>B,,64,61,3,1,failure_and_pass,HAS_FAILURE_MEMORY|NO_TARGET_FAILURE_IN_POOL
compact_regression_ppo_ref_to_obs_age020,ppo_obs_age020_v2,Random,5,5,5,61,0,0,,>B,,64,61,3,1,failure_and_pass,HAS_FAILURE_MEMORY|NO_TARGET_FAILURE_IN_POOL
compact_regression_ppo_ref_to_obs_age020,ppo_obs_age020_v2,Random,5,10,10,61,0,0,,>B,,64,61,3,1,failure_and_pass,HAS_FAILURE_MEMORY|NO_TARGET_FAILURE_IN_POOL
compact_regression_ppo_ref_to_obs_age020,ppo_obs_age020_v2,Random,5,20,20,61,0,0,,>B,,64,61,3,1,failure_and_pass,HAS_FAILURE_MEMORY|NO_TARGET_FAILURE_IN_POOL
compact_regression_ppo_ref_to_obs_age020,ppo_obs_age020_v2,Random,6,1,1,61,0,0,,>B,,64,61,3,1,failure_and_pass,HAS_FAILURE_MEMORY|NO_TARGET_FAILURE_IN_POOL
compact_regression_ppo_ref_to_obs_age020,ppo_obs_age020_v2,Random,6,5,5,61,0,0,,>B,,64,61,3,1,failure_and_pass,HAS_FAILURE_MEMORY|NO_TARGET_FAILURE_IN_POOL
compact_regression_ppo_ref_to_obs_age020,ppo_obs_age020_v2,Random,6,10,10,61,0,0,,>B,,64,61,3,1,failure_and_pass,HAS_FAILURE_MEMORY|NO_TARGET_FAILURE_IN_POOL
compact_regression_ppo_ref_to_obs_age020,ppo_obs_age020_v2,Random,6,20,20,61,0,0,,>B,,64,61,3,1,failure_and_pass,HAS_FAILURE_MEMORY|NO_TARGET_FAILURE_IN_POOL
compact_regression_ppo_ref_to_obs_age020,ppo_obs_age020_v2,Random,7,1,1,61,0,0,,>B,,64,61,3,1,failure_and_pass,HAS_FAILURE_MEMORY|NO_TARGET_FAILURE_IN_POOL
compact_regression_ppo_ref_to_obs_age020,ppo_obs_age020_v2,Random,7,5,5,61,0,0,,>B,,64,61,3,1,failure_and_pass,HAS_FAILURE_MEMORY|NO_TARGET_FAILURE_IN_POOL
compact_regression_ppo_ref_to_obs_age020,ppo_obs_age020_v2,Random,7,10,10,61,0,0,,>B,,64,61,3,1,failure_and_pass,HAS_FAILURE_MEMORY|NO_TARGET_FAILURE_IN_POOL
compact_regression_ppo_ref_to_obs_age020,ppo_obs_age020_v2,Random,7,20,20,61,0,0,,>B,,64,61,3,1,failure_and_pass,HAS_FAILURE_MEMORY|NO_TARGET_FAILURE_IN_POOL
compact_regression_ppo_ref_to_obs_age020,ppo_obs_age020_v2,Random,8,1,1,61,0,0,,>B,,64,61,3,1,failure_and_pass,HAS_FAILURE_MEMORY|NO_TARGET_FAILURE_IN_POOL
compact_regression_ppo_ref_to_obs_age020,ppo_obs_age020_v2,Random,8,5,5,61,0,0,,>B,,64,61,3,1,failure_and_pass,HAS_FAILURE_MEMORY|NO_TARGET_FAILURE_IN_POOL
compact_regression_ppo_ref_to_obs_age020,ppo_obs_age020_v2,Random,8,10,10,61,0,0,,>B,,64,61,3,1,failure_and_pass,HAS_FAILURE_MEMORY|NO_TARGET_FAILURE_IN_POOL
compact_regression_ppo_ref_to_obs_age020,ppo_obs_age020_v2,Random,8,20,20,61,0,0,,>B,,64,61,3,1,failure_and_pass,HAS_FAILURE_MEMORY|NO_TARGET_FAILURE_IN_POOL
compact_regression_ppo_ref_to_obs_age020,ppo_obs_age020_v2,Random,9,1,1,61,0,0,,>B,,64,61,3,1,failure_and_pass,HAS_FAILURE_MEMORY|NO_TARGET_FAILURE_IN_POOL
compact_regression_ppo_ref_to_obs_age020,ppo_obs_age020_v2,Random,9,5,5,61,0,0,,>B,,64,61,3,1,failure_and_pass,HAS_FAILURE_MEMORY|NO_TARGET_FAILURE_IN_POOL
compact_regression_ppo_ref_to_obs_age020,ppo_obs_age020_v2,Random,9,10,10,61,0,0,,>B,,64,61,3,1,failure_and_pass,HAS_FAILURE_MEMORY|NO_TARGET_FAILURE_IN_POOL
compact_regression_ppo_ref_to_obs_age020,ppo_obs_age020_v2,Random,9,20,20,61,0,0,,>B,,64,61,3,1,failure_and_pass,HAS_FAILURE_MEMORY|NO_TARGET_FAILURE_IN_POOL
compact_regression_ppo_ref_to_obs_age020,ppo_obs_age020_v2,HistoryRank-UCB-v2,0,1,1,61,0,0,,>B,,64,61,3,1,failure_and_pass,HAS_FAILURE_MEMORY|NO_TARGET_FAILURE_IN_POOL
compact_regression_ppo_ref_to_obs_age020,ppo_obs_age020_v2,HistoryRank-UCB-v2,0,5,5,61,0,0,,>B,,64,61,3,1,failure_and_pass,HAS_FAILURE_MEMORY|NO_TARGET_FAILURE_IN_POOL
compact_regression_ppo_ref_to_obs_age020,ppo_obs_age020_v2,HistoryRank-UCB-v2,0,10,10,61,0,0,,>B,,64,61,3,1,failure_and_pass,HAS_FAILURE_MEMORY|NO_TARGET_FAILURE_IN_POOL
compact_regression_ppo_ref_to_obs_age020,ppo_obs_age020_v2,HistoryRank-UCB-v2,0,20,20,61,0,0,,>B,,64,61,3,1,failure_and_pass,HAS_FAILURE_MEMORY|NO_TARGET_FAILURE_IN_POOL
compact_regression_ppo_ref_to_obs_age020,ppo_obs_age020_v2,FailureDistance-v2,0,1,1,61,0,0,,>B,,64,61,3,1,failure_and_pass,HAS_FAILURE_MEMORY|NO_TARGET_FAILURE_IN_POOL
compact_regression_ppo_ref_to_obs_age020,ppo_obs_age020_v2,FailureDistance-v2,0,5,5,61,0,0,,>B,,64,61,3,1,failure_and_pass,HAS_FAILURE_MEMORY|NO_TARGET_FAILURE_IN_POOL
compact_regression_ppo_ref_to_obs_age020,ppo_obs_age020_v2,FailureDistance-v2,0,10,10,61,0,0,,>B,,64,61,3,1,failure_and_pass,HAS_FAILURE_MEMORY|NO_TARGET_FAILURE_IN_POOL
compact_regression_ppo_ref_to_obs_age020,ppo_obs_age020_v2,FailureDistance-v2,0,20,20,61,0,0,,>B,,64,61,3,1,failure_and_pass,HAS_FAILURE_MEMORY|NO_TARGET_FAILURE_IN_POOL
compact_regression_ppo_ref_to_obs_age020,ppo_obs_age020_v2,FBRT-NoMemory,0,1,1,61,0,0,,>B,,64,61,3,0,failure_and_pass,HAS_FAILURE_MEMORY|NO_TARGET_FAILURE_IN_POOL
compact_regression_ppo_ref_to_obs_age020,ppo_obs_age020_v2,FBRT-NoMemory,0,5,5,61,0,0,,>B,,64,61,3,0,failure_and_pass,HAS_FAILURE_MEMORY|NO_TARGET_FAILURE_IN_POOL
compact_regression_ppo_ref_to_obs_age020,ppo_obs_age020_v2,FBRT-NoMemory,0,10,10,61,0,0,,>B,,64,61,3,0,failure_and_pass,HAS_FAILURE_MEMORY|NO_TARGET_FAILURE_IN_POOL
compact_regression_ppo_ref_to_obs_age020,ppo_obs_age020_v2,FBRT-NoMemory,0,20,20,61,0,0,,>B,,64,61,3,0,failure_and_pass,HAS_FAILURE_MEMORY|NO_TARGET_FAILURE_IN_POOL
compact_regression_ppo_ref_to_obs_age020,ppo_obs_age020_v2,FBRT-Memory,0,1,1,61,0,0,,>B,,64,61,3,1,failure_and_pass,HAS_FAILURE_MEMORY|NO_TARGET_FAILURE_IN_POOL
compact_regression_ppo_ref_to_obs_age020,ppo_obs_age020_v2,FBRT-Memory,0,5,5,61,0,0,,>B,,64,61,3,1,failure_and_pass,HAS_FAILURE_MEMORY|NO_TARGET_FAILURE_IN_POOL
compact_regression_ppo_ref_to_obs_age020,ppo_obs_age020_v2,FBRT-Memory,0,10,10,61,0,0,,>B,,64,61,3,1,failure_and_pass,HAS_FAILURE_MEMORY|NO_TARGET_FAILURE_IN_POOL
compact_regression_ppo_ref_to_obs_age020,ppo_obs_age020_v2,FBRT-Memory,0,20,20,61,0,0,,>B,,64,61,3,1,failure_and_pass,HAS_FAILURE_MEMORY|NO_TARGET_FAILURE_IN_POOL
cross_agent_Random_mobil_to_next,mobil_ref_v2,Random,0,1,1,80,0,0,,>B,,0,0,0,0,empty,NO_COMPATIBLE_HISTORY|NO_TARGET_FAILURE_IN_POOL
cross_agent_Random_mobil_to_next,mobil_ref_v2,Random,0,5,5,80,0,0,,>B,,0,0,0,0,empty,NO_COMPATIBLE_HISTORY|NO_TARGET_FAILURE_IN_POOL
cross_agent_Random_mobil_to_next,mobil_ref_v2,Random,0,10,10,80,0,0,,>B,,0,0,0,0,empty,NO_COMPATIBLE_HISTORY|NO_TARGET_FAILURE_IN_POOL
cross_agent_Random_mobil_to_next,mobil_ref_v2,Random,0,20,20,80,0,0,,>B,,0,0,0,0,empty,NO_COMPATIBLE_HISTORY|NO_TARGET_FAILURE_IN_POOL
cross_agent_Random_ppo_ref_after_mobil,ppo_ref_v2,Random,0,1,1,80,19,0,5,5,0.0,20,20,0,0,pass_only,PASS_ONLY_HISTORY
cross_agent_Random_ppo_ref_after_mobil,ppo_ref_v2,Random,0,5,5,80,19,1,5,5,0.05263157894736842,20,20,0,0,pass_only,PASS_ONLY_HISTORY
cross_agent_Random_ppo_ref_after_mobil,ppo_ref_v2,Random,0,10,10,80,19,2,5,5,0.10526315789473684,20,20,0,0,pass_only,PASS_ONLY_HISTORY
cross_agent_Random_ppo_ref_after_mobil,ppo_ref_v2,Random,0,20,20,80,19,5,5,5,0.2631578947368421,20,20,0,0,pass_only,PASS_ONLY_HISTORY
cross_agent_Random_mobil_to_next,mobil_ref_v2,Random,1,1,1,80,0,0,,>B,,0,0,0,0,empty,NO_COMPATIBLE_HISTORY|NO_TARGET_FAILURE_IN_POOL
cross_agent_Random_mobil_to_next,mobil_ref_v2,Random,1,5,5,80,0,0,,>B,,0,0,0,0,empty,NO_COMPATIBLE_HISTORY|NO_TARGET_FAILURE_IN_POOL
cross_agent_Random_mobil_to_next,mobil_ref_v2,Random,1,10,10,80,0,0,,>B,,0,0,0,0,empty,NO_COMPATIBLE_HISTORY|NO_TARGET_FAILURE_IN_POOL
cross_agent_Random_mobil_to_next,mobil_ref_v2,Random,1,20,20,80,0,0,,>B,,0,0,0,0,empty,NO_COMPATIBLE_HISTORY|NO_TARGET_FAILURE_IN_POOL
cross_agent_Random_ppo_ref_after_mobil,ppo_ref_v2,Random,1,1,1,80,19,0,3,3,0.0,20,20,0,0,pass_only,PASS_ONLY_HISTORY
cross_agent_Random_ppo_ref_after_mobil,ppo_ref_v2,Random,1,5,5,80,19,1,3,3,0.05263157894736842,20,20,0,0,pass_only,PASS_ONLY_HISTORY
cross_agent_Random_ppo_ref_after_mobil,ppo_ref_v2,Random,1,10,10,80,19,1,3,3,0.05263157894736842,20,20,0,0,pass_only,PASS_ONLY_HISTORY
cross_agent_Random_ppo_ref_after_mobil,ppo_ref_v2,Random,1,20,20,80,19,2,3,3,0.10526315789473684,20,20,0,0,pass_only,PASS_ONLY_HISTORY
cross_agent_Random_mobil_to_next,mobil_ref_v2,Random,2,1,1,80,0,0,,>B,,0,0,0,0,empty,NO_COMPATIBLE_HISTORY|NO_TARGET_FAILURE_IN_POOL
cross_agent_Random_mobil_to_next,mobil_ref_v2,Random,2,5,5,80,0,0,,>B,,0,0,0,0,empty,NO_COMPATIBLE_HISTORY|NO_TARGET_FAILURE_IN_POOL
cross_agent_Random_mobil_to_next,mobil_ref_v2,Random,2,10,10,80,0,0,,>B,,0,0,0,0,empty,NO_COMPATIBLE_HISTORY|NO_TARGET_FAILURE_IN_POOL
cross_agent_Random_mobil_to_next,mobil_ref_v2,Random,2,20,20,80,0,0,,>B,,0,0,0,0,empty,NO_COMPATIBLE_HISTORY|NO_TARGET_FAILURE_IN_POOL
cross_agent_Random_ppo_ref_after_mobil,ppo_ref_v2,Random,2,1,1,80,19,0,2,2,0.0,20,20,0,0,pass_only,PASS_ONLY_HISTORY
cross_agent_Random_ppo_ref_after_mobil,ppo_ref_v2,Random,2,5,5,80,19,2,2,2,0.10526315789473684,20,20,0,0,pass_only,PASS_ONLY_HISTORY
cross_agent_Random_ppo_ref_after_mobil,ppo_ref_v2,Random,2,10,10,80,19,2,2,2,0.10526315789473684,20,20,0,0,pass_only,PASS_ONLY_HISTORY
cross_agent_Random_ppo_ref_after_mobil,ppo_ref_v2,Random,2,20,20,80,19,5,2,2,0.2631578947368421,20,20,0,0,pass_only,PASS_ONLY_HISTORY
cross_agent_Random_mobil_to_next,mobil_ref_v2,Random,3,1,1,80,0,0,,>B,,0,0,0,0,empty,NO_COMPATIBLE_HISTORY|NO_TARGET_FAILURE_IN_POOL
cross_agent_Random_mobil_to_next,mobil_ref_v2,Random,3,5,5,80,0,0,,>B,,0,0,0,0,empty,NO_COMPATIBLE_HISTORY|NO_TARGET_FAILURE_IN_POOL
cross_agent_Random_mobil_to_next,mobil_ref_v2,Random,3,10,10,80,0,0,,>B,,0,0,0,0,empty,NO_COMPATIBLE_HISTORY|NO_TARGET_FAILURE_IN_POOL
cross_agent_Random_mobil_to_next,mobil_ref_v2,Random,3,20,20,80,0,0,,>B,,0,0,0,0,empty,NO_COMPATIBLE_HISTORY|NO_TARGET_FAILURE_IN_POOL
cross_agent_Random_ppo_ref_after_mobil,ppo_ref_v2,Random,3,1,1,80,19,0,2,2,0.0,20,20,0,0,pass_only,PASS_ONLY_HISTORY
cross_agent_Random_ppo_ref_after_mobil,ppo_ref_v2,Random,3,5,5,80,19,2,2,2,0.10526315789473684,20,20,0,0,pass_only,PASS_ONLY_HISTORY
cross_agent_Random_ppo_ref_after_mobil,ppo_ref_v2,Random,3,10,10,80,19,2,2,2,0.10526315789473684,20,20,0,0,pass_only,PASS_ONLY_HISTORY
cross_agent_Random_ppo_ref_after_mobil,ppo_ref_v2,Random,3,20,20,80,19,4,2,2,0.21052631578947367,20,20,0,0,pass_only,PASS_ONLY_HISTORY
cross_agent_Random_mobil_to_next,mobil_ref_v2,Random,4,1,1,80,0,0,,>B,,0,0,0,0,empty,NO_COMPATIBLE_HISTORY|NO_TARGET_FAILURE_IN_POOL
cross_agent_Random_mobil_to_next,mobil_ref_v2,Random,4,5,5,80,0,0,,>B,,0,0,0,0,empty,NO_COMPATIBLE_HISTORY|NO_TARGET_FAILURE_IN_POOL
cross_agent_Random_mobil_to_next,mobil_ref_v2,Random,4,10,10,80,0,0,,>B,,0,0,0,0,empty,NO_COMPATIBLE_HISTORY|NO_TARGET_FAILURE_IN_POOL
cross_agent_Random_mobil_to_next,mobil_ref_v2,Random,4,20,20,80,0,0,,>B,,0,0,0,0,empty,NO_COMPATIBLE_HISTORY|NO_TARGET_FAILURE_IN_POOL
cross_agent_Random_ppo_ref_after_mobil,ppo_ref_v2,Random,4,1,1,80,19,1,1,1,0.05263157894736842,20,20,0,0,pass_only,PASS_ONLY_HISTORY
cross_agent_Random_ppo_ref_after_mobil,ppo_ref_v2,Random,4,5,5,80,19,3,1,1,0.15789473684210525,20,20,0,0,pass_only,PASS_ONLY_HISTORY
cross_agent_Random_ppo_ref_after_mobil,ppo_ref_v2,Random,4,10,10,80,19,3,1,1,0.15789473684210525,20,20,0,0,pass_only,PASS_ONLY_HISTORY
cross_agent_Random_ppo_ref_after_mobil,ppo_ref_v2,Random,4,20,20,80,19,5,1,1,0.2631578947368421,20,20,0,0,pass_only,PASS_ONLY_HISTORY
cross_agent_Random_mobil_to_next,mobil_ref_v2,Random,5,1,1,80,0,0,,>B,,0,0,0,0,empty,NO_COMPATIBLE_HISTORY|NO_TARGET_FAILURE_IN_POOL
cross_agent_Random_mobil_to_next,mobil_ref_v2,Random,5,5,5,80,0,0,,>B,,0,0,0,0,empty,NO_COMPATIBLE_HISTORY|NO_TARGET_FAILURE_IN_POOL
cross_agent_Random_mobil_to_next,mobil_ref_v2,Random,5,10,10,80,0,0,,>B,,0,0,0,0,empty,NO_COMPATIBLE_HISTORY|NO_TARGET_FAILURE_IN_POOL
cross_agent_Random_mobil_to_next,mobil_ref_v2,Random,5,20,20,80,0,0,,>B,,0,0,0,0,empty,NO_COMPATIBLE_HISTORY|NO_TARGET_FAILURE_IN_POOL
cross_agent_Random_ppo_ref_after_mobil,ppo_ref_v2,Random,5,1,1,80,19,1,1,1,0.05263157894736842,20,20,0,0,pass_only,PASS_ONLY_HISTORY
cross_agent_Random_ppo_ref_after_mobil,ppo_ref_v2,Random,5,5,5,80,19,3,1,1,0.15789473684210525,20,20,0,0,pass_only,PASS_ONLY_HISTORY
cross_agent_Random_ppo_ref_after_mobil,ppo_ref_v2,Random,5,10,10,80,19,5,1,1,0.2631578947368421,20,20,0,0,pass_only,PASS_ONLY_HISTORY
cross_agent_Random_ppo_ref_after_mobil,ppo_ref_v2,Random,5,20,20,80,19,5,1,1,0.2631578947368421,20,20,0,0,pass_only,PASS_ONLY_HISTORY
cross_agent_Random_mobil_to_next,mobil_ref_v2,Random,6,1,1,80,0,0,,>B,,0,0,0,0,empty,NO_COMPATIBLE_HISTORY|NO_TARGET_FAILURE_IN_POOL
cross_agent_Random_mobil_to_next,mobil_ref_v2,Random,6,5,5,80,0,0,,>B,,0,0,0,0,empty,NO_COMPATIBLE_HISTORY|NO_TARGET_FAILURE_IN_POOL
cross_agent_Random_mobil_to_next,mobil_ref_v2,Random,6,10,10,80,0,0,,>B,,0,0,0,0,empty,NO_COMPATIBLE_HISTORY|NO_TARGET_FAILURE_IN_POOL
cross_agent_Random_mobil_to_next,mobil_ref_v2,Random,6,20,20,80,0,0,,>B,,0,0,0,0,empty,NO_COMPATIBLE_HISTORY|NO_TARGET_FAILURE_IN_POOL
cross_agent_Random_ppo_ref_after_mobil,ppo_ref_v2,Random,6,1,1,80,19,0,8,8,0.0,20,20,0,0,pass_only,PASS_ONLY_HISTORY
cross_agent_Random_ppo_ref_after_mobil,ppo_ref_v2,Random,6,5,5,80,19,0,8,8,0.0,20,20,0,0,pass_only,PASS_ONLY_HISTORY
cross_agent_Random_ppo_ref_after_mobil,ppo_ref_v2,Random,6,10,10,80,19,2,8,8,0.10526315789473684,20,20,0,0,pass_only,PASS_ONLY_HISTORY
cross_agent_Random_ppo_ref_after_mobil,ppo_ref_v2,Random,6,20,20,80,19,3,8,8,0.15789473684210525,20,20,0,0,pass_only,PASS_ONLY_HISTORY
cross_agent_Random_mobil_to_next,mobil_ref_v2,Random,7,1,1,80,0,0,,>B,,0,0,0,0,empty,NO_COMPATIBLE_HISTORY|NO_TARGET_FAILURE_IN_POOL
cross_agent_Random_mobil_to_next,mobil_ref_v2,Random,7,5,5,80,0,0,,>B,,0,0,0,0,empty,NO_COMPATIBLE_HISTORY|NO_TARGET_FAILURE_IN_POOL
cross_agent_Random_mobil_to_next,mobil_ref_v2,Random,7,10,10,80,0,0,,>B,,0,0,0,0,empty,NO_COMPATIBLE_HISTORY|NO_TARGET_FAILURE_IN_POOL
cross_agent_Random_mobil_to_next,mobil_ref_v2,Random,7,20,20,80,0,0,,>B,,0,0,0,0,empty,NO_COMPATIBLE_HISTORY|NO_TARGET_FAILURE_IN_POOL
cross_agent_Random_ppo_ref_after_mobil,ppo_ref_v2,Random,7,1,1,80,19,0,3,3,0.0,20,20,0,0,pass_only,PASS_ONLY_HISTORY
cross_agent_Random_ppo_ref_after_mobil,ppo_ref_v2,Random,7,5,5,80,19,1,3,3,0.05263157894736842,20,20,0,0,pass_only,PASS_ONLY_HISTORY
cross_agent_Random_ppo_ref_after_mobil,ppo_ref_v2,Random,7,10,10,80,19,3,3,3,0.15789473684210525,20,20,0,0,pass_only,PASS_ONLY_HISTORY
cross_agent_Random_ppo_ref_after_mobil,ppo_ref_v2,Random,7,20,20,80,19,4,3,3,0.21052631578947367,20,20,0,0,pass_only,PASS_ONLY_HISTORY
cross_agent_Random_mobil_to_next,mobil_ref_v2,Random,8,1,1,80,0,0,,>B,,0,0,0,0,empty,NO_COMPATIBLE_HISTORY|NO_TARGET_FAILURE_IN_POOL
cross_agent_Random_mobil_to_next,mobil_ref_v2,Random,8,5,5,80,0,0,,>B,,0,0,0,0,empty,NO_COMPATIBLE_HISTORY|NO_TARGET_FAILURE_IN_POOL
cross_agent_Random_mobil_to_next,mobil_ref_v2,Random,8,10,10,80,0,0,,>B,,0,0,0,0,empty,NO_COMPATIBLE_HISTORY|NO_TARGET_FAILURE_IN_POOL
cross_agent_Random_mobil_to_next,mobil_ref_v2,Random,8,20,20,80,0,0,,>B,,0,0,0,0,empty,NO_COMPATIBLE_HISTORY|NO_TARGET_FAILURE_IN_POOL
cross_agent_Random_ppo_ref_after_mobil,ppo_ref_v2,Random,8,1,1,80,19,1,1,1,0.05263157894736842,20,20,0,0,pass_only,PASS_ONLY_HISTORY
cross_agent_Random_ppo_ref_after_mobil,ppo_ref_v2,Random,8,5,5,80,19,1,1,1,0.05263157894736842,20,20,0,0,pass_only,PASS_ONLY_HISTORY
cross_agent_Random_ppo_ref_after_mobil,ppo_ref_v2,Random,8,10,10,80,19,3,1,1,0.15789473684210525,20,20,0,0,pass_only,PASS_ONLY_HISTORY
cross_agent_Random_ppo_ref_after_mobil,ppo_ref_v2,Random,8,20,20,80,19,4,1,1,0.21052631578947367,20,20,0,0,pass_only,PASS_ONLY_HISTORY
cross_agent_Random_mobil_to_next,mobil_ref_v2,Random,9,1,1,80,0,0,,>B,,0,0,0,0,empty,NO_COMPATIBLE_HISTORY|NO_TARGET_FAILURE_IN_POOL
cross_agent_Random_mobil_to_next,mobil_ref_v2,Random,9,5,5,80,0,0,,>B,,0,0,0,0,empty,NO_COMPATIBLE_HISTORY|NO_TARGET_FAILURE_IN_POOL
cross_agent_Random_mobil_to_next,mobil_ref_v2,Random,9,10,10,80,0,0,,>B,,0,0,0,0,empty,NO_COMPATIBLE_HISTORY|NO_TARGET_FAILURE_IN_POOL
cross_agent_Random_mobil_to_next,mobil_ref_v2,Random,9,20,20,80,0,0,,>B,,0,0,0,0,empty,NO_COMPATIBLE_HISTORY|NO_TARGET_FAILURE_IN_POOL
cross_agent_Random_ppo_ref_after_mobil,ppo_ref_v2,Random,9,1,1,80,19,0,3,3,0.0,20,20,0,0,pass_only,PASS_ONLY_HISTORY
cross_agent_Random_ppo_ref_after_mobil,ppo_ref_v2,Random,9,5,5,80,19,2,3,3,0.10526315789473684,20,20,0,0,pass_only,PASS_ONLY_HISTORY
cross_agent_Random_ppo_ref_after_mobil,ppo_ref_v2,Random,9,10,10,80,19,3,3,3,0.15789473684210525,20,20,0,0,pass_only,PASS_ONLY_HISTORY
cross_agent_Random_ppo_ref_after_mobil,ppo_ref_v2,Random,9,20,20,80,19,6,3,3,0.3157894736842105,20,20,0,0,pass_only,PASS_ONLY_HISTORY
cross_agent_HistoryRank-UCB-v2_mobil_to_next,mobil_ref_v2,HistoryRank-UCB-v2,0,1,1,80,0,0,,>B,,0,0,0,0,empty,NO_COMPATIBLE_HISTORY|NO_TARGET_FAILURE_IN_POOL
cross_agent_HistoryRank-UCB-v2_mobil_to_next,mobil_ref_v2,HistoryRank-UCB-v2,0,5,5,80,0,0,,>B,,0,0,0,0,empty,NO_COMPATIBLE_HISTORY|NO_TARGET_FAILURE_IN_POOL
cross_agent_HistoryRank-UCB-v2_mobil_to_next,mobil_ref_v2,HistoryRank-UCB-v2,0,10,10,80,0,0,,>B,,0,0,0,0,empty,NO_COMPATIBLE_HISTORY|NO_TARGET_FAILURE_IN_POOL
cross_agent_HistoryRank-UCB-v2_mobil_to_next,mobil_ref_v2,HistoryRank-UCB-v2,0,20,20,80,0,0,,>B,,0,0,0,0,empty,NO_COMPATIBLE_HISTORY|NO_TARGET_FAILURE_IN_POOL
cross_agent_HistoryRank-UCB-v2_ppo_ref_after_mobil,ppo_ref_v2,HistoryRank-UCB-v2,0,1,1,80,19,0,2,2,0.0,20,20,0,0,pass_only,PASS_ONLY_HISTORY
cross_agent_HistoryRank-UCB-v2_ppo_ref_after_mobil,ppo_ref_v2,HistoryRank-UCB-v2,0,5,5,80,19,2,2,2,0.10526315789473684,20,20,0,0,pass_only,PASS_ONLY_HISTORY
cross_agent_HistoryRank-UCB-v2_ppo_ref_after_mobil,ppo_ref_v2,HistoryRank-UCB-v2,0,10,10,80,19,5,2,2,0.2631578947368421,20,20,0,0,pass_only,PASS_ONLY_HISTORY
cross_agent_HistoryRank-UCB-v2_ppo_ref_after_mobil,ppo_ref_v2,HistoryRank-UCB-v2,0,20,20,80,19,12,2,2,0.631578947368421,20,20,0,0,pass_only,PASS_ONLY_HISTORY
cross_agent_FailureDistance-v2_mobil_to_next,mobil_ref_v2,FailureDistance-v2,0,1,1,80,0,0,,>B,,0,0,0,0,empty,NO_COMPATIBLE_HISTORY|NO_TARGET_FAILURE_IN_POOL
cross_agent_FailureDistance-v2_mobil_to_next,mobil_ref_v2,FailureDistance-v2,0,5,5,80,0,0,,>B,,0,0,0,0,empty,NO_COMPATIBLE_HISTORY|NO_TARGET_FAILURE_IN_POOL
cross_agent_FailureDistance-v2_mobil_to_next,mobil_ref_v2,FailureDistance-v2,0,10,10,80,0,0,,>B,,0,0,0,0,empty,NO_COMPATIBLE_HISTORY|NO_TARGET_FAILURE_IN_POOL
cross_agent_FailureDistance-v2_mobil_to_next,mobil_ref_v2,FailureDistance-v2,0,20,20,80,0,0,,>B,,0,0,0,0,empty,NO_COMPATIBLE_HISTORY|NO_TARGET_FAILURE_IN_POOL
cross_agent_FailureDistance-v2_ppo_ref_after_mobil,ppo_ref_v2,FailureDistance-v2,0,1,1,80,19,0,5,5,0.0,20,20,0,0,pass_only,PASS_ONLY_HISTORY
cross_agent_FailureDistance-v2_ppo_ref_after_mobil,ppo_ref_v2,FailureDistance-v2,0,5,5,80,19,1,5,5,0.05263157894736842,20,20,0,0,pass_only,PASS_ONLY_HISTORY
cross_agent_FailureDistance-v2_ppo_ref_after_mobil,ppo_ref_v2,FailureDistance-v2,0,10,10,80,19,5,5,5,0.2631578947368421,20,20,0,0,pass_only,PASS_ONLY_HISTORY
cross_agent_FailureDistance-v2_ppo_ref_after_mobil,ppo_ref_v2,FailureDistance-v2,0,20,20,80,19,15,5,5,0.7894736842105263,20,20,0,0,pass_only,PASS_ONLY_HISTORY
cross_agent_FBRT-NoMemory_mobil_to_next,mobil_ref_v2,FBRT-NoMemory,0,1,1,80,0,0,,>B,,0,0,0,0,empty,NO_COMPATIBLE_HISTORY|NO_TARGET_FAILURE_IN_POOL
cross_agent_FBRT-NoMemory_mobil_to_next,mobil_ref_v2,FBRT-NoMemory,0,5,5,80,0,0,,>B,,0,0,0,0,empty,NO_COMPATIBLE_HISTORY|NO_TARGET_FAILURE_IN_POOL
cross_agent_FBRT-NoMemory_mobil_to_next,mobil_ref_v2,FBRT-NoMemory,0,10,10,80,0,0,,>B,,0,0,0,0,empty,NO_COMPATIBLE_HISTORY|NO_TARGET_FAILURE_IN_POOL
cross_agent_FBRT-NoMemory_mobil_to_next,mobil_ref_v2,FBRT-NoMemory,0,20,20,80,0,0,,>B,,0,0,0,0,empty,NO_COMPATIBLE_HISTORY|NO_TARGET_FAILURE_IN_POOL
cross_agent_FBRT-NoMemory_ppo_ref_after_mobil,ppo_ref_v2,FBRT-NoMemory,0,1,1,80,19,0,2,2,0.0,20,20,0,0,pass_only,PASS_ONLY_HISTORY
cross_agent_FBRT-NoMemory_ppo_ref_after_mobil,ppo_ref_v2,FBRT-NoMemory,0,5,5,80,19,4,2,2,0.21052631578947367,20,20,0,0,pass_only,PASS_ONLY_HISTORY
cross_agent_FBRT-NoMemory_ppo_ref_after_mobil,ppo_ref_v2,FBRT-NoMemory,0,10,10,80,19,8,2,2,0.42105263157894735,20,20,0,0,pass_only,PASS_ONLY_HISTORY
cross_agent_FBRT-NoMemory_ppo_ref_after_mobil,ppo_ref_v2,FBRT-NoMemory,0,20,20,80,19,17,2,2,0.8947368421052632,20,20,0,0,pass_only,PASS_ONLY_HISTORY
cross_agent_FBRT-Memory_mobil_to_next,mobil_ref_v2,FBRT-Memory,0,1,1,80,0,0,,>B,,0,0,0,0,empty,NO_COMPATIBLE_HISTORY|NO_TARGET_FAILURE_IN_POOL
cross_agent_FBRT-Memory_mobil_to_next,mobil_ref_v2,FBRT-Memory,0,5,5,80,0,0,,>B,,0,0,0,0,empty,NO_COMPATIBLE_HISTORY|NO_TARGET_FAILURE_IN_POOL
cross_agent_FBRT-Memory_mobil_to_next,mobil_ref_v2,FBRT-Memory,0,10,10,80,0,0,,>B,,0,0,0,0,empty,NO_COMPATIBLE_HISTORY|NO_TARGET_FAILURE_IN_POOL
cross_agent_FBRT-Memory_mobil_to_next,mobil_ref_v2,FBRT-Memory,0,20,20,80,0,0,,>B,,0,0,0,0,empty,NO_COMPATIBLE_HISTORY|NO_TARGET_FAILURE_IN_POOL
cross_agent_FBRT-Memory_ppo_ref_after_mobil,ppo_ref_v2,FBRT-Memory,0,1,1,80,19,0,6,6,0.0,20,20,0,0,pass_only,PASS_ONLY_HISTORY
cross_agent_FBRT-Memory_ppo_ref_after_mobil,ppo_ref_v2,FBRT-Memory,0,5,5,80,19,0,6,6,0.0,20,20,0,0,pass_only,PASS_ONLY_HISTORY
cross_agent_FBRT-Memory_ppo_ref_after_mobil,ppo_ref_v2,FBRT-Memory,0,10,10,80,19,4,6,6,0.21052631578947367,20,20,0,0,pass_only,PASS_ONLY_HISTORY
cross_agent_FBRT-Memory_ppo_ref_after_mobil,ppo_ref_v2,FBRT-Memory,0,20,20,80,19,13,6,6,0.6842105263157895,20,20,0,0,pass_only,PASS_ONLY_HISTORY
